ISO-10303-21;
HEADER;
FILE_DESCRIPTION (( 'STEP AP214' ),
    '1' );
FILE_NAME ('Back cover.STEP',
    '2026-06-11T14:51:08',
    ( '' ),
    ( '' ),
    'SwSTEP 2.0',
    'SolidWorks 2025',
    '' );
FILE_SCHEMA (( 'AUTOMOTIVE_DESIGN' ));
ENDSEC;

DATA;
#1 = CARTESIAN_POINT ( 'NONE',  ( -27.00000000000001066, 20.00000000000000000, 88.04999999999999716 ) ) ;
#2 = ORIENTED_EDGE ( 'NONE', *, *, #542, .T. ) ;
#3 = PRODUCT ( 'Back cover', 'Back cover', '', ( #371 ) ) ;
#4 = CARTESIAN_POINT ( 'NONE',  ( 50.37339357852934540, 0.6038407041789147778, -45.24025349636275450 ) ) ;
#5 = DIRECTION ( 'NONE',  ( -1.000000000000000000, 0.000000000000000000, -8.673617379884036458E-16 ) ) ;
#6 = ORIENTED_EDGE ( 'NONE', *, *, #551, .F. ) ;
#7 = CARTESIAN_POINT ( 'NONE',  ( 11.93237089457612221, 20.00000000000000000, -27.51279221977944189 ) ) ;
#8 = CIRCLE ( 'NONE', #1535, 200.0000000000000000 ) ;
#9 = EDGE_CURVE ( 'NONE', #537, #1112, #8, .T. ) ;
#10 = VECTOR ( 'NONE', #446, 1000.000000000000000 ) ;
#11 = EDGE_LOOP ( 'NONE', ( #503, #699, #292, #1755, #283, #600 ) ) ;
#12 = EDGE_CURVE ( 'NONE', #1226, #955, #610, .T. ) ;
#13 = CARTESIAN_POINT ( 'NONE',  ( -20.50000000000000711, 17.34314575050762031, -37.50000000000000000 ) ) ;
#14 = AXIS2_PLACEMENT_3D ( 'NONE', #1740, #953, #237 ) ;
#15 = VERTEX_POINT ( 'NONE', #775 ) ;
#16 = CARTESIAN_POINT ( 'NONE',  ( -9.821100145700523624E-15, 20.00000000000000000, -102.3100000000000165 ) ) ;
#17 = CARTESIAN_POINT ( 'NONE',  ( -49.50000000000001421, 6.979591836734678090, -45.99999999999998579 ) ) ;
#18 = ORIENTED_EDGE ( 'NONE', *, *, #984, .F. ) ;
#19 = LINE ( 'NONE', #482, #431 ) ;
#20 = CARTESIAN_POINT ( 'NONE',  ( 47.70614856872925458, 7.784994520162372922, -47.65816069128032240 ) ) ;
#21 = ORIENTED_EDGE ( 'NONE', *, *, #1311, .F. ) ;
#22 = CARTESIAN_POINT ( 'NONE',  ( -20.50000000000000711, 17.34314575050762031, 37.50000000000000000 ) ) ;
#23 = VERTEX_POINT ( 'NONE', #1081 ) ;
#24 = EDGE_CURVE ( 'NONE', #420, #288, #1283, .T. ) ;
#25 = CARTESIAN_POINT ( 'NONE',  ( 52.36496773011859318, 1.218212642660442047, -41.44617482304013123 ) ) ;
#26 = CARTESIAN_POINT ( 'NONE',  ( -2.343145750507605651, 19.00000000000000000, 35.84314575050761675 ) ) ;
#27 = CARTESIAN_POINT ( 'NONE',  ( 17.60126376615681920, 19.99999999999999289, 70.38684857933520789 ) ) ;
#28 = CARTESIAN_POINT ( 'NONE',  ( -20.50000000000000711, 19.00000000000000000, 33.50000000000000000 ) ) ;
#29 = CARTESIAN_POINT ( 'NONE',  ( 45.54499999999999460, 20.00000000000000000, -28.00000000000001066 ) ) ;
#30 = LINE ( 'NONE', #908, #966 ) ;
#31 = ORIENTED_EDGE ( 'NONE', *, *, #415, .F. ) ;
#32 = EDGE_CURVE ( 'NONE', #836, #1190, #1544, .T. ) ;
#33 = CARTESIAN_POINT ( 'NONE',  ( 28.31598700792975620, 16.49078134337849022, 81.10157182110827989 ) ) ;
#34 = CARTESIAN_POINT ( 'NONE',  ( 1.387778780781445676E-14, 19.00000000000000000, 33.50000000000000000 ) ) ;
#35 = EDGE_CURVE ( 'NONE', #1553, #1034, #1450, .T. ) ;
#36 = ORIENTED_EDGE ( 'NONE', *, *, #680, .T. ) ;
#37 = DIRECTION ( 'NONE',  ( 0.000000000000000000, 0.9063077870366527122, -0.4226182617406935571 ) ) ;
#38 = DIRECTION ( 'NONE',  ( -0.000000000000000000, -1.000000000000000000, 0.000000000000000000 ) ) ;
#39 = AXIS2_PLACEMENT_3D ( 'NONE', #305, #1393, #1098 ) ;
#40 = VECTOR ( 'NONE', #1959, 1000.000000000000114 ) ;
#41 = EDGE_LOOP ( 'NONE', ( #1022, #570, #79, #119 ) ) ;
#42 = CIRCLE ( 'NONE', #1938, 3.049999999999997158 ) ;
#43 = VECTOR ( 'NONE', #709, 1000.000000000000000 ) ;
#44 = CARTESIAN_POINT ( 'NONE',  ( 49.95396534434856051, 0.5030574620096431859, -45.63842554468143220 ) ) ;
#45 = CARTESIAN_POINT ( 'NONE',  ( 20.49999999999999289, 4.000000000000000000, 0.000000000000000000 ) ) ;
#46 = ADVANCED_FACE ( 'NONE', ( #1458 ), #701, .T. ) ;
#47 = ORIENTED_EDGE ( 'NONE', *, *, #1792, .T. ) ;
#48 = DIRECTION ( 'NONE',  ( 0.000000000000000000, 0.4226182617406935571, 0.9063077870366527122 ) ) ;
#49 =( LENGTH_UNIT ( ) NAMED_UNIT ( * ) SI_UNIT ( .MILLI., .METRE. ) );
#50 = ADVANCED_FACE ( 'NONE', ( #960 ), #1269, .F. ) ;
#51 = CARTESIAN_POINT ( 'NONE',  ( -47.73121898992615542, 0.1255984250331329266, -41.36889564258027718 ) ) ;
#52 = VERTEX_POINT ( 'NONE', #852 ) ;
#53 = CARTESIAN_POINT ( 'NONE',  ( 45.95307772791934298, 0.001103049108926988349, -29.15032922843652941 ) ) ;
#54 = CARTESIAN_POINT ( 'NONE',  ( -41.10100626588253192, 10.75056861531804842, 93.42121182870114637 ) ) ;
#55 = CARTESIAN_POINT ( 'NONE',  ( 20.49999999999999289, 19.00000000000000000, -37.50000000000000000 ) ) ;
#56 = FACE_OUTER_BOUND ( 'NONE', #1534, .T. ) ;
#57 = CARTESIAN_POINT ( 'NONE',  ( -20.50000000000000711, 15.00000000000000000, -37.50000000000000000 ) ) ;
#58 = EDGE_CURVE ( 'NONE', #1434, #1057, #548, .T. ) ;
#59 = DIRECTION ( 'NONE',  ( 0.000000000000000000, -0.000000000000000000, -1.000000000000000000 ) ) ;
#60 = EDGE_LOOP ( 'NONE', ( #149, #1506, #565, #1523 ) ) ;
#61 = CARTESIAN_POINT ( 'NONE',  ( -27.00000000000001066, 20.00000000000000000, 85.00000000000000000 ) ) ;
#62 = DIRECTION ( 'NONE',  ( -1.000000000000000000, 0.000000000000000000, 0.000000000000000000 ) ) ;
#63 = ORIENTED_EDGE ( 'NONE', *, *, #573, .T. ) ;
#64 = CYLINDRICAL_SURFACE ( 'NONE', #773, 200.0000000000000000 ) ;
#65 = CARTESIAN_POINT ( 'NONE',  ( 45.54499999999999460, 20.00000000000000000, 0.000000000000000000 ) ) ;
#66 = DIRECTION ( 'NONE',  ( -0.000000000000000000, -1.000000000000000000, -0.000000000000000000 ) ) ;
#67 = ADVANCED_FACE ( 'NONE', ( #1118 ), #1876, .T. ) ;
#68 = ORIENTED_EDGE ( 'NONE', *, *, #1510, .F. ) ;
#69 = EDGE_CURVE ( 'NONE', #1392, #858, #1138, .T. ) ;
#70 = AXIS2_PLACEMENT_3D ( 'NONE', #577, #275, #1175 ) ;
#71 =( BOUNDED_CURVE ( )  B_SPLINE_CURVE ( 3, ( #1839, #952, #1101, #1698 ),
 .UNSPECIFIED., .F., .F. ) 
 B_SPLINE_CURVE_WITH_KNOTS ( ( 4, 4 ),
 ( 6.076205582072752520, 6.490165032286419944 ),
 .UNSPECIFIED. ) 
 CURVE ( )  GEOMETRIC_REPRESENTATION_ITEM ( )  RATIONAL_B_SPLINE_CURVE ( ( 1.000000000000000000, 0.9857707060956704126, 0.9857707060956704126, 1.000000000000000000 ) ) 
 REPRESENTATION_ITEM ( '' )  );
#72 = CARTESIAN_POINT ( 'NONE',  ( 11.93237089457612221, 20.00000000000000000, 64.71795570775451267 ) ) ;
#73 = DIRECTION ( 'NONE',  ( -0.000000000000000000, -1.000000000000000000, -0.000000000000000000 ) ) ;
#74 = CIRCLE ( 'NONE', #677, 3.049999999999997158 ) ;
#75 = AXIS2_PLACEMENT_3D ( 'NONE', #84, #1748, #1119 ) ;
#76 = DIRECTION ( 'NONE',  ( 1.000000000000000000, 0.000000000000000000, 0.000000000000000000 ) ) ;
#77 = CARTESIAN_POINT ( 'NONE',  ( -45.54500000000000171, 20.00000000000000000, 4.931309051342663575E-15 ) ) ;
#78 = DIRECTION ( 'NONE',  ( -1.000000000000000000, 0.000000000000000000, 0.000000000000000000 ) ) ;
#79 = ORIENTED_EDGE ( 'NONE', *, *, #1399, .T. ) ;
#80 = CARTESIAN_POINT ( 'NONE',  ( 49.50000000000001421, 0.4058606508031241678, -34.00000000000001421 ) ) ;
#81 = LINE ( 'NONE', #213, #1543 ) ;
#82 = EDGE_CURVE ( 'NONE', #280, #1494, #1739, .T. ) ;
#83 = LINE ( 'NONE', #55, #331 ) ;
#84 = CARTESIAN_POINT ( 'NONE',  ( 0.000000000000000000, 19.00000000000000000, 37.50000000000000000 ) ) ;
#85 = CARTESIAN_POINT ( 'NONE',  ( 4.000000000000014211, 4.000000000000000000, 37.50000000000000000 ) ) ;
#86 = VERTEX_POINT ( 'NONE', #369 ) ;
#87 = CARTESIAN_POINT ( 'NONE',  ( 47.73121898992616963, 0.1255984250331377006, -41.36889564258028429 ) ) ;
#88 = DIRECTION ( 'NONE',  ( -0.000000000000000000, -1.000000000000000000, 0.000000000000000000 ) ) ;
#89 = VERTEX_POINT ( 'NONE', #1147 ) ;
#90 = ADVANCED_FACE ( 'NONE', ( #980 ), #972, .T. ) ;
#91 = CARTESIAN_POINT ( 'NONE',  ( -20.50000000000000711, 19.00000000000000000, 0.000000000000000000 ) ) ;
#92 = CARTESIAN_POINT ( 'NONE',  ( -3.999999999999986233, 4.000000000000000000, 37.50000000000000000 ) ) ;
#93 = CARTESIAN_POINT ( 'NONE',  ( 0.000000000000000000, 0.000000000000000000, 0.000000000000000000 ) ) ;
#94 = EDGE_CURVE ( 'NONE', #412, #661, #83, .T. ) ;
#95 = CARTESIAN_POINT ( 'NONE',  ( -46.22500738277399535, 0.01271616963021305301, -37.20124174803282102 ) ) ;
#96 = EDGE_LOOP ( 'NONE', ( #943, #758, #926, #1354 ) ) ;
#97 = CARTESIAN_POINT ( 'NONE',  ( 48.03468712705039678, 0.1623291281818141918, -39.64752727203583760 ) ) ;
#98 = CARTESIAN_POINT ( 'NONE',  ( -50.57256778127486285, 0.6553159928206152562, -45.02793864638726262 ) ) ;
#99 = ORIENTED_EDGE ( 'NONE', *, *, #1011, .F. ) ;
#100 = VECTOR ( 'NONE', #1245, 1000.000000000000000 ) ;
#101 = CARTESIAN_POINT ( 'NONE',  ( 45.00000000000000000, 20.00000000000000000, -40.00000000000000000 ) ) ;
#102 = ADVANCED_FACE ( 'NONE', ( #664 ), #823, .F. ) ;
#103 = AXIS2_PLACEMENT_3D ( 'NONE', #754, #276, #418 ) ;
#104 = ORIENTED_EDGE ( 'NONE', *, *, #279, .F. ) ;
#105 = CARTESIAN_POINT ( 'NONE',  ( -45.54500000000000171, 0.000000000000000000, 4.931309051342663575E-15 ) ) ;
#106 = VECTOR ( 'NONE', #1056, 1000.000000000000000 ) ;
#107 = APPLICATION_CONTEXT ( 'automotive_design' ) ;
#108 = EDGE_CURVE ( 'NONE', #238, #1403, #243, .T. ) ;
#109 = ORIENTED_EDGE ( 'NONE', *, *, #827, .F. ) ;
#110 = LINE ( 'NONE', #719, #1282 ) ;
#111 = CARTESIAN_POINT ( 'NONE',  ( -7.999999999999988454, 0.000000000000000000, 45.50000000000000000 ) ) ;
#112 = ORIENTED_EDGE ( 'NONE', *, *, #921, .T. ) ;
#113 =( BOUNDED_CURVE ( )  B_SPLINE_CURVE ( 3, ( #1711, #20, #483, #1830 ),
 .UNSPECIFIED., .F., .T. ) 
 B_SPLINE_CURVE_WITH_KNOTS ( ( 4, 4 ),
 ( 2.316906992128697329, 2.800693700651565088 ),
 .UNSPECIFIED. ) 
 CURVE ( )  GEOMETRIC_REPRESENTATION_ITEM ( )  RATIONAL_B_SPLINE_CURVE ( ( 1.000000000000000000, 0.9805907858794921106, 0.9805907858794921106, 1.000000000000000000 ) ) 
 REPRESENTATION_ITEM ( '' )  );
#114 = DIRECTION ( 'NONE',  ( 0.4095904028338406833, -0.9122695335844621667, 0.000000000000000000 ) ) ;
#115 = DIRECTION ( 'NONE',  ( 0.000000000000000000, 0.000000000000000000, 1.000000000000000000 ) ) ;
#116 = ORIENTED_EDGE ( 'NONE', *, *, #1015, .F. ) ;
#117 = FACE_OUTER_BOUND ( 'NONE', #1250, .T. ) ;
#118 = EDGE_CURVE ( 'NONE', #1780, #1065, #199, .T. ) ;
#119 = ORIENTED_EDGE ( 'NONE', *, *, #1948, .T. ) ;
#120 = CARTESIAN_POINT ( 'NONE',  ( -45.54500000000000881, 8.755306122448969219, -60.49490256491693430 ) ) ;
#121 = CARTESIAN_POINT ( 'NONE',  ( -45.00000000000000000, 6.200000000000000178, -36.95000000000000284 ) ) ;
#122 = ORIENTED_EDGE ( 'NONE', *, *, #800, .F. ) ;
#123 = FACE_OUTER_BOUND ( 'NONE', #1356, .T. ) ;
#124 = CARTESIAN_POINT ( 'NONE',  ( 1.387778780781445676E-14, 19.00000000000000000, 37.49999999999999289 ) ) ;
#125 = VERTEX_POINT ( 'NONE', #1903 ) ;
#126 = DIRECTION ( 'NONE',  ( -0.000000000000000000, -1.000000000000000000, -0.000000000000000000 ) ) ;
#127 = ORIENTED_EDGE ( 'NONE', *, *, #680, .F. ) ;
#128 = ADVANCED_FACE ( 'NONE', ( #1302 ), #64, .F. ) ;
#129 = CARTESIAN_POINT ( 'NONE',  ( 2.343145750507632741, 19.00000000000000000, 35.84314575050761675 ) ) ;
#130 = CARTESIAN_POINT ( 'NONE',  ( -52.43135247734640814, 1.242217215923980600, -38.82969917261202397 ) ) ;
#131 = ORIENTED_EDGE ( 'NONE', *, *, #744, .T. ) ;
#132 = EDGE_CURVE ( 'NONE', #572, #756, #1216, .T. ) ;
#133 = DIRECTION ( 'NONE',  ( -1.000000000000000000, -0.000000000000000000, -0.000000000000000000 ) ) ;
#134 = DIRECTION ( 'NONE',  ( 0.000000000000000000, 1.000000000000000000, -0.000000000000000000 ) ) ;
#135 = VECTOR ( 'NONE', #1435, 1000.000000000000000 ) ;
#136 = AXIS2_PLACEMENT_3D ( 'NONE', #258, #1193, #1773 ) ;
#137 =( BOUNDED_CURVE ( )  B_SPLINE_CURVE ( 3, ( #356, #505, #1678, #793 ),
 .UNSPECIFIED., .F., .T. ) 
 B_SPLINE_CURVE_WITH_KNOTS ( ( 4, 4 ),
 ( 4.712388980384689674, 6.283185307179586232 ),
 .UNSPECIFIED. ) 
 CURVE ( )  GEOMETRIC_REPRESENTATION_ITEM ( )  RATIONAL_B_SPLINE_CURVE ( ( 1.000000000000000000, 0.8047378541243649375, 0.8047378541243649375, 1.000000000000000000 ) ) 
 REPRESENTATION_ITEM ( '' )  );
#138 = ORIENTED_EDGE ( 'NONE', *, *, #1338, .T. ) ;
#139 = CARTESIAN_POINT ( 'NONE',  ( 17.60126376615681920, 19.99999999999999645, -33.18168509136013000 ) ) ;
#140 = VECTOR ( 'NONE', #1509, 1000.000000000000000 ) ;
#141 = EDGE_LOOP ( 'NONE', ( #304, #1784, #377, #1770 ) ) ;
#142 = AXIS2_PLACEMENT_3D ( 'NONE', #329, #38, #1415 ) ;
#143 = LINE ( 'NONE', #467, #428 ) ;
#144 = CARTESIAN_POINT ( 'NONE',  ( -52.41568023100839468, 1.236950674338239020, -41.15927759113287721 ) ) ;
#145 = VERTEX_POINT ( 'NONE', #539 ) ;
#146 = EDGE_CURVE ( 'NONE', #1901, #145, #1466, .T. ) ;
#147 = CARTESIAN_POINT ( 'NONE',  ( 46.49144656010282262, 0.01386057163587281482, -49.77134887053884427 ) ) ;
#148 = CARTESIAN_POINT ( 'NONE',  ( -9.821100145700523624E-15, 0.000000000000000000, -102.3100000000000165 ) ) ;
#149 = ORIENTED_EDGE ( 'NONE', *, *, #859, .F. ) ;
#150 = CARTESIAN_POINT ( 'NONE',  ( 28.31598700792975620, 16.49078134337849022, -43.89640833313321622 ) ) ;
#151 = ORIENTED_EDGE ( 'NONE', *, *, #631, .T. ) ;
#152 = CARTESIAN_POINT ( 'NONE',  ( 16.49999999999999289, 19.00000000000000000, -33.50000000000000000 ) ) ;
#153 = CARTESIAN_POINT ( 'NONE',  ( -20.50000000000000711, 15.00000000000000000, 37.50000000000000000 ) ) ;
#154 = ORIENTED_EDGE ( 'NONE', *, *, #444, .F. ) ;
#155 = CARTESIAN_POINT ( 'NONE',  ( -45.54499999999999460, 8.755306122448978101, 72.93364296703640548 ) ) ;
#156 = CARTESIAN_POINT ( 'NONE',  ( -45.00000000000000000, 20.00000000000000000, -40.00000000000000000 ) ) ;
#157 = ORIENTED_EDGE ( 'NONE', *, *, #1960, .F. ) ;
#158 = DIRECTION ( 'NONE',  ( 1.000000000000000000, -0.000000000000000000, 2.168404344971010594E-16 ) ) ;
#159 = ADVANCED_FACE ( 'NONE', ( #1653 ), #409, .F. ) ;
#160 = ORIENTED_EDGE ( 'NONE', *, *, #35, .F. ) ;
#161 = CARTESIAN_POINT ( 'NONE',  ( -45.89647666257478420, 0.0009500543473547224402, -42.93708018023477280 ) ) ;
#162 = CARTESIAN_POINT ( 'NONE',  ( 24.49999999999999289, 0.000000000000000000, 41.49999999999999289 ) ) ;
#163 = VERTEX_POINT ( 'NONE', #1790 ) ;
#164 = CARTESIAN_POINT ( 'NONE',  ( -16.50000000000000711, 15.00000000000000000, 0.000000000000000000 ) ) ;
#165 = CARTESIAN_POINT ( 'NONE',  ( 20.49999999999999289, 0.000000000000000000, 41.49999999999999289 ) ) ;
#166 = ORIENTED_EDGE ( 'NONE', *, *, #1043, .T. ) ;
#167 = DIRECTION ( 'NONE',  ( 0.000000000000000000, 0.000000000000000000, 1.000000000000000000 ) ) ;
#168 = ADVANCED_FACE ( 'NONE', ( #606 ), #417, .F. ) ;
#169 = CIRCLE ( 'NONE', #1629, 3.049999999999997158 ) ;
#170 = ORIENTED_EDGE ( 'NONE', *, *, #490, .T. ) ;
#171 = LINE ( 'NONE', #312, #172 ) ;
#172 = VECTOR ( 'NONE', #917, 1000.000000000000000 ) ;
#173 = ORIENTED_EDGE ( 'NONE', *, *, #1667, .F. ) ;
#174 = LINE ( 'NONE', #458, #460 ) ;
#175 = LINE ( 'NONE', #1384, #1602 ) ;
#176 = CARTESIAN_POINT ( 'NONE',  ( 11.93237089457612221, 20.00000000000000000, 64.71795570775451267 ) ) ;
#177 = DIRECTION ( 'NONE',  ( -1.000000000000000000, -0.000000000000000000, 0.000000000000000000 ) ) ;
#178 = VERTEX_POINT ( 'NONE', #1799 ) ;
#179 = EDGE_CURVE ( 'NONE', #412, #1901, #1946, .T. ) ;
#180 = CARTESIAN_POINT ( 'NONE',  ( -73.54495633554616063, 20.00000000000000000, 72.88419392752790316 ) ) ;
#181 = EDGE_LOOP ( 'NONE', ( #1278, #36, #1885, #864 ) ) ;
#182 = EDGE_CURVE ( 'NONE', #469, #1434, #1496, .T. ) ;
#183 = DIRECTION ( 'NONE',  ( -1.000000000000000000, 0.000000000000000000, 0.000000000000000000 ) ) ;
#184 = CARTESIAN_POINT ( 'NONE',  ( -45.54500000000003723, 0.000000000000000000, -36.99908763873402506 ) ) ;
#185 = CARTESIAN_POINT ( 'NONE',  ( -6.938893903907228378E-15, 0.000000000000000000, -255.2400000000000091 ) ) ;
#186 = DIRECTION ( 'NONE',  ( 0.000000000000000000, 1.000000000000000000, -0.000000000000000000 ) ) ;
#187 = LINE ( 'NONE', #320, #747 ) ;
#188 =( BOUNDED_CURVE ( )  B_SPLINE_CURVE ( 3, ( #633, #1701, #1370, #1218 ),
 .UNSPECIFIED., .F., .T. ) 
 B_SPLINE_CURVE_WITH_KNOTS ( ( 4, 4 ),
 ( 0.000000000000000000, 1.570796326794896558 ),
 .UNSPECIFIED. ) 
 CURVE ( )  GEOMETRIC_REPRESENTATION_ITEM ( )  RATIONAL_B_SPLINE_CURVE ( ( 1.000000000000000000, 0.8047378541243649375, 0.8047378541243649375, 1.000000000000000000 ) ) 
 REPRESENTATION_ITEM ( '' )  );
#189 = CYLINDRICAL_SURFACE ( 'NONE', #1604, 27.99999999999998934 ) ;
#190 = VERTEX_POINT ( 'NONE', #429 ) ;
#191 = CARTESIAN_POINT ( 'NONE',  ( 52.49918384843996222, 1.268015358387212466, -39.40667812269288817 ) ) ;
#192 = DIRECTION ( 'NONE',  ( -0.000000000000000000, -1.000000000000000000, -0.000000000000000000 ) ) ;
#193 = ADVANCED_FACE ( 'NONE', ( #1768 ), #568, .F. ) ;
#194 = ORIENTED_EDGE ( 'NONE', *, *, #35, .T. ) ;
#195 = SURFACE_SIDE_STYLE ('',( #1232 ) ) ;
#196 = CARTESIAN_POINT ( 'NONE',  ( -47.55576590509701873, 0.1066044913953861639, -41.67376613944488639 ) ) ;
#197 = AXIS2_PLACEMENT_3D ( 'NONE', #91, #76, #814 ) ;
#198 = VECTOR ( 'NONE', #1066, 1000.000000000000000 ) ;
#199 =( BOUNDED_CURVE ( )  B_SPLINE_CURVE ( 3, ( #1747, #988, #674, #1438 ),
 .UNSPECIFIED., .F., .T. ) 
 B_SPLINE_CURVE_WITH_KNOTS ( ( 4, 4 ),
 ( 4.712388980384689674, 6.283185307179586232 ),
 .UNSPECIFIED. ) 
 CURVE ( )  GEOMETRIC_REPRESENTATION_ITEM ( )  RATIONAL_B_SPLINE_CURVE ( ( 1.000000000000000000, 0.8047378541243649375, 0.8047378541243649375, 1.000000000000000000 ) ) 
 REPRESENTATION_ITEM ( '' )  );
#200 = VERTEX_POINT ( 'NONE', #742 ) ;
#201 = AXIS2_PLACEMENT_3D ( 'NONE', #392, #975, #1427 ) ;
#202 = CARTESIAN_POINT ( 'NONE',  ( 15.45233505029913168, 12.03707030392639155, -53.45713656625812860 ) ) ;
#203 = CARTESIAN_POINT ( 'NONE',  ( -45.00000000000000000, 20.00000000000000000, -43.04999999999999716 ) ) ;
#204 = EDGE_CURVE ( 'NONE', #1403, #1812, #1243, .T. ) ;
#205 = CARTESIAN_POINT ( 'NONE',  ( -59.68181743159492925, 20.00000000000000000, -22.98498325967364408 ) ) ;
#206 = CARTESIAN_POINT ( 'NONE',  ( -49.50000000000003553, 6.979591836734668320, -34.00000000000002842 ) ) ;
#207 =( NAMED_UNIT ( * ) SI_UNIT ( $, .STERADIAN. ) SOLID_ANGLE_UNIT ( ) );
#208 = CARTESIAN_POINT ( 'NONE',  ( 45.00000000000000000, 0.000000000000000000, -40.00000000000000000 ) ) ;
#209 = CARTESIAN_POINT ( 'NONE',  ( -47.70614856872926168, 7.784994520162365816, -47.65816069128033661 ) ) ;
#210 = ORIENTED_EDGE ( 'NONE', *, *, #32, .T. ) ;
#211 =( BOUNDED_CURVE ( )  B_SPLINE_CURVE ( 3, ( #57, #13, #613, #622 ),
 .UNSPECIFIED., .F., .T. ) 
 B_SPLINE_CURVE_WITH_KNOTS ( ( 4, 4 ),
 ( 0.000000000000000000, 1.570796326794896558 ),
 .UNSPECIFIED. ) 
 CURVE ( )  GEOMETRIC_REPRESENTATION_ITEM ( )  RATIONAL_B_SPLINE_CURVE ( ( 1.000000000000000000, 0.8047378541243649375, 0.8047378541243649375, 1.000000000000000000 ) ) 
 REPRESENTATION_ITEM ( '' )  );
#212 = CARTESIAN_POINT ( 'NONE',  ( -45.54500000000000881, 8.755306122448969219, -60.49490256491693430 ) ) ;
#213 = CARTESIAN_POINT ( 'NONE',  ( 0.000000000000000000, 20.00000000000000000, -27.51279221977944189 ) ) ;
#214 = ORIENTED_EDGE ( 'NONE', *, *, #1896, .F. ) ;
#215 = DIRECTION ( 'NONE',  ( 0.000000000000000000, 0.000000000000000000, -1.000000000000000000 ) ) ;
#216 = DIRECTION ( 'NONE',  ( 0.000000000000000000, -0.4226182617406936681, 0.9063077870366526012 ) ) ;
#217 = APPLICATION_PROTOCOL_DEFINITION ( 'draft international standard', 'automotive_design', 1998, #107 ) ;
#218 = CARTESIAN_POINT ( 'NONE',  ( -47.80706444923173137, 0.1343975589694959560, -38.79408574712810065 ) ) ;
#219 = ADVANCED_FACE ( 'NONE', ( #1196 ), #1038, .F. ) ;
#220 = CARTESIAN_POINT ( 'NONE',  ( 28.31598700792975620, 16.49078134337849022, 73.58574221347217303 ) ) ;
#221 = VERTEX_POINT ( 'NONE', #1955 ) ;
#222 = CARTESIAN_POINT ( 'NONE',  ( 47.10204611176116174, 0.06446897167970457032, -42.21693953532523125 ) ) ;
#223 = LINE ( 'NONE', #830, #1664 ) ;
#224 = CARTESIAN_POINT ( 'NONE',  ( 45.00000000000000000, 20.00000000000000000, -43.04999999999999716 ) ) ;
#225 = FACE_OUTER_BOUND ( 'NONE', #1027, .T. ) ;
#226 =( BOUNDED_CURVE ( )  B_SPLINE_CURVE ( 3, ( #1797, #1347, #595, #1006 ),
 .UNSPECIFIED., .F., .T. ) 
 B_SPLINE_CURVE_WITH_KNOTS ( ( 4, 4 ),
 ( 1.148791296892677005, 1.570796326794896780 ),
 .UNSPECIFIED. ) 
 CURVE ( )  GEOMETRIC_REPRESENTATION_ITEM ( )  RATIONAL_B_SPLINE_CURVE ( ( 1.000000000000000000, 0.9852142927430949104, 0.9852142927430949104, 1.000000000000000000 ) ) 
 REPRESENTATION_ITEM ( '' )  );
#227 = ADVANCED_FACE ( 'NONE', ( #712 ), #1320, .F. ) ;
#228 = LINE ( 'NONE', #1418, #1908 ) ;
#229 = ORIENTED_EDGE ( 'NONE', *, *, #32, .F. ) ;
#230 = CARTESIAN_POINT ( 'NONE',  ( -3.252606517456512671E-14, 15.00000000000000000, 37.49999999999999289 ) ) ;
#231 = DIRECTION ( 'NONE',  ( 0.000000000000000000, 0.000000000000000000, 1.000000000000000000 ) ) ;
#232 = ORIENTED_EDGE ( 'NONE', *, *, #1200, .T. ) ;
#233 = CARTESIAN_POINT ( 'NONE',  ( 45.54499999999999460, 20.00000000000000000, -51.99999999999998579 ) ) ;
#234 = LINE ( 'NONE', #1451, #140 ) ;
#235 = VECTOR ( 'NONE', #1683, 1000.000000000000000 ) ;
#236 = AXIS2_PLACEMENT_3D ( 'NONE', #93, #531, #541 ) ;
#237 = DIRECTION ( 'NONE',  ( 0.000000000000000000, 0.000000000000000000, -1.000000000000000000 ) ) ;
#238 = VERTEX_POINT ( 'NONE', #1624 ) ;
#239 = ADVANCED_FACE ( 'NONE', ( #123 ), #871, .T. ) ;
#240 = PRODUCT_DEFINITION_CONTEXT ( 'detailed design', #107, 'design' ) ;
#241 = LINE ( 'NONE', #999, #649 ) ;
#242 = ADVANCED_FACE ( 'NONE', ( #1634 ), #1478, .F. ) ;
#243 = LINE ( 'NONE', #233, #491 ) ;
#244 = DIRECTION ( 'NONE',  ( 9.912705577010322591E-16, 0.000000000000000000, 1.000000000000000000 ) ) ;
#245 = CARTESIAN_POINT ( 'NONE',  ( -46.38405547593127665, 0.01929468245236470869, -37.27638863550509285 ) ) ;
#246 = ORIENTED_EDGE ( 'NONE', *, *, #1533, .F. ) ;
#247 = ADVANCED_FACE ( 'NONE', ( #880 ), #731, .F. ) ;
#248 = LINE ( 'NONE', #856, #10 ) ;
#249 = CARTESIAN_POINT ( 'NONE',  ( -51.83336206730895412, 1.031733756367003263, -43.10468399907354353 ) ) ;
#250 = ORIENTED_EDGE ( 'NONE', *, *, #899, .T. ) ;
#251 =( BOUNDED_CURVE ( )  B_SPLINE_CURVE ( 3, ( #485, #789, #1824, #1398 ),
 .UNSPECIFIED., .F., .F. ) 
 B_SPLINE_CURVE_WITH_KNOTS ( ( 4, 4 ),
 ( 5.355890089177980151, 7.210480525181194977 ),
 .UNSPECIFIED. ) 
 CURVE ( )  GEOMETRIC_REPRESENTATION_ITEM ( )  RATIONAL_B_SPLINE_CURVE ( ( 1.000000000000000000, 0.7333333333333358350, 0.7333333333333358350, 1.000000000000000000 ) ) 
 REPRESENTATION_ITEM ( '' )  );
#252 = EDGE_CURVE ( 'NONE', #1822, #52, #736, .T. ) ;
#253 = CARTESIAN_POINT ( 'NONE',  ( 45.54499999999999460, 0.000000000000000000, -51.99999999999744205 ) ) ;
#254 = FACE_OUTER_BOUND ( 'NONE', #297, .T. ) ;
#255 = B_SPLINE_CURVE_WITH_KNOTS ( 'NONE', 3,
 ( #897, #1025, #1913, #1765, #1493, #1503, #259, #130, #1614, #273, #1357, #144, #1476, #1953, #1788, #738, #249, #604, #575, #98, #414, #1172, #1318, #1336 ),
 .UNSPECIFIED., .F., .F.,
 ( 4, 2, 2, 2, 2, 2, 2, 2, 2, 2, 2, 4 ),
 ( 0.000000000000000000, 0.001744732140619157084, 0.003489464281238314168, 0.005234196421857471686, 0.006978928562476628336, 0.007851294632786196687, 0.008723660703095763302, 0.009596026773405331653, 0.01046839284371489827, 0.01221312498433405232, 0.01308549105464362067, 0.01395785712495319075 ),
 .UNSPECIFIED. ) ;
#256 = CARTESIAN_POINT ( 'NONE',  ( -49.50000000000003553, 20.00000000000000000, -34.00000000000002842 ) ) ;
#257 = ORIENTED_EDGE ( 'NONE', *, *, #1728, .T. ) ;
#258 = CARTESIAN_POINT ( 'NONE',  ( -45.00000000000000000, 0.000000000000000000, -40.00000000000000000 ) ) ;
#259 = CARTESIAN_POINT ( 'NONE',  ( -52.15876889461203803, 1.143600214608988086, -37.68772156030412646 ) ) ;
#260 = ORIENTED_EDGE ( 'NONE', *, *, #631, .F. ) ;
#261 = VECTOR ( 'NONE', #133, 1000.000000000000000 ) ;
#262 = CIRCLE ( 'NONE', #1123, 3.049999999999997158 ) ;
#263 = CARTESIAN_POINT ( 'NONE',  ( 47.85331613745493939, 0.1359857152711100858, -47.77086497787868780 ) ) ;
#264 = FACE_OUTER_BOUND ( 'NONE', #1576, .T. ) ;
#265 =( BOUNDED_CURVE ( )  B_SPLINE_CURVE ( 3, ( #883, #1489, #601, #309 ),
 .UNSPECIFIED., .F., .F. ) 
 B_SPLINE_CURVE_WITH_KNOTS ( ( 4, 4 ),
 ( 0.000000000000000000, 1.570796326794897446 ),
 .UNSPECIFIED. ) 
 CURVE ( )  GEOMETRIC_REPRESENTATION_ITEM ( )  RATIONAL_B_SPLINE_CURVE ( ( 1.000000000000000000, 0.8047378541243648264, 0.8047378541243648264, 1.000000000000000000 ) ) 
 REPRESENTATION_ITEM ( '' )  );
#266 = ADVANCED_FACE ( 'NONE', ( #784 ), #941, .T. ) ;
#267 = AXIS2_PLACEMENT_3D ( 'NONE', #853, #1721, #832 ) ;
#268 = ORIENTED_EDGE ( 'NONE', *, *, #342, .T. ) ;
#269 = DIRECTION ( 'NONE',  ( 1.000000000000000000, 0.000000000000000000, 0.000000000000000000 ) ) ;
#270 = VECTOR ( 'NONE', #1388, 1000.000000000000000 ) ;
#271 = ORIENTED_EDGE ( 'NONE', *, *, #1200, .F. ) ;
#272 = DIRECTION ( 'NONE',  ( 0.000000000000000000, 0.000000000000000000, 1.000000000000000000 ) ) ;
#273 = CARTESIAN_POINT ( 'NONE',  ( -52.50039724312851064, 1.268469390292086496, -40.28104893874288450 ) ) ;
#274 = EDGE_LOOP ( 'NONE', ( #547, #229, #1210, #1869 ) ) ;
#275 = DIRECTION ( 'NONE',  ( -0.000000000000000000, -1.000000000000000000, -0.000000000000000000 ) ) ;
#276 = DIRECTION ( 'NONE',  ( 1.000000000000000000, 0.000000000000000000, 0.000000000000000000 ) ) ;
#277 = ORIENTED_EDGE ( 'NONE', *, *, #1264, .F. ) ;
#278 = EDGE_CURVE ( 'NONE', #345, #1812, #348, .T. ) ;
#279 = EDGE_CURVE ( 'NONE', #451, #1244, #188, .T. ) ;
#280 = VERTEX_POINT ( 'NONE', #155 ) ;
#281 = CARTESIAN_POINT ( 'NONE',  ( 47.80706444923172427, 0.1343975589694990924, -38.79408574712807223 ) ) ;
#282 = CARTESIAN_POINT ( 'NONE',  ( 46.36172095191157183, 8.388615082815213952, -30.30225253225795967 ) ) ;
#283 = ORIENTED_EDGE ( 'NONE', *, *, #1236, .F. ) ;
#284 = CARTESIAN_POINT ( 'NONE',  ( 0.000000000000000000, -20.00000000000000000, 64.71795570775451267 ) ) ;
#285 = LINE ( 'NONE', #1321, #868 ) ;
#286 = EDGE_LOOP ( 'NONE', ( #1741, #619, #393, #1419, #6, #511, #1727, #472, #271, #1490, #636, #1927, #615, #1935, #170, #885, #1086, #624 ) ) ;
#287 = CARTESIAN_POINT ( 'NONE',  ( -20.50000000000000711, 19.00000000000000000, -37.50000000000000000 ) ) ;
#288 = VERTEX_POINT ( 'NONE', #33 ) ;
#289 = ADVANCED_FACE ( 'NONE', ( #479 ), #930, .F. ) ;
#290 = CARTESIAN_POINT ( 'NONE',  ( 47.80658452828321003, 0.1343409779555504169, -41.20710018832165389 ) ) ;
#291 = CARTESIAN_POINT ( 'NONE',  ( -45.54500000000000881, 8.755306122448967443, -51.99999999999996447 ) ) ;
#292 = ORIENTED_EDGE ( 'NONE', *, *, #752, .T. ) ;
#293 = DIRECTION ( 'NONE',  ( 0.9122695335844621667, 0.4095904028338406833, 0.000000000000000000 ) ) ;
#294 = CARTESIAN_POINT ( 'NONE',  ( -16.50000000000000711, 19.00000000000000000, -33.50000000000000000 ) ) ;
#295 = AXIS2_PLACEMENT_3D ( 'NONE', #164, #771, #1069 ) ;
#296 = AXIS2_PLACEMENT_3D ( 'NONE', #208, #907, #768 ) ;
#297 = EDGE_LOOP ( 'NONE', ( #726, #1473, #932, #1332 ) ) ;
#298 = CARTESIAN_POINT ( 'NONE',  ( -3.999999999999977351, 19.00000000000000000, -8.673617379883994057E-16 ) ) ;
#299 = AXIS2_PLACEMENT_3D ( 'NONE', #1581, #561, #216 ) ;
#300 = ORIENTED_EDGE ( 'NONE', *, *, #993, .T. ) ;
#301 = CARTESIAN_POINT ( 'NONE',  ( 28.84712442764366358, 16.25231148146612270, -44.41752268940716419 ) ) ;
#302 = LINE ( 'NONE', #1, #1028 ) ;
#303 = ADVANCED_FACE ( 'NONE', ( #1060 ), #1668, .T. ) ;
#304 = ORIENTED_EDGE ( 'NONE', *, *, #573, .F. ) ;
#305 = CARTESIAN_POINT ( 'NONE',  ( -27.00000000000001066, 6.200000000000001066, 85.00000000000000000 ) ) ;
#306 = DIRECTION ( 'NONE',  ( 0.000000000000000000, -0.000000000000000000, -1.000000000000000000 ) ) ;
#307 = EDGE_CURVE ( 'NONE', #794, #451, #346, .T. ) ;
#308 = VERTEX_POINT ( 'NONE', #949 ) ;
#309 = CARTESIAN_POINT ( 'NONE',  ( 8.000000000000014211, 0.000000000000000000, 45.50000000000001421 ) ) ;
#310 = EDGE_LOOP ( 'NONE', ( #1844, #740, #210, #1308, #1652 ) ) ;
#311 = DIRECTION ( 'NONE',  ( 0.000000000000000000, 0.000000000000000000, -1.000000000000000000 ) ) ;
#312 = CARTESIAN_POINT ( 'NONE',  ( 4.000000000000014211, 19.00000000000000000, 33.50000000000000000 ) ) ;
#313 = ORIENTED_EDGE ( 'NONE', *, *, #330, .T. ) ;
#314 = ADVANCED_FACE ( 'NONE', ( #1846 ), #1677, .T. ) ;
#315 = CARTESIAN_POINT ( 'NONE',  ( 52.15876889461203803, 1.143600214609002741, -37.68772156030411224 ) ) ;
#316 = CARTESIAN_POINT ( 'NONE',  ( -24.50000000000000711, 0.000000000000000000, 41.49999999999999289 ) ) ;
#317 = EDGE_CURVE ( 'NONE', #462, #1112, #1383, .T. ) ;
#318 = ORIENTED_EDGE ( 'NONE', *, *, #9, .T. ) ;
#319 = CARTESIAN_POINT ( 'NONE',  ( -125.0000000000000000, 16.25231148146610494, 81.62268617738227761 ) ) ;
#320 = CARTESIAN_POINT ( 'NONE',  ( 11.93237089457612221, 20.00000000000000000, -36.38057872549705962 ) ) ;
#321 = EDGE_LOOP ( 'NONE', ( #374, #1100, #1266, #232, #951, #166 ) ) ;
#322 = CARTESIAN_POINT ( 'NONE',  ( -47.22757934385509060, 0.07513970529111944907, -42.09091579721839338 ) ) ;
#323 = CYLINDRICAL_SURFACE ( 'NONE', #1845, 7.500000000000000000 ) ;
#324 = ORIENTED_EDGE ( 'NONE', *, *, #1433, .T. ) ;
#325 = CARTESIAN_POINT ( 'NONE',  ( 51.44093609006450407, 0.9035491979645324800, -36.11466979073441053 ) ) ;
#326 = DIRECTION ( 'NONE',  ( 0.000000000000000000, 0.000000000000000000, -1.000000000000000000 ) ) ;
#327 = ORIENTED_EDGE ( 'NONE', *, *, #69, .F. ) ;
#328 = DIRECTION ( 'NONE',  ( 0.000000000000000000, 0.000000000000000000, 1.000000000000000000 ) ) ;
#329 = CARTESIAN_POINT ( 'NONE',  ( -27.00000000000001066, 0.000000000000000000, 85.00000000000000000 ) ) ;
#330 = EDGE_CURVE ( 'NONE', #889, #1184, #174, .T. ) ;
#331 = VECTOR ( 'NONE', #1610, 1000.000000000000000 ) ;
#332 = VECTOR ( 'NONE', #1883, 1000.000000000000000 ) ;
#333 = ORIENTED_EDGE ( 'NONE', *, *, #1728, .F. ) ;
#334 = AXIS2_PLACEMENT_3D ( 'NONE', #65, #1281, #1618 ) ;
#335 = CARTESIAN_POINT ( 'NONE',  ( -45.00000000000000000, 6.200000000000000178, -40.00000000000000000 ) ) ;
#336 = ORIENTED_EDGE ( 'NONE', *, *, #1004, .F. ) ;
#337 = DIRECTION ( 'NONE',  ( 0.000000000000000000, 0.000000000000000000, -1.000000000000000000 ) ) ;
#338 = DIRECTION ( 'NONE',  ( -0.000000000000000000, -1.000000000000000000, -0.000000000000000000 ) ) ;
#339 = VERTEX_POINT ( 'NONE', #1854 ) ;
#340 = LINE ( 'NONE', #1562, #1718 ) ;
#341 = FACE_OUTER_BOUND ( 'NONE', #1557, .T. ) ;
#342 = EDGE_CURVE ( 'NONE', #280, #710, #513, .T. ) ;
#343 = EDGE_CURVE ( 'NONE', #558, #1046, #525, .T. ) ;
#344 = DIRECTION ( 'NONE',  ( -1.082733351925055031E-16, -4.861251784153314340E-17, -1.000000000000000000 ) ) ;
#345 = VERTEX_POINT ( 'NONE', #986 ) ;
#346 = LINE ( 'NONE', #1807, #100 ) ;
#347 = CARTESIAN_POINT ( 'NONE',  ( -53.86363636363634555, 5.020408163265303259, -37.27272727272729469 ) ) ;
#348 = B_SPLINE_CURVE_WITH_KNOTS ( 'NONE', 3,
 ( #1401, #1228, #1551, #1826, #325, #1528, #315, #471, #191, #1205, #1078, #1088, #25, #488, #1408, #1559, #762, #1695, #1685, #1518, #4, #44, #498, #911 ),
 .UNSPECIFIED., .F., .F.,
 ( 4, 2, 2, 2, 2, 2, 2, 2, 2, 2, 2, 4 ),
 ( 0.000000000000000000, 0.001744732140619152097, 0.003489464281238304193, 0.005234196421857456073, 0.006978928562476608387, 0.007851294632786172401, 0.008723660703095739016, 0.009596026773405303897, 0.01046839284371486878, 0.01221312498433401762, 0.01308549105464359985, 0.01395785712495318208 ),
 .UNSPECIFIED. ) ;
#349 = VERTEX_POINT ( 'NONE', #968 ) ;
#350 = DIRECTION ( 'NONE',  ( 0.000000000000000000, -0.000000000000000000, -1.000000000000000000 ) ) ;
#351 = DIRECTION ( 'NONE',  ( 1.000000000000000000, 0.000000000000000000, 0.000000000000000000 ) ) ;
#352 = PLANE ( 'NONE',  #14 ) ;
#353 = ORIENTED_EDGE ( 'NONE', *, *, #658, .F. ) ;
#354 = ADVANCED_FACE ( 'NONE', ( #1743 ), #839, .F. ) ;
#355 = DIRECTION ( 'NONE',  ( -1.000000000000000000, 0.000000000000000000, -8.673617379884036458E-16 ) ) ;
#356 = CARTESIAN_POINT ( 'NONE',  ( 16.49999999999999289, 19.00000000000000000, 33.50000000000000000 ) ) ;
#357 = DIRECTION ( 'NONE',  ( 8.673617379884036458E-16, 0.000000000000000000, -1.000000000000000000 ) ) ;
#358 = DIRECTION ( 'NONE',  ( -0.000000000000000000, -1.000000000000000000, 0.000000000000000000 ) ) ;
#359 = DIRECTION ( 'NONE',  ( -0.000000000000000000, 0.000000000000000000, 1.000000000000000000 ) ) ;
#360 = CARTESIAN_POINT ( 'NONE',  ( 20.49999999999999289, 1.656854249492379916, -37.50000000000000000 ) ) ;
#361 = CIRCLE ( 'NONE', #1469, 27.99999999999999645 ) ;
#362 = VECTOR ( 'NONE', #350, 1000.000000000000000 ) ;
#363 = ORIENTED_EDGE ( 'NONE', *, *, #58, .F. ) ;
#364 = AXIS2_PLACEMENT_3D ( 'NONE', #1895, #981, #244 ) ;
#365 = EDGE_CURVE ( 'NONE', #1511, #684, #1114, .T. ) ;
#366 = DIRECTION ( 'NONE',  ( -1.082733351925055031E-16, -4.861251784153314340E-17, -1.000000000000000000 ) ) ;
#367 = CARTESIAN_POINT ( 'NONE',  ( 45.00000000000000000, 6.200000000000001066, -40.00000000000000000 ) ) ;
#368 = EDGE_LOOP ( 'NONE', ( #1547, #985, #1032, #608 ) ) ;
#369 = CARTESIAN_POINT ( 'NONE',  ( 45.54499999999999460, 8.755306122448985207, -28.00000000000001066 ) ) ;
#370 = DIRECTION ( 'NONE',  ( -1.082733351925055031E-16, 0.000000000000000000, -1.000000000000000000 ) ) ;
#371 = PRODUCT_CONTEXT ( 'NONE', #1657, 'mechanical' ) ;
#372 = CARTESIAN_POINT ( 'NONE',  ( 45.54499999999999460, 0.000000000000000000, -43.00091236126598915 ) ) ;
#373 = CARTESIAN_POINT ( 'NONE',  ( -27.00000000000001066, 6.200000000000001066, 81.95000000000000284 ) ) ;
#374 = ORIENTED_EDGE ( 'NONE', *, *, #899, .F. ) ;
#375 = CARTESIAN_POINT ( 'NONE',  ( -73.54495633554616063, 0.000000000000000000, 72.88419392752790316 ) ) ;
#376 = LINE ( 'NONE', #407, #779 ) ;
#377 = ORIENTED_EDGE ( 'NONE', *, *, #620, .F. ) ;
#378 = DIRECTION ( 'NONE',  ( 2.168404344971010594E-16, -0.000000000000000000, -1.000000000000000000 ) ) ;
#379 = CARTESIAN_POINT ( 'NONE',  ( 45.54499999999999460, 0.000000000000000000, -0.000000000000000000 ) ) ;
#380 = EDGE_CURVE ( 'NONE', #178, #339, #361, .T. ) ;
#381 = LINE ( 'NONE', #1590, #1344 ) ;
#382 = PLANE ( 'NONE',  #1062 ) ;
#383 = ORIENTED_EDGE ( 'NONE', *, *, #993, .F. ) ;
#384 = CARTESIAN_POINT ( 'NONE',  ( -3.999999999999986233, 17.34314575050762031, 41.49999999999998579 ) ) ;
#385 = CARTESIAN_POINT ( 'NONE',  ( -27.00000000000001066, 0.000000000000000000, 85.00000000000000000 ) ) ;
#386 = ORIENTED_EDGE ( 'NONE', *, *, #427, .F. ) ;
#387 = CARTESIAN_POINT ( 'NONE',  ( -3.999999999999985345, 4.000000000000000000, 37.50000000000000000 ) ) ;
#388 = CARTESIAN_POINT ( 'NONE',  ( 28.49025975005280031, 16.41253643875182888, 81.27584456323114637 ) ) ;
#389 = CARTESIAN_POINT ( 'NONE',  ( -47.80658452828322424, 0.1343409779555483075, -41.20710018832161836 ) ) ;
#390 = ADVANCED_FACE ( 'NONE', ( #662 ), #504, .F. ) ;
#391 = EDGE_CURVE ( 'NONE', #1585, #1922, #1126, .T. ) ;
#392 = CARTESIAN_POINT ( 'NONE',  ( -27.00000000000001066, 20.00000000000000000, 85.00000000000000000 ) ) ;
#393 = ORIENTED_EDGE ( 'NONE', *, *, #1457, .F. ) ;
#394 = VECTOR ( 'NONE', #1732, 1000.000000000000000 ) ;
#395 = DIRECTION ( 'NONE',  ( 0.000000000000000000, 0.000000000000000000, 1.000000000000000000 ) ) ;
#396 = DIRECTION ( 'NONE',  ( -0.000000000000000000, 0.000000000000000000, 1.000000000000000000 ) ) ;
#397 = CIRCLE ( 'NONE', #522, 200.0000000000000000 ) ;
#398 = EDGE_LOOP ( 'NONE', ( #435, #1917, #1745, #904 ) ) ;
#399 = AXIS2_PLACEMENT_3D ( 'NONE', #1307, #526, #556 ) ;
#400 = DIRECTION ( 'NONE',  ( -0.000000000000000000, -1.000000000000000000, -0.000000000000000000 ) ) ;
#401 = FACE_OUTER_BOUND ( 'NONE', #1128, .T. ) ;
#402 = CARTESIAN_POINT ( 'NONE',  ( -47.92773370104674768, 0.1488381441312150999, -39.12695052650185090 ) ) ;
#403 = EDGE_CURVE ( 'NONE', #591, #308, #1708, .T. ) ;
#404 = ORIENTED_EDGE ( 'NONE', *, *, #1162, .F. ) ;
#405 = EDGE_CURVE ( 'NONE', #1134, #345, #711, .T. ) ;
#406 = CARTESIAN_POINT ( 'NONE',  ( 46.38405547593122691, 0.01929468245236352561, -37.27638863550505732 ) ) ;
#407 = CARTESIAN_POINT ( 'NONE',  ( 4.000000000000014211, 4.000000000000000000, 37.50000000000000000 ) ) ;
#408 = EDGE_LOOP ( 'NONE', ( #313, #567, #1820, #1288, #1161, #967, #632, #869 ) ) ;
#409 = PLANE ( 'NONE',  #1117 ) ;
#410 = PLANE ( 'NONE',  #1151 ) ;
#411 = CARTESIAN_POINT ( 'NONE',  ( -28.31598700792973133, 16.49078134337849022, -43.89640833313321622 ) ) ;
#412 = VERTEX_POINT ( 'NONE', #692 ) ;
#413 = CARTESIAN_POINT ( 'NONE',  ( 20.49999999999999289, 15.00000000000000000, 0.000000000000000000 ) ) ;
#414 = CARTESIAN_POINT ( 'NONE',  ( -50.37339357852933830, 0.6038407041788945717, -45.24025349636277582 ) ) ;
#415 = EDGE_CURVE ( 'NONE', #672, #1511, #1880, .T. ) ;
#416 = ORIENTED_EDGE ( 'NONE', *, *, #512, .T. ) ;
#417 = CYLINDRICAL_SURFACE ( 'NONE', #1212, 3.049999999999997158 ) ;
#418 = DIRECTION ( 'NONE',  ( 0.000000000000000000, 0.000000000000000000, -1.000000000000000000 ) ) ;
#419 =( BOUNDED_CURVE ( )  B_SPLINE_CURVE ( 3, ( #85, #698, #1304, #1897 ),
 .UNSPECIFIED., .F., .T. ) 
 B_SPLINE_CURVE_WITH_KNOTS ( ( 4, 4 ),
 ( 0.000000000000000000, 1.570796326794896558 ),
 .UNSPECIFIED. ) 
 CURVE ( )  GEOMETRIC_REPRESENTATION_ITEM ( )  RATIONAL_B_SPLINE_CURVE ( ( 1.000000000000000000, 0.8047378541243649375, 0.8047378541243649375, 1.000000000000000000 ) ) 
 REPRESENTATION_ITEM ( '' )  );
#420 = VERTEX_POINT ( 'NONE', #72 ) ;
#421 = LINE ( 'NONE', #1019, #1569 ) ;
#422 = EDGE_LOOP ( 'NONE', ( #1152, #404, #1762, #1174 ) ) ;
#423 = FACE_BOUND ( 'NONE', #1513, .T. ) ;
#424 = LINE ( 'NONE', #1013, #1385 ) ;
#425 = EDGE_LOOP ( 'NONE', ( #1445, #521, #99, #157 ) ) ;
#426 = CLOSED_SHELL ( 'NONE', ( #242, #1351, #193, #1852, #128, #314, #599, #1626, #159, #354, #168, #1365, #1390, #1185, #1648, #1314, #538, #862, #1548, #1870, #50, #1071, #1639, #247, #1104, #527, #219, #1103, #1189, #660, #303, #1239, #1945, #67, #46, #849, #90, #1803, #1095, #102, #1851, #937, #1080, #1930, #1211, #946, #266, #755, #668, #1325, #1042, #239, #1053, #1150, #778, #227, #289, #1910, #1468, #982, #1160, #390, #1426 ) ) ;
#427 = EDGE_CURVE ( 'NONE', #794, #1244, #1424, .T. ) ;
#428 = VECTOR ( 'NONE', #818, 1000.000000000000000 ) ;
#429 = CARTESIAN_POINT ( 'NONE',  ( 27.00000000000001066, 6.200000000000000178, 88.04999999999999716 ) ) ;
#430 = DIRECTION ( 'NONE',  ( 1.000000000000000000, 0.000000000000000000, 0.000000000000000000 ) ) ;
#431 = VECTOR ( 'NONE', #1082, 1000.000000000000000 ) ;
#432 = EDGE_CURVE ( 'NONE', #1483, #462, #1831, .T. ) ;
#433 = ORIENTED_EDGE ( 'NONE', *, *, #343, .F. ) ;
#434 = CARTESIAN_POINT ( 'NONE',  ( -125.0000000000000000, -19.99999999999999645, -27.51279221977944189 ) ) ;
#435 = ORIENTED_EDGE ( 'NONE', *, *, #827, .T. ) ;
#436 = CARTESIAN_POINT ( 'NONE',  ( 47.92773370104673347, 0.1488381441312186804, -39.12695052650183669 ) ) ;
#437 = CARTESIAN_POINT ( 'NONE',  ( -3.999999999999984901, 1.656854249492379250, 37.49999999999999289 ) ) ;
#438 = ORIENTED_EDGE ( 'NONE', *, *, #1375, .T. ) ;
#439 =( BOUNDED_CURVE ( )  B_SPLINE_CURVE ( 3, ( #857, #729, #1036, #750 ),
 .UNSPECIFIED., .F., .F. ) 
 B_SPLINE_CURVE_WITH_KNOTS ( ( 4, 4 ),
 ( 3.143358691633109991, 3.836065310688089536 ),
 .UNSPECIFIED. ) 
 CURVE ( )  GEOMETRIC_REPRESENTATION_ITEM ( )  RATIONAL_B_SPLINE_CURVE ( ( 1.000000000000000000, 0.9604112707974057361, 0.9604112707974057361, 1.000000000000000000 ) ) 
 REPRESENTATION_ITEM ( '' )  );
#440 = DIRECTION ( 'NONE',  ( 0.000000000000000000, 0.000000000000000000, -1.000000000000000000 ) ) ;
#441 = CARTESIAN_POINT ( 'NONE',  ( -20.50000000000000711, 4.000000000000000000, 37.50000000000000000 ) ) ;
#442 = ORIENTED_EDGE ( 'NONE', *, *, #252, .T. ) ;
#443 = CARTESIAN_POINT ( 'NONE',  ( -45.54500000000000171, 20.00000000000000000, 4.931309051342663575E-15 ) ) ;
#444 = EDGE_CURVE ( 'NONE', #579, #1256, #1182, .T. ) ;
#445 = ORIENTED_EDGE ( 'NONE', *, *, #1162, .T. ) ;
#446 = DIRECTION ( 'NONE',  ( -0.000000000000000000, -0.000000000000000000, 1.000000000000000000 ) ) ;
#447 = CARTESIAN_POINT ( 'NONE',  ( -45.00000000000000000, 20.00000000000000000, -36.95000000000000284 ) ) ;
#448 = EDGE_LOOP ( 'NONE', ( #1014, #300, #669, #250 ) ) ;
#449 = DIRECTION ( 'NONE',  ( -1.000000000000000000, -0.000000000000000000, -8.673617379884036458E-16 ) ) ;
#450 = CARTESIAN_POINT ( 'NONE',  ( 4.000000000000014211, 15.00000000000000000, 0.000000000000000000 ) ) ;
#451 = VERTEX_POINT ( 'NONE', #582 ) ;
#452 = CARTESIAN_POINT ( 'NONE',  ( 45.54500000000089699, 0.000000000000000000, -71.00000000000002842 ) ) ;
#453 = EDGE_CURVE ( 'NONE', #1065, #661, #110, .T. ) ;
#454 = VERTEX_POINT ( 'NONE', #887 ) ;
#455 = DIRECTION ( 'NONE',  ( 0.000000000000000000, 0.000000000000000000, 1.000000000000000000 ) ) ;
#456 = DIRECTION ( 'NONE',  ( -0.000000000000000000, -1.000000000000000000, -0.000000000000000000 ) ) ;
#457 = VERTEX_POINT ( 'NONE', #1796 ) ;
#458 = CARTESIAN_POINT ( 'NONE',  ( 4.000000000000010658, 0.000000000000000000, 45.50000000000000711 ) ) ;
#459 = CARTESIAN_POINT ( 'NONE',  ( 59.68181743159492925, 20.00000000000000000, -22.98498325967365830 ) ) ;
#460 = VECTOR ( 'NONE', #1715, 1000.000000000000000 ) ;
#461 = AXIS2_PLACEMENT_3D ( 'NONE', #1522, #746, #1628 ) ;
#462 = VERTEX_POINT ( 'NONE', #120 ) ;
#463 = CARTESIAN_POINT ( 'NONE',  ( 28.31598700792975620, 16.49078134337849022, -43.89640833313321622 ) ) ;
#464 = AXIS2_PLACEMENT_3D ( 'NONE', #77, #1877, #370 ) ;
#465 = VECTOR ( 'NONE', #1584, 1000.000000000000000 ) ;
#466 = ORIENTED_EDGE ( 'NONE', *, *, #727, .T. ) ;
#467 = CARTESIAN_POINT ( 'NONE',  ( -7.999999999999986677, 0.000000000000000000, 41.49999999999999289 ) ) ;
#468 = CARTESIAN_POINT ( 'NONE',  ( 45.00000000000000000, 20.00000000000000000, -40.00000000000000000 ) ) ;
#469 = VERTEX_POINT ( 'NONE', #878 ) ;
#470 = EDGE_CURVE ( 'NONE', #691, #1392, #799, .T. ) ;
#471 = CARTESIAN_POINT ( 'NONE',  ( 52.43135247734638682, 1.242217215923997031, -38.82969917261198844 ) ) ;
#472 = ORIENTED_EDGE ( 'NONE', *, *, #1031, .F. ) ;
#473 = CARTESIAN_POINT ( 'NONE',  ( 27.00000000000001066, 6.200000000000000178, 85.00000000000000000 ) ) ;
#474 = ORIENTED_EDGE ( 'NONE', *, *, #1374, .F. ) ;
#475 = CARTESIAN_POINT ( 'NONE',  ( -46.83334591285795767, 0.04457442583724836177, -42.44382109064172681 ) ) ;
#476 = PLANE ( 'NONE',  #808 ) ;
#477 = EDGE_LOOP ( 'NONE', ( #1809, #445, #822, #151 ) ) ;
#478 = EDGE_CURVE ( 'NONE', #52, #1822, #1180, .T. ) ;
#479 = FACE_OUTER_BOUND ( 'NONE', #274, .T. ) ;
#480 = DIRECTION ( 'NONE',  ( -0.000000000000000000, -1.000000000000000000, -0.000000000000000000 ) ) ;
#481 = EDGE_LOOP ( 'NONE', ( #122, #47, #486, #1052 ) ) ;
#482 = CARTESIAN_POINT ( 'NONE',  ( 49.50000000000003553, 20.00000000000000000, -45.99999999999997158 ) ) ;
#483 = CARTESIAN_POINT ( 'NONE',  ( 46.36172095191157183, 8.388615082815213952, -49.69774746774202612 ) ) ;
#484 = VERTEX_POINT ( 'NONE', #1621 ) ;
#485 = CARTESIAN_POINT ( 'NONE',  ( 49.50000000000003553, 6.979591836734678090, -45.99999999999997158 ) ) ;
#486 = ORIENTED_EDGE ( 'NONE', *, *, #859, .T. ) ;
#487 = PRODUCT_DEFINITION_SHAPE ( 'NONE', 'NONE',  #1905 ) ;
#488 = CARTESIAN_POINT ( 'NONE',  ( 52.23124137100216302, 1.169807801935962122, -42.01080071583190545 ) ) ;
#489 = CARTESIAN_POINT ( 'NONE',  ( -22.15685424949239390, 4.369328464941717895E-16, 39.15685424949237614 ) ) ;
#490 = EDGE_CURVE ( 'NONE', #221, #1690, #707, .T. ) ;
#491 = VECTOR ( 'NONE', #1588, 1000.000000000000000 ) ;
#492 = CARTESIAN_POINT ( 'NONE',  ( 28.31598700792975620, 16.49078134337849022, 81.10157182110827989 ) ) ;
#493 = VECTOR ( 'NONE', #689, 1000.000000000000000 ) ;
#494 = AXIS2_PLACEMENT_3D ( 'NONE', #1417, #806, #1378 ) ;
#495 = FACE_OUTER_BOUND ( 'NONE', #1413, .T. ) ;
#496 = CIRCLE ( 'NONE', #399, 3.049999999999997158 ) ;
#497 = EDGE_LOOP ( 'NONE', ( #1856, #1795, #2, #160 ) ) ;
#498 = CARTESIAN_POINT ( 'NONE',  ( 49.73286092451942864, 0.4535053576122535235, -45.82535430661040721 ) ) ;
#499 = CARTESIAN_POINT ( 'NONE',  ( -20.50000000000000711, 4.000000000000000000, 37.50000000000000000 ) ) ;
#500 = ORIENTED_EDGE ( 'NONE', *, *, #886, .F. ) ;
#501 = CARTESIAN_POINT ( 'NONE',  ( -28.49025975005273992, 16.41253643875184665, -44.07068107525606138 ) ) ;
#502 = EDGE_CURVE ( 'NONE', #1403, #579, #248, .T. ) ;
#503 = ORIENTED_EDGE ( 'NONE', *, *, #739, .T. ) ;
#504 = CYLINDRICAL_SURFACE ( 'NONE', #1500, 4.000000000000003553 ) ;
#505 = CARTESIAN_POINT ( 'NONE',  ( 18.84314575050761320, 19.00000000000000000, 35.84314575050762386 ) ) ;
#506 = DIRECTION ( 'NONE',  ( 0.000000000000000000, 0.000000000000000000, 1.000000000000000000 ) ) ;
#507 = CARTESIAN_POINT ( 'NONE',  ( -45.54500000000000171, 8.755306122448970996, -28.00000000000003908 ) ) ;
#508 = CYLINDRICAL_SURFACE ( 'NONE', #1186, 4.000000000000000000 ) ;
#509 = CARTESIAN_POINT ( 'NONE',  ( 0.000000000000000000, 20.00000000000000000, 0.000000000000000000 ) ) ;
#510 = EDGE_CURVE ( 'NONE', #1392, #855, #1317, .T. ) ;
#511 = ORIENTED_EDGE ( 'NONE', *, *, #766, .T. ) ;
#512 = EDGE_CURVE ( 'NONE', #855, #412, #1163, .T. ) ;
#513 = LINE ( 'NONE', #1106, #1566 ) ;
#514 = DIRECTION ( 'NONE',  ( -0.000000000000000000, -1.000000000000000000, -0.000000000000000000 ) ) ;
#515 = ORIENTED_EDGE ( 'NONE', *, *, #118, .T. ) ;
#516 = DIRECTION ( 'NONE',  ( -0.000000000000000000, -0.000000000000000000, -1.000000000000000000 ) ) ;
#517 = DIRECTION ( 'NONE',  ( -0.000000000000000000, -0.000000000000000000, -1.000000000000000000 ) ) ;
#518 = LINE ( 'NONE', #1075, #519 ) ;
#519 = VECTOR ( 'NONE', #1823, 1000.000000000000000 ) ;
#520 = LINE ( 'NONE', #220, #997 ) ;
#521 = ORIENTED_EDGE ( 'NONE', *, *, #108, .T. ) ;
#522 = AXIS2_PLACEMENT_3D ( 'NONE', #148, #732, #1625 ) ;
#523 =( BOUNDED_CURVE ( )  B_SPLINE_CURVE ( 3, ( #1542, #1394, #26, #34 ),
 .UNSPECIFIED., .F., .T. ) 
 B_SPLINE_CURVE_WITH_KNOTS ( ( 4, 4 ),
 ( 0.000000000000000000, 1.570796326794896336 ),
 .UNSPECIFIED. ) 
 CURVE ( )  GEOMETRIC_REPRESENTATION_ITEM ( )  RATIONAL_B_SPLINE_CURVE ( ( 1.000000000000000000, 0.8047378541243650485, 0.8047378541243650485, 1.000000000000000000 ) ) 
 REPRESENTATION_ITEM ( '' )  );
#524 = VECTOR ( 'NONE', #1155, 1000.000000000000000 ) ;
#525 = LINE ( 'NONE', #1289, #705 ) ;
#526 = DIRECTION ( 'NONE',  ( 0.000000000000000000, 1.000000000000000000, -0.000000000000000000 ) ) ;
#527 = ADVANCED_FACE ( 'NONE', ( #1942, #1045, #1921, #423 ), #1650, .F. ) ;
#528 = ORIENTED_EDGE ( 'NONE', *, *, #1707, .T. ) ;
#529 = CARTESIAN_POINT ( 'NONE',  ( 4.000000000000014211, 19.00000000000000000, 37.50000000000000000 ) ) ;
#530 = CARTESIAN_POINT ( 'NONE',  ( -45.54500000000000881, 0.000000000000000000, -60.49490256491693430 ) ) ;
#531 = DIRECTION ( 'NONE',  ( 0.000000000000000000, 0.000000000000000000, 1.000000000000000000 ) ) ;
#532 = CARTESIAN_POINT ( 'NONE',  ( -28.84712442764368490, 16.25231148146610849, 81.62268617738234866 ) ) ;
#533 = FACE_OUTER_BOUND ( 'NONE', #751, .T. ) ;
#534 = ORIENTED_EDGE ( 'NONE', *, *, #1689, .T. ) ;
#535 = CARTESIAN_POINT ( 'NONE',  ( 47.85331613745427148, 0.1359857152710305384, -32.22913502212048797 ) ) ;
#536 = CARTESIAN_POINT ( 'NONE',  ( -52.02999999999999403, 5.843673469387744568, 90.80364296703638161 ) ) ;
#537 = VERTEX_POINT ( 'NONE', #1484 ) ;
#538 = ADVANCED_FACE ( 'NONE', ( #1928 ), #1524, .T. ) ;
#539 = CARTESIAN_POINT ( 'NONE',  ( -20.50000000000000711, 15.00000000000000000, 37.50000000000000000 ) ) ;
#540 = PLANE ( 'NONE',  #334 ) ;
#541 = DIRECTION ( 'NONE',  ( 1.000000000000000000, 0.000000000000000000, 0.000000000000000000 ) ) ;
#542 = EDGE_CURVE ( 'NONE', #1046, #1034, #1811, .T. ) ;
#543 = CARTESIAN_POINT ( 'NONE',  ( -48.04997344799797787, 0.1643189280363240301, -40.17788643950051863 ) ) ;
#544 = ORIENTED_EDGE ( 'NONE', *, *, #635, .T. ) ;
#545 = CARTESIAN_POINT ( 'NONE',  ( -2.343145750507606540, 19.00000000000000000, 39.84314575050761675 ) ) ;
#546 = DIRECTION ( 'NONE',  ( 0.000000000000000000, 0.000000000000000000, -1.000000000000000000 ) ) ;
#547 = ORIENTED_EDGE ( 'NONE', *, *, #620, .T. ) ;
#548 = LINE ( 'NONE', #387, #1871 ) ;
#549 = DIRECTION ( 'NONE',  ( 0.000000000000000000, 0.000000000000000000, 1.000000000000000000 ) ) ;
#550 = LINE ( 'NONE', #287, #774 ) ;
#551 = EDGE_CURVE ( 'NONE', #1256, #1046, #74, .T. ) ;
#552 = AXIS2_PLACEMENT_3D ( 'NONE', #1729, #357, #1599 ) ;
#553 = ORIENTED_EDGE ( 'NONE', *, *, #1558, .T. ) ;
#554 = VECTOR ( 'NONE', #126, 1000.000000000000000 ) ;
#555 = DIRECTION ( 'NONE',  ( 0.000000000000000000, 0.000000000000000000, 1.000000000000000000 ) ) ;
#556 = DIRECTION ( 'NONE',  ( 0.000000000000000000, 0.000000000000000000, 1.000000000000000000 ) ) ;
#557 = VECTOR ( 'NONE', #549, 1000.000000000000000 ) ;
#558 = VERTEX_POINT ( 'NONE', #603 ) ;
#559 = AXIS2_PLACEMENT_3D ( 'NONE', #1277, #1873, #821 ) ;
#560 = CARTESIAN_POINT ( 'NONE',  ( 28.66730858519430214, 16.33304512501481653, -44.24438883209901263 ) ) ;
#561 = DIRECTION ( 'NONE',  ( 0.000000000000000000, 0.9063077870366527122, 0.4226182617406937236 ) ) ;
#562 = VECTOR ( 'NONE', #1858, 1000.000000000000000 ) ;
#563 = CYLINDRICAL_SURFACE ( 'NONE', #1023, 4.000000000000003553 ) ;
#564 = EDGE_CURVE ( 'NONE', #454, #15, #659, .T. ) ;
#565 = ORIENTED_EDGE ( 'NONE', *, *, #317, .T. ) ;
#566 = CARTESIAN_POINT ( 'NONE',  ( 47.55753472917835012, 0.1067882455184447910, -38.32890469009564782 ) ) ;
#567 = ORIENTED_EDGE ( 'NONE', *, *, #1015, .T. ) ;
#568 = CYLINDRICAL_SURFACE ( 'NONE', #1279, 3.049999999999997158 ) ;
#569 = CARTESIAN_POINT ( 'NONE',  ( 0.000000000000000000, 6.200000000000000178, 0.000000000000000000 ) ) ;
#570 = ORIENTED_EDGE ( 'NONE', *, *, #252, .F. ) ;
#571 = DIRECTION ( 'NONE',  ( 0.000000000000000000, 0.000000000000000000, 1.000000000000000000 ) ) ;
#572 = VERTEX_POINT ( 'NONE', #301 ) ;
#573 = EDGE_CURVE ( 'NONE', #454, #412, #1819, .T. ) ;
#574 = CARTESIAN_POINT ( 'NONE',  ( 47.22874104706977505, 0.07524479107927661836, -37.91040540402091352 ) ) ;
#575 = CARTESIAN_POINT ( 'NONE',  ( -51.12864913091967622, 0.8071182461731261082, -44.36169401322774775 ) ) ;
#576 = ORIENTED_EDGE ( 'NONE', *, *, #1362, .T. ) ;
#577 = CARTESIAN_POINT ( 'NONE',  ( 27.00000000000001066, 20.00000000000000000, 85.00000000000000000 ) ) ;
#578 = DIRECTION ( 'NONE',  ( 1.000000000000000000, 0.000000000000000000, 0.000000000000000000 ) ) ;
#579 = VERTEX_POINT ( 'NONE', #372 ) ;
#580 = CARTESIAN_POINT ( 'NONE',  ( -45.00000000000000000, 0.000000000000000000, -40.00000000000000000 ) ) ;
#581 = EDGE_LOOP ( 'NONE', ( #1521, #1235, #841, #1165 ) ) ;
#582 = CARTESIAN_POINT ( 'NONE',  ( 4.000000000000014211, 15.00000000000000000, 41.50000000000000000 ) ) ;
#583 = LINE ( 'NONE', #720, #1220 ) ;
#584 = ORIENTED_EDGE ( 'NONE', *, *, #1591, .T. ) ;
#585 = AXIS2_PLACEMENT_3D ( 'NONE', #1932, #1644, #337 ) ;
#586 = EDGE_CURVE ( 'NONE', #190, #1697, #1502, .T. ) ;
#587 = VECTOR ( 'NONE', #757, 1000.000000000000000 ) ;
#588 = DIRECTION ( 'NONE',  ( -0.000000000000000000, 0.000000000000000000, 1.000000000000000000 ) ) ;
#589 = DIRECTION ( 'NONE',  ( 0.000000000000000000, 0.000000000000000000, 1.000000000000000000 ) ) ;
#590 = VECTOR ( 'NONE', #1331, 1000.000000000000000 ) ;
#591 = VERTEX_POINT ( 'NONE', #1860 ) ;
#592 = CYLINDRICAL_SURFACE ( 'NONE', #1440, 40.00000000000000711 ) ;
#593 = ORIENTED_EDGE ( 'NONE', *, *, #876, .T. ) ;
#594 = CARTESIAN_POINT ( 'NONE',  ( 4.000000000000013323, 17.34314575050762031, 37.50000000000000000 ) ) ;
#595 = CARTESIAN_POINT ( 'NONE',  ( -17.60126376615679789, 20.00000000000000000, 70.38684857933522210 ) ) ;
#596 = ORIENTED_EDGE ( 'NONE', *, *, #204, .F. ) ;
#597 = CARTESIAN_POINT ( 'NONE',  ( 47.48732578952002115, 0.09702746344479541707, -48.25953128404294290 ) ) ;
#598 = CARTESIAN_POINT ( 'NONE',  ( 24.49999999999999289, 0.000000000000000000, 41.49999999999999289 ) ) ;
#599 = ADVANCED_FACE ( 'NONE', ( #927 ), #1213, .T. ) ;
#600 = ORIENTED_EDGE ( 'NONE', *, *, #910, .F. ) ;
#601 = CARTESIAN_POINT ( 'NONE',  ( 5.656854249492396569, -1.937655192648178540E-15, 43.15685424949237614 ) ) ;
#602 = ORIENTED_EDGE ( 'NONE', *, *, #910, .T. ) ;
#603 = CARTESIAN_POINT ( 'NONE',  ( 45.00000000000000000, 6.200000000000001066, -36.95000000000000284 ) ) ;
#604 = CARTESIAN_POINT ( 'NONE',  ( -51.44365177523086885, 0.9043797017406790539, -43.88135946644010943 ) ) ;
#605 = ORIENTED_EDGE ( 'NONE', *, *, #1043, .F. ) ;
#606 = FACE_OUTER_BOUND ( 'NONE', #1646, .T. ) ;
#607 = CARTESIAN_POINT ( 'NONE',  ( -45.54500000000003723, 0.000000000000000000, -28.00000000000267519 ) ) ;
#608 = ORIENTED_EDGE ( 'NONE', *, *, #1031, .T. ) ;
#609 = EDGE_CURVE ( 'NONE', #125, #889, #143, .T. ) ;
#610 = B_SPLINE_CURVE_WITH_KNOTS ( 'NONE', 3,
 ( #922, #1107, #1710, #1828, #1372, #616, #1221, #1530 ),
 .UNSPECIFIED., .F., .F.,
 ( 4, 2, 2, 4 ),
 ( 4.349080520756971661E-16, 0.003612478637200488250, 0.005418717955800523775, 0.007224957274400560167 ),
 .UNSPECIFIED. ) ;
#611 = EDGE_CURVE ( 'NONE', #1655, #661, #688, .T. ) ;
#612 = VERTEX_POINT ( 'NONE', #1425 ) ;
#613 = CARTESIAN_POINT ( 'NONE',  ( -18.84314575050762741, 19.00000000000000000, -35.84314575050762386 ) ) ;
#614 = DIRECTION ( 'NONE',  ( -0.000000000000000000, -1.000000000000000000, -0.000000000000000000 ) ) ;
#615 = ORIENTED_EDGE ( 'NONE', *, *, #1227, .T. ) ;
#616 = CARTESIAN_POINT ( 'NONE',  ( -48.63818812025307636, 0.2451348525525890165, -33.15385912214274100 ) ) ;
#617 = LINE ( 'NONE', #452, #1539 ) ;
#618 = AXIS2_PLACEMENT_3D ( 'NONE', #156, #192, #326 ) ;
#619 = ORIENTED_EDGE ( 'NONE', *, *, #502, .T. ) ;
#620 = EDGE_CURVE ( 'NONE', #1901, #1190, #211, .T. ) ;
#621 =( BOUNDED_CURVE ( )  B_SPLINE_CURVE ( 3, ( #1149, #1191, #1033, #1481 ),
 .UNSPECIFIED., .F., .F. ) 
 B_SPLINE_CURVE_WITH_KNOTS ( ( 4, 4 ),
 ( 4.290383950482469899, 4.712388980384689674 ),
 .UNSPECIFIED. ) 
 CURVE ( )  GEOMETRIC_REPRESENTATION_ITEM ( )  RATIONAL_B_SPLINE_CURVE ( ( 1.000000000000000000, 0.9852142927430949104, 0.9852142927430949104, 1.000000000000000000 ) ) 
 REPRESENTATION_ITEM ( '' )  );
#622 = CARTESIAN_POINT ( 'NONE',  ( -16.50000000000000711, 19.00000000000000000, -33.50000000000000000 ) ) ;
#623 = DIRECTION ( 'NONE',  ( 0.000000000000000000, 0.000000000000000000, 1.000000000000000000 ) ) ;
#624 = ORIENTED_EDGE ( 'NONE', *, *, #9, .F. ) ;
#625 = CARTESIAN_POINT ( 'NONE',  ( -45.54500000000000881, 20.00000000000000000, -60.49490256491693430 ) ) ;
#626 = FACE_OUTER_BOUND ( 'NONE', #1713, .T. ) ;
#627 = ORIENTED_EDGE ( 'NONE', *, *, #1275, .F. ) ;
#628 = CARTESIAN_POINT ( 'NONE',  ( -3.999999999999986233, 15.00000000000000000, 41.49999999999999289 ) ) ;
#629 = ORIENTED_EDGE ( 'NONE', *, *, #1491, .T. ) ;
#630 = CARTESIAN_POINT ( 'NONE',  ( 20.49999999999999289, 4.000000000000000000, 37.50000000000000000 ) ) ;
#631 = EDGE_CURVE ( 'NONE', #858, #469, #1867, .T. ) ;
#632 = ORIENTED_EDGE ( 'NONE', *, *, #1859, .T. ) ;
#633 = CARTESIAN_POINT ( 'NONE',  ( 4.000000000000014211, 15.00000000000000000, 41.50000000000000000 ) ) ;
#634 = LINE ( 'NONE', #1070, #996 ) ;
#635 = EDGE_CURVE ( 'NONE', #451, #469, #518, .T. ) ;
#636 = ORIENTED_EDGE ( 'NONE', *, *, #1689, .F. ) ;
#637 = CYLINDRICAL_SURFACE ( 'NONE', #865, 4.000000000000003553 ) ;
#638 = CARTESIAN_POINT ( 'NONE',  ( 0.000000000000000000, 19.00000000000000000, -37.50000000000000000 ) ) ;
#639 = ORIENTED_EDGE ( 'NONE', *, *, #1592, .T. ) ;
#640 = CARTESIAN_POINT ( 'NONE',  ( -45.49093946183181458, 19.99992693632187013, -71.00000000000002842 ) ) ;
#641 = FACE_OUTER_BOUND ( 'NONE', #938, .T. ) ;
#642 = EDGE_CURVE ( 'NONE', #1488, #86, #1662, .T. ) ;
#643 = VECTOR ( 'NONE', #516, 1000.000000000000000 ) ;
#644 = VERTEX_POINT ( 'NONE', #916 ) ;
#645 = CARTESIAN_POINT ( 'NONE',  ( -45.54500000000093962, 0.000000000000000000, -71.00000000000002842 ) ) ;
#646 = DIRECTION ( 'NONE',  ( -0.000000000000000000, -1.000000000000000000, -0.000000000000000000 ) ) ;
#647 = AXIS2_PLACEMENT_3D ( 'NONE', #509, #1367, #455 ) ;
#648 = AXIS2_PLACEMENT_3D ( 'NONE', #1933, #134, #589 ) ;
#649 = VECTOR ( 'NONE', #1268, 1000.000000000000000 ) ;
#650 =( BOUNDED_CURVE ( )  B_SPLINE_CURVE ( 3, ( #54, #1290, #1884, #536 ),
 .UNSPECIFIED., .F., .F. ) 
 B_SPLINE_CURVE_WITH_KNOTS ( ( 4, 4 ),
 ( 4.919368705491523386, 4.975566528984215253 ),
 .UNSPECIFIED. ) 
 CURVE ( )  GEOMETRIC_REPRESENTATION_ITEM ( )  RATIONAL_B_SPLINE_CURVE ( ( 1.000000000000000000, 0.9997368343687504932, 0.9997368343687504932, 1.000000000000000000 ) ) 
 REPRESENTATION_ITEM ( '' )  );
#651 = FACE_OUTER_BOUND ( 'NONE', #477, .T. ) ;
#652 = EDGE_LOOP ( 'NONE', ( #515, #1470, #277, #1072 ) ) ;
#653 = CARTESIAN_POINT ( 'NONE',  ( -55.49558557376921186, 54.12046699230462110, 0.4141646174555813076 ) ) ;
#654 = DIRECTION ( 'NONE',  ( -0.000000000000000000, 0.000000000000000000, 1.000000000000000000 ) ) ;
#655 = ORIENTED_EDGE ( 'NONE', *, *, #1362, .F. ) ;
#656 = LINE ( 'NONE', #628, #1121 ) ;
#657 =( LENGTH_UNIT ( ) NAMED_UNIT ( * ) SI_UNIT ( .MILLI., .METRE. ) );
#658 = EDGE_CURVE ( 'NONE', #1690, #1326, #1636, .T. ) ;
#659 = LINE ( 'NONE', #1202, #963 ) ;
#660 = ADVANCED_FACE ( 'NONE', ( #1619 ), #854, .F. ) ;
#661 = VERTEX_POINT ( 'NONE', #1601 ) ;
#662 = FACE_OUTER_BOUND ( 'NONE', #1428, .T. ) ;
#663 = CARTESIAN_POINT ( 'NONE',  ( -3.999999999999986233, 4.000000000000000000, 41.49999999999999289 ) ) ;
#664 = FACE_OUTER_BOUND ( 'NONE', #1679, .T. ) ;
#665 = LINE ( 'NONE', #645, #1442 ) ;
#666 =( NAMED_UNIT ( * ) PLANE_ANGLE_UNIT ( ) SI_UNIT ( $, .RADIAN. ) );
#667 = CARTESIAN_POINT ( 'NONE',  ( -45.54500000000003723, 0.000000000000000000, -43.00091236126597494 ) ) ;
#668 = ADVANCED_FACE ( 'NONE', ( #1906 ), #563, .T. ) ;
#669 = ORIENTED_EDGE ( 'NONE', *, *, #813, .T. ) ;
#670 = CARTESIAN_POINT ( 'NONE',  ( 1.387778780781445676E-14, 19.00000000000000000, 37.49999999999999289 ) ) ;
#671 = CARTESIAN_POINT ( 'NONE',  ( -46.49144656010177101, 0.01386057163581237706, -49.77134887054065615 ) ) ;
#672 = VERTEX_POINT ( 'NONE', #532 ) ;
#673 =( BOUNDED_CURVE ( )  B_SPLINE_CURVE ( 3, ( #1887, #388, #1589, #1439 ),
 .UNSPECIFIED., .F., .F. ) 
 B_SPLINE_CURVE_WITH_KNOTS ( ( 4, 4 ),
 ( 3.563597683492014223, 3.577924966588370115 ),
 .UNSPECIFIED. ) 
 CURVE ( )  GEOMETRIC_REPRESENTATION_ITEM ( )  RATIONAL_B_SPLINE_CURVE ( ( 1.000000000000000000, 0.9999828941530761739, 0.9999828941530761739, 1.000000000000000000 ) ) 
 REPRESENTATION_ITEM ( '' )  );
#674 = CARTESIAN_POINT ( 'NONE',  ( -20.50000000000000711, 1.656854249492380582, -37.50000000000000000 ) ) ;
#675 = CARTESIAN_POINT ( 'NONE',  ( 45.00000000000000000, 0.000000000000000000, -36.95000000000000284 ) ) ;
#676 = DIRECTION ( 'NONE',  ( -0.000000000000000000, -1.000000000000000000, -0.000000000000000000 ) ) ;
#677 = AXIS2_PLACEMENT_3D ( 'NONE', #1514, #749, #1712 ) ;
#678 = CARTESIAN_POINT ( 'NONE',  ( -45.00000000000000000, 20.00000000000000000, -40.00000000000000000 ) ) ;
#679 = EDGE_LOOP ( 'NONE', ( #442, #1501 ) ) ;
#680 = EDGE_CURVE ( 'NONE', #644, #955, #833, .T. ) ;
#681 = VECTOR ( 'NONE', #1387, 1000.000000000000000 ) ;
#682 = AXIS2_PLACEMENT_3D ( 'NONE', #840, #1299, #546 ) ;
#683 = DIRECTION ( 'NONE',  ( 0.000000000000000000, 1.000000000000000000, -0.000000000000000000 ) ) ;
#684 = VERTEX_POINT ( 'NONE', #411 ) ;
#685 = STYLED_ITEM ( 'NONE', ( #1102 ), #1957 ) ;
#686 = DIRECTION ( 'NONE',  ( 1.000000000000000000, 0.000000000000000000, 0.000000000000000000 ) ) ;
#687 = FACE_OUTER_BOUND ( 'NONE', #1010, .T. ) ;
#688 =( BOUNDED_CURVE ( )  B_SPLINE_CURVE ( 3, ( #1110, #1952, #360, #1575 ),
 .UNSPECIFIED., .F., .T. ) 
 B_SPLINE_CURVE_WITH_KNOTS ( ( 4, 4 ),
 ( 1.570796326794896558, 3.141592653589793116 ),
 .UNSPECIFIED. ) 
 CURVE ( )  GEOMETRIC_REPRESENTATION_ITEM ( )  RATIONAL_B_SPLINE_CURVE ( ( 1.000000000000000000, 0.8047378541243649375, 0.8047378541243649375, 1.000000000000000000 ) ) 
 REPRESENTATION_ITEM ( '' )  );
#689 = DIRECTION ( 'NONE',  ( -1.000000000000000000, -0.000000000000000000, -0.000000000000000000 ) ) ;
#690 = DIRECTION ( 'NONE',  ( 0.000000000000000000, -1.000000000000000000, 0.000000000000000000 ) ) ;
#691 = VERTEX_POINT ( 'NONE', #863 ) ;
#692 = CARTESIAN_POINT ( 'NONE',  ( 20.49999999999999289, 15.00000000000000000, -37.50000000000000000 ) ) ;
#693 = FACE_OUTER_BOUND ( 'NONE', #481, .T. ) ;
#694 = ORIENTED_EDGE ( 'NONE', *, *, #717, .F. ) ;
#695 = EDGE_CURVE ( 'NONE', #794, #1434, #1471, .T. ) ;
#696 = CARTESIAN_POINT ( 'NONE',  ( -45.55665227346937485, 8.750074489462727811, 79.53161032080399195 ) ) ;
#697 = CYLINDRICAL_SURFACE ( 'NONE', #1783, 4.000000000000000000 ) ;
#698 = CARTESIAN_POINT ( 'NONE',  ( 4.000000000000015099, 1.656854249492380582, 37.50000000000000000 ) ) ;
#699 = ORIENTED_EDGE ( 'NONE', *, *, #1433, .F. ) ;
#700 = CARTESIAN_POINT ( 'NONE',  ( 45.54499999999999460, 8.755306122448985207, 72.93364296703640548 ) ) ;
#701 = PLANE ( 'NONE',  #1343 ) ;
#702 = PLANE ( 'NONE',  #299 ) ;
#703 = EDGE_CURVE ( 'NONE', #1112, #1319, #1771, .T. ) ;
#704 = CARTESIAN_POINT ( 'NONE',  ( -47.97305266105689725, 0.1545228125877318170, -40.70319067419077186 ) ) ;
#705 = VECTOR ( 'NONE', #811, 1000.000000000000000 ) ;
#706 = ORIENTED_EDGE ( 'NONE', *, *, #1886, .T. ) ;
#707 = CIRCLE ( 'NONE', #136, 3.049999999999997158 ) ;
#708 = CARTESIAN_POINT ( 'NONE',  ( 45.89378075806664015, 0.003297999554578354836, -37.07855398863593166 ) ) ;
#709 = DIRECTION ( 'NONE',  ( -0.000000000000000000, -1.000000000000000000, -0.000000000000000000 ) ) ;
#710 = VERTEX_POINT ( 'NONE', #715 ) ;
#711 = B_SPLINE_CURVE_WITH_KNOTS ( 'NONE', 3,
 ( #1298, #53, #820, #1257, #535, #998, #1608, #80 ),
 .UNSPECIFIED., .F., .F.,
 ( 4, 2, 2, 4 ),
 ( 3.000449071157725578E-21, 0.003612478637201670031, 0.005418717955802508299, 0.007224957274403346133 ),
 .UNSPECIFIED. ) ;
#712 = FACE_OUTER_BOUND ( 'NONE', #141, .T. ) ;
#713 = LINE ( 'NONE', #1635, #590 ) ;
#714 = ORIENTED_EDGE ( 'NONE', *, *, #1776, .F. ) ;
#715 = CARTESIAN_POINT ( 'NONE',  ( -45.54500000000000171, 8.755306122448970996, -28.00000000000003908 ) ) ;
#716 = EDGE_CURVE ( 'NONE', #238, #1483, #381, .T. ) ;
#717 = EDGE_CURVE ( 'NONE', #1057, #1146, #1284, .T. ) ;
#718 = VERTEX_POINT ( 'NONE', #1294 ) ;
#719 = CARTESIAN_POINT ( 'NONE',  ( 0.000000000000000000, 4.000000000000000000, -37.50000000000000000 ) ) ;
#720 = CARTESIAN_POINT ( 'NONE',  ( -52.02999999999999403, 20.00000000000000000, 90.80364296703638161 ) ) ;
#721 = VERTEX_POINT ( 'NONE', #1888 ) ;
#722 = DIRECTION ( 'NONE',  ( 0.000000000000000000, 0.000000000000000000, -1.000000000000000000 ) ) ;
#723 = CARTESIAN_POINT ( 'NONE',  ( 27.00000000000001066, 0.000000000000000000, 85.00000000000000000 ) ) ;
#724 = ORIENTED_EDGE ( 'NONE', *, *, #405, .T. ) ;
#725 = FACE_OUTER_BOUND ( 'NONE', #11, .T. ) ;
#726 = ORIENTED_EDGE ( 'NONE', *, *, #1567, .T. ) ;
#727 = EDGE_CURVE ( 'NONE', #858, #23, #419, .T. ) ;
#728 = CARTESIAN_POINT ( 'NONE',  ( 48.03423308214283338, 0.1622706148463817777, -40.35629882530857060 ) ) ;
#729 = CARTESIAN_POINT ( 'NONE',  ( 45.55665227346938195, 8.750074489462733140, 79.53161032080400616 ) ) ;
#730 = ORIENTED_EDGE ( 'NONE', *, *, #1591, .F. ) ;
#731 = CYLINDRICAL_SURFACE ( 'NONE', #585, 28.00000000000001776 ) ;
#732 = DIRECTION ( 'NONE',  ( 0.000000000000000000, 1.000000000000000000, -0.000000000000000000 ) ) ;
#733 = ORIENTED_EDGE ( 'NONE', *, *, #1948, .F. ) ;
#734 = CARTESIAN_POINT ( 'NONE',  ( -16.50000000000000711, 19.00000000000000000, 33.50000000000000000 ) ) ;
#735 = ORIENTED_EDGE ( 'NONE', *, *, #512, .F. ) ;
#736 = CIRCLE ( 'NONE', #39, 3.049999999999997158 ) ;
#737 = CARTESIAN_POINT ( 'NONE',  ( 47.45503588917328841, 0.09627807078193950652, -38.18162407261050362 ) ) ;
#738 = CARTESIAN_POINT ( 'NONE',  ( -51.94967110735954918, 1.071223103687179101, -42.83488143834048145 ) ) ;
#739 = EDGE_CURVE ( 'NONE', #684, #163, #621, .T. ) ;
#740 = ORIENTED_EDGE ( 'NONE', *, *, #925, .T. ) ;
#741 = VECTOR ( 'NONE', #676, 1000.000000000000000 ) ;
#742 = CARTESIAN_POINT ( 'NONE',  ( -24.50000000000000711, 0.000000000000000000, 41.49999999999999289 ) ) ;
#743 = CYLINDRICAL_SURFACE ( 'NONE', #1249, 15.00000000000000000 ) ;
#744 = EDGE_CURVE ( 'NONE', #1901, #1065, #550, .T. ) ;
#745 = ORIENTED_EDGE ( 'NONE', *, *, #365, .T. ) ;
#746 = DIRECTION ( 'NONE',  ( -0.000000000000000000, 0.000000000000000000, 1.000000000000000000 ) ) ;
#747 = VECTOR ( 'NONE', #796, 1000.000000000000000 ) ;
#748 = EDGE_LOOP ( 'NONE', ( #1775, #268, #1037, #534 ) ) ;
#749 = DIRECTION ( 'NONE',  ( -0.000000000000000000, -1.000000000000000000, 0.000000000000000000 ) ) ;
#750 = CARTESIAN_POINT ( 'NONE',  ( 52.03000000000006509, 5.843673469387725916, 90.80364296703635318 ) ) ;
#751 = EDGE_LOOP ( 'NONE', ( #655, #1215, #1498, #127 ) ) ;
#752 = EDGE_CURVE ( 'NONE', #484, #756, #825, .T. ) ;
#753 = CARTESIAN_POINT ( 'NONE',  ( 48.63818812025307636, 0.2451348525525923194, -46.84614087785727321 ) ) ;
#754 = CARTESIAN_POINT ( 'NONE',  ( 0.000000000000000000, 4.000000000000000000, -41.49999999999999289 ) ) ;
#755 = ADVANCED_FACE ( 'NONE', ( #117 ), #1936, .T. ) ;
#756 = VERTEX_POINT ( 'NONE', #150 ) ;
#757 = DIRECTION ( 'NONE',  ( -0.000000000000000000, -1.000000000000000000, -0.000000000000000000 ) ) ;
#758 = ORIENTED_EDGE ( 'NONE', *, *, #958, .T. ) ;
#759 = CARTESIAN_POINT ( 'NONE',  ( 20.49999999999999289, 15.00000000000000000, -37.50000000000000000 ) ) ;
#760 = CARTESIAN_POINT ( 'NONE',  ( -11.93237089457610267, 20.00000000000000000, 64.71795570775451267 ) ) ;
#761 = ORIENTED_EDGE ( 'NONE', *, *, #727, .F. ) ;
#762 = CARTESIAN_POINT ( 'NONE',  ( 51.83336206730896123, 1.031733756367018806, -43.10468399907350801 ) ) ;
#763 = CARTESIAN_POINT ( 'NONE',  ( -45.54500000000000881, 0.000000000000000000, -51.99999999999996447 ) ) ;
#764 = VERTEX_POINT ( 'NONE', #1199 ) ;
#765 = CARTESIAN_POINT ( 'NONE',  ( 23.14442875203259575, 18.81270545827109331, -38.72485007723591366 ) ) ;
#766 = EDGE_CURVE ( 'NONE', #1256, #1134, #617, .T. ) ;
#767 = ORIENTED_EDGE ( 'NONE', *, *, #1129, .T. ) ;
#768 = DIRECTION ( 'NONE',  ( 0.000000000000000000, 0.000000000000000000, 1.000000000000000000 ) ) ;
#769 = CARTESIAN_POINT ( 'NONE',  ( -18.84314575050762741, 19.00000000000000000, 35.84314575050762386 ) ) ;
#770 = ORIENTED_EDGE ( 'NONE', *, *, #380, .F. ) ;
#771 = DIRECTION ( 'NONE',  ( 0.000000000000000000, 0.000000000000000000, -1.000000000000000000 ) ) ;
#772 = CARTESIAN_POINT ( 'NONE',  ( -3.946495907847236771E-14, 4.000000000000000000, 45.50000000000000000 ) ) ;
#773 = AXIS2_PLACEMENT_3D ( 'NONE', #1280, #1293, #843 ) ;
#774 = VECTOR ( 'NONE', #1373, 1000.000000000000000 ) ;
#775 = CARTESIAN_POINT ( 'NONE',  ( 16.49999999999999289, 19.00000000000000000, 33.50000000000000000 ) ) ;
#776 = DIRECTION ( 'NONE',  ( 0.000000000000000000, 0.000000000000000000, 1.000000000000000000 ) ) ;
#777 = CYLINDRICAL_SURFACE ( 'NONE', #842, 4.000000000000000000 ) ;
#778 = ADVANCED_FACE ( 'NONE', ( #725 ), #592, .T. ) ;
#779 = VECTOR ( 'NONE', #812, 1000.000000000000000 ) ;
#780 = ORIENTED_EDGE ( 'NONE', *, *, #490, .F. ) ;
#781 = EDGE_CURVE ( 'NONE', #89, #221, #169, .T. ) ;
#782 = LINE ( 'NONE', #1085, #1815 ) ;
#783 = ORIENTED_EDGE ( 'NONE', *, *, #921, .F. ) ;
#784 = FACE_OUTER_BOUND ( 'NONE', #652, .T. ) ;
#785 = CARTESIAN_POINT ( 'NONE',  ( -49.50000000000003553, 6.979591836734668320, -34.00000000000002842 ) ) ;
#786 = ORIENTED_EDGE ( 'NONE', *, *, #717, .T. ) ;
#787 = CARTESIAN_POINT ( 'NONE',  ( 45.00000000000000000, 6.200000000000001066, -40.00000000000000000 ) ) ;
#788 = LINE ( 'NONE', #29, #936 ) ;
#789 = CARTESIAN_POINT ( 'NONE',  ( 53.86363636363634555, 5.020408163265313917, -42.72727272727270531 ) ) ;
#790 = ORIENTED_EDGE ( 'NONE', *, *, #1248, .F. ) ;
#791 = EDGE_CURVE ( 'NONE', #280, #339, #1050, .T. ) ;
#792 = DIRECTION ( 'NONE',  ( 0.000000000000000000, 0.000000000000000000, -1.000000000000000000 ) ) ;
#793 = CARTESIAN_POINT ( 'NONE',  ( 20.49999999999999289, 15.00000000000000000, 37.50000000000000000 ) ) ;
#794 = VERTEX_POINT ( 'NONE', #1355 ) ;
#795 = FACE_OUTER_BOUND ( 'NONE', #1480, .T. ) ;
#796 = DIRECTION ( 'NONE',  ( 0.000000000000000000, -0.000000000000000000, -1.000000000000000000 ) ) ;
#797 = LINE ( 'NONE', #1225, #1153 ) ;
#798 = VERTEX_POINT ( 'NONE', #1638 ) ;
#799 =( BOUNDED_CURVE ( )  B_SPLINE_CURVE ( 3, ( #1306, #129, #594, #1327 ),
 .UNSPECIFIED., .F., .T. ) 
 B_SPLINE_CURVE_WITH_KNOTS ( ( 4, 4 ),
 ( 1.570796326794896780, 3.141592653589793116 ),
 .UNSPECIFIED. ) 
 CURVE ( )  GEOMETRIC_REPRESENTATION_ITEM ( )  RATIONAL_B_SPLINE_CURVE ( ( 1.000000000000000000, 0.8047378541243650485, 0.8047378541243650485, 1.000000000000000000 ) ) 
 REPRESENTATION_ITEM ( '' )  );
#800 = EDGE_CURVE ( 'NONE', #1477, #831, #1364, .T. ) ;
#801 = DIRECTION ( 'NONE',  ( -0.000000000000000000, -1.000000000000000000, -0.000000000000000000 ) ) ;
#802 = CYLINDRICAL_SURFACE ( 'NONE', #1719, 15.00000000000001421 ) ;
#803 = ORIENTED_EDGE ( 'NONE', *, *, #1411, .F. ) ;
#804 = CARTESIAN_POINT ( 'NONE',  ( -28.31598700792973133, 16.49078134337849022, -43.89640833313321622 ) ) ;
#805 = CARTESIAN_POINT ( 'NONE',  ( 49.50000000000003553, 6.979591836734678090, -45.99999999999997158 ) ) ;
#806 = DIRECTION ( 'NONE',  ( 1.000000000000000000, 0.000000000000000000, 0.000000000000000000 ) ) ;
#807 = AXIS2_PLACEMENT_3D ( 'NONE', #1947, #1808, #1669 ) ;
#808 = AXIS2_PLACEMENT_3D ( 'NONE', #1368, #1214, #939 ) ;
#809 = CARTESIAN_POINT ( 'NONE',  ( -3.999999999999986233, 0.000000000000000000, 41.49999999999999289 ) ) ;
#810 = ORIENTED_EDGE ( 'NONE', *, *, #586, .T. ) ;
#811 = DIRECTION ( 'NONE',  ( -0.000000000000000000, -1.000000000000000000, -0.000000000000000000 ) ) ;
#812 = DIRECTION ( 'NONE',  ( -1.000000000000000000, -0.000000000000000000, -0.000000000000000000 ) ) ;
#813 = EDGE_CURVE ( 'NONE', #672, #721, #905, .T. ) ;
#814 = DIRECTION ( 'NONE',  ( 0.000000000000000000, 0.000000000000000000, -1.000000000000000000 ) ) ;
#815 = CARTESIAN_POINT ( 'NONE',  ( -49.50000000000003553, 0.4058606508031171733, -34.00000000000002842 ) ) ;
#816 = LINE ( 'NONE', #1840, #562 ) ;
#817 = EDGE_CURVE ( 'NONE', #572, #1483, #1656, .T. ) ;
#818 = DIRECTION ( 'NONE',  ( -2.168404344971010594E-16, 0.000000000000000000, 1.000000000000000000 ) ) ;
#819 = ORIENTED_EDGE ( 'NONE', *, *, #781, .F. ) ;
#820 = CARTESIAN_POINT ( 'NONE',  ( 46.49144656010178522, 0.01386057163581769572, -30.22865112945932253 ) ) ;
#821 = DIRECTION ( 'NONE',  ( 0.000000000000000000, 0.000000000000000000, 1.000000000000000000 ) ) ;
#822 = ORIENTED_EDGE ( 'NONE', *, *, #69, .T. ) ;
#823 = PLANE ( 'NONE',  #1658 ) ;
#824 = FACE_OUTER_BOUND ( 'NONE', #748, .T. ) ;
#825 =( BOUNDED_CURVE ( )  B_SPLINE_CURVE ( 3, ( #7, #139, #765, #463 ),
 .UNSPECIFIED., .F., .T. ) 
 B_SPLINE_CURVE_WITH_KNOTS ( ( 4, 4 ),
 ( 4.712388980384689674, 5.134394010286909449 ),
 .UNSPECIFIED. ) 
 CURVE ( )  GEOMETRIC_REPRESENTATION_ITEM ( )  RATIONAL_B_SPLINE_CURVE ( ( 1.000000000000000000, 0.9852142927430949104, 0.9852142927430949104, 1.000000000000000000 ) ) 
 REPRESENTATION_ITEM ( '' )  );
#826 = DIRECTION ( 'NONE',  ( 0.000000000000000000, 1.000000000000000000, -0.000000000000000000 ) ) ;
#827 = EDGE_CURVE ( 'NONE', #469, #1184, #265, .T. ) ;
#828 = ORIENTED_EDGE ( 'NONE', *, *, #24, .T. ) ;
#829 = CARTESIAN_POINT ( 'NONE',  ( 47.22757934385507639, 0.07513970529111767271, -42.09091579721840759 ) ) ;
#830 = CARTESIAN_POINT ( 'NONE',  ( -45.54500000000000171, 20.00000000000000000, -28.00000000000003908 ) ) ;
#831 = VERTEX_POINT ( 'NONE', #1781 ) ;
#832 = DIRECTION ( 'NONE',  ( 1.000000000000000000, 0.000000000000000000, 0.000000000000000000 ) ) ;
#833 = LINE ( 'NONE', #256, #900 ) ;
#834 = AXIS2_PLACEMENT_3D ( 'NONE', #298, #158, #1810 ) ;
#835 = CARTESIAN_POINT ( 'NONE',  ( -46.36172095191158604, 8.388615082815201518, -49.69774746774201901 ) ) ;
#836 = VERTEX_POINT ( 'NONE', #734 ) ;
#837 = AXIS2_PLACEMENT_3D ( 'NONE', #723, #1924, #1645 ) ;
#838 = CIRCLE ( 'NONE', #1878, 3.049999999999997158 ) ;
#839 = CYLINDRICAL_SURFACE ( 'NONE', #990, 3.049999999999997158 ) ;
#840 = CARTESIAN_POINT ( 'NONE',  ( -59.68181743159494346, 20.00000000000000000, -57.01501674032634526 ) ) ;
#841 = ORIENTED_EDGE ( 'NONE', *, *, #1482, .T. ) ;
#842 = AXIS2_PLACEMENT_3D ( 'NONE', #1109, #359, #351 ) ;
#843 = DIRECTION ( 'NONE',  ( 0.000000000000000000, 0.000000000000000000, -1.000000000000000000 ) ) ;
#844 = CARTESIAN_POINT ( 'NONE',  ( 41.10100626588258876, 10.75056861531803243, 93.42121182870114637 ) ) ;
#845 = CARTESIAN_POINT ( 'NONE',  ( 0.000000000000000000, 4.000000000000000000, 41.49999999999999289 ) ) ;
#846 = FACE_OUTER_BOUND ( 'NONE', #581, .T. ) ;
#847 = ORIENTED_EDGE ( 'NONE', *, *, #1705, .F. ) ;
#848 = CARTESIAN_POINT ( 'NONE',  ( 45.54499999999987381, 8.755306122449004746, -60.49490256491689166 ) ) ;
#849 = ADVANCED_FACE ( 'NONE', ( #1647 ), #1950, .T. ) ;
#850 = ORIENTED_EDGE ( 'NONE', *, *, #1558, .F. ) ;
#851 =( BOUNDED_CURVE ( )  B_SPLINE_CURVE ( 3, ( #1622, #1632, #867, #111 ),
 .UNSPECIFIED., .F., .T. ) 
 B_SPLINE_CURVE_WITH_KNOTS ( ( 4, 4 ),
 ( 0.000000000000000000, 1.570796326794897446 ),
 .UNSPECIFIED. ) 
 CURVE ( )  GEOMETRIC_REPRESENTATION_ITEM ( )  RATIONAL_B_SPLINE_CURVE ( ( 1.000000000000000000, 0.8047378541243648264, 0.8047378541243648264, 1.000000000000000000 ) ) 
 REPRESENTATION_ITEM ( '' )  );
#852 = CARTESIAN_POINT ( 'NONE',  ( -27.00000000000001066, 6.200000000000001066, 88.04999999999999716 ) ) ;
#853 = CARTESIAN_POINT ( 'NONE',  ( -11.93237089457610267, -20.00000000000000000, -125.0000000000000000 ) ) ;
#854 = PLANE ( 'NONE',  #1782 ) ;
#855 = VERTEX_POINT ( 'NONE', #1064 ) ;
#856 = CARTESIAN_POINT ( 'NONE',  ( 45.54500000000089699, 0.000000000000000000, -71.00000000000002842 ) ) ;
#857 = CARTESIAN_POINT ( 'NONE',  ( 45.54499999999999460, 8.755306122448985207, 72.93364296703640548 ) ) ;
#858 = VERTEX_POINT ( 'NONE', #875 ) ;
#859 = EDGE_CURVE ( 'NONE', #1550, #1319, #421, .T. ) ;
#860 = CARTESIAN_POINT ( 'NONE',  ( 28.31598700792975620, 16.49078134337849022, -43.89640833313321622 ) ) ;
#861 = LINE ( 'NONE', #1467, #1412 ) ;
#862 = ADVANCED_FACE ( 'NONE', ( #1794 ), #1671, .F. ) ;
#863 = CARTESIAN_POINT ( 'NONE',  ( 1.387778780781445676E-14, 19.00000000000000000, 33.50000000000000000 ) ) ;
#864 = ORIENTED_EDGE ( 'NONE', *, *, #1520, .F. ) ;
#865 = AXIS2_PLACEMENT_3D ( 'NONE', #1241, #1091, #167 ) ;
#866 = CARTESIAN_POINT ( 'NONE',  ( 46.22500738277395271, 0.01271616963021554234, -37.20124174803278549 ) ) ;
#867 = CARTESIAN_POINT ( 'NONE',  ( -5.656854249492369924, -1.937655192648178540E-15, 43.15685424949237614 ) ) ;
#868 = VECTOR ( 'NONE', #912, 1000.000000000000000 ) ;
#869 = ORIENTED_EDGE ( 'NONE', *, *, #609, .T. ) ;
#870 = CIRCLE ( 'NONE', #559, 3.049999999999997158 ) ;
#871 = CYLINDRICAL_SURFACE ( 'NONE', #895, 40.00000000000000000 ) ;
#872 = DIRECTION ( 'NONE',  ( 0.000000000000000000, 0.000000000000000000, -1.000000000000000000 ) ) ;
#873 = CIRCLE ( 'NONE', #142, 3.049999999999997158 ) ;
#874 = EDGE_LOOP ( 'NONE', ( #733, #970 ) ) ;
#875 = CARTESIAN_POINT ( 'NONE',  ( 4.000000000000014211, 4.000000000000000000, 37.50000000000000000 ) ) ;
#876 = EDGE_CURVE ( 'NONE', #644, #710, #1021, .T. ) ;
#877 = ORIENTED_EDGE ( 'NONE', *, *, #1615, .T. ) ;
#878 = CARTESIAN_POINT ( 'NONE',  ( 4.000000000000014211, 4.000000000000000000, 41.50000000000000000 ) ) ;
#879 = ORIENTED_EDGE ( 'NONE', *, *, #766, .F. ) ;
#880 = FACE_OUTER_BOUND ( 'NONE', #368, .T. ) ;
#881 = CARTESIAN_POINT ( 'NONE',  ( 45.49093946183177195, 19.99992693632187013, -71.00000000000002842 ) ) ;
#882 = ORIENTED_EDGE ( 'NONE', *, *, #886, .T. ) ;
#883 = CARTESIAN_POINT ( 'NONE',  ( 4.000000000000014211, 4.000000000000000000, 41.50000000000000000 ) ) ;
#884 = EDGE_CURVE ( 'NONE', #1146, #1065, #1829, .T. ) ;
#885 = ORIENTED_EDGE ( 'NONE', *, *, #1776, .T. ) ;
#886 = EDGE_CURVE ( 'NONE', #1697, #308, #1598, .T. ) ;
#887 = CARTESIAN_POINT ( 'NONE',  ( 16.49999999999999289, 19.00000000000000000, -33.50000000000000000 ) ) ;
#888 = CARTESIAN_POINT ( 'NONE',  ( 45.00000000000000000, 6.200000000000001066, -43.04999999999999716 ) ) ;
#889 = VERTEX_POINT ( 'NONE', #1704 ) ;
#890 = CARTESIAN_POINT ( 'NONE',  ( -20.50000000000000711, 15.00000000000000000, 37.50000000000000000 ) ) ;
#891 = DIRECTION ( 'NONE',  ( 0.000000000000000000, 1.000000000000000000, -0.000000000000000000 ) ) ;
#892 = ORIENTED_EDGE ( 'NONE', *, *, #1374, .T. ) ;
#893 = CARTESIAN_POINT ( 'NONE',  ( -49.50000000000001421, 20.00000000000000000, -45.99999999999998579 ) ) ;
#894 = ORIENTED_EDGE ( 'NONE', *, *, #132, .T. ) ;
#895 = AXIS2_PLACEMENT_3D ( 'NONE', #284, #1330, #1923 ) ;
#896 = CARTESIAN_POINT ( 'NONE',  ( 0.000000000000000000, 0.000000000000000000, 0.000000000000000000 ) ) ;
#897 = CARTESIAN_POINT ( 'NONE',  ( -49.50000000000003553, 0.4058606508031171733, -34.00000000000002842 ) ) ;
#898 = EDGE_LOOP ( 'NONE', ( #1637, #1349, #318, #1345 ) ) ;
#899 = EDGE_CURVE ( 'NONE', #721, #1585, #71, .T. ) ;
#900 = VECTOR ( 'NONE', #66, 1000.000000000000000 ) ;
#901 = CARTESIAN_POINT ( 'NONE',  ( -20.50000000000000000, 20.00000000000000711, -125.0000000000000000 ) ) ;
#902 = FACE_OUTER_BOUND ( 'NONE', #1954, .T. ) ;
#903 = CIRCLE ( 'NONE', #1124, 3.049999999999997158 ) ;
#904 = ORIENTED_EDGE ( 'NONE', *, *, #182, .F. ) ;
#905 = LINE ( 'NONE', #1926, #40 ) ;
#906 = ORIENTED_EDGE ( 'NONE', *, *, #1676, .T. ) ;
#907 = DIRECTION ( 'NONE',  ( -0.000000000000000000, -1.000000000000000000, 0.000000000000000000 ) ) ;
#908 = CARTESIAN_POINT ( 'NONE',  ( -45.54500000000000171, 8.755306122448972772, 5.477941933087691191E-15 ) ) ;
#909 = ORIENTED_EDGE ( 'NONE', *, *, #1517, .F. ) ;
#910 = EDGE_CURVE ( 'NONE', #684, #1068, #1295, .T. ) ;
#911 = CARTESIAN_POINT ( 'NONE',  ( 49.50000000000004263, 0.4058606508031276094, -45.99999999999996447 ) ) ;
#912 = DIRECTION ( 'NONE',  ( 1.000000000000000000, -0.000000000000000000, 0.000000000000000000 ) ) ;
#913 = ORIENTED_EDGE ( 'NONE', *, *, #278, .T. ) ;
#914 = DIRECTION ( 'NONE',  ( 0.000000000000000000, 0.000000000000000000, 1.000000000000000000 ) ) ;
#915 = ORIENTED_EDGE ( 'NONE', *, *, #307, .T. ) ;
#916 = CARTESIAN_POINT ( 'NONE',  ( -49.50000000000003553, 6.979591836734668320, -34.00000000000002842 ) ) ;
#917 = DIRECTION ( 'NONE',  ( -1.000000000000000000, -0.000000000000000000, 0.000000000000000000 ) ) ;
#918 = ORIENTED_EDGE ( 'NONE', *, *, #1792, .F. ) ;
#919 = DIRECTION ( 'NONE',  ( 0.000000000000000000, -0.000000000000000000, -1.000000000000000000 ) ) ;
#920 = CARTESIAN_POINT ( 'NONE',  ( 49.50000000000001421, 20.00000000000000000, -34.00000000000001421 ) ) ;
#921 = EDGE_CURVE ( 'NONE', #1553, #558, #1874, .T. ) ;
#922 = CARTESIAN_POINT ( 'NONE',  ( -45.54500000000003723, 0.000000000000000000, -28.00000000000267519 ) ) ;
#923 = DIRECTION ( 'NONE',  ( 0.000000000000000000, 0.000000000000000000, 1.000000000000000000 ) ) ;
#924 = CARTESIAN_POINT ( 'NONE',  ( -3.999999999999986233, 19.00000000000000000, 37.50000000000000000 ) ) ;
#925 = EDGE_CURVE ( 'NONE', #691, #836, #961, .T. ) ;
#926 = ORIENTED_EDGE ( 'NONE', *, *, #695, .T. ) ;
#927 = FACE_OUTER_BOUND ( 'NONE', #1084, .T. ) ;
#928 = DIRECTION ( 'NONE',  ( -0.000000000000000000, -1.000000000000000000, -0.000000000000000000 ) ) ;
#929 = ORIENTED_EDGE ( 'NONE', *, *, #391, .F. ) ;
#930 = CYLINDRICAL_SURFACE ( 'NONE', #295, 4.000000000000000000 ) ;
#931 = AXIS2_PLACEMENT_3D ( 'NONE', #1171, #1613, #555 ) ;
#932 = ORIENTED_EDGE ( 'NONE', *, *, #739, .F. ) ;
#933 = PLANE ( 'NONE',  #1472 ) ;
#934 =( NAMED_UNIT ( * ) PLANE_ANGLE_UNIT ( ) SI_UNIT ( $, .RADIAN. ) );
#935 = VECTOR ( 'NONE', #517, 1000.000000000000000 ) ;
#936 = VECTOR ( 'NONE', #646, 1000.000000000000000 ) ;
#937 = ADVANCED_FACE ( 'NONE', ( #1531 ), #933, .T. ) ;
#938 = EDGE_LOOP ( 'NONE', ( #940, #629, #1465, #500 ) ) ;
#939 = DIRECTION ( 'NONE',  ( 0.9122695335844621667, -0.4095904028338407388, 0.000000000000000000 ) ) ;
#940 = ORIENTED_EDGE ( 'NONE', *, *, #586, .F. ) ;
#941 = CYLINDRICAL_SURFACE ( 'NONE', #959, 4.000000000000000000 ) ;
#942 = CARTESIAN_POINT ( 'NONE',  ( -53.86363636363634555, 5.020408163265305923, -42.72727272727271242 ) ) ;
#943 = ORIENTED_EDGE ( 'NONE', *, *, #1886, .F. ) ;
#944 = DIRECTION ( 'NONE',  ( 2.168404344971010594E-16, -0.000000000000000000, -1.000000000000000000 ) ) ;
#945 = FACE_OUTER_BOUND ( 'NONE', #1806, .T. ) ;
#946 = ADVANCED_FACE ( 'NONE', ( #56 ), #637, .T. ) ;
#947 = LINE ( 'NONE', #1525, #1253 ) ;
#948 = VERTEX_POINT ( 'NONE', #1572 ) ;
#949 = CARTESIAN_POINT ( 'NONE',  ( 27.00000000000001066, 0.000000000000000000, 81.95000000000000284 ) ) ;
#950 = CYLINDRICAL_SURFACE ( 'NONE', #1416, 3.049999999999997158 ) ;
#951 = ORIENTED_EDGE ( 'NONE', *, *, #1763, .F. ) ;
#952 = CARTESIAN_POINT ( 'NONE',  ( -13.89809550764969792, 8.086899381702298939, 99.13346893413856264 ) ) ;
#953 = DIRECTION ( 'NONE',  ( 1.000000000000000000, 0.000000000000000000, 0.000000000000000000 ) ) ;
#954 = EDGE_CURVE ( 'NONE', #1244, #691, #340, .T. ) ;
#955 = VERTEX_POINT ( 'NONE', #815 ) ;
#956 = CARTESIAN_POINT ( 'NONE',  ( -28.66730858519435188, 16.33304512501479167, 81.44955232007417578 ) ) ;
#957 = DIRECTION ( 'NONE',  ( 1.000000000000000000, -0.000000000000000000, 0.000000000000000000 ) ) ;
#958 = EDGE_CURVE ( 'NONE', #612, #794, #656, .T. ) ;
#959 = AXIS2_PLACEMENT_3D ( 'NONE', #1835, #919, #183 ) ;
#960 = FACE_OUTER_BOUND ( 'NONE', #181, .T. ) ;
#961 = LINE ( 'NONE', #28, #1058 ) ;
#962 = DIRECTION ( 'NONE',  ( -1.000000000000000000, 0.000000000000000000, -0.000000000000000000 ) ) ;
#963 = VECTOR ( 'NONE', #1722, 1000.000000000000000 ) ;
#964 = CARTESIAN_POINT ( 'NONE',  ( 20.49999999999999289, 17.34314575050762031, -37.50000000000000000 ) ) ;
#965 = CIRCLE ( 'NONE', #837, 3.049999999999997158 ) ;
#966 = VECTOR ( 'NONE', #344, 1000.000000000000000 ) ;
#967 = ORIENTED_EDGE ( 'NONE', *, *, #1301, .T. ) ;
#968 = CARTESIAN_POINT ( 'NONE',  ( 45.54499999999999460, 0.000000000000000000, 72.93364296703640548 ) ) ;
#969 = CARTESIAN_POINT ( 'NONE',  ( -27.00000000000001066, 20.00000000000000000, 81.95000000000000284 ) ) ;
#970 = ORIENTED_EDGE ( 'NONE', *, *, #1482, .F. ) ;
#971 = EDGE_CURVE ( 'NONE', #591, #190, #262, .T. ) ;
#972 = PLANE ( 'NONE',  #552 ) ;
#973 = PLANE ( 'NONE',  #464 ) ;
#974 = CARTESIAN_POINT ( 'NONE',  ( -45.89378075806668278, 0.003297999554576101430, -37.07855398863595298 ) ) ;
#975 = DIRECTION ( 'NONE',  ( -0.000000000000000000, -1.000000000000000000, -0.000000000000000000 ) ) ;
#976 = ORIENTED_EDGE ( 'NONE', *, *, #1291, .T. ) ;
#977 = CARTESIAN_POINT ( 'NONE',  ( 46.68944340968979390, 0.03527511551555564256, -42.54558193358213458 ) ) ;
#978 = CYLINDRICAL_SURFACE ( 'NONE', #1094, 4.000000000000000000 ) ;
#979 = ORIENTED_EDGE ( 'NONE', *, *, #642, .F. ) ;
#980 = FACE_OUTER_BOUND ( 'NONE', #1834, .T. ) ;
#981 = DIRECTION ( 'NONE',  ( -0.000000000000000000, -1.000000000000000000, 0.000000000000000000 ) ) ;
#982 = ADVANCED_FACE ( 'NONE', ( #795 ), #1404, .F. ) ;
#983 = CARTESIAN_POINT ( 'NONE',  ( -3.999999999999986233, 19.00000000000000000, 41.49999999999999289 ) ) ;
#984 = EDGE_CURVE ( 'NONE', #1226, #1326, #665, .T. ) ;
#985 = ORIENTED_EDGE ( 'NONE', *, *, #1570, .T. ) ;
#986 = CARTESIAN_POINT ( 'NONE',  ( 49.50000000000001421, 0.4058606508031241678, -34.00000000000001421 ) ) ;
#987 = CARTESIAN_POINT ( 'NONE',  ( -52.02999999999999403, 5.843673469387744568, 90.80364296703638161 ) ) ;
#988 = CARTESIAN_POINT ( 'NONE',  ( -22.15685424949239390, 4.369328464941717895E-16, -39.15685424949237614 ) ) ;
#989 = DIRECTION ( 'NONE',  ( 0.000000000000000000, 1.000000000000000000, -0.000000000000000000 ) ) ;
#990 = AXIS2_PLACEMENT_3D ( 'NONE', #61, #1577, #1595 ) ;
#991 = CARTESIAN_POINT ( 'NONE',  ( -47.73295044359785777, 0.1257937545149168390, -38.63452378322578085 ) ) ;
#992 = AXIS2_PLACEMENT_3D ( 'NONE', #896, #1024, #272 ) ;
#993 = EDGE_CURVE ( 'NONE', #1922, #672, #1680, .T. ) ;
#994 = LINE ( 'NONE', #809, #465 ) ;
#995 = ORIENTED_EDGE ( 'NONE', *, *, #1754, .F. ) ;
#996 = VECTOR ( 'NONE', #1552, 1000.000000000000000 ) ;
#997 = VECTOR ( 'NONE', #1111, 1000.000000000000000 ) ;
#998 = CARTESIAN_POINT ( 'NONE',  ( 48.63818812025267135, 0.2451348525525305633, -33.15385912214232889 ) ) ;
#999 = CARTESIAN_POINT ( 'NONE',  ( 0.000000000000000000, 19.00000000000000000, -33.50000000000000000 ) ) ;
#1000 = CARTESIAN_POINT ( 'NONE',  ( 0.000000000000000000, 19.00000000000000000, 37.50000000000000000 ) ) ;
#1001 = DIRECTION ( 'NONE',  ( -1.000000000000000000, 0.000000000000000000, -2.168404344971010840E-16 ) ) ;
#1002 = CARTESIAN_POINT ( 'NONE',  ( -47.45503588917330262, 0.09627807078193731383, -38.18162407261053204 ) ) ;
#1003 = ORIENTED_EDGE ( 'NONE', *, *, #94, .T. ) ;
#1004 = EDGE_CURVE ( 'NONE', #1882, #1812, #19, .T. ) ;
#1005 = CARTESIAN_POINT ( 'NONE',  ( 45.72073632039635527, 0.0004750217381615768437, -37.03100336404873616 ) ) ;
#1006 = CARTESIAN_POINT ( 'NONE',  ( -11.93237089457610267, 20.00000000000000000, 64.71795570775451267 ) ) ;
#1007 = CARTESIAN_POINT ( 'NONE',  ( -3.999999999999986233, 4.000000000000000000, 41.49999999999999289 ) ) ;
#1008 = CARTESIAN_POINT ( 'NONE',  ( 0.000000000000000000, 6.200000000000000178, 0.000000000000000000 ) ) ;
#1009 = CARTESIAN_POINT ( 'NONE',  ( -45.72073632039640501, 0.0004750217381621449656, -37.03100336404874326 ) ) ;
#1010 = EDGE_LOOP ( 'NONE', ( #979, #138, #1449, #214 ) ) ;
#1011 = EDGE_CURVE ( 'NONE', #537, #1403, #1687, .T. ) ;
#1012 = DIRECTION ( 'NONE',  ( 1.000000000000000000, 0.000000000000000000, 0.000000000000000000 ) ) ;
#1013 = CARTESIAN_POINT ( 'NONE',  ( -11.93237089457610267, 20.00000000000000000, 73.58574221347203093 ) ) ;
#1014 = ORIENTED_EDGE ( 'NONE', *, *, #391, .T. ) ;
#1015 = EDGE_CURVE ( 'NONE', #1184, #23, #1310, .T. ) ;
#1016 = DIRECTION ( 'NONE',  ( 1.000000000000000000, 0.000000000000000000, 0.000000000000000000 ) ) ;
#1017 = CARTESIAN_POINT ( 'NONE',  ( -45.00000000000000000, 0.000000000000000000, -40.00000000000000000 ) ) ;
#1018 = ORIENTED_EDGE ( 'NONE', *, *, #744, .F. ) ;
#1019 = CARTESIAN_POINT ( 'NONE',  ( -45.54500000000000881, 20.00000000000000000, -51.99999999999996447 ) ) ;
#1020 = VECTOR ( 'NONE', #588, 1000.000000000000000 ) ;
#1021 =( BOUNDED_CURVE ( )  B_SPLINE_CURVE ( 3, ( #206, #1251, #1850, #507 ),
 .UNSPECIFIED., .F., .F. ) 
 B_SPLINE_CURVE_WITH_KNOTS ( ( 4, 4 ),
 ( 2.316906992128697329, 2.800693700651563756 ),
 .UNSPECIFIED. ) 
 CURVE ( )  GEOMETRIC_REPRESENTATION_ITEM ( )  RATIONAL_B_SPLINE_CURVE ( ( 1.000000000000000000, 0.9805907858794921106, 0.9805907858794921106, 1.000000000000000000 ) ) 
 REPRESENTATION_ITEM ( '' )  );
#1022 = ORIENTED_EDGE ( 'NONE', *, *, #1661, .F. ) ;
#1023 = AXIS2_PLACEMENT_3D ( 'NONE', #845, #78, #1133 ) ;
#1024 = DIRECTION ( 'NONE',  ( 0.000000000000000000, 1.000000000000000000, -0.000000000000000000 ) ) ;
#1025 = CARTESIAN_POINT ( 'NONE',  ( -49.96569793118293745, 0.5011451706881897561, -34.34927344838722263 ) ) ;
#1026 = VECTOR ( 'NONE', #338, 1000.000000000000000 ) ;
#1027 = EDGE_LOOP ( 'NONE', ( #1672, #790 ) ) ;
#1028 = VECTOR ( 'NONE', #1255, 1000.000000000000000 ) ;
#1029 = CARTESIAN_POINT ( 'NONE',  ( 45.95307772792029510, 0.001103049108948954502, -50.84967077156149173 ) ) ;
#1030 = DIRECTION ( 'NONE',  ( 0.000000000000000000, 0.000000000000000000, -1.000000000000000000 ) ) ;
#1031 = EDGE_CURVE ( 'NONE', #718, #349, #1540, .T. ) ;
#1032 = ORIENTED_EDGE ( 'NONE', *, *, #1763, .T. ) ;
#1033 = CARTESIAN_POINT ( 'NONE',  ( -17.60126376615681210, 20.00000000000000355, -33.18168509136014421 ) ) ;
#1034 = VERTEX_POINT ( 'NONE', #1866 ) ;
#1035 = CARTESIAN_POINT ( 'NONE',  ( 48.05002648387453945, 0.1643257703796734692, -39.82302523763341640 ) ) ;
#1036 = CARTESIAN_POINT ( 'NONE',  ( 47.80742413797685231, 7.739523856418557557, 85.73381436378758735 ) ) ;
#1037 = ORIENTED_EDGE ( 'NONE', *, *, #1520, .T. ) ;
#1038 = PLANE ( 'NONE',  #1377 ) ;
#1039 = PLANE ( 'NONE',  #1382 ) ;
#1040 = ORIENTED_EDGE ( 'NONE', *, *, #307, .F. ) ;
#1041 = DIRECTION ( 'NONE',  ( 1.000000000000000000, 0.000000000000000000, -1.082733351925055031E-16 ) ) ;
#1042 = ADVANCED_FACE ( 'NONE', ( #401 ), #697, .T. ) ;
#1043 = EDGE_CURVE ( 'NONE', #1233, #1585, #1495, .T. ) ;
#1044 = EDGE_LOOP ( 'NONE', ( #1684, #18, #1049, #1516, #803, #714 ) ) ;
#1045 = FACE_OUTER_BOUND ( 'NONE', #286, .T. ) ;
#1046 = VERTEX_POINT ( 'NONE', #675 ) ;
#1047 = CARTESIAN_POINT ( 'NONE',  ( 28.49025975005275413, 16.41253643875184309, -44.07068107525606138 ) ) ;
#1048 = DIRECTION ( 'NONE',  ( -0.000000000000000000, -1.000000000000000000, -0.000000000000000000 ) ) ;
#1049 = ORIENTED_EDGE ( 'NONE', *, *, #12, .T. ) ;
#1050 = LINE ( 'NONE', #1208, #587 ) ;
#1051 =( BOUNDED_CURVE ( )  B_SPLINE_CURVE ( 3, ( #17, #942, #347, #785 ),
 .UNSPECIFIED., .F., .F. ) 
 B_SPLINE_CURVE_WITH_KNOTS ( ( 4, 4 ),
 ( 5.355890089177977487, 7.210480525181193201 ),
 .UNSPECIFIED. ) 
 CURVE ( )  GEOMETRIC_REPRESENTATION_ITEM ( )  RATIONAL_B_SPLINE_CURVE ( ( 1.000000000000000000, 0.7333333333333357240, 0.7333333333333357240, 1.000000000000000000 ) ) 
 REPRESENTATION_ITEM ( '' )  );
#1052 = ORIENTED_EDGE ( 'NONE', *, *, #1411, .T. ) ;
#1053 = ADVANCED_FACE ( 'NONE', ( #254 ), #1611, .T. ) ;
#1054 = VECTOR ( 'NONE', #801, 1000.000000000000000 ) ;
#1055 = CARTESIAN_POINT ( 'NONE',  ( 4.000000000000014211, 4.000000000000000000, 0.000000000000000000 ) ) ;
#1056 = DIRECTION ( 'NONE',  ( 0.6854070395089554291, 0.3077337728407559259, 0.6599372055315287922 ) ) ;
#1057 = VERTEX_POINT ( 'NONE', #92 ) ;
#1058 = VECTOR ( 'NONE', #177, 1000.000000000000000 ) ;
#1059 = VECTOR ( 'NONE', #306, 1000.000000000000000 ) ;
#1060 = FACE_OUTER_BOUND ( 'NONE', #1044, .T. ) ;
#1061 = FACE_OUTER_BOUND ( 'NONE', #1143, .T. ) ;
#1062 = AXIS2_PLACEMENT_3D ( 'NONE', #1593, #690, #59 ) ;
#1063 = ORIENTED_EDGE ( 'NONE', *, *, #403, .F. ) ;
#1064 = CARTESIAN_POINT ( 'NONE',  ( 20.49999999999999289, 15.00000000000000000, 37.50000000000000000 ) ) ;
#1065 = VERTEX_POINT ( 'NONE', #1600 ) ;
#1066 = DIRECTION ( 'NONE',  ( -0.000000000000000000, 0.000000000000000000, 1.000000000000000000 ) ) ;
#1067 = CARTESIAN_POINT ( 'NONE',  ( -45.54500000000003723, 0.000000000000000000, -43.00091236126597494 ) ) ;
#1068 = VERTEX_POINT ( 'NONE', #1158 ) ;
#1069 = DIRECTION ( 'NONE',  ( -1.000000000000000000, 0.000000000000000000, 0.000000000000000000 ) ) ;
#1070 = CARTESIAN_POINT ( 'NONE',  ( 45.54499999999999460, 20.00000000000000000, 72.93364296703640548 ) ) ;
#1071 = ADVANCED_FACE ( 'NONE', ( #824 ), #973, .F. ) ;
#1072 = ORIENTED_EDGE ( 'NONE', *, *, #1301, .F. ) ;
#1073 = DIRECTION ( 'NONE',  ( 0.000000000000000000, 0.000000000000000000, -1.000000000000000000 ) ) ;
#1074 = ORIENTED_EDGE ( 'NONE', *, *, #1861, .T. ) ;
#1075 = CARTESIAN_POINT ( 'NONE',  ( 4.000000000000014211, 19.00000000000000000, 41.50000000000000000 ) ) ;
#1076 = CARTESIAN_POINT ( 'NONE',  ( 20.49999999999999289, 1.656854249492381692, 37.50000000000000000 ) ) ;
#1077 = ORIENTED_EDGE ( 'NONE', *, *, #94, .F. ) ;
#1078 = CARTESIAN_POINT ( 'NONE',  ( 52.48362097283590089, 1.262165111234051729, -40.57589491819430094 ) ) ;
#1079 = DIRECTION ( 'NONE',  ( -0.000000000000000000, -1.000000000000000000, -0.000000000000000000 ) ) ;
#1080 = ADVANCED_FACE ( 'NONE', ( #1738 ), #702, .T. ) ;
#1081 = CARTESIAN_POINT ( 'NONE',  ( 8.000000000000014211, 0.000000000000000000, 41.49999999999999289 ) ) ;
#1082 = DIRECTION ( 'NONE',  ( -0.000000000000000000, -1.000000000000000000, -0.000000000000000000 ) ) ;
#1083 = SURFACE_STYLE_USAGE ( .BOTH. , #195 ) ;
#1084 = EDGE_LOOP ( 'NONE', ( #1296, #324, #639, #1914 ) ) ;
#1085 = CARTESIAN_POINT ( 'NONE',  ( 20.49999999999999289, 19.00000000000000000, 37.50000000000000000 ) ) ;
#1086 = ORIENTED_EDGE ( 'NONE', *, *, #703, .F. ) ;
#1087 = AXIS2_PLACEMENT_3D ( 'NONE', #640, #1541, #1817 ) ;
#1088 = CARTESIAN_POINT ( 'NONE',  ( 52.41568023100838758, 1.236950674338255673, -41.15927759113284168 ) ) ;
#1089 = CARTESIAN_POINT ( 'NONE',  ( 4.000000000000014211, 15.00000000000000000, 37.50000000000000000 ) ) ;
#1090 = CARTESIAN_POINT ( 'NONE',  ( -16.50000000000000711, 19.00000000000000000, -37.50000000000000000 ) ) ;
#1091 = DIRECTION ( 'NONE',  ( -1.000000000000000000, 0.000000000000000000, 0.000000000000000000 ) ) ;
#1092 = EDGE_CURVE ( 'NONE', #288, #1922, #673, .T. ) ;
#1093 = VECTOR ( 'NONE', #578, 1000.000000000000000 ) ;
#1094 = AXIS2_PLACEMENT_3D ( 'NONE', #1609, #396, #1448 ) ;
#1095 = ADVANCED_FACE ( 'NONE', ( #1431 ), #1760, .T. ) ;
#1096 = CARTESIAN_POINT ( 'NONE',  ( 24.49999999999999289, 0.000000000000000000, -41.49999999999999289 ) ) ;
#1097 = ORIENTED_EDGE ( 'NONE', *, *, #1227, .F. ) ;
#1098 = DIRECTION ( 'NONE',  ( 0.000000000000000000, 0.000000000000000000, 1.000000000000000000 ) ) ;
#1099 = LINE ( 'NONE', #165, #1750 ) ;
#1100 = ORIENTED_EDGE ( 'NONE', *, *, #1533, .T. ) ;
#1101 = CARTESIAN_POINT ( 'NONE',  ( 13.89809550764963753, 8.086899381702302492, 99.13346893413856264 ) ) ;
#1102 = PRESENTATION_STYLE_ASSIGNMENT (( #1083 ) ) ;
#1103 = ADVANCED_FACE ( 'NONE', ( #225 ), #410, .F. ) ;
#1104 = ADVANCED_FACE ( 'NONE', ( #687 ), #540, .T. ) ;
#1105 = ORIENTED_EDGE ( 'NONE', *, *, #1140, .F. ) ;
#1106 = CARTESIAN_POINT ( 'NONE',  ( -45.54500000000000171, 8.755306122448972772, 5.477941933087691191E-15 ) ) ;
#1107 = CARTESIAN_POINT ( 'NONE',  ( -45.95307772792032353, 0.001103049108948958188, -29.15032922843858998 ) ) ;
#1108 = CARTESIAN_POINT ( 'NONE',  ( 27.00000000000001066, 0.000000000000000000, 85.00000000000000000 ) ) ;
#1109 = CARTESIAN_POINT ( 'NONE',  ( 24.49999999999999289, 4.000000000000000000, 0.000000000000000000 ) ) ;
#1110 = CARTESIAN_POINT ( 'NONE',  ( 24.49999999999999289, 0.000000000000000000, -41.49999999999999289 ) ) ;
#1111 = DIRECTION ( 'NONE',  ( 0.000000000000000000, 0.000000000000000000, 1.000000000000000000 ) ) ;
#1112 = VERTEX_POINT ( 'NONE', #530 ) ;
#1113 = EDGE_CURVE ( 'NONE', #145, #1146, #861, .T. ) ;
#1114 = LINE ( 'NONE', #1447, #135 ) ;
#1115 = DIRECTION ( 'NONE',  ( 0.000000000000000000, 0.000000000000000000, 1.000000000000000000 ) ) ;
#1116 =( BOUNDED_CURVE ( )  B_SPLINE_CURVE ( 3, ( #1774, #1464, #282, #1164 ),
 .UNSPECIFIED., .F., .F. ) 
 B_SPLINE_CURVE_WITH_KNOTS ( ( 4, 4 ),
 ( 2.316906992128699549, 2.800693700651566420 ),
 .UNSPECIFIED. ) 
 CURVE ( )  GEOMETRIC_REPRESENTATION_ITEM ( )  RATIONAL_B_SPLINE_CURVE ( ( 1.000000000000000000, 0.9805907858794921106, 0.9805907858794921106, 1.000000000000000000 ) ) 
 REPRESENTATION_ITEM ( '' )  );
#1117 = AXIS2_PLACEMENT_3D ( 'NONE', #901, #114, #293 ) ;
#1118 = FACE_OUTER_BOUND ( 'NONE', #1825, .T. ) ;
#1119 = DIRECTION ( 'NONE',  ( -1.000000000000000000, 0.000000000000000000, -0.000000000000000000 ) ) ;
#1120 = DIRECTION ( 'NONE',  ( 0.000000000000000000, 0.000000000000000000, -1.000000000000000000 ) ) ;
#1121 = VECTOR ( 'NONE', #1554, 1000.000000000000000 ) ;
#1122 = CARTESIAN_POINT ( 'NONE',  ( -46.68944340968980100, 0.03527511551555457397, -42.54558193358209905 ) ) ;
#1123 = AXIS2_PLACEMENT_3D ( 'NONE', #473, #186, #776 ) ;
#1124 = AXIS2_PLACEMENT_3D ( 'NONE', #385, #88, #1115 ) ;
#1125 = ORIENTED_EDGE ( 'NONE', *, *, #1517, .T. ) ;
#1126 = LINE ( 'NONE', #653, #1714 ) ;
#1127 = CARTESIAN_POINT ( 'NONE',  ( -28.31598700792973133, 16.49078134337849022, 81.10157182110827989 ) ) ;
#1128 = EDGE_LOOP ( 'NONE', ( #877, #363, #1456, #1198 ) ) ;
#1129 = EDGE_CURVE ( 'NONE', #145, #612, #234, .T. ) ;
#1130 = CARTESIAN_POINT ( 'NONE',  ( -47.80742413797684520, 7.739523856418556669, 85.73381436378758735 ) ) ;
#1131 = DIRECTION ( 'NONE',  ( -0.000000000000000000, -1.000000000000000000, -0.000000000000000000 ) ) ;
#1132 = APPLICATION_PROTOCOL_DEFINITION ( 'draft international standard', 'automotive_design', 1998, #1657 ) ;
#1133 = DIRECTION ( 'NONE',  ( 0.000000000000000000, 0.000000000000000000, 1.000000000000000000 ) ) ;
#1134 = VERTEX_POINT ( 'NONE', #1778 ) ;
#1135 = CARTESIAN_POINT ( 'NONE',  ( -3.999999999999986233, 15.00000000000000000, 41.49999999999999289 ) ) ;
#1136 = CYLINDRICAL_SURFACE ( 'NONE', #682, 15.00000000000001421 ) ;
#1137 = ORIENTED_EDGE ( 'NONE', *, *, #564, .F. ) ;
#1138 = LINE ( 'NONE', #529, #1841 ) ;
#1139 = CARTESIAN_POINT ( 'NONE',  ( 48.41200174298421643, 7.468080850088717249, 91.77842883105044791 ) ) ;
#1140 = EDGE_CURVE ( 'NONE', #1706, #420, #285, .T. ) ;
#1141 = CARTESIAN_POINT ( 'NONE',  ( -45.54500000000003723, 0.000000000000000000, -36.99908763873402506 ) ) ;
#1142 = CARTESIAN_POINT ( 'NONE',  ( -45.54500000000000881, 8.755306122448967443, -51.99999999999996447 ) ) ;
#1143 = EDGE_LOOP ( 'NONE', ( #828, #1565, #1612, #1177 ) ) ;
#1144 = CARTESIAN_POINT ( 'NONE',  ( 45.54499999999987381, 8.755306122449004746, -60.49490256491689166 ) ) ;
#1145 = FACE_OUTER_BOUND ( 'NONE', #422, .T. ) ;
#1146 = VERTEX_POINT ( 'NONE', #441 ) ;
#1147 = CARTESIAN_POINT ( 'NONE',  ( -45.00000000000000000, 0.000000000000000000, -36.95000000000000284 ) ) ;
#1148 = CARTESIAN_POINT ( 'NONE',  ( 44.76804486740029887, 9.104143120759051300, 92.65118146343613148 ) ) ;
#1149 = CARTESIAN_POINT ( 'NONE',  ( -28.31598700792973133, 16.49078134337849022, -43.89640833313321622 ) ) ;
#1150 = ADVANCED_FACE ( 'NONE', ( #1061 ), #1361, .T. ) ;
#1151 = AXIS2_PLACEMENT_3D ( 'NONE', #1008, #989, #1730 ) ;
#1152 = ORIENTED_EDGE ( 'NONE', *, *, #470, .T. ) ;
#1153 = VECTOR ( 'NONE', #1663, 1000.000000000000000 ) ;
#1154 = CARTESIAN_POINT ( 'NONE',  ( 47.97388735230241963, 0.1546275242435595221, -39.30031650093801687 ) ) ;
#1155 = DIRECTION ( 'NONE',  ( -0.000000000000000000, -1.000000000000000000, -0.000000000000000000 ) ) ;
#1156 = ORIENTED_EDGE ( 'NONE', *, *, #82, .F. ) ;
#1157 = DIRECTION ( 'NONE',  ( 0.000000000000000000, 0.000000000000000000, -1.000000000000000000 ) ) ;
#1158 = CARTESIAN_POINT ( 'NONE',  ( -28.84712442764364582, 16.25231148146612270, -44.41752268940717840 ) ) ;
#1159 = CARTESIAN_POINT ( 'NONE',  ( -47.97388735230242673, 0.1546275242435555253, -39.30031650093803819 ) ) ;
#1160 = ADVANCED_FACE ( 'NONE', ( #1497 ), #1519, .F. ) ;
#1161 = ORIENTED_EDGE ( 'NONE', *, *, #1173, .T. ) ;
#1162 = EDGE_CURVE ( 'NONE', #451, #1392, #1197, .T. ) ;
#1163 = LINE ( 'NONE', #413, #1937 ) ;
#1164 = CARTESIAN_POINT ( 'NONE',  ( 45.54499999999999460, 8.755306122448985207, -28.00000000000001066 ) ) ;
#1165 = ORIENTED_EDGE ( 'NONE', *, *, #1399, .F. ) ;
#1166 = DIRECTION ( 'NONE',  ( 0.000000000000000000, 0.000000000000000000, -1.000000000000000000 ) ) ;
#1167 = CYLINDRICAL_SURFACE ( 'NONE', #103, 4.000000000000003553 ) ;
#1168 = ORIENTED_EDGE ( 'NONE', *, *, #954, .F. ) ;
#1169 = DIRECTION ( 'NONE',  ( 0.000000000000000000, 0.000000000000000000, -1.000000000000000000 ) ) ;
#1170 = ORIENTED_EDGE ( 'NONE', *, *, #1717, .F. ) ;
#1171 = CARTESIAN_POINT ( 'NONE',  ( -27.00000000000001066, 6.200000000000001066, 85.00000000000000000 ) ) ;
#1172 = CARTESIAN_POINT ( 'NONE',  ( -49.95396534434852498, 0.5030574620096238680, -45.63842554468143931 ) ) ;
#1173 = EDGE_CURVE ( 'NONE', #1655, #1780, #713, .T. ) ;
#1174 = ORIENTED_EDGE ( 'NONE', *, *, #954, .T. ) ;
#1175 = DIRECTION ( 'NONE',  ( 0.000000000000000000, 0.000000000000000000, -1.000000000000000000 ) ) ;
#1176 = CYLINDRICAL_SURFACE ( 'NONE', #1348, 20.00000000000000355 ) ;
#1177 = ORIENTED_EDGE ( 'NONE', *, *, #1907, .F. ) ;
#1178 = DIRECTION ( 'NONE',  ( 0.6854070395089554291, -0.3077337728407559259, -0.6599372055315287922 ) ) ;
#1179 = ORIENTED_EDGE ( 'NONE', *, *, #1504, .T. ) ;
#1180 = CIRCLE ( 'NONE', #931, 3.049999999999997158 ) ;
#1181 = CARTESIAN_POINT ( 'NONE',  ( 47.55576590509701163, 0.1066044913953903134, -41.67376613944488639 ) ) ;
#1182 = B_SPLINE_CURVE_WITH_KNOTS ( 'NONE', 3,
 ( #1276, #1420, #1872, #977, #1586, #222, #829, #1346, #1181, #87, #290, #1463, #1787, #728, #1764, #1035, #97, #1154, #436, #281, #1475, #566, #737, #574, #1756, #1899, #1641, #406, #866, #708, #1005, #1631 ),
 .UNSPECIFIED., .F., .F.,
 ( 4, 2, 2, 2, 2, 2, 2, 2, 2, 2, 2, 2, 2, 2, 2, 4 ),
 ( 8.497919032805643586E-16, 0.001056342675845222063, 0.001584514013767408195, 0.002112685351689594111, 0.002640856689611780026, 0.003169028027533966375, 0.003697199365456152725, 0.004225370703378339074, 0.004753542041300524990, 0.005281713379222710905, 0.005809884717144897688, 0.006338056055067083604, 0.006866227392989269519, 0.007394398730911456302, 0.007922570068833642218, 0.008450741406755828133 ),
 .UNSPECIFIED. ) ;
#1183 = CARTESIAN_POINT ( 'NONE',  ( -5.656854249492365483, -1.434762971647439685E-16, 39.15685424949237614 ) ) ;
#1184 = VERTEX_POINT ( 'NONE', #1769 ) ;
#1185 = ADVANCED_FACE ( 'NONE', ( #1479 ), #743, .F. ) ;
#1186 = AXIS2_PLACEMENT_3D ( 'NONE', #1271, #1532, #1252 ) ;
#1187 = CARTESIAN_POINT ( 'NONE',  ( 49.05651834035992209, 0.3151217099851834069, -46.40993576307377566 ) ) ;
#1188 = LINE ( 'NONE', #1206, #1093 ) ;
#1189 = ADVANCED_FACE ( 'NONE', ( #1916 ), #1039, .F. ) ;
#1190 = VERTEX_POINT ( 'NONE', #294 ) ;
#1191 = CARTESIAN_POINT ( 'NONE',  ( -23.14442875203259220, 18.81270545827109686, -38.72485007723592076 ) ) ;
#1192 = VERTEX_POINT ( 'NONE', #598 ) ;
#1193 = DIRECTION ( 'NONE',  ( 0.000000000000000000, 1.000000000000000000, -0.000000000000000000 ) ) ;
#1194 = FACE_OUTER_BOUND ( 'NONE', #1561, .T. ) ;
#1195 = EDGE_LOOP ( 'NONE', ( #1376, #553, #1097, #353, #780, #68 ) ) ;
#1196 = FACE_OUTER_BOUND ( 'NONE', #1944, .T. ) ;
#1197 = LINE ( 'NONE', #450, #1059 ) ;
#1198 = ORIENTED_EDGE ( 'NONE', *, *, #609, .F. ) ;
#1199 = CARTESIAN_POINT ( 'NONE',  ( -27.00000000000001066, 0.000000000000000000, 81.95000000000000284 ) ) ;
#1200 = EDGE_CURVE ( 'NONE', #178, #718, #397, .T. ) ;
#1201 = ORIENTED_EDGE ( 'NONE', *, *, #453, .T. ) ;
#1202 = CARTESIAN_POINT ( 'NONE',  ( 16.49999999999999289, 19.00000000000000000, 0.000000000000000000 ) ) ;
#1203 = CARTESIAN_POINT ( 'NONE',  ( 41.10100626588258876, 10.75056861531803243, 93.42121182870114637 ) ) ;
#1204 = ORIENTED_EDGE ( 'NONE', *, *, #1113, .F. ) ;
#1205 = CARTESIAN_POINT ( 'NONE',  ( 52.50039724312851774, 1.268469390292103816, -40.28104893874284897 ) ) ;
#1206 = CARTESIAN_POINT ( 'NONE',  ( -125.0000000000000000, 16.25231148146611559, -44.41752268940718551 ) ) ;
#1207 = ORIENTED_EDGE ( 'NONE', *, *, #432, .T. ) ;
#1208 = CARTESIAN_POINT ( 'NONE',  ( -45.54499999999999460, 20.00000000000000000, 72.93364296703640548 ) ) ;
#1209 = EDGE_CURVE ( 'NONE', #308, #1697, #965, .T. ) ;
#1210 = ORIENTED_EDGE ( 'NONE', *, *, #1676, .F. ) ;
#1211 = ADVANCED_FACE ( 'NONE', ( #902 ), #1167, .T. ) ;
#1212 = AXIS2_PLACEMENT_3D ( 'NONE', #101, #1339, #722 ) ;
#1213 = PLANE ( 'NONE',  #647 ) ;
#1214 = DIRECTION ( 'NONE',  ( -0.4095904028338407388, -0.9122695335844621667, 0.000000000000000000 ) ) ;
#1215 = ORIENTED_EDGE ( 'NONE', *, *, #800, .T. ) ;
#1216 =( BOUNDED_CURVE ( )  B_SPLINE_CURVE ( 3, ( #1894, #560, #1047, #860 ),
 .UNSPECIFIED., .F., .F. ) 
 B_SPLINE_CURVE_WITH_KNOTS ( ( 4, 4 ),
 ( 2.705260340591217894, 2.719587623687572009 ),
 .UNSPECIFIED. ) 
 CURVE ( )  GEOMETRIC_REPRESENTATION_ITEM ( )  RATIONAL_B_SPLINE_CURVE ( ( 1.000000000000000000, 0.9999828941530761739, 0.9999828941530761739, 1.000000000000000000 ) ) 
 REPRESENTATION_ITEM ( '' )  );
#1217 = CIRCLE ( 'NONE', #648, 3.049999999999997158 ) ;
#1218 = CARTESIAN_POINT ( 'NONE',  ( 1.387778780781445676E-14, 19.00000000000000000, 37.49999999999999289 ) ) ;
#1219 = LINE ( 'NONE', #920, #1026 ) ;
#1220 = VECTOR ( 'NONE', #1328, 1000.000000000000000 ) ;
#1221 = CARTESIAN_POINT ( 'NONE',  ( -49.05651834035993630, 0.3151217099851775783, -33.59006423692623144 ) ) ;
#1222 = CARTESIAN_POINT ( 'NONE',  ( 74.41466413490694265, -4.206583897305169017, -88.29176541516397947 ) ) ;
#1223 = ORIENTED_EDGE ( 'NONE', *, *, #1491, .F. ) ;
#1224 = CARTESIAN_POINT ( 'NONE',  ( 27.00000000000001066, 20.00000000000000000, 88.04999999999999716 ) ) ;
#1225 = CARTESIAN_POINT ( 'NONE',  ( -45.54500000000093962, 0.000000000000000000, -71.00000000000002842 ) ) ;
#1226 = VERTEX_POINT ( 'NONE', #607 ) ;
#1227 = EDGE_CURVE ( 'NONE', #1326, #89, #42, .T. ) ;
#1228 = CARTESIAN_POINT ( 'NONE',  ( 49.96569793118290903, 0.5011451706881974166, -34.34927344838719421 ) ) ;
#1229 = CARTESIAN_POINT ( 'NONE',  ( -45.00000000000000000, 20.00000000000000000, -40.00000000000000000 ) ) ;
#1230 = ORIENTED_EDGE ( 'NONE', *, *, #817, .T. ) ;
#1231 = DIRECTION ( 'NONE',  ( 0.000000000000000000, 0.000000000000000000, 1.000000000000000000 ) ) ;
#1232 = SURFACE_STYLE_FILL_AREA ( #1546 ) ;
#1233 = VERTEX_POINT ( 'NONE', #1340 ) ;
#1234 = FACE_OUTER_BOUND ( 'NONE', #1681, .T. ) ;
#1235 = ORIENTED_EDGE ( 'NONE', *, *, #1661, .T. ) ;
#1236 = EDGE_CURVE ( 'NONE', #1068, #572, #1188, .T. ) ;
#1237 = DIRECTION ( 'NONE',  ( -0.000000000000000000, -1.000000000000000000, -0.000000000000000000 ) ) ;
#1238 = DIRECTION ( 'NONE',  ( -0.000000000000000000, -1.000000000000000000, -0.000000000000000000 ) ) ;
#1239 = ADVANCED_FACE ( 'NONE', ( #264 ), #1176, .T. ) ;
#1240 = ORIENTED_EDGE ( 'NONE', *, *, #611, .T. ) ;
#1241 = CARTESIAN_POINT ( 'NONE',  ( 0.000000000000000000, 4.000000000000000000, 41.49999999999999289 ) ) ;
#1242 = LINE ( 'NONE', #1833, #235 ) ;
#1243 = B_SPLINE_CURVE_WITH_KNOTS ( 'NONE', 3,
 ( #253, #1029, #147, #597, #263, #753, #1187, #1352 ),
 .UNSPECIFIED., .F., .F.,
 ( 4, 2, 2, 4 ),
 ( 4.349080520756972154E-16, 0.003612478637200571517, 0.005418717955800633063, 0.007224957274400696343 ),
 .UNSPECIFIED. ) ;
#1244 = VERTEX_POINT ( 'NONE', #124 ) ;
#1245 = DIRECTION ( 'NONE',  ( 1.000000000000000000, 0.000000000000000000, 8.673617379884036458E-16 ) ) ;
#1246 = CARTESIAN_POINT ( 'NONE',  ( 59.68181743159492925, 20.00000000000000000, -57.01501674032635947 ) ) ;
#1247 = VECTOR ( 'NONE', #1492, 1000.000000000000000 ) ;
#1248 = EDGE_CURVE ( 'NONE', #1623, #798, #1217, .T. ) ;
#1249 = AXIS2_PLACEMENT_3D ( 'NONE', #459, #1048, #872 ) ;
#1250 = EDGE_LOOP ( 'NONE', ( #466, #116, #109, #260 ) ) ;
#1251 = CARTESIAN_POINT ( 'NONE',  ( -47.70614856872926879, 7.784994520162361376, -32.34183930871968471 ) ) ;
#1252 = DIRECTION ( 'NONE',  ( 1.000000000000000000, 0.000000000000000000, 0.000000000000000000 ) ) ;
#1253 = VECTOR ( 'NONE', #456, 1000.000000000000000 ) ;
#1254 = B_SPLINE_CURVE_WITH_KNOTS ( 'NONE', 3,
 ( #1864, #1455, #671, #1568, #1736, #1744, #1587, #1892 ),
 .UNSPECIFIED., .F., .F.,
 ( 4, 2, 2, 4 ),
 ( 3.000449071157725578E-21, 0.003612478637201657020, 0.005418717955802485747, 0.007224957274403314041 ),
 .UNSPECIFIED. ) ;
#1255 = DIRECTION ( 'NONE',  ( -0.000000000000000000, -1.000000000000000000, -0.000000000000000000 ) ) ;
#1256 = VERTEX_POINT ( 'NONE', #1791 ) ;
#1257 = CARTESIAN_POINT ( 'NONE',  ( 47.48732578951923955, 0.09702746344471853412, -31.74046871595598418 ) ) ;
#1258 = CYLINDRICAL_SURFACE ( 'NONE', #1443, 3.049999999999997158 ) ;
#1259 =( BOUNDED_CURVE ( )  B_SPLINE_CURVE ( 3, ( #153, #22, #769, #1674 ),
 .UNSPECIFIED., .F., .F. ) 
 B_SPLINE_CURVE_WITH_KNOTS ( ( 4, 4 ),
 ( 0.000000000000000000, 1.570796326794896558 ),
 .UNSPECIFIED. ) 
 CURVE ( )  GEOMETRIC_REPRESENTATION_ITEM ( )  RATIONAL_B_SPLINE_CURVE ( ( 1.000000000000000000, 0.8047378541243649375, 0.8047378541243649375, 1.000000000000000000 ) ) 
 REPRESENTATION_ITEM ( '' )  );
#1260 = DIRECTION ( 'NONE',  ( -0.000000000000000000, -1.000000000000000000, 0.000000000000000000 ) ) ;
#1261 = DIRECTION ( 'NONE',  ( -1.000000000000000000, 0.000000000000000000, 0.000000000000000000 ) ) ;
#1262 = DIRECTION ( 'NONE',  ( 0.000000000000000000, 0.000000000000000000, -1.000000000000000000 ) ) ;
#1263 = CARTESIAN_POINT ( 'NONE',  ( 18.84314575050761320, 19.00000000000000000, -35.84314575050762386 ) ) ;
#1264 = EDGE_CURVE ( 'NONE', #200, #1146, #1890, .T. ) ;
#1265 = CYLINDRICAL_SURFACE ( 'NONE', #1474, 7.500000000000000000 ) ;
#1266 = ORIENTED_EDGE ( 'NONE', *, *, #1607, .T. ) ;
#1267 = CARTESIAN_POINT ( 'NONE',  ( -28.31598700792973133, 16.49078134337849022, 81.10157182110827989 ) ) ;
#1268 = DIRECTION ( 'NONE',  ( 1.000000000000000000, 0.000000000000000000, 0.000000000000000000 ) ) ;
#1269 = CYLINDRICAL_SURFACE ( 'NONE', #1691, 15.00000000000000711 ) ;
#1270 = CARTESIAN_POINT ( 'NONE',  ( 52.03000000000006509, 5.843673469387725916, 90.80364296703635318 ) ) ;
#1271 = CARTESIAN_POINT ( 'NONE',  ( 16.49999999999999289, 15.00000000000000000, 0.000000000000000000 ) ) ;
#1272 = CARTESIAN_POINT ( 'NONE',  ( -46.22789863718008974, 0.01113439324679548446, -42.81453203877789093 ) ) ;
#1273 = CARTESIAN_POINT ( 'NONE',  ( -49.50000000000001421, 6.979591836734678090, -45.99999999999998579 ) ) ;
#1274 = ORIENTED_EDGE ( 'NONE', *, *, #1859, .F. ) ;
#1275 = EDGE_CURVE ( 'NONE', #15, #855, #137, .T. ) ;
#1276 = CARTESIAN_POINT ( 'NONE',  ( 45.54499999999999460, 0.000000000000000000, -43.00091236126598915 ) ) ;
#1277 = CARTESIAN_POINT ( 'NONE',  ( 45.00000000000000000, 0.000000000000000000, -40.00000000000000000 ) ) ;
#1278 = ORIENTED_EDGE ( 'NONE', *, *, #876, .F. ) ;
#1279 = AXIS2_PLACEMENT_3D ( 'NONE', #1617, #1486, #440 ) ;
#1280 = CARTESIAN_POINT ( 'NONE',  ( -6.938893903907228378E-15, 20.00000000000000000, -255.2400000000000091 ) ) ;
#1281 = DIRECTION ( 'NONE',  ( 1.000000000000000000, 0.000000000000000000, 0.000000000000000000 ) ) ;
#1282 = VECTOR ( 'NONE', #1012, 1000.000000000000000 ) ;
#1283 =( BOUNDED_CURVE ( )  B_SPLINE_CURVE ( 3, ( #176, #27, #1838, #492 ),
 .UNSPECIFIED., .F., .F. ) 
 B_SPLINE_CURVE_WITH_KNOTS ( ( 4, 4 ),
 ( 4.712388980384689674, 5.134394010286909449 ),
 .UNSPECIFIED. ) 
 CURVE ( )  GEOMETRIC_REPRESENTATION_ITEM ( )  RATIONAL_B_SPLINE_CURVE ( ( 1.000000000000000000, 0.9852142927430949104, 0.9852142927430949104, 1.000000000000000000 ) ) 
 REPRESENTATION_ITEM ( '' )  );
#1284 = LINE ( 'NONE', #1879, #493 ) ;
#1285 = AXIS2_PLACEMENT_3D ( 'NONE', #1423, #1261, #328 ) ;
#1286 = AXIS2_PLACEMENT_3D ( 'NONE', #335, #1556, #623 ) ;
#1287 = DIRECTION ( 'NONE',  ( -0.000000000000000000, -1.000000000000000000, -0.000000000000000000 ) ) ;
#1288 = ORIENTED_EDGE ( 'NONE', *, *, #1813, .T. ) ;
#1289 = CARTESIAN_POINT ( 'NONE',  ( 45.00000000000000000, 20.00000000000000000, -36.95000000000000284 ) ) ;
#1290 = CARTESIAN_POINT ( 'NONE',  ( -44.76804486740021360, 9.104143120759077945, 92.65118146343623096 ) ) ;
#1291 = EDGE_CURVE ( 'NONE', #948, #345, #1219, .T. ) ;
#1292 = ORIENTED_EDGE ( 'NONE', *, *, #427, .T. ) ;
#1293 = DIRECTION ( 'NONE',  ( -0.000000000000000000, -1.000000000000000000, -0.000000000000000000 ) ) ;
#1294 = CARTESIAN_POINT ( 'NONE',  ( 52.03000000000006509, 0.000000000000000000, 90.80364296703635318 ) ) ;
#1295 =( BOUNDED_CURVE ( )  B_SPLINE_CURVE ( 3, ( #804, #501, #1545, #1414 ),
 .UNSPECIFIED., .F., .F. ) 
 B_SPLINE_CURVE_WITH_KNOTS ( ( 4, 4 ),
 ( 0.4220050299022213292, 0.4363323129985755000 ),
 .UNSPECIFIED. ) 
 CURVE ( )  GEOMETRIC_REPRESENTATION_ITEM ( )  RATIONAL_B_SPLINE_CURVE ( ( 1.000000000000000000, 0.9999828941530761739, 0.9999828941530761739, 1.000000000000000000 ) ) 
 REPRESENTATION_ITEM ( '' )  );
#1296 = ORIENTED_EDGE ( 'NONE', *, *, #1907, .T. ) ;
#1297 = UNCERTAINTY_MEASURE_WITH_UNIT (LENGTH_MEASURE( 1.000000000000000082E-05 ), #49, 'distance_accuracy_value', 'NONE');
#1298 = CARTESIAN_POINT ( 'NONE',  ( 45.54499999999999460, 0.000000000000000000, -28.00000000000001066 ) ) ;
#1299 = DIRECTION ( 'NONE',  ( -0.000000000000000000, -1.000000000000000000, -0.000000000000000000 ) ) ;
#1300 = ORIENTED_EDGE ( 'NONE', *, *, #971, .F. ) ;
#1301 = EDGE_CURVE ( 'NONE', #1780, #200, #175, .T. ) ;
#1302 = FACE_OUTER_BOUND ( 'NONE', #898, .T. ) ;
#1303 = CARTESIAN_POINT ( 'NONE',  ( -7.999999999999977796, 4.000000000000000000, -1.734723475976803545E-15 ) ) ;
#1304 = CARTESIAN_POINT ( 'NONE',  ( 5.656854249492394793, 1.010838035153147516E-15, 39.15685424949237614 ) ) ;
#1305 = EDGE_LOOP ( 'NONE', ( #1675, #584, #1363, #724 ) ) ;
#1306 = CARTESIAN_POINT ( 'NONE',  ( 1.387778780781445676E-14, 19.00000000000000000, 33.50000000000000000 ) ) ;
#1307 = CARTESIAN_POINT ( 'NONE',  ( 27.00000000000001066, 6.200000000000000178, 85.00000000000000000 ) ) ;
#1308 = ORIENTED_EDGE ( 'NONE', *, *, #1446, .T. ) ;
#1309 = CARTESIAN_POINT ( 'NONE',  ( -52.02999999999999403, 5.843673469387744568, 90.80364296703638161 ) ) ;
#1310 = LINE ( 'NONE', #1459, #935 ) ;
#1311 = EDGE_CURVE ( 'NONE', #23, #1192, #1099, .T. ) ;
#1312 = AXIS2_PLACEMENT_3D ( 'NONE', #16, #1237, #792 ) ;
#1313 = CARTESIAN_POINT ( 'NONE',  ( -47.92766413079912979, 0.1488289709531010474, -40.87337867862519403 ) ) ;
#1314 = ADVANCED_FACE ( 'NONE', ( #1709 ), #802, .F. ) ;
#1315 = AXIS2_PLACEMENT_3D ( 'NONE', #1800, #1030, #1956 ) ;
#1316 = ORIENTED_EDGE ( 'NONE', *, *, #884, .T. ) ;
#1317 = LINE ( 'NONE', #1912, #1247 ) ;
#1318 = CARTESIAN_POINT ( 'NONE',  ( -49.73286092451942153, 0.4535053576122410890, -45.82535430661042852 ) ) ;
#1319 = VERTEX_POINT ( 'NONE', #763 ) ;
#1320 = CYLINDRICAL_SURFACE ( 'NONE', #1779, 4.000000000000003553 ) ;
#1321 = CARTESIAN_POINT ( 'NONE',  ( 0.000000000000000000, 20.00000000000000000, 64.71795570775451267 ) ) ;
#1322 = ORIENTED_EDGE ( 'NONE', *, *, #1920, .T. ) ;
#1323 = CARTESIAN_POINT ( 'NONE',  ( -47.22874104706976084, 0.07524479107927506405, -37.91040540402094905 ) ) ;
#1324 =( BOUNDED_CURVE ( )  B_SPLINE_CURVE ( 3, ( #1814, #1076, #1537, #162 ),
 .UNSPECIFIED., .F., .T. ) 
 B_SPLINE_CURVE_WITH_KNOTS ( ( 4, 4 ),
 ( 3.141592653589793116, 4.712388980384689674 ),
 .UNSPECIFIED. ) 
 CURVE ( )  GEOMETRIC_REPRESENTATION_ITEM ( )  RATIONAL_B_SPLINE_CURVE ( ( 1.000000000000000000, 0.8047378541243649375, 0.8047378541243649375, 1.000000000000000000 ) ) 
 REPRESENTATION_ITEM ( '' )  );
#1325 = ADVANCED_FACE ( 'NONE', ( #1818 ), #1686, .T. ) ;
#1326 = VERTEX_POINT ( 'NONE', #184 ) ;
#1327 = CARTESIAN_POINT ( 'NONE',  ( 4.000000000000014211, 15.00000000000000000, 37.50000000000000000 ) ) ;
#1328 = DIRECTION ( 'NONE',  ( -0.000000000000000000, -1.000000000000000000, -0.000000000000000000 ) ) ;
#1329 = ORIENTED_EDGE ( 'NONE', *, *, #1092, .T. ) ;
#1330 = DIRECTION ( 'NONE',  ( 1.000000000000000000, -0.000000000000000000, 0.000000000000000000 ) ) ;
#1331 = DIRECTION ( 'NONE',  ( -1.000000000000000000, -0.000000000000000000, -0.000000000000000000 ) ) ;
#1332 = ORIENTED_EDGE ( 'NONE', *, *, #365, .F. ) ;
#1333 = DIRECTION ( 'NONE',  ( 0.000000000000000000, 1.000000000000000000, -0.000000000000000000 ) ) ;
#1334 = ORIENTED_EDGE ( 'NONE', *, *, #510, .F. ) ;
#1335 = DIRECTION ( 'NONE',  ( 0.000000000000000000, -0.000000000000000000, -1.000000000000000000 ) ) ;
#1336 = CARTESIAN_POINT ( 'NONE',  ( -49.50000000000001421, 0.4058606508031137317, -45.99999999999998579 ) ) ;
#1337 = ORIENTED_EDGE ( 'NONE', *, *, #1173, .F. ) ;
#1338 = EDGE_CURVE ( 'NONE', #1488, #349, #634, .T. ) ;
#1339 = DIRECTION ( 'NONE',  ( -0.000000000000000000, -1.000000000000000000, -0.000000000000000000 ) ) ;
#1340 = CARTESIAN_POINT ( 'NONE',  ( 52.03000000000006509, 5.843673469387725916, 90.80364296703635318 ) ) ;
#1341 = ORIENTED_EDGE ( 'NONE', *, *, #958, .F. ) ;
#1342 = DIRECTION ( 'NONE',  ( -0.000000000000000000, -1.000000000000000000, -0.000000000000000000 ) ) ;
#1343 = AXIS2_PLACEMENT_3D ( 'NONE', #1000, #1720, #1571 ) ;
#1344 = VECTOR ( 'NONE', #1169, 1000.000000000000000 ) ;
#1345 = ORIENTED_EDGE ( 'NONE', *, *, #317, .F. ) ;
#1346 = CARTESIAN_POINT ( 'NONE',  ( 47.45519697226219336, 0.09629016525920791603, -41.81825367636691482 ) ) ;
#1347 = CARTESIAN_POINT ( 'NONE',  ( -23.14442875203257799, 18.81270545827110041, 75.93001356521099865 ) ) ;
#1348 = AXIS2_PLACEMENT_3D ( 'NONE', #881, #1487, #430 ) ;
#1349 = ORIENTED_EDGE ( 'NONE', *, *, #1960, .T. ) ;
#1350 = CIRCLE ( 'NONE', #1286, 3.049999999999997158 ) ;
#1351 = ADVANCED_FACE ( 'NONE', ( #1827 ), #1702, .F. ) ;
#1352 = CARTESIAN_POINT ( 'NONE',  ( 49.50000000000004263, 0.4058606508031276094, -45.99999999999996447 ) ) ;
#1353 = DIRECTION ( 'NONE',  ( 0.000000000000000000, 0.000000000000000000, 1.000000000000000000 ) ) ;
#1354 = ORIENTED_EDGE ( 'NONE', *, *, #58, .T. ) ;
#1355 = CARTESIAN_POINT ( 'NONE',  ( -3.999999999999986233, 15.00000000000000000, 41.49999999999999289 ) ) ;
#1356 = EDGE_LOOP ( 'NONE', ( #1703, #1105, #1849, #31, #383, #1766 ) ) ;
#1357 = CARTESIAN_POINT ( 'NONE',  ( -52.48362097283589378, 1.262165111234035075, -40.57589491819433647 ) ) ;
#1358 = ORIENTED_EDGE ( 'NONE', *, *, #146, .T. ) ;
#1359 = PRODUCT_RELATED_PRODUCT_CATEGORY ( 'part', '', ( #3 ) ) ;
#1360 = DIRECTION ( 'NONE',  ( 0.000000000000000000, 0.000000000000000000, 1.000000000000000000 ) ) ;
#1361 = CYLINDRICAL_SURFACE ( 'NONE', #1315, 40.00000000000000000 ) ;
#1362 = EDGE_CURVE ( 'NONE', #1477, #644, #1051, .T. ) ;
#1363 = ORIENTED_EDGE ( 'NONE', *, *, #1896, .T. ) ;
#1364 = LINE ( 'NONE', #893, #554 ) ;
#1365 = ADVANCED_FACE ( 'NONE', ( #626 ), #950, .F. ) ;
#1366 = ORIENTED_EDGE ( 'NONE', *, *, #108, .F. ) ;
#1367 = DIRECTION ( 'NONE',  ( 0.000000000000000000, 1.000000000000000000, -0.000000000000000000 ) ) ;
#1368 = CARTESIAN_POINT ( 'NONE',  ( 45.00000000000000000, 9.000000000000005329, -125.0000000000000000 ) ) ;
#1369 = ORIENTED_EDGE ( 'NONE', *, *, #182, .T. ) ;
#1370 = CARTESIAN_POINT ( 'NONE',  ( 2.343145750507634517, 19.00000000000000000, 39.84314575050761675 ) ) ;
#1371 = CARTESIAN_POINT ( 'NONE',  ( -20.50000000000000711, 1.656854249492380582, 37.50000000000000000 ) ) ;
#1372 = CARTESIAN_POINT ( 'NONE',  ( -47.85331613745495360, 0.1359857152711096140, -32.22913502212134063 ) ) ;
#1373 = DIRECTION ( 'NONE',  ( -0.000000000000000000, -1.000000000000000000, -0.000000000000000000 ) ) ;
#1374 = EDGE_CURVE ( 'NONE', #661, #1649, #1560, .T. ) ;
#1375 = EDGE_CURVE ( 'NONE', #612, #691, #523, .T. ) ;
#1376 = ORIENTED_EDGE ( 'NONE', *, *, #1767, .T. ) ;
#1377 = AXIS2_PLACEMENT_3D ( 'NONE', #1759, #1508, #1360 ) ;
#1378 = DIRECTION ( 'NONE',  ( 0.000000000000000000, 0.000000000000000000, -1.000000000000000000 ) ) ;
#1379 = CARTESIAN_POINT ( 'NONE',  ( 27.00000000000001066, 0.000000000000000000, 88.04999999999999716 ) ) ;
#1380 = ORIENTED_EDGE ( 'NONE', *, *, #278, .F. ) ;
#1381 = VECTOR ( 'NONE', #1805, 1000.000000000000000 ) ;
#1382 = AXIS2_PLACEMENT_3D ( 'NONE', #569, #1654, #115 ) ;
#1383 = LINE ( 'NONE', #625, #1054 ) ;
#1384 = CARTESIAN_POINT ( 'NONE',  ( -24.50000000000000711, 0.000000000000000000, 37.50000000000000000 ) ) ;
#1385 = VECTOR ( 'NONE', #1943, 1000.000000000000000 ) ;
#1386 = ORIENTED_EDGE ( 'NONE', *, *, #1707, .F. ) ;
#1387 = DIRECTION ( 'NONE',  ( -1.000000000000000000, -0.000000000000000000, -0.000000000000000000 ) ) ;
#1388 = DIRECTION ( 'NONE',  ( -0.000000000000000000, -1.000000000000000000, -0.000000000000000000 ) ) ;
#1389 = ORIENTED_EDGE ( 'NONE', *, *, #1264, .T. ) ;
#1390 = ADVANCED_FACE ( 'NONE', ( #641 ), #1258, .F. ) ;
#1391 = DIRECTION ( 'NONE',  ( -0.000000000000000000, -1.000000000000000000, -0.000000000000000000 ) ) ;
#1392 = VERTEX_POINT ( 'NONE', #1089 ) ;
#1393 = DIRECTION ( 'NONE',  ( -0.000000000000000000, -1.000000000000000000, 0.000000000000000000 ) ) ;
#1394 = CARTESIAN_POINT ( 'NONE',  ( -3.999999999999984901, 17.34314575050762031, 37.50000000000000000 ) ) ;
#1395 = ORIENTED_EDGE ( 'NONE', *, *, #405, .F. ) ;
#1396 = DIRECTION ( 'NONE',  ( 0.000000000000000000, 1.000000000000000000, -0.000000000000000000 ) ) ;
#1397 = LINE ( 'NONE', #924, #270 ) ;
#1398 = CARTESIAN_POINT ( 'NONE',  ( 49.50000000000001421, 6.979591836734688748, -34.00000000000001421 ) ) ;
#1399 = EDGE_CURVE ( 'NONE', #1822, #764, #1696, .T. ) ;
#1400 = ORIENTED_EDGE ( 'NONE', *, *, #470, .F. ) ;
#1401 = CARTESIAN_POINT ( 'NONE',  ( 49.50000000000001421, 0.4058606508031241678, -34.00000000000001421 ) ) ;
#1402 = DIRECTION ( 'NONE',  ( 0.000000000000000000, 0.000000000000000000, -1.000000000000000000 ) ) ;
#1403 = VERTEX_POINT ( 'NONE', #1578 ) ;
#1404 = CYLINDRICAL_SURFACE ( 'NONE', #1285, 4.000000000000003553 ) ;
#1405 = CARTESIAN_POINT ( 'NONE',  ( 28.84712442764372753, 16.25231148146610849, 81.62268617738230603 ) ) ;
#1406 = CARTESIAN_POINT ( 'NONE',  ( -24.50000000000000711, 0.000000000000000000, -41.49999999999999289 ) ) ;
#1407 = ORIENTED_EDGE ( 'NONE', *, *, #695, .F. ) ;
#1408 = CARTESIAN_POINT ( 'NONE',  ( 52.14822484318978013, 1.140139169655526974, -42.28852853622580454 ) ) ;
#1409 = DIRECTION ( 'NONE',  ( 0.000000000000000000, 0.000000000000000000, -1.000000000000000000 ) ) ;
#1410 = AXIS2_PLACEMENT_3D ( 'NONE', #1108, #1396, #923 ) ;
#1411 = EDGE_CURVE ( 'NONE', #1319, #831, #1254, .T. ) ;
#1412 = VECTOR ( 'NONE', #1131, 1000.000000000000000 ) ;
#1413 = EDGE_LOOP ( 'NONE', ( #1919, #976, #913, #336 ) ) ;
#1414 = CARTESIAN_POINT ( 'NONE',  ( -28.84712442764364582, 16.25231148146612270, -44.41752268940717840 ) ) ;
#1415 = DIRECTION ( 'NONE',  ( 0.000000000000000000, 0.000000000000000000, 1.000000000000000000 ) ) ;
#1416 = AXIS2_PLACEMENT_3D ( 'NONE', #1229, #1079, #1402 ) ;
#1417 = CARTESIAN_POINT ( 'NONE',  ( 45.54499999999999460, 20.00000000000000000, 0.000000000000000000 ) ) ;
#1418 = CARTESIAN_POINT ( 'NONE',  ( 45.54499999999999460, 0.000000000000000000, -0.000000000000000000 ) ) ;
#1419 = ORIENTED_EDGE ( 'NONE', *, *, #542, .F. ) ;
#1420 = CARTESIAN_POINT ( 'NONE',  ( 45.89647666257474867, 0.0009500543473547377275, -42.93708018023480122 ) ) ;
#1421 = LINE ( 'NONE', #203, #524 ) ;
#1422 = DIRECTION ( 'NONE',  ( -0.000000000000000000, -1.000000000000000000, -0.000000000000000000 ) ) ;
#1423 = CARTESIAN_POINT ( 'NONE',  ( 0.000000000000000000, 15.00000000000000000, 33.50000000000000000 ) ) ;
#1424 =( BOUNDED_CURVE ( )  B_SPLINE_CURVE ( 3, ( #1135, #384, #545, #670 ),
 .UNSPECIFIED., .F., .F. ) 
 B_SPLINE_CURVE_WITH_KNOTS ( ( 4, 4 ),
 ( 3.141592653589793116, 4.712388980384689674 ),
 .UNSPECIFIED. ) 
 CURVE ( )  GEOMETRIC_REPRESENTATION_ITEM ( )  RATIONAL_B_SPLINE_CURVE ( ( 1.000000000000000000, 0.8047378541243649375, 0.8047378541243649375, 1.000000000000000000 ) ) 
 REPRESENTATION_ITEM ( '' )  );
#1425 = CARTESIAN_POINT ( 'NONE',  ( -3.999999999999986233, 15.00000000000000000, 37.50000000000000000 ) ) ;
#1426 = ADVANCED_FACE ( 'NONE', ( #1145 ), #978, .F. ) ;
#1427 = DIRECTION ( 'NONE',  ( 0.000000000000000000, 0.000000000000000000, -1.000000000000000000 ) ) ;
#1428 = EDGE_LOOP ( 'NONE', ( #1040, #1292, #104 ) ) ;
#1429 = DIRECTION ( 'NONE',  ( -8.673617379884027583E-16, 0.000000000000000000, 1.000000000000000000 ) ) ;
#1430 = CYLINDRICAL_SURFACE ( 'NONE', #1752, 4.000000000000003553 ) ;
#1431 = FACE_OUTER_BOUND ( 'NONE', #1485, .T. ) ;
#1432 = CARTESIAN_POINT ( 'NONE',  ( -48.03423308214283338, 0.1622706148463791409, -40.35629882530855639 ) ) ;
#1433 = EDGE_CURVE ( 'NONE', #484, #163, #81, .T. ) ;
#1434 = VERTEX_POINT ( 'NONE', #663 ) ;
#1435 = DIRECTION ( 'NONE',  ( 0.000000000000000000, 0.000000000000000000, -1.000000000000000000 ) ) ;
#1436 = DIRECTION ( 'NONE',  ( -1.000000000000000000, -0.000000000000000000, -0.000000000000000000 ) ) ;
#1437 = ORIENTED_EDGE ( 'NONE', *, *, #415, .T. ) ;
#1438 = CARTESIAN_POINT ( 'NONE',  ( -20.50000000000000711, 4.000000000000000000, -37.50000000000000000 ) ) ;
#1439 = CARTESIAN_POINT ( 'NONE',  ( 28.84712442764372753, 16.25231148146610849, 81.62268617738230603 ) ) ;
#1440 = AXIS2_PLACEMENT_3D ( 'NONE', #434, #269, #1512 ) ;
#1441 = CARTESIAN_POINT ( 'NONE',  ( -46.83574368148043021, 0.04473442308404754902, -37.55794749028368784 ) ) ;
#1442 = VECTOR ( 'NONE', #1073, 1000.000000000000000 ) ;
#1443 = AXIS2_PLACEMENT_3D ( 'NONE', #1855, #1238, #1836 ) ;
#1444 = FACE_OUTER_BOUND ( 'NONE', #310, .T. ) ;
#1445 = ORIENTED_EDGE ( 'NONE', *, *, #716, .F. ) ;
#1446 = EDGE_CURVE ( 'NONE', #1190, #454, #241, .T. ) ;
#1447 = CARTESIAN_POINT ( 'NONE',  ( -28.31598700792973133, 16.49078134337849022, -36.38057872549708804 ) ) ;
#1448 = DIRECTION ( 'NONE',  ( 1.000000000000000000, 0.000000000000000000, 0.000000000000000000 ) ) ;
#1449 = ORIENTED_EDGE ( 'NONE', *, *, #1837, .F. ) ;
#1450 = LINE ( 'NONE', #224, #1746 ) ;
#1451 = CARTESIAN_POINT ( 'NONE',  ( -3.999999999999986233, 15.00000000000000000, 37.50000000000000000 ) ) ;
#1452 = CARTESIAN_POINT ( 'NONE',  ( -48.03468712705038968, 0.1623291281818098342, -39.64752727203584470 ) ) ;
#1453 = ORIENTED_EDGE ( 'NONE', *, *, #118, .F. ) ;
#1454 = CARTESIAN_POINT ( 'NONE',  ( 27.00000000000001066, 20.00000000000000000, 81.95000000000000284 ) ) ;
#1455 = CARTESIAN_POINT ( 'NONE',  ( -45.95307772791935008, 0.001103049108926425648, -50.84967077156344573 ) ) ;
#1456 = ORIENTED_EDGE ( 'NONE', *, *, #1603, .T. ) ;
#1457 = EDGE_CURVE ( 'NONE', #1034, #579, #870, .T. ) ;
#1458 = FACE_OUTER_BOUND ( 'NONE', #1862, .T. ) ;
#1459 = CARTESIAN_POINT ( 'NONE',  ( 8.000000000000014211, 0.000000000000000000, -0.000000000000000000 ) ) ;
#1460 = CARTESIAN_POINT ( 'NONE',  ( 0.000000000000000000, 6.200000000000000178, 0.000000000000000000 ) ) ;
#1461 = EDGE_LOOP ( 'NONE', ( #257, #1893, #1230, #1207 ) ) ;
#1462 = ADVANCED_BREP_SHAPE_REPRESENTATION ( 'Back cover', ( #1957, #236 ), #1786 ) ;
#1463 = CARTESIAN_POINT ( 'NONE',  ( 47.92766413079912979, 0.1488289709531035732, -40.87337867862520824 ) ) ;
#1464 = CARTESIAN_POINT ( 'NONE',  ( 47.70614856872923326, 7.784994520162379139, -32.34183930871965629 ) ) ;
#1465 = ORIENTED_EDGE ( 'NONE', *, *, #403, .T. ) ;
#1466 = LINE ( 'NONE', #890, #1020 ) ;
#1467 = CARTESIAN_POINT ( 'NONE',  ( -20.50000000000000711, 19.00000000000000000, 37.50000000000000000 ) ) ;
#1468 = ADVANCED_FACE ( 'NONE', ( #1596 ), #1430, .F. ) ;
#1469 = AXIS2_PLACEMENT_3D ( 'NONE', #375, #683, #395 ) ;
#1470 = ORIENTED_EDGE ( 'NONE', *, *, #884, .F. ) ;
#1471 = LINE ( 'NONE', #983, #741 ) ;
#1472 = AXIS2_PLACEMENT_3D ( 'NONE', #1821, #37, #48 ) ;
#1473 = ORIENTED_EDGE ( 'NONE', *, *, #1592, .F. ) ;
#1474 = AXIS2_PLACEMENT_3D ( 'NONE', #678, #1287, #1120 ) ;
#1475 = CARTESIAN_POINT ( 'NONE',  ( 47.73295044359782935, 0.1257937545149245273, -38.63452378322575953 ) ) ;
#1476 = CARTESIAN_POINT ( 'NONE',  ( -52.36496773011859318, 1.218212642660422951, -41.44617482304015965 ) ) ;
#1477 = VERTEX_POINT ( 'NONE', #1757 ) ;
#1478 = CYLINDRICAL_SURFACE ( 'NONE', #70, 3.049999999999997158 ) ;
#1479 = FACE_OUTER_BOUND ( 'NONE', #1305, .T. ) ;
#1480 = EDGE_LOOP ( 'NONE', ( #1853, #1334, #1400, #847 ) ) ;
#1481 = CARTESIAN_POINT ( 'NONE',  ( -11.93237089457610267, 20.00000000000000000, -27.51279221977944189 ) ) ;
#1482 = EDGE_CURVE ( 'NONE', #457, #764, #903, .T. ) ;
#1483 = VERTEX_POINT ( 'NONE', #848 ) ;
#1484 = CARTESIAN_POINT ( 'NONE',  ( 45.54499999999999460, 0.000000000000000000, -60.49490256491693430 ) ) ;
#1485 = EDGE_LOOP ( 'NONE', ( #327, #1961, #528, #1125 ) ) ;
#1486 = DIRECTION ( 'NONE',  ( -0.000000000000000000, -1.000000000000000000, -0.000000000000000000 ) ) ;
#1487 = DIRECTION ( 'NONE',  ( -0.000000000000000000, -0.000000000000000000, 1.000000000000000000 ) ) ;
#1488 = VERTEX_POINT ( 'NONE', #700 ) ;
#1489 = CARTESIAN_POINT ( 'NONE',  ( 4.000000000000014211, 1.656854249492378806, 41.50000000000000000 ) ) ;
#1490 = ORIENTED_EDGE ( 'NONE', *, *, #380, .T. ) ;
#1491 = EDGE_CURVE ( 'NONE', #190, #591, #496, .T. ) ;
#1492 = DIRECTION ( 'NONE',  ( 1.000000000000000000, 0.000000000000000000, 0.000000000000000000 ) ) ;
#1493 = CARTESIAN_POINT ( 'NONE',  ( -51.44093609006451118, 0.9035491979645244864, -36.11466979073443895 ) ) ;
#1494 = VERTEX_POINT ( 'NONE', #987 ) ;
#1495 =( BOUNDED_CURVE ( )  B_SPLINE_CURVE ( 3, ( #1270, #1139, #1148, #844 ),
 .UNSPECIFIED., .F., .T. ) 
 B_SPLINE_CURVE_WITH_KNOTS ( ( 4, 4 ),
 ( 1.307618778195370091, 1.363816601688062846 ),
 .UNSPECIFIED. ) 
 CURVE ( )  GEOMETRIC_REPRESENTATION_ITEM ( )  RATIONAL_B_SPLINE_CURVE ( ( 1.000000000000000000, 0.9997368343687504932, 0.9997368343687504932, 1.000000000000000000 ) ) 
 REPRESENTATION_ITEM ( '' )  );
#1496 = LINE ( 'NONE', #1007, #1934 ) ;
#1497 = FACE_OUTER_BOUND ( 'NONE', #1627, .T. ) ;
#1498 = ORIENTED_EDGE ( 'NONE', *, *, #1582, .F. ) ;
#1499 = DIRECTION ( 'NONE',  ( -1.082733351925055031E-16, 0.000000000000000000, -1.000000000000000000 ) ) ;
#1500 = AXIS2_PLACEMENT_3D ( 'NONE', #230, #355, #1429 ) ;
#1501 = ORIENTED_EDGE ( 'NONE', *, *, #478, .T. ) ;
#1502 = LINE ( 'NONE', #1224, #1381 ) ;
#1503 = CARTESIAN_POINT ( 'NONE',  ( -51.95847330570474298, 1.072562920686500387, -37.14323648071430739 ) ) ;
#1504 = EDGE_CURVE ( 'NONE', #558, #1553, #838, .T. ) ;
#1505 = VECTOR ( 'NONE', #514, 1000.000000000000000 ) ;
#1506 = ORIENTED_EDGE ( 'NONE', *, *, #1754, .T. ) ;
#1507 =( GEOMETRIC_REPRESENTATION_CONTEXT ( 3 ) GLOBAL_UNCERTAINTY_ASSIGNED_CONTEXT ( ( #1297 ) ) GLOBAL_UNIT_ASSIGNED_CONTEXT ( ( #49, #934, #207 ) ) REPRESENTATION_CONTEXT ( 'NONE', 'WORKASPACE' ) );
#1508 = DIRECTION ( 'NONE',  ( 0.000000000000000000, 1.000000000000000000, -0.000000000000000000 ) ) ;
#1509 = DIRECTION ( 'NONE',  ( 1.000000000000000000, 0.000000000000000000, 0.000000000000000000 ) ) ;
#1510 = EDGE_CURVE ( 'NONE', #798, #221, #1421, .T. ) ;
#1511 = VERTEX_POINT ( 'NONE', #1127 ) ;
#1512 = DIRECTION ( 'NONE',  ( 0.000000000000000000, 0.000000000000000000, -1.000000000000000000 ) ) ;
#1513 = EDGE_LOOP ( 'NONE', ( #1665, #882 ) ) ;
#1514 = CARTESIAN_POINT ( 'NONE',  ( 45.00000000000000000, 0.000000000000000000, -40.00000000000000000 ) ) ;
#1515 = DIRECTION ( 'NONE',  ( 0.000000000000000000, 0.000000000000000000, -1.000000000000000000 ) ) ;
#1516 = ORIENTED_EDGE ( 'NONE', *, *, #1582, .T. ) ;
#1517 = EDGE_CURVE ( 'NONE', #1649, #858, #376, .T. ) ;
#1518 = CARTESIAN_POINT ( 'NONE',  ( 50.57256778127489838, 0.6553159928206309104, -45.02793864638724131 ) ) ;
#1519 = CYLINDRICAL_SURFACE ( 'NONE', #807, 4.000000000000000000 ) ;
#1520 = EDGE_CURVE ( 'NONE', #710, #1226, #223, .T. ) ;
#1521 = ORIENTED_EDGE ( 'NONE', *, *, #478, .F. ) ;
#1522 = CARTESIAN_POINT ( 'NONE',  ( 8.000000000000014211, 4.000000000000000000, 0.000000000000000000 ) ) ;
#1523 = ORIENTED_EDGE ( 'NONE', *, *, #703, .T. ) ;
#1524 = PLANE ( 'NONE',  #494 ) ;
#1525 = CARTESIAN_POINT ( 'NONE',  ( 52.03000000000006509, 20.00000000000000000, 90.80364296703635318 ) ) ;
#1526 = ORIENTED_EDGE ( 'NONE', *, *, #1607, .F. ) ;
#1527 =( BOUNDED_CURVE ( )  B_SPLINE_CURVE ( 3, ( #1929, #1183, #437, #1642 ),
 .UNSPECIFIED., .F., .T. ) 
 B_SPLINE_CURVE_WITH_KNOTS ( ( 4, 4 ),
 ( 1.570796326794896558, 3.141592653589793116 ),
 .UNSPECIFIED. ) 
 CURVE ( )  GEOMETRIC_REPRESENTATION_ITEM ( )  RATIONAL_B_SPLINE_CURVE ( ( 1.000000000000000000, 0.8047378541243649375, 0.8047378541243649375, 1.000000000000000000 ) ) 
 REPRESENTATION_ITEM ( '' )  );
#1528 = CARTESIAN_POINT ( 'NONE',  ( 51.95847330570472877, 1.072562920686510823, -37.14323648071428607 ) ) ;
#1529 = DIRECTION ( 'NONE',  ( -0.000000000000000000, 0.000000000000000000, 1.000000000000000000 ) ) ;
#1530 = CARTESIAN_POINT ( 'NONE',  ( -49.50000000000003553, 0.4058606508031171733, -34.00000000000002842 ) ) ;
#1531 = FACE_OUTER_BOUND ( 'NONE', #1461, .T. ) ;
#1532 = DIRECTION ( 'NONE',  ( -0.000000000000000000, 0.000000000000000000, 1.000000000000000000 ) ) ;
#1533 = EDGE_CURVE ( 'NONE', #721, #1494, #650, .T. ) ;
#1534 = EDGE_LOOP ( 'NONE', ( #1875, #21, #761, #909 ) ) ;
#1535 = AXIS2_PLACEMENT_3D ( 'NONE', #185, #1260, #506 ) ;
#1536 = CARTESIAN_POINT ( 'NONE',  ( -47.45519697226219336, 0.09629016525920904013, -41.81825367636690061 ) ) ;
#1537 = CARTESIAN_POINT ( 'NONE',  ( 22.15685424949237614, 1.297790629482635453E-15, 39.15685424949237614 ) ) ;
#1538 = ORIENTED_EDGE ( 'NONE', *, *, #1570, .F. ) ;
#1539 = VECTOR ( 'NONE', #1802, 1000.000000000000000 ) ;
#1540 = CIRCLE ( 'NONE', #364, 28.00000000000001066 ) ;
#1541 = DIRECTION ( 'NONE',  ( -0.000000000000000000, -0.000000000000000000, 1.000000000000000000 ) ) ;
#1542 = CARTESIAN_POINT ( 'NONE',  ( -3.999999999999986233, 15.00000000000000000, 37.50000000000000000 ) ) ;
#1543 = VECTOR ( 'NONE', #1436, 1000.000000000000000 ) ;
#1544 = LINE ( 'NONE', #1090, #643 ) ;
#1545 = CARTESIAN_POINT ( 'NONE',  ( -28.66730858519427017, 16.33304512501483075, -44.24438883209901974 ) ) ;
#1546 = FILL_AREA_STYLE ('',( #1555 ) ) ;
#1547 = ORIENTED_EDGE ( 'NONE', *, *, #1338, .F. ) ;
#1548 = ADVANCED_FACE ( 'NONE', ( #693 ), #1136, .F. ) ;
#1549 = DIRECTION ( 'NONE',  ( 0.000000000000000000, 0.000000000000000000, -1.000000000000000000 ) ) ;
#1550 = VERTEX_POINT ( 'NONE', #291 ) ;
#1551 = CARTESIAN_POINT ( 'NONE',  ( 50.38122047915312152, 0.6032515506848621367, -34.74435513668618825 ) ) ;
#1552 = DIRECTION ( 'NONE',  ( -0.000000000000000000, -1.000000000000000000, -0.000000000000000000 ) ) ;
#1553 = VERTEX_POINT ( 'NONE', #888 ) ;
#1554 = DIRECTION ( 'NONE',  ( -2.168404344971010594E-16, 0.000000000000000000, 1.000000000000000000 ) ) ;
#1555 = FILL_AREA_STYLE_COLOUR ( '', #1753 ) ;
#1556 = DIRECTION ( 'NONE',  ( 0.000000000000000000, 1.000000000000000000, -0.000000000000000000 ) ) ;
#1557 = EDGE_LOOP ( 'NONE', ( #1077, #1898, #131, #1201 ) ) ;
#1558 = EDGE_CURVE ( 'NONE', #1623, #89, #1651, .T. ) ;
#1559 = CARTESIAN_POINT ( 'NONE',  ( 51.94967110735955629, 1.071223103687198863, -42.83488143834045303 ) ) ;
#1560 = LINE ( 'NONE', #45, #1573 ) ;
#1561 = EDGE_LOOP ( 'NONE', ( #1597, #894, #1074, #1329, #929, #605, #1538, #1606, #730, #1170, #1322, #1911 ) ) ;
#1562 = CARTESIAN_POINT ( 'NONE',  ( 1.441988889405720266E-14, 19.00000000000000000, 37.50000000000000000 ) ) ;
#1563 = CARTESIAN_POINT ( 'NONE',  ( -20.50000000000000711, 15.00000000000000000, -37.50000000000000000 ) ) ;
#1564 = LINE ( 'NONE', #1605, #1785 ) ;
#1565 = ORIENTED_EDGE ( 'NONE', *, *, #1861, .F. ) ;
#1566 = VECTOR ( 'NONE', #366, 1000.000000000000000 ) ;
#1567 = EDGE_CURVE ( 'NONE', #1511, #1706, #226, .T. ) ;
#1568 = CARTESIAN_POINT ( 'NONE',  ( -47.48732578951926087, 0.09702746344471156748, -48.25953128404402293 ) ) ;
#1569 = VECTOR ( 'NONE', #1342, 1000.000000000000000 ) ;
#1570 = EDGE_CURVE ( 'NONE', #1488, #1233, #439, .T. ) ;
#1571 = DIRECTION ( 'NONE',  ( -1.000000000000000000, 0.000000000000000000, -0.000000000000000000 ) ) ;
#1572 = CARTESIAN_POINT ( 'NONE',  ( 49.50000000000001421, 6.979591836734688748, -34.00000000000001421 ) ) ;
#1573 = VECTOR ( 'NONE', #654, 1000.000000000000000 ) ;
#1574 = PRESENTATION_LAYER_ASSIGNMENT (  '', '', ( #685 ) ) ;
#1575 = CARTESIAN_POINT ( 'NONE',  ( 20.49999999999999289, 4.000000000000000000, -37.50000000000000000 ) ) ;
#1576 = EDGE_LOOP ( 'NONE', ( #1951, #1693, #1380, #1395, #879, #154 ) ) ;
#1577 = DIRECTION ( 'NONE',  ( -0.000000000000000000, -1.000000000000000000, -0.000000000000000000 ) ) ;
#1578 = CARTESIAN_POINT ( 'NONE',  ( 45.54499999999999460, 0.000000000000000000, -51.99999999999744205 ) ) ;
#1579 = ORIENTED_EDGE ( 'NONE', *, *, #1004, .T. ) ;
#1580 = CARTESIAN_POINT ( 'NONE',  ( 20.49999999999999289, 19.00000000000000000, 0.000000000000000000 ) ) ;
#1581 = CARTESIAN_POINT ( 'NONE',  ( -125.0000000000000000, 44.61285055457310733, 20.80331386572157015 ) ) ;
#1582 = EDGE_CURVE ( 'NONE', #955, #831, #255, .T. ) ;
#1583 = CARTESIAN_POINT ( 'NONE',  ( -48.05002648387454656, 0.1643257703796685287, -39.82302523763341640 ) ) ;
#1584 = DIRECTION ( 'NONE',  ( 1.000000000000000000, -0.000000000000000000, 0.000000000000000000 ) ) ;
#1585 = VERTEX_POINT ( 'NONE', #1203 ) ;
#1586 = CARTESIAN_POINT ( 'NONE',  ( 46.83334591285794346, 0.04457442583724972179, -42.44382109064174102 ) ) ;
#1587 = CARTESIAN_POINT ( 'NONE',  ( -49.05651834035970893, 0.3151217099851355008, -46.40993576307396751 ) ) ;
#1588 = DIRECTION ( 'NONE',  ( -0.000000000000000000, -1.000000000000000000, -0.000000000000000000 ) ) ;
#1589 = CARTESIAN_POINT ( 'NONE',  ( 28.66730858519434832, 16.33304512501480232, 81.44955232007411894 ) ) ;
#1590 = CARTESIAN_POINT ( 'NONE',  ( 45.54499999999999460, 8.755306122448985207, 0.000000000000000000 ) ) ;
#1591 = EDGE_CURVE ( 'NONE', #948, #86, #1116, .T. ) ;
#1592 = EDGE_CURVE ( 'NONE', #163, #1706, #424, .T. ) ;
#1593 = CARTESIAN_POINT ( 'NONE',  ( 0.000000000000000000, 19.00000000000000000, 0.000000000000000000 ) ) ;
#1594 = ORIENTED_EDGE ( 'NONE', *, *, #1113, .T. ) ;
#1595 = DIRECTION ( 'NONE',  ( 0.000000000000000000, 0.000000000000000000, -1.000000000000000000 ) ) ;
#1596 = FACE_OUTER_BOUND ( 'NONE', #1643, .T. ) ;
#1597 = ORIENTED_EDGE ( 'NONE', *, *, #817, .F. ) ;
#1598 = CIRCLE ( 'NONE', #1410, 3.049999999999997158 ) ;
#1599 = DIRECTION ( 'NONE',  ( -1.000000000000000000, 0.000000000000000000, -8.673617379884036458E-16 ) ) ;
#1600 = CARTESIAN_POINT ( 'NONE',  ( -20.50000000000000711, 4.000000000000000000, -37.50000000000000000 ) ) ;
#1601 = CARTESIAN_POINT ( 'NONE',  ( 20.49999999999999289, 4.000000000000000000, -37.50000000000000000 ) ) ;
#1602 = VECTOR ( 'NONE', #1529, 1000.000000000000000 ) ;
#1603 = EDGE_CURVE ( 'NONE', #1434, #889, #851, .T. ) ;
#1604 = AXIS2_PLACEMENT_3D ( 'NONE', #180, #614, #1515 ) ;
#1605 = CARTESIAN_POINT ( 'NONE',  ( 24.49999999999999289, 0.000000000000000000, -0.000000000000000000 ) ) ;
#1606 = ORIENTED_EDGE ( 'NONE', *, *, #642, .T. ) ;
#1607 = EDGE_CURVE ( 'NONE', #1494, #178, #583, .T. ) ;
#1608 = CARTESIAN_POINT ( 'NONE',  ( 49.05651834035970893, 0.3151217099851384429, -33.59006423692603249 ) ) ;
#1609 = CARTESIAN_POINT ( 'NONE',  ( 1.387778780781445676E-14, 15.00000000000000000, 0.000000000000000000 ) ) ;
#1610 = DIRECTION ( 'NONE',  ( -0.000000000000000000, -1.000000000000000000, -0.000000000000000000 ) ) ;
#1611 = CYLINDRICAL_SURFACE ( 'NONE', #267, 40.00000000000000000 ) ;
#1612 = ORIENTED_EDGE ( 'NONE', *, *, #752, .F. ) ;
#1613 = DIRECTION ( 'NONE',  ( -0.000000000000000000, -1.000000000000000000, 0.000000000000000000 ) ) ;
#1614 = CARTESIAN_POINT ( 'NONE',  ( -52.49918384843996932, 1.268015358387196923, -39.40667812269293080 ) ) ;
#1615 = EDGE_CURVE ( 'NONE', #125, #1057, #1527, .T. ) ;
#1616 = ORIENTED_EDGE ( 'NONE', *, *, #925, .F. ) ;
#1617 = CARTESIAN_POINT ( 'NONE',  ( 45.00000000000000000, 20.00000000000000000, -40.00000000000000000 ) ) ;
#1618 = DIRECTION ( 'NONE',  ( 0.000000000000000000, 0.000000000000000000, -1.000000000000000000 ) ) ;
#1619 = FACE_OUTER_BOUND ( 'NONE', #679, .T. ) ;
#1620 = EDGE_LOOP ( 'NONE', ( #745, #602, #333, #995, #918, #576, #593, #1925, #1724, #246, #1772, #1437 ) ) ;
#1621 = CARTESIAN_POINT ( 'NONE',  ( 11.93237089457612221, 20.00000000000000000, -27.51279221977944189 ) ) ;
#1622 = CARTESIAN_POINT ( 'NONE',  ( -3.999999999999986233, 4.000000000000000000, 41.49999999999999289 ) ) ;
#1623 = VERTEX_POINT ( 'NONE', #121 ) ;
#1624 = CARTESIAN_POINT ( 'NONE',  ( 45.54499999999999460, 8.755306122448986983, -51.99999999999998579 ) ) ;
#1625 = DIRECTION ( 'NONE',  ( 0.000000000000000000, 0.000000000000000000, 1.000000000000000000 ) ) ;
#1626 = ADVANCED_FACE ( 'NONE', ( #1194 ), #476, .F. ) ;
#1627 = EDGE_LOOP ( 'NONE', ( #386, #1341, #438, #1168 ) ) ;
#1628 = DIRECTION ( 'NONE',  ( 1.000000000000000000, 0.000000000000000000, 0.000000000000000000 ) ) ;
#1629 = AXIS2_PLACEMENT_3D ( 'NONE', #580, #1333, #914 ) ;
#1630 = ORIENTED_EDGE ( 'NONE', *, *, #1129, .F. ) ;
#1631 = CARTESIAN_POINT ( 'NONE',  ( 45.54499999999999460, 0.000000000000000000, -36.99908763873401085 ) ) ;
#1632 = CARTESIAN_POINT ( 'NONE',  ( -3.999999999999987121, 1.656854249492378806, 41.49999999999999289 ) ) ;
#1633 = ORIENTED_EDGE ( 'NONE', *, *, #1510, .T. ) ;
#1634 = FACE_OUTER_BOUND ( 'NONE', #1958, .T. ) ;
#1635 = CARTESIAN_POINT ( 'NONE',  ( 0.000000000000000000, 0.000000000000000000, -41.49999999999999289 ) ) ;
#1636 = B_SPLINE_CURVE_WITH_KNOTS ( 'NONE', 3,
 ( #667, #161, #1272, #1122, #475, #1682, #322, #1536, #196, #51, #389, #1313, #704, #1432, #543, #1583, #1452, #1159, #402, #218, #991, #1751, #1002, #1323, #1761, #1441, #1918, #245, #95, #974, #1009, #1141 ),
 .UNSPECIFIED., .F., .F.,
 ( 4, 2, 2, 2, 2, 2, 2, 2, 2, 2, 2, 2, 2, 2, 2, 4 ),
 ( 8.497919032805642600E-16, 0.001056342675845227050, 0.001584514013767406460, 0.002112685351689586304, 0.002640856689611765715, 0.003169028027533945125, 0.003697199365456125403, 0.004225370703378305247, 0.004753542041300485091, 0.005281713379222663200, 0.005809884717144843044, 0.006338056055067021154, 0.006866227392989200998, 0.007394398730911380842, 0.007922570068833558951, 0.008450741406755737928 ),
 .UNSPECIFIED. ) ;
#1637 = ORIENTED_EDGE ( 'NONE', *, *, #432, .F. ) ;
#1638 = CARTESIAN_POINT ( 'NONE',  ( -45.00000000000000000, 6.200000000000000178, -43.04999999999999716 ) ) ;
#1639 = ADVANCED_FACE ( 'NONE', ( #1234 ), #189, .F. ) ;
#1640 = ORIENTED_EDGE ( 'NONE', *, *, #971, .T. ) ;
#1641 = CARTESIAN_POINT ( 'NONE',  ( 46.68906520847082930, 0.03526274745428051999, -37.45427276661568072 ) ) ;
#1642 = CARTESIAN_POINT ( 'NONE',  ( -3.999999999999986233, 4.000000000000000000, 37.50000000000000000 ) ) ;
#1643 = EDGE_LOOP ( 'NONE', ( #906, #1616, #1816, #1630 ) ) ;
#1644 = DIRECTION ( 'NONE',  ( -0.000000000000000000, -1.000000000000000000, -0.000000000000000000 ) ) ;
#1645 = DIRECTION ( 'NONE',  ( 0.000000000000000000, 0.000000000000000000, 1.000000000000000000 ) ) ;
#1646 = EDGE_LOOP ( 'NONE', ( #433, #783, #194, #1832, #1801, #1949 ) ) ;
#1647 = FACE_OUTER_BOUND ( 'NONE', #96, .T. ) ;
#1648 = ADVANCED_FACE ( 'NONE', ( #495 ), #323, .T. ) ;
#1649 = VERTEX_POINT ( 'NONE', #630 ) ;
#1650 = PLANE ( 'NONE',  #992 ) ;
#1651 = LINE ( 'NONE', #447, #43 ) ;
#1652 = ORIENTED_EDGE ( 'NONE', *, *, #564, .T. ) ;
#1653 = FACE_OUTER_BOUND ( 'NONE', #1620, .T. ) ;
#1654 = DIRECTION ( 'NONE',  ( 0.000000000000000000, 1.000000000000000000, -0.000000000000000000 ) ) ;
#1655 = VERTEX_POINT ( 'NONE', #1096 ) ;
#1656 = LINE ( 'NONE', #1222, #1694 ) ;
#1657 = APPLICATION_CONTEXT ( 'automotive_design' ) ;
#1658 = AXIS2_PLACEMENT_3D ( 'NONE', #1580, #686, #215 ) ;
#1659 = VECTOR ( 'NONE', #311, 1000.000000000000000 ) ;
#1660 = EDGE_LOOP ( 'NONE', ( #1798, #1579, #596, #1366 ) ) ;
#1661 = EDGE_CURVE ( 'NONE', #52, #457, #302, .T. ) ;
#1662 = LINE ( 'NONE', #1673, #1659 ) ;
#1663 = DIRECTION ( 'NONE',  ( 0.000000000000000000, 0.000000000000000000, -1.000000000000000000 ) ) ;
#1664 = VECTOR ( 'NONE', #73, 1000.000000000000000 ) ;
#1665 = ORIENTED_EDGE ( 'NONE', *, *, #1209, .T. ) ;
#1666 =( BOUNDED_CURVE ( )  B_SPLINE_CURVE ( 3, ( #1273, #209, #835, #1142 ),
 .UNSPECIFIED., .F., .F. ) 
 B_SPLINE_CURVE_WITH_KNOTS ( ( 4, 4 ),
 ( 2.316906992128700438, 2.800693700651564644 ),
 .UNSPECIFIED. ) 
 CURVE ( )  GEOMETRIC_REPRESENTATION_ITEM ( )  RATIONAL_B_SPLINE_CURVE ( ( 1.000000000000000000, 0.9805907858794924437, 0.9805907858794924437, 1.000000000000000000 ) ) 
 REPRESENTATION_ITEM ( '' )  );
#1667 = EDGE_CURVE ( 'NONE', #1649, #1192, #1324, .T. ) ;
#1668 = CYLINDRICAL_SURFACE ( 'NONE', #1087, 20.00000000000000355 ) ;
#1669 = DIRECTION ( 'NONE',  ( -1.000000000000000000, 0.000000000000000000, -2.168404344971010840E-16 ) ) ;
#1670 = ORIENTED_EDGE ( 'NONE', *, *, #1209, .F. ) ;
#1671 = PLANE ( 'NONE',  #1902 ) ;
#1672 = ORIENTED_EDGE ( 'NONE', *, *, #1767, .F. ) ;
#1673 = CARTESIAN_POINT ( 'NONE',  ( 45.54499999999999460, 8.755306122448985207, 0.000000000000000000 ) ) ;
#1674 = CARTESIAN_POINT ( 'NONE',  ( -16.50000000000000711, 19.00000000000000000, 33.50000000000000000 ) ) ;
#1675 = ORIENTED_EDGE ( 'NONE', *, *, #1291, .F. ) ;
#1676 = EDGE_CURVE ( 'NONE', #145, #836, #1259, .T. ) ;
#1677 = CYLINDRICAL_SURFACE ( 'NONE', #1312, 200.0000000000000000 ) ;
#1678 = CARTESIAN_POINT ( 'NONE',  ( 20.49999999999999289, 17.34314575050762031, 37.50000000000000000 ) ) ;
#1679 = EDGE_LOOP ( 'NONE', ( #1386, #416, #1003, #892 ) ) ;
#1680 = LINE ( 'NONE', #319, #681 ) ;
#1681 = EDGE_LOOP ( 'NONE', ( #1156, #1804, #770, #1526 ) ) ;
#1682 = CARTESIAN_POINT ( 'NONE',  ( -47.10204611176120437, 0.06446897167970262743, -42.21693953532522414 ) ) ;
#1683 = DIRECTION ( 'NONE',  ( 1.082733351925055031E-16, 0.000000000000000000, 1.000000000000000000 ) ) ;
#1684 = ORIENTED_EDGE ( 'NONE', *, *, #658, .T. ) ;
#1685 = CARTESIAN_POINT ( 'NONE',  ( 51.12864913091971175, 0.8071182461731430946, -44.36169401322771932 ) ) ;
#1686 = CYLINDRICAL_SURFACE ( 'NONE', #1940, 4.000000000000003553 ) ;
#1687 = LINE ( 'NONE', #379, #557 ) ;
#1688 = FACE_OUTER_BOUND ( 'NONE', #1789, .T. ) ;
#1689 = EDGE_CURVE ( 'NONE', #1226, #339, #1242, .T. ) ;
#1690 = VERTEX_POINT ( 'NONE', #1067 ) ;
#1691 = AXIS2_PLACEMENT_3D ( 'NONE', #205, #1737, #1157 ) ;
#1692 = LINE ( 'NONE', #1843, #106 ) ;
#1693 = ORIENTED_EDGE ( 'NONE', *, *, #204, .T. ) ;
#1694 = VECTOR ( 'NONE', #1178, 1000.000000000000000 ) ;
#1695 = CARTESIAN_POINT ( 'NONE',  ( 51.44365177523086885, 0.9043797017406948191, -43.88135946644007390 ) ) ;
#1696 = LINE ( 'NONE', #969, #1505 ) ;
#1697 = VERTEX_POINT ( 'NONE', #1379 ) ;
#1698 = CARTESIAN_POINT ( 'NONE',  ( 41.10100626588258876, 10.75056861531803243, 93.42121182870114637 ) ) ;
#1699 = PLANE ( 'NONE',  #1848 ) ;
#1700 = ORIENTED_EDGE ( 'NONE', *, *, #1813, .F. ) ;
#1701 = CARTESIAN_POINT ( 'NONE',  ( 4.000000000000014211, 17.34314575050762031, 41.50000000000000000 ) ) ;
#1702 = CYLINDRICAL_SURFACE ( 'NONE', #618, 3.049999999999997158 ) ;
#1703 = ORIENTED_EDGE ( 'NONE', *, *, #24, .F. ) ;
#1704 = CARTESIAN_POINT ( 'NONE',  ( -7.999999999999988454, 0.000000000000000000, 45.50000000000000000 ) ) ;
#1705 = EDGE_CURVE ( 'NONE', #15, #691, #171, .T. ) ;
#1706 = VERTEX_POINT ( 'NONE', #760 ) ;
#1707 = EDGE_CURVE ( 'NONE', #855, #1649, #782, .T. ) ;
#1708 = LINE ( 'NONE', #1454, #332 ) ;
#1709 = FACE_OUTER_BOUND ( 'NONE', #1660, .T. ) ;
#1710 = CARTESIAN_POINT ( 'NONE',  ( -46.49144656010286525, 0.01386057163587463628, -30.22865112946122323 ) ) ;
#1711 = CARTESIAN_POINT ( 'NONE',  ( 49.50000000000003553, 6.979591836734678090, -45.99999999999997158 ) ) ;
#1712 = DIRECTION ( 'NONE',  ( 0.000000000000000000, 0.000000000000000000, 1.000000000000000000 ) ) ;
#1713 = EDGE_LOOP ( 'NONE', ( #850, #1931, #1633, #819 ) ) ;
#1714 = VECTOR ( 'NONE', #1725, 1000.000000000000114 ) ;
#1715 = DIRECTION ( 'NONE',  ( 1.000000000000000000, 0.000000000000000000, 8.673617379884036458E-16 ) ) ;
#1716 = DIRECTION ( 'NONE',  ( 0.000000000000000000, 0.000000000000000000, 1.000000000000000000 ) ) ;
#1717 = EDGE_CURVE ( 'NONE', #1882, #948, #251, .T. ) ;
#1718 = VECTOR ( 'NONE', #944, 1000.000000000000000 ) ;
#1719 = AXIS2_PLACEMENT_3D ( 'NONE', #1246, #480, #1409 ) ;
#1720 = DIRECTION ( 'NONE',  ( 0.000000000000000000, 0.000000000000000000, -1.000000000000000000 ) ) ;
#1721 = DIRECTION ( 'NONE',  ( 0.000000000000000000, 0.000000000000000000, 1.000000000000000000 ) ) ;
#1722 = DIRECTION ( 'NONE',  ( -0.000000000000000000, 0.000000000000000000, 1.000000000000000000 ) ) ;
#1723 = CARTESIAN_POINT ( 'NONE',  ( 49.50000000000004263, 0.4058606508031276094, -45.99999999999996447 ) ) ;
#1724 = ORIENTED_EDGE ( 'NONE', *, *, #82, .T. ) ;
#1725 = DIRECTION ( 'NONE',  ( -0.6854070395089556511, 0.3077337728407559814, -0.6599372055315285701 ) ) ;
#1726 = CARTESIAN_POINT ( 'NONE',  ( 0.000000000000000000, 15.00000000000000000, 33.50000000000000000 ) ) ;
#1727 = ORIENTED_EDGE ( 'NONE', *, *, #1837, .T. ) ;
#1728 = EDGE_CURVE ( 'NONE', #462, #1068, #1692, .T. ) ;
#1729 = CARTESIAN_POINT ( 'NONE',  ( -3.599551212651874090E-14, 19.00000000000000000, 41.49999999999999289 ) ) ;
#1730 = DIRECTION ( 'NONE',  ( 0.000000000000000000, 0.000000000000000000, 1.000000000000000000 ) ) ;
#1731 = SHAPE_DEFINITION_REPRESENTATION ( #487, #1462 ) ;
#1732 = DIRECTION ( 'NONE',  ( 1.082733351925055031E-16, 0.000000000000000000, 1.000000000000000000 ) ) ;
#1733 = CYLINDRICAL_SURFACE ( 'NONE', #201, 3.049999999999997158 ) ;
#1734 = ORIENTED_EDGE ( 'NONE', *, *, #453, .F. ) ;
#1735 = CARTESIAN_POINT ( 'NONE',  ( -28.84712442764368490, 16.25231148146610849, 81.62268617738234866 ) ) ;
#1736 = CARTESIAN_POINT ( 'NONE',  ( -47.85331613745430701, 0.1359857152710257922, -47.77086497787950492 ) ) ;
#1737 = DIRECTION ( 'NONE',  ( -0.000000000000000000, -1.000000000000000000, -0.000000000000000000 ) ) ;
#1738 = FACE_OUTER_BOUND ( 'NONE', #448, .T. ) ;
#1739 =( BOUNDED_CURVE ( )  B_SPLINE_CURVE ( 3, ( #1865, #696, #1130, #1309 ),
 .UNSPECIFIED., .F., .F. ) 
 B_SPLINE_CURVE_WITH_KNOTS ( ( 4, 4 ),
 ( 3.143358691633109547, 3.836065310688089092 ),
 .UNSPECIFIED. ) 
 CURVE ( )  GEOMETRIC_REPRESENTATION_ITEM ( )  RATIONAL_B_SPLINE_CURVE ( ( 1.000000000000000000, 0.9604112707974057361, 0.9604112707974057361, 1.000000000000000000 ) ) 
 REPRESENTATION_ITEM ( '' )  );
#1740 = CARTESIAN_POINT ( 'NONE',  ( 4.000000000000014211, 19.00000000000000000, 0.000000000000000000 ) ) ;
#1741 = ORIENTED_EDGE ( 'NONE', *, *, #1011, .T. ) ;
#1742 = UNCERTAINTY_MEASURE_WITH_UNIT (LENGTH_MEASURE( 1.000000000000000082E-05 ), #657, 'distance_accuracy_value', 'NONE');
#1743 = FACE_OUTER_BOUND ( 'NONE', #41, .T. ) ;
#1744 = CARTESIAN_POINT ( 'NONE',  ( -48.63818812025268556, 0.2451348525525240130, -46.84614087785767822 ) ) ;
#1745 = ORIENTED_EDGE ( 'NONE', *, *, #1603, .F. ) ;
#1746 = VECTOR ( 'NONE', #400, 1000.000000000000000 ) ;
#1747 = CARTESIAN_POINT ( 'NONE',  ( -24.50000000000000711, 0.000000000000000000, -41.49999999999999289 ) ) ;
#1748 = DIRECTION ( 'NONE',  ( 0.000000000000000000, 0.000000000000000000, -1.000000000000000000 ) ) ;
#1749 =( NAMED_UNIT ( * ) SI_UNIT ( $, .STERADIAN. ) SOLID_ANGLE_UNIT ( ) );
#1750 = VECTOR ( 'NONE', #957, 1000.000000000000000 ) ;
#1751 = CARTESIAN_POINT ( 'NONE',  ( -47.55753472917838565, 0.1067882455184379076, -38.32890469009567624 ) ) ;
#1752 = AXIS2_PLACEMENT_3D ( 'NONE', #1726, #62, #1716 ) ;
#1753 = COLOUR_RGB ( '',0.7921568627450980005, 0.8196078431372548767, 0.9333333333333333481 ) ;
#1754 = EDGE_CURVE ( 'NONE', #1550, #462, #30, .T. ) ;
#1755 = ORIENTED_EDGE ( 'NONE', *, *, #132, .F. ) ;
#1756 = CARTESIAN_POINT ( 'NONE',  ( 47.10486830237127975, 0.06469580329402993546, -37.78570445649646814 ) ) ;
#1757 = CARTESIAN_POINT ( 'NONE',  ( -49.50000000000001421, 6.979591836734678090, -45.99999999999998579 ) ) ;
#1758 = ORIENTED_EDGE ( 'NONE', *, *, #611, .F. ) ;
#1759 = CARTESIAN_POINT ( 'NONE',  ( 0.000000000000000000, 6.200000000000000178, 0.000000000000000000 ) ) ;
#1760 = PLANE ( 'NONE',  #75 ) ;
#1761 = CARTESIAN_POINT ( 'NONE',  ( -47.10486830237128686, 0.06469580329403079588, -37.78570445649648235 ) ) ;
#1762 = ORIENTED_EDGE ( 'NONE', *, *, #279, .T. ) ;
#1763 = EDGE_CURVE ( 'NONE', #1233, #718, #947, .T. ) ;
#1764 = CARTESIAN_POINT ( 'NONE',  ( 48.04997344799797077, 0.1643189280363289428, -40.17788643950051863 ) ) ;
#1765 = CARTESIAN_POINT ( 'NONE',  ( -51.11818692754917492, 0.8040953470489615729, -35.62425714945449329 ) ) ;
#1766 = ORIENTED_EDGE ( 'NONE', *, *, #1092, .F. ) ;
#1767 = EDGE_CURVE ( 'NONE', #798, #1623, #1350, .T. ) ;
#1768 = FACE_OUTER_BOUND ( 'NONE', #497, .T. ) ;
#1769 = CARTESIAN_POINT ( 'NONE',  ( 8.000000000000014211, 0.000000000000000000, 45.50000000000001421 ) ) ;
#1770 = ORIENTED_EDGE ( 'NONE', *, *, #179, .F. ) ;
#1771 = LINE ( 'NONE', #105, #394 ) ;
#1772 = ORIENTED_EDGE ( 'NONE', *, *, #813, .F. ) ;
#1773 = DIRECTION ( 'NONE',  ( 0.000000000000000000, 0.000000000000000000, 1.000000000000000000 ) ) ;
#1774 = CARTESIAN_POINT ( 'NONE',  ( 49.50000000000001421, 6.979591836734688748, -34.00000000000001421 ) ) ;
#1775 = ORIENTED_EDGE ( 'NONE', *, *, #791, .F. ) ;
#1776 = EDGE_CURVE ( 'NONE', #1690, #1319, #797, .T. ) ;
#1777 = CARTESIAN_POINT ( 'NONE',  ( 0.000000000000000000, 15.00000000000000000, -37.50000000000000000 ) ) ;
#1778 = CARTESIAN_POINT ( 'NONE',  ( 45.54499999999999460, 0.000000000000000000, -28.00000000000001066 ) ) ;
#1779 = AXIS2_PLACEMENT_3D ( 'NONE', #1915, #1016, #1166 ) ;
#1780 = VERTEX_POINT ( 'NONE', #1406 ) ;
#1781 = CARTESIAN_POINT ( 'NONE',  ( -49.50000000000001421, 0.4058606508031137317, -45.99999999999998579 ) ) ;
#1782 = AXIS2_PLACEMENT_3D ( 'NONE', #1460, #826, #571 ) ;
#1783 = AXIS2_PLACEMENT_3D ( 'NONE', #1303, #1904, #1001 ) ;
#1784 = ORIENTED_EDGE ( 'NONE', *, *, #1446, .F. ) ;
#1785 = VECTOR ( 'NONE', #1881, 1000.000000000000000 ) ;
#1786 =( GEOMETRIC_REPRESENTATION_CONTEXT ( 3 ) GLOBAL_UNCERTAINTY_ASSIGNED_CONTEXT ( ( #1742 ) ) GLOBAL_UNIT_ASSIGNED_CONTEXT ( ( #657, #666, #1749 ) ) REPRESENTATION_CONTEXT ( 'NONE', 'WORKASPACE' ) );
#1787 = CARTESIAN_POINT ( 'NONE',  ( 47.97305266105688304, 0.1545228125877340097, -40.70319067419077186 ) ) ;
#1788 = CARTESIAN_POINT ( 'NONE',  ( -52.14822484318976592, 1.140139169655507656, -42.28852853622581875 ) ) ;
#1789 = EDGE_LOOP ( 'NONE', ( #173, #474, #1758, #1700 ) ) ;
#1790 = CARTESIAN_POINT ( 'NONE',  ( -11.93237089457610267, 20.00000000000000000, -27.51279221977944189 ) ) ;
#1791 = CARTESIAN_POINT ( 'NONE',  ( 45.54499999999999460, 0.000000000000000000, -36.99908763873401085 ) ) ;
#1792 = EDGE_CURVE ( 'NONE', #1477, #1550, #1666, .T. ) ;
#1793 = EDGE_LOOP ( 'NONE', ( #1389, #694, #1939, #1274 ) ) ;
#1794 = FACE_OUTER_BOUND ( 'NONE', #60, .T. ) ;
#1795 = ORIENTED_EDGE ( 'NONE', *, *, #343, .T. ) ;
#1796 = CARTESIAN_POINT ( 'NONE',  ( -27.00000000000001066, 0.000000000000000000, 88.04999999999999716 ) ) ;
#1797 = CARTESIAN_POINT ( 'NONE',  ( -28.31598700792973133, 16.49078134337849022, 81.10157182110827989 ) ) ;
#1798 = ORIENTED_EDGE ( 'NONE', *, *, #1920, .F. ) ;
#1799 = CARTESIAN_POINT ( 'NONE',  ( -52.02999999999999403, 0.000000000000000000, 90.80364296703638161 ) ) ;
#1800 = CARTESIAN_POINT ( 'NONE',  ( 11.93237089457612221, -20.00000000000000000, -125.0000000000000000 ) ) ;
#1801 = ORIENTED_EDGE ( 'NONE', *, *, #444, .T. ) ;
#1802 = DIRECTION ( 'NONE',  ( -0.000000000000000000, -0.000000000000000000, 1.000000000000000000 ) ) ;
#1803 = ADVANCED_FACE ( 'NONE', ( #651 ), #352, .F. ) ;
#1804 = ORIENTED_EDGE ( 'NONE', *, *, #791, .T. ) ;
#1805 = DIRECTION ( 'NONE',  ( -0.000000000000000000, -1.000000000000000000, -0.000000000000000000 ) ) ;
#1806 = EDGE_LOOP ( 'NONE', ( #63, #735, #627, #1137 ) ) ;
#1807 = CARTESIAN_POINT ( 'NONE',  ( 4.000000000000014211, 15.00000000000000000, 41.50000000000000000 ) ) ;
#1808 = DIRECTION ( 'NONE',  ( 2.168404344971010594E-16, 0.000000000000000000, -1.000000000000000000 ) ) ;
#1809 = ORIENTED_EDGE ( 'NONE', *, *, #635, .F. ) ;
#1810 = DIRECTION ( 'NONE',  ( 2.168404344971010594E-16, 0.000000000000000000, -1.000000000000000000 ) ) ;
#1811 = CIRCLE ( 'NONE', #296, 3.049999999999997158 ) ;
#1812 = VERTEX_POINT ( 'NONE', #1723 ) ;
#1813 = EDGE_CURVE ( 'NONE', #1192, #1655, #1564, .T. ) ;
#1814 = CARTESIAN_POINT ( 'NONE',  ( 20.49999999999999289, 4.000000000000000000, 37.50000000000000000 ) ) ;
#1815 = VECTOR ( 'NONE', #1391, 1000.000000000000000 ) ;
#1816 = ORIENTED_EDGE ( 'NONE', *, *, #1375, .F. ) ;
#1817 = DIRECTION ( 'NONE',  ( 1.000000000000000000, 0.000000000000000000, 0.000000000000000000 ) ) ;
#1818 = FACE_OUTER_BOUND ( 'NONE', #398, .T. ) ;
#1819 =( BOUNDED_CURVE ( )  B_SPLINE_CURVE ( 3, ( #152, #1263, #964, #759 ),
 .UNSPECIFIED., .F., .F. ) 
 B_SPLINE_CURVE_WITH_KNOTS ( ( 4, 4 ),
 ( 4.712388980384689674, 6.283185307179586232 ),
 .UNSPECIFIED. ) 
 CURVE ( )  GEOMETRIC_REPRESENTATION_ITEM ( )  RATIONAL_B_SPLINE_CURVE ( ( 1.000000000000000000, 0.8047378541243649375, 0.8047378541243649375, 1.000000000000000000 ) ) 
 REPRESENTATION_ITEM ( '' )  );
#1820 = ORIENTED_EDGE ( 'NONE', *, *, #1311, .T. ) ;
#1821 = CARTESIAN_POINT ( 'NONE',  ( -125.0000000000000000, 30.36244618192505129, -14.15824117495041001 ) ) ;
#1822 = VERTEX_POINT ( 'NONE', #373 ) ;
#1823 = DIRECTION ( 'NONE',  ( -0.000000000000000000, -1.000000000000000000, -0.000000000000000000 ) ) ;
#1824 = CARTESIAN_POINT ( 'NONE',  ( 53.86363636363633844, 5.020408163265316581, -37.27272727272727337 ) ) ;
#1825 = EDGE_LOOP ( 'NONE', ( #1018, #1358, #1594, #1316 ) ) ;
#1826 = CARTESIAN_POINT ( 'NONE',  ( 51.11818692754916071, 0.8040953470489683452, -35.62425714945447908 ) ) ;
#1827 = FACE_OUTER_BOUND ( 'NONE', #1195, .T. ) ;
#1828 = CARTESIAN_POINT ( 'NONE',  ( -47.48732578952004957, 0.09702746344479536156, -31.74046871595709263 ) ) ;
#1829 = LINE ( 'NONE', #1857, #362 ) ;
#1830 = CARTESIAN_POINT ( 'NONE',  ( 45.54499999999999460, 8.755306122448986983, -51.99999999999998579 ) ) ;
#1831 =( BOUNDED_CURVE ( )  B_SPLINE_CURVE ( 3, ( #1144, #202, #1863, #212 ),
 .UNSPECIFIED., .F., .F. ) 
 B_SPLINE_CURVE_WITH_KNOTS ( ( 4, 4 ),
 ( 2.911851998959448462, 3.371333308220138658 ),
 .UNSPECIFIED. ) 
 CURVE ( )  GEOMETRIC_REPRESENTATION_ITEM ( )  RATIONAL_B_SPLINE_CURVE ( ( 1.000000000000000000, 0.9824836581169436034, 0.9824836581169436034, 1.000000000000000000 ) ) 
 REPRESENTATION_ITEM ( '' )  );
#1832 = ORIENTED_EDGE ( 'NONE', *, *, #1457, .T. ) ;
#1833 = CARTESIAN_POINT ( 'NONE',  ( -45.54500000000000171, 0.000000000000000000, 4.931309051342663575E-15 ) ) ;
#1834 = EDGE_LOOP ( 'NONE', ( #1407, #915, #544, #1369 ) ) ;
#1835 = CARTESIAN_POINT ( 'NONE',  ( -24.50000000000000711, 4.000000000000000000, -0.000000000000000000 ) ) ;
#1836 = DIRECTION ( 'NONE',  ( 0.000000000000000000, 0.000000000000000000, -1.000000000000000000 ) ) ;
#1837 = EDGE_CURVE ( 'NONE', #1134, #349, #228, .T. ) ;
#1838 = CARTESIAN_POINT ( 'NONE',  ( 23.14442875203259575, 18.81270545827108975, 75.93001356521099865 ) ) ;
#1839 = CARTESIAN_POINT ( 'NONE',  ( -41.10100626588253192, 10.75056861531804842, 93.42121182870114637 ) ) ;
#1840 = CARTESIAN_POINT ( 'NONE',  ( 45.54499999999999460, 20.00000000000000000, -60.49490256491693430 ) ) ;
#1841 = VECTOR ( 'NONE', #1422, 1000.000000000000000 ) ;
#1842 = AXIS2_PLACEMENT_3D ( 'NONE', #787, #358, #1231 ) ;
#1843 = CARTESIAN_POINT ( 'NONE',  ( -60.58483345840360812, 2.002727835002445111, -74.97585343362888466 ) ) ;
#1844 = ORIENTED_EDGE ( 'NONE', *, *, #1705, .T. ) ;
#1845 = AXIS2_PLACEMENT_3D ( 'NONE', #468, #928, #1549 ) ;
#1846 = FACE_OUTER_BOUND ( 'NONE', #321, .T. ) ;
#1847 = DIRECTION ( 'NONE',  ( -8.673617379884027583E-16, 0.000000000000000000, 1.000000000000000000 ) ) ;
#1848 = AXIS2_PLACEMENT_3D ( 'NONE', #638, #1262, #962 ) ;
#1849 = ORIENTED_EDGE ( 'NONE', *, *, #1567, .F. ) ;
#1850 = CARTESIAN_POINT ( 'NONE',  ( -46.36172095191157894, 8.388615082815201518, -30.30225253225798454 ) ) ;
#1851 = ADVANCED_FACE ( 'NONE', ( #1444 ), #382, .T. ) ;
#1852 = ADVANCED_FACE ( 'NONE', ( #846 ), #1733, .F. ) ;
#1853 = ORIENTED_EDGE ( 'NONE', *, *, #1275, .T. ) ;
#1854 = CARTESIAN_POINT ( 'NONE',  ( -45.54499999999999460, 0.000000000000000000, 72.93364296703640548 ) ) ;
#1855 = CARTESIAN_POINT ( 'NONE',  ( 27.00000000000001066, 20.00000000000000000, 85.00000000000000000 ) ) ;
#1856 = ORIENTED_EDGE ( 'NONE', *, *, #1504, .F. ) ;
#1857 = CARTESIAN_POINT ( 'NONE',  ( -20.50000000000000711, 4.000000000000000000, -37.50000000000000000 ) ) ;
#1858 = DIRECTION ( 'NONE',  ( -0.000000000000000000, -1.000000000000000000, -0.000000000000000000 ) ) ;
#1859 = EDGE_CURVE ( 'NONE', #200, #125, #994, .T. ) ;
#1860 = CARTESIAN_POINT ( 'NONE',  ( 27.00000000000001066, 6.200000000000000178, 81.95000000000000284 ) ) ;
#1861 = EDGE_CURVE ( 'NONE', #756, #288, #520, .T. ) ;
#1862 = EDGE_LOOP ( 'NONE', ( #1204, #767, #706, #786 ) ) ;
#1863 = CARTESIAN_POINT ( 'NONE',  ( -15.45233505029927201, 12.03707030392637201, -53.45713656625817123 ) ) ;
#1864 = CARTESIAN_POINT ( 'NONE',  ( -45.54500000000000881, 0.000000000000000000, -51.99999999999996447 ) ) ;
#1865 = CARTESIAN_POINT ( 'NONE',  ( -45.54499999999999460, 8.755306122448978101, 72.93364296703640548 ) ) ;
#1866 = CARTESIAN_POINT ( 'NONE',  ( 45.00000000000000000, 0.000000000000000000, -43.04999999999999716 ) ) ;
#1867 = LINE ( 'NONE', #1055, #198 ) ;
#1868 = DIRECTION ( 'NONE',  ( 0.000000000000000000, 0.000000000000000000, 1.000000000000000000 ) ) ;
#1869 = ORIENTED_EDGE ( 'NONE', *, *, #146, .F. ) ;
#1870 = ADVANCED_FACE ( 'NONE', ( #533 ), #1265, .T. ) ;
#1871 = VECTOR ( 'NONE', #378, 1000.000000000000000 ) ;
#1872 = CARTESIAN_POINT ( 'NONE',  ( 46.22789863718004710, 0.01113439324679583488, -42.81453203877789093 ) ) ;
#1873 = DIRECTION ( 'NONE',  ( -0.000000000000000000, -1.000000000000000000, 0.000000000000000000 ) ) ;
#1874 = CIRCLE ( 'NONE', #1842, 3.049999999999997158 ) ;
#1875 = ORIENTED_EDGE ( 'NONE', *, *, #1667, .T. ) ;
#1876 = PLANE ( 'NONE',  #197 ) ;
#1877 = DIRECTION ( 'NONE',  ( 1.000000000000000000, 0.000000000000000000, -1.082733351925055031E-16 ) ) ;
#1878 = AXIS2_PLACEMENT_3D ( 'NONE', #367, #1900, #231 ) ;
#1879 = CARTESIAN_POINT ( 'NONE',  ( -20.50000000000000711, 4.000000000000000000, 37.50000000000000000 ) ) ;
#1880 =( BOUNDED_CURVE ( )  B_SPLINE_CURVE ( 3, ( #1735, #956, #1891, #1267 ),
 .UNSPECIFIED., .F., .F. ) 
 B_SPLINE_CURVE_WITH_KNOTS ( ( 4, 4 ),
 ( 5.846852994181007901, 5.861180277277364681 ),
 .UNSPECIFIED. ) 
 CURVE ( )  GEOMETRIC_REPRESENTATION_ITEM ( )  RATIONAL_B_SPLINE_CURVE ( ( 1.000000000000000000, 0.9999828941530761739, 0.9999828941530761739, 1.000000000000000000 ) ) 
 REPRESENTATION_ITEM ( '' )  );
#1881 = DIRECTION ( 'NONE',  ( -0.000000000000000000, -0.000000000000000000, -1.000000000000000000 ) ) ;
#1882 = VERTEX_POINT ( 'NONE', #805 ) ;
#1883 = DIRECTION ( 'NONE',  ( -0.000000000000000000, -1.000000000000000000, -0.000000000000000000 ) ) ;
#1884 = CARTESIAN_POINT ( 'NONE',  ( -48.41200174298406722, 7.468080850088773204, 91.77842883105054739 ) ) ;
#1885 = ORIENTED_EDGE ( 'NONE', *, *, #12, .F. ) ;
#1886 = EDGE_CURVE ( 'NONE', #612, #1057, #1397, .T. ) ;
#1887 = CARTESIAN_POINT ( 'NONE',  ( 28.31598700792975620, 16.49078134337849022, 81.10157182110827989 ) ) ;
#1888 = CARTESIAN_POINT ( 'NONE',  ( -41.10100626588253192, 10.75056861531804842, 93.42121182870114637 ) ) ;
#1889 = EDGE_LOOP ( 'NONE', ( #112, #1179 ) ) ;
#1890 =( BOUNDED_CURVE ( )  B_SPLINE_CURVE ( 3, ( #316, #489, #1371, #499 ),
 .UNSPECIFIED., .F., .F. ) 
 B_SPLINE_CURVE_WITH_KNOTS ( ( 4, 4 ),
 ( 4.712388980384689674, 6.283185307179586232 ),
 .UNSPECIFIED. ) 
 CURVE ( )  GEOMETRIC_REPRESENTATION_ITEM ( )  RATIONAL_B_SPLINE_CURVE ( ( 1.000000000000000000, 0.8047378541243649375, 0.8047378541243649375, 1.000000000000000000 ) ) 
 REPRESENTATION_ITEM ( '' )  );
#1891 = CARTESIAN_POINT ( 'NONE',  ( -28.49025975005277189, 16.41253643875182178, 81.27584456323118900 ) ) ;
#1892 = CARTESIAN_POINT ( 'NONE',  ( -49.50000000000001421, 0.4058606508031137317, -45.99999999999998579 ) ) ;
#1893 = ORIENTED_EDGE ( 'NONE', *, *, #1236, .T. ) ;
#1894 = CARTESIAN_POINT ( 'NONE',  ( 28.84712442764366358, 16.25231148146612270, -44.41752268940716419 ) ) ;
#1895 = CARTESIAN_POINT ( 'NONE',  ( 73.54495633554618905, 0.000000000000000000, 72.88419392752788895 ) ) ;
#1896 = EDGE_CURVE ( 'NONE', #86, #1134, #788, .T. ) ;
#1897 = CARTESIAN_POINT ( 'NONE',  ( 8.000000000000014211, 0.000000000000000000, 41.49999999999999289 ) ) ;
#1898 = ORIENTED_EDGE ( 'NONE', *, *, #179, .T. ) ;
#1899 = CARTESIAN_POINT ( 'NONE',  ( 46.83574368148040890, 0.04473442308404597390, -37.55794749028365942 ) ) ;
#1900 = DIRECTION ( 'NONE',  ( -0.000000000000000000, -1.000000000000000000, 0.000000000000000000 ) ) ;
#1901 = VERTEX_POINT ( 'NONE', #1563 ) ;
#1902 = AXIS2_PLACEMENT_3D ( 'NONE', #443, #1041, #1499 ) ;
#1903 = CARTESIAN_POINT ( 'NONE',  ( -7.999999999999986677, 0.000000000000000000, 41.49999999999999289 ) ) ;
#1904 = DIRECTION ( 'NONE',  ( 2.168404344971010594E-16, 0.000000000000000000, -1.000000000000000000 ) ) ;
#1905 = PRODUCT_DEFINITION ( 'UNKNOWN', '', #1909, #240 ) ;
#1906 = FACE_OUTER_BOUND ( 'NONE', #1793, .T. ) ;
#1907 = EDGE_CURVE ( 'NONE', #420, #484, #187, .T. ) ;
#1908 = VECTOR ( 'NONE', #1868, 1000.000000000000000 ) ;
#1909 = PRODUCT_DEFINITION_FORMATION_WITH_SPECIFIED_SOURCE ( 'ANY', '', #3, .NOT_KNOWN. ) ;
#1910 = ADVANCED_FACE ( 'NONE', ( #945 ), #508, .F. ) ;
#1911 = ORIENTED_EDGE ( 'NONE', *, *, #716, .T. ) ;
#1912 = CARTESIAN_POINT ( 'NONE',  ( 20.49999999999999289, 15.00000000000000000, 37.50000000000000000 ) ) ;
#1913 = CARTESIAN_POINT ( 'NONE',  ( -50.38122047915312152, 0.6032515506848573628, -34.74435513668620956 ) ) ;
#1914 = ORIENTED_EDGE ( 'NONE', *, *, #1140, .T. ) ;
#1915 = CARTESIAN_POINT ( 'NONE',  ( 0.000000000000000000, 15.00000000000000000, -33.50000000000000000 ) ) ;
#1916 = FACE_OUTER_BOUND ( 'NONE', #1889, .T. ) ;
#1917 = ORIENTED_EDGE ( 'NONE', *, *, #330, .F. ) ;
#1918 = CARTESIAN_POINT ( 'NONE',  ( -46.68906520847085062, 0.03526274745428129020, -37.45427276661568072 ) ) ;
#1919 = ORIENTED_EDGE ( 'NONE', *, *, #1717, .T. ) ;
#1920 = EDGE_CURVE ( 'NONE', #1882, #238, #113, .T. ) ;
#1921 = FACE_BOUND ( 'NONE', #874, .T. ) ;
#1922 = VERTEX_POINT ( 'NONE', #1405 ) ;
#1923 = DIRECTION ( 'NONE',  ( 0.000000000000000000, 0.000000000000000000, -1.000000000000000000 ) ) ;
#1924 = DIRECTION ( 'NONE',  ( 0.000000000000000000, 1.000000000000000000, -0.000000000000000000 ) ) ;
#1925 = ORIENTED_EDGE ( 'NONE', *, *, #342, .F. ) ;
#1926 = CARTESIAN_POINT ( 'NONE',  ( 69.32541625027255350, 60.32977872461223257, -12.90174736407946554 ) ) ;
#1927 = ORIENTED_EDGE ( 'NONE', *, *, #984, .T. ) ;
#1928 = FACE_OUTER_BOUND ( 'NONE', #425, .T. ) ;
#1929 = CARTESIAN_POINT ( 'NONE',  ( -7.999999999999986677, 0.000000000000000000, 41.49999999999999289 ) ) ;
#1930 = ADVANCED_FACE ( 'NONE', ( #1688 ), #777, .T. ) ;
#1931 = ORIENTED_EDGE ( 'NONE', *, *, #1248, .T. ) ;
#1932 = CARTESIAN_POINT ( 'NONE',  ( 73.54495633554618905, 20.00000000000000000, 72.88419392752788895 ) ) ;
#1933 = CARTESIAN_POINT ( 'NONE',  ( -45.00000000000000000, 6.200000000000000178, -40.00000000000000000 ) ) ;
#1934 = VECTOR ( 'NONE', #449, 1000.000000000000000 ) ;
#1935 = ORIENTED_EDGE ( 'NONE', *, *, #781, .T. ) ;
#1936 = CYLINDRICAL_SURFACE ( 'NONE', #461, 4.000000000000000000 ) ;
#1937 = VECTOR ( 'NONE', #1335, 1000.000000000000000 ) ;
#1938 = AXIS2_PLACEMENT_3D ( 'NONE', #1017, #891, #1353 ) ;
#1939 = ORIENTED_EDGE ( 'NONE', *, *, #1615, .F. ) ;
#1940 = AXIS2_PLACEMENT_3D ( 'NONE', #772, #5, #1847 ) ;
#1941 = MECHANICAL_DESIGN_GEOMETRIC_PRESENTATION_REPRESENTATION (  '', ( #685 ), #1507 ) ;
#1942 = FACE_BOUND ( 'NONE', #408, .T. ) ;
#1943 = DIRECTION ( 'NONE',  ( -0.000000000000000000, -0.000000000000000000, 1.000000000000000000 ) ) ;
#1944 = EDGE_LOOP ( 'NONE', ( #1300, #1223 ) ) ;
#1945 = ADVANCED_FACE ( 'NONE', ( #341 ), #1699, .F. ) ;
#1946 = LINE ( 'NONE', #1777, #261 ) ;
#1947 = CARTESIAN_POINT ( 'NONE',  ( 2.255140518769849223E-14, 15.00000000000000000, 4.911121358187451425E-30 ) ) ;
#1948 = EDGE_CURVE ( 'NONE', #764, #457, #873, .T. ) ;
#1949 = ORIENTED_EDGE ( 'NONE', *, *, #551, .T. ) ;
#1950 = PLANE ( 'NONE',  #834 ) ;
#1951 = ORIENTED_EDGE ( 'NONE', *, *, #502, .F. ) ;
#1952 = CARTESIAN_POINT ( 'NONE',  ( 22.15685424949237614, 7.238854408236596773E-16, -39.15685424949237614 ) ) ;
#1953 = CARTESIAN_POINT ( 'NONE',  ( -52.23124137100213460, 1.169807801935942582, -42.01080071583194808 ) ) ;
#1954 = EDGE_LOOP ( 'NONE', ( #1240, #1734, #1453, #1337 ) ) ;
#1955 = CARTESIAN_POINT ( 'NONE',  ( -45.00000000000000000, 0.000000000000000000, -43.04999999999999716 ) ) ;
#1956 = DIRECTION ( 'NONE',  ( -1.000000000000000000, 0.000000000000000000, 0.000000000000000000 ) ) ;
#1957 = MANIFOLD_SOLID_BREP ( 'Cong\X2\00e9\X0\3', #426 ) ;
#1958 = EDGE_LOOP ( 'NONE', ( #1640, #810, #1670, #1063 ) ) ;
#1959 = DIRECTION ( 'NONE',  ( -0.6854070395089556511, -0.3077337728407559814, 0.6599372055315285701 ) ) ;
#1960 = EDGE_CURVE ( 'NONE', #1483, #537, #816, .T. ) ;
#1961 = ORIENTED_EDGE ( 'NONE', *, *, #510, .T. ) ;
ENDSEC;
END-ISO-10303-21;
