ISO-10303-21;
HEADER;
FILE_DESCRIPTION(('KiCad electronic assembly'),'2;1');
FILE_NAME('SLIDER_PCB_REV_A.step','2026-04-25T23:38:26',('Pcbnew'),(
    'Kicad'),'Open CASCADE STEP processor 7.9','KiCad to STEP converter'
  ,'Unknown');
FILE_SCHEMA(('AUTOMOTIVE_DESIGN { 1 0 10303 214 1 1 1 1 }'));
ENDSEC;
DATA;
#1 = APPLICATION_PROTOCOL_DEFINITION('international standard',
  'automotive_design',2000,#2);
#2 = APPLICATION_CONTEXT(
  'core data for automotive mechanical design processes');
#3 = SHAPE_DEFINITION_REPRESENTATION(#4,#10);
#4 = PRODUCT_DEFINITION_SHAPE('','',#5);
#5 = PRODUCT_DEFINITION('design','',#6,#9);
#6 = PRODUCT_DEFINITION_FORMATION('','',#7);
#7 = PRODUCT('SLIDER_PCB_REV_A 1','SLIDER_PCB_REV_A 1','',(#8));
#8 = PRODUCT_CONTEXT('',#2,'mechanical');
#9 = PRODUCT_DEFINITION_CONTEXT('part definition',#2,'design');
#10 = SHAPE_REPRESENTATION('',(#11,#15,#19,#23,#27,#31,#35,#39,#43,#47),
  #51);
#11 = AXIS2_PLACEMENT_3D('',#12,#13,#14);
#12 = CARTESIAN_POINT('',(0.,0.,0.));
#13 = DIRECTION('',(0.,0.,1.));
#14 = DIRECTION('',(1.,0.,-0.));
#15 = AXIS2_PLACEMENT_3D('',#16,#17,#18);
#16 = CARTESIAN_POINT('',(92.775,-94.6725,1.595));
#17 = DIRECTION('',(0.,0.,1.));
#18 = DIRECTION('',(-1.,1.224646799147E-16,0.));
#19 = AXIS2_PLACEMENT_3D('',#20,#21,#22);
#20 = CARTESIAN_POINT('',(77.275,-94.6725,1.595));
#21 = DIRECTION('',(0.,0.,1.));
#22 = DIRECTION('',(-1.,1.224646799147E-16,0.));
#23 = AXIS2_PLACEMENT_3D('',#24,#25,#26);
#24 = CARTESIAN_POINT('',(115.5,-88.5,1.595));
#25 = DIRECTION('',(0.,0.,1.));
#26 = DIRECTION('',(1.,0.,0.));
#27 = AXIS2_PLACEMENT_3D('',#28,#29,#30);
#28 = CARTESIAN_POINT('',(76.5,-66.225,1.595));
#29 = DIRECTION('',(0.,0.,1.));
#30 = DIRECTION('',(1.,0.,0.));
#31 = AXIS2_PLACEMENT_3D('',#32,#33,#34);
#32 = CARTESIAN_POINT('',(93.,-70.09,-8.5E-02));
#33 = DIRECTION('',(1.224646799147E-16,-1.359631073447E-32,-1.));
#34 = DIRECTION('',(1.110223024625E-16,1.,0.));
#35 = AXIS2_PLACEMENT_3D('',#36,#37,#38);
#36 = CARTESIAN_POINT('',(105.5,-68.5,-8.5E-02));
#37 = DIRECTION('',(-1.224646799147E-16,-1.359631073447E-32,-1.));
#38 = DIRECTION('',(1.110223024625E-16,-1.,0.));
#39 = AXIS2_PLACEMENT_3D('',#40,#41,#42);
#40 = CARTESIAN_POINT('',(124.5,-91.,-8.5E-02));
#41 = DIRECTION('',(1.499759782662E-32,1.224646799147E-16,-1.));
#42 = DIRECTION('',(-1.,1.224646799147E-16,0.));
#43 = AXIS2_PLACEMENT_3D('',#44,#45,#46);
#44 = CARTESIAN_POINT('',(93.,-65.5,-8.5E-02));
#45 = DIRECTION('',(1.224646799147E-16,-1.359631073447E-32,-1.));
#46 = DIRECTION('',(1.110223024625E-16,1.,0.));
#47 = AXIS2_PLACEMENT_3D('',#48,#49,#50);
#48 = CARTESIAN_POINT('',(0.,0.,0.));
#49 = DIRECTION('',(0.,0.,1.));
#50 = DIRECTION('',(1.,0.,-0.));
#51 = ( GEOMETRIC_REPRESENTATION_CONTEXT(3) 
GLOBAL_UNCERTAINTY_ASSIGNED_CONTEXT((#55)) GLOBAL_UNIT_ASSIGNED_CONTEXT(
(#52,#53,#54)) REPRESENTATION_CONTEXT('Context #1',
  '3D Context with UNIT and UNCERTAINTY') );
#52 = ( LENGTH_UNIT() NAMED_UNIT(*) SI_UNIT(.MILLI.,.METRE.) );
#53 = ( NAMED_UNIT(*) PLANE_ANGLE_UNIT() SI_UNIT($,.RADIAN.) );
#54 = ( NAMED_UNIT(*) SI_UNIT($,.STERADIAN.) SOLID_ANGLE_UNIT() );
#55 = UNCERTAINTY_MEASURE_WITH_UNIT(LENGTH_MEASURE(1.E-07),#52,
  'distance_accuracy_value','confusion accuracy');
#56 = PRODUCT_RELATED_PRODUCT_CATEGORY('part',$,(#7));
#57 = SHAPE_DEFINITION_REPRESENTATION(#58,#64);
#58 = PRODUCT_DEFINITION_SHAPE('','',#59);
#59 = PRODUCT_DEFINITION('design','',#60,#63);
#60 = PRODUCT_DEFINITION_FORMATION('','',#61);
#61 = PRODUCT('PinHeader_1x09_P2.54mm_Vertical',
  'PinHeader_1x09_P2.54mm_Vertical','',(#62));
#62 = PRODUCT_CONTEXT('',#2,'mechanical');
#63 = PRODUCT_DEFINITION_CONTEXT('part definition',#2,'design');
#64 = ADVANCED_BREP_SHAPE_REPRESENTATION('',(#11,#65),#6215);
#65 = MANIFOLD_SOLID_BREP('',#66);
#66 = CLOSED_SHELL('',(#67,#107,#138,#169,#908,#1647,#1664,#1681,#1698,
    #1715,#1732,#1749,#1766,#1783,#1800,#1817,#1834,#1851,#1868,#1885,
    #1902,#1919,#1936,#1953,#1970,#1987,#2004,#2021,#2038,#2055,#2072,
    #2089,#2106,#2123,#2140,#2157,#2174,#2191,#2208,#2225,#2242,#2259,
    #2276,#2293,#2310,#2327,#2344,#2361,#2378,#2395,#2412,#2429,#2446,
    #2463,#2480,#2497,#2514,#2531,#2543,#2574,#2598,#2622,#2639,#2670,
    #2694,#2718,#2735,#2766,#2790,#2814,#2831,#2862,#2886,#2910,#2927,
    #2958,#2982,#3006,#3023,#3054,#3078,#3102,#3119,#3150,#3174,#3198,
    #3215,#3246,#3270,#3294,#3311,#3342,#3366,#3390,#3407,#3438,#3462,
    #3486,#3503,#3534,#3558,#3582,#3599,#3630,#3654,#3678,#3695,#3726,
    #3750,#3774,#3791,#3822,#3846,#3870,#3887,#3918,#3942,#3966,#3983,
    #4014,#4038,#4062,#4079,#4110,#4134,#4158,#4175,#4206,#4230,#4254,
    #4271,#4302,#4326,#4350,#4367,#4398,#4422,#4446,#4463,#4494,#4518,
    #4542,#4559,#4590,#4614,#4638,#4655,#4686,#4710,#4734,#4751,#4782,
    #4806,#4830,#4847,#4878,#4902,#4926,#4943,#4974,#4998,#5022,#5039,
    #5070,#5094,#5118,#5135,#5166,#5190,#5214,#5231,#5262,#5286,#5310,
    #5327,#5358,#5382,#5406,#5423,#5454,#5478,#5502,#5519,#5550,#5574,
    #5598,#5615,#5646,#5670,#5694,#5711,#5742,#5766,#5790,#5807,#5838,
    #5862,#5886,#5903,#5934,#5958,#5982,#5999,#6011,#6023,#6035,#6047,
    #6059,#6071,#6083,#6095,#6107,#6119,#6131,#6143,#6155,#6167,#6179,
    #6191,#6203));
#67 = ADVANCED_FACE('',(#68),#102,.F.);
#68 = FACE_BOUND('',#69,.F.);
#69 = EDGE_LOOP('',(#70,#80,#88,#96));
#70 = ORIENTED_EDGE('',*,*,#71,.T.);
#71 = EDGE_CURVE('',#72,#74,#76,.T.);
#72 = VERTEX_POINT('',#73);
#73 = CARTESIAN_POINT('',(-1.016,1.27,0.));
#74 = VERTEX_POINT('',#75);
#75 = CARTESIAN_POINT('',(-1.016,1.27,2.54));
#76 = LINE('',#77,#78);
#77 = CARTESIAN_POINT('',(-1.016,1.27,0.));
#78 = VECTOR('',#79,1.);
#79 = DIRECTION('',(0.,0.,1.));
#80 = ORIENTED_EDGE('',*,*,#81,.T.);
#81 = EDGE_CURVE('',#74,#82,#84,.T.);
#82 = VERTEX_POINT('',#83);
#83 = CARTESIAN_POINT('',(-1.27,1.016,2.54));
#84 = LINE('',#85,#86);
#85 = CARTESIAN_POINT('',(-1.016,1.27,2.54));
#86 = VECTOR('',#87,1.);
#87 = DIRECTION('',(-0.707106781187,-0.707106781187,0.));
#88 = ORIENTED_EDGE('',*,*,#89,.F.);
#89 = EDGE_CURVE('',#90,#82,#92,.T.);
#90 = VERTEX_POINT('',#91);
#91 = CARTESIAN_POINT('',(-1.27,1.016,0.));
#92 = LINE('',#93,#94);
#93 = CARTESIAN_POINT('',(-1.27,1.016,0.));
#94 = VECTOR('',#95,1.);
#95 = DIRECTION('',(0.,0.,1.));
#96 = ORIENTED_EDGE('',*,*,#97,.F.);
#97 = EDGE_CURVE('',#72,#90,#98,.T.);
#98 = LINE('',#99,#100);
#99 = CARTESIAN_POINT('',(-1.016,1.27,0.));
#100 = VECTOR('',#101,1.);
#101 = DIRECTION('',(-0.707106781187,-0.707106781187,0.));
#102 = PLANE('',#103);
#103 = AXIS2_PLACEMENT_3D('',#104,#105,#106);
#104 = CARTESIAN_POINT('',(-1.016,1.27,0.));
#105 = DIRECTION('',(0.707106781187,-0.707106781187,0.));
#106 = DIRECTION('',(-0.707106781187,-0.707106781187,0.));
#107 = ADVANCED_FACE('',(#108),#133,.F.);
#108 = FACE_BOUND('',#109,.F.);
#109 = EDGE_LOOP('',(#110,#120,#126,#127));
#110 = ORIENTED_EDGE('',*,*,#111,.T.);
#111 = EDGE_CURVE('',#112,#114,#116,.T.);
#112 = VERTEX_POINT('',#113);
#113 = CARTESIAN_POINT('',(1.016,1.27,0.));
#114 = VERTEX_POINT('',#115);
#115 = CARTESIAN_POINT('',(1.016,1.27,2.54));
#116 = LINE('',#117,#118);
#117 = CARTESIAN_POINT('',(1.016,1.27,0.));
#118 = VECTOR('',#119,1.);
#119 = DIRECTION('',(0.,0.,1.));
#120 = ORIENTED_EDGE('',*,*,#121,.T.);
#121 = EDGE_CURVE('',#114,#74,#122,.T.);
#122 = LINE('',#123,#124);
#123 = CARTESIAN_POINT('',(1.016,1.27,2.54));
#124 = VECTOR('',#125,1.);
#125 = DIRECTION('',(-1.,0.,0.));
#126 = ORIENTED_EDGE('',*,*,#71,.F.);
#127 = ORIENTED_EDGE('',*,*,#128,.F.);
#128 = EDGE_CURVE('',#112,#72,#129,.T.);
#129 = LINE('',#130,#131);
#130 = CARTESIAN_POINT('',(1.016,1.27,0.));
#131 = VECTOR('',#132,1.);
#132 = DIRECTION('',(-1.,0.,0.));
#133 = PLANE('',#134);
#134 = AXIS2_PLACEMENT_3D('',#135,#136,#137);
#135 = CARTESIAN_POINT('',(1.016,1.27,0.));
#136 = DIRECTION('',(0.,-1.,0.));
#137 = DIRECTION('',(-1.,0.,0.));
#138 = ADVANCED_FACE('',(#139),#164,.F.);
#139 = FACE_BOUND('',#140,.F.);
#140 = EDGE_LOOP('',(#141,#142,#150,#158));
#141 = ORIENTED_EDGE('',*,*,#89,.T.);
#142 = ORIENTED_EDGE('',*,*,#143,.T.);
#143 = EDGE_CURVE('',#82,#144,#146,.T.);
#144 = VERTEX_POINT('',#145);
#145 = CARTESIAN_POINT('',(-1.27,-1.016,2.54));
#146 = LINE('',#147,#148);
#147 = CARTESIAN_POINT('',(-1.27,1.016,2.54));
#148 = VECTOR('',#149,1.);
#149 = DIRECTION('',(0.,-1.,0.));
#150 = ORIENTED_EDGE('',*,*,#151,.F.);
#151 = EDGE_CURVE('',#152,#144,#154,.T.);
#152 = VERTEX_POINT('',#153);
#153 = CARTESIAN_POINT('',(-1.27,-1.016,0.));
#154 = LINE('',#155,#156);
#155 = CARTESIAN_POINT('',(-1.27,-1.016,0.));
#156 = VECTOR('',#157,1.);
#157 = DIRECTION('',(0.,0.,1.));
#158 = ORIENTED_EDGE('',*,*,#159,.F.);
#159 = EDGE_CURVE('',#90,#152,#160,.T.);
#160 = LINE('',#161,#162);
#161 = CARTESIAN_POINT('',(-1.27,1.016,0.));
#162 = VECTOR('',#163,1.);
#163 = DIRECTION('',(0.,-1.,0.));
#164 = PLANE('',#165);
#165 = AXIS2_PLACEMENT_3D('',#166,#167,#168);
#166 = CARTESIAN_POINT('',(-1.27,1.016,0.));
#167 = DIRECTION('',(1.,0.,0.));
#168 = DIRECTION('',(0.,-1.,0.));
#169 = ADVANCED_FACE('',(#170,#597,#631,#665,#699,#733,#767,#801,#835,
    #869),#903,.F.);
#170 = FACE_BOUND('',#171,.F.);
#171 = EDGE_LOOP('',(#172,#173,#174,#182,#190,#198,#206,#214,#222,#230,
    #238,#246,#254,#262,#270,#278,#286,#294,#302,#310,#318,#326,#334,
    #342,#350,#358,#366,#374,#382,#390,#398,#406,#414,#422,#430,#438,
    #446,#454,#462,#470,#478,#486,#494,#502,#510,#518,#526,#534,#542,
    #550,#558,#566,#574,#582,#590,#596));
#172 = ORIENTED_EDGE('',*,*,#97,.T.);
#173 = ORIENTED_EDGE('',*,*,#159,.T.);
#174 = ORIENTED_EDGE('',*,*,#175,.T.);
#175 = EDGE_CURVE('',#152,#176,#178,.T.);
#176 = VERTEX_POINT('',#177);
#177 = CARTESIAN_POINT('',(-1.016,-1.27,0.));
#178 = LINE('',#179,#180);
#179 = CARTESIAN_POINT('',(-1.27,-1.016,0.));
#180 = VECTOR('',#181,1.);
#181 = DIRECTION('',(0.707106781187,-0.707106781187,0.));
#182 = ORIENTED_EDGE('',*,*,#183,.T.);
#183 = EDGE_CURVE('',#176,#184,#186,.T.);
#184 = VERTEX_POINT('',#185);
#185 = CARTESIAN_POINT('',(-1.27,-1.524,0.));
#186 = LINE('',#187,#188);
#187 = CARTESIAN_POINT('',(-1.016,-1.27,0.));
#188 = VECTOR('',#189,1.);
#189 = DIRECTION('',(-0.707106781187,-0.707106781187,0.));
#190 = ORIENTED_EDGE('',*,*,#191,.T.);
#191 = EDGE_CURVE('',#184,#192,#194,.T.);
#192 = VERTEX_POINT('',#193);
#193 = CARTESIAN_POINT('',(-1.27,-3.556,0.));
#194 = LINE('',#195,#196);
#195 = CARTESIAN_POINT('',(-1.27,-1.524,0.));
#196 = VECTOR('',#197,1.);
#197 = DIRECTION('',(0.,-1.,0.));
#198 = ORIENTED_EDGE('',*,*,#199,.T.);
#199 = EDGE_CURVE('',#192,#200,#202,.T.);
#200 = VERTEX_POINT('',#201);
#201 = CARTESIAN_POINT('',(-1.016,-3.81,0.));
#202 = LINE('',#203,#204);
#203 = CARTESIAN_POINT('',(-1.27,-3.556,0.));
#204 = VECTOR('',#205,1.);
#205 = DIRECTION('',(0.707106781187,-0.707106781187,0.));
#206 = ORIENTED_EDGE('',*,*,#207,.T.);
#207 = EDGE_CURVE('',#200,#208,#210,.T.);
#208 = VERTEX_POINT('',#209);
#209 = CARTESIAN_POINT('',(-1.27,-4.064,0.));
#210 = LINE('',#211,#212);
#211 = CARTESIAN_POINT('',(-1.016,-3.81,0.));
#212 = VECTOR('',#213,1.);
#213 = DIRECTION('',(-0.707106781187,-0.707106781187,0.));
#214 = ORIENTED_EDGE('',*,*,#215,.T.);
#215 = EDGE_CURVE('',#208,#216,#218,.T.);
#216 = VERTEX_POINT('',#217);
#217 = CARTESIAN_POINT('',(-1.27,-6.096,0.));
#218 = LINE('',#219,#220);
#219 = CARTESIAN_POINT('',(-1.27,-4.064,0.));
#220 = VECTOR('',#221,1.);
#221 = DIRECTION('',(0.,-1.,0.));
#222 = ORIENTED_EDGE('',*,*,#223,.T.);
#223 = EDGE_CURVE('',#216,#224,#226,.T.);
#224 = VERTEX_POINT('',#225);
#225 = CARTESIAN_POINT('',(-1.016,-6.35,0.));
#226 = LINE('',#227,#228);
#227 = CARTESIAN_POINT('',(-1.27,-6.096,0.));
#228 = VECTOR('',#229,1.);
#229 = DIRECTION('',(0.707106781187,-0.707106781187,0.));
#230 = ORIENTED_EDGE('',*,*,#231,.T.);
#231 = EDGE_CURVE('',#224,#232,#234,.T.);
#232 = VERTEX_POINT('',#233);
#233 = CARTESIAN_POINT('',(-1.27,-6.604,0.));
#234 = LINE('',#235,#236);
#235 = CARTESIAN_POINT('',(-1.016,-6.35,0.));
#236 = VECTOR('',#237,1.);
#237 = DIRECTION('',(-0.707106781187,-0.707106781187,0.));
#238 = ORIENTED_EDGE('',*,*,#239,.T.);
#239 = EDGE_CURVE('',#232,#240,#242,.T.);
#240 = VERTEX_POINT('',#241);
#241 = CARTESIAN_POINT('',(-1.27,-8.636,0.));
#242 = LINE('',#243,#244);
#243 = CARTESIAN_POINT('',(-1.27,-6.604,0.));
#244 = VECTOR('',#245,1.);
#245 = DIRECTION('',(0.,-1.,0.));
#246 = ORIENTED_EDGE('',*,*,#247,.T.);
#247 = EDGE_CURVE('',#240,#248,#250,.T.);
#248 = VERTEX_POINT('',#249);
#249 = CARTESIAN_POINT('',(-1.016,-8.89,0.));
#250 = LINE('',#251,#252);
#251 = CARTESIAN_POINT('',(-1.27,-8.636,0.));
#252 = VECTOR('',#253,1.);
#253 = DIRECTION('',(0.707106781187,-0.707106781187,0.));
#254 = ORIENTED_EDGE('',*,*,#255,.T.);
#255 = EDGE_CURVE('',#248,#256,#258,.T.);
#256 = VERTEX_POINT('',#257);
#257 = CARTESIAN_POINT('',(-1.27,-9.144,0.));
#258 = LINE('',#259,#260);
#259 = CARTESIAN_POINT('',(-1.016,-8.89,0.));
#260 = VECTOR('',#261,1.);
#261 = DIRECTION('',(-0.707106781187,-0.707106781187,0.));
#262 = ORIENTED_EDGE('',*,*,#263,.T.);
#263 = EDGE_CURVE('',#256,#264,#266,.T.);
#264 = VERTEX_POINT('',#265);
#265 = CARTESIAN_POINT('',(-1.27,-11.176,0.));
#266 = LINE('',#267,#268);
#267 = CARTESIAN_POINT('',(-1.27,-9.144,0.));
#268 = VECTOR('',#269,1.);
#269 = DIRECTION('',(0.,-1.,0.));
#270 = ORIENTED_EDGE('',*,*,#271,.T.);
#271 = EDGE_CURVE('',#264,#272,#274,.T.);
#272 = VERTEX_POINT('',#273);
#273 = CARTESIAN_POINT('',(-1.016,-11.43,0.));
#274 = LINE('',#275,#276);
#275 = CARTESIAN_POINT('',(-1.27,-11.176,0.));
#276 = VECTOR('',#277,1.);
#277 = DIRECTION('',(0.707106781187,-0.707106781187,0.));
#278 = ORIENTED_EDGE('',*,*,#279,.T.);
#279 = EDGE_CURVE('',#272,#280,#282,.T.);
#280 = VERTEX_POINT('',#281);
#281 = CARTESIAN_POINT('',(-1.27,-11.684,0.));
#282 = LINE('',#283,#284);
#283 = CARTESIAN_POINT('',(-1.016,-11.43,0.));
#284 = VECTOR('',#285,1.);
#285 = DIRECTION('',(-0.707106781187,-0.707106781187,0.));
#286 = ORIENTED_EDGE('',*,*,#287,.T.);
#287 = EDGE_CURVE('',#280,#288,#290,.T.);
#288 = VERTEX_POINT('',#289);
#289 = CARTESIAN_POINT('',(-1.27,-13.716,0.));
#290 = LINE('',#291,#292);
#291 = CARTESIAN_POINT('',(-1.27,-11.684,0.));
#292 = VECTOR('',#293,1.);
#293 = DIRECTION('',(0.,-1.,0.));
#294 = ORIENTED_EDGE('',*,*,#295,.T.);
#295 = EDGE_CURVE('',#288,#296,#298,.T.);
#296 = VERTEX_POINT('',#297);
#297 = CARTESIAN_POINT('',(-1.016,-13.97,0.));
#298 = LINE('',#299,#300);
#299 = CARTESIAN_POINT('',(-1.27,-13.716,0.));
#300 = VECTOR('',#301,1.);
#301 = DIRECTION('',(0.707106781187,-0.707106781187,0.));
#302 = ORIENTED_EDGE('',*,*,#303,.T.);
#303 = EDGE_CURVE('',#296,#304,#306,.T.);
#304 = VERTEX_POINT('',#305);
#305 = CARTESIAN_POINT('',(-1.27,-14.224,0.));
#306 = LINE('',#307,#308);
#307 = CARTESIAN_POINT('',(-1.016,-13.97,0.));
#308 = VECTOR('',#309,1.);
#309 = DIRECTION('',(-0.707106781187,-0.707106781187,0.));
#310 = ORIENTED_EDGE('',*,*,#311,.T.);
#311 = EDGE_CURVE('',#304,#312,#314,.T.);
#312 = VERTEX_POINT('',#313);
#313 = CARTESIAN_POINT('',(-1.27,-16.256,0.));
#314 = LINE('',#315,#316);
#315 = CARTESIAN_POINT('',(-1.27,-14.224,0.));
#316 = VECTOR('',#317,1.);
#317 = DIRECTION('',(0.,-1.,0.));
#318 = ORIENTED_EDGE('',*,*,#319,.T.);
#319 = EDGE_CURVE('',#312,#320,#322,.T.);
#320 = VERTEX_POINT('',#321);
#321 = CARTESIAN_POINT('',(-1.016,-16.51,0.));
#322 = LINE('',#323,#324);
#323 = CARTESIAN_POINT('',(-1.27,-16.256,0.));
#324 = VECTOR('',#325,1.);
#325 = DIRECTION('',(0.707106781187,-0.707106781187,0.));
#326 = ORIENTED_EDGE('',*,*,#327,.T.);
#327 = EDGE_CURVE('',#320,#328,#330,.T.);
#328 = VERTEX_POINT('',#329);
#329 = CARTESIAN_POINT('',(-1.27,-16.764,0.));
#330 = LINE('',#331,#332);
#331 = CARTESIAN_POINT('',(-1.016,-16.51,0.));
#332 = VECTOR('',#333,1.);
#333 = DIRECTION('',(-0.707106781187,-0.707106781187,0.));
#334 = ORIENTED_EDGE('',*,*,#335,.T.);
#335 = EDGE_CURVE('',#328,#336,#338,.T.);
#336 = VERTEX_POINT('',#337);
#337 = CARTESIAN_POINT('',(-1.27,-18.796,0.));
#338 = LINE('',#339,#340);
#339 = CARTESIAN_POINT('',(-1.27,-16.764,0.));
#340 = VECTOR('',#341,1.);
#341 = DIRECTION('',(0.,-1.,0.));
#342 = ORIENTED_EDGE('',*,*,#343,.T.);
#343 = EDGE_CURVE('',#336,#344,#346,.T.);
#344 = VERTEX_POINT('',#345);
#345 = CARTESIAN_POINT('',(-1.016,-19.05,0.));
#346 = LINE('',#347,#348);
#347 = CARTESIAN_POINT('',(-1.27,-18.796,0.));
#348 = VECTOR('',#349,1.);
#349 = DIRECTION('',(0.707106781187,-0.707106781187,0.));
#350 = ORIENTED_EDGE('',*,*,#351,.T.);
#351 = EDGE_CURVE('',#344,#352,#354,.T.);
#352 = VERTEX_POINT('',#353);
#353 = CARTESIAN_POINT('',(-1.27,-19.304,0.));
#354 = LINE('',#355,#356);
#355 = CARTESIAN_POINT('',(-1.016,-19.05,0.));
#356 = VECTOR('',#357,1.);
#357 = DIRECTION('',(-0.707106781187,-0.707106781187,0.));
#358 = ORIENTED_EDGE('',*,*,#359,.T.);
#359 = EDGE_CURVE('',#352,#360,#362,.T.);
#360 = VERTEX_POINT('',#361);
#361 = CARTESIAN_POINT('',(-1.27,-21.336,0.));
#362 = LINE('',#363,#364);
#363 = CARTESIAN_POINT('',(-1.27,-19.304,0.));
#364 = VECTOR('',#365,1.);
#365 = DIRECTION('',(0.,-1.,0.));
#366 = ORIENTED_EDGE('',*,*,#367,.T.);
#367 = EDGE_CURVE('',#360,#368,#370,.T.);
#368 = VERTEX_POINT('',#369);
#369 = CARTESIAN_POINT('',(-1.016,-21.59,0.));
#370 = LINE('',#371,#372);
#371 = CARTESIAN_POINT('',(-1.27,-21.336,0.));
#372 = VECTOR('',#373,1.);
#373 = DIRECTION('',(0.707106781187,-0.707106781187,0.));
#374 = ORIENTED_EDGE('',*,*,#375,.T.);
#375 = EDGE_CURVE('',#368,#376,#378,.T.);
#376 = VERTEX_POINT('',#377);
#377 = CARTESIAN_POINT('',(1.016,-21.59,0.));
#378 = LINE('',#379,#380);
#379 = CARTESIAN_POINT('',(-1.016,-21.59,0.));
#380 = VECTOR('',#381,1.);
#381 = DIRECTION('',(1.,0.,0.));
#382 = ORIENTED_EDGE('',*,*,#383,.T.);
#383 = EDGE_CURVE('',#376,#384,#386,.T.);
#384 = VERTEX_POINT('',#385);
#385 = CARTESIAN_POINT('',(1.27,-21.336,0.));
#386 = LINE('',#387,#388);
#387 = CARTESIAN_POINT('',(1.016,-21.59,0.));
#388 = VECTOR('',#389,1.);
#389 = DIRECTION('',(0.707106781187,0.707106781187,0.));
#390 = ORIENTED_EDGE('',*,*,#391,.T.);
#391 = EDGE_CURVE('',#384,#392,#394,.T.);
#392 = VERTEX_POINT('',#393);
#393 = CARTESIAN_POINT('',(1.27,-19.304,0.));
#394 = LINE('',#395,#396);
#395 = CARTESIAN_POINT('',(1.27,-21.336,0.));
#396 = VECTOR('',#397,1.);
#397 = DIRECTION('',(0.,1.,0.));
#398 = ORIENTED_EDGE('',*,*,#399,.T.);
#399 = EDGE_CURVE('',#392,#400,#402,.T.);
#400 = VERTEX_POINT('',#401);
#401 = CARTESIAN_POINT('',(1.016,-19.05,0.));
#402 = LINE('',#403,#404);
#403 = CARTESIAN_POINT('',(1.27,-19.304,0.));
#404 = VECTOR('',#405,1.);
#405 = DIRECTION('',(-0.707106781187,0.707106781187,0.));
#406 = ORIENTED_EDGE('',*,*,#407,.T.);
#407 = EDGE_CURVE('',#400,#408,#410,.T.);
#408 = VERTEX_POINT('',#409);
#409 = CARTESIAN_POINT('',(1.27,-18.796,0.));
#410 = LINE('',#411,#412);
#411 = CARTESIAN_POINT('',(1.016,-19.05,0.));
#412 = VECTOR('',#413,1.);
#413 = DIRECTION('',(0.707106781187,0.707106781187,0.));
#414 = ORIENTED_EDGE('',*,*,#415,.T.);
#415 = EDGE_CURVE('',#408,#416,#418,.T.);
#416 = VERTEX_POINT('',#417);
#417 = CARTESIAN_POINT('',(1.27,-16.764,0.));
#418 = LINE('',#419,#420);
#419 = CARTESIAN_POINT('',(1.27,-18.796,0.));
#420 = VECTOR('',#421,1.);
#421 = DIRECTION('',(0.,1.,0.));
#422 = ORIENTED_EDGE('',*,*,#423,.T.);
#423 = EDGE_CURVE('',#416,#424,#426,.T.);
#424 = VERTEX_POINT('',#425);
#425 = CARTESIAN_POINT('',(1.016,-16.51,0.));
#426 = LINE('',#427,#428);
#427 = CARTESIAN_POINT('',(1.27,-16.764,0.));
#428 = VECTOR('',#429,1.);
#429 = DIRECTION('',(-0.707106781187,0.707106781187,0.));
#430 = ORIENTED_EDGE('',*,*,#431,.T.);
#431 = EDGE_CURVE('',#424,#432,#434,.T.);
#432 = VERTEX_POINT('',#433);
#433 = CARTESIAN_POINT('',(1.27,-16.256,0.));
#434 = LINE('',#435,#436);
#435 = CARTESIAN_POINT('',(1.016,-16.51,0.));
#436 = VECTOR('',#437,1.);
#437 = DIRECTION('',(0.707106781187,0.707106781187,0.));
#438 = ORIENTED_EDGE('',*,*,#439,.T.);
#439 = EDGE_CURVE('',#432,#440,#442,.T.);
#440 = VERTEX_POINT('',#441);
#441 = CARTESIAN_POINT('',(1.27,-14.224,0.));
#442 = LINE('',#443,#444);
#443 = CARTESIAN_POINT('',(1.27,-16.256,0.));
#444 = VECTOR('',#445,1.);
#445 = DIRECTION('',(0.,1.,0.));
#446 = ORIENTED_EDGE('',*,*,#447,.T.);
#447 = EDGE_CURVE('',#440,#448,#450,.T.);
#448 = VERTEX_POINT('',#449);
#449 = CARTESIAN_POINT('',(1.016,-13.97,0.));
#450 = LINE('',#451,#452);
#451 = CARTESIAN_POINT('',(1.27,-14.224,0.));
#452 = VECTOR('',#453,1.);
#453 = DIRECTION('',(-0.707106781187,0.707106781187,0.));
#454 = ORIENTED_EDGE('',*,*,#455,.T.);
#455 = EDGE_CURVE('',#448,#456,#458,.T.);
#456 = VERTEX_POINT('',#457);
#457 = CARTESIAN_POINT('',(1.27,-13.716,0.));
#458 = LINE('',#459,#460);
#459 = CARTESIAN_POINT('',(1.016,-13.97,0.));
#460 = VECTOR('',#461,1.);
#461 = DIRECTION('',(0.707106781187,0.707106781187,0.));
#462 = ORIENTED_EDGE('',*,*,#463,.T.);
#463 = EDGE_CURVE('',#456,#464,#466,.T.);
#464 = VERTEX_POINT('',#465);
#465 = CARTESIAN_POINT('',(1.27,-11.684,0.));
#466 = LINE('',#467,#468);
#467 = CARTESIAN_POINT('',(1.27,-13.716,0.));
#468 = VECTOR('',#469,1.);
#469 = DIRECTION('',(0.,1.,0.));
#470 = ORIENTED_EDGE('',*,*,#471,.T.);
#471 = EDGE_CURVE('',#464,#472,#474,.T.);
#472 = VERTEX_POINT('',#473);
#473 = CARTESIAN_POINT('',(1.016,-11.43,0.));
#474 = LINE('',#475,#476);
#475 = CARTESIAN_POINT('',(1.27,-11.684,0.));
#476 = VECTOR('',#477,1.);
#477 = DIRECTION('',(-0.707106781187,0.707106781187,0.));
#478 = ORIENTED_EDGE('',*,*,#479,.T.);
#479 = EDGE_CURVE('',#472,#480,#482,.T.);
#480 = VERTEX_POINT('',#481);
#481 = CARTESIAN_POINT('',(1.27,-11.176,0.));
#482 = LINE('',#483,#484);
#483 = CARTESIAN_POINT('',(1.016,-11.43,0.));
#484 = VECTOR('',#485,1.);
#485 = DIRECTION('',(0.707106781187,0.707106781187,0.));
#486 = ORIENTED_EDGE('',*,*,#487,.T.);
#487 = EDGE_CURVE('',#480,#488,#490,.T.);
#488 = VERTEX_POINT('',#489);
#489 = CARTESIAN_POINT('',(1.27,-9.144,0.));
#490 = LINE('',#491,#492);
#491 = CARTESIAN_POINT('',(1.27,-11.176,0.));
#492 = VECTOR('',#493,1.);
#493 = DIRECTION('',(0.,1.,0.));
#494 = ORIENTED_EDGE('',*,*,#495,.T.);
#495 = EDGE_CURVE('',#488,#496,#498,.T.);
#496 = VERTEX_POINT('',#497);
#497 = CARTESIAN_POINT('',(1.016,-8.89,0.));
#498 = LINE('',#499,#500);
#499 = CARTESIAN_POINT('',(1.27,-9.144,0.));
#500 = VECTOR('',#501,1.);
#501 = DIRECTION('',(-0.707106781187,0.707106781187,0.));
#502 = ORIENTED_EDGE('',*,*,#503,.T.);
#503 = EDGE_CURVE('',#496,#504,#506,.T.);
#504 = VERTEX_POINT('',#505);
#505 = CARTESIAN_POINT('',(1.27,-8.636,0.));
#506 = LINE('',#507,#508);
#507 = CARTESIAN_POINT('',(1.016,-8.89,0.));
#508 = VECTOR('',#509,1.);
#509 = DIRECTION('',(0.707106781187,0.707106781187,0.));
#510 = ORIENTED_EDGE('',*,*,#511,.T.);
#511 = EDGE_CURVE('',#504,#512,#514,.T.);
#512 = VERTEX_POINT('',#513);
#513 = CARTESIAN_POINT('',(1.27,-6.604,0.));
#514 = LINE('',#515,#516);
#515 = CARTESIAN_POINT('',(1.27,-8.636,0.));
#516 = VECTOR('',#517,1.);
#517 = DIRECTION('',(0.,1.,0.));
#518 = ORIENTED_EDGE('',*,*,#519,.T.);
#519 = EDGE_CURVE('',#512,#520,#522,.T.);
#520 = VERTEX_POINT('',#521);
#521 = CARTESIAN_POINT('',(1.016,-6.35,0.));
#522 = LINE('',#523,#524);
#523 = CARTESIAN_POINT('',(1.27,-6.604,0.));
#524 = VECTOR('',#525,1.);
#525 = DIRECTION('',(-0.707106781187,0.707106781187,0.));
#526 = ORIENTED_EDGE('',*,*,#527,.T.);
#527 = EDGE_CURVE('',#520,#528,#530,.T.);
#528 = VERTEX_POINT('',#529);
#529 = CARTESIAN_POINT('',(1.27,-6.096,0.));
#530 = LINE('',#531,#532);
#531 = CARTESIAN_POINT('',(1.016,-6.35,0.));
#532 = VECTOR('',#533,1.);
#533 = DIRECTION('',(0.707106781187,0.707106781187,0.));
#534 = ORIENTED_EDGE('',*,*,#535,.T.);
#535 = EDGE_CURVE('',#528,#536,#538,.T.);
#536 = VERTEX_POINT('',#537);
#537 = CARTESIAN_POINT('',(1.27,-4.064,0.));
#538 = LINE('',#539,#540);
#539 = CARTESIAN_POINT('',(1.27,-6.096,0.));
#540 = VECTOR('',#541,1.);
#541 = DIRECTION('',(0.,1.,0.));
#542 = ORIENTED_EDGE('',*,*,#543,.T.);
#543 = EDGE_CURVE('',#536,#544,#546,.T.);
#544 = VERTEX_POINT('',#545);
#545 = CARTESIAN_POINT('',(1.016,-3.81,0.));
#546 = LINE('',#547,#548);
#547 = CARTESIAN_POINT('',(1.27,-4.064,0.));
#548 = VECTOR('',#549,1.);
#549 = DIRECTION('',(-0.707106781187,0.707106781187,0.));
#550 = ORIENTED_EDGE('',*,*,#551,.T.);
#551 = EDGE_CURVE('',#544,#552,#554,.T.);
#552 = VERTEX_POINT('',#553);
#553 = CARTESIAN_POINT('',(1.27,-3.556,0.));
#554 = LINE('',#555,#556);
#555 = CARTESIAN_POINT('',(1.016,-3.81,0.));
#556 = VECTOR('',#557,1.);
#557 = DIRECTION('',(0.707106781187,0.707106781187,0.));
#558 = ORIENTED_EDGE('',*,*,#559,.T.);
#559 = EDGE_CURVE('',#552,#560,#562,.T.);
#560 = VERTEX_POINT('',#561);
#561 = CARTESIAN_POINT('',(1.27,-1.524,0.));
#562 = LINE('',#563,#564);
#563 = CARTESIAN_POINT('',(1.27,-3.556,0.));
#564 = VECTOR('',#565,1.);
#565 = DIRECTION('',(0.,1.,0.));
#566 = ORIENTED_EDGE('',*,*,#567,.T.);
#567 = EDGE_CURVE('',#560,#568,#570,.T.);
#568 = VERTEX_POINT('',#569);
#569 = CARTESIAN_POINT('',(1.016,-1.27,0.));
#570 = LINE('',#571,#572);
#571 = CARTESIAN_POINT('',(1.27,-1.524,0.));
#572 = VECTOR('',#573,1.);
#573 = DIRECTION('',(-0.707106781187,0.707106781187,0.));
#574 = ORIENTED_EDGE('',*,*,#575,.T.);
#575 = EDGE_CURVE('',#568,#576,#578,.T.);
#576 = VERTEX_POINT('',#577);
#577 = CARTESIAN_POINT('',(1.27,-1.016,0.));
#578 = LINE('',#579,#580);
#579 = CARTESIAN_POINT('',(1.016,-1.27,0.));
#580 = VECTOR('',#581,1.);
#581 = DIRECTION('',(0.707106781187,0.707106781187,0.));
#582 = ORIENTED_EDGE('',*,*,#583,.T.);
#583 = EDGE_CURVE('',#576,#584,#586,.T.);
#584 = VERTEX_POINT('',#585);
#585 = CARTESIAN_POINT('',(1.27,1.016,0.));
#586 = LINE('',#587,#588);
#587 = CARTESIAN_POINT('',(1.27,-1.016,0.));
#588 = VECTOR('',#589,1.);
#589 = DIRECTION('',(0.,1.,0.));
#590 = ORIENTED_EDGE('',*,*,#591,.T.);
#591 = EDGE_CURVE('',#584,#112,#592,.T.);
#592 = LINE('',#593,#594);
#593 = CARTESIAN_POINT('',(1.27,1.016,0.));
#594 = VECTOR('',#595,1.);
#595 = DIRECTION('',(-0.707106781187,0.707106781187,0.));
#596 = ORIENTED_EDGE('',*,*,#128,.T.);
#597 = FACE_BOUND('',#598,.F.);
#598 = EDGE_LOOP('',(#599,#609,#617,#625));
#599 = ORIENTED_EDGE('',*,*,#600,.F.);
#600 = EDGE_CURVE('',#601,#603,#605,.T.);
#601 = VERTEX_POINT('',#602);
#602 = CARTESIAN_POINT('',(0.32,-0.32,0.));
#603 = VERTEX_POINT('',#604);
#604 = CARTESIAN_POINT('',(0.32,0.32,0.));
#605 = LINE('',#606,#607);
#606 = CARTESIAN_POINT('',(0.32,-5.24,0.));
#607 = VECTOR('',#608,1.);
#608 = DIRECTION('',(0.,1.,0.));
#609 = ORIENTED_EDGE('',*,*,#610,.T.);
#610 = EDGE_CURVE('',#601,#611,#613,.T.);
#611 = VERTEX_POINT('',#612);
#612 = CARTESIAN_POINT('',(-0.32,-0.32,0.));
#613 = LINE('',#614,#615);
#614 = CARTESIAN_POINT('',(-0.16,-0.32,0.));
#615 = VECTOR('',#616,1.);
#616 = DIRECTION('',(-1.,0.,0.));
#617 = ORIENTED_EDGE('',*,*,#618,.T.);
#618 = EDGE_CURVE('',#611,#619,#621,.T.);
#619 = VERTEX_POINT('',#620);
#620 = CARTESIAN_POINT('',(-0.32,0.32,0.));
#621 = LINE('',#622,#623);
#622 = CARTESIAN_POINT('',(-0.32,-5.24,0.));
#623 = VECTOR('',#624,1.);
#624 = DIRECTION('',(0.,1.,0.));
#625 = ORIENTED_EDGE('',*,*,#626,.F.);
#626 = EDGE_CURVE('',#603,#619,#627,.T.);
#627 = LINE('',#628,#629);
#628 = CARTESIAN_POINT('',(-0.16,0.32,0.));
#629 = VECTOR('',#630,1.);
#630 = DIRECTION('',(-1.,0.,0.));
#631 = FACE_BOUND('',#632,.F.);
#632 = EDGE_LOOP('',(#633,#643,#651,#659));
#633 = ORIENTED_EDGE('',*,*,#634,.F.);
#634 = EDGE_CURVE('',#635,#637,#639,.T.);
#635 = VERTEX_POINT('',#636);
#636 = CARTESIAN_POINT('',(0.32,-2.22,0.));
#637 = VERTEX_POINT('',#638);
#638 = CARTESIAN_POINT('',(-0.32,-2.22,0.));
#639 = LINE('',#640,#641);
#640 = CARTESIAN_POINT('',(-0.16,-2.22,0.));
#641 = VECTOR('',#642,1.);
#642 = DIRECTION('',(-1.,0.,0.));
#643 = ORIENTED_EDGE('',*,*,#644,.F.);
#644 = EDGE_CURVE('',#645,#635,#647,.T.);
#645 = VERTEX_POINT('',#646);
#646 = CARTESIAN_POINT('',(0.32,-2.86,0.));
#647 = LINE('',#648,#649);
#648 = CARTESIAN_POINT('',(0.32,-6.51,0.));
#649 = VECTOR('',#650,1.);
#650 = DIRECTION('',(0.,1.,0.));
#651 = ORIENTED_EDGE('',*,*,#652,.T.);
#652 = EDGE_CURVE('',#645,#653,#655,.T.);
#653 = VERTEX_POINT('',#654);
#654 = CARTESIAN_POINT('',(-0.32,-2.86,0.));
#655 = LINE('',#656,#657);
#656 = CARTESIAN_POINT('',(-0.16,-2.86,0.));
#657 = VECTOR('',#658,1.);
#658 = DIRECTION('',(-1.,0.,0.));
#659 = ORIENTED_EDGE('',*,*,#660,.T.);
#660 = EDGE_CURVE('',#653,#637,#661,.T.);
#661 = LINE('',#662,#663);
#662 = CARTESIAN_POINT('',(-0.32,-6.51,0.));
#663 = VECTOR('',#664,1.);
#664 = DIRECTION('',(0.,1.,0.));
#665 = FACE_BOUND('',#666,.F.);
#666 = EDGE_LOOP('',(#667,#677,#685,#693));
#667 = ORIENTED_EDGE('',*,*,#668,.F.);
#668 = EDGE_CURVE('',#669,#671,#673,.T.);
#669 = VERTEX_POINT('',#670);
#670 = CARTESIAN_POINT('',(0.32,-5.4,0.));
#671 = VERTEX_POINT('',#672);
#672 = CARTESIAN_POINT('',(0.32,-4.76,0.));
#673 = LINE('',#674,#675);
#674 = CARTESIAN_POINT('',(0.32,-7.78,0.));
#675 = VECTOR('',#676,1.);
#676 = DIRECTION('',(0.,1.,0.));
#677 = ORIENTED_EDGE('',*,*,#678,.T.);
#678 = EDGE_CURVE('',#669,#679,#681,.T.);
#679 = VERTEX_POINT('',#680);
#680 = CARTESIAN_POINT('',(-0.32,-5.4,0.));
#681 = LINE('',#682,#683);
#682 = CARTESIAN_POINT('',(-0.16,-5.4,0.));
#683 = VECTOR('',#684,1.);
#684 = DIRECTION('',(-1.,0.,0.));
#685 = ORIENTED_EDGE('',*,*,#686,.T.);
#686 = EDGE_CURVE('',#679,#687,#689,.T.);
#687 = VERTEX_POINT('',#688);
#688 = CARTESIAN_POINT('',(-0.32,-4.76,0.));
#689 = LINE('',#690,#691);
#690 = CARTESIAN_POINT('',(-0.32,-7.78,0.));
#691 = VECTOR('',#692,1.);
#692 = DIRECTION('',(0.,1.,0.));
#693 = ORIENTED_EDGE('',*,*,#694,.F.);
#694 = EDGE_CURVE('',#671,#687,#695,.T.);
#695 = LINE('',#696,#697);
#696 = CARTESIAN_POINT('',(-0.16,-4.76,0.));
#697 = VECTOR('',#698,1.);
#698 = DIRECTION('',(-1.,0.,0.));
#699 = FACE_BOUND('',#700,.F.);
#700 = EDGE_LOOP('',(#701,#711,#719,#727));
#701 = ORIENTED_EDGE('',*,*,#702,.F.);
#702 = EDGE_CURVE('',#703,#705,#707,.T.);
#703 = VERTEX_POINT('',#704);
#704 = CARTESIAN_POINT('',(0.32,-7.3,0.));
#705 = VERTEX_POINT('',#706);
#706 = CARTESIAN_POINT('',(-0.32,-7.3,0.));
#707 = LINE('',#708,#709);
#708 = CARTESIAN_POINT('',(-0.16,-7.3,0.));
#709 = VECTOR('',#710,1.);
#710 = DIRECTION('',(-1.,0.,0.));
#711 = ORIENTED_EDGE('',*,*,#712,.F.);
#712 = EDGE_CURVE('',#713,#703,#715,.T.);
#713 = VERTEX_POINT('',#714);
#714 = CARTESIAN_POINT('',(0.32,-7.94,0.));
#715 = LINE('',#716,#717);
#716 = CARTESIAN_POINT('',(0.32,-9.05,0.));
#717 = VECTOR('',#718,1.);
#718 = DIRECTION('',(0.,1.,0.));
#719 = ORIENTED_EDGE('',*,*,#720,.T.);
#720 = EDGE_CURVE('',#713,#721,#723,.T.);
#721 = VERTEX_POINT('',#722);
#722 = CARTESIAN_POINT('',(-0.32,-7.94,0.));
#723 = LINE('',#724,#725);
#724 = CARTESIAN_POINT('',(-0.16,-7.94,0.));
#725 = VECTOR('',#726,1.);
#726 = DIRECTION('',(-1.,0.,0.));
#727 = ORIENTED_EDGE('',*,*,#728,.T.);
#728 = EDGE_CURVE('',#721,#705,#729,.T.);
#729 = LINE('',#730,#731);
#730 = CARTESIAN_POINT('',(-0.32,-9.05,0.));
#731 = VECTOR('',#732,1.);
#732 = DIRECTION('',(0.,1.,0.));
#733 = FACE_BOUND('',#734,.F.);
#734 = EDGE_LOOP('',(#735,#745,#753,#761));
#735 = ORIENTED_EDGE('',*,*,#736,.F.);
#736 = EDGE_CURVE('',#737,#739,#741,.T.);
#737 = VERTEX_POINT('',#738);
#738 = CARTESIAN_POINT('',(0.32,-15.56,0.));
#739 = VERTEX_POINT('',#740);
#740 = CARTESIAN_POINT('',(0.32,-14.92,0.));
#741 = LINE('',#742,#743);
#742 = CARTESIAN_POINT('',(0.32,-12.86,0.));
#743 = VECTOR('',#744,1.);
#744 = DIRECTION('',(0.,1.,0.));
#745 = ORIENTED_EDGE('',*,*,#746,.T.);
#746 = EDGE_CURVE('',#737,#747,#749,.T.);
#747 = VERTEX_POINT('',#748);
#748 = CARTESIAN_POINT('',(-0.32,-15.56,0.));
#749 = LINE('',#750,#751);
#750 = CARTESIAN_POINT('',(-0.16,-15.56,0.));
#751 = VECTOR('',#752,1.);
#752 = DIRECTION('',(-1.,0.,0.));
#753 = ORIENTED_EDGE('',*,*,#754,.T.);
#754 = EDGE_CURVE('',#747,#755,#757,.T.);
#755 = VERTEX_POINT('',#756);
#756 = CARTESIAN_POINT('',(-0.32,-14.92,0.));
#757 = LINE('',#758,#759);
#758 = CARTESIAN_POINT('',(-0.32,-12.86,0.));
#759 = VECTOR('',#760,1.);
#760 = DIRECTION('',(0.,1.,0.));
#761 = ORIENTED_EDGE('',*,*,#762,.F.);
#762 = EDGE_CURVE('',#739,#755,#763,.T.);
#763 = LINE('',#764,#765);
#764 = CARTESIAN_POINT('',(-0.16,-14.92,0.));
#765 = VECTOR('',#766,1.);
#766 = DIRECTION('',(-1.,0.,0.));
#767 = FACE_BOUND('',#768,.F.);
#768 = EDGE_LOOP('',(#769,#779,#787,#795));
#769 = ORIENTED_EDGE('',*,*,#770,.F.);
#770 = EDGE_CURVE('',#771,#773,#775,.T.);
#771 = VERTEX_POINT('',#772);
#772 = CARTESIAN_POINT('',(0.32,-9.84,0.));
#773 = VERTEX_POINT('',#774);
#774 = CARTESIAN_POINT('',(-0.32,-9.84,0.));
#775 = LINE('',#776,#777);
#776 = CARTESIAN_POINT('',(-0.16,-9.84,0.));
#777 = VECTOR('',#778,1.);
#778 = DIRECTION('',(-1.,0.,0.));
#779 = ORIENTED_EDGE('',*,*,#780,.F.);
#780 = EDGE_CURVE('',#781,#771,#783,.T.);
#781 = VERTEX_POINT('',#782);
#782 = CARTESIAN_POINT('',(0.32,-10.48,0.));
#783 = LINE('',#784,#785);
#784 = CARTESIAN_POINT('',(0.32,-10.32,0.));
#785 = VECTOR('',#786,1.);
#786 = DIRECTION('',(0.,1.,0.));
#787 = ORIENTED_EDGE('',*,*,#788,.T.);
#788 = EDGE_CURVE('',#781,#789,#791,.T.);
#789 = VERTEX_POINT('',#790);
#790 = CARTESIAN_POINT('',(-0.32,-10.48,0.));
#791 = LINE('',#792,#793);
#792 = CARTESIAN_POINT('',(-0.16,-10.48,0.));
#793 = VECTOR('',#794,1.);
#794 = DIRECTION('',(-1.,0.,0.));
#795 = ORIENTED_EDGE('',*,*,#796,.T.);
#796 = EDGE_CURVE('',#789,#773,#797,.T.);
#797 = LINE('',#798,#799);
#798 = CARTESIAN_POINT('',(-0.32,-10.32,0.));
#799 = VECTOR('',#800,1.);
#800 = DIRECTION('',(0.,1.,0.));
#801 = FACE_BOUND('',#802,.F.);
#802 = EDGE_LOOP('',(#803,#813,#821,#829));
#803 = ORIENTED_EDGE('',*,*,#804,.T.);
#804 = EDGE_CURVE('',#805,#807,#809,.T.);
#805 = VERTEX_POINT('',#806);
#806 = CARTESIAN_POINT('',(0.32,-13.02,0.));
#807 = VERTEX_POINT('',#808);
#808 = CARTESIAN_POINT('',(-0.32,-13.02,0.));
#809 = LINE('',#810,#811);
#810 = CARTESIAN_POINT('',(-0.16,-13.02,0.));
#811 = VECTOR('',#812,1.);
#812 = DIRECTION('',(-1.,0.,0.));
#813 = ORIENTED_EDGE('',*,*,#814,.T.);
#814 = EDGE_CURVE('',#807,#815,#817,.T.);
#815 = VERTEX_POINT('',#816);
#816 = CARTESIAN_POINT('',(-0.32,-12.38,0.));
#817 = LINE('',#818,#819);
#818 = CARTESIAN_POINT('',(-0.32,-11.59,0.));
#819 = VECTOR('',#820,1.);
#820 = DIRECTION('',(0.,1.,0.));
#821 = ORIENTED_EDGE('',*,*,#822,.F.);
#822 = EDGE_CURVE('',#823,#815,#825,.T.);
#823 = VERTEX_POINT('',#824);
#824 = CARTESIAN_POINT('',(0.32,-12.38,0.));
#825 = LINE('',#826,#827);
#826 = CARTESIAN_POINT('',(-0.16,-12.38,0.));
#827 = VECTOR('',#828,1.);
#828 = DIRECTION('',(-1.,0.,0.));
#829 = ORIENTED_EDGE('',*,*,#830,.F.);
#830 = EDGE_CURVE('',#805,#823,#831,.T.);
#831 = LINE('',#832,#833);
#832 = CARTESIAN_POINT('',(0.32,-11.59,0.));
#833 = VECTOR('',#834,1.);
#834 = DIRECTION('',(0.,1.,0.));
#835 = FACE_BOUND('',#836,.F.);
#836 = EDGE_LOOP('',(#837,#847,#855,#863));
#837 = ORIENTED_EDGE('',*,*,#838,.F.);
#838 = EDGE_CURVE('',#839,#841,#843,.T.);
#839 = VERTEX_POINT('',#840);
#840 = CARTESIAN_POINT('',(0.32,-20.64,0.));
#841 = VERTEX_POINT('',#842);
#842 = CARTESIAN_POINT('',(0.32,-20.,0.));
#843 = LINE('',#844,#845);
#844 = CARTESIAN_POINT('',(0.32,-15.4,0.));
#845 = VECTOR('',#846,1.);
#846 = DIRECTION('',(0.,1.,0.));
#847 = ORIENTED_EDGE('',*,*,#848,.T.);
#848 = EDGE_CURVE('',#839,#849,#851,.T.);
#849 = VERTEX_POINT('',#850);
#850 = CARTESIAN_POINT('',(-0.32,-20.64,0.));
#851 = LINE('',#852,#853);
#852 = CARTESIAN_POINT('',(-0.16,-20.64,0.));
#853 = VECTOR('',#854,1.);
#854 = DIRECTION('',(-1.,0.,0.));
#855 = ORIENTED_EDGE('',*,*,#856,.T.);
#856 = EDGE_CURVE('',#849,#857,#859,.T.);
#857 = VERTEX_POINT('',#858);
#858 = CARTESIAN_POINT('',(-0.32,-20.,0.));
#859 = LINE('',#860,#861);
#860 = CARTESIAN_POINT('',(-0.32,-15.4,0.));
#861 = VECTOR('',#862,1.);
#862 = DIRECTION('',(0.,1.,0.));
#863 = ORIENTED_EDGE('',*,*,#864,.F.);
#864 = EDGE_CURVE('',#841,#857,#865,.T.);
#865 = LINE('',#866,#867);
#866 = CARTESIAN_POINT('',(-0.16,-20.,0.));
#867 = VECTOR('',#868,1.);
#868 = DIRECTION('',(-1.,0.,0.));
#869 = FACE_BOUND('',#870,.F.);
#870 = EDGE_LOOP('',(#871,#881,#889,#897));
#871 = ORIENTED_EDGE('',*,*,#872,.F.);
#872 = EDGE_CURVE('',#873,#875,#877,.T.);
#873 = VERTEX_POINT('',#874);
#874 = CARTESIAN_POINT('',(0.32,-17.46,0.));
#875 = VERTEX_POINT('',#876);
#876 = CARTESIAN_POINT('',(-0.32,-17.46,0.));
#877 = LINE('',#878,#879);
#878 = CARTESIAN_POINT('',(-0.16,-17.46,0.));
#879 = VECTOR('',#880,1.);
#880 = DIRECTION('',(-1.,0.,0.));
#881 = ORIENTED_EDGE('',*,*,#882,.F.);
#882 = EDGE_CURVE('',#883,#873,#885,.T.);
#883 = VERTEX_POINT('',#884);
#884 = CARTESIAN_POINT('',(0.32,-18.1,0.));
#885 = LINE('',#886,#887);
#886 = CARTESIAN_POINT('',(0.32,-14.13,0.));
#887 = VECTOR('',#888,1.);
#888 = DIRECTION('',(0.,1.,0.));
#889 = ORIENTED_EDGE('',*,*,#890,.T.);
#890 = EDGE_CURVE('',#883,#891,#893,.T.);
#891 = VERTEX_POINT('',#892);
#892 = CARTESIAN_POINT('',(-0.32,-18.1,0.));
#893 = LINE('',#894,#895);
#894 = CARTESIAN_POINT('',(-0.16,-18.1,0.));
#895 = VECTOR('',#896,1.);
#896 = DIRECTION('',(-1.,0.,0.));
#897 = ORIENTED_EDGE('',*,*,#898,.T.);
#898 = EDGE_CURVE('',#891,#875,#899,.T.);
#899 = LINE('',#900,#901);
#900 = CARTESIAN_POINT('',(-0.32,-14.13,0.));
#901 = VECTOR('',#902,1.);
#902 = DIRECTION('',(0.,1.,0.));
#903 = PLANE('',#904);
#904 = AXIS2_PLACEMENT_3D('',#905,#906,#907);
#905 = CARTESIAN_POINT('',(-1.243446532402E-17,-10.16,0.));
#906 = DIRECTION('',(0.,0.,1.));
#907 = DIRECTION('',(1.,0.,-0.));
#908 = ADVANCED_FACE('',(#909,#1336,#1370,#1404,#1438,#1472,#1506,#1540,
    #1574,#1608),#1642,.T.);
#909 = FACE_BOUND('',#910,.T.);
#910 = EDGE_LOOP('',(#911,#912,#913,#921,#929,#937,#945,#953,#961,#969,
    #977,#985,#993,#1001,#1009,#1017,#1025,#1033,#1041,#1049,#1057,#1065
    ,#1073,#1081,#1089,#1097,#1105,#1113,#1121,#1129,#1137,#1145,#1153,
    #1161,#1169,#1177,#1185,#1193,#1201,#1209,#1217,#1225,#1233,#1241,
    #1249,#1257,#1265,#1273,#1281,#1289,#1297,#1305,#1313,#1321,#1329,
    #1335));
#911 = ORIENTED_EDGE('',*,*,#81,.T.);
#912 = ORIENTED_EDGE('',*,*,#143,.T.);
#913 = ORIENTED_EDGE('',*,*,#914,.T.);
#914 = EDGE_CURVE('',#144,#915,#917,.T.);
#915 = VERTEX_POINT('',#916);
#916 = CARTESIAN_POINT('',(-1.016,-1.27,2.54));
#917 = LINE('',#918,#919);
#918 = CARTESIAN_POINT('',(-1.27,-1.016,2.54));
#919 = VECTOR('',#920,1.);
#920 = DIRECTION('',(0.707106781187,-0.707106781187,0.));
#921 = ORIENTED_EDGE('',*,*,#922,.T.);
#922 = EDGE_CURVE('',#915,#923,#925,.T.);
#923 = VERTEX_POINT('',#924);
#924 = CARTESIAN_POINT('',(-1.27,-1.524,2.54));
#925 = LINE('',#926,#927);
#926 = CARTESIAN_POINT('',(-1.016,-1.27,2.54));
#927 = VECTOR('',#928,1.);
#928 = DIRECTION('',(-0.707106781187,-0.707106781187,0.));
#929 = ORIENTED_EDGE('',*,*,#930,.T.);
#930 = EDGE_CURVE('',#923,#931,#933,.T.);
#931 = VERTEX_POINT('',#932);
#932 = CARTESIAN_POINT('',(-1.27,-3.556,2.54));
#933 = LINE('',#934,#935);
#934 = CARTESIAN_POINT('',(-1.27,-1.524,2.54));
#935 = VECTOR('',#936,1.);
#936 = DIRECTION('',(0.,-1.,0.));
#937 = ORIENTED_EDGE('',*,*,#938,.T.);
#938 = EDGE_CURVE('',#931,#939,#941,.T.);
#939 = VERTEX_POINT('',#940);
#940 = CARTESIAN_POINT('',(-1.016,-3.81,2.54));
#941 = LINE('',#942,#943);
#942 = CARTESIAN_POINT('',(-1.27,-3.556,2.54));
#943 = VECTOR('',#944,1.);
#944 = DIRECTION('',(0.707106781187,-0.707106781187,0.));
#945 = ORIENTED_EDGE('',*,*,#946,.T.);
#946 = EDGE_CURVE('',#939,#947,#949,.T.);
#947 = VERTEX_POINT('',#948);
#948 = CARTESIAN_POINT('',(-1.27,-4.064,2.54));
#949 = LINE('',#950,#951);
#950 = CARTESIAN_POINT('',(-1.016,-3.81,2.54));
#951 = VECTOR('',#952,1.);
#952 = DIRECTION('',(-0.707106781187,-0.707106781187,0.));
#953 = ORIENTED_EDGE('',*,*,#954,.T.);
#954 = EDGE_CURVE('',#947,#955,#957,.T.);
#955 = VERTEX_POINT('',#956);
#956 = CARTESIAN_POINT('',(-1.27,-6.096,2.54));
#957 = LINE('',#958,#959);
#958 = CARTESIAN_POINT('',(-1.27,-4.064,2.54));
#959 = VECTOR('',#960,1.);
#960 = DIRECTION('',(0.,-1.,0.));
#961 = ORIENTED_EDGE('',*,*,#962,.T.);
#962 = EDGE_CURVE('',#955,#963,#965,.T.);
#963 = VERTEX_POINT('',#964);
#964 = CARTESIAN_POINT('',(-1.016,-6.35,2.54));
#965 = LINE('',#966,#967);
#966 = CARTESIAN_POINT('',(-1.27,-6.096,2.54));
#967 = VECTOR('',#968,1.);
#968 = DIRECTION('',(0.707106781187,-0.707106781187,0.));
#969 = ORIENTED_EDGE('',*,*,#970,.T.);
#970 = EDGE_CURVE('',#963,#971,#973,.T.);
#971 = VERTEX_POINT('',#972);
#972 = CARTESIAN_POINT('',(-1.27,-6.604,2.54));
#973 = LINE('',#974,#975);
#974 = CARTESIAN_POINT('',(-1.016,-6.35,2.54));
#975 = VECTOR('',#976,1.);
#976 = DIRECTION('',(-0.707106781187,-0.707106781187,0.));
#977 = ORIENTED_EDGE('',*,*,#978,.T.);
#978 = EDGE_CURVE('',#971,#979,#981,.T.);
#979 = VERTEX_POINT('',#980);
#980 = CARTESIAN_POINT('',(-1.27,-8.636,2.54));
#981 = LINE('',#982,#983);
#982 = CARTESIAN_POINT('',(-1.27,-6.604,2.54));
#983 = VECTOR('',#984,1.);
#984 = DIRECTION('',(0.,-1.,0.));
#985 = ORIENTED_EDGE('',*,*,#986,.T.);
#986 = EDGE_CURVE('',#979,#987,#989,.T.);
#987 = VERTEX_POINT('',#988);
#988 = CARTESIAN_POINT('',(-1.016,-8.89,2.54));
#989 = LINE('',#990,#991);
#990 = CARTESIAN_POINT('',(-1.27,-8.636,2.54));
#991 = VECTOR('',#992,1.);
#992 = DIRECTION('',(0.707106781187,-0.707106781187,0.));
#993 = ORIENTED_EDGE('',*,*,#994,.T.);
#994 = EDGE_CURVE('',#987,#995,#997,.T.);
#995 = VERTEX_POINT('',#996);
#996 = CARTESIAN_POINT('',(-1.27,-9.144,2.54));
#997 = LINE('',#998,#999);
#998 = CARTESIAN_POINT('',(-1.016,-8.89,2.54));
#999 = VECTOR('',#1000,1.);
#1000 = DIRECTION('',(-0.707106781187,-0.707106781187,0.));
#1001 = ORIENTED_EDGE('',*,*,#1002,.T.);
#1002 = EDGE_CURVE('',#995,#1003,#1005,.T.);
#1003 = VERTEX_POINT('',#1004);
#1004 = CARTESIAN_POINT('',(-1.27,-11.176,2.54));
#1005 = LINE('',#1006,#1007);
#1006 = CARTESIAN_POINT('',(-1.27,-9.144,2.54));
#1007 = VECTOR('',#1008,1.);
#1008 = DIRECTION('',(0.,-1.,0.));
#1009 = ORIENTED_EDGE('',*,*,#1010,.T.);
#1010 = EDGE_CURVE('',#1003,#1011,#1013,.T.);
#1011 = VERTEX_POINT('',#1012);
#1012 = CARTESIAN_POINT('',(-1.016,-11.43,2.54));
#1013 = LINE('',#1014,#1015);
#1014 = CARTESIAN_POINT('',(-1.27,-11.176,2.54));
#1015 = VECTOR('',#1016,1.);
#1016 = DIRECTION('',(0.707106781187,-0.707106781187,0.));
#1017 = ORIENTED_EDGE('',*,*,#1018,.T.);
#1018 = EDGE_CURVE('',#1011,#1019,#1021,.T.);
#1019 = VERTEX_POINT('',#1020);
#1020 = CARTESIAN_POINT('',(-1.27,-11.684,2.54));
#1021 = LINE('',#1022,#1023);
#1022 = CARTESIAN_POINT('',(-1.016,-11.43,2.54));
#1023 = VECTOR('',#1024,1.);
#1024 = DIRECTION('',(-0.707106781187,-0.707106781187,0.));
#1025 = ORIENTED_EDGE('',*,*,#1026,.T.);
#1026 = EDGE_CURVE('',#1019,#1027,#1029,.T.);
#1027 = VERTEX_POINT('',#1028);
#1028 = CARTESIAN_POINT('',(-1.27,-13.716,2.54));
#1029 = LINE('',#1030,#1031);
#1030 = CARTESIAN_POINT('',(-1.27,-11.684,2.54));
#1031 = VECTOR('',#1032,1.);
#1032 = DIRECTION('',(0.,-1.,0.));
#1033 = ORIENTED_EDGE('',*,*,#1034,.T.);
#1034 = EDGE_CURVE('',#1027,#1035,#1037,.T.);
#1035 = VERTEX_POINT('',#1036);
#1036 = CARTESIAN_POINT('',(-1.016,-13.97,2.54));
#1037 = LINE('',#1038,#1039);
#1038 = CARTESIAN_POINT('',(-1.27,-13.716,2.54));
#1039 = VECTOR('',#1040,1.);
#1040 = DIRECTION('',(0.707106781187,-0.707106781187,0.));
#1041 = ORIENTED_EDGE('',*,*,#1042,.T.);
#1042 = EDGE_CURVE('',#1035,#1043,#1045,.T.);
#1043 = VERTEX_POINT('',#1044);
#1044 = CARTESIAN_POINT('',(-1.27,-14.224,2.54));
#1045 = LINE('',#1046,#1047);
#1046 = CARTESIAN_POINT('',(-1.016,-13.97,2.54));
#1047 = VECTOR('',#1048,1.);
#1048 = DIRECTION('',(-0.707106781187,-0.707106781187,0.));
#1049 = ORIENTED_EDGE('',*,*,#1050,.T.);
#1050 = EDGE_CURVE('',#1043,#1051,#1053,.T.);
#1051 = VERTEX_POINT('',#1052);
#1052 = CARTESIAN_POINT('',(-1.27,-16.256,2.54));
#1053 = LINE('',#1054,#1055);
#1054 = CARTESIAN_POINT('',(-1.27,-14.224,2.54));
#1055 = VECTOR('',#1056,1.);
#1056 = DIRECTION('',(0.,-1.,0.));
#1057 = ORIENTED_EDGE('',*,*,#1058,.T.);
#1058 = EDGE_CURVE('',#1051,#1059,#1061,.T.);
#1059 = VERTEX_POINT('',#1060);
#1060 = CARTESIAN_POINT('',(-1.016,-16.51,2.54));
#1061 = LINE('',#1062,#1063);
#1062 = CARTESIAN_POINT('',(-1.27,-16.256,2.54));
#1063 = VECTOR('',#1064,1.);
#1064 = DIRECTION('',(0.707106781187,-0.707106781187,0.));
#1065 = ORIENTED_EDGE('',*,*,#1066,.T.);
#1066 = EDGE_CURVE('',#1059,#1067,#1069,.T.);
#1067 = VERTEX_POINT('',#1068);
#1068 = CARTESIAN_POINT('',(-1.27,-16.764,2.54));
#1069 = LINE('',#1070,#1071);
#1070 = CARTESIAN_POINT('',(-1.016,-16.51,2.54));
#1071 = VECTOR('',#1072,1.);
#1072 = DIRECTION('',(-0.707106781187,-0.707106781187,0.));
#1073 = ORIENTED_EDGE('',*,*,#1074,.T.);
#1074 = EDGE_CURVE('',#1067,#1075,#1077,.T.);
#1075 = VERTEX_POINT('',#1076);
#1076 = CARTESIAN_POINT('',(-1.27,-18.796,2.54));
#1077 = LINE('',#1078,#1079);
#1078 = CARTESIAN_POINT('',(-1.27,-16.764,2.54));
#1079 = VECTOR('',#1080,1.);
#1080 = DIRECTION('',(0.,-1.,0.));
#1081 = ORIENTED_EDGE('',*,*,#1082,.T.);
#1082 = EDGE_CURVE('',#1075,#1083,#1085,.T.);
#1083 = VERTEX_POINT('',#1084);
#1084 = CARTESIAN_POINT('',(-1.016,-19.05,2.54));
#1085 = LINE('',#1086,#1087);
#1086 = CARTESIAN_POINT('',(-1.27,-18.796,2.54));
#1087 = VECTOR('',#1088,1.);
#1088 = DIRECTION('',(0.707106781187,-0.707106781187,0.));
#1089 = ORIENTED_EDGE('',*,*,#1090,.T.);
#1090 = EDGE_CURVE('',#1083,#1091,#1093,.T.);
#1091 = VERTEX_POINT('',#1092);
#1092 = CARTESIAN_POINT('',(-1.27,-19.304,2.54));
#1093 = LINE('',#1094,#1095);
#1094 = CARTESIAN_POINT('',(-1.016,-19.05,2.54));
#1095 = VECTOR('',#1096,1.);
#1096 = DIRECTION('',(-0.707106781187,-0.707106781187,0.));
#1097 = ORIENTED_EDGE('',*,*,#1098,.T.);
#1098 = EDGE_CURVE('',#1091,#1099,#1101,.T.);
#1099 = VERTEX_POINT('',#1100);
#1100 = CARTESIAN_POINT('',(-1.27,-21.336,2.54));
#1101 = LINE('',#1102,#1103);
#1102 = CARTESIAN_POINT('',(-1.27,-19.304,2.54));
#1103 = VECTOR('',#1104,1.);
#1104 = DIRECTION('',(0.,-1.,0.));
#1105 = ORIENTED_EDGE('',*,*,#1106,.T.);
#1106 = EDGE_CURVE('',#1099,#1107,#1109,.T.);
#1107 = VERTEX_POINT('',#1108);
#1108 = CARTESIAN_POINT('',(-1.016,-21.59,2.54));
#1109 = LINE('',#1110,#1111);
#1110 = CARTESIAN_POINT('',(-1.27,-21.336,2.54));
#1111 = VECTOR('',#1112,1.);
#1112 = DIRECTION('',(0.707106781187,-0.707106781187,0.));
#1113 = ORIENTED_EDGE('',*,*,#1114,.T.);
#1114 = EDGE_CURVE('',#1107,#1115,#1117,.T.);
#1115 = VERTEX_POINT('',#1116);
#1116 = CARTESIAN_POINT('',(1.016,-21.59,2.54));
#1117 = LINE('',#1118,#1119);
#1118 = CARTESIAN_POINT('',(-1.016,-21.59,2.54));
#1119 = VECTOR('',#1120,1.);
#1120 = DIRECTION('',(1.,0.,0.));
#1121 = ORIENTED_EDGE('',*,*,#1122,.T.);
#1122 = EDGE_CURVE('',#1115,#1123,#1125,.T.);
#1123 = VERTEX_POINT('',#1124);
#1124 = CARTESIAN_POINT('',(1.27,-21.336,2.54));
#1125 = LINE('',#1126,#1127);
#1126 = CARTESIAN_POINT('',(1.016,-21.59,2.54));
#1127 = VECTOR('',#1128,1.);
#1128 = DIRECTION('',(0.707106781187,0.707106781187,0.));
#1129 = ORIENTED_EDGE('',*,*,#1130,.T.);
#1130 = EDGE_CURVE('',#1123,#1131,#1133,.T.);
#1131 = VERTEX_POINT('',#1132);
#1132 = CARTESIAN_POINT('',(1.27,-19.304,2.54));
#1133 = LINE('',#1134,#1135);
#1134 = CARTESIAN_POINT('',(1.27,-21.336,2.54));
#1135 = VECTOR('',#1136,1.);
#1136 = DIRECTION('',(0.,1.,0.));
#1137 = ORIENTED_EDGE('',*,*,#1138,.T.);
#1138 = EDGE_CURVE('',#1131,#1139,#1141,.T.);
#1139 = VERTEX_POINT('',#1140);
#1140 = CARTESIAN_POINT('',(1.016,-19.05,2.54));
#1141 = LINE('',#1142,#1143);
#1142 = CARTESIAN_POINT('',(1.27,-19.304,2.54));
#1143 = VECTOR('',#1144,1.);
#1144 = DIRECTION('',(-0.707106781187,0.707106781187,0.));
#1145 = ORIENTED_EDGE('',*,*,#1146,.T.);
#1146 = EDGE_CURVE('',#1139,#1147,#1149,.T.);
#1147 = VERTEX_POINT('',#1148);
#1148 = CARTESIAN_POINT('',(1.27,-18.796,2.54));
#1149 = LINE('',#1150,#1151);
#1150 = CARTESIAN_POINT('',(1.016,-19.05,2.54));
#1151 = VECTOR('',#1152,1.);
#1152 = DIRECTION('',(0.707106781187,0.707106781187,0.));
#1153 = ORIENTED_EDGE('',*,*,#1154,.T.);
#1154 = EDGE_CURVE('',#1147,#1155,#1157,.T.);
#1155 = VERTEX_POINT('',#1156);
#1156 = CARTESIAN_POINT('',(1.27,-16.764,2.54));
#1157 = LINE('',#1158,#1159);
#1158 = CARTESIAN_POINT('',(1.27,-18.796,2.54));
#1159 = VECTOR('',#1160,1.);
#1160 = DIRECTION('',(0.,1.,0.));
#1161 = ORIENTED_EDGE('',*,*,#1162,.T.);
#1162 = EDGE_CURVE('',#1155,#1163,#1165,.T.);
#1163 = VERTEX_POINT('',#1164);
#1164 = CARTESIAN_POINT('',(1.016,-16.51,2.54));
#1165 = LINE('',#1166,#1167);
#1166 = CARTESIAN_POINT('',(1.27,-16.764,2.54));
#1167 = VECTOR('',#1168,1.);
#1168 = DIRECTION('',(-0.707106781187,0.707106781187,0.));
#1169 = ORIENTED_EDGE('',*,*,#1170,.T.);
#1170 = EDGE_CURVE('',#1163,#1171,#1173,.T.);
#1171 = VERTEX_POINT('',#1172);
#1172 = CARTESIAN_POINT('',(1.27,-16.256,2.54));
#1173 = LINE('',#1174,#1175);
#1174 = CARTESIAN_POINT('',(1.016,-16.51,2.54));
#1175 = VECTOR('',#1176,1.);
#1176 = DIRECTION('',(0.707106781187,0.707106781187,0.));
#1177 = ORIENTED_EDGE('',*,*,#1178,.T.);
#1178 = EDGE_CURVE('',#1171,#1179,#1181,.T.);
#1179 = VERTEX_POINT('',#1180);
#1180 = CARTESIAN_POINT('',(1.27,-14.224,2.54));
#1181 = LINE('',#1182,#1183);
#1182 = CARTESIAN_POINT('',(1.27,-16.256,2.54));
#1183 = VECTOR('',#1184,1.);
#1184 = DIRECTION('',(0.,1.,0.));
#1185 = ORIENTED_EDGE('',*,*,#1186,.T.);
#1186 = EDGE_CURVE('',#1179,#1187,#1189,.T.);
#1187 = VERTEX_POINT('',#1188);
#1188 = CARTESIAN_POINT('',(1.016,-13.97,2.54));
#1189 = LINE('',#1190,#1191);
#1190 = CARTESIAN_POINT('',(1.27,-14.224,2.54));
#1191 = VECTOR('',#1192,1.);
#1192 = DIRECTION('',(-0.707106781187,0.707106781187,0.));
#1193 = ORIENTED_EDGE('',*,*,#1194,.T.);
#1194 = EDGE_CURVE('',#1187,#1195,#1197,.T.);
#1195 = VERTEX_POINT('',#1196);
#1196 = CARTESIAN_POINT('',(1.27,-13.716,2.54));
#1197 = LINE('',#1198,#1199);
#1198 = CARTESIAN_POINT('',(1.016,-13.97,2.54));
#1199 = VECTOR('',#1200,1.);
#1200 = DIRECTION('',(0.707106781187,0.707106781187,0.));
#1201 = ORIENTED_EDGE('',*,*,#1202,.T.);
#1202 = EDGE_CURVE('',#1195,#1203,#1205,.T.);
#1203 = VERTEX_POINT('',#1204);
#1204 = CARTESIAN_POINT('',(1.27,-11.684,2.54));
#1205 = LINE('',#1206,#1207);
#1206 = CARTESIAN_POINT('',(1.27,-13.716,2.54));
#1207 = VECTOR('',#1208,1.);
#1208 = DIRECTION('',(0.,1.,0.));
#1209 = ORIENTED_EDGE('',*,*,#1210,.T.);
#1210 = EDGE_CURVE('',#1203,#1211,#1213,.T.);
#1211 = VERTEX_POINT('',#1212);
#1212 = CARTESIAN_POINT('',(1.016,-11.43,2.54));
#1213 = LINE('',#1214,#1215);
#1214 = CARTESIAN_POINT('',(1.27,-11.684,2.54));
#1215 = VECTOR('',#1216,1.);
#1216 = DIRECTION('',(-0.707106781187,0.707106781187,0.));
#1217 = ORIENTED_EDGE('',*,*,#1218,.T.);
#1218 = EDGE_CURVE('',#1211,#1219,#1221,.T.);
#1219 = VERTEX_POINT('',#1220);
#1220 = CARTESIAN_POINT('',(1.27,-11.176,2.54));
#1221 = LINE('',#1222,#1223);
#1222 = CARTESIAN_POINT('',(1.016,-11.43,2.54));
#1223 = VECTOR('',#1224,1.);
#1224 = DIRECTION('',(0.707106781187,0.707106781187,0.));
#1225 = ORIENTED_EDGE('',*,*,#1226,.T.);
#1226 = EDGE_CURVE('',#1219,#1227,#1229,.T.);
#1227 = VERTEX_POINT('',#1228);
#1228 = CARTESIAN_POINT('',(1.27,-9.144,2.54));
#1229 = LINE('',#1230,#1231);
#1230 = CARTESIAN_POINT('',(1.27,-11.176,2.54));
#1231 = VECTOR('',#1232,1.);
#1232 = DIRECTION('',(0.,1.,0.));
#1233 = ORIENTED_EDGE('',*,*,#1234,.T.);
#1234 = EDGE_CURVE('',#1227,#1235,#1237,.T.);
#1235 = VERTEX_POINT('',#1236);
#1236 = CARTESIAN_POINT('',(1.016,-8.89,2.54));
#1237 = LINE('',#1238,#1239);
#1238 = CARTESIAN_POINT('',(1.27,-9.144,2.54));
#1239 = VECTOR('',#1240,1.);
#1240 = DIRECTION('',(-0.707106781187,0.707106781187,0.));
#1241 = ORIENTED_EDGE('',*,*,#1242,.T.);
#1242 = EDGE_CURVE('',#1235,#1243,#1245,.T.);
#1243 = VERTEX_POINT('',#1244);
#1244 = CARTESIAN_POINT('',(1.27,-8.636,2.54));
#1245 = LINE('',#1246,#1247);
#1246 = CARTESIAN_POINT('',(1.016,-8.89,2.54));
#1247 = VECTOR('',#1248,1.);
#1248 = DIRECTION('',(0.707106781187,0.707106781187,0.));
#1249 = ORIENTED_EDGE('',*,*,#1250,.T.);
#1250 = EDGE_CURVE('',#1243,#1251,#1253,.T.);
#1251 = VERTEX_POINT('',#1252);
#1252 = CARTESIAN_POINT('',(1.27,-6.604,2.54));
#1253 = LINE('',#1254,#1255);
#1254 = CARTESIAN_POINT('',(1.27,-8.636,2.54));
#1255 = VECTOR('',#1256,1.);
#1256 = DIRECTION('',(0.,1.,0.));
#1257 = ORIENTED_EDGE('',*,*,#1258,.T.);
#1258 = EDGE_CURVE('',#1251,#1259,#1261,.T.);
#1259 = VERTEX_POINT('',#1260);
#1260 = CARTESIAN_POINT('',(1.016,-6.35,2.54));
#1261 = LINE('',#1262,#1263);
#1262 = CARTESIAN_POINT('',(1.27,-6.604,2.54));
#1263 = VECTOR('',#1264,1.);
#1264 = DIRECTION('',(-0.707106781187,0.707106781187,0.));
#1265 = ORIENTED_EDGE('',*,*,#1266,.T.);
#1266 = EDGE_CURVE('',#1259,#1267,#1269,.T.);
#1267 = VERTEX_POINT('',#1268);
#1268 = CARTESIAN_POINT('',(1.27,-6.096,2.54));
#1269 = LINE('',#1270,#1271);
#1270 = CARTESIAN_POINT('',(1.016,-6.35,2.54));
#1271 = VECTOR('',#1272,1.);
#1272 = DIRECTION('',(0.707106781187,0.707106781187,0.));
#1273 = ORIENTED_EDGE('',*,*,#1274,.T.);
#1274 = EDGE_CURVE('',#1267,#1275,#1277,.T.);
#1275 = VERTEX_POINT('',#1276);
#1276 = CARTESIAN_POINT('',(1.27,-4.064,2.54));
#1277 = LINE('',#1278,#1279);
#1278 = CARTESIAN_POINT('',(1.27,-6.096,2.54));
#1279 = VECTOR('',#1280,1.);
#1280 = DIRECTION('',(0.,1.,0.));
#1281 = ORIENTED_EDGE('',*,*,#1282,.T.);
#1282 = EDGE_CURVE('',#1275,#1283,#1285,.T.);
#1283 = VERTEX_POINT('',#1284);
#1284 = CARTESIAN_POINT('',(1.016,-3.81,2.54));
#1285 = LINE('',#1286,#1287);
#1286 = CARTESIAN_POINT('',(1.27,-4.064,2.54));
#1287 = VECTOR('',#1288,1.);
#1288 = DIRECTION('',(-0.707106781187,0.707106781187,0.));
#1289 = ORIENTED_EDGE('',*,*,#1290,.T.);
#1290 = EDGE_CURVE('',#1283,#1291,#1293,.T.);
#1291 = VERTEX_POINT('',#1292);
#1292 = CARTESIAN_POINT('',(1.27,-3.556,2.54));
#1293 = LINE('',#1294,#1295);
#1294 = CARTESIAN_POINT('',(1.016,-3.81,2.54));
#1295 = VECTOR('',#1296,1.);
#1296 = DIRECTION('',(0.707106781187,0.707106781187,0.));
#1297 = ORIENTED_EDGE('',*,*,#1298,.T.);
#1298 = EDGE_CURVE('',#1291,#1299,#1301,.T.);
#1299 = VERTEX_POINT('',#1300);
#1300 = CARTESIAN_POINT('',(1.27,-1.524,2.54));
#1301 = LINE('',#1302,#1303);
#1302 = CARTESIAN_POINT('',(1.27,-3.556,2.54));
#1303 = VECTOR('',#1304,1.);
#1304 = DIRECTION('',(0.,1.,0.));
#1305 = ORIENTED_EDGE('',*,*,#1306,.T.);
#1306 = EDGE_CURVE('',#1299,#1307,#1309,.T.);
#1307 = VERTEX_POINT('',#1308);
#1308 = CARTESIAN_POINT('',(1.016,-1.27,2.54));
#1309 = LINE('',#1310,#1311);
#1310 = CARTESIAN_POINT('',(1.27,-1.524,2.54));
#1311 = VECTOR('',#1312,1.);
#1312 = DIRECTION('',(-0.707106781187,0.707106781187,0.));
#1313 = ORIENTED_EDGE('',*,*,#1314,.T.);
#1314 = EDGE_CURVE('',#1307,#1315,#1317,.T.);
#1315 = VERTEX_POINT('',#1316);
#1316 = CARTESIAN_POINT('',(1.27,-1.016,2.54));
#1317 = LINE('',#1318,#1319);
#1318 = CARTESIAN_POINT('',(1.016,-1.27,2.54));
#1319 = VECTOR('',#1320,1.);
#1320 = DIRECTION('',(0.707106781187,0.707106781187,0.));
#1321 = ORIENTED_EDGE('',*,*,#1322,.T.);
#1322 = EDGE_CURVE('',#1315,#1323,#1325,.T.);
#1323 = VERTEX_POINT('',#1324);
#1324 = CARTESIAN_POINT('',(1.27,1.016,2.54));
#1325 = LINE('',#1326,#1327);
#1326 = CARTESIAN_POINT('',(1.27,-1.016,2.54));
#1327 = VECTOR('',#1328,1.);
#1328 = DIRECTION('',(0.,1.,0.));
#1329 = ORIENTED_EDGE('',*,*,#1330,.T.);
#1330 = EDGE_CURVE('',#1323,#114,#1331,.T.);
#1331 = LINE('',#1332,#1333);
#1332 = CARTESIAN_POINT('',(1.27,1.016,2.54));
#1333 = VECTOR('',#1334,1.);
#1334 = DIRECTION('',(-0.707106781187,0.707106781187,0.));
#1335 = ORIENTED_EDGE('',*,*,#121,.T.);
#1336 = FACE_BOUND('',#1337,.T.);
#1337 = EDGE_LOOP('',(#1338,#1348,#1356,#1364));
#1338 = ORIENTED_EDGE('',*,*,#1339,.F.);
#1339 = EDGE_CURVE('',#1340,#1342,#1344,.T.);
#1340 = VERTEX_POINT('',#1341);
#1341 = CARTESIAN_POINT('',(0.32,-0.32,2.54));
#1342 = VERTEX_POINT('',#1343);
#1343 = CARTESIAN_POINT('',(0.32,0.32,2.54));
#1344 = LINE('',#1345,#1346);
#1345 = CARTESIAN_POINT('',(0.32,-5.24,2.54));
#1346 = VECTOR('',#1347,1.);
#1347 = DIRECTION('',(0.,1.,0.));
#1348 = ORIENTED_EDGE('',*,*,#1349,.T.);
#1349 = EDGE_CURVE('',#1340,#1350,#1352,.T.);
#1350 = VERTEX_POINT('',#1351);
#1351 = CARTESIAN_POINT('',(-0.32,-0.32,2.54));
#1352 = LINE('',#1353,#1354);
#1353 = CARTESIAN_POINT('',(-0.16,-0.32,2.54));
#1354 = VECTOR('',#1355,1.);
#1355 = DIRECTION('',(-1.,0.,0.));
#1356 = ORIENTED_EDGE('',*,*,#1357,.T.);
#1357 = EDGE_CURVE('',#1350,#1358,#1360,.T.);
#1358 = VERTEX_POINT('',#1359);
#1359 = CARTESIAN_POINT('',(-0.32,0.32,2.54));
#1360 = LINE('',#1361,#1362);
#1361 = CARTESIAN_POINT('',(-0.32,-5.24,2.54));
#1362 = VECTOR('',#1363,1.);
#1363 = DIRECTION('',(0.,1.,0.));
#1364 = ORIENTED_EDGE('',*,*,#1365,.F.);
#1365 = EDGE_CURVE('',#1342,#1358,#1366,.T.);
#1366 = LINE('',#1367,#1368);
#1367 = CARTESIAN_POINT('',(-0.16,0.32,2.54));
#1368 = VECTOR('',#1369,1.);
#1369 = DIRECTION('',(-1.,0.,0.));
#1370 = FACE_BOUND('',#1371,.T.);
#1371 = EDGE_LOOP('',(#1372,#1382,#1390,#1398));
#1372 = ORIENTED_EDGE('',*,*,#1373,.F.);
#1373 = EDGE_CURVE('',#1374,#1376,#1378,.T.);
#1374 = VERTEX_POINT('',#1375);
#1375 = CARTESIAN_POINT('',(0.32,-2.22,2.54));
#1376 = VERTEX_POINT('',#1377);
#1377 = CARTESIAN_POINT('',(-0.32,-2.22,2.54));
#1378 = LINE('',#1379,#1380);
#1379 = CARTESIAN_POINT('',(-0.16,-2.22,2.54));
#1380 = VECTOR('',#1381,1.);
#1381 = DIRECTION('',(-1.,0.,0.));
#1382 = ORIENTED_EDGE('',*,*,#1383,.F.);
#1383 = EDGE_CURVE('',#1384,#1374,#1386,.T.);
#1384 = VERTEX_POINT('',#1385);
#1385 = CARTESIAN_POINT('',(0.32,-2.86,2.54));
#1386 = LINE('',#1387,#1388);
#1387 = CARTESIAN_POINT('',(0.32,-6.51,2.54));
#1388 = VECTOR('',#1389,1.);
#1389 = DIRECTION('',(0.,1.,0.));
#1390 = ORIENTED_EDGE('',*,*,#1391,.T.);
#1391 = EDGE_CURVE('',#1384,#1392,#1394,.T.);
#1392 = VERTEX_POINT('',#1393);
#1393 = CARTESIAN_POINT('',(-0.32,-2.86,2.54));
#1394 = LINE('',#1395,#1396);
#1395 = CARTESIAN_POINT('',(-0.16,-2.86,2.54));
#1396 = VECTOR('',#1397,1.);
#1397 = DIRECTION('',(-1.,0.,0.));
#1398 = ORIENTED_EDGE('',*,*,#1399,.T.);
#1399 = EDGE_CURVE('',#1392,#1376,#1400,.T.);
#1400 = LINE('',#1401,#1402);
#1401 = CARTESIAN_POINT('',(-0.32,-6.51,2.54));
#1402 = VECTOR('',#1403,1.);
#1403 = DIRECTION('',(0.,1.,0.));
#1404 = FACE_BOUND('',#1405,.T.);
#1405 = EDGE_LOOP('',(#1406,#1416,#1424,#1432));
#1406 = ORIENTED_EDGE('',*,*,#1407,.F.);
#1407 = EDGE_CURVE('',#1408,#1410,#1412,.T.);
#1408 = VERTEX_POINT('',#1409);
#1409 = CARTESIAN_POINT('',(0.32,-5.4,2.54));
#1410 = VERTEX_POINT('',#1411);
#1411 = CARTESIAN_POINT('',(0.32,-4.76,2.54));
#1412 = LINE('',#1413,#1414);
#1413 = CARTESIAN_POINT('',(0.32,-7.78,2.54));
#1414 = VECTOR('',#1415,1.);
#1415 = DIRECTION('',(0.,1.,0.));
#1416 = ORIENTED_EDGE('',*,*,#1417,.T.);
#1417 = EDGE_CURVE('',#1408,#1418,#1420,.T.);
#1418 = VERTEX_POINT('',#1419);
#1419 = CARTESIAN_POINT('',(-0.32,-5.4,2.54));
#1420 = LINE('',#1421,#1422);
#1421 = CARTESIAN_POINT('',(-0.16,-5.4,2.54));
#1422 = VECTOR('',#1423,1.);
#1423 = DIRECTION('',(-1.,0.,0.));
#1424 = ORIENTED_EDGE('',*,*,#1425,.T.);
#1425 = EDGE_CURVE('',#1418,#1426,#1428,.T.);
#1426 = VERTEX_POINT('',#1427);
#1427 = CARTESIAN_POINT('',(-0.32,-4.76,2.54));
#1428 = LINE('',#1429,#1430);
#1429 = CARTESIAN_POINT('',(-0.32,-7.78,2.54));
#1430 = VECTOR('',#1431,1.);
#1431 = DIRECTION('',(0.,1.,0.));
#1432 = ORIENTED_EDGE('',*,*,#1433,.F.);
#1433 = EDGE_CURVE('',#1410,#1426,#1434,.T.);
#1434 = LINE('',#1435,#1436);
#1435 = CARTESIAN_POINT('',(-0.16,-4.76,2.54));
#1436 = VECTOR('',#1437,1.);
#1437 = DIRECTION('',(-1.,0.,0.));
#1438 = FACE_BOUND('',#1439,.T.);
#1439 = EDGE_LOOP('',(#1440,#1450,#1458,#1466));
#1440 = ORIENTED_EDGE('',*,*,#1441,.F.);
#1441 = EDGE_CURVE('',#1442,#1444,#1446,.T.);
#1442 = VERTEX_POINT('',#1443);
#1443 = CARTESIAN_POINT('',(0.32,-7.3,2.54));
#1444 = VERTEX_POINT('',#1445);
#1445 = CARTESIAN_POINT('',(-0.32,-7.3,2.54));
#1446 = LINE('',#1447,#1448);
#1447 = CARTESIAN_POINT('',(-0.16,-7.3,2.54));
#1448 = VECTOR('',#1449,1.);
#1449 = DIRECTION('',(-1.,0.,0.));
#1450 = ORIENTED_EDGE('',*,*,#1451,.F.);
#1451 = EDGE_CURVE('',#1452,#1442,#1454,.T.);
#1452 = VERTEX_POINT('',#1453);
#1453 = CARTESIAN_POINT('',(0.32,-7.94,2.54));
#1454 = LINE('',#1455,#1456);
#1455 = CARTESIAN_POINT('',(0.32,-9.05,2.54));
#1456 = VECTOR('',#1457,1.);
#1457 = DIRECTION('',(0.,1.,0.));
#1458 = ORIENTED_EDGE('',*,*,#1459,.T.);
#1459 = EDGE_CURVE('',#1452,#1460,#1462,.T.);
#1460 = VERTEX_POINT('',#1461);
#1461 = CARTESIAN_POINT('',(-0.32,-7.94,2.54));
#1462 = LINE('',#1463,#1464);
#1463 = CARTESIAN_POINT('',(-0.16,-7.94,2.54));
#1464 = VECTOR('',#1465,1.);
#1465 = DIRECTION('',(-1.,0.,0.));
#1466 = ORIENTED_EDGE('',*,*,#1467,.T.);
#1467 = EDGE_CURVE('',#1460,#1444,#1468,.T.);
#1468 = LINE('',#1469,#1470);
#1469 = CARTESIAN_POINT('',(-0.32,-9.05,2.54));
#1470 = VECTOR('',#1471,1.);
#1471 = DIRECTION('',(0.,1.,0.));
#1472 = FACE_BOUND('',#1473,.T.);
#1473 = EDGE_LOOP('',(#1474,#1484,#1492,#1500));
#1474 = ORIENTED_EDGE('',*,*,#1475,.F.);
#1475 = EDGE_CURVE('',#1476,#1478,#1480,.T.);
#1476 = VERTEX_POINT('',#1477);
#1477 = CARTESIAN_POINT('',(0.32,-15.56,2.54));
#1478 = VERTEX_POINT('',#1479);
#1479 = CARTESIAN_POINT('',(0.32,-14.92,2.54));
#1480 = LINE('',#1481,#1482);
#1481 = CARTESIAN_POINT('',(0.32,-12.86,2.54));
#1482 = VECTOR('',#1483,1.);
#1483 = DIRECTION('',(0.,1.,0.));
#1484 = ORIENTED_EDGE('',*,*,#1485,.T.);
#1485 = EDGE_CURVE('',#1476,#1486,#1488,.T.);
#1486 = VERTEX_POINT('',#1487);
#1487 = CARTESIAN_POINT('',(-0.32,-15.56,2.54));
#1488 = LINE('',#1489,#1490);
#1489 = CARTESIAN_POINT('',(-0.16,-15.56,2.54));
#1490 = VECTOR('',#1491,1.);
#1491 = DIRECTION('',(-1.,0.,0.));
#1492 = ORIENTED_EDGE('',*,*,#1493,.T.);
#1493 = EDGE_CURVE('',#1486,#1494,#1496,.T.);
#1494 = VERTEX_POINT('',#1495);
#1495 = CARTESIAN_POINT('',(-0.32,-14.92,2.54));
#1496 = LINE('',#1497,#1498);
#1497 = CARTESIAN_POINT('',(-0.32,-12.86,2.54));
#1498 = VECTOR('',#1499,1.);
#1499 = DIRECTION('',(0.,1.,0.));
#1500 = ORIENTED_EDGE('',*,*,#1501,.F.);
#1501 = EDGE_CURVE('',#1478,#1494,#1502,.T.);
#1502 = LINE('',#1503,#1504);
#1503 = CARTESIAN_POINT('',(-0.16,-14.92,2.54));
#1504 = VECTOR('',#1505,1.);
#1505 = DIRECTION('',(-1.,0.,0.));
#1506 = FACE_BOUND('',#1507,.T.);
#1507 = EDGE_LOOP('',(#1508,#1518,#1526,#1534));
#1508 = ORIENTED_EDGE('',*,*,#1509,.F.);
#1509 = EDGE_CURVE('',#1510,#1512,#1514,.T.);
#1510 = VERTEX_POINT('',#1511);
#1511 = CARTESIAN_POINT('',(0.32,-9.84,2.54));
#1512 = VERTEX_POINT('',#1513);
#1513 = CARTESIAN_POINT('',(-0.32,-9.84,2.54));
#1514 = LINE('',#1515,#1516);
#1515 = CARTESIAN_POINT('',(-0.16,-9.84,2.54));
#1516 = VECTOR('',#1517,1.);
#1517 = DIRECTION('',(-1.,0.,0.));
#1518 = ORIENTED_EDGE('',*,*,#1519,.F.);
#1519 = EDGE_CURVE('',#1520,#1510,#1522,.T.);
#1520 = VERTEX_POINT('',#1521);
#1521 = CARTESIAN_POINT('',(0.32,-10.48,2.54));
#1522 = LINE('',#1523,#1524);
#1523 = CARTESIAN_POINT('',(0.32,-10.32,2.54));
#1524 = VECTOR('',#1525,1.);
#1525 = DIRECTION('',(0.,1.,0.));
#1526 = ORIENTED_EDGE('',*,*,#1527,.T.);
#1527 = EDGE_CURVE('',#1520,#1528,#1530,.T.);
#1528 = VERTEX_POINT('',#1529);
#1529 = CARTESIAN_POINT('',(-0.32,-10.48,2.54));
#1530 = LINE('',#1531,#1532);
#1531 = CARTESIAN_POINT('',(-0.16,-10.48,2.54));
#1532 = VECTOR('',#1533,1.);
#1533 = DIRECTION('',(-1.,0.,0.));
#1534 = ORIENTED_EDGE('',*,*,#1535,.T.);
#1535 = EDGE_CURVE('',#1528,#1512,#1536,.T.);
#1536 = LINE('',#1537,#1538);
#1537 = CARTESIAN_POINT('',(-0.32,-10.32,2.54));
#1538 = VECTOR('',#1539,1.);
#1539 = DIRECTION('',(0.,1.,0.));
#1540 = FACE_BOUND('',#1541,.T.);
#1541 = EDGE_LOOP('',(#1542,#1552,#1560,#1568));
#1542 = ORIENTED_EDGE('',*,*,#1543,.T.);
#1543 = EDGE_CURVE('',#1544,#1546,#1548,.T.);
#1544 = VERTEX_POINT('',#1545);
#1545 = CARTESIAN_POINT('',(0.32,-13.02,2.54));
#1546 = VERTEX_POINT('',#1547);
#1547 = CARTESIAN_POINT('',(-0.32,-13.02,2.54));
#1548 = LINE('',#1549,#1550);
#1549 = CARTESIAN_POINT('',(-0.16,-13.02,2.54));
#1550 = VECTOR('',#1551,1.);
#1551 = DIRECTION('',(-1.,0.,0.));
#1552 = ORIENTED_EDGE('',*,*,#1553,.T.);
#1553 = EDGE_CURVE('',#1546,#1554,#1556,.T.);
#1554 = VERTEX_POINT('',#1555);
#1555 = CARTESIAN_POINT('',(-0.32,-12.38,2.54));
#1556 = LINE('',#1557,#1558);
#1557 = CARTESIAN_POINT('',(-0.32,-11.59,2.54));
#1558 = VECTOR('',#1559,1.);
#1559 = DIRECTION('',(0.,1.,0.));
#1560 = ORIENTED_EDGE('',*,*,#1561,.F.);
#1561 = EDGE_CURVE('',#1562,#1554,#1564,.T.);
#1562 = VERTEX_POINT('',#1563);
#1563 = CARTESIAN_POINT('',(0.32,-12.38,2.54));
#1564 = LINE('',#1565,#1566);
#1565 = CARTESIAN_POINT('',(-0.16,-12.38,2.54));
#1566 = VECTOR('',#1567,1.);
#1567 = DIRECTION('',(-1.,0.,0.));
#1568 = ORIENTED_EDGE('',*,*,#1569,.F.);
#1569 = EDGE_CURVE('',#1544,#1562,#1570,.T.);
#1570 = LINE('',#1571,#1572);
#1571 = CARTESIAN_POINT('',(0.32,-11.59,2.54));
#1572 = VECTOR('',#1573,1.);
#1573 = DIRECTION('',(0.,1.,0.));
#1574 = FACE_BOUND('',#1575,.T.);
#1575 = EDGE_LOOP('',(#1576,#1586,#1594,#1602));
#1576 = ORIENTED_EDGE('',*,*,#1577,.F.);
#1577 = EDGE_CURVE('',#1578,#1580,#1582,.T.);
#1578 = VERTEX_POINT('',#1579);
#1579 = CARTESIAN_POINT('',(0.32,-20.64,2.54));
#1580 = VERTEX_POINT('',#1581);
#1581 = CARTESIAN_POINT('',(0.32,-20.,2.54));
#1582 = LINE('',#1583,#1584);
#1583 = CARTESIAN_POINT('',(0.32,-15.4,2.54));
#1584 = VECTOR('',#1585,1.);
#1585 = DIRECTION('',(0.,1.,0.));
#1586 = ORIENTED_EDGE('',*,*,#1587,.T.);
#1587 = EDGE_CURVE('',#1578,#1588,#1590,.T.);
#1588 = VERTEX_POINT('',#1589);
#1589 = CARTESIAN_POINT('',(-0.32,-20.64,2.54));
#1590 = LINE('',#1591,#1592);
#1591 = CARTESIAN_POINT('',(-0.16,-20.64,2.54));
#1592 = VECTOR('',#1593,1.);
#1593 = DIRECTION('',(-1.,0.,0.));
#1594 = ORIENTED_EDGE('',*,*,#1595,.T.);
#1595 = EDGE_CURVE('',#1588,#1596,#1598,.T.);
#1596 = VERTEX_POINT('',#1597);
#1597 = CARTESIAN_POINT('',(-0.32,-20.,2.54));
#1598 = LINE('',#1599,#1600);
#1599 = CARTESIAN_POINT('',(-0.32,-15.4,2.54));
#1600 = VECTOR('',#1601,1.);
#1601 = DIRECTION('',(0.,1.,0.));
#1602 = ORIENTED_EDGE('',*,*,#1603,.F.);
#1603 = EDGE_CURVE('',#1580,#1596,#1604,.T.);
#1604 = LINE('',#1605,#1606);
#1605 = CARTESIAN_POINT('',(-0.16,-20.,2.54));
#1606 = VECTOR('',#1607,1.);
#1607 = DIRECTION('',(-1.,0.,0.));
#1608 = FACE_BOUND('',#1609,.T.);
#1609 = EDGE_LOOP('',(#1610,#1620,#1628,#1636));
#1610 = ORIENTED_EDGE('',*,*,#1611,.F.);
#1611 = EDGE_CURVE('',#1612,#1614,#1616,.T.);
#1612 = VERTEX_POINT('',#1613);
#1613 = CARTESIAN_POINT('',(0.32,-17.46,2.54));
#1614 = VERTEX_POINT('',#1615);
#1615 = CARTESIAN_POINT('',(-0.32,-17.46,2.54));
#1616 = LINE('',#1617,#1618);
#1617 = CARTESIAN_POINT('',(-0.16,-17.46,2.54));
#1618 = VECTOR('',#1619,1.);
#1619 = DIRECTION('',(-1.,0.,0.));
#1620 = ORIENTED_EDGE('',*,*,#1621,.F.);
#1621 = EDGE_CURVE('',#1622,#1612,#1624,.T.);
#1622 = VERTEX_POINT('',#1623);
#1623 = CARTESIAN_POINT('',(0.32,-18.1,2.54));
#1624 = LINE('',#1625,#1626);
#1625 = CARTESIAN_POINT('',(0.32,-14.13,2.54));
#1626 = VECTOR('',#1627,1.);
#1627 = DIRECTION('',(0.,1.,0.));
#1628 = ORIENTED_EDGE('',*,*,#1629,.T.);
#1629 = EDGE_CURVE('',#1622,#1630,#1632,.T.);
#1630 = VERTEX_POINT('',#1631);
#1631 = CARTESIAN_POINT('',(-0.32,-18.1,2.54));
#1632 = LINE('',#1633,#1634);
#1633 = CARTESIAN_POINT('',(-0.16,-18.1,2.54));
#1634 = VECTOR('',#1635,1.);
#1635 = DIRECTION('',(-1.,0.,0.));
#1636 = ORIENTED_EDGE('',*,*,#1637,.T.);
#1637 = EDGE_CURVE('',#1630,#1614,#1638,.T.);
#1638 = LINE('',#1639,#1640);
#1639 = CARTESIAN_POINT('',(-0.32,-14.13,2.54));
#1640 = VECTOR('',#1641,1.);
#1641 = DIRECTION('',(0.,1.,0.));
#1642 = PLANE('',#1643);
#1643 = AXIS2_PLACEMENT_3D('',#1644,#1645,#1646);
#1644 = CARTESIAN_POINT('',(-1.243446532402E-17,-10.16,2.54));
#1645 = DIRECTION('',(0.,0.,1.));
#1646 = DIRECTION('',(1.,0.,-0.));
#1647 = ADVANCED_FACE('',(#1648),#1659,.F.);
#1648 = FACE_BOUND('',#1649,.F.);
#1649 = EDGE_LOOP('',(#1650,#1656,#1657,#1658));
#1650 = ORIENTED_EDGE('',*,*,#1651,.T.);
#1651 = EDGE_CURVE('',#584,#1323,#1652,.T.);
#1652 = LINE('',#1653,#1654);
#1653 = CARTESIAN_POINT('',(1.27,1.016,0.));
#1654 = VECTOR('',#1655,1.);
#1655 = DIRECTION('',(0.,0.,1.));
#1656 = ORIENTED_EDGE('',*,*,#1330,.T.);
#1657 = ORIENTED_EDGE('',*,*,#111,.F.);
#1658 = ORIENTED_EDGE('',*,*,#591,.F.);
#1659 = PLANE('',#1660);
#1660 = AXIS2_PLACEMENT_3D('',#1661,#1662,#1663);
#1661 = CARTESIAN_POINT('',(1.27,1.016,0.));
#1662 = DIRECTION('',(-0.707106781187,-0.707106781187,0.));
#1663 = DIRECTION('',(-0.707106781187,0.707106781187,0.));
#1664 = ADVANCED_FACE('',(#1665),#1676,.F.);
#1665 = FACE_BOUND('',#1666,.F.);
#1666 = EDGE_LOOP('',(#1667,#1668,#1669,#1675));
#1667 = ORIENTED_EDGE('',*,*,#151,.T.);
#1668 = ORIENTED_EDGE('',*,*,#914,.T.);
#1669 = ORIENTED_EDGE('',*,*,#1670,.F.);
#1670 = EDGE_CURVE('',#176,#915,#1671,.T.);
#1671 = LINE('',#1672,#1673);
#1672 = CARTESIAN_POINT('',(-1.016,-1.27,0.));
#1673 = VECTOR('',#1674,1.);
#1674 = DIRECTION('',(0.,0.,1.));
#1675 = ORIENTED_EDGE('',*,*,#175,.F.);
#1676 = PLANE('',#1677);
#1677 = AXIS2_PLACEMENT_3D('',#1678,#1679,#1680);
#1678 = CARTESIAN_POINT('',(-1.27,-1.016,0.));
#1679 = DIRECTION('',(0.707106781187,0.707106781187,0.));
#1680 = DIRECTION('',(0.707106781187,-0.707106781187,0.));
#1681 = ADVANCED_FACE('',(#1682),#1693,.F.);
#1682 = FACE_BOUND('',#1683,.F.);
#1683 = EDGE_LOOP('',(#1684,#1690,#1691,#1692));
#1684 = ORIENTED_EDGE('',*,*,#1685,.T.);
#1685 = EDGE_CURVE('',#576,#1315,#1686,.T.);
#1686 = LINE('',#1687,#1688);
#1687 = CARTESIAN_POINT('',(1.27,-1.016,0.));
#1688 = VECTOR('',#1689,1.);
#1689 = DIRECTION('',(0.,0.,1.));
#1690 = ORIENTED_EDGE('',*,*,#1322,.T.);
#1691 = ORIENTED_EDGE('',*,*,#1651,.F.);
#1692 = ORIENTED_EDGE('',*,*,#583,.F.);
#1693 = PLANE('',#1694);
#1694 = AXIS2_PLACEMENT_3D('',#1695,#1696,#1697);
#1695 = CARTESIAN_POINT('',(1.27,-1.016,0.));
#1696 = DIRECTION('',(-1.,0.,0.));
#1697 = DIRECTION('',(0.,1.,0.));
#1698 = ADVANCED_FACE('',(#1699),#1710,.F.);
#1699 = FACE_BOUND('',#1700,.F.);
#1700 = EDGE_LOOP('',(#1701,#1702,#1703,#1709));
#1701 = ORIENTED_EDGE('',*,*,#1670,.T.);
#1702 = ORIENTED_EDGE('',*,*,#922,.T.);
#1703 = ORIENTED_EDGE('',*,*,#1704,.F.);
#1704 = EDGE_CURVE('',#184,#923,#1705,.T.);
#1705 = LINE('',#1706,#1707);
#1706 = CARTESIAN_POINT('',(-1.27,-1.524,0.));
#1707 = VECTOR('',#1708,1.);
#1708 = DIRECTION('',(0.,0.,1.));
#1709 = ORIENTED_EDGE('',*,*,#183,.F.);
#1710 = PLANE('',#1711);
#1711 = AXIS2_PLACEMENT_3D('',#1712,#1713,#1714);
#1712 = CARTESIAN_POINT('',(-1.016,-1.27,0.));
#1713 = DIRECTION('',(0.707106781187,-0.707106781187,0.));
#1714 = DIRECTION('',(-0.707106781187,-0.707106781187,0.));
#1715 = ADVANCED_FACE('',(#1716),#1727,.F.);
#1716 = FACE_BOUND('',#1717,.F.);
#1717 = EDGE_LOOP('',(#1718,#1724,#1725,#1726));
#1718 = ORIENTED_EDGE('',*,*,#1719,.T.);
#1719 = EDGE_CURVE('',#568,#1307,#1720,.T.);
#1720 = LINE('',#1721,#1722);
#1721 = CARTESIAN_POINT('',(1.016,-1.27,0.));
#1722 = VECTOR('',#1723,1.);
#1723 = DIRECTION('',(0.,0.,1.));
#1724 = ORIENTED_EDGE('',*,*,#1314,.T.);
#1725 = ORIENTED_EDGE('',*,*,#1685,.F.);
#1726 = ORIENTED_EDGE('',*,*,#575,.F.);
#1727 = PLANE('',#1728);
#1728 = AXIS2_PLACEMENT_3D('',#1729,#1730,#1731);
#1729 = CARTESIAN_POINT('',(1.016,-1.27,0.));
#1730 = DIRECTION('',(-0.707106781187,0.707106781187,0.));
#1731 = DIRECTION('',(0.707106781187,0.707106781187,0.));
#1732 = ADVANCED_FACE('',(#1733),#1744,.F.);
#1733 = FACE_BOUND('',#1734,.F.);
#1734 = EDGE_LOOP('',(#1735,#1736,#1737,#1743));
#1735 = ORIENTED_EDGE('',*,*,#1704,.T.);
#1736 = ORIENTED_EDGE('',*,*,#930,.T.);
#1737 = ORIENTED_EDGE('',*,*,#1738,.F.);
#1738 = EDGE_CURVE('',#192,#931,#1739,.T.);
#1739 = LINE('',#1740,#1741);
#1740 = CARTESIAN_POINT('',(-1.27,-3.556,0.));
#1741 = VECTOR('',#1742,1.);
#1742 = DIRECTION('',(0.,0.,1.));
#1743 = ORIENTED_EDGE('',*,*,#191,.F.);
#1744 = PLANE('',#1745);
#1745 = AXIS2_PLACEMENT_3D('',#1746,#1747,#1748);
#1746 = CARTESIAN_POINT('',(-1.27,-1.524,0.));
#1747 = DIRECTION('',(1.,0.,0.));
#1748 = DIRECTION('',(0.,-1.,0.));
#1749 = ADVANCED_FACE('',(#1750),#1761,.F.);
#1750 = FACE_BOUND('',#1751,.F.);
#1751 = EDGE_LOOP('',(#1752,#1758,#1759,#1760));
#1752 = ORIENTED_EDGE('',*,*,#1753,.T.);
#1753 = EDGE_CURVE('',#560,#1299,#1754,.T.);
#1754 = LINE('',#1755,#1756);
#1755 = CARTESIAN_POINT('',(1.27,-1.524,0.));
#1756 = VECTOR('',#1757,1.);
#1757 = DIRECTION('',(0.,0.,1.));
#1758 = ORIENTED_EDGE('',*,*,#1306,.T.);
#1759 = ORIENTED_EDGE('',*,*,#1719,.F.);
#1760 = ORIENTED_EDGE('',*,*,#567,.F.);
#1761 = PLANE('',#1762);
#1762 = AXIS2_PLACEMENT_3D('',#1763,#1764,#1765);
#1763 = CARTESIAN_POINT('',(1.27,-1.524,0.));
#1764 = DIRECTION('',(-0.707106781187,-0.707106781187,0.));
#1765 = DIRECTION('',(-0.707106781187,0.707106781187,0.));
#1766 = ADVANCED_FACE('',(#1767),#1778,.F.);
#1767 = FACE_BOUND('',#1768,.F.);
#1768 = EDGE_LOOP('',(#1769,#1770,#1771,#1777));
#1769 = ORIENTED_EDGE('',*,*,#1738,.T.);
#1770 = ORIENTED_EDGE('',*,*,#938,.T.);
#1771 = ORIENTED_EDGE('',*,*,#1772,.F.);
#1772 = EDGE_CURVE('',#200,#939,#1773,.T.);
#1773 = LINE('',#1774,#1775);
#1774 = CARTESIAN_POINT('',(-1.016,-3.81,0.));
#1775 = VECTOR('',#1776,1.);
#1776 = DIRECTION('',(0.,0.,1.));
#1777 = ORIENTED_EDGE('',*,*,#199,.F.);
#1778 = PLANE('',#1779);
#1779 = AXIS2_PLACEMENT_3D('',#1780,#1781,#1782);
#1780 = CARTESIAN_POINT('',(-1.27,-3.556,0.));
#1781 = DIRECTION('',(0.707106781187,0.707106781187,0.));
#1782 = DIRECTION('',(0.707106781187,-0.707106781187,0.));
#1783 = ADVANCED_FACE('',(#1784),#1795,.F.);
#1784 = FACE_BOUND('',#1785,.F.);
#1785 = EDGE_LOOP('',(#1786,#1792,#1793,#1794));
#1786 = ORIENTED_EDGE('',*,*,#1787,.T.);
#1787 = EDGE_CURVE('',#552,#1291,#1788,.T.);
#1788 = LINE('',#1789,#1790);
#1789 = CARTESIAN_POINT('',(1.27,-3.556,0.));
#1790 = VECTOR('',#1791,1.);
#1791 = DIRECTION('',(0.,0.,1.));
#1792 = ORIENTED_EDGE('',*,*,#1298,.T.);
#1793 = ORIENTED_EDGE('',*,*,#1753,.F.);
#1794 = ORIENTED_EDGE('',*,*,#559,.F.);
#1795 = PLANE('',#1796);
#1796 = AXIS2_PLACEMENT_3D('',#1797,#1798,#1799);
#1797 = CARTESIAN_POINT('',(1.27,-3.556,0.));
#1798 = DIRECTION('',(-1.,0.,0.));
#1799 = DIRECTION('',(0.,1.,0.));
#1800 = ADVANCED_FACE('',(#1801),#1812,.F.);
#1801 = FACE_BOUND('',#1802,.F.);
#1802 = EDGE_LOOP('',(#1803,#1804,#1805,#1811));
#1803 = ORIENTED_EDGE('',*,*,#1772,.T.);
#1804 = ORIENTED_EDGE('',*,*,#946,.T.);
#1805 = ORIENTED_EDGE('',*,*,#1806,.F.);
#1806 = EDGE_CURVE('',#208,#947,#1807,.T.);
#1807 = LINE('',#1808,#1809);
#1808 = CARTESIAN_POINT('',(-1.27,-4.064,0.));
#1809 = VECTOR('',#1810,1.);
#1810 = DIRECTION('',(0.,0.,1.));
#1811 = ORIENTED_EDGE('',*,*,#207,.F.);
#1812 = PLANE('',#1813);
#1813 = AXIS2_PLACEMENT_3D('',#1814,#1815,#1816);
#1814 = CARTESIAN_POINT('',(-1.016,-3.81,0.));
#1815 = DIRECTION('',(0.707106781187,-0.707106781187,0.));
#1816 = DIRECTION('',(-0.707106781187,-0.707106781187,0.));
#1817 = ADVANCED_FACE('',(#1818),#1829,.F.);
#1818 = FACE_BOUND('',#1819,.F.);
#1819 = EDGE_LOOP('',(#1820,#1826,#1827,#1828));
#1820 = ORIENTED_EDGE('',*,*,#1821,.T.);
#1821 = EDGE_CURVE('',#544,#1283,#1822,.T.);
#1822 = LINE('',#1823,#1824);
#1823 = CARTESIAN_POINT('',(1.016,-3.81,0.));
#1824 = VECTOR('',#1825,1.);
#1825 = DIRECTION('',(0.,0.,1.));
#1826 = ORIENTED_EDGE('',*,*,#1290,.T.);
#1827 = ORIENTED_EDGE('',*,*,#1787,.F.);
#1828 = ORIENTED_EDGE('',*,*,#551,.F.);
#1829 = PLANE('',#1830);
#1830 = AXIS2_PLACEMENT_3D('',#1831,#1832,#1833);
#1831 = CARTESIAN_POINT('',(1.016,-3.81,0.));
#1832 = DIRECTION('',(-0.707106781187,0.707106781187,0.));
#1833 = DIRECTION('',(0.707106781187,0.707106781187,0.));
#1834 = ADVANCED_FACE('',(#1835),#1846,.F.);
#1835 = FACE_BOUND('',#1836,.F.);
#1836 = EDGE_LOOP('',(#1837,#1838,#1839,#1845));
#1837 = ORIENTED_EDGE('',*,*,#1806,.T.);
#1838 = ORIENTED_EDGE('',*,*,#954,.T.);
#1839 = ORIENTED_EDGE('',*,*,#1840,.F.);
#1840 = EDGE_CURVE('',#216,#955,#1841,.T.);
#1841 = LINE('',#1842,#1843);
#1842 = CARTESIAN_POINT('',(-1.27,-6.096,0.));
#1843 = VECTOR('',#1844,1.);
#1844 = DIRECTION('',(0.,0.,1.));
#1845 = ORIENTED_EDGE('',*,*,#215,.F.);
#1846 = PLANE('',#1847);
#1847 = AXIS2_PLACEMENT_3D('',#1848,#1849,#1850);
#1848 = CARTESIAN_POINT('',(-1.27,-4.064,0.));
#1849 = DIRECTION('',(1.,0.,0.));
#1850 = DIRECTION('',(0.,-1.,0.));
#1851 = ADVANCED_FACE('',(#1852),#1863,.F.);
#1852 = FACE_BOUND('',#1853,.F.);
#1853 = EDGE_LOOP('',(#1854,#1860,#1861,#1862));
#1854 = ORIENTED_EDGE('',*,*,#1855,.T.);
#1855 = EDGE_CURVE('',#536,#1275,#1856,.T.);
#1856 = LINE('',#1857,#1858);
#1857 = CARTESIAN_POINT('',(1.27,-4.064,0.));
#1858 = VECTOR('',#1859,1.);
#1859 = DIRECTION('',(0.,0.,1.));
#1860 = ORIENTED_EDGE('',*,*,#1282,.T.);
#1861 = ORIENTED_EDGE('',*,*,#1821,.F.);
#1862 = ORIENTED_EDGE('',*,*,#543,.F.);
#1863 = PLANE('',#1864);
#1864 = AXIS2_PLACEMENT_3D('',#1865,#1866,#1867);
#1865 = CARTESIAN_POINT('',(1.27,-4.064,0.));
#1866 = DIRECTION('',(-0.707106781187,-0.707106781187,0.));
#1867 = DIRECTION('',(-0.707106781187,0.707106781187,0.));
#1868 = ADVANCED_FACE('',(#1869),#1880,.F.);
#1869 = FACE_BOUND('',#1870,.F.);
#1870 = EDGE_LOOP('',(#1871,#1872,#1873,#1879));
#1871 = ORIENTED_EDGE('',*,*,#1840,.T.);
#1872 = ORIENTED_EDGE('',*,*,#962,.T.);
#1873 = ORIENTED_EDGE('',*,*,#1874,.F.);
#1874 = EDGE_CURVE('',#224,#963,#1875,.T.);
#1875 = LINE('',#1876,#1877);
#1876 = CARTESIAN_POINT('',(-1.016,-6.35,0.));
#1877 = VECTOR('',#1878,1.);
#1878 = DIRECTION('',(0.,0.,1.));
#1879 = ORIENTED_EDGE('',*,*,#223,.F.);
#1880 = PLANE('',#1881);
#1881 = AXIS2_PLACEMENT_3D('',#1882,#1883,#1884);
#1882 = CARTESIAN_POINT('',(-1.27,-6.096,0.));
#1883 = DIRECTION('',(0.707106781187,0.707106781187,0.));
#1884 = DIRECTION('',(0.707106781187,-0.707106781187,0.));
#1885 = ADVANCED_FACE('',(#1886),#1897,.F.);
#1886 = FACE_BOUND('',#1887,.F.);
#1887 = EDGE_LOOP('',(#1888,#1894,#1895,#1896));
#1888 = ORIENTED_EDGE('',*,*,#1889,.T.);
#1889 = EDGE_CURVE('',#528,#1267,#1890,.T.);
#1890 = LINE('',#1891,#1892);
#1891 = CARTESIAN_POINT('',(1.27,-6.096,0.));
#1892 = VECTOR('',#1893,1.);
#1893 = DIRECTION('',(0.,0.,1.));
#1894 = ORIENTED_EDGE('',*,*,#1274,.T.);
#1895 = ORIENTED_EDGE('',*,*,#1855,.F.);
#1896 = ORIENTED_EDGE('',*,*,#535,.F.);
#1897 = PLANE('',#1898);
#1898 = AXIS2_PLACEMENT_3D('',#1899,#1900,#1901);
#1899 = CARTESIAN_POINT('',(1.27,-6.096,0.));
#1900 = DIRECTION('',(-1.,0.,0.));
#1901 = DIRECTION('',(0.,1.,0.));
#1902 = ADVANCED_FACE('',(#1903),#1914,.F.);
#1903 = FACE_BOUND('',#1904,.F.);
#1904 = EDGE_LOOP('',(#1905,#1906,#1907,#1913));
#1905 = ORIENTED_EDGE('',*,*,#1874,.T.);
#1906 = ORIENTED_EDGE('',*,*,#970,.T.);
#1907 = ORIENTED_EDGE('',*,*,#1908,.F.);
#1908 = EDGE_CURVE('',#232,#971,#1909,.T.);
#1909 = LINE('',#1910,#1911);
#1910 = CARTESIAN_POINT('',(-1.27,-6.604,0.));
#1911 = VECTOR('',#1912,1.);
#1912 = DIRECTION('',(0.,0.,1.));
#1913 = ORIENTED_EDGE('',*,*,#231,.F.);
#1914 = PLANE('',#1915);
#1915 = AXIS2_PLACEMENT_3D('',#1916,#1917,#1918);
#1916 = CARTESIAN_POINT('',(-1.016,-6.35,0.));
#1917 = DIRECTION('',(0.707106781187,-0.707106781187,0.));
#1918 = DIRECTION('',(-0.707106781187,-0.707106781187,0.));
#1919 = ADVANCED_FACE('',(#1920),#1931,.F.);
#1920 = FACE_BOUND('',#1921,.F.);
#1921 = EDGE_LOOP('',(#1922,#1928,#1929,#1930));
#1922 = ORIENTED_EDGE('',*,*,#1923,.T.);
#1923 = EDGE_CURVE('',#520,#1259,#1924,.T.);
#1924 = LINE('',#1925,#1926);
#1925 = CARTESIAN_POINT('',(1.016,-6.35,0.));
#1926 = VECTOR('',#1927,1.);
#1927 = DIRECTION('',(0.,0.,1.));
#1928 = ORIENTED_EDGE('',*,*,#1266,.T.);
#1929 = ORIENTED_EDGE('',*,*,#1889,.F.);
#1930 = ORIENTED_EDGE('',*,*,#527,.F.);
#1931 = PLANE('',#1932);
#1932 = AXIS2_PLACEMENT_3D('',#1933,#1934,#1935);
#1933 = CARTESIAN_POINT('',(1.016,-6.35,0.));
#1934 = DIRECTION('',(-0.707106781187,0.707106781187,0.));
#1935 = DIRECTION('',(0.707106781187,0.707106781187,0.));
#1936 = ADVANCED_FACE('',(#1937),#1948,.F.);
#1937 = FACE_BOUND('',#1938,.F.);
#1938 = EDGE_LOOP('',(#1939,#1940,#1941,#1947));
#1939 = ORIENTED_EDGE('',*,*,#1908,.T.);
#1940 = ORIENTED_EDGE('',*,*,#978,.T.);
#1941 = ORIENTED_EDGE('',*,*,#1942,.F.);
#1942 = EDGE_CURVE('',#240,#979,#1943,.T.);
#1943 = LINE('',#1944,#1945);
#1944 = CARTESIAN_POINT('',(-1.27,-8.636,0.));
#1945 = VECTOR('',#1946,1.);
#1946 = DIRECTION('',(0.,0.,1.));
#1947 = ORIENTED_EDGE('',*,*,#239,.F.);
#1948 = PLANE('',#1949);
#1949 = AXIS2_PLACEMENT_3D('',#1950,#1951,#1952);
#1950 = CARTESIAN_POINT('',(-1.27,-6.604,0.));
#1951 = DIRECTION('',(1.,0.,0.));
#1952 = DIRECTION('',(0.,-1.,0.));
#1953 = ADVANCED_FACE('',(#1954),#1965,.F.);
#1954 = FACE_BOUND('',#1955,.F.);
#1955 = EDGE_LOOP('',(#1956,#1962,#1963,#1964));
#1956 = ORIENTED_EDGE('',*,*,#1957,.T.);
#1957 = EDGE_CURVE('',#512,#1251,#1958,.T.);
#1958 = LINE('',#1959,#1960);
#1959 = CARTESIAN_POINT('',(1.27,-6.604,0.));
#1960 = VECTOR('',#1961,1.);
#1961 = DIRECTION('',(0.,0.,1.));
#1962 = ORIENTED_EDGE('',*,*,#1258,.T.);
#1963 = ORIENTED_EDGE('',*,*,#1923,.F.);
#1964 = ORIENTED_EDGE('',*,*,#519,.F.);
#1965 = PLANE('',#1966);
#1966 = AXIS2_PLACEMENT_3D('',#1967,#1968,#1969);
#1967 = CARTESIAN_POINT('',(1.27,-6.604,0.));
#1968 = DIRECTION('',(-0.707106781187,-0.707106781187,0.));
#1969 = DIRECTION('',(-0.707106781187,0.707106781187,0.));
#1970 = ADVANCED_FACE('',(#1971),#1982,.F.);
#1971 = FACE_BOUND('',#1972,.F.);
#1972 = EDGE_LOOP('',(#1973,#1974,#1975,#1981));
#1973 = ORIENTED_EDGE('',*,*,#1942,.T.);
#1974 = ORIENTED_EDGE('',*,*,#986,.T.);
#1975 = ORIENTED_EDGE('',*,*,#1976,.F.);
#1976 = EDGE_CURVE('',#248,#987,#1977,.T.);
#1977 = LINE('',#1978,#1979);
#1978 = CARTESIAN_POINT('',(-1.016,-8.89,0.));
#1979 = VECTOR('',#1980,1.);
#1980 = DIRECTION('',(0.,0.,1.));
#1981 = ORIENTED_EDGE('',*,*,#247,.F.);
#1982 = PLANE('',#1983);
#1983 = AXIS2_PLACEMENT_3D('',#1984,#1985,#1986);
#1984 = CARTESIAN_POINT('',(-1.27,-8.636,0.));
#1985 = DIRECTION('',(0.707106781187,0.707106781187,0.));
#1986 = DIRECTION('',(0.707106781187,-0.707106781187,0.));
#1987 = ADVANCED_FACE('',(#1988),#1999,.F.);
#1988 = FACE_BOUND('',#1989,.F.);
#1989 = EDGE_LOOP('',(#1990,#1996,#1997,#1998));
#1990 = ORIENTED_EDGE('',*,*,#1991,.T.);
#1991 = EDGE_CURVE('',#504,#1243,#1992,.T.);
#1992 = LINE('',#1993,#1994);
#1993 = CARTESIAN_POINT('',(1.27,-8.636,0.));
#1994 = VECTOR('',#1995,1.);
#1995 = DIRECTION('',(0.,0.,1.));
#1996 = ORIENTED_EDGE('',*,*,#1250,.T.);
#1997 = ORIENTED_EDGE('',*,*,#1957,.F.);
#1998 = ORIENTED_EDGE('',*,*,#511,.F.);
#1999 = PLANE('',#2000);
#2000 = AXIS2_PLACEMENT_3D('',#2001,#2002,#2003);
#2001 = CARTESIAN_POINT('',(1.27,-8.636,0.));
#2002 = DIRECTION('',(-1.,0.,0.));
#2003 = DIRECTION('',(0.,1.,0.));
#2004 = ADVANCED_FACE('',(#2005),#2016,.F.);
#2005 = FACE_BOUND('',#2006,.F.);
#2006 = EDGE_LOOP('',(#2007,#2008,#2009,#2015));
#2007 = ORIENTED_EDGE('',*,*,#1976,.T.);
#2008 = ORIENTED_EDGE('',*,*,#994,.T.);
#2009 = ORIENTED_EDGE('',*,*,#2010,.F.);
#2010 = EDGE_CURVE('',#256,#995,#2011,.T.);
#2011 = LINE('',#2012,#2013);
#2012 = CARTESIAN_POINT('',(-1.27,-9.144,0.));
#2013 = VECTOR('',#2014,1.);
#2014 = DIRECTION('',(0.,0.,1.));
#2015 = ORIENTED_EDGE('',*,*,#255,.F.);
#2016 = PLANE('',#2017);
#2017 = AXIS2_PLACEMENT_3D('',#2018,#2019,#2020);
#2018 = CARTESIAN_POINT('',(-1.016,-8.89,0.));
#2019 = DIRECTION('',(0.707106781187,-0.707106781187,0.));
#2020 = DIRECTION('',(-0.707106781187,-0.707106781187,0.));
#2021 = ADVANCED_FACE('',(#2022),#2033,.F.);
#2022 = FACE_BOUND('',#2023,.F.);
#2023 = EDGE_LOOP('',(#2024,#2030,#2031,#2032));
#2024 = ORIENTED_EDGE('',*,*,#2025,.T.);
#2025 = EDGE_CURVE('',#496,#1235,#2026,.T.);
#2026 = LINE('',#2027,#2028);
#2027 = CARTESIAN_POINT('',(1.016,-8.89,0.));
#2028 = VECTOR('',#2029,1.);
#2029 = DIRECTION('',(0.,0.,1.));
#2030 = ORIENTED_EDGE('',*,*,#1242,.T.);
#2031 = ORIENTED_EDGE('',*,*,#1991,.F.);
#2032 = ORIENTED_EDGE('',*,*,#503,.F.);
#2033 = PLANE('',#2034);
#2034 = AXIS2_PLACEMENT_3D('',#2035,#2036,#2037);
#2035 = CARTESIAN_POINT('',(1.016,-8.89,0.));
#2036 = DIRECTION('',(-0.707106781187,0.707106781187,0.));
#2037 = DIRECTION('',(0.707106781187,0.707106781187,0.));
#2038 = ADVANCED_FACE('',(#2039),#2050,.F.);
#2039 = FACE_BOUND('',#2040,.F.);
#2040 = EDGE_LOOP('',(#2041,#2042,#2043,#2049));
#2041 = ORIENTED_EDGE('',*,*,#2010,.T.);
#2042 = ORIENTED_EDGE('',*,*,#1002,.T.);
#2043 = ORIENTED_EDGE('',*,*,#2044,.F.);
#2044 = EDGE_CURVE('',#264,#1003,#2045,.T.);
#2045 = LINE('',#2046,#2047);
#2046 = CARTESIAN_POINT('',(-1.27,-11.176,0.));
#2047 = VECTOR('',#2048,1.);
#2048 = DIRECTION('',(0.,0.,1.));
#2049 = ORIENTED_EDGE('',*,*,#263,.F.);
#2050 = PLANE('',#2051);
#2051 = AXIS2_PLACEMENT_3D('',#2052,#2053,#2054);
#2052 = CARTESIAN_POINT('',(-1.27,-9.144,0.));
#2053 = DIRECTION('',(1.,0.,0.));
#2054 = DIRECTION('',(0.,-1.,0.));
#2055 = ADVANCED_FACE('',(#2056),#2067,.F.);
#2056 = FACE_BOUND('',#2057,.F.);
#2057 = EDGE_LOOP('',(#2058,#2064,#2065,#2066));
#2058 = ORIENTED_EDGE('',*,*,#2059,.T.);
#2059 = EDGE_CURVE('',#488,#1227,#2060,.T.);
#2060 = LINE('',#2061,#2062);
#2061 = CARTESIAN_POINT('',(1.27,-9.144,0.));
#2062 = VECTOR('',#2063,1.);
#2063 = DIRECTION('',(0.,0.,1.));
#2064 = ORIENTED_EDGE('',*,*,#1234,.T.);
#2065 = ORIENTED_EDGE('',*,*,#2025,.F.);
#2066 = ORIENTED_EDGE('',*,*,#495,.F.);
#2067 = PLANE('',#2068);
#2068 = AXIS2_PLACEMENT_3D('',#2069,#2070,#2071);
#2069 = CARTESIAN_POINT('',(1.27,-9.144,0.));
#2070 = DIRECTION('',(-0.707106781187,-0.707106781187,0.));
#2071 = DIRECTION('',(-0.707106781187,0.707106781187,0.));
#2072 = ADVANCED_FACE('',(#2073),#2084,.F.);
#2073 = FACE_BOUND('',#2074,.F.);
#2074 = EDGE_LOOP('',(#2075,#2076,#2077,#2083));
#2075 = ORIENTED_EDGE('',*,*,#2044,.T.);
#2076 = ORIENTED_EDGE('',*,*,#1010,.T.);
#2077 = ORIENTED_EDGE('',*,*,#2078,.F.);
#2078 = EDGE_CURVE('',#272,#1011,#2079,.T.);
#2079 = LINE('',#2080,#2081);
#2080 = CARTESIAN_POINT('',(-1.016,-11.43,0.));
#2081 = VECTOR('',#2082,1.);
#2082 = DIRECTION('',(0.,0.,1.));
#2083 = ORIENTED_EDGE('',*,*,#271,.F.);
#2084 = PLANE('',#2085);
#2085 = AXIS2_PLACEMENT_3D('',#2086,#2087,#2088);
#2086 = CARTESIAN_POINT('',(-1.27,-11.176,0.));
#2087 = DIRECTION('',(0.707106781187,0.707106781187,0.));
#2088 = DIRECTION('',(0.707106781187,-0.707106781187,0.));
#2089 = ADVANCED_FACE('',(#2090),#2101,.F.);
#2090 = FACE_BOUND('',#2091,.F.);
#2091 = EDGE_LOOP('',(#2092,#2098,#2099,#2100));
#2092 = ORIENTED_EDGE('',*,*,#2093,.T.);
#2093 = EDGE_CURVE('',#480,#1219,#2094,.T.);
#2094 = LINE('',#2095,#2096);
#2095 = CARTESIAN_POINT('',(1.27,-11.176,0.));
#2096 = VECTOR('',#2097,1.);
#2097 = DIRECTION('',(0.,0.,1.));
#2098 = ORIENTED_EDGE('',*,*,#1226,.T.);
#2099 = ORIENTED_EDGE('',*,*,#2059,.F.);
#2100 = ORIENTED_EDGE('',*,*,#487,.F.);
#2101 = PLANE('',#2102);
#2102 = AXIS2_PLACEMENT_3D('',#2103,#2104,#2105);
#2103 = CARTESIAN_POINT('',(1.27,-11.176,0.));
#2104 = DIRECTION('',(-1.,0.,0.));
#2105 = DIRECTION('',(0.,1.,0.));
#2106 = ADVANCED_FACE('',(#2107),#2118,.F.);
#2107 = FACE_BOUND('',#2108,.F.);
#2108 = EDGE_LOOP('',(#2109,#2110,#2111,#2117));
#2109 = ORIENTED_EDGE('',*,*,#2078,.T.);
#2110 = ORIENTED_EDGE('',*,*,#1018,.T.);
#2111 = ORIENTED_EDGE('',*,*,#2112,.F.);
#2112 = EDGE_CURVE('',#280,#1019,#2113,.T.);
#2113 = LINE('',#2114,#2115);
#2114 = CARTESIAN_POINT('',(-1.27,-11.684,0.));
#2115 = VECTOR('',#2116,1.);
#2116 = DIRECTION('',(0.,0.,1.));
#2117 = ORIENTED_EDGE('',*,*,#279,.F.);
#2118 = PLANE('',#2119);
#2119 = AXIS2_PLACEMENT_3D('',#2120,#2121,#2122);
#2120 = CARTESIAN_POINT('',(-1.016,-11.43,0.));
#2121 = DIRECTION('',(0.707106781187,-0.707106781187,0.));
#2122 = DIRECTION('',(-0.707106781187,-0.707106781187,0.));
#2123 = ADVANCED_FACE('',(#2124),#2135,.F.);
#2124 = FACE_BOUND('',#2125,.F.);
#2125 = EDGE_LOOP('',(#2126,#2132,#2133,#2134));
#2126 = ORIENTED_EDGE('',*,*,#2127,.T.);
#2127 = EDGE_CURVE('',#472,#1211,#2128,.T.);
#2128 = LINE('',#2129,#2130);
#2129 = CARTESIAN_POINT('',(1.016,-11.43,0.));
#2130 = VECTOR('',#2131,1.);
#2131 = DIRECTION('',(0.,0.,1.));
#2132 = ORIENTED_EDGE('',*,*,#1218,.T.);
#2133 = ORIENTED_EDGE('',*,*,#2093,.F.);
#2134 = ORIENTED_EDGE('',*,*,#479,.F.);
#2135 = PLANE('',#2136);
#2136 = AXIS2_PLACEMENT_3D('',#2137,#2138,#2139);
#2137 = CARTESIAN_POINT('',(1.016,-11.43,0.));
#2138 = DIRECTION('',(-0.707106781187,0.707106781187,0.));
#2139 = DIRECTION('',(0.707106781187,0.707106781187,0.));
#2140 = ADVANCED_FACE('',(#2141),#2152,.F.);
#2141 = FACE_BOUND('',#2142,.F.);
#2142 = EDGE_LOOP('',(#2143,#2144,#2145,#2151));
#2143 = ORIENTED_EDGE('',*,*,#2112,.T.);
#2144 = ORIENTED_EDGE('',*,*,#1026,.T.);
#2145 = ORIENTED_EDGE('',*,*,#2146,.F.);
#2146 = EDGE_CURVE('',#288,#1027,#2147,.T.);
#2147 = LINE('',#2148,#2149);
#2148 = CARTESIAN_POINT('',(-1.27,-13.716,0.));
#2149 = VECTOR('',#2150,1.);
#2150 = DIRECTION('',(0.,0.,1.));
#2151 = ORIENTED_EDGE('',*,*,#287,.F.);
#2152 = PLANE('',#2153);
#2153 = AXIS2_PLACEMENT_3D('',#2154,#2155,#2156);
#2154 = CARTESIAN_POINT('',(-1.27,-11.684,0.));
#2155 = DIRECTION('',(1.,0.,0.));
#2156 = DIRECTION('',(0.,-1.,0.));
#2157 = ADVANCED_FACE('',(#2158),#2169,.F.);
#2158 = FACE_BOUND('',#2159,.F.);
#2159 = EDGE_LOOP('',(#2160,#2166,#2167,#2168));
#2160 = ORIENTED_EDGE('',*,*,#2161,.T.);
#2161 = EDGE_CURVE('',#464,#1203,#2162,.T.);
#2162 = LINE('',#2163,#2164);
#2163 = CARTESIAN_POINT('',(1.27,-11.684,0.));
#2164 = VECTOR('',#2165,1.);
#2165 = DIRECTION('',(0.,0.,1.));
#2166 = ORIENTED_EDGE('',*,*,#1210,.T.);
#2167 = ORIENTED_EDGE('',*,*,#2127,.F.);
#2168 = ORIENTED_EDGE('',*,*,#471,.F.);
#2169 = PLANE('',#2170);
#2170 = AXIS2_PLACEMENT_3D('',#2171,#2172,#2173);
#2171 = CARTESIAN_POINT('',(1.27,-11.684,0.));
#2172 = DIRECTION('',(-0.707106781187,-0.707106781187,0.));
#2173 = DIRECTION('',(-0.707106781187,0.707106781187,0.));
#2174 = ADVANCED_FACE('',(#2175),#2186,.F.);
#2175 = FACE_BOUND('',#2176,.F.);
#2176 = EDGE_LOOP('',(#2177,#2178,#2179,#2185));
#2177 = ORIENTED_EDGE('',*,*,#2146,.T.);
#2178 = ORIENTED_EDGE('',*,*,#1034,.T.);
#2179 = ORIENTED_EDGE('',*,*,#2180,.F.);
#2180 = EDGE_CURVE('',#296,#1035,#2181,.T.);
#2181 = LINE('',#2182,#2183);
#2182 = CARTESIAN_POINT('',(-1.016,-13.97,0.));
#2183 = VECTOR('',#2184,1.);
#2184 = DIRECTION('',(0.,0.,1.));
#2185 = ORIENTED_EDGE('',*,*,#295,.F.);
#2186 = PLANE('',#2187);
#2187 = AXIS2_PLACEMENT_3D('',#2188,#2189,#2190);
#2188 = CARTESIAN_POINT('',(-1.27,-13.716,0.));
#2189 = DIRECTION('',(0.707106781187,0.707106781187,0.));
#2190 = DIRECTION('',(0.707106781187,-0.707106781187,0.));
#2191 = ADVANCED_FACE('',(#2192),#2203,.F.);
#2192 = FACE_BOUND('',#2193,.F.);
#2193 = EDGE_LOOP('',(#2194,#2200,#2201,#2202));
#2194 = ORIENTED_EDGE('',*,*,#2195,.T.);
#2195 = EDGE_CURVE('',#456,#1195,#2196,.T.);
#2196 = LINE('',#2197,#2198);
#2197 = CARTESIAN_POINT('',(1.27,-13.716,0.));
#2198 = VECTOR('',#2199,1.);
#2199 = DIRECTION('',(0.,0.,1.));
#2200 = ORIENTED_EDGE('',*,*,#1202,.T.);
#2201 = ORIENTED_EDGE('',*,*,#2161,.F.);
#2202 = ORIENTED_EDGE('',*,*,#463,.F.);
#2203 = PLANE('',#2204);
#2204 = AXIS2_PLACEMENT_3D('',#2205,#2206,#2207);
#2205 = CARTESIAN_POINT('',(1.27,-13.716,0.));
#2206 = DIRECTION('',(-1.,0.,0.));
#2207 = DIRECTION('',(0.,1.,0.));
#2208 = ADVANCED_FACE('',(#2209),#2220,.F.);
#2209 = FACE_BOUND('',#2210,.F.);
#2210 = EDGE_LOOP('',(#2211,#2212,#2213,#2219));
#2211 = ORIENTED_EDGE('',*,*,#2180,.T.);
#2212 = ORIENTED_EDGE('',*,*,#1042,.T.);
#2213 = ORIENTED_EDGE('',*,*,#2214,.F.);
#2214 = EDGE_CURVE('',#304,#1043,#2215,.T.);
#2215 = LINE('',#2216,#2217);
#2216 = CARTESIAN_POINT('',(-1.27,-14.224,0.));
#2217 = VECTOR('',#2218,1.);
#2218 = DIRECTION('',(0.,0.,1.));
#2219 = ORIENTED_EDGE('',*,*,#303,.F.);
#2220 = PLANE('',#2221);
#2221 = AXIS2_PLACEMENT_3D('',#2222,#2223,#2224);
#2222 = CARTESIAN_POINT('',(-1.016,-13.97,0.));
#2223 = DIRECTION('',(0.707106781187,-0.707106781187,0.));
#2224 = DIRECTION('',(-0.707106781187,-0.707106781187,0.));
#2225 = ADVANCED_FACE('',(#2226),#2237,.F.);
#2226 = FACE_BOUND('',#2227,.F.);
#2227 = EDGE_LOOP('',(#2228,#2234,#2235,#2236));
#2228 = ORIENTED_EDGE('',*,*,#2229,.T.);
#2229 = EDGE_CURVE('',#448,#1187,#2230,.T.);
#2230 = LINE('',#2231,#2232);
#2231 = CARTESIAN_POINT('',(1.016,-13.97,0.));
#2232 = VECTOR('',#2233,1.);
#2233 = DIRECTION('',(0.,0.,1.));
#2234 = ORIENTED_EDGE('',*,*,#1194,.T.);
#2235 = ORIENTED_EDGE('',*,*,#2195,.F.);
#2236 = ORIENTED_EDGE('',*,*,#455,.F.);
#2237 = PLANE('',#2238);
#2238 = AXIS2_PLACEMENT_3D('',#2239,#2240,#2241);
#2239 = CARTESIAN_POINT('',(1.016,-13.97,0.));
#2240 = DIRECTION('',(-0.707106781187,0.707106781187,0.));
#2241 = DIRECTION('',(0.707106781187,0.707106781187,0.));
#2242 = ADVANCED_FACE('',(#2243),#2254,.F.);
#2243 = FACE_BOUND('',#2244,.F.);
#2244 = EDGE_LOOP('',(#2245,#2246,#2247,#2253));
#2245 = ORIENTED_EDGE('',*,*,#2214,.T.);
#2246 = ORIENTED_EDGE('',*,*,#1050,.T.);
#2247 = ORIENTED_EDGE('',*,*,#2248,.F.);
#2248 = EDGE_CURVE('',#312,#1051,#2249,.T.);
#2249 = LINE('',#2250,#2251);
#2250 = CARTESIAN_POINT('',(-1.27,-16.256,0.));
#2251 = VECTOR('',#2252,1.);
#2252 = DIRECTION('',(0.,0.,1.));
#2253 = ORIENTED_EDGE('',*,*,#311,.F.);
#2254 = PLANE('',#2255);
#2255 = AXIS2_PLACEMENT_3D('',#2256,#2257,#2258);
#2256 = CARTESIAN_POINT('',(-1.27,-14.224,0.));
#2257 = DIRECTION('',(1.,0.,0.));
#2258 = DIRECTION('',(0.,-1.,0.));
#2259 = ADVANCED_FACE('',(#2260),#2271,.F.);
#2260 = FACE_BOUND('',#2261,.F.);
#2261 = EDGE_LOOP('',(#2262,#2268,#2269,#2270));
#2262 = ORIENTED_EDGE('',*,*,#2263,.T.);
#2263 = EDGE_CURVE('',#440,#1179,#2264,.T.);
#2264 = LINE('',#2265,#2266);
#2265 = CARTESIAN_POINT('',(1.27,-14.224,0.));
#2266 = VECTOR('',#2267,1.);
#2267 = DIRECTION('',(0.,0.,1.));
#2268 = ORIENTED_EDGE('',*,*,#1186,.T.);
#2269 = ORIENTED_EDGE('',*,*,#2229,.F.);
#2270 = ORIENTED_EDGE('',*,*,#447,.F.);
#2271 = PLANE('',#2272);
#2272 = AXIS2_PLACEMENT_3D('',#2273,#2274,#2275);
#2273 = CARTESIAN_POINT('',(1.27,-14.224,0.));
#2274 = DIRECTION('',(-0.707106781187,-0.707106781187,0.));
#2275 = DIRECTION('',(-0.707106781187,0.707106781187,0.));
#2276 = ADVANCED_FACE('',(#2277),#2288,.F.);
#2277 = FACE_BOUND('',#2278,.F.);
#2278 = EDGE_LOOP('',(#2279,#2280,#2281,#2287));
#2279 = ORIENTED_EDGE('',*,*,#2248,.T.);
#2280 = ORIENTED_EDGE('',*,*,#1058,.T.);
#2281 = ORIENTED_EDGE('',*,*,#2282,.F.);
#2282 = EDGE_CURVE('',#320,#1059,#2283,.T.);
#2283 = LINE('',#2284,#2285);
#2284 = CARTESIAN_POINT('',(-1.016,-16.51,0.));
#2285 = VECTOR('',#2286,1.);
#2286 = DIRECTION('',(0.,0.,1.));
#2287 = ORIENTED_EDGE('',*,*,#319,.F.);
#2288 = PLANE('',#2289);
#2289 = AXIS2_PLACEMENT_3D('',#2290,#2291,#2292);
#2290 = CARTESIAN_POINT('',(-1.27,-16.256,0.));
#2291 = DIRECTION('',(0.707106781187,0.707106781187,0.));
#2292 = DIRECTION('',(0.707106781187,-0.707106781187,0.));
#2293 = ADVANCED_FACE('',(#2294),#2305,.F.);
#2294 = FACE_BOUND('',#2295,.F.);
#2295 = EDGE_LOOP('',(#2296,#2302,#2303,#2304));
#2296 = ORIENTED_EDGE('',*,*,#2297,.T.);
#2297 = EDGE_CURVE('',#432,#1171,#2298,.T.);
#2298 = LINE('',#2299,#2300);
#2299 = CARTESIAN_POINT('',(1.27,-16.256,0.));
#2300 = VECTOR('',#2301,1.);
#2301 = DIRECTION('',(0.,0.,1.));
#2302 = ORIENTED_EDGE('',*,*,#1178,.T.);
#2303 = ORIENTED_EDGE('',*,*,#2263,.F.);
#2304 = ORIENTED_EDGE('',*,*,#439,.F.);
#2305 = PLANE('',#2306);
#2306 = AXIS2_PLACEMENT_3D('',#2307,#2308,#2309);
#2307 = CARTESIAN_POINT('',(1.27,-16.256,0.));
#2308 = DIRECTION('',(-1.,0.,0.));
#2309 = DIRECTION('',(0.,1.,0.));
#2310 = ADVANCED_FACE('',(#2311),#2322,.F.);
#2311 = FACE_BOUND('',#2312,.F.);
#2312 = EDGE_LOOP('',(#2313,#2314,#2315,#2321));
#2313 = ORIENTED_EDGE('',*,*,#2282,.T.);
#2314 = ORIENTED_EDGE('',*,*,#1066,.T.);
#2315 = ORIENTED_EDGE('',*,*,#2316,.F.);
#2316 = EDGE_CURVE('',#328,#1067,#2317,.T.);
#2317 = LINE('',#2318,#2319);
#2318 = CARTESIAN_POINT('',(-1.27,-16.764,0.));
#2319 = VECTOR('',#2320,1.);
#2320 = DIRECTION('',(0.,0.,1.));
#2321 = ORIENTED_EDGE('',*,*,#327,.F.);
#2322 = PLANE('',#2323);
#2323 = AXIS2_PLACEMENT_3D('',#2324,#2325,#2326);
#2324 = CARTESIAN_POINT('',(-1.016,-16.51,0.));
#2325 = DIRECTION('',(0.707106781187,-0.707106781187,0.));
#2326 = DIRECTION('',(-0.707106781187,-0.707106781187,0.));
#2327 = ADVANCED_FACE('',(#2328),#2339,.F.);
#2328 = FACE_BOUND('',#2329,.F.);
#2329 = EDGE_LOOP('',(#2330,#2336,#2337,#2338));
#2330 = ORIENTED_EDGE('',*,*,#2331,.T.);
#2331 = EDGE_CURVE('',#424,#1163,#2332,.T.);
#2332 = LINE('',#2333,#2334);
#2333 = CARTESIAN_POINT('',(1.016,-16.51,0.));
#2334 = VECTOR('',#2335,1.);
#2335 = DIRECTION('',(0.,0.,1.));
#2336 = ORIENTED_EDGE('',*,*,#1170,.T.);
#2337 = ORIENTED_EDGE('',*,*,#2297,.F.);
#2338 = ORIENTED_EDGE('',*,*,#431,.F.);
#2339 = PLANE('',#2340);
#2340 = AXIS2_PLACEMENT_3D('',#2341,#2342,#2343);
#2341 = CARTESIAN_POINT('',(1.016,-16.51,0.));
#2342 = DIRECTION('',(-0.707106781187,0.707106781187,0.));
#2343 = DIRECTION('',(0.707106781187,0.707106781187,0.));
#2344 = ADVANCED_FACE('',(#2345),#2356,.F.);
#2345 = FACE_BOUND('',#2346,.F.);
#2346 = EDGE_LOOP('',(#2347,#2348,#2349,#2355));
#2347 = ORIENTED_EDGE('',*,*,#2316,.T.);
#2348 = ORIENTED_EDGE('',*,*,#1074,.T.);
#2349 = ORIENTED_EDGE('',*,*,#2350,.F.);
#2350 = EDGE_CURVE('',#336,#1075,#2351,.T.);
#2351 = LINE('',#2352,#2353);
#2352 = CARTESIAN_POINT('',(-1.27,-18.796,0.));
#2353 = VECTOR('',#2354,1.);
#2354 = DIRECTION('',(0.,0.,1.));
#2355 = ORIENTED_EDGE('',*,*,#335,.F.);
#2356 = PLANE('',#2357);
#2357 = AXIS2_PLACEMENT_3D('',#2358,#2359,#2360);
#2358 = CARTESIAN_POINT('',(-1.27,-16.764,0.));
#2359 = DIRECTION('',(1.,0.,0.));
#2360 = DIRECTION('',(0.,-1.,0.));
#2361 = ADVANCED_FACE('',(#2362),#2373,.F.);
#2362 = FACE_BOUND('',#2363,.F.);
#2363 = EDGE_LOOP('',(#2364,#2370,#2371,#2372));
#2364 = ORIENTED_EDGE('',*,*,#2365,.T.);
#2365 = EDGE_CURVE('',#416,#1155,#2366,.T.);
#2366 = LINE('',#2367,#2368);
#2367 = CARTESIAN_POINT('',(1.27,-16.764,0.));
#2368 = VECTOR('',#2369,1.);
#2369 = DIRECTION('',(0.,0.,1.));
#2370 = ORIENTED_EDGE('',*,*,#1162,.T.);
#2371 = ORIENTED_EDGE('',*,*,#2331,.F.);
#2372 = ORIENTED_EDGE('',*,*,#423,.F.);
#2373 = PLANE('',#2374);
#2374 = AXIS2_PLACEMENT_3D('',#2375,#2376,#2377);
#2375 = CARTESIAN_POINT('',(1.27,-16.764,0.));
#2376 = DIRECTION('',(-0.707106781187,-0.707106781187,0.));
#2377 = DIRECTION('',(-0.707106781187,0.707106781187,0.));
#2378 = ADVANCED_FACE('',(#2379),#2390,.F.);
#2379 = FACE_BOUND('',#2380,.F.);
#2380 = EDGE_LOOP('',(#2381,#2382,#2383,#2389));
#2381 = ORIENTED_EDGE('',*,*,#2350,.T.);
#2382 = ORIENTED_EDGE('',*,*,#1082,.T.);
#2383 = ORIENTED_EDGE('',*,*,#2384,.F.);
#2384 = EDGE_CURVE('',#344,#1083,#2385,.T.);
#2385 = LINE('',#2386,#2387);
#2386 = CARTESIAN_POINT('',(-1.016,-19.05,0.));
#2387 = VECTOR('',#2388,1.);
#2388 = DIRECTION('',(0.,0.,1.));
#2389 = ORIENTED_EDGE('',*,*,#343,.F.);
#2390 = PLANE('',#2391);
#2391 = AXIS2_PLACEMENT_3D('',#2392,#2393,#2394);
#2392 = CARTESIAN_POINT('',(-1.27,-18.796,0.));
#2393 = DIRECTION('',(0.707106781187,0.707106781187,0.));
#2394 = DIRECTION('',(0.707106781187,-0.707106781187,0.));
#2395 = ADVANCED_FACE('',(#2396),#2407,.F.);
#2396 = FACE_BOUND('',#2397,.F.);
#2397 = EDGE_LOOP('',(#2398,#2404,#2405,#2406));
#2398 = ORIENTED_EDGE('',*,*,#2399,.T.);
#2399 = EDGE_CURVE('',#408,#1147,#2400,.T.);
#2400 = LINE('',#2401,#2402);
#2401 = CARTESIAN_POINT('',(1.27,-18.796,0.));
#2402 = VECTOR('',#2403,1.);
#2403 = DIRECTION('',(0.,0.,1.));
#2404 = ORIENTED_EDGE('',*,*,#1154,.T.);
#2405 = ORIENTED_EDGE('',*,*,#2365,.F.);
#2406 = ORIENTED_EDGE('',*,*,#415,.F.);
#2407 = PLANE('',#2408);
#2408 = AXIS2_PLACEMENT_3D('',#2409,#2410,#2411);
#2409 = CARTESIAN_POINT('',(1.27,-18.796,0.));
#2410 = DIRECTION('',(-1.,0.,0.));
#2411 = DIRECTION('',(0.,1.,0.));
#2412 = ADVANCED_FACE('',(#2413),#2424,.F.);
#2413 = FACE_BOUND('',#2414,.F.);
#2414 = EDGE_LOOP('',(#2415,#2416,#2417,#2423));
#2415 = ORIENTED_EDGE('',*,*,#2384,.T.);
#2416 = ORIENTED_EDGE('',*,*,#1090,.T.);
#2417 = ORIENTED_EDGE('',*,*,#2418,.F.);
#2418 = EDGE_CURVE('',#352,#1091,#2419,.T.);
#2419 = LINE('',#2420,#2421);
#2420 = CARTESIAN_POINT('',(-1.27,-19.304,0.));
#2421 = VECTOR('',#2422,1.);
#2422 = DIRECTION('',(0.,0.,1.));
#2423 = ORIENTED_EDGE('',*,*,#351,.F.);
#2424 = PLANE('',#2425);
#2425 = AXIS2_PLACEMENT_3D('',#2426,#2427,#2428);
#2426 = CARTESIAN_POINT('',(-1.016,-19.05,0.));
#2427 = DIRECTION('',(0.707106781187,-0.707106781187,0.));
#2428 = DIRECTION('',(-0.707106781187,-0.707106781187,0.));
#2429 = ADVANCED_FACE('',(#2430),#2441,.F.);
#2430 = FACE_BOUND('',#2431,.F.);
#2431 = EDGE_LOOP('',(#2432,#2438,#2439,#2440));
#2432 = ORIENTED_EDGE('',*,*,#2433,.T.);
#2433 = EDGE_CURVE('',#400,#1139,#2434,.T.);
#2434 = LINE('',#2435,#2436);
#2435 = CARTESIAN_POINT('',(1.016,-19.05,0.));
#2436 = VECTOR('',#2437,1.);
#2437 = DIRECTION('',(0.,0.,1.));
#2438 = ORIENTED_EDGE('',*,*,#1146,.T.);
#2439 = ORIENTED_EDGE('',*,*,#2399,.F.);
#2440 = ORIENTED_EDGE('',*,*,#407,.F.);
#2441 = PLANE('',#2442);
#2442 = AXIS2_PLACEMENT_3D('',#2443,#2444,#2445);
#2443 = CARTESIAN_POINT('',(1.016,-19.05,0.));
#2444 = DIRECTION('',(-0.707106781187,0.707106781187,0.));
#2445 = DIRECTION('',(0.707106781187,0.707106781187,0.));
#2446 = ADVANCED_FACE('',(#2447),#2458,.F.);
#2447 = FACE_BOUND('',#2448,.F.);
#2448 = EDGE_LOOP('',(#2449,#2450,#2451,#2457));
#2449 = ORIENTED_EDGE('',*,*,#2418,.T.);
#2450 = ORIENTED_EDGE('',*,*,#1098,.T.);
#2451 = ORIENTED_EDGE('',*,*,#2452,.F.);
#2452 = EDGE_CURVE('',#360,#1099,#2453,.T.);
#2453 = LINE('',#2454,#2455);
#2454 = CARTESIAN_POINT('',(-1.27,-21.336,0.));
#2455 = VECTOR('',#2456,1.);
#2456 = DIRECTION('',(0.,0.,1.));
#2457 = ORIENTED_EDGE('',*,*,#359,.F.);
#2458 = PLANE('',#2459);
#2459 = AXIS2_PLACEMENT_3D('',#2460,#2461,#2462);
#2460 = CARTESIAN_POINT('',(-1.27,-19.304,0.));
#2461 = DIRECTION('',(1.,0.,0.));
#2462 = DIRECTION('',(0.,-1.,0.));
#2463 = ADVANCED_FACE('',(#2464),#2475,.F.);
#2464 = FACE_BOUND('',#2465,.F.);
#2465 = EDGE_LOOP('',(#2466,#2472,#2473,#2474));
#2466 = ORIENTED_EDGE('',*,*,#2467,.T.);
#2467 = EDGE_CURVE('',#392,#1131,#2468,.T.);
#2468 = LINE('',#2469,#2470);
#2469 = CARTESIAN_POINT('',(1.27,-19.304,0.));
#2470 = VECTOR('',#2471,1.);
#2471 = DIRECTION('',(0.,0.,1.));
#2472 = ORIENTED_EDGE('',*,*,#1138,.T.);
#2473 = ORIENTED_EDGE('',*,*,#2433,.F.);
#2474 = ORIENTED_EDGE('',*,*,#399,.F.);
#2475 = PLANE('',#2476);
#2476 = AXIS2_PLACEMENT_3D('',#2477,#2478,#2479);
#2477 = CARTESIAN_POINT('',(1.27,-19.304,0.));
#2478 = DIRECTION('',(-0.707106781187,-0.707106781187,0.));
#2479 = DIRECTION('',(-0.707106781187,0.707106781187,0.));
#2480 = ADVANCED_FACE('',(#2481),#2492,.F.);
#2481 = FACE_BOUND('',#2482,.F.);
#2482 = EDGE_LOOP('',(#2483,#2484,#2485,#2491));
#2483 = ORIENTED_EDGE('',*,*,#2452,.T.);
#2484 = ORIENTED_EDGE('',*,*,#1106,.T.);
#2485 = ORIENTED_EDGE('',*,*,#2486,.F.);
#2486 = EDGE_CURVE('',#368,#1107,#2487,.T.);
#2487 = LINE('',#2488,#2489);
#2488 = CARTESIAN_POINT('',(-1.016,-21.59,0.));
#2489 = VECTOR('',#2490,1.);
#2490 = DIRECTION('',(0.,0.,1.));
#2491 = ORIENTED_EDGE('',*,*,#367,.F.);
#2492 = PLANE('',#2493);
#2493 = AXIS2_PLACEMENT_3D('',#2494,#2495,#2496);
#2494 = CARTESIAN_POINT('',(-1.27,-21.336,0.));
#2495 = DIRECTION('',(0.707106781187,0.707106781187,0.));
#2496 = DIRECTION('',(0.707106781187,-0.707106781187,0.));
#2497 = ADVANCED_FACE('',(#2498),#2509,.F.);
#2498 = FACE_BOUND('',#2499,.F.);
#2499 = EDGE_LOOP('',(#2500,#2506,#2507,#2508));
#2500 = ORIENTED_EDGE('',*,*,#2501,.T.);
#2501 = EDGE_CURVE('',#384,#1123,#2502,.T.);
#2502 = LINE('',#2503,#2504);
#2503 = CARTESIAN_POINT('',(1.27,-21.336,0.));
#2504 = VECTOR('',#2505,1.);
#2505 = DIRECTION('',(0.,0.,1.));
#2506 = ORIENTED_EDGE('',*,*,#1130,.T.);
#2507 = ORIENTED_EDGE('',*,*,#2467,.F.);
#2508 = ORIENTED_EDGE('',*,*,#391,.F.);
#2509 = PLANE('',#2510);
#2510 = AXIS2_PLACEMENT_3D('',#2511,#2512,#2513);
#2511 = CARTESIAN_POINT('',(1.27,-21.336,0.));
#2512 = DIRECTION('',(-1.,0.,0.));
#2513 = DIRECTION('',(0.,1.,0.));
#2514 = ADVANCED_FACE('',(#2515),#2526,.F.);
#2515 = FACE_BOUND('',#2516,.F.);
#2516 = EDGE_LOOP('',(#2517,#2518,#2519,#2525));
#2517 = ORIENTED_EDGE('',*,*,#2486,.T.);
#2518 = ORIENTED_EDGE('',*,*,#1114,.T.);
#2519 = ORIENTED_EDGE('',*,*,#2520,.F.);
#2520 = EDGE_CURVE('',#376,#1115,#2521,.T.);
#2521 = LINE('',#2522,#2523);
#2522 = CARTESIAN_POINT('',(1.016,-21.59,0.));
#2523 = VECTOR('',#2524,1.);
#2524 = DIRECTION('',(0.,0.,1.));
#2525 = ORIENTED_EDGE('',*,*,#375,.F.);
#2526 = PLANE('',#2527);
#2527 = AXIS2_PLACEMENT_3D('',#2528,#2529,#2530);
#2528 = CARTESIAN_POINT('',(-1.016,-21.59,0.));
#2529 = DIRECTION('',(0.,1.,0.));
#2530 = DIRECTION('',(1.,0.,0.));
#2531 = ADVANCED_FACE('',(#2532),#2538,.F.);
#2532 = FACE_BOUND('',#2533,.F.);
#2533 = EDGE_LOOP('',(#2534,#2535,#2536,#2537));
#2534 = ORIENTED_EDGE('',*,*,#2520,.T.);
#2535 = ORIENTED_EDGE('',*,*,#1122,.T.);
#2536 = ORIENTED_EDGE('',*,*,#2501,.F.);
#2537 = ORIENTED_EDGE('',*,*,#383,.F.);
#2538 = PLANE('',#2539);
#2539 = AXIS2_PLACEMENT_3D('',#2540,#2541,#2542);
#2540 = CARTESIAN_POINT('',(1.016,-21.59,0.));
#2541 = DIRECTION('',(-0.707106781187,0.707106781187,0.));
#2542 = DIRECTION('',(0.707106781187,0.707106781187,0.));
#2543 = ADVANCED_FACE('',(#2544),#2569,.T.);
#2544 = FACE_BOUND('',#2545,.T.);
#2545 = EDGE_LOOP('',(#2546,#2554,#2562,#2568));
#2546 = ORIENTED_EDGE('',*,*,#2547,.F.);
#2547 = EDGE_CURVE('',#2548,#601,#2550,.T.);
#2548 = VERTEX_POINT('',#2549);
#2549 = CARTESIAN_POINT('',(0.32,-0.32,-2.84));
#2550 = LINE('',#2551,#2552);
#2551 = CARTESIAN_POINT('',(0.32,-0.32,-3.));
#2552 = VECTOR('',#2553,1.);
#2553 = DIRECTION('',(0.,0.,1.));
#2554 = ORIENTED_EDGE('',*,*,#2555,.T.);
#2555 = EDGE_CURVE('',#2548,#2556,#2558,.T.);
#2556 = VERTEX_POINT('',#2557);
#2557 = CARTESIAN_POINT('',(0.32,0.32,-2.84));
#2558 = LINE('',#2559,#2560);
#2559 = CARTESIAN_POINT('',(0.32,-0.32,-2.84));
#2560 = VECTOR('',#2561,1.);
#2561 = DIRECTION('',(0.,1.,0.));
#2562 = ORIENTED_EDGE('',*,*,#2563,.T.);
#2563 = EDGE_CURVE('',#2556,#603,#2564,.T.);
#2564 = LINE('',#2565,#2566);
#2565 = CARTESIAN_POINT('',(0.32,0.32,-3.));
#2566 = VECTOR('',#2567,1.);
#2567 = DIRECTION('',(0.,0.,1.));
#2568 = ORIENTED_EDGE('',*,*,#600,.F.);
#2569 = PLANE('',#2570);
#2570 = AXIS2_PLACEMENT_3D('',#2571,#2572,#2573);
#2571 = CARTESIAN_POINT('',(0.32,-0.32,-3.));
#2572 = DIRECTION('',(1.,0.,0.));
#2573 = DIRECTION('',(0.,0.,1.));
#2574 = ADVANCED_FACE('',(#2575),#2593,.T.);
#2575 = FACE_BOUND('',#2576,.T.);
#2576 = EDGE_LOOP('',(#2577,#2578,#2586,#2592));
#2577 = ORIENTED_EDGE('',*,*,#2563,.F.);
#2578 = ORIENTED_EDGE('',*,*,#2579,.F.);
#2579 = EDGE_CURVE('',#2580,#2556,#2582,.T.);
#2580 = VERTEX_POINT('',#2581);
#2581 = CARTESIAN_POINT('',(-0.32,0.32,-2.84));
#2582 = LINE('',#2583,#2584);
#2583 = CARTESIAN_POINT('',(-0.32,0.32,-2.84));
#2584 = VECTOR('',#2585,1.);
#2585 = DIRECTION('',(1.,0.,0.));
#2586 = ORIENTED_EDGE('',*,*,#2587,.T.);
#2587 = EDGE_CURVE('',#2580,#619,#2588,.T.);
#2588 = LINE('',#2589,#2590);
#2589 = CARTESIAN_POINT('',(-0.32,0.32,-3.));
#2590 = VECTOR('',#2591,1.);
#2591 = DIRECTION('',(0.,0.,1.));
#2592 = ORIENTED_EDGE('',*,*,#626,.F.);
#2593 = PLANE('',#2594);
#2594 = AXIS2_PLACEMENT_3D('',#2595,#2596,#2597);
#2595 = CARTESIAN_POINT('',(-0.32,0.32,-3.));
#2596 = DIRECTION('',(0.,1.,0.));
#2597 = DIRECTION('',(0.,-0.,1.));
#2598 = ADVANCED_FACE('',(#2599),#2617,.F.);
#2599 = FACE_BOUND('',#2600,.F.);
#2600 = EDGE_LOOP('',(#2601,#2609,#2615,#2616));
#2601 = ORIENTED_EDGE('',*,*,#2602,.F.);
#2602 = EDGE_CURVE('',#2603,#611,#2605,.T.);
#2603 = VERTEX_POINT('',#2604);
#2604 = CARTESIAN_POINT('',(-0.32,-0.32,-2.84));
#2605 = LINE('',#2606,#2607);
#2606 = CARTESIAN_POINT('',(-0.32,-0.32,-3.));
#2607 = VECTOR('',#2608,1.);
#2608 = DIRECTION('',(0.,0.,1.));
#2609 = ORIENTED_EDGE('',*,*,#2610,.T.);
#2610 = EDGE_CURVE('',#2603,#2580,#2611,.T.);
#2611 = LINE('',#2612,#2613);
#2612 = CARTESIAN_POINT('',(-0.32,-0.32,-2.84));
#2613 = VECTOR('',#2614,1.);
#2614 = DIRECTION('',(0.,1.,0.));
#2615 = ORIENTED_EDGE('',*,*,#2587,.T.);
#2616 = ORIENTED_EDGE('',*,*,#618,.F.);
#2617 = PLANE('',#2618);
#2618 = AXIS2_PLACEMENT_3D('',#2619,#2620,#2621);
#2619 = CARTESIAN_POINT('',(-0.32,-0.32,-3.));
#2620 = DIRECTION('',(1.,0.,0.));
#2621 = DIRECTION('',(0.,0.,1.));
#2622 = ADVANCED_FACE('',(#2623),#2634,.F.);
#2623 = FACE_BOUND('',#2624,.F.);
#2624 = EDGE_LOOP('',(#2625,#2626,#2632,#2633));
#2625 = ORIENTED_EDGE('',*,*,#2547,.F.);
#2626 = ORIENTED_EDGE('',*,*,#2627,.F.);
#2627 = EDGE_CURVE('',#2603,#2548,#2628,.T.);
#2628 = LINE('',#2629,#2630);
#2629 = CARTESIAN_POINT('',(-0.32,-0.32,-2.84));
#2630 = VECTOR('',#2631,1.);
#2631 = DIRECTION('',(1.,0.,0.));
#2632 = ORIENTED_EDGE('',*,*,#2602,.T.);
#2633 = ORIENTED_EDGE('',*,*,#610,.F.);
#2634 = PLANE('',#2635);
#2635 = AXIS2_PLACEMENT_3D('',#2636,#2637,#2638);
#2636 = CARTESIAN_POINT('',(-0.32,-0.32,-3.));
#2637 = DIRECTION('',(0.,1.,0.));
#2638 = DIRECTION('',(0.,-0.,1.));
#2639 = ADVANCED_FACE('',(#2640),#2665,.T.);
#2640 = FACE_BOUND('',#2641,.T.);
#2641 = EDGE_LOOP('',(#2642,#2650,#2658,#2664));
#2642 = ORIENTED_EDGE('',*,*,#2643,.F.);
#2643 = EDGE_CURVE('',#2644,#635,#2646,.T.);
#2644 = VERTEX_POINT('',#2645);
#2645 = CARTESIAN_POINT('',(0.32,-2.22,-2.84));
#2646 = LINE('',#2647,#2648);
#2647 = CARTESIAN_POINT('',(0.32,-2.22,-3.));
#2648 = VECTOR('',#2649,1.);
#2649 = DIRECTION('',(0.,0.,1.));
#2650 = ORIENTED_EDGE('',*,*,#2651,.F.);
#2651 = EDGE_CURVE('',#2652,#2644,#2654,.T.);
#2652 = VERTEX_POINT('',#2653);
#2653 = CARTESIAN_POINT('',(-0.32,-2.22,-2.84));
#2654 = LINE('',#2655,#2656);
#2655 = CARTESIAN_POINT('',(-0.32,-2.22,-2.84));
#2656 = VECTOR('',#2657,1.);
#2657 = DIRECTION('',(1.,0.,0.));
#2658 = ORIENTED_EDGE('',*,*,#2659,.T.);
#2659 = EDGE_CURVE('',#2652,#637,#2660,.T.);
#2660 = LINE('',#2661,#2662);
#2661 = CARTESIAN_POINT('',(-0.32,-2.22,-3.));
#2662 = VECTOR('',#2663,1.);
#2663 = DIRECTION('',(0.,0.,1.));
#2664 = ORIENTED_EDGE('',*,*,#634,.F.);
#2665 = PLANE('',#2666);
#2666 = AXIS2_PLACEMENT_3D('',#2667,#2668,#2669);
#2667 = CARTESIAN_POINT('',(-0.32,-2.22,-3.));
#2668 = DIRECTION('',(0.,1.,0.));
#2669 = DIRECTION('',(0.,-0.,1.));
#2670 = ADVANCED_FACE('',(#2671),#2689,.F.);
#2671 = FACE_BOUND('',#2672,.F.);
#2672 = EDGE_LOOP('',(#2673,#2681,#2687,#2688));
#2673 = ORIENTED_EDGE('',*,*,#2674,.F.);
#2674 = EDGE_CURVE('',#2675,#653,#2677,.T.);
#2675 = VERTEX_POINT('',#2676);
#2676 = CARTESIAN_POINT('',(-0.32,-2.86,-2.84));
#2677 = LINE('',#2678,#2679);
#2678 = CARTESIAN_POINT('',(-0.32,-2.86,-3.));
#2679 = VECTOR('',#2680,1.);
#2680 = DIRECTION('',(0.,0.,1.));
#2681 = ORIENTED_EDGE('',*,*,#2682,.T.);
#2682 = EDGE_CURVE('',#2675,#2652,#2683,.T.);
#2683 = LINE('',#2684,#2685);
#2684 = CARTESIAN_POINT('',(-0.32,-2.86,-2.84));
#2685 = VECTOR('',#2686,1.);
#2686 = DIRECTION('',(0.,1.,0.));
#2687 = ORIENTED_EDGE('',*,*,#2659,.T.);
#2688 = ORIENTED_EDGE('',*,*,#660,.F.);
#2689 = PLANE('',#2690);
#2690 = AXIS2_PLACEMENT_3D('',#2691,#2692,#2693);
#2691 = CARTESIAN_POINT('',(-0.32,-2.86,-3.));
#2692 = DIRECTION('',(1.,0.,0.));
#2693 = DIRECTION('',(0.,0.,1.));
#2694 = ADVANCED_FACE('',(#2695),#2713,.F.);
#2695 = FACE_BOUND('',#2696,.F.);
#2696 = EDGE_LOOP('',(#2697,#2705,#2711,#2712));
#2697 = ORIENTED_EDGE('',*,*,#2698,.F.);
#2698 = EDGE_CURVE('',#2699,#645,#2701,.T.);
#2699 = VERTEX_POINT('',#2700);
#2700 = CARTESIAN_POINT('',(0.32,-2.86,-2.84));
#2701 = LINE('',#2702,#2703);
#2702 = CARTESIAN_POINT('',(0.32,-2.86,-3.));
#2703 = VECTOR('',#2704,1.);
#2704 = DIRECTION('',(0.,0.,1.));
#2705 = ORIENTED_EDGE('',*,*,#2706,.F.);
#2706 = EDGE_CURVE('',#2675,#2699,#2707,.T.);
#2707 = LINE('',#2708,#2709);
#2708 = CARTESIAN_POINT('',(-0.32,-2.86,-2.84));
#2709 = VECTOR('',#2710,1.);
#2710 = DIRECTION('',(1.,0.,0.));
#2711 = ORIENTED_EDGE('',*,*,#2674,.T.);
#2712 = ORIENTED_EDGE('',*,*,#652,.F.);
#2713 = PLANE('',#2714);
#2714 = AXIS2_PLACEMENT_3D('',#2715,#2716,#2717);
#2715 = CARTESIAN_POINT('',(-0.32,-2.86,-3.));
#2716 = DIRECTION('',(0.,1.,0.));
#2717 = DIRECTION('',(0.,-0.,1.));
#2718 = ADVANCED_FACE('',(#2719),#2730,.T.);
#2719 = FACE_BOUND('',#2720,.T.);
#2720 = EDGE_LOOP('',(#2721,#2722,#2728,#2729));
#2721 = ORIENTED_EDGE('',*,*,#2698,.F.);
#2722 = ORIENTED_EDGE('',*,*,#2723,.T.);
#2723 = EDGE_CURVE('',#2699,#2644,#2724,.T.);
#2724 = LINE('',#2725,#2726);
#2725 = CARTESIAN_POINT('',(0.32,-2.86,-2.84));
#2726 = VECTOR('',#2727,1.);
#2727 = DIRECTION('',(0.,1.,0.));
#2728 = ORIENTED_EDGE('',*,*,#2643,.T.);
#2729 = ORIENTED_EDGE('',*,*,#644,.F.);
#2730 = PLANE('',#2731);
#2731 = AXIS2_PLACEMENT_3D('',#2732,#2733,#2734);
#2732 = CARTESIAN_POINT('',(0.32,-2.86,-3.));
#2733 = DIRECTION('',(1.,0.,0.));
#2734 = DIRECTION('',(0.,0.,1.));
#2735 = ADVANCED_FACE('',(#2736),#2761,.T.);
#2736 = FACE_BOUND('',#2737,.T.);
#2737 = EDGE_LOOP('',(#2738,#2746,#2754,#2760));
#2738 = ORIENTED_EDGE('',*,*,#2739,.F.);
#2739 = EDGE_CURVE('',#2740,#669,#2742,.T.);
#2740 = VERTEX_POINT('',#2741);
#2741 = CARTESIAN_POINT('',(0.32,-5.4,-2.84));
#2742 = LINE('',#2743,#2744);
#2743 = CARTESIAN_POINT('',(0.32,-5.4,-3.));
#2744 = VECTOR('',#2745,1.);
#2745 = DIRECTION('',(0.,0.,1.));
#2746 = ORIENTED_EDGE('',*,*,#2747,.T.);
#2747 = EDGE_CURVE('',#2740,#2748,#2750,.T.);
#2748 = VERTEX_POINT('',#2749);
#2749 = CARTESIAN_POINT('',(0.32,-4.76,-2.84));
#2750 = LINE('',#2751,#2752);
#2751 = CARTESIAN_POINT('',(0.32,-5.4,-2.84));
#2752 = VECTOR('',#2753,1.);
#2753 = DIRECTION('',(0.,1.,0.));
#2754 = ORIENTED_EDGE('',*,*,#2755,.T.);
#2755 = EDGE_CURVE('',#2748,#671,#2756,.T.);
#2756 = LINE('',#2757,#2758);
#2757 = CARTESIAN_POINT('',(0.32,-4.76,-3.));
#2758 = VECTOR('',#2759,1.);
#2759 = DIRECTION('',(0.,0.,1.));
#2760 = ORIENTED_EDGE('',*,*,#668,.F.);
#2761 = PLANE('',#2762);
#2762 = AXIS2_PLACEMENT_3D('',#2763,#2764,#2765);
#2763 = CARTESIAN_POINT('',(0.32,-5.4,-3.));
#2764 = DIRECTION('',(1.,0.,0.));
#2765 = DIRECTION('',(0.,0.,1.));
#2766 = ADVANCED_FACE('',(#2767),#2785,.T.);
#2767 = FACE_BOUND('',#2768,.T.);
#2768 = EDGE_LOOP('',(#2769,#2770,#2778,#2784));
#2769 = ORIENTED_EDGE('',*,*,#2755,.F.);
#2770 = ORIENTED_EDGE('',*,*,#2771,.F.);
#2771 = EDGE_CURVE('',#2772,#2748,#2774,.T.);
#2772 = VERTEX_POINT('',#2773);
#2773 = CARTESIAN_POINT('',(-0.32,-4.76,-2.84));
#2774 = LINE('',#2775,#2776);
#2775 = CARTESIAN_POINT('',(-0.32,-4.76,-2.84));
#2776 = VECTOR('',#2777,1.);
#2777 = DIRECTION('',(1.,0.,0.));
#2778 = ORIENTED_EDGE('',*,*,#2779,.T.);
#2779 = EDGE_CURVE('',#2772,#687,#2780,.T.);
#2780 = LINE('',#2781,#2782);
#2781 = CARTESIAN_POINT('',(-0.32,-4.76,-3.));
#2782 = VECTOR('',#2783,1.);
#2783 = DIRECTION('',(0.,0.,1.));
#2784 = ORIENTED_EDGE('',*,*,#694,.F.);
#2785 = PLANE('',#2786);
#2786 = AXIS2_PLACEMENT_3D('',#2787,#2788,#2789);
#2787 = CARTESIAN_POINT('',(-0.32,-4.76,-3.));
#2788 = DIRECTION('',(0.,1.,0.));
#2789 = DIRECTION('',(0.,-0.,1.));
#2790 = ADVANCED_FACE('',(#2791),#2809,.F.);
#2791 = FACE_BOUND('',#2792,.F.);
#2792 = EDGE_LOOP('',(#2793,#2801,#2807,#2808));
#2793 = ORIENTED_EDGE('',*,*,#2794,.F.);
#2794 = EDGE_CURVE('',#2795,#679,#2797,.T.);
#2795 = VERTEX_POINT('',#2796);
#2796 = CARTESIAN_POINT('',(-0.32,-5.4,-2.84));
#2797 = LINE('',#2798,#2799);
#2798 = CARTESIAN_POINT('',(-0.32,-5.4,-3.));
#2799 = VECTOR('',#2800,1.);
#2800 = DIRECTION('',(0.,0.,1.));
#2801 = ORIENTED_EDGE('',*,*,#2802,.T.);
#2802 = EDGE_CURVE('',#2795,#2772,#2803,.T.);
#2803 = LINE('',#2804,#2805);
#2804 = CARTESIAN_POINT('',(-0.32,-5.4,-2.84));
#2805 = VECTOR('',#2806,1.);
#2806 = DIRECTION('',(0.,1.,0.));
#2807 = ORIENTED_EDGE('',*,*,#2779,.T.);
#2808 = ORIENTED_EDGE('',*,*,#686,.F.);
#2809 = PLANE('',#2810);
#2810 = AXIS2_PLACEMENT_3D('',#2811,#2812,#2813);
#2811 = CARTESIAN_POINT('',(-0.32,-5.4,-3.));
#2812 = DIRECTION('',(1.,0.,0.));
#2813 = DIRECTION('',(0.,0.,1.));
#2814 = ADVANCED_FACE('',(#2815),#2826,.F.);
#2815 = FACE_BOUND('',#2816,.F.);
#2816 = EDGE_LOOP('',(#2817,#2818,#2824,#2825));
#2817 = ORIENTED_EDGE('',*,*,#2739,.F.);
#2818 = ORIENTED_EDGE('',*,*,#2819,.F.);
#2819 = EDGE_CURVE('',#2795,#2740,#2820,.T.);
#2820 = LINE('',#2821,#2822);
#2821 = CARTESIAN_POINT('',(-0.32,-5.4,-2.84));
#2822 = VECTOR('',#2823,1.);
#2823 = DIRECTION('',(1.,0.,0.));
#2824 = ORIENTED_EDGE('',*,*,#2794,.T.);
#2825 = ORIENTED_EDGE('',*,*,#678,.F.);
#2826 = PLANE('',#2827);
#2827 = AXIS2_PLACEMENT_3D('',#2828,#2829,#2830);
#2828 = CARTESIAN_POINT('',(-0.32,-5.4,-3.));
#2829 = DIRECTION('',(0.,1.,0.));
#2830 = DIRECTION('',(0.,-0.,1.));
#2831 = ADVANCED_FACE('',(#2832),#2857,.T.);
#2832 = FACE_BOUND('',#2833,.T.);
#2833 = EDGE_LOOP('',(#2834,#2842,#2850,#2856));
#2834 = ORIENTED_EDGE('',*,*,#2835,.F.);
#2835 = EDGE_CURVE('',#2836,#703,#2838,.T.);
#2836 = VERTEX_POINT('',#2837);
#2837 = CARTESIAN_POINT('',(0.32,-7.3,-2.84));
#2838 = LINE('',#2839,#2840);
#2839 = CARTESIAN_POINT('',(0.32,-7.3,-3.));
#2840 = VECTOR('',#2841,1.);
#2841 = DIRECTION('',(0.,0.,1.));
#2842 = ORIENTED_EDGE('',*,*,#2843,.F.);
#2843 = EDGE_CURVE('',#2844,#2836,#2846,.T.);
#2844 = VERTEX_POINT('',#2845);
#2845 = CARTESIAN_POINT('',(-0.32,-7.3,-2.84));
#2846 = LINE('',#2847,#2848);
#2847 = CARTESIAN_POINT('',(-0.32,-7.3,-2.84));
#2848 = VECTOR('',#2849,1.);
#2849 = DIRECTION('',(1.,0.,0.));
#2850 = ORIENTED_EDGE('',*,*,#2851,.T.);
#2851 = EDGE_CURVE('',#2844,#705,#2852,.T.);
#2852 = LINE('',#2853,#2854);
#2853 = CARTESIAN_POINT('',(-0.32,-7.3,-3.));
#2854 = VECTOR('',#2855,1.);
#2855 = DIRECTION('',(0.,0.,1.));
#2856 = ORIENTED_EDGE('',*,*,#702,.F.);
#2857 = PLANE('',#2858);
#2858 = AXIS2_PLACEMENT_3D('',#2859,#2860,#2861);
#2859 = CARTESIAN_POINT('',(-0.32,-7.3,-3.));
#2860 = DIRECTION('',(0.,1.,0.));
#2861 = DIRECTION('',(0.,-0.,1.));
#2862 = ADVANCED_FACE('',(#2863),#2881,.F.);
#2863 = FACE_BOUND('',#2864,.F.);
#2864 = EDGE_LOOP('',(#2865,#2873,#2879,#2880));
#2865 = ORIENTED_EDGE('',*,*,#2866,.F.);
#2866 = EDGE_CURVE('',#2867,#721,#2869,.T.);
#2867 = VERTEX_POINT('',#2868);
#2868 = CARTESIAN_POINT('',(-0.32,-7.94,-2.84));
#2869 = LINE('',#2870,#2871);
#2870 = CARTESIAN_POINT('',(-0.32,-7.94,-3.));
#2871 = VECTOR('',#2872,1.);
#2872 = DIRECTION('',(0.,0.,1.));
#2873 = ORIENTED_EDGE('',*,*,#2874,.T.);
#2874 = EDGE_CURVE('',#2867,#2844,#2875,.T.);
#2875 = LINE('',#2876,#2877);
#2876 = CARTESIAN_POINT('',(-0.32,-7.94,-2.84));
#2877 = VECTOR('',#2878,1.);
#2878 = DIRECTION('',(0.,1.,0.));
#2879 = ORIENTED_EDGE('',*,*,#2851,.T.);
#2880 = ORIENTED_EDGE('',*,*,#728,.F.);
#2881 = PLANE('',#2882);
#2882 = AXIS2_PLACEMENT_3D('',#2883,#2884,#2885);
#2883 = CARTESIAN_POINT('',(-0.32,-7.94,-3.));
#2884 = DIRECTION('',(1.,0.,0.));
#2885 = DIRECTION('',(0.,0.,1.));
#2886 = ADVANCED_FACE('',(#2887),#2905,.F.);
#2887 = FACE_BOUND('',#2888,.F.);
#2888 = EDGE_LOOP('',(#2889,#2897,#2903,#2904));
#2889 = ORIENTED_EDGE('',*,*,#2890,.F.);
#2890 = EDGE_CURVE('',#2891,#713,#2893,.T.);
#2891 = VERTEX_POINT('',#2892);
#2892 = CARTESIAN_POINT('',(0.32,-7.94,-2.84));
#2893 = LINE('',#2894,#2895);
#2894 = CARTESIAN_POINT('',(0.32,-7.94,-3.));
#2895 = VECTOR('',#2896,1.);
#2896 = DIRECTION('',(0.,0.,1.));
#2897 = ORIENTED_EDGE('',*,*,#2898,.F.);
#2898 = EDGE_CURVE('',#2867,#2891,#2899,.T.);
#2899 = LINE('',#2900,#2901);
#2900 = CARTESIAN_POINT('',(-0.32,-7.94,-2.84));
#2901 = VECTOR('',#2902,1.);
#2902 = DIRECTION('',(1.,0.,0.));
#2903 = ORIENTED_EDGE('',*,*,#2866,.T.);
#2904 = ORIENTED_EDGE('',*,*,#720,.F.);
#2905 = PLANE('',#2906);
#2906 = AXIS2_PLACEMENT_3D('',#2907,#2908,#2909);
#2907 = CARTESIAN_POINT('',(-0.32,-7.94,-3.));
#2908 = DIRECTION('',(0.,1.,0.));
#2909 = DIRECTION('',(0.,-0.,1.));
#2910 = ADVANCED_FACE('',(#2911),#2922,.T.);
#2911 = FACE_BOUND('',#2912,.T.);
#2912 = EDGE_LOOP('',(#2913,#2914,#2920,#2921));
#2913 = ORIENTED_EDGE('',*,*,#2890,.F.);
#2914 = ORIENTED_EDGE('',*,*,#2915,.T.);
#2915 = EDGE_CURVE('',#2891,#2836,#2916,.T.);
#2916 = LINE('',#2917,#2918);
#2917 = CARTESIAN_POINT('',(0.32,-7.94,-2.84));
#2918 = VECTOR('',#2919,1.);
#2919 = DIRECTION('',(0.,1.,0.));
#2920 = ORIENTED_EDGE('',*,*,#2835,.T.);
#2921 = ORIENTED_EDGE('',*,*,#712,.F.);
#2922 = PLANE('',#2923);
#2923 = AXIS2_PLACEMENT_3D('',#2924,#2925,#2926);
#2924 = CARTESIAN_POINT('',(0.32,-7.94,-3.));
#2925 = DIRECTION('',(1.,0.,0.));
#2926 = DIRECTION('',(0.,0.,1.));
#2927 = ADVANCED_FACE('',(#2928),#2953,.T.);
#2928 = FACE_BOUND('',#2929,.T.);
#2929 = EDGE_LOOP('',(#2930,#2938,#2946,#2952));
#2930 = ORIENTED_EDGE('',*,*,#2931,.F.);
#2931 = EDGE_CURVE('',#2932,#737,#2934,.T.);
#2932 = VERTEX_POINT('',#2933);
#2933 = CARTESIAN_POINT('',(0.32,-15.56,-2.84));
#2934 = LINE('',#2935,#2936);
#2935 = CARTESIAN_POINT('',(0.32,-15.56,-3.));
#2936 = VECTOR('',#2937,1.);
#2937 = DIRECTION('',(0.,0.,1.));
#2938 = ORIENTED_EDGE('',*,*,#2939,.T.);
#2939 = EDGE_CURVE('',#2932,#2940,#2942,.T.);
#2940 = VERTEX_POINT('',#2941);
#2941 = CARTESIAN_POINT('',(0.32,-14.92,-2.84));
#2942 = LINE('',#2943,#2944);
#2943 = CARTESIAN_POINT('',(0.32,-15.56,-2.84));
#2944 = VECTOR('',#2945,1.);
#2945 = DIRECTION('',(0.,1.,0.));
#2946 = ORIENTED_EDGE('',*,*,#2947,.T.);
#2947 = EDGE_CURVE('',#2940,#739,#2948,.T.);
#2948 = LINE('',#2949,#2950);
#2949 = CARTESIAN_POINT('',(0.32,-14.92,-3.));
#2950 = VECTOR('',#2951,1.);
#2951 = DIRECTION('',(0.,0.,1.));
#2952 = ORIENTED_EDGE('',*,*,#736,.F.);
#2953 = PLANE('',#2954);
#2954 = AXIS2_PLACEMENT_3D('',#2955,#2956,#2957);
#2955 = CARTESIAN_POINT('',(0.32,-15.56,-3.));
#2956 = DIRECTION('',(1.,0.,0.));
#2957 = DIRECTION('',(0.,0.,1.));
#2958 = ADVANCED_FACE('',(#2959),#2977,.T.);
#2959 = FACE_BOUND('',#2960,.T.);
#2960 = EDGE_LOOP('',(#2961,#2962,#2970,#2976));
#2961 = ORIENTED_EDGE('',*,*,#2947,.F.);
#2962 = ORIENTED_EDGE('',*,*,#2963,.F.);
#2963 = EDGE_CURVE('',#2964,#2940,#2966,.T.);
#2964 = VERTEX_POINT('',#2965);
#2965 = CARTESIAN_POINT('',(-0.32,-14.92,-2.84));
#2966 = LINE('',#2967,#2968);
#2967 = CARTESIAN_POINT('',(-0.32,-14.92,-2.84));
#2968 = VECTOR('',#2969,1.);
#2969 = DIRECTION('',(1.,0.,0.));
#2970 = ORIENTED_EDGE('',*,*,#2971,.T.);
#2971 = EDGE_CURVE('',#2964,#755,#2972,.T.);
#2972 = LINE('',#2973,#2974);
#2973 = CARTESIAN_POINT('',(-0.32,-14.92,-3.));
#2974 = VECTOR('',#2975,1.);
#2975 = DIRECTION('',(0.,0.,1.));
#2976 = ORIENTED_EDGE('',*,*,#762,.F.);
#2977 = PLANE('',#2978);
#2978 = AXIS2_PLACEMENT_3D('',#2979,#2980,#2981);
#2979 = CARTESIAN_POINT('',(-0.32,-14.92,-3.));
#2980 = DIRECTION('',(0.,1.,0.));
#2981 = DIRECTION('',(0.,-0.,1.));
#2982 = ADVANCED_FACE('',(#2983),#3001,.F.);
#2983 = FACE_BOUND('',#2984,.F.);
#2984 = EDGE_LOOP('',(#2985,#2993,#2999,#3000));
#2985 = ORIENTED_EDGE('',*,*,#2986,.F.);
#2986 = EDGE_CURVE('',#2987,#747,#2989,.T.);
#2987 = VERTEX_POINT('',#2988);
#2988 = CARTESIAN_POINT('',(-0.32,-15.56,-2.84));
#2989 = LINE('',#2990,#2991);
#2990 = CARTESIAN_POINT('',(-0.32,-15.56,-3.));
#2991 = VECTOR('',#2992,1.);
#2992 = DIRECTION('',(0.,0.,1.));
#2993 = ORIENTED_EDGE('',*,*,#2994,.T.);
#2994 = EDGE_CURVE('',#2987,#2964,#2995,.T.);
#2995 = LINE('',#2996,#2997);
#2996 = CARTESIAN_POINT('',(-0.32,-15.56,-2.84));
#2997 = VECTOR('',#2998,1.);
#2998 = DIRECTION('',(0.,1.,0.));
#2999 = ORIENTED_EDGE('',*,*,#2971,.T.);
#3000 = ORIENTED_EDGE('',*,*,#754,.F.);
#3001 = PLANE('',#3002);
#3002 = AXIS2_PLACEMENT_3D('',#3003,#3004,#3005);
#3003 = CARTESIAN_POINT('',(-0.32,-15.56,-3.));
#3004 = DIRECTION('',(1.,0.,0.));
#3005 = DIRECTION('',(0.,0.,1.));
#3006 = ADVANCED_FACE('',(#3007),#3018,.F.);
#3007 = FACE_BOUND('',#3008,.F.);
#3008 = EDGE_LOOP('',(#3009,#3010,#3016,#3017));
#3009 = ORIENTED_EDGE('',*,*,#2931,.F.);
#3010 = ORIENTED_EDGE('',*,*,#3011,.F.);
#3011 = EDGE_CURVE('',#2987,#2932,#3012,.T.);
#3012 = LINE('',#3013,#3014);
#3013 = CARTESIAN_POINT('',(-0.32,-15.56,-2.84));
#3014 = VECTOR('',#3015,1.);
#3015 = DIRECTION('',(1.,0.,0.));
#3016 = ORIENTED_EDGE('',*,*,#2986,.T.);
#3017 = ORIENTED_EDGE('',*,*,#746,.F.);
#3018 = PLANE('',#3019);
#3019 = AXIS2_PLACEMENT_3D('',#3020,#3021,#3022);
#3020 = CARTESIAN_POINT('',(-0.32,-15.56,-3.));
#3021 = DIRECTION('',(0.,1.,0.));
#3022 = DIRECTION('',(0.,-0.,1.));
#3023 = ADVANCED_FACE('',(#3024),#3049,.T.);
#3024 = FACE_BOUND('',#3025,.T.);
#3025 = EDGE_LOOP('',(#3026,#3034,#3042,#3048));
#3026 = ORIENTED_EDGE('',*,*,#3027,.F.);
#3027 = EDGE_CURVE('',#3028,#771,#3030,.T.);
#3028 = VERTEX_POINT('',#3029);
#3029 = CARTESIAN_POINT('',(0.32,-9.84,-2.84));
#3030 = LINE('',#3031,#3032);
#3031 = CARTESIAN_POINT('',(0.32,-9.84,-3.));
#3032 = VECTOR('',#3033,1.);
#3033 = DIRECTION('',(0.,0.,1.));
#3034 = ORIENTED_EDGE('',*,*,#3035,.F.);
#3035 = EDGE_CURVE('',#3036,#3028,#3038,.T.);
#3036 = VERTEX_POINT('',#3037);
#3037 = CARTESIAN_POINT('',(-0.32,-9.84,-2.84));
#3038 = LINE('',#3039,#3040);
#3039 = CARTESIAN_POINT('',(-0.32,-9.84,-2.84));
#3040 = VECTOR('',#3041,1.);
#3041 = DIRECTION('',(1.,0.,0.));
#3042 = ORIENTED_EDGE('',*,*,#3043,.T.);
#3043 = EDGE_CURVE('',#3036,#773,#3044,.T.);
#3044 = LINE('',#3045,#3046);
#3045 = CARTESIAN_POINT('',(-0.32,-9.84,-3.));
#3046 = VECTOR('',#3047,1.);
#3047 = DIRECTION('',(0.,0.,1.));
#3048 = ORIENTED_EDGE('',*,*,#770,.F.);
#3049 = PLANE('',#3050);
#3050 = AXIS2_PLACEMENT_3D('',#3051,#3052,#3053);
#3051 = CARTESIAN_POINT('',(-0.32,-9.84,-3.));
#3052 = DIRECTION('',(0.,1.,0.));
#3053 = DIRECTION('',(0.,-0.,1.));
#3054 = ADVANCED_FACE('',(#3055),#3073,.F.);
#3055 = FACE_BOUND('',#3056,.F.);
#3056 = EDGE_LOOP('',(#3057,#3065,#3071,#3072));
#3057 = ORIENTED_EDGE('',*,*,#3058,.F.);
#3058 = EDGE_CURVE('',#3059,#789,#3061,.T.);
#3059 = VERTEX_POINT('',#3060);
#3060 = CARTESIAN_POINT('',(-0.32,-10.48,-2.84));
#3061 = LINE('',#3062,#3063);
#3062 = CARTESIAN_POINT('',(-0.32,-10.48,-3.));
#3063 = VECTOR('',#3064,1.);
#3064 = DIRECTION('',(0.,0.,1.));
#3065 = ORIENTED_EDGE('',*,*,#3066,.T.);
#3066 = EDGE_CURVE('',#3059,#3036,#3067,.T.);
#3067 = LINE('',#3068,#3069);
#3068 = CARTESIAN_POINT('',(-0.32,-10.48,-2.84));
#3069 = VECTOR('',#3070,1.);
#3070 = DIRECTION('',(0.,1.,0.));
#3071 = ORIENTED_EDGE('',*,*,#3043,.T.);
#3072 = ORIENTED_EDGE('',*,*,#796,.F.);
#3073 = PLANE('',#3074);
#3074 = AXIS2_PLACEMENT_3D('',#3075,#3076,#3077);
#3075 = CARTESIAN_POINT('',(-0.32,-10.48,-3.));
#3076 = DIRECTION('',(1.,0.,0.));
#3077 = DIRECTION('',(0.,0.,1.));
#3078 = ADVANCED_FACE('',(#3079),#3097,.F.);
#3079 = FACE_BOUND('',#3080,.F.);
#3080 = EDGE_LOOP('',(#3081,#3089,#3095,#3096));
#3081 = ORIENTED_EDGE('',*,*,#3082,.F.);
#3082 = EDGE_CURVE('',#3083,#781,#3085,.T.);
#3083 = VERTEX_POINT('',#3084);
#3084 = CARTESIAN_POINT('',(0.32,-10.48,-2.84));
#3085 = LINE('',#3086,#3087);
#3086 = CARTESIAN_POINT('',(0.32,-10.48,-3.));
#3087 = VECTOR('',#3088,1.);
#3088 = DIRECTION('',(0.,0.,1.));
#3089 = ORIENTED_EDGE('',*,*,#3090,.F.);
#3090 = EDGE_CURVE('',#3059,#3083,#3091,.T.);
#3091 = LINE('',#3092,#3093);
#3092 = CARTESIAN_POINT('',(-0.32,-10.48,-2.84));
#3093 = VECTOR('',#3094,1.);
#3094 = DIRECTION('',(1.,0.,0.));
#3095 = ORIENTED_EDGE('',*,*,#3058,.T.);
#3096 = ORIENTED_EDGE('',*,*,#788,.F.);
#3097 = PLANE('',#3098);
#3098 = AXIS2_PLACEMENT_3D('',#3099,#3100,#3101);
#3099 = CARTESIAN_POINT('',(-0.32,-10.48,-3.));
#3100 = DIRECTION('',(0.,1.,0.));
#3101 = DIRECTION('',(0.,-0.,1.));
#3102 = ADVANCED_FACE('',(#3103),#3114,.T.);
#3103 = FACE_BOUND('',#3104,.T.);
#3104 = EDGE_LOOP('',(#3105,#3106,#3112,#3113));
#3105 = ORIENTED_EDGE('',*,*,#3082,.F.);
#3106 = ORIENTED_EDGE('',*,*,#3107,.T.);
#3107 = EDGE_CURVE('',#3083,#3028,#3108,.T.);
#3108 = LINE('',#3109,#3110);
#3109 = CARTESIAN_POINT('',(0.32,-10.48,-2.84));
#3110 = VECTOR('',#3111,1.);
#3111 = DIRECTION('',(0.,1.,0.));
#3112 = ORIENTED_EDGE('',*,*,#3027,.T.);
#3113 = ORIENTED_EDGE('',*,*,#780,.F.);
#3114 = PLANE('',#3115);
#3115 = AXIS2_PLACEMENT_3D('',#3116,#3117,#3118);
#3116 = CARTESIAN_POINT('',(0.32,-10.48,-3.));
#3117 = DIRECTION('',(1.,0.,0.));
#3118 = DIRECTION('',(0.,0.,1.));
#3119 = ADVANCED_FACE('',(#3120),#3145,.F.);
#3120 = FACE_BOUND('',#3121,.F.);
#3121 = EDGE_LOOP('',(#3122,#3130,#3138,#3144));
#3122 = ORIENTED_EDGE('',*,*,#3123,.F.);
#3123 = EDGE_CURVE('',#3124,#805,#3126,.T.);
#3124 = VERTEX_POINT('',#3125);
#3125 = CARTESIAN_POINT('',(0.32,-13.02,-2.84));
#3126 = LINE('',#3127,#3128);
#3127 = CARTESIAN_POINT('',(0.32,-13.02,-3.));
#3128 = VECTOR('',#3129,1.);
#3129 = DIRECTION('',(0.,0.,1.));
#3130 = ORIENTED_EDGE('',*,*,#3131,.F.);
#3131 = EDGE_CURVE('',#3132,#3124,#3134,.T.);
#3132 = VERTEX_POINT('',#3133);
#3133 = CARTESIAN_POINT('',(-0.32,-13.02,-2.84));
#3134 = LINE('',#3135,#3136);
#3135 = CARTESIAN_POINT('',(-0.32,-13.02,-2.84));
#3136 = VECTOR('',#3137,1.);
#3137 = DIRECTION('',(1.,0.,0.));
#3138 = ORIENTED_EDGE('',*,*,#3139,.T.);
#3139 = EDGE_CURVE('',#3132,#807,#3140,.T.);
#3140 = LINE('',#3141,#3142);
#3141 = CARTESIAN_POINT('',(-0.32,-13.02,-3.));
#3142 = VECTOR('',#3143,1.);
#3143 = DIRECTION('',(0.,0.,1.));
#3144 = ORIENTED_EDGE('',*,*,#804,.F.);
#3145 = PLANE('',#3146);
#3146 = AXIS2_PLACEMENT_3D('',#3147,#3148,#3149);
#3147 = CARTESIAN_POINT('',(-0.32,-13.02,-3.));
#3148 = DIRECTION('',(0.,1.,0.));
#3149 = DIRECTION('',(0.,-0.,1.));
#3150 = ADVANCED_FACE('',(#3151),#3169,.T.);
#3151 = FACE_BOUND('',#3152,.T.);
#3152 = EDGE_LOOP('',(#3153,#3154,#3162,#3168));
#3153 = ORIENTED_EDGE('',*,*,#3123,.F.);
#3154 = ORIENTED_EDGE('',*,*,#3155,.T.);
#3155 = EDGE_CURVE('',#3124,#3156,#3158,.T.);
#3156 = VERTEX_POINT('',#3157);
#3157 = CARTESIAN_POINT('',(0.32,-12.38,-2.84));
#3158 = LINE('',#3159,#3160);
#3159 = CARTESIAN_POINT('',(0.32,-13.02,-2.84));
#3160 = VECTOR('',#3161,1.);
#3161 = DIRECTION('',(0.,1.,0.));
#3162 = ORIENTED_EDGE('',*,*,#3163,.T.);
#3163 = EDGE_CURVE('',#3156,#823,#3164,.T.);
#3164 = LINE('',#3165,#3166);
#3165 = CARTESIAN_POINT('',(0.32,-12.38,-3.));
#3166 = VECTOR('',#3167,1.);
#3167 = DIRECTION('',(0.,0.,1.));
#3168 = ORIENTED_EDGE('',*,*,#830,.F.);
#3169 = PLANE('',#3170);
#3170 = AXIS2_PLACEMENT_3D('',#3171,#3172,#3173);
#3171 = CARTESIAN_POINT('',(0.32,-13.02,-3.));
#3172 = DIRECTION('',(1.,0.,0.));
#3173 = DIRECTION('',(0.,0.,1.));
#3174 = ADVANCED_FACE('',(#3175),#3193,.T.);
#3175 = FACE_BOUND('',#3176,.T.);
#3176 = EDGE_LOOP('',(#3177,#3178,#3186,#3192));
#3177 = ORIENTED_EDGE('',*,*,#3163,.F.);
#3178 = ORIENTED_EDGE('',*,*,#3179,.F.);
#3179 = EDGE_CURVE('',#3180,#3156,#3182,.T.);
#3180 = VERTEX_POINT('',#3181);
#3181 = CARTESIAN_POINT('',(-0.32,-12.38,-2.84));
#3182 = LINE('',#3183,#3184);
#3183 = CARTESIAN_POINT('',(-0.32,-12.38,-2.84));
#3184 = VECTOR('',#3185,1.);
#3185 = DIRECTION('',(1.,0.,0.));
#3186 = ORIENTED_EDGE('',*,*,#3187,.T.);
#3187 = EDGE_CURVE('',#3180,#815,#3188,.T.);
#3188 = LINE('',#3189,#3190);
#3189 = CARTESIAN_POINT('',(-0.32,-12.38,-3.));
#3190 = VECTOR('',#3191,1.);
#3191 = DIRECTION('',(0.,0.,1.));
#3192 = ORIENTED_EDGE('',*,*,#822,.F.);
#3193 = PLANE('',#3194);
#3194 = AXIS2_PLACEMENT_3D('',#3195,#3196,#3197);
#3195 = CARTESIAN_POINT('',(-0.32,-12.38,-3.));
#3196 = DIRECTION('',(0.,1.,0.));
#3197 = DIRECTION('',(0.,-0.,1.));
#3198 = ADVANCED_FACE('',(#3199),#3210,.F.);
#3199 = FACE_BOUND('',#3200,.F.);
#3200 = EDGE_LOOP('',(#3201,#3202,#3208,#3209));
#3201 = ORIENTED_EDGE('',*,*,#3139,.F.);
#3202 = ORIENTED_EDGE('',*,*,#3203,.T.);
#3203 = EDGE_CURVE('',#3132,#3180,#3204,.T.);
#3204 = LINE('',#3205,#3206);
#3205 = CARTESIAN_POINT('',(-0.32,-13.02,-2.84));
#3206 = VECTOR('',#3207,1.);
#3207 = DIRECTION('',(0.,1.,0.));
#3208 = ORIENTED_EDGE('',*,*,#3187,.T.);
#3209 = ORIENTED_EDGE('',*,*,#814,.F.);
#3210 = PLANE('',#3211);
#3211 = AXIS2_PLACEMENT_3D('',#3212,#3213,#3214);
#3212 = CARTESIAN_POINT('',(-0.32,-13.02,-3.));
#3213 = DIRECTION('',(1.,0.,0.));
#3214 = DIRECTION('',(0.,0.,1.));
#3215 = ADVANCED_FACE('',(#3216),#3241,.T.);
#3216 = FACE_BOUND('',#3217,.T.);
#3217 = EDGE_LOOP('',(#3218,#3226,#3234,#3240));
#3218 = ORIENTED_EDGE('',*,*,#3219,.F.);
#3219 = EDGE_CURVE('',#3220,#839,#3222,.T.);
#3220 = VERTEX_POINT('',#3221);
#3221 = CARTESIAN_POINT('',(0.32,-20.64,-2.84));
#3222 = LINE('',#3223,#3224);
#3223 = CARTESIAN_POINT('',(0.32,-20.64,-3.));
#3224 = VECTOR('',#3225,1.);
#3225 = DIRECTION('',(0.,0.,1.));
#3226 = ORIENTED_EDGE('',*,*,#3227,.T.);
#3227 = EDGE_CURVE('',#3220,#3228,#3230,.T.);
#3228 = VERTEX_POINT('',#3229);
#3229 = CARTESIAN_POINT('',(0.32,-20.,-2.84));
#3230 = LINE('',#3231,#3232);
#3231 = CARTESIAN_POINT('',(0.32,-20.64,-2.84));
#3232 = VECTOR('',#3233,1.);
#3233 = DIRECTION('',(0.,1.,0.));
#3234 = ORIENTED_EDGE('',*,*,#3235,.T.);
#3235 = EDGE_CURVE('',#3228,#841,#3236,.T.);
#3236 = LINE('',#3237,#3238);
#3237 = CARTESIAN_POINT('',(0.32,-20.,-3.));
#3238 = VECTOR('',#3239,1.);
#3239 = DIRECTION('',(0.,0.,1.));
#3240 = ORIENTED_EDGE('',*,*,#838,.F.);
#3241 = PLANE('',#3242);
#3242 = AXIS2_PLACEMENT_3D('',#3243,#3244,#3245);
#3243 = CARTESIAN_POINT('',(0.32,-20.64,-3.));
#3244 = DIRECTION('',(1.,0.,0.));
#3245 = DIRECTION('',(0.,0.,1.));
#3246 = ADVANCED_FACE('',(#3247),#3265,.T.);
#3247 = FACE_BOUND('',#3248,.T.);
#3248 = EDGE_LOOP('',(#3249,#3250,#3258,#3264));
#3249 = ORIENTED_EDGE('',*,*,#3235,.F.);
#3250 = ORIENTED_EDGE('',*,*,#3251,.F.);
#3251 = EDGE_CURVE('',#3252,#3228,#3254,.T.);
#3252 = VERTEX_POINT('',#3253);
#3253 = CARTESIAN_POINT('',(-0.32,-20.,-2.84));
#3254 = LINE('',#3255,#3256);
#3255 = CARTESIAN_POINT('',(-0.32,-20.,-2.84));
#3256 = VECTOR('',#3257,1.);
#3257 = DIRECTION('',(1.,0.,0.));
#3258 = ORIENTED_EDGE('',*,*,#3259,.T.);
#3259 = EDGE_CURVE('',#3252,#857,#3260,.T.);
#3260 = LINE('',#3261,#3262);
#3261 = CARTESIAN_POINT('',(-0.32,-20.,-3.));
#3262 = VECTOR('',#3263,1.);
#3263 = DIRECTION('',(0.,0.,1.));
#3264 = ORIENTED_EDGE('',*,*,#864,.F.);
#3265 = PLANE('',#3266);
#3266 = AXIS2_PLACEMENT_3D('',#3267,#3268,#3269);
#3267 = CARTESIAN_POINT('',(-0.32,-20.,-3.));
#3268 = DIRECTION('',(0.,1.,0.));
#3269 = DIRECTION('',(0.,-0.,1.));
#3270 = ADVANCED_FACE('',(#3271),#3289,.F.);
#3271 = FACE_BOUND('',#3272,.F.);
#3272 = EDGE_LOOP('',(#3273,#3281,#3287,#3288));
#3273 = ORIENTED_EDGE('',*,*,#3274,.F.);
#3274 = EDGE_CURVE('',#3275,#849,#3277,.T.);
#3275 = VERTEX_POINT('',#3276);
#3276 = CARTESIAN_POINT('',(-0.32,-20.64,-2.84));
#3277 = LINE('',#3278,#3279);
#3278 = CARTESIAN_POINT('',(-0.32,-20.64,-3.));
#3279 = VECTOR('',#3280,1.);
#3280 = DIRECTION('',(0.,0.,1.));
#3281 = ORIENTED_EDGE('',*,*,#3282,.T.);
#3282 = EDGE_CURVE('',#3275,#3252,#3283,.T.);
#3283 = LINE('',#3284,#3285);
#3284 = CARTESIAN_POINT('',(-0.32,-20.64,-2.84));
#3285 = VECTOR('',#3286,1.);
#3286 = DIRECTION('',(0.,1.,0.));
#3287 = ORIENTED_EDGE('',*,*,#3259,.T.);
#3288 = ORIENTED_EDGE('',*,*,#856,.F.);
#3289 = PLANE('',#3290);
#3290 = AXIS2_PLACEMENT_3D('',#3291,#3292,#3293);
#3291 = CARTESIAN_POINT('',(-0.32,-20.64,-3.));
#3292 = DIRECTION('',(1.,0.,0.));
#3293 = DIRECTION('',(0.,0.,1.));
#3294 = ADVANCED_FACE('',(#3295),#3306,.F.);
#3295 = FACE_BOUND('',#3296,.F.);
#3296 = EDGE_LOOP('',(#3297,#3298,#3304,#3305));
#3297 = ORIENTED_EDGE('',*,*,#3219,.F.);
#3298 = ORIENTED_EDGE('',*,*,#3299,.F.);
#3299 = EDGE_CURVE('',#3275,#3220,#3300,.T.);
#3300 = LINE('',#3301,#3302);
#3301 = CARTESIAN_POINT('',(-0.32,-20.64,-2.84));
#3302 = VECTOR('',#3303,1.);
#3303 = DIRECTION('',(1.,0.,0.));
#3304 = ORIENTED_EDGE('',*,*,#3274,.T.);
#3305 = ORIENTED_EDGE('',*,*,#848,.F.);
#3306 = PLANE('',#3307);
#3307 = AXIS2_PLACEMENT_3D('',#3308,#3309,#3310);
#3308 = CARTESIAN_POINT('',(-0.32,-20.64,-3.));
#3309 = DIRECTION('',(0.,1.,0.));
#3310 = DIRECTION('',(0.,-0.,1.));
#3311 = ADVANCED_FACE('',(#3312),#3337,.T.);
#3312 = FACE_BOUND('',#3313,.T.);
#3313 = EDGE_LOOP('',(#3314,#3322,#3330,#3336));
#3314 = ORIENTED_EDGE('',*,*,#3315,.F.);
#3315 = EDGE_CURVE('',#3316,#873,#3318,.T.);
#3316 = VERTEX_POINT('',#3317);
#3317 = CARTESIAN_POINT('',(0.32,-17.46,-2.84));
#3318 = LINE('',#3319,#3320);
#3319 = CARTESIAN_POINT('',(0.32,-17.46,-3.));
#3320 = VECTOR('',#3321,1.);
#3321 = DIRECTION('',(0.,0.,1.));
#3322 = ORIENTED_EDGE('',*,*,#3323,.F.);
#3323 = EDGE_CURVE('',#3324,#3316,#3326,.T.);
#3324 = VERTEX_POINT('',#3325);
#3325 = CARTESIAN_POINT('',(-0.32,-17.46,-2.84));
#3326 = LINE('',#3327,#3328);
#3327 = CARTESIAN_POINT('',(-0.32,-17.46,-2.84));
#3328 = VECTOR('',#3329,1.);
#3329 = DIRECTION('',(1.,0.,0.));
#3330 = ORIENTED_EDGE('',*,*,#3331,.T.);
#3331 = EDGE_CURVE('',#3324,#875,#3332,.T.);
#3332 = LINE('',#3333,#3334);
#3333 = CARTESIAN_POINT('',(-0.32,-17.46,-3.));
#3334 = VECTOR('',#3335,1.);
#3335 = DIRECTION('',(0.,0.,1.));
#3336 = ORIENTED_EDGE('',*,*,#872,.F.);
#3337 = PLANE('',#3338);
#3338 = AXIS2_PLACEMENT_3D('',#3339,#3340,#3341);
#3339 = CARTESIAN_POINT('',(-0.32,-17.46,-3.));
#3340 = DIRECTION('',(0.,1.,0.));
#3341 = DIRECTION('',(0.,-0.,1.));
#3342 = ADVANCED_FACE('',(#3343),#3361,.F.);
#3343 = FACE_BOUND('',#3344,.F.);
#3344 = EDGE_LOOP('',(#3345,#3353,#3359,#3360));
#3345 = ORIENTED_EDGE('',*,*,#3346,.F.);
#3346 = EDGE_CURVE('',#3347,#891,#3349,.T.);
#3347 = VERTEX_POINT('',#3348);
#3348 = CARTESIAN_POINT('',(-0.32,-18.1,-2.84));
#3349 = LINE('',#3350,#3351);
#3350 = CARTESIAN_POINT('',(-0.32,-18.1,-3.));
#3351 = VECTOR('',#3352,1.);
#3352 = DIRECTION('',(0.,0.,1.));
#3353 = ORIENTED_EDGE('',*,*,#3354,.T.);
#3354 = EDGE_CURVE('',#3347,#3324,#3355,.T.);
#3355 = LINE('',#3356,#3357);
#3356 = CARTESIAN_POINT('',(-0.32,-18.1,-2.84));
#3357 = VECTOR('',#3358,1.);
#3358 = DIRECTION('',(0.,1.,0.));
#3359 = ORIENTED_EDGE('',*,*,#3331,.T.);
#3360 = ORIENTED_EDGE('',*,*,#898,.F.);
#3361 = PLANE('',#3362);
#3362 = AXIS2_PLACEMENT_3D('',#3363,#3364,#3365);
#3363 = CARTESIAN_POINT('',(-0.32,-18.1,-3.));
#3364 = DIRECTION('',(1.,0.,0.));
#3365 = DIRECTION('',(0.,0.,1.));
#3366 = ADVANCED_FACE('',(#3367),#3385,.F.);
#3367 = FACE_BOUND('',#3368,.F.);
#3368 = EDGE_LOOP('',(#3369,#3377,#3383,#3384));
#3369 = ORIENTED_EDGE('',*,*,#3370,.F.);
#3370 = EDGE_CURVE('',#3371,#883,#3373,.T.);
#3371 = VERTEX_POINT('',#3372);
#3372 = CARTESIAN_POINT('',(0.32,-18.1,-2.84));
#3373 = LINE('',#3374,#3375);
#3374 = CARTESIAN_POINT('',(0.32,-18.1,-3.));
#3375 = VECTOR('',#3376,1.);
#3376 = DIRECTION('',(0.,0.,1.));
#3377 = ORIENTED_EDGE('',*,*,#3378,.F.);
#3378 = EDGE_CURVE('',#3347,#3371,#3379,.T.);
#3379 = LINE('',#3380,#3381);
#3380 = CARTESIAN_POINT('',(-0.32,-18.1,-2.84));
#3381 = VECTOR('',#3382,1.);
#3382 = DIRECTION('',(1.,0.,0.));
#3383 = ORIENTED_EDGE('',*,*,#3346,.T.);
#3384 = ORIENTED_EDGE('',*,*,#890,.F.);
#3385 = PLANE('',#3386);
#3386 = AXIS2_PLACEMENT_3D('',#3387,#3388,#3389);
#3387 = CARTESIAN_POINT('',(-0.32,-18.1,-3.));
#3388 = DIRECTION('',(0.,1.,0.));
#3389 = DIRECTION('',(0.,-0.,1.));
#3390 = ADVANCED_FACE('',(#3391),#3402,.T.);
#3391 = FACE_BOUND('',#3392,.T.);
#3392 = EDGE_LOOP('',(#3393,#3394,#3400,#3401));
#3393 = ORIENTED_EDGE('',*,*,#3370,.F.);
#3394 = ORIENTED_EDGE('',*,*,#3395,.T.);
#3395 = EDGE_CURVE('',#3371,#3316,#3396,.T.);
#3396 = LINE('',#3397,#3398);
#3397 = CARTESIAN_POINT('',(0.32,-18.1,-2.84));
#3398 = VECTOR('',#3399,1.);
#3399 = DIRECTION('',(0.,1.,0.));
#3400 = ORIENTED_EDGE('',*,*,#3315,.T.);
#3401 = ORIENTED_EDGE('',*,*,#882,.F.);
#3402 = PLANE('',#3403);
#3403 = AXIS2_PLACEMENT_3D('',#3404,#3405,#3406);
#3404 = CARTESIAN_POINT('',(0.32,-18.1,-3.));
#3405 = DIRECTION('',(1.,0.,0.));
#3406 = DIRECTION('',(0.,0.,1.));
#3407 = ADVANCED_FACE('',(#3408),#3433,.T.);
#3408 = FACE_BOUND('',#3409,.T.);
#3409 = EDGE_LOOP('',(#3410,#3418,#3419,#3427));
#3410 = ORIENTED_EDGE('',*,*,#3411,.F.);
#3411 = EDGE_CURVE('',#1340,#3412,#3414,.T.);
#3412 = VERTEX_POINT('',#3413);
#3413 = CARTESIAN_POINT('',(0.32,-0.32,8.38));
#3414 = LINE('',#3415,#3416);
#3415 = CARTESIAN_POINT('',(0.32,-0.32,-3.));
#3416 = VECTOR('',#3417,1.);
#3417 = DIRECTION('',(0.,0.,1.));
#3418 = ORIENTED_EDGE('',*,*,#1339,.T.);
#3419 = ORIENTED_EDGE('',*,*,#3420,.T.);
#3420 = EDGE_CURVE('',#1342,#3421,#3423,.T.);
#3421 = VERTEX_POINT('',#3422);
#3422 = CARTESIAN_POINT('',(0.32,0.32,8.38));
#3423 = LINE('',#3424,#3425);
#3424 = CARTESIAN_POINT('',(0.32,0.32,-3.));
#3425 = VECTOR('',#3426,1.);
#3426 = DIRECTION('',(0.,0.,1.));
#3427 = ORIENTED_EDGE('',*,*,#3428,.F.);
#3428 = EDGE_CURVE('',#3412,#3421,#3429,.T.);
#3429 = LINE('',#3430,#3431);
#3430 = CARTESIAN_POINT('',(0.32,-0.32,8.38));
#3431 = VECTOR('',#3432,1.);
#3432 = DIRECTION('',(0.,1.,0.));
#3433 = PLANE('',#3434);
#3434 = AXIS2_PLACEMENT_3D('',#3435,#3436,#3437);
#3435 = CARTESIAN_POINT('',(0.32,-0.32,-3.));
#3436 = DIRECTION('',(1.,0.,0.));
#3437 = DIRECTION('',(0.,0.,1.));
#3438 = ADVANCED_FACE('',(#3439),#3457,.T.);
#3439 = FACE_BOUND('',#3440,.T.);
#3440 = EDGE_LOOP('',(#3441,#3442,#3443,#3451));
#3441 = ORIENTED_EDGE('',*,*,#3420,.F.);
#3442 = ORIENTED_EDGE('',*,*,#1365,.T.);
#3443 = ORIENTED_EDGE('',*,*,#3444,.T.);
#3444 = EDGE_CURVE('',#1358,#3445,#3447,.T.);
#3445 = VERTEX_POINT('',#3446);
#3446 = CARTESIAN_POINT('',(-0.32,0.32,8.38));
#3447 = LINE('',#3448,#3449);
#3448 = CARTESIAN_POINT('',(-0.32,0.32,-3.));
#3449 = VECTOR('',#3450,1.);
#3450 = DIRECTION('',(0.,0.,1.));
#3451 = ORIENTED_EDGE('',*,*,#3452,.T.);
#3452 = EDGE_CURVE('',#3445,#3421,#3453,.T.);
#3453 = LINE('',#3454,#3455);
#3454 = CARTESIAN_POINT('',(-0.32,0.32,8.38));
#3455 = VECTOR('',#3456,1.);
#3456 = DIRECTION('',(1.,0.,0.));
#3457 = PLANE('',#3458);
#3458 = AXIS2_PLACEMENT_3D('',#3459,#3460,#3461);
#3459 = CARTESIAN_POINT('',(-0.32,0.32,-3.));
#3460 = DIRECTION('',(0.,1.,0.));
#3461 = DIRECTION('',(0.,-0.,1.));
#3462 = ADVANCED_FACE('',(#3463),#3481,.F.);
#3463 = FACE_BOUND('',#3464,.F.);
#3464 = EDGE_LOOP('',(#3465,#3473,#3474,#3475));
#3465 = ORIENTED_EDGE('',*,*,#3466,.F.);
#3466 = EDGE_CURVE('',#1350,#3467,#3469,.T.);
#3467 = VERTEX_POINT('',#3468);
#3468 = CARTESIAN_POINT('',(-0.32,-0.32,8.38));
#3469 = LINE('',#3470,#3471);
#3470 = CARTESIAN_POINT('',(-0.32,-0.32,-3.));
#3471 = VECTOR('',#3472,1.);
#3472 = DIRECTION('',(0.,0.,1.));
#3473 = ORIENTED_EDGE('',*,*,#1357,.T.);
#3474 = ORIENTED_EDGE('',*,*,#3444,.T.);
#3475 = ORIENTED_EDGE('',*,*,#3476,.F.);
#3476 = EDGE_CURVE('',#3467,#3445,#3477,.T.);
#3477 = LINE('',#3478,#3479);
#3478 = CARTESIAN_POINT('',(-0.32,-0.32,8.38));
#3479 = VECTOR('',#3480,1.);
#3480 = DIRECTION('',(0.,1.,0.));
#3481 = PLANE('',#3482);
#3482 = AXIS2_PLACEMENT_3D('',#3483,#3484,#3485);
#3483 = CARTESIAN_POINT('',(-0.32,-0.32,-3.));
#3484 = DIRECTION('',(1.,0.,0.));
#3485 = DIRECTION('',(0.,0.,1.));
#3486 = ADVANCED_FACE('',(#3487),#3498,.F.);
#3487 = FACE_BOUND('',#3488,.F.);
#3488 = EDGE_LOOP('',(#3489,#3490,#3491,#3492));
#3489 = ORIENTED_EDGE('',*,*,#3411,.F.);
#3490 = ORIENTED_EDGE('',*,*,#1349,.T.);
#3491 = ORIENTED_EDGE('',*,*,#3466,.T.);
#3492 = ORIENTED_EDGE('',*,*,#3493,.T.);
#3493 = EDGE_CURVE('',#3467,#3412,#3494,.T.);
#3494 = LINE('',#3495,#3496);
#3495 = CARTESIAN_POINT('',(-0.32,-0.32,8.38));
#3496 = VECTOR('',#3497,1.);
#3497 = DIRECTION('',(1.,0.,0.));
#3498 = PLANE('',#3499);
#3499 = AXIS2_PLACEMENT_3D('',#3500,#3501,#3502);
#3500 = CARTESIAN_POINT('',(-0.32,-0.32,-3.));
#3501 = DIRECTION('',(0.,1.,0.));
#3502 = DIRECTION('',(0.,-0.,1.));
#3503 = ADVANCED_FACE('',(#3504),#3529,.T.);
#3504 = FACE_BOUND('',#3505,.T.);
#3505 = EDGE_LOOP('',(#3506,#3514,#3515,#3523));
#3506 = ORIENTED_EDGE('',*,*,#3507,.F.);
#3507 = EDGE_CURVE('',#1374,#3508,#3510,.T.);
#3508 = VERTEX_POINT('',#3509);
#3509 = CARTESIAN_POINT('',(0.32,-2.22,8.38));
#3510 = LINE('',#3511,#3512);
#3511 = CARTESIAN_POINT('',(0.32,-2.22,-3.));
#3512 = VECTOR('',#3513,1.);
#3513 = DIRECTION('',(0.,0.,1.));
#3514 = ORIENTED_EDGE('',*,*,#1373,.T.);
#3515 = ORIENTED_EDGE('',*,*,#3516,.T.);
#3516 = EDGE_CURVE('',#1376,#3517,#3519,.T.);
#3517 = VERTEX_POINT('',#3518);
#3518 = CARTESIAN_POINT('',(-0.32,-2.22,8.38));
#3519 = LINE('',#3520,#3521);
#3520 = CARTESIAN_POINT('',(-0.32,-2.22,-3.));
#3521 = VECTOR('',#3522,1.);
#3522 = DIRECTION('',(0.,0.,1.));
#3523 = ORIENTED_EDGE('',*,*,#3524,.T.);
#3524 = EDGE_CURVE('',#3517,#3508,#3525,.T.);
#3525 = LINE('',#3526,#3527);
#3526 = CARTESIAN_POINT('',(-0.32,-2.22,8.38));
#3527 = VECTOR('',#3528,1.);
#3528 = DIRECTION('',(1.,0.,0.));
#3529 = PLANE('',#3530);
#3530 = AXIS2_PLACEMENT_3D('',#3531,#3532,#3533);
#3531 = CARTESIAN_POINT('',(-0.32,-2.22,-3.));
#3532 = DIRECTION('',(0.,1.,0.));
#3533 = DIRECTION('',(0.,-0.,1.));
#3534 = ADVANCED_FACE('',(#3535),#3553,.F.);
#3535 = FACE_BOUND('',#3536,.F.);
#3536 = EDGE_LOOP('',(#3537,#3545,#3546,#3547));
#3537 = ORIENTED_EDGE('',*,*,#3538,.F.);
#3538 = EDGE_CURVE('',#1392,#3539,#3541,.T.);
#3539 = VERTEX_POINT('',#3540);
#3540 = CARTESIAN_POINT('',(-0.32,-2.86,8.38));
#3541 = LINE('',#3542,#3543);
#3542 = CARTESIAN_POINT('',(-0.32,-2.86,-3.));
#3543 = VECTOR('',#3544,1.);
#3544 = DIRECTION('',(0.,0.,1.));
#3545 = ORIENTED_EDGE('',*,*,#1399,.T.);
#3546 = ORIENTED_EDGE('',*,*,#3516,.T.);
#3547 = ORIENTED_EDGE('',*,*,#3548,.F.);
#3548 = EDGE_CURVE('',#3539,#3517,#3549,.T.);
#3549 = LINE('',#3550,#3551);
#3550 = CARTESIAN_POINT('',(-0.32,-2.86,8.38));
#3551 = VECTOR('',#3552,1.);
#3552 = DIRECTION('',(0.,1.,0.));
#3553 = PLANE('',#3554);
#3554 = AXIS2_PLACEMENT_3D('',#3555,#3556,#3557);
#3555 = CARTESIAN_POINT('',(-0.32,-2.86,-3.));
#3556 = DIRECTION('',(1.,0.,0.));
#3557 = DIRECTION('',(0.,0.,1.));
#3558 = ADVANCED_FACE('',(#3559),#3577,.F.);
#3559 = FACE_BOUND('',#3560,.F.);
#3560 = EDGE_LOOP('',(#3561,#3569,#3570,#3571));
#3561 = ORIENTED_EDGE('',*,*,#3562,.F.);
#3562 = EDGE_CURVE('',#1384,#3563,#3565,.T.);
#3563 = VERTEX_POINT('',#3564);
#3564 = CARTESIAN_POINT('',(0.32,-2.86,8.38));
#3565 = LINE('',#3566,#3567);
#3566 = CARTESIAN_POINT('',(0.32,-2.86,-3.));
#3567 = VECTOR('',#3568,1.);
#3568 = DIRECTION('',(0.,0.,1.));
#3569 = ORIENTED_EDGE('',*,*,#1391,.T.);
#3570 = ORIENTED_EDGE('',*,*,#3538,.T.);
#3571 = ORIENTED_EDGE('',*,*,#3572,.T.);
#3572 = EDGE_CURVE('',#3539,#3563,#3573,.T.);
#3573 = LINE('',#3574,#3575);
#3574 = CARTESIAN_POINT('',(-0.32,-2.86,8.38));
#3575 = VECTOR('',#3576,1.);
#3576 = DIRECTION('',(1.,0.,0.));
#3577 = PLANE('',#3578);
#3578 = AXIS2_PLACEMENT_3D('',#3579,#3580,#3581);
#3579 = CARTESIAN_POINT('',(-0.32,-2.86,-3.));
#3580 = DIRECTION('',(0.,1.,0.));
#3581 = DIRECTION('',(0.,-0.,1.));
#3582 = ADVANCED_FACE('',(#3583),#3594,.T.);
#3583 = FACE_BOUND('',#3584,.T.);
#3584 = EDGE_LOOP('',(#3585,#3586,#3587,#3588));
#3585 = ORIENTED_EDGE('',*,*,#3562,.F.);
#3586 = ORIENTED_EDGE('',*,*,#1383,.T.);
#3587 = ORIENTED_EDGE('',*,*,#3507,.T.);
#3588 = ORIENTED_EDGE('',*,*,#3589,.F.);
#3589 = EDGE_CURVE('',#3563,#3508,#3590,.T.);
#3590 = LINE('',#3591,#3592);
#3591 = CARTESIAN_POINT('',(0.32,-2.86,8.38));
#3592 = VECTOR('',#3593,1.);
#3593 = DIRECTION('',(0.,1.,0.));
#3594 = PLANE('',#3595);
#3595 = AXIS2_PLACEMENT_3D('',#3596,#3597,#3598);
#3596 = CARTESIAN_POINT('',(0.32,-2.86,-3.));
#3597 = DIRECTION('',(1.,0.,0.));
#3598 = DIRECTION('',(0.,0.,1.));
#3599 = ADVANCED_FACE('',(#3600),#3625,.T.);
#3600 = FACE_BOUND('',#3601,.T.);
#3601 = EDGE_LOOP('',(#3602,#3610,#3611,#3619));
#3602 = ORIENTED_EDGE('',*,*,#3603,.F.);
#3603 = EDGE_CURVE('',#1408,#3604,#3606,.T.);
#3604 = VERTEX_POINT('',#3605);
#3605 = CARTESIAN_POINT('',(0.32,-5.4,8.38));
#3606 = LINE('',#3607,#3608);
#3607 = CARTESIAN_POINT('',(0.32,-5.4,-3.));
#3608 = VECTOR('',#3609,1.);
#3609 = DIRECTION('',(0.,0.,1.));
#3610 = ORIENTED_EDGE('',*,*,#1407,.T.);
#3611 = ORIENTED_EDGE('',*,*,#3612,.T.);
#3612 = EDGE_CURVE('',#1410,#3613,#3615,.T.);
#3613 = VERTEX_POINT('',#3614);
#3614 = CARTESIAN_POINT('',(0.32,-4.76,8.38));
#3615 = LINE('',#3616,#3617);
#3616 = CARTESIAN_POINT('',(0.32,-4.76,-3.));
#3617 = VECTOR('',#3618,1.);
#3618 = DIRECTION('',(0.,0.,1.));
#3619 = ORIENTED_EDGE('',*,*,#3620,.F.);
#3620 = EDGE_CURVE('',#3604,#3613,#3621,.T.);
#3621 = LINE('',#3622,#3623);
#3622 = CARTESIAN_POINT('',(0.32,-5.4,8.38));
#3623 = VECTOR('',#3624,1.);
#3624 = DIRECTION('',(0.,1.,0.));
#3625 = PLANE('',#3626);
#3626 = AXIS2_PLACEMENT_3D('',#3627,#3628,#3629);
#3627 = CARTESIAN_POINT('',(0.32,-5.4,-3.));
#3628 = DIRECTION('',(1.,0.,0.));
#3629 = DIRECTION('',(0.,0.,1.));
#3630 = ADVANCED_FACE('',(#3631),#3649,.T.);
#3631 = FACE_BOUND('',#3632,.T.);
#3632 = EDGE_LOOP('',(#3633,#3634,#3635,#3643));
#3633 = ORIENTED_EDGE('',*,*,#3612,.F.);
#3634 = ORIENTED_EDGE('',*,*,#1433,.T.);
#3635 = ORIENTED_EDGE('',*,*,#3636,.T.);
#3636 = EDGE_CURVE('',#1426,#3637,#3639,.T.);
#3637 = VERTEX_POINT('',#3638);
#3638 = CARTESIAN_POINT('',(-0.32,-4.76,8.38));
#3639 = LINE('',#3640,#3641);
#3640 = CARTESIAN_POINT('',(-0.32,-4.76,-3.));
#3641 = VECTOR('',#3642,1.);
#3642 = DIRECTION('',(0.,0.,1.));
#3643 = ORIENTED_EDGE('',*,*,#3644,.T.);
#3644 = EDGE_CURVE('',#3637,#3613,#3645,.T.);
#3645 = LINE('',#3646,#3647);
#3646 = CARTESIAN_POINT('',(-0.32,-4.76,8.38));
#3647 = VECTOR('',#3648,1.);
#3648 = DIRECTION('',(1.,0.,0.));
#3649 = PLANE('',#3650);
#3650 = AXIS2_PLACEMENT_3D('',#3651,#3652,#3653);
#3651 = CARTESIAN_POINT('',(-0.32,-4.76,-3.));
#3652 = DIRECTION('',(0.,1.,0.));
#3653 = DIRECTION('',(0.,-0.,1.));
#3654 = ADVANCED_FACE('',(#3655),#3673,.F.);
#3655 = FACE_BOUND('',#3656,.F.);
#3656 = EDGE_LOOP('',(#3657,#3665,#3666,#3667));
#3657 = ORIENTED_EDGE('',*,*,#3658,.F.);
#3658 = EDGE_CURVE('',#1418,#3659,#3661,.T.);
#3659 = VERTEX_POINT('',#3660);
#3660 = CARTESIAN_POINT('',(-0.32,-5.4,8.38));
#3661 = LINE('',#3662,#3663);
#3662 = CARTESIAN_POINT('',(-0.32,-5.4,-3.));
#3663 = VECTOR('',#3664,1.);
#3664 = DIRECTION('',(0.,0.,1.));
#3665 = ORIENTED_EDGE('',*,*,#1425,.T.);
#3666 = ORIENTED_EDGE('',*,*,#3636,.T.);
#3667 = ORIENTED_EDGE('',*,*,#3668,.F.);
#3668 = EDGE_CURVE('',#3659,#3637,#3669,.T.);
#3669 = LINE('',#3670,#3671);
#3670 = CARTESIAN_POINT('',(-0.32,-5.4,8.38));
#3671 = VECTOR('',#3672,1.);
#3672 = DIRECTION('',(0.,1.,0.));
#3673 = PLANE('',#3674);
#3674 = AXIS2_PLACEMENT_3D('',#3675,#3676,#3677);
#3675 = CARTESIAN_POINT('',(-0.32,-5.4,-3.));
#3676 = DIRECTION('',(1.,0.,0.));
#3677 = DIRECTION('',(0.,0.,1.));
#3678 = ADVANCED_FACE('',(#3679),#3690,.F.);
#3679 = FACE_BOUND('',#3680,.F.);
#3680 = EDGE_LOOP('',(#3681,#3682,#3683,#3684));
#3681 = ORIENTED_EDGE('',*,*,#3603,.F.);
#3682 = ORIENTED_EDGE('',*,*,#1417,.T.);
#3683 = ORIENTED_EDGE('',*,*,#3658,.T.);
#3684 = ORIENTED_EDGE('',*,*,#3685,.T.);
#3685 = EDGE_CURVE('',#3659,#3604,#3686,.T.);
#3686 = LINE('',#3687,#3688);
#3687 = CARTESIAN_POINT('',(-0.32,-5.4,8.38));
#3688 = VECTOR('',#3689,1.);
#3689 = DIRECTION('',(1.,0.,0.));
#3690 = PLANE('',#3691);
#3691 = AXIS2_PLACEMENT_3D('',#3692,#3693,#3694);
#3692 = CARTESIAN_POINT('',(-0.32,-5.4,-3.));
#3693 = DIRECTION('',(0.,1.,0.));
#3694 = DIRECTION('',(0.,-0.,1.));
#3695 = ADVANCED_FACE('',(#3696),#3721,.T.);
#3696 = FACE_BOUND('',#3697,.T.);
#3697 = EDGE_LOOP('',(#3698,#3706,#3707,#3715));
#3698 = ORIENTED_EDGE('',*,*,#3699,.F.);
#3699 = EDGE_CURVE('',#1442,#3700,#3702,.T.);
#3700 = VERTEX_POINT('',#3701);
#3701 = CARTESIAN_POINT('',(0.32,-7.3,8.38));
#3702 = LINE('',#3703,#3704);
#3703 = CARTESIAN_POINT('',(0.32,-7.3,-3.));
#3704 = VECTOR('',#3705,1.);
#3705 = DIRECTION('',(0.,0.,1.));
#3706 = ORIENTED_EDGE('',*,*,#1441,.T.);
#3707 = ORIENTED_EDGE('',*,*,#3708,.T.);
#3708 = EDGE_CURVE('',#1444,#3709,#3711,.T.);
#3709 = VERTEX_POINT('',#3710);
#3710 = CARTESIAN_POINT('',(-0.32,-7.3,8.38));
#3711 = LINE('',#3712,#3713);
#3712 = CARTESIAN_POINT('',(-0.32,-7.3,-3.));
#3713 = VECTOR('',#3714,1.);
#3714 = DIRECTION('',(0.,0.,1.));
#3715 = ORIENTED_EDGE('',*,*,#3716,.T.);
#3716 = EDGE_CURVE('',#3709,#3700,#3717,.T.);
#3717 = LINE('',#3718,#3719);
#3718 = CARTESIAN_POINT('',(-0.32,-7.3,8.38));
#3719 = VECTOR('',#3720,1.);
#3720 = DIRECTION('',(1.,0.,0.));
#3721 = PLANE('',#3722);
#3722 = AXIS2_PLACEMENT_3D('',#3723,#3724,#3725);
#3723 = CARTESIAN_POINT('',(-0.32,-7.3,-3.));
#3724 = DIRECTION('',(0.,1.,0.));
#3725 = DIRECTION('',(0.,-0.,1.));
#3726 = ADVANCED_FACE('',(#3727),#3745,.F.);
#3727 = FACE_BOUND('',#3728,.F.);
#3728 = EDGE_LOOP('',(#3729,#3737,#3738,#3739));
#3729 = ORIENTED_EDGE('',*,*,#3730,.F.);
#3730 = EDGE_CURVE('',#1460,#3731,#3733,.T.);
#3731 = VERTEX_POINT('',#3732);
#3732 = CARTESIAN_POINT('',(-0.32,-7.94,8.38));
#3733 = LINE('',#3734,#3735);
#3734 = CARTESIAN_POINT('',(-0.32,-7.94,-3.));
#3735 = VECTOR('',#3736,1.);
#3736 = DIRECTION('',(0.,0.,1.));
#3737 = ORIENTED_EDGE('',*,*,#1467,.T.);
#3738 = ORIENTED_EDGE('',*,*,#3708,.T.);
#3739 = ORIENTED_EDGE('',*,*,#3740,.F.);
#3740 = EDGE_CURVE('',#3731,#3709,#3741,.T.);
#3741 = LINE('',#3742,#3743);
#3742 = CARTESIAN_POINT('',(-0.32,-7.94,8.38));
#3743 = VECTOR('',#3744,1.);
#3744 = DIRECTION('',(0.,1.,0.));
#3745 = PLANE('',#3746);
#3746 = AXIS2_PLACEMENT_3D('',#3747,#3748,#3749);
#3747 = CARTESIAN_POINT('',(-0.32,-7.94,-3.));
#3748 = DIRECTION('',(1.,0.,0.));
#3749 = DIRECTION('',(0.,0.,1.));
#3750 = ADVANCED_FACE('',(#3751),#3769,.F.);
#3751 = FACE_BOUND('',#3752,.F.);
#3752 = EDGE_LOOP('',(#3753,#3761,#3762,#3763));
#3753 = ORIENTED_EDGE('',*,*,#3754,.F.);
#3754 = EDGE_CURVE('',#1452,#3755,#3757,.T.);
#3755 = VERTEX_POINT('',#3756);
#3756 = CARTESIAN_POINT('',(0.32,-7.94,8.38));
#3757 = LINE('',#3758,#3759);
#3758 = CARTESIAN_POINT('',(0.32,-7.94,-3.));
#3759 = VECTOR('',#3760,1.);
#3760 = DIRECTION('',(0.,0.,1.));
#3761 = ORIENTED_EDGE('',*,*,#1459,.T.);
#3762 = ORIENTED_EDGE('',*,*,#3730,.T.);
#3763 = ORIENTED_EDGE('',*,*,#3764,.T.);
#3764 = EDGE_CURVE('',#3731,#3755,#3765,.T.);
#3765 = LINE('',#3766,#3767);
#3766 = CARTESIAN_POINT('',(-0.32,-7.94,8.38));
#3767 = VECTOR('',#3768,1.);
#3768 = DIRECTION('',(1.,0.,0.));
#3769 = PLANE('',#3770);
#3770 = AXIS2_PLACEMENT_3D('',#3771,#3772,#3773);
#3771 = CARTESIAN_POINT('',(-0.32,-7.94,-3.));
#3772 = DIRECTION('',(0.,1.,0.));
#3773 = DIRECTION('',(0.,-0.,1.));
#3774 = ADVANCED_FACE('',(#3775),#3786,.T.);
#3775 = FACE_BOUND('',#3776,.T.);
#3776 = EDGE_LOOP('',(#3777,#3778,#3779,#3780));
#3777 = ORIENTED_EDGE('',*,*,#3754,.F.);
#3778 = ORIENTED_EDGE('',*,*,#1451,.T.);
#3779 = ORIENTED_EDGE('',*,*,#3699,.T.);
#3780 = ORIENTED_EDGE('',*,*,#3781,.F.);
#3781 = EDGE_CURVE('',#3755,#3700,#3782,.T.);
#3782 = LINE('',#3783,#3784);
#3783 = CARTESIAN_POINT('',(0.32,-7.94,8.38));
#3784 = VECTOR('',#3785,1.);
#3785 = DIRECTION('',(0.,1.,0.));
#3786 = PLANE('',#3787);
#3787 = AXIS2_PLACEMENT_3D('',#3788,#3789,#3790);
#3788 = CARTESIAN_POINT('',(0.32,-7.94,-3.));
#3789 = DIRECTION('',(1.,0.,0.));
#3790 = DIRECTION('',(0.,0.,1.));
#3791 = ADVANCED_FACE('',(#3792),#3817,.T.);
#3792 = FACE_BOUND('',#3793,.T.);
#3793 = EDGE_LOOP('',(#3794,#3802,#3803,#3811));
#3794 = ORIENTED_EDGE('',*,*,#3795,.F.);
#3795 = EDGE_CURVE('',#1476,#3796,#3798,.T.);
#3796 = VERTEX_POINT('',#3797);
#3797 = CARTESIAN_POINT('',(0.32,-15.56,8.38));
#3798 = LINE('',#3799,#3800);
#3799 = CARTESIAN_POINT('',(0.32,-15.56,-3.));
#3800 = VECTOR('',#3801,1.);
#3801 = DIRECTION('',(0.,0.,1.));
#3802 = ORIENTED_EDGE('',*,*,#1475,.T.);
#3803 = ORIENTED_EDGE('',*,*,#3804,.T.);
#3804 = EDGE_CURVE('',#1478,#3805,#3807,.T.);
#3805 = VERTEX_POINT('',#3806);
#3806 = CARTESIAN_POINT('',(0.32,-14.92,8.38));
#3807 = LINE('',#3808,#3809);
#3808 = CARTESIAN_POINT('',(0.32,-14.92,-3.));
#3809 = VECTOR('',#3810,1.);
#3810 = DIRECTION('',(0.,0.,1.));
#3811 = ORIENTED_EDGE('',*,*,#3812,.F.);
#3812 = EDGE_CURVE('',#3796,#3805,#3813,.T.);
#3813 = LINE('',#3814,#3815);
#3814 = CARTESIAN_POINT('',(0.32,-15.56,8.38));
#3815 = VECTOR('',#3816,1.);
#3816 = DIRECTION('',(0.,1.,0.));
#3817 = PLANE('',#3818);
#3818 = AXIS2_PLACEMENT_3D('',#3819,#3820,#3821);
#3819 = CARTESIAN_POINT('',(0.32,-15.56,-3.));
#3820 = DIRECTION('',(1.,0.,0.));
#3821 = DIRECTION('',(0.,0.,1.));
#3822 = ADVANCED_FACE('',(#3823),#3841,.T.);
#3823 = FACE_BOUND('',#3824,.T.);
#3824 = EDGE_LOOP('',(#3825,#3826,#3827,#3835));
#3825 = ORIENTED_EDGE('',*,*,#3804,.F.);
#3826 = ORIENTED_EDGE('',*,*,#1501,.T.);
#3827 = ORIENTED_EDGE('',*,*,#3828,.T.);
#3828 = EDGE_CURVE('',#1494,#3829,#3831,.T.);
#3829 = VERTEX_POINT('',#3830);
#3830 = CARTESIAN_POINT('',(-0.32,-14.92,8.38));
#3831 = LINE('',#3832,#3833);
#3832 = CARTESIAN_POINT('',(-0.32,-14.92,-3.));
#3833 = VECTOR('',#3834,1.);
#3834 = DIRECTION('',(0.,0.,1.));
#3835 = ORIENTED_EDGE('',*,*,#3836,.T.);
#3836 = EDGE_CURVE('',#3829,#3805,#3837,.T.);
#3837 = LINE('',#3838,#3839);
#3838 = CARTESIAN_POINT('',(-0.32,-14.92,8.38));
#3839 = VECTOR('',#3840,1.);
#3840 = DIRECTION('',(1.,0.,0.));
#3841 = PLANE('',#3842);
#3842 = AXIS2_PLACEMENT_3D('',#3843,#3844,#3845);
#3843 = CARTESIAN_POINT('',(-0.32,-14.92,-3.));
#3844 = DIRECTION('',(0.,1.,0.));
#3845 = DIRECTION('',(0.,-0.,1.));
#3846 = ADVANCED_FACE('',(#3847),#3865,.F.);
#3847 = FACE_BOUND('',#3848,.F.);
#3848 = EDGE_LOOP('',(#3849,#3857,#3858,#3859));
#3849 = ORIENTED_EDGE('',*,*,#3850,.F.);
#3850 = EDGE_CURVE('',#1486,#3851,#3853,.T.);
#3851 = VERTEX_POINT('',#3852);
#3852 = CARTESIAN_POINT('',(-0.32,-15.56,8.38));
#3853 = LINE('',#3854,#3855);
#3854 = CARTESIAN_POINT('',(-0.32,-15.56,-3.));
#3855 = VECTOR('',#3856,1.);
#3856 = DIRECTION('',(0.,0.,1.));
#3857 = ORIENTED_EDGE('',*,*,#1493,.T.);
#3858 = ORIENTED_EDGE('',*,*,#3828,.T.);
#3859 = ORIENTED_EDGE('',*,*,#3860,.F.);
#3860 = EDGE_CURVE('',#3851,#3829,#3861,.T.);
#3861 = LINE('',#3862,#3863);
#3862 = CARTESIAN_POINT('',(-0.32,-15.56,8.38));
#3863 = VECTOR('',#3864,1.);
#3864 = DIRECTION('',(0.,1.,0.));
#3865 = PLANE('',#3866);
#3866 = AXIS2_PLACEMENT_3D('',#3867,#3868,#3869);
#3867 = CARTESIAN_POINT('',(-0.32,-15.56,-3.));
#3868 = DIRECTION('',(1.,0.,0.));
#3869 = DIRECTION('',(0.,0.,1.));
#3870 = ADVANCED_FACE('',(#3871),#3882,.F.);
#3871 = FACE_BOUND('',#3872,.F.);
#3872 = EDGE_LOOP('',(#3873,#3874,#3875,#3876));
#3873 = ORIENTED_EDGE('',*,*,#3795,.F.);
#3874 = ORIENTED_EDGE('',*,*,#1485,.T.);
#3875 = ORIENTED_EDGE('',*,*,#3850,.T.);
#3876 = ORIENTED_EDGE('',*,*,#3877,.T.);
#3877 = EDGE_CURVE('',#3851,#3796,#3878,.T.);
#3878 = LINE('',#3879,#3880);
#3879 = CARTESIAN_POINT('',(-0.32,-15.56,8.38));
#3880 = VECTOR('',#3881,1.);
#3881 = DIRECTION('',(1.,0.,0.));
#3882 = PLANE('',#3883);
#3883 = AXIS2_PLACEMENT_3D('',#3884,#3885,#3886);
#3884 = CARTESIAN_POINT('',(-0.32,-15.56,-3.));
#3885 = DIRECTION('',(0.,1.,0.));
#3886 = DIRECTION('',(0.,-0.,1.));
#3887 = ADVANCED_FACE('',(#3888),#3913,.T.);
#3888 = FACE_BOUND('',#3889,.T.);
#3889 = EDGE_LOOP('',(#3890,#3898,#3899,#3907));
#3890 = ORIENTED_EDGE('',*,*,#3891,.F.);
#3891 = EDGE_CURVE('',#1510,#3892,#3894,.T.);
#3892 = VERTEX_POINT('',#3893);
#3893 = CARTESIAN_POINT('',(0.32,-9.84,8.38));
#3894 = LINE('',#3895,#3896);
#3895 = CARTESIAN_POINT('',(0.32,-9.84,-3.));
#3896 = VECTOR('',#3897,1.);
#3897 = DIRECTION('',(0.,0.,1.));
#3898 = ORIENTED_EDGE('',*,*,#1509,.T.);
#3899 = ORIENTED_EDGE('',*,*,#3900,.T.);
#3900 = EDGE_CURVE('',#1512,#3901,#3903,.T.);
#3901 = VERTEX_POINT('',#3902);
#3902 = CARTESIAN_POINT('',(-0.32,-9.84,8.38));
#3903 = LINE('',#3904,#3905);
#3904 = CARTESIAN_POINT('',(-0.32,-9.84,-3.));
#3905 = VECTOR('',#3906,1.);
#3906 = DIRECTION('',(0.,0.,1.));
#3907 = ORIENTED_EDGE('',*,*,#3908,.T.);
#3908 = EDGE_CURVE('',#3901,#3892,#3909,.T.);
#3909 = LINE('',#3910,#3911);
#3910 = CARTESIAN_POINT('',(-0.32,-9.84,8.38));
#3911 = VECTOR('',#3912,1.);
#3912 = DIRECTION('',(1.,0.,0.));
#3913 = PLANE('',#3914);
#3914 = AXIS2_PLACEMENT_3D('',#3915,#3916,#3917);
#3915 = CARTESIAN_POINT('',(-0.32,-9.84,-3.));
#3916 = DIRECTION('',(0.,1.,0.));
#3917 = DIRECTION('',(0.,-0.,1.));
#3918 = ADVANCED_FACE('',(#3919),#3937,.F.);
#3919 = FACE_BOUND('',#3920,.F.);
#3920 = EDGE_LOOP('',(#3921,#3929,#3930,#3931));
#3921 = ORIENTED_EDGE('',*,*,#3922,.F.);
#3922 = EDGE_CURVE('',#1528,#3923,#3925,.T.);
#3923 = VERTEX_POINT('',#3924);
#3924 = CARTESIAN_POINT('',(-0.32,-10.48,8.38));
#3925 = LINE('',#3926,#3927);
#3926 = CARTESIAN_POINT('',(-0.32,-10.48,-3.));
#3927 = VECTOR('',#3928,1.);
#3928 = DIRECTION('',(0.,0.,1.));
#3929 = ORIENTED_EDGE('',*,*,#1535,.T.);
#3930 = ORIENTED_EDGE('',*,*,#3900,.T.);
#3931 = ORIENTED_EDGE('',*,*,#3932,.F.);
#3932 = EDGE_CURVE('',#3923,#3901,#3933,.T.);
#3933 = LINE('',#3934,#3935);
#3934 = CARTESIAN_POINT('',(-0.32,-10.48,8.38));
#3935 = VECTOR('',#3936,1.);
#3936 = DIRECTION('',(0.,1.,0.));
#3937 = PLANE('',#3938);
#3938 = AXIS2_PLACEMENT_3D('',#3939,#3940,#3941);
#3939 = CARTESIAN_POINT('',(-0.32,-10.48,-3.));
#3940 = DIRECTION('',(1.,0.,0.));
#3941 = DIRECTION('',(0.,0.,1.));
#3942 = ADVANCED_FACE('',(#3943),#3961,.F.);
#3943 = FACE_BOUND('',#3944,.F.);
#3944 = EDGE_LOOP('',(#3945,#3953,#3954,#3955));
#3945 = ORIENTED_EDGE('',*,*,#3946,.F.);
#3946 = EDGE_CURVE('',#1520,#3947,#3949,.T.);
#3947 = VERTEX_POINT('',#3948);
#3948 = CARTESIAN_POINT('',(0.32,-10.48,8.38));
#3949 = LINE('',#3950,#3951);
#3950 = CARTESIAN_POINT('',(0.32,-10.48,-3.));
#3951 = VECTOR('',#3952,1.);
#3952 = DIRECTION('',(0.,0.,1.));
#3953 = ORIENTED_EDGE('',*,*,#1527,.T.);
#3954 = ORIENTED_EDGE('',*,*,#3922,.T.);
#3955 = ORIENTED_EDGE('',*,*,#3956,.T.);
#3956 = EDGE_CURVE('',#3923,#3947,#3957,.T.);
#3957 = LINE('',#3958,#3959);
#3958 = CARTESIAN_POINT('',(-0.32,-10.48,8.38));
#3959 = VECTOR('',#3960,1.);
#3960 = DIRECTION('',(1.,0.,0.));
#3961 = PLANE('',#3962);
#3962 = AXIS2_PLACEMENT_3D('',#3963,#3964,#3965);
#3963 = CARTESIAN_POINT('',(-0.32,-10.48,-3.));
#3964 = DIRECTION('',(0.,1.,0.));
#3965 = DIRECTION('',(0.,-0.,1.));
#3966 = ADVANCED_FACE('',(#3967),#3978,.T.);
#3967 = FACE_BOUND('',#3968,.T.);
#3968 = EDGE_LOOP('',(#3969,#3970,#3971,#3972));
#3969 = ORIENTED_EDGE('',*,*,#3946,.F.);
#3970 = ORIENTED_EDGE('',*,*,#1519,.T.);
#3971 = ORIENTED_EDGE('',*,*,#3891,.T.);
#3972 = ORIENTED_EDGE('',*,*,#3973,.F.);
#3973 = EDGE_CURVE('',#3947,#3892,#3974,.T.);
#3974 = LINE('',#3975,#3976);
#3975 = CARTESIAN_POINT('',(0.32,-10.48,8.38));
#3976 = VECTOR('',#3977,1.);
#3977 = DIRECTION('',(0.,1.,0.));
#3978 = PLANE('',#3979);
#3979 = AXIS2_PLACEMENT_3D('',#3980,#3981,#3982);
#3980 = CARTESIAN_POINT('',(0.32,-10.48,-3.));
#3981 = DIRECTION('',(1.,0.,0.));
#3982 = DIRECTION('',(0.,0.,1.));
#3983 = ADVANCED_FACE('',(#3984),#4009,.F.);
#3984 = FACE_BOUND('',#3985,.F.);
#3985 = EDGE_LOOP('',(#3986,#3994,#3995,#4003));
#3986 = ORIENTED_EDGE('',*,*,#3987,.F.);
#3987 = EDGE_CURVE('',#1544,#3988,#3990,.T.);
#3988 = VERTEX_POINT('',#3989);
#3989 = CARTESIAN_POINT('',(0.32,-13.02,8.38));
#3990 = LINE('',#3991,#3992);
#3991 = CARTESIAN_POINT('',(0.32,-13.02,-3.));
#3992 = VECTOR('',#3993,1.);
#3993 = DIRECTION('',(0.,0.,1.));
#3994 = ORIENTED_EDGE('',*,*,#1543,.T.);
#3995 = ORIENTED_EDGE('',*,*,#3996,.T.);
#3996 = EDGE_CURVE('',#1546,#3997,#3999,.T.);
#3997 = VERTEX_POINT('',#3998);
#3998 = CARTESIAN_POINT('',(-0.32,-13.02,8.38));
#3999 = LINE('',#4000,#4001);
#4000 = CARTESIAN_POINT('',(-0.32,-13.02,-3.));
#4001 = VECTOR('',#4002,1.);
#4002 = DIRECTION('',(0.,0.,1.));
#4003 = ORIENTED_EDGE('',*,*,#4004,.T.);
#4004 = EDGE_CURVE('',#3997,#3988,#4005,.T.);
#4005 = LINE('',#4006,#4007);
#4006 = CARTESIAN_POINT('',(-0.32,-13.02,8.38));
#4007 = VECTOR('',#4008,1.);
#4008 = DIRECTION('',(1.,0.,0.));
#4009 = PLANE('',#4010);
#4010 = AXIS2_PLACEMENT_3D('',#4011,#4012,#4013);
#4011 = CARTESIAN_POINT('',(-0.32,-13.02,-3.));
#4012 = DIRECTION('',(0.,1.,0.));
#4013 = DIRECTION('',(0.,-0.,1.));
#4014 = ADVANCED_FACE('',(#4015),#4033,.T.);
#4015 = FACE_BOUND('',#4016,.T.);
#4016 = EDGE_LOOP('',(#4017,#4018,#4019,#4027));
#4017 = ORIENTED_EDGE('',*,*,#3987,.F.);
#4018 = ORIENTED_EDGE('',*,*,#1569,.T.);
#4019 = ORIENTED_EDGE('',*,*,#4020,.T.);
#4020 = EDGE_CURVE('',#1562,#4021,#4023,.T.);
#4021 = VERTEX_POINT('',#4022);
#4022 = CARTESIAN_POINT('',(0.32,-12.38,8.38));
#4023 = LINE('',#4024,#4025);
#4024 = CARTESIAN_POINT('',(0.32,-12.38,-3.));
#4025 = VECTOR('',#4026,1.);
#4026 = DIRECTION('',(0.,0.,1.));
#4027 = ORIENTED_EDGE('',*,*,#4028,.F.);
#4028 = EDGE_CURVE('',#3988,#4021,#4029,.T.);
#4029 = LINE('',#4030,#4031);
#4030 = CARTESIAN_POINT('',(0.32,-13.02,8.38));
#4031 = VECTOR('',#4032,1.);
#4032 = DIRECTION('',(0.,1.,0.));
#4033 = PLANE('',#4034);
#4034 = AXIS2_PLACEMENT_3D('',#4035,#4036,#4037);
#4035 = CARTESIAN_POINT('',(0.32,-13.02,-3.));
#4036 = DIRECTION('',(1.,0.,0.));
#4037 = DIRECTION('',(0.,0.,1.));
#4038 = ADVANCED_FACE('',(#4039),#4057,.T.);
#4039 = FACE_BOUND('',#4040,.T.);
#4040 = EDGE_LOOP('',(#4041,#4042,#4043,#4051));
#4041 = ORIENTED_EDGE('',*,*,#4020,.F.);
#4042 = ORIENTED_EDGE('',*,*,#1561,.T.);
#4043 = ORIENTED_EDGE('',*,*,#4044,.T.);
#4044 = EDGE_CURVE('',#1554,#4045,#4047,.T.);
#4045 = VERTEX_POINT('',#4046);
#4046 = CARTESIAN_POINT('',(-0.32,-12.38,8.38));
#4047 = LINE('',#4048,#4049);
#4048 = CARTESIAN_POINT('',(-0.32,-12.38,-3.));
#4049 = VECTOR('',#4050,1.);
#4050 = DIRECTION('',(0.,0.,1.));
#4051 = ORIENTED_EDGE('',*,*,#4052,.T.);
#4052 = EDGE_CURVE('',#4045,#4021,#4053,.T.);
#4053 = LINE('',#4054,#4055);
#4054 = CARTESIAN_POINT('',(-0.32,-12.38,8.38));
#4055 = VECTOR('',#4056,1.);
#4056 = DIRECTION('',(1.,0.,0.));
#4057 = PLANE('',#4058);
#4058 = AXIS2_PLACEMENT_3D('',#4059,#4060,#4061);
#4059 = CARTESIAN_POINT('',(-0.32,-12.38,-3.));
#4060 = DIRECTION('',(0.,1.,0.));
#4061 = DIRECTION('',(0.,-0.,1.));
#4062 = ADVANCED_FACE('',(#4063),#4074,.F.);
#4063 = FACE_BOUND('',#4064,.F.);
#4064 = EDGE_LOOP('',(#4065,#4066,#4067,#4068));
#4065 = ORIENTED_EDGE('',*,*,#3996,.F.);
#4066 = ORIENTED_EDGE('',*,*,#1553,.T.);
#4067 = ORIENTED_EDGE('',*,*,#4044,.T.);
#4068 = ORIENTED_EDGE('',*,*,#4069,.F.);
#4069 = EDGE_CURVE('',#3997,#4045,#4070,.T.);
#4070 = LINE('',#4071,#4072);
#4071 = CARTESIAN_POINT('',(-0.32,-13.02,8.38));
#4072 = VECTOR('',#4073,1.);
#4073 = DIRECTION('',(0.,1.,0.));
#4074 = PLANE('',#4075);
#4075 = AXIS2_PLACEMENT_3D('',#4076,#4077,#4078);
#4076 = CARTESIAN_POINT('',(-0.32,-13.02,-3.));
#4077 = DIRECTION('',(1.,0.,0.));
#4078 = DIRECTION('',(0.,0.,1.));
#4079 = ADVANCED_FACE('',(#4080),#4105,.T.);
#4080 = FACE_BOUND('',#4081,.T.);
#4081 = EDGE_LOOP('',(#4082,#4090,#4091,#4099));
#4082 = ORIENTED_EDGE('',*,*,#4083,.F.);
#4083 = EDGE_CURVE('',#1578,#4084,#4086,.T.);
#4084 = VERTEX_POINT('',#4085);
#4085 = CARTESIAN_POINT('',(0.32,-20.64,8.38));
#4086 = LINE('',#4087,#4088);
#4087 = CARTESIAN_POINT('',(0.32,-20.64,-3.));
#4088 = VECTOR('',#4089,1.);
#4089 = DIRECTION('',(0.,0.,1.));
#4090 = ORIENTED_EDGE('',*,*,#1577,.T.);
#4091 = ORIENTED_EDGE('',*,*,#4092,.T.);
#4092 = EDGE_CURVE('',#1580,#4093,#4095,.T.);
#4093 = VERTEX_POINT('',#4094);
#4094 = CARTESIAN_POINT('',(0.32,-20.,8.38));
#4095 = LINE('',#4096,#4097);
#4096 = CARTESIAN_POINT('',(0.32,-20.,-3.));
#4097 = VECTOR('',#4098,1.);
#4098 = DIRECTION('',(0.,0.,1.));
#4099 = ORIENTED_EDGE('',*,*,#4100,.F.);
#4100 = EDGE_CURVE('',#4084,#4093,#4101,.T.);
#4101 = LINE('',#4102,#4103);
#4102 = CARTESIAN_POINT('',(0.32,-20.64,8.38));
#4103 = VECTOR('',#4104,1.);
#4104 = DIRECTION('',(0.,1.,0.));
#4105 = PLANE('',#4106);
#4106 = AXIS2_PLACEMENT_3D('',#4107,#4108,#4109);
#4107 = CARTESIAN_POINT('',(0.32,-20.64,-3.));
#4108 = DIRECTION('',(1.,0.,0.));
#4109 = DIRECTION('',(0.,0.,1.));
#4110 = ADVANCED_FACE('',(#4111),#4129,.T.);
#4111 = FACE_BOUND('',#4112,.T.);
#4112 = EDGE_LOOP('',(#4113,#4114,#4115,#4123));
#4113 = ORIENTED_EDGE('',*,*,#4092,.F.);
#4114 = ORIENTED_EDGE('',*,*,#1603,.T.);
#4115 = ORIENTED_EDGE('',*,*,#4116,.T.);
#4116 = EDGE_CURVE('',#1596,#4117,#4119,.T.);
#4117 = VERTEX_POINT('',#4118);
#4118 = CARTESIAN_POINT('',(-0.32,-20.,8.38));
#4119 = LINE('',#4120,#4121);
#4120 = CARTESIAN_POINT('',(-0.32,-20.,-3.));
#4121 = VECTOR('',#4122,1.);
#4122 = DIRECTION('',(0.,0.,1.));
#4123 = ORIENTED_EDGE('',*,*,#4124,.T.);
#4124 = EDGE_CURVE('',#4117,#4093,#4125,.T.);
#4125 = LINE('',#4126,#4127);
#4126 = CARTESIAN_POINT('',(-0.32,-20.,8.38));
#4127 = VECTOR('',#4128,1.);
#4128 = DIRECTION('',(1.,0.,0.));
#4129 = PLANE('',#4130);
#4130 = AXIS2_PLACEMENT_3D('',#4131,#4132,#4133);
#4131 = CARTESIAN_POINT('',(-0.32,-20.,-3.));
#4132 = DIRECTION('',(0.,1.,0.));
#4133 = DIRECTION('',(0.,-0.,1.));
#4134 = ADVANCED_FACE('',(#4135),#4153,.F.);
#4135 = FACE_BOUND('',#4136,.F.);
#4136 = EDGE_LOOP('',(#4137,#4145,#4146,#4147));
#4137 = ORIENTED_EDGE('',*,*,#4138,.F.);
#4138 = EDGE_CURVE('',#1588,#4139,#4141,.T.);
#4139 = VERTEX_POINT('',#4140);
#4140 = CARTESIAN_POINT('',(-0.32,-20.64,8.38));
#4141 = LINE('',#4142,#4143);
#4142 = CARTESIAN_POINT('',(-0.32,-20.64,-3.));
#4143 = VECTOR('',#4144,1.);
#4144 = DIRECTION('',(0.,0.,1.));
#4145 = ORIENTED_EDGE('',*,*,#1595,.T.);
#4146 = ORIENTED_EDGE('',*,*,#4116,.T.);
#4147 = ORIENTED_EDGE('',*,*,#4148,.F.);
#4148 = EDGE_CURVE('',#4139,#4117,#4149,.T.);
#4149 = LINE('',#4150,#4151);
#4150 = CARTESIAN_POINT('',(-0.32,-20.64,8.38));
#4151 = VECTOR('',#4152,1.);
#4152 = DIRECTION('',(0.,1.,0.));
#4153 = PLANE('',#4154);
#4154 = AXIS2_PLACEMENT_3D('',#4155,#4156,#4157);
#4155 = CARTESIAN_POINT('',(-0.32,-20.64,-3.));
#4156 = DIRECTION('',(1.,0.,0.));
#4157 = DIRECTION('',(0.,0.,1.));
#4158 = ADVANCED_FACE('',(#4159),#4170,.F.);
#4159 = FACE_BOUND('',#4160,.F.);
#4160 = EDGE_LOOP('',(#4161,#4162,#4163,#4164));
#4161 = ORIENTED_EDGE('',*,*,#4083,.F.);
#4162 = ORIENTED_EDGE('',*,*,#1587,.T.);
#4163 = ORIENTED_EDGE('',*,*,#4138,.T.);
#4164 = ORIENTED_EDGE('',*,*,#4165,.T.);
#4165 = EDGE_CURVE('',#4139,#4084,#4166,.T.);
#4166 = LINE('',#4167,#4168);
#4167 = CARTESIAN_POINT('',(-0.32,-20.64,8.38));
#4168 = VECTOR('',#4169,1.);
#4169 = DIRECTION('',(1.,0.,0.));
#4170 = PLANE('',#4171);
#4171 = AXIS2_PLACEMENT_3D('',#4172,#4173,#4174);
#4172 = CARTESIAN_POINT('',(-0.32,-20.64,-3.));
#4173 = DIRECTION('',(0.,1.,0.));
#4174 = DIRECTION('',(0.,-0.,1.));
#4175 = ADVANCED_FACE('',(#4176),#4201,.T.);
#4176 = FACE_BOUND('',#4177,.T.);
#4177 = EDGE_LOOP('',(#4178,#4186,#4187,#4195));
#4178 = ORIENTED_EDGE('',*,*,#4179,.F.);
#4179 = EDGE_CURVE('',#1612,#4180,#4182,.T.);
#4180 = VERTEX_POINT('',#4181);
#4181 = CARTESIAN_POINT('',(0.32,-17.46,8.38));
#4182 = LINE('',#4183,#4184);
#4183 = CARTESIAN_POINT('',(0.32,-17.46,-3.));
#4184 = VECTOR('',#4185,1.);
#4185 = DIRECTION('',(0.,0.,1.));
#4186 = ORIENTED_EDGE('',*,*,#1611,.T.);
#4187 = ORIENTED_EDGE('',*,*,#4188,.T.);
#4188 = EDGE_CURVE('',#1614,#4189,#4191,.T.);
#4189 = VERTEX_POINT('',#4190);
#4190 = CARTESIAN_POINT('',(-0.32,-17.46,8.38));
#4191 = LINE('',#4192,#4193);
#4192 = CARTESIAN_POINT('',(-0.32,-17.46,-3.));
#4193 = VECTOR('',#4194,1.);
#4194 = DIRECTION('',(0.,0.,1.));
#4195 = ORIENTED_EDGE('',*,*,#4196,.T.);
#4196 = EDGE_CURVE('',#4189,#4180,#4197,.T.);
#4197 = LINE('',#4198,#4199);
#4198 = CARTESIAN_POINT('',(-0.32,-17.46,8.38));
#4199 = VECTOR('',#4200,1.);
#4200 = DIRECTION('',(1.,0.,0.));
#4201 = PLANE('',#4202);
#4202 = AXIS2_PLACEMENT_3D('',#4203,#4204,#4205);
#4203 = CARTESIAN_POINT('',(-0.32,-17.46,-3.));
#4204 = DIRECTION('',(0.,1.,0.));
#4205 = DIRECTION('',(0.,-0.,1.));
#4206 = ADVANCED_FACE('',(#4207),#4225,.F.);
#4207 = FACE_BOUND('',#4208,.F.);
#4208 = EDGE_LOOP('',(#4209,#4217,#4218,#4219));
#4209 = ORIENTED_EDGE('',*,*,#4210,.F.);
#4210 = EDGE_CURVE('',#1630,#4211,#4213,.T.);
#4211 = VERTEX_POINT('',#4212);
#4212 = CARTESIAN_POINT('',(-0.32,-18.1,8.38));
#4213 = LINE('',#4214,#4215);
#4214 = CARTESIAN_POINT('',(-0.32,-18.1,-3.));
#4215 = VECTOR('',#4216,1.);
#4216 = DIRECTION('',(0.,0.,1.));
#4217 = ORIENTED_EDGE('',*,*,#1637,.T.);
#4218 = ORIENTED_EDGE('',*,*,#4188,.T.);
#4219 = ORIENTED_EDGE('',*,*,#4220,.F.);
#4220 = EDGE_CURVE('',#4211,#4189,#4221,.T.);
#4221 = LINE('',#4222,#4223);
#4222 = CARTESIAN_POINT('',(-0.32,-18.1,8.38));
#4223 = VECTOR('',#4224,1.);
#4224 = DIRECTION('',(0.,1.,0.));
#4225 = PLANE('',#4226);
#4226 = AXIS2_PLACEMENT_3D('',#4227,#4228,#4229);
#4227 = CARTESIAN_POINT('',(-0.32,-18.1,-3.));
#4228 = DIRECTION('',(1.,0.,0.));
#4229 = DIRECTION('',(0.,0.,1.));
#4230 = ADVANCED_FACE('',(#4231),#4249,.F.);
#4231 = FACE_BOUND('',#4232,.F.);
#4232 = EDGE_LOOP('',(#4233,#4241,#4242,#4243));
#4233 = ORIENTED_EDGE('',*,*,#4234,.F.);
#4234 = EDGE_CURVE('',#1622,#4235,#4237,.T.);
#4235 = VERTEX_POINT('',#4236);
#4236 = CARTESIAN_POINT('',(0.32,-18.1,8.38));
#4237 = LINE('',#4238,#4239);
#4238 = CARTESIAN_POINT('',(0.32,-18.1,-3.));
#4239 = VECTOR('',#4240,1.);
#4240 = DIRECTION('',(0.,0.,1.));
#4241 = ORIENTED_EDGE('',*,*,#1629,.T.);
#4242 = ORIENTED_EDGE('',*,*,#4210,.T.);
#4243 = ORIENTED_EDGE('',*,*,#4244,.T.);
#4244 = EDGE_CURVE('',#4211,#4235,#4245,.T.);
#4245 = LINE('',#4246,#4247);
#4246 = CARTESIAN_POINT('',(-0.32,-18.1,8.38));
#4247 = VECTOR('',#4248,1.);
#4248 = DIRECTION('',(1.,0.,0.));
#4249 = PLANE('',#4250);
#4250 = AXIS2_PLACEMENT_3D('',#4251,#4252,#4253);
#4251 = CARTESIAN_POINT('',(-0.32,-18.1,-3.));
#4252 = DIRECTION('',(0.,1.,0.));
#4253 = DIRECTION('',(0.,-0.,1.));
#4254 = ADVANCED_FACE('',(#4255),#4266,.T.);
#4255 = FACE_BOUND('',#4256,.T.);
#4256 = EDGE_LOOP('',(#4257,#4258,#4259,#4260));
#4257 = ORIENTED_EDGE('',*,*,#4234,.F.);
#4258 = ORIENTED_EDGE('',*,*,#1621,.T.);
#4259 = ORIENTED_EDGE('',*,*,#4179,.T.);
#4260 = ORIENTED_EDGE('',*,*,#4261,.F.);
#4261 = EDGE_CURVE('',#4235,#4180,#4262,.T.);
#4262 = LINE('',#4263,#4264);
#4263 = CARTESIAN_POINT('',(0.32,-18.1,8.38));
#4264 = VECTOR('',#4265,1.);
#4265 = DIRECTION('',(0.,1.,0.));
#4266 = PLANE('',#4267);
#4267 = AXIS2_PLACEMENT_3D('',#4268,#4269,#4270);
#4268 = CARTESIAN_POINT('',(0.32,-18.1,-3.));
#4269 = DIRECTION('',(1.,0.,0.));
#4270 = DIRECTION('',(0.,0.,1.));
#4271 = ADVANCED_FACE('',(#4272),#4297,.F.);
#4272 = FACE_BOUND('',#4273,.F.);
#4273 = EDGE_LOOP('',(#4274,#4282,#4283,#4291));
#4274 = ORIENTED_EDGE('',*,*,#4275,.F.);
#4275 = EDGE_CURVE('',#2548,#4276,#4278,.T.);
#4276 = VERTEX_POINT('',#4277);
#4277 = CARTESIAN_POINT('',(0.16,-0.16,-3.));
#4278 = LINE('',#4279,#4280);
#4279 = CARTESIAN_POINT('',(0.16,-0.16,-3.));
#4280 = VECTOR('',#4281,1.);
#4281 = DIRECTION('',(-0.57735026919,0.57735026919,-0.57735026919));
#4282 = ORIENTED_EDGE('',*,*,#2555,.T.);
#4283 = ORIENTED_EDGE('',*,*,#4284,.T.);
#4284 = EDGE_CURVE('',#2556,#4285,#4287,.T.);
#4285 = VERTEX_POINT('',#4286);
#4286 = CARTESIAN_POINT('',(0.16,0.16,-3.));
#4287 = LINE('',#4288,#4289);
#4288 = CARTESIAN_POINT('',(5.333333333333E-02,5.333333333333E-02,
    -3.106666666667));
#4289 = VECTOR('',#4290,1.);
#4290 = DIRECTION('',(-0.57735026919,-0.57735026919,-0.57735026919));
#4291 = ORIENTED_EDGE('',*,*,#4292,.F.);
#4292 = EDGE_CURVE('',#4276,#4285,#4293,.T.);
#4293 = LINE('',#4294,#4295);
#4294 = CARTESIAN_POINT('',(0.16,-0.32,-3.));
#4295 = VECTOR('',#4296,1.);
#4296 = DIRECTION('',(0.,1.,0.));
#4297 = PLANE('',#4298);
#4298 = AXIS2_PLACEMENT_3D('',#4299,#4300,#4301);
#4299 = CARTESIAN_POINT('',(0.24,-0.32,-2.92));
#4300 = DIRECTION('',(-0.707106781187,1.735167508357E-18,0.707106781187)
  );
#4301 = DIRECTION('',(1.226948711654E-18,1.,-1.226948711654E-18));
#4302 = ADVANCED_FACE('',(#4303),#4321,.F.);
#4303 = FACE_BOUND('',#4304,.T.);
#4304 = EDGE_LOOP('',(#4305,#4313,#4314,#4315));
#4305 = ORIENTED_EDGE('',*,*,#4306,.F.);
#4306 = EDGE_CURVE('',#2580,#4307,#4309,.T.);
#4307 = VERTEX_POINT('',#4308);
#4308 = CARTESIAN_POINT('',(-0.16,0.16,-3.));
#4309 = LINE('',#4310,#4311);
#4310 = CARTESIAN_POINT('',(-0.16,0.16,-3.));
#4311 = VECTOR('',#4312,1.);
#4312 = DIRECTION('',(0.57735026919,-0.57735026919,-0.57735026919));
#4313 = ORIENTED_EDGE('',*,*,#2579,.T.);
#4314 = ORIENTED_EDGE('',*,*,#4284,.T.);
#4315 = ORIENTED_EDGE('',*,*,#4316,.F.);
#4316 = EDGE_CURVE('',#4307,#4285,#4317,.T.);
#4317 = LINE('',#4318,#4319);
#4318 = CARTESIAN_POINT('',(-0.32,0.16,-3.));
#4319 = VECTOR('',#4320,1.);
#4320 = DIRECTION('',(1.,0.,0.));
#4321 = PLANE('',#4322);
#4322 = AXIS2_PLACEMENT_3D('',#4323,#4324,#4325);
#4323 = CARTESIAN_POINT('',(-0.32,0.24,-2.92));
#4324 = DIRECTION('',(-1.735167508357E-18,-0.707106781187,0.707106781187
    ));
#4325 = DIRECTION('',(-1.,1.226948711654E-18,-1.226948711654E-18));
#4326 = ADVANCED_FACE('',(#4327),#4345,.T.);
#4327 = FACE_BOUND('',#4328,.T.);
#4328 = EDGE_LOOP('',(#4329,#4337,#4338,#4339));
#4329 = ORIENTED_EDGE('',*,*,#4330,.F.);
#4330 = EDGE_CURVE('',#2603,#4331,#4333,.T.);
#4331 = VERTEX_POINT('',#4332);
#4332 = CARTESIAN_POINT('',(-0.16,-0.16,-3.));
#4333 = LINE('',#4334,#4335);
#4334 = CARTESIAN_POINT('',(-0.266666666667,-0.266666666667,
    -2.893333333333));
#4335 = VECTOR('',#4336,1.);
#4336 = DIRECTION('',(0.57735026919,0.57735026919,-0.57735026919));
#4337 = ORIENTED_EDGE('',*,*,#2610,.T.);
#4338 = ORIENTED_EDGE('',*,*,#4306,.T.);
#4339 = ORIENTED_EDGE('',*,*,#4340,.F.);
#4340 = EDGE_CURVE('',#4331,#4307,#4341,.T.);
#4341 = LINE('',#4342,#4343);
#4342 = CARTESIAN_POINT('',(-0.16,-0.32,-3.));
#4343 = VECTOR('',#4344,1.);
#4344 = DIRECTION('',(0.,1.,0.));
#4345 = PLANE('',#4346);
#4346 = AXIS2_PLACEMENT_3D('',#4347,#4348,#4349);
#4347 = CARTESIAN_POINT('',(-0.24,-0.32,-2.92));
#4348 = DIRECTION('',(-0.707106781187,-1.735167508357E-18,
    -0.707106781187));
#4349 = DIRECTION('',(-1.226948711654E-18,1.,-1.226948711654E-18));
#4350 = ADVANCED_FACE('',(#4351),#4362,.T.);
#4351 = FACE_BOUND('',#4352,.F.);
#4352 = EDGE_LOOP('',(#4353,#4354,#4355,#4356));
#4353 = ORIENTED_EDGE('',*,*,#4330,.F.);
#4354 = ORIENTED_EDGE('',*,*,#2627,.T.);
#4355 = ORIENTED_EDGE('',*,*,#4275,.T.);
#4356 = ORIENTED_EDGE('',*,*,#4357,.F.);
#4357 = EDGE_CURVE('',#4331,#4276,#4358,.T.);
#4358 = LINE('',#4359,#4360);
#4359 = CARTESIAN_POINT('',(-0.32,-0.16,-3.));
#4360 = VECTOR('',#4361,1.);
#4361 = DIRECTION('',(1.,0.,0.));
#4362 = PLANE('',#4363);
#4363 = AXIS2_PLACEMENT_3D('',#4364,#4365,#4366);
#4364 = CARTESIAN_POINT('',(-0.32,-0.24,-2.92));
#4365 = DIRECTION('',(1.735167508357E-18,-0.707106781187,-0.707106781187
    ));
#4366 = DIRECTION('',(-1.,-1.226948711654E-18,-1.226948711654E-18));
#4367 = ADVANCED_FACE('',(#4368),#4393,.F.);
#4368 = FACE_BOUND('',#4369,.T.);
#4369 = EDGE_LOOP('',(#4370,#4378,#4379,#4387));
#4370 = ORIENTED_EDGE('',*,*,#4371,.F.);
#4371 = EDGE_CURVE('',#2652,#4372,#4374,.T.);
#4372 = VERTEX_POINT('',#4373);
#4373 = CARTESIAN_POINT('',(-0.16,-2.38,-3.));
#4374 = LINE('',#4375,#4376);
#4375 = CARTESIAN_POINT('',(-0.16,-2.38,-3.));
#4376 = VECTOR('',#4377,1.);
#4377 = DIRECTION('',(0.57735026919,-0.57735026919,-0.57735026919));
#4378 = ORIENTED_EDGE('',*,*,#2651,.T.);
#4379 = ORIENTED_EDGE('',*,*,#4380,.T.);
#4380 = EDGE_CURVE('',#2644,#4381,#4383,.T.);
#4381 = VERTEX_POINT('',#4382);
#4382 = CARTESIAN_POINT('',(0.16,-2.38,-3.));
#4383 = LINE('',#4384,#4385);
#4384 = CARTESIAN_POINT('',(5.333333333333E-02,-2.486666666667,
    -3.106666666667));
#4385 = VECTOR('',#4386,1.);
#4386 = DIRECTION('',(-0.57735026919,-0.57735026919,-0.57735026919));
#4387 = ORIENTED_EDGE('',*,*,#4388,.F.);
#4388 = EDGE_CURVE('',#4372,#4381,#4389,.T.);
#4389 = LINE('',#4390,#4391);
#4390 = CARTESIAN_POINT('',(-0.32,-2.38,-3.));
#4391 = VECTOR('',#4392,1.);
#4392 = DIRECTION('',(1.,0.,0.));
#4393 = PLANE('',#4394);
#4394 = AXIS2_PLACEMENT_3D('',#4395,#4396,#4397);
#4395 = CARTESIAN_POINT('',(-0.32,-2.3,-2.92));
#4396 = DIRECTION('',(-1.735167508357E-18,-0.707106781187,0.707106781187
    ));
#4397 = DIRECTION('',(-1.,1.226948711654E-18,-1.226948711654E-18));
#4398 = ADVANCED_FACE('',(#4399),#4417,.T.);
#4399 = FACE_BOUND('',#4400,.T.);
#4400 = EDGE_LOOP('',(#4401,#4409,#4410,#4411));
#4401 = ORIENTED_EDGE('',*,*,#4402,.F.);
#4402 = EDGE_CURVE('',#2675,#4403,#4405,.T.);
#4403 = VERTEX_POINT('',#4404);
#4404 = CARTESIAN_POINT('',(-0.16,-2.7,-3.));
#4405 = LINE('',#4406,#4407);
#4406 = CARTESIAN_POINT('',(-0.266666666667,-2.806666666667,
    -2.893333333333));
#4407 = VECTOR('',#4408,1.);
#4408 = DIRECTION('',(0.57735026919,0.57735026919,-0.57735026919));
#4409 = ORIENTED_EDGE('',*,*,#2682,.T.);
#4410 = ORIENTED_EDGE('',*,*,#4371,.T.);
#4411 = ORIENTED_EDGE('',*,*,#4412,.F.);
#4412 = EDGE_CURVE('',#4403,#4372,#4413,.T.);
#4413 = LINE('',#4414,#4415);
#4414 = CARTESIAN_POINT('',(-0.16,-2.86,-3.));
#4415 = VECTOR('',#4416,1.);
#4416 = DIRECTION('',(0.,1.,0.));
#4417 = PLANE('',#4418);
#4418 = AXIS2_PLACEMENT_3D('',#4419,#4420,#4421);
#4419 = CARTESIAN_POINT('',(-0.24,-2.86,-2.92));
#4420 = DIRECTION('',(-0.707106781187,-1.735167508357E-18,
    -0.707106781187));
#4421 = DIRECTION('',(-1.226948711654E-18,1.,-1.226948711654E-18));
#4422 = ADVANCED_FACE('',(#4423),#4441,.T.);
#4423 = FACE_BOUND('',#4424,.F.);
#4424 = EDGE_LOOP('',(#4425,#4426,#4427,#4435));
#4425 = ORIENTED_EDGE('',*,*,#4402,.F.);
#4426 = ORIENTED_EDGE('',*,*,#2706,.T.);
#4427 = ORIENTED_EDGE('',*,*,#4428,.T.);
#4428 = EDGE_CURVE('',#2699,#4429,#4431,.T.);
#4429 = VERTEX_POINT('',#4430);
#4430 = CARTESIAN_POINT('',(0.16,-2.7,-3.));
#4431 = LINE('',#4432,#4433);
#4432 = CARTESIAN_POINT('',(0.16,-2.7,-3.));
#4433 = VECTOR('',#4434,1.);
#4434 = DIRECTION('',(-0.57735026919,0.57735026919,-0.57735026919));
#4435 = ORIENTED_EDGE('',*,*,#4436,.F.);
#4436 = EDGE_CURVE('',#4403,#4429,#4437,.T.);
#4437 = LINE('',#4438,#4439);
#4438 = CARTESIAN_POINT('',(-0.32,-2.7,-3.));
#4439 = VECTOR('',#4440,1.);
#4440 = DIRECTION('',(1.,0.,0.));
#4441 = PLANE('',#4442);
#4442 = AXIS2_PLACEMENT_3D('',#4443,#4444,#4445);
#4443 = CARTESIAN_POINT('',(-0.32,-2.78,-2.92));
#4444 = DIRECTION('',(1.735167508357E-18,-0.707106781187,-0.707106781187
    ));
#4445 = DIRECTION('',(-1.,-1.226948711654E-18,-1.226948711654E-18));
#4446 = ADVANCED_FACE('',(#4447),#4458,.F.);
#4447 = FACE_BOUND('',#4448,.F.);
#4448 = EDGE_LOOP('',(#4449,#4450,#4451,#4452));
#4449 = ORIENTED_EDGE('',*,*,#4428,.F.);
#4450 = ORIENTED_EDGE('',*,*,#2723,.T.);
#4451 = ORIENTED_EDGE('',*,*,#4380,.T.);
#4452 = ORIENTED_EDGE('',*,*,#4453,.F.);
#4453 = EDGE_CURVE('',#4429,#4381,#4454,.T.);
#4454 = LINE('',#4455,#4456);
#4455 = CARTESIAN_POINT('',(0.16,-2.86,-3.));
#4456 = VECTOR('',#4457,1.);
#4457 = DIRECTION('',(0.,1.,0.));
#4458 = PLANE('',#4459);
#4459 = AXIS2_PLACEMENT_3D('',#4460,#4461,#4462);
#4460 = CARTESIAN_POINT('',(0.24,-2.86,-2.92));
#4461 = DIRECTION('',(-0.707106781187,1.735167508357E-18,0.707106781187)
  );
#4462 = DIRECTION('',(1.226948711654E-18,1.,-1.226948711654E-18));
#4463 = ADVANCED_FACE('',(#4464),#4489,.F.);
#4464 = FACE_BOUND('',#4465,.F.);
#4465 = EDGE_LOOP('',(#4466,#4474,#4475,#4483));
#4466 = ORIENTED_EDGE('',*,*,#4467,.F.);
#4467 = EDGE_CURVE('',#2740,#4468,#4470,.T.);
#4468 = VERTEX_POINT('',#4469);
#4469 = CARTESIAN_POINT('',(0.16,-5.24,-3.));
#4470 = LINE('',#4471,#4472);
#4471 = CARTESIAN_POINT('',(0.16,-5.24,-3.));
#4472 = VECTOR('',#4473,1.);
#4473 = DIRECTION('',(-0.57735026919,0.57735026919,-0.57735026919));
#4474 = ORIENTED_EDGE('',*,*,#2747,.T.);
#4475 = ORIENTED_EDGE('',*,*,#4476,.T.);
#4476 = EDGE_CURVE('',#2748,#4477,#4479,.T.);
#4477 = VERTEX_POINT('',#4478);
#4478 = CARTESIAN_POINT('',(0.16,-4.92,-3.));
#4479 = LINE('',#4480,#4481);
#4480 = CARTESIAN_POINT('',(5.333333333333E-02,-5.026666666667,
    -3.106666666667));
#4481 = VECTOR('',#4482,1.);
#4482 = DIRECTION('',(-0.57735026919,-0.57735026919,-0.57735026919));
#4483 = ORIENTED_EDGE('',*,*,#4484,.F.);
#4484 = EDGE_CURVE('',#4468,#4477,#4485,.T.);
#4485 = LINE('',#4486,#4487);
#4486 = CARTESIAN_POINT('',(0.16,-5.4,-3.));
#4487 = VECTOR('',#4488,1.);
#4488 = DIRECTION('',(0.,1.,0.));
#4489 = PLANE('',#4490);
#4490 = AXIS2_PLACEMENT_3D('',#4491,#4492,#4493);
#4491 = CARTESIAN_POINT('',(0.24,-5.4,-2.92));
#4492 = DIRECTION('',(-0.707106781187,1.735167508357E-18,0.707106781187)
  );
#4493 = DIRECTION('',(1.226948711654E-18,1.,-1.226948711654E-18));
#4494 = ADVANCED_FACE('',(#4495),#4513,.F.);
#4495 = FACE_BOUND('',#4496,.T.);
#4496 = EDGE_LOOP('',(#4497,#4505,#4506,#4507));
#4497 = ORIENTED_EDGE('',*,*,#4498,.F.);
#4498 = EDGE_CURVE('',#2772,#4499,#4501,.T.);
#4499 = VERTEX_POINT('',#4500);
#4500 = CARTESIAN_POINT('',(-0.16,-4.92,-3.));
#4501 = LINE('',#4502,#4503);
#4502 = CARTESIAN_POINT('',(-0.16,-4.92,-3.));
#4503 = VECTOR('',#4504,1.);
#4504 = DIRECTION('',(0.57735026919,-0.57735026919,-0.57735026919));
#4505 = ORIENTED_EDGE('',*,*,#2771,.T.);
#4506 = ORIENTED_EDGE('',*,*,#4476,.T.);
#4507 = ORIENTED_EDGE('',*,*,#4508,.F.);
#4508 = EDGE_CURVE('',#4499,#4477,#4509,.T.);
#4509 = LINE('',#4510,#4511);
#4510 = CARTESIAN_POINT('',(-0.32,-4.92,-3.));
#4511 = VECTOR('',#4512,1.);
#4512 = DIRECTION('',(1.,0.,0.));
#4513 = PLANE('',#4514);
#4514 = AXIS2_PLACEMENT_3D('',#4515,#4516,#4517);
#4515 = CARTESIAN_POINT('',(-0.32,-4.84,-2.92));
#4516 = DIRECTION('',(-1.735167508357E-18,-0.707106781187,0.707106781187
    ));
#4517 = DIRECTION('',(-1.,1.226948711654E-18,-1.226948711654E-18));
#4518 = ADVANCED_FACE('',(#4519),#4537,.T.);
#4519 = FACE_BOUND('',#4520,.T.);
#4520 = EDGE_LOOP('',(#4521,#4529,#4530,#4531));
#4521 = ORIENTED_EDGE('',*,*,#4522,.F.);
#4522 = EDGE_CURVE('',#2795,#4523,#4525,.T.);
#4523 = VERTEX_POINT('',#4524);
#4524 = CARTESIAN_POINT('',(-0.16,-5.24,-3.));
#4525 = LINE('',#4526,#4527);
#4526 = CARTESIAN_POINT('',(-0.266666666667,-5.346666666667,
    -2.893333333333));
#4527 = VECTOR('',#4528,1.);
#4528 = DIRECTION('',(0.57735026919,0.57735026919,-0.57735026919));
#4529 = ORIENTED_EDGE('',*,*,#2802,.T.);
#4530 = ORIENTED_EDGE('',*,*,#4498,.T.);
#4531 = ORIENTED_EDGE('',*,*,#4532,.F.);
#4532 = EDGE_CURVE('',#4523,#4499,#4533,.T.);
#4533 = LINE('',#4534,#4535);
#4534 = CARTESIAN_POINT('',(-0.16,-5.4,-3.));
#4535 = VECTOR('',#4536,1.);
#4536 = DIRECTION('',(0.,1.,0.));
#4537 = PLANE('',#4538);
#4538 = AXIS2_PLACEMENT_3D('',#4539,#4540,#4541);
#4539 = CARTESIAN_POINT('',(-0.24,-5.4,-2.92));
#4540 = DIRECTION('',(-0.707106781187,-1.735167508357E-18,
    -0.707106781187));
#4541 = DIRECTION('',(-1.226948711654E-18,1.,-1.226948711654E-18));
#4542 = ADVANCED_FACE('',(#4543),#4554,.T.);
#4543 = FACE_BOUND('',#4544,.F.);
#4544 = EDGE_LOOP('',(#4545,#4546,#4547,#4548));
#4545 = ORIENTED_EDGE('',*,*,#4522,.F.);
#4546 = ORIENTED_EDGE('',*,*,#2819,.T.);
#4547 = ORIENTED_EDGE('',*,*,#4467,.T.);
#4548 = ORIENTED_EDGE('',*,*,#4549,.F.);
#4549 = EDGE_CURVE('',#4523,#4468,#4550,.T.);
#4550 = LINE('',#4551,#4552);
#4551 = CARTESIAN_POINT('',(-0.32,-5.24,-3.));
#4552 = VECTOR('',#4553,1.);
#4553 = DIRECTION('',(1.,0.,0.));
#4554 = PLANE('',#4555);
#4555 = AXIS2_PLACEMENT_3D('',#4556,#4557,#4558);
#4556 = CARTESIAN_POINT('',(-0.32,-5.32,-2.92));
#4557 = DIRECTION('',(1.735167508357E-18,-0.707106781187,-0.707106781187
    ));
#4558 = DIRECTION('',(-1.,-1.226948711654E-18,-1.226948711654E-18));
#4559 = ADVANCED_FACE('',(#4560),#4585,.F.);
#4560 = FACE_BOUND('',#4561,.T.);
#4561 = EDGE_LOOP('',(#4562,#4570,#4571,#4579));
#4562 = ORIENTED_EDGE('',*,*,#4563,.F.);
#4563 = EDGE_CURVE('',#2844,#4564,#4566,.T.);
#4564 = VERTEX_POINT('',#4565);
#4565 = CARTESIAN_POINT('',(-0.16,-7.46,-3.));
#4566 = LINE('',#4567,#4568);
#4567 = CARTESIAN_POINT('',(-0.16,-7.46,-3.));
#4568 = VECTOR('',#4569,1.);
#4569 = DIRECTION('',(0.57735026919,-0.57735026919,-0.57735026919));
#4570 = ORIENTED_EDGE('',*,*,#2843,.T.);
#4571 = ORIENTED_EDGE('',*,*,#4572,.T.);
#4572 = EDGE_CURVE('',#2836,#4573,#4575,.T.);
#4573 = VERTEX_POINT('',#4574);
#4574 = CARTESIAN_POINT('',(0.16,-7.46,-3.));
#4575 = LINE('',#4576,#4577);
#4576 = CARTESIAN_POINT('',(5.333333333333E-02,-7.566666666667,
    -3.106666666667));
#4577 = VECTOR('',#4578,1.);
#4578 = DIRECTION('',(-0.57735026919,-0.57735026919,-0.57735026919));
#4579 = ORIENTED_EDGE('',*,*,#4580,.F.);
#4580 = EDGE_CURVE('',#4564,#4573,#4581,.T.);
#4581 = LINE('',#4582,#4583);
#4582 = CARTESIAN_POINT('',(-0.32,-7.46,-3.));
#4583 = VECTOR('',#4584,1.);
#4584 = DIRECTION('',(1.,0.,0.));
#4585 = PLANE('',#4586);
#4586 = AXIS2_PLACEMENT_3D('',#4587,#4588,#4589);
#4587 = CARTESIAN_POINT('',(-0.32,-7.38,-2.92));
#4588 = DIRECTION('',(-1.735167508357E-18,-0.707106781187,0.707106781187
    ));
#4589 = DIRECTION('',(-1.,1.226948711654E-18,-1.226948711654E-18));
#4590 = ADVANCED_FACE('',(#4591),#4609,.T.);
#4591 = FACE_BOUND('',#4592,.T.);
#4592 = EDGE_LOOP('',(#4593,#4601,#4602,#4603));
#4593 = ORIENTED_EDGE('',*,*,#4594,.F.);
#4594 = EDGE_CURVE('',#2867,#4595,#4597,.T.);
#4595 = VERTEX_POINT('',#4596);
#4596 = CARTESIAN_POINT('',(-0.16,-7.78,-3.));
#4597 = LINE('',#4598,#4599);
#4598 = CARTESIAN_POINT('',(-0.266666666667,-7.886666666667,
    -2.893333333333));
#4599 = VECTOR('',#4600,1.);
#4600 = DIRECTION('',(0.57735026919,0.57735026919,-0.57735026919));
#4601 = ORIENTED_EDGE('',*,*,#2874,.T.);
#4602 = ORIENTED_EDGE('',*,*,#4563,.T.);
#4603 = ORIENTED_EDGE('',*,*,#4604,.F.);
#4604 = EDGE_CURVE('',#4595,#4564,#4605,.T.);
#4605 = LINE('',#4606,#4607);
#4606 = CARTESIAN_POINT('',(-0.16,-7.94,-3.));
#4607 = VECTOR('',#4608,1.);
#4608 = DIRECTION('',(0.,1.,0.));
#4609 = PLANE('',#4610);
#4610 = AXIS2_PLACEMENT_3D('',#4611,#4612,#4613);
#4611 = CARTESIAN_POINT('',(-0.24,-7.94,-2.92));
#4612 = DIRECTION('',(-0.707106781187,-1.735167508357E-18,
    -0.707106781187));
#4613 = DIRECTION('',(-1.226948711654E-18,1.,-1.226948711654E-18));
#4614 = ADVANCED_FACE('',(#4615),#4633,.T.);
#4615 = FACE_BOUND('',#4616,.F.);
#4616 = EDGE_LOOP('',(#4617,#4618,#4619,#4627));
#4617 = ORIENTED_EDGE('',*,*,#4594,.F.);
#4618 = ORIENTED_EDGE('',*,*,#2898,.T.);
#4619 = ORIENTED_EDGE('',*,*,#4620,.T.);
#4620 = EDGE_CURVE('',#2891,#4621,#4623,.T.);
#4621 = VERTEX_POINT('',#4622);
#4622 = CARTESIAN_POINT('',(0.16,-7.78,-3.));
#4623 = LINE('',#4624,#4625);
#4624 = CARTESIAN_POINT('',(0.16,-7.78,-3.));
#4625 = VECTOR('',#4626,1.);
#4626 = DIRECTION('',(-0.57735026919,0.57735026919,-0.57735026919));
#4627 = ORIENTED_EDGE('',*,*,#4628,.F.);
#4628 = EDGE_CURVE('',#4595,#4621,#4629,.T.);
#4629 = LINE('',#4630,#4631);
#4630 = CARTESIAN_POINT('',(-0.32,-7.78,-3.));
#4631 = VECTOR('',#4632,1.);
#4632 = DIRECTION('',(1.,0.,0.));
#4633 = PLANE('',#4634);
#4634 = AXIS2_PLACEMENT_3D('',#4635,#4636,#4637);
#4635 = CARTESIAN_POINT('',(-0.32,-7.86,-2.92));
#4636 = DIRECTION('',(1.735167508357E-18,-0.707106781187,-0.707106781187
    ));
#4637 = DIRECTION('',(-1.,-1.226948711654E-18,-1.226948711654E-18));
#4638 = ADVANCED_FACE('',(#4639),#4650,.F.);
#4639 = FACE_BOUND('',#4640,.F.);
#4640 = EDGE_LOOP('',(#4641,#4642,#4643,#4644));
#4641 = ORIENTED_EDGE('',*,*,#4620,.F.);
#4642 = ORIENTED_EDGE('',*,*,#2915,.T.);
#4643 = ORIENTED_EDGE('',*,*,#4572,.T.);
#4644 = ORIENTED_EDGE('',*,*,#4645,.F.);
#4645 = EDGE_CURVE('',#4621,#4573,#4646,.T.);
#4646 = LINE('',#4647,#4648);
#4647 = CARTESIAN_POINT('',(0.16,-7.94,-3.));
#4648 = VECTOR('',#4649,1.);
#4649 = DIRECTION('',(0.,1.,0.));
#4650 = PLANE('',#4651);
#4651 = AXIS2_PLACEMENT_3D('',#4652,#4653,#4654);
#4652 = CARTESIAN_POINT('',(0.24,-7.94,-2.92));
#4653 = DIRECTION('',(-0.707106781187,1.735167508357E-18,0.707106781187)
  );
#4654 = DIRECTION('',(1.226948711654E-18,1.,-1.226948711654E-18));
#4655 = ADVANCED_FACE('',(#4656),#4681,.F.);
#4656 = FACE_BOUND('',#4657,.F.);
#4657 = EDGE_LOOP('',(#4658,#4666,#4667,#4675));
#4658 = ORIENTED_EDGE('',*,*,#4659,.F.);
#4659 = EDGE_CURVE('',#2932,#4660,#4662,.T.);
#4660 = VERTEX_POINT('',#4661);
#4661 = CARTESIAN_POINT('',(0.16,-15.4,-3.));
#4662 = LINE('',#4663,#4664);
#4663 = CARTESIAN_POINT('',(0.16,-15.4,-3.));
#4664 = VECTOR('',#4665,1.);
#4665 = DIRECTION('',(-0.57735026919,0.57735026919,-0.57735026919));
#4666 = ORIENTED_EDGE('',*,*,#2939,.T.);
#4667 = ORIENTED_EDGE('',*,*,#4668,.T.);
#4668 = EDGE_CURVE('',#2940,#4669,#4671,.T.);
#4669 = VERTEX_POINT('',#4670);
#4670 = CARTESIAN_POINT('',(0.16,-15.08,-3.));
#4671 = LINE('',#4672,#4673);
#4672 = CARTESIAN_POINT('',(5.333333333333E-02,-15.18666666666,
    -3.106666666667));
#4673 = VECTOR('',#4674,1.);
#4674 = DIRECTION('',(-0.57735026919,-0.57735026919,-0.57735026919));
#4675 = ORIENTED_EDGE('',*,*,#4676,.F.);
#4676 = EDGE_CURVE('',#4660,#4669,#4677,.T.);
#4677 = LINE('',#4678,#4679);
#4678 = CARTESIAN_POINT('',(0.16,-15.56,-3.));
#4679 = VECTOR('',#4680,1.);
#4680 = DIRECTION('',(0.,1.,0.));
#4681 = PLANE('',#4682);
#4682 = AXIS2_PLACEMENT_3D('',#4683,#4684,#4685);
#4683 = CARTESIAN_POINT('',(0.24,-15.56,-2.92));
#4684 = DIRECTION('',(-0.707106781187,1.735167508357E-18,0.707106781187)
  );
#4685 = DIRECTION('',(1.226948711654E-18,1.,-1.226948711654E-18));
#4686 = ADVANCED_FACE('',(#4687),#4705,.F.);
#4687 = FACE_BOUND('',#4688,.T.);
#4688 = EDGE_LOOP('',(#4689,#4697,#4698,#4699));
#4689 = ORIENTED_EDGE('',*,*,#4690,.F.);
#4690 = EDGE_CURVE('',#2964,#4691,#4693,.T.);
#4691 = VERTEX_POINT('',#4692);
#4692 = CARTESIAN_POINT('',(-0.16,-15.08,-3.));
#4693 = LINE('',#4694,#4695);
#4694 = CARTESIAN_POINT('',(-0.16,-15.08,-3.));
#4695 = VECTOR('',#4696,1.);
#4696 = DIRECTION('',(0.57735026919,-0.57735026919,-0.57735026919));
#4697 = ORIENTED_EDGE('',*,*,#2963,.T.);
#4698 = ORIENTED_EDGE('',*,*,#4668,.T.);
#4699 = ORIENTED_EDGE('',*,*,#4700,.F.);
#4700 = EDGE_CURVE('',#4691,#4669,#4701,.T.);
#4701 = LINE('',#4702,#4703);
#4702 = CARTESIAN_POINT('',(-0.32,-15.08,-3.));
#4703 = VECTOR('',#4704,1.);
#4704 = DIRECTION('',(1.,0.,0.));
#4705 = PLANE('',#4706);
#4706 = AXIS2_PLACEMENT_3D('',#4707,#4708,#4709);
#4707 = CARTESIAN_POINT('',(-0.32,-15.,-2.92));
#4708 = DIRECTION('',(-1.735167508357E-18,-0.707106781187,0.707106781187
    ));
#4709 = DIRECTION('',(-1.,1.226948711654E-18,-1.226948711654E-18));
#4710 = ADVANCED_FACE('',(#4711),#4729,.T.);
#4711 = FACE_BOUND('',#4712,.T.);
#4712 = EDGE_LOOP('',(#4713,#4721,#4722,#4723));
#4713 = ORIENTED_EDGE('',*,*,#4714,.F.);
#4714 = EDGE_CURVE('',#2987,#4715,#4717,.T.);
#4715 = VERTEX_POINT('',#4716);
#4716 = CARTESIAN_POINT('',(-0.16,-15.4,-3.));
#4717 = LINE('',#4718,#4719);
#4718 = CARTESIAN_POINT('',(-0.266666666667,-15.50666666666,
    -2.893333333333));
#4719 = VECTOR('',#4720,1.);
#4720 = DIRECTION('',(0.57735026919,0.57735026919,-0.57735026919));
#4721 = ORIENTED_EDGE('',*,*,#2994,.T.);
#4722 = ORIENTED_EDGE('',*,*,#4690,.T.);
#4723 = ORIENTED_EDGE('',*,*,#4724,.F.);
#4724 = EDGE_CURVE('',#4715,#4691,#4725,.T.);
#4725 = LINE('',#4726,#4727);
#4726 = CARTESIAN_POINT('',(-0.16,-15.56,-3.));
#4727 = VECTOR('',#4728,1.);
#4728 = DIRECTION('',(0.,1.,0.));
#4729 = PLANE('',#4730);
#4730 = AXIS2_PLACEMENT_3D('',#4731,#4732,#4733);
#4731 = CARTESIAN_POINT('',(-0.24,-15.56,-2.92));
#4732 = DIRECTION('',(-0.707106781187,-1.735167508357E-18,
    -0.707106781187));
#4733 = DIRECTION('',(-1.226948711654E-18,1.,-1.226948711654E-18));
#4734 = ADVANCED_FACE('',(#4735),#4746,.T.);
#4735 = FACE_BOUND('',#4736,.F.);
#4736 = EDGE_LOOP('',(#4737,#4738,#4739,#4740));
#4737 = ORIENTED_EDGE('',*,*,#4714,.F.);
#4738 = ORIENTED_EDGE('',*,*,#3011,.T.);
#4739 = ORIENTED_EDGE('',*,*,#4659,.T.);
#4740 = ORIENTED_EDGE('',*,*,#4741,.F.);
#4741 = EDGE_CURVE('',#4715,#4660,#4742,.T.);
#4742 = LINE('',#4743,#4744);
#4743 = CARTESIAN_POINT('',(-0.32,-15.4,-3.));
#4744 = VECTOR('',#4745,1.);
#4745 = DIRECTION('',(1.,0.,0.));
#4746 = PLANE('',#4747);
#4747 = AXIS2_PLACEMENT_3D('',#4748,#4749,#4750);
#4748 = CARTESIAN_POINT('',(-0.32,-15.48,-2.92));
#4749 = DIRECTION('',(1.735167508357E-18,-0.707106781187,-0.707106781187
    ));
#4750 = DIRECTION('',(-1.,-1.226948711654E-18,-1.226948711654E-18));
#4751 = ADVANCED_FACE('',(#4752),#4777,.F.);
#4752 = FACE_BOUND('',#4753,.T.);
#4753 = EDGE_LOOP('',(#4754,#4762,#4763,#4771));
#4754 = ORIENTED_EDGE('',*,*,#4755,.F.);
#4755 = EDGE_CURVE('',#3036,#4756,#4758,.T.);
#4756 = VERTEX_POINT('',#4757);
#4757 = CARTESIAN_POINT('',(-0.16,-10.,-3.));
#4758 = LINE('',#4759,#4760);
#4759 = CARTESIAN_POINT('',(-0.16,-10.,-3.));
#4760 = VECTOR('',#4761,1.);
#4761 = DIRECTION('',(0.57735026919,-0.57735026919,-0.57735026919));
#4762 = ORIENTED_EDGE('',*,*,#3035,.T.);
#4763 = ORIENTED_EDGE('',*,*,#4764,.T.);
#4764 = EDGE_CURVE('',#3028,#4765,#4767,.T.);
#4765 = VERTEX_POINT('',#4766);
#4766 = CARTESIAN_POINT('',(0.16,-10.,-3.));
#4767 = LINE('',#4768,#4769);
#4768 = CARTESIAN_POINT('',(5.333333333333E-02,-10.10666666666,
    -3.106666666667));
#4769 = VECTOR('',#4770,1.);
#4770 = DIRECTION('',(-0.57735026919,-0.57735026919,-0.57735026919));
#4771 = ORIENTED_EDGE('',*,*,#4772,.F.);
#4772 = EDGE_CURVE('',#4756,#4765,#4773,.T.);
#4773 = LINE('',#4774,#4775);
#4774 = CARTESIAN_POINT('',(-0.32,-10.,-3.));
#4775 = VECTOR('',#4776,1.);
#4776 = DIRECTION('',(1.,0.,0.));
#4777 = PLANE('',#4778);
#4778 = AXIS2_PLACEMENT_3D('',#4779,#4780,#4781);
#4779 = CARTESIAN_POINT('',(-0.32,-9.92,-2.92));
#4780 = DIRECTION('',(-1.735167508357E-18,-0.707106781187,0.707106781187
    ));
#4781 = DIRECTION('',(-1.,1.226948711654E-18,-1.226948711654E-18));
#4782 = ADVANCED_FACE('',(#4783),#4801,.T.);
#4783 = FACE_BOUND('',#4784,.T.);
#4784 = EDGE_LOOP('',(#4785,#4793,#4794,#4795));
#4785 = ORIENTED_EDGE('',*,*,#4786,.F.);
#4786 = EDGE_CURVE('',#3059,#4787,#4789,.T.);
#4787 = VERTEX_POINT('',#4788);
#4788 = CARTESIAN_POINT('',(-0.16,-10.32,-3.));
#4789 = LINE('',#4790,#4791);
#4790 = CARTESIAN_POINT('',(-0.266666666667,-10.42666666666,
    -2.893333333333));
#4791 = VECTOR('',#4792,1.);
#4792 = DIRECTION('',(0.57735026919,0.57735026919,-0.57735026919));
#4793 = ORIENTED_EDGE('',*,*,#3066,.T.);
#4794 = ORIENTED_EDGE('',*,*,#4755,.T.);
#4795 = ORIENTED_EDGE('',*,*,#4796,.F.);
#4796 = EDGE_CURVE('',#4787,#4756,#4797,.T.);
#4797 = LINE('',#4798,#4799);
#4798 = CARTESIAN_POINT('',(-0.16,-10.48,-3.));
#4799 = VECTOR('',#4800,1.);
#4800 = DIRECTION('',(0.,1.,0.));
#4801 = PLANE('',#4802);
#4802 = AXIS2_PLACEMENT_3D('',#4803,#4804,#4805);
#4803 = CARTESIAN_POINT('',(-0.24,-10.48,-2.92));
#4804 = DIRECTION('',(-0.707106781187,-1.735167508357E-18,
    -0.707106781187));
#4805 = DIRECTION('',(-1.226948711654E-18,1.,-1.226948711654E-18));
#4806 = ADVANCED_FACE('',(#4807),#4825,.T.);
#4807 = FACE_BOUND('',#4808,.F.);
#4808 = EDGE_LOOP('',(#4809,#4810,#4811,#4819));
#4809 = ORIENTED_EDGE('',*,*,#4786,.F.);
#4810 = ORIENTED_EDGE('',*,*,#3090,.T.);
#4811 = ORIENTED_EDGE('',*,*,#4812,.T.);
#4812 = EDGE_CURVE('',#3083,#4813,#4815,.T.);
#4813 = VERTEX_POINT('',#4814);
#4814 = CARTESIAN_POINT('',(0.16,-10.32,-3.));
#4815 = LINE('',#4816,#4817);
#4816 = CARTESIAN_POINT('',(0.16,-10.32,-3.));
#4817 = VECTOR('',#4818,1.);
#4818 = DIRECTION('',(-0.57735026919,0.57735026919,-0.57735026919));
#4819 = ORIENTED_EDGE('',*,*,#4820,.F.);
#4820 = EDGE_CURVE('',#4787,#4813,#4821,.T.);
#4821 = LINE('',#4822,#4823);
#4822 = CARTESIAN_POINT('',(-0.32,-10.32,-3.));
#4823 = VECTOR('',#4824,1.);
#4824 = DIRECTION('',(1.,0.,0.));
#4825 = PLANE('',#4826);
#4826 = AXIS2_PLACEMENT_3D('',#4827,#4828,#4829);
#4827 = CARTESIAN_POINT('',(-0.32,-10.4,-2.92));
#4828 = DIRECTION('',(1.735167508357E-18,-0.707106781187,-0.707106781187
    ));
#4829 = DIRECTION('',(-1.,-1.226948711654E-18,-1.226948711654E-18));
#4830 = ADVANCED_FACE('',(#4831),#4842,.F.);
#4831 = FACE_BOUND('',#4832,.F.);
#4832 = EDGE_LOOP('',(#4833,#4834,#4835,#4836));
#4833 = ORIENTED_EDGE('',*,*,#4812,.F.);
#4834 = ORIENTED_EDGE('',*,*,#3107,.T.);
#4835 = ORIENTED_EDGE('',*,*,#4764,.T.);
#4836 = ORIENTED_EDGE('',*,*,#4837,.F.);
#4837 = EDGE_CURVE('',#4813,#4765,#4838,.T.);
#4838 = LINE('',#4839,#4840);
#4839 = CARTESIAN_POINT('',(0.16,-10.48,-3.));
#4840 = VECTOR('',#4841,1.);
#4841 = DIRECTION('',(0.,1.,0.));
#4842 = PLANE('',#4843);
#4843 = AXIS2_PLACEMENT_3D('',#4844,#4845,#4846);
#4844 = CARTESIAN_POINT('',(0.24,-10.48,-2.92));
#4845 = DIRECTION('',(-0.707106781187,1.735167508357E-18,0.707106781187)
  );
#4846 = DIRECTION('',(1.226948711654E-18,1.,-1.226948711654E-18));
#4847 = ADVANCED_FACE('',(#4848),#4873,.T.);
#4848 = FACE_BOUND('',#4849,.F.);
#4849 = EDGE_LOOP('',(#4850,#4858,#4859,#4867));
#4850 = ORIENTED_EDGE('',*,*,#4851,.F.);
#4851 = EDGE_CURVE('',#3132,#4852,#4854,.T.);
#4852 = VERTEX_POINT('',#4853);
#4853 = CARTESIAN_POINT('',(-0.16,-12.86,-3.));
#4854 = LINE('',#4855,#4856);
#4855 = CARTESIAN_POINT('',(-0.266666666667,-12.96666666666,
    -2.893333333333));
#4856 = VECTOR('',#4857,1.);
#4857 = DIRECTION('',(0.57735026919,0.57735026919,-0.57735026919));
#4858 = ORIENTED_EDGE('',*,*,#3131,.T.);
#4859 = ORIENTED_EDGE('',*,*,#4860,.T.);
#4860 = EDGE_CURVE('',#3124,#4861,#4863,.T.);
#4861 = VERTEX_POINT('',#4862);
#4862 = CARTESIAN_POINT('',(0.16,-12.86,-3.));
#4863 = LINE('',#4864,#4865);
#4864 = CARTESIAN_POINT('',(0.16,-12.86,-3.));
#4865 = VECTOR('',#4866,1.);
#4866 = DIRECTION('',(-0.57735026919,0.57735026919,-0.57735026919));
#4867 = ORIENTED_EDGE('',*,*,#4868,.F.);
#4868 = EDGE_CURVE('',#4852,#4861,#4869,.T.);
#4869 = LINE('',#4870,#4871);
#4870 = CARTESIAN_POINT('',(-0.32,-12.86,-3.));
#4871 = VECTOR('',#4872,1.);
#4872 = DIRECTION('',(1.,0.,0.));
#4873 = PLANE('',#4874);
#4874 = AXIS2_PLACEMENT_3D('',#4875,#4876,#4877);
#4875 = CARTESIAN_POINT('',(-0.32,-12.94,-2.92));
#4876 = DIRECTION('',(1.735167508357E-18,-0.707106781187,-0.707106781187
    ));
#4877 = DIRECTION('',(-1.,-1.226948711654E-18,-1.226948711654E-18));
#4878 = ADVANCED_FACE('',(#4879),#4897,.F.);
#4879 = FACE_BOUND('',#4880,.F.);
#4880 = EDGE_LOOP('',(#4881,#4882,#4883,#4891));
#4881 = ORIENTED_EDGE('',*,*,#4860,.F.);
#4882 = ORIENTED_EDGE('',*,*,#3155,.T.);
#4883 = ORIENTED_EDGE('',*,*,#4884,.T.);
#4884 = EDGE_CURVE('',#3156,#4885,#4887,.T.);
#4885 = VERTEX_POINT('',#4886);
#4886 = CARTESIAN_POINT('',(0.16,-12.54,-3.));
#4887 = LINE('',#4888,#4889);
#4888 = CARTESIAN_POINT('',(5.333333333333E-02,-12.64666666666,
    -3.106666666667));
#4889 = VECTOR('',#4890,1.);
#4890 = DIRECTION('',(-0.57735026919,-0.57735026919,-0.57735026919));
#4891 = ORIENTED_EDGE('',*,*,#4892,.F.);
#4892 = EDGE_CURVE('',#4861,#4885,#4893,.T.);
#4893 = LINE('',#4894,#4895);
#4894 = CARTESIAN_POINT('',(0.16,-13.02,-3.));
#4895 = VECTOR('',#4896,1.);
#4896 = DIRECTION('',(0.,1.,0.));
#4897 = PLANE('',#4898);
#4898 = AXIS2_PLACEMENT_3D('',#4899,#4900,#4901);
#4899 = CARTESIAN_POINT('',(0.24,-13.02,-2.92));
#4900 = DIRECTION('',(-0.707106781187,1.735167508357E-18,0.707106781187)
  );
#4901 = DIRECTION('',(1.226948711654E-18,1.,-1.226948711654E-18));
#4902 = ADVANCED_FACE('',(#4903),#4921,.F.);
#4903 = FACE_BOUND('',#4904,.T.);
#4904 = EDGE_LOOP('',(#4905,#4913,#4914,#4915));
#4905 = ORIENTED_EDGE('',*,*,#4906,.F.);
#4906 = EDGE_CURVE('',#3180,#4907,#4909,.T.);
#4907 = VERTEX_POINT('',#4908);
#4908 = CARTESIAN_POINT('',(-0.16,-12.54,-3.));
#4909 = LINE('',#4910,#4911);
#4910 = CARTESIAN_POINT('',(-0.16,-12.54,-3.));
#4911 = VECTOR('',#4912,1.);
#4912 = DIRECTION('',(0.57735026919,-0.57735026919,-0.57735026919));
#4913 = ORIENTED_EDGE('',*,*,#3179,.T.);
#4914 = ORIENTED_EDGE('',*,*,#4884,.T.);
#4915 = ORIENTED_EDGE('',*,*,#4916,.F.);
#4916 = EDGE_CURVE('',#4907,#4885,#4917,.T.);
#4917 = LINE('',#4918,#4919);
#4918 = CARTESIAN_POINT('',(-0.32,-12.54,-3.));
#4919 = VECTOR('',#4920,1.);
#4920 = DIRECTION('',(1.,0.,0.));
#4921 = PLANE('',#4922);
#4922 = AXIS2_PLACEMENT_3D('',#4923,#4924,#4925);
#4923 = CARTESIAN_POINT('',(-0.32,-12.46,-2.92));
#4924 = DIRECTION('',(-1.735167508357E-18,-0.707106781187,0.707106781187
    ));
#4925 = DIRECTION('',(-1.,1.226948711654E-18,-1.226948711654E-18));
#4926 = ADVANCED_FACE('',(#4927),#4938,.T.);
#4927 = FACE_BOUND('',#4928,.T.);
#4928 = EDGE_LOOP('',(#4929,#4930,#4931,#4932));
#4929 = ORIENTED_EDGE('',*,*,#4851,.F.);
#4930 = ORIENTED_EDGE('',*,*,#3203,.T.);
#4931 = ORIENTED_EDGE('',*,*,#4906,.T.);
#4932 = ORIENTED_EDGE('',*,*,#4933,.F.);
#4933 = EDGE_CURVE('',#4852,#4907,#4934,.T.);
#4934 = LINE('',#4935,#4936);
#4935 = CARTESIAN_POINT('',(-0.16,-13.02,-3.));
#4936 = VECTOR('',#4937,1.);
#4937 = DIRECTION('',(0.,1.,0.));
#4938 = PLANE('',#4939);
#4939 = AXIS2_PLACEMENT_3D('',#4940,#4941,#4942);
#4940 = CARTESIAN_POINT('',(-0.24,-13.02,-2.92));
#4941 = DIRECTION('',(-0.707106781187,-1.735167508357E-18,
    -0.707106781187));
#4942 = DIRECTION('',(-1.226948711654E-18,1.,-1.226948711654E-18));
#4943 = ADVANCED_FACE('',(#4944),#4969,.F.);
#4944 = FACE_BOUND('',#4945,.F.);
#4945 = EDGE_LOOP('',(#4946,#4954,#4955,#4963));
#4946 = ORIENTED_EDGE('',*,*,#4947,.F.);
#4947 = EDGE_CURVE('',#3220,#4948,#4950,.T.);
#4948 = VERTEX_POINT('',#4949);
#4949 = CARTESIAN_POINT('',(0.16,-20.48,-3.));
#4950 = LINE('',#4951,#4952);
#4951 = CARTESIAN_POINT('',(0.16,-20.48,-3.));
#4952 = VECTOR('',#4953,1.);
#4953 = DIRECTION('',(-0.57735026919,0.57735026919,-0.57735026919));
#4954 = ORIENTED_EDGE('',*,*,#3227,.T.);
#4955 = ORIENTED_EDGE('',*,*,#4956,.T.);
#4956 = EDGE_CURVE('',#3228,#4957,#4959,.T.);
#4957 = VERTEX_POINT('',#4958);
#4958 = CARTESIAN_POINT('',(0.16,-20.16,-3.));
#4959 = LINE('',#4960,#4961);
#4960 = CARTESIAN_POINT('',(5.333333333333E-02,-20.26666666666,
    -3.106666666667));
#4961 = VECTOR('',#4962,1.);
#4962 = DIRECTION('',(-0.57735026919,-0.57735026919,-0.57735026919));
#4963 = ORIENTED_EDGE('',*,*,#4964,.F.);
#4964 = EDGE_CURVE('',#4948,#4957,#4965,.T.);
#4965 = LINE('',#4966,#4967);
#4966 = CARTESIAN_POINT('',(0.16,-20.64,-3.));
#4967 = VECTOR('',#4968,1.);
#4968 = DIRECTION('',(0.,1.,0.));
#4969 = PLANE('',#4970);
#4970 = AXIS2_PLACEMENT_3D('',#4971,#4972,#4973);
#4971 = CARTESIAN_POINT('',(0.24,-20.64,-2.92));
#4972 = DIRECTION('',(-0.707106781187,1.735167508357E-18,0.707106781187)
  );
#4973 = DIRECTION('',(1.226948711654E-18,1.,-1.226948711654E-18));
#4974 = ADVANCED_FACE('',(#4975),#4993,.F.);
#4975 = FACE_BOUND('',#4976,.T.);
#4976 = EDGE_LOOP('',(#4977,#4985,#4986,#4987));
#4977 = ORIENTED_EDGE('',*,*,#4978,.F.);
#4978 = EDGE_CURVE('',#3252,#4979,#4981,.T.);
#4979 = VERTEX_POINT('',#4980);
#4980 = CARTESIAN_POINT('',(-0.16,-20.16,-3.));
#4981 = LINE('',#4982,#4983);
#4982 = CARTESIAN_POINT('',(-0.16,-20.16,-3.));
#4983 = VECTOR('',#4984,1.);
#4984 = DIRECTION('',(0.57735026919,-0.57735026919,-0.57735026919));
#4985 = ORIENTED_EDGE('',*,*,#3251,.T.);
#4986 = ORIENTED_EDGE('',*,*,#4956,.T.);
#4987 = ORIENTED_EDGE('',*,*,#4988,.F.);
#4988 = EDGE_CURVE('',#4979,#4957,#4989,.T.);
#4989 = LINE('',#4990,#4991);
#4990 = CARTESIAN_POINT('',(-0.32,-20.16,-3.));
#4991 = VECTOR('',#4992,1.);
#4992 = DIRECTION('',(1.,0.,0.));
#4993 = PLANE('',#4994);
#4994 = AXIS2_PLACEMENT_3D('',#4995,#4996,#4997);
#4995 = CARTESIAN_POINT('',(-0.32,-20.08,-2.92));
#4996 = DIRECTION('',(-1.735167508357E-18,-0.707106781187,0.707106781187
    ));
#4997 = DIRECTION('',(-1.,1.226948711654E-18,-1.226948711654E-18));
#4998 = ADVANCED_FACE('',(#4999),#5017,.T.);
#4999 = FACE_BOUND('',#5000,.T.);
#5000 = EDGE_LOOP('',(#5001,#5009,#5010,#5011));
#5001 = ORIENTED_EDGE('',*,*,#5002,.F.);
#5002 = EDGE_CURVE('',#3275,#5003,#5005,.T.);
#5003 = VERTEX_POINT('',#5004);
#5004 = CARTESIAN_POINT('',(-0.16,-20.48,-3.));
#5005 = LINE('',#5006,#5007);
#5006 = CARTESIAN_POINT('',(-0.266666666667,-20.58666666666,
    -2.893333333333));
#5007 = VECTOR('',#5008,1.);
#5008 = DIRECTION('',(0.57735026919,0.57735026919,-0.57735026919));
#5009 = ORIENTED_EDGE('',*,*,#3282,.T.);
#5010 = ORIENTED_EDGE('',*,*,#4978,.T.);
#5011 = ORIENTED_EDGE('',*,*,#5012,.F.);
#5012 = EDGE_CURVE('',#5003,#4979,#5013,.T.);
#5013 = LINE('',#5014,#5015);
#5014 = CARTESIAN_POINT('',(-0.16,-20.64,-3.));
#5015 = VECTOR('',#5016,1.);
#5016 = DIRECTION('',(0.,1.,0.));
#5017 = PLANE('',#5018);
#5018 = AXIS2_PLACEMENT_3D('',#5019,#5020,#5021);
#5019 = CARTESIAN_POINT('',(-0.24,-20.64,-2.92));
#5020 = DIRECTION('',(-0.707106781187,-1.735167508357E-18,
    -0.707106781187));
#5021 = DIRECTION('',(-1.226948711654E-18,1.,-1.226948711654E-18));
#5022 = ADVANCED_FACE('',(#5023),#5034,.T.);
#5023 = FACE_BOUND('',#5024,.F.);
#5024 = EDGE_LOOP('',(#5025,#5026,#5027,#5028));
#5025 = ORIENTED_EDGE('',*,*,#5002,.F.);
#5026 = ORIENTED_EDGE('',*,*,#3299,.T.);
#5027 = ORIENTED_EDGE('',*,*,#4947,.T.);
#5028 = ORIENTED_EDGE('',*,*,#5029,.F.);
#5029 = EDGE_CURVE('',#5003,#4948,#5030,.T.);
#5030 = LINE('',#5031,#5032);
#5031 = CARTESIAN_POINT('',(-0.32,-20.48,-3.));
#5032 = VECTOR('',#5033,1.);
#5033 = DIRECTION('',(1.,0.,0.));
#5034 = PLANE('',#5035);
#5035 = AXIS2_PLACEMENT_3D('',#5036,#5037,#5038);
#5036 = CARTESIAN_POINT('',(-0.32,-20.56,-2.92));
#5037 = DIRECTION('',(1.735167508357E-18,-0.707106781187,-0.707106781187
    ));
#5038 = DIRECTION('',(-1.,-1.226948711654E-18,-1.226948711654E-18));
#5039 = ADVANCED_FACE('',(#5040),#5065,.F.);
#5040 = FACE_BOUND('',#5041,.T.);
#5041 = EDGE_LOOP('',(#5042,#5050,#5051,#5059));
#5042 = ORIENTED_EDGE('',*,*,#5043,.F.);
#5043 = EDGE_CURVE('',#3324,#5044,#5046,.T.);
#5044 = VERTEX_POINT('',#5045);
#5045 = CARTESIAN_POINT('',(-0.16,-17.62,-3.));
#5046 = LINE('',#5047,#5048);
#5047 = CARTESIAN_POINT('',(-0.16,-17.62,-3.));
#5048 = VECTOR('',#5049,1.);
#5049 = DIRECTION('',(0.57735026919,-0.57735026919,-0.57735026919));
#5050 = ORIENTED_EDGE('',*,*,#3323,.T.);
#5051 = ORIENTED_EDGE('',*,*,#5052,.T.);
#5052 = EDGE_CURVE('',#3316,#5053,#5055,.T.);
#5053 = VERTEX_POINT('',#5054);
#5054 = CARTESIAN_POINT('',(0.16,-17.62,-3.));
#5055 = LINE('',#5056,#5057);
#5056 = CARTESIAN_POINT('',(5.333333333333E-02,-17.72666666666,
    -3.106666666667));
#5057 = VECTOR('',#5058,1.);
#5058 = DIRECTION('',(-0.57735026919,-0.57735026919,-0.57735026919));
#5059 = ORIENTED_EDGE('',*,*,#5060,.F.);
#5060 = EDGE_CURVE('',#5044,#5053,#5061,.T.);
#5061 = LINE('',#5062,#5063);
#5062 = CARTESIAN_POINT('',(-0.32,-17.62,-3.));
#5063 = VECTOR('',#5064,1.);
#5064 = DIRECTION('',(1.,0.,0.));
#5065 = PLANE('',#5066);
#5066 = AXIS2_PLACEMENT_3D('',#5067,#5068,#5069);
#5067 = CARTESIAN_POINT('',(-0.32,-17.54,-2.92));
#5068 = DIRECTION('',(-1.735167508357E-18,-0.707106781187,0.707106781187
    ));
#5069 = DIRECTION('',(-1.,1.226948711654E-18,-1.226948711654E-18));
#5070 = ADVANCED_FACE('',(#5071),#5089,.T.);
#5071 = FACE_BOUND('',#5072,.T.);
#5072 = EDGE_LOOP('',(#5073,#5081,#5082,#5083));
#5073 = ORIENTED_EDGE('',*,*,#5074,.F.);
#5074 = EDGE_CURVE('',#3347,#5075,#5077,.T.);
#5075 = VERTEX_POINT('',#5076);
#5076 = CARTESIAN_POINT('',(-0.16,-17.94,-3.));
#5077 = LINE('',#5078,#5079);
#5078 = CARTESIAN_POINT('',(-0.266666666667,-18.04666666666,
    -2.893333333333));
#5079 = VECTOR('',#5080,1.);
#5080 = DIRECTION('',(0.57735026919,0.57735026919,-0.57735026919));
#5081 = ORIENTED_EDGE('',*,*,#3354,.T.);
#5082 = ORIENTED_EDGE('',*,*,#5043,.T.);
#5083 = ORIENTED_EDGE('',*,*,#5084,.F.);
#5084 = EDGE_CURVE('',#5075,#5044,#5085,.T.);
#5085 = LINE('',#5086,#5087);
#5086 = CARTESIAN_POINT('',(-0.16,-18.1,-3.));
#5087 = VECTOR('',#5088,1.);
#5088 = DIRECTION('',(0.,1.,0.));
#5089 = PLANE('',#5090);
#5090 = AXIS2_PLACEMENT_3D('',#5091,#5092,#5093);
#5091 = CARTESIAN_POINT('',(-0.24,-18.1,-2.92));
#5092 = DIRECTION('',(-0.707106781187,-1.735167508357E-18,
    -0.707106781187));
#5093 = DIRECTION('',(-1.226948711654E-18,1.,-1.226948711654E-18));
#5094 = ADVANCED_FACE('',(#5095),#5113,.T.);
#5095 = FACE_BOUND('',#5096,.F.);
#5096 = EDGE_LOOP('',(#5097,#5098,#5099,#5107));
#5097 = ORIENTED_EDGE('',*,*,#5074,.F.);
#5098 = ORIENTED_EDGE('',*,*,#3378,.T.);
#5099 = ORIENTED_EDGE('',*,*,#5100,.T.);
#5100 = EDGE_CURVE('',#3371,#5101,#5103,.T.);
#5101 = VERTEX_POINT('',#5102);
#5102 = CARTESIAN_POINT('',(0.16,-17.94,-3.));
#5103 = LINE('',#5104,#5105);
#5104 = CARTESIAN_POINT('',(0.16,-17.94,-3.));
#5105 = VECTOR('',#5106,1.);
#5106 = DIRECTION('',(-0.57735026919,0.57735026919,-0.57735026919));
#5107 = ORIENTED_EDGE('',*,*,#5108,.F.);
#5108 = EDGE_CURVE('',#5075,#5101,#5109,.T.);
#5109 = LINE('',#5110,#5111);
#5110 = CARTESIAN_POINT('',(-0.32,-17.94,-3.));
#5111 = VECTOR('',#5112,1.);
#5112 = DIRECTION('',(1.,0.,0.));
#5113 = PLANE('',#5114);
#5114 = AXIS2_PLACEMENT_3D('',#5115,#5116,#5117);
#5115 = CARTESIAN_POINT('',(-0.32,-18.02,-2.92));
#5116 = DIRECTION('',(1.735167508357E-18,-0.707106781187,-0.707106781187
    ));
#5117 = DIRECTION('',(-1.,-1.226948711654E-18,-1.226948711654E-18));
#5118 = ADVANCED_FACE('',(#5119),#5130,.F.);
#5119 = FACE_BOUND('',#5120,.F.);
#5120 = EDGE_LOOP('',(#5121,#5122,#5123,#5124));
#5121 = ORIENTED_EDGE('',*,*,#5100,.F.);
#5122 = ORIENTED_EDGE('',*,*,#3395,.T.);
#5123 = ORIENTED_EDGE('',*,*,#5052,.T.);
#5124 = ORIENTED_EDGE('',*,*,#5125,.F.);
#5125 = EDGE_CURVE('',#5101,#5053,#5126,.T.);
#5126 = LINE('',#5127,#5128);
#5127 = CARTESIAN_POINT('',(0.16,-18.1,-3.));
#5128 = VECTOR('',#5129,1.);
#5129 = DIRECTION('',(0.,1.,0.));
#5130 = PLANE('',#5131);
#5131 = AXIS2_PLACEMENT_3D('',#5132,#5133,#5134);
#5132 = CARTESIAN_POINT('',(0.24,-18.1,-2.92));
#5133 = DIRECTION('',(-0.707106781187,1.735167508357E-18,0.707106781187)
  );
#5134 = DIRECTION('',(1.226948711654E-18,1.,-1.226948711654E-18));
#5135 = ADVANCED_FACE('',(#5136),#5161,.T.);
#5136 = FACE_BOUND('',#5137,.T.);
#5137 = EDGE_LOOP('',(#5138,#5146,#5147,#5155));
#5138 = ORIENTED_EDGE('',*,*,#5139,.F.);
#5139 = EDGE_CURVE('',#3412,#5140,#5142,.T.);
#5140 = VERTEX_POINT('',#5141);
#5141 = CARTESIAN_POINT('',(0.16,-0.16,8.54));
#5142 = LINE('',#5143,#5144);
#5143 = CARTESIAN_POINT('',(0.16,-0.16,8.54));
#5144 = VECTOR('',#5145,1.);
#5145 = DIRECTION('',(-0.57735026919,0.57735026919,0.57735026919));
#5146 = ORIENTED_EDGE('',*,*,#3428,.T.);
#5147 = ORIENTED_EDGE('',*,*,#5148,.T.);
#5148 = EDGE_CURVE('',#3421,#5149,#5151,.T.);
#5149 = VERTEX_POINT('',#5150);
#5150 = CARTESIAN_POINT('',(0.16,0.16,8.54));
#5151 = LINE('',#5152,#5153);
#5152 = CARTESIAN_POINT('',(5.333333333333E-02,5.333333333333E-02,
    8.646666666667));
#5153 = VECTOR('',#5154,1.);
#5154 = DIRECTION('',(-0.57735026919,-0.57735026919,0.57735026919));
#5155 = ORIENTED_EDGE('',*,*,#5156,.F.);
#5156 = EDGE_CURVE('',#5140,#5149,#5157,.T.);
#5157 = LINE('',#5158,#5159);
#5158 = CARTESIAN_POINT('',(0.16,-0.32,8.54));
#5159 = VECTOR('',#5160,1.);
#5160 = DIRECTION('',(0.,1.,0.));
#5161 = PLANE('',#5162);
#5162 = AXIS2_PLACEMENT_3D('',#5163,#5164,#5165);
#5163 = CARTESIAN_POINT('',(0.24,-0.32,8.46));
#5164 = DIRECTION('',(0.707106781187,-1.735167508357E-18,0.707106781187)
  );
#5165 = DIRECTION('',(1.226948711654E-18,1.,1.226948711654E-18));
#5166 = ADVANCED_FACE('',(#5167),#5185,.T.);
#5167 = FACE_BOUND('',#5168,.F.);
#5168 = EDGE_LOOP('',(#5169,#5177,#5178,#5179));
#5169 = ORIENTED_EDGE('',*,*,#5170,.F.);
#5170 = EDGE_CURVE('',#3445,#5171,#5173,.T.);
#5171 = VERTEX_POINT('',#5172);
#5172 = CARTESIAN_POINT('',(-0.16,0.16,8.54));
#5173 = LINE('',#5174,#5175);
#5174 = CARTESIAN_POINT('',(-0.16,0.16,8.54));
#5175 = VECTOR('',#5176,1.);
#5176 = DIRECTION('',(0.57735026919,-0.57735026919,0.57735026919));
#5177 = ORIENTED_EDGE('',*,*,#3452,.T.);
#5178 = ORIENTED_EDGE('',*,*,#5148,.T.);
#5179 = ORIENTED_EDGE('',*,*,#5180,.F.);
#5180 = EDGE_CURVE('',#5171,#5149,#5181,.T.);
#5181 = LINE('',#5182,#5183);
#5182 = CARTESIAN_POINT('',(-0.32,0.16,8.54));
#5183 = VECTOR('',#5184,1.);
#5184 = DIRECTION('',(1.,0.,0.));
#5185 = PLANE('',#5186);
#5186 = AXIS2_PLACEMENT_3D('',#5187,#5188,#5189);
#5187 = CARTESIAN_POINT('',(-0.32,0.24,8.46));
#5188 = DIRECTION('',(1.735167508357E-18,0.707106781187,0.707106781187)
  );
#5189 = DIRECTION('',(-1.,1.226948711654E-18,1.226948711654E-18));
#5190 = ADVANCED_FACE('',(#5191),#5209,.F.);
#5191 = FACE_BOUND('',#5192,.F.);
#5192 = EDGE_LOOP('',(#5193,#5201,#5202,#5203));
#5193 = ORIENTED_EDGE('',*,*,#5194,.F.);
#5194 = EDGE_CURVE('',#3467,#5195,#5197,.T.);
#5195 = VERTEX_POINT('',#5196);
#5196 = CARTESIAN_POINT('',(-0.16,-0.16,8.54));
#5197 = LINE('',#5198,#5199);
#5198 = CARTESIAN_POINT('',(-0.266666666667,-0.266666666667,
    8.433333333333));
#5199 = VECTOR('',#5200,1.);
#5200 = DIRECTION('',(0.57735026919,0.57735026919,0.57735026919));
#5201 = ORIENTED_EDGE('',*,*,#3476,.T.);
#5202 = ORIENTED_EDGE('',*,*,#5170,.T.);
#5203 = ORIENTED_EDGE('',*,*,#5204,.F.);
#5204 = EDGE_CURVE('',#5195,#5171,#5205,.T.);
#5205 = LINE('',#5206,#5207);
#5206 = CARTESIAN_POINT('',(-0.16,-0.32,8.54));
#5207 = VECTOR('',#5208,1.);
#5208 = DIRECTION('',(0.,1.,0.));
#5209 = PLANE('',#5210);
#5210 = AXIS2_PLACEMENT_3D('',#5211,#5212,#5213);
#5211 = CARTESIAN_POINT('',(-0.24,-0.32,8.46));
#5212 = DIRECTION('',(0.707106781187,1.735167508357E-18,-0.707106781187)
  );
#5213 = DIRECTION('',(-1.226948711654E-18,1.,1.226948711654E-18));
#5214 = ADVANCED_FACE('',(#5215),#5226,.F.);
#5215 = FACE_BOUND('',#5216,.T.);
#5216 = EDGE_LOOP('',(#5217,#5218,#5219,#5220));
#5217 = ORIENTED_EDGE('',*,*,#5194,.F.);
#5218 = ORIENTED_EDGE('',*,*,#3493,.T.);
#5219 = ORIENTED_EDGE('',*,*,#5139,.T.);
#5220 = ORIENTED_EDGE('',*,*,#5221,.F.);
#5221 = EDGE_CURVE('',#5195,#5140,#5222,.T.);
#5222 = LINE('',#5223,#5224);
#5223 = CARTESIAN_POINT('',(-0.32,-0.16,8.54));
#5224 = VECTOR('',#5225,1.);
#5225 = DIRECTION('',(1.,0.,0.));
#5226 = PLANE('',#5227);
#5227 = AXIS2_PLACEMENT_3D('',#5228,#5229,#5230);
#5228 = CARTESIAN_POINT('',(-0.32,-0.24,8.46));
#5229 = DIRECTION('',(-1.735167508357E-18,0.707106781187,-0.707106781187
    ));
#5230 = DIRECTION('',(-1.,-1.226948711654E-18,1.226948711654E-18));
#5231 = ADVANCED_FACE('',(#5232),#5257,.T.);
#5232 = FACE_BOUND('',#5233,.F.);
#5233 = EDGE_LOOP('',(#5234,#5242,#5243,#5251));
#5234 = ORIENTED_EDGE('',*,*,#5235,.F.);
#5235 = EDGE_CURVE('',#3517,#5236,#5238,.T.);
#5236 = VERTEX_POINT('',#5237);
#5237 = CARTESIAN_POINT('',(-0.16,-2.38,8.54));
#5238 = LINE('',#5239,#5240);
#5239 = CARTESIAN_POINT('',(-0.16,-2.38,8.54));
#5240 = VECTOR('',#5241,1.);
#5241 = DIRECTION('',(0.57735026919,-0.57735026919,0.57735026919));
#5242 = ORIENTED_EDGE('',*,*,#3524,.T.);
#5243 = ORIENTED_EDGE('',*,*,#5244,.T.);
#5244 = EDGE_CURVE('',#3508,#5245,#5247,.T.);
#5245 = VERTEX_POINT('',#5246);
#5246 = CARTESIAN_POINT('',(0.16,-2.38,8.54));
#5247 = LINE('',#5248,#5249);
#5248 = CARTESIAN_POINT('',(5.333333333333E-02,-2.486666666667,
    8.646666666667));
#5249 = VECTOR('',#5250,1.);
#5250 = DIRECTION('',(-0.57735026919,-0.57735026919,0.57735026919));
#5251 = ORIENTED_EDGE('',*,*,#5252,.F.);
#5252 = EDGE_CURVE('',#5236,#5245,#5253,.T.);
#5253 = LINE('',#5254,#5255);
#5254 = CARTESIAN_POINT('',(-0.32,-2.38,8.54));
#5255 = VECTOR('',#5256,1.);
#5256 = DIRECTION('',(1.,0.,0.));
#5257 = PLANE('',#5258);
#5258 = AXIS2_PLACEMENT_3D('',#5259,#5260,#5261);
#5259 = CARTESIAN_POINT('',(-0.32,-2.3,8.46));
#5260 = DIRECTION('',(1.735167508357E-18,0.707106781187,0.707106781187)
  );
#5261 = DIRECTION('',(-1.,1.226948711654E-18,1.226948711654E-18));
#5262 = ADVANCED_FACE('',(#5263),#5281,.F.);
#5263 = FACE_BOUND('',#5264,.F.);
#5264 = EDGE_LOOP('',(#5265,#5273,#5274,#5275));
#5265 = ORIENTED_EDGE('',*,*,#5266,.F.);
#5266 = EDGE_CURVE('',#3539,#5267,#5269,.T.);
#5267 = VERTEX_POINT('',#5268);
#5268 = CARTESIAN_POINT('',(-0.16,-2.7,8.54));
#5269 = LINE('',#5270,#5271);
#5270 = CARTESIAN_POINT('',(-0.266666666667,-2.806666666667,
    8.433333333333));
#5271 = VECTOR('',#5272,1.);
#5272 = DIRECTION('',(0.57735026919,0.57735026919,0.57735026919));
#5273 = ORIENTED_EDGE('',*,*,#3548,.T.);
#5274 = ORIENTED_EDGE('',*,*,#5235,.T.);
#5275 = ORIENTED_EDGE('',*,*,#5276,.F.);
#5276 = EDGE_CURVE('',#5267,#5236,#5277,.T.);
#5277 = LINE('',#5278,#5279);
#5278 = CARTESIAN_POINT('',(-0.16,-2.86,8.54));
#5279 = VECTOR('',#5280,1.);
#5280 = DIRECTION('',(0.,1.,0.));
#5281 = PLANE('',#5282);
#5282 = AXIS2_PLACEMENT_3D('',#5283,#5284,#5285);
#5283 = CARTESIAN_POINT('',(-0.24,-2.86,8.46));
#5284 = DIRECTION('',(0.707106781187,1.735167508357E-18,-0.707106781187)
  );
#5285 = DIRECTION('',(-1.226948711654E-18,1.,1.226948711654E-18));
#5286 = ADVANCED_FACE('',(#5287),#5305,.F.);
#5287 = FACE_BOUND('',#5288,.T.);
#5288 = EDGE_LOOP('',(#5289,#5290,#5291,#5299));
#5289 = ORIENTED_EDGE('',*,*,#5266,.F.);
#5290 = ORIENTED_EDGE('',*,*,#3572,.T.);
#5291 = ORIENTED_EDGE('',*,*,#5292,.T.);
#5292 = EDGE_CURVE('',#3563,#5293,#5295,.T.);
#5293 = VERTEX_POINT('',#5294);
#5294 = CARTESIAN_POINT('',(0.16,-2.7,8.54));
#5295 = LINE('',#5296,#5297);
#5296 = CARTESIAN_POINT('',(0.16,-2.7,8.54));
#5297 = VECTOR('',#5298,1.);
#5298 = DIRECTION('',(-0.57735026919,0.57735026919,0.57735026919));
#5299 = ORIENTED_EDGE('',*,*,#5300,.F.);
#5300 = EDGE_CURVE('',#5267,#5293,#5301,.T.);
#5301 = LINE('',#5302,#5303);
#5302 = CARTESIAN_POINT('',(-0.32,-2.7,8.54));
#5303 = VECTOR('',#5304,1.);
#5304 = DIRECTION('',(1.,0.,0.));
#5305 = PLANE('',#5306);
#5306 = AXIS2_PLACEMENT_3D('',#5307,#5308,#5309);
#5307 = CARTESIAN_POINT('',(-0.32,-2.78,8.46));
#5308 = DIRECTION('',(-1.735167508357E-18,0.707106781187,-0.707106781187
    ));
#5309 = DIRECTION('',(-1.,-1.226948711654E-18,1.226948711654E-18));
#5310 = ADVANCED_FACE('',(#5311),#5322,.T.);
#5311 = FACE_BOUND('',#5312,.T.);
#5312 = EDGE_LOOP('',(#5313,#5314,#5315,#5316));
#5313 = ORIENTED_EDGE('',*,*,#5292,.F.);
#5314 = ORIENTED_EDGE('',*,*,#3589,.T.);
#5315 = ORIENTED_EDGE('',*,*,#5244,.T.);
#5316 = ORIENTED_EDGE('',*,*,#5317,.F.);
#5317 = EDGE_CURVE('',#5293,#5245,#5318,.T.);
#5318 = LINE('',#5319,#5320);
#5319 = CARTESIAN_POINT('',(0.16,-2.86,8.54));
#5320 = VECTOR('',#5321,1.);
#5321 = DIRECTION('',(0.,1.,0.));
#5322 = PLANE('',#5323);
#5323 = AXIS2_PLACEMENT_3D('',#5324,#5325,#5326);
#5324 = CARTESIAN_POINT('',(0.24,-2.86,8.46));
#5325 = DIRECTION('',(0.707106781187,-1.735167508357E-18,0.707106781187)
  );
#5326 = DIRECTION('',(1.226948711654E-18,1.,1.226948711654E-18));
#5327 = ADVANCED_FACE('',(#5328),#5353,.T.);
#5328 = FACE_BOUND('',#5329,.T.);
#5329 = EDGE_LOOP('',(#5330,#5338,#5339,#5347));
#5330 = ORIENTED_EDGE('',*,*,#5331,.F.);
#5331 = EDGE_CURVE('',#3604,#5332,#5334,.T.);
#5332 = VERTEX_POINT('',#5333);
#5333 = CARTESIAN_POINT('',(0.16,-5.24,8.54));
#5334 = LINE('',#5335,#5336);
#5335 = CARTESIAN_POINT('',(0.16,-5.24,8.54));
#5336 = VECTOR('',#5337,1.);
#5337 = DIRECTION('',(-0.57735026919,0.57735026919,0.57735026919));
#5338 = ORIENTED_EDGE('',*,*,#3620,.T.);
#5339 = ORIENTED_EDGE('',*,*,#5340,.T.);
#5340 = EDGE_CURVE('',#3613,#5341,#5343,.T.);
#5341 = VERTEX_POINT('',#5342);
#5342 = CARTESIAN_POINT('',(0.16,-4.92,8.54));
#5343 = LINE('',#5344,#5345);
#5344 = CARTESIAN_POINT('',(5.333333333333E-02,-5.026666666667,
    8.646666666667));
#5345 = VECTOR('',#5346,1.);
#5346 = DIRECTION('',(-0.57735026919,-0.57735026919,0.57735026919));
#5347 = ORIENTED_EDGE('',*,*,#5348,.F.);
#5348 = EDGE_CURVE('',#5332,#5341,#5349,.T.);
#5349 = LINE('',#5350,#5351);
#5350 = CARTESIAN_POINT('',(0.16,-5.4,8.54));
#5351 = VECTOR('',#5352,1.);
#5352 = DIRECTION('',(0.,1.,0.));
#5353 = PLANE('',#5354);
#5354 = AXIS2_PLACEMENT_3D('',#5355,#5356,#5357);
#5355 = CARTESIAN_POINT('',(0.24,-5.4,8.46));
#5356 = DIRECTION('',(0.707106781187,-1.735167508357E-18,0.707106781187)
  );
#5357 = DIRECTION('',(1.226948711654E-18,1.,1.226948711654E-18));
#5358 = ADVANCED_FACE('',(#5359),#5377,.T.);
#5359 = FACE_BOUND('',#5360,.F.);
#5360 = EDGE_LOOP('',(#5361,#5369,#5370,#5371));
#5361 = ORIENTED_EDGE('',*,*,#5362,.F.);
#5362 = EDGE_CURVE('',#3637,#5363,#5365,.T.);
#5363 = VERTEX_POINT('',#5364);
#5364 = CARTESIAN_POINT('',(-0.16,-4.92,8.54));
#5365 = LINE('',#5366,#5367);
#5366 = CARTESIAN_POINT('',(-0.16,-4.92,8.54));
#5367 = VECTOR('',#5368,1.);
#5368 = DIRECTION('',(0.57735026919,-0.57735026919,0.57735026919));
#5369 = ORIENTED_EDGE('',*,*,#3644,.T.);
#5370 = ORIENTED_EDGE('',*,*,#5340,.T.);
#5371 = ORIENTED_EDGE('',*,*,#5372,.F.);
#5372 = EDGE_CURVE('',#5363,#5341,#5373,.T.);
#5373 = LINE('',#5374,#5375);
#5374 = CARTESIAN_POINT('',(-0.32,-4.92,8.54));
#5375 = VECTOR('',#5376,1.);
#5376 = DIRECTION('',(1.,0.,0.));
#5377 = PLANE('',#5378);
#5378 = AXIS2_PLACEMENT_3D('',#5379,#5380,#5381);
#5379 = CARTESIAN_POINT('',(-0.32,-4.84,8.46));
#5380 = DIRECTION('',(1.735167508357E-18,0.707106781187,0.707106781187)
  );
#5381 = DIRECTION('',(-1.,1.226948711654E-18,1.226948711654E-18));
#5382 = ADVANCED_FACE('',(#5383),#5401,.F.);
#5383 = FACE_BOUND('',#5384,.F.);
#5384 = EDGE_LOOP('',(#5385,#5393,#5394,#5395));
#5385 = ORIENTED_EDGE('',*,*,#5386,.F.);
#5386 = EDGE_CURVE('',#3659,#5387,#5389,.T.);
#5387 = VERTEX_POINT('',#5388);
#5388 = CARTESIAN_POINT('',(-0.16,-5.24,8.54));
#5389 = LINE('',#5390,#5391);
#5390 = CARTESIAN_POINT('',(-0.266666666667,-5.346666666667,
    8.433333333333));
#5391 = VECTOR('',#5392,1.);
#5392 = DIRECTION('',(0.57735026919,0.57735026919,0.57735026919));
#5393 = ORIENTED_EDGE('',*,*,#3668,.T.);
#5394 = ORIENTED_EDGE('',*,*,#5362,.T.);
#5395 = ORIENTED_EDGE('',*,*,#5396,.F.);
#5396 = EDGE_CURVE('',#5387,#5363,#5397,.T.);
#5397 = LINE('',#5398,#5399);
#5398 = CARTESIAN_POINT('',(-0.16,-5.4,8.54));
#5399 = VECTOR('',#5400,1.);
#5400 = DIRECTION('',(0.,1.,0.));
#5401 = PLANE('',#5402);
#5402 = AXIS2_PLACEMENT_3D('',#5403,#5404,#5405);
#5403 = CARTESIAN_POINT('',(-0.24,-5.4,8.46));
#5404 = DIRECTION('',(0.707106781187,1.735167508357E-18,-0.707106781187)
  );
#5405 = DIRECTION('',(-1.226948711654E-18,1.,1.226948711654E-18));
#5406 = ADVANCED_FACE('',(#5407),#5418,.F.);
#5407 = FACE_BOUND('',#5408,.T.);
#5408 = EDGE_LOOP('',(#5409,#5410,#5411,#5412));
#5409 = ORIENTED_EDGE('',*,*,#5386,.F.);
#5410 = ORIENTED_EDGE('',*,*,#3685,.T.);
#5411 = ORIENTED_EDGE('',*,*,#5331,.T.);
#5412 = ORIENTED_EDGE('',*,*,#5413,.F.);
#5413 = EDGE_CURVE('',#5387,#5332,#5414,.T.);
#5414 = LINE('',#5415,#5416);
#5415 = CARTESIAN_POINT('',(-0.32,-5.24,8.54));
#5416 = VECTOR('',#5417,1.);
#5417 = DIRECTION('',(1.,0.,0.));
#5418 = PLANE('',#5419);
#5419 = AXIS2_PLACEMENT_3D('',#5420,#5421,#5422);
#5420 = CARTESIAN_POINT('',(-0.32,-5.32,8.46));
#5421 = DIRECTION('',(-1.735167508357E-18,0.707106781187,-0.707106781187
    ));
#5422 = DIRECTION('',(-1.,-1.226948711654E-18,1.226948711654E-18));
#5423 = ADVANCED_FACE('',(#5424),#5449,.T.);
#5424 = FACE_BOUND('',#5425,.F.);
#5425 = EDGE_LOOP('',(#5426,#5434,#5435,#5443));
#5426 = ORIENTED_EDGE('',*,*,#5427,.F.);
#5427 = EDGE_CURVE('',#3709,#5428,#5430,.T.);
#5428 = VERTEX_POINT('',#5429);
#5429 = CARTESIAN_POINT('',(-0.16,-7.46,8.54));
#5430 = LINE('',#5431,#5432);
#5431 = CARTESIAN_POINT('',(-0.16,-7.46,8.54));
#5432 = VECTOR('',#5433,1.);
#5433 = DIRECTION('',(0.57735026919,-0.57735026919,0.57735026919));
#5434 = ORIENTED_EDGE('',*,*,#3716,.T.);
#5435 = ORIENTED_EDGE('',*,*,#5436,.T.);
#5436 = EDGE_CURVE('',#3700,#5437,#5439,.T.);
#5437 = VERTEX_POINT('',#5438);
#5438 = CARTESIAN_POINT('',(0.16,-7.46,8.54));
#5439 = LINE('',#5440,#5441);
#5440 = CARTESIAN_POINT('',(5.333333333333E-02,-7.566666666667,
    8.646666666667));
#5441 = VECTOR('',#5442,1.);
#5442 = DIRECTION('',(-0.57735026919,-0.57735026919,0.57735026919));
#5443 = ORIENTED_EDGE('',*,*,#5444,.F.);
#5444 = EDGE_CURVE('',#5428,#5437,#5445,.T.);
#5445 = LINE('',#5446,#5447);
#5446 = CARTESIAN_POINT('',(-0.32,-7.46,8.54));
#5447 = VECTOR('',#5448,1.);
#5448 = DIRECTION('',(1.,0.,0.));
#5449 = PLANE('',#5450);
#5450 = AXIS2_PLACEMENT_3D('',#5451,#5452,#5453);
#5451 = CARTESIAN_POINT('',(-0.32,-7.38,8.46));
#5452 = DIRECTION('',(1.735167508357E-18,0.707106781187,0.707106781187)
  );
#5453 = DIRECTION('',(-1.,1.226948711654E-18,1.226948711654E-18));
#5454 = ADVANCED_FACE('',(#5455),#5473,.F.);
#5455 = FACE_BOUND('',#5456,.F.);
#5456 = EDGE_LOOP('',(#5457,#5465,#5466,#5467));
#5457 = ORIENTED_EDGE('',*,*,#5458,.F.);
#5458 = EDGE_CURVE('',#3731,#5459,#5461,.T.);
#5459 = VERTEX_POINT('',#5460);
#5460 = CARTESIAN_POINT('',(-0.16,-7.78,8.54));
#5461 = LINE('',#5462,#5463);
#5462 = CARTESIAN_POINT('',(-0.266666666667,-7.886666666667,
    8.433333333333));
#5463 = VECTOR('',#5464,1.);
#5464 = DIRECTION('',(0.57735026919,0.57735026919,0.57735026919));
#5465 = ORIENTED_EDGE('',*,*,#3740,.T.);
#5466 = ORIENTED_EDGE('',*,*,#5427,.T.);
#5467 = ORIENTED_EDGE('',*,*,#5468,.F.);
#5468 = EDGE_CURVE('',#5459,#5428,#5469,.T.);
#5469 = LINE('',#5470,#5471);
#5470 = CARTESIAN_POINT('',(-0.16,-7.94,8.54));
#5471 = VECTOR('',#5472,1.);
#5472 = DIRECTION('',(0.,1.,0.));
#5473 = PLANE('',#5474);
#5474 = AXIS2_PLACEMENT_3D('',#5475,#5476,#5477);
#5475 = CARTESIAN_POINT('',(-0.24,-7.94,8.46));
#5476 = DIRECTION('',(0.707106781187,1.735167508357E-18,-0.707106781187)
  );
#5477 = DIRECTION('',(-1.226948711654E-18,1.,1.226948711654E-18));
#5478 = ADVANCED_FACE('',(#5479),#5497,.F.);
#5479 = FACE_BOUND('',#5480,.T.);
#5480 = EDGE_LOOP('',(#5481,#5482,#5483,#5491));
#5481 = ORIENTED_EDGE('',*,*,#5458,.F.);
#5482 = ORIENTED_EDGE('',*,*,#3764,.T.);
#5483 = ORIENTED_EDGE('',*,*,#5484,.T.);
#5484 = EDGE_CURVE('',#3755,#5485,#5487,.T.);
#5485 = VERTEX_POINT('',#5486);
#5486 = CARTESIAN_POINT('',(0.16,-7.78,8.54));
#5487 = LINE('',#5488,#5489);
#5488 = CARTESIAN_POINT('',(0.16,-7.78,8.54));
#5489 = VECTOR('',#5490,1.);
#5490 = DIRECTION('',(-0.57735026919,0.57735026919,0.57735026919));
#5491 = ORIENTED_EDGE('',*,*,#5492,.F.);
#5492 = EDGE_CURVE('',#5459,#5485,#5493,.T.);
#5493 = LINE('',#5494,#5495);
#5494 = CARTESIAN_POINT('',(-0.32,-7.78,8.54));
#5495 = VECTOR('',#5496,1.);
#5496 = DIRECTION('',(1.,0.,0.));
#5497 = PLANE('',#5498);
#5498 = AXIS2_PLACEMENT_3D('',#5499,#5500,#5501);
#5499 = CARTESIAN_POINT('',(-0.32,-7.86,8.46));
#5500 = DIRECTION('',(-1.735167508357E-18,0.707106781187,-0.707106781187
    ));
#5501 = DIRECTION('',(-1.,-1.226948711654E-18,1.226948711654E-18));
#5502 = ADVANCED_FACE('',(#5503),#5514,.T.);
#5503 = FACE_BOUND('',#5504,.T.);
#5504 = EDGE_LOOP('',(#5505,#5506,#5507,#5508));
#5505 = ORIENTED_EDGE('',*,*,#5484,.F.);
#5506 = ORIENTED_EDGE('',*,*,#3781,.T.);
#5507 = ORIENTED_EDGE('',*,*,#5436,.T.);
#5508 = ORIENTED_EDGE('',*,*,#5509,.F.);
#5509 = EDGE_CURVE('',#5485,#5437,#5510,.T.);
#5510 = LINE('',#5511,#5512);
#5511 = CARTESIAN_POINT('',(0.16,-7.94,8.54));
#5512 = VECTOR('',#5513,1.);
#5513 = DIRECTION('',(0.,1.,0.));
#5514 = PLANE('',#5515);
#5515 = AXIS2_PLACEMENT_3D('',#5516,#5517,#5518);
#5516 = CARTESIAN_POINT('',(0.24,-7.94,8.46));
#5517 = DIRECTION('',(0.707106781187,-1.735167508357E-18,0.707106781187)
  );
#5518 = DIRECTION('',(1.226948711654E-18,1.,1.226948711654E-18));
#5519 = ADVANCED_FACE('',(#5520),#5545,.T.);
#5520 = FACE_BOUND('',#5521,.T.);
#5521 = EDGE_LOOP('',(#5522,#5530,#5531,#5539));
#5522 = ORIENTED_EDGE('',*,*,#5523,.F.);
#5523 = EDGE_CURVE('',#3796,#5524,#5526,.T.);
#5524 = VERTEX_POINT('',#5525);
#5525 = CARTESIAN_POINT('',(0.16,-15.4,8.54));
#5526 = LINE('',#5527,#5528);
#5527 = CARTESIAN_POINT('',(0.16,-15.4,8.54));
#5528 = VECTOR('',#5529,1.);
#5529 = DIRECTION('',(-0.57735026919,0.57735026919,0.57735026919));
#5530 = ORIENTED_EDGE('',*,*,#3812,.T.);
#5531 = ORIENTED_EDGE('',*,*,#5532,.T.);
#5532 = EDGE_CURVE('',#3805,#5533,#5535,.T.);
#5533 = VERTEX_POINT('',#5534);
#5534 = CARTESIAN_POINT('',(0.16,-15.08,8.54));
#5535 = LINE('',#5536,#5537);
#5536 = CARTESIAN_POINT('',(5.333333333333E-02,-15.18666666666,
    8.646666666667));
#5537 = VECTOR('',#5538,1.);
#5538 = DIRECTION('',(-0.57735026919,-0.57735026919,0.57735026919));
#5539 = ORIENTED_EDGE('',*,*,#5540,.F.);
#5540 = EDGE_CURVE('',#5524,#5533,#5541,.T.);
#5541 = LINE('',#5542,#5543);
#5542 = CARTESIAN_POINT('',(0.16,-15.56,8.54));
#5543 = VECTOR('',#5544,1.);
#5544 = DIRECTION('',(0.,1.,0.));
#5545 = PLANE('',#5546);
#5546 = AXIS2_PLACEMENT_3D('',#5547,#5548,#5549);
#5547 = CARTESIAN_POINT('',(0.24,-15.56,8.46));
#5548 = DIRECTION('',(0.707106781187,-1.735167508357E-18,0.707106781187)
  );
#5549 = DIRECTION('',(1.226948711654E-18,1.,1.226948711654E-18));
#5550 = ADVANCED_FACE('',(#5551),#5569,.T.);
#5551 = FACE_BOUND('',#5552,.F.);
#5552 = EDGE_LOOP('',(#5553,#5561,#5562,#5563));
#5553 = ORIENTED_EDGE('',*,*,#5554,.F.);
#5554 = EDGE_CURVE('',#3829,#5555,#5557,.T.);
#5555 = VERTEX_POINT('',#5556);
#5556 = CARTESIAN_POINT('',(-0.16,-15.08,8.54));
#5557 = LINE('',#5558,#5559);
#5558 = CARTESIAN_POINT('',(-0.16,-15.08,8.54));
#5559 = VECTOR('',#5560,1.);
#5560 = DIRECTION('',(0.57735026919,-0.57735026919,0.57735026919));
#5561 = ORIENTED_EDGE('',*,*,#3836,.T.);
#5562 = ORIENTED_EDGE('',*,*,#5532,.T.);
#5563 = ORIENTED_EDGE('',*,*,#5564,.F.);
#5564 = EDGE_CURVE('',#5555,#5533,#5565,.T.);
#5565 = LINE('',#5566,#5567);
#5566 = CARTESIAN_POINT('',(-0.32,-15.08,8.54));
#5567 = VECTOR('',#5568,1.);
#5568 = DIRECTION('',(1.,0.,0.));
#5569 = PLANE('',#5570);
#5570 = AXIS2_PLACEMENT_3D('',#5571,#5572,#5573);
#5571 = CARTESIAN_POINT('',(-0.32,-15.,8.46));
#5572 = DIRECTION('',(1.735167508357E-18,0.707106781187,0.707106781187)
  );
#5573 = DIRECTION('',(-1.,1.226948711654E-18,1.226948711654E-18));
#5574 = ADVANCED_FACE('',(#5575),#5593,.F.);
#5575 = FACE_BOUND('',#5576,.F.);
#5576 = EDGE_LOOP('',(#5577,#5585,#5586,#5587));
#5577 = ORIENTED_EDGE('',*,*,#5578,.F.);
#5578 = EDGE_CURVE('',#3851,#5579,#5581,.T.);
#5579 = VERTEX_POINT('',#5580);
#5580 = CARTESIAN_POINT('',(-0.16,-15.4,8.54));
#5581 = LINE('',#5582,#5583);
#5582 = CARTESIAN_POINT('',(-0.266666666667,-15.50666666666,
    8.433333333333));
#5583 = VECTOR('',#5584,1.);
#5584 = DIRECTION('',(0.57735026919,0.57735026919,0.57735026919));
#5585 = ORIENTED_EDGE('',*,*,#3860,.T.);
#5586 = ORIENTED_EDGE('',*,*,#5554,.T.);
#5587 = ORIENTED_EDGE('',*,*,#5588,.F.);
#5588 = EDGE_CURVE('',#5579,#5555,#5589,.T.);
#5589 = LINE('',#5590,#5591);
#5590 = CARTESIAN_POINT('',(-0.16,-15.56,8.54));
#5591 = VECTOR('',#5592,1.);
#5592 = DIRECTION('',(0.,1.,0.));
#5593 = PLANE('',#5594);
#5594 = AXIS2_PLACEMENT_3D('',#5595,#5596,#5597);
#5595 = CARTESIAN_POINT('',(-0.24,-15.56,8.46));
#5596 = DIRECTION('',(0.707106781187,1.735167508357E-18,-0.707106781187)
  );
#5597 = DIRECTION('',(-1.226948711654E-18,1.,1.226948711654E-18));
#5598 = ADVANCED_FACE('',(#5599),#5610,.F.);
#5599 = FACE_BOUND('',#5600,.T.);
#5600 = EDGE_LOOP('',(#5601,#5602,#5603,#5604));
#5601 = ORIENTED_EDGE('',*,*,#5578,.F.);
#5602 = ORIENTED_EDGE('',*,*,#3877,.T.);
#5603 = ORIENTED_EDGE('',*,*,#5523,.T.);
#5604 = ORIENTED_EDGE('',*,*,#5605,.F.);
#5605 = EDGE_CURVE('',#5579,#5524,#5606,.T.);
#5606 = LINE('',#5607,#5608);
#5607 = CARTESIAN_POINT('',(-0.32,-15.4,8.54));
#5608 = VECTOR('',#5609,1.);
#5609 = DIRECTION('',(1.,0.,0.));
#5610 = PLANE('',#5611);
#5611 = AXIS2_PLACEMENT_3D('',#5612,#5613,#5614);
#5612 = CARTESIAN_POINT('',(-0.32,-15.48,8.46));
#5613 = DIRECTION('',(-1.735167508357E-18,0.707106781187,-0.707106781187
    ));
#5614 = DIRECTION('',(-1.,-1.226948711654E-18,1.226948711654E-18));
#5615 = ADVANCED_FACE('',(#5616),#5641,.T.);
#5616 = FACE_BOUND('',#5617,.F.);
#5617 = EDGE_LOOP('',(#5618,#5626,#5627,#5635));
#5618 = ORIENTED_EDGE('',*,*,#5619,.F.);
#5619 = EDGE_CURVE('',#3901,#5620,#5622,.T.);
#5620 = VERTEX_POINT('',#5621);
#5621 = CARTESIAN_POINT('',(-0.16,-10.,8.54));
#5622 = LINE('',#5623,#5624);
#5623 = CARTESIAN_POINT('',(-0.16,-10.,8.54));
#5624 = VECTOR('',#5625,1.);
#5625 = DIRECTION('',(0.57735026919,-0.57735026919,0.57735026919));
#5626 = ORIENTED_EDGE('',*,*,#3908,.T.);
#5627 = ORIENTED_EDGE('',*,*,#5628,.T.);
#5628 = EDGE_CURVE('',#3892,#5629,#5631,.T.);
#5629 = VERTEX_POINT('',#5630);
#5630 = CARTESIAN_POINT('',(0.16,-10.,8.54));
#5631 = LINE('',#5632,#5633);
#5632 = CARTESIAN_POINT('',(5.333333333333E-02,-10.10666666666,
    8.646666666667));
#5633 = VECTOR('',#5634,1.);
#5634 = DIRECTION('',(-0.57735026919,-0.57735026919,0.57735026919));
#5635 = ORIENTED_EDGE('',*,*,#5636,.F.);
#5636 = EDGE_CURVE('',#5620,#5629,#5637,.T.);
#5637 = LINE('',#5638,#5639);
#5638 = CARTESIAN_POINT('',(-0.32,-10.,8.54));
#5639 = VECTOR('',#5640,1.);
#5640 = DIRECTION('',(1.,0.,0.));
#5641 = PLANE('',#5642);
#5642 = AXIS2_PLACEMENT_3D('',#5643,#5644,#5645);
#5643 = CARTESIAN_POINT('',(-0.32,-9.92,8.46));
#5644 = DIRECTION('',(1.735167508357E-18,0.707106781187,0.707106781187)
  );
#5645 = DIRECTION('',(-1.,1.226948711654E-18,1.226948711654E-18));
#5646 = ADVANCED_FACE('',(#5647),#5665,.F.);
#5647 = FACE_BOUND('',#5648,.F.);
#5648 = EDGE_LOOP('',(#5649,#5657,#5658,#5659));
#5649 = ORIENTED_EDGE('',*,*,#5650,.F.);
#5650 = EDGE_CURVE('',#3923,#5651,#5653,.T.);
#5651 = VERTEX_POINT('',#5652);
#5652 = CARTESIAN_POINT('',(-0.16,-10.32,8.54));
#5653 = LINE('',#5654,#5655);
#5654 = CARTESIAN_POINT('',(-0.266666666667,-10.42666666666,
    8.433333333333));
#5655 = VECTOR('',#5656,1.);
#5656 = DIRECTION('',(0.57735026919,0.57735026919,0.57735026919));
#5657 = ORIENTED_EDGE('',*,*,#3932,.T.);
#5658 = ORIENTED_EDGE('',*,*,#5619,.T.);
#5659 = ORIENTED_EDGE('',*,*,#5660,.F.);
#5660 = EDGE_CURVE('',#5651,#5620,#5661,.T.);
#5661 = LINE('',#5662,#5663);
#5662 = CARTESIAN_POINT('',(-0.16,-10.48,8.54));
#5663 = VECTOR('',#5664,1.);
#5664 = DIRECTION('',(0.,1.,0.));
#5665 = PLANE('',#5666);
#5666 = AXIS2_PLACEMENT_3D('',#5667,#5668,#5669);
#5667 = CARTESIAN_POINT('',(-0.24,-10.48,8.46));
#5668 = DIRECTION('',(0.707106781187,1.735167508357E-18,-0.707106781187)
  );
#5669 = DIRECTION('',(-1.226948711654E-18,1.,1.226948711654E-18));
#5670 = ADVANCED_FACE('',(#5671),#5689,.F.);
#5671 = FACE_BOUND('',#5672,.T.);
#5672 = EDGE_LOOP('',(#5673,#5674,#5675,#5683));
#5673 = ORIENTED_EDGE('',*,*,#5650,.F.);
#5674 = ORIENTED_EDGE('',*,*,#3956,.T.);
#5675 = ORIENTED_EDGE('',*,*,#5676,.T.);
#5676 = EDGE_CURVE('',#3947,#5677,#5679,.T.);
#5677 = VERTEX_POINT('',#5678);
#5678 = CARTESIAN_POINT('',(0.16,-10.32,8.54));
#5679 = LINE('',#5680,#5681);
#5680 = CARTESIAN_POINT('',(0.16,-10.32,8.54));
#5681 = VECTOR('',#5682,1.);
#5682 = DIRECTION('',(-0.57735026919,0.57735026919,0.57735026919));
#5683 = ORIENTED_EDGE('',*,*,#5684,.F.);
#5684 = EDGE_CURVE('',#5651,#5677,#5685,.T.);
#5685 = LINE('',#5686,#5687);
#5686 = CARTESIAN_POINT('',(-0.32,-10.32,8.54));
#5687 = VECTOR('',#5688,1.);
#5688 = DIRECTION('',(1.,0.,0.));
#5689 = PLANE('',#5690);
#5690 = AXIS2_PLACEMENT_3D('',#5691,#5692,#5693);
#5691 = CARTESIAN_POINT('',(-0.32,-10.4,8.46));
#5692 = DIRECTION('',(-1.735167508357E-18,0.707106781187,-0.707106781187
    ));
#5693 = DIRECTION('',(-1.,-1.226948711654E-18,1.226948711654E-18));
#5694 = ADVANCED_FACE('',(#5695),#5706,.T.);
#5695 = FACE_BOUND('',#5696,.T.);
#5696 = EDGE_LOOP('',(#5697,#5698,#5699,#5700));
#5697 = ORIENTED_EDGE('',*,*,#5676,.F.);
#5698 = ORIENTED_EDGE('',*,*,#3973,.T.);
#5699 = ORIENTED_EDGE('',*,*,#5628,.T.);
#5700 = ORIENTED_EDGE('',*,*,#5701,.F.);
#5701 = EDGE_CURVE('',#5677,#5629,#5702,.T.);
#5702 = LINE('',#5703,#5704);
#5703 = CARTESIAN_POINT('',(0.16,-10.48,8.54));
#5704 = VECTOR('',#5705,1.);
#5705 = DIRECTION('',(0.,1.,0.));
#5706 = PLANE('',#5707);
#5707 = AXIS2_PLACEMENT_3D('',#5708,#5709,#5710);
#5708 = CARTESIAN_POINT('',(0.24,-10.48,8.46));
#5709 = DIRECTION('',(0.707106781187,-1.735167508357E-18,0.707106781187)
  );
#5710 = DIRECTION('',(1.226948711654E-18,1.,1.226948711654E-18));
#5711 = ADVANCED_FACE('',(#5712),#5737,.F.);
#5712 = FACE_BOUND('',#5713,.T.);
#5713 = EDGE_LOOP('',(#5714,#5722,#5723,#5731));
#5714 = ORIENTED_EDGE('',*,*,#5715,.F.);
#5715 = EDGE_CURVE('',#3997,#5716,#5718,.T.);
#5716 = VERTEX_POINT('',#5717);
#5717 = CARTESIAN_POINT('',(-0.16,-12.86,8.54));
#5718 = LINE('',#5719,#5720);
#5719 = CARTESIAN_POINT('',(-0.266666666667,-12.96666666666,
    8.433333333333));
#5720 = VECTOR('',#5721,1.);
#5721 = DIRECTION('',(0.57735026919,0.57735026919,0.57735026919));
#5722 = ORIENTED_EDGE('',*,*,#4004,.T.);
#5723 = ORIENTED_EDGE('',*,*,#5724,.T.);
#5724 = EDGE_CURVE('',#3988,#5725,#5727,.T.);
#5725 = VERTEX_POINT('',#5726);
#5726 = CARTESIAN_POINT('',(0.16,-12.86,8.54));
#5727 = LINE('',#5728,#5729);
#5728 = CARTESIAN_POINT('',(0.16,-12.86,8.54));
#5729 = VECTOR('',#5730,1.);
#5730 = DIRECTION('',(-0.57735026919,0.57735026919,0.57735026919));
#5731 = ORIENTED_EDGE('',*,*,#5732,.F.);
#5732 = EDGE_CURVE('',#5716,#5725,#5733,.T.);
#5733 = LINE('',#5734,#5735);
#5734 = CARTESIAN_POINT('',(-0.32,-12.86,8.54));
#5735 = VECTOR('',#5736,1.);
#5736 = DIRECTION('',(1.,0.,0.));
#5737 = PLANE('',#5738);
#5738 = AXIS2_PLACEMENT_3D('',#5739,#5740,#5741);
#5739 = CARTESIAN_POINT('',(-0.32,-12.94,8.46));
#5740 = DIRECTION('',(-1.735167508357E-18,0.707106781187,-0.707106781187
    ));
#5741 = DIRECTION('',(-1.,-1.226948711654E-18,1.226948711654E-18));
#5742 = ADVANCED_FACE('',(#5743),#5761,.T.);
#5743 = FACE_BOUND('',#5744,.T.);
#5744 = EDGE_LOOP('',(#5745,#5746,#5747,#5755));
#5745 = ORIENTED_EDGE('',*,*,#5724,.F.);
#5746 = ORIENTED_EDGE('',*,*,#4028,.T.);
#5747 = ORIENTED_EDGE('',*,*,#5748,.T.);
#5748 = EDGE_CURVE('',#4021,#5749,#5751,.T.);
#5749 = VERTEX_POINT('',#5750);
#5750 = CARTESIAN_POINT('',(0.16,-12.54,8.54));
#5751 = LINE('',#5752,#5753);
#5752 = CARTESIAN_POINT('',(5.333333333333E-02,-12.64666666666,
    8.646666666667));
#5753 = VECTOR('',#5754,1.);
#5754 = DIRECTION('',(-0.57735026919,-0.57735026919,0.57735026919));
#5755 = ORIENTED_EDGE('',*,*,#5756,.F.);
#5756 = EDGE_CURVE('',#5725,#5749,#5757,.T.);
#5757 = LINE('',#5758,#5759);
#5758 = CARTESIAN_POINT('',(0.16,-13.02,8.54));
#5759 = VECTOR('',#5760,1.);
#5760 = DIRECTION('',(0.,1.,0.));
#5761 = PLANE('',#5762);
#5762 = AXIS2_PLACEMENT_3D('',#5763,#5764,#5765);
#5763 = CARTESIAN_POINT('',(0.24,-13.02,8.46));
#5764 = DIRECTION('',(0.707106781187,-1.735167508357E-18,0.707106781187)
  );
#5765 = DIRECTION('',(1.226948711654E-18,1.,1.226948711654E-18));
#5766 = ADVANCED_FACE('',(#5767),#5785,.T.);
#5767 = FACE_BOUND('',#5768,.F.);
#5768 = EDGE_LOOP('',(#5769,#5777,#5778,#5779));
#5769 = ORIENTED_EDGE('',*,*,#5770,.F.);
#5770 = EDGE_CURVE('',#4045,#5771,#5773,.T.);
#5771 = VERTEX_POINT('',#5772);
#5772 = CARTESIAN_POINT('',(-0.16,-12.54,8.54));
#5773 = LINE('',#5774,#5775);
#5774 = CARTESIAN_POINT('',(-0.16,-12.54,8.54));
#5775 = VECTOR('',#5776,1.);
#5776 = DIRECTION('',(0.57735026919,-0.57735026919,0.57735026919));
#5777 = ORIENTED_EDGE('',*,*,#4052,.T.);
#5778 = ORIENTED_EDGE('',*,*,#5748,.T.);
#5779 = ORIENTED_EDGE('',*,*,#5780,.F.);
#5780 = EDGE_CURVE('',#5771,#5749,#5781,.T.);
#5781 = LINE('',#5782,#5783);
#5782 = CARTESIAN_POINT('',(-0.32,-12.54,8.54));
#5783 = VECTOR('',#5784,1.);
#5784 = DIRECTION('',(1.,0.,0.));
#5785 = PLANE('',#5786);
#5786 = AXIS2_PLACEMENT_3D('',#5787,#5788,#5789);
#5787 = CARTESIAN_POINT('',(-0.32,-12.46,8.46));
#5788 = DIRECTION('',(1.735167508357E-18,0.707106781187,0.707106781187)
  );
#5789 = DIRECTION('',(-1.,1.226948711654E-18,1.226948711654E-18));
#5790 = ADVANCED_FACE('',(#5791),#5802,.F.);
#5791 = FACE_BOUND('',#5792,.F.);
#5792 = EDGE_LOOP('',(#5793,#5794,#5795,#5796));
#5793 = ORIENTED_EDGE('',*,*,#5715,.F.);
#5794 = ORIENTED_EDGE('',*,*,#4069,.T.);
#5795 = ORIENTED_EDGE('',*,*,#5770,.T.);
#5796 = ORIENTED_EDGE('',*,*,#5797,.F.);
#5797 = EDGE_CURVE('',#5716,#5771,#5798,.T.);
#5798 = LINE('',#5799,#5800);
#5799 = CARTESIAN_POINT('',(-0.16,-13.02,8.54));
#5800 = VECTOR('',#5801,1.);
#5801 = DIRECTION('',(0.,1.,0.));
#5802 = PLANE('',#5803);
#5803 = AXIS2_PLACEMENT_3D('',#5804,#5805,#5806);
#5804 = CARTESIAN_POINT('',(-0.24,-13.02,8.46));
#5805 = DIRECTION('',(0.707106781187,1.735167508357E-18,-0.707106781187)
  );
#5806 = DIRECTION('',(-1.226948711654E-18,1.,1.226948711654E-18));
#5807 = ADVANCED_FACE('',(#5808),#5833,.T.);
#5808 = FACE_BOUND('',#5809,.T.);
#5809 = EDGE_LOOP('',(#5810,#5818,#5819,#5827));
#5810 = ORIENTED_EDGE('',*,*,#5811,.F.);
#5811 = EDGE_CURVE('',#4084,#5812,#5814,.T.);
#5812 = VERTEX_POINT('',#5813);
#5813 = CARTESIAN_POINT('',(0.16,-20.48,8.54));
#5814 = LINE('',#5815,#5816);
#5815 = CARTESIAN_POINT('',(0.16,-20.48,8.54));
#5816 = VECTOR('',#5817,1.);
#5817 = DIRECTION('',(-0.57735026919,0.57735026919,0.57735026919));
#5818 = ORIENTED_EDGE('',*,*,#4100,.T.);
#5819 = ORIENTED_EDGE('',*,*,#5820,.T.);
#5820 = EDGE_CURVE('',#4093,#5821,#5823,.T.);
#5821 = VERTEX_POINT('',#5822);
#5822 = CARTESIAN_POINT('',(0.16,-20.16,8.54));
#5823 = LINE('',#5824,#5825);
#5824 = CARTESIAN_POINT('',(5.333333333333E-02,-20.26666666666,
    8.646666666667));
#5825 = VECTOR('',#5826,1.);
#5826 = DIRECTION('',(-0.57735026919,-0.57735026919,0.57735026919));
#5827 = ORIENTED_EDGE('',*,*,#5828,.F.);
#5828 = EDGE_CURVE('',#5812,#5821,#5829,.T.);
#5829 = LINE('',#5830,#5831);
#5830 = CARTESIAN_POINT('',(0.16,-20.64,8.54));
#5831 = VECTOR('',#5832,1.);
#5832 = DIRECTION('',(0.,1.,0.));
#5833 = PLANE('',#5834);
#5834 = AXIS2_PLACEMENT_3D('',#5835,#5836,#5837);
#5835 = CARTESIAN_POINT('',(0.24,-20.64,8.46));
#5836 = DIRECTION('',(0.707106781187,-1.735167508357E-18,0.707106781187)
  );
#5837 = DIRECTION('',(1.226948711654E-18,1.,1.226948711654E-18));
#5838 = ADVANCED_FACE('',(#5839),#5857,.T.);
#5839 = FACE_BOUND('',#5840,.F.);
#5840 = EDGE_LOOP('',(#5841,#5849,#5850,#5851));
#5841 = ORIENTED_EDGE('',*,*,#5842,.F.);
#5842 = EDGE_CURVE('',#4117,#5843,#5845,.T.);
#5843 = VERTEX_POINT('',#5844);
#5844 = CARTESIAN_POINT('',(-0.16,-20.16,8.54));
#5845 = LINE('',#5846,#5847);
#5846 = CARTESIAN_POINT('',(-0.16,-20.16,8.54));
#5847 = VECTOR('',#5848,1.);
#5848 = DIRECTION('',(0.57735026919,-0.57735026919,0.57735026919));
#5849 = ORIENTED_EDGE('',*,*,#4124,.T.);
#5850 = ORIENTED_EDGE('',*,*,#5820,.T.);
#5851 = ORIENTED_EDGE('',*,*,#5852,.F.);
#5852 = EDGE_CURVE('',#5843,#5821,#5853,.T.);
#5853 = LINE('',#5854,#5855);
#5854 = CARTESIAN_POINT('',(-0.32,-20.16,8.54));
#5855 = VECTOR('',#5856,1.);
#5856 = DIRECTION('',(1.,0.,0.));
#5857 = PLANE('',#5858);
#5858 = AXIS2_PLACEMENT_3D('',#5859,#5860,#5861);
#5859 = CARTESIAN_POINT('',(-0.32,-20.08,8.46));
#5860 = DIRECTION('',(1.735167508357E-18,0.707106781187,0.707106781187)
  );
#5861 = DIRECTION('',(-1.,1.226948711654E-18,1.226948711654E-18));
#5862 = ADVANCED_FACE('',(#5863),#5881,.F.);
#5863 = FACE_BOUND('',#5864,.F.);
#5864 = EDGE_LOOP('',(#5865,#5873,#5874,#5875));
#5865 = ORIENTED_EDGE('',*,*,#5866,.F.);
#5866 = EDGE_CURVE('',#4139,#5867,#5869,.T.);
#5867 = VERTEX_POINT('',#5868);
#5868 = CARTESIAN_POINT('',(-0.16,-20.48,8.54));
#5869 = LINE('',#5870,#5871);
#5870 = CARTESIAN_POINT('',(-0.266666666667,-20.58666666666,
    8.433333333333));
#5871 = VECTOR('',#5872,1.);
#5872 = DIRECTION('',(0.57735026919,0.57735026919,0.57735026919));
#5873 = ORIENTED_EDGE('',*,*,#4148,.T.);
#5874 = ORIENTED_EDGE('',*,*,#5842,.T.);
#5875 = ORIENTED_EDGE('',*,*,#5876,.F.);
#5876 = EDGE_CURVE('',#5867,#5843,#5877,.T.);
#5877 = LINE('',#5878,#5879);
#5878 = CARTESIAN_POINT('',(-0.16,-20.64,8.54));
#5879 = VECTOR('',#5880,1.);
#5880 = DIRECTION('',(0.,1.,0.));
#5881 = PLANE('',#5882);
#5882 = AXIS2_PLACEMENT_3D('',#5883,#5884,#5885);
#5883 = CARTESIAN_POINT('',(-0.24,-20.64,8.46));
#5884 = DIRECTION('',(0.707106781187,1.735167508357E-18,-0.707106781187)
  );
#5885 = DIRECTION('',(-1.226948711654E-18,1.,1.226948711654E-18));
#5886 = ADVANCED_FACE('',(#5887),#5898,.F.);
#5887 = FACE_BOUND('',#5888,.T.);
#5888 = EDGE_LOOP('',(#5889,#5890,#5891,#5892));
#5889 = ORIENTED_EDGE('',*,*,#5866,.F.);
#5890 = ORIENTED_EDGE('',*,*,#4165,.T.);
#5891 = ORIENTED_EDGE('',*,*,#5811,.T.);
#5892 = ORIENTED_EDGE('',*,*,#5893,.F.);
#5893 = EDGE_CURVE('',#5867,#5812,#5894,.T.);
#5894 = LINE('',#5895,#5896);
#5895 = CARTESIAN_POINT('',(-0.32,-20.48,8.54));
#5896 = VECTOR('',#5897,1.);
#5897 = DIRECTION('',(1.,0.,0.));
#5898 = PLANE('',#5899);
#5899 = AXIS2_PLACEMENT_3D('',#5900,#5901,#5902);
#5900 = CARTESIAN_POINT('',(-0.32,-20.56,8.46));
#5901 = DIRECTION('',(-1.735167508357E-18,0.707106781187,-0.707106781187
    ));
#5902 = DIRECTION('',(-1.,-1.226948711654E-18,1.226948711654E-18));
#5903 = ADVANCED_FACE('',(#5904),#5929,.T.);
#5904 = FACE_BOUND('',#5905,.F.);
#5905 = EDGE_LOOP('',(#5906,#5914,#5915,#5923));
#5906 = ORIENTED_EDGE('',*,*,#5907,.F.);
#5907 = EDGE_CURVE('',#4189,#5908,#5910,.T.);
#5908 = VERTEX_POINT('',#5909);
#5909 = CARTESIAN_POINT('',(-0.16,-17.62,8.54));
#5910 = LINE('',#5911,#5912);
#5911 = CARTESIAN_POINT('',(-0.16,-17.62,8.54));
#5912 = VECTOR('',#5913,1.);
#5913 = DIRECTION('',(0.57735026919,-0.57735026919,0.57735026919));
#5914 = ORIENTED_EDGE('',*,*,#4196,.T.);
#5915 = ORIENTED_EDGE('',*,*,#5916,.T.);
#5916 = EDGE_CURVE('',#4180,#5917,#5919,.T.);
#5917 = VERTEX_POINT('',#5918);
#5918 = CARTESIAN_POINT('',(0.16,-17.62,8.54));
#5919 = LINE('',#5920,#5921);
#5920 = CARTESIAN_POINT('',(5.333333333333E-02,-17.72666666666,
    8.646666666667));
#5921 = VECTOR('',#5922,1.);
#5922 = DIRECTION('',(-0.57735026919,-0.57735026919,0.57735026919));
#5923 = ORIENTED_EDGE('',*,*,#5924,.F.);
#5924 = EDGE_CURVE('',#5908,#5917,#5925,.T.);
#5925 = LINE('',#5926,#5927);
#5926 = CARTESIAN_POINT('',(-0.32,-17.62,8.54));
#5927 = VECTOR('',#5928,1.);
#5928 = DIRECTION('',(1.,0.,0.));
#5929 = PLANE('',#5930);
#5930 = AXIS2_PLACEMENT_3D('',#5931,#5932,#5933);
#5931 = CARTESIAN_POINT('',(-0.32,-17.54,8.46));
#5932 = DIRECTION('',(1.735167508357E-18,0.707106781187,0.707106781187)
  );
#5933 = DIRECTION('',(-1.,1.226948711654E-18,1.226948711654E-18));
#5934 = ADVANCED_FACE('',(#5935),#5953,.F.);
#5935 = FACE_BOUND('',#5936,.F.);
#5936 = EDGE_LOOP('',(#5937,#5945,#5946,#5947));
#5937 = ORIENTED_EDGE('',*,*,#5938,.F.);
#5938 = EDGE_CURVE('',#4211,#5939,#5941,.T.);
#5939 = VERTEX_POINT('',#5940);
#5940 = CARTESIAN_POINT('',(-0.16,-17.94,8.54));
#5941 = LINE('',#5942,#5943);
#5942 = CARTESIAN_POINT('',(-0.266666666667,-18.04666666666,
    8.433333333333));
#5943 = VECTOR('',#5944,1.);
#5944 = DIRECTION('',(0.57735026919,0.57735026919,0.57735026919));
#5945 = ORIENTED_EDGE('',*,*,#4220,.T.);
#5946 = ORIENTED_EDGE('',*,*,#5907,.T.);
#5947 = ORIENTED_EDGE('',*,*,#5948,.F.);
#5948 = EDGE_CURVE('',#5939,#5908,#5949,.T.);
#5949 = LINE('',#5950,#5951);
#5950 = CARTESIAN_POINT('',(-0.16,-18.1,8.54));
#5951 = VECTOR('',#5952,1.);
#5952 = DIRECTION('',(0.,1.,0.));
#5953 = PLANE('',#5954);
#5954 = AXIS2_PLACEMENT_3D('',#5955,#5956,#5957);
#5955 = CARTESIAN_POINT('',(-0.24,-18.1,8.46));
#5956 = DIRECTION('',(0.707106781187,1.735167508357E-18,-0.707106781187)
  );
#5957 = DIRECTION('',(-1.226948711654E-18,1.,1.226948711654E-18));
#5958 = ADVANCED_FACE('',(#5959),#5977,.F.);
#5959 = FACE_BOUND('',#5960,.T.);
#5960 = EDGE_LOOP('',(#5961,#5962,#5963,#5971));
#5961 = ORIENTED_EDGE('',*,*,#5938,.F.);
#5962 = ORIENTED_EDGE('',*,*,#4244,.T.);
#5963 = ORIENTED_EDGE('',*,*,#5964,.T.);
#5964 = EDGE_CURVE('',#4235,#5965,#5967,.T.);
#5965 = VERTEX_POINT('',#5966);
#5966 = CARTESIAN_POINT('',(0.16,-17.94,8.54));
#5967 = LINE('',#5968,#5969);
#5968 = CARTESIAN_POINT('',(0.16,-17.94,8.54));
#5969 = VECTOR('',#5970,1.);
#5970 = DIRECTION('',(-0.57735026919,0.57735026919,0.57735026919));
#5971 = ORIENTED_EDGE('',*,*,#5972,.F.);
#5972 = EDGE_CURVE('',#5939,#5965,#5973,.T.);
#5973 = LINE('',#5974,#5975);
#5974 = CARTESIAN_POINT('',(-0.32,-17.94,8.54));
#5975 = VECTOR('',#5976,1.);
#5976 = DIRECTION('',(1.,0.,0.));
#5977 = PLANE('',#5978);
#5978 = AXIS2_PLACEMENT_3D('',#5979,#5980,#5981);
#5979 = CARTESIAN_POINT('',(-0.32,-18.02,8.46));
#5980 = DIRECTION('',(-1.735167508357E-18,0.707106781187,-0.707106781187
    ));
#5981 = DIRECTION('',(-1.,-1.226948711654E-18,1.226948711654E-18));
#5982 = ADVANCED_FACE('',(#5983),#5994,.T.);
#5983 = FACE_BOUND('',#5984,.T.);
#5984 = EDGE_LOOP('',(#5985,#5986,#5987,#5988));
#5985 = ORIENTED_EDGE('',*,*,#5964,.F.);
#5986 = ORIENTED_EDGE('',*,*,#4261,.T.);
#5987 = ORIENTED_EDGE('',*,*,#5916,.T.);
#5988 = ORIENTED_EDGE('',*,*,#5989,.F.);
#5989 = EDGE_CURVE('',#5965,#5917,#5990,.T.);
#5990 = LINE('',#5991,#5992);
#5991 = CARTESIAN_POINT('',(0.16,-18.1,8.54));
#5992 = VECTOR('',#5993,1.);
#5993 = DIRECTION('',(0.,1.,0.));
#5994 = PLANE('',#5995);
#5995 = AXIS2_PLACEMENT_3D('',#5996,#5997,#5998);
#5996 = CARTESIAN_POINT('',(0.24,-18.1,8.46));
#5997 = DIRECTION('',(0.707106781187,-1.735167508357E-18,0.707106781187)
  );
#5998 = DIRECTION('',(1.226948711654E-18,1.,1.226948711654E-18));
#5999 = ADVANCED_FACE('',(#6000),#6006,.F.);
#6000 = FACE_BOUND('',#6001,.F.);
#6001 = EDGE_LOOP('',(#6002,#6003,#6004,#6005));
#6002 = ORIENTED_EDGE('',*,*,#4340,.F.);
#6003 = ORIENTED_EDGE('',*,*,#4357,.T.);
#6004 = ORIENTED_EDGE('',*,*,#4292,.T.);
#6005 = ORIENTED_EDGE('',*,*,#4316,.F.);
#6006 = PLANE('',#6007);
#6007 = AXIS2_PLACEMENT_3D('',#6008,#6009,#6010);
#6008 = CARTESIAN_POINT('',(-0.32,-0.32,-3.));
#6009 = DIRECTION('',(0.,0.,1.));
#6010 = DIRECTION('',(1.,0.,-0.));
#6011 = ADVANCED_FACE('',(#6012),#6018,.F.);
#6012 = FACE_BOUND('',#6013,.F.);
#6013 = EDGE_LOOP('',(#6014,#6015,#6016,#6017));
#6014 = ORIENTED_EDGE('',*,*,#4412,.F.);
#6015 = ORIENTED_EDGE('',*,*,#4436,.T.);
#6016 = ORIENTED_EDGE('',*,*,#4453,.T.);
#6017 = ORIENTED_EDGE('',*,*,#4388,.F.);
#6018 = PLANE('',#6019);
#6019 = AXIS2_PLACEMENT_3D('',#6020,#6021,#6022);
#6020 = CARTESIAN_POINT('',(-0.32,-2.86,-3.));
#6021 = DIRECTION('',(0.,0.,1.));
#6022 = DIRECTION('',(1.,0.,-0.));
#6023 = ADVANCED_FACE('',(#6024),#6030,.F.);
#6024 = FACE_BOUND('',#6025,.F.);
#6025 = EDGE_LOOP('',(#6026,#6027,#6028,#6029));
#6026 = ORIENTED_EDGE('',*,*,#4532,.F.);
#6027 = ORIENTED_EDGE('',*,*,#4549,.T.);
#6028 = ORIENTED_EDGE('',*,*,#4484,.T.);
#6029 = ORIENTED_EDGE('',*,*,#4508,.F.);
#6030 = PLANE('',#6031);
#6031 = AXIS2_PLACEMENT_3D('',#6032,#6033,#6034);
#6032 = CARTESIAN_POINT('',(-0.32,-5.4,-3.));
#6033 = DIRECTION('',(0.,0.,1.));
#6034 = DIRECTION('',(1.,0.,-0.));
#6035 = ADVANCED_FACE('',(#6036),#6042,.F.);
#6036 = FACE_BOUND('',#6037,.F.);
#6037 = EDGE_LOOP('',(#6038,#6039,#6040,#6041));
#6038 = ORIENTED_EDGE('',*,*,#4604,.F.);
#6039 = ORIENTED_EDGE('',*,*,#4628,.T.);
#6040 = ORIENTED_EDGE('',*,*,#4645,.T.);
#6041 = ORIENTED_EDGE('',*,*,#4580,.F.);
#6042 = PLANE('',#6043);
#6043 = AXIS2_PLACEMENT_3D('',#6044,#6045,#6046);
#6044 = CARTESIAN_POINT('',(-0.32,-7.94,-3.));
#6045 = DIRECTION('',(0.,0.,1.));
#6046 = DIRECTION('',(1.,0.,-0.));
#6047 = ADVANCED_FACE('',(#6048),#6054,.F.);
#6048 = FACE_BOUND('',#6049,.F.);
#6049 = EDGE_LOOP('',(#6050,#6051,#6052,#6053));
#6050 = ORIENTED_EDGE('',*,*,#4724,.F.);
#6051 = ORIENTED_EDGE('',*,*,#4741,.T.);
#6052 = ORIENTED_EDGE('',*,*,#4676,.T.);
#6053 = ORIENTED_EDGE('',*,*,#4700,.F.);
#6054 = PLANE('',#6055);
#6055 = AXIS2_PLACEMENT_3D('',#6056,#6057,#6058);
#6056 = CARTESIAN_POINT('',(-0.32,-15.56,-3.));
#6057 = DIRECTION('',(0.,0.,1.));
#6058 = DIRECTION('',(1.,0.,-0.));
#6059 = ADVANCED_FACE('',(#6060),#6066,.F.);
#6060 = FACE_BOUND('',#6061,.F.);
#6061 = EDGE_LOOP('',(#6062,#6063,#6064,#6065));
#6062 = ORIENTED_EDGE('',*,*,#4796,.F.);
#6063 = ORIENTED_EDGE('',*,*,#4820,.T.);
#6064 = ORIENTED_EDGE('',*,*,#4837,.T.);
#6065 = ORIENTED_EDGE('',*,*,#4772,.F.);
#6066 = PLANE('',#6067);
#6067 = AXIS2_PLACEMENT_3D('',#6068,#6069,#6070);
#6068 = CARTESIAN_POINT('',(-0.32,-10.48,-3.));
#6069 = DIRECTION('',(0.,0.,1.));
#6070 = DIRECTION('',(1.,0.,-0.));
#6071 = ADVANCED_FACE('',(#6072),#6078,.F.);
#6072 = FACE_BOUND('',#6073,.F.);
#6073 = EDGE_LOOP('',(#6074,#6075,#6076,#6077));
#6074 = ORIENTED_EDGE('',*,*,#4933,.F.);
#6075 = ORIENTED_EDGE('',*,*,#4868,.T.);
#6076 = ORIENTED_EDGE('',*,*,#4892,.T.);
#6077 = ORIENTED_EDGE('',*,*,#4916,.F.);
#6078 = PLANE('',#6079);
#6079 = AXIS2_PLACEMENT_3D('',#6080,#6081,#6082);
#6080 = CARTESIAN_POINT('',(-0.32,-13.02,-3.));
#6081 = DIRECTION('',(0.,0.,1.));
#6082 = DIRECTION('',(1.,0.,-0.));
#6083 = ADVANCED_FACE('',(#6084),#6090,.F.);
#6084 = FACE_BOUND('',#6085,.F.);
#6085 = EDGE_LOOP('',(#6086,#6087,#6088,#6089));
#6086 = ORIENTED_EDGE('',*,*,#5012,.F.);
#6087 = ORIENTED_EDGE('',*,*,#5029,.T.);
#6088 = ORIENTED_EDGE('',*,*,#4964,.T.);
#6089 = ORIENTED_EDGE('',*,*,#4988,.F.);
#6090 = PLANE('',#6091);
#6091 = AXIS2_PLACEMENT_3D('',#6092,#6093,#6094);
#6092 = CARTESIAN_POINT('',(-0.32,-20.64,-3.));
#6093 = DIRECTION('',(0.,0.,1.));
#6094 = DIRECTION('',(1.,0.,-0.));
#6095 = ADVANCED_FACE('',(#6096),#6102,.F.);
#6096 = FACE_BOUND('',#6097,.F.);
#6097 = EDGE_LOOP('',(#6098,#6099,#6100,#6101));
#6098 = ORIENTED_EDGE('',*,*,#5084,.F.);
#6099 = ORIENTED_EDGE('',*,*,#5108,.T.);
#6100 = ORIENTED_EDGE('',*,*,#5125,.T.);
#6101 = ORIENTED_EDGE('',*,*,#5060,.F.);
#6102 = PLANE('',#6103);
#6103 = AXIS2_PLACEMENT_3D('',#6104,#6105,#6106);
#6104 = CARTESIAN_POINT('',(-0.32,-18.1,-3.));
#6105 = DIRECTION('',(0.,0.,1.));
#6106 = DIRECTION('',(1.,0.,-0.));
#6107 = ADVANCED_FACE('',(#6108),#6114,.T.);
#6108 = FACE_BOUND('',#6109,.T.);
#6109 = EDGE_LOOP('',(#6110,#6111,#6112,#6113));
#6110 = ORIENTED_EDGE('',*,*,#5204,.F.);
#6111 = ORIENTED_EDGE('',*,*,#5221,.T.);
#6112 = ORIENTED_EDGE('',*,*,#5156,.T.);
#6113 = ORIENTED_EDGE('',*,*,#5180,.F.);
#6114 = PLANE('',#6115);
#6115 = AXIS2_PLACEMENT_3D('',#6116,#6117,#6118);
#6116 = CARTESIAN_POINT('',(-0.32,-0.32,8.54));
#6117 = DIRECTION('',(0.,0.,1.));
#6118 = DIRECTION('',(1.,0.,-0.));
#6119 = ADVANCED_FACE('',(#6120),#6126,.T.);
#6120 = FACE_BOUND('',#6121,.T.);
#6121 = EDGE_LOOP('',(#6122,#6123,#6124,#6125));
#6122 = ORIENTED_EDGE('',*,*,#5276,.F.);
#6123 = ORIENTED_EDGE('',*,*,#5300,.T.);
#6124 = ORIENTED_EDGE('',*,*,#5317,.T.);
#6125 = ORIENTED_EDGE('',*,*,#5252,.F.);
#6126 = PLANE('',#6127);
#6127 = AXIS2_PLACEMENT_3D('',#6128,#6129,#6130);
#6128 = CARTESIAN_POINT('',(-0.32,-2.86,8.54));
#6129 = DIRECTION('',(0.,0.,1.));
#6130 = DIRECTION('',(1.,0.,-0.));
#6131 = ADVANCED_FACE('',(#6132),#6138,.T.);
#6132 = FACE_BOUND('',#6133,.T.);
#6133 = EDGE_LOOP('',(#6134,#6135,#6136,#6137));
#6134 = ORIENTED_EDGE('',*,*,#5396,.F.);
#6135 = ORIENTED_EDGE('',*,*,#5413,.T.);
#6136 = ORIENTED_EDGE('',*,*,#5348,.T.);
#6137 = ORIENTED_EDGE('',*,*,#5372,.F.);
#6138 = PLANE('',#6139);
#6139 = AXIS2_PLACEMENT_3D('',#6140,#6141,#6142);
#6140 = CARTESIAN_POINT('',(-0.32,-5.4,8.54));
#6141 = DIRECTION('',(0.,0.,1.));
#6142 = DIRECTION('',(1.,0.,-0.));
#6143 = ADVANCED_FACE('',(#6144),#6150,.T.);
#6144 = FACE_BOUND('',#6145,.T.);
#6145 = EDGE_LOOP('',(#6146,#6147,#6148,#6149));
#6146 = ORIENTED_EDGE('',*,*,#5468,.F.);
#6147 = ORIENTED_EDGE('',*,*,#5492,.T.);
#6148 = ORIENTED_EDGE('',*,*,#5509,.T.);
#6149 = ORIENTED_EDGE('',*,*,#5444,.F.);
#6150 = PLANE('',#6151);
#6151 = AXIS2_PLACEMENT_3D('',#6152,#6153,#6154);
#6152 = CARTESIAN_POINT('',(-0.32,-7.94,8.54));
#6153 = DIRECTION('',(0.,0.,1.));
#6154 = DIRECTION('',(1.,0.,-0.));
#6155 = ADVANCED_FACE('',(#6156),#6162,.T.);
#6156 = FACE_BOUND('',#6157,.T.);
#6157 = EDGE_LOOP('',(#6158,#6159,#6160,#6161));
#6158 = ORIENTED_EDGE('',*,*,#5588,.F.);
#6159 = ORIENTED_EDGE('',*,*,#5605,.T.);
#6160 = ORIENTED_EDGE('',*,*,#5540,.T.);
#6161 = ORIENTED_EDGE('',*,*,#5564,.F.);
#6162 = PLANE('',#6163);
#6163 = AXIS2_PLACEMENT_3D('',#6164,#6165,#6166);
#6164 = CARTESIAN_POINT('',(-0.32,-15.56,8.54));
#6165 = DIRECTION('',(0.,0.,1.));
#6166 = DIRECTION('',(1.,0.,-0.));
#6167 = ADVANCED_FACE('',(#6168),#6174,.T.);
#6168 = FACE_BOUND('',#6169,.T.);
#6169 = EDGE_LOOP('',(#6170,#6171,#6172,#6173));
#6170 = ORIENTED_EDGE('',*,*,#5660,.F.);
#6171 = ORIENTED_EDGE('',*,*,#5684,.T.);
#6172 = ORIENTED_EDGE('',*,*,#5701,.T.);
#6173 = ORIENTED_EDGE('',*,*,#5636,.F.);
#6174 = PLANE('',#6175);
#6175 = AXIS2_PLACEMENT_3D('',#6176,#6177,#6178);
#6176 = CARTESIAN_POINT('',(-0.32,-10.48,8.54));
#6177 = DIRECTION('',(0.,0.,1.));
#6178 = DIRECTION('',(1.,0.,-0.));
#6179 = ADVANCED_FACE('',(#6180),#6186,.T.);
#6180 = FACE_BOUND('',#6181,.T.);
#6181 = EDGE_LOOP('',(#6182,#6183,#6184,#6185));
#6182 = ORIENTED_EDGE('',*,*,#5797,.F.);
#6183 = ORIENTED_EDGE('',*,*,#5732,.T.);
#6184 = ORIENTED_EDGE('',*,*,#5756,.T.);
#6185 = ORIENTED_EDGE('',*,*,#5780,.F.);
#6186 = PLANE('',#6187);
#6187 = AXIS2_PLACEMENT_3D('',#6188,#6189,#6190);
#6188 = CARTESIAN_POINT('',(-0.32,-13.02,8.54));
#6189 = DIRECTION('',(0.,0.,1.));
#6190 = DIRECTION('',(1.,0.,-0.));
#6191 = ADVANCED_FACE('',(#6192),#6198,.T.);
#6192 = FACE_BOUND('',#6193,.T.);
#6193 = EDGE_LOOP('',(#6194,#6195,#6196,#6197));
#6194 = ORIENTED_EDGE('',*,*,#5876,.F.);
#6195 = ORIENTED_EDGE('',*,*,#5893,.T.);
#6196 = ORIENTED_EDGE('',*,*,#5828,.T.);
#6197 = ORIENTED_EDGE('',*,*,#5852,.F.);
#6198 = PLANE('',#6199);
#6199 = AXIS2_PLACEMENT_3D('',#6200,#6201,#6202);
#6200 = CARTESIAN_POINT('',(-0.32,-20.64,8.54));
#6201 = DIRECTION('',(0.,0.,1.));
#6202 = DIRECTION('',(1.,0.,-0.));
#6203 = ADVANCED_FACE('',(#6204),#6210,.T.);
#6204 = FACE_BOUND('',#6205,.T.);
#6205 = EDGE_LOOP('',(#6206,#6207,#6208,#6209));
#6206 = ORIENTED_EDGE('',*,*,#5948,.F.);
#6207 = ORIENTED_EDGE('',*,*,#5972,.T.);
#6208 = ORIENTED_EDGE('',*,*,#5989,.T.);
#6209 = ORIENTED_EDGE('',*,*,#5924,.F.);
#6210 = PLANE('',#6211);
#6211 = AXIS2_PLACEMENT_3D('',#6212,#6213,#6214);
#6212 = CARTESIAN_POINT('',(-0.32,-18.1,8.54));
#6213 = DIRECTION('',(0.,0.,1.));
#6214 = DIRECTION('',(1.,0.,-0.));
#6215 = ( GEOMETRIC_REPRESENTATION_CONTEXT(3) 
GLOBAL_UNCERTAINTY_ASSIGNED_CONTEXT((#6219)) 
GLOBAL_UNIT_ASSIGNED_CONTEXT((#6216,#6217,#6218)) REPRESENTATION_CONTEXT
('Context #1','3D Context with UNIT and UNCERTAINTY') );
#6216 = ( LENGTH_UNIT() NAMED_UNIT(*) SI_UNIT(.MILLI.,.METRE.) );
#6217 = ( NAMED_UNIT(*) PLANE_ANGLE_UNIT() SI_UNIT($,.RADIAN.) );
#6218 = ( NAMED_UNIT(*) SI_UNIT($,.STERADIAN.) SOLID_ANGLE_UNIT() );
#6219 = UNCERTAINTY_MEASURE_WITH_UNIT(LENGTH_MEASURE(1.E-07),#6216,
  'distance_accuracy_value','confusion accuracy');
#6220 = CONTEXT_DEPENDENT_SHAPE_REPRESENTATION(#6221,#6223);
#6221 = ( REPRESENTATION_RELATIONSHIP('','',#64,#10) 
REPRESENTATION_RELATIONSHIP_WITH_TRANSFORMATION(#6222) 
SHAPE_REPRESENTATION_RELATIONSHIP() );
#6222 = ITEM_DEFINED_TRANSFORMATION('','',#11,#15);
#6223 = PRODUCT_DEFINITION_SHAPE('Placement','Placement of an item',
  #6224);
#6224 = NEXT_ASSEMBLY_USAGE_OCCURRENCE('1','ESP32_S1','',#5,#59,$);
#6225 = PRODUCT_RELATED_PRODUCT_CATEGORY('part',$,(#61));
#6226 = CONTEXT_DEPENDENT_SHAPE_REPRESENTATION(#6227,#6229);
#6227 = ( REPRESENTATION_RELATIONSHIP('','',#64,#10) 
REPRESENTATION_RELATIONSHIP_WITH_TRANSFORMATION(#6228) 
SHAPE_REPRESENTATION_RELATIONSHIP() );
#6228 = ITEM_DEFINED_TRANSFORMATION('','',#11,#19);
#6229 = PRODUCT_DEFINITION_SHAPE('Placement','Placement of an item',
  #6230);
#6230 = NEXT_ASSEMBLY_USAGE_OCCURRENCE('2','ESP32_S1','',#5,#59,$);
#6231 = SHAPE_DEFINITION_REPRESENTATION(#6232,#6238);
#6232 = PRODUCT_DEFINITION_SHAPE('','',#6233);
#6233 = PRODUCT_DEFINITION('design','',#6234,#6237);
#6234 = PRODUCT_DEFINITION_FORMATION('','',#6235);
#6235 = PRODUCT('PinHeader_1x04_P2.54mm_Vertical',
  'PinHeader_1x04_P2.54mm_Vertical','',(#6236));
#6236 = PRODUCT_CONTEXT('',#2,'mechanical');
#6237 = PRODUCT_DEFINITION_CONTEXT('part definition',#2,'design');
#6238 = ADVANCED_BREP_SHAPE_REPRESENTATION('',(#11,#6239),#9019);
#6239 = MANIFOLD_SOLID_BREP('',#6240);
#6240 = CLOSED_SHELL('',(#6241,#6281,#6312,#6343,#6672,#7001,#7018,#7035
    ,#7052,#7069,#7086,#7103,#7120,#7137,#7154,#7171,#7188,#7205,#7222,
    #7239,#7256,#7273,#7290,#7307,#7324,#7341,#7358,#7375,#7387,#7418,
    #7442,#7466,#7483,#7514,#7538,#7562,#7579,#7610,#7634,#7658,#7675,
    #7706,#7730,#7754,#7771,#7802,#7826,#7850,#7867,#7898,#7922,#7946,
    #7963,#7994,#8018,#8042,#8059,#8090,#8114,#8138,#8155,#8186,#8210,
    #8234,#8251,#8282,#8306,#8330,#8347,#8378,#8402,#8426,#8443,#8474,
    #8498,#8522,#8539,#8570,#8594,#8618,#8635,#8666,#8690,#8714,#8731,
    #8762,#8786,#8810,#8827,#8858,#8882,#8906,#8923,#8935,#8947,#8959,
    #8971,#8983,#8995,#9007));
#6241 = ADVANCED_FACE('',(#6242),#6276,.F.);
#6242 = FACE_BOUND('',#6243,.F.);
#6243 = EDGE_LOOP('',(#6244,#6254,#6262,#6270));
#6244 = ORIENTED_EDGE('',*,*,#6245,.T.);
#6245 = EDGE_CURVE('',#6246,#6248,#6250,.T.);
#6246 = VERTEX_POINT('',#6247);
#6247 = CARTESIAN_POINT('',(-1.016,1.27,0.));
#6248 = VERTEX_POINT('',#6249);
#6249 = CARTESIAN_POINT('',(-1.016,1.27,2.54));
#6250 = LINE('',#6251,#6252);
#6251 = CARTESIAN_POINT('',(-1.016,1.27,0.));
#6252 = VECTOR('',#6253,1.);
#6253 = DIRECTION('',(0.,0.,1.));
#6254 = ORIENTED_EDGE('',*,*,#6255,.T.);
#6255 = EDGE_CURVE('',#6248,#6256,#6258,.T.);
#6256 = VERTEX_POINT('',#6257);
#6257 = CARTESIAN_POINT('',(-1.27,1.016,2.54));
#6258 = LINE('',#6259,#6260);
#6259 = CARTESIAN_POINT('',(-1.016,1.27,2.54));
#6260 = VECTOR('',#6261,1.);
#6261 = DIRECTION('',(-0.707106781187,-0.707106781187,0.));
#6262 = ORIENTED_EDGE('',*,*,#6263,.F.);
#6263 = EDGE_CURVE('',#6264,#6256,#6266,.T.);
#6264 = VERTEX_POINT('',#6265);
#6265 = CARTESIAN_POINT('',(-1.27,1.016,0.));
#6266 = LINE('',#6267,#6268);
#6267 = CARTESIAN_POINT('',(-1.27,1.016,0.));
#6268 = VECTOR('',#6269,1.);
#6269 = DIRECTION('',(0.,0.,1.));
#6270 = ORIENTED_EDGE('',*,*,#6271,.F.);
#6271 = EDGE_CURVE('',#6246,#6264,#6272,.T.);
#6272 = LINE('',#6273,#6274);
#6273 = CARTESIAN_POINT('',(-1.016,1.27,0.));
#6274 = VECTOR('',#6275,1.);
#6275 = DIRECTION('',(-0.707106781187,-0.707106781187,0.));
#6276 = PLANE('',#6277);
#6277 = AXIS2_PLACEMENT_3D('',#6278,#6279,#6280);
#6278 = CARTESIAN_POINT('',(-1.016,1.27,0.));
#6279 = DIRECTION('',(0.707106781187,-0.707106781187,0.));
#6280 = DIRECTION('',(-0.707106781187,-0.707106781187,0.));
#6281 = ADVANCED_FACE('',(#6282),#6307,.F.);
#6282 = FACE_BOUND('',#6283,.F.);
#6283 = EDGE_LOOP('',(#6284,#6294,#6300,#6301));
#6284 = ORIENTED_EDGE('',*,*,#6285,.T.);
#6285 = EDGE_CURVE('',#6286,#6288,#6290,.T.);
#6286 = VERTEX_POINT('',#6287);
#6287 = CARTESIAN_POINT('',(1.016,1.27,0.));
#6288 = VERTEX_POINT('',#6289);
#6289 = CARTESIAN_POINT('',(1.016,1.27,2.54));
#6290 = LINE('',#6291,#6292);
#6291 = CARTESIAN_POINT('',(1.016,1.27,0.));
#6292 = VECTOR('',#6293,1.);
#6293 = DIRECTION('',(0.,0.,1.));
#6294 = ORIENTED_EDGE('',*,*,#6295,.T.);
#6295 = EDGE_CURVE('',#6288,#6248,#6296,.T.);
#6296 = LINE('',#6297,#6298);
#6297 = CARTESIAN_POINT('',(1.016,1.27,2.54));
#6298 = VECTOR('',#6299,1.);
#6299 = DIRECTION('',(-1.,0.,0.));
#6300 = ORIENTED_EDGE('',*,*,#6245,.F.);
#6301 = ORIENTED_EDGE('',*,*,#6302,.F.);
#6302 = EDGE_CURVE('',#6286,#6246,#6303,.T.);
#6303 = LINE('',#6304,#6305);
#6304 = CARTESIAN_POINT('',(1.016,1.27,0.));
#6305 = VECTOR('',#6306,1.);
#6306 = DIRECTION('',(-1.,0.,0.));
#6307 = PLANE('',#6308);
#6308 = AXIS2_PLACEMENT_3D('',#6309,#6310,#6311);
#6309 = CARTESIAN_POINT('',(1.016,1.27,0.));
#6310 = DIRECTION('',(0.,-1.,0.));
#6311 = DIRECTION('',(-1.,0.,0.));
#6312 = ADVANCED_FACE('',(#6313),#6338,.F.);
#6313 = FACE_BOUND('',#6314,.F.);
#6314 = EDGE_LOOP('',(#6315,#6316,#6324,#6332));
#6315 = ORIENTED_EDGE('',*,*,#6263,.T.);
#6316 = ORIENTED_EDGE('',*,*,#6317,.T.);
#6317 = EDGE_CURVE('',#6256,#6318,#6320,.T.);
#6318 = VERTEX_POINT('',#6319);
#6319 = CARTESIAN_POINT('',(-1.27,-1.016,2.54));
#6320 = LINE('',#6321,#6322);
#6321 = CARTESIAN_POINT('',(-1.27,1.016,2.54));
#6322 = VECTOR('',#6323,1.);
#6323 = DIRECTION('',(0.,-1.,0.));
#6324 = ORIENTED_EDGE('',*,*,#6325,.F.);
#6325 = EDGE_CURVE('',#6326,#6318,#6328,.T.);
#6326 = VERTEX_POINT('',#6327);
#6327 = CARTESIAN_POINT('',(-1.27,-1.016,0.));
#6328 = LINE('',#6329,#6330);
#6329 = CARTESIAN_POINT('',(-1.27,-1.016,0.));
#6330 = VECTOR('',#6331,1.);
#6331 = DIRECTION('',(0.,0.,1.));
#6332 = ORIENTED_EDGE('',*,*,#6333,.F.);
#6333 = EDGE_CURVE('',#6264,#6326,#6334,.T.);
#6334 = LINE('',#6335,#6336);
#6335 = CARTESIAN_POINT('',(-1.27,1.016,0.));
#6336 = VECTOR('',#6337,1.);
#6337 = DIRECTION('',(0.,-1.,0.));
#6338 = PLANE('',#6339);
#6339 = AXIS2_PLACEMENT_3D('',#6340,#6341,#6342);
#6340 = CARTESIAN_POINT('',(-1.27,1.016,0.));
#6341 = DIRECTION('',(1.,0.,0.));
#6342 = DIRECTION('',(0.,-1.,0.));
#6343 = ADVANCED_FACE('',(#6344,#6531,#6565,#6599,#6633),#6667,.F.);
#6344 = FACE_BOUND('',#6345,.F.);
#6345 = EDGE_LOOP('',(#6346,#6347,#6348,#6356,#6364,#6372,#6380,#6388,
    #6396,#6404,#6412,#6420,#6428,#6436,#6444,#6452,#6460,#6468,#6476,
    #6484,#6492,#6500,#6508,#6516,#6524,#6530));
#6346 = ORIENTED_EDGE('',*,*,#6271,.T.);
#6347 = ORIENTED_EDGE('',*,*,#6333,.T.);
#6348 = ORIENTED_EDGE('',*,*,#6349,.T.);
#6349 = EDGE_CURVE('',#6326,#6350,#6352,.T.);
#6350 = VERTEX_POINT('',#6351);
#6351 = CARTESIAN_POINT('',(-1.016,-1.27,0.));
#6352 = LINE('',#6353,#6354);
#6353 = CARTESIAN_POINT('',(-1.27,-1.016,0.));
#6354 = VECTOR('',#6355,1.);
#6355 = DIRECTION('',(0.707106781187,-0.707106781187,0.));
#6356 = ORIENTED_EDGE('',*,*,#6357,.T.);
#6357 = EDGE_CURVE('',#6350,#6358,#6360,.T.);
#6358 = VERTEX_POINT('',#6359);
#6359 = CARTESIAN_POINT('',(-1.27,-1.524,0.));
#6360 = LINE('',#6361,#6362);
#6361 = CARTESIAN_POINT('',(-1.016,-1.27,0.));
#6362 = VECTOR('',#6363,1.);
#6363 = DIRECTION('',(-0.707106781187,-0.707106781187,0.));
#6364 = ORIENTED_EDGE('',*,*,#6365,.T.);
#6365 = EDGE_CURVE('',#6358,#6366,#6368,.T.);
#6366 = VERTEX_POINT('',#6367);
#6367 = CARTESIAN_POINT('',(-1.27,-3.556,0.));
#6368 = LINE('',#6369,#6370);
#6369 = CARTESIAN_POINT('',(-1.27,-1.524,0.));
#6370 = VECTOR('',#6371,1.);
#6371 = DIRECTION('',(0.,-1.,0.));
#6372 = ORIENTED_EDGE('',*,*,#6373,.T.);
#6373 = EDGE_CURVE('',#6366,#6374,#6376,.T.);
#6374 = VERTEX_POINT('',#6375);
#6375 = CARTESIAN_POINT('',(-1.016,-3.81,0.));
#6376 = LINE('',#6377,#6378);
#6377 = CARTESIAN_POINT('',(-1.27,-3.556,0.));
#6378 = VECTOR('',#6379,1.);
#6379 = DIRECTION('',(0.707106781187,-0.707106781187,0.));
#6380 = ORIENTED_EDGE('',*,*,#6381,.T.);
#6381 = EDGE_CURVE('',#6374,#6382,#6384,.T.);
#6382 = VERTEX_POINT('',#6383);
#6383 = CARTESIAN_POINT('',(-1.27,-4.064,0.));
#6384 = LINE('',#6385,#6386);
#6385 = CARTESIAN_POINT('',(-1.016,-3.81,0.));
#6386 = VECTOR('',#6387,1.);
#6387 = DIRECTION('',(-0.707106781187,-0.707106781187,0.));
#6388 = ORIENTED_EDGE('',*,*,#6389,.T.);
#6389 = EDGE_CURVE('',#6382,#6390,#6392,.T.);
#6390 = VERTEX_POINT('',#6391);
#6391 = CARTESIAN_POINT('',(-1.27,-6.096,0.));
#6392 = LINE('',#6393,#6394);
#6393 = CARTESIAN_POINT('',(-1.27,-4.064,0.));
#6394 = VECTOR('',#6395,1.);
#6395 = DIRECTION('',(0.,-1.,0.));
#6396 = ORIENTED_EDGE('',*,*,#6397,.T.);
#6397 = EDGE_CURVE('',#6390,#6398,#6400,.T.);
#6398 = VERTEX_POINT('',#6399);
#6399 = CARTESIAN_POINT('',(-1.016,-6.35,0.));
#6400 = LINE('',#6401,#6402);
#6401 = CARTESIAN_POINT('',(-1.27,-6.096,0.));
#6402 = VECTOR('',#6403,1.);
#6403 = DIRECTION('',(0.707106781187,-0.707106781187,0.));
#6404 = ORIENTED_EDGE('',*,*,#6405,.T.);
#6405 = EDGE_CURVE('',#6398,#6406,#6408,.T.);
#6406 = VERTEX_POINT('',#6407);
#6407 = CARTESIAN_POINT('',(-1.27,-6.604,0.));
#6408 = LINE('',#6409,#6410);
#6409 = CARTESIAN_POINT('',(-1.016,-6.35,0.));
#6410 = VECTOR('',#6411,1.);
#6411 = DIRECTION('',(-0.707106781187,-0.707106781187,0.));
#6412 = ORIENTED_EDGE('',*,*,#6413,.T.);
#6413 = EDGE_CURVE('',#6406,#6414,#6416,.T.);
#6414 = VERTEX_POINT('',#6415);
#6415 = CARTESIAN_POINT('',(-1.27,-8.636,0.));
#6416 = LINE('',#6417,#6418);
#6417 = CARTESIAN_POINT('',(-1.27,-6.604,0.));
#6418 = VECTOR('',#6419,1.);
#6419 = DIRECTION('',(0.,-1.,0.));
#6420 = ORIENTED_EDGE('',*,*,#6421,.T.);
#6421 = EDGE_CURVE('',#6414,#6422,#6424,.T.);
#6422 = VERTEX_POINT('',#6423);
#6423 = CARTESIAN_POINT('',(-1.016,-8.89,0.));
#6424 = LINE('',#6425,#6426);
#6425 = CARTESIAN_POINT('',(-1.27,-8.636,0.));
#6426 = VECTOR('',#6427,1.);
#6427 = DIRECTION('',(0.707106781187,-0.707106781187,0.));
#6428 = ORIENTED_EDGE('',*,*,#6429,.T.);
#6429 = EDGE_CURVE('',#6422,#6430,#6432,.T.);
#6430 = VERTEX_POINT('',#6431);
#6431 = CARTESIAN_POINT('',(1.016,-8.89,0.));
#6432 = LINE('',#6433,#6434);
#6433 = CARTESIAN_POINT('',(-1.016,-8.89,0.));
#6434 = VECTOR('',#6435,1.);
#6435 = DIRECTION('',(1.,0.,0.));
#6436 = ORIENTED_EDGE('',*,*,#6437,.T.);
#6437 = EDGE_CURVE('',#6430,#6438,#6440,.T.);
#6438 = VERTEX_POINT('',#6439);
#6439 = CARTESIAN_POINT('',(1.27,-8.636,0.));
#6440 = LINE('',#6441,#6442);
#6441 = CARTESIAN_POINT('',(1.016,-8.89,0.));
#6442 = VECTOR('',#6443,1.);
#6443 = DIRECTION('',(0.707106781187,0.707106781187,0.));
#6444 = ORIENTED_EDGE('',*,*,#6445,.T.);
#6445 = EDGE_CURVE('',#6438,#6446,#6448,.T.);
#6446 = VERTEX_POINT('',#6447);
#6447 = CARTESIAN_POINT('',(1.27,-6.604,0.));
#6448 = LINE('',#6449,#6450);
#6449 = CARTESIAN_POINT('',(1.27,-8.636,0.));
#6450 = VECTOR('',#6451,1.);
#6451 = DIRECTION('',(0.,1.,0.));
#6452 = ORIENTED_EDGE('',*,*,#6453,.T.);
#6453 = EDGE_CURVE('',#6446,#6454,#6456,.T.);
#6454 = VERTEX_POINT('',#6455);
#6455 = CARTESIAN_POINT('',(1.016,-6.35,0.));
#6456 = LINE('',#6457,#6458);
#6457 = CARTESIAN_POINT('',(1.27,-6.604,0.));
#6458 = VECTOR('',#6459,1.);
#6459 = DIRECTION('',(-0.707106781187,0.707106781187,0.));
#6460 = ORIENTED_EDGE('',*,*,#6461,.T.);
#6461 = EDGE_CURVE('',#6454,#6462,#6464,.T.);
#6462 = VERTEX_POINT('',#6463);
#6463 = CARTESIAN_POINT('',(1.27,-6.096,0.));
#6464 = LINE('',#6465,#6466);
#6465 = CARTESIAN_POINT('',(1.016,-6.35,0.));
#6466 = VECTOR('',#6467,1.);
#6467 = DIRECTION('',(0.707106781187,0.707106781187,0.));
#6468 = ORIENTED_EDGE('',*,*,#6469,.T.);
#6469 = EDGE_CURVE('',#6462,#6470,#6472,.T.);
#6470 = VERTEX_POINT('',#6471);
#6471 = CARTESIAN_POINT('',(1.27,-4.064,0.));
#6472 = LINE('',#6473,#6474);
#6473 = CARTESIAN_POINT('',(1.27,-6.096,0.));
#6474 = VECTOR('',#6475,1.);
#6475 = DIRECTION('',(0.,1.,0.));
#6476 = ORIENTED_EDGE('',*,*,#6477,.T.);
#6477 = EDGE_CURVE('',#6470,#6478,#6480,.T.);
#6478 = VERTEX_POINT('',#6479);
#6479 = CARTESIAN_POINT('',(1.016,-3.81,0.));
#6480 = LINE('',#6481,#6482);
#6481 = CARTESIAN_POINT('',(1.27,-4.064,0.));
#6482 = VECTOR('',#6483,1.);
#6483 = DIRECTION('',(-0.707106781187,0.707106781187,0.));
#6484 = ORIENTED_EDGE('',*,*,#6485,.T.);
#6485 = EDGE_CURVE('',#6478,#6486,#6488,.T.);
#6486 = VERTEX_POINT('',#6487);
#6487 = CARTESIAN_POINT('',(1.27,-3.556,0.));
#6488 = LINE('',#6489,#6490);
#6489 = CARTESIAN_POINT('',(1.016,-3.81,0.));
#6490 = VECTOR('',#6491,1.);
#6491 = DIRECTION('',(0.707106781187,0.707106781187,0.));
#6492 = ORIENTED_EDGE('',*,*,#6493,.T.);
#6493 = EDGE_CURVE('',#6486,#6494,#6496,.T.);
#6494 = VERTEX_POINT('',#6495);
#6495 = CARTESIAN_POINT('',(1.27,-1.524,0.));
#6496 = LINE('',#6497,#6498);
#6497 = CARTESIAN_POINT('',(1.27,-3.556,0.));
#6498 = VECTOR('',#6499,1.);
#6499 = DIRECTION('',(0.,1.,0.));
#6500 = ORIENTED_EDGE('',*,*,#6501,.T.);
#6501 = EDGE_CURVE('',#6494,#6502,#6504,.T.);
#6502 = VERTEX_POINT('',#6503);
#6503 = CARTESIAN_POINT('',(1.016,-1.27,0.));
#6504 = LINE('',#6505,#6506);
#6505 = CARTESIAN_POINT('',(1.27,-1.524,0.));
#6506 = VECTOR('',#6507,1.);
#6507 = DIRECTION('',(-0.707106781187,0.707106781187,0.));
#6508 = ORIENTED_EDGE('',*,*,#6509,.T.);
#6509 = EDGE_CURVE('',#6502,#6510,#6512,.T.);
#6510 = VERTEX_POINT('',#6511);
#6511 = CARTESIAN_POINT('',(1.27,-1.016,0.));
#6512 = LINE('',#6513,#6514);
#6513 = CARTESIAN_POINT('',(1.016,-1.27,0.));
#6514 = VECTOR('',#6515,1.);
#6515 = DIRECTION('',(0.707106781187,0.707106781187,0.));
#6516 = ORIENTED_EDGE('',*,*,#6517,.T.);
#6517 = EDGE_CURVE('',#6510,#6518,#6520,.T.);
#6518 = VERTEX_POINT('',#6519);
#6519 = CARTESIAN_POINT('',(1.27,1.016,0.));
#6520 = LINE('',#6521,#6522);
#6521 = CARTESIAN_POINT('',(1.27,-1.016,0.));
#6522 = VECTOR('',#6523,1.);
#6523 = DIRECTION('',(0.,1.,0.));
#6524 = ORIENTED_EDGE('',*,*,#6525,.T.);
#6525 = EDGE_CURVE('',#6518,#6286,#6526,.T.);
#6526 = LINE('',#6527,#6528);
#6527 = CARTESIAN_POINT('',(1.27,1.016,0.));
#6528 = VECTOR('',#6529,1.);
#6529 = DIRECTION('',(-0.707106781187,0.707106781187,0.));
#6530 = ORIENTED_EDGE('',*,*,#6302,.T.);
#6531 = FACE_BOUND('',#6532,.F.);
#6532 = EDGE_LOOP('',(#6533,#6543,#6551,#6559));
#6533 = ORIENTED_EDGE('',*,*,#6534,.F.);
#6534 = EDGE_CURVE('',#6535,#6537,#6539,.T.);
#6535 = VERTEX_POINT('',#6536);
#6536 = CARTESIAN_POINT('',(0.32,-4.76,0.));
#6537 = VERTEX_POINT('',#6538);
#6538 = CARTESIAN_POINT('',(-0.32,-4.76,0.));
#6539 = LINE('',#6540,#6541);
#6540 = CARTESIAN_POINT('',(-0.16,-4.76,0.));
#6541 = VECTOR('',#6542,1.);
#6542 = DIRECTION('',(-1.,0.,0.));
#6543 = ORIENTED_EDGE('',*,*,#6544,.F.);
#6544 = EDGE_CURVE('',#6545,#6535,#6547,.T.);
#6545 = VERTEX_POINT('',#6546);
#6546 = CARTESIAN_POINT('',(0.32,-5.4,0.));
#6547 = LINE('',#6548,#6549);
#6548 = CARTESIAN_POINT('',(0.32,-4.605,0.));
#6549 = VECTOR('',#6550,1.);
#6550 = DIRECTION('',(0.,1.,0.));
#6551 = ORIENTED_EDGE('',*,*,#6552,.T.);
#6552 = EDGE_CURVE('',#6545,#6553,#6555,.T.);
#6553 = VERTEX_POINT('',#6554);
#6554 = CARTESIAN_POINT('',(-0.32,-5.4,0.));
#6555 = LINE('',#6556,#6557);
#6556 = CARTESIAN_POINT('',(-0.16,-5.4,0.));
#6557 = VECTOR('',#6558,1.);
#6558 = DIRECTION('',(-1.,0.,0.));
#6559 = ORIENTED_EDGE('',*,*,#6560,.T.);
#6560 = EDGE_CURVE('',#6553,#6537,#6561,.T.);
#6561 = LINE('',#6562,#6563);
#6562 = CARTESIAN_POINT('',(-0.32,-4.605,0.));
#6563 = VECTOR('',#6564,1.);
#6564 = DIRECTION('',(0.,1.,0.));
#6565 = FACE_BOUND('',#6566,.F.);
#6566 = EDGE_LOOP('',(#6567,#6577,#6585,#6593));
#6567 = ORIENTED_EDGE('',*,*,#6568,.F.);
#6568 = EDGE_CURVE('',#6569,#6571,#6573,.T.);
#6569 = VERTEX_POINT('',#6570);
#6570 = CARTESIAN_POINT('',(0.32,-7.94,0.));
#6571 = VERTEX_POINT('',#6572);
#6572 = CARTESIAN_POINT('',(0.32,-7.3,0.));
#6573 = LINE('',#6574,#6575);
#6574 = CARTESIAN_POINT('',(0.32,-5.875,0.));
#6575 = VECTOR('',#6576,1.);
#6576 = DIRECTION('',(0.,1.,0.));
#6577 = ORIENTED_EDGE('',*,*,#6578,.T.);
#6578 = EDGE_CURVE('',#6569,#6579,#6581,.T.);
#6579 = VERTEX_POINT('',#6580);
#6580 = CARTESIAN_POINT('',(-0.32,-7.94,0.));
#6581 = LINE('',#6582,#6583);
#6582 = CARTESIAN_POINT('',(-0.16,-7.94,0.));
#6583 = VECTOR('',#6584,1.);
#6584 = DIRECTION('',(-1.,0.,0.));
#6585 = ORIENTED_EDGE('',*,*,#6586,.T.);
#6586 = EDGE_CURVE('',#6579,#6587,#6589,.T.);
#6587 = VERTEX_POINT('',#6588);
#6588 = CARTESIAN_POINT('',(-0.32,-7.3,0.));
#6589 = LINE('',#6590,#6591);
#6590 = CARTESIAN_POINT('',(-0.32,-5.875,0.));
#6591 = VECTOR('',#6592,1.);
#6592 = DIRECTION('',(0.,1.,0.));
#6593 = ORIENTED_EDGE('',*,*,#6594,.F.);
#6594 = EDGE_CURVE('',#6571,#6587,#6595,.T.);
#6595 = LINE('',#6596,#6597);
#6596 = CARTESIAN_POINT('',(-0.16,-7.3,0.));
#6597 = VECTOR('',#6598,1.);
#6598 = DIRECTION('',(-1.,0.,0.));
#6599 = FACE_BOUND('',#6600,.F.);
#6600 = EDGE_LOOP('',(#6601,#6611,#6619,#6627));
#6601 = ORIENTED_EDGE('',*,*,#6602,.F.);
#6602 = EDGE_CURVE('',#6603,#6605,#6607,.T.);
#6603 = VERTEX_POINT('',#6604);
#6604 = CARTESIAN_POINT('',(0.32,-0.32,0.));
#6605 = VERTEX_POINT('',#6606);
#6606 = CARTESIAN_POINT('',(0.32,0.32,0.));
#6607 = LINE('',#6608,#6609);
#6608 = CARTESIAN_POINT('',(0.32,-2.065,0.));
#6609 = VECTOR('',#6610,1.);
#6610 = DIRECTION('',(0.,1.,0.));
#6611 = ORIENTED_EDGE('',*,*,#6612,.T.);
#6612 = EDGE_CURVE('',#6603,#6613,#6615,.T.);
#6613 = VERTEX_POINT('',#6614);
#6614 = CARTESIAN_POINT('',(-0.32,-0.32,0.));
#6615 = LINE('',#6616,#6617);
#6616 = CARTESIAN_POINT('',(-0.16,-0.32,0.));
#6617 = VECTOR('',#6618,1.);
#6618 = DIRECTION('',(-1.,0.,0.));
#6619 = ORIENTED_EDGE('',*,*,#6620,.T.);
#6620 = EDGE_CURVE('',#6613,#6621,#6623,.T.);
#6621 = VERTEX_POINT('',#6622);
#6622 = CARTESIAN_POINT('',(-0.32,0.32,0.));
#6623 = LINE('',#6624,#6625);
#6624 = CARTESIAN_POINT('',(-0.32,-2.065,0.));
#6625 = VECTOR('',#6626,1.);
#6626 = DIRECTION('',(0.,1.,0.));
#6627 = ORIENTED_EDGE('',*,*,#6628,.F.);
#6628 = EDGE_CURVE('',#6605,#6621,#6629,.T.);
#6629 = LINE('',#6630,#6631);
#6630 = CARTESIAN_POINT('',(-0.16,0.32,0.));
#6631 = VECTOR('',#6632,1.);
#6632 = DIRECTION('',(-1.,0.,0.));
#6633 = FACE_BOUND('',#6634,.F.);
#6634 = EDGE_LOOP('',(#6635,#6645,#6653,#6661));
#6635 = ORIENTED_EDGE('',*,*,#6636,.F.);
#6636 = EDGE_CURVE('',#6637,#6639,#6641,.T.);
#6637 = VERTEX_POINT('',#6638);
#6638 = CARTESIAN_POINT('',(0.32,-2.22,0.));
#6639 = VERTEX_POINT('',#6640);
#6640 = CARTESIAN_POINT('',(-0.32,-2.22,0.));
#6641 = LINE('',#6642,#6643);
#6642 = CARTESIAN_POINT('',(-0.16,-2.22,0.));
#6643 = VECTOR('',#6644,1.);
#6644 = DIRECTION('',(-1.,0.,0.));
#6645 = ORIENTED_EDGE('',*,*,#6646,.F.);
#6646 = EDGE_CURVE('',#6647,#6637,#6649,.T.);
#6647 = VERTEX_POINT('',#6648);
#6648 = CARTESIAN_POINT('',(0.32,-2.86,0.));
#6649 = LINE('',#6650,#6651);
#6650 = CARTESIAN_POINT('',(0.32,-3.335,0.));
#6651 = VECTOR('',#6652,1.);
#6652 = DIRECTION('',(0.,1.,0.));
#6653 = ORIENTED_EDGE('',*,*,#6654,.T.);
#6654 = EDGE_CURVE('',#6647,#6655,#6657,.T.);
#6655 = VERTEX_POINT('',#6656);
#6656 = CARTESIAN_POINT('',(-0.32,-2.86,0.));
#6657 = LINE('',#6658,#6659);
#6658 = CARTESIAN_POINT('',(-0.16,-2.86,0.));
#6659 = VECTOR('',#6660,1.);
#6660 = DIRECTION('',(-1.,0.,0.));
#6661 = ORIENTED_EDGE('',*,*,#6662,.T.);
#6662 = EDGE_CURVE('',#6655,#6639,#6663,.T.);
#6663 = LINE('',#6664,#6665);
#6664 = CARTESIAN_POINT('',(-0.32,-3.335,0.));
#6665 = VECTOR('',#6666,1.);
#6666 = DIRECTION('',(0.,1.,0.));
#6667 = PLANE('',#6668);
#6668 = AXIS2_PLACEMENT_3D('',#6669,#6670,#6671);
#6669 = CARTESIAN_POINT('',(4.259053689278E-17,-3.81,0.));
#6670 = DIRECTION('',(0.,0.,1.));
#6671 = DIRECTION('',(1.,0.,-0.));
#6672 = ADVANCED_FACE('',(#6673,#6860,#6894,#6928,#6962),#6996,.T.);
#6673 = FACE_BOUND('',#6674,.T.);
#6674 = EDGE_LOOP('',(#6675,#6676,#6677,#6685,#6693,#6701,#6709,#6717,
    #6725,#6733,#6741,#6749,#6757,#6765,#6773,#6781,#6789,#6797,#6805,
    #6813,#6821,#6829,#6837,#6845,#6853,#6859));
#6675 = ORIENTED_EDGE('',*,*,#6255,.T.);
#6676 = ORIENTED_EDGE('',*,*,#6317,.T.);
#6677 = ORIENTED_EDGE('',*,*,#6678,.T.);
#6678 = EDGE_CURVE('',#6318,#6679,#6681,.T.);
#6679 = VERTEX_POINT('',#6680);
#6680 = CARTESIAN_POINT('',(-1.016,-1.27,2.54));
#6681 = LINE('',#6682,#6683);
#6682 = CARTESIAN_POINT('',(-1.27,-1.016,2.54));
#6683 = VECTOR('',#6684,1.);
#6684 = DIRECTION('',(0.707106781187,-0.707106781187,0.));
#6685 = ORIENTED_EDGE('',*,*,#6686,.T.);
#6686 = EDGE_CURVE('',#6679,#6687,#6689,.T.);
#6687 = VERTEX_POINT('',#6688);
#6688 = CARTESIAN_POINT('',(-1.27,-1.524,2.54));
#6689 = LINE('',#6690,#6691);
#6690 = CARTESIAN_POINT('',(-1.016,-1.27,2.54));
#6691 = VECTOR('',#6692,1.);
#6692 = DIRECTION('',(-0.707106781187,-0.707106781187,0.));
#6693 = ORIENTED_EDGE('',*,*,#6694,.T.);
#6694 = EDGE_CURVE('',#6687,#6695,#6697,.T.);
#6695 = VERTEX_POINT('',#6696);
#6696 = CARTESIAN_POINT('',(-1.27,-3.556,2.54));
#6697 = LINE('',#6698,#6699);
#6698 = CARTESIAN_POINT('',(-1.27,-1.524,2.54));
#6699 = VECTOR('',#6700,1.);
#6700 = DIRECTION('',(0.,-1.,0.));
#6701 = ORIENTED_EDGE('',*,*,#6702,.T.);
#6702 = EDGE_CURVE('',#6695,#6703,#6705,.T.);
#6703 = VERTEX_POINT('',#6704);
#6704 = CARTESIAN_POINT('',(-1.016,-3.81,2.54));
#6705 = LINE('',#6706,#6707);
#6706 = CARTESIAN_POINT('',(-1.27,-3.556,2.54));
#6707 = VECTOR('',#6708,1.);
#6708 = DIRECTION('',(0.707106781187,-0.707106781187,0.));
#6709 = ORIENTED_EDGE('',*,*,#6710,.T.);
#6710 = EDGE_CURVE('',#6703,#6711,#6713,.T.);
#6711 = VERTEX_POINT('',#6712);
#6712 = CARTESIAN_POINT('',(-1.27,-4.064,2.54));
#6713 = LINE('',#6714,#6715);
#6714 = CARTESIAN_POINT('',(-1.016,-3.81,2.54));
#6715 = VECTOR('',#6716,1.);
#6716 = DIRECTION('',(-0.707106781187,-0.707106781187,0.));
#6717 = ORIENTED_EDGE('',*,*,#6718,.T.);
#6718 = EDGE_CURVE('',#6711,#6719,#6721,.T.);
#6719 = VERTEX_POINT('',#6720);
#6720 = CARTESIAN_POINT('',(-1.27,-6.096,2.54));
#6721 = LINE('',#6722,#6723);
#6722 = CARTESIAN_POINT('',(-1.27,-4.064,2.54));
#6723 = VECTOR('',#6724,1.);
#6724 = DIRECTION('',(0.,-1.,0.));
#6725 = ORIENTED_EDGE('',*,*,#6726,.T.);
#6726 = EDGE_CURVE('',#6719,#6727,#6729,.T.);
#6727 = VERTEX_POINT('',#6728);
#6728 = CARTESIAN_POINT('',(-1.016,-6.35,2.54));
#6729 = LINE('',#6730,#6731);
#6730 = CARTESIAN_POINT('',(-1.27,-6.096,2.54));
#6731 = VECTOR('',#6732,1.);
#6732 = DIRECTION('',(0.707106781187,-0.707106781187,0.));
#6733 = ORIENTED_EDGE('',*,*,#6734,.T.);
#6734 = EDGE_CURVE('',#6727,#6735,#6737,.T.);
#6735 = VERTEX_POINT('',#6736);
#6736 = CARTESIAN_POINT('',(-1.27,-6.604,2.54));
#6737 = LINE('',#6738,#6739);
#6738 = CARTESIAN_POINT('',(-1.016,-6.35,2.54));
#6739 = VECTOR('',#6740,1.);
#6740 = DIRECTION('',(-0.707106781187,-0.707106781187,0.));
#6741 = ORIENTED_EDGE('',*,*,#6742,.T.);
#6742 = EDGE_CURVE('',#6735,#6743,#6745,.T.);
#6743 = VERTEX_POINT('',#6744);
#6744 = CARTESIAN_POINT('',(-1.27,-8.636,2.54));
#6745 = LINE('',#6746,#6747);
#6746 = CARTESIAN_POINT('',(-1.27,-6.604,2.54));
#6747 = VECTOR('',#6748,1.);
#6748 = DIRECTION('',(0.,-1.,0.));
#6749 = ORIENTED_EDGE('',*,*,#6750,.T.);
#6750 = EDGE_CURVE('',#6743,#6751,#6753,.T.);
#6751 = VERTEX_POINT('',#6752);
#6752 = CARTESIAN_POINT('',(-1.016,-8.89,2.54));
#6753 = LINE('',#6754,#6755);
#6754 = CARTESIAN_POINT('',(-1.27,-8.636,2.54));
#6755 = VECTOR('',#6756,1.);
#6756 = DIRECTION('',(0.707106781187,-0.707106781187,0.));
#6757 = ORIENTED_EDGE('',*,*,#6758,.T.);
#6758 = EDGE_CURVE('',#6751,#6759,#6761,.T.);
#6759 = VERTEX_POINT('',#6760);
#6760 = CARTESIAN_POINT('',(1.016,-8.89,2.54));
#6761 = LINE('',#6762,#6763);
#6762 = CARTESIAN_POINT('',(-1.016,-8.89,2.54));
#6763 = VECTOR('',#6764,1.);
#6764 = DIRECTION('',(1.,0.,0.));
#6765 = ORIENTED_EDGE('',*,*,#6766,.T.);
#6766 = EDGE_CURVE('',#6759,#6767,#6769,.T.);
#6767 = VERTEX_POINT('',#6768);
#6768 = CARTESIAN_POINT('',(1.27,-8.636,2.54));
#6769 = LINE('',#6770,#6771);
#6770 = CARTESIAN_POINT('',(1.016,-8.89,2.54));
#6771 = VECTOR('',#6772,1.);
#6772 = DIRECTION('',(0.707106781187,0.707106781187,0.));
#6773 = ORIENTED_EDGE('',*,*,#6774,.T.);
#6774 = EDGE_CURVE('',#6767,#6775,#6777,.T.);
#6775 = VERTEX_POINT('',#6776);
#6776 = CARTESIAN_POINT('',(1.27,-6.604,2.54));
#6777 = LINE('',#6778,#6779);
#6778 = CARTESIAN_POINT('',(1.27,-8.636,2.54));
#6779 = VECTOR('',#6780,1.);
#6780 = DIRECTION('',(0.,1.,0.));
#6781 = ORIENTED_EDGE('',*,*,#6782,.T.);
#6782 = EDGE_CURVE('',#6775,#6783,#6785,.T.);
#6783 = VERTEX_POINT('',#6784);
#6784 = CARTESIAN_POINT('',(1.016,-6.35,2.54));
#6785 = LINE('',#6786,#6787);
#6786 = CARTESIAN_POINT('',(1.27,-6.604,2.54));
#6787 = VECTOR('',#6788,1.);
#6788 = DIRECTION('',(-0.707106781187,0.707106781187,0.));
#6789 = ORIENTED_EDGE('',*,*,#6790,.T.);
#6790 = EDGE_CURVE('',#6783,#6791,#6793,.T.);
#6791 = VERTEX_POINT('',#6792);
#6792 = CARTESIAN_POINT('',(1.27,-6.096,2.54));
#6793 = LINE('',#6794,#6795);
#6794 = CARTESIAN_POINT('',(1.016,-6.35,2.54));
#6795 = VECTOR('',#6796,1.);
#6796 = DIRECTION('',(0.707106781187,0.707106781187,0.));
#6797 = ORIENTED_EDGE('',*,*,#6798,.T.);
#6798 = EDGE_CURVE('',#6791,#6799,#6801,.T.);
#6799 = VERTEX_POINT('',#6800);
#6800 = CARTESIAN_POINT('',(1.27,-4.064,2.54));
#6801 = LINE('',#6802,#6803);
#6802 = CARTESIAN_POINT('',(1.27,-6.096,2.54));
#6803 = VECTOR('',#6804,1.);
#6804 = DIRECTION('',(0.,1.,0.));
#6805 = ORIENTED_EDGE('',*,*,#6806,.T.);
#6806 = EDGE_CURVE('',#6799,#6807,#6809,.T.);
#6807 = VERTEX_POINT('',#6808);
#6808 = CARTESIAN_POINT('',(1.016,-3.81,2.54));
#6809 = LINE('',#6810,#6811);
#6810 = CARTESIAN_POINT('',(1.27,-4.064,2.54));
#6811 = VECTOR('',#6812,1.);
#6812 = DIRECTION('',(-0.707106781187,0.707106781187,0.));
#6813 = ORIENTED_EDGE('',*,*,#6814,.T.);
#6814 = EDGE_CURVE('',#6807,#6815,#6817,.T.);
#6815 = VERTEX_POINT('',#6816);
#6816 = CARTESIAN_POINT('',(1.27,-3.556,2.54));
#6817 = LINE('',#6818,#6819);
#6818 = CARTESIAN_POINT('',(1.016,-3.81,2.54));
#6819 = VECTOR('',#6820,1.);
#6820 = DIRECTION('',(0.707106781187,0.707106781187,0.));
#6821 = ORIENTED_EDGE('',*,*,#6822,.T.);
#6822 = EDGE_CURVE('',#6815,#6823,#6825,.T.);
#6823 = VERTEX_POINT('',#6824);
#6824 = CARTESIAN_POINT('',(1.27,-1.524,2.54));
#6825 = LINE('',#6826,#6827);
#6826 = CARTESIAN_POINT('',(1.27,-3.556,2.54));
#6827 = VECTOR('',#6828,1.);
#6828 = DIRECTION('',(0.,1.,0.));
#6829 = ORIENTED_EDGE('',*,*,#6830,.T.);
#6830 = EDGE_CURVE('',#6823,#6831,#6833,.T.);
#6831 = VERTEX_POINT('',#6832);
#6832 = CARTESIAN_POINT('',(1.016,-1.27,2.54));
#6833 = LINE('',#6834,#6835);
#6834 = CARTESIAN_POINT('',(1.27,-1.524,2.54));
#6835 = VECTOR('',#6836,1.);
#6836 = DIRECTION('',(-0.707106781187,0.707106781187,0.));
#6837 = ORIENTED_EDGE('',*,*,#6838,.T.);
#6838 = EDGE_CURVE('',#6831,#6839,#6841,.T.);
#6839 = VERTEX_POINT('',#6840);
#6840 = CARTESIAN_POINT('',(1.27,-1.016,2.54));
#6841 = LINE('',#6842,#6843);
#6842 = CARTESIAN_POINT('',(1.016,-1.27,2.54));
#6843 = VECTOR('',#6844,1.);
#6844 = DIRECTION('',(0.707106781187,0.707106781187,0.));
#6845 = ORIENTED_EDGE('',*,*,#6846,.T.);
#6846 = EDGE_CURVE('',#6839,#6847,#6849,.T.);
#6847 = VERTEX_POINT('',#6848);
#6848 = CARTESIAN_POINT('',(1.27,1.016,2.54));
#6849 = LINE('',#6850,#6851);
#6850 = CARTESIAN_POINT('',(1.27,-1.016,2.54));
#6851 = VECTOR('',#6852,1.);
#6852 = DIRECTION('',(0.,1.,0.));
#6853 = ORIENTED_EDGE('',*,*,#6854,.T.);
#6854 = EDGE_CURVE('',#6847,#6288,#6855,.T.);
#6855 = LINE('',#6856,#6857);
#6856 = CARTESIAN_POINT('',(1.27,1.016,2.54));
#6857 = VECTOR('',#6858,1.);
#6858 = DIRECTION('',(-0.707106781187,0.707106781187,0.));
#6859 = ORIENTED_EDGE('',*,*,#6295,.T.);
#6860 = FACE_BOUND('',#6861,.T.);
#6861 = EDGE_LOOP('',(#6862,#6872,#6880,#6888));
#6862 = ORIENTED_EDGE('',*,*,#6863,.F.);
#6863 = EDGE_CURVE('',#6864,#6866,#6868,.T.);
#6864 = VERTEX_POINT('',#6865);
#6865 = CARTESIAN_POINT('',(0.32,-4.76,2.54));
#6866 = VERTEX_POINT('',#6867);
#6867 = CARTESIAN_POINT('',(-0.32,-4.76,2.54));
#6868 = LINE('',#6869,#6870);
#6869 = CARTESIAN_POINT('',(-0.16,-4.76,2.54));
#6870 = VECTOR('',#6871,1.);
#6871 = DIRECTION('',(-1.,0.,0.));
#6872 = ORIENTED_EDGE('',*,*,#6873,.F.);
#6873 = EDGE_CURVE('',#6874,#6864,#6876,.T.);
#6874 = VERTEX_POINT('',#6875);
#6875 = CARTESIAN_POINT('',(0.32,-5.4,2.54));
#6876 = LINE('',#6877,#6878);
#6877 = CARTESIAN_POINT('',(0.32,-4.605,2.54));
#6878 = VECTOR('',#6879,1.);
#6879 = DIRECTION('',(0.,1.,0.));
#6880 = ORIENTED_EDGE('',*,*,#6881,.T.);
#6881 = EDGE_CURVE('',#6874,#6882,#6884,.T.);
#6882 = VERTEX_POINT('',#6883);
#6883 = CARTESIAN_POINT('',(-0.32,-5.4,2.54));
#6884 = LINE('',#6885,#6886);
#6885 = CARTESIAN_POINT('',(-0.16,-5.4,2.54));
#6886 = VECTOR('',#6887,1.);
#6887 = DIRECTION('',(-1.,0.,0.));
#6888 = ORIENTED_EDGE('',*,*,#6889,.T.);
#6889 = EDGE_CURVE('',#6882,#6866,#6890,.T.);
#6890 = LINE('',#6891,#6892);
#6891 = CARTESIAN_POINT('',(-0.32,-4.605,2.54));
#6892 = VECTOR('',#6893,1.);
#6893 = DIRECTION('',(0.,1.,0.));
#6894 = FACE_BOUND('',#6895,.T.);
#6895 = EDGE_LOOP('',(#6896,#6906,#6914,#6922));
#6896 = ORIENTED_EDGE('',*,*,#6897,.F.);
#6897 = EDGE_CURVE('',#6898,#6900,#6902,.T.);
#6898 = VERTEX_POINT('',#6899);
#6899 = CARTESIAN_POINT('',(0.32,-7.94,2.54));
#6900 = VERTEX_POINT('',#6901);
#6901 = CARTESIAN_POINT('',(0.32,-7.3,2.54));
#6902 = LINE('',#6903,#6904);
#6903 = CARTESIAN_POINT('',(0.32,-5.875,2.54));
#6904 = VECTOR('',#6905,1.);
#6905 = DIRECTION('',(0.,1.,0.));
#6906 = ORIENTED_EDGE('',*,*,#6907,.T.);
#6907 = EDGE_CURVE('',#6898,#6908,#6910,.T.);
#6908 = VERTEX_POINT('',#6909);
#6909 = CARTESIAN_POINT('',(-0.32,-7.94,2.54));
#6910 = LINE('',#6911,#6912);
#6911 = CARTESIAN_POINT('',(-0.16,-7.94,2.54));
#6912 = VECTOR('',#6913,1.);
#6913 = DIRECTION('',(-1.,0.,0.));
#6914 = ORIENTED_EDGE('',*,*,#6915,.T.);
#6915 = EDGE_CURVE('',#6908,#6916,#6918,.T.);
#6916 = VERTEX_POINT('',#6917);
#6917 = CARTESIAN_POINT('',(-0.32,-7.3,2.54));
#6918 = LINE('',#6919,#6920);
#6919 = CARTESIAN_POINT('',(-0.32,-5.875,2.54));
#6920 = VECTOR('',#6921,1.);
#6921 = DIRECTION('',(0.,1.,0.));
#6922 = ORIENTED_EDGE('',*,*,#6923,.F.);
#6923 = EDGE_CURVE('',#6900,#6916,#6924,.T.);
#6924 = LINE('',#6925,#6926);
#6925 = CARTESIAN_POINT('',(-0.16,-7.3,2.54));
#6926 = VECTOR('',#6927,1.);
#6927 = DIRECTION('',(-1.,0.,0.));
#6928 = FACE_BOUND('',#6929,.T.);
#6929 = EDGE_LOOP('',(#6930,#6940,#6948,#6956));
#6930 = ORIENTED_EDGE('',*,*,#6931,.F.);
#6931 = EDGE_CURVE('',#6932,#6934,#6936,.T.);
#6932 = VERTEX_POINT('',#6933);
#6933 = CARTESIAN_POINT('',(0.32,-0.32,2.54));
#6934 = VERTEX_POINT('',#6935);
#6935 = CARTESIAN_POINT('',(0.32,0.32,2.54));
#6936 = LINE('',#6937,#6938);
#6937 = CARTESIAN_POINT('',(0.32,-2.065,2.54));
#6938 = VECTOR('',#6939,1.);
#6939 = DIRECTION('',(0.,1.,0.));
#6940 = ORIENTED_EDGE('',*,*,#6941,.T.);
#6941 = EDGE_CURVE('',#6932,#6942,#6944,.T.);
#6942 = VERTEX_POINT('',#6943);
#6943 = CARTESIAN_POINT('',(-0.32,-0.32,2.54));
#6944 = LINE('',#6945,#6946);
#6945 = CARTESIAN_POINT('',(-0.16,-0.32,2.54));
#6946 = VECTOR('',#6947,1.);
#6947 = DIRECTION('',(-1.,0.,0.));
#6948 = ORIENTED_EDGE('',*,*,#6949,.T.);
#6949 = EDGE_CURVE('',#6942,#6950,#6952,.T.);
#6950 = VERTEX_POINT('',#6951);
#6951 = CARTESIAN_POINT('',(-0.32,0.32,2.54));
#6952 = LINE('',#6953,#6954);
#6953 = CARTESIAN_POINT('',(-0.32,-2.065,2.54));
#6954 = VECTOR('',#6955,1.);
#6955 = DIRECTION('',(0.,1.,0.));
#6956 = ORIENTED_EDGE('',*,*,#6957,.F.);
#6957 = EDGE_CURVE('',#6934,#6950,#6958,.T.);
#6958 = LINE('',#6959,#6960);
#6959 = CARTESIAN_POINT('',(-0.16,0.32,2.54));
#6960 = VECTOR('',#6961,1.);
#6961 = DIRECTION('',(-1.,0.,0.));
#6962 = FACE_BOUND('',#6963,.T.);
#6963 = EDGE_LOOP('',(#6964,#6974,#6982,#6990));
#6964 = ORIENTED_EDGE('',*,*,#6965,.F.);
#6965 = EDGE_CURVE('',#6966,#6968,#6970,.T.);
#6966 = VERTEX_POINT('',#6967);
#6967 = CARTESIAN_POINT('',(0.32,-2.22,2.54));
#6968 = VERTEX_POINT('',#6969);
#6969 = CARTESIAN_POINT('',(-0.32,-2.22,2.54));
#6970 = LINE('',#6971,#6972);
#6971 = CARTESIAN_POINT('',(-0.16,-2.22,2.54));
#6972 = VECTOR('',#6973,1.);
#6973 = DIRECTION('',(-1.,0.,0.));
#6974 = ORIENTED_EDGE('',*,*,#6975,.F.);
#6975 = EDGE_CURVE('',#6976,#6966,#6978,.T.);
#6976 = VERTEX_POINT('',#6977);
#6977 = CARTESIAN_POINT('',(0.32,-2.86,2.54));
#6978 = LINE('',#6979,#6980);
#6979 = CARTESIAN_POINT('',(0.32,-3.335,2.54));
#6980 = VECTOR('',#6981,1.);
#6981 = DIRECTION('',(0.,1.,0.));
#6982 = ORIENTED_EDGE('',*,*,#6983,.T.);
#6983 = EDGE_CURVE('',#6976,#6984,#6986,.T.);
#6984 = VERTEX_POINT('',#6985);
#6985 = CARTESIAN_POINT('',(-0.32,-2.86,2.54));
#6986 = LINE('',#6987,#6988);
#6987 = CARTESIAN_POINT('',(-0.16,-2.86,2.54));
#6988 = VECTOR('',#6989,1.);
#6989 = DIRECTION('',(-1.,0.,0.));
#6990 = ORIENTED_EDGE('',*,*,#6991,.T.);
#6991 = EDGE_CURVE('',#6984,#6968,#6992,.T.);
#6992 = LINE('',#6993,#6994);
#6993 = CARTESIAN_POINT('',(-0.32,-3.335,2.54));
#6994 = VECTOR('',#6995,1.);
#6995 = DIRECTION('',(0.,1.,0.));
#6996 = PLANE('',#6997);
#6997 = AXIS2_PLACEMENT_3D('',#6998,#6999,#7000);
#6998 = CARTESIAN_POINT('',(4.259053689278E-17,-3.81,2.54));
#6999 = DIRECTION('',(0.,0.,1.));
#7000 = DIRECTION('',(1.,0.,-0.));
#7001 = ADVANCED_FACE('',(#7002),#7013,.F.);
#7002 = FACE_BOUND('',#7003,.F.);
#7003 = EDGE_LOOP('',(#7004,#7010,#7011,#7012));
#7004 = ORIENTED_EDGE('',*,*,#7005,.T.);
#7005 = EDGE_CURVE('',#6518,#6847,#7006,.T.);
#7006 = LINE('',#7007,#7008);
#7007 = CARTESIAN_POINT('',(1.27,1.016,0.));
#7008 = VECTOR('',#7009,1.);
#7009 = DIRECTION('',(0.,0.,1.));
#7010 = ORIENTED_EDGE('',*,*,#6854,.T.);
#7011 = ORIENTED_EDGE('',*,*,#6285,.F.);
#7012 = ORIENTED_EDGE('',*,*,#6525,.F.);
#7013 = PLANE('',#7014);
#7014 = AXIS2_PLACEMENT_3D('',#7015,#7016,#7017);
#7015 = CARTESIAN_POINT('',(1.27,1.016,0.));
#7016 = DIRECTION('',(-0.707106781187,-0.707106781187,0.));
#7017 = DIRECTION('',(-0.707106781187,0.707106781187,0.));
#7018 = ADVANCED_FACE('',(#7019),#7030,.F.);
#7019 = FACE_BOUND('',#7020,.F.);
#7020 = EDGE_LOOP('',(#7021,#7022,#7023,#7029));
#7021 = ORIENTED_EDGE('',*,*,#6325,.T.);
#7022 = ORIENTED_EDGE('',*,*,#6678,.T.);
#7023 = ORIENTED_EDGE('',*,*,#7024,.F.);
#7024 = EDGE_CURVE('',#6350,#6679,#7025,.T.);
#7025 = LINE('',#7026,#7027);
#7026 = CARTESIAN_POINT('',(-1.016,-1.27,0.));
#7027 = VECTOR('',#7028,1.);
#7028 = DIRECTION('',(0.,0.,1.));
#7029 = ORIENTED_EDGE('',*,*,#6349,.F.);
#7030 = PLANE('',#7031);
#7031 = AXIS2_PLACEMENT_3D('',#7032,#7033,#7034);
#7032 = CARTESIAN_POINT('',(-1.27,-1.016,0.));
#7033 = DIRECTION('',(0.707106781187,0.707106781187,0.));
#7034 = DIRECTION('',(0.707106781187,-0.707106781187,0.));
#7035 = ADVANCED_FACE('',(#7036),#7047,.F.);
#7036 = FACE_BOUND('',#7037,.F.);
#7037 = EDGE_LOOP('',(#7038,#7044,#7045,#7046));
#7038 = ORIENTED_EDGE('',*,*,#7039,.T.);
#7039 = EDGE_CURVE('',#6510,#6839,#7040,.T.);
#7040 = LINE('',#7041,#7042);
#7041 = CARTESIAN_POINT('',(1.27,-1.016,0.));
#7042 = VECTOR('',#7043,1.);
#7043 = DIRECTION('',(0.,0.,1.));
#7044 = ORIENTED_EDGE('',*,*,#6846,.T.);
#7045 = ORIENTED_EDGE('',*,*,#7005,.F.);
#7046 = ORIENTED_EDGE('',*,*,#6517,.F.);
#7047 = PLANE('',#7048);
#7048 = AXIS2_PLACEMENT_3D('',#7049,#7050,#7051);
#7049 = CARTESIAN_POINT('',(1.27,-1.016,0.));
#7050 = DIRECTION('',(-1.,0.,0.));
#7051 = DIRECTION('',(0.,1.,0.));
#7052 = ADVANCED_FACE('',(#7053),#7064,.F.);
#7053 = FACE_BOUND('',#7054,.F.);
#7054 = EDGE_LOOP('',(#7055,#7056,#7057,#7063));
#7055 = ORIENTED_EDGE('',*,*,#7024,.T.);
#7056 = ORIENTED_EDGE('',*,*,#6686,.T.);
#7057 = ORIENTED_EDGE('',*,*,#7058,.F.);
#7058 = EDGE_CURVE('',#6358,#6687,#7059,.T.);
#7059 = LINE('',#7060,#7061);
#7060 = CARTESIAN_POINT('',(-1.27,-1.524,0.));
#7061 = VECTOR('',#7062,1.);
#7062 = DIRECTION('',(0.,0.,1.));
#7063 = ORIENTED_EDGE('',*,*,#6357,.F.);
#7064 = PLANE('',#7065);
#7065 = AXIS2_PLACEMENT_3D('',#7066,#7067,#7068);
#7066 = CARTESIAN_POINT('',(-1.016,-1.27,0.));
#7067 = DIRECTION('',(0.707106781187,-0.707106781187,0.));
#7068 = DIRECTION('',(-0.707106781187,-0.707106781187,0.));
#7069 = ADVANCED_FACE('',(#7070),#7081,.F.);
#7070 = FACE_BOUND('',#7071,.F.);
#7071 = EDGE_LOOP('',(#7072,#7078,#7079,#7080));
#7072 = ORIENTED_EDGE('',*,*,#7073,.T.);
#7073 = EDGE_CURVE('',#6502,#6831,#7074,.T.);
#7074 = LINE('',#7075,#7076);
#7075 = CARTESIAN_POINT('',(1.016,-1.27,0.));
#7076 = VECTOR('',#7077,1.);
#7077 = DIRECTION('',(0.,0.,1.));
#7078 = ORIENTED_EDGE('',*,*,#6838,.T.);
#7079 = ORIENTED_EDGE('',*,*,#7039,.F.);
#7080 = ORIENTED_EDGE('',*,*,#6509,.F.);
#7081 = PLANE('',#7082);
#7082 = AXIS2_PLACEMENT_3D('',#7083,#7084,#7085);
#7083 = CARTESIAN_POINT('',(1.016,-1.27,0.));
#7084 = DIRECTION('',(-0.707106781187,0.707106781187,0.));
#7085 = DIRECTION('',(0.707106781187,0.707106781187,0.));
#7086 = ADVANCED_FACE('',(#7087),#7098,.F.);
#7087 = FACE_BOUND('',#7088,.F.);
#7088 = EDGE_LOOP('',(#7089,#7090,#7091,#7097));
#7089 = ORIENTED_EDGE('',*,*,#7058,.T.);
#7090 = ORIENTED_EDGE('',*,*,#6694,.T.);
#7091 = ORIENTED_EDGE('',*,*,#7092,.F.);
#7092 = EDGE_CURVE('',#6366,#6695,#7093,.T.);
#7093 = LINE('',#7094,#7095);
#7094 = CARTESIAN_POINT('',(-1.27,-3.556,0.));
#7095 = VECTOR('',#7096,1.);
#7096 = DIRECTION('',(0.,0.,1.));
#7097 = ORIENTED_EDGE('',*,*,#6365,.F.);
#7098 = PLANE('',#7099);
#7099 = AXIS2_PLACEMENT_3D('',#7100,#7101,#7102);
#7100 = CARTESIAN_POINT('',(-1.27,-1.524,0.));
#7101 = DIRECTION('',(1.,0.,0.));
#7102 = DIRECTION('',(0.,-1.,0.));
#7103 = ADVANCED_FACE('',(#7104),#7115,.F.);
#7104 = FACE_BOUND('',#7105,.F.);
#7105 = EDGE_LOOP('',(#7106,#7112,#7113,#7114));
#7106 = ORIENTED_EDGE('',*,*,#7107,.T.);
#7107 = EDGE_CURVE('',#6494,#6823,#7108,.T.);
#7108 = LINE('',#7109,#7110);
#7109 = CARTESIAN_POINT('',(1.27,-1.524,0.));
#7110 = VECTOR('',#7111,1.);
#7111 = DIRECTION('',(0.,0.,1.));
#7112 = ORIENTED_EDGE('',*,*,#6830,.T.);
#7113 = ORIENTED_EDGE('',*,*,#7073,.F.);
#7114 = ORIENTED_EDGE('',*,*,#6501,.F.);
#7115 = PLANE('',#7116);
#7116 = AXIS2_PLACEMENT_3D('',#7117,#7118,#7119);
#7117 = CARTESIAN_POINT('',(1.27,-1.524,0.));
#7118 = DIRECTION('',(-0.707106781187,-0.707106781187,0.));
#7119 = DIRECTION('',(-0.707106781187,0.707106781187,0.));
#7120 = ADVANCED_FACE('',(#7121),#7132,.F.);
#7121 = FACE_BOUND('',#7122,.F.);
#7122 = EDGE_LOOP('',(#7123,#7124,#7125,#7131));
#7123 = ORIENTED_EDGE('',*,*,#7092,.T.);
#7124 = ORIENTED_EDGE('',*,*,#6702,.T.);
#7125 = ORIENTED_EDGE('',*,*,#7126,.F.);
#7126 = EDGE_CURVE('',#6374,#6703,#7127,.T.);
#7127 = LINE('',#7128,#7129);
#7128 = CARTESIAN_POINT('',(-1.016,-3.81,0.));
#7129 = VECTOR('',#7130,1.);
#7130 = DIRECTION('',(0.,0.,1.));
#7131 = ORIENTED_EDGE('',*,*,#6373,.F.);
#7132 = PLANE('',#7133);
#7133 = AXIS2_PLACEMENT_3D('',#7134,#7135,#7136);
#7134 = CARTESIAN_POINT('',(-1.27,-3.556,0.));
#7135 = DIRECTION('',(0.707106781187,0.707106781187,0.));
#7136 = DIRECTION('',(0.707106781187,-0.707106781187,0.));
#7137 = ADVANCED_FACE('',(#7138),#7149,.F.);
#7138 = FACE_BOUND('',#7139,.F.);
#7139 = EDGE_LOOP('',(#7140,#7146,#7147,#7148));
#7140 = ORIENTED_EDGE('',*,*,#7141,.T.);
#7141 = EDGE_CURVE('',#6486,#6815,#7142,.T.);
#7142 = LINE('',#7143,#7144);
#7143 = CARTESIAN_POINT('',(1.27,-3.556,0.));
#7144 = VECTOR('',#7145,1.);
#7145 = DIRECTION('',(0.,0.,1.));
#7146 = ORIENTED_EDGE('',*,*,#6822,.T.);
#7147 = ORIENTED_EDGE('',*,*,#7107,.F.);
#7148 = ORIENTED_EDGE('',*,*,#6493,.F.);
#7149 = PLANE('',#7150);
#7150 = AXIS2_PLACEMENT_3D('',#7151,#7152,#7153);
#7151 = CARTESIAN_POINT('',(1.27,-3.556,0.));
#7152 = DIRECTION('',(-1.,0.,0.));
#7153 = DIRECTION('',(0.,1.,0.));
#7154 = ADVANCED_FACE('',(#7155),#7166,.F.);
#7155 = FACE_BOUND('',#7156,.F.);
#7156 = EDGE_LOOP('',(#7157,#7158,#7159,#7165));
#7157 = ORIENTED_EDGE('',*,*,#7126,.T.);
#7158 = ORIENTED_EDGE('',*,*,#6710,.T.);
#7159 = ORIENTED_EDGE('',*,*,#7160,.F.);
#7160 = EDGE_CURVE('',#6382,#6711,#7161,.T.);
#7161 = LINE('',#7162,#7163);
#7162 = CARTESIAN_POINT('',(-1.27,-4.064,0.));
#7163 = VECTOR('',#7164,1.);
#7164 = DIRECTION('',(0.,0.,1.));
#7165 = ORIENTED_EDGE('',*,*,#6381,.F.);
#7166 = PLANE('',#7167);
#7167 = AXIS2_PLACEMENT_3D('',#7168,#7169,#7170);
#7168 = CARTESIAN_POINT('',(-1.016,-3.81,0.));
#7169 = DIRECTION('',(0.707106781187,-0.707106781187,0.));
#7170 = DIRECTION('',(-0.707106781187,-0.707106781187,0.));
#7171 = ADVANCED_FACE('',(#7172),#7183,.F.);
#7172 = FACE_BOUND('',#7173,.F.);
#7173 = EDGE_LOOP('',(#7174,#7180,#7181,#7182));
#7174 = ORIENTED_EDGE('',*,*,#7175,.T.);
#7175 = EDGE_CURVE('',#6478,#6807,#7176,.T.);
#7176 = LINE('',#7177,#7178);
#7177 = CARTESIAN_POINT('',(1.016,-3.81,0.));
#7178 = VECTOR('',#7179,1.);
#7179 = DIRECTION('',(0.,0.,1.));
#7180 = ORIENTED_EDGE('',*,*,#6814,.T.);
#7181 = ORIENTED_EDGE('',*,*,#7141,.F.);
#7182 = ORIENTED_EDGE('',*,*,#6485,.F.);
#7183 = PLANE('',#7184);
#7184 = AXIS2_PLACEMENT_3D('',#7185,#7186,#7187);
#7185 = CARTESIAN_POINT('',(1.016,-3.81,0.));
#7186 = DIRECTION('',(-0.707106781187,0.707106781187,0.));
#7187 = DIRECTION('',(0.707106781187,0.707106781187,0.));
#7188 = ADVANCED_FACE('',(#7189),#7200,.F.);
#7189 = FACE_BOUND('',#7190,.F.);
#7190 = EDGE_LOOP('',(#7191,#7192,#7193,#7199));
#7191 = ORIENTED_EDGE('',*,*,#7160,.T.);
#7192 = ORIENTED_EDGE('',*,*,#6718,.T.);
#7193 = ORIENTED_EDGE('',*,*,#7194,.F.);
#7194 = EDGE_CURVE('',#6390,#6719,#7195,.T.);
#7195 = LINE('',#7196,#7197);
#7196 = CARTESIAN_POINT('',(-1.27,-6.096,0.));
#7197 = VECTOR('',#7198,1.);
#7198 = DIRECTION('',(0.,0.,1.));
#7199 = ORIENTED_EDGE('',*,*,#6389,.F.);
#7200 = PLANE('',#7201);
#7201 = AXIS2_PLACEMENT_3D('',#7202,#7203,#7204);
#7202 = CARTESIAN_POINT('',(-1.27,-4.064,0.));
#7203 = DIRECTION('',(1.,0.,0.));
#7204 = DIRECTION('',(0.,-1.,0.));
#7205 = ADVANCED_FACE('',(#7206),#7217,.F.);
#7206 = FACE_BOUND('',#7207,.F.);
#7207 = EDGE_LOOP('',(#7208,#7214,#7215,#7216));
#7208 = ORIENTED_EDGE('',*,*,#7209,.T.);
#7209 = EDGE_CURVE('',#6470,#6799,#7210,.T.);
#7210 = LINE('',#7211,#7212);
#7211 = CARTESIAN_POINT('',(1.27,-4.064,0.));
#7212 = VECTOR('',#7213,1.);
#7213 = DIRECTION('',(0.,0.,1.));
#7214 = ORIENTED_EDGE('',*,*,#6806,.T.);
#7215 = ORIENTED_EDGE('',*,*,#7175,.F.);
#7216 = ORIENTED_EDGE('',*,*,#6477,.F.);
#7217 = PLANE('',#7218);
#7218 = AXIS2_PLACEMENT_3D('',#7219,#7220,#7221);
#7219 = CARTESIAN_POINT('',(1.27,-4.064,0.));
#7220 = DIRECTION('',(-0.707106781187,-0.707106781187,0.));
#7221 = DIRECTION('',(-0.707106781187,0.707106781187,0.));
#7222 = ADVANCED_FACE('',(#7223),#7234,.F.);
#7223 = FACE_BOUND('',#7224,.F.);
#7224 = EDGE_LOOP('',(#7225,#7226,#7227,#7233));
#7225 = ORIENTED_EDGE('',*,*,#7194,.T.);
#7226 = ORIENTED_EDGE('',*,*,#6726,.T.);
#7227 = ORIENTED_EDGE('',*,*,#7228,.F.);
#7228 = EDGE_CURVE('',#6398,#6727,#7229,.T.);
#7229 = LINE('',#7230,#7231);
#7230 = CARTESIAN_POINT('',(-1.016,-6.35,0.));
#7231 = VECTOR('',#7232,1.);
#7232 = DIRECTION('',(0.,0.,1.));
#7233 = ORIENTED_EDGE('',*,*,#6397,.F.);
#7234 = PLANE('',#7235);
#7235 = AXIS2_PLACEMENT_3D('',#7236,#7237,#7238);
#7236 = CARTESIAN_POINT('',(-1.27,-6.096,0.));
#7237 = DIRECTION('',(0.707106781187,0.707106781187,0.));
#7238 = DIRECTION('',(0.707106781187,-0.707106781187,0.));
#7239 = ADVANCED_FACE('',(#7240),#7251,.F.);
#7240 = FACE_BOUND('',#7241,.F.);
#7241 = EDGE_LOOP('',(#7242,#7248,#7249,#7250));
#7242 = ORIENTED_EDGE('',*,*,#7243,.T.);
#7243 = EDGE_CURVE('',#6462,#6791,#7244,.T.);
#7244 = LINE('',#7245,#7246);
#7245 = CARTESIAN_POINT('',(1.27,-6.096,0.));
#7246 = VECTOR('',#7247,1.);
#7247 = DIRECTION('',(0.,0.,1.));
#7248 = ORIENTED_EDGE('',*,*,#6798,.T.);
#7249 = ORIENTED_EDGE('',*,*,#7209,.F.);
#7250 = ORIENTED_EDGE('',*,*,#6469,.F.);
#7251 = PLANE('',#7252);
#7252 = AXIS2_PLACEMENT_3D('',#7253,#7254,#7255);
#7253 = CARTESIAN_POINT('',(1.27,-6.096,0.));
#7254 = DIRECTION('',(-1.,0.,0.));
#7255 = DIRECTION('',(0.,1.,0.));
#7256 = ADVANCED_FACE('',(#7257),#7268,.F.);
#7257 = FACE_BOUND('',#7258,.F.);
#7258 = EDGE_LOOP('',(#7259,#7260,#7261,#7267));
#7259 = ORIENTED_EDGE('',*,*,#7228,.T.);
#7260 = ORIENTED_EDGE('',*,*,#6734,.T.);
#7261 = ORIENTED_EDGE('',*,*,#7262,.F.);
#7262 = EDGE_CURVE('',#6406,#6735,#7263,.T.);
#7263 = LINE('',#7264,#7265);
#7264 = CARTESIAN_POINT('',(-1.27,-6.604,0.));
#7265 = VECTOR('',#7266,1.);
#7266 = DIRECTION('',(0.,0.,1.));
#7267 = ORIENTED_EDGE('',*,*,#6405,.F.);
#7268 = PLANE('',#7269);
#7269 = AXIS2_PLACEMENT_3D('',#7270,#7271,#7272);
#7270 = CARTESIAN_POINT('',(-1.016,-6.35,0.));
#7271 = DIRECTION('',(0.707106781187,-0.707106781187,0.));
#7272 = DIRECTION('',(-0.707106781187,-0.707106781187,0.));
#7273 = ADVANCED_FACE('',(#7274),#7285,.F.);
#7274 = FACE_BOUND('',#7275,.F.);
#7275 = EDGE_LOOP('',(#7276,#7282,#7283,#7284));
#7276 = ORIENTED_EDGE('',*,*,#7277,.T.);
#7277 = EDGE_CURVE('',#6454,#6783,#7278,.T.);
#7278 = LINE('',#7279,#7280);
#7279 = CARTESIAN_POINT('',(1.016,-6.35,0.));
#7280 = VECTOR('',#7281,1.);
#7281 = DIRECTION('',(0.,0.,1.));
#7282 = ORIENTED_EDGE('',*,*,#6790,.T.);
#7283 = ORIENTED_EDGE('',*,*,#7243,.F.);
#7284 = ORIENTED_EDGE('',*,*,#6461,.F.);
#7285 = PLANE('',#7286);
#7286 = AXIS2_PLACEMENT_3D('',#7287,#7288,#7289);
#7287 = CARTESIAN_POINT('',(1.016,-6.35,0.));
#7288 = DIRECTION('',(-0.707106781187,0.707106781187,0.));
#7289 = DIRECTION('',(0.707106781187,0.707106781187,0.));
#7290 = ADVANCED_FACE('',(#7291),#7302,.F.);
#7291 = FACE_BOUND('',#7292,.F.);
#7292 = EDGE_LOOP('',(#7293,#7294,#7295,#7301));
#7293 = ORIENTED_EDGE('',*,*,#7262,.T.);
#7294 = ORIENTED_EDGE('',*,*,#6742,.T.);
#7295 = ORIENTED_EDGE('',*,*,#7296,.F.);
#7296 = EDGE_CURVE('',#6414,#6743,#7297,.T.);
#7297 = LINE('',#7298,#7299);
#7298 = CARTESIAN_POINT('',(-1.27,-8.636,0.));
#7299 = VECTOR('',#7300,1.);
#7300 = DIRECTION('',(0.,0.,1.));
#7301 = ORIENTED_EDGE('',*,*,#6413,.F.);
#7302 = PLANE('',#7303);
#7303 = AXIS2_PLACEMENT_3D('',#7304,#7305,#7306);
#7304 = CARTESIAN_POINT('',(-1.27,-6.604,0.));
#7305 = DIRECTION('',(1.,0.,0.));
#7306 = DIRECTION('',(0.,-1.,0.));
#7307 = ADVANCED_FACE('',(#7308),#7319,.F.);
#7308 = FACE_BOUND('',#7309,.F.);
#7309 = EDGE_LOOP('',(#7310,#7316,#7317,#7318));
#7310 = ORIENTED_EDGE('',*,*,#7311,.T.);
#7311 = EDGE_CURVE('',#6446,#6775,#7312,.T.);
#7312 = LINE('',#7313,#7314);
#7313 = CARTESIAN_POINT('',(1.27,-6.604,0.));
#7314 = VECTOR('',#7315,1.);
#7315 = DIRECTION('',(0.,0.,1.));
#7316 = ORIENTED_EDGE('',*,*,#6782,.T.);
#7317 = ORIENTED_EDGE('',*,*,#7277,.F.);
#7318 = ORIENTED_EDGE('',*,*,#6453,.F.);
#7319 = PLANE('',#7320);
#7320 = AXIS2_PLACEMENT_3D('',#7321,#7322,#7323);
#7321 = CARTESIAN_POINT('',(1.27,-6.604,0.));
#7322 = DIRECTION('',(-0.707106781187,-0.707106781187,0.));
#7323 = DIRECTION('',(-0.707106781187,0.707106781187,0.));
#7324 = ADVANCED_FACE('',(#7325),#7336,.F.);
#7325 = FACE_BOUND('',#7326,.F.);
#7326 = EDGE_LOOP('',(#7327,#7328,#7329,#7335));
#7327 = ORIENTED_EDGE('',*,*,#7296,.T.);
#7328 = ORIENTED_EDGE('',*,*,#6750,.T.);
#7329 = ORIENTED_EDGE('',*,*,#7330,.F.);
#7330 = EDGE_CURVE('',#6422,#6751,#7331,.T.);
#7331 = LINE('',#7332,#7333);
#7332 = CARTESIAN_POINT('',(-1.016,-8.89,0.));
#7333 = VECTOR('',#7334,1.);
#7334 = DIRECTION('',(0.,0.,1.));
#7335 = ORIENTED_EDGE('',*,*,#6421,.F.);
#7336 = PLANE('',#7337);
#7337 = AXIS2_PLACEMENT_3D('',#7338,#7339,#7340);
#7338 = CARTESIAN_POINT('',(-1.27,-8.636,0.));
#7339 = DIRECTION('',(0.707106781187,0.707106781187,0.));
#7340 = DIRECTION('',(0.707106781187,-0.707106781187,0.));
#7341 = ADVANCED_FACE('',(#7342),#7353,.F.);
#7342 = FACE_BOUND('',#7343,.F.);
#7343 = EDGE_LOOP('',(#7344,#7350,#7351,#7352));
#7344 = ORIENTED_EDGE('',*,*,#7345,.T.);
#7345 = EDGE_CURVE('',#6438,#6767,#7346,.T.);
#7346 = LINE('',#7347,#7348);
#7347 = CARTESIAN_POINT('',(1.27,-8.636,0.));
#7348 = VECTOR('',#7349,1.);
#7349 = DIRECTION('',(0.,0.,1.));
#7350 = ORIENTED_EDGE('',*,*,#6774,.T.);
#7351 = ORIENTED_EDGE('',*,*,#7311,.F.);
#7352 = ORIENTED_EDGE('',*,*,#6445,.F.);
#7353 = PLANE('',#7354);
#7354 = AXIS2_PLACEMENT_3D('',#7355,#7356,#7357);
#7355 = CARTESIAN_POINT('',(1.27,-8.636,0.));
#7356 = DIRECTION('',(-1.,0.,0.));
#7357 = DIRECTION('',(0.,1.,0.));
#7358 = ADVANCED_FACE('',(#7359),#7370,.F.);
#7359 = FACE_BOUND('',#7360,.F.);
#7360 = EDGE_LOOP('',(#7361,#7362,#7363,#7369));
#7361 = ORIENTED_EDGE('',*,*,#7330,.T.);
#7362 = ORIENTED_EDGE('',*,*,#6758,.T.);
#7363 = ORIENTED_EDGE('',*,*,#7364,.F.);
#7364 = EDGE_CURVE('',#6430,#6759,#7365,.T.);
#7365 = LINE('',#7366,#7367);
#7366 = CARTESIAN_POINT('',(1.016,-8.89,0.));
#7367 = VECTOR('',#7368,1.);
#7368 = DIRECTION('',(0.,0.,1.));
#7369 = ORIENTED_EDGE('',*,*,#6429,.F.);
#7370 = PLANE('',#7371);
#7371 = AXIS2_PLACEMENT_3D('',#7372,#7373,#7374);
#7372 = CARTESIAN_POINT('',(-1.016,-8.89,0.));
#7373 = DIRECTION('',(0.,1.,0.));
#7374 = DIRECTION('',(1.,0.,0.));
#7375 = ADVANCED_FACE('',(#7376),#7382,.F.);
#7376 = FACE_BOUND('',#7377,.F.);
#7377 = EDGE_LOOP('',(#7378,#7379,#7380,#7381));
#7378 = ORIENTED_EDGE('',*,*,#7364,.T.);
#7379 = ORIENTED_EDGE('',*,*,#6766,.T.);
#7380 = ORIENTED_EDGE('',*,*,#7345,.F.);
#7381 = ORIENTED_EDGE('',*,*,#6437,.F.);
#7382 = PLANE('',#7383);
#7383 = AXIS2_PLACEMENT_3D('',#7384,#7385,#7386);
#7384 = CARTESIAN_POINT('',(1.016,-8.89,0.));
#7385 = DIRECTION('',(-0.707106781187,0.707106781187,0.));
#7386 = DIRECTION('',(0.707106781187,0.707106781187,0.));
#7387 = ADVANCED_FACE('',(#7388),#7413,.T.);
#7388 = FACE_BOUND('',#7389,.T.);
#7389 = EDGE_LOOP('',(#7390,#7398,#7406,#7412));
#7390 = ORIENTED_EDGE('',*,*,#7391,.F.);
#7391 = EDGE_CURVE('',#7392,#6535,#7394,.T.);
#7392 = VERTEX_POINT('',#7393);
#7393 = CARTESIAN_POINT('',(0.32,-4.76,-2.84));
#7394 = LINE('',#7395,#7396);
#7395 = CARTESIAN_POINT('',(0.32,-4.76,-3.));
#7396 = VECTOR('',#7397,1.);
#7397 = DIRECTION('',(0.,0.,1.));
#7398 = ORIENTED_EDGE('',*,*,#7399,.F.);
#7399 = EDGE_CURVE('',#7400,#7392,#7402,.T.);
#7400 = VERTEX_POINT('',#7401);
#7401 = CARTESIAN_POINT('',(-0.32,-4.76,-2.84));
#7402 = LINE('',#7403,#7404);
#7403 = CARTESIAN_POINT('',(-0.32,-4.76,-2.84));
#7404 = VECTOR('',#7405,1.);
#7405 = DIRECTION('',(1.,0.,0.));
#7406 = ORIENTED_EDGE('',*,*,#7407,.T.);
#7407 = EDGE_CURVE('',#7400,#6537,#7408,.T.);
#7408 = LINE('',#7409,#7410);
#7409 = CARTESIAN_POINT('',(-0.32,-4.76,-3.));
#7410 = VECTOR('',#7411,1.);
#7411 = DIRECTION('',(0.,0.,1.));
#7412 = ORIENTED_EDGE('',*,*,#6534,.F.);
#7413 = PLANE('',#7414);
#7414 = AXIS2_PLACEMENT_3D('',#7415,#7416,#7417);
#7415 = CARTESIAN_POINT('',(-0.32,-4.76,-3.));
#7416 = DIRECTION('',(0.,1.,0.));
#7417 = DIRECTION('',(0.,-0.,1.));
#7418 = ADVANCED_FACE('',(#7419),#7437,.F.);
#7419 = FACE_BOUND('',#7420,.F.);
#7420 = EDGE_LOOP('',(#7421,#7429,#7435,#7436));
#7421 = ORIENTED_EDGE('',*,*,#7422,.F.);
#7422 = EDGE_CURVE('',#7423,#6553,#7425,.T.);
#7423 = VERTEX_POINT('',#7424);
#7424 = CARTESIAN_POINT('',(-0.32,-5.4,-2.84));
#7425 = LINE('',#7426,#7427);
#7426 = CARTESIAN_POINT('',(-0.32,-5.4,-3.));
#7427 = VECTOR('',#7428,1.);
#7428 = DIRECTION('',(0.,0.,1.));
#7429 = ORIENTED_EDGE('',*,*,#7430,.T.);
#7430 = EDGE_CURVE('',#7423,#7400,#7431,.T.);
#7431 = LINE('',#7432,#7433);
#7432 = CARTESIAN_POINT('',(-0.32,-5.4,-2.84));
#7433 = VECTOR('',#7434,1.);
#7434 = DIRECTION('',(0.,1.,0.));
#7435 = ORIENTED_EDGE('',*,*,#7407,.T.);
#7436 = ORIENTED_EDGE('',*,*,#6560,.F.);
#7437 = PLANE('',#7438);
#7438 = AXIS2_PLACEMENT_3D('',#7439,#7440,#7441);
#7439 = CARTESIAN_POINT('',(-0.32,-5.4,-3.));
#7440 = DIRECTION('',(1.,0.,0.));
#7441 = DIRECTION('',(0.,0.,1.));
#7442 = ADVANCED_FACE('',(#7443),#7461,.F.);
#7443 = FACE_BOUND('',#7444,.F.);
#7444 = EDGE_LOOP('',(#7445,#7453,#7459,#7460));
#7445 = ORIENTED_EDGE('',*,*,#7446,.F.);
#7446 = EDGE_CURVE('',#7447,#6545,#7449,.T.);
#7447 = VERTEX_POINT('',#7448);
#7448 = CARTESIAN_POINT('',(0.32,-5.4,-2.84));
#7449 = LINE('',#7450,#7451);
#7450 = CARTESIAN_POINT('',(0.32,-5.4,-3.));
#7451 = VECTOR('',#7452,1.);
#7452 = DIRECTION('',(0.,0.,1.));
#7453 = ORIENTED_EDGE('',*,*,#7454,.F.);
#7454 = EDGE_CURVE('',#7423,#7447,#7455,.T.);
#7455 = LINE('',#7456,#7457);
#7456 = CARTESIAN_POINT('',(-0.32,-5.4,-2.84));
#7457 = VECTOR('',#7458,1.);
#7458 = DIRECTION('',(1.,0.,0.));
#7459 = ORIENTED_EDGE('',*,*,#7422,.T.);
#7460 = ORIENTED_EDGE('',*,*,#6552,.F.);
#7461 = PLANE('',#7462);
#7462 = AXIS2_PLACEMENT_3D('',#7463,#7464,#7465);
#7463 = CARTESIAN_POINT('',(-0.32,-5.4,-3.));
#7464 = DIRECTION('',(0.,1.,0.));
#7465 = DIRECTION('',(0.,-0.,1.));
#7466 = ADVANCED_FACE('',(#7467),#7478,.T.);
#7467 = FACE_BOUND('',#7468,.T.);
#7468 = EDGE_LOOP('',(#7469,#7470,#7476,#7477));
#7469 = ORIENTED_EDGE('',*,*,#7446,.F.);
#7470 = ORIENTED_EDGE('',*,*,#7471,.T.);
#7471 = EDGE_CURVE('',#7447,#7392,#7472,.T.);
#7472 = LINE('',#7473,#7474);
#7473 = CARTESIAN_POINT('',(0.32,-5.4,-2.84));
#7474 = VECTOR('',#7475,1.);
#7475 = DIRECTION('',(0.,1.,0.));
#7476 = ORIENTED_EDGE('',*,*,#7391,.T.);
#7477 = ORIENTED_EDGE('',*,*,#6544,.F.);
#7478 = PLANE('',#7479);
#7479 = AXIS2_PLACEMENT_3D('',#7480,#7481,#7482);
#7480 = CARTESIAN_POINT('',(0.32,-5.4,-3.));
#7481 = DIRECTION('',(1.,0.,0.));
#7482 = DIRECTION('',(0.,0.,1.));
#7483 = ADVANCED_FACE('',(#7484),#7509,.T.);
#7484 = FACE_BOUND('',#7485,.T.);
#7485 = EDGE_LOOP('',(#7486,#7494,#7502,#7508));
#7486 = ORIENTED_EDGE('',*,*,#7487,.F.);
#7487 = EDGE_CURVE('',#7488,#6569,#7490,.T.);
#7488 = VERTEX_POINT('',#7489);
#7489 = CARTESIAN_POINT('',(0.32,-7.94,-2.84));
#7490 = LINE('',#7491,#7492);
#7491 = CARTESIAN_POINT('',(0.32,-7.94,-3.));
#7492 = VECTOR('',#7493,1.);
#7493 = DIRECTION('',(0.,0.,1.));
#7494 = ORIENTED_EDGE('',*,*,#7495,.T.);
#7495 = EDGE_CURVE('',#7488,#7496,#7498,.T.);
#7496 = VERTEX_POINT('',#7497);
#7497 = CARTESIAN_POINT('',(0.32,-7.3,-2.84));
#7498 = LINE('',#7499,#7500);
#7499 = CARTESIAN_POINT('',(0.32,-7.94,-2.84));
#7500 = VECTOR('',#7501,1.);
#7501 = DIRECTION('',(0.,1.,0.));
#7502 = ORIENTED_EDGE('',*,*,#7503,.T.);
#7503 = EDGE_CURVE('',#7496,#6571,#7504,.T.);
#7504 = LINE('',#7505,#7506);
#7505 = CARTESIAN_POINT('',(0.32,-7.3,-3.));
#7506 = VECTOR('',#7507,1.);
#7507 = DIRECTION('',(0.,0.,1.));
#7508 = ORIENTED_EDGE('',*,*,#6568,.F.);
#7509 = PLANE('',#7510);
#7510 = AXIS2_PLACEMENT_3D('',#7511,#7512,#7513);
#7511 = CARTESIAN_POINT('',(0.32,-7.94,-3.));
#7512 = DIRECTION('',(1.,0.,0.));
#7513 = DIRECTION('',(0.,0.,1.));
#7514 = ADVANCED_FACE('',(#7515),#7533,.T.);
#7515 = FACE_BOUND('',#7516,.T.);
#7516 = EDGE_LOOP('',(#7517,#7518,#7526,#7532));
#7517 = ORIENTED_EDGE('',*,*,#7503,.F.);
#7518 = ORIENTED_EDGE('',*,*,#7519,.F.);
#7519 = EDGE_CURVE('',#7520,#7496,#7522,.T.);
#7520 = VERTEX_POINT('',#7521);
#7521 = CARTESIAN_POINT('',(-0.32,-7.3,-2.84));
#7522 = LINE('',#7523,#7524);
#7523 = CARTESIAN_POINT('',(-0.32,-7.3,-2.84));
#7524 = VECTOR('',#7525,1.);
#7525 = DIRECTION('',(1.,0.,0.));
#7526 = ORIENTED_EDGE('',*,*,#7527,.T.);
#7527 = EDGE_CURVE('',#7520,#6587,#7528,.T.);
#7528 = LINE('',#7529,#7530);
#7529 = CARTESIAN_POINT('',(-0.32,-7.3,-3.));
#7530 = VECTOR('',#7531,1.);
#7531 = DIRECTION('',(0.,0.,1.));
#7532 = ORIENTED_EDGE('',*,*,#6594,.F.);
#7533 = PLANE('',#7534);
#7534 = AXIS2_PLACEMENT_3D('',#7535,#7536,#7537);
#7535 = CARTESIAN_POINT('',(-0.32,-7.3,-3.));
#7536 = DIRECTION('',(0.,1.,0.));
#7537 = DIRECTION('',(0.,-0.,1.));
#7538 = ADVANCED_FACE('',(#7539),#7557,.F.);
#7539 = FACE_BOUND('',#7540,.F.);
#7540 = EDGE_LOOP('',(#7541,#7549,#7555,#7556));
#7541 = ORIENTED_EDGE('',*,*,#7542,.F.);
#7542 = EDGE_CURVE('',#7543,#6579,#7545,.T.);
#7543 = VERTEX_POINT('',#7544);
#7544 = CARTESIAN_POINT('',(-0.32,-7.94,-2.84));
#7545 = LINE('',#7546,#7547);
#7546 = CARTESIAN_POINT('',(-0.32,-7.94,-3.));
#7547 = VECTOR('',#7548,1.);
#7548 = DIRECTION('',(0.,0.,1.));
#7549 = ORIENTED_EDGE('',*,*,#7550,.T.);
#7550 = EDGE_CURVE('',#7543,#7520,#7551,.T.);
#7551 = LINE('',#7552,#7553);
#7552 = CARTESIAN_POINT('',(-0.32,-7.94,-2.84));
#7553 = VECTOR('',#7554,1.);
#7554 = DIRECTION('',(0.,1.,0.));
#7555 = ORIENTED_EDGE('',*,*,#7527,.T.);
#7556 = ORIENTED_EDGE('',*,*,#6586,.F.);
#7557 = PLANE('',#7558);
#7558 = AXIS2_PLACEMENT_3D('',#7559,#7560,#7561);
#7559 = CARTESIAN_POINT('',(-0.32,-7.94,-3.));
#7560 = DIRECTION('',(1.,0.,0.));
#7561 = DIRECTION('',(0.,0.,1.));
#7562 = ADVANCED_FACE('',(#7563),#7574,.F.);
#7563 = FACE_BOUND('',#7564,.F.);
#7564 = EDGE_LOOP('',(#7565,#7566,#7572,#7573));
#7565 = ORIENTED_EDGE('',*,*,#7487,.F.);
#7566 = ORIENTED_EDGE('',*,*,#7567,.F.);
#7567 = EDGE_CURVE('',#7543,#7488,#7568,.T.);
#7568 = LINE('',#7569,#7570);
#7569 = CARTESIAN_POINT('',(-0.32,-7.94,-2.84));
#7570 = VECTOR('',#7571,1.);
#7571 = DIRECTION('',(1.,0.,0.));
#7572 = ORIENTED_EDGE('',*,*,#7542,.T.);
#7573 = ORIENTED_EDGE('',*,*,#6578,.F.);
#7574 = PLANE('',#7575);
#7575 = AXIS2_PLACEMENT_3D('',#7576,#7577,#7578);
#7576 = CARTESIAN_POINT('',(-0.32,-7.94,-3.));
#7577 = DIRECTION('',(0.,1.,0.));
#7578 = DIRECTION('',(0.,-0.,1.));
#7579 = ADVANCED_FACE('',(#7580),#7605,.T.);
#7580 = FACE_BOUND('',#7581,.T.);
#7581 = EDGE_LOOP('',(#7582,#7590,#7598,#7604));
#7582 = ORIENTED_EDGE('',*,*,#7583,.F.);
#7583 = EDGE_CURVE('',#7584,#6603,#7586,.T.);
#7584 = VERTEX_POINT('',#7585);
#7585 = CARTESIAN_POINT('',(0.32,-0.32,-2.84));
#7586 = LINE('',#7587,#7588);
#7587 = CARTESIAN_POINT('',(0.32,-0.32,-3.));
#7588 = VECTOR('',#7589,1.);
#7589 = DIRECTION('',(0.,0.,1.));
#7590 = ORIENTED_EDGE('',*,*,#7591,.T.);
#7591 = EDGE_CURVE('',#7584,#7592,#7594,.T.);
#7592 = VERTEX_POINT('',#7593);
#7593 = CARTESIAN_POINT('',(0.32,0.32,-2.84));
#7594 = LINE('',#7595,#7596);
#7595 = CARTESIAN_POINT('',(0.32,-0.32,-2.84));
#7596 = VECTOR('',#7597,1.);
#7597 = DIRECTION('',(0.,1.,0.));
#7598 = ORIENTED_EDGE('',*,*,#7599,.T.);
#7599 = EDGE_CURVE('',#7592,#6605,#7600,.T.);
#7600 = LINE('',#7601,#7602);
#7601 = CARTESIAN_POINT('',(0.32,0.32,-3.));
#7602 = VECTOR('',#7603,1.);
#7603 = DIRECTION('',(0.,0.,1.));
#7604 = ORIENTED_EDGE('',*,*,#6602,.F.);
#7605 = PLANE('',#7606);
#7606 = AXIS2_PLACEMENT_3D('',#7607,#7608,#7609);
#7607 = CARTESIAN_POINT('',(0.32,-0.32,-3.));
#7608 = DIRECTION('',(1.,0.,0.));
#7609 = DIRECTION('',(0.,0.,1.));
#7610 = ADVANCED_FACE('',(#7611),#7629,.T.);
#7611 = FACE_BOUND('',#7612,.T.);
#7612 = EDGE_LOOP('',(#7613,#7614,#7622,#7628));
#7613 = ORIENTED_EDGE('',*,*,#7599,.F.);
#7614 = ORIENTED_EDGE('',*,*,#7615,.F.);
#7615 = EDGE_CURVE('',#7616,#7592,#7618,.T.);
#7616 = VERTEX_POINT('',#7617);
#7617 = CARTESIAN_POINT('',(-0.32,0.32,-2.84));
#7618 = LINE('',#7619,#7620);
#7619 = CARTESIAN_POINT('',(-0.32,0.32,-2.84));
#7620 = VECTOR('',#7621,1.);
#7621 = DIRECTION('',(1.,0.,0.));
#7622 = ORIENTED_EDGE('',*,*,#7623,.T.);
#7623 = EDGE_CURVE('',#7616,#6621,#7624,.T.);
#7624 = LINE('',#7625,#7626);
#7625 = CARTESIAN_POINT('',(-0.32,0.32,-3.));
#7626 = VECTOR('',#7627,1.);
#7627 = DIRECTION('',(0.,0.,1.));
#7628 = ORIENTED_EDGE('',*,*,#6628,.F.);
#7629 = PLANE('',#7630);
#7630 = AXIS2_PLACEMENT_3D('',#7631,#7632,#7633);
#7631 = CARTESIAN_POINT('',(-0.32,0.32,-3.));
#7632 = DIRECTION('',(0.,1.,0.));
#7633 = DIRECTION('',(0.,-0.,1.));
#7634 = ADVANCED_FACE('',(#7635),#7653,.F.);
#7635 = FACE_BOUND('',#7636,.F.);
#7636 = EDGE_LOOP('',(#7637,#7645,#7651,#7652));
#7637 = ORIENTED_EDGE('',*,*,#7638,.F.);
#7638 = EDGE_CURVE('',#7639,#6613,#7641,.T.);
#7639 = VERTEX_POINT('',#7640);
#7640 = CARTESIAN_POINT('',(-0.32,-0.32,-2.84));
#7641 = LINE('',#7642,#7643);
#7642 = CARTESIAN_POINT('',(-0.32,-0.32,-3.));
#7643 = VECTOR('',#7644,1.);
#7644 = DIRECTION('',(0.,0.,1.));
#7645 = ORIENTED_EDGE('',*,*,#7646,.T.);
#7646 = EDGE_CURVE('',#7639,#7616,#7647,.T.);
#7647 = LINE('',#7648,#7649);
#7648 = CARTESIAN_POINT('',(-0.32,-0.32,-2.84));
#7649 = VECTOR('',#7650,1.);
#7650 = DIRECTION('',(0.,1.,0.));
#7651 = ORIENTED_EDGE('',*,*,#7623,.T.);
#7652 = ORIENTED_EDGE('',*,*,#6620,.F.);
#7653 = PLANE('',#7654);
#7654 = AXIS2_PLACEMENT_3D('',#7655,#7656,#7657);
#7655 = CARTESIAN_POINT('',(-0.32,-0.32,-3.));
#7656 = DIRECTION('',(1.,0.,0.));
#7657 = DIRECTION('',(0.,0.,1.));
#7658 = ADVANCED_FACE('',(#7659),#7670,.F.);
#7659 = FACE_BOUND('',#7660,.F.);
#7660 = EDGE_LOOP('',(#7661,#7662,#7668,#7669));
#7661 = ORIENTED_EDGE('',*,*,#7583,.F.);
#7662 = ORIENTED_EDGE('',*,*,#7663,.F.);
#7663 = EDGE_CURVE('',#7639,#7584,#7664,.T.);
#7664 = LINE('',#7665,#7666);
#7665 = CARTESIAN_POINT('',(-0.32,-0.32,-2.84));
#7666 = VECTOR('',#7667,1.);
#7667 = DIRECTION('',(1.,0.,0.));
#7668 = ORIENTED_EDGE('',*,*,#7638,.T.);
#7669 = ORIENTED_EDGE('',*,*,#6612,.F.);
#7670 = PLANE('',#7671);
#7671 = AXIS2_PLACEMENT_3D('',#7672,#7673,#7674);
#7672 = CARTESIAN_POINT('',(-0.32,-0.32,-3.));
#7673 = DIRECTION('',(0.,1.,0.));
#7674 = DIRECTION('',(0.,-0.,1.));
#7675 = ADVANCED_FACE('',(#7676),#7701,.T.);
#7676 = FACE_BOUND('',#7677,.T.);
#7677 = EDGE_LOOP('',(#7678,#7686,#7694,#7700));
#7678 = ORIENTED_EDGE('',*,*,#7679,.F.);
#7679 = EDGE_CURVE('',#7680,#6637,#7682,.T.);
#7680 = VERTEX_POINT('',#7681);
#7681 = CARTESIAN_POINT('',(0.32,-2.22,-2.84));
#7682 = LINE('',#7683,#7684);
#7683 = CARTESIAN_POINT('',(0.32,-2.22,-3.));
#7684 = VECTOR('',#7685,1.);
#7685 = DIRECTION('',(0.,0.,1.));
#7686 = ORIENTED_EDGE('',*,*,#7687,.F.);
#7687 = EDGE_CURVE('',#7688,#7680,#7690,.T.);
#7688 = VERTEX_POINT('',#7689);
#7689 = CARTESIAN_POINT('',(-0.32,-2.22,-2.84));
#7690 = LINE('',#7691,#7692);
#7691 = CARTESIAN_POINT('',(-0.32,-2.22,-2.84));
#7692 = VECTOR('',#7693,1.);
#7693 = DIRECTION('',(1.,0.,0.));
#7694 = ORIENTED_EDGE('',*,*,#7695,.T.);
#7695 = EDGE_CURVE('',#7688,#6639,#7696,.T.);
#7696 = LINE('',#7697,#7698);
#7697 = CARTESIAN_POINT('',(-0.32,-2.22,-3.));
#7698 = VECTOR('',#7699,1.);
#7699 = DIRECTION('',(0.,0.,1.));
#7700 = ORIENTED_EDGE('',*,*,#6636,.F.);
#7701 = PLANE('',#7702);
#7702 = AXIS2_PLACEMENT_3D('',#7703,#7704,#7705);
#7703 = CARTESIAN_POINT('',(-0.32,-2.22,-3.));
#7704 = DIRECTION('',(0.,1.,0.));
#7705 = DIRECTION('',(0.,-0.,1.));
#7706 = ADVANCED_FACE('',(#7707),#7725,.F.);
#7707 = FACE_BOUND('',#7708,.F.);
#7708 = EDGE_LOOP('',(#7709,#7717,#7723,#7724));
#7709 = ORIENTED_EDGE('',*,*,#7710,.F.);
#7710 = EDGE_CURVE('',#7711,#6655,#7713,.T.);
#7711 = VERTEX_POINT('',#7712);
#7712 = CARTESIAN_POINT('',(-0.32,-2.86,-2.84));
#7713 = LINE('',#7714,#7715);
#7714 = CARTESIAN_POINT('',(-0.32,-2.86,-3.));
#7715 = VECTOR('',#7716,1.);
#7716 = DIRECTION('',(0.,0.,1.));
#7717 = ORIENTED_EDGE('',*,*,#7718,.T.);
#7718 = EDGE_CURVE('',#7711,#7688,#7719,.T.);
#7719 = LINE('',#7720,#7721);
#7720 = CARTESIAN_POINT('',(-0.32,-2.86,-2.84));
#7721 = VECTOR('',#7722,1.);
#7722 = DIRECTION('',(0.,1.,0.));
#7723 = ORIENTED_EDGE('',*,*,#7695,.T.);
#7724 = ORIENTED_EDGE('',*,*,#6662,.F.);
#7725 = PLANE('',#7726);
#7726 = AXIS2_PLACEMENT_3D('',#7727,#7728,#7729);
#7727 = CARTESIAN_POINT('',(-0.32,-2.86,-3.));
#7728 = DIRECTION('',(1.,0.,0.));
#7729 = DIRECTION('',(0.,0.,1.));
#7730 = ADVANCED_FACE('',(#7731),#7749,.F.);
#7731 = FACE_BOUND('',#7732,.F.);
#7732 = EDGE_LOOP('',(#7733,#7741,#7747,#7748));
#7733 = ORIENTED_EDGE('',*,*,#7734,.F.);
#7734 = EDGE_CURVE('',#7735,#6647,#7737,.T.);
#7735 = VERTEX_POINT('',#7736);
#7736 = CARTESIAN_POINT('',(0.32,-2.86,-2.84));
#7737 = LINE('',#7738,#7739);
#7738 = CARTESIAN_POINT('',(0.32,-2.86,-3.));
#7739 = VECTOR('',#7740,1.);
#7740 = DIRECTION('',(0.,0.,1.));
#7741 = ORIENTED_EDGE('',*,*,#7742,.F.);
#7742 = EDGE_CURVE('',#7711,#7735,#7743,.T.);
#7743 = LINE('',#7744,#7745);
#7744 = CARTESIAN_POINT('',(-0.32,-2.86,-2.84));
#7745 = VECTOR('',#7746,1.);
#7746 = DIRECTION('',(1.,0.,0.));
#7747 = ORIENTED_EDGE('',*,*,#7710,.T.);
#7748 = ORIENTED_EDGE('',*,*,#6654,.F.);
#7749 = PLANE('',#7750);
#7750 = AXIS2_PLACEMENT_3D('',#7751,#7752,#7753);
#7751 = CARTESIAN_POINT('',(-0.32,-2.86,-3.));
#7752 = DIRECTION('',(0.,1.,0.));
#7753 = DIRECTION('',(0.,-0.,1.));
#7754 = ADVANCED_FACE('',(#7755),#7766,.T.);
#7755 = FACE_BOUND('',#7756,.T.);
#7756 = EDGE_LOOP('',(#7757,#7758,#7764,#7765));
#7757 = ORIENTED_EDGE('',*,*,#7734,.F.);
#7758 = ORIENTED_EDGE('',*,*,#7759,.T.);
#7759 = EDGE_CURVE('',#7735,#7680,#7760,.T.);
#7760 = LINE('',#7761,#7762);
#7761 = CARTESIAN_POINT('',(0.32,-2.86,-2.84));
#7762 = VECTOR('',#7763,1.);
#7763 = DIRECTION('',(0.,1.,0.));
#7764 = ORIENTED_EDGE('',*,*,#7679,.T.);
#7765 = ORIENTED_EDGE('',*,*,#6646,.F.);
#7766 = PLANE('',#7767);
#7767 = AXIS2_PLACEMENT_3D('',#7768,#7769,#7770);
#7768 = CARTESIAN_POINT('',(0.32,-2.86,-3.));
#7769 = DIRECTION('',(1.,0.,0.));
#7770 = DIRECTION('',(0.,0.,1.));
#7771 = ADVANCED_FACE('',(#7772),#7797,.T.);
#7772 = FACE_BOUND('',#7773,.T.);
#7773 = EDGE_LOOP('',(#7774,#7782,#7783,#7791));
#7774 = ORIENTED_EDGE('',*,*,#7775,.F.);
#7775 = EDGE_CURVE('',#6864,#7776,#7778,.T.);
#7776 = VERTEX_POINT('',#7777);
#7777 = CARTESIAN_POINT('',(0.32,-4.76,8.38));
#7778 = LINE('',#7779,#7780);
#7779 = CARTESIAN_POINT('',(0.32,-4.76,-3.));
#7780 = VECTOR('',#7781,1.);
#7781 = DIRECTION('',(0.,0.,1.));
#7782 = ORIENTED_EDGE('',*,*,#6863,.T.);
#7783 = ORIENTED_EDGE('',*,*,#7784,.T.);
#7784 = EDGE_CURVE('',#6866,#7785,#7787,.T.);
#7785 = VERTEX_POINT('',#7786);
#7786 = CARTESIAN_POINT('',(-0.32,-4.76,8.38));
#7787 = LINE('',#7788,#7789);
#7788 = CARTESIAN_POINT('',(-0.32,-4.76,-3.));
#7789 = VECTOR('',#7790,1.);
#7790 = DIRECTION('',(0.,0.,1.));
#7791 = ORIENTED_EDGE('',*,*,#7792,.T.);
#7792 = EDGE_CURVE('',#7785,#7776,#7793,.T.);
#7793 = LINE('',#7794,#7795);
#7794 = CARTESIAN_POINT('',(-0.32,-4.76,8.38));
#7795 = VECTOR('',#7796,1.);
#7796 = DIRECTION('',(1.,0.,0.));
#7797 = PLANE('',#7798);
#7798 = AXIS2_PLACEMENT_3D('',#7799,#7800,#7801);
#7799 = CARTESIAN_POINT('',(-0.32,-4.76,-3.));
#7800 = DIRECTION('',(0.,1.,0.));
#7801 = DIRECTION('',(0.,-0.,1.));
#7802 = ADVANCED_FACE('',(#7803),#7821,.F.);
#7803 = FACE_BOUND('',#7804,.F.);
#7804 = EDGE_LOOP('',(#7805,#7813,#7814,#7815));
#7805 = ORIENTED_EDGE('',*,*,#7806,.F.);
#7806 = EDGE_CURVE('',#6882,#7807,#7809,.T.);
#7807 = VERTEX_POINT('',#7808);
#7808 = CARTESIAN_POINT('',(-0.32,-5.4,8.38));
#7809 = LINE('',#7810,#7811);
#7810 = CARTESIAN_POINT('',(-0.32,-5.4,-3.));
#7811 = VECTOR('',#7812,1.);
#7812 = DIRECTION('',(0.,0.,1.));
#7813 = ORIENTED_EDGE('',*,*,#6889,.T.);
#7814 = ORIENTED_EDGE('',*,*,#7784,.T.);
#7815 = ORIENTED_EDGE('',*,*,#7816,.F.);
#7816 = EDGE_CURVE('',#7807,#7785,#7817,.T.);
#7817 = LINE('',#7818,#7819);
#7818 = CARTESIAN_POINT('',(-0.32,-5.4,8.38));
#7819 = VECTOR('',#7820,1.);
#7820 = DIRECTION('',(0.,1.,0.));
#7821 = PLANE('',#7822);
#7822 = AXIS2_PLACEMENT_3D('',#7823,#7824,#7825);
#7823 = CARTESIAN_POINT('',(-0.32,-5.4,-3.));
#7824 = DIRECTION('',(1.,0.,0.));
#7825 = DIRECTION('',(0.,0.,1.));
#7826 = ADVANCED_FACE('',(#7827),#7845,.F.);
#7827 = FACE_BOUND('',#7828,.F.);
#7828 = EDGE_LOOP('',(#7829,#7837,#7838,#7839));
#7829 = ORIENTED_EDGE('',*,*,#7830,.F.);
#7830 = EDGE_CURVE('',#6874,#7831,#7833,.T.);
#7831 = VERTEX_POINT('',#7832);
#7832 = CARTESIAN_POINT('',(0.32,-5.4,8.38));
#7833 = LINE('',#7834,#7835);
#7834 = CARTESIAN_POINT('',(0.32,-5.4,-3.));
#7835 = VECTOR('',#7836,1.);
#7836 = DIRECTION('',(0.,0.,1.));
#7837 = ORIENTED_EDGE('',*,*,#6881,.T.);
#7838 = ORIENTED_EDGE('',*,*,#7806,.T.);
#7839 = ORIENTED_EDGE('',*,*,#7840,.T.);
#7840 = EDGE_CURVE('',#7807,#7831,#7841,.T.);
#7841 = LINE('',#7842,#7843);
#7842 = CARTESIAN_POINT('',(-0.32,-5.4,8.38));
#7843 = VECTOR('',#7844,1.);
#7844 = DIRECTION('',(1.,0.,0.));
#7845 = PLANE('',#7846);
#7846 = AXIS2_PLACEMENT_3D('',#7847,#7848,#7849);
#7847 = CARTESIAN_POINT('',(-0.32,-5.4,-3.));
#7848 = DIRECTION('',(0.,1.,0.));
#7849 = DIRECTION('',(0.,-0.,1.));
#7850 = ADVANCED_FACE('',(#7851),#7862,.T.);
#7851 = FACE_BOUND('',#7852,.T.);
#7852 = EDGE_LOOP('',(#7853,#7854,#7855,#7856));
#7853 = ORIENTED_EDGE('',*,*,#7830,.F.);
#7854 = ORIENTED_EDGE('',*,*,#6873,.T.);
#7855 = ORIENTED_EDGE('',*,*,#7775,.T.);
#7856 = ORIENTED_EDGE('',*,*,#7857,.F.);
#7857 = EDGE_CURVE('',#7831,#7776,#7858,.T.);
#7858 = LINE('',#7859,#7860);
#7859 = CARTESIAN_POINT('',(0.32,-5.4,8.38));
#7860 = VECTOR('',#7861,1.);
#7861 = DIRECTION('',(0.,1.,0.));
#7862 = PLANE('',#7863);
#7863 = AXIS2_PLACEMENT_3D('',#7864,#7865,#7866);
#7864 = CARTESIAN_POINT('',(0.32,-5.4,-3.));
#7865 = DIRECTION('',(1.,0.,0.));
#7866 = DIRECTION('',(0.,0.,1.));
#7867 = ADVANCED_FACE('',(#7868),#7893,.T.);
#7868 = FACE_BOUND('',#7869,.T.);
#7869 = EDGE_LOOP('',(#7870,#7878,#7879,#7887));
#7870 = ORIENTED_EDGE('',*,*,#7871,.F.);
#7871 = EDGE_CURVE('',#6898,#7872,#7874,.T.);
#7872 = VERTEX_POINT('',#7873);
#7873 = CARTESIAN_POINT('',(0.32,-7.94,8.38));
#7874 = LINE('',#7875,#7876);
#7875 = CARTESIAN_POINT('',(0.32,-7.94,-3.));
#7876 = VECTOR('',#7877,1.);
#7877 = DIRECTION('',(0.,0.,1.));
#7878 = ORIENTED_EDGE('',*,*,#6897,.T.);
#7879 = ORIENTED_EDGE('',*,*,#7880,.T.);
#7880 = EDGE_CURVE('',#6900,#7881,#7883,.T.);
#7881 = VERTEX_POINT('',#7882);
#7882 = CARTESIAN_POINT('',(0.32,-7.3,8.38));
#7883 = LINE('',#7884,#7885);
#7884 = CARTESIAN_POINT('',(0.32,-7.3,-3.));
#7885 = VECTOR('',#7886,1.);
#7886 = DIRECTION('',(0.,0.,1.));
#7887 = ORIENTED_EDGE('',*,*,#7888,.F.);
#7888 = EDGE_CURVE('',#7872,#7881,#7889,.T.);
#7889 = LINE('',#7890,#7891);
#7890 = CARTESIAN_POINT('',(0.32,-7.94,8.38));
#7891 = VECTOR('',#7892,1.);
#7892 = DIRECTION('',(0.,1.,0.));
#7893 = PLANE('',#7894);
#7894 = AXIS2_PLACEMENT_3D('',#7895,#7896,#7897);
#7895 = CARTESIAN_POINT('',(0.32,-7.94,-3.));
#7896 = DIRECTION('',(1.,0.,0.));
#7897 = DIRECTION('',(0.,0.,1.));
#7898 = ADVANCED_FACE('',(#7899),#7917,.T.);
#7899 = FACE_BOUND('',#7900,.T.);
#7900 = EDGE_LOOP('',(#7901,#7902,#7903,#7911));
#7901 = ORIENTED_EDGE('',*,*,#7880,.F.);
#7902 = ORIENTED_EDGE('',*,*,#6923,.T.);
#7903 = ORIENTED_EDGE('',*,*,#7904,.T.);
#7904 = EDGE_CURVE('',#6916,#7905,#7907,.T.);
#7905 = VERTEX_POINT('',#7906);
#7906 = CARTESIAN_POINT('',(-0.32,-7.3,8.38));
#7907 = LINE('',#7908,#7909);
#7908 = CARTESIAN_POINT('',(-0.32,-7.3,-3.));
#7909 = VECTOR('',#7910,1.);
#7910 = DIRECTION('',(0.,0.,1.));
#7911 = ORIENTED_EDGE('',*,*,#7912,.T.);
#7912 = EDGE_CURVE('',#7905,#7881,#7913,.T.);
#7913 = LINE('',#7914,#7915);
#7914 = CARTESIAN_POINT('',(-0.32,-7.3,8.38));
#7915 = VECTOR('',#7916,1.);
#7916 = DIRECTION('',(1.,0.,0.));
#7917 = PLANE('',#7918);
#7918 = AXIS2_PLACEMENT_3D('',#7919,#7920,#7921);
#7919 = CARTESIAN_POINT('',(-0.32,-7.3,-3.));
#7920 = DIRECTION('',(0.,1.,0.));
#7921 = DIRECTION('',(0.,-0.,1.));
#7922 = ADVANCED_FACE('',(#7923),#7941,.F.);
#7923 = FACE_BOUND('',#7924,.F.);
#7924 = EDGE_LOOP('',(#7925,#7933,#7934,#7935));
#7925 = ORIENTED_EDGE('',*,*,#7926,.F.);
#7926 = EDGE_CURVE('',#6908,#7927,#7929,.T.);
#7927 = VERTEX_POINT('',#7928);
#7928 = CARTESIAN_POINT('',(-0.32,-7.94,8.38));
#7929 = LINE('',#7930,#7931);
#7930 = CARTESIAN_POINT('',(-0.32,-7.94,-3.));
#7931 = VECTOR('',#7932,1.);
#7932 = DIRECTION('',(0.,0.,1.));
#7933 = ORIENTED_EDGE('',*,*,#6915,.T.);
#7934 = ORIENTED_EDGE('',*,*,#7904,.T.);
#7935 = ORIENTED_EDGE('',*,*,#7936,.F.);
#7936 = EDGE_CURVE('',#7927,#7905,#7937,.T.);
#7937 = LINE('',#7938,#7939);
#7938 = CARTESIAN_POINT('',(-0.32,-7.94,8.38));
#7939 = VECTOR('',#7940,1.);
#7940 = DIRECTION('',(0.,1.,0.));
#7941 = PLANE('',#7942);
#7942 = AXIS2_PLACEMENT_3D('',#7943,#7944,#7945);
#7943 = CARTESIAN_POINT('',(-0.32,-7.94,-3.));
#7944 = DIRECTION('',(1.,0.,0.));
#7945 = DIRECTION('',(0.,0.,1.));
#7946 = ADVANCED_FACE('',(#7947),#7958,.F.);
#7947 = FACE_BOUND('',#7948,.F.);
#7948 = EDGE_LOOP('',(#7949,#7950,#7951,#7952));
#7949 = ORIENTED_EDGE('',*,*,#7871,.F.);
#7950 = ORIENTED_EDGE('',*,*,#6907,.T.);
#7951 = ORIENTED_EDGE('',*,*,#7926,.T.);
#7952 = ORIENTED_EDGE('',*,*,#7953,.T.);
#7953 = EDGE_CURVE('',#7927,#7872,#7954,.T.);
#7954 = LINE('',#7955,#7956);
#7955 = CARTESIAN_POINT('',(-0.32,-7.94,8.38));
#7956 = VECTOR('',#7957,1.);
#7957 = DIRECTION('',(1.,0.,0.));
#7958 = PLANE('',#7959);
#7959 = AXIS2_PLACEMENT_3D('',#7960,#7961,#7962);
#7960 = CARTESIAN_POINT('',(-0.32,-7.94,-3.));
#7961 = DIRECTION('',(0.,1.,0.));
#7962 = DIRECTION('',(0.,-0.,1.));
#7963 = ADVANCED_FACE('',(#7964),#7989,.T.);
#7964 = FACE_BOUND('',#7965,.T.);
#7965 = EDGE_LOOP('',(#7966,#7974,#7975,#7983));
#7966 = ORIENTED_EDGE('',*,*,#7967,.F.);
#7967 = EDGE_CURVE('',#6932,#7968,#7970,.T.);
#7968 = VERTEX_POINT('',#7969);
#7969 = CARTESIAN_POINT('',(0.32,-0.32,8.38));
#7970 = LINE('',#7971,#7972);
#7971 = CARTESIAN_POINT('',(0.32,-0.32,-3.));
#7972 = VECTOR('',#7973,1.);
#7973 = DIRECTION('',(0.,0.,1.));
#7974 = ORIENTED_EDGE('',*,*,#6931,.T.);
#7975 = ORIENTED_EDGE('',*,*,#7976,.T.);
#7976 = EDGE_CURVE('',#6934,#7977,#7979,.T.);
#7977 = VERTEX_POINT('',#7978);
#7978 = CARTESIAN_POINT('',(0.32,0.32,8.38));
#7979 = LINE('',#7980,#7981);
#7980 = CARTESIAN_POINT('',(0.32,0.32,-3.));
#7981 = VECTOR('',#7982,1.);
#7982 = DIRECTION('',(0.,0.,1.));
#7983 = ORIENTED_EDGE('',*,*,#7984,.F.);
#7984 = EDGE_CURVE('',#7968,#7977,#7985,.T.);
#7985 = LINE('',#7986,#7987);
#7986 = CARTESIAN_POINT('',(0.32,-0.32,8.38));
#7987 = VECTOR('',#7988,1.);
#7988 = DIRECTION('',(0.,1.,0.));
#7989 = PLANE('',#7990);
#7990 = AXIS2_PLACEMENT_3D('',#7991,#7992,#7993);
#7991 = CARTESIAN_POINT('',(0.32,-0.32,-3.));
#7992 = DIRECTION('',(1.,0.,0.));
#7993 = DIRECTION('',(0.,0.,1.));
#7994 = ADVANCED_FACE('',(#7995),#8013,.T.);
#7995 = FACE_BOUND('',#7996,.T.);
#7996 = EDGE_LOOP('',(#7997,#7998,#7999,#8007));
#7997 = ORIENTED_EDGE('',*,*,#7976,.F.);
#7998 = ORIENTED_EDGE('',*,*,#6957,.T.);
#7999 = ORIENTED_EDGE('',*,*,#8000,.T.);
#8000 = EDGE_CURVE('',#6950,#8001,#8003,.T.);
#8001 = VERTEX_POINT('',#8002);
#8002 = CARTESIAN_POINT('',(-0.32,0.32,8.38));
#8003 = LINE('',#8004,#8005);
#8004 = CARTESIAN_POINT('',(-0.32,0.32,-3.));
#8005 = VECTOR('',#8006,1.);
#8006 = DIRECTION('',(0.,0.,1.));
#8007 = ORIENTED_EDGE('',*,*,#8008,.T.);
#8008 = EDGE_CURVE('',#8001,#7977,#8009,.T.);
#8009 = LINE('',#8010,#8011);
#8010 = CARTESIAN_POINT('',(-0.32,0.32,8.38));
#8011 = VECTOR('',#8012,1.);
#8012 = DIRECTION('',(1.,0.,0.));
#8013 = PLANE('',#8014);
#8014 = AXIS2_PLACEMENT_3D('',#8015,#8016,#8017);
#8015 = CARTESIAN_POINT('',(-0.32,0.32,-3.));
#8016 = DIRECTION('',(0.,1.,0.));
#8017 = DIRECTION('',(0.,-0.,1.));
#8018 = ADVANCED_FACE('',(#8019),#8037,.F.);
#8019 = FACE_BOUND('',#8020,.F.);
#8020 = EDGE_LOOP('',(#8021,#8029,#8030,#8031));
#8021 = ORIENTED_EDGE('',*,*,#8022,.F.);
#8022 = EDGE_CURVE('',#6942,#8023,#8025,.T.);
#8023 = VERTEX_POINT('',#8024);
#8024 = CARTESIAN_POINT('',(-0.32,-0.32,8.38));
#8025 = LINE('',#8026,#8027);
#8026 = CARTESIAN_POINT('',(-0.32,-0.32,-3.));
#8027 = VECTOR('',#8028,1.);
#8028 = DIRECTION('',(0.,0.,1.));
#8029 = ORIENTED_EDGE('',*,*,#6949,.T.);
#8030 = ORIENTED_EDGE('',*,*,#8000,.T.);
#8031 = ORIENTED_EDGE('',*,*,#8032,.F.);
#8032 = EDGE_CURVE('',#8023,#8001,#8033,.T.);
#8033 = LINE('',#8034,#8035);
#8034 = CARTESIAN_POINT('',(-0.32,-0.32,8.38));
#8035 = VECTOR('',#8036,1.);
#8036 = DIRECTION('',(0.,1.,0.));
#8037 = PLANE('',#8038);
#8038 = AXIS2_PLACEMENT_3D('',#8039,#8040,#8041);
#8039 = CARTESIAN_POINT('',(-0.32,-0.32,-3.));
#8040 = DIRECTION('',(1.,0.,0.));
#8041 = DIRECTION('',(0.,0.,1.));
#8042 = ADVANCED_FACE('',(#8043),#8054,.F.);
#8043 = FACE_BOUND('',#8044,.F.);
#8044 = EDGE_LOOP('',(#8045,#8046,#8047,#8048));
#8045 = ORIENTED_EDGE('',*,*,#7967,.F.);
#8046 = ORIENTED_EDGE('',*,*,#6941,.T.);
#8047 = ORIENTED_EDGE('',*,*,#8022,.T.);
#8048 = ORIENTED_EDGE('',*,*,#8049,.T.);
#8049 = EDGE_CURVE('',#8023,#7968,#8050,.T.);
#8050 = LINE('',#8051,#8052);
#8051 = CARTESIAN_POINT('',(-0.32,-0.32,8.38));
#8052 = VECTOR('',#8053,1.);
#8053 = DIRECTION('',(1.,0.,0.));
#8054 = PLANE('',#8055);
#8055 = AXIS2_PLACEMENT_3D('',#8056,#8057,#8058);
#8056 = CARTESIAN_POINT('',(-0.32,-0.32,-3.));
#8057 = DIRECTION('',(0.,1.,0.));
#8058 = DIRECTION('',(0.,-0.,1.));
#8059 = ADVANCED_FACE('',(#8060),#8085,.T.);
#8060 = FACE_BOUND('',#8061,.T.);
#8061 = EDGE_LOOP('',(#8062,#8070,#8071,#8079));
#8062 = ORIENTED_EDGE('',*,*,#8063,.F.);
#8063 = EDGE_CURVE('',#6966,#8064,#8066,.T.);
#8064 = VERTEX_POINT('',#8065);
#8065 = CARTESIAN_POINT('',(0.32,-2.22,8.38));
#8066 = LINE('',#8067,#8068);
#8067 = CARTESIAN_POINT('',(0.32,-2.22,-3.));
#8068 = VECTOR('',#8069,1.);
#8069 = DIRECTION('',(0.,0.,1.));
#8070 = ORIENTED_EDGE('',*,*,#6965,.T.);
#8071 = ORIENTED_EDGE('',*,*,#8072,.T.);
#8072 = EDGE_CURVE('',#6968,#8073,#8075,.T.);
#8073 = VERTEX_POINT('',#8074);
#8074 = CARTESIAN_POINT('',(-0.32,-2.22,8.38));
#8075 = LINE('',#8076,#8077);
#8076 = CARTESIAN_POINT('',(-0.32,-2.22,-3.));
#8077 = VECTOR('',#8078,1.);
#8078 = DIRECTION('',(0.,0.,1.));
#8079 = ORIENTED_EDGE('',*,*,#8080,.T.);
#8080 = EDGE_CURVE('',#8073,#8064,#8081,.T.);
#8081 = LINE('',#8082,#8083);
#8082 = CARTESIAN_POINT('',(-0.32,-2.22,8.38));
#8083 = VECTOR('',#8084,1.);
#8084 = DIRECTION('',(1.,0.,0.));
#8085 = PLANE('',#8086);
#8086 = AXIS2_PLACEMENT_3D('',#8087,#8088,#8089);
#8087 = CARTESIAN_POINT('',(-0.32,-2.22,-3.));
#8088 = DIRECTION('',(0.,1.,0.));
#8089 = DIRECTION('',(0.,-0.,1.));
#8090 = ADVANCED_FACE('',(#8091),#8109,.F.);
#8091 = FACE_BOUND('',#8092,.F.);
#8092 = EDGE_LOOP('',(#8093,#8101,#8102,#8103));
#8093 = ORIENTED_EDGE('',*,*,#8094,.F.);
#8094 = EDGE_CURVE('',#6984,#8095,#8097,.T.);
#8095 = VERTEX_POINT('',#8096);
#8096 = CARTESIAN_POINT('',(-0.32,-2.86,8.38));
#8097 = LINE('',#8098,#8099);
#8098 = CARTESIAN_POINT('',(-0.32,-2.86,-3.));
#8099 = VECTOR('',#8100,1.);
#8100 = DIRECTION('',(0.,0.,1.));
#8101 = ORIENTED_EDGE('',*,*,#6991,.T.);
#8102 = ORIENTED_EDGE('',*,*,#8072,.T.);
#8103 = ORIENTED_EDGE('',*,*,#8104,.F.);
#8104 = EDGE_CURVE('',#8095,#8073,#8105,.T.);
#8105 = LINE('',#8106,#8107);
#8106 = CARTESIAN_POINT('',(-0.32,-2.86,8.38));
#8107 = VECTOR('',#8108,1.);
#8108 = DIRECTION('',(0.,1.,0.));
#8109 = PLANE('',#8110);
#8110 = AXIS2_PLACEMENT_3D('',#8111,#8112,#8113);
#8111 = CARTESIAN_POINT('',(-0.32,-2.86,-3.));
#8112 = DIRECTION('',(1.,0.,0.));
#8113 = DIRECTION('',(0.,0.,1.));
#8114 = ADVANCED_FACE('',(#8115),#8133,.F.);
#8115 = FACE_BOUND('',#8116,.F.);
#8116 = EDGE_LOOP('',(#8117,#8125,#8126,#8127));
#8117 = ORIENTED_EDGE('',*,*,#8118,.F.);
#8118 = EDGE_CURVE('',#6976,#8119,#8121,.T.);
#8119 = VERTEX_POINT('',#8120);
#8120 = CARTESIAN_POINT('',(0.32,-2.86,8.38));
#8121 = LINE('',#8122,#8123);
#8122 = CARTESIAN_POINT('',(0.32,-2.86,-3.));
#8123 = VECTOR('',#8124,1.);
#8124 = DIRECTION('',(0.,0.,1.));
#8125 = ORIENTED_EDGE('',*,*,#6983,.T.);
#8126 = ORIENTED_EDGE('',*,*,#8094,.T.);
#8127 = ORIENTED_EDGE('',*,*,#8128,.T.);
#8128 = EDGE_CURVE('',#8095,#8119,#8129,.T.);
#8129 = LINE('',#8130,#8131);
#8130 = CARTESIAN_POINT('',(-0.32,-2.86,8.38));
#8131 = VECTOR('',#8132,1.);
#8132 = DIRECTION('',(1.,0.,0.));
#8133 = PLANE('',#8134);
#8134 = AXIS2_PLACEMENT_3D('',#8135,#8136,#8137);
#8135 = CARTESIAN_POINT('',(-0.32,-2.86,-3.));
#8136 = DIRECTION('',(0.,1.,0.));
#8137 = DIRECTION('',(0.,-0.,1.));
#8138 = ADVANCED_FACE('',(#8139),#8150,.T.);
#8139 = FACE_BOUND('',#8140,.T.);
#8140 = EDGE_LOOP('',(#8141,#8142,#8143,#8144));
#8141 = ORIENTED_EDGE('',*,*,#8118,.F.);
#8142 = ORIENTED_EDGE('',*,*,#6975,.T.);
#8143 = ORIENTED_EDGE('',*,*,#8063,.T.);
#8144 = ORIENTED_EDGE('',*,*,#8145,.F.);
#8145 = EDGE_CURVE('',#8119,#8064,#8146,.T.);
#8146 = LINE('',#8147,#8148);
#8147 = CARTESIAN_POINT('',(0.32,-2.86,8.38));
#8148 = VECTOR('',#8149,1.);
#8149 = DIRECTION('',(0.,1.,0.));
#8150 = PLANE('',#8151);
#8151 = AXIS2_PLACEMENT_3D('',#8152,#8153,#8154);
#8152 = CARTESIAN_POINT('',(0.32,-2.86,-3.));
#8153 = DIRECTION('',(1.,0.,0.));
#8154 = DIRECTION('',(0.,0.,1.));
#8155 = ADVANCED_FACE('',(#8156),#8181,.F.);
#8156 = FACE_BOUND('',#8157,.T.);
#8157 = EDGE_LOOP('',(#8158,#8166,#8167,#8175));
#8158 = ORIENTED_EDGE('',*,*,#8159,.F.);
#8159 = EDGE_CURVE('',#7400,#8160,#8162,.T.);
#8160 = VERTEX_POINT('',#8161);
#8161 = CARTESIAN_POINT('',(-0.16,-4.92,-3.));
#8162 = LINE('',#8163,#8164);
#8163 = CARTESIAN_POINT('',(-0.16,-4.92,-3.));
#8164 = VECTOR('',#8165,1.);
#8165 = DIRECTION('',(0.57735026919,-0.57735026919,-0.57735026919));
#8166 = ORIENTED_EDGE('',*,*,#7399,.T.);
#8167 = ORIENTED_EDGE('',*,*,#8168,.T.);
#8168 = EDGE_CURVE('',#7392,#8169,#8171,.T.);
#8169 = VERTEX_POINT('',#8170);
#8170 = CARTESIAN_POINT('',(0.16,-4.92,-3.));
#8171 = LINE('',#8172,#8173);
#8172 = CARTESIAN_POINT('',(5.333333333333E-02,-5.026666666667,
    -3.106666666667));
#8173 = VECTOR('',#8174,1.);
#8174 = DIRECTION('',(-0.57735026919,-0.57735026919,-0.57735026919));
#8175 = ORIENTED_EDGE('',*,*,#8176,.F.);
#8176 = EDGE_CURVE('',#8160,#8169,#8177,.T.);
#8177 = LINE('',#8178,#8179);
#8178 = CARTESIAN_POINT('',(-0.32,-4.92,-3.));
#8179 = VECTOR('',#8180,1.);
#8180 = DIRECTION('',(1.,0.,0.));
#8181 = PLANE('',#8182);
#8182 = AXIS2_PLACEMENT_3D('',#8183,#8184,#8185);
#8183 = CARTESIAN_POINT('',(-0.32,-4.84,-2.92));
#8184 = DIRECTION('',(-1.735167508357E-18,-0.707106781187,0.707106781187
    ));
#8185 = DIRECTION('',(-1.,1.226948711654E-18,-1.226948711654E-18));
#8186 = ADVANCED_FACE('',(#8187),#8205,.T.);
#8187 = FACE_BOUND('',#8188,.T.);
#8188 = EDGE_LOOP('',(#8189,#8197,#8198,#8199));
#8189 = ORIENTED_EDGE('',*,*,#8190,.F.);
#8190 = EDGE_CURVE('',#7423,#8191,#8193,.T.);
#8191 = VERTEX_POINT('',#8192);
#8192 = CARTESIAN_POINT('',(-0.16,-5.24,-3.));
#8193 = LINE('',#8194,#8195);
#8194 = CARTESIAN_POINT('',(-0.266666666667,-5.346666666667,
    -2.893333333333));
#8195 = VECTOR('',#8196,1.);
#8196 = DIRECTION('',(0.57735026919,0.57735026919,-0.57735026919));
#8197 = ORIENTED_EDGE('',*,*,#7430,.T.);
#8198 = ORIENTED_EDGE('',*,*,#8159,.T.);
#8199 = ORIENTED_EDGE('',*,*,#8200,.F.);
#8200 = EDGE_CURVE('',#8191,#8160,#8201,.T.);
#8201 = LINE('',#8202,#8203);
#8202 = CARTESIAN_POINT('',(-0.16,-5.4,-3.));
#8203 = VECTOR('',#8204,1.);
#8204 = DIRECTION('',(0.,1.,0.));
#8205 = PLANE('',#8206);
#8206 = AXIS2_PLACEMENT_3D('',#8207,#8208,#8209);
#8207 = CARTESIAN_POINT('',(-0.24,-5.4,-2.92));
#8208 = DIRECTION('',(-0.707106781187,-1.735167508357E-18,
    -0.707106781187));
#8209 = DIRECTION('',(-1.226948711654E-18,1.,-1.226948711654E-18));
#8210 = ADVANCED_FACE('',(#8211),#8229,.T.);
#8211 = FACE_BOUND('',#8212,.F.);
#8212 = EDGE_LOOP('',(#8213,#8214,#8215,#8223));
#8213 = ORIENTED_EDGE('',*,*,#8190,.F.);
#8214 = ORIENTED_EDGE('',*,*,#7454,.T.);
#8215 = ORIENTED_EDGE('',*,*,#8216,.T.);
#8216 = EDGE_CURVE('',#7447,#8217,#8219,.T.);
#8217 = VERTEX_POINT('',#8218);
#8218 = CARTESIAN_POINT('',(0.16,-5.24,-3.));
#8219 = LINE('',#8220,#8221);
#8220 = CARTESIAN_POINT('',(0.16,-5.24,-3.));
#8221 = VECTOR('',#8222,1.);
#8222 = DIRECTION('',(-0.57735026919,0.57735026919,-0.57735026919));
#8223 = ORIENTED_EDGE('',*,*,#8224,.F.);
#8224 = EDGE_CURVE('',#8191,#8217,#8225,.T.);
#8225 = LINE('',#8226,#8227);
#8226 = CARTESIAN_POINT('',(-0.32,-5.24,-3.));
#8227 = VECTOR('',#8228,1.);
#8228 = DIRECTION('',(1.,0.,0.));
#8229 = PLANE('',#8230);
#8230 = AXIS2_PLACEMENT_3D('',#8231,#8232,#8233);
#8231 = CARTESIAN_POINT('',(-0.32,-5.32,-2.92));
#8232 = DIRECTION('',(1.735167508357E-18,-0.707106781187,-0.707106781187
    ));
#8233 = DIRECTION('',(-1.,-1.226948711654E-18,-1.226948711654E-18));
#8234 = ADVANCED_FACE('',(#8235),#8246,.F.);
#8235 = FACE_BOUND('',#8236,.F.);
#8236 = EDGE_LOOP('',(#8237,#8238,#8239,#8240));
#8237 = ORIENTED_EDGE('',*,*,#8216,.F.);
#8238 = ORIENTED_EDGE('',*,*,#7471,.T.);
#8239 = ORIENTED_EDGE('',*,*,#8168,.T.);
#8240 = ORIENTED_EDGE('',*,*,#8241,.F.);
#8241 = EDGE_CURVE('',#8217,#8169,#8242,.T.);
#8242 = LINE('',#8243,#8244);
#8243 = CARTESIAN_POINT('',(0.16,-5.4,-3.));
#8244 = VECTOR('',#8245,1.);
#8245 = DIRECTION('',(0.,1.,0.));
#8246 = PLANE('',#8247);
#8247 = AXIS2_PLACEMENT_3D('',#8248,#8249,#8250);
#8248 = CARTESIAN_POINT('',(0.24,-5.4,-2.92));
#8249 = DIRECTION('',(-0.707106781187,1.735167508357E-18,0.707106781187)
  );
#8250 = DIRECTION('',(1.226948711654E-18,1.,-1.226948711654E-18));
#8251 = ADVANCED_FACE('',(#8252),#8277,.F.);
#8252 = FACE_BOUND('',#8253,.F.);
#8253 = EDGE_LOOP('',(#8254,#8262,#8263,#8271));
#8254 = ORIENTED_EDGE('',*,*,#8255,.F.);
#8255 = EDGE_CURVE('',#7488,#8256,#8258,.T.);
#8256 = VERTEX_POINT('',#8257);
#8257 = CARTESIAN_POINT('',(0.16,-7.78,-3.));
#8258 = LINE('',#8259,#8260);
#8259 = CARTESIAN_POINT('',(0.16,-7.78,-3.));
#8260 = VECTOR('',#8261,1.);
#8261 = DIRECTION('',(-0.57735026919,0.57735026919,-0.57735026919));
#8262 = ORIENTED_EDGE('',*,*,#7495,.T.);
#8263 = ORIENTED_EDGE('',*,*,#8264,.T.);
#8264 = EDGE_CURVE('',#7496,#8265,#8267,.T.);
#8265 = VERTEX_POINT('',#8266);
#8266 = CARTESIAN_POINT('',(0.16,-7.46,-3.));
#8267 = LINE('',#8268,#8269);
#8268 = CARTESIAN_POINT('',(5.333333333333E-02,-7.566666666667,
    -3.106666666667));
#8269 = VECTOR('',#8270,1.);
#8270 = DIRECTION('',(-0.57735026919,-0.57735026919,-0.57735026919));
#8271 = ORIENTED_EDGE('',*,*,#8272,.F.);
#8272 = EDGE_CURVE('',#8256,#8265,#8273,.T.);
#8273 = LINE('',#8274,#8275);
#8274 = CARTESIAN_POINT('',(0.16,-7.94,-3.));
#8275 = VECTOR('',#8276,1.);
#8276 = DIRECTION('',(0.,1.,0.));
#8277 = PLANE('',#8278);
#8278 = AXIS2_PLACEMENT_3D('',#8279,#8280,#8281);
#8279 = CARTESIAN_POINT('',(0.24,-7.94,-2.92));
#8280 = DIRECTION('',(-0.707106781187,1.735167508357E-18,0.707106781187)
  );
#8281 = DIRECTION('',(1.226948711654E-18,1.,-1.226948711654E-18));
#8282 = ADVANCED_FACE('',(#8283),#8301,.F.);
#8283 = FACE_BOUND('',#8284,.T.);
#8284 = EDGE_LOOP('',(#8285,#8293,#8294,#8295));
#8285 = ORIENTED_EDGE('',*,*,#8286,.F.);
#8286 = EDGE_CURVE('',#7520,#8287,#8289,.T.);
#8287 = VERTEX_POINT('',#8288);
#8288 = CARTESIAN_POINT('',(-0.16,-7.46,-3.));
#8289 = LINE('',#8290,#8291);
#8290 = CARTESIAN_POINT('',(-0.16,-7.46,-3.));
#8291 = VECTOR('',#8292,1.);
#8292 = DIRECTION('',(0.57735026919,-0.57735026919,-0.57735026919));
#8293 = ORIENTED_EDGE('',*,*,#7519,.T.);
#8294 = ORIENTED_EDGE('',*,*,#8264,.T.);
#8295 = ORIENTED_EDGE('',*,*,#8296,.F.);
#8296 = EDGE_CURVE('',#8287,#8265,#8297,.T.);
#8297 = LINE('',#8298,#8299);
#8298 = CARTESIAN_POINT('',(-0.32,-7.46,-3.));
#8299 = VECTOR('',#8300,1.);
#8300 = DIRECTION('',(1.,0.,0.));
#8301 = PLANE('',#8302);
#8302 = AXIS2_PLACEMENT_3D('',#8303,#8304,#8305);
#8303 = CARTESIAN_POINT('',(-0.32,-7.38,-2.92));
#8304 = DIRECTION('',(-1.735167508357E-18,-0.707106781187,0.707106781187
    ));
#8305 = DIRECTION('',(-1.,1.226948711654E-18,-1.226948711654E-18));
#8306 = ADVANCED_FACE('',(#8307),#8325,.T.);
#8307 = FACE_BOUND('',#8308,.T.);
#8308 = EDGE_LOOP('',(#8309,#8317,#8318,#8319));
#8309 = ORIENTED_EDGE('',*,*,#8310,.F.);
#8310 = EDGE_CURVE('',#7543,#8311,#8313,.T.);
#8311 = VERTEX_POINT('',#8312);
#8312 = CARTESIAN_POINT('',(-0.16,-7.78,-3.));
#8313 = LINE('',#8314,#8315);
#8314 = CARTESIAN_POINT('',(-0.266666666667,-7.886666666667,
    -2.893333333333));
#8315 = VECTOR('',#8316,1.);
#8316 = DIRECTION('',(0.57735026919,0.57735026919,-0.57735026919));
#8317 = ORIENTED_EDGE('',*,*,#7550,.T.);
#8318 = ORIENTED_EDGE('',*,*,#8286,.T.);
#8319 = ORIENTED_EDGE('',*,*,#8320,.F.);
#8320 = EDGE_CURVE('',#8311,#8287,#8321,.T.);
#8321 = LINE('',#8322,#8323);
#8322 = CARTESIAN_POINT('',(-0.16,-7.94,-3.));
#8323 = VECTOR('',#8324,1.);
#8324 = DIRECTION('',(0.,1.,0.));
#8325 = PLANE('',#8326);
#8326 = AXIS2_PLACEMENT_3D('',#8327,#8328,#8329);
#8327 = CARTESIAN_POINT('',(-0.24,-7.94,-2.92));
#8328 = DIRECTION('',(-0.707106781187,-1.735167508357E-18,
    -0.707106781187));
#8329 = DIRECTION('',(-1.226948711654E-18,1.,-1.226948711654E-18));
#8330 = ADVANCED_FACE('',(#8331),#8342,.T.);
#8331 = FACE_BOUND('',#8332,.F.);
#8332 = EDGE_LOOP('',(#8333,#8334,#8335,#8336));
#8333 = ORIENTED_EDGE('',*,*,#8310,.F.);
#8334 = ORIENTED_EDGE('',*,*,#7567,.T.);
#8335 = ORIENTED_EDGE('',*,*,#8255,.T.);
#8336 = ORIENTED_EDGE('',*,*,#8337,.F.);
#8337 = EDGE_CURVE('',#8311,#8256,#8338,.T.);
#8338 = LINE('',#8339,#8340);
#8339 = CARTESIAN_POINT('',(-0.32,-7.78,-3.));
#8340 = VECTOR('',#8341,1.);
#8341 = DIRECTION('',(1.,0.,0.));
#8342 = PLANE('',#8343);
#8343 = AXIS2_PLACEMENT_3D('',#8344,#8345,#8346);
#8344 = CARTESIAN_POINT('',(-0.32,-7.86,-2.92));
#8345 = DIRECTION('',(1.735167508357E-18,-0.707106781187,-0.707106781187
    ));
#8346 = DIRECTION('',(-1.,-1.226948711654E-18,-1.226948711654E-18));
#8347 = ADVANCED_FACE('',(#8348),#8373,.F.);
#8348 = FACE_BOUND('',#8349,.F.);
#8349 = EDGE_LOOP('',(#8350,#8358,#8359,#8367));
#8350 = ORIENTED_EDGE('',*,*,#8351,.F.);
#8351 = EDGE_CURVE('',#7584,#8352,#8354,.T.);
#8352 = VERTEX_POINT('',#8353);
#8353 = CARTESIAN_POINT('',(0.16,-0.16,-3.));
#8354 = LINE('',#8355,#8356);
#8355 = CARTESIAN_POINT('',(0.16,-0.16,-3.));
#8356 = VECTOR('',#8357,1.);
#8357 = DIRECTION('',(-0.57735026919,0.57735026919,-0.57735026919));
#8358 = ORIENTED_EDGE('',*,*,#7591,.T.);
#8359 = ORIENTED_EDGE('',*,*,#8360,.T.);
#8360 = EDGE_CURVE('',#7592,#8361,#8363,.T.);
#8361 = VERTEX_POINT('',#8362);
#8362 = CARTESIAN_POINT('',(0.16,0.16,-3.));
#8363 = LINE('',#8364,#8365);
#8364 = CARTESIAN_POINT('',(5.333333333333E-02,5.333333333333E-02,
    -3.106666666667));
#8365 = VECTOR('',#8366,1.);
#8366 = DIRECTION('',(-0.57735026919,-0.57735026919,-0.57735026919));
#8367 = ORIENTED_EDGE('',*,*,#8368,.F.);
#8368 = EDGE_CURVE('',#8352,#8361,#8369,.T.);
#8369 = LINE('',#8370,#8371);
#8370 = CARTESIAN_POINT('',(0.16,-0.32,-3.));
#8371 = VECTOR('',#8372,1.);
#8372 = DIRECTION('',(0.,1.,0.));
#8373 = PLANE('',#8374);
#8374 = AXIS2_PLACEMENT_3D('',#8375,#8376,#8377);
#8375 = CARTESIAN_POINT('',(0.24,-0.32,-2.92));
#8376 = DIRECTION('',(-0.707106781187,1.735167508357E-18,0.707106781187)
  );
#8377 = DIRECTION('',(1.226948711654E-18,1.,-1.226948711654E-18));
#8378 = ADVANCED_FACE('',(#8379),#8397,.F.);
#8379 = FACE_BOUND('',#8380,.T.);
#8380 = EDGE_LOOP('',(#8381,#8389,#8390,#8391));
#8381 = ORIENTED_EDGE('',*,*,#8382,.F.);
#8382 = EDGE_CURVE('',#7616,#8383,#8385,.T.);
#8383 = VERTEX_POINT('',#8384);
#8384 = CARTESIAN_POINT('',(-0.16,0.16,-3.));
#8385 = LINE('',#8386,#8387);
#8386 = CARTESIAN_POINT('',(-0.16,0.16,-3.));
#8387 = VECTOR('',#8388,1.);
#8388 = DIRECTION('',(0.57735026919,-0.57735026919,-0.57735026919));
#8389 = ORIENTED_EDGE('',*,*,#7615,.T.);
#8390 = ORIENTED_EDGE('',*,*,#8360,.T.);
#8391 = ORIENTED_EDGE('',*,*,#8392,.F.);
#8392 = EDGE_CURVE('',#8383,#8361,#8393,.T.);
#8393 = LINE('',#8394,#8395);
#8394 = CARTESIAN_POINT('',(-0.32,0.16,-3.));
#8395 = VECTOR('',#8396,1.);
#8396 = DIRECTION('',(1.,0.,0.));
#8397 = PLANE('',#8398);
#8398 = AXIS2_PLACEMENT_3D('',#8399,#8400,#8401);
#8399 = CARTESIAN_POINT('',(-0.32,0.24,-2.92));
#8400 = DIRECTION('',(-1.735167508357E-18,-0.707106781187,0.707106781187
    ));
#8401 = DIRECTION('',(-1.,1.226948711654E-18,-1.226948711654E-18));
#8402 = ADVANCED_FACE('',(#8403),#8421,.T.);
#8403 = FACE_BOUND('',#8404,.T.);
#8404 = EDGE_LOOP('',(#8405,#8413,#8414,#8415));
#8405 = ORIENTED_EDGE('',*,*,#8406,.F.);
#8406 = EDGE_CURVE('',#7639,#8407,#8409,.T.);
#8407 = VERTEX_POINT('',#8408);
#8408 = CARTESIAN_POINT('',(-0.16,-0.16,-3.));
#8409 = LINE('',#8410,#8411);
#8410 = CARTESIAN_POINT('',(-0.266666666667,-0.266666666667,
    -2.893333333333));
#8411 = VECTOR('',#8412,1.);
#8412 = DIRECTION('',(0.57735026919,0.57735026919,-0.57735026919));
#8413 = ORIENTED_EDGE('',*,*,#7646,.T.);
#8414 = ORIENTED_EDGE('',*,*,#8382,.T.);
#8415 = ORIENTED_EDGE('',*,*,#8416,.F.);
#8416 = EDGE_CURVE('',#8407,#8383,#8417,.T.);
#8417 = LINE('',#8418,#8419);
#8418 = CARTESIAN_POINT('',(-0.16,-0.32,-3.));
#8419 = VECTOR('',#8420,1.);
#8420 = DIRECTION('',(0.,1.,0.));
#8421 = PLANE('',#8422);
#8422 = AXIS2_PLACEMENT_3D('',#8423,#8424,#8425);
#8423 = CARTESIAN_POINT('',(-0.24,-0.32,-2.92));
#8424 = DIRECTION('',(-0.707106781187,-1.735167508357E-18,
    -0.707106781187));
#8425 = DIRECTION('',(-1.226948711654E-18,1.,-1.226948711654E-18));
#8426 = ADVANCED_FACE('',(#8427),#8438,.T.);
#8427 = FACE_BOUND('',#8428,.F.);
#8428 = EDGE_LOOP('',(#8429,#8430,#8431,#8432));
#8429 = ORIENTED_EDGE('',*,*,#8406,.F.);
#8430 = ORIENTED_EDGE('',*,*,#7663,.T.);
#8431 = ORIENTED_EDGE('',*,*,#8351,.T.);
#8432 = ORIENTED_EDGE('',*,*,#8433,.F.);
#8433 = EDGE_CURVE('',#8407,#8352,#8434,.T.);
#8434 = LINE('',#8435,#8436);
#8435 = CARTESIAN_POINT('',(-0.32,-0.16,-3.));
#8436 = VECTOR('',#8437,1.);
#8437 = DIRECTION('',(1.,0.,0.));
#8438 = PLANE('',#8439);
#8439 = AXIS2_PLACEMENT_3D('',#8440,#8441,#8442);
#8440 = CARTESIAN_POINT('',(-0.32,-0.24,-2.92));
#8441 = DIRECTION('',(1.735167508357E-18,-0.707106781187,-0.707106781187
    ));
#8442 = DIRECTION('',(-1.,-1.226948711654E-18,-1.226948711654E-18));
#8443 = ADVANCED_FACE('',(#8444),#8469,.F.);
#8444 = FACE_BOUND('',#8445,.T.);
#8445 = EDGE_LOOP('',(#8446,#8454,#8455,#8463));
#8446 = ORIENTED_EDGE('',*,*,#8447,.F.);
#8447 = EDGE_CURVE('',#7688,#8448,#8450,.T.);
#8448 = VERTEX_POINT('',#8449);
#8449 = CARTESIAN_POINT('',(-0.16,-2.38,-3.));
#8450 = LINE('',#8451,#8452);
#8451 = CARTESIAN_POINT('',(-0.16,-2.38,-3.));
#8452 = VECTOR('',#8453,1.);
#8453 = DIRECTION('',(0.57735026919,-0.57735026919,-0.57735026919));
#8454 = ORIENTED_EDGE('',*,*,#7687,.T.);
#8455 = ORIENTED_EDGE('',*,*,#8456,.T.);
#8456 = EDGE_CURVE('',#7680,#8457,#8459,.T.);
#8457 = VERTEX_POINT('',#8458);
#8458 = CARTESIAN_POINT('',(0.16,-2.38,-3.));
#8459 = LINE('',#8460,#8461);
#8460 = CARTESIAN_POINT('',(5.333333333333E-02,-2.486666666667,
    -3.106666666667));
#8461 = VECTOR('',#8462,1.);
#8462 = DIRECTION('',(-0.57735026919,-0.57735026919,-0.57735026919));
#8463 = ORIENTED_EDGE('',*,*,#8464,.F.);
#8464 = EDGE_CURVE('',#8448,#8457,#8465,.T.);
#8465 = LINE('',#8466,#8467);
#8466 = CARTESIAN_POINT('',(-0.32,-2.38,-3.));
#8467 = VECTOR('',#8468,1.);
#8468 = DIRECTION('',(1.,0.,0.));
#8469 = PLANE('',#8470);
#8470 = AXIS2_PLACEMENT_3D('',#8471,#8472,#8473);
#8471 = CARTESIAN_POINT('',(-0.32,-2.3,-2.92));
#8472 = DIRECTION('',(-1.735167508357E-18,-0.707106781187,0.707106781187
    ));
#8473 = DIRECTION('',(-1.,1.226948711654E-18,-1.226948711654E-18));
#8474 = ADVANCED_FACE('',(#8475),#8493,.T.);
#8475 = FACE_BOUND('',#8476,.T.);
#8476 = EDGE_LOOP('',(#8477,#8485,#8486,#8487));
#8477 = ORIENTED_EDGE('',*,*,#8478,.F.);
#8478 = EDGE_CURVE('',#7711,#8479,#8481,.T.);
#8479 = VERTEX_POINT('',#8480);
#8480 = CARTESIAN_POINT('',(-0.16,-2.7,-3.));
#8481 = LINE('',#8482,#8483);
#8482 = CARTESIAN_POINT('',(-0.266666666667,-2.806666666667,
    -2.893333333333));
#8483 = VECTOR('',#8484,1.);
#8484 = DIRECTION('',(0.57735026919,0.57735026919,-0.57735026919));
#8485 = ORIENTED_EDGE('',*,*,#7718,.T.);
#8486 = ORIENTED_EDGE('',*,*,#8447,.T.);
#8487 = ORIENTED_EDGE('',*,*,#8488,.F.);
#8488 = EDGE_CURVE('',#8479,#8448,#8489,.T.);
#8489 = LINE('',#8490,#8491);
#8490 = CARTESIAN_POINT('',(-0.16,-2.86,-3.));
#8491 = VECTOR('',#8492,1.);
#8492 = DIRECTION('',(0.,1.,0.));
#8493 = PLANE('',#8494);
#8494 = AXIS2_PLACEMENT_3D('',#8495,#8496,#8497);
#8495 = CARTESIAN_POINT('',(-0.24,-2.86,-2.92));
#8496 = DIRECTION('',(-0.707106781187,-1.735167508357E-18,
    -0.707106781187));
#8497 = DIRECTION('',(-1.226948711654E-18,1.,-1.226948711654E-18));
#8498 = ADVANCED_FACE('',(#8499),#8517,.T.);
#8499 = FACE_BOUND('',#8500,.F.);
#8500 = EDGE_LOOP('',(#8501,#8502,#8503,#8511));
#8501 = ORIENTED_EDGE('',*,*,#8478,.F.);
#8502 = ORIENTED_EDGE('',*,*,#7742,.T.);
#8503 = ORIENTED_EDGE('',*,*,#8504,.T.);
#8504 = EDGE_CURVE('',#7735,#8505,#8507,.T.);
#8505 = VERTEX_POINT('',#8506);
#8506 = CARTESIAN_POINT('',(0.16,-2.7,-3.));
#8507 = LINE('',#8508,#8509);
#8508 = CARTESIAN_POINT('',(0.16,-2.7,-3.));
#8509 = VECTOR('',#8510,1.);
#8510 = DIRECTION('',(-0.57735026919,0.57735026919,-0.57735026919));
#8511 = ORIENTED_EDGE('',*,*,#8512,.F.);
#8512 = EDGE_CURVE('',#8479,#8505,#8513,.T.);
#8513 = LINE('',#8514,#8515);
#8514 = CARTESIAN_POINT('',(-0.32,-2.7,-3.));
#8515 = VECTOR('',#8516,1.);
#8516 = DIRECTION('',(1.,0.,0.));
#8517 = PLANE('',#8518);
#8518 = AXIS2_PLACEMENT_3D('',#8519,#8520,#8521);
#8519 = CARTESIAN_POINT('',(-0.32,-2.78,-2.92));
#8520 = DIRECTION('',(1.735167508357E-18,-0.707106781187,-0.707106781187
    ));
#8521 = DIRECTION('',(-1.,-1.226948711654E-18,-1.226948711654E-18));
#8522 = ADVANCED_FACE('',(#8523),#8534,.F.);
#8523 = FACE_BOUND('',#8524,.F.);
#8524 = EDGE_LOOP('',(#8525,#8526,#8527,#8528));
#8525 = ORIENTED_EDGE('',*,*,#8504,.F.);
#8526 = ORIENTED_EDGE('',*,*,#7759,.T.);
#8527 = ORIENTED_EDGE('',*,*,#8456,.T.);
#8528 = ORIENTED_EDGE('',*,*,#8529,.F.);
#8529 = EDGE_CURVE('',#8505,#8457,#8530,.T.);
#8530 = LINE('',#8531,#8532);
#8531 = CARTESIAN_POINT('',(0.16,-2.86,-3.));
#8532 = VECTOR('',#8533,1.);
#8533 = DIRECTION('',(0.,1.,0.));
#8534 = PLANE('',#8535);
#8535 = AXIS2_PLACEMENT_3D('',#8536,#8537,#8538);
#8536 = CARTESIAN_POINT('',(0.24,-2.86,-2.92));
#8537 = DIRECTION('',(-0.707106781187,1.735167508357E-18,0.707106781187)
  );
#8538 = DIRECTION('',(1.226948711654E-18,1.,-1.226948711654E-18));
#8539 = ADVANCED_FACE('',(#8540),#8565,.T.);
#8540 = FACE_BOUND('',#8541,.F.);
#8541 = EDGE_LOOP('',(#8542,#8550,#8551,#8559));
#8542 = ORIENTED_EDGE('',*,*,#8543,.F.);
#8543 = EDGE_CURVE('',#7785,#8544,#8546,.T.);
#8544 = VERTEX_POINT('',#8545);
#8545 = CARTESIAN_POINT('',(-0.16,-4.92,8.54));
#8546 = LINE('',#8547,#8548);
#8547 = CARTESIAN_POINT('',(-0.16,-4.92,8.54));
#8548 = VECTOR('',#8549,1.);
#8549 = DIRECTION('',(0.57735026919,-0.57735026919,0.57735026919));
#8550 = ORIENTED_EDGE('',*,*,#7792,.T.);
#8551 = ORIENTED_EDGE('',*,*,#8552,.T.);
#8552 = EDGE_CURVE('',#7776,#8553,#8555,.T.);
#8553 = VERTEX_POINT('',#8554);
#8554 = CARTESIAN_POINT('',(0.16,-4.92,8.54));
#8555 = LINE('',#8556,#8557);
#8556 = CARTESIAN_POINT('',(5.333333333333E-02,-5.026666666667,
    8.646666666667));
#8557 = VECTOR('',#8558,1.);
#8558 = DIRECTION('',(-0.57735026919,-0.57735026919,0.57735026919));
#8559 = ORIENTED_EDGE('',*,*,#8560,.F.);
#8560 = EDGE_CURVE('',#8544,#8553,#8561,.T.);
#8561 = LINE('',#8562,#8563);
#8562 = CARTESIAN_POINT('',(-0.32,-4.92,8.54));
#8563 = VECTOR('',#8564,1.);
#8564 = DIRECTION('',(1.,0.,0.));
#8565 = PLANE('',#8566);
#8566 = AXIS2_PLACEMENT_3D('',#8567,#8568,#8569);
#8567 = CARTESIAN_POINT('',(-0.32,-4.84,8.46));
#8568 = DIRECTION('',(1.735167508357E-18,0.707106781187,0.707106781187)
  );
#8569 = DIRECTION('',(-1.,1.226948711654E-18,1.226948711654E-18));
#8570 = ADVANCED_FACE('',(#8571),#8589,.F.);
#8571 = FACE_BOUND('',#8572,.F.);
#8572 = EDGE_LOOP('',(#8573,#8581,#8582,#8583));
#8573 = ORIENTED_EDGE('',*,*,#8574,.F.);
#8574 = EDGE_CURVE('',#7807,#8575,#8577,.T.);
#8575 = VERTEX_POINT('',#8576);
#8576 = CARTESIAN_POINT('',(-0.16,-5.24,8.54));
#8577 = LINE('',#8578,#8579);
#8578 = CARTESIAN_POINT('',(-0.266666666667,-5.346666666667,
    8.433333333333));
#8579 = VECTOR('',#8580,1.);
#8580 = DIRECTION('',(0.57735026919,0.57735026919,0.57735026919));
#8581 = ORIENTED_EDGE('',*,*,#7816,.T.);
#8582 = ORIENTED_EDGE('',*,*,#8543,.T.);
#8583 = ORIENTED_EDGE('',*,*,#8584,.F.);
#8584 = EDGE_CURVE('',#8575,#8544,#8585,.T.);
#8585 = LINE('',#8586,#8587);
#8586 = CARTESIAN_POINT('',(-0.16,-5.4,8.54));
#8587 = VECTOR('',#8588,1.);
#8588 = DIRECTION('',(0.,1.,0.));
#8589 = PLANE('',#8590);
#8590 = AXIS2_PLACEMENT_3D('',#8591,#8592,#8593);
#8591 = CARTESIAN_POINT('',(-0.24,-5.4,8.46));
#8592 = DIRECTION('',(0.707106781187,1.735167508357E-18,-0.707106781187)
  );
#8593 = DIRECTION('',(-1.226948711654E-18,1.,1.226948711654E-18));
#8594 = ADVANCED_FACE('',(#8595),#8613,.F.);
#8595 = FACE_BOUND('',#8596,.T.);
#8596 = EDGE_LOOP('',(#8597,#8598,#8599,#8607));
#8597 = ORIENTED_EDGE('',*,*,#8574,.F.);
#8598 = ORIENTED_EDGE('',*,*,#7840,.T.);
#8599 = ORIENTED_EDGE('',*,*,#8600,.T.);
#8600 = EDGE_CURVE('',#7831,#8601,#8603,.T.);
#8601 = VERTEX_POINT('',#8602);
#8602 = CARTESIAN_POINT('',(0.16,-5.24,8.54));
#8603 = LINE('',#8604,#8605);
#8604 = CARTESIAN_POINT('',(0.16,-5.24,8.54));
#8605 = VECTOR('',#8606,1.);
#8606 = DIRECTION('',(-0.57735026919,0.57735026919,0.57735026919));
#8607 = ORIENTED_EDGE('',*,*,#8608,.F.);
#8608 = EDGE_CURVE('',#8575,#8601,#8609,.T.);
#8609 = LINE('',#8610,#8611);
#8610 = CARTESIAN_POINT('',(-0.32,-5.24,8.54));
#8611 = VECTOR('',#8612,1.);
#8612 = DIRECTION('',(1.,0.,0.));
#8613 = PLANE('',#8614);
#8614 = AXIS2_PLACEMENT_3D('',#8615,#8616,#8617);
#8615 = CARTESIAN_POINT('',(-0.32,-5.32,8.46));
#8616 = DIRECTION('',(-1.735167508357E-18,0.707106781187,-0.707106781187
    ));
#8617 = DIRECTION('',(-1.,-1.226948711654E-18,1.226948711654E-18));
#8618 = ADVANCED_FACE('',(#8619),#8630,.T.);
#8619 = FACE_BOUND('',#8620,.T.);
#8620 = EDGE_LOOP('',(#8621,#8622,#8623,#8624));
#8621 = ORIENTED_EDGE('',*,*,#8600,.F.);
#8622 = ORIENTED_EDGE('',*,*,#7857,.T.);
#8623 = ORIENTED_EDGE('',*,*,#8552,.T.);
#8624 = ORIENTED_EDGE('',*,*,#8625,.F.);
#8625 = EDGE_CURVE('',#8601,#8553,#8626,.T.);
#8626 = LINE('',#8627,#8628);
#8627 = CARTESIAN_POINT('',(0.16,-5.4,8.54));
#8628 = VECTOR('',#8629,1.);
#8629 = DIRECTION('',(0.,1.,0.));
#8630 = PLANE('',#8631);
#8631 = AXIS2_PLACEMENT_3D('',#8632,#8633,#8634);
#8632 = CARTESIAN_POINT('',(0.24,-5.4,8.46));
#8633 = DIRECTION('',(0.707106781187,-1.735167508357E-18,0.707106781187)
  );
#8634 = DIRECTION('',(1.226948711654E-18,1.,1.226948711654E-18));
#8635 = ADVANCED_FACE('',(#8636),#8661,.T.);
#8636 = FACE_BOUND('',#8637,.T.);
#8637 = EDGE_LOOP('',(#8638,#8646,#8647,#8655));
#8638 = ORIENTED_EDGE('',*,*,#8639,.F.);
#8639 = EDGE_CURVE('',#7872,#8640,#8642,.T.);
#8640 = VERTEX_POINT('',#8641);
#8641 = CARTESIAN_POINT('',(0.16,-7.78,8.54));
#8642 = LINE('',#8643,#8644);
#8643 = CARTESIAN_POINT('',(0.16,-7.78,8.54));
#8644 = VECTOR('',#8645,1.);
#8645 = DIRECTION('',(-0.57735026919,0.57735026919,0.57735026919));
#8646 = ORIENTED_EDGE('',*,*,#7888,.T.);
#8647 = ORIENTED_EDGE('',*,*,#8648,.T.);
#8648 = EDGE_CURVE('',#7881,#8649,#8651,.T.);
#8649 = VERTEX_POINT('',#8650);
#8650 = CARTESIAN_POINT('',(0.16,-7.46,8.54));
#8651 = LINE('',#8652,#8653);
#8652 = CARTESIAN_POINT('',(5.333333333333E-02,-7.566666666667,
    8.646666666667));
#8653 = VECTOR('',#8654,1.);
#8654 = DIRECTION('',(-0.57735026919,-0.57735026919,0.57735026919));
#8655 = ORIENTED_EDGE('',*,*,#8656,.F.);
#8656 = EDGE_CURVE('',#8640,#8649,#8657,.T.);
#8657 = LINE('',#8658,#8659);
#8658 = CARTESIAN_POINT('',(0.16,-7.94,8.54));
#8659 = VECTOR('',#8660,1.);
#8660 = DIRECTION('',(0.,1.,0.));
#8661 = PLANE('',#8662);
#8662 = AXIS2_PLACEMENT_3D('',#8663,#8664,#8665);
#8663 = CARTESIAN_POINT('',(0.24,-7.94,8.46));
#8664 = DIRECTION('',(0.707106781187,-1.735167508357E-18,0.707106781187)
  );
#8665 = DIRECTION('',(1.226948711654E-18,1.,1.226948711654E-18));
#8666 = ADVANCED_FACE('',(#8667),#8685,.T.);
#8667 = FACE_BOUND('',#8668,.F.);
#8668 = EDGE_LOOP('',(#8669,#8677,#8678,#8679));
#8669 = ORIENTED_EDGE('',*,*,#8670,.F.);
#8670 = EDGE_CURVE('',#7905,#8671,#8673,.T.);
#8671 = VERTEX_POINT('',#8672);
#8672 = CARTESIAN_POINT('',(-0.16,-7.46,8.54));
#8673 = LINE('',#8674,#8675);
#8674 = CARTESIAN_POINT('',(-0.16,-7.46,8.54));
#8675 = VECTOR('',#8676,1.);
#8676 = DIRECTION('',(0.57735026919,-0.57735026919,0.57735026919));
#8677 = ORIENTED_EDGE('',*,*,#7912,.T.);
#8678 = ORIENTED_EDGE('',*,*,#8648,.T.);
#8679 = ORIENTED_EDGE('',*,*,#8680,.F.);
#8680 = EDGE_CURVE('',#8671,#8649,#8681,.T.);
#8681 = LINE('',#8682,#8683);
#8682 = CARTESIAN_POINT('',(-0.32,-7.46,8.54));
#8683 = VECTOR('',#8684,1.);
#8684 = DIRECTION('',(1.,0.,0.));
#8685 = PLANE('',#8686);
#8686 = AXIS2_PLACEMENT_3D('',#8687,#8688,#8689);
#8687 = CARTESIAN_POINT('',(-0.32,-7.38,8.46));
#8688 = DIRECTION('',(1.735167508357E-18,0.707106781187,0.707106781187)
  );
#8689 = DIRECTION('',(-1.,1.226948711654E-18,1.226948711654E-18));
#8690 = ADVANCED_FACE('',(#8691),#8709,.F.);
#8691 = FACE_BOUND('',#8692,.F.);
#8692 = EDGE_LOOP('',(#8693,#8701,#8702,#8703));
#8693 = ORIENTED_EDGE('',*,*,#8694,.F.);
#8694 = EDGE_CURVE('',#7927,#8695,#8697,.T.);
#8695 = VERTEX_POINT('',#8696);
#8696 = CARTESIAN_POINT('',(-0.16,-7.78,8.54));
#8697 = LINE('',#8698,#8699);
#8698 = CARTESIAN_POINT('',(-0.266666666667,-7.886666666667,
    8.433333333333));
#8699 = VECTOR('',#8700,1.);
#8700 = DIRECTION('',(0.57735026919,0.57735026919,0.57735026919));
#8701 = ORIENTED_EDGE('',*,*,#7936,.T.);
#8702 = ORIENTED_EDGE('',*,*,#8670,.T.);
#8703 = ORIENTED_EDGE('',*,*,#8704,.F.);
#8704 = EDGE_CURVE('',#8695,#8671,#8705,.T.);
#8705 = LINE('',#8706,#8707);
#8706 = CARTESIAN_POINT('',(-0.16,-7.94,8.54));
#8707 = VECTOR('',#8708,1.);
#8708 = DIRECTION('',(0.,1.,0.));
#8709 = PLANE('',#8710);
#8710 = AXIS2_PLACEMENT_3D('',#8711,#8712,#8713);
#8711 = CARTESIAN_POINT('',(-0.24,-7.94,8.46));
#8712 = DIRECTION('',(0.707106781187,1.735167508357E-18,-0.707106781187)
  );
#8713 = DIRECTION('',(-1.226948711654E-18,1.,1.226948711654E-18));
#8714 = ADVANCED_FACE('',(#8715),#8726,.F.);
#8715 = FACE_BOUND('',#8716,.T.);
#8716 = EDGE_LOOP('',(#8717,#8718,#8719,#8720));
#8717 = ORIENTED_EDGE('',*,*,#8694,.F.);
#8718 = ORIENTED_EDGE('',*,*,#7953,.T.);
#8719 = ORIENTED_EDGE('',*,*,#8639,.T.);
#8720 = ORIENTED_EDGE('',*,*,#8721,.F.);
#8721 = EDGE_CURVE('',#8695,#8640,#8722,.T.);
#8722 = LINE('',#8723,#8724);
#8723 = CARTESIAN_POINT('',(-0.32,-7.78,8.54));
#8724 = VECTOR('',#8725,1.);
#8725 = DIRECTION('',(1.,0.,0.));
#8726 = PLANE('',#8727);
#8727 = AXIS2_PLACEMENT_3D('',#8728,#8729,#8730);
#8728 = CARTESIAN_POINT('',(-0.32,-7.86,8.46));
#8729 = DIRECTION('',(-1.735167508357E-18,0.707106781187,-0.707106781187
    ));
#8730 = DIRECTION('',(-1.,-1.226948711654E-18,1.226948711654E-18));
#8731 = ADVANCED_FACE('',(#8732),#8757,.T.);
#8732 = FACE_BOUND('',#8733,.T.);
#8733 = EDGE_LOOP('',(#8734,#8742,#8743,#8751));
#8734 = ORIENTED_EDGE('',*,*,#8735,.F.);
#8735 = EDGE_CURVE('',#7968,#8736,#8738,.T.);
#8736 = VERTEX_POINT('',#8737);
#8737 = CARTESIAN_POINT('',(0.16,-0.16,8.54));
#8738 = LINE('',#8739,#8740);
#8739 = CARTESIAN_POINT('',(0.16,-0.16,8.54));
#8740 = VECTOR('',#8741,1.);
#8741 = DIRECTION('',(-0.57735026919,0.57735026919,0.57735026919));
#8742 = ORIENTED_EDGE('',*,*,#7984,.T.);
#8743 = ORIENTED_EDGE('',*,*,#8744,.T.);
#8744 = EDGE_CURVE('',#7977,#8745,#8747,.T.);
#8745 = VERTEX_POINT('',#8746);
#8746 = CARTESIAN_POINT('',(0.16,0.16,8.54));
#8747 = LINE('',#8748,#8749);
#8748 = CARTESIAN_POINT('',(5.333333333333E-02,5.333333333333E-02,
    8.646666666667));
#8749 = VECTOR('',#8750,1.);
#8750 = DIRECTION('',(-0.57735026919,-0.57735026919,0.57735026919));
#8751 = ORIENTED_EDGE('',*,*,#8752,.F.);
#8752 = EDGE_CURVE('',#8736,#8745,#8753,.T.);
#8753 = LINE('',#8754,#8755);
#8754 = CARTESIAN_POINT('',(0.16,-0.32,8.54));
#8755 = VECTOR('',#8756,1.);
#8756 = DIRECTION('',(0.,1.,0.));
#8757 = PLANE('',#8758);
#8758 = AXIS2_PLACEMENT_3D('',#8759,#8760,#8761);
#8759 = CARTESIAN_POINT('',(0.24,-0.32,8.46));
#8760 = DIRECTION('',(0.707106781187,-1.735167508357E-18,0.707106781187)
  );
#8761 = DIRECTION('',(1.226948711654E-18,1.,1.226948711654E-18));
#8762 = ADVANCED_FACE('',(#8763),#8781,.T.);
#8763 = FACE_BOUND('',#8764,.F.);
#8764 = EDGE_LOOP('',(#8765,#8773,#8774,#8775));
#8765 = ORIENTED_EDGE('',*,*,#8766,.F.);
#8766 = EDGE_CURVE('',#8001,#8767,#8769,.T.);
#8767 = VERTEX_POINT('',#8768);
#8768 = CARTESIAN_POINT('',(-0.16,0.16,8.54));
#8769 = LINE('',#8770,#8771);
#8770 = CARTESIAN_POINT('',(-0.16,0.16,8.54));
#8771 = VECTOR('',#8772,1.);
#8772 = DIRECTION('',(0.57735026919,-0.57735026919,0.57735026919));
#8773 = ORIENTED_EDGE('',*,*,#8008,.T.);
#8774 = ORIENTED_EDGE('',*,*,#8744,.T.);
#8775 = ORIENTED_EDGE('',*,*,#8776,.F.);
#8776 = EDGE_CURVE('',#8767,#8745,#8777,.T.);
#8777 = LINE('',#8778,#8779);
#8778 = CARTESIAN_POINT('',(-0.32,0.16,8.54));
#8779 = VECTOR('',#8780,1.);
#8780 = DIRECTION('',(1.,0.,0.));
#8781 = PLANE('',#8782);
#8782 = AXIS2_PLACEMENT_3D('',#8783,#8784,#8785);
#8783 = CARTESIAN_POINT('',(-0.32,0.24,8.46));
#8784 = DIRECTION('',(1.735167508357E-18,0.707106781187,0.707106781187)
  );
#8785 = DIRECTION('',(-1.,1.226948711654E-18,1.226948711654E-18));
#8786 = ADVANCED_FACE('',(#8787),#8805,.F.);
#8787 = FACE_BOUND('',#8788,.F.);
#8788 = EDGE_LOOP('',(#8789,#8797,#8798,#8799));
#8789 = ORIENTED_EDGE('',*,*,#8790,.F.);
#8790 = EDGE_CURVE('',#8023,#8791,#8793,.T.);
#8791 = VERTEX_POINT('',#8792);
#8792 = CARTESIAN_POINT('',(-0.16,-0.16,8.54));
#8793 = LINE('',#8794,#8795);
#8794 = CARTESIAN_POINT('',(-0.266666666667,-0.266666666667,
    8.433333333333));
#8795 = VECTOR('',#8796,1.);
#8796 = DIRECTION('',(0.57735026919,0.57735026919,0.57735026919));
#8797 = ORIENTED_EDGE('',*,*,#8032,.T.);
#8798 = ORIENTED_EDGE('',*,*,#8766,.T.);
#8799 = ORIENTED_EDGE('',*,*,#8800,.F.);
#8800 = EDGE_CURVE('',#8791,#8767,#8801,.T.);
#8801 = LINE('',#8802,#8803);
#8802 = CARTESIAN_POINT('',(-0.16,-0.32,8.54));
#8803 = VECTOR('',#8804,1.);
#8804 = DIRECTION('',(0.,1.,0.));
#8805 = PLANE('',#8806);
#8806 = AXIS2_PLACEMENT_3D('',#8807,#8808,#8809);
#8807 = CARTESIAN_POINT('',(-0.24,-0.32,8.46));
#8808 = DIRECTION('',(0.707106781187,1.735167508357E-18,-0.707106781187)
  );
#8809 = DIRECTION('',(-1.226948711654E-18,1.,1.226948711654E-18));
#8810 = ADVANCED_FACE('',(#8811),#8822,.F.);
#8811 = FACE_BOUND('',#8812,.T.);
#8812 = EDGE_LOOP('',(#8813,#8814,#8815,#8816));
#8813 = ORIENTED_EDGE('',*,*,#8790,.F.);
#8814 = ORIENTED_EDGE('',*,*,#8049,.T.);
#8815 = ORIENTED_EDGE('',*,*,#8735,.T.);
#8816 = ORIENTED_EDGE('',*,*,#8817,.F.);
#8817 = EDGE_CURVE('',#8791,#8736,#8818,.T.);
#8818 = LINE('',#8819,#8820);
#8819 = CARTESIAN_POINT('',(-0.32,-0.16,8.54));
#8820 = VECTOR('',#8821,1.);
#8821 = DIRECTION('',(1.,0.,0.));
#8822 = PLANE('',#8823);
#8823 = AXIS2_PLACEMENT_3D('',#8824,#8825,#8826);
#8824 = CARTESIAN_POINT('',(-0.32,-0.24,8.46));
#8825 = DIRECTION('',(-1.735167508357E-18,0.707106781187,-0.707106781187
    ));
#8826 = DIRECTION('',(-1.,-1.226948711654E-18,1.226948711654E-18));
#8827 = ADVANCED_FACE('',(#8828),#8853,.T.);
#8828 = FACE_BOUND('',#8829,.F.);
#8829 = EDGE_LOOP('',(#8830,#8838,#8839,#8847));
#8830 = ORIENTED_EDGE('',*,*,#8831,.F.);
#8831 = EDGE_CURVE('',#8073,#8832,#8834,.T.);
#8832 = VERTEX_POINT('',#8833);
#8833 = CARTESIAN_POINT('',(-0.16,-2.38,8.54));
#8834 = LINE('',#8835,#8836);
#8835 = CARTESIAN_POINT('',(-0.16,-2.38,8.54));
#8836 = VECTOR('',#8837,1.);
#8837 = DIRECTION('',(0.57735026919,-0.57735026919,0.57735026919));
#8838 = ORIENTED_EDGE('',*,*,#8080,.T.);
#8839 = ORIENTED_EDGE('',*,*,#8840,.T.);
#8840 = EDGE_CURVE('',#8064,#8841,#8843,.T.);
#8841 = VERTEX_POINT('',#8842);
#8842 = CARTESIAN_POINT('',(0.16,-2.38,8.54));
#8843 = LINE('',#8844,#8845);
#8844 = CARTESIAN_POINT('',(5.333333333333E-02,-2.486666666667,
    8.646666666667));
#8845 = VECTOR('',#8846,1.);
#8846 = DIRECTION('',(-0.57735026919,-0.57735026919,0.57735026919));
#8847 = ORIENTED_EDGE('',*,*,#8848,.F.);
#8848 = EDGE_CURVE('',#8832,#8841,#8849,.T.);
#8849 = LINE('',#8850,#8851);
#8850 = CARTESIAN_POINT('',(-0.32,-2.38,8.54));
#8851 = VECTOR('',#8852,1.);
#8852 = DIRECTION('',(1.,0.,0.));
#8853 = PLANE('',#8854);
#8854 = AXIS2_PLACEMENT_3D('',#8855,#8856,#8857);
#8855 = CARTESIAN_POINT('',(-0.32,-2.3,8.46));
#8856 = DIRECTION('',(1.735167508357E-18,0.707106781187,0.707106781187)
  );
#8857 = DIRECTION('',(-1.,1.226948711654E-18,1.226948711654E-18));
#8858 = ADVANCED_FACE('',(#8859),#8877,.F.);
#8859 = FACE_BOUND('',#8860,.F.);
#8860 = EDGE_LOOP('',(#8861,#8869,#8870,#8871));
#8861 = ORIENTED_EDGE('',*,*,#8862,.F.);
#8862 = EDGE_CURVE('',#8095,#8863,#8865,.T.);
#8863 = VERTEX_POINT('',#8864);
#8864 = CARTESIAN_POINT('',(-0.16,-2.7,8.54));
#8865 = LINE('',#8866,#8867);
#8866 = CARTESIAN_POINT('',(-0.266666666667,-2.806666666667,
    8.433333333333));
#8867 = VECTOR('',#8868,1.);
#8868 = DIRECTION('',(0.57735026919,0.57735026919,0.57735026919));
#8869 = ORIENTED_EDGE('',*,*,#8104,.T.);
#8870 = ORIENTED_EDGE('',*,*,#8831,.T.);
#8871 = ORIENTED_EDGE('',*,*,#8872,.F.);
#8872 = EDGE_CURVE('',#8863,#8832,#8873,.T.);
#8873 = LINE('',#8874,#8875);
#8874 = CARTESIAN_POINT('',(-0.16,-2.86,8.54));
#8875 = VECTOR('',#8876,1.);
#8876 = DIRECTION('',(0.,1.,0.));
#8877 = PLANE('',#8878);
#8878 = AXIS2_PLACEMENT_3D('',#8879,#8880,#8881);
#8879 = CARTESIAN_POINT('',(-0.24,-2.86,8.46));
#8880 = DIRECTION('',(0.707106781187,1.735167508357E-18,-0.707106781187)
  );
#8881 = DIRECTION('',(-1.226948711654E-18,1.,1.226948711654E-18));
#8882 = ADVANCED_FACE('',(#8883),#8901,.F.);
#8883 = FACE_BOUND('',#8884,.T.);
#8884 = EDGE_LOOP('',(#8885,#8886,#8887,#8895));
#8885 = ORIENTED_EDGE('',*,*,#8862,.F.);
#8886 = ORIENTED_EDGE('',*,*,#8128,.T.);
#8887 = ORIENTED_EDGE('',*,*,#8888,.T.);
#8888 = EDGE_CURVE('',#8119,#8889,#8891,.T.);
#8889 = VERTEX_POINT('',#8890);
#8890 = CARTESIAN_POINT('',(0.16,-2.7,8.54));
#8891 = LINE('',#8892,#8893);
#8892 = CARTESIAN_POINT('',(0.16,-2.7,8.54));
#8893 = VECTOR('',#8894,1.);
#8894 = DIRECTION('',(-0.57735026919,0.57735026919,0.57735026919));
#8895 = ORIENTED_EDGE('',*,*,#8896,.F.);
#8896 = EDGE_CURVE('',#8863,#8889,#8897,.T.);
#8897 = LINE('',#8898,#8899);
#8898 = CARTESIAN_POINT('',(-0.32,-2.7,8.54));
#8899 = VECTOR('',#8900,1.);
#8900 = DIRECTION('',(1.,0.,0.));
#8901 = PLANE('',#8902);
#8902 = AXIS2_PLACEMENT_3D('',#8903,#8904,#8905);
#8903 = CARTESIAN_POINT('',(-0.32,-2.78,8.46));
#8904 = DIRECTION('',(-1.735167508357E-18,0.707106781187,-0.707106781187
    ));
#8905 = DIRECTION('',(-1.,-1.226948711654E-18,1.226948711654E-18));
#8906 = ADVANCED_FACE('',(#8907),#8918,.T.);
#8907 = FACE_BOUND('',#8908,.T.);
#8908 = EDGE_LOOP('',(#8909,#8910,#8911,#8912));
#8909 = ORIENTED_EDGE('',*,*,#8888,.F.);
#8910 = ORIENTED_EDGE('',*,*,#8145,.T.);
#8911 = ORIENTED_EDGE('',*,*,#8840,.T.);
#8912 = ORIENTED_EDGE('',*,*,#8913,.F.);
#8913 = EDGE_CURVE('',#8889,#8841,#8914,.T.);
#8914 = LINE('',#8915,#8916);
#8915 = CARTESIAN_POINT('',(0.16,-2.86,8.54));
#8916 = VECTOR('',#8917,1.);
#8917 = DIRECTION('',(0.,1.,0.));
#8918 = PLANE('',#8919);
#8919 = AXIS2_PLACEMENT_3D('',#8920,#8921,#8922);
#8920 = CARTESIAN_POINT('',(0.24,-2.86,8.46));
#8921 = DIRECTION('',(0.707106781187,-1.735167508357E-18,0.707106781187)
  );
#8922 = DIRECTION('',(1.226948711654E-18,1.,1.226948711654E-18));
#8923 = ADVANCED_FACE('',(#8924),#8930,.F.);
#8924 = FACE_BOUND('',#8925,.F.);
#8925 = EDGE_LOOP('',(#8926,#8927,#8928,#8929));
#8926 = ORIENTED_EDGE('',*,*,#8241,.T.);
#8927 = ORIENTED_EDGE('',*,*,#8176,.F.);
#8928 = ORIENTED_EDGE('',*,*,#8200,.F.);
#8929 = ORIENTED_EDGE('',*,*,#8224,.T.);
#8930 = PLANE('',#8931);
#8931 = AXIS2_PLACEMENT_3D('',#8932,#8933,#8934);
#8932 = CARTESIAN_POINT('',(-0.32,-5.4,-3.));
#8933 = DIRECTION('',(0.,0.,1.));
#8934 = DIRECTION('',(1.,0.,-0.));
#8935 = ADVANCED_FACE('',(#8936),#8942,.F.);
#8936 = FACE_BOUND('',#8937,.F.);
#8937 = EDGE_LOOP('',(#8938,#8939,#8940,#8941));
#8938 = ORIENTED_EDGE('',*,*,#8272,.T.);
#8939 = ORIENTED_EDGE('',*,*,#8296,.F.);
#8940 = ORIENTED_EDGE('',*,*,#8320,.F.);
#8941 = ORIENTED_EDGE('',*,*,#8337,.T.);
#8942 = PLANE('',#8943);
#8943 = AXIS2_PLACEMENT_3D('',#8944,#8945,#8946);
#8944 = CARTESIAN_POINT('',(-0.32,-7.94,-3.));
#8945 = DIRECTION('',(0.,0.,1.));
#8946 = DIRECTION('',(1.,0.,-0.));
#8947 = ADVANCED_FACE('',(#8948),#8954,.F.);
#8948 = FACE_BOUND('',#8949,.F.);
#8949 = EDGE_LOOP('',(#8950,#8951,#8952,#8953));
#8950 = ORIENTED_EDGE('',*,*,#8368,.T.);
#8951 = ORIENTED_EDGE('',*,*,#8392,.F.);
#8952 = ORIENTED_EDGE('',*,*,#8416,.F.);
#8953 = ORIENTED_EDGE('',*,*,#8433,.T.);
#8954 = PLANE('',#8955);
#8955 = AXIS2_PLACEMENT_3D('',#8956,#8957,#8958);
#8956 = CARTESIAN_POINT('',(-0.32,-0.32,-3.));
#8957 = DIRECTION('',(0.,0.,1.));
#8958 = DIRECTION('',(1.,0.,-0.));
#8959 = ADVANCED_FACE('',(#8960),#8966,.F.);
#8960 = FACE_BOUND('',#8961,.F.);
#8961 = EDGE_LOOP('',(#8962,#8963,#8964,#8965));
#8962 = ORIENTED_EDGE('',*,*,#8529,.T.);
#8963 = ORIENTED_EDGE('',*,*,#8464,.F.);
#8964 = ORIENTED_EDGE('',*,*,#8488,.F.);
#8965 = ORIENTED_EDGE('',*,*,#8512,.T.);
#8966 = PLANE('',#8967);
#8967 = AXIS2_PLACEMENT_3D('',#8968,#8969,#8970);
#8968 = CARTESIAN_POINT('',(-0.32,-2.86,-3.));
#8969 = DIRECTION('',(0.,0.,1.));
#8970 = DIRECTION('',(1.,0.,-0.));
#8971 = ADVANCED_FACE('',(#8972),#8978,.T.);
#8972 = FACE_BOUND('',#8973,.T.);
#8973 = EDGE_LOOP('',(#8974,#8975,#8976,#8977));
#8974 = ORIENTED_EDGE('',*,*,#8625,.T.);
#8975 = ORIENTED_EDGE('',*,*,#8560,.F.);
#8976 = ORIENTED_EDGE('',*,*,#8584,.F.);
#8977 = ORIENTED_EDGE('',*,*,#8608,.T.);
#8978 = PLANE('',#8979);
#8979 = AXIS2_PLACEMENT_3D('',#8980,#8981,#8982);
#8980 = CARTESIAN_POINT('',(-0.32,-5.4,8.54));
#8981 = DIRECTION('',(0.,0.,1.));
#8982 = DIRECTION('',(1.,0.,-0.));
#8983 = ADVANCED_FACE('',(#8984),#8990,.T.);
#8984 = FACE_BOUND('',#8985,.T.);
#8985 = EDGE_LOOP('',(#8986,#8987,#8988,#8989));
#8986 = ORIENTED_EDGE('',*,*,#8656,.T.);
#8987 = ORIENTED_EDGE('',*,*,#8680,.F.);
#8988 = ORIENTED_EDGE('',*,*,#8704,.F.);
#8989 = ORIENTED_EDGE('',*,*,#8721,.T.);
#8990 = PLANE('',#8991);
#8991 = AXIS2_PLACEMENT_3D('',#8992,#8993,#8994);
#8992 = CARTESIAN_POINT('',(-0.32,-7.94,8.54));
#8993 = DIRECTION('',(0.,0.,1.));
#8994 = DIRECTION('',(1.,0.,-0.));
#8995 = ADVANCED_FACE('',(#8996),#9002,.T.);
#8996 = FACE_BOUND('',#8997,.T.);
#8997 = EDGE_LOOP('',(#8998,#8999,#9000,#9001));
#8998 = ORIENTED_EDGE('',*,*,#8752,.T.);
#8999 = ORIENTED_EDGE('',*,*,#8776,.F.);
#9000 = ORIENTED_EDGE('',*,*,#8800,.F.);
#9001 = ORIENTED_EDGE('',*,*,#8817,.T.);
#9002 = PLANE('',#9003);
#9003 = AXIS2_PLACEMENT_3D('',#9004,#9005,#9006);
#9004 = CARTESIAN_POINT('',(-0.32,-0.32,8.54));
#9005 = DIRECTION('',(0.,0.,1.));
#9006 = DIRECTION('',(1.,0.,-0.));
#9007 = ADVANCED_FACE('',(#9008),#9014,.T.);
#9008 = FACE_BOUND('',#9009,.T.);
#9009 = EDGE_LOOP('',(#9010,#9011,#9012,#9013));
#9010 = ORIENTED_EDGE('',*,*,#8913,.T.);
#9011 = ORIENTED_EDGE('',*,*,#8848,.F.);
#9012 = ORIENTED_EDGE('',*,*,#8872,.F.);
#9013 = ORIENTED_EDGE('',*,*,#8896,.T.);
#9014 = PLANE('',#9015);
#9015 = AXIS2_PLACEMENT_3D('',#9016,#9017,#9018);
#9016 = CARTESIAN_POINT('',(-0.32,-2.86,8.54));
#9017 = DIRECTION('',(0.,0.,1.));
#9018 = DIRECTION('',(1.,0.,-0.));
#9019 = ( GEOMETRIC_REPRESENTATION_CONTEXT(3) 
GLOBAL_UNCERTAINTY_ASSIGNED_CONTEXT((#9023)) 
GLOBAL_UNIT_ASSIGNED_CONTEXT((#9020,#9021,#9022)) REPRESENTATION_CONTEXT
('Context #1','3D Context with UNIT and UNCERTAINTY') );
#9020 = ( LENGTH_UNIT() NAMED_UNIT(*) SI_UNIT(.MILLI.,.METRE.) );
#9021 = ( NAMED_UNIT(*) PLANE_ANGLE_UNIT() SI_UNIT($,.RADIAN.) );
#9022 = ( NAMED_UNIT(*) SI_UNIT($,.STERADIAN.) SOLID_ANGLE_UNIT() );
#9023 = UNCERTAINTY_MEASURE_WITH_UNIT(LENGTH_MEASURE(1.E-07),#9020,
  'distance_accuracy_value','confusion accuracy');
#9024 = CONTEXT_DEPENDENT_SHAPE_REPRESENTATION(#9025,#9027);
#9025 = ( REPRESENTATION_RELATIONSHIP('','',#6238,#10) 
REPRESENTATION_RELATIONSHIP_WITH_TRANSFORMATION(#9026) 
SHAPE_REPRESENTATION_RELATIONSHIP() );
#9026 = ITEM_DEFINED_TRANSFORMATION('','',#11,#23);
#9027 = PRODUCT_DEFINITION_SHAPE('Placement','Placement of an item',
  #9028);
#9028 = NEXT_ASSEMBLY_USAGE_OCCURRENCE('3','J1','',#5,#6233,$);
#9029 = PRODUCT_RELATED_PRODUCT_CATEGORY('part',$,(#6235));
#9030 = SHAPE_DEFINITION_REPRESENTATION(#9031,#9037);
#9031 = PRODUCT_DEFINITION_SHAPE('','',#9032);
#9032 = PRODUCT_DEFINITION('design','',#9033,#9036);
#9033 = PRODUCT_DEFINITION_FORMATION('','',#9034);
#9034 = PRODUCT('PinHeader_1x02_P2.54mm_Vertical',
  'PinHeader_1x02_P2.54mm_Vertical','',(#9035));
#9035 = PRODUCT_CONTEXT('',#2,'mechanical');
#9036 = PRODUCT_DEFINITION_CONTEXT('part definition',#2,'design');
#9037 = ADVANCED_BREP_SHAPE_REPRESENTATION('',(#11,#9038),#10470);
#9038 = MANIFOLD_SOLID_BREP('',#9039);
#9039 = CLOSED_SHELL('',(#9040,#9080,#9111,#9142,#9307,#9472,#9489,#9506
    ,#9523,#9540,#9557,#9574,#9591,#9608,#9625,#9642,#9654,#9685,#9709,
    #9733,#9750,#9781,#9805,#9829,#9846,#9877,#9901,#9925,#9942,#9973,
    #9997,#10021,#10038,#10069,#10093,#10117,#10134,#10165,#10189,#10213
    ,#10230,#10261,#10285,#10309,#10326,#10357,#10381,#10405,#10422,
    #10434,#10446,#10458));
#9040 = ADVANCED_FACE('',(#9041),#9075,.F.);
#9041 = FACE_BOUND('',#9042,.F.);
#9042 = EDGE_LOOP('',(#9043,#9053,#9061,#9069));
#9043 = ORIENTED_EDGE('',*,*,#9044,.T.);
#9044 = EDGE_CURVE('',#9045,#9047,#9049,.T.);
#9045 = VERTEX_POINT('',#9046);
#9046 = CARTESIAN_POINT('',(-1.016,1.27,0.));
#9047 = VERTEX_POINT('',#9048);
#9048 = CARTESIAN_POINT('',(-1.016,1.27,2.54));
#9049 = LINE('',#9050,#9051);
#9050 = CARTESIAN_POINT('',(-1.016,1.27,0.));
#9051 = VECTOR('',#9052,1.);
#9052 = DIRECTION('',(0.,0.,1.));
#9053 = ORIENTED_EDGE('',*,*,#9054,.T.);
#9054 = EDGE_CURVE('',#9047,#9055,#9057,.T.);
#9055 = VERTEX_POINT('',#9056);
#9056 = CARTESIAN_POINT('',(-1.27,1.016,2.54));
#9057 = LINE('',#9058,#9059);
#9058 = CARTESIAN_POINT('',(-1.016,1.27,2.54));
#9059 = VECTOR('',#9060,1.);
#9060 = DIRECTION('',(-0.707106781187,-0.707106781187,0.));
#9061 = ORIENTED_EDGE('',*,*,#9062,.F.);
#9062 = EDGE_CURVE('',#9063,#9055,#9065,.T.);
#9063 = VERTEX_POINT('',#9064);
#9064 = CARTESIAN_POINT('',(-1.27,1.016,0.));
#9065 = LINE('',#9066,#9067);
#9066 = CARTESIAN_POINT('',(-1.27,1.016,0.));
#9067 = VECTOR('',#9068,1.);
#9068 = DIRECTION('',(0.,0.,1.));
#9069 = ORIENTED_EDGE('',*,*,#9070,.F.);
#9070 = EDGE_CURVE('',#9045,#9063,#9071,.T.);
#9071 = LINE('',#9072,#9073);
#9072 = CARTESIAN_POINT('',(-1.016,1.27,0.));
#9073 = VECTOR('',#9074,1.);
#9074 = DIRECTION('',(-0.707106781187,-0.707106781187,0.));
#9075 = PLANE('',#9076);
#9076 = AXIS2_PLACEMENT_3D('',#9077,#9078,#9079);
#9077 = CARTESIAN_POINT('',(-1.016,1.27,0.));
#9078 = DIRECTION('',(0.707106781187,-0.707106781187,0.));
#9079 = DIRECTION('',(-0.707106781187,-0.707106781187,0.));
#9080 = ADVANCED_FACE('',(#9081),#9106,.F.);
#9081 = FACE_BOUND('',#9082,.F.);
#9082 = EDGE_LOOP('',(#9083,#9093,#9099,#9100));
#9083 = ORIENTED_EDGE('',*,*,#9084,.T.);
#9084 = EDGE_CURVE('',#9085,#9087,#9089,.T.);
#9085 = VERTEX_POINT('',#9086);
#9086 = CARTESIAN_POINT('',(1.016,1.27,0.));
#9087 = VERTEX_POINT('',#9088);
#9088 = CARTESIAN_POINT('',(1.016,1.27,2.54));
#9089 = LINE('',#9090,#9091);
#9090 = CARTESIAN_POINT('',(1.016,1.27,0.));
#9091 = VECTOR('',#9092,1.);
#9092 = DIRECTION('',(0.,0.,1.));
#9093 = ORIENTED_EDGE('',*,*,#9094,.T.);
#9094 = EDGE_CURVE('',#9087,#9047,#9095,.T.);
#9095 = LINE('',#9096,#9097);
#9096 = CARTESIAN_POINT('',(1.016,1.27,2.54));
#9097 = VECTOR('',#9098,1.);
#9098 = DIRECTION('',(-1.,0.,0.));
#9099 = ORIENTED_EDGE('',*,*,#9044,.F.);
#9100 = ORIENTED_EDGE('',*,*,#9101,.F.);
#9101 = EDGE_CURVE('',#9085,#9045,#9102,.T.);
#9102 = LINE('',#9103,#9104);
#9103 = CARTESIAN_POINT('',(1.016,1.27,0.));
#9104 = VECTOR('',#9105,1.);
#9105 = DIRECTION('',(-1.,0.,0.));
#9106 = PLANE('',#9107);
#9107 = AXIS2_PLACEMENT_3D('',#9108,#9109,#9110);
#9108 = CARTESIAN_POINT('',(1.016,1.27,0.));
#9109 = DIRECTION('',(0.,-1.,0.));
#9110 = DIRECTION('',(-1.,0.,0.));
#9111 = ADVANCED_FACE('',(#9112),#9137,.F.);
#9112 = FACE_BOUND('',#9113,.F.);
#9113 = EDGE_LOOP('',(#9114,#9115,#9123,#9131));
#9114 = ORIENTED_EDGE('',*,*,#9062,.T.);
#9115 = ORIENTED_EDGE('',*,*,#9116,.T.);
#9116 = EDGE_CURVE('',#9055,#9117,#9119,.T.);
#9117 = VERTEX_POINT('',#9118);
#9118 = CARTESIAN_POINT('',(-1.27,-1.016,2.54));
#9119 = LINE('',#9120,#9121);
#9120 = CARTESIAN_POINT('',(-1.27,1.016,2.54));
#9121 = VECTOR('',#9122,1.);
#9122 = DIRECTION('',(0.,-1.,0.));
#9123 = ORIENTED_EDGE('',*,*,#9124,.F.);
#9124 = EDGE_CURVE('',#9125,#9117,#9127,.T.);
#9125 = VERTEX_POINT('',#9126);
#9126 = CARTESIAN_POINT('',(-1.27,-1.016,0.));
#9127 = LINE('',#9128,#9129);
#9128 = CARTESIAN_POINT('',(-1.27,-1.016,0.));
#9129 = VECTOR('',#9130,1.);
#9130 = DIRECTION('',(0.,0.,1.));
#9131 = ORIENTED_EDGE('',*,*,#9132,.F.);
#9132 = EDGE_CURVE('',#9063,#9125,#9133,.T.);
#9133 = LINE('',#9134,#9135);
#9134 = CARTESIAN_POINT('',(-1.27,1.016,0.));
#9135 = VECTOR('',#9136,1.);
#9136 = DIRECTION('',(0.,-1.,0.));
#9137 = PLANE('',#9138);
#9138 = AXIS2_PLACEMENT_3D('',#9139,#9140,#9141);
#9139 = CARTESIAN_POINT('',(-1.27,1.016,0.));
#9140 = DIRECTION('',(1.,0.,0.));
#9141 = DIRECTION('',(0.,-1.,0.));
#9142 = ADVANCED_FACE('',(#9143,#9234,#9268),#9302,.F.);
#9143 = FACE_BOUND('',#9144,.F.);
#9144 = EDGE_LOOP('',(#9145,#9146,#9147,#9155,#9163,#9171,#9179,#9187,
    #9195,#9203,#9211,#9219,#9227,#9233));
#9145 = ORIENTED_EDGE('',*,*,#9070,.T.);
#9146 = ORIENTED_EDGE('',*,*,#9132,.T.);
#9147 = ORIENTED_EDGE('',*,*,#9148,.T.);
#9148 = EDGE_CURVE('',#9125,#9149,#9151,.T.);
#9149 = VERTEX_POINT('',#9150);
#9150 = CARTESIAN_POINT('',(-1.016,-1.27,0.));
#9151 = LINE('',#9152,#9153);
#9152 = CARTESIAN_POINT('',(-1.27,-1.016,0.));
#9153 = VECTOR('',#9154,1.);
#9154 = DIRECTION('',(0.707106781187,-0.707106781187,0.));
#9155 = ORIENTED_EDGE('',*,*,#9156,.T.);
#9156 = EDGE_CURVE('',#9149,#9157,#9159,.T.);
#9157 = VERTEX_POINT('',#9158);
#9158 = CARTESIAN_POINT('',(-1.27,-1.524,0.));
#9159 = LINE('',#9160,#9161);
#9160 = CARTESIAN_POINT('',(-1.016,-1.27,0.));
#9161 = VECTOR('',#9162,1.);
#9162 = DIRECTION('',(-0.707106781187,-0.707106781187,0.));
#9163 = ORIENTED_EDGE('',*,*,#9164,.T.);
#9164 = EDGE_CURVE('',#9157,#9165,#9167,.T.);
#9165 = VERTEX_POINT('',#9166);
#9166 = CARTESIAN_POINT('',(-1.27,-3.556,0.));
#9167 = LINE('',#9168,#9169);
#9168 = CARTESIAN_POINT('',(-1.27,-1.524,0.));
#9169 = VECTOR('',#9170,1.);
#9170 = DIRECTION('',(0.,-1.,0.));
#9171 = ORIENTED_EDGE('',*,*,#9172,.T.);
#9172 = EDGE_CURVE('',#9165,#9173,#9175,.T.);
#9173 = VERTEX_POINT('',#9174);
#9174 = CARTESIAN_POINT('',(-1.016,-3.81,0.));
#9175 = LINE('',#9176,#9177);
#9176 = CARTESIAN_POINT('',(-1.27,-3.556,0.));
#9177 = VECTOR('',#9178,1.);
#9178 = DIRECTION('',(0.707106781187,-0.707106781187,0.));
#9179 = ORIENTED_EDGE('',*,*,#9180,.T.);
#9180 = EDGE_CURVE('',#9173,#9181,#9183,.T.);
#9181 = VERTEX_POINT('',#9182);
#9182 = CARTESIAN_POINT('',(1.016,-3.81,0.));
#9183 = LINE('',#9184,#9185);
#9184 = CARTESIAN_POINT('',(-1.016,-3.81,0.));
#9185 = VECTOR('',#9186,1.);
#9186 = DIRECTION('',(1.,0.,0.));
#9187 = ORIENTED_EDGE('',*,*,#9188,.T.);
#9188 = EDGE_CURVE('',#9181,#9189,#9191,.T.);
#9189 = VERTEX_POINT('',#9190);
#9190 = CARTESIAN_POINT('',(1.27,-3.556,0.));
#9191 = LINE('',#9192,#9193);
#9192 = CARTESIAN_POINT('',(1.016,-3.81,0.));
#9193 = VECTOR('',#9194,1.);
#9194 = DIRECTION('',(0.707106781187,0.707106781187,0.));
#9195 = ORIENTED_EDGE('',*,*,#9196,.T.);
#9196 = EDGE_CURVE('',#9189,#9197,#9199,.T.);
#9197 = VERTEX_POINT('',#9198);
#9198 = CARTESIAN_POINT('',(1.27,-1.524,0.));
#9199 = LINE('',#9200,#9201);
#9200 = CARTESIAN_POINT('',(1.27,-3.556,0.));
#9201 = VECTOR('',#9202,1.);
#9202 = DIRECTION('',(0.,1.,0.));
#9203 = ORIENTED_EDGE('',*,*,#9204,.T.);
#9204 = EDGE_CURVE('',#9197,#9205,#9207,.T.);
#9205 = VERTEX_POINT('',#9206);
#9206 = CARTESIAN_POINT('',(1.016,-1.27,0.));
#9207 = LINE('',#9208,#9209);
#9208 = CARTESIAN_POINT('',(1.27,-1.524,0.));
#9209 = VECTOR('',#9210,1.);
#9210 = DIRECTION('',(-0.707106781187,0.707106781187,0.));
#9211 = ORIENTED_EDGE('',*,*,#9212,.T.);
#9212 = EDGE_CURVE('',#9205,#9213,#9215,.T.);
#9213 = VERTEX_POINT('',#9214);
#9214 = CARTESIAN_POINT('',(1.27,-1.016,0.));
#9215 = LINE('',#9216,#9217);
#9216 = CARTESIAN_POINT('',(1.016,-1.27,0.));
#9217 = VECTOR('',#9218,1.);
#9218 = DIRECTION('',(0.707106781187,0.707106781187,0.));
#9219 = ORIENTED_EDGE('',*,*,#9220,.T.);
#9220 = EDGE_CURVE('',#9213,#9221,#9223,.T.);
#9221 = VERTEX_POINT('',#9222);
#9222 = CARTESIAN_POINT('',(1.27,1.016,0.));
#9223 = LINE('',#9224,#9225);
#9224 = CARTESIAN_POINT('',(1.27,-1.016,0.));
#9225 = VECTOR('',#9226,1.);
#9226 = DIRECTION('',(0.,1.,0.));
#9227 = ORIENTED_EDGE('',*,*,#9228,.T.);
#9228 = EDGE_CURVE('',#9221,#9085,#9229,.T.);
#9229 = LINE('',#9230,#9231);
#9230 = CARTESIAN_POINT('',(1.27,1.016,0.));
#9231 = VECTOR('',#9232,1.);
#9232 = DIRECTION('',(-0.707106781187,0.707106781187,0.));
#9233 = ORIENTED_EDGE('',*,*,#9101,.T.);
#9234 = FACE_BOUND('',#9235,.F.);
#9235 = EDGE_LOOP('',(#9236,#9246,#9254,#9262));
#9236 = ORIENTED_EDGE('',*,*,#9237,.T.);
#9237 = EDGE_CURVE('',#9238,#9240,#9242,.T.);
#9238 = VERTEX_POINT('',#9239);
#9239 = CARTESIAN_POINT('',(0.32,-0.32,0.));
#9240 = VERTEX_POINT('',#9241);
#9241 = CARTESIAN_POINT('',(-0.32,-0.32,0.));
#9242 = LINE('',#9243,#9244);
#9243 = CARTESIAN_POINT('',(-0.16,-0.32,0.));
#9244 = VECTOR('',#9245,1.);
#9245 = DIRECTION('',(-1.,0.,0.));
#9246 = ORIENTED_EDGE('',*,*,#9247,.T.);
#9247 = EDGE_CURVE('',#9240,#9248,#9250,.T.);
#9248 = VERTEX_POINT('',#9249);
#9249 = CARTESIAN_POINT('',(-0.32,0.32,0.));
#9250 = LINE('',#9251,#9252);
#9251 = CARTESIAN_POINT('',(-0.32,-0.795,0.));
#9252 = VECTOR('',#9253,1.);
#9253 = DIRECTION('',(0.,1.,0.));
#9254 = ORIENTED_EDGE('',*,*,#9255,.F.);
#9255 = EDGE_CURVE('',#9256,#9248,#9258,.T.);
#9256 = VERTEX_POINT('',#9257);
#9257 = CARTESIAN_POINT('',(0.32,0.32,0.));
#9258 = LINE('',#9259,#9260);
#9259 = CARTESIAN_POINT('',(-0.16,0.32,0.));
#9260 = VECTOR('',#9261,1.);
#9261 = DIRECTION('',(-1.,0.,0.));
#9262 = ORIENTED_EDGE('',*,*,#9263,.F.);
#9263 = EDGE_CURVE('',#9238,#9256,#9264,.T.);
#9264 = LINE('',#9265,#9266);
#9265 = CARTESIAN_POINT('',(0.32,-0.795,0.));
#9266 = VECTOR('',#9267,1.);
#9267 = DIRECTION('',(0.,1.,0.));
#9268 = FACE_BOUND('',#9269,.F.);
#9269 = EDGE_LOOP('',(#9270,#9280,#9288,#9296));
#9270 = ORIENTED_EDGE('',*,*,#9271,.T.);
#9271 = EDGE_CURVE('',#9272,#9274,#9276,.T.);
#9272 = VERTEX_POINT('',#9273);
#9273 = CARTESIAN_POINT('',(0.32,-2.86,0.));
#9274 = VERTEX_POINT('',#9275);
#9275 = CARTESIAN_POINT('',(-0.32,-2.86,0.));
#9276 = LINE('',#9277,#9278);
#9277 = CARTESIAN_POINT('',(-0.16,-2.86,0.));
#9278 = VECTOR('',#9279,1.);
#9279 = DIRECTION('',(-1.,0.,0.));
#9280 = ORIENTED_EDGE('',*,*,#9281,.T.);
#9281 = EDGE_CURVE('',#9274,#9282,#9284,.T.);
#9282 = VERTEX_POINT('',#9283);
#9283 = CARTESIAN_POINT('',(-0.32,-2.22,0.));
#9284 = LINE('',#9285,#9286);
#9285 = CARTESIAN_POINT('',(-0.32,-2.065,0.));
#9286 = VECTOR('',#9287,1.);
#9287 = DIRECTION('',(0.,1.,0.));
#9288 = ORIENTED_EDGE('',*,*,#9289,.F.);
#9289 = EDGE_CURVE('',#9290,#9282,#9292,.T.);
#9290 = VERTEX_POINT('',#9291);
#9291 = CARTESIAN_POINT('',(0.32,-2.22,0.));
#9292 = LINE('',#9293,#9294);
#9293 = CARTESIAN_POINT('',(-0.16,-2.22,0.));
#9294 = VECTOR('',#9295,1.);
#9295 = DIRECTION('',(-1.,0.,0.));
#9296 = ORIENTED_EDGE('',*,*,#9297,.F.);
#9297 = EDGE_CURVE('',#9272,#9290,#9298,.T.);
#9298 = LINE('',#9299,#9300);
#9299 = CARTESIAN_POINT('',(0.32,-2.065,0.));
#9300 = VECTOR('',#9301,1.);
#9301 = DIRECTION('',(0.,1.,0.));
#9302 = PLANE('',#9303);
#9303 = AXIS2_PLACEMENT_3D('',#9304,#9305,#9306);
#9304 = CARTESIAN_POINT('',(1.473843703412E-17,-1.27,0.));
#9305 = DIRECTION('',(0.,0.,1.));
#9306 = DIRECTION('',(1.,0.,-0.));
#9307 = ADVANCED_FACE('',(#9308,#9399,#9433),#9467,.T.);
#9308 = FACE_BOUND('',#9309,.T.);
#9309 = EDGE_LOOP('',(#9310,#9311,#9312,#9320,#9328,#9336,#9344,#9352,
    #9360,#9368,#9376,#9384,#9392,#9398));
#9310 = ORIENTED_EDGE('',*,*,#9054,.T.);
#9311 = ORIENTED_EDGE('',*,*,#9116,.T.);
#9312 = ORIENTED_EDGE('',*,*,#9313,.T.);
#9313 = EDGE_CURVE('',#9117,#9314,#9316,.T.);
#9314 = VERTEX_POINT('',#9315);
#9315 = CARTESIAN_POINT('',(-1.016,-1.27,2.54));
#9316 = LINE('',#9317,#9318);
#9317 = CARTESIAN_POINT('',(-1.27,-1.016,2.54));
#9318 = VECTOR('',#9319,1.);
#9319 = DIRECTION('',(0.707106781187,-0.707106781187,0.));
#9320 = ORIENTED_EDGE('',*,*,#9321,.T.);
#9321 = EDGE_CURVE('',#9314,#9322,#9324,.T.);
#9322 = VERTEX_POINT('',#9323);
#9323 = CARTESIAN_POINT('',(-1.27,-1.524,2.54));
#9324 = LINE('',#9325,#9326);
#9325 = CARTESIAN_POINT('',(-1.016,-1.27,2.54));
#9326 = VECTOR('',#9327,1.);
#9327 = DIRECTION('',(-0.707106781187,-0.707106781187,0.));
#9328 = ORIENTED_EDGE('',*,*,#9329,.T.);
#9329 = EDGE_CURVE('',#9322,#9330,#9332,.T.);
#9330 = VERTEX_POINT('',#9331);
#9331 = CARTESIAN_POINT('',(-1.27,-3.556,2.54));
#9332 = LINE('',#9333,#9334);
#9333 = CARTESIAN_POINT('',(-1.27,-1.524,2.54));
#9334 = VECTOR('',#9335,1.);
#9335 = DIRECTION('',(0.,-1.,0.));
#9336 = ORIENTED_EDGE('',*,*,#9337,.T.);
#9337 = EDGE_CURVE('',#9330,#9338,#9340,.T.);
#9338 = VERTEX_POINT('',#9339);
#9339 = CARTESIAN_POINT('',(-1.016,-3.81,2.54));
#9340 = LINE('',#9341,#9342);
#9341 = CARTESIAN_POINT('',(-1.27,-3.556,2.54));
#9342 = VECTOR('',#9343,1.);
#9343 = DIRECTION('',(0.707106781187,-0.707106781187,0.));
#9344 = ORIENTED_EDGE('',*,*,#9345,.T.);
#9345 = EDGE_CURVE('',#9338,#9346,#9348,.T.);
#9346 = VERTEX_POINT('',#9347);
#9347 = CARTESIAN_POINT('',(1.016,-3.81,2.54));
#9348 = LINE('',#9349,#9350);
#9349 = CARTESIAN_POINT('',(-1.016,-3.81,2.54));
#9350 = VECTOR('',#9351,1.);
#9351 = DIRECTION('',(1.,0.,0.));
#9352 = ORIENTED_EDGE('',*,*,#9353,.T.);
#9353 = EDGE_CURVE('',#9346,#9354,#9356,.T.);
#9354 = VERTEX_POINT('',#9355);
#9355 = CARTESIAN_POINT('',(1.27,-3.556,2.54));
#9356 = LINE('',#9357,#9358);
#9357 = CARTESIAN_POINT('',(1.016,-3.81,2.54));
#9358 = VECTOR('',#9359,1.);
#9359 = DIRECTION('',(0.707106781187,0.707106781187,0.));
#9360 = ORIENTED_EDGE('',*,*,#9361,.T.);
#9361 = EDGE_CURVE('',#9354,#9362,#9364,.T.);
#9362 = VERTEX_POINT('',#9363);
#9363 = CARTESIAN_POINT('',(1.27,-1.524,2.54));
#9364 = LINE('',#9365,#9366);
#9365 = CARTESIAN_POINT('',(1.27,-3.556,2.54));
#9366 = VECTOR('',#9367,1.);
#9367 = DIRECTION('',(0.,1.,0.));
#9368 = ORIENTED_EDGE('',*,*,#9369,.T.);
#9369 = EDGE_CURVE('',#9362,#9370,#9372,.T.);
#9370 = VERTEX_POINT('',#9371);
#9371 = CARTESIAN_POINT('',(1.016,-1.27,2.54));
#9372 = LINE('',#9373,#9374);
#9373 = CARTESIAN_POINT('',(1.27,-1.524,2.54));
#9374 = VECTOR('',#9375,1.);
#9375 = DIRECTION('',(-0.707106781187,0.707106781187,0.));
#9376 = ORIENTED_EDGE('',*,*,#9377,.T.);
#9377 = EDGE_CURVE('',#9370,#9378,#9380,.T.);
#9378 = VERTEX_POINT('',#9379);
#9379 = CARTESIAN_POINT('',(1.27,-1.016,2.54));
#9380 = LINE('',#9381,#9382);
#9381 = CARTESIAN_POINT('',(1.016,-1.27,2.54));
#9382 = VECTOR('',#9383,1.);
#9383 = DIRECTION('',(0.707106781187,0.707106781187,0.));
#9384 = ORIENTED_EDGE('',*,*,#9385,.T.);
#9385 = EDGE_CURVE('',#9378,#9386,#9388,.T.);
#9386 = VERTEX_POINT('',#9387);
#9387 = CARTESIAN_POINT('',(1.27,1.016,2.54));
#9388 = LINE('',#9389,#9390);
#9389 = CARTESIAN_POINT('',(1.27,-1.016,2.54));
#9390 = VECTOR('',#9391,1.);
#9391 = DIRECTION('',(0.,1.,0.));
#9392 = ORIENTED_EDGE('',*,*,#9393,.T.);
#9393 = EDGE_CURVE('',#9386,#9087,#9394,.T.);
#9394 = LINE('',#9395,#9396);
#9395 = CARTESIAN_POINT('',(1.27,1.016,2.54));
#9396 = VECTOR('',#9397,1.);
#9397 = DIRECTION('',(-0.707106781187,0.707106781187,0.));
#9398 = ORIENTED_EDGE('',*,*,#9094,.T.);
#9399 = FACE_BOUND('',#9400,.T.);
#9400 = EDGE_LOOP('',(#9401,#9411,#9419,#9427));
#9401 = ORIENTED_EDGE('',*,*,#9402,.T.);
#9402 = EDGE_CURVE('',#9403,#9405,#9407,.T.);
#9403 = VERTEX_POINT('',#9404);
#9404 = CARTESIAN_POINT('',(0.32,-0.32,2.54));
#9405 = VERTEX_POINT('',#9406);
#9406 = CARTESIAN_POINT('',(-0.32,-0.32,2.54));
#9407 = LINE('',#9408,#9409);
#9408 = CARTESIAN_POINT('',(-0.16,-0.32,2.54));
#9409 = VECTOR('',#9410,1.);
#9410 = DIRECTION('',(-1.,0.,0.));
#9411 = ORIENTED_EDGE('',*,*,#9412,.T.);
#9412 = EDGE_CURVE('',#9405,#9413,#9415,.T.);
#9413 = VERTEX_POINT('',#9414);
#9414 = CARTESIAN_POINT('',(-0.32,0.32,2.54));
#9415 = LINE('',#9416,#9417);
#9416 = CARTESIAN_POINT('',(-0.32,-0.795,2.54));
#9417 = VECTOR('',#9418,1.);
#9418 = DIRECTION('',(0.,1.,0.));
#9419 = ORIENTED_EDGE('',*,*,#9420,.F.);
#9420 = EDGE_CURVE('',#9421,#9413,#9423,.T.);
#9421 = VERTEX_POINT('',#9422);
#9422 = CARTESIAN_POINT('',(0.32,0.32,2.54));
#9423 = LINE('',#9424,#9425);
#9424 = CARTESIAN_POINT('',(-0.16,0.32,2.54));
#9425 = VECTOR('',#9426,1.);
#9426 = DIRECTION('',(-1.,0.,0.));
#9427 = ORIENTED_EDGE('',*,*,#9428,.F.);
#9428 = EDGE_CURVE('',#9403,#9421,#9429,.T.);
#9429 = LINE('',#9430,#9431);
#9430 = CARTESIAN_POINT('',(0.32,-0.795,2.54));
#9431 = VECTOR('',#9432,1.);
#9432 = DIRECTION('',(0.,1.,0.));
#9433 = FACE_BOUND('',#9434,.T.);
#9434 = EDGE_LOOP('',(#9435,#9445,#9453,#9461));
#9435 = ORIENTED_EDGE('',*,*,#9436,.T.);
#9436 = EDGE_CURVE('',#9437,#9439,#9441,.T.);
#9437 = VERTEX_POINT('',#9438);
#9438 = CARTESIAN_POINT('',(0.32,-2.86,2.54));
#9439 = VERTEX_POINT('',#9440);
#9440 = CARTESIAN_POINT('',(-0.32,-2.86,2.54));
#9441 = LINE('',#9442,#9443);
#9442 = CARTESIAN_POINT('',(-0.16,-2.86,2.54));
#9443 = VECTOR('',#9444,1.);
#9444 = DIRECTION('',(-1.,0.,0.));
#9445 = ORIENTED_EDGE('',*,*,#9446,.T.);
#9446 = EDGE_CURVE('',#9439,#9447,#9449,.T.);
#9447 = VERTEX_POINT('',#9448);
#9448 = CARTESIAN_POINT('',(-0.32,-2.22,2.54));
#9449 = LINE('',#9450,#9451);
#9450 = CARTESIAN_POINT('',(-0.32,-2.065,2.54));
#9451 = VECTOR('',#9452,1.);
#9452 = DIRECTION('',(0.,1.,0.));
#9453 = ORIENTED_EDGE('',*,*,#9454,.F.);
#9454 = EDGE_CURVE('',#9455,#9447,#9457,.T.);
#9455 = VERTEX_POINT('',#9456);
#9456 = CARTESIAN_POINT('',(0.32,-2.22,2.54));
#9457 = LINE('',#9458,#9459);
#9458 = CARTESIAN_POINT('',(-0.16,-2.22,2.54));
#9459 = VECTOR('',#9460,1.);
#9460 = DIRECTION('',(-1.,0.,0.));
#9461 = ORIENTED_EDGE('',*,*,#9462,.F.);
#9462 = EDGE_CURVE('',#9437,#9455,#9463,.T.);
#9463 = LINE('',#9464,#9465);
#9464 = CARTESIAN_POINT('',(0.32,-2.065,2.54));
#9465 = VECTOR('',#9466,1.);
#9466 = DIRECTION('',(0.,1.,0.));
#9467 = PLANE('',#9468);
#9468 = AXIS2_PLACEMENT_3D('',#9469,#9470,#9471);
#9469 = CARTESIAN_POINT('',(1.473843703412E-17,-1.27,2.54));
#9470 = DIRECTION('',(0.,0.,1.));
#9471 = DIRECTION('',(1.,0.,-0.));
#9472 = ADVANCED_FACE('',(#9473),#9484,.F.);
#9473 = FACE_BOUND('',#9474,.F.);
#9474 = EDGE_LOOP('',(#9475,#9481,#9482,#9483));
#9475 = ORIENTED_EDGE('',*,*,#9476,.T.);
#9476 = EDGE_CURVE('',#9221,#9386,#9477,.T.);
#9477 = LINE('',#9478,#9479);
#9478 = CARTESIAN_POINT('',(1.27,1.016,0.));
#9479 = VECTOR('',#9480,1.);
#9480 = DIRECTION('',(0.,0.,1.));
#9481 = ORIENTED_EDGE('',*,*,#9393,.T.);
#9482 = ORIENTED_EDGE('',*,*,#9084,.F.);
#9483 = ORIENTED_EDGE('',*,*,#9228,.F.);
#9484 = PLANE('',#9485);
#9485 = AXIS2_PLACEMENT_3D('',#9486,#9487,#9488);
#9486 = CARTESIAN_POINT('',(1.27,1.016,0.));
#9487 = DIRECTION('',(-0.707106781187,-0.707106781187,0.));
#9488 = DIRECTION('',(-0.707106781187,0.707106781187,0.));
#9489 = ADVANCED_FACE('',(#9490),#9501,.F.);
#9490 = FACE_BOUND('',#9491,.F.);
#9491 = EDGE_LOOP('',(#9492,#9493,#9494,#9500));
#9492 = ORIENTED_EDGE('',*,*,#9124,.T.);
#9493 = ORIENTED_EDGE('',*,*,#9313,.T.);
#9494 = ORIENTED_EDGE('',*,*,#9495,.F.);
#9495 = EDGE_CURVE('',#9149,#9314,#9496,.T.);
#9496 = LINE('',#9497,#9498);
#9497 = CARTESIAN_POINT('',(-1.016,-1.27,0.));
#9498 = VECTOR('',#9499,1.);
#9499 = DIRECTION('',(0.,0.,1.));
#9500 = ORIENTED_EDGE('',*,*,#9148,.F.);
#9501 = PLANE('',#9502);
#9502 = AXIS2_PLACEMENT_3D('',#9503,#9504,#9505);
#9503 = CARTESIAN_POINT('',(-1.27,-1.016,0.));
#9504 = DIRECTION('',(0.707106781187,0.707106781187,0.));
#9505 = DIRECTION('',(0.707106781187,-0.707106781187,0.));
#9506 = ADVANCED_FACE('',(#9507),#9518,.F.);
#9507 = FACE_BOUND('',#9508,.F.);
#9508 = EDGE_LOOP('',(#9509,#9515,#9516,#9517));
#9509 = ORIENTED_EDGE('',*,*,#9510,.T.);
#9510 = EDGE_CURVE('',#9213,#9378,#9511,.T.);
#9511 = LINE('',#9512,#9513);
#9512 = CARTESIAN_POINT('',(1.27,-1.016,0.));
#9513 = VECTOR('',#9514,1.);
#9514 = DIRECTION('',(0.,0.,1.));
#9515 = ORIENTED_EDGE('',*,*,#9385,.T.);
#9516 = ORIENTED_EDGE('',*,*,#9476,.F.);
#9517 = ORIENTED_EDGE('',*,*,#9220,.F.);
#9518 = PLANE('',#9519);
#9519 = AXIS2_PLACEMENT_3D('',#9520,#9521,#9522);
#9520 = CARTESIAN_POINT('',(1.27,-1.016,0.));
#9521 = DIRECTION('',(-1.,0.,0.));
#9522 = DIRECTION('',(0.,1.,0.));
#9523 = ADVANCED_FACE('',(#9524),#9535,.F.);
#9524 = FACE_BOUND('',#9525,.F.);
#9525 = EDGE_LOOP('',(#9526,#9527,#9528,#9534));
#9526 = ORIENTED_EDGE('',*,*,#9495,.T.);
#9527 = ORIENTED_EDGE('',*,*,#9321,.T.);
#9528 = ORIENTED_EDGE('',*,*,#9529,.F.);
#9529 = EDGE_CURVE('',#9157,#9322,#9530,.T.);
#9530 = LINE('',#9531,#9532);
#9531 = CARTESIAN_POINT('',(-1.27,-1.524,0.));
#9532 = VECTOR('',#9533,1.);
#9533 = DIRECTION('',(0.,0.,1.));
#9534 = ORIENTED_EDGE('',*,*,#9156,.F.);
#9535 = PLANE('',#9536);
#9536 = AXIS2_PLACEMENT_3D('',#9537,#9538,#9539);
#9537 = CARTESIAN_POINT('',(-1.016,-1.27,0.));
#9538 = DIRECTION('',(0.707106781187,-0.707106781187,0.));
#9539 = DIRECTION('',(-0.707106781187,-0.707106781187,0.));
#9540 = ADVANCED_FACE('',(#9541),#9552,.F.);
#9541 = FACE_BOUND('',#9542,.F.);
#9542 = EDGE_LOOP('',(#9543,#9549,#9550,#9551));
#9543 = ORIENTED_EDGE('',*,*,#9544,.T.);
#9544 = EDGE_CURVE('',#9205,#9370,#9545,.T.);
#9545 = LINE('',#9546,#9547);
#9546 = CARTESIAN_POINT('',(1.016,-1.27,0.));
#9547 = VECTOR('',#9548,1.);
#9548 = DIRECTION('',(0.,0.,1.));
#9549 = ORIENTED_EDGE('',*,*,#9377,.T.);
#9550 = ORIENTED_EDGE('',*,*,#9510,.F.);
#9551 = ORIENTED_EDGE('',*,*,#9212,.F.);
#9552 = PLANE('',#9553);
#9553 = AXIS2_PLACEMENT_3D('',#9554,#9555,#9556);
#9554 = CARTESIAN_POINT('',(1.016,-1.27,0.));
#9555 = DIRECTION('',(-0.707106781187,0.707106781187,0.));
#9556 = DIRECTION('',(0.707106781187,0.707106781187,0.));
#9557 = ADVANCED_FACE('',(#9558),#9569,.F.);
#9558 = FACE_BOUND('',#9559,.F.);
#9559 = EDGE_LOOP('',(#9560,#9561,#9562,#9568));
#9560 = ORIENTED_EDGE('',*,*,#9529,.T.);
#9561 = ORIENTED_EDGE('',*,*,#9329,.T.);
#9562 = ORIENTED_EDGE('',*,*,#9563,.F.);
#9563 = EDGE_CURVE('',#9165,#9330,#9564,.T.);
#9564 = LINE('',#9565,#9566);
#9565 = CARTESIAN_POINT('',(-1.27,-3.556,0.));
#9566 = VECTOR('',#9567,1.);
#9567 = DIRECTION('',(0.,0.,1.));
#9568 = ORIENTED_EDGE('',*,*,#9164,.F.);
#9569 = PLANE('',#9570);
#9570 = AXIS2_PLACEMENT_3D('',#9571,#9572,#9573);
#9571 = CARTESIAN_POINT('',(-1.27,-1.524,0.));
#9572 = DIRECTION('',(1.,0.,0.));
#9573 = DIRECTION('',(0.,-1.,0.));
#9574 = ADVANCED_FACE('',(#9575),#9586,.F.);
#9575 = FACE_BOUND('',#9576,.F.);
#9576 = EDGE_LOOP('',(#9577,#9583,#9584,#9585));
#9577 = ORIENTED_EDGE('',*,*,#9578,.T.);
#9578 = EDGE_CURVE('',#9197,#9362,#9579,.T.);
#9579 = LINE('',#9580,#9581);
#9580 = CARTESIAN_POINT('',(1.27,-1.524,0.));
#9581 = VECTOR('',#9582,1.);
#9582 = DIRECTION('',(0.,0.,1.));
#9583 = ORIENTED_EDGE('',*,*,#9369,.T.);
#9584 = ORIENTED_EDGE('',*,*,#9544,.F.);
#9585 = ORIENTED_EDGE('',*,*,#9204,.F.);
#9586 = PLANE('',#9587);
#9587 = AXIS2_PLACEMENT_3D('',#9588,#9589,#9590);
#9588 = CARTESIAN_POINT('',(1.27,-1.524,0.));
#9589 = DIRECTION('',(-0.707106781187,-0.707106781187,0.));
#9590 = DIRECTION('',(-0.707106781187,0.707106781187,0.));
#9591 = ADVANCED_FACE('',(#9592),#9603,.F.);
#9592 = FACE_BOUND('',#9593,.F.);
#9593 = EDGE_LOOP('',(#9594,#9595,#9596,#9602));
#9594 = ORIENTED_EDGE('',*,*,#9563,.T.);
#9595 = ORIENTED_EDGE('',*,*,#9337,.T.);
#9596 = ORIENTED_EDGE('',*,*,#9597,.F.);
#9597 = EDGE_CURVE('',#9173,#9338,#9598,.T.);
#9598 = LINE('',#9599,#9600);
#9599 = CARTESIAN_POINT('',(-1.016,-3.81,0.));
#9600 = VECTOR('',#9601,1.);
#9601 = DIRECTION('',(0.,0.,1.));
#9602 = ORIENTED_EDGE('',*,*,#9172,.F.);
#9603 = PLANE('',#9604);
#9604 = AXIS2_PLACEMENT_3D('',#9605,#9606,#9607);
#9605 = CARTESIAN_POINT('',(-1.27,-3.556,0.));
#9606 = DIRECTION('',(0.707106781187,0.707106781187,0.));
#9607 = DIRECTION('',(0.707106781187,-0.707106781187,0.));
#9608 = ADVANCED_FACE('',(#9609),#9620,.F.);
#9609 = FACE_BOUND('',#9610,.F.);
#9610 = EDGE_LOOP('',(#9611,#9617,#9618,#9619));
#9611 = ORIENTED_EDGE('',*,*,#9612,.T.);
#9612 = EDGE_CURVE('',#9189,#9354,#9613,.T.);
#9613 = LINE('',#9614,#9615);
#9614 = CARTESIAN_POINT('',(1.27,-3.556,0.));
#9615 = VECTOR('',#9616,1.);
#9616 = DIRECTION('',(0.,0.,1.));
#9617 = ORIENTED_EDGE('',*,*,#9361,.T.);
#9618 = ORIENTED_EDGE('',*,*,#9578,.F.);
#9619 = ORIENTED_EDGE('',*,*,#9196,.F.);
#9620 = PLANE('',#9621);
#9621 = AXIS2_PLACEMENT_3D('',#9622,#9623,#9624);
#9622 = CARTESIAN_POINT('',(1.27,-3.556,0.));
#9623 = DIRECTION('',(-1.,0.,0.));
#9624 = DIRECTION('',(0.,1.,0.));
#9625 = ADVANCED_FACE('',(#9626),#9637,.F.);
#9626 = FACE_BOUND('',#9627,.F.);
#9627 = EDGE_LOOP('',(#9628,#9629,#9630,#9636));
#9628 = ORIENTED_EDGE('',*,*,#9597,.T.);
#9629 = ORIENTED_EDGE('',*,*,#9345,.T.);
#9630 = ORIENTED_EDGE('',*,*,#9631,.F.);
#9631 = EDGE_CURVE('',#9181,#9346,#9632,.T.);
#9632 = LINE('',#9633,#9634);
#9633 = CARTESIAN_POINT('',(1.016,-3.81,0.));
#9634 = VECTOR('',#9635,1.);
#9635 = DIRECTION('',(0.,0.,1.));
#9636 = ORIENTED_EDGE('',*,*,#9180,.F.);
#9637 = PLANE('',#9638);
#9638 = AXIS2_PLACEMENT_3D('',#9639,#9640,#9641);
#9639 = CARTESIAN_POINT('',(-1.016,-3.81,0.));
#9640 = DIRECTION('',(0.,1.,0.));
#9641 = DIRECTION('',(1.,0.,0.));
#9642 = ADVANCED_FACE('',(#9643),#9649,.F.);
#9643 = FACE_BOUND('',#9644,.F.);
#9644 = EDGE_LOOP('',(#9645,#9646,#9647,#9648));
#9645 = ORIENTED_EDGE('',*,*,#9631,.T.);
#9646 = ORIENTED_EDGE('',*,*,#9353,.T.);
#9647 = ORIENTED_EDGE('',*,*,#9612,.F.);
#9648 = ORIENTED_EDGE('',*,*,#9188,.F.);
#9649 = PLANE('',#9650);
#9650 = AXIS2_PLACEMENT_3D('',#9651,#9652,#9653);
#9651 = CARTESIAN_POINT('',(1.016,-3.81,0.));
#9652 = DIRECTION('',(-0.707106781187,0.707106781187,0.));
#9653 = DIRECTION('',(0.707106781187,0.707106781187,0.));
#9654 = ADVANCED_FACE('',(#9655),#9680,.F.);
#9655 = FACE_BOUND('',#9656,.F.);
#9656 = EDGE_LOOP('',(#9657,#9665,#9673,#9679));
#9657 = ORIENTED_EDGE('',*,*,#9658,.F.);
#9658 = EDGE_CURVE('',#9659,#9238,#9661,.T.);
#9659 = VERTEX_POINT('',#9660);
#9660 = CARTESIAN_POINT('',(0.32,-0.32,-2.84));
#9661 = LINE('',#9662,#9663);
#9662 = CARTESIAN_POINT('',(0.32,-0.32,-3.));
#9663 = VECTOR('',#9664,1.);
#9664 = DIRECTION('',(0.,0.,1.));
#9665 = ORIENTED_EDGE('',*,*,#9666,.F.);
#9666 = EDGE_CURVE('',#9667,#9659,#9669,.T.);
#9667 = VERTEX_POINT('',#9668);
#9668 = CARTESIAN_POINT('',(-0.32,-0.32,-2.84));
#9669 = LINE('',#9670,#9671);
#9670 = CARTESIAN_POINT('',(-0.32,-0.32,-2.84));
#9671 = VECTOR('',#9672,1.);
#9672 = DIRECTION('',(1.,0.,0.));
#9673 = ORIENTED_EDGE('',*,*,#9674,.T.);
#9674 = EDGE_CURVE('',#9667,#9240,#9675,.T.);
#9675 = LINE('',#9676,#9677);
#9676 = CARTESIAN_POINT('',(-0.32,-0.32,-3.));
#9677 = VECTOR('',#9678,1.);
#9678 = DIRECTION('',(0.,0.,1.));
#9679 = ORIENTED_EDGE('',*,*,#9237,.F.);
#9680 = PLANE('',#9681);
#9681 = AXIS2_PLACEMENT_3D('',#9682,#9683,#9684);
#9682 = CARTESIAN_POINT('',(-0.32,-0.32,-3.));
#9683 = DIRECTION('',(0.,1.,0.));
#9684 = DIRECTION('',(0.,-0.,1.));
#9685 = ADVANCED_FACE('',(#9686),#9704,.T.);
#9686 = FACE_BOUND('',#9687,.T.);
#9687 = EDGE_LOOP('',(#9688,#9689,#9697,#9703));
#9688 = ORIENTED_EDGE('',*,*,#9658,.F.);
#9689 = ORIENTED_EDGE('',*,*,#9690,.T.);
#9690 = EDGE_CURVE('',#9659,#9691,#9693,.T.);
#9691 = VERTEX_POINT('',#9692);
#9692 = CARTESIAN_POINT('',(0.32,0.32,-2.84));
#9693 = LINE('',#9694,#9695);
#9694 = CARTESIAN_POINT('',(0.32,-0.32,-2.84));
#9695 = VECTOR('',#9696,1.);
#9696 = DIRECTION('',(0.,1.,0.));
#9697 = ORIENTED_EDGE('',*,*,#9698,.T.);
#9698 = EDGE_CURVE('',#9691,#9256,#9699,.T.);
#9699 = LINE('',#9700,#9701);
#9700 = CARTESIAN_POINT('',(0.32,0.32,-3.));
#9701 = VECTOR('',#9702,1.);
#9702 = DIRECTION('',(0.,0.,1.));
#9703 = ORIENTED_EDGE('',*,*,#9263,.F.);
#9704 = PLANE('',#9705);
#9705 = AXIS2_PLACEMENT_3D('',#9706,#9707,#9708);
#9706 = CARTESIAN_POINT('',(0.32,-0.32,-3.));
#9707 = DIRECTION('',(1.,0.,0.));
#9708 = DIRECTION('',(0.,0.,1.));
#9709 = ADVANCED_FACE('',(#9710),#9728,.T.);
#9710 = FACE_BOUND('',#9711,.T.);
#9711 = EDGE_LOOP('',(#9712,#9713,#9721,#9727));
#9712 = ORIENTED_EDGE('',*,*,#9698,.F.);
#9713 = ORIENTED_EDGE('',*,*,#9714,.F.);
#9714 = EDGE_CURVE('',#9715,#9691,#9717,.T.);
#9715 = VERTEX_POINT('',#9716);
#9716 = CARTESIAN_POINT('',(-0.32,0.32,-2.84));
#9717 = LINE('',#9718,#9719);
#9718 = CARTESIAN_POINT('',(-0.32,0.32,-2.84));
#9719 = VECTOR('',#9720,1.);
#9720 = DIRECTION('',(1.,0.,0.));
#9721 = ORIENTED_EDGE('',*,*,#9722,.T.);
#9722 = EDGE_CURVE('',#9715,#9248,#9723,.T.);
#9723 = LINE('',#9724,#9725);
#9724 = CARTESIAN_POINT('',(-0.32,0.32,-3.));
#9725 = VECTOR('',#9726,1.);
#9726 = DIRECTION('',(0.,0.,1.));
#9727 = ORIENTED_EDGE('',*,*,#9255,.F.);
#9728 = PLANE('',#9729);
#9729 = AXIS2_PLACEMENT_3D('',#9730,#9731,#9732);
#9730 = CARTESIAN_POINT('',(-0.32,0.32,-3.));
#9731 = DIRECTION('',(0.,1.,0.));
#9732 = DIRECTION('',(0.,-0.,1.));
#9733 = ADVANCED_FACE('',(#9734),#9745,.F.);
#9734 = FACE_BOUND('',#9735,.F.);
#9735 = EDGE_LOOP('',(#9736,#9737,#9743,#9744));
#9736 = ORIENTED_EDGE('',*,*,#9674,.F.);
#9737 = ORIENTED_EDGE('',*,*,#9738,.T.);
#9738 = EDGE_CURVE('',#9667,#9715,#9739,.T.);
#9739 = LINE('',#9740,#9741);
#9740 = CARTESIAN_POINT('',(-0.32,-0.32,-2.84));
#9741 = VECTOR('',#9742,1.);
#9742 = DIRECTION('',(0.,1.,0.));
#9743 = ORIENTED_EDGE('',*,*,#9722,.T.);
#9744 = ORIENTED_EDGE('',*,*,#9247,.F.);
#9745 = PLANE('',#9746);
#9746 = AXIS2_PLACEMENT_3D('',#9747,#9748,#9749);
#9747 = CARTESIAN_POINT('',(-0.32,-0.32,-3.));
#9748 = DIRECTION('',(1.,0.,0.));
#9749 = DIRECTION('',(0.,0.,1.));
#9750 = ADVANCED_FACE('',(#9751),#9776,.F.);
#9751 = FACE_BOUND('',#9752,.F.);
#9752 = EDGE_LOOP('',(#9753,#9761,#9769,#9775));
#9753 = ORIENTED_EDGE('',*,*,#9754,.F.);
#9754 = EDGE_CURVE('',#9755,#9272,#9757,.T.);
#9755 = VERTEX_POINT('',#9756);
#9756 = CARTESIAN_POINT('',(0.32,-2.86,-2.84));
#9757 = LINE('',#9758,#9759);
#9758 = CARTESIAN_POINT('',(0.32,-2.86,-3.));
#9759 = VECTOR('',#9760,1.);
#9760 = DIRECTION('',(0.,0.,1.));
#9761 = ORIENTED_EDGE('',*,*,#9762,.F.);
#9762 = EDGE_CURVE('',#9763,#9755,#9765,.T.);
#9763 = VERTEX_POINT('',#9764);
#9764 = CARTESIAN_POINT('',(-0.32,-2.86,-2.84));
#9765 = LINE('',#9766,#9767);
#9766 = CARTESIAN_POINT('',(-0.32,-2.86,-2.84));
#9767 = VECTOR('',#9768,1.);
#9768 = DIRECTION('',(1.,0.,0.));
#9769 = ORIENTED_EDGE('',*,*,#9770,.T.);
#9770 = EDGE_CURVE('',#9763,#9274,#9771,.T.);
#9771 = LINE('',#9772,#9773);
#9772 = CARTESIAN_POINT('',(-0.32,-2.86,-3.));
#9773 = VECTOR('',#9774,1.);
#9774 = DIRECTION('',(0.,0.,1.));
#9775 = ORIENTED_EDGE('',*,*,#9271,.F.);
#9776 = PLANE('',#9777);
#9777 = AXIS2_PLACEMENT_3D('',#9778,#9779,#9780);
#9778 = CARTESIAN_POINT('',(-0.32,-2.86,-3.));
#9779 = DIRECTION('',(0.,1.,0.));
#9780 = DIRECTION('',(0.,-0.,1.));
#9781 = ADVANCED_FACE('',(#9782),#9800,.T.);
#9782 = FACE_BOUND('',#9783,.T.);
#9783 = EDGE_LOOP('',(#9784,#9785,#9793,#9799));
#9784 = ORIENTED_EDGE('',*,*,#9754,.F.);
#9785 = ORIENTED_EDGE('',*,*,#9786,.T.);
#9786 = EDGE_CURVE('',#9755,#9787,#9789,.T.);
#9787 = VERTEX_POINT('',#9788);
#9788 = CARTESIAN_POINT('',(0.32,-2.22,-2.84));
#9789 = LINE('',#9790,#9791);
#9790 = CARTESIAN_POINT('',(0.32,-2.86,-2.84));
#9791 = VECTOR('',#9792,1.);
#9792 = DIRECTION('',(0.,1.,0.));
#9793 = ORIENTED_EDGE('',*,*,#9794,.T.);
#9794 = EDGE_CURVE('',#9787,#9290,#9795,.T.);
#9795 = LINE('',#9796,#9797);
#9796 = CARTESIAN_POINT('',(0.32,-2.22,-3.));
#9797 = VECTOR('',#9798,1.);
#9798 = DIRECTION('',(0.,0.,1.));
#9799 = ORIENTED_EDGE('',*,*,#9297,.F.);
#9800 = PLANE('',#9801);
#9801 = AXIS2_PLACEMENT_3D('',#9802,#9803,#9804);
#9802 = CARTESIAN_POINT('',(0.32,-2.86,-3.));
#9803 = DIRECTION('',(1.,0.,0.));
#9804 = DIRECTION('',(0.,0.,1.));
#9805 = ADVANCED_FACE('',(#9806),#9824,.T.);
#9806 = FACE_BOUND('',#9807,.T.);
#9807 = EDGE_LOOP('',(#9808,#9809,#9817,#9823));
#9808 = ORIENTED_EDGE('',*,*,#9794,.F.);
#9809 = ORIENTED_EDGE('',*,*,#9810,.F.);
#9810 = EDGE_CURVE('',#9811,#9787,#9813,.T.);
#9811 = VERTEX_POINT('',#9812);
#9812 = CARTESIAN_POINT('',(-0.32,-2.22,-2.84));
#9813 = LINE('',#9814,#9815);
#9814 = CARTESIAN_POINT('',(-0.32,-2.22,-2.84));
#9815 = VECTOR('',#9816,1.);
#9816 = DIRECTION('',(1.,0.,0.));
#9817 = ORIENTED_EDGE('',*,*,#9818,.T.);
#9818 = EDGE_CURVE('',#9811,#9282,#9819,.T.);
#9819 = LINE('',#9820,#9821);
#9820 = CARTESIAN_POINT('',(-0.32,-2.22,-3.));
#9821 = VECTOR('',#9822,1.);
#9822 = DIRECTION('',(0.,0.,1.));
#9823 = ORIENTED_EDGE('',*,*,#9289,.F.);
#9824 = PLANE('',#9825);
#9825 = AXIS2_PLACEMENT_3D('',#9826,#9827,#9828);
#9826 = CARTESIAN_POINT('',(-0.32,-2.22,-3.));
#9827 = DIRECTION('',(0.,1.,0.));
#9828 = DIRECTION('',(0.,-0.,1.));
#9829 = ADVANCED_FACE('',(#9830),#9841,.F.);
#9830 = FACE_BOUND('',#9831,.F.);
#9831 = EDGE_LOOP('',(#9832,#9833,#9839,#9840));
#9832 = ORIENTED_EDGE('',*,*,#9770,.F.);
#9833 = ORIENTED_EDGE('',*,*,#9834,.T.);
#9834 = EDGE_CURVE('',#9763,#9811,#9835,.T.);
#9835 = LINE('',#9836,#9837);
#9836 = CARTESIAN_POINT('',(-0.32,-2.86,-2.84));
#9837 = VECTOR('',#9838,1.);
#9838 = DIRECTION('',(0.,1.,0.));
#9839 = ORIENTED_EDGE('',*,*,#9818,.T.);
#9840 = ORIENTED_EDGE('',*,*,#9281,.F.);
#9841 = PLANE('',#9842);
#9842 = AXIS2_PLACEMENT_3D('',#9843,#9844,#9845);
#9843 = CARTESIAN_POINT('',(-0.32,-2.86,-3.));
#9844 = DIRECTION('',(1.,0.,0.));
#9845 = DIRECTION('',(0.,0.,1.));
#9846 = ADVANCED_FACE('',(#9847),#9872,.F.);
#9847 = FACE_BOUND('',#9848,.F.);
#9848 = EDGE_LOOP('',(#9849,#9857,#9858,#9866));
#9849 = ORIENTED_EDGE('',*,*,#9850,.F.);
#9850 = EDGE_CURVE('',#9403,#9851,#9853,.T.);
#9851 = VERTEX_POINT('',#9852);
#9852 = CARTESIAN_POINT('',(0.32,-0.32,8.38));
#9853 = LINE('',#9854,#9855);
#9854 = CARTESIAN_POINT('',(0.32,-0.32,-3.));
#9855 = VECTOR('',#9856,1.);
#9856 = DIRECTION('',(0.,0.,1.));
#9857 = ORIENTED_EDGE('',*,*,#9402,.T.);
#9858 = ORIENTED_EDGE('',*,*,#9859,.T.);
#9859 = EDGE_CURVE('',#9405,#9860,#9862,.T.);
#9860 = VERTEX_POINT('',#9861);
#9861 = CARTESIAN_POINT('',(-0.32,-0.32,8.38));
#9862 = LINE('',#9863,#9864);
#9863 = CARTESIAN_POINT('',(-0.32,-0.32,-3.));
#9864 = VECTOR('',#9865,1.);
#9865 = DIRECTION('',(0.,0.,1.));
#9866 = ORIENTED_EDGE('',*,*,#9867,.T.);
#9867 = EDGE_CURVE('',#9860,#9851,#9868,.T.);
#9868 = LINE('',#9869,#9870);
#9869 = CARTESIAN_POINT('',(-0.32,-0.32,8.38));
#9870 = VECTOR('',#9871,1.);
#9871 = DIRECTION('',(1.,0.,0.));
#9872 = PLANE('',#9873);
#9873 = AXIS2_PLACEMENT_3D('',#9874,#9875,#9876);
#9874 = CARTESIAN_POINT('',(-0.32,-0.32,-3.));
#9875 = DIRECTION('',(0.,1.,0.));
#9876 = DIRECTION('',(0.,-0.,1.));
#9877 = ADVANCED_FACE('',(#9878),#9896,.T.);
#9878 = FACE_BOUND('',#9879,.T.);
#9879 = EDGE_LOOP('',(#9880,#9881,#9882,#9890));
#9880 = ORIENTED_EDGE('',*,*,#9850,.F.);
#9881 = ORIENTED_EDGE('',*,*,#9428,.T.);
#9882 = ORIENTED_EDGE('',*,*,#9883,.T.);
#9883 = EDGE_CURVE('',#9421,#9884,#9886,.T.);
#9884 = VERTEX_POINT('',#9885);
#9885 = CARTESIAN_POINT('',(0.32,0.32,8.38));
#9886 = LINE('',#9887,#9888);
#9887 = CARTESIAN_POINT('',(0.32,0.32,-3.));
#9888 = VECTOR('',#9889,1.);
#9889 = DIRECTION('',(0.,0.,1.));
#9890 = ORIENTED_EDGE('',*,*,#9891,.F.);
#9891 = EDGE_CURVE('',#9851,#9884,#9892,.T.);
#9892 = LINE('',#9893,#9894);
#9893 = CARTESIAN_POINT('',(0.32,-0.32,8.38));
#9894 = VECTOR('',#9895,1.);
#9895 = DIRECTION('',(0.,1.,0.));
#9896 = PLANE('',#9897);
#9897 = AXIS2_PLACEMENT_3D('',#9898,#9899,#9900);
#9898 = CARTESIAN_POINT('',(0.32,-0.32,-3.));
#9899 = DIRECTION('',(1.,0.,0.));
#9900 = DIRECTION('',(0.,0.,1.));
#9901 = ADVANCED_FACE('',(#9902),#9920,.T.);
#9902 = FACE_BOUND('',#9903,.T.);
#9903 = EDGE_LOOP('',(#9904,#9905,#9906,#9914));
#9904 = ORIENTED_EDGE('',*,*,#9883,.F.);
#9905 = ORIENTED_EDGE('',*,*,#9420,.T.);
#9906 = ORIENTED_EDGE('',*,*,#9907,.T.);
#9907 = EDGE_CURVE('',#9413,#9908,#9910,.T.);
#9908 = VERTEX_POINT('',#9909);
#9909 = CARTESIAN_POINT('',(-0.32,0.32,8.38));
#9910 = LINE('',#9911,#9912);
#9911 = CARTESIAN_POINT('',(-0.32,0.32,-3.));
#9912 = VECTOR('',#9913,1.);
#9913 = DIRECTION('',(0.,0.,1.));
#9914 = ORIENTED_EDGE('',*,*,#9915,.T.);
#9915 = EDGE_CURVE('',#9908,#9884,#9916,.T.);
#9916 = LINE('',#9917,#9918);
#9917 = CARTESIAN_POINT('',(-0.32,0.32,8.38));
#9918 = VECTOR('',#9919,1.);
#9919 = DIRECTION('',(1.,0.,0.));
#9920 = PLANE('',#9921);
#9921 = AXIS2_PLACEMENT_3D('',#9922,#9923,#9924);
#9922 = CARTESIAN_POINT('',(-0.32,0.32,-3.));
#9923 = DIRECTION('',(0.,1.,0.));
#9924 = DIRECTION('',(0.,-0.,1.));
#9925 = ADVANCED_FACE('',(#9926),#9937,.F.);
#9926 = FACE_BOUND('',#9927,.F.);
#9927 = EDGE_LOOP('',(#9928,#9929,#9930,#9931));
#9928 = ORIENTED_EDGE('',*,*,#9859,.F.);
#9929 = ORIENTED_EDGE('',*,*,#9412,.T.);
#9930 = ORIENTED_EDGE('',*,*,#9907,.T.);
#9931 = ORIENTED_EDGE('',*,*,#9932,.F.);
#9932 = EDGE_CURVE('',#9860,#9908,#9933,.T.);
#9933 = LINE('',#9934,#9935);
#9934 = CARTESIAN_POINT('',(-0.32,-0.32,8.38));
#9935 = VECTOR('',#9936,1.);
#9936 = DIRECTION('',(0.,1.,0.));
#9937 = PLANE('',#9938);
#9938 = AXIS2_PLACEMENT_3D('',#9939,#9940,#9941);
#9939 = CARTESIAN_POINT('',(-0.32,-0.32,-3.));
#9940 = DIRECTION('',(1.,0.,0.));
#9941 = DIRECTION('',(0.,0.,1.));
#9942 = ADVANCED_FACE('',(#9943),#9968,.F.);
#9943 = FACE_BOUND('',#9944,.F.);
#9944 = EDGE_LOOP('',(#9945,#9953,#9954,#9962));
#9945 = ORIENTED_EDGE('',*,*,#9946,.F.);
#9946 = EDGE_CURVE('',#9437,#9947,#9949,.T.);
#9947 = VERTEX_POINT('',#9948);
#9948 = CARTESIAN_POINT('',(0.32,-2.86,8.38));
#9949 = LINE('',#9950,#9951);
#9950 = CARTESIAN_POINT('',(0.32,-2.86,-3.));
#9951 = VECTOR('',#9952,1.);
#9952 = DIRECTION('',(0.,0.,1.));
#9953 = ORIENTED_EDGE('',*,*,#9436,.T.);
#9954 = ORIENTED_EDGE('',*,*,#9955,.T.);
#9955 = EDGE_CURVE('',#9439,#9956,#9958,.T.);
#9956 = VERTEX_POINT('',#9957);
#9957 = CARTESIAN_POINT('',(-0.32,-2.86,8.38));
#9958 = LINE('',#9959,#9960);
#9959 = CARTESIAN_POINT('',(-0.32,-2.86,-3.));
#9960 = VECTOR('',#9961,1.);
#9961 = DIRECTION('',(0.,0.,1.));
#9962 = ORIENTED_EDGE('',*,*,#9963,.T.);
#9963 = EDGE_CURVE('',#9956,#9947,#9964,.T.);
#9964 = LINE('',#9965,#9966);
#9965 = CARTESIAN_POINT('',(-0.32,-2.86,8.38));
#9966 = VECTOR('',#9967,1.);
#9967 = DIRECTION('',(1.,0.,0.));
#9968 = PLANE('',#9969);
#9969 = AXIS2_PLACEMENT_3D('',#9970,#9971,#9972);
#9970 = CARTESIAN_POINT('',(-0.32,-2.86,-3.));
#9971 = DIRECTION('',(0.,1.,0.));
#9972 = DIRECTION('',(0.,-0.,1.));
#9973 = ADVANCED_FACE('',(#9974),#9992,.T.);
#9974 = FACE_BOUND('',#9975,.T.);
#9975 = EDGE_LOOP('',(#9976,#9977,#9978,#9986));
#9976 = ORIENTED_EDGE('',*,*,#9946,.F.);
#9977 = ORIENTED_EDGE('',*,*,#9462,.T.);
#9978 = ORIENTED_EDGE('',*,*,#9979,.T.);
#9979 = EDGE_CURVE('',#9455,#9980,#9982,.T.);
#9980 = VERTEX_POINT('',#9981);
#9981 = CARTESIAN_POINT('',(0.32,-2.22,8.38));
#9982 = LINE('',#9983,#9984);
#9983 = CARTESIAN_POINT('',(0.32,-2.22,-3.));
#9984 = VECTOR('',#9985,1.);
#9985 = DIRECTION('',(0.,0.,1.));
#9986 = ORIENTED_EDGE('',*,*,#9987,.F.);
#9987 = EDGE_CURVE('',#9947,#9980,#9988,.T.);
#9988 = LINE('',#9989,#9990);
#9989 = CARTESIAN_POINT('',(0.32,-2.86,8.38));
#9990 = VECTOR('',#9991,1.);
#9991 = DIRECTION('',(0.,1.,0.));
#9992 = PLANE('',#9993);
#9993 = AXIS2_PLACEMENT_3D('',#9994,#9995,#9996);
#9994 = CARTESIAN_POINT('',(0.32,-2.86,-3.));
#9995 = DIRECTION('',(1.,0.,0.));
#9996 = DIRECTION('',(0.,0.,1.));
#9997 = ADVANCED_FACE('',(#9998),#10016,.T.);
#9998 = FACE_BOUND('',#9999,.T.);
#9999 = EDGE_LOOP('',(#10000,#10001,#10002,#10010));
#10000 = ORIENTED_EDGE('',*,*,#9979,.F.);
#10001 = ORIENTED_EDGE('',*,*,#9454,.T.);
#10002 = ORIENTED_EDGE('',*,*,#10003,.T.);
#10003 = EDGE_CURVE('',#9447,#10004,#10006,.T.);
#10004 = VERTEX_POINT('',#10005);
#10005 = CARTESIAN_POINT('',(-0.32,-2.22,8.38));
#10006 = LINE('',#10007,#10008);
#10007 = CARTESIAN_POINT('',(-0.32,-2.22,-3.));
#10008 = VECTOR('',#10009,1.);
#10009 = DIRECTION('',(0.,0.,1.));
#10010 = ORIENTED_EDGE('',*,*,#10011,.T.);
#10011 = EDGE_CURVE('',#10004,#9980,#10012,.T.);
#10012 = LINE('',#10013,#10014);
#10013 = CARTESIAN_POINT('',(-0.32,-2.22,8.38));
#10014 = VECTOR('',#10015,1.);
#10015 = DIRECTION('',(1.,0.,0.));
#10016 = PLANE('',#10017);
#10017 = AXIS2_PLACEMENT_3D('',#10018,#10019,#10020);
#10018 = CARTESIAN_POINT('',(-0.32,-2.22,-3.));
#10019 = DIRECTION('',(0.,1.,0.));
#10020 = DIRECTION('',(0.,-0.,1.));
#10021 = ADVANCED_FACE('',(#10022),#10033,.F.);
#10022 = FACE_BOUND('',#10023,.F.);
#10023 = EDGE_LOOP('',(#10024,#10025,#10026,#10027));
#10024 = ORIENTED_EDGE('',*,*,#9955,.F.);
#10025 = ORIENTED_EDGE('',*,*,#9446,.T.);
#10026 = ORIENTED_EDGE('',*,*,#10003,.T.);
#10027 = ORIENTED_EDGE('',*,*,#10028,.F.);
#10028 = EDGE_CURVE('',#9956,#10004,#10029,.T.);
#10029 = LINE('',#10030,#10031);
#10030 = CARTESIAN_POINT('',(-0.32,-2.86,8.38));
#10031 = VECTOR('',#10032,1.);
#10032 = DIRECTION('',(0.,1.,0.));
#10033 = PLANE('',#10034);
#10034 = AXIS2_PLACEMENT_3D('',#10035,#10036,#10037);
#10035 = CARTESIAN_POINT('',(-0.32,-2.86,-3.));
#10036 = DIRECTION('',(1.,0.,0.));
#10037 = DIRECTION('',(0.,0.,1.));
#10038 = ADVANCED_FACE('',(#10039),#10064,.T.);
#10039 = FACE_BOUND('',#10040,.F.);
#10040 = EDGE_LOOP('',(#10041,#10049,#10050,#10058));
#10041 = ORIENTED_EDGE('',*,*,#10042,.F.);
#10042 = EDGE_CURVE('',#9667,#10043,#10045,.T.);
#10043 = VERTEX_POINT('',#10044);
#10044 = CARTESIAN_POINT('',(-0.16,-0.16,-3.));
#10045 = LINE('',#10046,#10047);
#10046 = CARTESIAN_POINT('',(-0.266666666667,-0.266666666667,
    -2.893333333333));
#10047 = VECTOR('',#10048,1.);
#10048 = DIRECTION('',(0.57735026919,0.57735026919,-0.57735026919));
#10049 = ORIENTED_EDGE('',*,*,#9666,.T.);
#10050 = ORIENTED_EDGE('',*,*,#10051,.T.);
#10051 = EDGE_CURVE('',#9659,#10052,#10054,.T.);
#10052 = VERTEX_POINT('',#10053);
#10053 = CARTESIAN_POINT('',(0.16,-0.16,-3.));
#10054 = LINE('',#10055,#10056);
#10055 = CARTESIAN_POINT('',(0.16,-0.16,-3.));
#10056 = VECTOR('',#10057,1.);
#10057 = DIRECTION('',(-0.57735026919,0.57735026919,-0.57735026919));
#10058 = ORIENTED_EDGE('',*,*,#10059,.F.);
#10059 = EDGE_CURVE('',#10043,#10052,#10060,.T.);
#10060 = LINE('',#10061,#10062);
#10061 = CARTESIAN_POINT('',(-0.32,-0.16,-3.));
#10062 = VECTOR('',#10063,1.);
#10063 = DIRECTION('',(1.,0.,0.));
#10064 = PLANE('',#10065);
#10065 = AXIS2_PLACEMENT_3D('',#10066,#10067,#10068);
#10066 = CARTESIAN_POINT('',(-0.32,-0.24,-2.92));
#10067 = DIRECTION('',(1.735167508357E-18,-0.707106781187,
    -0.707106781187));
#10068 = DIRECTION('',(-1.,-1.226948711654E-18,-1.226948711654E-18));
#10069 = ADVANCED_FACE('',(#10070),#10088,.F.);
#10070 = FACE_BOUND('',#10071,.F.);
#10071 = EDGE_LOOP('',(#10072,#10073,#10074,#10082));
#10072 = ORIENTED_EDGE('',*,*,#10051,.F.);
#10073 = ORIENTED_EDGE('',*,*,#9690,.T.);
#10074 = ORIENTED_EDGE('',*,*,#10075,.T.);
#10075 = EDGE_CURVE('',#9691,#10076,#10078,.T.);
#10076 = VERTEX_POINT('',#10077);
#10077 = CARTESIAN_POINT('',(0.16,0.16,-3.));
#10078 = LINE('',#10079,#10080);
#10079 = CARTESIAN_POINT('',(5.333333333333E-02,5.333333333333E-02,
    -3.106666666667));
#10080 = VECTOR('',#10081,1.);
#10081 = DIRECTION('',(-0.57735026919,-0.57735026919,-0.57735026919));
#10082 = ORIENTED_EDGE('',*,*,#10083,.F.);
#10083 = EDGE_CURVE('',#10052,#10076,#10084,.T.);
#10084 = LINE('',#10085,#10086);
#10085 = CARTESIAN_POINT('',(0.16,-0.32,-3.));
#10086 = VECTOR('',#10087,1.);
#10087 = DIRECTION('',(0.,1.,0.));
#10088 = PLANE('',#10089);
#10089 = AXIS2_PLACEMENT_3D('',#10090,#10091,#10092);
#10090 = CARTESIAN_POINT('',(0.24,-0.32,-2.92));
#10091 = DIRECTION('',(-0.707106781187,1.735167508357E-18,0.707106781187
    ));
#10092 = DIRECTION('',(1.226948711654E-18,1.,-1.226948711654E-18));
#10093 = ADVANCED_FACE('',(#10094),#10112,.F.);
#10094 = FACE_BOUND('',#10095,.T.);
#10095 = EDGE_LOOP('',(#10096,#10104,#10105,#10106));
#10096 = ORIENTED_EDGE('',*,*,#10097,.F.);
#10097 = EDGE_CURVE('',#9715,#10098,#10100,.T.);
#10098 = VERTEX_POINT('',#10099);
#10099 = CARTESIAN_POINT('',(-0.16,0.16,-3.));
#10100 = LINE('',#10101,#10102);
#10101 = CARTESIAN_POINT('',(-0.16,0.16,-3.));
#10102 = VECTOR('',#10103,1.);
#10103 = DIRECTION('',(0.57735026919,-0.57735026919,-0.57735026919));
#10104 = ORIENTED_EDGE('',*,*,#9714,.T.);
#10105 = ORIENTED_EDGE('',*,*,#10075,.T.);
#10106 = ORIENTED_EDGE('',*,*,#10107,.F.);
#10107 = EDGE_CURVE('',#10098,#10076,#10108,.T.);
#10108 = LINE('',#10109,#10110);
#10109 = CARTESIAN_POINT('',(-0.32,0.16,-3.));
#10110 = VECTOR('',#10111,1.);
#10111 = DIRECTION('',(1.,0.,0.));
#10112 = PLANE('',#10113);
#10113 = AXIS2_PLACEMENT_3D('',#10114,#10115,#10116);
#10114 = CARTESIAN_POINT('',(-0.32,0.24,-2.92));
#10115 = DIRECTION('',(-1.735167508357E-18,-0.707106781187,
    0.707106781187));
#10116 = DIRECTION('',(-1.,1.226948711654E-18,-1.226948711654E-18));
#10117 = ADVANCED_FACE('',(#10118),#10129,.T.);
#10118 = FACE_BOUND('',#10119,.T.);
#10119 = EDGE_LOOP('',(#10120,#10121,#10122,#10123));
#10120 = ORIENTED_EDGE('',*,*,#10042,.F.);
#10121 = ORIENTED_EDGE('',*,*,#9738,.T.);
#10122 = ORIENTED_EDGE('',*,*,#10097,.T.);
#10123 = ORIENTED_EDGE('',*,*,#10124,.F.);
#10124 = EDGE_CURVE('',#10043,#10098,#10125,.T.);
#10125 = LINE('',#10126,#10127);
#10126 = CARTESIAN_POINT('',(-0.16,-0.32,-3.));
#10127 = VECTOR('',#10128,1.);
#10128 = DIRECTION('',(0.,1.,0.));
#10129 = PLANE('',#10130);
#10130 = AXIS2_PLACEMENT_3D('',#10131,#10132,#10133);
#10131 = CARTESIAN_POINT('',(-0.24,-0.32,-2.92));
#10132 = DIRECTION('',(-0.707106781187,-1.735167508357E-18,
    -0.707106781187));
#10133 = DIRECTION('',(-1.226948711654E-18,1.,-1.226948711654E-18));
#10134 = ADVANCED_FACE('',(#10135),#10160,.T.);
#10135 = FACE_BOUND('',#10136,.F.);
#10136 = EDGE_LOOP('',(#10137,#10145,#10146,#10154));
#10137 = ORIENTED_EDGE('',*,*,#10138,.F.);
#10138 = EDGE_CURVE('',#9763,#10139,#10141,.T.);
#10139 = VERTEX_POINT('',#10140);
#10140 = CARTESIAN_POINT('',(-0.16,-2.7,-3.));
#10141 = LINE('',#10142,#10143);
#10142 = CARTESIAN_POINT('',(-0.266666666667,-2.806666666667,
    -2.893333333333));
#10143 = VECTOR('',#10144,1.);
#10144 = DIRECTION('',(0.57735026919,0.57735026919,-0.57735026919));
#10145 = ORIENTED_EDGE('',*,*,#9762,.T.);
#10146 = ORIENTED_EDGE('',*,*,#10147,.T.);
#10147 = EDGE_CURVE('',#9755,#10148,#10150,.T.);
#10148 = VERTEX_POINT('',#10149);
#10149 = CARTESIAN_POINT('',(0.16,-2.7,-3.));
#10150 = LINE('',#10151,#10152);
#10151 = CARTESIAN_POINT('',(0.16,-2.7,-3.));
#10152 = VECTOR('',#10153,1.);
#10153 = DIRECTION('',(-0.57735026919,0.57735026919,-0.57735026919));
#10154 = ORIENTED_EDGE('',*,*,#10155,.F.);
#10155 = EDGE_CURVE('',#10139,#10148,#10156,.T.);
#10156 = LINE('',#10157,#10158);
#10157 = CARTESIAN_POINT('',(-0.32,-2.7,-3.));
#10158 = VECTOR('',#10159,1.);
#10159 = DIRECTION('',(1.,0.,0.));
#10160 = PLANE('',#10161);
#10161 = AXIS2_PLACEMENT_3D('',#10162,#10163,#10164);
#10162 = CARTESIAN_POINT('',(-0.32,-2.78,-2.92));
#10163 = DIRECTION('',(1.735167508357E-18,-0.707106781187,
    -0.707106781187));
#10164 = DIRECTION('',(-1.,-1.226948711654E-18,-1.226948711654E-18));
#10165 = ADVANCED_FACE('',(#10166),#10184,.F.);
#10166 = FACE_BOUND('',#10167,.F.);
#10167 = EDGE_LOOP('',(#10168,#10169,#10170,#10178));
#10168 = ORIENTED_EDGE('',*,*,#10147,.F.);
#10169 = ORIENTED_EDGE('',*,*,#9786,.T.);
#10170 = ORIENTED_EDGE('',*,*,#10171,.T.);
#10171 = EDGE_CURVE('',#9787,#10172,#10174,.T.);
#10172 = VERTEX_POINT('',#10173);
#10173 = CARTESIAN_POINT('',(0.16,-2.38,-3.));
#10174 = LINE('',#10175,#10176);
#10175 = CARTESIAN_POINT('',(5.333333333333E-02,-2.486666666667,
    -3.106666666667));
#10176 = VECTOR('',#10177,1.);
#10177 = DIRECTION('',(-0.57735026919,-0.57735026919,-0.57735026919));
#10178 = ORIENTED_EDGE('',*,*,#10179,.F.);
#10179 = EDGE_CURVE('',#10148,#10172,#10180,.T.);
#10180 = LINE('',#10181,#10182);
#10181 = CARTESIAN_POINT('',(0.16,-2.86,-3.));
#10182 = VECTOR('',#10183,1.);
#10183 = DIRECTION('',(0.,1.,0.));
#10184 = PLANE('',#10185);
#10185 = AXIS2_PLACEMENT_3D('',#10186,#10187,#10188);
#10186 = CARTESIAN_POINT('',(0.24,-2.86,-2.92));
#10187 = DIRECTION('',(-0.707106781187,1.735167508357E-18,0.707106781187
    ));
#10188 = DIRECTION('',(1.226948711654E-18,1.,-1.226948711654E-18));
#10189 = ADVANCED_FACE('',(#10190),#10208,.F.);
#10190 = FACE_BOUND('',#10191,.T.);
#10191 = EDGE_LOOP('',(#10192,#10200,#10201,#10202));
#10192 = ORIENTED_EDGE('',*,*,#10193,.F.);
#10193 = EDGE_CURVE('',#9811,#10194,#10196,.T.);
#10194 = VERTEX_POINT('',#10195);
#10195 = CARTESIAN_POINT('',(-0.16,-2.38,-3.));
#10196 = LINE('',#10197,#10198);
#10197 = CARTESIAN_POINT('',(-0.16,-2.38,-3.));
#10198 = VECTOR('',#10199,1.);
#10199 = DIRECTION('',(0.57735026919,-0.57735026919,-0.57735026919));
#10200 = ORIENTED_EDGE('',*,*,#9810,.T.);
#10201 = ORIENTED_EDGE('',*,*,#10171,.T.);
#10202 = ORIENTED_EDGE('',*,*,#10203,.F.);
#10203 = EDGE_CURVE('',#10194,#10172,#10204,.T.);
#10204 = LINE('',#10205,#10206);
#10205 = CARTESIAN_POINT('',(-0.32,-2.38,-3.));
#10206 = VECTOR('',#10207,1.);
#10207 = DIRECTION('',(1.,0.,0.));
#10208 = PLANE('',#10209);
#10209 = AXIS2_PLACEMENT_3D('',#10210,#10211,#10212);
#10210 = CARTESIAN_POINT('',(-0.32,-2.3,-2.92));
#10211 = DIRECTION('',(-1.735167508357E-18,-0.707106781187,
    0.707106781187));
#10212 = DIRECTION('',(-1.,1.226948711654E-18,-1.226948711654E-18));
#10213 = ADVANCED_FACE('',(#10214),#10225,.T.);
#10214 = FACE_BOUND('',#10215,.T.);
#10215 = EDGE_LOOP('',(#10216,#10217,#10218,#10219));
#10216 = ORIENTED_EDGE('',*,*,#10138,.F.);
#10217 = ORIENTED_EDGE('',*,*,#9834,.T.);
#10218 = ORIENTED_EDGE('',*,*,#10193,.T.);
#10219 = ORIENTED_EDGE('',*,*,#10220,.F.);
#10220 = EDGE_CURVE('',#10139,#10194,#10221,.T.);
#10221 = LINE('',#10222,#10223);
#10222 = CARTESIAN_POINT('',(-0.16,-2.86,-3.));
#10223 = VECTOR('',#10224,1.);
#10224 = DIRECTION('',(0.,1.,0.));
#10225 = PLANE('',#10226);
#10226 = AXIS2_PLACEMENT_3D('',#10227,#10228,#10229);
#10227 = CARTESIAN_POINT('',(-0.24,-2.86,-2.92));
#10228 = DIRECTION('',(-0.707106781187,-1.735167508357E-18,
    -0.707106781187));
#10229 = DIRECTION('',(-1.226948711654E-18,1.,-1.226948711654E-18));
#10230 = ADVANCED_FACE('',(#10231),#10256,.F.);
#10231 = FACE_BOUND('',#10232,.T.);
#10232 = EDGE_LOOP('',(#10233,#10241,#10242,#10250));
#10233 = ORIENTED_EDGE('',*,*,#10234,.F.);
#10234 = EDGE_CURVE('',#9860,#10235,#10237,.T.);
#10235 = VERTEX_POINT('',#10236);
#10236 = CARTESIAN_POINT('',(-0.16,-0.16,8.54));
#10237 = LINE('',#10238,#10239);
#10238 = CARTESIAN_POINT('',(-0.266666666667,-0.266666666667,
    8.433333333333));
#10239 = VECTOR('',#10240,1.);
#10240 = DIRECTION('',(0.57735026919,0.57735026919,0.57735026919));
#10241 = ORIENTED_EDGE('',*,*,#9867,.T.);
#10242 = ORIENTED_EDGE('',*,*,#10243,.T.);
#10243 = EDGE_CURVE('',#9851,#10244,#10246,.T.);
#10244 = VERTEX_POINT('',#10245);
#10245 = CARTESIAN_POINT('',(0.16,-0.16,8.54));
#10246 = LINE('',#10247,#10248);
#10247 = CARTESIAN_POINT('',(0.16,-0.16,8.54));
#10248 = VECTOR('',#10249,1.);
#10249 = DIRECTION('',(-0.57735026919,0.57735026919,0.57735026919));
#10250 = ORIENTED_EDGE('',*,*,#10251,.F.);
#10251 = EDGE_CURVE('',#10235,#10244,#10252,.T.);
#10252 = LINE('',#10253,#10254);
#10253 = CARTESIAN_POINT('',(-0.32,-0.16,8.54));
#10254 = VECTOR('',#10255,1.);
#10255 = DIRECTION('',(1.,0.,0.));
#10256 = PLANE('',#10257);
#10257 = AXIS2_PLACEMENT_3D('',#10258,#10259,#10260);
#10258 = CARTESIAN_POINT('',(-0.32,-0.24,8.46));
#10259 = DIRECTION('',(-1.735167508357E-18,0.707106781187,
    -0.707106781187));
#10260 = DIRECTION('',(-1.,-1.226948711654E-18,1.226948711654E-18));
#10261 = ADVANCED_FACE('',(#10262),#10280,.T.);
#10262 = FACE_BOUND('',#10263,.T.);
#10263 = EDGE_LOOP('',(#10264,#10265,#10266,#10274));
#10264 = ORIENTED_EDGE('',*,*,#10243,.F.);
#10265 = ORIENTED_EDGE('',*,*,#9891,.T.);
#10266 = ORIENTED_EDGE('',*,*,#10267,.T.);
#10267 = EDGE_CURVE('',#9884,#10268,#10270,.T.);
#10268 = VERTEX_POINT('',#10269);
#10269 = CARTESIAN_POINT('',(0.16,0.16,8.54));
#10270 = LINE('',#10271,#10272);
#10271 = CARTESIAN_POINT('',(5.333333333333E-02,5.333333333333E-02,
    8.646666666667));
#10272 = VECTOR('',#10273,1.);
#10273 = DIRECTION('',(-0.57735026919,-0.57735026919,0.57735026919));
#10274 = ORIENTED_EDGE('',*,*,#10275,.F.);
#10275 = EDGE_CURVE('',#10244,#10268,#10276,.T.);
#10276 = LINE('',#10277,#10278);
#10277 = CARTESIAN_POINT('',(0.16,-0.32,8.54));
#10278 = VECTOR('',#10279,1.);
#10279 = DIRECTION('',(0.,1.,0.));
#10280 = PLANE('',#10281);
#10281 = AXIS2_PLACEMENT_3D('',#10282,#10283,#10284);
#10282 = CARTESIAN_POINT('',(0.24,-0.32,8.46));
#10283 = DIRECTION('',(0.707106781187,-1.735167508357E-18,0.707106781187
    ));
#10284 = DIRECTION('',(1.226948711654E-18,1.,1.226948711654E-18));
#10285 = ADVANCED_FACE('',(#10286),#10304,.T.);
#10286 = FACE_BOUND('',#10287,.F.);
#10287 = EDGE_LOOP('',(#10288,#10296,#10297,#10298));
#10288 = ORIENTED_EDGE('',*,*,#10289,.F.);
#10289 = EDGE_CURVE('',#9908,#10290,#10292,.T.);
#10290 = VERTEX_POINT('',#10291);
#10291 = CARTESIAN_POINT('',(-0.16,0.16,8.54));
#10292 = LINE('',#10293,#10294);
#10293 = CARTESIAN_POINT('',(-0.16,0.16,8.54));
#10294 = VECTOR('',#10295,1.);
#10295 = DIRECTION('',(0.57735026919,-0.57735026919,0.57735026919));
#10296 = ORIENTED_EDGE('',*,*,#9915,.T.);
#10297 = ORIENTED_EDGE('',*,*,#10267,.T.);
#10298 = ORIENTED_EDGE('',*,*,#10299,.F.);
#10299 = EDGE_CURVE('',#10290,#10268,#10300,.T.);
#10300 = LINE('',#10301,#10302);
#10301 = CARTESIAN_POINT('',(-0.32,0.16,8.54));
#10302 = VECTOR('',#10303,1.);
#10303 = DIRECTION('',(1.,0.,0.));
#10304 = PLANE('',#10305);
#10305 = AXIS2_PLACEMENT_3D('',#10306,#10307,#10308);
#10306 = CARTESIAN_POINT('',(-0.32,0.24,8.46));
#10307 = DIRECTION('',(1.735167508357E-18,0.707106781187,0.707106781187)
  );
#10308 = DIRECTION('',(-1.,1.226948711654E-18,1.226948711654E-18));
#10309 = ADVANCED_FACE('',(#10310),#10321,.F.);
#10310 = FACE_BOUND('',#10311,.F.);
#10311 = EDGE_LOOP('',(#10312,#10313,#10314,#10315));
#10312 = ORIENTED_EDGE('',*,*,#10234,.F.);
#10313 = ORIENTED_EDGE('',*,*,#9932,.T.);
#10314 = ORIENTED_EDGE('',*,*,#10289,.T.);
#10315 = ORIENTED_EDGE('',*,*,#10316,.F.);
#10316 = EDGE_CURVE('',#10235,#10290,#10317,.T.);
#10317 = LINE('',#10318,#10319);
#10318 = CARTESIAN_POINT('',(-0.16,-0.32,8.54));
#10319 = VECTOR('',#10320,1.);
#10320 = DIRECTION('',(0.,1.,0.));
#10321 = PLANE('',#10322);
#10322 = AXIS2_PLACEMENT_3D('',#10323,#10324,#10325);
#10323 = CARTESIAN_POINT('',(-0.24,-0.32,8.46));
#10324 = DIRECTION('',(0.707106781187,1.735167508357E-18,-0.707106781187
    ));
#10325 = DIRECTION('',(-1.226948711654E-18,1.,1.226948711654E-18));
#10326 = ADVANCED_FACE('',(#10327),#10352,.F.);
#10327 = FACE_BOUND('',#10328,.T.);
#10328 = EDGE_LOOP('',(#10329,#10337,#10338,#10346));
#10329 = ORIENTED_EDGE('',*,*,#10330,.F.);
#10330 = EDGE_CURVE('',#9956,#10331,#10333,.T.);
#10331 = VERTEX_POINT('',#10332);
#10332 = CARTESIAN_POINT('',(-0.16,-2.7,8.54));
#10333 = LINE('',#10334,#10335);
#10334 = CARTESIAN_POINT('',(-0.266666666667,-2.806666666667,
    8.433333333333));
#10335 = VECTOR('',#10336,1.);
#10336 = DIRECTION('',(0.57735026919,0.57735026919,0.57735026919));
#10337 = ORIENTED_EDGE('',*,*,#9963,.T.);
#10338 = ORIENTED_EDGE('',*,*,#10339,.T.);
#10339 = EDGE_CURVE('',#9947,#10340,#10342,.T.);
#10340 = VERTEX_POINT('',#10341);
#10341 = CARTESIAN_POINT('',(0.16,-2.7,8.54));
#10342 = LINE('',#10343,#10344);
#10343 = CARTESIAN_POINT('',(0.16,-2.7,8.54));
#10344 = VECTOR('',#10345,1.);
#10345 = DIRECTION('',(-0.57735026919,0.57735026919,0.57735026919));
#10346 = ORIENTED_EDGE('',*,*,#10347,.F.);
#10347 = EDGE_CURVE('',#10331,#10340,#10348,.T.);
#10348 = LINE('',#10349,#10350);
#10349 = CARTESIAN_POINT('',(-0.32,-2.7,8.54));
#10350 = VECTOR('',#10351,1.);
#10351 = DIRECTION('',(1.,0.,0.));
#10352 = PLANE('',#10353);
#10353 = AXIS2_PLACEMENT_3D('',#10354,#10355,#10356);
#10354 = CARTESIAN_POINT('',(-0.32,-2.78,8.46));
#10355 = DIRECTION('',(-1.735167508357E-18,0.707106781187,
    -0.707106781187));
#10356 = DIRECTION('',(-1.,-1.226948711654E-18,1.226948711654E-18));
#10357 = ADVANCED_FACE('',(#10358),#10376,.T.);
#10358 = FACE_BOUND('',#10359,.T.);
#10359 = EDGE_LOOP('',(#10360,#10361,#10362,#10370));
#10360 = ORIENTED_EDGE('',*,*,#10339,.F.);
#10361 = ORIENTED_EDGE('',*,*,#9987,.T.);
#10362 = ORIENTED_EDGE('',*,*,#10363,.T.);
#10363 = EDGE_CURVE('',#9980,#10364,#10366,.T.);
#10364 = VERTEX_POINT('',#10365);
#10365 = CARTESIAN_POINT('',(0.16,-2.38,8.54));
#10366 = LINE('',#10367,#10368);
#10367 = CARTESIAN_POINT('',(5.333333333333E-02,-2.486666666667,
    8.646666666667));
#10368 = VECTOR('',#10369,1.);
#10369 = DIRECTION('',(-0.57735026919,-0.57735026919,0.57735026919));
#10370 = ORIENTED_EDGE('',*,*,#10371,.F.);
#10371 = EDGE_CURVE('',#10340,#10364,#10372,.T.);
#10372 = LINE('',#10373,#10374);
#10373 = CARTESIAN_POINT('',(0.16,-2.86,8.54));
#10374 = VECTOR('',#10375,1.);
#10375 = DIRECTION('',(0.,1.,0.));
#10376 = PLANE('',#10377);
#10377 = AXIS2_PLACEMENT_3D('',#10378,#10379,#10380);
#10378 = CARTESIAN_POINT('',(0.24,-2.86,8.46));
#10379 = DIRECTION('',(0.707106781187,-1.735167508357E-18,0.707106781187
    ));
#10380 = DIRECTION('',(1.226948711654E-18,1.,1.226948711654E-18));
#10381 = ADVANCED_FACE('',(#10382),#10400,.T.);
#10382 = FACE_BOUND('',#10383,.F.);
#10383 = EDGE_LOOP('',(#10384,#10392,#10393,#10394));
#10384 = ORIENTED_EDGE('',*,*,#10385,.F.);
#10385 = EDGE_CURVE('',#10004,#10386,#10388,.T.);
#10386 = VERTEX_POINT('',#10387);
#10387 = CARTESIAN_POINT('',(-0.16,-2.38,8.54));
#10388 = LINE('',#10389,#10390);
#10389 = CARTESIAN_POINT('',(-0.16,-2.38,8.54));
#10390 = VECTOR('',#10391,1.);
#10391 = DIRECTION('',(0.57735026919,-0.57735026919,0.57735026919));
#10392 = ORIENTED_EDGE('',*,*,#10011,.T.);
#10393 = ORIENTED_EDGE('',*,*,#10363,.T.);
#10394 = ORIENTED_EDGE('',*,*,#10395,.F.);
#10395 = EDGE_CURVE('',#10386,#10364,#10396,.T.);
#10396 = LINE('',#10397,#10398);
#10397 = CARTESIAN_POINT('',(-0.32,-2.38,8.54));
#10398 = VECTOR('',#10399,1.);
#10399 = DIRECTION('',(1.,0.,0.));
#10400 = PLANE('',#10401);
#10401 = AXIS2_PLACEMENT_3D('',#10402,#10403,#10404);
#10402 = CARTESIAN_POINT('',(-0.32,-2.3,8.46));
#10403 = DIRECTION('',(1.735167508357E-18,0.707106781187,0.707106781187)
  );
#10404 = DIRECTION('',(-1.,1.226948711654E-18,1.226948711654E-18));
#10405 = ADVANCED_FACE('',(#10406),#10417,.F.);
#10406 = FACE_BOUND('',#10407,.F.);
#10407 = EDGE_LOOP('',(#10408,#10409,#10410,#10411));
#10408 = ORIENTED_EDGE('',*,*,#10330,.F.);
#10409 = ORIENTED_EDGE('',*,*,#10028,.T.);
#10410 = ORIENTED_EDGE('',*,*,#10385,.T.);
#10411 = ORIENTED_EDGE('',*,*,#10412,.F.);
#10412 = EDGE_CURVE('',#10331,#10386,#10413,.T.);
#10413 = LINE('',#10414,#10415);
#10414 = CARTESIAN_POINT('',(-0.16,-2.86,8.54));
#10415 = VECTOR('',#10416,1.);
#10416 = DIRECTION('',(0.,1.,0.));
#10417 = PLANE('',#10418);
#10418 = AXIS2_PLACEMENT_3D('',#10419,#10420,#10421);
#10419 = CARTESIAN_POINT('',(-0.24,-2.86,8.46));
#10420 = DIRECTION('',(0.707106781187,1.735167508357E-18,-0.707106781187
    ));
#10421 = DIRECTION('',(-1.226948711654E-18,1.,1.226948711654E-18));
#10422 = ADVANCED_FACE('',(#10423),#10429,.F.);
#10423 = FACE_BOUND('',#10424,.F.);
#10424 = EDGE_LOOP('',(#10425,#10426,#10427,#10428));
#10425 = ORIENTED_EDGE('',*,*,#10124,.F.);
#10426 = ORIENTED_EDGE('',*,*,#10059,.T.);
#10427 = ORIENTED_EDGE('',*,*,#10083,.T.);
#10428 = ORIENTED_EDGE('',*,*,#10107,.F.);
#10429 = PLANE('',#10430);
#10430 = AXIS2_PLACEMENT_3D('',#10431,#10432,#10433);
#10431 = CARTESIAN_POINT('',(-0.32,-0.32,-3.));
#10432 = DIRECTION('',(0.,0.,1.));
#10433 = DIRECTION('',(1.,0.,-0.));
#10434 = ADVANCED_FACE('',(#10435),#10441,.F.);
#10435 = FACE_BOUND('',#10436,.F.);
#10436 = EDGE_LOOP('',(#10437,#10438,#10439,#10440));
#10437 = ORIENTED_EDGE('',*,*,#10220,.F.);
#10438 = ORIENTED_EDGE('',*,*,#10155,.T.);
#10439 = ORIENTED_EDGE('',*,*,#10179,.T.);
#10440 = ORIENTED_EDGE('',*,*,#10203,.F.);
#10441 = PLANE('',#10442);
#10442 = AXIS2_PLACEMENT_3D('',#10443,#10444,#10445);
#10443 = CARTESIAN_POINT('',(-0.32,-2.86,-3.));
#10444 = DIRECTION('',(0.,0.,1.));
#10445 = DIRECTION('',(1.,0.,-0.));
#10446 = ADVANCED_FACE('',(#10447),#10453,.T.);
#10447 = FACE_BOUND('',#10448,.T.);
#10448 = EDGE_LOOP('',(#10449,#10450,#10451,#10452));
#10449 = ORIENTED_EDGE('',*,*,#10299,.F.);
#10450 = ORIENTED_EDGE('',*,*,#10316,.F.);
#10451 = ORIENTED_EDGE('',*,*,#10251,.T.);
#10452 = ORIENTED_EDGE('',*,*,#10275,.T.);
#10453 = PLANE('',#10454);
#10454 = AXIS2_PLACEMENT_3D('',#10455,#10456,#10457);
#10455 = CARTESIAN_POINT('',(-0.32,-0.32,8.54));
#10456 = DIRECTION('',(0.,0.,1.));
#10457 = DIRECTION('',(1.,0.,-0.));
#10458 = ADVANCED_FACE('',(#10459),#10465,.T.);
#10459 = FACE_BOUND('',#10460,.T.);
#10460 = EDGE_LOOP('',(#10461,#10462,#10463,#10464));
#10461 = ORIENTED_EDGE('',*,*,#10395,.F.);
#10462 = ORIENTED_EDGE('',*,*,#10412,.F.);
#10463 = ORIENTED_EDGE('',*,*,#10347,.T.);
#10464 = ORIENTED_EDGE('',*,*,#10371,.T.);
#10465 = PLANE('',#10466);
#10466 = AXIS2_PLACEMENT_3D('',#10467,#10468,#10469);
#10467 = CARTESIAN_POINT('',(-0.32,-2.86,8.54));
#10468 = DIRECTION('',(0.,0.,1.));
#10469 = DIRECTION('',(1.,0.,-0.));
#10470 = ( GEOMETRIC_REPRESENTATION_CONTEXT(3) 
GLOBAL_UNCERTAINTY_ASSIGNED_CONTEXT((#10474)) 
GLOBAL_UNIT_ASSIGNED_CONTEXT((#10471,#10472,#10473)) 
REPRESENTATION_CONTEXT('Context #1',
  '3D Context with UNIT and UNCERTAINTY') );
#10471 = ( LENGTH_UNIT() NAMED_UNIT(*) SI_UNIT(.MILLI.,.METRE.) );
#10472 = ( NAMED_UNIT(*) PLANE_ANGLE_UNIT() SI_UNIT($,.RADIAN.) );
#10473 = ( NAMED_UNIT(*) SI_UNIT($,.STERADIAN.) SOLID_ANGLE_UNIT() );
#10474 = UNCERTAINTY_MEASURE_WITH_UNIT(LENGTH_MEASURE(1.E-07),#10471,
  'distance_accuracy_value','confusion accuracy');
#10475 = CONTEXT_DEPENDENT_SHAPE_REPRESENTATION(#10476,#10478);
#10476 = ( REPRESENTATION_RELATIONSHIP('','',#9037,#10) 
REPRESENTATION_RELATIONSHIP_WITH_TRANSFORMATION(#10477) 
SHAPE_REPRESENTATION_RELATIONSHIP() );
#10477 = ITEM_DEFINED_TRANSFORMATION('','',#11,#27);
#10478 = PRODUCT_DEFINITION_SHAPE('Placement','Placement of an item',
  #10479);
#10479 = NEXT_ASSEMBLY_USAGE_OCCURRENCE('4','J4','',#5,#9032,$);
#10480 = PRODUCT_RELATED_PRODUCT_CATEGORY('part',$,(#9034));
#10481 = CONTEXT_DEPENDENT_SHAPE_REPRESENTATION(#10482,#10484);
#10482 = ( REPRESENTATION_RELATIONSHIP('','',#6238,#10) 
REPRESENTATION_RELATIONSHIP_WITH_TRANSFORMATION(#10483) 
SHAPE_REPRESENTATION_RELATIONSHIP() );
#10483 = ITEM_DEFINED_TRANSFORMATION('','',#11,#31);
#10484 = PRODUCT_DEFINITION_SHAPE('Placement','Placement of an item',
  #10485);
#10485 = NEXT_ASSEMBLY_USAGE_OCCURRENCE('5','J2','',#5,#6233,$);
#10486 = SHAPE_DEFINITION_REPRESENTATION(#10487,#10493);
#10487 = PRODUCT_DEFINITION_SHAPE('','',#10488);
#10488 = PRODUCT_DEFINITION('design','',#10489,#10492);
#10489 = PRODUCT_DEFINITION_FORMATION('','',#10490);
#10490 = PRODUCT('C_Disc_D5.0mm_W2.5mm_P5.00mm',
  'C_Disc_D5.0mm_W2.5mm_P5.00mm','',(#10491));
#10491 = PRODUCT_CONTEXT('',#2,'mechanical');
#10492 = PRODUCT_DEFINITION_CONTEXT('part definition',#2,'design');
#10493 = ADVANCED_BREP_SHAPE_REPRESENTATION('',(#11,#10494),#10976);
#10494 = MANIFOLD_SOLID_BREP('',#10495);
#10495 = CLOSED_SHELL('',(#10496,#10513,#10538,#10568,#10702,#10803,
    #10885,#10912,#10942,#10967));
#10496 = ADVANCED_FACE('',(#10497),#10508,.T.);
#10497 = FACE_BOUND('',#10498,.F.);
#10498 = EDGE_LOOP('',(#10499));
#10499 = ORIENTED_EDGE('',*,*,#10500,.T.);
#10500 = EDGE_CURVE('',#10501,#10501,#10503,.T.);
#10501 = VERTEX_POINT('',#10502);
#10502 = CARTESIAN_POINT('',(5.,0.25,-2.));
#10503 = CIRCLE('',#10504,0.25);
#10504 = AXIS2_PLACEMENT_3D('',#10505,#10506,#10507);
#10505 = CARTESIAN_POINT('',(5.,0.,-2.));
#10506 = DIRECTION('',(0.,-0.,1.));
#10507 = DIRECTION('',(1.144237745222E-17,1.,0.));
#10508 = PLANE('',#10509);
#10509 = AXIS2_PLACEMENT_3D('',#10510,#10511,#10512);
#10510 = CARTESIAN_POINT('',(5.,0.25,-2.));
#10511 = DIRECTION('',(-0.,0.,-1.));
#10512 = DIRECTION('',(-1.144237745222E-17,-1.,0.));
#10513 = ADVANCED_FACE('',(#10514),#10533,.T.);
#10514 = FACE_BOUND('',#10515,.T.);
#10515 = EDGE_LOOP('',(#10516,#10524,#10531,#10532));
#10516 = ORIENTED_EDGE('',*,*,#10517,.T.);
#10517 = EDGE_CURVE('',#10501,#10518,#10520,.T.);
#10518 = VERTEX_POINT('',#10519);
#10519 = CARTESIAN_POINT('',(5.,0.25,0.85));
#10520 = LINE('',#10521,#10522);
#10521 = CARTESIAN_POINT('',(5.,0.25,-2.));
#10522 = VECTOR('',#10523,1.);
#10523 = DIRECTION('',(0.,0.,1.));
#10524 = ORIENTED_EDGE('',*,*,#10525,.F.);
#10525 = EDGE_CURVE('',#10518,#10518,#10526,.T.);
#10526 = CIRCLE('',#10527,0.25);
#10527 = AXIS2_PLACEMENT_3D('',#10528,#10529,#10530);
#10528 = CARTESIAN_POINT('',(5.,0.,0.85));
#10529 = DIRECTION('',(0.,-0.,1.));
#10530 = DIRECTION('',(1.144237745222E-17,1.,0.));
#10531 = ORIENTED_EDGE('',*,*,#10517,.F.);
#10532 = ORIENTED_EDGE('',*,*,#10500,.T.);
#10533 = CYLINDRICAL_SURFACE('',#10534,0.25);
#10534 = AXIS2_PLACEMENT_3D('',#10535,#10536,#10537);
#10535 = CARTESIAN_POINT('',(5.,0.,-2.));
#10536 = DIRECTION('',(0.,-0.,-1.));
#10537 = DIRECTION('',(1.144237745222E-17,1.,0.));
#10538 = ADVANCED_FACE('',(#10539),#10559,.F.);
#10539 = FACE_BOUND('',#10540,.F.);
#10540 = EDGE_LOOP('',(#10541,#10550,#10551,#10552));
#10541 = ORIENTED_EDGE('',*,*,#10542,.F.);
#10542 = EDGE_CURVE('',#10518,#10543,#10545,.T.);
#10543 = VERTEX_POINT('',#10544);
#10544 = CARTESIAN_POINT('',(4.933012701892,0.25,1.1));
#10545 = CIRCLE('',#10546,0.5);
#10546 = AXIS2_PLACEMENT_3D('',#10547,#10548,#10549);
#10547 = CARTESIAN_POINT('',(4.5,0.25,0.85));
#10548 = DIRECTION('',(-1.144237745222E-17,-1.,0.));
#10549 = DIRECTION('',(1.,-1.144237745222E-17,0.));
#10550 = ORIENTED_EDGE('',*,*,#10525,.F.);
#10551 = ORIENTED_EDGE('',*,*,#10542,.T.);
#10552 = ORIENTED_EDGE('',*,*,#10553,.T.);
#10553 = EDGE_CURVE('',#10543,#10543,#10554,.T.);
#10554 = CIRCLE('',#10555,0.25);
#10555 = AXIS2_PLACEMENT_3D('',#10556,#10557,#10558);
#10556 = CARTESIAN_POINT('',(4.933012701892,5.500816221034E-34,1.1));
#10557 = DIRECTION('',(-0.5,5.721188726112E-18,0.866025403784));
#10558 = DIRECTION('',(1.144237745222E-17,1.,0.));
#10559 = SURFACE_OF_REVOLUTION('',#10560,#10565);
#10560 = CIRCLE('',#10561,0.25);
#10561 = AXIS2_PLACEMENT_3D('',#10562,#10563,#10564);
#10562 = CARTESIAN_POINT('',(5.,0.,0.85));
#10563 = DIRECTION('',(0.,-0.,1.));
#10564 = DIRECTION('',(1.144237745222E-17,1.,0.));
#10565 = AXIS1_PLACEMENT('',#10566,#10567);
#10566 = CARTESIAN_POINT('',(4.5,-4.,0.85));
#10567 = DIRECTION('',(-1.144237745222E-17,-1.,0.));
#10568 = ADVANCED_FACE('',(#10569),#10697,.T.);
#10569 = FACE_BOUND('',#10570,.T.);
#10570 = EDGE_LOOP('',(#10571,#10579,#10616,#10672,#10695,#10696));
#10571 = ORIENTED_EDGE('',*,*,#10572,.T.);
#10572 = EDGE_CURVE('',#10543,#10573,#10575,.T.);
#10573 = VERTEX_POINT('',#10574);
#10574 = CARTESIAN_POINT('',(4.598334876348,0.25,1.67967899801));
#10575 = LINE('',#10576,#10577);
#10576 = CARTESIAN_POINT('',(4.933012701892,0.25,1.1));
#10577 = VECTOR('',#10578,1.);
#10578 = DIRECTION('',(-0.5,5.721188726112E-18,0.866025403784));
#10579 = ORIENTED_EDGE('',*,*,#10580,.F.);
#10580 = EDGE_CURVE('',#10581,#10573,#10583,.T.);
#10581 = VERTEX_POINT('',#10582);
#10582 = CARTESIAN_POINT('',(4.849268064747,2.22044604925E-16,
    1.745049966396));
#10583 = B_SPLINE_CURVE_WITH_KNOTS('',7,(#10584,#10585,#10586,#10587,
    #10588,#10589,#10590,#10591,#10592,#10593,#10594,#10595,#10596,
    #10597,#10598,#10599,#10600,#10601,#10602,#10603,#10604,#10605,
    #10606,#10607,#10608,#10609,#10610,#10611,#10612,#10613,#10614,
    #10615),.UNSPECIFIED.,.F.,.F.,(8,6,6,6,6,8),(0.,0.241763709565,
    0.410219393977,0.53652090117,0.746819928834,1.),.UNSPECIFIED.);
#10584 = CARTESIAN_POINT('',(4.849268064747,2.22044604925E-16,
    1.745049966396));
#10585 = CARTESIAN_POINT('',(4.844364001498,1.001758874615E-02,
    1.753544053108));
#10586 = CARTESIAN_POINT('',(4.839050542048,2.032222277663E-02,
    1.761810882376));
#10587 = CARTESIAN_POINT('',(4.833282119644,3.09553234543E-02,
    1.769830860094));
#10588 = CARTESIAN_POINT('',(4.827007808277,4.19533636841E-02,
    1.777563706468));
#10589 = CARTESIAN_POINT('',(4.820156869887,5.335972239721E-02,
    1.784937757425));
#10590 = CARTESIAN_POINT('',(4.812654445026,6.521344490044E-02,
    1.791860790374));
#10591 = CARTESIAN_POINT('',(4.798541655418,8.626048624641E-02,
    1.802556496601));
#10592 = CARTESIAN_POINT('',(4.792502758244,9.494432076344E-02,
    1.80653384436));
#10593 = CARTESIAN_POINT('',(4.786214684815,0.103658414056,
    1.810054547962));
#10594 = CARTESIAN_POINT('',(4.779676548822,0.112384519975,
    1.813070715723));
#10595 = CARTESIAN_POINT('',(4.772892242487,0.121096801108,
    1.815528388152));
#10596 = CARTESIAN_POINT('',(4.765870436561,0.129761828785,
    1.817367537947));
#10597 = CARTESIAN_POINT('',(4.753191919698,0.144769099183,
    1.819387693132));
#10598 = CARTESIAN_POINT('',(4.747633142674,0.151151003548,
    1.819870466346));
#10599 = CARTESIAN_POINT('',(4.741957304551,0.157462287585,
    1.819940124931));
#10600 = CARTESIAN_POINT('',(4.736177207874,0.16367854908,1.819570425239
    ));
#10601 = CARTESIAN_POINT('',(4.730309402433,0.169772992177,
    1.818739144678));
#10602 = CARTESIAN_POINT('',(4.724374185264,0.175716427387,
    1.817428081711));
#10603 = CARTESIAN_POINT('',(4.708440925053,0.191069397272,
    1.812617587517));
#10604 = CARTESIAN_POINT('',(4.698342251762,0.200179567672,
    1.808239048518));
#10605 = CARTESIAN_POINT('',(4.688276068011,0.208600246808,
    1.802446960471));
#10606 = CARTESIAN_POINT('',(4.678382446843,0.216203663219,
    1.795293526394));
#10607 = CARTESIAN_POINT('',(4.668780572755,0.222911046087,
    1.786901062703));
#10608 = CARTESIAN_POINT('',(4.659576067045,0.228682208447,
    1.777454057665));
#10609 = CARTESIAN_POINT('',(4.640366931202,0.239356313732,
    1.754867994485));
#10610 = CARTESIAN_POINT('',(4.631423567489,0.24337539305,1.742360451828
    ));
#10611 = CARTESIAN_POINT('',(4.623444904041,0.246276217548,
    1.729806365285));
#10612 = CARTESIAN_POINT('',(4.616297148448,0.248221538981,
    1.717250157528));
#10613 = CARTESIAN_POINT('',(4.60978615485,0.249434404961,1.704718873159
    ));
#10614 = CARTESIAN_POINT('',(4.603828651289,0.249999998934,
    1.692204820721));
#10615 = CARTESIAN_POINT('',(4.598334876348,0.25,1.67967899801));
#10616 = ORIENTED_EDGE('',*,*,#10617,.F.);
#10617 = EDGE_CURVE('',#10618,#10581,#10620,.T.);
#10618 = VERTEX_POINT('',#10619);
#10619 = CARTESIAN_POINT('',(4.579497089263,2.22044604925E-16,
    1.212307002343));
#10620 = B_SPLINE_CURVE_WITH_KNOTS('',8,(#10621,#10622,#10623,#10624,
    #10625,#10626,#10627,#10628,#10629,#10630,#10631,#10632,#10633,
    #10634,#10635,#10636,#10637,#10638,#10639,#10640,#10641,#10642,
    #10643,#10644,#10645,#10646,#10647,#10648,#10649,#10650,#10651,
    #10652,#10653,#10654,#10655,#10656,#10657,#10658,#10659,#10660,
    #10661,#10662,#10663,#10664,#10665,#10666,#10667,#10668,#10669,
    #10670,#10671),.UNSPECIFIED.,.F.,.F.,(9,7,7,7,7,7,7,9),(0.,
    0.19078736286,0.369786424479,0.513703292981,0.651485740399,
    0.719841574329,0.850671073529,1.),.UNSPECIFIED.);
#10621 = CARTESIAN_POINT('',(4.579497089263,2.498001805407E-16,
    1.212307002343));
#10622 = CARTESIAN_POINT('',(4.573387972941,-1.460665884341E-02,
    1.222888302202));
#10623 = CARTESIAN_POINT('',(4.567872793808,-2.901585421323E-02,
    1.234391492263));
#10624 = CARTESIAN_POINT('',(4.562924967853,-4.321614467519E-02,
    1.246770598809));
#10625 = CARTESIAN_POINT('',(4.558529269717,-5.719266388664E-02,
    1.259994825522));
#10626 = CARTESIAN_POINT('',(4.554678380237,-7.092786565873E-02,
    1.274043557557));
#10627 = CARTESIAN_POINT('',(4.551371358063,-8.440178729829E-02,
    1.288904308098));
#10628 = CARTESIAN_POINT('',(4.54861403534,-9.75918312297E-02,
    1.304573607428));
#10629 = CARTESIAN_POINT('',(4.544364121213,-0.122556459299,
    1.336529354653));
#10630 = CARTESIAN_POINT('',(4.54280525738,-0.134360058047,
    1.352707443955));
#10631 = CARTESIAN_POINT('',(4.541755282839,-0.145866851387,
    1.369607709551));
#10632 = CARTESIAN_POINT('',(4.541233573854,-0.157050082566,
    1.387243425374));
#10633 = CARTESIAN_POINT('',(4.541269384929,-0.167871628778,
    1.405629460697));
#10634 = CARTESIAN_POINT('',(4.541900768006,-0.178282922567,
    1.424780748836));
#10635 = CARTESIAN_POINT('',(4.543178413136,-0.188223408141,
    1.444716731634));
#10636 = CARTESIAN_POINT('',(4.546791913086,-0.205161463833,
    1.482174244549));
#10637 = CARTESIAN_POINT('',(4.548867568358,-0.212336815491,
    1.499365112402));
#10638 = CARTESIAN_POINT('',(4.551449322994,-0.21911262951,
    1.517101248612));
#10639 = CARTESIAN_POINT('',(4.554588949033,-0.225434790367,
    1.535405455025));
#10640 = CARTESIAN_POINT('',(4.558351203287,-0.23121980149,
    1.554273840107));
#10641 = CARTESIAN_POINT('',(4.562809380792,-0.236360279408,
    1.57367194637));
#10642 = CARTESIAN_POINT('',(4.56804938678,-0.240723818141,
    1.593536348114));
#10643 = CARTESIAN_POINT('',(4.580083375897,-0.247394677691,
    1.633180338834));
#10644 = CARTESIAN_POINT('',(4.586845109335,-0.249805464857,
    1.65307009704));
#10645 = CARTESIAN_POINT('',(4.594548081019,-0.25114837322,
    1.673181590757));
#10646 = CARTESIAN_POINT('',(4.603234095602,-0.251199397317,
    1.693144207547));
#10647 = CARTESIAN_POINT('',(4.612904709005,-0.249766604459,
    1.712525487432));
#10648 = CARTESIAN_POINT('',(4.623510669589,-0.246703489644,
    1.730835828697));
#10649 = CARTESIAN_POINT('',(4.634913431764,-0.241958998128,
    1.747561890486));
#10650 = CARTESIAN_POINT('',(4.652674340329,-0.232636318869,
    1.769587500065));
#10651 = CARTESIAN_POINT('',(4.658793561142,-0.229121074946,
    1.776545002843));
#10652 = CARTESIAN_POINT('',(4.665132494898,-0.225165084099,
    1.78308873275));
#10653 = CARTESIAN_POINT('',(4.671673437455,-0.220762392381,
    1.789157782984));
#10654 = CARTESIAN_POINT('',(4.678390938392,-0.215918012519,
    1.794697882872));
#10655 = CARTESIAN_POINT('',(4.685251801011,-0.210647923916,
    1.79966139787));
#10656 = CARTESIAN_POINT('',(4.692215082337,-0.204979072648,
    1.80400732956));
#10657 = CARTESIAN_POINT('',(4.712662285579,-0.187408838047,
    1.814771412284));
#10658 = CARTESIAN_POINT('',(4.725089984166,-0.175584738619,
    1.818840798146));
#10659 = CARTESIAN_POINT('',(4.736706919844,-0.16366938184,
    1.820787771474));
#10660 = CARTESIAN_POINT('',(4.747577380936,-0.151759451498,
    1.821004004895));
#10661 = CARTESIAN_POINT('',(4.757786419455,-0.13992141729,
    1.819855513126));
#10662 = CARTESIAN_POINT('',(4.767404145421,-0.128164571922,
    1.817548969936));
#10663 = CARTESIAN_POINT('',(4.776513227192,-0.116465113698,
    1.814245747812));
#10664 = CARTESIAN_POINT('',(4.795110133981,-9.138315207225E-02,
    1.805184241801));
#10665 = CARTESIAN_POINT('',(4.804401047084,-7.808906169928E-02,
    1.79917878212));
#10666 = CARTESIAN_POINT('',(4.813131750415,-6.487082818957E-02,
    1.792169953268));
#10667 = CARTESIAN_POINT('',(4.821336999308,-5.173108947652E-02,
    1.784267640052));
#10668 = CARTESIAN_POINT('',(4.829040151353,-3.867252726795E-02,
    1.77555243203));
#10669 = CARTESIAN_POINT('',(4.836257613555,-2.569717297862E-02,
    1.766085410303));
#10670 = CARTESIAN_POINT('',(4.842998828532,-1.280624391766E-02,
    1.755908602047));
#10671 = CARTESIAN_POINT('',(4.849268064747,2.498001805407E-16,
    1.745049966396));
#10672 = ORIENTED_EDGE('',*,*,#10673,.F.);
#10673 = EDGE_CURVE('',#10573,#10618,#10674,.T.);
#10674 = B_SPLINE_CURVE_WITH_KNOTS('',7,(#10675,#10676,#10677,#10678,
    #10679,#10680,#10681,#10682,#10683,#10684,#10685,#10686,#10687,
    #10688,#10689,#10690,#10691,#10692,#10693,#10694),.UNSPECIFIED.,.F.,
  .F.,(8,6,6,8),(0.,0.281994812219,0.607907449028,1.),.UNSPECIFIED.);
#10675 = CARTESIAN_POINT('',(4.598334876348,0.25,1.67967899801));
#10676 = CARTESIAN_POINT('',(4.59140316225,0.249999998655,1.663874664792
    ));
#10677 = CARTESIAN_POINT('',(4.584779319419,0.249097702928,
    1.647066430358));
#10678 = CARTESIAN_POINT('',(4.57848797922,0.247237965056,1.629245900853
    ));
#10679 = CARTESIAN_POINT('',(4.572567416869,0.244351132052,
    1.610414633265));
#10680 = CARTESIAN_POINT('',(4.567069136716,0.240354966676,
    1.590588712837));
#10681 = CARTESIAN_POINT('',(4.562056059024,0.235162078935,
    1.569806567483));
#10682 = CARTESIAN_POINT('',(4.552465184222,0.221156737986,
    1.523036611148));
#10683 = CARTESIAN_POINT('',(4.548017978227,0.211820586954,
    1.496455272772));
#10684 = CARTESIAN_POINT('',(4.544499521247,0.2005382536,1.468779146536)
  );
#10685 = CARTESIAN_POINT('',(4.542122564392,0.187310533223,
    1.440582892474));
#10686 = CARTESIAN_POINT('',(4.541040445648,0.172323535548,1.41259935383
    ));
#10687 = CARTESIAN_POINT('',(4.541313919702,0.156017752716,
    1.385700124238));
#10688 = CARTESIAN_POINT('',(4.54438761915,0.119293483306,1.331066240948
    ));
#10689 = CARTESIAN_POINT('',(4.547692372034,9.868060220454E-02,
    1.304224275262));
#10690 = CARTESIAN_POINT('',(4.552320107241,7.804002353955E-02,
    1.280481999293));
#10691 = CARTESIAN_POINT('',(4.557990364705,5.773102402524E-02,
    1.259686288118));
#10692 = CARTESIAN_POINT('',(4.564484824922,3.794535222575E-02,
    1.241582242932));
#10693 = CARTESIAN_POINT('',(4.571664728431,1.872686925256E-02,
    1.225873049248));
#10694 = CARTESIAN_POINT('',(4.579497089263,2.22044604925E-16,
    1.212307002343));
#10695 = ORIENTED_EDGE('',*,*,#10572,.F.);
#10696 = ORIENTED_EDGE('',*,*,#10553,.T.);
#10697 = CYLINDRICAL_SURFACE('',#10698,0.25);
#10698 = AXIS2_PLACEMENT_3D('',#10699,#10700,#10701);
#10699 = CARTESIAN_POINT('',(4.933012701892,0.,1.1));
#10700 = DIRECTION('',(0.5,-5.721188726112E-18,-0.866025403784));
#10701 = DIRECTION('',(1.144237745222E-17,1.,0.));
#10702 = ADVANCED_FACE('',(#10703),#10798,.T.);
#10703 = FACE_BOUND('',#10704,.T.);
#10704 = EDGE_LOOP('',(#10705,#10716,#10717,#10724,#10725,#10726,#10735,
    #10791));
#10705 = ORIENTED_EDGE('',*,*,#10706,.F.);
#10706 = EDGE_CURVE('',#10707,#10709,#10711,.T.);
#10707 = VERTEX_POINT('',#10708);
#10708 = CARTESIAN_POINT('',(2.5,1.25,2.6));
#10709 = VERTEX_POINT('',#10710);
#10710 = CARTESIAN_POINT('',(-8.881784197001E-16,2.22044604925E-16,2.6)
  );
#10711 = CIRCLE('',#10712,3.125);
#10712 = AXIS2_PLACEMENT_3D('',#10713,#10714,#10715);
#10713 = CARTESIAN_POINT('',(2.5,-1.875,2.6));
#10714 = DIRECTION('',(0.,0.,1.));
#10715 = DIRECTION('',(-7.105427357601E-16,1.,0.));
#10716 = ORIENTED_EDGE('',*,*,#10706,.T.);
#10717 = ORIENTED_EDGE('',*,*,#10718,.F.);
#10718 = EDGE_CURVE('',#10581,#10709,#10719,.T.);
#10719 = CIRCLE('',#10720,2.5);
#10720 = AXIS2_PLACEMENT_3D('',#10721,#10722,#10723);
#10721 = CARTESIAN_POINT('',(2.5,2.22044604925E-16,2.6));
#10722 = DIRECTION('',(0.,-1.,0.));
#10723 = DIRECTION('',(-1.,0.,0.));
#10724 = ORIENTED_EDGE('',*,*,#10580,.T.);
#10725 = ORIENTED_EDGE('',*,*,#10673,.T.);
#10726 = ORIENTED_EDGE('',*,*,#10727,.F.);
#10727 = EDGE_CURVE('',#10728,#10618,#10730,.T.);
#10728 = VERTEX_POINT('',#10729);
#10729 = CARTESIAN_POINT('',(0.420502910737,2.22044604925E-16,
    1.212307002343));
#10730 = CIRCLE('',#10731,2.5);
#10731 = AXIS2_PLACEMENT_3D('',#10732,#10733,#10734);
#10732 = CARTESIAN_POINT('',(2.5,2.22044604925E-16,2.6));
#10733 = DIRECTION('',(0.,-1.,0.));
#10734 = DIRECTION('',(-1.,0.,0.));
#10735 = ORIENTED_EDGE('',*,*,#10736,.T.);
#10736 = EDGE_CURVE('',#10728,#10737,#10739,.T.);
#10737 = VERTEX_POINT('',#10738);
#10738 = CARTESIAN_POINT('',(0.150731935253,2.22044604925E-16,
    1.745049966396));
#10739 = B_SPLINE_CURVE_WITH_KNOTS('',8,(#10740,#10741,#10742,#10743,
    #10744,#10745,#10746,#10747,#10748,#10749,#10750,#10751,#10752,
    #10753,#10754,#10755,#10756,#10757,#10758,#10759,#10760,#10761,
    #10762,#10763,#10764,#10765,#10766,#10767,#10768,#10769,#10770,
    #10771,#10772,#10773,#10774,#10775,#10776,#10777,#10778,#10779,
    #10780,#10781,#10782,#10783,#10784,#10785,#10786,#10787,#10788,
    #10789,#10790),.UNSPECIFIED.,.F.,.F.,(9,7,7,7,7,7,7,9),(0.,
    0.190787362857,0.369786424466,0.513703292965,0.651485740381,
    0.719841574311,0.85067107352,1.),.UNSPECIFIED.);
#10740 = CARTESIAN_POINT('',(0.420502910737,2.22044604925E-16,
    1.212307002343));
#10741 = CARTESIAN_POINT('',(0.426612027059,1.460665884349E-02,
    1.222888302202));
#10742 = CARTESIAN_POINT('',(0.432127206192,2.90158542134E-02,
    1.234391492264));
#10743 = CARTESIAN_POINT('',(0.437075032147,4.321614467543E-02,
    1.246770598809));
#10744 = CARTESIAN_POINT('',(0.441470730283,5.719266388696E-02,
    1.259994825523));
#10745 = CARTESIAN_POINT('',(0.445321619763,7.092786565911E-02,
    1.274043557557));
#10746 = CARTESIAN_POINT('',(0.448628641937,8.440178729875E-02,
    1.288904308099));
#10747 = CARTESIAN_POINT('',(0.45138596466,9.759183123022E-02,
    1.304573607429));
#10748 = CARTESIAN_POINT('',(0.455635878787,0.122556459299,
    1.336529354654));
#10749 = CARTESIAN_POINT('',(0.45719474262,0.134360058047,1.352707443955
    ));
#10750 = CARTESIAN_POINT('',(0.458244717161,0.145866851387,1.36960770955
    ));
#10751 = CARTESIAN_POINT('',(0.458766426146,0.157050082565,
    1.387243425373));
#10752 = CARTESIAN_POINT('',(0.458730615071,0.167871628776,
    1.405629460695));
#10753 = CARTESIAN_POINT('',(0.458099231994,0.178282922565,
    1.424780748833));
#10754 = CARTESIAN_POINT('',(0.456821586864,0.188223408139,
    1.444716731629));
#10755 = CARTESIAN_POINT('',(0.453208086915,0.205161463831,
    1.482174244543));
#10756 = CARTESIAN_POINT('',(0.451132431643,0.212336815489,
    1.499365112397));
#10757 = CARTESIAN_POINT('',(0.448550677007,0.219112629508,
    1.517101248607));
#10758 = CARTESIAN_POINT('',(0.445411050968,0.225434790365,
    1.535405455019));
#10759 = CARTESIAN_POINT('',(0.441648796714,0.231219801489,
    1.554273840102));
#10760 = CARTESIAN_POINT('',(0.437190619209,0.236360279407,
    1.573671946365));
#10761 = CARTESIAN_POINT('',(0.431950613221,0.24072381814,1.593536348108
    ));
#10762 = CARTESIAN_POINT('',(0.419916624105,0.24739467769,1.633180338828
    ));
#10763 = CARTESIAN_POINT('',(0.413154890668,0.249805464856,
    1.653070097035));
#10764 = CARTESIAN_POINT('',(0.405451918983,0.25114837322,1.673181590751
    ));
#10765 = CARTESIAN_POINT('',(0.396765904401,0.251199397317,
    1.693144207542));
#10766 = CARTESIAN_POINT('',(0.387095290998,0.249766604459,
    1.712525487427));
#10767 = CARTESIAN_POINT('',(0.376489330414,0.246703489645,
    1.730835828693));
#10768 = CARTESIAN_POINT('',(0.365086568239,0.24195899813,1.747561890482
    ));
#10769 = CARTESIAN_POINT('',(0.347325659674,0.232636318871,
    1.769587500061));
#10770 = CARTESIAN_POINT('',(0.341206438861,0.229121074948,
    1.776545002841));
#10771 = CARTESIAN_POINT('',(0.334867505104,0.225165084101,
    1.783088732748));
#10772 = CARTESIAN_POINT('',(0.328326562548,0.220762392383,
    1.789157782982));
#10773 = CARTESIAN_POINT('',(0.321609061611,0.215918012521,1.79469788287
    ));
#10774 = CARTESIAN_POINT('',(0.314748198992,0.210647923918,
    1.799661397867));
#10775 = CARTESIAN_POINT('',(0.307784917667,0.204979072651,
    1.804007329558));
#10776 = CARTESIAN_POINT('',(0.287337714424,0.187408838051,
    1.814771412283));
#10777 = CARTESIAN_POINT('',(0.274910015837,0.175584738623,
    1.818840798145));
#10778 = CARTESIAN_POINT('',(0.263293080159,0.163669381843,
    1.820787771474));
#10779 = CARTESIAN_POINT('',(0.252422619066,0.151759451501,
    1.821004004895));
#10780 = CARTESIAN_POINT('',(0.242213580548,0.139921417292,
    1.819855513126));
#10781 = CARTESIAN_POINT('',(0.23259585458,0.128164571924,1.817548969937
    ));
#10782 = CARTESIAN_POINT('',(0.223486772809,0.1164651137,1.814245747813)
  );
#10783 = CARTESIAN_POINT('',(0.20488986602,9.138315207386E-02,
    1.805184241801));
#10784 = CARTESIAN_POINT('',(0.195598952917,7.808906170067E-02,
    1.799178782121));
#10785 = CARTESIAN_POINT('',(0.186868249586,6.487082819071E-02,
    1.792169953268));
#10786 = CARTESIAN_POINT('',(0.178663000692,5.173108947742E-02,
    1.784267640052));
#10787 = CARTESIAN_POINT('',(0.170959848647,3.867252726864E-02,
    1.775552432031));
#10788 = CARTESIAN_POINT('',(0.163742386445,2.569717297907E-02,
    1.766085410303));
#10789 = CARTESIAN_POINT('',(0.157001171468,1.280624391788E-02,
    1.755908602047));
#10790 = CARTESIAN_POINT('',(0.150731935253,2.22044604925E-16,
    1.745049966396));
#10791 = ORIENTED_EDGE('',*,*,#10792,.F.);
#10792 = EDGE_CURVE('',#10709,#10737,#10793,.T.);
#10793 = CIRCLE('',#10794,2.5);
#10794 = AXIS2_PLACEMENT_3D('',#10795,#10796,#10797);
#10795 = CARTESIAN_POINT('',(2.5,2.22044604925E-16,2.6));
#10796 = DIRECTION('',(0.,-1.,0.));
#10797 = DIRECTION('',(-1.,0.,0.));
#10798 = SPHERICAL_SURFACE('',#10799,3.125);
#10799 = AXIS2_PLACEMENT_3D('',#10800,#10801,#10802);
#10800 = CARTESIAN_POINT('',(2.5,-1.875,2.6));
#10801 = DIRECTION('',(0.,-1.,0.));
#10802 = DIRECTION('',(-1.,0.,0.));
#10803 = ADVANCED_FACE('',(#10804),#10880,.T.);
#10804 = FACE_BOUND('',#10805,.T.);
#10805 = EDGE_LOOP('',(#10806,#10815,#10816,#10853,#10876,#10877,#10878,
    #10879));
#10806 = ORIENTED_EDGE('',*,*,#10807,.F.);
#10807 = EDGE_CURVE('',#10709,#10808,#10810,.T.);
#10808 = VERTEX_POINT('',#10809);
#10809 = CARTESIAN_POINT('',(2.5,-1.25,2.6));
#10810 = CIRCLE('',#10811,3.125);
#10811 = AXIS2_PLACEMENT_3D('',#10812,#10813,#10814);
#10812 = CARTESIAN_POINT('',(2.5,1.875,2.6));
#10813 = DIRECTION('',(0.,0.,1.));
#10814 = DIRECTION('',(-0.8,-0.6,0.));
#10815 = ORIENTED_EDGE('',*,*,#10792,.T.);
#10816 = ORIENTED_EDGE('',*,*,#10817,.T.);
#10817 = EDGE_CURVE('',#10737,#10818,#10820,.T.);
#10818 = VERTEX_POINT('',#10819);
#10819 = CARTESIAN_POINT('',(0.401665123652,-0.25,1.67967899801));
#10820 = B_SPLINE_CURVE_WITH_KNOTS('',7,(#10821,#10822,#10823,#10824,
    #10825,#10826,#10827,#10828,#10829,#10830,#10831,#10832,#10833,
    #10834,#10835,#10836,#10837,#10838,#10839,#10840,#10841,#10842,
    #10843,#10844,#10845,#10846,#10847,#10848,#10849,#10850,#10851,
    #10852),.UNSPECIFIED.,.F.,.F.,(8,6,6,6,6,8),(0.,0.241763709606,
    0.410219394067,0.536520901234,0.746819928873,1.),.UNSPECIFIED.);
#10821 = CARTESIAN_POINT('',(0.150731935253,1.942890293094E-16,
    1.745049966396));
#10822 = CARTESIAN_POINT('',(0.155635998502,-1.00175887458E-02,
    1.753544053108));
#10823 = CARTESIAN_POINT('',(0.160949457952,-2.032222277588E-02,
    1.761810882375));
#10824 = CARTESIAN_POINT('',(0.166717880356,-3.095532345321E-02,
    1.769830860093));
#10825 = CARTESIAN_POINT('',(0.172992191722,-4.195336368249E-02,
    1.777563706467));
#10826 = CARTESIAN_POINT('',(0.179843130112,-5.335972239521E-02,
    1.784937757424));
#10827 = CARTESIAN_POINT('',(0.187345554972,-6.52134448979E-02,
    1.791860790373));
#10828 = CARTESIAN_POINT('',(0.20145834458,-8.626048624403E-02,
    1.8025564966));
#10829 = CARTESIAN_POINT('',(0.207497241755,-9.494432076174E-02,
    1.806533844359));
#10830 = CARTESIAN_POINT('',(0.213785315184,-0.103658414054,
    1.810054547961));
#10831 = CARTESIAN_POINT('',(0.220323451176,-0.112384519971,
    1.813070715722));
#10832 = CARTESIAN_POINT('',(0.227107757509,-0.121096801103,
    1.815528388151));
#10833 = CARTESIAN_POINT('',(0.234129563435,-0.129761828779,
    1.817367537946));
#10834 = CARTESIAN_POINT('',(0.246808080298,-0.14476909918,
    1.819387693132));
#10835 = CARTESIAN_POINT('',(0.252366857324,-0.151151003546,
    1.819870466346));
#10836 = CARTESIAN_POINT('',(0.258042695449,-0.157462287585,
    1.819940124931));
#10837 = CARTESIAN_POINT('',(0.263822792127,-0.16367854908,
    1.819570425239));
#10838 = CARTESIAN_POINT('',(0.269690597568,-0.169772992178,
    1.818739144678));
#10839 = CARTESIAN_POINT('',(0.275625814735,-0.175716427386,
    1.817428081711));
#10840 = CARTESIAN_POINT('',(0.291559074948,-0.191069397273,
    1.812617587517));
#10841 = CARTESIAN_POINT('',(0.301657748239,-0.200179567672,
    1.808239048518));
#10842 = CARTESIAN_POINT('',(0.311723931989,-0.208600246808,
    1.802446960471));
#10843 = CARTESIAN_POINT('',(0.321617553155,-0.216203663218,
    1.795293526394));
#10844 = CARTESIAN_POINT('',(0.331219427242,-0.222911046085,
    1.786901062705));
#10845 = CARTESIAN_POINT('',(0.340423932952,-0.228682208446,
    1.777454057668));
#10846 = CARTESIAN_POINT('',(0.359633068796,-0.239356313731,
    1.754867994488));
#10847 = CARTESIAN_POINT('',(0.368576432509,-0.24337539305,1.74236045183
    ));
#10848 = CARTESIAN_POINT('',(0.376555095958,-0.246276217548,
    1.729806365287));
#10849 = CARTESIAN_POINT('',(0.383702851552,-0.248221538981,
    1.717250157529));
#10850 = CARTESIAN_POINT('',(0.39021384515,-0.249434404961,1.70471887316
    ));
#10851 = CARTESIAN_POINT('',(0.396171348711,-0.249999998934,
    1.692204820721));
#10852 = CARTESIAN_POINT('',(0.401665123652,-0.25,1.67967899801));
#10853 = ORIENTED_EDGE('',*,*,#10854,.T.);
#10854 = EDGE_CURVE('',#10818,#10728,#10855,.T.);
#10855 = B_SPLINE_CURVE_WITH_KNOTS('',7,(#10856,#10857,#10858,#10859,
    #10860,#10861,#10862,#10863,#10864,#10865,#10866,#10867,#10868,
    #10869,#10870,#10871,#10872,#10873,#10874,#10875),.UNSPECIFIED.,.F.,
  .F.,(8,6,6,8),(0.,0.281994812224,0.607907449014,1.),.UNSPECIFIED.);
#10856 = CARTESIAN_POINT('',(0.401665123652,-0.25,1.67967899801));
#10857 = CARTESIAN_POINT('',(0.40859683775,-0.249999998655,
    1.663874664792));
#10858 = CARTESIAN_POINT('',(0.415220680581,-0.249097702928,
    1.647066430357));
#10859 = CARTESIAN_POINT('',(0.42151202078,-0.247237965056,
    1.629245900852));
#10860 = CARTESIAN_POINT('',(0.427432583132,-0.244351132051,
    1.610414633263));
#10861 = CARTESIAN_POINT('',(0.432930863285,-0.240354966676,
    1.590588712835));
#10862 = CARTESIAN_POINT('',(0.437943940976,-0.235162078934,
    1.569806567481));
#10863 = CARTESIAN_POINT('',(0.447534815778,-0.221156737985,
    1.523036611146));
#10864 = CARTESIAN_POINT('',(0.451982021773,-0.211820586954,
    1.496455272772));
#10865 = CARTESIAN_POINT('',(0.455500478753,-0.200538253601,
    1.468779146538));
#10866 = CARTESIAN_POINT('',(0.457877435607,-0.187310533225,
    1.440582892477));
#10867 = CARTESIAN_POINT('',(0.458959554352,-0.172323535551,
    1.412599353835));
#10868 = CARTESIAN_POINT('',(0.458686080298,-0.15601775272,
    1.385700124245));
#10869 = CARTESIAN_POINT('',(0.45561238085,-0.119293483311,
    1.331066240954));
#10870 = CARTESIAN_POINT('',(0.452307627967,-9.868060220835E-02,
    1.304224275266));
#10871 = CARTESIAN_POINT('',(0.44767989276,-7.804002354262E-02,
    1.280481999297));
#10872 = CARTESIAN_POINT('',(0.442009635296,-5.773102402739E-02,
    1.25968628812));
#10873 = CARTESIAN_POINT('',(0.435515175078,-3.79453522272E-02,
    1.241582242933));
#10874 = CARTESIAN_POINT('',(0.42833527157,-1.872686925325E-02,
    1.225873049248));
#10875 = CARTESIAN_POINT('',(0.420502910737,1.942890293094E-16,
    1.212307002343));
#10876 = ORIENTED_EDGE('',*,*,#10727,.T.);
#10877 = ORIENTED_EDGE('',*,*,#10617,.T.);
#10878 = ORIENTED_EDGE('',*,*,#10718,.T.);
#10879 = ORIENTED_EDGE('',*,*,#10807,.T.);
#10880 = SPHERICAL_SURFACE('',#10881,3.125);
#10881 = AXIS2_PLACEMENT_3D('',#10882,#10883,#10884);
#10882 = CARTESIAN_POINT('',(2.5,1.875,2.6));
#10883 = DIRECTION('',(0.,-1.,0.));
#10884 = DIRECTION('',(-1.,0.,0.));
#10885 = ADVANCED_FACE('',(#10886),#10907,.T.);
#10886 = FACE_BOUND('',#10887,.T.);
#10887 = EDGE_LOOP('',(#10888,#10896,#10897,#10898,#10899,#10900));
#10888 = ORIENTED_EDGE('',*,*,#10889,.T.);
#10889 = EDGE_CURVE('',#10890,#10818,#10892,.T.);
#10890 = VERTEX_POINT('',#10891);
#10891 = CARTESIAN_POINT('',(6.698729810778E-02,-0.25,1.1));
#10892 = LINE('',#10893,#10894);
#10893 = CARTESIAN_POINT('',(6.698729810778E-02,-0.25,1.1));
#10894 = VECTOR('',#10895,1.);
#10895 = DIRECTION('',(0.5,5.551115123128E-17,0.866025403784));
#10896 = ORIENTED_EDGE('',*,*,#10817,.F.);
#10897 = ORIENTED_EDGE('',*,*,#10736,.F.);
#10898 = ORIENTED_EDGE('',*,*,#10854,.F.);
#10899 = ORIENTED_EDGE('',*,*,#10889,.F.);
#10900 = ORIENTED_EDGE('',*,*,#10901,.T.);
#10901 = EDGE_CURVE('',#10890,#10890,#10902,.T.);
#10902 = CIRCLE('',#10903,0.25);
#10903 = AXIS2_PLACEMENT_3D('',#10904,#10905,#10906);
#10904 = CARTESIAN_POINT('',(6.698729810778E-02,5.337293624795E-33,1.1)
  );
#10905 = DIRECTION('',(0.5,5.551115123128E-17,0.866025403784));
#10906 = DIRECTION('',(1.110223024625E-16,-1.,8.646655078321E-30));
#10907 = CYLINDRICAL_SURFACE('',#10908,0.25);
#10908 = AXIS2_PLACEMENT_3D('',#10909,#10910,#10911);
#10909 = CARTESIAN_POINT('',(6.698729810778E-02,0.,1.1));
#10910 = DIRECTION('',(-0.5,-5.551115123128E-17,-0.866025403784));
#10911 = DIRECTION('',(1.110223024625E-16,-1.,8.646655078321E-30));
#10912 = ADVANCED_FACE('',(#10913),#10933,.F.);
#10913 = FACE_BOUND('',#10914,.F.);
#10914 = EDGE_LOOP('',(#10915,#10924,#10931,#10932));
#10915 = ORIENTED_EDGE('',*,*,#10916,.F.);
#10916 = EDGE_CURVE('',#10917,#10890,#10919,.T.);
#10917 = VERTEX_POINT('',#10918);
#10918 = CARTESIAN_POINT('',(1.942890293094E-16,-0.25,0.85));
#10919 = CIRCLE('',#10920,0.5);
#10920 = AXIS2_PLACEMENT_3D('',#10921,#10922,#10923);
#10921 = CARTESIAN_POINT('',(0.5,-0.25,0.85));
#10922 = DIRECTION('',(-1.110223024625E-16,1.,0.));
#10923 = DIRECTION('',(-1.,-1.110223024625E-16,0.));
#10924 = ORIENTED_EDGE('',*,*,#10925,.F.);
#10925 = EDGE_CURVE('',#10917,#10917,#10926,.T.);
#10926 = CIRCLE('',#10927,0.25);
#10927 = AXIS2_PLACEMENT_3D('',#10928,#10929,#10930);
#10928 = CARTESIAN_POINT('',(1.665334536938E-16,0.,0.85));
#10929 = DIRECTION('',(-0.,0.,1.));
#10930 = DIRECTION('',(1.110223024625E-16,-1.,0.));
#10931 = ORIENTED_EDGE('',*,*,#10916,.T.);
#10932 = ORIENTED_EDGE('',*,*,#10901,.T.);
#10933 = SURFACE_OF_REVOLUTION('',#10934,#10939);
#10934 = CIRCLE('',#10935,0.25);
#10935 = AXIS2_PLACEMENT_3D('',#10936,#10937,#10938);
#10936 = CARTESIAN_POINT('',(1.665334536938E-16,0.,0.85));
#10937 = DIRECTION('',(-0.,0.,1.));
#10938 = DIRECTION('',(1.110223024625E-16,-1.,0.));
#10939 = AXIS1_PLACEMENT('',#10940,#10941);
#10940 = CARTESIAN_POINT('',(0.5,4.,0.85));
#10941 = DIRECTION('',(-1.110223024625E-16,1.,0.));
#10942 = ADVANCED_FACE('',(#10943),#10962,.T.);
#10943 = FACE_BOUND('',#10944,.T.);
#10944 = EDGE_LOOP('',(#10945,#10953,#10954,#10955));
#10945 = ORIENTED_EDGE('',*,*,#10946,.T.);
#10946 = EDGE_CURVE('',#10947,#10917,#10949,.T.);
#10947 = VERTEX_POINT('',#10948);
#10948 = CARTESIAN_POINT('',(1.942890293094E-16,-0.25,-2.));
#10949 = LINE('',#10950,#10951);
#10950 = CARTESIAN_POINT('',(1.942890293094E-16,-0.25,-2.));
#10951 = VECTOR('',#10952,1.);
#10952 = DIRECTION('',(0.,0.,1.));
#10953 = ORIENTED_EDGE('',*,*,#10925,.F.);
#10954 = ORIENTED_EDGE('',*,*,#10946,.F.);
#10955 = ORIENTED_EDGE('',*,*,#10956,.T.);
#10956 = EDGE_CURVE('',#10947,#10947,#10957,.T.);
#10957 = CIRCLE('',#10958,0.25);
#10958 = AXIS2_PLACEMENT_3D('',#10959,#10960,#10961);
#10959 = CARTESIAN_POINT('',(1.665334536938E-16,0.,-2.));
#10960 = DIRECTION('',(-0.,0.,1.));
#10961 = DIRECTION('',(1.110223024625E-16,-1.,0.));
#10962 = CYLINDRICAL_SURFACE('',#10963,0.25);
#10963 = AXIS2_PLACEMENT_3D('',#10964,#10965,#10966);
#10964 = CARTESIAN_POINT('',(1.665334536938E-16,0.,-2.));
#10965 = DIRECTION('',(-0.,0.,-1.));
#10966 = DIRECTION('',(1.110223024625E-16,-1.,-0.));
#10967 = ADVANCED_FACE('',(#10968),#10971,.T.);
#10968 = FACE_BOUND('',#10969,.F.);
#10969 = EDGE_LOOP('',(#10970));
#10970 = ORIENTED_EDGE('',*,*,#10956,.T.);
#10971 = PLANE('',#10972);
#10972 = AXIS2_PLACEMENT_3D('',#10973,#10974,#10975);
#10973 = CARTESIAN_POINT('',(1.942890293094E-16,-0.25,-2.));
#10974 = DIRECTION('',(0.,0.,-1.));
#10975 = DIRECTION('',(-1.110223024625E-16,1.,0.));
#10976 = ( GEOMETRIC_REPRESENTATION_CONTEXT(3) 
GLOBAL_UNCERTAINTY_ASSIGNED_CONTEXT((#10980)) 
GLOBAL_UNIT_ASSIGNED_CONTEXT((#10977,#10978,#10979)) 
REPRESENTATION_CONTEXT('Context #1',
  '3D Context with UNIT and UNCERTAINTY') );
#10977 = ( LENGTH_UNIT() NAMED_UNIT(*) SI_UNIT(.MILLI.,.METRE.) );
#10978 = ( NAMED_UNIT(*) PLANE_ANGLE_UNIT() SI_UNIT($,.RADIAN.) );
#10979 = ( NAMED_UNIT(*) SI_UNIT($,.STERADIAN.) SOLID_ANGLE_UNIT() );
#10980 = UNCERTAINTY_MEASURE_WITH_UNIT(LENGTH_MEASURE(2.E-07),#10977,
  'distance_accuracy_value','confusion accuracy');
#10981 = CONTEXT_DEPENDENT_SHAPE_REPRESENTATION(#10982,#10984);
#10982 = ( REPRESENTATION_RELATIONSHIP('','',#10493,#10) 
REPRESENTATION_RELATIONSHIP_WITH_TRANSFORMATION(#10983) 
SHAPE_REPRESENTATION_RELATIONSHIP() );
#10983 = ITEM_DEFINED_TRANSFORMATION('','',#11,#35);
#10984 = PRODUCT_DEFINITION_SHAPE('Placement','Placement of an item',
  #10985);
#10985 = NEXT_ASSEMBLY_USAGE_OCCURRENCE('6','C2','',#5,#10488,$);
#10986 = PRODUCT_RELATED_PRODUCT_CATEGORY('part',$,(#10490));
#10987 = CONTEXT_DEPENDENT_SHAPE_REPRESENTATION(#10988,#10990);
#10988 = ( REPRESENTATION_RELATIONSHIP('','',#9037,#10) 
REPRESENTATION_RELATIONSHIP_WITH_TRANSFORMATION(#10989) 
SHAPE_REPRESENTATION_RELATIONSHIP() );
#10989 = ITEM_DEFINED_TRANSFORMATION('','',#11,#39);
#10990 = PRODUCT_DEFINITION_SHAPE('Placement','Placement of an item',
  #10991);
#10991 = NEXT_ASSEMBLY_USAGE_OCCURRENCE('7','J5','',#5,#9032,$);
#10992 = CONTEXT_DEPENDENT_SHAPE_REPRESENTATION(#10993,#10995);
#10993 = ( REPRESENTATION_RELATIONSHIP('','',#6238,#10) 
REPRESENTATION_RELATIONSHIP_WITH_TRANSFORMATION(#10994) 
SHAPE_REPRESENTATION_RELATIONSHIP() );
#10994 = ITEM_DEFINED_TRANSFORMATION('','',#11,#43);
#10995 = PRODUCT_DEFINITION_SHAPE('Placement','Placement of an item',
  #10996);
#10996 = NEXT_ASSEMBLY_USAGE_OCCURRENCE('8','J3','',#5,#6233,$);
#10997 = SHAPE_DEFINITION_REPRESENTATION(#10998,#11004);
#10998 = PRODUCT_DEFINITION_SHAPE('','',#10999);
#10999 = PRODUCT_DEFINITION('design','',#11000,#11003);
#11000 = PRODUCT_DEFINITION_FORMATION('','',#11001);
#11001 = PRODUCT('SLIDER_PCB_REV_A_PCB','SLIDER_PCB_REV_A_PCB','',(
    #11002));
#11002 = PRODUCT_CONTEXT('',#2,'mechanical');
#11003 = PRODUCT_DEFINITION_CONTEXT('part definition',#2,'design');
#11004 = ADVANCED_BREP_SHAPE_REPRESENTATION('',(#11,#11005),#13947);
#11005 = MANIFOLD_SOLID_BREP('',#11006);
#11006 = CLOSED_SHELL('',(#11007,#11049,#11080,#11111,#11911,#12711,
    #12728,#12745,#12762,#12779,#12791,#12808,#12825,#12842,#12859,
    #12876,#12893,#12910,#12927,#12944,#12961,#12978,#12995,#13012,
    #13029,#13046,#13063,#13080,#13097,#13114,#13131,#13148,#13165,
    #13182,#13199,#13216,#13233,#13250,#13267,#13284,#13301,#13318,
    #13335,#13352,#13369,#13386,#13403,#13420,#13437,#13454,#13471,
    #13488,#13505,#13522,#13539,#13556,#13573,#13590,#13607,#13624,
    #13641,#13658,#13675,#13692,#13709,#13726,#13743,#13760,#13777,
    #13794,#13811,#13828,#13845,#13862,#13879,#13896,#13913,#13930));
#11007 = ADVANCED_FACE('',(#11008),#11044,.T.);
#11008 = FACE_BOUND('',#11009,.T.);
#11009 = EDGE_LOOP('',(#11010,#11020,#11029,#11037));
#11010 = ORIENTED_EDGE('',*,*,#11011,.T.);
#11011 = EDGE_CURVE('',#11012,#11014,#11016,.T.);
#11012 = VERTEX_POINT('',#11013);
#11013 = CARTESIAN_POINT('',(131.,-62.5,0.));
#11014 = VERTEX_POINT('',#11015);
#11015 = CARTESIAN_POINT('',(131.,-62.5,1.51));
#11016 = LINE('',#11017,#11018);
#11017 = CARTESIAN_POINT('',(131.,-62.5,0.));
#11018 = VECTOR('',#11019,1.);
#11019 = DIRECTION('',(0.,0.,1.));
#11020 = ORIENTED_EDGE('',*,*,#11021,.T.);
#11021 = EDGE_CURVE('',#11014,#11022,#11024,.T.);
#11022 = VERTEX_POINT('',#11023);
#11023 = CARTESIAN_POINT('',(134.,-65.5,1.51));
#11024 = CIRCLE('',#11025,3.000001172987);
#11025 = AXIS2_PLACEMENT_3D('',#11026,#11027,#11028);
#11026 = CARTESIAN_POINT('',(130.99999882701,-65.50000117298,1.51));
#11027 = DIRECTION('',(0.,0.,-1.));
#11028 = DIRECTION('',(3.909953710804E-07,1.,0.));
#11029 = ORIENTED_EDGE('',*,*,#11030,.F.);
#11030 = EDGE_CURVE('',#11031,#11022,#11033,.T.);
#11031 = VERTEX_POINT('',#11032);
#11032 = CARTESIAN_POINT('',(134.,-65.5,0.));
#11033 = LINE('',#11034,#11035);
#11034 = CARTESIAN_POINT('',(134.,-65.5,0.));
#11035 = VECTOR('',#11036,1.);
#11036 = DIRECTION('',(0.,0.,1.));
#11037 = ORIENTED_EDGE('',*,*,#11038,.F.);
#11038 = EDGE_CURVE('',#11012,#11031,#11039,.T.);
#11039 = CIRCLE('',#11040,3.000001172987);
#11040 = AXIS2_PLACEMENT_3D('',#11041,#11042,#11043);
#11041 = CARTESIAN_POINT('',(130.99999882701,-65.50000117298,0.));
#11042 = DIRECTION('',(0.,0.,-1.));
#11043 = DIRECTION('',(3.909953710804E-07,1.,0.));
#11044 = CYLINDRICAL_SURFACE('',#11045,3.000001172987);
#11045 = AXIS2_PLACEMENT_3D('',#11046,#11047,#11048);
#11046 = CARTESIAN_POINT('',(130.99999882701,-65.50000117298,0.));
#11047 = DIRECTION('',(0.,0.,-1.));
#11048 = DIRECTION('',(3.909953710804E-07,1.,0.));
#11049 = ADVANCED_FACE('',(#11050),#11075,.T.);
#11050 = FACE_BOUND('',#11051,.T.);
#11051 = EDGE_LOOP('',(#11052,#11062,#11068,#11069));
#11052 = ORIENTED_EDGE('',*,*,#11053,.T.);
#11053 = EDGE_CURVE('',#11054,#11056,#11058,.T.);
#11054 = VERTEX_POINT('',#11055);
#11055 = CARTESIAN_POINT('',(75.,-62.5,0.));
#11056 = VERTEX_POINT('',#11057);
#11057 = CARTESIAN_POINT('',(75.,-62.5,1.51));
#11058 = LINE('',#11059,#11060);
#11059 = CARTESIAN_POINT('',(75.,-62.5,0.));
#11060 = VECTOR('',#11061,1.);
#11061 = DIRECTION('',(0.,0.,1.));
#11062 = ORIENTED_EDGE('',*,*,#11063,.T.);
#11063 = EDGE_CURVE('',#11056,#11014,#11064,.T.);
#11064 = LINE('',#11065,#11066);
#11065 = CARTESIAN_POINT('',(75.,-62.5,1.51));
#11066 = VECTOR('',#11067,1.);
#11067 = DIRECTION('',(1.,0.,0.));
#11068 = ORIENTED_EDGE('',*,*,#11011,.F.);
#11069 = ORIENTED_EDGE('',*,*,#11070,.F.);
#11070 = EDGE_CURVE('',#11054,#11012,#11071,.T.);
#11071 = LINE('',#11072,#11073);
#11072 = CARTESIAN_POINT('',(75.,-62.5,0.));
#11073 = VECTOR('',#11074,1.);
#11074 = DIRECTION('',(1.,0.,0.));
#11075 = PLANE('',#11076);
#11076 = AXIS2_PLACEMENT_3D('',#11077,#11078,#11079);
#11077 = CARTESIAN_POINT('',(75.,-62.5,0.));
#11078 = DIRECTION('',(0.,1.,0.));
#11079 = DIRECTION('',(1.,0.,0.));
#11080 = ADVANCED_FACE('',(#11081),#11106,.T.);
#11081 = FACE_BOUND('',#11082,.T.);
#11082 = EDGE_LOOP('',(#11083,#11084,#11092,#11100));
#11083 = ORIENTED_EDGE('',*,*,#11030,.T.);
#11084 = ORIENTED_EDGE('',*,*,#11085,.T.);
#11085 = EDGE_CURVE('',#11022,#11086,#11088,.T.);
#11086 = VERTEX_POINT('',#11087);
#11087 = CARTESIAN_POINT('',(134.,-95.5,1.51));
#11088 = LINE('',#11089,#11090);
#11089 = CARTESIAN_POINT('',(134.,-65.5,1.51));
#11090 = VECTOR('',#11091,1.);
#11091 = DIRECTION('',(0.,-1.,0.));
#11092 = ORIENTED_EDGE('',*,*,#11093,.F.);
#11093 = EDGE_CURVE('',#11094,#11086,#11096,.T.);
#11094 = VERTEX_POINT('',#11095);
#11095 = CARTESIAN_POINT('',(134.,-95.5,0.));
#11096 = LINE('',#11097,#11098);
#11097 = CARTESIAN_POINT('',(134.,-95.5,0.));
#11098 = VECTOR('',#11099,1.);
#11099 = DIRECTION('',(0.,0.,1.));
#11100 = ORIENTED_EDGE('',*,*,#11101,.F.);
#11101 = EDGE_CURVE('',#11031,#11094,#11102,.T.);
#11102 = LINE('',#11103,#11104);
#11103 = CARTESIAN_POINT('',(134.,-65.5,0.));
#11104 = VECTOR('',#11105,1.);
#11105 = DIRECTION('',(0.,-1.,0.));
#11106 = PLANE('',#11107);
#11107 = AXIS2_PLACEMENT_3D('',#11108,#11109,#11110);
#11108 = CARTESIAN_POINT('',(134.,-65.5,0.));
#11109 = DIRECTION('',(1.,0.,-0.));
#11110 = DIRECTION('',(0.,-1.,0.));
#11111 = ADVANCED_FACE('',(#11112,#11158,#11169,#11180,#11191,#11202,
    #11213,#11224,#11235,#11246,#11257,#11268,#11279,#11290,#11301,
    #11312,#11323,#11334,#11345,#11356,#11367,#11378,#11389,#11400,
    #11411,#11422,#11433,#11444,#11455,#11466,#11477,#11488,#11499,
    #11510,#11521,#11532,#11543,#11554,#11565,#11576,#11587,#11598,
    #11609,#11620,#11631,#11642,#11653,#11664,#11675,#11686,#11697,
    #11708,#11719,#11730,#11741,#11752,#11763,#11774,#11785,#11796,
    #11807,#11818,#11829,#11840,#11851,#11862,#11873,#11884,#11895),
  #11906,.F.);
#11112 = FACE_BOUND('',#11113,.F.);
#11113 = EDGE_LOOP('',(#11114,#11115,#11116,#11125,#11133,#11142,#11150,
    #11157));
#11114 = ORIENTED_EDGE('',*,*,#11038,.F.);
#11115 = ORIENTED_EDGE('',*,*,#11070,.F.);
#11116 = ORIENTED_EDGE('',*,*,#11117,.F.);
#11117 = EDGE_CURVE('',#11118,#11054,#11120,.T.);
#11118 = VERTEX_POINT('',#11119);
#11119 = CARTESIAN_POINT('',(72.,-65.5,0.));
#11120 = CIRCLE('',#11121,3.000001172987);
#11121 = AXIS2_PLACEMENT_3D('',#11122,#11123,#11124);
#11122 = CARTESIAN_POINT('',(75.000001172987,-65.50000117298,0.));
#11123 = DIRECTION('',(0.,0.,-1.));
#11124 = DIRECTION('',(-1.,3.909953663434E-07,0.));
#11125 = ORIENTED_EDGE('',*,*,#11126,.F.);
#11126 = EDGE_CURVE('',#11127,#11118,#11129,.T.);
#11127 = VERTEX_POINT('',#11128);
#11128 = CARTESIAN_POINT('',(72.,-95.5,0.));
#11129 = LINE('',#11130,#11131);
#11130 = CARTESIAN_POINT('',(72.,-95.5,0.));
#11131 = VECTOR('',#11132,1.);
#11132 = DIRECTION('',(0.,1.,0.));
#11133 = ORIENTED_EDGE('',*,*,#11134,.F.);
#11134 = EDGE_CURVE('',#11135,#11127,#11137,.T.);
#11135 = VERTEX_POINT('',#11136);
#11136 = CARTESIAN_POINT('',(75.,-98.5,0.));
#11137 = CIRCLE('',#11138,3.000001172987);
#11138 = AXIS2_PLACEMENT_3D('',#11139,#11140,#11141);
#11139 = CARTESIAN_POINT('',(75.000001172987,-95.49999882701,0.));
#11140 = DIRECTION('',(0.,0.,-1.));
#11141 = DIRECTION('',(-3.909953663434E-07,-1.,-0.));
#11142 = ORIENTED_EDGE('',*,*,#11143,.F.);
#11143 = EDGE_CURVE('',#11144,#11135,#11146,.T.);
#11144 = VERTEX_POINT('',#11145);
#11145 = CARTESIAN_POINT('',(131.,-98.5,0.));
#11146 = LINE('',#11147,#11148);
#11147 = CARTESIAN_POINT('',(131.,-98.5,0.));
#11148 = VECTOR('',#11149,1.);
#11149 = DIRECTION('',(-1.,0.,0.));
#11150 = ORIENTED_EDGE('',*,*,#11151,.F.);
#11151 = EDGE_CURVE('',#11094,#11144,#11152,.T.);
#11152 = CIRCLE('',#11153,3.000001172987);
#11153 = AXIS2_PLACEMENT_3D('',#11154,#11155,#11156);
#11154 = CARTESIAN_POINT('',(130.99999882701,-95.49999882701,0.));
#11155 = DIRECTION('',(0.,0.,-1.));
#11156 = DIRECTION('',(1.,-3.909953663434E-07,0.));
#11157 = ORIENTED_EDGE('',*,*,#11101,.F.);
#11158 = FACE_BOUND('',#11159,.F.);
#11159 = EDGE_LOOP('',(#11160));
#11160 = ORIENTED_EDGE('',*,*,#11161,.T.);
#11161 = EDGE_CURVE('',#11162,#11162,#11164,.T.);
#11162 = VERTEX_POINT('',#11163);
#11163 = CARTESIAN_POINT('',(77.275,-95.1725,0.));
#11164 = CIRCLE('',#11165,0.5);
#11165 = AXIS2_PLACEMENT_3D('',#11166,#11167,#11168);
#11166 = CARTESIAN_POINT('',(77.275,-94.6725,0.));
#11167 = DIRECTION('',(-0.,0.,-1.));
#11168 = DIRECTION('',(-0.,-1.,0.));
#11169 = FACE_BOUND('',#11170,.F.);
#11170 = EDGE_LOOP('',(#11171));
#11171 = ORIENTED_EDGE('',*,*,#11172,.T.);
#11172 = EDGE_CURVE('',#11173,#11173,#11175,.T.);
#11173 = VERTEX_POINT('',#11174);
#11174 = CARTESIAN_POINT('',(77.275,-92.6325,0.));
#11175 = CIRCLE('',#11176,0.5);
#11176 = AXIS2_PLACEMENT_3D('',#11177,#11178,#11179);
#11177 = CARTESIAN_POINT('',(77.275,-92.1325,0.));
#11178 = DIRECTION('',(-0.,0.,-1.));
#11179 = DIRECTION('',(-0.,-1.,0.));
#11180 = FACE_BOUND('',#11181,.F.);
#11181 = EDGE_LOOP('',(#11182));
#11182 = ORIENTED_EDGE('',*,*,#11183,.T.);
#11183 = EDGE_CURVE('',#11184,#11184,#11186,.T.);
#11184 = VERTEX_POINT('',#11185);
#11185 = CARTESIAN_POINT('',(77.275,-90.0925,0.));
#11186 = CIRCLE('',#11187,0.5);
#11187 = AXIS2_PLACEMENT_3D('',#11188,#11189,#11190);
#11188 = CARTESIAN_POINT('',(77.275,-89.5925,0.));
#11189 = DIRECTION('',(-0.,0.,-1.));
#11190 = DIRECTION('',(-0.,-1.,0.));
#11191 = FACE_BOUND('',#11192,.F.);
#11192 = EDGE_LOOP('',(#11193));
#11193 = ORIENTED_EDGE('',*,*,#11194,.T.);
#11194 = EDGE_CURVE('',#11195,#11195,#11197,.T.);
#11195 = VERTEX_POINT('',#11196);
#11196 = CARTESIAN_POINT('',(92.775,-95.1725,0.));
#11197 = CIRCLE('',#11198,0.5);
#11198 = AXIS2_PLACEMENT_3D('',#11199,#11200,#11201);
#11199 = CARTESIAN_POINT('',(92.775,-94.6725,0.));
#11200 = DIRECTION('',(-0.,0.,-1.));
#11201 = DIRECTION('',(-0.,-1.,0.));
#11202 = FACE_BOUND('',#11203,.F.);
#11203 = EDGE_LOOP('',(#11204));
#11204 = ORIENTED_EDGE('',*,*,#11205,.T.);
#11205 = EDGE_CURVE('',#11206,#11206,#11208,.T.);
#11206 = VERTEX_POINT('',#11207);
#11207 = CARTESIAN_POINT('',(92.775,-92.6325,0.));
#11208 = CIRCLE('',#11209,0.5);
#11209 = AXIS2_PLACEMENT_3D('',#11210,#11211,#11212);
#11210 = CARTESIAN_POINT('',(92.775,-92.1325,0.));
#11211 = DIRECTION('',(-0.,0.,-1.));
#11212 = DIRECTION('',(-0.,-1.,0.));
#11213 = FACE_BOUND('',#11214,.F.);
#11214 = EDGE_LOOP('',(#11215));
#11215 = ORIENTED_EDGE('',*,*,#11216,.T.);
#11216 = EDGE_CURVE('',#11217,#11217,#11219,.T.);
#11217 = VERTEX_POINT('',#11218);
#11218 = CARTESIAN_POINT('',(92.775,-90.0925,0.));
#11219 = CIRCLE('',#11220,0.5);
#11220 = AXIS2_PLACEMENT_3D('',#11221,#11222,#11223);
#11221 = CARTESIAN_POINT('',(92.775,-89.5925,0.));
#11222 = DIRECTION('',(-0.,0.,-1.));
#11223 = DIRECTION('',(-0.,-1.,0.));
#11224 = FACE_BOUND('',#11225,.F.);
#11225 = EDGE_LOOP('',(#11226));
#11226 = ORIENTED_EDGE('',*,*,#11227,.T.);
#11227 = EDGE_CURVE('',#11228,#11228,#11230,.T.);
#11228 = VERTEX_POINT('',#11229);
#11229 = CARTESIAN_POINT('',(77.275,-87.5525,0.));
#11230 = CIRCLE('',#11231,0.5);
#11231 = AXIS2_PLACEMENT_3D('',#11232,#11233,#11234);
#11232 = CARTESIAN_POINT('',(77.275,-87.0525,0.));
#11233 = DIRECTION('',(-0.,0.,-1.));
#11234 = DIRECTION('',(-0.,-1.,0.));
#11235 = FACE_BOUND('',#11236,.F.);
#11236 = EDGE_LOOP('',(#11237));
#11237 = ORIENTED_EDGE('',*,*,#11238,.T.);
#11238 = EDGE_CURVE('',#11239,#11239,#11241,.T.);
#11239 = VERTEX_POINT('',#11240);
#11240 = CARTESIAN_POINT('',(77.275,-85.0125,0.));
#11241 = CIRCLE('',#11242,0.5);
#11242 = AXIS2_PLACEMENT_3D('',#11243,#11244,#11245);
#11243 = CARTESIAN_POINT('',(77.275,-84.5125,0.));
#11244 = DIRECTION('',(-0.,0.,-1.));
#11245 = DIRECTION('',(-0.,-1.,0.));
#11246 = FACE_BOUND('',#11247,.F.);
#11247 = EDGE_LOOP('',(#11248));
#11248 = ORIENTED_EDGE('',*,*,#11249,.T.);
#11249 = EDGE_CURVE('',#11250,#11250,#11252,.T.);
#11250 = VERTEX_POINT('',#11251);
#11251 = CARTESIAN_POINT('',(77.275,-82.4725,0.));
#11252 = CIRCLE('',#11253,0.5);
#11253 = AXIS2_PLACEMENT_3D('',#11254,#11255,#11256);
#11254 = CARTESIAN_POINT('',(77.275,-81.9725,0.));
#11255 = DIRECTION('',(-0.,0.,-1.));
#11256 = DIRECTION('',(-0.,-1.,0.));
#11257 = FACE_BOUND('',#11258,.F.);
#11258 = EDGE_LOOP('',(#11259));
#11259 = ORIENTED_EDGE('',*,*,#11260,.T.);
#11260 = EDGE_CURVE('',#11261,#11261,#11263,.T.);
#11261 = VERTEX_POINT('',#11262);
#11262 = CARTESIAN_POINT('',(92.775,-87.5525,0.));
#11263 = CIRCLE('',#11264,0.5);
#11264 = AXIS2_PLACEMENT_3D('',#11265,#11266,#11267);
#11265 = CARTESIAN_POINT('',(92.775,-87.0525,0.));
#11266 = DIRECTION('',(-0.,0.,-1.));
#11267 = DIRECTION('',(-0.,-1.,0.));
#11268 = FACE_BOUND('',#11269,.F.);
#11269 = EDGE_LOOP('',(#11270));
#11270 = ORIENTED_EDGE('',*,*,#11271,.T.);
#11271 = EDGE_CURVE('',#11272,#11272,#11274,.T.);
#11272 = VERTEX_POINT('',#11273);
#11273 = CARTESIAN_POINT('',(92.775,-85.0125,0.));
#11274 = CIRCLE('',#11275,0.5);
#11275 = AXIS2_PLACEMENT_3D('',#11276,#11277,#11278);
#11276 = CARTESIAN_POINT('',(92.775,-84.5125,0.));
#11277 = DIRECTION('',(-0.,0.,-1.));
#11278 = DIRECTION('',(-0.,-1.,0.));
#11279 = FACE_BOUND('',#11280,.F.);
#11280 = EDGE_LOOP('',(#11281));
#11281 = ORIENTED_EDGE('',*,*,#11282,.T.);
#11282 = EDGE_CURVE('',#11283,#11283,#11285,.T.);
#11283 = VERTEX_POINT('',#11284);
#11284 = CARTESIAN_POINT('',(92.775,-82.4725,0.));
#11285 = CIRCLE('',#11286,0.5);
#11286 = AXIS2_PLACEMENT_3D('',#11287,#11288,#11289);
#11287 = CARTESIAN_POINT('',(92.775,-81.9725,0.));
#11288 = DIRECTION('',(-0.,0.,-1.));
#11289 = DIRECTION('',(-0.,-1.,0.));
#11290 = FACE_BOUND('',#11291,.F.);
#11291 = EDGE_LOOP('',(#11292));
#11292 = ORIENTED_EDGE('',*,*,#11293,.T.);
#11293 = EDGE_CURVE('',#11294,#11294,#11296,.T.);
#11294 = VERTEX_POINT('',#11295);
#11295 = CARTESIAN_POINT('',(98.66,-83.79,0.));
#11296 = CIRCLE('',#11297,0.4);
#11297 = AXIS2_PLACEMENT_3D('',#11298,#11299,#11300);
#11298 = CARTESIAN_POINT('',(98.66,-83.39,0.));
#11299 = DIRECTION('',(-0.,0.,-1.));
#11300 = DIRECTION('',(-0.,-1.,0.));
#11301 = FACE_BOUND('',#11302,.F.);
#11302 = EDGE_LOOP('',(#11303));
#11303 = ORIENTED_EDGE('',*,*,#11304,.T.);
#11304 = EDGE_CURVE('',#11305,#11305,#11307,.T.);
#11305 = VERTEX_POINT('',#11306);
#11306 = CARTESIAN_POINT('',(98.66,-81.25,0.));
#11307 = CIRCLE('',#11308,0.4);
#11308 = AXIS2_PLACEMENT_3D('',#11309,#11310,#11311);
#11309 = CARTESIAN_POINT('',(98.66,-80.85,0.));
#11310 = DIRECTION('',(-0.,0.,-1.));
#11311 = DIRECTION('',(-0.,-1.,0.));
#11312 = FACE_BOUND('',#11313,.F.);
#11313 = EDGE_LOOP('',(#11314));
#11314 = ORIENTED_EDGE('',*,*,#11315,.T.);
#11315 = EDGE_CURVE('',#11316,#11316,#11318,.T.);
#11316 = VERTEX_POINT('',#11317);
#11317 = CARTESIAN_POINT('',(115.5,-96.62,0.));
#11318 = CIRCLE('',#11319,0.5);
#11319 = AXIS2_PLACEMENT_3D('',#11320,#11321,#11322);
#11320 = CARTESIAN_POINT('',(115.5,-96.12,0.));
#11321 = DIRECTION('',(-0.,0.,-1.));
#11322 = DIRECTION('',(-0.,-1.,0.));
#11323 = FACE_BOUND('',#11324,.F.);
#11324 = EDGE_LOOP('',(#11325));
#11325 = ORIENTED_EDGE('',*,*,#11326,.T.);
#11326 = EDGE_CURVE('',#11327,#11327,#11329,.T.);
#11327 = VERTEX_POINT('',#11328);
#11328 = CARTESIAN_POINT('',(115.5,-94.08,0.));
#11329 = CIRCLE('',#11330,0.5);
#11330 = AXIS2_PLACEMENT_3D('',#11331,#11332,#11333);
#11331 = CARTESIAN_POINT('',(115.5,-93.58,0.));
#11332 = DIRECTION('',(-0.,0.,-1.));
#11333 = DIRECTION('',(-0.,-1.,0.));
#11334 = FACE_BOUND('',#11335,.F.);
#11335 = EDGE_LOOP('',(#11336));
#11336 = ORIENTED_EDGE('',*,*,#11337,.T.);
#11337 = EDGE_CURVE('',#11338,#11338,#11340,.T.);
#11338 = VERTEX_POINT('',#11339);
#11339 = CARTESIAN_POINT('',(115.5,-91.54,0.));
#11340 = CIRCLE('',#11341,0.5);
#11341 = AXIS2_PLACEMENT_3D('',#11342,#11343,#11344);
#11342 = CARTESIAN_POINT('',(115.5,-91.04,0.));
#11343 = DIRECTION('',(-0.,0.,-1.));
#11344 = DIRECTION('',(-0.,-1.,0.));
#11345 = FACE_BOUND('',#11346,.F.);
#11346 = EDGE_LOOP('',(#11347));
#11347 = ORIENTED_EDGE('',*,*,#11348,.T.);
#11348 = EDGE_CURVE('',#11349,#11349,#11351,.T.);
#11349 = VERTEX_POINT('',#11350);
#11350 = CARTESIAN_POINT('',(124.5,-94.04,0.));
#11351 = CIRCLE('',#11352,0.5);
#11352 = AXIS2_PLACEMENT_3D('',#11353,#11354,#11355);
#11353 = CARTESIAN_POINT('',(124.5,-93.54,0.));
#11354 = DIRECTION('',(-0.,0.,-1.));
#11355 = DIRECTION('',(-0.,-1.,0.));
#11356 = FACE_BOUND('',#11357,.F.);
#11357 = EDGE_LOOP('',(#11358));
#11358 = ORIENTED_EDGE('',*,*,#11359,.T.);
#11359 = EDGE_CURVE('',#11360,#11360,#11362,.T.);
#11360 = VERTEX_POINT('',#11361);
#11361 = CARTESIAN_POINT('',(124.5,-91.5,0.));
#11362 = CIRCLE('',#11363,0.5);
#11363 = AXIS2_PLACEMENT_3D('',#11364,#11365,#11366);
#11364 = CARTESIAN_POINT('',(124.5,-91.,0.));
#11365 = DIRECTION('',(-0.,0.,-1.));
#11366 = DIRECTION('',(-0.,-1.,0.));
#11367 = FACE_BOUND('',#11368,.F.);
#11368 = EDGE_LOOP('',(#11369));
#11369 = ORIENTED_EDGE('',*,*,#11370,.T.);
#11370 = EDGE_CURVE('',#11371,#11371,#11373,.T.);
#11371 = VERTEX_POINT('',#11372);
#11372 = CARTESIAN_POINT('',(115.5,-89.,0.));
#11373 = CIRCLE('',#11374,0.5);
#11374 = AXIS2_PLACEMENT_3D('',#11375,#11376,#11377);
#11375 = CARTESIAN_POINT('',(115.5,-88.5,0.));
#11376 = DIRECTION('',(-0.,0.,-1.));
#11377 = DIRECTION('',(-0.,-1.,0.));
#11378 = FACE_BOUND('',#11379,.F.);
#11379 = EDGE_LOOP('',(#11380));
#11380 = ORIENTED_EDGE('',*,*,#11381,.T.);
#11381 = EDGE_CURVE('',#11382,#11382,#11384,.T.);
#11382 = VERTEX_POINT('',#11383);
#11383 = CARTESIAN_POINT('',(111.36,-83.79,0.));
#11384 = CIRCLE('',#11385,0.4);
#11385 = AXIS2_PLACEMENT_3D('',#11386,#11387,#11388);
#11386 = CARTESIAN_POINT('',(111.36,-83.39,0.));
#11387 = DIRECTION('',(-0.,0.,-1.));
#11388 = DIRECTION('',(-0.,-1.,0.));
#11389 = FACE_BOUND('',#11390,.F.);
#11390 = EDGE_LOOP('',(#11391));
#11391 = ORIENTED_EDGE('',*,*,#11392,.T.);
#11392 = EDGE_CURVE('',#11393,#11393,#11395,.T.);
#11393 = VERTEX_POINT('',#11394);
#11394 = CARTESIAN_POINT('',(111.36,-81.25,0.));
#11395 = CIRCLE('',#11396,0.4);
#11396 = AXIS2_PLACEMENT_3D('',#11397,#11398,#11399);
#11397 = CARTESIAN_POINT('',(111.36,-80.85,0.));
#11398 = DIRECTION('',(-0.,0.,-1.));
#11399 = DIRECTION('',(-0.,-1.,0.));
#11400 = FACE_BOUND('',#11401,.F.);
#11401 = EDGE_LOOP('',(#11402));
#11402 = ORIENTED_EDGE('',*,*,#11403,.T.);
#11403 = EDGE_CURVE('',#11404,#11404,#11406,.T.);
#11404 = VERTEX_POINT('',#11405);
#11405 = CARTESIAN_POINT('',(116.3,-83.79,0.));
#11406 = CIRCLE('',#11407,0.4);
#11407 = AXIS2_PLACEMENT_3D('',#11408,#11409,#11410);
#11408 = CARTESIAN_POINT('',(116.3,-83.39,0.));
#11409 = DIRECTION('',(-0.,0.,-1.));
#11410 = DIRECTION('',(-3.552713678801E-14,-1.,0.));
#11411 = FACE_BOUND('',#11412,.F.);
#11412 = EDGE_LOOP('',(#11413));
#11413 = ORIENTED_EDGE('',*,*,#11414,.T.);
#11414 = EDGE_CURVE('',#11415,#11415,#11417,.T.);
#11415 = VERTEX_POINT('',#11416);
#11416 = CARTESIAN_POINT('',(116.3,-81.25,0.));
#11417 = CIRCLE('',#11418,0.4);
#11418 = AXIS2_PLACEMENT_3D('',#11419,#11420,#11421);
#11419 = CARTESIAN_POINT('',(116.3,-80.85,0.));
#11420 = DIRECTION('',(-0.,0.,-1.));
#11421 = DIRECTION('',(-3.552713678801E-14,-1.,0.));
#11422 = FACE_BOUND('',#11423,.F.);
#11423 = EDGE_LOOP('',(#11424));
#11424 = ORIENTED_EDGE('',*,*,#11425,.T.);
#11425 = EDGE_CURVE('',#11426,#11426,#11428,.T.);
#11426 = VERTEX_POINT('',#11427);
#11427 = CARTESIAN_POINT('',(129.,-83.79,0.));
#11428 = CIRCLE('',#11429,0.4);
#11429 = AXIS2_PLACEMENT_3D('',#11430,#11431,#11432);
#11430 = CARTESIAN_POINT('',(129.,-83.39,0.));
#11431 = DIRECTION('',(-0.,0.,-1.));
#11432 = DIRECTION('',(-0.,-1.,0.));
#11433 = FACE_BOUND('',#11434,.F.);
#11434 = EDGE_LOOP('',(#11435));
#11435 = ORIENTED_EDGE('',*,*,#11436,.T.);
#11436 = EDGE_CURVE('',#11437,#11437,#11439,.T.);
#11437 = VERTEX_POINT('',#11438);
#11438 = CARTESIAN_POINT('',(129.,-81.25,0.));
#11439 = CIRCLE('',#11440,0.4);
#11440 = AXIS2_PLACEMENT_3D('',#11441,#11442,#11443);
#11441 = CARTESIAN_POINT('',(129.,-80.85,0.));
#11442 = DIRECTION('',(-0.,0.,-1.));
#11443 = DIRECTION('',(-0.,-1.,0.));
#11444 = FACE_BOUND('',#11445,.F.);
#11445 = EDGE_LOOP('',(#11446));
#11446 = ORIENTED_EDGE('',*,*,#11447,.T.);
#11447 = EDGE_CURVE('',#11448,#11448,#11450,.T.);
#11448 = VERTEX_POINT('',#11449);
#11449 = CARTESIAN_POINT('',(77.275,-79.9325,0.));
#11450 = CIRCLE('',#11451,0.5);
#11451 = AXIS2_PLACEMENT_3D('',#11452,#11453,#11454);
#11452 = CARTESIAN_POINT('',(77.275,-79.4325,0.));
#11453 = DIRECTION('',(-0.,0.,-1.));
#11454 = DIRECTION('',(-0.,-1.,0.));
#11455 = FACE_BOUND('',#11456,.F.);
#11456 = EDGE_LOOP('',(#11457));
#11457 = ORIENTED_EDGE('',*,*,#11458,.T.);
#11458 = EDGE_CURVE('',#11459,#11459,#11461,.T.);
#11459 = VERTEX_POINT('',#11460);
#11460 = CARTESIAN_POINT('',(77.275,-77.3925,0.));
#11461 = CIRCLE('',#11462,0.5);
#11462 = AXIS2_PLACEMENT_3D('',#11463,#11464,#11465);
#11463 = CARTESIAN_POINT('',(77.275,-76.8925,0.));
#11464 = DIRECTION('',(-0.,0.,-1.));
#11465 = DIRECTION('',(-0.,-1.,0.));
#11466 = FACE_BOUND('',#11467,.F.);
#11467 = EDGE_LOOP('',(#11468));
#11468 = ORIENTED_EDGE('',*,*,#11469,.T.);
#11469 = EDGE_CURVE('',#11470,#11470,#11472,.T.);
#11470 = VERTEX_POINT('',#11471);
#11471 = CARTESIAN_POINT('',(77.275,-74.8525,0.));
#11472 = CIRCLE('',#11473,0.5);
#11473 = AXIS2_PLACEMENT_3D('',#11474,#11475,#11476);
#11474 = CARTESIAN_POINT('',(77.275,-74.3525,0.));
#11475 = DIRECTION('',(-0.,0.,-1.));
#11476 = DIRECTION('',(-0.,-1.,0.));
#11477 = FACE_BOUND('',#11478,.F.);
#11478 = EDGE_LOOP('',(#11479));
#11479 = ORIENTED_EDGE('',*,*,#11480,.T.);
#11480 = EDGE_CURVE('',#11481,#11481,#11483,.T.);
#11481 = VERTEX_POINT('',#11482);
#11482 = CARTESIAN_POINT('',(92.775,-79.9325,0.));
#11483 = CIRCLE('',#11484,0.5);
#11484 = AXIS2_PLACEMENT_3D('',#11485,#11486,#11487);
#11485 = CARTESIAN_POINT('',(92.775,-79.4325,0.));
#11486 = DIRECTION('',(-0.,0.,-1.));
#11487 = DIRECTION('',(-0.,-1.,0.));
#11488 = FACE_BOUND('',#11489,.F.);
#11489 = EDGE_LOOP('',(#11490));
#11490 = ORIENTED_EDGE('',*,*,#11491,.T.);
#11491 = EDGE_CURVE('',#11492,#11492,#11494,.T.);
#11492 = VERTEX_POINT('',#11493);
#11493 = CARTESIAN_POINT('',(92.775,-77.3925,0.));
#11494 = CIRCLE('',#11495,0.5);
#11495 = AXIS2_PLACEMENT_3D('',#11496,#11497,#11498);
#11496 = CARTESIAN_POINT('',(92.775,-76.8925,0.));
#11497 = DIRECTION('',(-0.,0.,-1.));
#11498 = DIRECTION('',(-0.,-1.,0.));
#11499 = FACE_BOUND('',#11500,.F.);
#11500 = EDGE_LOOP('',(#11501));
#11501 = ORIENTED_EDGE('',*,*,#11502,.T.);
#11502 = EDGE_CURVE('',#11503,#11503,#11505,.T.);
#11503 = VERTEX_POINT('',#11504);
#11504 = CARTESIAN_POINT('',(98.66,-78.71,0.));
#11505 = CIRCLE('',#11506,0.4);
#11506 = AXIS2_PLACEMENT_3D('',#11507,#11508,#11509);
#11507 = CARTESIAN_POINT('',(98.66,-78.31,0.));
#11508 = DIRECTION('',(-0.,0.,-1.));
#11509 = DIRECTION('',(-0.,-1.,0.));
#11510 = FACE_BOUND('',#11511,.F.);
#11511 = EDGE_LOOP('',(#11512));
#11512 = ORIENTED_EDGE('',*,*,#11513,.T.);
#11513 = EDGE_CURVE('',#11514,#11514,#11516,.T.);
#11514 = VERTEX_POINT('',#11515);
#11515 = CARTESIAN_POINT('',(92.775,-74.8525,0.));
#11516 = CIRCLE('',#11517,0.5);
#11517 = AXIS2_PLACEMENT_3D('',#11518,#11519,#11520);
#11518 = CARTESIAN_POINT('',(92.775,-74.3525,0.));
#11519 = DIRECTION('',(-0.,0.,-1.));
#11520 = DIRECTION('',(-0.,-1.,0.));
#11521 = FACE_BOUND('',#11522,.F.);
#11522 = EDGE_LOOP('',(#11523));
#11523 = ORIENTED_EDGE('',*,*,#11524,.T.);
#11524 = EDGE_CURVE('',#11525,#11525,#11527,.T.);
#11525 = VERTEX_POINT('',#11526);
#11526 = CARTESIAN_POINT('',(98.66,-76.17,0.));
#11527 = CIRCLE('',#11528,0.4);
#11528 = AXIS2_PLACEMENT_3D('',#11529,#11530,#11531);
#11529 = CARTESIAN_POINT('',(98.66,-75.77,0.));
#11530 = DIRECTION('',(-0.,0.,-1.));
#11531 = DIRECTION('',(-0.,-1.,0.));
#11532 = FACE_BOUND('',#11533,.F.);
#11533 = EDGE_LOOP('',(#11534));
#11534 = ORIENTED_EDGE('',*,*,#11535,.T.);
#11535 = EDGE_CURVE('',#11536,#11536,#11538,.T.);
#11536 = VERTEX_POINT('',#11537);
#11537 = CARTESIAN_POINT('',(98.66,-73.63,0.));
#11538 = CIRCLE('',#11539,0.4);
#11539 = AXIS2_PLACEMENT_3D('',#11540,#11541,#11542);
#11540 = CARTESIAN_POINT('',(98.66,-73.23,0.));
#11541 = DIRECTION('',(-0.,0.,-1.));
#11542 = DIRECTION('',(-0.,-1.,0.));
#11543 = FACE_BOUND('',#11544,.F.);
#11544 = EDGE_LOOP('',(#11545));
#11545 = ORIENTED_EDGE('',*,*,#11546,.T.);
#11546 = EDGE_CURVE('',#11547,#11547,#11549,.T.);
#11547 = VERTEX_POINT('',#11548);
#11548 = CARTESIAN_POINT('',(85.38,-70.59,0.));
#11549 = CIRCLE('',#11550,0.5);
#11550 = AXIS2_PLACEMENT_3D('',#11551,#11552,#11553);
#11551 = CARTESIAN_POINT('',(85.38,-70.09,0.));
#11552 = DIRECTION('',(-0.,0.,-1.));
#11553 = DIRECTION('',(-0.,-1.,0.));
#11554 = FACE_BOUND('',#11555,.F.);
#11555 = EDGE_LOOP('',(#11556));
#11556 = ORIENTED_EDGE('',*,*,#11557,.T.);
#11557 = EDGE_CURVE('',#11558,#11558,#11560,.T.);
#11558 = VERTEX_POINT('',#11559);
#11559 = CARTESIAN_POINT('',(87.92,-70.59,0.));
#11560 = CIRCLE('',#11561,0.5);
#11561 = AXIS2_PLACEMENT_3D('',#11562,#11563,#11564);
#11562 = CARTESIAN_POINT('',(87.92,-70.09,0.));
#11563 = DIRECTION('',(-0.,0.,-1.));
#11564 = DIRECTION('',(-0.,-1.,0.));
#11565 = FACE_BOUND('',#11566,.F.);
#11566 = EDGE_LOOP('',(#11567));
#11567 = ORIENTED_EDGE('',*,*,#11568,.T.);
#11568 = EDGE_CURVE('',#11569,#11569,#11571,.T.);
#11569 = VERTEX_POINT('',#11570);
#11570 = CARTESIAN_POINT('',(76.5,-69.265,0.));
#11571 = CIRCLE('',#11572,0.5);
#11572 = AXIS2_PLACEMENT_3D('',#11573,#11574,#11575);
#11573 = CARTESIAN_POINT('',(76.5,-68.765,0.));
#11574 = DIRECTION('',(-0.,0.,-1.));
#11575 = DIRECTION('',(-0.,-1.,0.));
#11576 = FACE_BOUND('',#11577,.F.);
#11577 = EDGE_LOOP('',(#11578));
#11578 = ORIENTED_EDGE('',*,*,#11579,.T.);
#11579 = EDGE_CURVE('',#11580,#11580,#11582,.T.);
#11580 = VERTEX_POINT('',#11581);
#11581 = CARTESIAN_POINT('',(76.5,-66.725,0.));
#11582 = CIRCLE('',#11583,0.5);
#11583 = AXIS2_PLACEMENT_3D('',#11584,#11585,#11586);
#11584 = CARTESIAN_POINT('',(76.5,-66.225,0.));
#11585 = DIRECTION('',(-0.,0.,-1.));
#11586 = DIRECTION('',(-0.,-1.,0.));
#11587 = FACE_BOUND('',#11588,.F.);
#11588 = EDGE_LOOP('',(#11589));
#11589 = ORIENTED_EDGE('',*,*,#11590,.T.);
#11590 = EDGE_CURVE('',#11591,#11591,#11593,.T.);
#11591 = VERTEX_POINT('',#11592);
#11592 = CARTESIAN_POINT('',(85.38,-66.,0.));
#11593 = CIRCLE('',#11594,0.5);
#11594 = AXIS2_PLACEMENT_3D('',#11595,#11596,#11597);
#11595 = CARTESIAN_POINT('',(85.38,-65.5,0.));
#11596 = DIRECTION('',(-0.,0.,-1.));
#11597 = DIRECTION('',(-0.,-1.,0.));
#11598 = FACE_BOUND('',#11599,.F.);
#11599 = EDGE_LOOP('',(#11600));
#11600 = ORIENTED_EDGE('',*,*,#11601,.T.);
#11601 = EDGE_CURVE('',#11602,#11602,#11604,.T.);
#11602 = VERTEX_POINT('',#11603);
#11603 = CARTESIAN_POINT('',(87.92,-66.,0.));
#11604 = CIRCLE('',#11605,0.5);
#11605 = AXIS2_PLACEMENT_3D('',#11606,#11607,#11608);
#11606 = CARTESIAN_POINT('',(87.92,-65.5,0.));
#11607 = DIRECTION('',(-0.,0.,-1.));
#11608 = DIRECTION('',(-0.,-1.,0.));
#11609 = FACE_BOUND('',#11610,.F.);
#11610 = EDGE_LOOP('',(#11611));
#11611 = ORIENTED_EDGE('',*,*,#11612,.T.);
#11612 = EDGE_CURVE('',#11613,#11613,#11615,.T.);
#11613 = VERTEX_POINT('',#11614);
#11614 = CARTESIAN_POINT('',(90.46,-70.59,0.));
#11615 = CIRCLE('',#11616,0.5);
#11616 = AXIS2_PLACEMENT_3D('',#11617,#11618,#11619);
#11617 = CARTESIAN_POINT('',(90.46,-70.09,0.));
#11618 = DIRECTION('',(-0.,0.,-1.));
#11619 = DIRECTION('',(-0.,-1.,0.));
#11620 = FACE_BOUND('',#11621,.F.);
#11621 = EDGE_LOOP('',(#11622));
#11622 = ORIENTED_EDGE('',*,*,#11623,.T.);
#11623 = EDGE_CURVE('',#11624,#11624,#11626,.T.);
#11624 = VERTEX_POINT('',#11625);
#11625 = CARTESIAN_POINT('',(93.,-70.59,0.));
#11626 = CIRCLE('',#11627,0.5);
#11627 = AXIS2_PLACEMENT_3D('',#11628,#11629,#11630);
#11628 = CARTESIAN_POINT('',(93.,-70.09,0.));
#11629 = DIRECTION('',(-0.,0.,-1.));
#11630 = DIRECTION('',(-0.,-1.,0.));
#11631 = FACE_BOUND('',#11632,.F.);
#11632 = EDGE_LOOP('',(#11633));
#11633 = ORIENTED_EDGE('',*,*,#11634,.T.);
#11634 = EDGE_CURVE('',#11635,#11635,#11637,.T.);
#11635 = VERTEX_POINT('',#11636);
#11636 = CARTESIAN_POINT('',(98.66,-71.09,0.));
#11637 = CIRCLE('',#11638,0.4);
#11638 = AXIS2_PLACEMENT_3D('',#11639,#11640,#11641);
#11639 = CARTESIAN_POINT('',(98.66,-70.69,0.));
#11640 = DIRECTION('',(-0.,0.,-1.));
#11641 = DIRECTION('',(-0.,-1.,0.));
#11642 = FACE_BOUND('',#11643,.F.);
#11643 = EDGE_LOOP('',(#11644));
#11644 = ORIENTED_EDGE('',*,*,#11645,.T.);
#11645 = EDGE_CURVE('',#11646,#11646,#11648,.T.);
#11646 = VERTEX_POINT('',#11647);
#11647 = CARTESIAN_POINT('',(90.46,-66.,0.));
#11648 = CIRCLE('',#11649,0.5);
#11649 = AXIS2_PLACEMENT_3D('',#11650,#11651,#11652);
#11650 = CARTESIAN_POINT('',(90.46,-65.5,0.));
#11651 = DIRECTION('',(-0.,0.,-1.));
#11652 = DIRECTION('',(-0.,-1.,0.));
#11653 = FACE_BOUND('',#11654,.F.);
#11654 = EDGE_LOOP('',(#11655));
#11655 = ORIENTED_EDGE('',*,*,#11656,.T.);
#11656 = EDGE_CURVE('',#11657,#11657,#11659,.T.);
#11657 = VERTEX_POINT('',#11658);
#11658 = CARTESIAN_POINT('',(93.,-66.,0.));
#11659 = CIRCLE('',#11660,0.5);
#11660 = AXIS2_PLACEMENT_3D('',#11661,#11662,#11663);
#11661 = CARTESIAN_POINT('',(93.,-65.5,0.));
#11662 = DIRECTION('',(-0.,0.,-1.));
#11663 = DIRECTION('',(-0.,-1.,0.));
#11664 = FACE_BOUND('',#11665,.F.);
#11665 = EDGE_LOOP('',(#11666));
#11666 = ORIENTED_EDGE('',*,*,#11667,.T.);
#11667 = EDGE_CURVE('',#11668,#11668,#11670,.T.);
#11668 = VERTEX_POINT('',#11669);
#11669 = CARTESIAN_POINT('',(98.66,-68.55,0.));
#11670 = CIRCLE('',#11671,0.4);
#11671 = AXIS2_PLACEMENT_3D('',#11672,#11673,#11674);
#11672 = CARTESIAN_POINT('',(98.66,-68.15,0.));
#11673 = DIRECTION('',(-0.,0.,-1.));
#11674 = DIRECTION('',(-0.,-1.,0.));
#11675 = FACE_BOUND('',#11676,.F.);
#11676 = EDGE_LOOP('',(#11677));
#11677 = ORIENTED_EDGE('',*,*,#11678,.T.);
#11678 = EDGE_CURVE('',#11679,#11679,#11681,.T.);
#11679 = VERTEX_POINT('',#11680);
#11680 = CARTESIAN_POINT('',(98.66,-66.01,0.));
#11681 = CIRCLE('',#11682,0.4);
#11682 = AXIS2_PLACEMENT_3D('',#11683,#11684,#11685);
#11683 = CARTESIAN_POINT('',(98.66,-65.61,0.));
#11684 = DIRECTION('',(-0.,0.,-1.));
#11685 = DIRECTION('',(-0.,-1.,0.));
#11686 = FACE_BOUND('',#11687,.F.);
#11687 = EDGE_LOOP('',(#11688));
#11688 = ORIENTED_EDGE('',*,*,#11689,.T.);
#11689 = EDGE_CURVE('',#11690,#11690,#11692,.T.);
#11690 = VERTEX_POINT('',#11691);
#11691 = CARTESIAN_POINT('',(111.36,-78.71,0.));
#11692 = CIRCLE('',#11693,0.4);
#11693 = AXIS2_PLACEMENT_3D('',#11694,#11695,#11696);
#11694 = CARTESIAN_POINT('',(111.36,-78.31,0.));
#11695 = DIRECTION('',(-0.,0.,-1.));
#11696 = DIRECTION('',(-0.,-1.,0.));
#11697 = FACE_BOUND('',#11698,.F.);
#11698 = EDGE_LOOP('',(#11699));
#11699 = ORIENTED_EDGE('',*,*,#11700,.T.);
#11700 = EDGE_CURVE('',#11701,#11701,#11703,.T.);
#11701 = VERTEX_POINT('',#11702);
#11702 = CARTESIAN_POINT('',(105.5,-73.9,0.));
#11703 = CIRCLE('',#11704,0.4);
#11704 = AXIS2_PLACEMENT_3D('',#11705,#11706,#11707);
#11705 = CARTESIAN_POINT('',(105.5,-73.5,0.));
#11706 = DIRECTION('',(-0.,0.,-1.));
#11707 = DIRECTION('',(-0.,-1.,0.));
#11708 = FACE_BOUND('',#11709,.F.);
#11709 = EDGE_LOOP('',(#11710));
#11710 = ORIENTED_EDGE('',*,*,#11711,.T.);
#11711 = EDGE_CURVE('',#11712,#11712,#11714,.T.);
#11712 = VERTEX_POINT('',#11713);
#11713 = CARTESIAN_POINT('',(111.36,-76.17,0.));
#11714 = CIRCLE('',#11715,0.4);
#11715 = AXIS2_PLACEMENT_3D('',#11716,#11717,#11718);
#11716 = CARTESIAN_POINT('',(111.36,-75.77,0.));
#11717 = DIRECTION('',(-0.,0.,-1.));
#11718 = DIRECTION('',(-0.,-1.,0.));
#11719 = FACE_BOUND('',#11720,.F.);
#11720 = EDGE_LOOP('',(#11721));
#11721 = ORIENTED_EDGE('',*,*,#11722,.T.);
#11722 = EDGE_CURVE('',#11723,#11723,#11725,.T.);
#11723 = VERTEX_POINT('',#11724);
#11724 = CARTESIAN_POINT('',(111.36,-73.63,0.));
#11725 = CIRCLE('',#11726,0.4);
#11726 = AXIS2_PLACEMENT_3D('',#11727,#11728,#11729);
#11727 = CARTESIAN_POINT('',(111.36,-73.23,0.));
#11728 = DIRECTION('',(-0.,0.,-1.));
#11729 = DIRECTION('',(-0.,-1.,0.));
#11730 = FACE_BOUND('',#11731,.F.);
#11731 = EDGE_LOOP('',(#11732));
#11732 = ORIENTED_EDGE('',*,*,#11733,.T.);
#11733 = EDGE_CURVE('',#11734,#11734,#11736,.T.);
#11734 = VERTEX_POINT('',#11735);
#11735 = CARTESIAN_POINT('',(116.3,-78.71,0.));
#11736 = CIRCLE('',#11737,0.4);
#11737 = AXIS2_PLACEMENT_3D('',#11738,#11739,#11740);
#11738 = CARTESIAN_POINT('',(116.3,-78.31,0.));
#11739 = DIRECTION('',(-0.,0.,-1.));
#11740 = DIRECTION('',(-3.552713678801E-14,-1.,0.));
#11741 = FACE_BOUND('',#11742,.F.);
#11742 = EDGE_LOOP('',(#11743));
#11743 = ORIENTED_EDGE('',*,*,#11744,.T.);
#11744 = EDGE_CURVE('',#11745,#11745,#11747,.T.);
#11745 = VERTEX_POINT('',#11746);
#11746 = CARTESIAN_POINT('',(129.,-78.71,0.));
#11747 = CIRCLE('',#11748,0.4);
#11748 = AXIS2_PLACEMENT_3D('',#11749,#11750,#11751);
#11749 = CARTESIAN_POINT('',(129.,-78.31,0.));
#11750 = DIRECTION('',(-0.,0.,-1.));
#11751 = DIRECTION('',(-0.,-1.,0.));
#11752 = FACE_BOUND('',#11753,.F.);
#11753 = EDGE_LOOP('',(#11754));
#11754 = ORIENTED_EDGE('',*,*,#11755,.T.);
#11755 = EDGE_CURVE('',#11756,#11756,#11758,.T.);
#11756 = VERTEX_POINT('',#11757);
#11757 = CARTESIAN_POINT('',(116.3,-76.17,0.));
#11758 = CIRCLE('',#11759,0.4);
#11759 = AXIS2_PLACEMENT_3D('',#11760,#11761,#11762);
#11760 = CARTESIAN_POINT('',(116.3,-75.77,0.));
#11761 = DIRECTION('',(-0.,0.,-1.));
#11762 = DIRECTION('',(-3.552713678801E-14,-1.,0.));
#11763 = FACE_BOUND('',#11764,.F.);
#11764 = EDGE_LOOP('',(#11765));
#11765 = ORIENTED_EDGE('',*,*,#11766,.T.);
#11766 = EDGE_CURVE('',#11767,#11767,#11769,.T.);
#11767 = VERTEX_POINT('',#11768);
#11768 = CARTESIAN_POINT('',(116.3,-73.63,0.));
#11769 = CIRCLE('',#11770,0.4);
#11770 = AXIS2_PLACEMENT_3D('',#11771,#11772,#11773);
#11771 = CARTESIAN_POINT('',(116.3,-73.23,0.));
#11772 = DIRECTION('',(-0.,0.,-1.));
#11773 = DIRECTION('',(-3.552713678801E-14,-1.,0.));
#11774 = FACE_BOUND('',#11775,.F.);
#11775 = EDGE_LOOP('',(#11776));
#11776 = ORIENTED_EDGE('',*,*,#11777,.T.);
#11777 = EDGE_CURVE('',#11778,#11778,#11780,.T.);
#11778 = VERTEX_POINT('',#11779);
#11779 = CARTESIAN_POINT('',(129.,-76.17,0.));
#11780 = CIRCLE('',#11781,0.4);
#11781 = AXIS2_PLACEMENT_3D('',#11782,#11783,#11784);
#11782 = CARTESIAN_POINT('',(129.,-75.77,0.));
#11783 = DIRECTION('',(-0.,0.,-1.));
#11784 = DIRECTION('',(-0.,-1.,0.));
#11785 = FACE_BOUND('',#11786,.F.);
#11786 = EDGE_LOOP('',(#11787));
#11787 = ORIENTED_EDGE('',*,*,#11788,.T.);
#11788 = EDGE_CURVE('',#11789,#11789,#11791,.T.);
#11789 = VERTEX_POINT('',#11790);
#11790 = CARTESIAN_POINT('',(129.,-73.63,0.));
#11791 = CIRCLE('',#11792,0.4);
#11792 = AXIS2_PLACEMENT_3D('',#11793,#11794,#11795);
#11793 = CARTESIAN_POINT('',(129.,-73.23,0.));
#11794 = DIRECTION('',(-0.,0.,-1.));
#11795 = DIRECTION('',(-0.,-1.,0.));
#11796 = FACE_BOUND('',#11797,.F.);
#11797 = EDGE_LOOP('',(#11798));
#11798 = ORIENTED_EDGE('',*,*,#11799,.T.);
#11799 = EDGE_CURVE('',#11800,#11800,#11802,.T.);
#11800 = VERTEX_POINT('',#11801);
#11801 = CARTESIAN_POINT('',(111.36,-71.09,0.));
#11802 = CIRCLE('',#11803,0.4);
#11803 = AXIS2_PLACEMENT_3D('',#11804,#11805,#11806);
#11804 = CARTESIAN_POINT('',(111.36,-70.69,0.));
#11805 = DIRECTION('',(-0.,0.,-1.));
#11806 = DIRECTION('',(-0.,-1.,0.));
#11807 = FACE_BOUND('',#11808,.F.);
#11808 = EDGE_LOOP('',(#11809));
#11809 = ORIENTED_EDGE('',*,*,#11810,.T.);
#11810 = EDGE_CURVE('',#11811,#11811,#11813,.T.);
#11811 = VERTEX_POINT('',#11812);
#11812 = CARTESIAN_POINT('',(105.5,-68.9,0.));
#11813 = CIRCLE('',#11814,0.4);
#11814 = AXIS2_PLACEMENT_3D('',#11815,#11816,#11817);
#11815 = CARTESIAN_POINT('',(105.5,-68.5,0.));
#11816 = DIRECTION('',(-0.,0.,-1.));
#11817 = DIRECTION('',(-0.,-1.,0.));
#11818 = FACE_BOUND('',#11819,.F.);
#11819 = EDGE_LOOP('',(#11820));
#11820 = ORIENTED_EDGE('',*,*,#11821,.T.);
#11821 = EDGE_CURVE('',#11822,#11822,#11824,.T.);
#11822 = VERTEX_POINT('',#11823);
#11823 = CARTESIAN_POINT('',(111.36,-68.55,0.));
#11824 = CIRCLE('',#11825,0.4);
#11825 = AXIS2_PLACEMENT_3D('',#11826,#11827,#11828);
#11826 = CARTESIAN_POINT('',(111.36,-68.15,0.));
#11827 = DIRECTION('',(-0.,0.,-1.));
#11828 = DIRECTION('',(-0.,-1.,0.));
#11829 = FACE_BOUND('',#11830,.F.);
#11830 = EDGE_LOOP('',(#11831));
#11831 = ORIENTED_EDGE('',*,*,#11832,.T.);
#11832 = EDGE_CURVE('',#11833,#11833,#11835,.T.);
#11833 = VERTEX_POINT('',#11834);
#11834 = CARTESIAN_POINT('',(111.36,-66.01,0.));
#11835 = CIRCLE('',#11836,0.4);
#11836 = AXIS2_PLACEMENT_3D('',#11837,#11838,#11839);
#11837 = CARTESIAN_POINT('',(111.36,-65.61,0.));
#11838 = DIRECTION('',(-0.,0.,-1.));
#11839 = DIRECTION('',(-0.,-1.,0.));
#11840 = FACE_BOUND('',#11841,.F.);
#11841 = EDGE_LOOP('',(#11842));
#11842 = ORIENTED_EDGE('',*,*,#11843,.T.);
#11843 = EDGE_CURVE('',#11844,#11844,#11846,.T.);
#11844 = VERTEX_POINT('',#11845);
#11845 = CARTESIAN_POINT('',(116.3,-71.09,0.));
#11846 = CIRCLE('',#11847,0.4);
#11847 = AXIS2_PLACEMENT_3D('',#11848,#11849,#11850);
#11848 = CARTESIAN_POINT('',(116.3,-70.69,0.));
#11849 = DIRECTION('',(-0.,0.,-1.));
#11850 = DIRECTION('',(-3.552713678801E-14,-1.,0.));
#11851 = FACE_BOUND('',#11852,.F.);
#11852 = EDGE_LOOP('',(#11853));
#11853 = ORIENTED_EDGE('',*,*,#11854,.T.);
#11854 = EDGE_CURVE('',#11855,#11855,#11857,.T.);
#11855 = VERTEX_POINT('',#11856);
#11856 = CARTESIAN_POINT('',(129.,-71.09,0.));
#11857 = CIRCLE('',#11858,0.4);
#11858 = AXIS2_PLACEMENT_3D('',#11859,#11860,#11861);
#11859 = CARTESIAN_POINT('',(129.,-70.69,0.));
#11860 = DIRECTION('',(-0.,0.,-1.));
#11861 = DIRECTION('',(-0.,-1.,0.));
#11862 = FACE_BOUND('',#11863,.F.);
#11863 = EDGE_LOOP('',(#11864));
#11864 = ORIENTED_EDGE('',*,*,#11865,.T.);
#11865 = EDGE_CURVE('',#11866,#11866,#11868,.T.);
#11866 = VERTEX_POINT('',#11867);
#11867 = CARTESIAN_POINT('',(116.3,-68.55,0.));
#11868 = CIRCLE('',#11869,0.4);
#11869 = AXIS2_PLACEMENT_3D('',#11870,#11871,#11872);
#11870 = CARTESIAN_POINT('',(116.3,-68.15,0.));
#11871 = DIRECTION('',(-0.,0.,-1.));
#11872 = DIRECTION('',(-3.552713678801E-14,-1.,0.));
#11873 = FACE_BOUND('',#11874,.F.);
#11874 = EDGE_LOOP('',(#11875));
#11875 = ORIENTED_EDGE('',*,*,#11876,.T.);
#11876 = EDGE_CURVE('',#11877,#11877,#11879,.T.);
#11877 = VERTEX_POINT('',#11878);
#11878 = CARTESIAN_POINT('',(116.3,-66.01,0.));
#11879 = CIRCLE('',#11880,0.4);
#11880 = AXIS2_PLACEMENT_3D('',#11881,#11882,#11883);
#11881 = CARTESIAN_POINT('',(116.3,-65.61,0.));
#11882 = DIRECTION('',(-0.,0.,-1.));
#11883 = DIRECTION('',(-3.552713678801E-14,-1.,0.));
#11884 = FACE_BOUND('',#11885,.F.);
#11885 = EDGE_LOOP('',(#11886));
#11886 = ORIENTED_EDGE('',*,*,#11887,.T.);
#11887 = EDGE_CURVE('',#11888,#11888,#11890,.T.);
#11888 = VERTEX_POINT('',#11889);
#11889 = CARTESIAN_POINT('',(129.,-68.55,0.));
#11890 = CIRCLE('',#11891,0.4);
#11891 = AXIS2_PLACEMENT_3D('',#11892,#11893,#11894);
#11892 = CARTESIAN_POINT('',(129.,-68.15,0.));
#11893 = DIRECTION('',(-0.,0.,-1.));
#11894 = DIRECTION('',(-0.,-1.,0.));
#11895 = FACE_BOUND('',#11896,.F.);
#11896 = EDGE_LOOP('',(#11897));
#11897 = ORIENTED_EDGE('',*,*,#11898,.T.);
#11898 = EDGE_CURVE('',#11899,#11899,#11901,.T.);
#11899 = VERTEX_POINT('',#11900);
#11900 = CARTESIAN_POINT('',(129.,-66.01,0.));
#11901 = CIRCLE('',#11902,0.4);
#11902 = AXIS2_PLACEMENT_3D('',#11903,#11904,#11905);
#11903 = CARTESIAN_POINT('',(129.,-65.61,0.));
#11904 = DIRECTION('',(-0.,0.,-1.));
#11905 = DIRECTION('',(-0.,-1.,0.));
#11906 = PLANE('',#11907);
#11907 = AXIS2_PLACEMENT_3D('',#11908,#11909,#11910);
#11908 = CARTESIAN_POINT('',(0.,0.,0.));
#11909 = DIRECTION('',(0.,0.,1.));
#11910 = DIRECTION('',(1.,0.,-0.));
#11911 = ADVANCED_FACE('',(#11912,#11958,#11969,#11980,#11991,#12002,
    #12013,#12024,#12035,#12046,#12057,#12068,#12079,#12090,#12101,
    #12112,#12123,#12134,#12145,#12156,#12167,#12178,#12189,#12200,
    #12211,#12222,#12233,#12244,#12255,#12266,#12277,#12288,#12299,
    #12310,#12321,#12332,#12343,#12354,#12365,#12376,#12387,#12398,
    #12409,#12420,#12431,#12442,#12453,#12464,#12475,#12486,#12497,
    #12508,#12519,#12530,#12541,#12552,#12563,#12574,#12585,#12596,
    #12607,#12618,#12629,#12640,#12651,#12662,#12673,#12684,#12695),
  #12706,.T.);
#11912 = FACE_BOUND('',#11913,.T.);
#11913 = EDGE_LOOP('',(#11914,#11915,#11916,#11925,#11933,#11942,#11950,
    #11957));
#11914 = ORIENTED_EDGE('',*,*,#11021,.F.);
#11915 = ORIENTED_EDGE('',*,*,#11063,.F.);
#11916 = ORIENTED_EDGE('',*,*,#11917,.F.);
#11917 = EDGE_CURVE('',#11918,#11056,#11920,.T.);
#11918 = VERTEX_POINT('',#11919);
#11919 = CARTESIAN_POINT('',(72.,-65.5,1.51));
#11920 = CIRCLE('',#11921,3.000001172987);
#11921 = AXIS2_PLACEMENT_3D('',#11922,#11923,#11924);
#11922 = CARTESIAN_POINT('',(75.000001172987,-65.50000117298,1.51));
#11923 = DIRECTION('',(0.,0.,-1.));
#11924 = DIRECTION('',(-1.,3.909953663434E-07,0.));
#11925 = ORIENTED_EDGE('',*,*,#11926,.F.);
#11926 = EDGE_CURVE('',#11927,#11918,#11929,.T.);
#11927 = VERTEX_POINT('',#11928);
#11928 = CARTESIAN_POINT('',(72.,-95.5,1.51));
#11929 = LINE('',#11930,#11931);
#11930 = CARTESIAN_POINT('',(72.,-95.5,1.51));
#11931 = VECTOR('',#11932,1.);
#11932 = DIRECTION('',(0.,1.,0.));
#11933 = ORIENTED_EDGE('',*,*,#11934,.F.);
#11934 = EDGE_CURVE('',#11935,#11927,#11937,.T.);
#11935 = VERTEX_POINT('',#11936);
#11936 = CARTESIAN_POINT('',(75.,-98.5,1.51));
#11937 = CIRCLE('',#11938,3.000001172987);
#11938 = AXIS2_PLACEMENT_3D('',#11939,#11940,#11941);
#11939 = CARTESIAN_POINT('',(75.000001172987,-95.49999882701,1.51));
#11940 = DIRECTION('',(0.,0.,-1.));
#11941 = DIRECTION('',(-3.909953663434E-07,-1.,-0.));
#11942 = ORIENTED_EDGE('',*,*,#11943,.F.);
#11943 = EDGE_CURVE('',#11944,#11935,#11946,.T.);
#11944 = VERTEX_POINT('',#11945);
#11945 = CARTESIAN_POINT('',(131.,-98.5,1.51));
#11946 = LINE('',#11947,#11948);
#11947 = CARTESIAN_POINT('',(131.,-98.5,1.51));
#11948 = VECTOR('',#11949,1.);
#11949 = DIRECTION('',(-1.,0.,0.));
#11950 = ORIENTED_EDGE('',*,*,#11951,.F.);
#11951 = EDGE_CURVE('',#11086,#11944,#11952,.T.);
#11952 = CIRCLE('',#11953,3.000001172987);
#11953 = AXIS2_PLACEMENT_3D('',#11954,#11955,#11956);
#11954 = CARTESIAN_POINT('',(130.99999882701,-95.49999882701,1.51));
#11955 = DIRECTION('',(0.,0.,-1.));
#11956 = DIRECTION('',(1.,-3.909953663434E-07,0.));
#11957 = ORIENTED_EDGE('',*,*,#11085,.F.);
#11958 = FACE_BOUND('',#11959,.T.);
#11959 = EDGE_LOOP('',(#11960));
#11960 = ORIENTED_EDGE('',*,*,#11961,.T.);
#11961 = EDGE_CURVE('',#11962,#11962,#11964,.T.);
#11962 = VERTEX_POINT('',#11963);
#11963 = CARTESIAN_POINT('',(77.275,-95.1725,1.51));
#11964 = CIRCLE('',#11965,0.5);
#11965 = AXIS2_PLACEMENT_3D('',#11966,#11967,#11968);
#11966 = CARTESIAN_POINT('',(77.275,-94.6725,1.51));
#11967 = DIRECTION('',(-0.,0.,-1.));
#11968 = DIRECTION('',(-0.,-1.,0.));
#11969 = FACE_BOUND('',#11970,.T.);
#11970 = EDGE_LOOP('',(#11971));
#11971 = ORIENTED_EDGE('',*,*,#11972,.T.);
#11972 = EDGE_CURVE('',#11973,#11973,#11975,.T.);
#11973 = VERTEX_POINT('',#11974);
#11974 = CARTESIAN_POINT('',(77.275,-92.6325,1.51));
#11975 = CIRCLE('',#11976,0.5);
#11976 = AXIS2_PLACEMENT_3D('',#11977,#11978,#11979);
#11977 = CARTESIAN_POINT('',(77.275,-92.1325,1.51));
#11978 = DIRECTION('',(-0.,0.,-1.));
#11979 = DIRECTION('',(-0.,-1.,0.));
#11980 = FACE_BOUND('',#11981,.T.);
#11981 = EDGE_LOOP('',(#11982));
#11982 = ORIENTED_EDGE('',*,*,#11983,.T.);
#11983 = EDGE_CURVE('',#11984,#11984,#11986,.T.);
#11984 = VERTEX_POINT('',#11985);
#11985 = CARTESIAN_POINT('',(77.275,-90.0925,1.51));
#11986 = CIRCLE('',#11987,0.5);
#11987 = AXIS2_PLACEMENT_3D('',#11988,#11989,#11990);
#11988 = CARTESIAN_POINT('',(77.275,-89.5925,1.51));
#11989 = DIRECTION('',(-0.,0.,-1.));
#11990 = DIRECTION('',(-0.,-1.,0.));
#11991 = FACE_BOUND('',#11992,.T.);
#11992 = EDGE_LOOP('',(#11993));
#11993 = ORIENTED_EDGE('',*,*,#11994,.T.);
#11994 = EDGE_CURVE('',#11995,#11995,#11997,.T.);
#11995 = VERTEX_POINT('',#11996);
#11996 = CARTESIAN_POINT('',(92.775,-95.1725,1.51));
#11997 = CIRCLE('',#11998,0.5);
#11998 = AXIS2_PLACEMENT_3D('',#11999,#12000,#12001);
#11999 = CARTESIAN_POINT('',(92.775,-94.6725,1.51));
#12000 = DIRECTION('',(-0.,0.,-1.));
#12001 = DIRECTION('',(-0.,-1.,0.));
#12002 = FACE_BOUND('',#12003,.T.);
#12003 = EDGE_LOOP('',(#12004));
#12004 = ORIENTED_EDGE('',*,*,#12005,.T.);
#12005 = EDGE_CURVE('',#12006,#12006,#12008,.T.);
#12006 = VERTEX_POINT('',#12007);
#12007 = CARTESIAN_POINT('',(92.775,-92.6325,1.51));
#12008 = CIRCLE('',#12009,0.5);
#12009 = AXIS2_PLACEMENT_3D('',#12010,#12011,#12012);
#12010 = CARTESIAN_POINT('',(92.775,-92.1325,1.51));
#12011 = DIRECTION('',(-0.,0.,-1.));
#12012 = DIRECTION('',(-0.,-1.,0.));
#12013 = FACE_BOUND('',#12014,.T.);
#12014 = EDGE_LOOP('',(#12015));
#12015 = ORIENTED_EDGE('',*,*,#12016,.T.);
#12016 = EDGE_CURVE('',#12017,#12017,#12019,.T.);
#12017 = VERTEX_POINT('',#12018);
#12018 = CARTESIAN_POINT('',(92.775,-90.0925,1.51));
#12019 = CIRCLE('',#12020,0.5);
#12020 = AXIS2_PLACEMENT_3D('',#12021,#12022,#12023);
#12021 = CARTESIAN_POINT('',(92.775,-89.5925,1.51));
#12022 = DIRECTION('',(-0.,0.,-1.));
#12023 = DIRECTION('',(-0.,-1.,0.));
#12024 = FACE_BOUND('',#12025,.T.);
#12025 = EDGE_LOOP('',(#12026));
#12026 = ORIENTED_EDGE('',*,*,#12027,.T.);
#12027 = EDGE_CURVE('',#12028,#12028,#12030,.T.);
#12028 = VERTEX_POINT('',#12029);
#12029 = CARTESIAN_POINT('',(77.275,-87.5525,1.51));
#12030 = CIRCLE('',#12031,0.5);
#12031 = AXIS2_PLACEMENT_3D('',#12032,#12033,#12034);
#12032 = CARTESIAN_POINT('',(77.275,-87.0525,1.51));
#12033 = DIRECTION('',(-0.,0.,-1.));
#12034 = DIRECTION('',(-0.,-1.,0.));
#12035 = FACE_BOUND('',#12036,.T.);
#12036 = EDGE_LOOP('',(#12037));
#12037 = ORIENTED_EDGE('',*,*,#12038,.T.);
#12038 = EDGE_CURVE('',#12039,#12039,#12041,.T.);
#12039 = VERTEX_POINT('',#12040);
#12040 = CARTESIAN_POINT('',(77.275,-85.0125,1.51));
#12041 = CIRCLE('',#12042,0.5);
#12042 = AXIS2_PLACEMENT_3D('',#12043,#12044,#12045);
#12043 = CARTESIAN_POINT('',(77.275,-84.5125,1.51));
#12044 = DIRECTION('',(-0.,0.,-1.));
#12045 = DIRECTION('',(-0.,-1.,0.));
#12046 = FACE_BOUND('',#12047,.T.);
#12047 = EDGE_LOOP('',(#12048));
#12048 = ORIENTED_EDGE('',*,*,#12049,.T.);
#12049 = EDGE_CURVE('',#12050,#12050,#12052,.T.);
#12050 = VERTEX_POINT('',#12051);
#12051 = CARTESIAN_POINT('',(77.275,-82.4725,1.51));
#12052 = CIRCLE('',#12053,0.5);
#12053 = AXIS2_PLACEMENT_3D('',#12054,#12055,#12056);
#12054 = CARTESIAN_POINT('',(77.275,-81.9725,1.51));
#12055 = DIRECTION('',(-0.,0.,-1.));
#12056 = DIRECTION('',(-0.,-1.,0.));
#12057 = FACE_BOUND('',#12058,.T.);
#12058 = EDGE_LOOP('',(#12059));
#12059 = ORIENTED_EDGE('',*,*,#12060,.T.);
#12060 = EDGE_CURVE('',#12061,#12061,#12063,.T.);
#12061 = VERTEX_POINT('',#12062);
#12062 = CARTESIAN_POINT('',(92.775,-87.5525,1.51));
#12063 = CIRCLE('',#12064,0.5);
#12064 = AXIS2_PLACEMENT_3D('',#12065,#12066,#12067);
#12065 = CARTESIAN_POINT('',(92.775,-87.0525,1.51));
#12066 = DIRECTION('',(-0.,0.,-1.));
#12067 = DIRECTION('',(-0.,-1.,0.));
#12068 = FACE_BOUND('',#12069,.T.);
#12069 = EDGE_LOOP('',(#12070));
#12070 = ORIENTED_EDGE('',*,*,#12071,.T.);
#12071 = EDGE_CURVE('',#12072,#12072,#12074,.T.);
#12072 = VERTEX_POINT('',#12073);
#12073 = CARTESIAN_POINT('',(92.775,-85.0125,1.51));
#12074 = CIRCLE('',#12075,0.5);
#12075 = AXIS2_PLACEMENT_3D('',#12076,#12077,#12078);
#12076 = CARTESIAN_POINT('',(92.775,-84.5125,1.51));
#12077 = DIRECTION('',(-0.,0.,-1.));
#12078 = DIRECTION('',(-0.,-1.,0.));
#12079 = FACE_BOUND('',#12080,.T.);
#12080 = EDGE_LOOP('',(#12081));
#12081 = ORIENTED_EDGE('',*,*,#12082,.T.);
#12082 = EDGE_CURVE('',#12083,#12083,#12085,.T.);
#12083 = VERTEX_POINT('',#12084);
#12084 = CARTESIAN_POINT('',(92.775,-82.4725,1.51));
#12085 = CIRCLE('',#12086,0.5);
#12086 = AXIS2_PLACEMENT_3D('',#12087,#12088,#12089);
#12087 = CARTESIAN_POINT('',(92.775,-81.9725,1.51));
#12088 = DIRECTION('',(-0.,0.,-1.));
#12089 = DIRECTION('',(-0.,-1.,0.));
#12090 = FACE_BOUND('',#12091,.T.);
#12091 = EDGE_LOOP('',(#12092));
#12092 = ORIENTED_EDGE('',*,*,#12093,.T.);
#12093 = EDGE_CURVE('',#12094,#12094,#12096,.T.);
#12094 = VERTEX_POINT('',#12095);
#12095 = CARTESIAN_POINT('',(98.66,-83.79,1.51));
#12096 = CIRCLE('',#12097,0.4);
#12097 = AXIS2_PLACEMENT_3D('',#12098,#12099,#12100);
#12098 = CARTESIAN_POINT('',(98.66,-83.39,1.51));
#12099 = DIRECTION('',(-0.,0.,-1.));
#12100 = DIRECTION('',(-0.,-1.,0.));
#12101 = FACE_BOUND('',#12102,.T.);
#12102 = EDGE_LOOP('',(#12103));
#12103 = ORIENTED_EDGE('',*,*,#12104,.T.);
#12104 = EDGE_CURVE('',#12105,#12105,#12107,.T.);
#12105 = VERTEX_POINT('',#12106);
#12106 = CARTESIAN_POINT('',(98.66,-81.25,1.51));
#12107 = CIRCLE('',#12108,0.4);
#12108 = AXIS2_PLACEMENT_3D('',#12109,#12110,#12111);
#12109 = CARTESIAN_POINT('',(98.66,-80.85,1.51));
#12110 = DIRECTION('',(-0.,0.,-1.));
#12111 = DIRECTION('',(-0.,-1.,0.));
#12112 = FACE_BOUND('',#12113,.T.);
#12113 = EDGE_LOOP('',(#12114));
#12114 = ORIENTED_EDGE('',*,*,#12115,.T.);
#12115 = EDGE_CURVE('',#12116,#12116,#12118,.T.);
#12116 = VERTEX_POINT('',#12117);
#12117 = CARTESIAN_POINT('',(115.5,-96.62,1.51));
#12118 = CIRCLE('',#12119,0.5);
#12119 = AXIS2_PLACEMENT_3D('',#12120,#12121,#12122);
#12120 = CARTESIAN_POINT('',(115.5,-96.12,1.51));
#12121 = DIRECTION('',(-0.,0.,-1.));
#12122 = DIRECTION('',(-0.,-1.,0.));
#12123 = FACE_BOUND('',#12124,.T.);
#12124 = EDGE_LOOP('',(#12125));
#12125 = ORIENTED_EDGE('',*,*,#12126,.T.);
#12126 = EDGE_CURVE('',#12127,#12127,#12129,.T.);
#12127 = VERTEX_POINT('',#12128);
#12128 = CARTESIAN_POINT('',(115.5,-94.08,1.51));
#12129 = CIRCLE('',#12130,0.5);
#12130 = AXIS2_PLACEMENT_3D('',#12131,#12132,#12133);
#12131 = CARTESIAN_POINT('',(115.5,-93.58,1.51));
#12132 = DIRECTION('',(-0.,0.,-1.));
#12133 = DIRECTION('',(-0.,-1.,0.));
#12134 = FACE_BOUND('',#12135,.T.);
#12135 = EDGE_LOOP('',(#12136));
#12136 = ORIENTED_EDGE('',*,*,#12137,.T.);
#12137 = EDGE_CURVE('',#12138,#12138,#12140,.T.);
#12138 = VERTEX_POINT('',#12139);
#12139 = CARTESIAN_POINT('',(115.5,-91.54,1.51));
#12140 = CIRCLE('',#12141,0.5);
#12141 = AXIS2_PLACEMENT_3D('',#12142,#12143,#12144);
#12142 = CARTESIAN_POINT('',(115.5,-91.04,1.51));
#12143 = DIRECTION('',(-0.,0.,-1.));
#12144 = DIRECTION('',(-0.,-1.,0.));
#12145 = FACE_BOUND('',#12146,.T.);
#12146 = EDGE_LOOP('',(#12147));
#12147 = ORIENTED_EDGE('',*,*,#12148,.T.);
#12148 = EDGE_CURVE('',#12149,#12149,#12151,.T.);
#12149 = VERTEX_POINT('',#12150);
#12150 = CARTESIAN_POINT('',(124.5,-94.04,1.51));
#12151 = CIRCLE('',#12152,0.5);
#12152 = AXIS2_PLACEMENT_3D('',#12153,#12154,#12155);
#12153 = CARTESIAN_POINT('',(124.5,-93.54,1.51));
#12154 = DIRECTION('',(-0.,0.,-1.));
#12155 = DIRECTION('',(-0.,-1.,0.));
#12156 = FACE_BOUND('',#12157,.T.);
#12157 = EDGE_LOOP('',(#12158));
#12158 = ORIENTED_EDGE('',*,*,#12159,.T.);
#12159 = EDGE_CURVE('',#12160,#12160,#12162,.T.);
#12160 = VERTEX_POINT('',#12161);
#12161 = CARTESIAN_POINT('',(124.5,-91.5,1.51));
#12162 = CIRCLE('',#12163,0.5);
#12163 = AXIS2_PLACEMENT_3D('',#12164,#12165,#12166);
#12164 = CARTESIAN_POINT('',(124.5,-91.,1.51));
#12165 = DIRECTION('',(-0.,0.,-1.));
#12166 = DIRECTION('',(-0.,-1.,0.));
#12167 = FACE_BOUND('',#12168,.T.);
#12168 = EDGE_LOOP('',(#12169));
#12169 = ORIENTED_EDGE('',*,*,#12170,.T.);
#12170 = EDGE_CURVE('',#12171,#12171,#12173,.T.);
#12171 = VERTEX_POINT('',#12172);
#12172 = CARTESIAN_POINT('',(115.5,-89.,1.51));
#12173 = CIRCLE('',#12174,0.5);
#12174 = AXIS2_PLACEMENT_3D('',#12175,#12176,#12177);
#12175 = CARTESIAN_POINT('',(115.5,-88.5,1.51));
#12176 = DIRECTION('',(-0.,0.,-1.));
#12177 = DIRECTION('',(-0.,-1.,0.));
#12178 = FACE_BOUND('',#12179,.T.);
#12179 = EDGE_LOOP('',(#12180));
#12180 = ORIENTED_EDGE('',*,*,#12181,.T.);
#12181 = EDGE_CURVE('',#12182,#12182,#12184,.T.);
#12182 = VERTEX_POINT('',#12183);
#12183 = CARTESIAN_POINT('',(111.36,-83.79,1.51));
#12184 = CIRCLE('',#12185,0.4);
#12185 = AXIS2_PLACEMENT_3D('',#12186,#12187,#12188);
#12186 = CARTESIAN_POINT('',(111.36,-83.39,1.51));
#12187 = DIRECTION('',(-0.,0.,-1.));
#12188 = DIRECTION('',(-0.,-1.,0.));
#12189 = FACE_BOUND('',#12190,.T.);
#12190 = EDGE_LOOP('',(#12191));
#12191 = ORIENTED_EDGE('',*,*,#12192,.T.);
#12192 = EDGE_CURVE('',#12193,#12193,#12195,.T.);
#12193 = VERTEX_POINT('',#12194);
#12194 = CARTESIAN_POINT('',(111.36,-81.25,1.51));
#12195 = CIRCLE('',#12196,0.4);
#12196 = AXIS2_PLACEMENT_3D('',#12197,#12198,#12199);
#12197 = CARTESIAN_POINT('',(111.36,-80.85,1.51));
#12198 = DIRECTION('',(-0.,0.,-1.));
#12199 = DIRECTION('',(-0.,-1.,0.));
#12200 = FACE_BOUND('',#12201,.T.);
#12201 = EDGE_LOOP('',(#12202));
#12202 = ORIENTED_EDGE('',*,*,#12203,.T.);
#12203 = EDGE_CURVE('',#12204,#12204,#12206,.T.);
#12204 = VERTEX_POINT('',#12205);
#12205 = CARTESIAN_POINT('',(116.3,-83.79,1.51));
#12206 = CIRCLE('',#12207,0.4);
#12207 = AXIS2_PLACEMENT_3D('',#12208,#12209,#12210);
#12208 = CARTESIAN_POINT('',(116.3,-83.39,1.51));
#12209 = DIRECTION('',(-0.,0.,-1.));
#12210 = DIRECTION('',(-3.552713678801E-14,-1.,0.));
#12211 = FACE_BOUND('',#12212,.T.);
#12212 = EDGE_LOOP('',(#12213));
#12213 = ORIENTED_EDGE('',*,*,#12214,.T.);
#12214 = EDGE_CURVE('',#12215,#12215,#12217,.T.);
#12215 = VERTEX_POINT('',#12216);
#12216 = CARTESIAN_POINT('',(116.3,-81.25,1.51));
#12217 = CIRCLE('',#12218,0.4);
#12218 = AXIS2_PLACEMENT_3D('',#12219,#12220,#12221);
#12219 = CARTESIAN_POINT('',(116.3,-80.85,1.51));
#12220 = DIRECTION('',(-0.,0.,-1.));
#12221 = DIRECTION('',(-3.552713678801E-14,-1.,0.));
#12222 = FACE_BOUND('',#12223,.T.);
#12223 = EDGE_LOOP('',(#12224));
#12224 = ORIENTED_EDGE('',*,*,#12225,.T.);
#12225 = EDGE_CURVE('',#12226,#12226,#12228,.T.);
#12226 = VERTEX_POINT('',#12227);
#12227 = CARTESIAN_POINT('',(129.,-83.79,1.51));
#12228 = CIRCLE('',#12229,0.4);
#12229 = AXIS2_PLACEMENT_3D('',#12230,#12231,#12232);
#12230 = CARTESIAN_POINT('',(129.,-83.39,1.51));
#12231 = DIRECTION('',(-0.,0.,-1.));
#12232 = DIRECTION('',(-0.,-1.,0.));
#12233 = FACE_BOUND('',#12234,.T.);
#12234 = EDGE_LOOP('',(#12235));
#12235 = ORIENTED_EDGE('',*,*,#12236,.T.);
#12236 = EDGE_CURVE('',#12237,#12237,#12239,.T.);
#12237 = VERTEX_POINT('',#12238);
#12238 = CARTESIAN_POINT('',(129.,-81.25,1.51));
#12239 = CIRCLE('',#12240,0.4);
#12240 = AXIS2_PLACEMENT_3D('',#12241,#12242,#12243);
#12241 = CARTESIAN_POINT('',(129.,-80.85,1.51));
#12242 = DIRECTION('',(-0.,0.,-1.));
#12243 = DIRECTION('',(-0.,-1.,0.));
#12244 = FACE_BOUND('',#12245,.T.);
#12245 = EDGE_LOOP('',(#12246));
#12246 = ORIENTED_EDGE('',*,*,#12247,.T.);
#12247 = EDGE_CURVE('',#12248,#12248,#12250,.T.);
#12248 = VERTEX_POINT('',#12249);
#12249 = CARTESIAN_POINT('',(77.275,-79.9325,1.51));
#12250 = CIRCLE('',#12251,0.5);
#12251 = AXIS2_PLACEMENT_3D('',#12252,#12253,#12254);
#12252 = CARTESIAN_POINT('',(77.275,-79.4325,1.51));
#12253 = DIRECTION('',(-0.,0.,-1.));
#12254 = DIRECTION('',(-0.,-1.,0.));
#12255 = FACE_BOUND('',#12256,.T.);
#12256 = EDGE_LOOP('',(#12257));
#12257 = ORIENTED_EDGE('',*,*,#12258,.T.);
#12258 = EDGE_CURVE('',#12259,#12259,#12261,.T.);
#12259 = VERTEX_POINT('',#12260);
#12260 = CARTESIAN_POINT('',(77.275,-77.3925,1.51));
#12261 = CIRCLE('',#12262,0.5);
#12262 = AXIS2_PLACEMENT_3D('',#12263,#12264,#12265);
#12263 = CARTESIAN_POINT('',(77.275,-76.8925,1.51));
#12264 = DIRECTION('',(-0.,0.,-1.));
#12265 = DIRECTION('',(-0.,-1.,0.));
#12266 = FACE_BOUND('',#12267,.T.);
#12267 = EDGE_LOOP('',(#12268));
#12268 = ORIENTED_EDGE('',*,*,#12269,.T.);
#12269 = EDGE_CURVE('',#12270,#12270,#12272,.T.);
#12270 = VERTEX_POINT('',#12271);
#12271 = CARTESIAN_POINT('',(77.275,-74.8525,1.51));
#12272 = CIRCLE('',#12273,0.5);
#12273 = AXIS2_PLACEMENT_3D('',#12274,#12275,#12276);
#12274 = CARTESIAN_POINT('',(77.275,-74.3525,1.51));
#12275 = DIRECTION('',(-0.,0.,-1.));
#12276 = DIRECTION('',(-0.,-1.,0.));
#12277 = FACE_BOUND('',#12278,.T.);
#12278 = EDGE_LOOP('',(#12279));
#12279 = ORIENTED_EDGE('',*,*,#12280,.T.);
#12280 = EDGE_CURVE('',#12281,#12281,#12283,.T.);
#12281 = VERTEX_POINT('',#12282);
#12282 = CARTESIAN_POINT('',(92.775,-79.9325,1.51));
#12283 = CIRCLE('',#12284,0.5);
#12284 = AXIS2_PLACEMENT_3D('',#12285,#12286,#12287);
#12285 = CARTESIAN_POINT('',(92.775,-79.4325,1.51));
#12286 = DIRECTION('',(-0.,0.,-1.));
#12287 = DIRECTION('',(-0.,-1.,0.));
#12288 = FACE_BOUND('',#12289,.T.);
#12289 = EDGE_LOOP('',(#12290));
#12290 = ORIENTED_EDGE('',*,*,#12291,.T.);
#12291 = EDGE_CURVE('',#12292,#12292,#12294,.T.);
#12292 = VERTEX_POINT('',#12293);
#12293 = CARTESIAN_POINT('',(92.775,-77.3925,1.51));
#12294 = CIRCLE('',#12295,0.5);
#12295 = AXIS2_PLACEMENT_3D('',#12296,#12297,#12298);
#12296 = CARTESIAN_POINT('',(92.775,-76.8925,1.51));
#12297 = DIRECTION('',(-0.,0.,-1.));
#12298 = DIRECTION('',(-0.,-1.,0.));
#12299 = FACE_BOUND('',#12300,.T.);
#12300 = EDGE_LOOP('',(#12301));
#12301 = ORIENTED_EDGE('',*,*,#12302,.T.);
#12302 = EDGE_CURVE('',#12303,#12303,#12305,.T.);
#12303 = VERTEX_POINT('',#12304);
#12304 = CARTESIAN_POINT('',(98.66,-78.71,1.51));
#12305 = CIRCLE('',#12306,0.4);
#12306 = AXIS2_PLACEMENT_3D('',#12307,#12308,#12309);
#12307 = CARTESIAN_POINT('',(98.66,-78.31,1.51));
#12308 = DIRECTION('',(-0.,0.,-1.));
#12309 = DIRECTION('',(-0.,-1.,0.));
#12310 = FACE_BOUND('',#12311,.T.);
#12311 = EDGE_LOOP('',(#12312));
#12312 = ORIENTED_EDGE('',*,*,#12313,.T.);
#12313 = EDGE_CURVE('',#12314,#12314,#12316,.T.);
#12314 = VERTEX_POINT('',#12315);
#12315 = CARTESIAN_POINT('',(92.775,-74.8525,1.51));
#12316 = CIRCLE('',#12317,0.5);
#12317 = AXIS2_PLACEMENT_3D('',#12318,#12319,#12320);
#12318 = CARTESIAN_POINT('',(92.775,-74.3525,1.51));
#12319 = DIRECTION('',(-0.,0.,-1.));
#12320 = DIRECTION('',(-0.,-1.,0.));
#12321 = FACE_BOUND('',#12322,.T.);
#12322 = EDGE_LOOP('',(#12323));
#12323 = ORIENTED_EDGE('',*,*,#12324,.T.);
#12324 = EDGE_CURVE('',#12325,#12325,#12327,.T.);
#12325 = VERTEX_POINT('',#12326);
#12326 = CARTESIAN_POINT('',(98.66,-76.17,1.51));
#12327 = CIRCLE('',#12328,0.4);
#12328 = AXIS2_PLACEMENT_3D('',#12329,#12330,#12331);
#12329 = CARTESIAN_POINT('',(98.66,-75.77,1.51));
#12330 = DIRECTION('',(-0.,0.,-1.));
#12331 = DIRECTION('',(-0.,-1.,0.));
#12332 = FACE_BOUND('',#12333,.T.);
#12333 = EDGE_LOOP('',(#12334));
#12334 = ORIENTED_EDGE('',*,*,#12335,.T.);
#12335 = EDGE_CURVE('',#12336,#12336,#12338,.T.);
#12336 = VERTEX_POINT('',#12337);
#12337 = CARTESIAN_POINT('',(98.66,-73.63,1.51));
#12338 = CIRCLE('',#12339,0.4);
#12339 = AXIS2_PLACEMENT_3D('',#12340,#12341,#12342);
#12340 = CARTESIAN_POINT('',(98.66,-73.23,1.51));
#12341 = DIRECTION('',(-0.,0.,-1.));
#12342 = DIRECTION('',(-0.,-1.,0.));
#12343 = FACE_BOUND('',#12344,.T.);
#12344 = EDGE_LOOP('',(#12345));
#12345 = ORIENTED_EDGE('',*,*,#12346,.T.);
#12346 = EDGE_CURVE('',#12347,#12347,#12349,.T.);
#12347 = VERTEX_POINT('',#12348);
#12348 = CARTESIAN_POINT('',(85.38,-70.59,1.51));
#12349 = CIRCLE('',#12350,0.5);
#12350 = AXIS2_PLACEMENT_3D('',#12351,#12352,#12353);
#12351 = CARTESIAN_POINT('',(85.38,-70.09,1.51));
#12352 = DIRECTION('',(-0.,0.,-1.));
#12353 = DIRECTION('',(-0.,-1.,0.));
#12354 = FACE_BOUND('',#12355,.T.);
#12355 = EDGE_LOOP('',(#12356));
#12356 = ORIENTED_EDGE('',*,*,#12357,.T.);
#12357 = EDGE_CURVE('',#12358,#12358,#12360,.T.);
#12358 = VERTEX_POINT('',#12359);
#12359 = CARTESIAN_POINT('',(87.92,-70.59,1.51));
#12360 = CIRCLE('',#12361,0.5);
#12361 = AXIS2_PLACEMENT_3D('',#12362,#12363,#12364);
#12362 = CARTESIAN_POINT('',(87.92,-70.09,1.51));
#12363 = DIRECTION('',(-0.,0.,-1.));
#12364 = DIRECTION('',(-0.,-1.,0.));
#12365 = FACE_BOUND('',#12366,.T.);
#12366 = EDGE_LOOP('',(#12367));
#12367 = ORIENTED_EDGE('',*,*,#12368,.T.);
#12368 = EDGE_CURVE('',#12369,#12369,#12371,.T.);
#12369 = VERTEX_POINT('',#12370);
#12370 = CARTESIAN_POINT('',(76.5,-69.265,1.51));
#12371 = CIRCLE('',#12372,0.5);
#12372 = AXIS2_PLACEMENT_3D('',#12373,#12374,#12375);
#12373 = CARTESIAN_POINT('',(76.5,-68.765,1.51));
#12374 = DIRECTION('',(-0.,0.,-1.));
#12375 = DIRECTION('',(-0.,-1.,0.));
#12376 = FACE_BOUND('',#12377,.T.);
#12377 = EDGE_LOOP('',(#12378));
#12378 = ORIENTED_EDGE('',*,*,#12379,.T.);
#12379 = EDGE_CURVE('',#12380,#12380,#12382,.T.);
#12380 = VERTEX_POINT('',#12381);
#12381 = CARTESIAN_POINT('',(76.5,-66.725,1.51));
#12382 = CIRCLE('',#12383,0.5);
#12383 = AXIS2_PLACEMENT_3D('',#12384,#12385,#12386);
#12384 = CARTESIAN_POINT('',(76.5,-66.225,1.51));
#12385 = DIRECTION('',(-0.,0.,-1.));
#12386 = DIRECTION('',(-0.,-1.,0.));
#12387 = FACE_BOUND('',#12388,.T.);
#12388 = EDGE_LOOP('',(#12389));
#12389 = ORIENTED_EDGE('',*,*,#12390,.T.);
#12390 = EDGE_CURVE('',#12391,#12391,#12393,.T.);
#12391 = VERTEX_POINT('',#12392);
#12392 = CARTESIAN_POINT('',(85.38,-66.,1.51));
#12393 = CIRCLE('',#12394,0.5);
#12394 = AXIS2_PLACEMENT_3D('',#12395,#12396,#12397);
#12395 = CARTESIAN_POINT('',(85.38,-65.5,1.51));
#12396 = DIRECTION('',(-0.,0.,-1.));
#12397 = DIRECTION('',(-0.,-1.,0.));
#12398 = FACE_BOUND('',#12399,.T.);
#12399 = EDGE_LOOP('',(#12400));
#12400 = ORIENTED_EDGE('',*,*,#12401,.T.);
#12401 = EDGE_CURVE('',#12402,#12402,#12404,.T.);
#12402 = VERTEX_POINT('',#12403);
#12403 = CARTESIAN_POINT('',(87.92,-66.,1.51));
#12404 = CIRCLE('',#12405,0.5);
#12405 = AXIS2_PLACEMENT_3D('',#12406,#12407,#12408);
#12406 = CARTESIAN_POINT('',(87.92,-65.5,1.51));
#12407 = DIRECTION('',(-0.,0.,-1.));
#12408 = DIRECTION('',(-0.,-1.,0.));
#12409 = FACE_BOUND('',#12410,.T.);
#12410 = EDGE_LOOP('',(#12411));
#12411 = ORIENTED_EDGE('',*,*,#12412,.T.);
#12412 = EDGE_CURVE('',#12413,#12413,#12415,.T.);
#12413 = VERTEX_POINT('',#12414);
#12414 = CARTESIAN_POINT('',(90.46,-70.59,1.51));
#12415 = CIRCLE('',#12416,0.5);
#12416 = AXIS2_PLACEMENT_3D('',#12417,#12418,#12419);
#12417 = CARTESIAN_POINT('',(90.46,-70.09,1.51));
#12418 = DIRECTION('',(-0.,0.,-1.));
#12419 = DIRECTION('',(-0.,-1.,0.));
#12420 = FACE_BOUND('',#12421,.T.);
#12421 = EDGE_LOOP('',(#12422));
#12422 = ORIENTED_EDGE('',*,*,#12423,.T.);
#12423 = EDGE_CURVE('',#12424,#12424,#12426,.T.);
#12424 = VERTEX_POINT('',#12425);
#12425 = CARTESIAN_POINT('',(93.,-70.59,1.51));
#12426 = CIRCLE('',#12427,0.5);
#12427 = AXIS2_PLACEMENT_3D('',#12428,#12429,#12430);
#12428 = CARTESIAN_POINT('',(93.,-70.09,1.51));
#12429 = DIRECTION('',(-0.,0.,-1.));
#12430 = DIRECTION('',(-0.,-1.,0.));
#12431 = FACE_BOUND('',#12432,.T.);
#12432 = EDGE_LOOP('',(#12433));
#12433 = ORIENTED_EDGE('',*,*,#12434,.T.);
#12434 = EDGE_CURVE('',#12435,#12435,#12437,.T.);
#12435 = VERTEX_POINT('',#12436);
#12436 = CARTESIAN_POINT('',(98.66,-71.09,1.51));
#12437 = CIRCLE('',#12438,0.4);
#12438 = AXIS2_PLACEMENT_3D('',#12439,#12440,#12441);
#12439 = CARTESIAN_POINT('',(98.66,-70.69,1.51));
#12440 = DIRECTION('',(-0.,0.,-1.));
#12441 = DIRECTION('',(-0.,-1.,0.));
#12442 = FACE_BOUND('',#12443,.T.);
#12443 = EDGE_LOOP('',(#12444));
#12444 = ORIENTED_EDGE('',*,*,#12445,.T.);
#12445 = EDGE_CURVE('',#12446,#12446,#12448,.T.);
#12446 = VERTEX_POINT('',#12447);
#12447 = CARTESIAN_POINT('',(90.46,-66.,1.51));
#12448 = CIRCLE('',#12449,0.5);
#12449 = AXIS2_PLACEMENT_3D('',#12450,#12451,#12452);
#12450 = CARTESIAN_POINT('',(90.46,-65.5,1.51));
#12451 = DIRECTION('',(-0.,0.,-1.));
#12452 = DIRECTION('',(-0.,-1.,0.));
#12453 = FACE_BOUND('',#12454,.T.);
#12454 = EDGE_LOOP('',(#12455));
#12455 = ORIENTED_EDGE('',*,*,#12456,.T.);
#12456 = EDGE_CURVE('',#12457,#12457,#12459,.T.);
#12457 = VERTEX_POINT('',#12458);
#12458 = CARTESIAN_POINT('',(93.,-66.,1.51));
#12459 = CIRCLE('',#12460,0.5);
#12460 = AXIS2_PLACEMENT_3D('',#12461,#12462,#12463);
#12461 = CARTESIAN_POINT('',(93.,-65.5,1.51));
#12462 = DIRECTION('',(-0.,0.,-1.));
#12463 = DIRECTION('',(-0.,-1.,0.));
#12464 = FACE_BOUND('',#12465,.T.);
#12465 = EDGE_LOOP('',(#12466));
#12466 = ORIENTED_EDGE('',*,*,#12467,.T.);
#12467 = EDGE_CURVE('',#12468,#12468,#12470,.T.);
#12468 = VERTEX_POINT('',#12469);
#12469 = CARTESIAN_POINT('',(98.66,-68.55,1.51));
#12470 = CIRCLE('',#12471,0.4);
#12471 = AXIS2_PLACEMENT_3D('',#12472,#12473,#12474);
#12472 = CARTESIAN_POINT('',(98.66,-68.15,1.51));
#12473 = DIRECTION('',(-0.,0.,-1.));
#12474 = DIRECTION('',(-0.,-1.,0.));
#12475 = FACE_BOUND('',#12476,.T.);
#12476 = EDGE_LOOP('',(#12477));
#12477 = ORIENTED_EDGE('',*,*,#12478,.T.);
#12478 = EDGE_CURVE('',#12479,#12479,#12481,.T.);
#12479 = VERTEX_POINT('',#12480);
#12480 = CARTESIAN_POINT('',(98.66,-66.01,1.51));
#12481 = CIRCLE('',#12482,0.4);
#12482 = AXIS2_PLACEMENT_3D('',#12483,#12484,#12485);
#12483 = CARTESIAN_POINT('',(98.66,-65.61,1.51));
#12484 = DIRECTION('',(-0.,0.,-1.));
#12485 = DIRECTION('',(-0.,-1.,0.));
#12486 = FACE_BOUND('',#12487,.T.);
#12487 = EDGE_LOOP('',(#12488));
#12488 = ORIENTED_EDGE('',*,*,#12489,.T.);
#12489 = EDGE_CURVE('',#12490,#12490,#12492,.T.);
#12490 = VERTEX_POINT('',#12491);
#12491 = CARTESIAN_POINT('',(111.36,-78.71,1.51));
#12492 = CIRCLE('',#12493,0.4);
#12493 = AXIS2_PLACEMENT_3D('',#12494,#12495,#12496);
#12494 = CARTESIAN_POINT('',(111.36,-78.31,1.51));
#12495 = DIRECTION('',(-0.,0.,-1.));
#12496 = DIRECTION('',(-0.,-1.,0.));
#12497 = FACE_BOUND('',#12498,.T.);
#12498 = EDGE_LOOP('',(#12499));
#12499 = ORIENTED_EDGE('',*,*,#12500,.T.);
#12500 = EDGE_CURVE('',#12501,#12501,#12503,.T.);
#12501 = VERTEX_POINT('',#12502);
#12502 = CARTESIAN_POINT('',(105.5,-73.9,1.51));
#12503 = CIRCLE('',#12504,0.4);
#12504 = AXIS2_PLACEMENT_3D('',#12505,#12506,#12507);
#12505 = CARTESIAN_POINT('',(105.5,-73.5,1.51));
#12506 = DIRECTION('',(-0.,0.,-1.));
#12507 = DIRECTION('',(-0.,-1.,0.));
#12508 = FACE_BOUND('',#12509,.T.);
#12509 = EDGE_LOOP('',(#12510));
#12510 = ORIENTED_EDGE('',*,*,#12511,.T.);
#12511 = EDGE_CURVE('',#12512,#12512,#12514,.T.);
#12512 = VERTEX_POINT('',#12513);
#12513 = CARTESIAN_POINT('',(111.36,-76.17,1.51));
#12514 = CIRCLE('',#12515,0.4);
#12515 = AXIS2_PLACEMENT_3D('',#12516,#12517,#12518);
#12516 = CARTESIAN_POINT('',(111.36,-75.77,1.51));
#12517 = DIRECTION('',(-0.,0.,-1.));
#12518 = DIRECTION('',(-0.,-1.,0.));
#12519 = FACE_BOUND('',#12520,.T.);
#12520 = EDGE_LOOP('',(#12521));
#12521 = ORIENTED_EDGE('',*,*,#12522,.T.);
#12522 = EDGE_CURVE('',#12523,#12523,#12525,.T.);
#12523 = VERTEX_POINT('',#12524);
#12524 = CARTESIAN_POINT('',(111.36,-73.63,1.51));
#12525 = CIRCLE('',#12526,0.4);
#12526 = AXIS2_PLACEMENT_3D('',#12527,#12528,#12529);
#12527 = CARTESIAN_POINT('',(111.36,-73.23,1.51));
#12528 = DIRECTION('',(-0.,0.,-1.));
#12529 = DIRECTION('',(-0.,-1.,0.));
#12530 = FACE_BOUND('',#12531,.T.);
#12531 = EDGE_LOOP('',(#12532));
#12532 = ORIENTED_EDGE('',*,*,#12533,.T.);
#12533 = EDGE_CURVE('',#12534,#12534,#12536,.T.);
#12534 = VERTEX_POINT('',#12535);
#12535 = CARTESIAN_POINT('',(116.3,-78.71,1.51));
#12536 = CIRCLE('',#12537,0.4);
#12537 = AXIS2_PLACEMENT_3D('',#12538,#12539,#12540);
#12538 = CARTESIAN_POINT('',(116.3,-78.31,1.51));
#12539 = DIRECTION('',(-0.,0.,-1.));
#12540 = DIRECTION('',(-3.552713678801E-14,-1.,0.));
#12541 = FACE_BOUND('',#12542,.T.);
#12542 = EDGE_LOOP('',(#12543));
#12543 = ORIENTED_EDGE('',*,*,#12544,.T.);
#12544 = EDGE_CURVE('',#12545,#12545,#12547,.T.);
#12545 = VERTEX_POINT('',#12546);
#12546 = CARTESIAN_POINT('',(129.,-78.71,1.51));
#12547 = CIRCLE('',#12548,0.4);
#12548 = AXIS2_PLACEMENT_3D('',#12549,#12550,#12551);
#12549 = CARTESIAN_POINT('',(129.,-78.31,1.51));
#12550 = DIRECTION('',(-0.,0.,-1.));
#12551 = DIRECTION('',(-0.,-1.,0.));
#12552 = FACE_BOUND('',#12553,.T.);
#12553 = EDGE_LOOP('',(#12554));
#12554 = ORIENTED_EDGE('',*,*,#12555,.T.);
#12555 = EDGE_CURVE('',#12556,#12556,#12558,.T.);
#12556 = VERTEX_POINT('',#12557);
#12557 = CARTESIAN_POINT('',(116.3,-76.17,1.51));
#12558 = CIRCLE('',#12559,0.4);
#12559 = AXIS2_PLACEMENT_3D('',#12560,#12561,#12562);
#12560 = CARTESIAN_POINT('',(116.3,-75.77,1.51));
#12561 = DIRECTION('',(-0.,0.,-1.));
#12562 = DIRECTION('',(-3.552713678801E-14,-1.,0.));
#12563 = FACE_BOUND('',#12564,.T.);
#12564 = EDGE_LOOP('',(#12565));
#12565 = ORIENTED_EDGE('',*,*,#12566,.T.);
#12566 = EDGE_CURVE('',#12567,#12567,#12569,.T.);
#12567 = VERTEX_POINT('',#12568);
#12568 = CARTESIAN_POINT('',(116.3,-73.63,1.51));
#12569 = CIRCLE('',#12570,0.4);
#12570 = AXIS2_PLACEMENT_3D('',#12571,#12572,#12573);
#12571 = CARTESIAN_POINT('',(116.3,-73.23,1.51));
#12572 = DIRECTION('',(-0.,0.,-1.));
#12573 = DIRECTION('',(-3.552713678801E-14,-1.,0.));
#12574 = FACE_BOUND('',#12575,.T.);
#12575 = EDGE_LOOP('',(#12576));
#12576 = ORIENTED_EDGE('',*,*,#12577,.T.);
#12577 = EDGE_CURVE('',#12578,#12578,#12580,.T.);
#12578 = VERTEX_POINT('',#12579);
#12579 = CARTESIAN_POINT('',(129.,-76.17,1.51));
#12580 = CIRCLE('',#12581,0.4);
#12581 = AXIS2_PLACEMENT_3D('',#12582,#12583,#12584);
#12582 = CARTESIAN_POINT('',(129.,-75.77,1.51));
#12583 = DIRECTION('',(-0.,0.,-1.));
#12584 = DIRECTION('',(-0.,-1.,0.));
#12585 = FACE_BOUND('',#12586,.T.);
#12586 = EDGE_LOOP('',(#12587));
#12587 = ORIENTED_EDGE('',*,*,#12588,.T.);
#12588 = EDGE_CURVE('',#12589,#12589,#12591,.T.);
#12589 = VERTEX_POINT('',#12590);
#12590 = CARTESIAN_POINT('',(129.,-73.63,1.51));
#12591 = CIRCLE('',#12592,0.4);
#12592 = AXIS2_PLACEMENT_3D('',#12593,#12594,#12595);
#12593 = CARTESIAN_POINT('',(129.,-73.23,1.51));
#12594 = DIRECTION('',(-0.,0.,-1.));
#12595 = DIRECTION('',(-0.,-1.,0.));
#12596 = FACE_BOUND('',#12597,.T.);
#12597 = EDGE_LOOP('',(#12598));
#12598 = ORIENTED_EDGE('',*,*,#12599,.T.);
#12599 = EDGE_CURVE('',#12600,#12600,#12602,.T.);
#12600 = VERTEX_POINT('',#12601);
#12601 = CARTESIAN_POINT('',(111.36,-71.09,1.51));
#12602 = CIRCLE('',#12603,0.4);
#12603 = AXIS2_PLACEMENT_3D('',#12604,#12605,#12606);
#12604 = CARTESIAN_POINT('',(111.36,-70.69,1.51));
#12605 = DIRECTION('',(-0.,0.,-1.));
#12606 = DIRECTION('',(-0.,-1.,0.));
#12607 = FACE_BOUND('',#12608,.T.);
#12608 = EDGE_LOOP('',(#12609));
#12609 = ORIENTED_EDGE('',*,*,#12610,.T.);
#12610 = EDGE_CURVE('',#12611,#12611,#12613,.T.);
#12611 = VERTEX_POINT('',#12612);
#12612 = CARTESIAN_POINT('',(105.5,-68.9,1.51));
#12613 = CIRCLE('',#12614,0.4);
#12614 = AXIS2_PLACEMENT_3D('',#12615,#12616,#12617);
#12615 = CARTESIAN_POINT('',(105.5,-68.5,1.51));
#12616 = DIRECTION('',(-0.,0.,-1.));
#12617 = DIRECTION('',(-0.,-1.,0.));
#12618 = FACE_BOUND('',#12619,.T.);
#12619 = EDGE_LOOP('',(#12620));
#12620 = ORIENTED_EDGE('',*,*,#12621,.T.);
#12621 = EDGE_CURVE('',#12622,#12622,#12624,.T.);
#12622 = VERTEX_POINT('',#12623);
#12623 = CARTESIAN_POINT('',(111.36,-68.55,1.51));
#12624 = CIRCLE('',#12625,0.4);
#12625 = AXIS2_PLACEMENT_3D('',#12626,#12627,#12628);
#12626 = CARTESIAN_POINT('',(111.36,-68.15,1.51));
#12627 = DIRECTION('',(-0.,0.,-1.));
#12628 = DIRECTION('',(-0.,-1.,0.));
#12629 = FACE_BOUND('',#12630,.T.);
#12630 = EDGE_LOOP('',(#12631));
#12631 = ORIENTED_EDGE('',*,*,#12632,.T.);
#12632 = EDGE_CURVE('',#12633,#12633,#12635,.T.);
#12633 = VERTEX_POINT('',#12634);
#12634 = CARTESIAN_POINT('',(111.36,-66.01,1.51));
#12635 = CIRCLE('',#12636,0.4);
#12636 = AXIS2_PLACEMENT_3D('',#12637,#12638,#12639);
#12637 = CARTESIAN_POINT('',(111.36,-65.61,1.51));
#12638 = DIRECTION('',(-0.,0.,-1.));
#12639 = DIRECTION('',(-0.,-1.,0.));
#12640 = FACE_BOUND('',#12641,.T.);
#12641 = EDGE_LOOP('',(#12642));
#12642 = ORIENTED_EDGE('',*,*,#12643,.T.);
#12643 = EDGE_CURVE('',#12644,#12644,#12646,.T.);
#12644 = VERTEX_POINT('',#12645);
#12645 = CARTESIAN_POINT('',(116.3,-71.09,1.51));
#12646 = CIRCLE('',#12647,0.4);
#12647 = AXIS2_PLACEMENT_3D('',#12648,#12649,#12650);
#12648 = CARTESIAN_POINT('',(116.3,-70.69,1.51));
#12649 = DIRECTION('',(-0.,0.,-1.));
#12650 = DIRECTION('',(-3.552713678801E-14,-1.,0.));
#12651 = FACE_BOUND('',#12652,.T.);
#12652 = EDGE_LOOP('',(#12653));
#12653 = ORIENTED_EDGE('',*,*,#12654,.T.);
#12654 = EDGE_CURVE('',#12655,#12655,#12657,.T.);
#12655 = VERTEX_POINT('',#12656);
#12656 = CARTESIAN_POINT('',(129.,-71.09,1.51));
#12657 = CIRCLE('',#12658,0.4);
#12658 = AXIS2_PLACEMENT_3D('',#12659,#12660,#12661);
#12659 = CARTESIAN_POINT('',(129.,-70.69,1.51));
#12660 = DIRECTION('',(-0.,0.,-1.));
#12661 = DIRECTION('',(-0.,-1.,0.));
#12662 = FACE_BOUND('',#12663,.T.);
#12663 = EDGE_LOOP('',(#12664));
#12664 = ORIENTED_EDGE('',*,*,#12665,.T.);
#12665 = EDGE_CURVE('',#12666,#12666,#12668,.T.);
#12666 = VERTEX_POINT('',#12667);
#12667 = CARTESIAN_POINT('',(116.3,-68.55,1.51));
#12668 = CIRCLE('',#12669,0.4);
#12669 = AXIS2_PLACEMENT_3D('',#12670,#12671,#12672);
#12670 = CARTESIAN_POINT('',(116.3,-68.15,1.51));
#12671 = DIRECTION('',(-0.,0.,-1.));
#12672 = DIRECTION('',(-3.552713678801E-14,-1.,0.));
#12673 = FACE_BOUND('',#12674,.T.);
#12674 = EDGE_LOOP('',(#12675));
#12675 = ORIENTED_EDGE('',*,*,#12676,.T.);
#12676 = EDGE_CURVE('',#12677,#12677,#12679,.T.);
#12677 = VERTEX_POINT('',#12678);
#12678 = CARTESIAN_POINT('',(116.3,-66.01,1.51));
#12679 = CIRCLE('',#12680,0.4);
#12680 = AXIS2_PLACEMENT_3D('',#12681,#12682,#12683);
#12681 = CARTESIAN_POINT('',(116.3,-65.61,1.51));
#12682 = DIRECTION('',(-0.,0.,-1.));
#12683 = DIRECTION('',(-3.552713678801E-14,-1.,0.));
#12684 = FACE_BOUND('',#12685,.T.);
#12685 = EDGE_LOOP('',(#12686));
#12686 = ORIENTED_EDGE('',*,*,#12687,.T.);
#12687 = EDGE_CURVE('',#12688,#12688,#12690,.T.);
#12688 = VERTEX_POINT('',#12689);
#12689 = CARTESIAN_POINT('',(129.,-68.55,1.51));
#12690 = CIRCLE('',#12691,0.4);
#12691 = AXIS2_PLACEMENT_3D('',#12692,#12693,#12694);
#12692 = CARTESIAN_POINT('',(129.,-68.15,1.51));
#12693 = DIRECTION('',(-0.,0.,-1.));
#12694 = DIRECTION('',(-0.,-1.,0.));
#12695 = FACE_BOUND('',#12696,.T.);
#12696 = EDGE_LOOP('',(#12697));
#12697 = ORIENTED_EDGE('',*,*,#12698,.T.);
#12698 = EDGE_CURVE('',#12699,#12699,#12701,.T.);
#12699 = VERTEX_POINT('',#12700);
#12700 = CARTESIAN_POINT('',(129.,-66.01,1.51));
#12701 = CIRCLE('',#12702,0.4);
#12702 = AXIS2_PLACEMENT_3D('',#12703,#12704,#12705);
#12703 = CARTESIAN_POINT('',(129.,-65.61,1.51));
#12704 = DIRECTION('',(-0.,0.,-1.));
#12705 = DIRECTION('',(-0.,-1.,0.));
#12706 = PLANE('',#12707);
#12707 = AXIS2_PLACEMENT_3D('',#12708,#12709,#12710);
#12708 = CARTESIAN_POINT('',(0.,0.,1.51));
#12709 = DIRECTION('',(0.,0.,1.));
#12710 = DIRECTION('',(1.,0.,-0.));
#12711 = ADVANCED_FACE('',(#12712),#12723,.T.);
#12712 = FACE_BOUND('',#12713,.T.);
#12713 = EDGE_LOOP('',(#12714,#12720,#12721,#12722));
#12714 = ORIENTED_EDGE('',*,*,#12715,.T.);
#12715 = EDGE_CURVE('',#11118,#11918,#12716,.T.);
#12716 = LINE('',#12717,#12718);
#12717 = CARTESIAN_POINT('',(72.,-65.5,0.));
#12718 = VECTOR('',#12719,1.);
#12719 = DIRECTION('',(0.,0.,1.));
#12720 = ORIENTED_EDGE('',*,*,#11917,.T.);
#12721 = ORIENTED_EDGE('',*,*,#11053,.F.);
#12722 = ORIENTED_EDGE('',*,*,#11117,.F.);
#12723 = CYLINDRICAL_SURFACE('',#12724,3.000001172987);
#12724 = AXIS2_PLACEMENT_3D('',#12725,#12726,#12727);
#12725 = CARTESIAN_POINT('',(75.000001172987,-65.50000117298,0.));
#12726 = DIRECTION('',(0.,0.,-1.));
#12727 = DIRECTION('',(-1.,3.909953663434E-07,0.));
#12728 = ADVANCED_FACE('',(#12729),#12740,.T.);
#12729 = FACE_BOUND('',#12730,.T.);
#12730 = EDGE_LOOP('',(#12731,#12732,#12733,#12739));
#12731 = ORIENTED_EDGE('',*,*,#11093,.T.);
#12732 = ORIENTED_EDGE('',*,*,#11951,.T.);
#12733 = ORIENTED_EDGE('',*,*,#12734,.F.);
#12734 = EDGE_CURVE('',#11144,#11944,#12735,.T.);
#12735 = LINE('',#12736,#12737);
#12736 = CARTESIAN_POINT('',(131.,-98.5,0.));
#12737 = VECTOR('',#12738,1.);
#12738 = DIRECTION('',(0.,0.,1.));
#12739 = ORIENTED_EDGE('',*,*,#11151,.F.);
#12740 = CYLINDRICAL_SURFACE('',#12741,3.000001172987);
#12741 = AXIS2_PLACEMENT_3D('',#12742,#12743,#12744);
#12742 = CARTESIAN_POINT('',(130.99999882701,-95.49999882701,0.));
#12743 = DIRECTION('',(0.,0.,-1.));
#12744 = DIRECTION('',(1.,-3.909953663434E-07,0.));
#12745 = ADVANCED_FACE('',(#12746),#12757,.T.);
#12746 = FACE_BOUND('',#12747,.T.);
#12747 = EDGE_LOOP('',(#12748,#12754,#12755,#12756));
#12748 = ORIENTED_EDGE('',*,*,#12749,.T.);
#12749 = EDGE_CURVE('',#11127,#11927,#12750,.T.);
#12750 = LINE('',#12751,#12752);
#12751 = CARTESIAN_POINT('',(72.,-95.5,0.));
#12752 = VECTOR('',#12753,1.);
#12753 = DIRECTION('',(0.,0.,1.));
#12754 = ORIENTED_EDGE('',*,*,#11926,.T.);
#12755 = ORIENTED_EDGE('',*,*,#12715,.F.);
#12756 = ORIENTED_EDGE('',*,*,#11126,.F.);
#12757 = PLANE('',#12758);
#12758 = AXIS2_PLACEMENT_3D('',#12759,#12760,#12761);
#12759 = CARTESIAN_POINT('',(72.,-95.5,0.));
#12760 = DIRECTION('',(-1.,0.,0.));
#12761 = DIRECTION('',(0.,1.,0.));
#12762 = ADVANCED_FACE('',(#12763),#12774,.T.);
#12763 = FACE_BOUND('',#12764,.T.);
#12764 = EDGE_LOOP('',(#12765,#12766,#12767,#12773));
#12765 = ORIENTED_EDGE('',*,*,#12734,.T.);
#12766 = ORIENTED_EDGE('',*,*,#11943,.T.);
#12767 = ORIENTED_EDGE('',*,*,#12768,.F.);
#12768 = EDGE_CURVE('',#11135,#11935,#12769,.T.);
#12769 = LINE('',#12770,#12771);
#12770 = CARTESIAN_POINT('',(75.,-98.5,0.));
#12771 = VECTOR('',#12772,1.);
#12772 = DIRECTION('',(0.,0.,1.));
#12773 = ORIENTED_EDGE('',*,*,#11143,.F.);
#12774 = PLANE('',#12775);
#12775 = AXIS2_PLACEMENT_3D('',#12776,#12777,#12778);
#12776 = CARTESIAN_POINT('',(131.,-98.5,0.));
#12777 = DIRECTION('',(0.,-1.,0.));
#12778 = DIRECTION('',(-1.,0.,0.));
#12779 = ADVANCED_FACE('',(#12780),#12786,.T.);
#12780 = FACE_BOUND('',#12781,.T.);
#12781 = EDGE_LOOP('',(#12782,#12783,#12784,#12785));
#12782 = ORIENTED_EDGE('',*,*,#12768,.T.);
#12783 = ORIENTED_EDGE('',*,*,#11934,.T.);
#12784 = ORIENTED_EDGE('',*,*,#12749,.F.);
#12785 = ORIENTED_EDGE('',*,*,#11134,.F.);
#12786 = CYLINDRICAL_SURFACE('',#12787,3.000001172987);
#12787 = AXIS2_PLACEMENT_3D('',#12788,#12789,#12790);
#12788 = CARTESIAN_POINT('',(75.000001172987,-95.49999882701,0.));
#12789 = DIRECTION('',(0.,0.,-1.));
#12790 = DIRECTION('',(-3.909953663434E-07,-1.,-0.));
#12791 = ADVANCED_FACE('',(#12792),#12803,.F.);
#12792 = FACE_BOUND('',#12793,.T.);
#12793 = EDGE_LOOP('',(#12794,#12795,#12801,#12802));
#12794 = ORIENTED_EDGE('',*,*,#11161,.T.);
#12795 = ORIENTED_EDGE('',*,*,#12796,.T.);
#12796 = EDGE_CURVE('',#11162,#11962,#12797,.T.);
#12797 = LINE('',#12798,#12799);
#12798 = CARTESIAN_POINT('',(77.275,-95.1725,-4.6E-02));
#12799 = VECTOR('',#12800,1.);
#12800 = DIRECTION('',(0.,0.,1.));
#12801 = ORIENTED_EDGE('',*,*,#11961,.F.);
#12802 = ORIENTED_EDGE('',*,*,#12796,.F.);
#12803 = CYLINDRICAL_SURFACE('',#12804,0.5);
#12804 = AXIS2_PLACEMENT_3D('',#12805,#12806,#12807);
#12805 = CARTESIAN_POINT('',(77.275,-94.6725,-4.6E-02));
#12806 = DIRECTION('',(-0.,-0.,-1.));
#12807 = DIRECTION('',(-0.,-1.,0.));
#12808 = ADVANCED_FACE('',(#12809),#12820,.F.);
#12809 = FACE_BOUND('',#12810,.T.);
#12810 = EDGE_LOOP('',(#12811,#12812,#12818,#12819));
#12811 = ORIENTED_EDGE('',*,*,#11172,.T.);
#12812 = ORIENTED_EDGE('',*,*,#12813,.T.);
#12813 = EDGE_CURVE('',#11173,#11973,#12814,.T.);
#12814 = LINE('',#12815,#12816);
#12815 = CARTESIAN_POINT('',(77.275,-92.6325,-4.6E-02));
#12816 = VECTOR('',#12817,1.);
#12817 = DIRECTION('',(0.,0.,1.));
#12818 = ORIENTED_EDGE('',*,*,#11972,.F.);
#12819 = ORIENTED_EDGE('',*,*,#12813,.F.);
#12820 = CYLINDRICAL_SURFACE('',#12821,0.5);
#12821 = AXIS2_PLACEMENT_3D('',#12822,#12823,#12824);
#12822 = CARTESIAN_POINT('',(77.275,-92.1325,-4.6E-02));
#12823 = DIRECTION('',(-0.,-0.,-1.));
#12824 = DIRECTION('',(-0.,-1.,0.));
#12825 = ADVANCED_FACE('',(#12826),#12837,.F.);
#12826 = FACE_BOUND('',#12827,.T.);
#12827 = EDGE_LOOP('',(#12828,#12829,#12835,#12836));
#12828 = ORIENTED_EDGE('',*,*,#11183,.T.);
#12829 = ORIENTED_EDGE('',*,*,#12830,.T.);
#12830 = EDGE_CURVE('',#11184,#11984,#12831,.T.);
#12831 = LINE('',#12832,#12833);
#12832 = CARTESIAN_POINT('',(77.275,-90.0925,-4.6E-02));
#12833 = VECTOR('',#12834,1.);
#12834 = DIRECTION('',(0.,0.,1.));
#12835 = ORIENTED_EDGE('',*,*,#11983,.F.);
#12836 = ORIENTED_EDGE('',*,*,#12830,.F.);
#12837 = CYLINDRICAL_SURFACE('',#12838,0.5);
#12838 = AXIS2_PLACEMENT_3D('',#12839,#12840,#12841);
#12839 = CARTESIAN_POINT('',(77.275,-89.5925,-4.6E-02));
#12840 = DIRECTION('',(-0.,-0.,-1.));
#12841 = DIRECTION('',(-0.,-1.,0.));
#12842 = ADVANCED_FACE('',(#12843),#12854,.F.);
#12843 = FACE_BOUND('',#12844,.T.);
#12844 = EDGE_LOOP('',(#12845,#12846,#12852,#12853));
#12845 = ORIENTED_EDGE('',*,*,#11194,.T.);
#12846 = ORIENTED_EDGE('',*,*,#12847,.T.);
#12847 = EDGE_CURVE('',#11195,#11995,#12848,.T.);
#12848 = LINE('',#12849,#12850);
#12849 = CARTESIAN_POINT('',(92.775,-95.1725,-4.6E-02));
#12850 = VECTOR('',#12851,1.);
#12851 = DIRECTION('',(0.,0.,1.));
#12852 = ORIENTED_EDGE('',*,*,#11994,.F.);
#12853 = ORIENTED_EDGE('',*,*,#12847,.F.);
#12854 = CYLINDRICAL_SURFACE('',#12855,0.5);
#12855 = AXIS2_PLACEMENT_3D('',#12856,#12857,#12858);
#12856 = CARTESIAN_POINT('',(92.775,-94.6725,-4.6E-02));
#12857 = DIRECTION('',(-0.,-0.,-1.));
#12858 = DIRECTION('',(-0.,-1.,0.));
#12859 = ADVANCED_FACE('',(#12860),#12871,.F.);
#12860 = FACE_BOUND('',#12861,.T.);
#12861 = EDGE_LOOP('',(#12862,#12863,#12869,#12870));
#12862 = ORIENTED_EDGE('',*,*,#11205,.T.);
#12863 = ORIENTED_EDGE('',*,*,#12864,.T.);
#12864 = EDGE_CURVE('',#11206,#12006,#12865,.T.);
#12865 = LINE('',#12866,#12867);
#12866 = CARTESIAN_POINT('',(92.775,-92.6325,-4.6E-02));
#12867 = VECTOR('',#12868,1.);
#12868 = DIRECTION('',(0.,0.,1.));
#12869 = ORIENTED_EDGE('',*,*,#12005,.F.);
#12870 = ORIENTED_EDGE('',*,*,#12864,.F.);
#12871 = CYLINDRICAL_SURFACE('',#12872,0.5);
#12872 = AXIS2_PLACEMENT_3D('',#12873,#12874,#12875);
#12873 = CARTESIAN_POINT('',(92.775,-92.1325,-4.6E-02));
#12874 = DIRECTION('',(-0.,-0.,-1.));
#12875 = DIRECTION('',(-0.,-1.,0.));
#12876 = ADVANCED_FACE('',(#12877),#12888,.F.);
#12877 = FACE_BOUND('',#12878,.T.);
#12878 = EDGE_LOOP('',(#12879,#12880,#12886,#12887));
#12879 = ORIENTED_EDGE('',*,*,#11216,.T.);
#12880 = ORIENTED_EDGE('',*,*,#12881,.T.);
#12881 = EDGE_CURVE('',#11217,#12017,#12882,.T.);
#12882 = LINE('',#12883,#12884);
#12883 = CARTESIAN_POINT('',(92.775,-90.0925,-4.6E-02));
#12884 = VECTOR('',#12885,1.);
#12885 = DIRECTION('',(0.,0.,1.));
#12886 = ORIENTED_EDGE('',*,*,#12016,.F.);
#12887 = ORIENTED_EDGE('',*,*,#12881,.F.);
#12888 = CYLINDRICAL_SURFACE('',#12889,0.5);
#12889 = AXIS2_PLACEMENT_3D('',#12890,#12891,#12892);
#12890 = CARTESIAN_POINT('',(92.775,-89.5925,-4.6E-02));
#12891 = DIRECTION('',(-0.,-0.,-1.));
#12892 = DIRECTION('',(-0.,-1.,0.));
#12893 = ADVANCED_FACE('',(#12894),#12905,.F.);
#12894 = FACE_BOUND('',#12895,.T.);
#12895 = EDGE_LOOP('',(#12896,#12897,#12903,#12904));
#12896 = ORIENTED_EDGE('',*,*,#11227,.T.);
#12897 = ORIENTED_EDGE('',*,*,#12898,.T.);
#12898 = EDGE_CURVE('',#11228,#12028,#12899,.T.);
#12899 = LINE('',#12900,#12901);
#12900 = CARTESIAN_POINT('',(77.275,-87.5525,-4.6E-02));
#12901 = VECTOR('',#12902,1.);
#12902 = DIRECTION('',(0.,0.,1.));
#12903 = ORIENTED_EDGE('',*,*,#12027,.F.);
#12904 = ORIENTED_EDGE('',*,*,#12898,.F.);
#12905 = CYLINDRICAL_SURFACE('',#12906,0.5);
#12906 = AXIS2_PLACEMENT_3D('',#12907,#12908,#12909);
#12907 = CARTESIAN_POINT('',(77.275,-87.0525,-4.6E-02));
#12908 = DIRECTION('',(-0.,-0.,-1.));
#12909 = DIRECTION('',(-0.,-1.,0.));
#12910 = ADVANCED_FACE('',(#12911),#12922,.F.);
#12911 = FACE_BOUND('',#12912,.T.);
#12912 = EDGE_LOOP('',(#12913,#12914,#12920,#12921));
#12913 = ORIENTED_EDGE('',*,*,#11238,.T.);
#12914 = ORIENTED_EDGE('',*,*,#12915,.T.);
#12915 = EDGE_CURVE('',#11239,#12039,#12916,.T.);
#12916 = LINE('',#12917,#12918);
#12917 = CARTESIAN_POINT('',(77.275,-85.0125,-4.6E-02));
#12918 = VECTOR('',#12919,1.);
#12919 = DIRECTION('',(0.,0.,1.));
#12920 = ORIENTED_EDGE('',*,*,#12038,.F.);
#12921 = ORIENTED_EDGE('',*,*,#12915,.F.);
#12922 = CYLINDRICAL_SURFACE('',#12923,0.5);
#12923 = AXIS2_PLACEMENT_3D('',#12924,#12925,#12926);
#12924 = CARTESIAN_POINT('',(77.275,-84.5125,-4.6E-02));
#12925 = DIRECTION('',(-0.,-0.,-1.));
#12926 = DIRECTION('',(-0.,-1.,0.));
#12927 = ADVANCED_FACE('',(#12928),#12939,.F.);
#12928 = FACE_BOUND('',#12929,.T.);
#12929 = EDGE_LOOP('',(#12930,#12931,#12937,#12938));
#12930 = ORIENTED_EDGE('',*,*,#11249,.T.);
#12931 = ORIENTED_EDGE('',*,*,#12932,.T.);
#12932 = EDGE_CURVE('',#11250,#12050,#12933,.T.);
#12933 = LINE('',#12934,#12935);
#12934 = CARTESIAN_POINT('',(77.275,-82.4725,-4.6E-02));
#12935 = VECTOR('',#12936,1.);
#12936 = DIRECTION('',(0.,0.,1.));
#12937 = ORIENTED_EDGE('',*,*,#12049,.F.);
#12938 = ORIENTED_EDGE('',*,*,#12932,.F.);
#12939 = CYLINDRICAL_SURFACE('',#12940,0.5);
#12940 = AXIS2_PLACEMENT_3D('',#12941,#12942,#12943);
#12941 = CARTESIAN_POINT('',(77.275,-81.9725,-4.6E-02));
#12942 = DIRECTION('',(-0.,-0.,-1.));
#12943 = DIRECTION('',(-0.,-1.,0.));
#12944 = ADVANCED_FACE('',(#12945),#12956,.F.);
#12945 = FACE_BOUND('',#12946,.T.);
#12946 = EDGE_LOOP('',(#12947,#12948,#12954,#12955));
#12947 = ORIENTED_EDGE('',*,*,#11260,.T.);
#12948 = ORIENTED_EDGE('',*,*,#12949,.T.);
#12949 = EDGE_CURVE('',#11261,#12061,#12950,.T.);
#12950 = LINE('',#12951,#12952);
#12951 = CARTESIAN_POINT('',(92.775,-87.5525,-4.6E-02));
#12952 = VECTOR('',#12953,1.);
#12953 = DIRECTION('',(0.,0.,1.));
#12954 = ORIENTED_EDGE('',*,*,#12060,.F.);
#12955 = ORIENTED_EDGE('',*,*,#12949,.F.);
#12956 = CYLINDRICAL_SURFACE('',#12957,0.5);
#12957 = AXIS2_PLACEMENT_3D('',#12958,#12959,#12960);
#12958 = CARTESIAN_POINT('',(92.775,-87.0525,-4.6E-02));
#12959 = DIRECTION('',(-0.,-0.,-1.));
#12960 = DIRECTION('',(-0.,-1.,0.));
#12961 = ADVANCED_FACE('',(#12962),#12973,.F.);
#12962 = FACE_BOUND('',#12963,.T.);
#12963 = EDGE_LOOP('',(#12964,#12965,#12971,#12972));
#12964 = ORIENTED_EDGE('',*,*,#11271,.T.);
#12965 = ORIENTED_EDGE('',*,*,#12966,.T.);
#12966 = EDGE_CURVE('',#11272,#12072,#12967,.T.);
#12967 = LINE('',#12968,#12969);
#12968 = CARTESIAN_POINT('',(92.775,-85.0125,-4.6E-02));
#12969 = VECTOR('',#12970,1.);
#12970 = DIRECTION('',(0.,0.,1.));
#12971 = ORIENTED_EDGE('',*,*,#12071,.F.);
#12972 = ORIENTED_EDGE('',*,*,#12966,.F.);
#12973 = CYLINDRICAL_SURFACE('',#12974,0.5);
#12974 = AXIS2_PLACEMENT_3D('',#12975,#12976,#12977);
#12975 = CARTESIAN_POINT('',(92.775,-84.5125,-4.6E-02));
#12976 = DIRECTION('',(-0.,-0.,-1.));
#12977 = DIRECTION('',(-0.,-1.,0.));
#12978 = ADVANCED_FACE('',(#12979),#12990,.F.);
#12979 = FACE_BOUND('',#12980,.T.);
#12980 = EDGE_LOOP('',(#12981,#12982,#12988,#12989));
#12981 = ORIENTED_EDGE('',*,*,#11282,.T.);
#12982 = ORIENTED_EDGE('',*,*,#12983,.T.);
#12983 = EDGE_CURVE('',#11283,#12083,#12984,.T.);
#12984 = LINE('',#12985,#12986);
#12985 = CARTESIAN_POINT('',(92.775,-82.4725,-4.6E-02));
#12986 = VECTOR('',#12987,1.);
#12987 = DIRECTION('',(0.,0.,1.));
#12988 = ORIENTED_EDGE('',*,*,#12082,.F.);
#12989 = ORIENTED_EDGE('',*,*,#12983,.F.);
#12990 = CYLINDRICAL_SURFACE('',#12991,0.5);
#12991 = AXIS2_PLACEMENT_3D('',#12992,#12993,#12994);
#12992 = CARTESIAN_POINT('',(92.775,-81.9725,-4.6E-02));
#12993 = DIRECTION('',(-0.,-0.,-1.));
#12994 = DIRECTION('',(-0.,-1.,0.));
#12995 = ADVANCED_FACE('',(#12996),#13007,.F.);
#12996 = FACE_BOUND('',#12997,.T.);
#12997 = EDGE_LOOP('',(#12998,#12999,#13005,#13006));
#12998 = ORIENTED_EDGE('',*,*,#11293,.T.);
#12999 = ORIENTED_EDGE('',*,*,#13000,.T.);
#13000 = EDGE_CURVE('',#11294,#12094,#13001,.T.);
#13001 = LINE('',#13002,#13003);
#13002 = CARTESIAN_POINT('',(98.66,-83.79,-4.6E-02));
#13003 = VECTOR('',#13004,1.);
#13004 = DIRECTION('',(0.,0.,1.));
#13005 = ORIENTED_EDGE('',*,*,#12093,.F.);
#13006 = ORIENTED_EDGE('',*,*,#13000,.F.);
#13007 = CYLINDRICAL_SURFACE('',#13008,0.4);
#13008 = AXIS2_PLACEMENT_3D('',#13009,#13010,#13011);
#13009 = CARTESIAN_POINT('',(98.66,-83.39,-4.6E-02));
#13010 = DIRECTION('',(-0.,-0.,-1.));
#13011 = DIRECTION('',(-0.,-1.,0.));
#13012 = ADVANCED_FACE('',(#13013),#13024,.F.);
#13013 = FACE_BOUND('',#13014,.T.);
#13014 = EDGE_LOOP('',(#13015,#13016,#13022,#13023));
#13015 = ORIENTED_EDGE('',*,*,#11304,.T.);
#13016 = ORIENTED_EDGE('',*,*,#13017,.T.);
#13017 = EDGE_CURVE('',#11305,#12105,#13018,.T.);
#13018 = LINE('',#13019,#13020);
#13019 = CARTESIAN_POINT('',(98.66,-81.25,-4.6E-02));
#13020 = VECTOR('',#13021,1.);
#13021 = DIRECTION('',(0.,0.,1.));
#13022 = ORIENTED_EDGE('',*,*,#12104,.F.);
#13023 = ORIENTED_EDGE('',*,*,#13017,.F.);
#13024 = CYLINDRICAL_SURFACE('',#13025,0.4);
#13025 = AXIS2_PLACEMENT_3D('',#13026,#13027,#13028);
#13026 = CARTESIAN_POINT('',(98.66,-80.85,-4.6E-02));
#13027 = DIRECTION('',(-0.,-0.,-1.));
#13028 = DIRECTION('',(-0.,-1.,0.));
#13029 = ADVANCED_FACE('',(#13030),#13041,.F.);
#13030 = FACE_BOUND('',#13031,.T.);
#13031 = EDGE_LOOP('',(#13032,#13033,#13039,#13040));
#13032 = ORIENTED_EDGE('',*,*,#11315,.T.);
#13033 = ORIENTED_EDGE('',*,*,#13034,.T.);
#13034 = EDGE_CURVE('',#11316,#12116,#13035,.T.);
#13035 = LINE('',#13036,#13037);
#13036 = CARTESIAN_POINT('',(115.5,-96.62,-4.6E-02));
#13037 = VECTOR('',#13038,1.);
#13038 = DIRECTION('',(0.,0.,1.));
#13039 = ORIENTED_EDGE('',*,*,#12115,.F.);
#13040 = ORIENTED_EDGE('',*,*,#13034,.F.);
#13041 = CYLINDRICAL_SURFACE('',#13042,0.5);
#13042 = AXIS2_PLACEMENT_3D('',#13043,#13044,#13045);
#13043 = CARTESIAN_POINT('',(115.5,-96.12,-4.6E-02));
#13044 = DIRECTION('',(-0.,-0.,-1.));
#13045 = DIRECTION('',(-0.,-1.,0.));
#13046 = ADVANCED_FACE('',(#13047),#13058,.F.);
#13047 = FACE_BOUND('',#13048,.T.);
#13048 = EDGE_LOOP('',(#13049,#13050,#13056,#13057));
#13049 = ORIENTED_EDGE('',*,*,#11326,.T.);
#13050 = ORIENTED_EDGE('',*,*,#13051,.T.);
#13051 = EDGE_CURVE('',#11327,#12127,#13052,.T.);
#13052 = LINE('',#13053,#13054);
#13053 = CARTESIAN_POINT('',(115.5,-94.08,-4.6E-02));
#13054 = VECTOR('',#13055,1.);
#13055 = DIRECTION('',(0.,0.,1.));
#13056 = ORIENTED_EDGE('',*,*,#12126,.F.);
#13057 = ORIENTED_EDGE('',*,*,#13051,.F.);
#13058 = CYLINDRICAL_SURFACE('',#13059,0.5);
#13059 = AXIS2_PLACEMENT_3D('',#13060,#13061,#13062);
#13060 = CARTESIAN_POINT('',(115.5,-93.58,-4.6E-02));
#13061 = DIRECTION('',(-0.,-0.,-1.));
#13062 = DIRECTION('',(-0.,-1.,0.));
#13063 = ADVANCED_FACE('',(#13064),#13075,.F.);
#13064 = FACE_BOUND('',#13065,.T.);
#13065 = EDGE_LOOP('',(#13066,#13067,#13073,#13074));
#13066 = ORIENTED_EDGE('',*,*,#11337,.T.);
#13067 = ORIENTED_EDGE('',*,*,#13068,.T.);
#13068 = EDGE_CURVE('',#11338,#12138,#13069,.T.);
#13069 = LINE('',#13070,#13071);
#13070 = CARTESIAN_POINT('',(115.5,-91.54,-4.6E-02));
#13071 = VECTOR('',#13072,1.);
#13072 = DIRECTION('',(0.,0.,1.));
#13073 = ORIENTED_EDGE('',*,*,#12137,.F.);
#13074 = ORIENTED_EDGE('',*,*,#13068,.F.);
#13075 = CYLINDRICAL_SURFACE('',#13076,0.5);
#13076 = AXIS2_PLACEMENT_3D('',#13077,#13078,#13079);
#13077 = CARTESIAN_POINT('',(115.5,-91.04,-4.6E-02));
#13078 = DIRECTION('',(-0.,-0.,-1.));
#13079 = DIRECTION('',(-0.,-1.,0.));
#13080 = ADVANCED_FACE('',(#13081),#13092,.F.);
#13081 = FACE_BOUND('',#13082,.T.);
#13082 = EDGE_LOOP('',(#13083,#13084,#13090,#13091));
#13083 = ORIENTED_EDGE('',*,*,#11348,.T.);
#13084 = ORIENTED_EDGE('',*,*,#13085,.T.);
#13085 = EDGE_CURVE('',#11349,#12149,#13086,.T.);
#13086 = LINE('',#13087,#13088);
#13087 = CARTESIAN_POINT('',(124.5,-94.04,-4.6E-02));
#13088 = VECTOR('',#13089,1.);
#13089 = DIRECTION('',(0.,0.,1.));
#13090 = ORIENTED_EDGE('',*,*,#12148,.F.);
#13091 = ORIENTED_EDGE('',*,*,#13085,.F.);
#13092 = CYLINDRICAL_SURFACE('',#13093,0.5);
#13093 = AXIS2_PLACEMENT_3D('',#13094,#13095,#13096);
#13094 = CARTESIAN_POINT('',(124.5,-93.54,-4.6E-02));
#13095 = DIRECTION('',(-0.,-0.,-1.));
#13096 = DIRECTION('',(-0.,-1.,0.));
#13097 = ADVANCED_FACE('',(#13098),#13109,.F.);
#13098 = FACE_BOUND('',#13099,.T.);
#13099 = EDGE_LOOP('',(#13100,#13101,#13107,#13108));
#13100 = ORIENTED_EDGE('',*,*,#11359,.T.);
#13101 = ORIENTED_EDGE('',*,*,#13102,.T.);
#13102 = EDGE_CURVE('',#11360,#12160,#13103,.T.);
#13103 = LINE('',#13104,#13105);
#13104 = CARTESIAN_POINT('',(124.5,-91.5,-4.6E-02));
#13105 = VECTOR('',#13106,1.);
#13106 = DIRECTION('',(0.,0.,1.));
#13107 = ORIENTED_EDGE('',*,*,#12159,.F.);
#13108 = ORIENTED_EDGE('',*,*,#13102,.F.);
#13109 = CYLINDRICAL_SURFACE('',#13110,0.5);
#13110 = AXIS2_PLACEMENT_3D('',#13111,#13112,#13113);
#13111 = CARTESIAN_POINT('',(124.5,-91.,-4.6E-02));
#13112 = DIRECTION('',(-0.,-0.,-1.));
#13113 = DIRECTION('',(-0.,-1.,0.));
#13114 = ADVANCED_FACE('',(#13115),#13126,.F.);
#13115 = FACE_BOUND('',#13116,.T.);
#13116 = EDGE_LOOP('',(#13117,#13118,#13124,#13125));
#13117 = ORIENTED_EDGE('',*,*,#11370,.T.);
#13118 = ORIENTED_EDGE('',*,*,#13119,.T.);
#13119 = EDGE_CURVE('',#11371,#12171,#13120,.T.);
#13120 = LINE('',#13121,#13122);
#13121 = CARTESIAN_POINT('',(115.5,-89.,-4.6E-02));
#13122 = VECTOR('',#13123,1.);
#13123 = DIRECTION('',(0.,0.,1.));
#13124 = ORIENTED_EDGE('',*,*,#12170,.F.);
#13125 = ORIENTED_EDGE('',*,*,#13119,.F.);
#13126 = CYLINDRICAL_SURFACE('',#13127,0.5);
#13127 = AXIS2_PLACEMENT_3D('',#13128,#13129,#13130);
#13128 = CARTESIAN_POINT('',(115.5,-88.5,-4.6E-02));
#13129 = DIRECTION('',(-0.,-0.,-1.));
#13130 = DIRECTION('',(-0.,-1.,0.));
#13131 = ADVANCED_FACE('',(#13132),#13143,.F.);
#13132 = FACE_BOUND('',#13133,.T.);
#13133 = EDGE_LOOP('',(#13134,#13135,#13141,#13142));
#13134 = ORIENTED_EDGE('',*,*,#11381,.T.);
#13135 = ORIENTED_EDGE('',*,*,#13136,.T.);
#13136 = EDGE_CURVE('',#11382,#12182,#13137,.T.);
#13137 = LINE('',#13138,#13139);
#13138 = CARTESIAN_POINT('',(111.36,-83.79,-4.6E-02));
#13139 = VECTOR('',#13140,1.);
#13140 = DIRECTION('',(0.,0.,1.));
#13141 = ORIENTED_EDGE('',*,*,#12181,.F.);
#13142 = ORIENTED_EDGE('',*,*,#13136,.F.);
#13143 = CYLINDRICAL_SURFACE('',#13144,0.4);
#13144 = AXIS2_PLACEMENT_3D('',#13145,#13146,#13147);
#13145 = CARTESIAN_POINT('',(111.36,-83.39,-4.6E-02));
#13146 = DIRECTION('',(-0.,-0.,-1.));
#13147 = DIRECTION('',(-0.,-1.,0.));
#13148 = ADVANCED_FACE('',(#13149),#13160,.F.);
#13149 = FACE_BOUND('',#13150,.T.);
#13150 = EDGE_LOOP('',(#13151,#13152,#13158,#13159));
#13151 = ORIENTED_EDGE('',*,*,#11392,.T.);
#13152 = ORIENTED_EDGE('',*,*,#13153,.T.);
#13153 = EDGE_CURVE('',#11393,#12193,#13154,.T.);
#13154 = LINE('',#13155,#13156);
#13155 = CARTESIAN_POINT('',(111.36,-81.25,-4.6E-02));
#13156 = VECTOR('',#13157,1.);
#13157 = DIRECTION('',(0.,0.,1.));
#13158 = ORIENTED_EDGE('',*,*,#12192,.F.);
#13159 = ORIENTED_EDGE('',*,*,#13153,.F.);
#13160 = CYLINDRICAL_SURFACE('',#13161,0.4);
#13161 = AXIS2_PLACEMENT_3D('',#13162,#13163,#13164);
#13162 = CARTESIAN_POINT('',(111.36,-80.85,-4.6E-02));
#13163 = DIRECTION('',(-0.,-0.,-1.));
#13164 = DIRECTION('',(-0.,-1.,0.));
#13165 = ADVANCED_FACE('',(#13166),#13177,.F.);
#13166 = FACE_BOUND('',#13167,.T.);
#13167 = EDGE_LOOP('',(#13168,#13169,#13175,#13176));
#13168 = ORIENTED_EDGE('',*,*,#11403,.T.);
#13169 = ORIENTED_EDGE('',*,*,#13170,.T.);
#13170 = EDGE_CURVE('',#11404,#12204,#13171,.T.);
#13171 = LINE('',#13172,#13173);
#13172 = CARTESIAN_POINT('',(116.3,-83.79,-4.6E-02));
#13173 = VECTOR('',#13174,1.);
#13174 = DIRECTION('',(0.,0.,1.));
#13175 = ORIENTED_EDGE('',*,*,#12203,.F.);
#13176 = ORIENTED_EDGE('',*,*,#13170,.F.);
#13177 = CYLINDRICAL_SURFACE('',#13178,0.4);
#13178 = AXIS2_PLACEMENT_3D('',#13179,#13180,#13181);
#13179 = CARTESIAN_POINT('',(116.3,-83.39,-4.6E-02));
#13180 = DIRECTION('',(-0.,-0.,-1.));
#13181 = DIRECTION('',(-3.552713678801E-14,-1.,0.));
#13182 = ADVANCED_FACE('',(#13183),#13194,.F.);
#13183 = FACE_BOUND('',#13184,.T.);
#13184 = EDGE_LOOP('',(#13185,#13186,#13192,#13193));
#13185 = ORIENTED_EDGE('',*,*,#11414,.T.);
#13186 = ORIENTED_EDGE('',*,*,#13187,.T.);
#13187 = EDGE_CURVE('',#11415,#12215,#13188,.T.);
#13188 = LINE('',#13189,#13190);
#13189 = CARTESIAN_POINT('',(116.3,-81.25,-4.6E-02));
#13190 = VECTOR('',#13191,1.);
#13191 = DIRECTION('',(0.,0.,1.));
#13192 = ORIENTED_EDGE('',*,*,#12214,.F.);
#13193 = ORIENTED_EDGE('',*,*,#13187,.F.);
#13194 = CYLINDRICAL_SURFACE('',#13195,0.4);
#13195 = AXIS2_PLACEMENT_3D('',#13196,#13197,#13198);
#13196 = CARTESIAN_POINT('',(116.3,-80.85,-4.6E-02));
#13197 = DIRECTION('',(-0.,-0.,-1.));
#13198 = DIRECTION('',(-3.552713678801E-14,-1.,0.));
#13199 = ADVANCED_FACE('',(#13200),#13211,.F.);
#13200 = FACE_BOUND('',#13201,.T.);
#13201 = EDGE_LOOP('',(#13202,#13203,#13209,#13210));
#13202 = ORIENTED_EDGE('',*,*,#11425,.T.);
#13203 = ORIENTED_EDGE('',*,*,#13204,.T.);
#13204 = EDGE_CURVE('',#11426,#12226,#13205,.T.);
#13205 = LINE('',#13206,#13207);
#13206 = CARTESIAN_POINT('',(129.,-83.79,-4.6E-02));
#13207 = VECTOR('',#13208,1.);
#13208 = DIRECTION('',(0.,0.,1.));
#13209 = ORIENTED_EDGE('',*,*,#12225,.F.);
#13210 = ORIENTED_EDGE('',*,*,#13204,.F.);
#13211 = CYLINDRICAL_SURFACE('',#13212,0.4);
#13212 = AXIS2_PLACEMENT_3D('',#13213,#13214,#13215);
#13213 = CARTESIAN_POINT('',(129.,-83.39,-4.6E-02));
#13214 = DIRECTION('',(-0.,-0.,-1.));
#13215 = DIRECTION('',(-0.,-1.,0.));
#13216 = ADVANCED_FACE('',(#13217),#13228,.F.);
#13217 = FACE_BOUND('',#13218,.T.);
#13218 = EDGE_LOOP('',(#13219,#13220,#13226,#13227));
#13219 = ORIENTED_EDGE('',*,*,#11436,.T.);
#13220 = ORIENTED_EDGE('',*,*,#13221,.T.);
#13221 = EDGE_CURVE('',#11437,#12237,#13222,.T.);
#13222 = LINE('',#13223,#13224);
#13223 = CARTESIAN_POINT('',(129.,-81.25,-4.6E-02));
#13224 = VECTOR('',#13225,1.);
#13225 = DIRECTION('',(0.,0.,1.));
#13226 = ORIENTED_EDGE('',*,*,#12236,.F.);
#13227 = ORIENTED_EDGE('',*,*,#13221,.F.);
#13228 = CYLINDRICAL_SURFACE('',#13229,0.4);
#13229 = AXIS2_PLACEMENT_3D('',#13230,#13231,#13232);
#13230 = CARTESIAN_POINT('',(129.,-80.85,-4.6E-02));
#13231 = DIRECTION('',(-0.,-0.,-1.));
#13232 = DIRECTION('',(-0.,-1.,0.));
#13233 = ADVANCED_FACE('',(#13234),#13245,.F.);
#13234 = FACE_BOUND('',#13235,.T.);
#13235 = EDGE_LOOP('',(#13236,#13237,#13243,#13244));
#13236 = ORIENTED_EDGE('',*,*,#11447,.T.);
#13237 = ORIENTED_EDGE('',*,*,#13238,.T.);
#13238 = EDGE_CURVE('',#11448,#12248,#13239,.T.);
#13239 = LINE('',#13240,#13241);
#13240 = CARTESIAN_POINT('',(77.275,-79.9325,-4.6E-02));
#13241 = VECTOR('',#13242,1.);
#13242 = DIRECTION('',(0.,0.,1.));
#13243 = ORIENTED_EDGE('',*,*,#12247,.F.);
#13244 = ORIENTED_EDGE('',*,*,#13238,.F.);
#13245 = CYLINDRICAL_SURFACE('',#13246,0.5);
#13246 = AXIS2_PLACEMENT_3D('',#13247,#13248,#13249);
#13247 = CARTESIAN_POINT('',(77.275,-79.4325,-4.6E-02));
#13248 = DIRECTION('',(-0.,-0.,-1.));
#13249 = DIRECTION('',(-0.,-1.,0.));
#13250 = ADVANCED_FACE('',(#13251),#13262,.F.);
#13251 = FACE_BOUND('',#13252,.T.);
#13252 = EDGE_LOOP('',(#13253,#13254,#13260,#13261));
#13253 = ORIENTED_EDGE('',*,*,#11458,.T.);
#13254 = ORIENTED_EDGE('',*,*,#13255,.T.);
#13255 = EDGE_CURVE('',#11459,#12259,#13256,.T.);
#13256 = LINE('',#13257,#13258);
#13257 = CARTESIAN_POINT('',(77.275,-77.3925,-4.6E-02));
#13258 = VECTOR('',#13259,1.);
#13259 = DIRECTION('',(0.,0.,1.));
#13260 = ORIENTED_EDGE('',*,*,#12258,.F.);
#13261 = ORIENTED_EDGE('',*,*,#13255,.F.);
#13262 = CYLINDRICAL_SURFACE('',#13263,0.5);
#13263 = AXIS2_PLACEMENT_3D('',#13264,#13265,#13266);
#13264 = CARTESIAN_POINT('',(77.275,-76.8925,-4.6E-02));
#13265 = DIRECTION('',(-0.,-0.,-1.));
#13266 = DIRECTION('',(-0.,-1.,0.));
#13267 = ADVANCED_FACE('',(#13268),#13279,.F.);
#13268 = FACE_BOUND('',#13269,.T.);
#13269 = EDGE_LOOP('',(#13270,#13271,#13277,#13278));
#13270 = ORIENTED_EDGE('',*,*,#11469,.T.);
#13271 = ORIENTED_EDGE('',*,*,#13272,.T.);
#13272 = EDGE_CURVE('',#11470,#12270,#13273,.T.);
#13273 = LINE('',#13274,#13275);
#13274 = CARTESIAN_POINT('',(77.275,-74.8525,-4.6E-02));
#13275 = VECTOR('',#13276,1.);
#13276 = DIRECTION('',(0.,0.,1.));
#13277 = ORIENTED_EDGE('',*,*,#12269,.F.);
#13278 = ORIENTED_EDGE('',*,*,#13272,.F.);
#13279 = CYLINDRICAL_SURFACE('',#13280,0.5);
#13280 = AXIS2_PLACEMENT_3D('',#13281,#13282,#13283);
#13281 = CARTESIAN_POINT('',(77.275,-74.3525,-4.6E-02));
#13282 = DIRECTION('',(-0.,-0.,-1.));
#13283 = DIRECTION('',(-0.,-1.,0.));
#13284 = ADVANCED_FACE('',(#13285),#13296,.F.);
#13285 = FACE_BOUND('',#13286,.T.);
#13286 = EDGE_LOOP('',(#13287,#13288,#13294,#13295));
#13287 = ORIENTED_EDGE('',*,*,#11480,.T.);
#13288 = ORIENTED_EDGE('',*,*,#13289,.T.);
#13289 = EDGE_CURVE('',#11481,#12281,#13290,.T.);
#13290 = LINE('',#13291,#13292);
#13291 = CARTESIAN_POINT('',(92.775,-79.9325,-4.6E-02));
#13292 = VECTOR('',#13293,1.);
#13293 = DIRECTION('',(0.,0.,1.));
#13294 = ORIENTED_EDGE('',*,*,#12280,.F.);
#13295 = ORIENTED_EDGE('',*,*,#13289,.F.);
#13296 = CYLINDRICAL_SURFACE('',#13297,0.5);
#13297 = AXIS2_PLACEMENT_3D('',#13298,#13299,#13300);
#13298 = CARTESIAN_POINT('',(92.775,-79.4325,-4.6E-02));
#13299 = DIRECTION('',(-0.,-0.,-1.));
#13300 = DIRECTION('',(-0.,-1.,0.));
#13301 = ADVANCED_FACE('',(#13302),#13313,.F.);
#13302 = FACE_BOUND('',#13303,.T.);
#13303 = EDGE_LOOP('',(#13304,#13305,#13311,#13312));
#13304 = ORIENTED_EDGE('',*,*,#11491,.T.);
#13305 = ORIENTED_EDGE('',*,*,#13306,.T.);
#13306 = EDGE_CURVE('',#11492,#12292,#13307,.T.);
#13307 = LINE('',#13308,#13309);
#13308 = CARTESIAN_POINT('',(92.775,-77.3925,-4.6E-02));
#13309 = VECTOR('',#13310,1.);
#13310 = DIRECTION('',(0.,0.,1.));
#13311 = ORIENTED_EDGE('',*,*,#12291,.F.);
#13312 = ORIENTED_EDGE('',*,*,#13306,.F.);
#13313 = CYLINDRICAL_SURFACE('',#13314,0.5);
#13314 = AXIS2_PLACEMENT_3D('',#13315,#13316,#13317);
#13315 = CARTESIAN_POINT('',(92.775,-76.8925,-4.6E-02));
#13316 = DIRECTION('',(-0.,-0.,-1.));
#13317 = DIRECTION('',(-0.,-1.,0.));
#13318 = ADVANCED_FACE('',(#13319),#13330,.F.);
#13319 = FACE_BOUND('',#13320,.T.);
#13320 = EDGE_LOOP('',(#13321,#13322,#13328,#13329));
#13321 = ORIENTED_EDGE('',*,*,#11502,.T.);
#13322 = ORIENTED_EDGE('',*,*,#13323,.T.);
#13323 = EDGE_CURVE('',#11503,#12303,#13324,.T.);
#13324 = LINE('',#13325,#13326);
#13325 = CARTESIAN_POINT('',(98.66,-78.71,-4.6E-02));
#13326 = VECTOR('',#13327,1.);
#13327 = DIRECTION('',(0.,0.,1.));
#13328 = ORIENTED_EDGE('',*,*,#12302,.F.);
#13329 = ORIENTED_EDGE('',*,*,#13323,.F.);
#13330 = CYLINDRICAL_SURFACE('',#13331,0.4);
#13331 = AXIS2_PLACEMENT_3D('',#13332,#13333,#13334);
#13332 = CARTESIAN_POINT('',(98.66,-78.31,-4.6E-02));
#13333 = DIRECTION('',(-0.,-0.,-1.));
#13334 = DIRECTION('',(-0.,-1.,0.));
#13335 = ADVANCED_FACE('',(#13336),#13347,.F.);
#13336 = FACE_BOUND('',#13337,.T.);
#13337 = EDGE_LOOP('',(#13338,#13339,#13345,#13346));
#13338 = ORIENTED_EDGE('',*,*,#11513,.T.);
#13339 = ORIENTED_EDGE('',*,*,#13340,.T.);
#13340 = EDGE_CURVE('',#11514,#12314,#13341,.T.);
#13341 = LINE('',#13342,#13343);
#13342 = CARTESIAN_POINT('',(92.775,-74.8525,-4.6E-02));
#13343 = VECTOR('',#13344,1.);
#13344 = DIRECTION('',(0.,0.,1.));
#13345 = ORIENTED_EDGE('',*,*,#12313,.F.);
#13346 = ORIENTED_EDGE('',*,*,#13340,.F.);
#13347 = CYLINDRICAL_SURFACE('',#13348,0.5);
#13348 = AXIS2_PLACEMENT_3D('',#13349,#13350,#13351);
#13349 = CARTESIAN_POINT('',(92.775,-74.3525,-4.6E-02));
#13350 = DIRECTION('',(-0.,-0.,-1.));
#13351 = DIRECTION('',(-0.,-1.,0.));
#13352 = ADVANCED_FACE('',(#13353),#13364,.F.);
#13353 = FACE_BOUND('',#13354,.T.);
#13354 = EDGE_LOOP('',(#13355,#13356,#13362,#13363));
#13355 = ORIENTED_EDGE('',*,*,#11524,.T.);
#13356 = ORIENTED_EDGE('',*,*,#13357,.T.);
#13357 = EDGE_CURVE('',#11525,#12325,#13358,.T.);
#13358 = LINE('',#13359,#13360);
#13359 = CARTESIAN_POINT('',(98.66,-76.17,-4.6E-02));
#13360 = VECTOR('',#13361,1.);
#13361 = DIRECTION('',(0.,0.,1.));
#13362 = ORIENTED_EDGE('',*,*,#12324,.F.);
#13363 = ORIENTED_EDGE('',*,*,#13357,.F.);
#13364 = CYLINDRICAL_SURFACE('',#13365,0.4);
#13365 = AXIS2_PLACEMENT_3D('',#13366,#13367,#13368);
#13366 = CARTESIAN_POINT('',(98.66,-75.77,-4.6E-02));
#13367 = DIRECTION('',(-0.,-0.,-1.));
#13368 = DIRECTION('',(-0.,-1.,0.));
#13369 = ADVANCED_FACE('',(#13370),#13381,.F.);
#13370 = FACE_BOUND('',#13371,.T.);
#13371 = EDGE_LOOP('',(#13372,#13373,#13379,#13380));
#13372 = ORIENTED_EDGE('',*,*,#11535,.T.);
#13373 = ORIENTED_EDGE('',*,*,#13374,.T.);
#13374 = EDGE_CURVE('',#11536,#12336,#13375,.T.);
#13375 = LINE('',#13376,#13377);
#13376 = CARTESIAN_POINT('',(98.66,-73.63,-4.6E-02));
#13377 = VECTOR('',#13378,1.);
#13378 = DIRECTION('',(0.,0.,1.));
#13379 = ORIENTED_EDGE('',*,*,#12335,.F.);
#13380 = ORIENTED_EDGE('',*,*,#13374,.F.);
#13381 = CYLINDRICAL_SURFACE('',#13382,0.4);
#13382 = AXIS2_PLACEMENT_3D('',#13383,#13384,#13385);
#13383 = CARTESIAN_POINT('',(98.66,-73.23,-4.6E-02));
#13384 = DIRECTION('',(-0.,-0.,-1.));
#13385 = DIRECTION('',(-0.,-1.,0.));
#13386 = ADVANCED_FACE('',(#13387),#13398,.F.);
#13387 = FACE_BOUND('',#13388,.T.);
#13388 = EDGE_LOOP('',(#13389,#13390,#13396,#13397));
#13389 = ORIENTED_EDGE('',*,*,#11546,.T.);
#13390 = ORIENTED_EDGE('',*,*,#13391,.T.);
#13391 = EDGE_CURVE('',#11547,#12347,#13392,.T.);
#13392 = LINE('',#13393,#13394);
#13393 = CARTESIAN_POINT('',(85.38,-70.59,-4.6E-02));
#13394 = VECTOR('',#13395,1.);
#13395 = DIRECTION('',(0.,0.,1.));
#13396 = ORIENTED_EDGE('',*,*,#12346,.F.);
#13397 = ORIENTED_EDGE('',*,*,#13391,.F.);
#13398 = CYLINDRICAL_SURFACE('',#13399,0.5);
#13399 = AXIS2_PLACEMENT_3D('',#13400,#13401,#13402);
#13400 = CARTESIAN_POINT('',(85.38,-70.09,-4.6E-02));
#13401 = DIRECTION('',(-0.,-0.,-1.));
#13402 = DIRECTION('',(-0.,-1.,0.));
#13403 = ADVANCED_FACE('',(#13404),#13415,.F.);
#13404 = FACE_BOUND('',#13405,.T.);
#13405 = EDGE_LOOP('',(#13406,#13407,#13413,#13414));
#13406 = ORIENTED_EDGE('',*,*,#11557,.T.);
#13407 = ORIENTED_EDGE('',*,*,#13408,.T.);
#13408 = EDGE_CURVE('',#11558,#12358,#13409,.T.);
#13409 = LINE('',#13410,#13411);
#13410 = CARTESIAN_POINT('',(87.92,-70.59,-4.6E-02));
#13411 = VECTOR('',#13412,1.);
#13412 = DIRECTION('',(0.,0.,1.));
#13413 = ORIENTED_EDGE('',*,*,#12357,.F.);
#13414 = ORIENTED_EDGE('',*,*,#13408,.F.);
#13415 = CYLINDRICAL_SURFACE('',#13416,0.5);
#13416 = AXIS2_PLACEMENT_3D('',#13417,#13418,#13419);
#13417 = CARTESIAN_POINT('',(87.92,-70.09,-4.6E-02));
#13418 = DIRECTION('',(-0.,-0.,-1.));
#13419 = DIRECTION('',(-0.,-1.,0.));
#13420 = ADVANCED_FACE('',(#13421),#13432,.F.);
#13421 = FACE_BOUND('',#13422,.T.);
#13422 = EDGE_LOOP('',(#13423,#13424,#13430,#13431));
#13423 = ORIENTED_EDGE('',*,*,#11568,.T.);
#13424 = ORIENTED_EDGE('',*,*,#13425,.T.);
#13425 = EDGE_CURVE('',#11569,#12369,#13426,.T.);
#13426 = LINE('',#13427,#13428);
#13427 = CARTESIAN_POINT('',(76.5,-69.265,-4.6E-02));
#13428 = VECTOR('',#13429,1.);
#13429 = DIRECTION('',(0.,0.,1.));
#13430 = ORIENTED_EDGE('',*,*,#12368,.F.);
#13431 = ORIENTED_EDGE('',*,*,#13425,.F.);
#13432 = CYLINDRICAL_SURFACE('',#13433,0.5);
#13433 = AXIS2_PLACEMENT_3D('',#13434,#13435,#13436);
#13434 = CARTESIAN_POINT('',(76.5,-68.765,-4.6E-02));
#13435 = DIRECTION('',(-0.,-0.,-1.));
#13436 = DIRECTION('',(-0.,-1.,0.));
#13437 = ADVANCED_FACE('',(#13438),#13449,.F.);
#13438 = FACE_BOUND('',#13439,.T.);
#13439 = EDGE_LOOP('',(#13440,#13441,#13447,#13448));
#13440 = ORIENTED_EDGE('',*,*,#11579,.T.);
#13441 = ORIENTED_EDGE('',*,*,#13442,.T.);
#13442 = EDGE_CURVE('',#11580,#12380,#13443,.T.);
#13443 = LINE('',#13444,#13445);
#13444 = CARTESIAN_POINT('',(76.5,-66.725,-4.6E-02));
#13445 = VECTOR('',#13446,1.);
#13446 = DIRECTION('',(0.,0.,1.));
#13447 = ORIENTED_EDGE('',*,*,#12379,.F.);
#13448 = ORIENTED_EDGE('',*,*,#13442,.F.);
#13449 = CYLINDRICAL_SURFACE('',#13450,0.5);
#13450 = AXIS2_PLACEMENT_3D('',#13451,#13452,#13453);
#13451 = CARTESIAN_POINT('',(76.5,-66.225,-4.6E-02));
#13452 = DIRECTION('',(-0.,-0.,-1.));
#13453 = DIRECTION('',(-0.,-1.,0.));
#13454 = ADVANCED_FACE('',(#13455),#13466,.F.);
#13455 = FACE_BOUND('',#13456,.T.);
#13456 = EDGE_LOOP('',(#13457,#13458,#13464,#13465));
#13457 = ORIENTED_EDGE('',*,*,#11590,.T.);
#13458 = ORIENTED_EDGE('',*,*,#13459,.T.);
#13459 = EDGE_CURVE('',#11591,#12391,#13460,.T.);
#13460 = LINE('',#13461,#13462);
#13461 = CARTESIAN_POINT('',(85.38,-66.,-4.6E-02));
#13462 = VECTOR('',#13463,1.);
#13463 = DIRECTION('',(0.,0.,1.));
#13464 = ORIENTED_EDGE('',*,*,#12390,.F.);
#13465 = ORIENTED_EDGE('',*,*,#13459,.F.);
#13466 = CYLINDRICAL_SURFACE('',#13467,0.5);
#13467 = AXIS2_PLACEMENT_3D('',#13468,#13469,#13470);
#13468 = CARTESIAN_POINT('',(85.38,-65.5,-4.6E-02));
#13469 = DIRECTION('',(-0.,-0.,-1.));
#13470 = DIRECTION('',(-0.,-1.,0.));
#13471 = ADVANCED_FACE('',(#13472),#13483,.F.);
#13472 = FACE_BOUND('',#13473,.T.);
#13473 = EDGE_LOOP('',(#13474,#13475,#13481,#13482));
#13474 = ORIENTED_EDGE('',*,*,#11601,.T.);
#13475 = ORIENTED_EDGE('',*,*,#13476,.T.);
#13476 = EDGE_CURVE('',#11602,#12402,#13477,.T.);
#13477 = LINE('',#13478,#13479);
#13478 = CARTESIAN_POINT('',(87.92,-66.,-4.6E-02));
#13479 = VECTOR('',#13480,1.);
#13480 = DIRECTION('',(0.,0.,1.));
#13481 = ORIENTED_EDGE('',*,*,#12401,.F.);
#13482 = ORIENTED_EDGE('',*,*,#13476,.F.);
#13483 = CYLINDRICAL_SURFACE('',#13484,0.5);
#13484 = AXIS2_PLACEMENT_3D('',#13485,#13486,#13487);
#13485 = CARTESIAN_POINT('',(87.92,-65.5,-4.6E-02));
#13486 = DIRECTION('',(-0.,-0.,-1.));
#13487 = DIRECTION('',(-0.,-1.,0.));
#13488 = ADVANCED_FACE('',(#13489),#13500,.F.);
#13489 = FACE_BOUND('',#13490,.T.);
#13490 = EDGE_LOOP('',(#13491,#13492,#13498,#13499));
#13491 = ORIENTED_EDGE('',*,*,#11612,.T.);
#13492 = ORIENTED_EDGE('',*,*,#13493,.T.);
#13493 = EDGE_CURVE('',#11613,#12413,#13494,.T.);
#13494 = LINE('',#13495,#13496);
#13495 = CARTESIAN_POINT('',(90.46,-70.59,-4.6E-02));
#13496 = VECTOR('',#13497,1.);
#13497 = DIRECTION('',(0.,0.,1.));
#13498 = ORIENTED_EDGE('',*,*,#12412,.F.);
#13499 = ORIENTED_EDGE('',*,*,#13493,.F.);
#13500 = CYLINDRICAL_SURFACE('',#13501,0.5);
#13501 = AXIS2_PLACEMENT_3D('',#13502,#13503,#13504);
#13502 = CARTESIAN_POINT('',(90.46,-70.09,-4.6E-02));
#13503 = DIRECTION('',(-0.,-0.,-1.));
#13504 = DIRECTION('',(-0.,-1.,0.));
#13505 = ADVANCED_FACE('',(#13506),#13517,.F.);
#13506 = FACE_BOUND('',#13507,.T.);
#13507 = EDGE_LOOP('',(#13508,#13509,#13515,#13516));
#13508 = ORIENTED_EDGE('',*,*,#11623,.T.);
#13509 = ORIENTED_EDGE('',*,*,#13510,.T.);
#13510 = EDGE_CURVE('',#11624,#12424,#13511,.T.);
#13511 = LINE('',#13512,#13513);
#13512 = CARTESIAN_POINT('',(93.,-70.59,-4.6E-02));
#13513 = VECTOR('',#13514,1.);
#13514 = DIRECTION('',(0.,0.,1.));
#13515 = ORIENTED_EDGE('',*,*,#12423,.F.);
#13516 = ORIENTED_EDGE('',*,*,#13510,.F.);
#13517 = CYLINDRICAL_SURFACE('',#13518,0.5);
#13518 = AXIS2_PLACEMENT_3D('',#13519,#13520,#13521);
#13519 = CARTESIAN_POINT('',(93.,-70.09,-4.6E-02));
#13520 = DIRECTION('',(-0.,-0.,-1.));
#13521 = DIRECTION('',(-0.,-1.,0.));
#13522 = ADVANCED_FACE('',(#13523),#13534,.F.);
#13523 = FACE_BOUND('',#13524,.T.);
#13524 = EDGE_LOOP('',(#13525,#13526,#13532,#13533));
#13525 = ORIENTED_EDGE('',*,*,#11634,.T.);
#13526 = ORIENTED_EDGE('',*,*,#13527,.T.);
#13527 = EDGE_CURVE('',#11635,#12435,#13528,.T.);
#13528 = LINE('',#13529,#13530);
#13529 = CARTESIAN_POINT('',(98.66,-71.09,-4.6E-02));
#13530 = VECTOR('',#13531,1.);
#13531 = DIRECTION('',(0.,0.,1.));
#13532 = ORIENTED_EDGE('',*,*,#12434,.F.);
#13533 = ORIENTED_EDGE('',*,*,#13527,.F.);
#13534 = CYLINDRICAL_SURFACE('',#13535,0.4);
#13535 = AXIS2_PLACEMENT_3D('',#13536,#13537,#13538);
#13536 = CARTESIAN_POINT('',(98.66,-70.69,-4.6E-02));
#13537 = DIRECTION('',(-0.,-0.,-1.));
#13538 = DIRECTION('',(-0.,-1.,0.));
#13539 = ADVANCED_FACE('',(#13540),#13551,.F.);
#13540 = FACE_BOUND('',#13541,.T.);
#13541 = EDGE_LOOP('',(#13542,#13543,#13549,#13550));
#13542 = ORIENTED_EDGE('',*,*,#11645,.T.);
#13543 = ORIENTED_EDGE('',*,*,#13544,.T.);
#13544 = EDGE_CURVE('',#11646,#12446,#13545,.T.);
#13545 = LINE('',#13546,#13547);
#13546 = CARTESIAN_POINT('',(90.46,-66.,-4.6E-02));
#13547 = VECTOR('',#13548,1.);
#13548 = DIRECTION('',(0.,0.,1.));
#13549 = ORIENTED_EDGE('',*,*,#12445,.F.);
#13550 = ORIENTED_EDGE('',*,*,#13544,.F.);
#13551 = CYLINDRICAL_SURFACE('',#13552,0.5);
#13552 = AXIS2_PLACEMENT_3D('',#13553,#13554,#13555);
#13553 = CARTESIAN_POINT('',(90.46,-65.5,-4.6E-02));
#13554 = DIRECTION('',(-0.,-0.,-1.));
#13555 = DIRECTION('',(-0.,-1.,0.));
#13556 = ADVANCED_FACE('',(#13557),#13568,.F.);
#13557 = FACE_BOUND('',#13558,.T.);
#13558 = EDGE_LOOP('',(#13559,#13560,#13566,#13567));
#13559 = ORIENTED_EDGE('',*,*,#11656,.T.);
#13560 = ORIENTED_EDGE('',*,*,#13561,.T.);
#13561 = EDGE_CURVE('',#11657,#12457,#13562,.T.);
#13562 = LINE('',#13563,#13564);
#13563 = CARTESIAN_POINT('',(93.,-66.,-4.6E-02));
#13564 = VECTOR('',#13565,1.);
#13565 = DIRECTION('',(0.,0.,1.));
#13566 = ORIENTED_EDGE('',*,*,#12456,.F.);
#13567 = ORIENTED_EDGE('',*,*,#13561,.F.);
#13568 = CYLINDRICAL_SURFACE('',#13569,0.5);
#13569 = AXIS2_PLACEMENT_3D('',#13570,#13571,#13572);
#13570 = CARTESIAN_POINT('',(93.,-65.5,-4.6E-02));
#13571 = DIRECTION('',(-0.,-0.,-1.));
#13572 = DIRECTION('',(-0.,-1.,0.));
#13573 = ADVANCED_FACE('',(#13574),#13585,.F.);
#13574 = FACE_BOUND('',#13575,.T.);
#13575 = EDGE_LOOP('',(#13576,#13577,#13583,#13584));
#13576 = ORIENTED_EDGE('',*,*,#11667,.T.);
#13577 = ORIENTED_EDGE('',*,*,#13578,.T.);
#13578 = EDGE_CURVE('',#11668,#12468,#13579,.T.);
#13579 = LINE('',#13580,#13581);
#13580 = CARTESIAN_POINT('',(98.66,-68.55,-4.6E-02));
#13581 = VECTOR('',#13582,1.);
#13582 = DIRECTION('',(0.,0.,1.));
#13583 = ORIENTED_EDGE('',*,*,#12467,.F.);
#13584 = ORIENTED_EDGE('',*,*,#13578,.F.);
#13585 = CYLINDRICAL_SURFACE('',#13586,0.4);
#13586 = AXIS2_PLACEMENT_3D('',#13587,#13588,#13589);
#13587 = CARTESIAN_POINT('',(98.66,-68.15,-4.6E-02));
#13588 = DIRECTION('',(-0.,-0.,-1.));
#13589 = DIRECTION('',(-0.,-1.,0.));
#13590 = ADVANCED_FACE('',(#13591),#13602,.F.);
#13591 = FACE_BOUND('',#13592,.T.);
#13592 = EDGE_LOOP('',(#13593,#13594,#13600,#13601));
#13593 = ORIENTED_EDGE('',*,*,#11678,.T.);
#13594 = ORIENTED_EDGE('',*,*,#13595,.T.);
#13595 = EDGE_CURVE('',#11679,#12479,#13596,.T.);
#13596 = LINE('',#13597,#13598);
#13597 = CARTESIAN_POINT('',(98.66,-66.01,-4.6E-02));
#13598 = VECTOR('',#13599,1.);
#13599 = DIRECTION('',(0.,0.,1.));
#13600 = ORIENTED_EDGE('',*,*,#12478,.F.);
#13601 = ORIENTED_EDGE('',*,*,#13595,.F.);
#13602 = CYLINDRICAL_SURFACE('',#13603,0.4);
#13603 = AXIS2_PLACEMENT_3D('',#13604,#13605,#13606);
#13604 = CARTESIAN_POINT('',(98.66,-65.61,-4.6E-02));
#13605 = DIRECTION('',(-0.,-0.,-1.));
#13606 = DIRECTION('',(-0.,-1.,0.));
#13607 = ADVANCED_FACE('',(#13608),#13619,.F.);
#13608 = FACE_BOUND('',#13609,.T.);
#13609 = EDGE_LOOP('',(#13610,#13611,#13617,#13618));
#13610 = ORIENTED_EDGE('',*,*,#11689,.T.);
#13611 = ORIENTED_EDGE('',*,*,#13612,.T.);
#13612 = EDGE_CURVE('',#11690,#12490,#13613,.T.);
#13613 = LINE('',#13614,#13615);
#13614 = CARTESIAN_POINT('',(111.36,-78.71,-4.6E-02));
#13615 = VECTOR('',#13616,1.);
#13616 = DIRECTION('',(0.,0.,1.));
#13617 = ORIENTED_EDGE('',*,*,#12489,.F.);
#13618 = ORIENTED_EDGE('',*,*,#13612,.F.);
#13619 = CYLINDRICAL_SURFACE('',#13620,0.4);
#13620 = AXIS2_PLACEMENT_3D('',#13621,#13622,#13623);
#13621 = CARTESIAN_POINT('',(111.36,-78.31,-4.6E-02));
#13622 = DIRECTION('',(-0.,-0.,-1.));
#13623 = DIRECTION('',(-0.,-1.,0.));
#13624 = ADVANCED_FACE('',(#13625),#13636,.F.);
#13625 = FACE_BOUND('',#13626,.T.);
#13626 = EDGE_LOOP('',(#13627,#13628,#13634,#13635));
#13627 = ORIENTED_EDGE('',*,*,#11700,.T.);
#13628 = ORIENTED_EDGE('',*,*,#13629,.T.);
#13629 = EDGE_CURVE('',#11701,#12501,#13630,.T.);
#13630 = LINE('',#13631,#13632);
#13631 = CARTESIAN_POINT('',(105.5,-73.9,-4.6E-02));
#13632 = VECTOR('',#13633,1.);
#13633 = DIRECTION('',(0.,0.,1.));
#13634 = ORIENTED_EDGE('',*,*,#12500,.F.);
#13635 = ORIENTED_EDGE('',*,*,#13629,.F.);
#13636 = CYLINDRICAL_SURFACE('',#13637,0.4);
#13637 = AXIS2_PLACEMENT_3D('',#13638,#13639,#13640);
#13638 = CARTESIAN_POINT('',(105.5,-73.5,-4.6E-02));
#13639 = DIRECTION('',(-0.,-0.,-1.));
#13640 = DIRECTION('',(-0.,-1.,0.));
#13641 = ADVANCED_FACE('',(#13642),#13653,.F.);
#13642 = FACE_BOUND('',#13643,.T.);
#13643 = EDGE_LOOP('',(#13644,#13645,#13651,#13652));
#13644 = ORIENTED_EDGE('',*,*,#11711,.T.);
#13645 = ORIENTED_EDGE('',*,*,#13646,.T.);
#13646 = EDGE_CURVE('',#11712,#12512,#13647,.T.);
#13647 = LINE('',#13648,#13649);
#13648 = CARTESIAN_POINT('',(111.36,-76.17,-4.6E-02));
#13649 = VECTOR('',#13650,1.);
#13650 = DIRECTION('',(0.,0.,1.));
#13651 = ORIENTED_EDGE('',*,*,#12511,.F.);
#13652 = ORIENTED_EDGE('',*,*,#13646,.F.);
#13653 = CYLINDRICAL_SURFACE('',#13654,0.4);
#13654 = AXIS2_PLACEMENT_3D('',#13655,#13656,#13657);
#13655 = CARTESIAN_POINT('',(111.36,-75.77,-4.6E-02));
#13656 = DIRECTION('',(-0.,-0.,-1.));
#13657 = DIRECTION('',(-0.,-1.,0.));
#13658 = ADVANCED_FACE('',(#13659),#13670,.F.);
#13659 = FACE_BOUND('',#13660,.T.);
#13660 = EDGE_LOOP('',(#13661,#13662,#13668,#13669));
#13661 = ORIENTED_EDGE('',*,*,#11722,.T.);
#13662 = ORIENTED_EDGE('',*,*,#13663,.T.);
#13663 = EDGE_CURVE('',#11723,#12523,#13664,.T.);
#13664 = LINE('',#13665,#13666);
#13665 = CARTESIAN_POINT('',(111.36,-73.63,-4.6E-02));
#13666 = VECTOR('',#13667,1.);
#13667 = DIRECTION('',(0.,0.,1.));
#13668 = ORIENTED_EDGE('',*,*,#12522,.F.);
#13669 = ORIENTED_EDGE('',*,*,#13663,.F.);
#13670 = CYLINDRICAL_SURFACE('',#13671,0.4);
#13671 = AXIS2_PLACEMENT_3D('',#13672,#13673,#13674);
#13672 = CARTESIAN_POINT('',(111.36,-73.23,-4.6E-02));
#13673 = DIRECTION('',(-0.,-0.,-1.));
#13674 = DIRECTION('',(-0.,-1.,0.));
#13675 = ADVANCED_FACE('',(#13676),#13687,.F.);
#13676 = FACE_BOUND('',#13677,.T.);
#13677 = EDGE_LOOP('',(#13678,#13679,#13685,#13686));
#13678 = ORIENTED_EDGE('',*,*,#11733,.T.);
#13679 = ORIENTED_EDGE('',*,*,#13680,.T.);
#13680 = EDGE_CURVE('',#11734,#12534,#13681,.T.);
#13681 = LINE('',#13682,#13683);
#13682 = CARTESIAN_POINT('',(116.3,-78.71,-4.6E-02));
#13683 = VECTOR('',#13684,1.);
#13684 = DIRECTION('',(0.,0.,1.));
#13685 = ORIENTED_EDGE('',*,*,#12533,.F.);
#13686 = ORIENTED_EDGE('',*,*,#13680,.F.);
#13687 = CYLINDRICAL_SURFACE('',#13688,0.4);
#13688 = AXIS2_PLACEMENT_3D('',#13689,#13690,#13691);
#13689 = CARTESIAN_POINT('',(116.3,-78.31,-4.6E-02));
#13690 = DIRECTION('',(-0.,-0.,-1.));
#13691 = DIRECTION('',(-3.552713678801E-14,-1.,0.));
#13692 = ADVANCED_FACE('',(#13693),#13704,.F.);
#13693 = FACE_BOUND('',#13694,.T.);
#13694 = EDGE_LOOP('',(#13695,#13696,#13702,#13703));
#13695 = ORIENTED_EDGE('',*,*,#11744,.T.);
#13696 = ORIENTED_EDGE('',*,*,#13697,.T.);
#13697 = EDGE_CURVE('',#11745,#12545,#13698,.T.);
#13698 = LINE('',#13699,#13700);
#13699 = CARTESIAN_POINT('',(129.,-78.71,-4.6E-02));
#13700 = VECTOR('',#13701,1.);
#13701 = DIRECTION('',(0.,0.,1.));
#13702 = ORIENTED_EDGE('',*,*,#12544,.F.);
#13703 = ORIENTED_EDGE('',*,*,#13697,.F.);
#13704 = CYLINDRICAL_SURFACE('',#13705,0.4);
#13705 = AXIS2_PLACEMENT_3D('',#13706,#13707,#13708);
#13706 = CARTESIAN_POINT('',(129.,-78.31,-4.6E-02));
#13707 = DIRECTION('',(-0.,-0.,-1.));
#13708 = DIRECTION('',(-0.,-1.,0.));
#13709 = ADVANCED_FACE('',(#13710),#13721,.F.);
#13710 = FACE_BOUND('',#13711,.T.);
#13711 = EDGE_LOOP('',(#13712,#13713,#13719,#13720));
#13712 = ORIENTED_EDGE('',*,*,#11755,.T.);
#13713 = ORIENTED_EDGE('',*,*,#13714,.T.);
#13714 = EDGE_CURVE('',#11756,#12556,#13715,.T.);
#13715 = LINE('',#13716,#13717);
#13716 = CARTESIAN_POINT('',(116.3,-76.17,-4.6E-02));
#13717 = VECTOR('',#13718,1.);
#13718 = DIRECTION('',(0.,0.,1.));
#13719 = ORIENTED_EDGE('',*,*,#12555,.F.);
#13720 = ORIENTED_EDGE('',*,*,#13714,.F.);
#13721 = CYLINDRICAL_SURFACE('',#13722,0.4);
#13722 = AXIS2_PLACEMENT_3D('',#13723,#13724,#13725);
#13723 = CARTESIAN_POINT('',(116.3,-75.77,-4.6E-02));
#13724 = DIRECTION('',(-0.,-0.,-1.));
#13725 = DIRECTION('',(-3.552713678801E-14,-1.,0.));
#13726 = ADVANCED_FACE('',(#13727),#13738,.F.);
#13727 = FACE_BOUND('',#13728,.T.);
#13728 = EDGE_LOOP('',(#13729,#13730,#13736,#13737));
#13729 = ORIENTED_EDGE('',*,*,#11766,.T.);
#13730 = ORIENTED_EDGE('',*,*,#13731,.T.);
#13731 = EDGE_CURVE('',#11767,#12567,#13732,.T.);
#13732 = LINE('',#13733,#13734);
#13733 = CARTESIAN_POINT('',(116.3,-73.63,-4.6E-02));
#13734 = VECTOR('',#13735,1.);
#13735 = DIRECTION('',(0.,0.,1.));
#13736 = ORIENTED_EDGE('',*,*,#12566,.F.);
#13737 = ORIENTED_EDGE('',*,*,#13731,.F.);
#13738 = CYLINDRICAL_SURFACE('',#13739,0.4);
#13739 = AXIS2_PLACEMENT_3D('',#13740,#13741,#13742);
#13740 = CARTESIAN_POINT('',(116.3,-73.23,-4.6E-02));
#13741 = DIRECTION('',(-0.,-0.,-1.));
#13742 = DIRECTION('',(-3.552713678801E-14,-1.,0.));
#13743 = ADVANCED_FACE('',(#13744),#13755,.F.);
#13744 = FACE_BOUND('',#13745,.T.);
#13745 = EDGE_LOOP('',(#13746,#13747,#13753,#13754));
#13746 = ORIENTED_EDGE('',*,*,#11777,.T.);
#13747 = ORIENTED_EDGE('',*,*,#13748,.T.);
#13748 = EDGE_CURVE('',#11778,#12578,#13749,.T.);
#13749 = LINE('',#13750,#13751);
#13750 = CARTESIAN_POINT('',(129.,-76.17,-4.6E-02));
#13751 = VECTOR('',#13752,1.);
#13752 = DIRECTION('',(0.,0.,1.));
#13753 = ORIENTED_EDGE('',*,*,#12577,.F.);
#13754 = ORIENTED_EDGE('',*,*,#13748,.F.);
#13755 = CYLINDRICAL_SURFACE('',#13756,0.4);
#13756 = AXIS2_PLACEMENT_3D('',#13757,#13758,#13759);
#13757 = CARTESIAN_POINT('',(129.,-75.77,-4.6E-02));
#13758 = DIRECTION('',(-0.,-0.,-1.));
#13759 = DIRECTION('',(-0.,-1.,0.));
#13760 = ADVANCED_FACE('',(#13761),#13772,.F.);
#13761 = FACE_BOUND('',#13762,.T.);
#13762 = EDGE_LOOP('',(#13763,#13764,#13770,#13771));
#13763 = ORIENTED_EDGE('',*,*,#11788,.T.);
#13764 = ORIENTED_EDGE('',*,*,#13765,.T.);
#13765 = EDGE_CURVE('',#11789,#12589,#13766,.T.);
#13766 = LINE('',#13767,#13768);
#13767 = CARTESIAN_POINT('',(129.,-73.63,-4.6E-02));
#13768 = VECTOR('',#13769,1.);
#13769 = DIRECTION('',(0.,0.,1.));
#13770 = ORIENTED_EDGE('',*,*,#12588,.F.);
#13771 = ORIENTED_EDGE('',*,*,#13765,.F.);
#13772 = CYLINDRICAL_SURFACE('',#13773,0.4);
#13773 = AXIS2_PLACEMENT_3D('',#13774,#13775,#13776);
#13774 = CARTESIAN_POINT('',(129.,-73.23,-4.6E-02));
#13775 = DIRECTION('',(-0.,-0.,-1.));
#13776 = DIRECTION('',(-0.,-1.,0.));
#13777 = ADVANCED_FACE('',(#13778),#13789,.F.);
#13778 = FACE_BOUND('',#13779,.T.);
#13779 = EDGE_LOOP('',(#13780,#13781,#13787,#13788));
#13780 = ORIENTED_EDGE('',*,*,#11799,.T.);
#13781 = ORIENTED_EDGE('',*,*,#13782,.T.);
#13782 = EDGE_CURVE('',#11800,#12600,#13783,.T.);
#13783 = LINE('',#13784,#13785);
#13784 = CARTESIAN_POINT('',(111.36,-71.09,-4.6E-02));
#13785 = VECTOR('',#13786,1.);
#13786 = DIRECTION('',(0.,0.,1.));
#13787 = ORIENTED_EDGE('',*,*,#12599,.F.);
#13788 = ORIENTED_EDGE('',*,*,#13782,.F.);
#13789 = CYLINDRICAL_SURFACE('',#13790,0.4);
#13790 = AXIS2_PLACEMENT_3D('',#13791,#13792,#13793);
#13791 = CARTESIAN_POINT('',(111.36,-70.69,-4.6E-02));
#13792 = DIRECTION('',(-0.,-0.,-1.));
#13793 = DIRECTION('',(-0.,-1.,0.));
#13794 = ADVANCED_FACE('',(#13795),#13806,.F.);
#13795 = FACE_BOUND('',#13796,.T.);
#13796 = EDGE_LOOP('',(#13797,#13798,#13804,#13805));
#13797 = ORIENTED_EDGE('',*,*,#11810,.T.);
#13798 = ORIENTED_EDGE('',*,*,#13799,.T.);
#13799 = EDGE_CURVE('',#11811,#12611,#13800,.T.);
#13800 = LINE('',#13801,#13802);
#13801 = CARTESIAN_POINT('',(105.5,-68.9,-4.6E-02));
#13802 = VECTOR('',#13803,1.);
#13803 = DIRECTION('',(0.,0.,1.));
#13804 = ORIENTED_EDGE('',*,*,#12610,.F.);
#13805 = ORIENTED_EDGE('',*,*,#13799,.F.);
#13806 = CYLINDRICAL_SURFACE('',#13807,0.4);
#13807 = AXIS2_PLACEMENT_3D('',#13808,#13809,#13810);
#13808 = CARTESIAN_POINT('',(105.5,-68.5,-4.6E-02));
#13809 = DIRECTION('',(-0.,-0.,-1.));
#13810 = DIRECTION('',(-0.,-1.,0.));
#13811 = ADVANCED_FACE('',(#13812),#13823,.F.);
#13812 = FACE_BOUND('',#13813,.T.);
#13813 = EDGE_LOOP('',(#13814,#13815,#13821,#13822));
#13814 = ORIENTED_EDGE('',*,*,#11821,.T.);
#13815 = ORIENTED_EDGE('',*,*,#13816,.T.);
#13816 = EDGE_CURVE('',#11822,#12622,#13817,.T.);
#13817 = LINE('',#13818,#13819);
#13818 = CARTESIAN_POINT('',(111.36,-68.55,-4.6E-02));
#13819 = VECTOR('',#13820,1.);
#13820 = DIRECTION('',(0.,0.,1.));
#13821 = ORIENTED_EDGE('',*,*,#12621,.F.);
#13822 = ORIENTED_EDGE('',*,*,#13816,.F.);
#13823 = CYLINDRICAL_SURFACE('',#13824,0.4);
#13824 = AXIS2_PLACEMENT_3D('',#13825,#13826,#13827);
#13825 = CARTESIAN_POINT('',(111.36,-68.15,-4.6E-02));
#13826 = DIRECTION('',(-0.,-0.,-1.));
#13827 = DIRECTION('',(-0.,-1.,0.));
#13828 = ADVANCED_FACE('',(#13829),#13840,.F.);
#13829 = FACE_BOUND('',#13830,.T.);
#13830 = EDGE_LOOP('',(#13831,#13832,#13838,#13839));
#13831 = ORIENTED_EDGE('',*,*,#11832,.T.);
#13832 = ORIENTED_EDGE('',*,*,#13833,.T.);
#13833 = EDGE_CURVE('',#11833,#12633,#13834,.T.);
#13834 = LINE('',#13835,#13836);
#13835 = CARTESIAN_POINT('',(111.36,-66.01,-4.6E-02));
#13836 = VECTOR('',#13837,1.);
#13837 = DIRECTION('',(0.,0.,1.));
#13838 = ORIENTED_EDGE('',*,*,#12632,.F.);
#13839 = ORIENTED_EDGE('',*,*,#13833,.F.);
#13840 = CYLINDRICAL_SURFACE('',#13841,0.4);
#13841 = AXIS2_PLACEMENT_3D('',#13842,#13843,#13844);
#13842 = CARTESIAN_POINT('',(111.36,-65.61,-4.6E-02));
#13843 = DIRECTION('',(-0.,-0.,-1.));
#13844 = DIRECTION('',(-0.,-1.,0.));
#13845 = ADVANCED_FACE('',(#13846),#13857,.F.);
#13846 = FACE_BOUND('',#13847,.T.);
#13847 = EDGE_LOOP('',(#13848,#13849,#13855,#13856));
#13848 = ORIENTED_EDGE('',*,*,#11843,.T.);
#13849 = ORIENTED_EDGE('',*,*,#13850,.T.);
#13850 = EDGE_CURVE('',#11844,#12644,#13851,.T.);
#13851 = LINE('',#13852,#13853);
#13852 = CARTESIAN_POINT('',(116.3,-71.09,-4.6E-02));
#13853 = VECTOR('',#13854,1.);
#13854 = DIRECTION('',(0.,0.,1.));
#13855 = ORIENTED_EDGE('',*,*,#12643,.F.);
#13856 = ORIENTED_EDGE('',*,*,#13850,.F.);
#13857 = CYLINDRICAL_SURFACE('',#13858,0.4);
#13858 = AXIS2_PLACEMENT_3D('',#13859,#13860,#13861);
#13859 = CARTESIAN_POINT('',(116.3,-70.69,-4.6E-02));
#13860 = DIRECTION('',(-0.,-0.,-1.));
#13861 = DIRECTION('',(-3.552713678801E-14,-1.,0.));
#13862 = ADVANCED_FACE('',(#13863),#13874,.F.);
#13863 = FACE_BOUND('',#13864,.T.);
#13864 = EDGE_LOOP('',(#13865,#13866,#13872,#13873));
#13865 = ORIENTED_EDGE('',*,*,#11854,.T.);
#13866 = ORIENTED_EDGE('',*,*,#13867,.T.);
#13867 = EDGE_CURVE('',#11855,#12655,#13868,.T.);
#13868 = LINE('',#13869,#13870);
#13869 = CARTESIAN_POINT('',(129.,-71.09,-4.6E-02));
#13870 = VECTOR('',#13871,1.);
#13871 = DIRECTION('',(0.,0.,1.));
#13872 = ORIENTED_EDGE('',*,*,#12654,.F.);
#13873 = ORIENTED_EDGE('',*,*,#13867,.F.);
#13874 = CYLINDRICAL_SURFACE('',#13875,0.4);
#13875 = AXIS2_PLACEMENT_3D('',#13876,#13877,#13878);
#13876 = CARTESIAN_POINT('',(129.,-70.69,-4.6E-02));
#13877 = DIRECTION('',(-0.,-0.,-1.));
#13878 = DIRECTION('',(-0.,-1.,0.));
#13879 = ADVANCED_FACE('',(#13880),#13891,.F.);
#13880 = FACE_BOUND('',#13881,.T.);
#13881 = EDGE_LOOP('',(#13882,#13883,#13889,#13890));
#13882 = ORIENTED_EDGE('',*,*,#11865,.T.);
#13883 = ORIENTED_EDGE('',*,*,#13884,.T.);
#13884 = EDGE_CURVE('',#11866,#12666,#13885,.T.);
#13885 = LINE('',#13886,#13887);
#13886 = CARTESIAN_POINT('',(116.3,-68.55,-4.6E-02));
#13887 = VECTOR('',#13888,1.);
#13888 = DIRECTION('',(0.,0.,1.));
#13889 = ORIENTED_EDGE('',*,*,#12665,.F.);
#13890 = ORIENTED_EDGE('',*,*,#13884,.F.);
#13891 = CYLINDRICAL_SURFACE('',#13892,0.4);
#13892 = AXIS2_PLACEMENT_3D('',#13893,#13894,#13895);
#13893 = CARTESIAN_POINT('',(116.3,-68.15,-4.6E-02));
#13894 = DIRECTION('',(-0.,-0.,-1.));
#13895 = DIRECTION('',(-3.552713678801E-14,-1.,0.));
#13896 = ADVANCED_FACE('',(#13897),#13908,.F.);
#13897 = FACE_BOUND('',#13898,.T.);
#13898 = EDGE_LOOP('',(#13899,#13900,#13906,#13907));
#13899 = ORIENTED_EDGE('',*,*,#11876,.T.);
#13900 = ORIENTED_EDGE('',*,*,#13901,.T.);
#13901 = EDGE_CURVE('',#11877,#12677,#13902,.T.);
#13902 = LINE('',#13903,#13904);
#13903 = CARTESIAN_POINT('',(116.3,-66.01,-4.6E-02));
#13904 = VECTOR('',#13905,1.);
#13905 = DIRECTION('',(0.,0.,1.));
#13906 = ORIENTED_EDGE('',*,*,#12676,.F.);
#13907 = ORIENTED_EDGE('',*,*,#13901,.F.);
#13908 = CYLINDRICAL_SURFACE('',#13909,0.4);
#13909 = AXIS2_PLACEMENT_3D('',#13910,#13911,#13912);
#13910 = CARTESIAN_POINT('',(116.3,-65.61,-4.6E-02));
#13911 = DIRECTION('',(-0.,-0.,-1.));
#13912 = DIRECTION('',(-3.552713678801E-14,-1.,0.));
#13913 = ADVANCED_FACE('',(#13914),#13925,.F.);
#13914 = FACE_BOUND('',#13915,.T.);
#13915 = EDGE_LOOP('',(#13916,#13917,#13923,#13924));
#13916 = ORIENTED_EDGE('',*,*,#11887,.T.);
#13917 = ORIENTED_EDGE('',*,*,#13918,.T.);
#13918 = EDGE_CURVE('',#11888,#12688,#13919,.T.);
#13919 = LINE('',#13920,#13921);
#13920 = CARTESIAN_POINT('',(129.,-68.55,-4.6E-02));
#13921 = VECTOR('',#13922,1.);
#13922 = DIRECTION('',(0.,0.,1.));
#13923 = ORIENTED_EDGE('',*,*,#12687,.F.);
#13924 = ORIENTED_EDGE('',*,*,#13918,.F.);
#13925 = CYLINDRICAL_SURFACE('',#13926,0.4);
#13926 = AXIS2_PLACEMENT_3D('',#13927,#13928,#13929);
#13927 = CARTESIAN_POINT('',(129.,-68.15,-4.6E-02));
#13928 = DIRECTION('',(-0.,-0.,-1.));
#13929 = DIRECTION('',(-0.,-1.,0.));
#13930 = ADVANCED_FACE('',(#13931),#13942,.F.);
#13931 = FACE_BOUND('',#13932,.T.);
#13932 = EDGE_LOOP('',(#13933,#13934,#13940,#13941));
#13933 = ORIENTED_EDGE('',*,*,#11898,.T.);
#13934 = ORIENTED_EDGE('',*,*,#13935,.T.);
#13935 = EDGE_CURVE('',#11899,#12699,#13936,.T.);
#13936 = LINE('',#13937,#13938);
#13937 = CARTESIAN_POINT('',(129.,-66.01,-4.6E-02));
#13938 = VECTOR('',#13939,1.);
#13939 = DIRECTION('',(0.,0.,1.));
#13940 = ORIENTED_EDGE('',*,*,#12698,.F.);
#13941 = ORIENTED_EDGE('',*,*,#13935,.F.);
#13942 = CYLINDRICAL_SURFACE('',#13943,0.4);
#13943 = AXIS2_PLACEMENT_3D('',#13944,#13945,#13946);
#13944 = CARTESIAN_POINT('',(129.,-65.61,-4.6E-02));
#13945 = DIRECTION('',(-0.,-0.,-1.));
#13946 = DIRECTION('',(-0.,-1.,0.));
#13947 = ( GEOMETRIC_REPRESENTATION_CONTEXT(3) 
GLOBAL_UNCERTAINTY_ASSIGNED_CONTEXT((#13951)) 
GLOBAL_UNIT_ASSIGNED_CONTEXT((#13948,#13949,#13950)) 
REPRESENTATION_CONTEXT('Context #1',
  '3D Context with UNIT and UNCERTAINTY') );
#13948 = ( LENGTH_UNIT() NAMED_UNIT(*) SI_UNIT(.MILLI.,.METRE.) );
#13949 = ( NAMED_UNIT(*) PLANE_ANGLE_UNIT() SI_UNIT($,.RADIAN.) );
#13950 = ( NAMED_UNIT(*) SI_UNIT($,.STERADIAN.) SOLID_ANGLE_UNIT() );
#13951 = UNCERTAINTY_MEASURE_WITH_UNIT(LENGTH_MEASURE(1.E-07),#13948,
  'distance_accuracy_value','confusion accuracy');
#13952 = CONTEXT_DEPENDENT_SHAPE_REPRESENTATION(#13953,#13955);
#13953 = ( REPRESENTATION_RELATIONSHIP('','',#11004,#10) 
REPRESENTATION_RELATIONSHIP_WITH_TRANSFORMATION(#13954) 
SHAPE_REPRESENTATION_RELATIONSHIP() );
#13954 = ITEM_DEFINED_TRANSFORMATION('','',#11,#47);
#13955 = PRODUCT_DEFINITION_SHAPE('Placement','Placement of an item',
  #13956);
#13956 = NEXT_ASSEMBLY_USAGE_OCCURRENCE('9','=>[0:1:1:6]','',#5,#10999,$
  );
#13957 = PRODUCT_RELATED_PRODUCT_CATEGORY('part',$,(#11001));
#13958 = MECHANICAL_DESIGN_GEOMETRIC_PRESENTATION_REPRESENTATION('',(
    #13959,#13967,#13974,#13981,#13988,#13995,#14002,#14009,#14016,
    #14023,#14030,#14037,#14044,#14051,#14058,#14065,#14072,#14079,
    #14086,#14093,#14100,#14107,#14114,#14121,#14128,#14135,#14142,
    #14149,#14156,#14163,#14170,#14177,#14184,#14191,#14198,#14205,
    #14212,#14219,#14226,#14233,#14240,#14247,#14254,#14261,#14268,
    #14275,#14282,#14289,#14296,#14303,#14310,#14317,#14324,#14331,
    #14338,#14345,#14352,#14359,#14366,#14374,#14381,#14388,#14395,
    #14402,#14409,#14416,#14423,#14430,#14437,#14444,#14451,#14458,
    #14465,#14472,#14479,#14486,#14493,#14500,#14507,#14514,#14521,
    #14528,#14535,#14542,#14549,#14556,#14563,#14570,#14577,#14584,
    #14591,#14598,#14605,#14612,#14619,#14626,#14633,#14640,#14647,
    #14654,#14661,#14668,#14675,#14682,#14689,#14696,#14703,#14710,
    #14717,#14724,#14731,#14738,#14745,#14752,#14759,#14766,#14773,
    #14780,#14787,#14794,#14801,#14808,#14815,#14822,#14829,#14836,
    #14843,#14850,#14857,#14864,#14871,#14878,#14885,#14892,#14899,
    #14906,#14913,#14920,#14927,#14934,#14941,#14948,#14955,#14962,
    #14969,#14976,#14983,#14990,#14997,#15004,#15011,#15018,#15025,
    #15032,#15039,#15046,#15053,#15060,#15067,#15074,#15081,#15088,
    #15095,#15102,#15109,#15116,#15123,#15130,#15137,#15144,#15151,
    #15158,#15165,#15172,#15179,#15186,#15193,#15200,#15207,#15214,
    #15221,#15228,#15235,#15242,#15249,#15256,#15263,#15270,#15277,
    #15284,#15291,#15298,#15305,#15312,#15319,#15326,#15333,#15340,
    #15347,#15354,#15361,#15368,#15375,#15382,#15389,#15396,#15403,
    #15410,#15417,#15424,#15431,#15438,#15445,#15452,#15459,#15466,
    #15473,#15480,#15487,#15494),#6215);
#13959 = STYLED_ITEM('color',(#13960),#67);
#13960 = PRESENTATION_STYLE_ASSIGNMENT((#13961));
#13961 = SURFACE_STYLE_USAGE(.BOTH.,#13962);
#13962 = SURFACE_SIDE_STYLE('',(#13963));
#13963 = SURFACE_STYLE_FILL_AREA(#13964);
#13964 = FILL_AREA_STYLE('',(#13965));
#13965 = FILL_AREA_STYLE_COLOUR('',#13966);
#13966 = COLOUR_RGB('',0.147999998088,0.144999993226,0.144999993226);
#13967 = STYLED_ITEM('color',(#13968),#107);
#13968 = PRESENTATION_STYLE_ASSIGNMENT((#13969));
#13969 = SURFACE_STYLE_USAGE(.BOTH.,#13970);
#13970 = SURFACE_SIDE_STYLE('',(#13971));
#13971 = SURFACE_STYLE_FILL_AREA(#13972);
#13972 = FILL_AREA_STYLE('',(#13973));
#13973 = FILL_AREA_STYLE_COLOUR('',#13966);
#13974 = STYLED_ITEM('color',(#13975),#138);
#13975 = PRESENTATION_STYLE_ASSIGNMENT((#13976));
#13976 = SURFACE_STYLE_USAGE(.BOTH.,#13977);
#13977 = SURFACE_SIDE_STYLE('',(#13978));
#13978 = SURFACE_STYLE_FILL_AREA(#13979);
#13979 = FILL_AREA_STYLE('',(#13980));
#13980 = FILL_AREA_STYLE_COLOUR('',#13966);
#13981 = STYLED_ITEM('color',(#13982),#169);
#13982 = PRESENTATION_STYLE_ASSIGNMENT((#13983));
#13983 = SURFACE_STYLE_USAGE(.BOTH.,#13984);
#13984 = SURFACE_SIDE_STYLE('',(#13985));
#13985 = SURFACE_STYLE_FILL_AREA(#13986);
#13986 = FILL_AREA_STYLE('',(#13987));
#13987 = FILL_AREA_STYLE_COLOUR('',#13966);
#13988 = STYLED_ITEM('color',(#13989),#908);
#13989 = PRESENTATION_STYLE_ASSIGNMENT((#13990));
#13990 = SURFACE_STYLE_USAGE(.BOTH.,#13991);
#13991 = SURFACE_SIDE_STYLE('',(#13992));
#13992 = SURFACE_STYLE_FILL_AREA(#13993);
#13993 = FILL_AREA_STYLE('',(#13994));
#13994 = FILL_AREA_STYLE_COLOUR('',#13966);
#13995 = STYLED_ITEM('color',(#13996),#1647);
#13996 = PRESENTATION_STYLE_ASSIGNMENT((#13997));
#13997 = SURFACE_STYLE_USAGE(.BOTH.,#13998);
#13998 = SURFACE_SIDE_STYLE('',(#13999));
#13999 = SURFACE_STYLE_FILL_AREA(#14000);
#14000 = FILL_AREA_STYLE('',(#14001));
#14001 = FILL_AREA_STYLE_COLOUR('',#13966);
#14002 = STYLED_ITEM('color',(#14003),#1664);
#14003 = PRESENTATION_STYLE_ASSIGNMENT((#14004));
#14004 = SURFACE_STYLE_USAGE(.BOTH.,#14005);
#14005 = SURFACE_SIDE_STYLE('',(#14006));
#14006 = SURFACE_STYLE_FILL_AREA(#14007);
#14007 = FILL_AREA_STYLE('',(#14008));
#14008 = FILL_AREA_STYLE_COLOUR('',#13966);
#14009 = STYLED_ITEM('color',(#14010),#1681);
#14010 = PRESENTATION_STYLE_ASSIGNMENT((#14011));
#14011 = SURFACE_STYLE_USAGE(.BOTH.,#14012);
#14012 = SURFACE_SIDE_STYLE('',(#14013));
#14013 = SURFACE_STYLE_FILL_AREA(#14014);
#14014 = FILL_AREA_STYLE('',(#14015));
#14015 = FILL_AREA_STYLE_COLOUR('',#13966);
#14016 = STYLED_ITEM('color',(#14017),#1698);
#14017 = PRESENTATION_STYLE_ASSIGNMENT((#14018));
#14018 = SURFACE_STYLE_USAGE(.BOTH.,#14019);
#14019 = SURFACE_SIDE_STYLE('',(#14020));
#14020 = SURFACE_STYLE_FILL_AREA(#14021);
#14021 = FILL_AREA_STYLE('',(#14022));
#14022 = FILL_AREA_STYLE_COLOUR('',#13966);
#14023 = STYLED_ITEM('color',(#14024),#1715);
#14024 = PRESENTATION_STYLE_ASSIGNMENT((#14025));
#14025 = SURFACE_STYLE_USAGE(.BOTH.,#14026);
#14026 = SURFACE_SIDE_STYLE('',(#14027));
#14027 = SURFACE_STYLE_FILL_AREA(#14028);
#14028 = FILL_AREA_STYLE('',(#14029));
#14029 = FILL_AREA_STYLE_COLOUR('',#13966);
#14030 = STYLED_ITEM('color',(#14031),#1732);
#14031 = PRESENTATION_STYLE_ASSIGNMENT((#14032));
#14032 = SURFACE_STYLE_USAGE(.BOTH.,#14033);
#14033 = SURFACE_SIDE_STYLE('',(#14034));
#14034 = SURFACE_STYLE_FILL_AREA(#14035);
#14035 = FILL_AREA_STYLE('',(#14036));
#14036 = FILL_AREA_STYLE_COLOUR('',#13966);
#14037 = STYLED_ITEM('color',(#14038),#1749);
#14038 = PRESENTATION_STYLE_ASSIGNMENT((#14039));
#14039 = SURFACE_STYLE_USAGE(.BOTH.,#14040);
#14040 = SURFACE_SIDE_STYLE('',(#14041));
#14041 = SURFACE_STYLE_FILL_AREA(#14042);
#14042 = FILL_AREA_STYLE('',(#14043));
#14043 = FILL_AREA_STYLE_COLOUR('',#13966);
#14044 = STYLED_ITEM('color',(#14045),#1766);
#14045 = PRESENTATION_STYLE_ASSIGNMENT((#14046));
#14046 = SURFACE_STYLE_USAGE(.BOTH.,#14047);
#14047 = SURFACE_SIDE_STYLE('',(#14048));
#14048 = SURFACE_STYLE_FILL_AREA(#14049);
#14049 = FILL_AREA_STYLE('',(#14050));
#14050 = FILL_AREA_STYLE_COLOUR('',#13966);
#14051 = STYLED_ITEM('color',(#14052),#1783);
#14052 = PRESENTATION_STYLE_ASSIGNMENT((#14053));
#14053 = SURFACE_STYLE_USAGE(.BOTH.,#14054);
#14054 = SURFACE_SIDE_STYLE('',(#14055));
#14055 = SURFACE_STYLE_FILL_AREA(#14056);
#14056 = FILL_AREA_STYLE('',(#14057));
#14057 = FILL_AREA_STYLE_COLOUR('',#13966);
#14058 = STYLED_ITEM('color',(#14059),#1800);
#14059 = PRESENTATION_STYLE_ASSIGNMENT((#14060));
#14060 = SURFACE_STYLE_USAGE(.BOTH.,#14061);
#14061 = SURFACE_SIDE_STYLE('',(#14062));
#14062 = SURFACE_STYLE_FILL_AREA(#14063);
#14063 = FILL_AREA_STYLE('',(#14064));
#14064 = FILL_AREA_STYLE_COLOUR('',#13966);
#14065 = STYLED_ITEM('color',(#14066),#1817);
#14066 = PRESENTATION_STYLE_ASSIGNMENT((#14067));
#14067 = SURFACE_STYLE_USAGE(.BOTH.,#14068);
#14068 = SURFACE_SIDE_STYLE('',(#14069));
#14069 = SURFACE_STYLE_FILL_AREA(#14070);
#14070 = FILL_AREA_STYLE('',(#14071));
#14071 = FILL_AREA_STYLE_COLOUR('',#13966);
#14072 = STYLED_ITEM('color',(#14073),#1834);
#14073 = PRESENTATION_STYLE_ASSIGNMENT((#14074));
#14074 = SURFACE_STYLE_USAGE(.BOTH.,#14075);
#14075 = SURFACE_SIDE_STYLE('',(#14076));
#14076 = SURFACE_STYLE_FILL_AREA(#14077);
#14077 = FILL_AREA_STYLE('',(#14078));
#14078 = FILL_AREA_STYLE_COLOUR('',#13966);
#14079 = STYLED_ITEM('color',(#14080),#1851);
#14080 = PRESENTATION_STYLE_ASSIGNMENT((#14081));
#14081 = SURFACE_STYLE_USAGE(.BOTH.,#14082);
#14082 = SURFACE_SIDE_STYLE('',(#14083));
#14083 = SURFACE_STYLE_FILL_AREA(#14084);
#14084 = FILL_AREA_STYLE('',(#14085));
#14085 = FILL_AREA_STYLE_COLOUR('',#13966);
#14086 = STYLED_ITEM('color',(#14087),#1868);
#14087 = PRESENTATION_STYLE_ASSIGNMENT((#14088));
#14088 = SURFACE_STYLE_USAGE(.BOTH.,#14089);
#14089 = SURFACE_SIDE_STYLE('',(#14090));
#14090 = SURFACE_STYLE_FILL_AREA(#14091);
#14091 = FILL_AREA_STYLE('',(#14092));
#14092 = FILL_AREA_STYLE_COLOUR('',#13966);
#14093 = STYLED_ITEM('color',(#14094),#1885);
#14094 = PRESENTATION_STYLE_ASSIGNMENT((#14095));
#14095 = SURFACE_STYLE_USAGE(.BOTH.,#14096);
#14096 = SURFACE_SIDE_STYLE('',(#14097));
#14097 = SURFACE_STYLE_FILL_AREA(#14098);
#14098 = FILL_AREA_STYLE('',(#14099));
#14099 = FILL_AREA_STYLE_COLOUR('',#13966);
#14100 = STYLED_ITEM('color',(#14101),#1902);
#14101 = PRESENTATION_STYLE_ASSIGNMENT((#14102));
#14102 = SURFACE_STYLE_USAGE(.BOTH.,#14103);
#14103 = SURFACE_SIDE_STYLE('',(#14104));
#14104 = SURFACE_STYLE_FILL_AREA(#14105);
#14105 = FILL_AREA_STYLE('',(#14106));
#14106 = FILL_AREA_STYLE_COLOUR('',#13966);
#14107 = STYLED_ITEM('color',(#14108),#1919);
#14108 = PRESENTATION_STYLE_ASSIGNMENT((#14109));
#14109 = SURFACE_STYLE_USAGE(.BOTH.,#14110);
#14110 = SURFACE_SIDE_STYLE('',(#14111));
#14111 = SURFACE_STYLE_FILL_AREA(#14112);
#14112 = FILL_AREA_STYLE('',(#14113));
#14113 = FILL_AREA_STYLE_COLOUR('',#13966);
#14114 = STYLED_ITEM('color',(#14115),#1936);
#14115 = PRESENTATION_STYLE_ASSIGNMENT((#14116));
#14116 = SURFACE_STYLE_USAGE(.BOTH.,#14117);
#14117 = SURFACE_SIDE_STYLE('',(#14118));
#14118 = SURFACE_STYLE_FILL_AREA(#14119);
#14119 = FILL_AREA_STYLE('',(#14120));
#14120 = FILL_AREA_STYLE_COLOUR('',#13966);
#14121 = STYLED_ITEM('color',(#14122),#1953);
#14122 = PRESENTATION_STYLE_ASSIGNMENT((#14123));
#14123 = SURFACE_STYLE_USAGE(.BOTH.,#14124);
#14124 = SURFACE_SIDE_STYLE('',(#14125));
#14125 = SURFACE_STYLE_FILL_AREA(#14126);
#14126 = FILL_AREA_STYLE('',(#14127));
#14127 = FILL_AREA_STYLE_COLOUR('',#13966);
#14128 = STYLED_ITEM('color',(#14129),#1970);
#14129 = PRESENTATION_STYLE_ASSIGNMENT((#14130));
#14130 = SURFACE_STYLE_USAGE(.BOTH.,#14131);
#14131 = SURFACE_SIDE_STYLE('',(#14132));
#14132 = SURFACE_STYLE_FILL_AREA(#14133);
#14133 = FILL_AREA_STYLE('',(#14134));
#14134 = FILL_AREA_STYLE_COLOUR('',#13966);
#14135 = STYLED_ITEM('color',(#14136),#1987);
#14136 = PRESENTATION_STYLE_ASSIGNMENT((#14137));
#14137 = SURFACE_STYLE_USAGE(.BOTH.,#14138);
#14138 = SURFACE_SIDE_STYLE('',(#14139));
#14139 = SURFACE_STYLE_FILL_AREA(#14140);
#14140 = FILL_AREA_STYLE('',(#14141));
#14141 = FILL_AREA_STYLE_COLOUR('',#13966);
#14142 = STYLED_ITEM('color',(#14143),#2004);
#14143 = PRESENTATION_STYLE_ASSIGNMENT((#14144));
#14144 = SURFACE_STYLE_USAGE(.BOTH.,#14145);
#14145 = SURFACE_SIDE_STYLE('',(#14146));
#14146 = SURFACE_STYLE_FILL_AREA(#14147);
#14147 = FILL_AREA_STYLE('',(#14148));
#14148 = FILL_AREA_STYLE_COLOUR('',#13966);
#14149 = STYLED_ITEM('color',(#14150),#2021);
#14150 = PRESENTATION_STYLE_ASSIGNMENT((#14151));
#14151 = SURFACE_STYLE_USAGE(.BOTH.,#14152);
#14152 = SURFACE_SIDE_STYLE('',(#14153));
#14153 = SURFACE_STYLE_FILL_AREA(#14154);
#14154 = FILL_AREA_STYLE('',(#14155));
#14155 = FILL_AREA_STYLE_COLOUR('',#13966);
#14156 = STYLED_ITEM('color',(#14157),#2038);
#14157 = PRESENTATION_STYLE_ASSIGNMENT((#14158));
#14158 = SURFACE_STYLE_USAGE(.BOTH.,#14159);
#14159 = SURFACE_SIDE_STYLE('',(#14160));
#14160 = SURFACE_STYLE_FILL_AREA(#14161);
#14161 = FILL_AREA_STYLE('',(#14162));
#14162 = FILL_AREA_STYLE_COLOUR('',#13966);
#14163 = STYLED_ITEM('color',(#14164),#2055);
#14164 = PRESENTATION_STYLE_ASSIGNMENT((#14165));
#14165 = SURFACE_STYLE_USAGE(.BOTH.,#14166);
#14166 = SURFACE_SIDE_STYLE('',(#14167));
#14167 = SURFACE_STYLE_FILL_AREA(#14168);
#14168 = FILL_AREA_STYLE('',(#14169));
#14169 = FILL_AREA_STYLE_COLOUR('',#13966);
#14170 = STYLED_ITEM('color',(#14171),#2072);
#14171 = PRESENTATION_STYLE_ASSIGNMENT((#14172));
#14172 = SURFACE_STYLE_USAGE(.BOTH.,#14173);
#14173 = SURFACE_SIDE_STYLE('',(#14174));
#14174 = SURFACE_STYLE_FILL_AREA(#14175);
#14175 = FILL_AREA_STYLE('',(#14176));
#14176 = FILL_AREA_STYLE_COLOUR('',#13966);
#14177 = STYLED_ITEM('color',(#14178),#2089);
#14178 = PRESENTATION_STYLE_ASSIGNMENT((#14179));
#14179 = SURFACE_STYLE_USAGE(.BOTH.,#14180);
#14180 = SURFACE_SIDE_STYLE('',(#14181));
#14181 = SURFACE_STYLE_FILL_AREA(#14182);
#14182 = FILL_AREA_STYLE('',(#14183));
#14183 = FILL_AREA_STYLE_COLOUR('',#13966);
#14184 = STYLED_ITEM('color',(#14185),#2106);
#14185 = PRESENTATION_STYLE_ASSIGNMENT((#14186));
#14186 = SURFACE_STYLE_USAGE(.BOTH.,#14187);
#14187 = SURFACE_SIDE_STYLE('',(#14188));
#14188 = SURFACE_STYLE_FILL_AREA(#14189);
#14189 = FILL_AREA_STYLE('',(#14190));
#14190 = FILL_AREA_STYLE_COLOUR('',#13966);
#14191 = STYLED_ITEM('color',(#14192),#2123);
#14192 = PRESENTATION_STYLE_ASSIGNMENT((#14193));
#14193 = SURFACE_STYLE_USAGE(.BOTH.,#14194);
#14194 = SURFACE_SIDE_STYLE('',(#14195));
#14195 = SURFACE_STYLE_FILL_AREA(#14196);
#14196 = FILL_AREA_STYLE('',(#14197));
#14197 = FILL_AREA_STYLE_COLOUR('',#13966);
#14198 = STYLED_ITEM('color',(#14199),#2140);
#14199 = PRESENTATION_STYLE_ASSIGNMENT((#14200));
#14200 = SURFACE_STYLE_USAGE(.BOTH.,#14201);
#14201 = SURFACE_SIDE_STYLE('',(#14202));
#14202 = SURFACE_STYLE_FILL_AREA(#14203);
#14203 = FILL_AREA_STYLE('',(#14204));
#14204 = FILL_AREA_STYLE_COLOUR('',#13966);
#14205 = STYLED_ITEM('color',(#14206),#2157);
#14206 = PRESENTATION_STYLE_ASSIGNMENT((#14207));
#14207 = SURFACE_STYLE_USAGE(.BOTH.,#14208);
#14208 = SURFACE_SIDE_STYLE('',(#14209));
#14209 = SURFACE_STYLE_FILL_AREA(#14210);
#14210 = FILL_AREA_STYLE('',(#14211));
#14211 = FILL_AREA_STYLE_COLOUR('',#13966);
#14212 = STYLED_ITEM('color',(#14213),#2174);
#14213 = PRESENTATION_STYLE_ASSIGNMENT((#14214));
#14214 = SURFACE_STYLE_USAGE(.BOTH.,#14215);
#14215 = SURFACE_SIDE_STYLE('',(#14216));
#14216 = SURFACE_STYLE_FILL_AREA(#14217);
#14217 = FILL_AREA_STYLE('',(#14218));
#14218 = FILL_AREA_STYLE_COLOUR('',#13966);
#14219 = STYLED_ITEM('color',(#14220),#2191);
#14220 = PRESENTATION_STYLE_ASSIGNMENT((#14221));
#14221 = SURFACE_STYLE_USAGE(.BOTH.,#14222);
#14222 = SURFACE_SIDE_STYLE('',(#14223));
#14223 = SURFACE_STYLE_FILL_AREA(#14224);
#14224 = FILL_AREA_STYLE('',(#14225));
#14225 = FILL_AREA_STYLE_COLOUR('',#13966);
#14226 = STYLED_ITEM('color',(#14227),#2208);
#14227 = PRESENTATION_STYLE_ASSIGNMENT((#14228));
#14228 = SURFACE_STYLE_USAGE(.BOTH.,#14229);
#14229 = SURFACE_SIDE_STYLE('',(#14230));
#14230 = SURFACE_STYLE_FILL_AREA(#14231);
#14231 = FILL_AREA_STYLE('',(#14232));
#14232 = FILL_AREA_STYLE_COLOUR('',#13966);
#14233 = STYLED_ITEM('color',(#14234),#2225);
#14234 = PRESENTATION_STYLE_ASSIGNMENT((#14235));
#14235 = SURFACE_STYLE_USAGE(.BOTH.,#14236);
#14236 = SURFACE_SIDE_STYLE('',(#14237));
#14237 = SURFACE_STYLE_FILL_AREA(#14238);
#14238 = FILL_AREA_STYLE('',(#14239));
#14239 = FILL_AREA_STYLE_COLOUR('',#13966);
#14240 = STYLED_ITEM('color',(#14241),#2242);
#14241 = PRESENTATION_STYLE_ASSIGNMENT((#14242));
#14242 = SURFACE_STYLE_USAGE(.BOTH.,#14243);
#14243 = SURFACE_SIDE_STYLE('',(#14244));
#14244 = SURFACE_STYLE_FILL_AREA(#14245);
#14245 = FILL_AREA_STYLE('',(#14246));
#14246 = FILL_AREA_STYLE_COLOUR('',#13966);
#14247 = STYLED_ITEM('color',(#14248),#2259);
#14248 = PRESENTATION_STYLE_ASSIGNMENT((#14249));
#14249 = SURFACE_STYLE_USAGE(.BOTH.,#14250);
#14250 = SURFACE_SIDE_STYLE('',(#14251));
#14251 = SURFACE_STYLE_FILL_AREA(#14252);
#14252 = FILL_AREA_STYLE('',(#14253));
#14253 = FILL_AREA_STYLE_COLOUR('',#13966);
#14254 = STYLED_ITEM('color',(#14255),#2276);
#14255 = PRESENTATION_STYLE_ASSIGNMENT((#14256));
#14256 = SURFACE_STYLE_USAGE(.BOTH.,#14257);
#14257 = SURFACE_SIDE_STYLE('',(#14258));
#14258 = SURFACE_STYLE_FILL_AREA(#14259);
#14259 = FILL_AREA_STYLE('',(#14260));
#14260 = FILL_AREA_STYLE_COLOUR('',#13966);
#14261 = STYLED_ITEM('color',(#14262),#2293);
#14262 = PRESENTATION_STYLE_ASSIGNMENT((#14263));
#14263 = SURFACE_STYLE_USAGE(.BOTH.,#14264);
#14264 = SURFACE_SIDE_STYLE('',(#14265));
#14265 = SURFACE_STYLE_FILL_AREA(#14266);
#14266 = FILL_AREA_STYLE('',(#14267));
#14267 = FILL_AREA_STYLE_COLOUR('',#13966);
#14268 = STYLED_ITEM('color',(#14269),#2310);
#14269 = PRESENTATION_STYLE_ASSIGNMENT((#14270));
#14270 = SURFACE_STYLE_USAGE(.BOTH.,#14271);
#14271 = SURFACE_SIDE_STYLE('',(#14272));
#14272 = SURFACE_STYLE_FILL_AREA(#14273);
#14273 = FILL_AREA_STYLE('',(#14274));
#14274 = FILL_AREA_STYLE_COLOUR('',#13966);
#14275 = STYLED_ITEM('color',(#14276),#2327);
#14276 = PRESENTATION_STYLE_ASSIGNMENT((#14277));
#14277 = SURFACE_STYLE_USAGE(.BOTH.,#14278);
#14278 = SURFACE_SIDE_STYLE('',(#14279));
#14279 = SURFACE_STYLE_FILL_AREA(#14280);
#14280 = FILL_AREA_STYLE('',(#14281));
#14281 = FILL_AREA_STYLE_COLOUR('',#13966);
#14282 = STYLED_ITEM('color',(#14283),#2344);
#14283 = PRESENTATION_STYLE_ASSIGNMENT((#14284));
#14284 = SURFACE_STYLE_USAGE(.BOTH.,#14285);
#14285 = SURFACE_SIDE_STYLE('',(#14286));
#14286 = SURFACE_STYLE_FILL_AREA(#14287);
#14287 = FILL_AREA_STYLE('',(#14288));
#14288 = FILL_AREA_STYLE_COLOUR('',#13966);
#14289 = STYLED_ITEM('color',(#14290),#2361);
#14290 = PRESENTATION_STYLE_ASSIGNMENT((#14291));
#14291 = SURFACE_STYLE_USAGE(.BOTH.,#14292);
#14292 = SURFACE_SIDE_STYLE('',(#14293));
#14293 = SURFACE_STYLE_FILL_AREA(#14294);
#14294 = FILL_AREA_STYLE('',(#14295));
#14295 = FILL_AREA_STYLE_COLOUR('',#13966);
#14296 = STYLED_ITEM('color',(#14297),#2378);
#14297 = PRESENTATION_STYLE_ASSIGNMENT((#14298));
#14298 = SURFACE_STYLE_USAGE(.BOTH.,#14299);
#14299 = SURFACE_SIDE_STYLE('',(#14300));
#14300 = SURFACE_STYLE_FILL_AREA(#14301);
#14301 = FILL_AREA_STYLE('',(#14302));
#14302 = FILL_AREA_STYLE_COLOUR('',#13966);
#14303 = STYLED_ITEM('color',(#14304),#2395);
#14304 = PRESENTATION_STYLE_ASSIGNMENT((#14305));
#14305 = SURFACE_STYLE_USAGE(.BOTH.,#14306);
#14306 = SURFACE_SIDE_STYLE('',(#14307));
#14307 = SURFACE_STYLE_FILL_AREA(#14308);
#14308 = FILL_AREA_STYLE('',(#14309));
#14309 = FILL_AREA_STYLE_COLOUR('',#13966);
#14310 = STYLED_ITEM('color',(#14311),#2412);
#14311 = PRESENTATION_STYLE_ASSIGNMENT((#14312));
#14312 = SURFACE_STYLE_USAGE(.BOTH.,#14313);
#14313 = SURFACE_SIDE_STYLE('',(#14314));
#14314 = SURFACE_STYLE_FILL_AREA(#14315);
#14315 = FILL_AREA_STYLE('',(#14316));
#14316 = FILL_AREA_STYLE_COLOUR('',#13966);
#14317 = STYLED_ITEM('color',(#14318),#2429);
#14318 = PRESENTATION_STYLE_ASSIGNMENT((#14319));
#14319 = SURFACE_STYLE_USAGE(.BOTH.,#14320);
#14320 = SURFACE_SIDE_STYLE('',(#14321));
#14321 = SURFACE_STYLE_FILL_AREA(#14322);
#14322 = FILL_AREA_STYLE('',(#14323));
#14323 = FILL_AREA_STYLE_COLOUR('',#13966);
#14324 = STYLED_ITEM('color',(#14325),#2446);
#14325 = PRESENTATION_STYLE_ASSIGNMENT((#14326));
#14326 = SURFACE_STYLE_USAGE(.BOTH.,#14327);
#14327 = SURFACE_SIDE_STYLE('',(#14328));
#14328 = SURFACE_STYLE_FILL_AREA(#14329);
#14329 = FILL_AREA_STYLE('',(#14330));
#14330 = FILL_AREA_STYLE_COLOUR('',#13966);
#14331 = STYLED_ITEM('color',(#14332),#2463);
#14332 = PRESENTATION_STYLE_ASSIGNMENT((#14333));
#14333 = SURFACE_STYLE_USAGE(.BOTH.,#14334);
#14334 = SURFACE_SIDE_STYLE('',(#14335));
#14335 = SURFACE_STYLE_FILL_AREA(#14336);
#14336 = FILL_AREA_STYLE('',(#14337));
#14337 = FILL_AREA_STYLE_COLOUR('',#13966);
#14338 = STYLED_ITEM('color',(#14339),#2480);
#14339 = PRESENTATION_STYLE_ASSIGNMENT((#14340));
#14340 = SURFACE_STYLE_USAGE(.BOTH.,#14341);
#14341 = SURFACE_SIDE_STYLE('',(#14342));
#14342 = SURFACE_STYLE_FILL_AREA(#14343);
#14343 = FILL_AREA_STYLE('',(#14344));
#14344 = FILL_AREA_STYLE_COLOUR('',#13966);
#14345 = STYLED_ITEM('color',(#14346),#2497);
#14346 = PRESENTATION_STYLE_ASSIGNMENT((#14347));
#14347 = SURFACE_STYLE_USAGE(.BOTH.,#14348);
#14348 = SURFACE_SIDE_STYLE('',(#14349));
#14349 = SURFACE_STYLE_FILL_AREA(#14350);
#14350 = FILL_AREA_STYLE('',(#14351));
#14351 = FILL_AREA_STYLE_COLOUR('',#13966);
#14352 = STYLED_ITEM('color',(#14353),#2514);
#14353 = PRESENTATION_STYLE_ASSIGNMENT((#14354));
#14354 = SURFACE_STYLE_USAGE(.BOTH.,#14355);
#14355 = SURFACE_SIDE_STYLE('',(#14356));
#14356 = SURFACE_STYLE_FILL_AREA(#14357);
#14357 = FILL_AREA_STYLE('',(#14358));
#14358 = FILL_AREA_STYLE_COLOUR('',#13966);
#14359 = STYLED_ITEM('color',(#14360),#2531);
#14360 = PRESENTATION_STYLE_ASSIGNMENT((#14361));
#14361 = SURFACE_STYLE_USAGE(.BOTH.,#14362);
#14362 = SURFACE_SIDE_STYLE('',(#14363));
#14363 = SURFACE_STYLE_FILL_AREA(#14364);
#14364 = FILL_AREA_STYLE('',(#14365));
#14365 = FILL_AREA_STYLE_COLOUR('',#13966);
#14366 = STYLED_ITEM('color',(#14367),#2543);
#14367 = PRESENTATION_STYLE_ASSIGNMENT((#14368));
#14368 = SURFACE_STYLE_USAGE(.BOTH.,#14369);
#14369 = SURFACE_SIDE_STYLE('',(#14370));
#14370 = SURFACE_STYLE_FILL_AREA(#14371);
#14371 = FILL_AREA_STYLE('',(#14372));
#14372 = FILL_AREA_STYLE_COLOUR('',#14373);
#14373 = COLOUR_RGB('',0.859000020776,0.737999965183,0.495999988746);
#14374 = STYLED_ITEM('color',(#14375),#2574);
#14375 = PRESENTATION_STYLE_ASSIGNMENT((#14376));
#14376 = SURFACE_STYLE_USAGE(.BOTH.,#14377);
#14377 = SURFACE_SIDE_STYLE('',(#14378));
#14378 = SURFACE_STYLE_FILL_AREA(#14379);
#14379 = FILL_AREA_STYLE('',(#14380));
#14380 = FILL_AREA_STYLE_COLOUR('',#14373);
#14381 = STYLED_ITEM('color',(#14382),#2598);
#14382 = PRESENTATION_STYLE_ASSIGNMENT((#14383));
#14383 = SURFACE_STYLE_USAGE(.BOTH.,#14384);
#14384 = SURFACE_SIDE_STYLE('',(#14385));
#14385 = SURFACE_STYLE_FILL_AREA(#14386);
#14386 = FILL_AREA_STYLE('',(#14387));
#14387 = FILL_AREA_STYLE_COLOUR('',#14373);
#14388 = STYLED_ITEM('color',(#14389),#2622);
#14389 = PRESENTATION_STYLE_ASSIGNMENT((#14390));
#14390 = SURFACE_STYLE_USAGE(.BOTH.,#14391);
#14391 = SURFACE_SIDE_STYLE('',(#14392));
#14392 = SURFACE_STYLE_FILL_AREA(#14393);
#14393 = FILL_AREA_STYLE('',(#14394));
#14394 = FILL_AREA_STYLE_COLOUR('',#14373);
#14395 = STYLED_ITEM('color',(#14396),#2639);
#14396 = PRESENTATION_STYLE_ASSIGNMENT((#14397));
#14397 = SURFACE_STYLE_USAGE(.BOTH.,#14398);
#14398 = SURFACE_SIDE_STYLE('',(#14399));
#14399 = SURFACE_STYLE_FILL_AREA(#14400);
#14400 = FILL_AREA_STYLE('',(#14401));
#14401 = FILL_AREA_STYLE_COLOUR('',#14373);
#14402 = STYLED_ITEM('color',(#14403),#2670);
#14403 = PRESENTATION_STYLE_ASSIGNMENT((#14404));
#14404 = SURFACE_STYLE_USAGE(.BOTH.,#14405);
#14405 = SURFACE_SIDE_STYLE('',(#14406));
#14406 = SURFACE_STYLE_FILL_AREA(#14407);
#14407 = FILL_AREA_STYLE('',(#14408));
#14408 = FILL_AREA_STYLE_COLOUR('',#14373);
#14409 = STYLED_ITEM('color',(#14410),#2694);
#14410 = PRESENTATION_STYLE_ASSIGNMENT((#14411));
#14411 = SURFACE_STYLE_USAGE(.BOTH.,#14412);
#14412 = SURFACE_SIDE_STYLE('',(#14413));
#14413 = SURFACE_STYLE_FILL_AREA(#14414);
#14414 = FILL_AREA_STYLE('',(#14415));
#14415 = FILL_AREA_STYLE_COLOUR('',#14373);
#14416 = STYLED_ITEM('color',(#14417),#2718);
#14417 = PRESENTATION_STYLE_ASSIGNMENT((#14418));
#14418 = SURFACE_STYLE_USAGE(.BOTH.,#14419);
#14419 = SURFACE_SIDE_STYLE('',(#14420));
#14420 = SURFACE_STYLE_FILL_AREA(#14421);
#14421 = FILL_AREA_STYLE('',(#14422));
#14422 = FILL_AREA_STYLE_COLOUR('',#14373);
#14423 = STYLED_ITEM('color',(#14424),#2735);
#14424 = PRESENTATION_STYLE_ASSIGNMENT((#14425));
#14425 = SURFACE_STYLE_USAGE(.BOTH.,#14426);
#14426 = SURFACE_SIDE_STYLE('',(#14427));
#14427 = SURFACE_STYLE_FILL_AREA(#14428);
#14428 = FILL_AREA_STYLE('',(#14429));
#14429 = FILL_AREA_STYLE_COLOUR('',#14373);
#14430 = STYLED_ITEM('color',(#14431),#2766);
#14431 = PRESENTATION_STYLE_ASSIGNMENT((#14432));
#14432 = SURFACE_STYLE_USAGE(.BOTH.,#14433);
#14433 = SURFACE_SIDE_STYLE('',(#14434));
#14434 = SURFACE_STYLE_FILL_AREA(#14435);
#14435 = FILL_AREA_STYLE('',(#14436));
#14436 = FILL_AREA_STYLE_COLOUR('',#14373);
#14437 = STYLED_ITEM('color',(#14438),#2790);
#14438 = PRESENTATION_STYLE_ASSIGNMENT((#14439));
#14439 = SURFACE_STYLE_USAGE(.BOTH.,#14440);
#14440 = SURFACE_SIDE_STYLE('',(#14441));
#14441 = SURFACE_STYLE_FILL_AREA(#14442);
#14442 = FILL_AREA_STYLE('',(#14443));
#14443 = FILL_AREA_STYLE_COLOUR('',#14373);
#14444 = STYLED_ITEM('color',(#14445),#2814);
#14445 = PRESENTATION_STYLE_ASSIGNMENT((#14446));
#14446 = SURFACE_STYLE_USAGE(.BOTH.,#14447);
#14447 = SURFACE_SIDE_STYLE('',(#14448));
#14448 = SURFACE_STYLE_FILL_AREA(#14449);
#14449 = FILL_AREA_STYLE('',(#14450));
#14450 = FILL_AREA_STYLE_COLOUR('',#14373);
#14451 = STYLED_ITEM('color',(#14452),#2831);
#14452 = PRESENTATION_STYLE_ASSIGNMENT((#14453));
#14453 = SURFACE_STYLE_USAGE(.BOTH.,#14454);
#14454 = SURFACE_SIDE_STYLE('',(#14455));
#14455 = SURFACE_STYLE_FILL_AREA(#14456);
#14456 = FILL_AREA_STYLE('',(#14457));
#14457 = FILL_AREA_STYLE_COLOUR('',#14373);
#14458 = STYLED_ITEM('color',(#14459),#2862);
#14459 = PRESENTATION_STYLE_ASSIGNMENT((#14460));
#14460 = SURFACE_STYLE_USAGE(.BOTH.,#14461);
#14461 = SURFACE_SIDE_STYLE('',(#14462));
#14462 = SURFACE_STYLE_FILL_AREA(#14463);
#14463 = FILL_AREA_STYLE('',(#14464));
#14464 = FILL_AREA_STYLE_COLOUR('',#14373);
#14465 = STYLED_ITEM('color',(#14466),#2886);
#14466 = PRESENTATION_STYLE_ASSIGNMENT((#14467));
#14467 = SURFACE_STYLE_USAGE(.BOTH.,#14468);
#14468 = SURFACE_SIDE_STYLE('',(#14469));
#14469 = SURFACE_STYLE_FILL_AREA(#14470);
#14470 = FILL_AREA_STYLE('',(#14471));
#14471 = FILL_AREA_STYLE_COLOUR('',#14373);
#14472 = STYLED_ITEM('color',(#14473),#2910);
#14473 = PRESENTATION_STYLE_ASSIGNMENT((#14474));
#14474 = SURFACE_STYLE_USAGE(.BOTH.,#14475);
#14475 = SURFACE_SIDE_STYLE('',(#14476));
#14476 = SURFACE_STYLE_FILL_AREA(#14477);
#14477 = FILL_AREA_STYLE('',(#14478));
#14478 = FILL_AREA_STYLE_COLOUR('',#14373);
#14479 = STYLED_ITEM('color',(#14480),#2927);
#14480 = PRESENTATION_STYLE_ASSIGNMENT((#14481));
#14481 = SURFACE_STYLE_USAGE(.BOTH.,#14482);
#14482 = SURFACE_SIDE_STYLE('',(#14483));
#14483 = SURFACE_STYLE_FILL_AREA(#14484);
#14484 = FILL_AREA_STYLE('',(#14485));
#14485 = FILL_AREA_STYLE_COLOUR('',#14373);
#14486 = STYLED_ITEM('color',(#14487),#2958);
#14487 = PRESENTATION_STYLE_ASSIGNMENT((#14488));
#14488 = SURFACE_STYLE_USAGE(.BOTH.,#14489);
#14489 = SURFACE_SIDE_STYLE('',(#14490));
#14490 = SURFACE_STYLE_FILL_AREA(#14491);
#14491 = FILL_AREA_STYLE('',(#14492));
#14492 = FILL_AREA_STYLE_COLOUR('',#14373);
#14493 = STYLED_ITEM('color',(#14494),#2982);
#14494 = PRESENTATION_STYLE_ASSIGNMENT((#14495));
#14495 = SURFACE_STYLE_USAGE(.BOTH.,#14496);
#14496 = SURFACE_SIDE_STYLE('',(#14497));
#14497 = SURFACE_STYLE_FILL_AREA(#14498);
#14498 = FILL_AREA_STYLE('',(#14499));
#14499 = FILL_AREA_STYLE_COLOUR('',#14373);
#14500 = STYLED_ITEM('color',(#14501),#3006);
#14501 = PRESENTATION_STYLE_ASSIGNMENT((#14502));
#14502 = SURFACE_STYLE_USAGE(.BOTH.,#14503);
#14503 = SURFACE_SIDE_STYLE('',(#14504));
#14504 = SURFACE_STYLE_FILL_AREA(#14505);
#14505 = FILL_AREA_STYLE('',(#14506));
#14506 = FILL_AREA_STYLE_COLOUR('',#14373);
#14507 = STYLED_ITEM('color',(#14508),#3023);
#14508 = PRESENTATION_STYLE_ASSIGNMENT((#14509));
#14509 = SURFACE_STYLE_USAGE(.BOTH.,#14510);
#14510 = SURFACE_SIDE_STYLE('',(#14511));
#14511 = SURFACE_STYLE_FILL_AREA(#14512);
#14512 = FILL_AREA_STYLE('',(#14513));
#14513 = FILL_AREA_STYLE_COLOUR('',#14373);
#14514 = STYLED_ITEM('color',(#14515),#3054);
#14515 = PRESENTATION_STYLE_ASSIGNMENT((#14516));
#14516 = SURFACE_STYLE_USAGE(.BOTH.,#14517);
#14517 = SURFACE_SIDE_STYLE('',(#14518));
#14518 = SURFACE_STYLE_FILL_AREA(#14519);
#14519 = FILL_AREA_STYLE('',(#14520));
#14520 = FILL_AREA_STYLE_COLOUR('',#14373);
#14521 = STYLED_ITEM('color',(#14522),#3078);
#14522 = PRESENTATION_STYLE_ASSIGNMENT((#14523));
#14523 = SURFACE_STYLE_USAGE(.BOTH.,#14524);
#14524 = SURFACE_SIDE_STYLE('',(#14525));
#14525 = SURFACE_STYLE_FILL_AREA(#14526);
#14526 = FILL_AREA_STYLE('',(#14527));
#14527 = FILL_AREA_STYLE_COLOUR('',#14373);
#14528 = STYLED_ITEM('color',(#14529),#3102);
#14529 = PRESENTATION_STYLE_ASSIGNMENT((#14530));
#14530 = SURFACE_STYLE_USAGE(.BOTH.,#14531);
#14531 = SURFACE_SIDE_STYLE('',(#14532));
#14532 = SURFACE_STYLE_FILL_AREA(#14533);
#14533 = FILL_AREA_STYLE('',(#14534));
#14534 = FILL_AREA_STYLE_COLOUR('',#14373);
#14535 = STYLED_ITEM('color',(#14536),#3119);
#14536 = PRESENTATION_STYLE_ASSIGNMENT((#14537));
#14537 = SURFACE_STYLE_USAGE(.BOTH.,#14538);
#14538 = SURFACE_SIDE_STYLE('',(#14539));
#14539 = SURFACE_STYLE_FILL_AREA(#14540);
#14540 = FILL_AREA_STYLE('',(#14541));
#14541 = FILL_AREA_STYLE_COLOUR('',#14373);
#14542 = STYLED_ITEM('color',(#14543),#3150);
#14543 = PRESENTATION_STYLE_ASSIGNMENT((#14544));
#14544 = SURFACE_STYLE_USAGE(.BOTH.,#14545);
#14545 = SURFACE_SIDE_STYLE('',(#14546));
#14546 = SURFACE_STYLE_FILL_AREA(#14547);
#14547 = FILL_AREA_STYLE('',(#14548));
#14548 = FILL_AREA_STYLE_COLOUR('',#14373);
#14549 = STYLED_ITEM('color',(#14550),#3174);
#14550 = PRESENTATION_STYLE_ASSIGNMENT((#14551));
#14551 = SURFACE_STYLE_USAGE(.BOTH.,#14552);
#14552 = SURFACE_SIDE_STYLE('',(#14553));
#14553 = SURFACE_STYLE_FILL_AREA(#14554);
#14554 = FILL_AREA_STYLE('',(#14555));
#14555 = FILL_AREA_STYLE_COLOUR('',#14373);
#14556 = STYLED_ITEM('color',(#14557),#3198);
#14557 = PRESENTATION_STYLE_ASSIGNMENT((#14558));
#14558 = SURFACE_STYLE_USAGE(.BOTH.,#14559);
#14559 = SURFACE_SIDE_STYLE('',(#14560));
#14560 = SURFACE_STYLE_FILL_AREA(#14561);
#14561 = FILL_AREA_STYLE('',(#14562));
#14562 = FILL_AREA_STYLE_COLOUR('',#14373);
#14563 = STYLED_ITEM('color',(#14564),#3215);
#14564 = PRESENTATION_STYLE_ASSIGNMENT((#14565));
#14565 = SURFACE_STYLE_USAGE(.BOTH.,#14566);
#14566 = SURFACE_SIDE_STYLE('',(#14567));
#14567 = SURFACE_STYLE_FILL_AREA(#14568);
#14568 = FILL_AREA_STYLE('',(#14569));
#14569 = FILL_AREA_STYLE_COLOUR('',#14373);
#14570 = STYLED_ITEM('color',(#14571),#3246);
#14571 = PRESENTATION_STYLE_ASSIGNMENT((#14572));
#14572 = SURFACE_STYLE_USAGE(.BOTH.,#14573);
#14573 = SURFACE_SIDE_STYLE('',(#14574));
#14574 = SURFACE_STYLE_FILL_AREA(#14575);
#14575 = FILL_AREA_STYLE('',(#14576));
#14576 = FILL_AREA_STYLE_COLOUR('',#14373);
#14577 = STYLED_ITEM('color',(#14578),#3270);
#14578 = PRESENTATION_STYLE_ASSIGNMENT((#14579));
#14579 = SURFACE_STYLE_USAGE(.BOTH.,#14580);
#14580 = SURFACE_SIDE_STYLE('',(#14581));
#14581 = SURFACE_STYLE_FILL_AREA(#14582);
#14582 = FILL_AREA_STYLE('',(#14583));
#14583 = FILL_AREA_STYLE_COLOUR('',#14373);
#14584 = STYLED_ITEM('color',(#14585),#3294);
#14585 = PRESENTATION_STYLE_ASSIGNMENT((#14586));
#14586 = SURFACE_STYLE_USAGE(.BOTH.,#14587);
#14587 = SURFACE_SIDE_STYLE('',(#14588));
#14588 = SURFACE_STYLE_FILL_AREA(#14589);
#14589 = FILL_AREA_STYLE('',(#14590));
#14590 = FILL_AREA_STYLE_COLOUR('',#14373);
#14591 = STYLED_ITEM('color',(#14592),#3311);
#14592 = PRESENTATION_STYLE_ASSIGNMENT((#14593));
#14593 = SURFACE_STYLE_USAGE(.BOTH.,#14594);
#14594 = SURFACE_SIDE_STYLE('',(#14595));
#14595 = SURFACE_STYLE_FILL_AREA(#14596);
#14596 = FILL_AREA_STYLE('',(#14597));
#14597 = FILL_AREA_STYLE_COLOUR('',#14373);
#14598 = STYLED_ITEM('color',(#14599),#3342);
#14599 = PRESENTATION_STYLE_ASSIGNMENT((#14600));
#14600 = SURFACE_STYLE_USAGE(.BOTH.,#14601);
#14601 = SURFACE_SIDE_STYLE('',(#14602));
#14602 = SURFACE_STYLE_FILL_AREA(#14603);
#14603 = FILL_AREA_STYLE('',(#14604));
#14604 = FILL_AREA_STYLE_COLOUR('',#14373);
#14605 = STYLED_ITEM('color',(#14606),#3366);
#14606 = PRESENTATION_STYLE_ASSIGNMENT((#14607));
#14607 = SURFACE_STYLE_USAGE(.BOTH.,#14608);
#14608 = SURFACE_SIDE_STYLE('',(#14609));
#14609 = SURFACE_STYLE_FILL_AREA(#14610);
#14610 = FILL_AREA_STYLE('',(#14611));
#14611 = FILL_AREA_STYLE_COLOUR('',#14373);
#14612 = STYLED_ITEM('color',(#14613),#3390);
#14613 = PRESENTATION_STYLE_ASSIGNMENT((#14614));
#14614 = SURFACE_STYLE_USAGE(.BOTH.,#14615);
#14615 = SURFACE_SIDE_STYLE('',(#14616));
#14616 = SURFACE_STYLE_FILL_AREA(#14617);
#14617 = FILL_AREA_STYLE('',(#14618));
#14618 = FILL_AREA_STYLE_COLOUR('',#14373);
#14619 = STYLED_ITEM('color',(#14620),#3407);
#14620 = PRESENTATION_STYLE_ASSIGNMENT((#14621));
#14621 = SURFACE_STYLE_USAGE(.BOTH.,#14622);
#14622 = SURFACE_SIDE_STYLE('',(#14623));
#14623 = SURFACE_STYLE_FILL_AREA(#14624);
#14624 = FILL_AREA_STYLE('',(#14625));
#14625 = FILL_AREA_STYLE_COLOUR('',#14373);
#14626 = STYLED_ITEM('color',(#14627),#3438);
#14627 = PRESENTATION_STYLE_ASSIGNMENT((#14628));
#14628 = SURFACE_STYLE_USAGE(.BOTH.,#14629);
#14629 = SURFACE_SIDE_STYLE('',(#14630));
#14630 = SURFACE_STYLE_FILL_AREA(#14631);
#14631 = FILL_AREA_STYLE('',(#14632));
#14632 = FILL_AREA_STYLE_COLOUR('',#14373);
#14633 = STYLED_ITEM('color',(#14634),#3462);
#14634 = PRESENTATION_STYLE_ASSIGNMENT((#14635));
#14635 = SURFACE_STYLE_USAGE(.BOTH.,#14636);
#14636 = SURFACE_SIDE_STYLE('',(#14637));
#14637 = SURFACE_STYLE_FILL_AREA(#14638);
#14638 = FILL_AREA_STYLE('',(#14639));
#14639 = FILL_AREA_STYLE_COLOUR('',#14373);
#14640 = STYLED_ITEM('color',(#14641),#3486);
#14641 = PRESENTATION_STYLE_ASSIGNMENT((#14642));
#14642 = SURFACE_STYLE_USAGE(.BOTH.,#14643);
#14643 = SURFACE_SIDE_STYLE('',(#14644));
#14644 = SURFACE_STYLE_FILL_AREA(#14645);
#14645 = FILL_AREA_STYLE('',(#14646));
#14646 = FILL_AREA_STYLE_COLOUR('',#14373);
#14647 = STYLED_ITEM('color',(#14648),#3503);
#14648 = PRESENTATION_STYLE_ASSIGNMENT((#14649));
#14649 = SURFACE_STYLE_USAGE(.BOTH.,#14650);
#14650 = SURFACE_SIDE_STYLE('',(#14651));
#14651 = SURFACE_STYLE_FILL_AREA(#14652);
#14652 = FILL_AREA_STYLE('',(#14653));
#14653 = FILL_AREA_STYLE_COLOUR('',#14373);
#14654 = STYLED_ITEM('color',(#14655),#3534);
#14655 = PRESENTATION_STYLE_ASSIGNMENT((#14656));
#14656 = SURFACE_STYLE_USAGE(.BOTH.,#14657);
#14657 = SURFACE_SIDE_STYLE('',(#14658));
#14658 = SURFACE_STYLE_FILL_AREA(#14659);
#14659 = FILL_AREA_STYLE('',(#14660));
#14660 = FILL_AREA_STYLE_COLOUR('',#14373);
#14661 = STYLED_ITEM('color',(#14662),#3558);
#14662 = PRESENTATION_STYLE_ASSIGNMENT((#14663));
#14663 = SURFACE_STYLE_USAGE(.BOTH.,#14664);
#14664 = SURFACE_SIDE_STYLE('',(#14665));
#14665 = SURFACE_STYLE_FILL_AREA(#14666);
#14666 = FILL_AREA_STYLE('',(#14667));
#14667 = FILL_AREA_STYLE_COLOUR('',#14373);
#14668 = STYLED_ITEM('color',(#14669),#3582);
#14669 = PRESENTATION_STYLE_ASSIGNMENT((#14670));
#14670 = SURFACE_STYLE_USAGE(.BOTH.,#14671);
#14671 = SURFACE_SIDE_STYLE('',(#14672));
#14672 = SURFACE_STYLE_FILL_AREA(#14673);
#14673 = FILL_AREA_STYLE('',(#14674));
#14674 = FILL_AREA_STYLE_COLOUR('',#14373);
#14675 = STYLED_ITEM('color',(#14676),#3599);
#14676 = PRESENTATION_STYLE_ASSIGNMENT((#14677));
#14677 = SURFACE_STYLE_USAGE(.BOTH.,#14678);
#14678 = SURFACE_SIDE_STYLE('',(#14679));
#14679 = SURFACE_STYLE_FILL_AREA(#14680);
#14680 = FILL_AREA_STYLE('',(#14681));
#14681 = FILL_AREA_STYLE_COLOUR('',#14373);
#14682 = STYLED_ITEM('color',(#14683),#3630);
#14683 = PRESENTATION_STYLE_ASSIGNMENT((#14684));
#14684 = SURFACE_STYLE_USAGE(.BOTH.,#14685);
#14685 = SURFACE_SIDE_STYLE('',(#14686));
#14686 = SURFACE_STYLE_FILL_AREA(#14687);
#14687 = FILL_AREA_STYLE('',(#14688));
#14688 = FILL_AREA_STYLE_COLOUR('',#14373);
#14689 = STYLED_ITEM('color',(#14690),#3654);
#14690 = PRESENTATION_STYLE_ASSIGNMENT((#14691));
#14691 = SURFACE_STYLE_USAGE(.BOTH.,#14692);
#14692 = SURFACE_SIDE_STYLE('',(#14693));
#14693 = SURFACE_STYLE_FILL_AREA(#14694);
#14694 = FILL_AREA_STYLE('',(#14695));
#14695 = FILL_AREA_STYLE_COLOUR('',#14373);
#14696 = STYLED_ITEM('color',(#14697),#3678);
#14697 = PRESENTATION_STYLE_ASSIGNMENT((#14698));
#14698 = SURFACE_STYLE_USAGE(.BOTH.,#14699);
#14699 = SURFACE_SIDE_STYLE('',(#14700));
#14700 = SURFACE_STYLE_FILL_AREA(#14701);
#14701 = FILL_AREA_STYLE('',(#14702));
#14702 = FILL_AREA_STYLE_COLOUR('',#14373);
#14703 = STYLED_ITEM('color',(#14704),#3695);
#14704 = PRESENTATION_STYLE_ASSIGNMENT((#14705));
#14705 = SURFACE_STYLE_USAGE(.BOTH.,#14706);
#14706 = SURFACE_SIDE_STYLE('',(#14707));
#14707 = SURFACE_STYLE_FILL_AREA(#14708);
#14708 = FILL_AREA_STYLE('',(#14709));
#14709 = FILL_AREA_STYLE_COLOUR('',#14373);
#14710 = STYLED_ITEM('color',(#14711),#3726);
#14711 = PRESENTATION_STYLE_ASSIGNMENT((#14712));
#14712 = SURFACE_STYLE_USAGE(.BOTH.,#14713);
#14713 = SURFACE_SIDE_STYLE('',(#14714));
#14714 = SURFACE_STYLE_FILL_AREA(#14715);
#14715 = FILL_AREA_STYLE('',(#14716));
#14716 = FILL_AREA_STYLE_COLOUR('',#14373);
#14717 = STYLED_ITEM('color',(#14718),#3750);
#14718 = PRESENTATION_STYLE_ASSIGNMENT((#14719));
#14719 = SURFACE_STYLE_USAGE(.BOTH.,#14720);
#14720 = SURFACE_SIDE_STYLE('',(#14721));
#14721 = SURFACE_STYLE_FILL_AREA(#14722);
#14722 = FILL_AREA_STYLE('',(#14723));
#14723 = FILL_AREA_STYLE_COLOUR('',#14373);
#14724 = STYLED_ITEM('color',(#14725),#3774);
#14725 = PRESENTATION_STYLE_ASSIGNMENT((#14726));
#14726 = SURFACE_STYLE_USAGE(.BOTH.,#14727);
#14727 = SURFACE_SIDE_STYLE('',(#14728));
#14728 = SURFACE_STYLE_FILL_AREA(#14729);
#14729 = FILL_AREA_STYLE('',(#14730));
#14730 = FILL_AREA_STYLE_COLOUR('',#14373);
#14731 = STYLED_ITEM('color',(#14732),#3791);
#14732 = PRESENTATION_STYLE_ASSIGNMENT((#14733));
#14733 = SURFACE_STYLE_USAGE(.BOTH.,#14734);
#14734 = SURFACE_SIDE_STYLE('',(#14735));
#14735 = SURFACE_STYLE_FILL_AREA(#14736);
#14736 = FILL_AREA_STYLE('',(#14737));
#14737 = FILL_AREA_STYLE_COLOUR('',#14373);
#14738 = STYLED_ITEM('color',(#14739),#3822);
#14739 = PRESENTATION_STYLE_ASSIGNMENT((#14740));
#14740 = SURFACE_STYLE_USAGE(.BOTH.,#14741);
#14741 = SURFACE_SIDE_STYLE('',(#14742));
#14742 = SURFACE_STYLE_FILL_AREA(#14743);
#14743 = FILL_AREA_STYLE('',(#14744));
#14744 = FILL_AREA_STYLE_COLOUR('',#14373);
#14745 = STYLED_ITEM('color',(#14746),#3846);
#14746 = PRESENTATION_STYLE_ASSIGNMENT((#14747));
#14747 = SURFACE_STYLE_USAGE(.BOTH.,#14748);
#14748 = SURFACE_SIDE_STYLE('',(#14749));
#14749 = SURFACE_STYLE_FILL_AREA(#14750);
#14750 = FILL_AREA_STYLE('',(#14751));
#14751 = FILL_AREA_STYLE_COLOUR('',#14373);
#14752 = STYLED_ITEM('color',(#14753),#3870);
#14753 = PRESENTATION_STYLE_ASSIGNMENT((#14754));
#14754 = SURFACE_STYLE_USAGE(.BOTH.,#14755);
#14755 = SURFACE_SIDE_STYLE('',(#14756));
#14756 = SURFACE_STYLE_FILL_AREA(#14757);
#14757 = FILL_AREA_STYLE('',(#14758));
#14758 = FILL_AREA_STYLE_COLOUR('',#14373);
#14759 = STYLED_ITEM('color',(#14760),#3887);
#14760 = PRESENTATION_STYLE_ASSIGNMENT((#14761));
#14761 = SURFACE_STYLE_USAGE(.BOTH.,#14762);
#14762 = SURFACE_SIDE_STYLE('',(#14763));
#14763 = SURFACE_STYLE_FILL_AREA(#14764);
#14764 = FILL_AREA_STYLE('',(#14765));
#14765 = FILL_AREA_STYLE_COLOUR('',#14373);
#14766 = STYLED_ITEM('color',(#14767),#3918);
#14767 = PRESENTATION_STYLE_ASSIGNMENT((#14768));
#14768 = SURFACE_STYLE_USAGE(.BOTH.,#14769);
#14769 = SURFACE_SIDE_STYLE('',(#14770));
#14770 = SURFACE_STYLE_FILL_AREA(#14771);
#14771 = FILL_AREA_STYLE('',(#14772));
#14772 = FILL_AREA_STYLE_COLOUR('',#14373);
#14773 = STYLED_ITEM('color',(#14774),#3942);
#14774 = PRESENTATION_STYLE_ASSIGNMENT((#14775));
#14775 = SURFACE_STYLE_USAGE(.BOTH.,#14776);
#14776 = SURFACE_SIDE_STYLE('',(#14777));
#14777 = SURFACE_STYLE_FILL_AREA(#14778);
#14778 = FILL_AREA_STYLE('',(#14779));
#14779 = FILL_AREA_STYLE_COLOUR('',#14373);
#14780 = STYLED_ITEM('color',(#14781),#3966);
#14781 = PRESENTATION_STYLE_ASSIGNMENT((#14782));
#14782 = SURFACE_STYLE_USAGE(.BOTH.,#14783);
#14783 = SURFACE_SIDE_STYLE('',(#14784));
#14784 = SURFACE_STYLE_FILL_AREA(#14785);
#14785 = FILL_AREA_STYLE('',(#14786));
#14786 = FILL_AREA_STYLE_COLOUR('',#14373);
#14787 = STYLED_ITEM('color',(#14788),#3983);
#14788 = PRESENTATION_STYLE_ASSIGNMENT((#14789));
#14789 = SURFACE_STYLE_USAGE(.BOTH.,#14790);
#14790 = SURFACE_SIDE_STYLE('',(#14791));
#14791 = SURFACE_STYLE_FILL_AREA(#14792);
#14792 = FILL_AREA_STYLE('',(#14793));
#14793 = FILL_AREA_STYLE_COLOUR('',#14373);
#14794 = STYLED_ITEM('color',(#14795),#4014);
#14795 = PRESENTATION_STYLE_ASSIGNMENT((#14796));
#14796 = SURFACE_STYLE_USAGE(.BOTH.,#14797);
#14797 = SURFACE_SIDE_STYLE('',(#14798));
#14798 = SURFACE_STYLE_FILL_AREA(#14799);
#14799 = FILL_AREA_STYLE('',(#14800));
#14800 = FILL_AREA_STYLE_COLOUR('',#14373);
#14801 = STYLED_ITEM('color',(#14802),#4038);
#14802 = PRESENTATION_STYLE_ASSIGNMENT((#14803));
#14803 = SURFACE_STYLE_USAGE(.BOTH.,#14804);
#14804 = SURFACE_SIDE_STYLE('',(#14805));
#14805 = SURFACE_STYLE_FILL_AREA(#14806);
#14806 = FILL_AREA_STYLE('',(#14807));
#14807 = FILL_AREA_STYLE_COLOUR('',#14373);
#14808 = STYLED_ITEM('color',(#14809),#4062);
#14809 = PRESENTATION_STYLE_ASSIGNMENT((#14810));
#14810 = SURFACE_STYLE_USAGE(.BOTH.,#14811);
#14811 = SURFACE_SIDE_STYLE('',(#14812));
#14812 = SURFACE_STYLE_FILL_AREA(#14813);
#14813 = FILL_AREA_STYLE('',(#14814));
#14814 = FILL_AREA_STYLE_COLOUR('',#14373);
#14815 = STYLED_ITEM('color',(#14816),#4079);
#14816 = PRESENTATION_STYLE_ASSIGNMENT((#14817));
#14817 = SURFACE_STYLE_USAGE(.BOTH.,#14818);
#14818 = SURFACE_SIDE_STYLE('',(#14819));
#14819 = SURFACE_STYLE_FILL_AREA(#14820);
#14820 = FILL_AREA_STYLE('',(#14821));
#14821 = FILL_AREA_STYLE_COLOUR('',#14373);
#14822 = STYLED_ITEM('color',(#14823),#4110);
#14823 = PRESENTATION_STYLE_ASSIGNMENT((#14824));
#14824 = SURFACE_STYLE_USAGE(.BOTH.,#14825);
#14825 = SURFACE_SIDE_STYLE('',(#14826));
#14826 = SURFACE_STYLE_FILL_AREA(#14827);
#14827 = FILL_AREA_STYLE('',(#14828));
#14828 = FILL_AREA_STYLE_COLOUR('',#14373);
#14829 = STYLED_ITEM('color',(#14830),#4134);
#14830 = PRESENTATION_STYLE_ASSIGNMENT((#14831));
#14831 = SURFACE_STYLE_USAGE(.BOTH.,#14832);
#14832 = SURFACE_SIDE_STYLE('',(#14833));
#14833 = SURFACE_STYLE_FILL_AREA(#14834);
#14834 = FILL_AREA_STYLE('',(#14835));
#14835 = FILL_AREA_STYLE_COLOUR('',#14373);
#14836 = STYLED_ITEM('color',(#14837),#4158);
#14837 = PRESENTATION_STYLE_ASSIGNMENT((#14838));
#14838 = SURFACE_STYLE_USAGE(.BOTH.,#14839);
#14839 = SURFACE_SIDE_STYLE('',(#14840));
#14840 = SURFACE_STYLE_FILL_AREA(#14841);
#14841 = FILL_AREA_STYLE('',(#14842));
#14842 = FILL_AREA_STYLE_COLOUR('',#14373);
#14843 = STYLED_ITEM('color',(#14844),#4175);
#14844 = PRESENTATION_STYLE_ASSIGNMENT((#14845));
#14845 = SURFACE_STYLE_USAGE(.BOTH.,#14846);
#14846 = SURFACE_SIDE_STYLE('',(#14847));
#14847 = SURFACE_STYLE_FILL_AREA(#14848);
#14848 = FILL_AREA_STYLE('',(#14849));
#14849 = FILL_AREA_STYLE_COLOUR('',#14373);
#14850 = STYLED_ITEM('color',(#14851),#4206);
#14851 = PRESENTATION_STYLE_ASSIGNMENT((#14852));
#14852 = SURFACE_STYLE_USAGE(.BOTH.,#14853);
#14853 = SURFACE_SIDE_STYLE('',(#14854));
#14854 = SURFACE_STYLE_FILL_AREA(#14855);
#14855 = FILL_AREA_STYLE('',(#14856));
#14856 = FILL_AREA_STYLE_COLOUR('',#14373);
#14857 = STYLED_ITEM('color',(#14858),#4230);
#14858 = PRESENTATION_STYLE_ASSIGNMENT((#14859));
#14859 = SURFACE_STYLE_USAGE(.BOTH.,#14860);
#14860 = SURFACE_SIDE_STYLE('',(#14861));
#14861 = SURFACE_STYLE_FILL_AREA(#14862);
#14862 = FILL_AREA_STYLE('',(#14863));
#14863 = FILL_AREA_STYLE_COLOUR('',#14373);
#14864 = STYLED_ITEM('color',(#14865),#4254);
#14865 = PRESENTATION_STYLE_ASSIGNMENT((#14866));
#14866 = SURFACE_STYLE_USAGE(.BOTH.,#14867);
#14867 = SURFACE_SIDE_STYLE('',(#14868));
#14868 = SURFACE_STYLE_FILL_AREA(#14869);
#14869 = FILL_AREA_STYLE('',(#14870));
#14870 = FILL_AREA_STYLE_COLOUR('',#14373);
#14871 = STYLED_ITEM('color',(#14872),#4271);
#14872 = PRESENTATION_STYLE_ASSIGNMENT((#14873));
#14873 = SURFACE_STYLE_USAGE(.BOTH.,#14874);
#14874 = SURFACE_SIDE_STYLE('',(#14875));
#14875 = SURFACE_STYLE_FILL_AREA(#14876);
#14876 = FILL_AREA_STYLE('',(#14877));
#14877 = FILL_AREA_STYLE_COLOUR('',#14373);
#14878 = STYLED_ITEM('color',(#14879),#4302);
#14879 = PRESENTATION_STYLE_ASSIGNMENT((#14880));
#14880 = SURFACE_STYLE_USAGE(.BOTH.,#14881);
#14881 = SURFACE_SIDE_STYLE('',(#14882));
#14882 = SURFACE_STYLE_FILL_AREA(#14883);
#14883 = FILL_AREA_STYLE('',(#14884));
#14884 = FILL_AREA_STYLE_COLOUR('',#14373);
#14885 = STYLED_ITEM('color',(#14886),#4326);
#14886 = PRESENTATION_STYLE_ASSIGNMENT((#14887));
#14887 = SURFACE_STYLE_USAGE(.BOTH.,#14888);
#14888 = SURFACE_SIDE_STYLE('',(#14889));
#14889 = SURFACE_STYLE_FILL_AREA(#14890);
#14890 = FILL_AREA_STYLE('',(#14891));
#14891 = FILL_AREA_STYLE_COLOUR('',#14373);
#14892 = STYLED_ITEM('color',(#14893),#4350);
#14893 = PRESENTATION_STYLE_ASSIGNMENT((#14894));
#14894 = SURFACE_STYLE_USAGE(.BOTH.,#14895);
#14895 = SURFACE_SIDE_STYLE('',(#14896));
#14896 = SURFACE_STYLE_FILL_AREA(#14897);
#14897 = FILL_AREA_STYLE('',(#14898));
#14898 = FILL_AREA_STYLE_COLOUR('',#14373);
#14899 = STYLED_ITEM('color',(#14900),#4367);
#14900 = PRESENTATION_STYLE_ASSIGNMENT((#14901));
#14901 = SURFACE_STYLE_USAGE(.BOTH.,#14902);
#14902 = SURFACE_SIDE_STYLE('',(#14903));
#14903 = SURFACE_STYLE_FILL_AREA(#14904);
#14904 = FILL_AREA_STYLE('',(#14905));
#14905 = FILL_AREA_STYLE_COLOUR('',#14373);
#14906 = STYLED_ITEM('color',(#14907),#4398);
#14907 = PRESENTATION_STYLE_ASSIGNMENT((#14908));
#14908 = SURFACE_STYLE_USAGE(.BOTH.,#14909);
#14909 = SURFACE_SIDE_STYLE('',(#14910));
#14910 = SURFACE_STYLE_FILL_AREA(#14911);
#14911 = FILL_AREA_STYLE('',(#14912));
#14912 = FILL_AREA_STYLE_COLOUR('',#14373);
#14913 = STYLED_ITEM('color',(#14914),#4422);
#14914 = PRESENTATION_STYLE_ASSIGNMENT((#14915));
#14915 = SURFACE_STYLE_USAGE(.BOTH.,#14916);
#14916 = SURFACE_SIDE_STYLE('',(#14917));
#14917 = SURFACE_STYLE_FILL_AREA(#14918);
#14918 = FILL_AREA_STYLE('',(#14919));
#14919 = FILL_AREA_STYLE_COLOUR('',#14373);
#14920 = STYLED_ITEM('color',(#14921),#4446);
#14921 = PRESENTATION_STYLE_ASSIGNMENT((#14922));
#14922 = SURFACE_STYLE_USAGE(.BOTH.,#14923);
#14923 = SURFACE_SIDE_STYLE('',(#14924));
#14924 = SURFACE_STYLE_FILL_AREA(#14925);
#14925 = FILL_AREA_STYLE('',(#14926));
#14926 = FILL_AREA_STYLE_COLOUR('',#14373);
#14927 = STYLED_ITEM('color',(#14928),#4463);
#14928 = PRESENTATION_STYLE_ASSIGNMENT((#14929));
#14929 = SURFACE_STYLE_USAGE(.BOTH.,#14930);
#14930 = SURFACE_SIDE_STYLE('',(#14931));
#14931 = SURFACE_STYLE_FILL_AREA(#14932);
#14932 = FILL_AREA_STYLE('',(#14933));
#14933 = FILL_AREA_STYLE_COLOUR('',#14373);
#14934 = STYLED_ITEM('color',(#14935),#4494);
#14935 = PRESENTATION_STYLE_ASSIGNMENT((#14936));
#14936 = SURFACE_STYLE_USAGE(.BOTH.,#14937);
#14937 = SURFACE_SIDE_STYLE('',(#14938));
#14938 = SURFACE_STYLE_FILL_AREA(#14939);
#14939 = FILL_AREA_STYLE('',(#14940));
#14940 = FILL_AREA_STYLE_COLOUR('',#14373);
#14941 = STYLED_ITEM('color',(#14942),#4518);
#14942 = PRESENTATION_STYLE_ASSIGNMENT((#14943));
#14943 = SURFACE_STYLE_USAGE(.BOTH.,#14944);
#14944 = SURFACE_SIDE_STYLE('',(#14945));
#14945 = SURFACE_STYLE_FILL_AREA(#14946);
#14946 = FILL_AREA_STYLE('',(#14947));
#14947 = FILL_AREA_STYLE_COLOUR('',#14373);
#14948 = STYLED_ITEM('color',(#14949),#4542);
#14949 = PRESENTATION_STYLE_ASSIGNMENT((#14950));
#14950 = SURFACE_STYLE_USAGE(.BOTH.,#14951);
#14951 = SURFACE_SIDE_STYLE('',(#14952));
#14952 = SURFACE_STYLE_FILL_AREA(#14953);
#14953 = FILL_AREA_STYLE('',(#14954));
#14954 = FILL_AREA_STYLE_COLOUR('',#14373);
#14955 = STYLED_ITEM('color',(#14956),#4559);
#14956 = PRESENTATION_STYLE_ASSIGNMENT((#14957));
#14957 = SURFACE_STYLE_USAGE(.BOTH.,#14958);
#14958 = SURFACE_SIDE_STYLE('',(#14959));
#14959 = SURFACE_STYLE_FILL_AREA(#14960);
#14960 = FILL_AREA_STYLE('',(#14961));
#14961 = FILL_AREA_STYLE_COLOUR('',#14373);
#14962 = STYLED_ITEM('color',(#14963),#4590);
#14963 = PRESENTATION_STYLE_ASSIGNMENT((#14964));
#14964 = SURFACE_STYLE_USAGE(.BOTH.,#14965);
#14965 = SURFACE_SIDE_STYLE('',(#14966));
#14966 = SURFACE_STYLE_FILL_AREA(#14967);
#14967 = FILL_AREA_STYLE('',(#14968));
#14968 = FILL_AREA_STYLE_COLOUR('',#14373);
#14969 = STYLED_ITEM('color',(#14970),#4614);
#14970 = PRESENTATION_STYLE_ASSIGNMENT((#14971));
#14971 = SURFACE_STYLE_USAGE(.BOTH.,#14972);
#14972 = SURFACE_SIDE_STYLE('',(#14973));
#14973 = SURFACE_STYLE_FILL_AREA(#14974);
#14974 = FILL_AREA_STYLE('',(#14975));
#14975 = FILL_AREA_STYLE_COLOUR('',#14373);
#14976 = STYLED_ITEM('color',(#14977),#4638);
#14977 = PRESENTATION_STYLE_ASSIGNMENT((#14978));
#14978 = SURFACE_STYLE_USAGE(.BOTH.,#14979);
#14979 = SURFACE_SIDE_STYLE('',(#14980));
#14980 = SURFACE_STYLE_FILL_AREA(#14981);
#14981 = FILL_AREA_STYLE('',(#14982));
#14982 = FILL_AREA_STYLE_COLOUR('',#14373);
#14983 = STYLED_ITEM('color',(#14984),#4655);
#14984 = PRESENTATION_STYLE_ASSIGNMENT((#14985));
#14985 = SURFACE_STYLE_USAGE(.BOTH.,#14986);
#14986 = SURFACE_SIDE_STYLE('',(#14987));
#14987 = SURFACE_STYLE_FILL_AREA(#14988);
#14988 = FILL_AREA_STYLE('',(#14989));
#14989 = FILL_AREA_STYLE_COLOUR('',#14373);
#14990 = STYLED_ITEM('color',(#14991),#4686);
#14991 = PRESENTATION_STYLE_ASSIGNMENT((#14992));
#14992 = SURFACE_STYLE_USAGE(.BOTH.,#14993);
#14993 = SURFACE_SIDE_STYLE('',(#14994));
#14994 = SURFACE_STYLE_FILL_AREA(#14995);
#14995 = FILL_AREA_STYLE('',(#14996));
#14996 = FILL_AREA_STYLE_COLOUR('',#14373);
#14997 = STYLED_ITEM('color',(#14998),#4710);
#14998 = PRESENTATION_STYLE_ASSIGNMENT((#14999));
#14999 = SURFACE_STYLE_USAGE(.BOTH.,#15000);
#15000 = SURFACE_SIDE_STYLE('',(#15001));
#15001 = SURFACE_STYLE_FILL_AREA(#15002);
#15002 = FILL_AREA_STYLE('',(#15003));
#15003 = FILL_AREA_STYLE_COLOUR('',#14373);
#15004 = STYLED_ITEM('color',(#15005),#4734);
#15005 = PRESENTATION_STYLE_ASSIGNMENT((#15006));
#15006 = SURFACE_STYLE_USAGE(.BOTH.,#15007);
#15007 = SURFACE_SIDE_STYLE('',(#15008));
#15008 = SURFACE_STYLE_FILL_AREA(#15009);
#15009 = FILL_AREA_STYLE('',(#15010));
#15010 = FILL_AREA_STYLE_COLOUR('',#14373);
#15011 = STYLED_ITEM('color',(#15012),#4751);
#15012 = PRESENTATION_STYLE_ASSIGNMENT((#15013));
#15013 = SURFACE_STYLE_USAGE(.BOTH.,#15014);
#15014 = SURFACE_SIDE_STYLE('',(#15015));
#15015 = SURFACE_STYLE_FILL_AREA(#15016);
#15016 = FILL_AREA_STYLE('',(#15017));
#15017 = FILL_AREA_STYLE_COLOUR('',#14373);
#15018 = STYLED_ITEM('color',(#15019),#4782);
#15019 = PRESENTATION_STYLE_ASSIGNMENT((#15020));
#15020 = SURFACE_STYLE_USAGE(.BOTH.,#15021);
#15021 = SURFACE_SIDE_STYLE('',(#15022));
#15022 = SURFACE_STYLE_FILL_AREA(#15023);
#15023 = FILL_AREA_STYLE('',(#15024));
#15024 = FILL_AREA_STYLE_COLOUR('',#14373);
#15025 = STYLED_ITEM('color',(#15026),#4806);
#15026 = PRESENTATION_STYLE_ASSIGNMENT((#15027));
#15027 = SURFACE_STYLE_USAGE(.BOTH.,#15028);
#15028 = SURFACE_SIDE_STYLE('',(#15029));
#15029 = SURFACE_STYLE_FILL_AREA(#15030);
#15030 = FILL_AREA_STYLE('',(#15031));
#15031 = FILL_AREA_STYLE_COLOUR('',#14373);
#15032 = STYLED_ITEM('color',(#15033),#4830);
#15033 = PRESENTATION_STYLE_ASSIGNMENT((#15034));
#15034 = SURFACE_STYLE_USAGE(.BOTH.,#15035);
#15035 = SURFACE_SIDE_STYLE('',(#15036));
#15036 = SURFACE_STYLE_FILL_AREA(#15037);
#15037 = FILL_AREA_STYLE('',(#15038));
#15038 = FILL_AREA_STYLE_COLOUR('',#14373);
#15039 = STYLED_ITEM('color',(#15040),#4847);
#15040 = PRESENTATION_STYLE_ASSIGNMENT((#15041));
#15041 = SURFACE_STYLE_USAGE(.BOTH.,#15042);
#15042 = SURFACE_SIDE_STYLE('',(#15043));
#15043 = SURFACE_STYLE_FILL_AREA(#15044);
#15044 = FILL_AREA_STYLE('',(#15045));
#15045 = FILL_AREA_STYLE_COLOUR('',#14373);
#15046 = STYLED_ITEM('color',(#15047),#4878);
#15047 = PRESENTATION_STYLE_ASSIGNMENT((#15048));
#15048 = SURFACE_STYLE_USAGE(.BOTH.,#15049);
#15049 = SURFACE_SIDE_STYLE('',(#15050));
#15050 = SURFACE_STYLE_FILL_AREA(#15051);
#15051 = FILL_AREA_STYLE('',(#15052));
#15052 = FILL_AREA_STYLE_COLOUR('',#14373);
#15053 = STYLED_ITEM('color',(#15054),#4902);
#15054 = PRESENTATION_STYLE_ASSIGNMENT((#15055));
#15055 = SURFACE_STYLE_USAGE(.BOTH.,#15056);
#15056 = SURFACE_SIDE_STYLE('',(#15057));
#15057 = SURFACE_STYLE_FILL_AREA(#15058);
#15058 = FILL_AREA_STYLE('',(#15059));
#15059 = FILL_AREA_STYLE_COLOUR('',#14373);
#15060 = STYLED_ITEM('color',(#15061),#4926);
#15061 = PRESENTATION_STYLE_ASSIGNMENT((#15062));
#15062 = SURFACE_STYLE_USAGE(.BOTH.,#15063);
#15063 = SURFACE_SIDE_STYLE('',(#15064));
#15064 = SURFACE_STYLE_FILL_AREA(#15065);
#15065 = FILL_AREA_STYLE('',(#15066));
#15066 = FILL_AREA_STYLE_COLOUR('',#14373);
#15067 = STYLED_ITEM('color',(#15068),#4943);
#15068 = PRESENTATION_STYLE_ASSIGNMENT((#15069));
#15069 = SURFACE_STYLE_USAGE(.BOTH.,#15070);
#15070 = SURFACE_SIDE_STYLE('',(#15071));
#15071 = SURFACE_STYLE_FILL_AREA(#15072);
#15072 = FILL_AREA_STYLE('',(#15073));
#15073 = FILL_AREA_STYLE_COLOUR('',#14373);
#15074 = STYLED_ITEM('color',(#15075),#4974);
#15075 = PRESENTATION_STYLE_ASSIGNMENT((#15076));
#15076 = SURFACE_STYLE_USAGE(.BOTH.,#15077);
#15077 = SURFACE_SIDE_STYLE('',(#15078));
#15078 = SURFACE_STYLE_FILL_AREA(#15079);
#15079 = FILL_AREA_STYLE('',(#15080));
#15080 = FILL_AREA_STYLE_COLOUR('',#14373);
#15081 = STYLED_ITEM('color',(#15082),#4998);
#15082 = PRESENTATION_STYLE_ASSIGNMENT((#15083));
#15083 = SURFACE_STYLE_USAGE(.BOTH.,#15084);
#15084 = SURFACE_SIDE_STYLE('',(#15085));
#15085 = SURFACE_STYLE_FILL_AREA(#15086);
#15086 = FILL_AREA_STYLE('',(#15087));
#15087 = FILL_AREA_STYLE_COLOUR('',#14373);
#15088 = STYLED_ITEM('color',(#15089),#5022);
#15089 = PRESENTATION_STYLE_ASSIGNMENT((#15090));
#15090 = SURFACE_STYLE_USAGE(.BOTH.,#15091);
#15091 = SURFACE_SIDE_STYLE('',(#15092));
#15092 = SURFACE_STYLE_FILL_AREA(#15093);
#15093 = FILL_AREA_STYLE('',(#15094));
#15094 = FILL_AREA_STYLE_COLOUR('',#14373);
#15095 = STYLED_ITEM('color',(#15096),#5039);
#15096 = PRESENTATION_STYLE_ASSIGNMENT((#15097));
#15097 = SURFACE_STYLE_USAGE(.BOTH.,#15098);
#15098 = SURFACE_SIDE_STYLE('',(#15099));
#15099 = SURFACE_STYLE_FILL_AREA(#15100);
#15100 = FILL_AREA_STYLE('',(#15101));
#15101 = FILL_AREA_STYLE_COLOUR('',#14373);
#15102 = STYLED_ITEM('color',(#15103),#5070);
#15103 = PRESENTATION_STYLE_ASSIGNMENT((#15104));
#15104 = SURFACE_STYLE_USAGE(.BOTH.,#15105);
#15105 = SURFACE_SIDE_STYLE('',(#15106));
#15106 = SURFACE_STYLE_FILL_AREA(#15107);
#15107 = FILL_AREA_STYLE('',(#15108));
#15108 = FILL_AREA_STYLE_COLOUR('',#14373);
#15109 = STYLED_ITEM('color',(#15110),#5094);
#15110 = PRESENTATION_STYLE_ASSIGNMENT((#15111));
#15111 = SURFACE_STYLE_USAGE(.BOTH.,#15112);
#15112 = SURFACE_SIDE_STYLE('',(#15113));
#15113 = SURFACE_STYLE_FILL_AREA(#15114);
#15114 = FILL_AREA_STYLE('',(#15115));
#15115 = FILL_AREA_STYLE_COLOUR('',#14373);
#15116 = STYLED_ITEM('color',(#15117),#5118);
#15117 = PRESENTATION_STYLE_ASSIGNMENT((#15118));
#15118 = SURFACE_STYLE_USAGE(.BOTH.,#15119);
#15119 = SURFACE_SIDE_STYLE('',(#15120));
#15120 = SURFACE_STYLE_FILL_AREA(#15121);
#15121 = FILL_AREA_STYLE('',(#15122));
#15122 = FILL_AREA_STYLE_COLOUR('',#14373);
#15123 = STYLED_ITEM('color',(#15124),#5135);
#15124 = PRESENTATION_STYLE_ASSIGNMENT((#15125));
#15125 = SURFACE_STYLE_USAGE(.BOTH.,#15126);
#15126 = SURFACE_SIDE_STYLE('',(#15127));
#15127 = SURFACE_STYLE_FILL_AREA(#15128);
#15128 = FILL_AREA_STYLE('',(#15129));
#15129 = FILL_AREA_STYLE_COLOUR('',#14373);
#15130 = STYLED_ITEM('color',(#15131),#5166);
#15131 = PRESENTATION_STYLE_ASSIGNMENT((#15132));
#15132 = SURFACE_STYLE_USAGE(.BOTH.,#15133);
#15133 = SURFACE_SIDE_STYLE('',(#15134));
#15134 = SURFACE_STYLE_FILL_AREA(#15135);
#15135 = FILL_AREA_STYLE('',(#15136));
#15136 = FILL_AREA_STYLE_COLOUR('',#14373);
#15137 = STYLED_ITEM('color',(#15138),#5190);
#15138 = PRESENTATION_STYLE_ASSIGNMENT((#15139));
#15139 = SURFACE_STYLE_USAGE(.BOTH.,#15140);
#15140 = SURFACE_SIDE_STYLE('',(#15141));
#15141 = SURFACE_STYLE_FILL_AREA(#15142);
#15142 = FILL_AREA_STYLE('',(#15143));
#15143 = FILL_AREA_STYLE_COLOUR('',#14373);
#15144 = STYLED_ITEM('color',(#15145),#5214);
#15145 = PRESENTATION_STYLE_ASSIGNMENT((#15146));
#15146 = SURFACE_STYLE_USAGE(.BOTH.,#15147);
#15147 = SURFACE_SIDE_STYLE('',(#15148));
#15148 = SURFACE_STYLE_FILL_AREA(#15149);
#15149 = FILL_AREA_STYLE('',(#15150));
#15150 = FILL_AREA_STYLE_COLOUR('',#14373);
#15151 = STYLED_ITEM('color',(#15152),#5231);
#15152 = PRESENTATION_STYLE_ASSIGNMENT((#15153));
#15153 = SURFACE_STYLE_USAGE(.BOTH.,#15154);
#15154 = SURFACE_SIDE_STYLE('',(#15155));
#15155 = SURFACE_STYLE_FILL_AREA(#15156);
#15156 = FILL_AREA_STYLE('',(#15157));
#15157 = FILL_AREA_STYLE_COLOUR('',#14373);
#15158 = STYLED_ITEM('color',(#15159),#5262);
#15159 = PRESENTATION_STYLE_ASSIGNMENT((#15160));
#15160 = SURFACE_STYLE_USAGE(.BOTH.,#15161);
#15161 = SURFACE_SIDE_STYLE('',(#15162));
#15162 = SURFACE_STYLE_FILL_AREA(#15163);
#15163 = FILL_AREA_STYLE('',(#15164));
#15164 = FILL_AREA_STYLE_COLOUR('',#14373);
#15165 = STYLED_ITEM('color',(#15166),#5286);
#15166 = PRESENTATION_STYLE_ASSIGNMENT((#15167));
#15167 = SURFACE_STYLE_USAGE(.BOTH.,#15168);
#15168 = SURFACE_SIDE_STYLE('',(#15169));
#15169 = SURFACE_STYLE_FILL_AREA(#15170);
#15170 = FILL_AREA_STYLE('',(#15171));
#15171 = FILL_AREA_STYLE_COLOUR('',#14373);
#15172 = STYLED_ITEM('color',(#15173),#5310);
#15173 = PRESENTATION_STYLE_ASSIGNMENT((#15174));
#15174 = SURFACE_STYLE_USAGE(.BOTH.,#15175);
#15175 = SURFACE_SIDE_STYLE('',(#15176));
#15176 = SURFACE_STYLE_FILL_AREA(#15177);
#15177 = FILL_AREA_STYLE('',(#15178));
#15178 = FILL_AREA_STYLE_COLOUR('',#14373);
#15179 = STYLED_ITEM('color',(#15180),#5327);
#15180 = PRESENTATION_STYLE_ASSIGNMENT((#15181));
#15181 = SURFACE_STYLE_USAGE(.BOTH.,#15182);
#15182 = SURFACE_SIDE_STYLE('',(#15183));
#15183 = SURFACE_STYLE_FILL_AREA(#15184);
#15184 = FILL_AREA_STYLE('',(#15185));
#15185 = FILL_AREA_STYLE_COLOUR('',#14373);
#15186 = STYLED_ITEM('color',(#15187),#5358);
#15187 = PRESENTATION_STYLE_ASSIGNMENT((#15188));
#15188 = SURFACE_STYLE_USAGE(.BOTH.,#15189);
#15189 = SURFACE_SIDE_STYLE('',(#15190));
#15190 = SURFACE_STYLE_FILL_AREA(#15191);
#15191 = FILL_AREA_STYLE('',(#15192));
#15192 = FILL_AREA_STYLE_COLOUR('',#14373);
#15193 = STYLED_ITEM('color',(#15194),#5382);
#15194 = PRESENTATION_STYLE_ASSIGNMENT((#15195));
#15195 = SURFACE_STYLE_USAGE(.BOTH.,#15196);
#15196 = SURFACE_SIDE_STYLE('',(#15197));
#15197 = SURFACE_STYLE_FILL_AREA(#15198);
#15198 = FILL_AREA_STYLE('',(#15199));
#15199 = FILL_AREA_STYLE_COLOUR('',#14373);
#15200 = STYLED_ITEM('color',(#15201),#5406);
#15201 = PRESENTATION_STYLE_ASSIGNMENT((#15202));
#15202 = SURFACE_STYLE_USAGE(.BOTH.,#15203);
#15203 = SURFACE_SIDE_STYLE('',(#15204));
#15204 = SURFACE_STYLE_FILL_AREA(#15205);
#15205 = FILL_AREA_STYLE('',(#15206));
#15206 = FILL_AREA_STYLE_COLOUR('',#14373);
#15207 = STYLED_ITEM('color',(#15208),#5423);
#15208 = PRESENTATION_STYLE_ASSIGNMENT((#15209));
#15209 = SURFACE_STYLE_USAGE(.BOTH.,#15210);
#15210 = SURFACE_SIDE_STYLE('',(#15211));
#15211 = SURFACE_STYLE_FILL_AREA(#15212);
#15212 = FILL_AREA_STYLE('',(#15213));
#15213 = FILL_AREA_STYLE_COLOUR('',#14373);
#15214 = STYLED_ITEM('color',(#15215),#5454);
#15215 = PRESENTATION_STYLE_ASSIGNMENT((#15216));
#15216 = SURFACE_STYLE_USAGE(.BOTH.,#15217);
#15217 = SURFACE_SIDE_STYLE('',(#15218));
#15218 = SURFACE_STYLE_FILL_AREA(#15219);
#15219 = FILL_AREA_STYLE('',(#15220));
#15220 = FILL_AREA_STYLE_COLOUR('',#14373);
#15221 = STYLED_ITEM('color',(#15222),#5478);
#15222 = PRESENTATION_STYLE_ASSIGNMENT((#15223));
#15223 = SURFACE_STYLE_USAGE(.BOTH.,#15224);
#15224 = SURFACE_SIDE_STYLE('',(#15225));
#15225 = SURFACE_STYLE_FILL_AREA(#15226);
#15226 = FILL_AREA_STYLE('',(#15227));
#15227 = FILL_AREA_STYLE_COLOUR('',#14373);
#15228 = STYLED_ITEM('color',(#15229),#5502);
#15229 = PRESENTATION_STYLE_ASSIGNMENT((#15230));
#15230 = SURFACE_STYLE_USAGE(.BOTH.,#15231);
#15231 = SURFACE_SIDE_STYLE('',(#15232));
#15232 = SURFACE_STYLE_FILL_AREA(#15233);
#15233 = FILL_AREA_STYLE('',(#15234));
#15234 = FILL_AREA_STYLE_COLOUR('',#14373);
#15235 = STYLED_ITEM('color',(#15236),#5519);
#15236 = PRESENTATION_STYLE_ASSIGNMENT((#15237));
#15237 = SURFACE_STYLE_USAGE(.BOTH.,#15238);
#15238 = SURFACE_SIDE_STYLE('',(#15239));
#15239 = SURFACE_STYLE_FILL_AREA(#15240);
#15240 = FILL_AREA_STYLE('',(#15241));
#15241 = FILL_AREA_STYLE_COLOUR('',#14373);
#15242 = STYLED_ITEM('color',(#15243),#5550);
#15243 = PRESENTATION_STYLE_ASSIGNMENT((#15244));
#15244 = SURFACE_STYLE_USAGE(.BOTH.,#15245);
#15245 = SURFACE_SIDE_STYLE('',(#15246));
#15246 = SURFACE_STYLE_FILL_AREA(#15247);
#15247 = FILL_AREA_STYLE('',(#15248));
#15248 = FILL_AREA_STYLE_COLOUR('',#14373);
#15249 = STYLED_ITEM('color',(#15250),#5574);
#15250 = PRESENTATION_STYLE_ASSIGNMENT((#15251));
#15251 = SURFACE_STYLE_USAGE(.BOTH.,#15252);
#15252 = SURFACE_SIDE_STYLE('',(#15253));
#15253 = SURFACE_STYLE_FILL_AREA(#15254);
#15254 = FILL_AREA_STYLE('',(#15255));
#15255 = FILL_AREA_STYLE_COLOUR('',#14373);
#15256 = STYLED_ITEM('color',(#15257),#5598);
#15257 = PRESENTATION_STYLE_ASSIGNMENT((#15258));
#15258 = SURFACE_STYLE_USAGE(.BOTH.,#15259);
#15259 = SURFACE_SIDE_STYLE('',(#15260));
#15260 = SURFACE_STYLE_FILL_AREA(#15261);
#15261 = FILL_AREA_STYLE('',(#15262));
#15262 = FILL_AREA_STYLE_COLOUR('',#14373);
#15263 = STYLED_ITEM('color',(#15264),#5615);
#15264 = PRESENTATION_STYLE_ASSIGNMENT((#15265));
#15265 = SURFACE_STYLE_USAGE(.BOTH.,#15266);
#15266 = SURFACE_SIDE_STYLE('',(#15267));
#15267 = SURFACE_STYLE_FILL_AREA(#15268);
#15268 = FILL_AREA_STYLE('',(#15269));
#15269 = FILL_AREA_STYLE_COLOUR('',#14373);
#15270 = STYLED_ITEM('color',(#15271),#5646);
#15271 = PRESENTATION_STYLE_ASSIGNMENT((#15272));
#15272 = SURFACE_STYLE_USAGE(.BOTH.,#15273);
#15273 = SURFACE_SIDE_STYLE('',(#15274));
#15274 = SURFACE_STYLE_FILL_AREA(#15275);
#15275 = FILL_AREA_STYLE('',(#15276));
#15276 = FILL_AREA_STYLE_COLOUR('',#14373);
#15277 = STYLED_ITEM('color',(#15278),#5670);
#15278 = PRESENTATION_STYLE_ASSIGNMENT((#15279));
#15279 = SURFACE_STYLE_USAGE(.BOTH.,#15280);
#15280 = SURFACE_SIDE_STYLE('',(#15281));
#15281 = SURFACE_STYLE_FILL_AREA(#15282);
#15282 = FILL_AREA_STYLE('',(#15283));
#15283 = FILL_AREA_STYLE_COLOUR('',#14373);
#15284 = STYLED_ITEM('color',(#15285),#5694);
#15285 = PRESENTATION_STYLE_ASSIGNMENT((#15286));
#15286 = SURFACE_STYLE_USAGE(.BOTH.,#15287);
#15287 = SURFACE_SIDE_STYLE('',(#15288));
#15288 = SURFACE_STYLE_FILL_AREA(#15289);
#15289 = FILL_AREA_STYLE('',(#15290));
#15290 = FILL_AREA_STYLE_COLOUR('',#14373);
#15291 = STYLED_ITEM('color',(#15292),#5711);
#15292 = PRESENTATION_STYLE_ASSIGNMENT((#15293));
#15293 = SURFACE_STYLE_USAGE(.BOTH.,#15294);
#15294 = SURFACE_SIDE_STYLE('',(#15295));
#15295 = SURFACE_STYLE_FILL_AREA(#15296);
#15296 = FILL_AREA_STYLE('',(#15297));
#15297 = FILL_AREA_STYLE_COLOUR('',#14373);
#15298 = STYLED_ITEM('color',(#15299),#5742);
#15299 = PRESENTATION_STYLE_ASSIGNMENT((#15300));
#15300 = SURFACE_STYLE_USAGE(.BOTH.,#15301);
#15301 = SURFACE_SIDE_STYLE('',(#15302));
#15302 = SURFACE_STYLE_FILL_AREA(#15303);
#15303 = FILL_AREA_STYLE('',(#15304));
#15304 = FILL_AREA_STYLE_COLOUR('',#14373);
#15305 = STYLED_ITEM('color',(#15306),#5766);
#15306 = PRESENTATION_STYLE_ASSIGNMENT((#15307));
#15307 = SURFACE_STYLE_USAGE(.BOTH.,#15308);
#15308 = SURFACE_SIDE_STYLE('',(#15309));
#15309 = SURFACE_STYLE_FILL_AREA(#15310);
#15310 = FILL_AREA_STYLE('',(#15311));
#15311 = FILL_AREA_STYLE_COLOUR('',#14373);
#15312 = STYLED_ITEM('color',(#15313),#5790);
#15313 = PRESENTATION_STYLE_ASSIGNMENT((#15314));
#15314 = SURFACE_STYLE_USAGE(.BOTH.,#15315);
#15315 = SURFACE_SIDE_STYLE('',(#15316));
#15316 = SURFACE_STYLE_FILL_AREA(#15317);
#15317 = FILL_AREA_STYLE('',(#15318));
#15318 = FILL_AREA_STYLE_COLOUR('',#14373);
#15319 = STYLED_ITEM('color',(#15320),#5807);
#15320 = PRESENTATION_STYLE_ASSIGNMENT((#15321));
#15321 = SURFACE_STYLE_USAGE(.BOTH.,#15322);
#15322 = SURFACE_SIDE_STYLE('',(#15323));
#15323 = SURFACE_STYLE_FILL_AREA(#15324);
#15324 = FILL_AREA_STYLE('',(#15325));
#15325 = FILL_AREA_STYLE_COLOUR('',#14373);
#15326 = STYLED_ITEM('color',(#15327),#5838);
#15327 = PRESENTATION_STYLE_ASSIGNMENT((#15328));
#15328 = SURFACE_STYLE_USAGE(.BOTH.,#15329);
#15329 = SURFACE_SIDE_STYLE('',(#15330));
#15330 = SURFACE_STYLE_FILL_AREA(#15331);
#15331 = FILL_AREA_STYLE('',(#15332));
#15332 = FILL_AREA_STYLE_COLOUR('',#14373);
#15333 = STYLED_ITEM('color',(#15334),#5862);
#15334 = PRESENTATION_STYLE_ASSIGNMENT((#15335));
#15335 = SURFACE_STYLE_USAGE(.BOTH.,#15336);
#15336 = SURFACE_SIDE_STYLE('',(#15337));
#15337 = SURFACE_STYLE_FILL_AREA(#15338);
#15338 = FILL_AREA_STYLE('',(#15339));
#15339 = FILL_AREA_STYLE_COLOUR('',#14373);
#15340 = STYLED_ITEM('color',(#15341),#5886);
#15341 = PRESENTATION_STYLE_ASSIGNMENT((#15342));
#15342 = SURFACE_STYLE_USAGE(.BOTH.,#15343);
#15343 = SURFACE_SIDE_STYLE('',(#15344));
#15344 = SURFACE_STYLE_FILL_AREA(#15345);
#15345 = FILL_AREA_STYLE('',(#15346));
#15346 = FILL_AREA_STYLE_COLOUR('',#14373);
#15347 = STYLED_ITEM('color',(#15348),#5903);
#15348 = PRESENTATION_STYLE_ASSIGNMENT((#15349));
#15349 = SURFACE_STYLE_USAGE(.BOTH.,#15350);
#15350 = SURFACE_SIDE_STYLE('',(#15351));
#15351 = SURFACE_STYLE_FILL_AREA(#15352);
#15352 = FILL_AREA_STYLE('',(#15353));
#15353 = FILL_AREA_STYLE_COLOUR('',#14373);
#15354 = STYLED_ITEM('color',(#15355),#5934);
#15355 = PRESENTATION_STYLE_ASSIGNMENT((#15356));
#15356 = SURFACE_STYLE_USAGE(.BOTH.,#15357);
#15357 = SURFACE_SIDE_STYLE('',(#15358));
#15358 = SURFACE_STYLE_FILL_AREA(#15359);
#15359 = FILL_AREA_STYLE('',(#15360));
#15360 = FILL_AREA_STYLE_COLOUR('',#14373);
#15361 = STYLED_ITEM('color',(#15362),#5958);
#15362 = PRESENTATION_STYLE_ASSIGNMENT((#15363));
#15363 = SURFACE_STYLE_USAGE(.BOTH.,#15364);
#15364 = SURFACE_SIDE_STYLE('',(#15365));
#15365 = SURFACE_STYLE_FILL_AREA(#15366);
#15366 = FILL_AREA_STYLE('',(#15367));
#15367 = FILL_AREA_STYLE_COLOUR('',#14373);
#15368 = STYLED_ITEM('color',(#15369),#5982);
#15369 = PRESENTATION_STYLE_ASSIGNMENT((#15370));
#15370 = SURFACE_STYLE_USAGE(.BOTH.,#15371);
#15371 = SURFACE_SIDE_STYLE('',(#15372));
#15372 = SURFACE_STYLE_FILL_AREA(#15373);
#15373 = FILL_AREA_STYLE('',(#15374));
#15374 = FILL_AREA_STYLE_COLOUR('',#14373);
#15375 = STYLED_ITEM('color',(#15376),#5999);
#15376 = PRESENTATION_STYLE_ASSIGNMENT((#15377));
#15377 = SURFACE_STYLE_USAGE(.BOTH.,#15378);
#15378 = SURFACE_SIDE_STYLE('',(#15379));
#15379 = SURFACE_STYLE_FILL_AREA(#15380);
#15380 = FILL_AREA_STYLE('',(#15381));
#15381 = FILL_AREA_STYLE_COLOUR('',#14373);
#15382 = STYLED_ITEM('color',(#15383),#6011);
#15383 = PRESENTATION_STYLE_ASSIGNMENT((#15384));
#15384 = SURFACE_STYLE_USAGE(.BOTH.,#15385);
#15385 = SURFACE_SIDE_STYLE('',(#15386));
#15386 = SURFACE_STYLE_FILL_AREA(#15387);
#15387 = FILL_AREA_STYLE('',(#15388));
#15388 = FILL_AREA_STYLE_COLOUR('',#14373);
#15389 = STYLED_ITEM('color',(#15390),#6023);
#15390 = PRESENTATION_STYLE_ASSIGNMENT((#15391));
#15391 = SURFACE_STYLE_USAGE(.BOTH.,#15392);
#15392 = SURFACE_SIDE_STYLE('',(#15393));
#15393 = SURFACE_STYLE_FILL_AREA(#15394);
#15394 = FILL_AREA_STYLE('',(#15395));
#15395 = FILL_AREA_STYLE_COLOUR('',#14373);
#15396 = STYLED_ITEM('color',(#15397),#6035);
#15397 = PRESENTATION_STYLE_ASSIGNMENT((#15398));
#15398 = SURFACE_STYLE_USAGE(.BOTH.,#15399);
#15399 = SURFACE_SIDE_STYLE('',(#15400));
#15400 = SURFACE_STYLE_FILL_AREA(#15401);
#15401 = FILL_AREA_STYLE('',(#15402));
#15402 = FILL_AREA_STYLE_COLOUR('',#14373);
#15403 = STYLED_ITEM('color',(#15404),#6047);
#15404 = PRESENTATION_STYLE_ASSIGNMENT((#15405));
#15405 = SURFACE_STYLE_USAGE(.BOTH.,#15406);
#15406 = SURFACE_SIDE_STYLE('',(#15407));
#15407 = SURFACE_STYLE_FILL_AREA(#15408);
#15408 = FILL_AREA_STYLE('',(#15409));
#15409 = FILL_AREA_STYLE_COLOUR('',#14373);
#15410 = STYLED_ITEM('color',(#15411),#6059);
#15411 = PRESENTATION_STYLE_ASSIGNMENT((#15412));
#15412 = SURFACE_STYLE_USAGE(.BOTH.,#15413);
#15413 = SURFACE_SIDE_STYLE('',(#15414));
#15414 = SURFACE_STYLE_FILL_AREA(#15415);
#15415 = FILL_AREA_STYLE('',(#15416));
#15416 = FILL_AREA_STYLE_COLOUR('',#14373);
#15417 = STYLED_ITEM('color',(#15418),#6071);
#15418 = PRESENTATION_STYLE_ASSIGNMENT((#15419));
#15419 = SURFACE_STYLE_USAGE(.BOTH.,#15420);
#15420 = SURFACE_SIDE_STYLE('',(#15421));
#15421 = SURFACE_STYLE_FILL_AREA(#15422);
#15422 = FILL_AREA_STYLE('',(#15423));
#15423 = FILL_AREA_STYLE_COLOUR('',#14373);
#15424 = STYLED_ITEM('color',(#15425),#6083);
#15425 = PRESENTATION_STYLE_ASSIGNMENT((#15426));
#15426 = SURFACE_STYLE_USAGE(.BOTH.,#15427);
#15427 = SURFACE_SIDE_STYLE('',(#15428));
#15428 = SURFACE_STYLE_FILL_AREA(#15429);
#15429 = FILL_AREA_STYLE('',(#15430));
#15430 = FILL_AREA_STYLE_COLOUR('',#14373);
#15431 = STYLED_ITEM('color',(#15432),#6095);
#15432 = PRESENTATION_STYLE_ASSIGNMENT((#15433));
#15433 = SURFACE_STYLE_USAGE(.BOTH.,#15434);
#15434 = SURFACE_SIDE_STYLE('',(#15435));
#15435 = SURFACE_STYLE_FILL_AREA(#15436);
#15436 = FILL_AREA_STYLE('',(#15437));
#15437 = FILL_AREA_STYLE_COLOUR('',#14373);
#15438 = STYLED_ITEM('color',(#15439),#6107);
#15439 = PRESENTATION_STYLE_ASSIGNMENT((#15440));
#15440 = SURFACE_STYLE_USAGE(.BOTH.,#15441);
#15441 = SURFACE_SIDE_STYLE('',(#15442));
#15442 = SURFACE_STYLE_FILL_AREA(#15443);
#15443 = FILL_AREA_STYLE('',(#15444));
#15444 = FILL_AREA_STYLE_COLOUR('',#14373);
#15445 = STYLED_ITEM('color',(#15446),#6119);
#15446 = PRESENTATION_STYLE_ASSIGNMENT((#15447));
#15447 = SURFACE_STYLE_USAGE(.BOTH.,#15448);
#15448 = SURFACE_SIDE_STYLE('',(#15449));
#15449 = SURFACE_STYLE_FILL_AREA(#15450);
#15450 = FILL_AREA_STYLE('',(#15451));
#15451 = FILL_AREA_STYLE_COLOUR('',#14373);
#15452 = STYLED_ITEM('color',(#15453),#6131);
#15453 = PRESENTATION_STYLE_ASSIGNMENT((#15454));
#15454 = SURFACE_STYLE_USAGE(.BOTH.,#15455);
#15455 = SURFACE_SIDE_STYLE('',(#15456));
#15456 = SURFACE_STYLE_FILL_AREA(#15457);
#15457 = FILL_AREA_STYLE('',(#15458));
#15458 = FILL_AREA_STYLE_COLOUR('',#14373);
#15459 = STYLED_ITEM('color',(#15460),#6143);
#15460 = PRESENTATION_STYLE_ASSIGNMENT((#15461));
#15461 = SURFACE_STYLE_USAGE(.BOTH.,#15462);
#15462 = SURFACE_SIDE_STYLE('',(#15463));
#15463 = SURFACE_STYLE_FILL_AREA(#15464);
#15464 = FILL_AREA_STYLE('',(#15465));
#15465 = FILL_AREA_STYLE_COLOUR('',#14373);
#15466 = STYLED_ITEM('color',(#15467),#6155);
#15467 = PRESENTATION_STYLE_ASSIGNMENT((#15468));
#15468 = SURFACE_STYLE_USAGE(.BOTH.,#15469);
#15469 = SURFACE_SIDE_STYLE('',(#15470));
#15470 = SURFACE_STYLE_FILL_AREA(#15471);
#15471 = FILL_AREA_STYLE('',(#15472));
#15472 = FILL_AREA_STYLE_COLOUR('',#14373);
#15473 = STYLED_ITEM('color',(#15474),#6167);
#15474 = PRESENTATION_STYLE_ASSIGNMENT((#15475));
#15475 = SURFACE_STYLE_USAGE(.BOTH.,#15476);
#15476 = SURFACE_SIDE_STYLE('',(#15477));
#15477 = SURFACE_STYLE_FILL_AREA(#15478);
#15478 = FILL_AREA_STYLE('',(#15479));
#15479 = FILL_AREA_STYLE_COLOUR('',#14373);
#15480 = STYLED_ITEM('color',(#15481),#6179);
#15481 = PRESENTATION_STYLE_ASSIGNMENT((#15482));
#15482 = SURFACE_STYLE_USAGE(.BOTH.,#15483);
#15483 = SURFACE_SIDE_STYLE('',(#15484));
#15484 = SURFACE_STYLE_FILL_AREA(#15485);
#15485 = FILL_AREA_STYLE('',(#15486));
#15486 = FILL_AREA_STYLE_COLOUR('',#14373);
#15487 = STYLED_ITEM('color',(#15488),#6191);
#15488 = PRESENTATION_STYLE_ASSIGNMENT((#15489));
#15489 = SURFACE_STYLE_USAGE(.BOTH.,#15490);
#15490 = SURFACE_SIDE_STYLE('',(#15491));
#15491 = SURFACE_STYLE_FILL_AREA(#15492);
#15492 = FILL_AREA_STYLE('',(#15493));
#15493 = FILL_AREA_STYLE_COLOUR('',#14373);
#15494 = STYLED_ITEM('color',(#15495),#6203);
#15495 = PRESENTATION_STYLE_ASSIGNMENT((#15496));
#15496 = SURFACE_STYLE_USAGE(.BOTH.,#15497);
#15497 = SURFACE_SIDE_STYLE('',(#15498));
#15498 = SURFACE_STYLE_FILL_AREA(#15499);
#15499 = FILL_AREA_STYLE('',(#15500));
#15500 = FILL_AREA_STYLE_COLOUR('',#14373);
#15501 = MECHANICAL_DESIGN_GEOMETRIC_PRESENTATION_REPRESENTATION('',(
    #15502,#15509,#15516,#15523,#15530,#15537,#15544,#15551,#15558,
    #15565,#15572,#15579,#15586,#15593,#15600,#15607,#15614,#15621,
    #15628,#15635,#15642,#15649,#15656,#15663,#15670,#15677,#15684,
    #15691,#15698,#15705,#15712,#15719,#15726,#15733,#15740,#15747,
    #15754,#15761,#15768,#15775,#15782,#15789,#15796,#15803,#15810,
    #15817,#15824,#15831,#15838,#15845,#15852,#15859,#15866,#15873,
    #15880,#15887,#15894,#15901,#15908,#15915,#15922,#15929,#15936,
    #15943,#15950,#15957,#15964,#15971,#15978,#15985,#15992,#15999,
    #16006,#16013,#16020,#16027,#16034,#16041,#16048,#16055,#16062,
    #16069,#16076,#16083,#16090,#16097,#16104,#16111,#16118,#16125,
    #16132,#16139,#16146,#16153,#16160,#16167,#16174,#16181,#16188,
    #16195),#9019);
#15502 = STYLED_ITEM('color',(#15503),#6241);
#15503 = PRESENTATION_STYLE_ASSIGNMENT((#15504));
#15504 = SURFACE_STYLE_USAGE(.BOTH.,#15505);
#15505 = SURFACE_SIDE_STYLE('',(#15506));
#15506 = SURFACE_STYLE_FILL_AREA(#15507);
#15507 = FILL_AREA_STYLE('',(#15508));
#15508 = FILL_AREA_STYLE_COLOUR('',#13966);
#15509 = STYLED_ITEM('color',(#15510),#6281);
#15510 = PRESENTATION_STYLE_ASSIGNMENT((#15511));
#15511 = SURFACE_STYLE_USAGE(.BOTH.,#15512);
#15512 = SURFACE_SIDE_STYLE('',(#15513));
#15513 = SURFACE_STYLE_FILL_AREA(#15514);
#15514 = FILL_AREA_STYLE('',(#15515));
#15515 = FILL_AREA_STYLE_COLOUR('',#13966);
#15516 = STYLED_ITEM('color',(#15517),#6312);
#15517 = PRESENTATION_STYLE_ASSIGNMENT((#15518));
#15518 = SURFACE_STYLE_USAGE(.BOTH.,#15519);
#15519 = SURFACE_SIDE_STYLE('',(#15520));
#15520 = SURFACE_STYLE_FILL_AREA(#15521);
#15521 = FILL_AREA_STYLE('',(#15522));
#15522 = FILL_AREA_STYLE_COLOUR('',#13966);
#15523 = STYLED_ITEM('color',(#15524),#6343);
#15524 = PRESENTATION_STYLE_ASSIGNMENT((#15525));
#15525 = SURFACE_STYLE_USAGE(.BOTH.,#15526);
#15526 = SURFACE_SIDE_STYLE('',(#15527));
#15527 = SURFACE_STYLE_FILL_AREA(#15528);
#15528 = FILL_AREA_STYLE('',(#15529));
#15529 = FILL_AREA_STYLE_COLOUR('',#13966);
#15530 = STYLED_ITEM('color',(#15531),#6672);
#15531 = PRESENTATION_STYLE_ASSIGNMENT((#15532));
#15532 = SURFACE_STYLE_USAGE(.BOTH.,#15533);
#15533 = SURFACE_SIDE_STYLE('',(#15534));
#15534 = SURFACE_STYLE_FILL_AREA(#15535);
#15535 = FILL_AREA_STYLE('',(#15536));
#15536 = FILL_AREA_STYLE_COLOUR('',#13966);
#15537 = STYLED_ITEM('color',(#15538),#7001);
#15538 = PRESENTATION_STYLE_ASSIGNMENT((#15539));
#15539 = SURFACE_STYLE_USAGE(.BOTH.,#15540);
#15540 = SURFACE_SIDE_STYLE('',(#15541));
#15541 = SURFACE_STYLE_FILL_AREA(#15542);
#15542 = FILL_AREA_STYLE('',(#15543));
#15543 = FILL_AREA_STYLE_COLOUR('',#13966);
#15544 = STYLED_ITEM('color',(#15545),#7018);
#15545 = PRESENTATION_STYLE_ASSIGNMENT((#15546));
#15546 = SURFACE_STYLE_USAGE(.BOTH.,#15547);
#15547 = SURFACE_SIDE_STYLE('',(#15548));
#15548 = SURFACE_STYLE_FILL_AREA(#15549);
#15549 = FILL_AREA_STYLE('',(#15550));
#15550 = FILL_AREA_STYLE_COLOUR('',#13966);
#15551 = STYLED_ITEM('color',(#15552),#7035);
#15552 = PRESENTATION_STYLE_ASSIGNMENT((#15553));
#15553 = SURFACE_STYLE_USAGE(.BOTH.,#15554);
#15554 = SURFACE_SIDE_STYLE('',(#15555));
#15555 = SURFACE_STYLE_FILL_AREA(#15556);
#15556 = FILL_AREA_STYLE('',(#15557));
#15557 = FILL_AREA_STYLE_COLOUR('',#13966);
#15558 = STYLED_ITEM('color',(#15559),#7052);
#15559 = PRESENTATION_STYLE_ASSIGNMENT((#15560));
#15560 = SURFACE_STYLE_USAGE(.BOTH.,#15561);
#15561 = SURFACE_SIDE_STYLE('',(#15562));
#15562 = SURFACE_STYLE_FILL_AREA(#15563);
#15563 = FILL_AREA_STYLE('',(#15564));
#15564 = FILL_AREA_STYLE_COLOUR('',#13966);
#15565 = STYLED_ITEM('color',(#15566),#7069);
#15566 = PRESENTATION_STYLE_ASSIGNMENT((#15567));
#15567 = SURFACE_STYLE_USAGE(.BOTH.,#15568);
#15568 = SURFACE_SIDE_STYLE('',(#15569));
#15569 = SURFACE_STYLE_FILL_AREA(#15570);
#15570 = FILL_AREA_STYLE('',(#15571));
#15571 = FILL_AREA_STYLE_COLOUR('',#13966);
#15572 = STYLED_ITEM('color',(#15573),#7086);
#15573 = PRESENTATION_STYLE_ASSIGNMENT((#15574));
#15574 = SURFACE_STYLE_USAGE(.BOTH.,#15575);
#15575 = SURFACE_SIDE_STYLE('',(#15576));
#15576 = SURFACE_STYLE_FILL_AREA(#15577);
#15577 = FILL_AREA_STYLE('',(#15578));
#15578 = FILL_AREA_STYLE_COLOUR('',#13966);
#15579 = STYLED_ITEM('color',(#15580),#7103);
#15580 = PRESENTATION_STYLE_ASSIGNMENT((#15581));
#15581 = SURFACE_STYLE_USAGE(.BOTH.,#15582);
#15582 = SURFACE_SIDE_STYLE('',(#15583));
#15583 = SURFACE_STYLE_FILL_AREA(#15584);
#15584 = FILL_AREA_STYLE('',(#15585));
#15585 = FILL_AREA_STYLE_COLOUR('',#13966);
#15586 = STYLED_ITEM('color',(#15587),#7120);
#15587 = PRESENTATION_STYLE_ASSIGNMENT((#15588));
#15588 = SURFACE_STYLE_USAGE(.BOTH.,#15589);
#15589 = SURFACE_SIDE_STYLE('',(#15590));
#15590 = SURFACE_STYLE_FILL_AREA(#15591);
#15591 = FILL_AREA_STYLE('',(#15592));
#15592 = FILL_AREA_STYLE_COLOUR('',#13966);
#15593 = STYLED_ITEM('color',(#15594),#7137);
#15594 = PRESENTATION_STYLE_ASSIGNMENT((#15595));
#15595 = SURFACE_STYLE_USAGE(.BOTH.,#15596);
#15596 = SURFACE_SIDE_STYLE('',(#15597));
#15597 = SURFACE_STYLE_FILL_AREA(#15598);
#15598 = FILL_AREA_STYLE('',(#15599));
#15599 = FILL_AREA_STYLE_COLOUR('',#13966);
#15600 = STYLED_ITEM('color',(#15601),#7154);
#15601 = PRESENTATION_STYLE_ASSIGNMENT((#15602));
#15602 = SURFACE_STYLE_USAGE(.BOTH.,#15603);
#15603 = SURFACE_SIDE_STYLE('',(#15604));
#15604 = SURFACE_STYLE_FILL_AREA(#15605);
#15605 = FILL_AREA_STYLE('',(#15606));
#15606 = FILL_AREA_STYLE_COLOUR('',#13966);
#15607 = STYLED_ITEM('color',(#15608),#7171);
#15608 = PRESENTATION_STYLE_ASSIGNMENT((#15609));
#15609 = SURFACE_STYLE_USAGE(.BOTH.,#15610);
#15610 = SURFACE_SIDE_STYLE('',(#15611));
#15611 = SURFACE_STYLE_FILL_AREA(#15612);
#15612 = FILL_AREA_STYLE('',(#15613));
#15613 = FILL_AREA_STYLE_COLOUR('',#13966);
#15614 = STYLED_ITEM('color',(#15615),#7188);
#15615 = PRESENTATION_STYLE_ASSIGNMENT((#15616));
#15616 = SURFACE_STYLE_USAGE(.BOTH.,#15617);
#15617 = SURFACE_SIDE_STYLE('',(#15618));
#15618 = SURFACE_STYLE_FILL_AREA(#15619);
#15619 = FILL_AREA_STYLE('',(#15620));
#15620 = FILL_AREA_STYLE_COLOUR('',#13966);
#15621 = STYLED_ITEM('color',(#15622),#7205);
#15622 = PRESENTATION_STYLE_ASSIGNMENT((#15623));
#15623 = SURFACE_STYLE_USAGE(.BOTH.,#15624);
#15624 = SURFACE_SIDE_STYLE('',(#15625));
#15625 = SURFACE_STYLE_FILL_AREA(#15626);
#15626 = FILL_AREA_STYLE('',(#15627));
#15627 = FILL_AREA_STYLE_COLOUR('',#13966);
#15628 = STYLED_ITEM('color',(#15629),#7222);
#15629 = PRESENTATION_STYLE_ASSIGNMENT((#15630));
#15630 = SURFACE_STYLE_USAGE(.BOTH.,#15631);
#15631 = SURFACE_SIDE_STYLE('',(#15632));
#15632 = SURFACE_STYLE_FILL_AREA(#15633);
#15633 = FILL_AREA_STYLE('',(#15634));
#15634 = FILL_AREA_STYLE_COLOUR('',#13966);
#15635 = STYLED_ITEM('color',(#15636),#7239);
#15636 = PRESENTATION_STYLE_ASSIGNMENT((#15637));
#15637 = SURFACE_STYLE_USAGE(.BOTH.,#15638);
#15638 = SURFACE_SIDE_STYLE('',(#15639));
#15639 = SURFACE_STYLE_FILL_AREA(#15640);
#15640 = FILL_AREA_STYLE('',(#15641));
#15641 = FILL_AREA_STYLE_COLOUR('',#13966);
#15642 = STYLED_ITEM('color',(#15643),#7256);
#15643 = PRESENTATION_STYLE_ASSIGNMENT((#15644));
#15644 = SURFACE_STYLE_USAGE(.BOTH.,#15645);
#15645 = SURFACE_SIDE_STYLE('',(#15646));
#15646 = SURFACE_STYLE_FILL_AREA(#15647);
#15647 = FILL_AREA_STYLE('',(#15648));
#15648 = FILL_AREA_STYLE_COLOUR('',#13966);
#15649 = STYLED_ITEM('color',(#15650),#7273);
#15650 = PRESENTATION_STYLE_ASSIGNMENT((#15651));
#15651 = SURFACE_STYLE_USAGE(.BOTH.,#15652);
#15652 = SURFACE_SIDE_STYLE('',(#15653));
#15653 = SURFACE_STYLE_FILL_AREA(#15654);
#15654 = FILL_AREA_STYLE('',(#15655));
#15655 = FILL_AREA_STYLE_COLOUR('',#13966);
#15656 = STYLED_ITEM('color',(#15657),#7290);
#15657 = PRESENTATION_STYLE_ASSIGNMENT((#15658));
#15658 = SURFACE_STYLE_USAGE(.BOTH.,#15659);
#15659 = SURFACE_SIDE_STYLE('',(#15660));
#15660 = SURFACE_STYLE_FILL_AREA(#15661);
#15661 = FILL_AREA_STYLE('',(#15662));
#15662 = FILL_AREA_STYLE_COLOUR('',#13966);
#15663 = STYLED_ITEM('color',(#15664),#7307);
#15664 = PRESENTATION_STYLE_ASSIGNMENT((#15665));
#15665 = SURFACE_STYLE_USAGE(.BOTH.,#15666);
#15666 = SURFACE_SIDE_STYLE('',(#15667));
#15667 = SURFACE_STYLE_FILL_AREA(#15668);
#15668 = FILL_AREA_STYLE('',(#15669));
#15669 = FILL_AREA_STYLE_COLOUR('',#13966);
#15670 = STYLED_ITEM('color',(#15671),#7324);
#15671 = PRESENTATION_STYLE_ASSIGNMENT((#15672));
#15672 = SURFACE_STYLE_USAGE(.BOTH.,#15673);
#15673 = SURFACE_SIDE_STYLE('',(#15674));
#15674 = SURFACE_STYLE_FILL_AREA(#15675);
#15675 = FILL_AREA_STYLE('',(#15676));
#15676 = FILL_AREA_STYLE_COLOUR('',#13966);
#15677 = STYLED_ITEM('color',(#15678),#7341);
#15678 = PRESENTATION_STYLE_ASSIGNMENT((#15679));
#15679 = SURFACE_STYLE_USAGE(.BOTH.,#15680);
#15680 = SURFACE_SIDE_STYLE('',(#15681));
#15681 = SURFACE_STYLE_FILL_AREA(#15682);
#15682 = FILL_AREA_STYLE('',(#15683));
#15683 = FILL_AREA_STYLE_COLOUR('',#13966);
#15684 = STYLED_ITEM('color',(#15685),#7358);
#15685 = PRESENTATION_STYLE_ASSIGNMENT((#15686));
#15686 = SURFACE_STYLE_USAGE(.BOTH.,#15687);
#15687 = SURFACE_SIDE_STYLE('',(#15688));
#15688 = SURFACE_STYLE_FILL_AREA(#15689);
#15689 = FILL_AREA_STYLE('',(#15690));
#15690 = FILL_AREA_STYLE_COLOUR('',#13966);
#15691 = STYLED_ITEM('color',(#15692),#7375);
#15692 = PRESENTATION_STYLE_ASSIGNMENT((#15693));
#15693 = SURFACE_STYLE_USAGE(.BOTH.,#15694);
#15694 = SURFACE_SIDE_STYLE('',(#15695));
#15695 = SURFACE_STYLE_FILL_AREA(#15696);
#15696 = FILL_AREA_STYLE('',(#15697));
#15697 = FILL_AREA_STYLE_COLOUR('',#13966);
#15698 = STYLED_ITEM('color',(#15699),#7387);
#15699 = PRESENTATION_STYLE_ASSIGNMENT((#15700));
#15700 = SURFACE_STYLE_USAGE(.BOTH.,#15701);
#15701 = SURFACE_SIDE_STYLE('',(#15702));
#15702 = SURFACE_STYLE_FILL_AREA(#15703);
#15703 = FILL_AREA_STYLE('',(#15704));
#15704 = FILL_AREA_STYLE_COLOUR('',#14373);
#15705 = STYLED_ITEM('color',(#15706),#7418);
#15706 = PRESENTATION_STYLE_ASSIGNMENT((#15707));
#15707 = SURFACE_STYLE_USAGE(.BOTH.,#15708);
#15708 = SURFACE_SIDE_STYLE('',(#15709));
#15709 = SURFACE_STYLE_FILL_AREA(#15710);
#15710 = FILL_AREA_STYLE('',(#15711));
#15711 = FILL_AREA_STYLE_COLOUR('',#14373);
#15712 = STYLED_ITEM('color',(#15713),#7442);
#15713 = PRESENTATION_STYLE_ASSIGNMENT((#15714));
#15714 = SURFACE_STYLE_USAGE(.BOTH.,#15715);
#15715 = SURFACE_SIDE_STYLE('',(#15716));
#15716 = SURFACE_STYLE_FILL_AREA(#15717);
#15717 = FILL_AREA_STYLE('',(#15718));
#15718 = FILL_AREA_STYLE_COLOUR('',#14373);
#15719 = STYLED_ITEM('color',(#15720),#7466);
#15720 = PRESENTATION_STYLE_ASSIGNMENT((#15721));
#15721 = SURFACE_STYLE_USAGE(.BOTH.,#15722);
#15722 = SURFACE_SIDE_STYLE('',(#15723));
#15723 = SURFACE_STYLE_FILL_AREA(#15724);
#15724 = FILL_AREA_STYLE('',(#15725));
#15725 = FILL_AREA_STYLE_COLOUR('',#14373);
#15726 = STYLED_ITEM('color',(#15727),#7483);
#15727 = PRESENTATION_STYLE_ASSIGNMENT((#15728));
#15728 = SURFACE_STYLE_USAGE(.BOTH.,#15729);
#15729 = SURFACE_SIDE_STYLE('',(#15730));
#15730 = SURFACE_STYLE_FILL_AREA(#15731);
#15731 = FILL_AREA_STYLE('',(#15732));
#15732 = FILL_AREA_STYLE_COLOUR('',#14373);
#15733 = STYLED_ITEM('color',(#15734),#7514);
#15734 = PRESENTATION_STYLE_ASSIGNMENT((#15735));
#15735 = SURFACE_STYLE_USAGE(.BOTH.,#15736);
#15736 = SURFACE_SIDE_STYLE('',(#15737));
#15737 = SURFACE_STYLE_FILL_AREA(#15738);
#15738 = FILL_AREA_STYLE('',(#15739));
#15739 = FILL_AREA_STYLE_COLOUR('',#14373);
#15740 = STYLED_ITEM('color',(#15741),#7538);
#15741 = PRESENTATION_STYLE_ASSIGNMENT((#15742));
#15742 = SURFACE_STYLE_USAGE(.BOTH.,#15743);
#15743 = SURFACE_SIDE_STYLE('',(#15744));
#15744 = SURFACE_STYLE_FILL_AREA(#15745);
#15745 = FILL_AREA_STYLE('',(#15746));
#15746 = FILL_AREA_STYLE_COLOUR('',#14373);
#15747 = STYLED_ITEM('color',(#15748),#7562);
#15748 = PRESENTATION_STYLE_ASSIGNMENT((#15749));
#15749 = SURFACE_STYLE_USAGE(.BOTH.,#15750);
#15750 = SURFACE_SIDE_STYLE('',(#15751));
#15751 = SURFACE_STYLE_FILL_AREA(#15752);
#15752 = FILL_AREA_STYLE('',(#15753));
#15753 = FILL_AREA_STYLE_COLOUR('',#14373);
#15754 = STYLED_ITEM('color',(#15755),#7579);
#15755 = PRESENTATION_STYLE_ASSIGNMENT((#15756));
#15756 = SURFACE_STYLE_USAGE(.BOTH.,#15757);
#15757 = SURFACE_SIDE_STYLE('',(#15758));
#15758 = SURFACE_STYLE_FILL_AREA(#15759);
#15759 = FILL_AREA_STYLE('',(#15760));
#15760 = FILL_AREA_STYLE_COLOUR('',#14373);
#15761 = STYLED_ITEM('color',(#15762),#7610);
#15762 = PRESENTATION_STYLE_ASSIGNMENT((#15763));
#15763 = SURFACE_STYLE_USAGE(.BOTH.,#15764);
#15764 = SURFACE_SIDE_STYLE('',(#15765));
#15765 = SURFACE_STYLE_FILL_AREA(#15766);
#15766 = FILL_AREA_STYLE('',(#15767));
#15767 = FILL_AREA_STYLE_COLOUR('',#14373);
#15768 = STYLED_ITEM('color',(#15769),#7634);
#15769 = PRESENTATION_STYLE_ASSIGNMENT((#15770));
#15770 = SURFACE_STYLE_USAGE(.BOTH.,#15771);
#15771 = SURFACE_SIDE_STYLE('',(#15772));
#15772 = SURFACE_STYLE_FILL_AREA(#15773);
#15773 = FILL_AREA_STYLE('',(#15774));
#15774 = FILL_AREA_STYLE_COLOUR('',#14373);
#15775 = STYLED_ITEM('color',(#15776),#7658);
#15776 = PRESENTATION_STYLE_ASSIGNMENT((#15777));
#15777 = SURFACE_STYLE_USAGE(.BOTH.,#15778);
#15778 = SURFACE_SIDE_STYLE('',(#15779));
#15779 = SURFACE_STYLE_FILL_AREA(#15780);
#15780 = FILL_AREA_STYLE('',(#15781));
#15781 = FILL_AREA_STYLE_COLOUR('',#14373);
#15782 = STYLED_ITEM('color',(#15783),#7675);
#15783 = PRESENTATION_STYLE_ASSIGNMENT((#15784));
#15784 = SURFACE_STYLE_USAGE(.BOTH.,#15785);
#15785 = SURFACE_SIDE_STYLE('',(#15786));
#15786 = SURFACE_STYLE_FILL_AREA(#15787);
#15787 = FILL_AREA_STYLE('',(#15788));
#15788 = FILL_AREA_STYLE_COLOUR('',#14373);
#15789 = STYLED_ITEM('color',(#15790),#7706);
#15790 = PRESENTATION_STYLE_ASSIGNMENT((#15791));
#15791 = SURFACE_STYLE_USAGE(.BOTH.,#15792);
#15792 = SURFACE_SIDE_STYLE('',(#15793));
#15793 = SURFACE_STYLE_FILL_AREA(#15794);
#15794 = FILL_AREA_STYLE('',(#15795));
#15795 = FILL_AREA_STYLE_COLOUR('',#14373);
#15796 = STYLED_ITEM('color',(#15797),#7730);
#15797 = PRESENTATION_STYLE_ASSIGNMENT((#15798));
#15798 = SURFACE_STYLE_USAGE(.BOTH.,#15799);
#15799 = SURFACE_SIDE_STYLE('',(#15800));
#15800 = SURFACE_STYLE_FILL_AREA(#15801);
#15801 = FILL_AREA_STYLE('',(#15802));
#15802 = FILL_AREA_STYLE_COLOUR('',#14373);
#15803 = STYLED_ITEM('color',(#15804),#7754);
#15804 = PRESENTATION_STYLE_ASSIGNMENT((#15805));
#15805 = SURFACE_STYLE_USAGE(.BOTH.,#15806);
#15806 = SURFACE_SIDE_STYLE('',(#15807));
#15807 = SURFACE_STYLE_FILL_AREA(#15808);
#15808 = FILL_AREA_STYLE('',(#15809));
#15809 = FILL_AREA_STYLE_COLOUR('',#14373);
#15810 = STYLED_ITEM('color',(#15811),#7771);
#15811 = PRESENTATION_STYLE_ASSIGNMENT((#15812));
#15812 = SURFACE_STYLE_USAGE(.BOTH.,#15813);
#15813 = SURFACE_SIDE_STYLE('',(#15814));
#15814 = SURFACE_STYLE_FILL_AREA(#15815);
#15815 = FILL_AREA_STYLE('',(#15816));
#15816 = FILL_AREA_STYLE_COLOUR('',#14373);
#15817 = STYLED_ITEM('color',(#15818),#7802);
#15818 = PRESENTATION_STYLE_ASSIGNMENT((#15819));
#15819 = SURFACE_STYLE_USAGE(.BOTH.,#15820);
#15820 = SURFACE_SIDE_STYLE('',(#15821));
#15821 = SURFACE_STYLE_FILL_AREA(#15822);
#15822 = FILL_AREA_STYLE('',(#15823));
#15823 = FILL_AREA_STYLE_COLOUR('',#14373);
#15824 = STYLED_ITEM('color',(#15825),#7826);
#15825 = PRESENTATION_STYLE_ASSIGNMENT((#15826));
#15826 = SURFACE_STYLE_USAGE(.BOTH.,#15827);
#15827 = SURFACE_SIDE_STYLE('',(#15828));
#15828 = SURFACE_STYLE_FILL_AREA(#15829);
#15829 = FILL_AREA_STYLE('',(#15830));
#15830 = FILL_AREA_STYLE_COLOUR('',#14373);
#15831 = STYLED_ITEM('color',(#15832),#7850);
#15832 = PRESENTATION_STYLE_ASSIGNMENT((#15833));
#15833 = SURFACE_STYLE_USAGE(.BOTH.,#15834);
#15834 = SURFACE_SIDE_STYLE('',(#15835));
#15835 = SURFACE_STYLE_FILL_AREA(#15836);
#15836 = FILL_AREA_STYLE('',(#15837));
#15837 = FILL_AREA_STYLE_COLOUR('',#14373);
#15838 = STYLED_ITEM('color',(#15839),#7867);
#15839 = PRESENTATION_STYLE_ASSIGNMENT((#15840));
#15840 = SURFACE_STYLE_USAGE(.BOTH.,#15841);
#15841 = SURFACE_SIDE_STYLE('',(#15842));
#15842 = SURFACE_STYLE_FILL_AREA(#15843);
#15843 = FILL_AREA_STYLE('',(#15844));
#15844 = FILL_AREA_STYLE_COLOUR('',#14373);
#15845 = STYLED_ITEM('color',(#15846),#7898);
#15846 = PRESENTATION_STYLE_ASSIGNMENT((#15847));
#15847 = SURFACE_STYLE_USAGE(.BOTH.,#15848);
#15848 = SURFACE_SIDE_STYLE('',(#15849));
#15849 = SURFACE_STYLE_FILL_AREA(#15850);
#15850 = FILL_AREA_STYLE('',(#15851));
#15851 = FILL_AREA_STYLE_COLOUR('',#14373);
#15852 = STYLED_ITEM('color',(#15853),#7922);
#15853 = PRESENTATION_STYLE_ASSIGNMENT((#15854));
#15854 = SURFACE_STYLE_USAGE(.BOTH.,#15855);
#15855 = SURFACE_SIDE_STYLE('',(#15856));
#15856 = SURFACE_STYLE_FILL_AREA(#15857);
#15857 = FILL_AREA_STYLE('',(#15858));
#15858 = FILL_AREA_STYLE_COLOUR('',#14373);
#15859 = STYLED_ITEM('color',(#15860),#7946);
#15860 = PRESENTATION_STYLE_ASSIGNMENT((#15861));
#15861 = SURFACE_STYLE_USAGE(.BOTH.,#15862);
#15862 = SURFACE_SIDE_STYLE('',(#15863));
#15863 = SURFACE_STYLE_FILL_AREA(#15864);
#15864 = FILL_AREA_STYLE('',(#15865));
#15865 = FILL_AREA_STYLE_COLOUR('',#14373);
#15866 = STYLED_ITEM('color',(#15867),#7963);
#15867 = PRESENTATION_STYLE_ASSIGNMENT((#15868));
#15868 = SURFACE_STYLE_USAGE(.BOTH.,#15869);
#15869 = SURFACE_SIDE_STYLE('',(#15870));
#15870 = SURFACE_STYLE_FILL_AREA(#15871);
#15871 = FILL_AREA_STYLE('',(#15872));
#15872 = FILL_AREA_STYLE_COLOUR('',#14373);
#15873 = STYLED_ITEM('color',(#15874),#7994);
#15874 = PRESENTATION_STYLE_ASSIGNMENT((#15875));
#15875 = SURFACE_STYLE_USAGE(.BOTH.,#15876);
#15876 = SURFACE_SIDE_STYLE('',(#15877));
#15877 = SURFACE_STYLE_FILL_AREA(#15878);
#15878 = FILL_AREA_STYLE('',(#15879));
#15879 = FILL_AREA_STYLE_COLOUR('',#14373);
#15880 = STYLED_ITEM('color',(#15881),#8018);
#15881 = PRESENTATION_STYLE_ASSIGNMENT((#15882));
#15882 = SURFACE_STYLE_USAGE(.BOTH.,#15883);
#15883 = SURFACE_SIDE_STYLE('',(#15884));
#15884 = SURFACE_STYLE_FILL_AREA(#15885);
#15885 = FILL_AREA_STYLE('',(#15886));
#15886 = FILL_AREA_STYLE_COLOUR('',#14373);
#15887 = STYLED_ITEM('color',(#15888),#8042);
#15888 = PRESENTATION_STYLE_ASSIGNMENT((#15889));
#15889 = SURFACE_STYLE_USAGE(.BOTH.,#15890);
#15890 = SURFACE_SIDE_STYLE('',(#15891));
#15891 = SURFACE_STYLE_FILL_AREA(#15892);
#15892 = FILL_AREA_STYLE('',(#15893));
#15893 = FILL_AREA_STYLE_COLOUR('',#14373);
#15894 = STYLED_ITEM('color',(#15895),#8059);
#15895 = PRESENTATION_STYLE_ASSIGNMENT((#15896));
#15896 = SURFACE_STYLE_USAGE(.BOTH.,#15897);
#15897 = SURFACE_SIDE_STYLE('',(#15898));
#15898 = SURFACE_STYLE_FILL_AREA(#15899);
#15899 = FILL_AREA_STYLE('',(#15900));
#15900 = FILL_AREA_STYLE_COLOUR('',#14373);
#15901 = STYLED_ITEM('color',(#15902),#8090);
#15902 = PRESENTATION_STYLE_ASSIGNMENT((#15903));
#15903 = SURFACE_STYLE_USAGE(.BOTH.,#15904);
#15904 = SURFACE_SIDE_STYLE('',(#15905));
#15905 = SURFACE_STYLE_FILL_AREA(#15906);
#15906 = FILL_AREA_STYLE('',(#15907));
#15907 = FILL_AREA_STYLE_COLOUR('',#14373);
#15908 = STYLED_ITEM('color',(#15909),#8114);
#15909 = PRESENTATION_STYLE_ASSIGNMENT((#15910));
#15910 = SURFACE_STYLE_USAGE(.BOTH.,#15911);
#15911 = SURFACE_SIDE_STYLE('',(#15912));
#15912 = SURFACE_STYLE_FILL_AREA(#15913);
#15913 = FILL_AREA_STYLE('',(#15914));
#15914 = FILL_AREA_STYLE_COLOUR('',#14373);
#15915 = STYLED_ITEM('color',(#15916),#8138);
#15916 = PRESENTATION_STYLE_ASSIGNMENT((#15917));
#15917 = SURFACE_STYLE_USAGE(.BOTH.,#15918);
#15918 = SURFACE_SIDE_STYLE('',(#15919));
#15919 = SURFACE_STYLE_FILL_AREA(#15920);
#15920 = FILL_AREA_STYLE('',(#15921));
#15921 = FILL_AREA_STYLE_COLOUR('',#14373);
#15922 = STYLED_ITEM('color',(#15923),#8155);
#15923 = PRESENTATION_STYLE_ASSIGNMENT((#15924));
#15924 = SURFACE_STYLE_USAGE(.BOTH.,#15925);
#15925 = SURFACE_SIDE_STYLE('',(#15926));
#15926 = SURFACE_STYLE_FILL_AREA(#15927);
#15927 = FILL_AREA_STYLE('',(#15928));
#15928 = FILL_AREA_STYLE_COLOUR('',#14373);
#15929 = STYLED_ITEM('color',(#15930),#8186);
#15930 = PRESENTATION_STYLE_ASSIGNMENT((#15931));
#15931 = SURFACE_STYLE_USAGE(.BOTH.,#15932);
#15932 = SURFACE_SIDE_STYLE('',(#15933));
#15933 = SURFACE_STYLE_FILL_AREA(#15934);
#15934 = FILL_AREA_STYLE('',(#15935));
#15935 = FILL_AREA_STYLE_COLOUR('',#14373);
#15936 = STYLED_ITEM('color',(#15937),#8210);
#15937 = PRESENTATION_STYLE_ASSIGNMENT((#15938));
#15938 = SURFACE_STYLE_USAGE(.BOTH.,#15939);
#15939 = SURFACE_SIDE_STYLE('',(#15940));
#15940 = SURFACE_STYLE_FILL_AREA(#15941);
#15941 = FILL_AREA_STYLE('',(#15942));
#15942 = FILL_AREA_STYLE_COLOUR('',#14373);
#15943 = STYLED_ITEM('color',(#15944),#8234);
#15944 = PRESENTATION_STYLE_ASSIGNMENT((#15945));
#15945 = SURFACE_STYLE_USAGE(.BOTH.,#15946);
#15946 = SURFACE_SIDE_STYLE('',(#15947));
#15947 = SURFACE_STYLE_FILL_AREA(#15948);
#15948 = FILL_AREA_STYLE('',(#15949));
#15949 = FILL_AREA_STYLE_COLOUR('',#14373);
#15950 = STYLED_ITEM('color',(#15951),#8251);
#15951 = PRESENTATION_STYLE_ASSIGNMENT((#15952));
#15952 = SURFACE_STYLE_USAGE(.BOTH.,#15953);
#15953 = SURFACE_SIDE_STYLE('',(#15954));
#15954 = SURFACE_STYLE_FILL_AREA(#15955);
#15955 = FILL_AREA_STYLE('',(#15956));
#15956 = FILL_AREA_STYLE_COLOUR('',#14373);
#15957 = STYLED_ITEM('color',(#15958),#8282);
#15958 = PRESENTATION_STYLE_ASSIGNMENT((#15959));
#15959 = SURFACE_STYLE_USAGE(.BOTH.,#15960);
#15960 = SURFACE_SIDE_STYLE('',(#15961));
#15961 = SURFACE_STYLE_FILL_AREA(#15962);
#15962 = FILL_AREA_STYLE('',(#15963));
#15963 = FILL_AREA_STYLE_COLOUR('',#14373);
#15964 = STYLED_ITEM('color',(#15965),#8306);
#15965 = PRESENTATION_STYLE_ASSIGNMENT((#15966));
#15966 = SURFACE_STYLE_USAGE(.BOTH.,#15967);
#15967 = SURFACE_SIDE_STYLE('',(#15968));
#15968 = SURFACE_STYLE_FILL_AREA(#15969);
#15969 = FILL_AREA_STYLE('',(#15970));
#15970 = FILL_AREA_STYLE_COLOUR('',#14373);
#15971 = STYLED_ITEM('color',(#15972),#8330);
#15972 = PRESENTATION_STYLE_ASSIGNMENT((#15973));
#15973 = SURFACE_STYLE_USAGE(.BOTH.,#15974);
#15974 = SURFACE_SIDE_STYLE('',(#15975));
#15975 = SURFACE_STYLE_FILL_AREA(#15976);
#15976 = FILL_AREA_STYLE('',(#15977));
#15977 = FILL_AREA_STYLE_COLOUR('',#14373);
#15978 = STYLED_ITEM('color',(#15979),#8347);
#15979 = PRESENTATION_STYLE_ASSIGNMENT((#15980));
#15980 = SURFACE_STYLE_USAGE(.BOTH.,#15981);
#15981 = SURFACE_SIDE_STYLE('',(#15982));
#15982 = SURFACE_STYLE_FILL_AREA(#15983);
#15983 = FILL_AREA_STYLE('',(#15984));
#15984 = FILL_AREA_STYLE_COLOUR('',#14373);
#15985 = STYLED_ITEM('color',(#15986),#8378);
#15986 = PRESENTATION_STYLE_ASSIGNMENT((#15987));
#15987 = SURFACE_STYLE_USAGE(.BOTH.,#15988);
#15988 = SURFACE_SIDE_STYLE('',(#15989));
#15989 = SURFACE_STYLE_FILL_AREA(#15990);
#15990 = FILL_AREA_STYLE('',(#15991));
#15991 = FILL_AREA_STYLE_COLOUR('',#14373);
#15992 = STYLED_ITEM('color',(#15993),#8402);
#15993 = PRESENTATION_STYLE_ASSIGNMENT((#15994));
#15994 = SURFACE_STYLE_USAGE(.BOTH.,#15995);
#15995 = SURFACE_SIDE_STYLE('',(#15996));
#15996 = SURFACE_STYLE_FILL_AREA(#15997);
#15997 = FILL_AREA_STYLE('',(#15998));
#15998 = FILL_AREA_STYLE_COLOUR('',#14373);
#15999 = STYLED_ITEM('color',(#16000),#8426);
#16000 = PRESENTATION_STYLE_ASSIGNMENT((#16001));
#16001 = SURFACE_STYLE_USAGE(.BOTH.,#16002);
#16002 = SURFACE_SIDE_STYLE('',(#16003));
#16003 = SURFACE_STYLE_FILL_AREA(#16004);
#16004 = FILL_AREA_STYLE('',(#16005));
#16005 = FILL_AREA_STYLE_COLOUR('',#14373);
#16006 = STYLED_ITEM('color',(#16007),#8443);
#16007 = PRESENTATION_STYLE_ASSIGNMENT((#16008));
#16008 = SURFACE_STYLE_USAGE(.BOTH.,#16009);
#16009 = SURFACE_SIDE_STYLE('',(#16010));
#16010 = SURFACE_STYLE_FILL_AREA(#16011);
#16011 = FILL_AREA_STYLE('',(#16012));
#16012 = FILL_AREA_STYLE_COLOUR('',#14373);
#16013 = STYLED_ITEM('color',(#16014),#8474);
#16014 = PRESENTATION_STYLE_ASSIGNMENT((#16015));
#16015 = SURFACE_STYLE_USAGE(.BOTH.,#16016);
#16016 = SURFACE_SIDE_STYLE('',(#16017));
#16017 = SURFACE_STYLE_FILL_AREA(#16018);
#16018 = FILL_AREA_STYLE('',(#16019));
#16019 = FILL_AREA_STYLE_COLOUR('',#14373);
#16020 = STYLED_ITEM('color',(#16021),#8498);
#16021 = PRESENTATION_STYLE_ASSIGNMENT((#16022));
#16022 = SURFACE_STYLE_USAGE(.BOTH.,#16023);
#16023 = SURFACE_SIDE_STYLE('',(#16024));
#16024 = SURFACE_STYLE_FILL_AREA(#16025);
#16025 = FILL_AREA_STYLE('',(#16026));
#16026 = FILL_AREA_STYLE_COLOUR('',#14373);
#16027 = STYLED_ITEM('color',(#16028),#8522);
#16028 = PRESENTATION_STYLE_ASSIGNMENT((#16029));
#16029 = SURFACE_STYLE_USAGE(.BOTH.,#16030);
#16030 = SURFACE_SIDE_STYLE('',(#16031));
#16031 = SURFACE_STYLE_FILL_AREA(#16032);
#16032 = FILL_AREA_STYLE('',(#16033));
#16033 = FILL_AREA_STYLE_COLOUR('',#14373);
#16034 = STYLED_ITEM('color',(#16035),#8539);
#16035 = PRESENTATION_STYLE_ASSIGNMENT((#16036));
#16036 = SURFACE_STYLE_USAGE(.BOTH.,#16037);
#16037 = SURFACE_SIDE_STYLE('',(#16038));
#16038 = SURFACE_STYLE_FILL_AREA(#16039);
#16039 = FILL_AREA_STYLE('',(#16040));
#16040 = FILL_AREA_STYLE_COLOUR('',#14373);
#16041 = STYLED_ITEM('color',(#16042),#8570);
#16042 = PRESENTATION_STYLE_ASSIGNMENT((#16043));
#16043 = SURFACE_STYLE_USAGE(.BOTH.,#16044);
#16044 = SURFACE_SIDE_STYLE('',(#16045));
#16045 = SURFACE_STYLE_FILL_AREA(#16046);
#16046 = FILL_AREA_STYLE('',(#16047));
#16047 = FILL_AREA_STYLE_COLOUR('',#14373);
#16048 = STYLED_ITEM('color',(#16049),#8594);
#16049 = PRESENTATION_STYLE_ASSIGNMENT((#16050));
#16050 = SURFACE_STYLE_USAGE(.BOTH.,#16051);
#16051 = SURFACE_SIDE_STYLE('',(#16052));
#16052 = SURFACE_STYLE_FILL_AREA(#16053);
#16053 = FILL_AREA_STYLE('',(#16054));
#16054 = FILL_AREA_STYLE_COLOUR('',#14373);
#16055 = STYLED_ITEM('color',(#16056),#8618);
#16056 = PRESENTATION_STYLE_ASSIGNMENT((#16057));
#16057 = SURFACE_STYLE_USAGE(.BOTH.,#16058);
#16058 = SURFACE_SIDE_STYLE('',(#16059));
#16059 = SURFACE_STYLE_FILL_AREA(#16060);
#16060 = FILL_AREA_STYLE('',(#16061));
#16061 = FILL_AREA_STYLE_COLOUR('',#14373);
#16062 = STYLED_ITEM('color',(#16063),#8635);
#16063 = PRESENTATION_STYLE_ASSIGNMENT((#16064));
#16064 = SURFACE_STYLE_USAGE(.BOTH.,#16065);
#16065 = SURFACE_SIDE_STYLE('',(#16066));
#16066 = SURFACE_STYLE_FILL_AREA(#16067);
#16067 = FILL_AREA_STYLE('',(#16068));
#16068 = FILL_AREA_STYLE_COLOUR('',#14373);
#16069 = STYLED_ITEM('color',(#16070),#8666);
#16070 = PRESENTATION_STYLE_ASSIGNMENT((#16071));
#16071 = SURFACE_STYLE_USAGE(.BOTH.,#16072);
#16072 = SURFACE_SIDE_STYLE('',(#16073));
#16073 = SURFACE_STYLE_FILL_AREA(#16074);
#16074 = FILL_AREA_STYLE('',(#16075));
#16075 = FILL_AREA_STYLE_COLOUR('',#14373);
#16076 = STYLED_ITEM('color',(#16077),#8690);
#16077 = PRESENTATION_STYLE_ASSIGNMENT((#16078));
#16078 = SURFACE_STYLE_USAGE(.BOTH.,#16079);
#16079 = SURFACE_SIDE_STYLE('',(#16080));
#16080 = SURFACE_STYLE_FILL_AREA(#16081);
#16081 = FILL_AREA_STYLE('',(#16082));
#16082 = FILL_AREA_STYLE_COLOUR('',#14373);
#16083 = STYLED_ITEM('color',(#16084),#8714);
#16084 = PRESENTATION_STYLE_ASSIGNMENT((#16085));
#16085 = SURFACE_STYLE_USAGE(.BOTH.,#16086);
#16086 = SURFACE_SIDE_STYLE('',(#16087));
#16087 = SURFACE_STYLE_FILL_AREA(#16088);
#16088 = FILL_AREA_STYLE('',(#16089));
#16089 = FILL_AREA_STYLE_COLOUR('',#14373);
#16090 = STYLED_ITEM('color',(#16091),#8731);
#16091 = PRESENTATION_STYLE_ASSIGNMENT((#16092));
#16092 = SURFACE_STYLE_USAGE(.BOTH.,#16093);
#16093 = SURFACE_SIDE_STYLE('',(#16094));
#16094 = SURFACE_STYLE_FILL_AREA(#16095);
#16095 = FILL_AREA_STYLE('',(#16096));
#16096 = FILL_AREA_STYLE_COLOUR('',#14373);
#16097 = STYLED_ITEM('color',(#16098),#8762);
#16098 = PRESENTATION_STYLE_ASSIGNMENT((#16099));
#16099 = SURFACE_STYLE_USAGE(.BOTH.,#16100);
#16100 = SURFACE_SIDE_STYLE('',(#16101));
#16101 = SURFACE_STYLE_FILL_AREA(#16102);
#16102 = FILL_AREA_STYLE('',(#16103));
#16103 = FILL_AREA_STYLE_COLOUR('',#14373);
#16104 = STYLED_ITEM('color',(#16105),#8786);
#16105 = PRESENTATION_STYLE_ASSIGNMENT((#16106));
#16106 = SURFACE_STYLE_USAGE(.BOTH.,#16107);
#16107 = SURFACE_SIDE_STYLE('',(#16108));
#16108 = SURFACE_STYLE_FILL_AREA(#16109);
#16109 = FILL_AREA_STYLE('',(#16110));
#16110 = FILL_AREA_STYLE_COLOUR('',#14373);
#16111 = STYLED_ITEM('color',(#16112),#8810);
#16112 = PRESENTATION_STYLE_ASSIGNMENT((#16113));
#16113 = SURFACE_STYLE_USAGE(.BOTH.,#16114);
#16114 = SURFACE_SIDE_STYLE('',(#16115));
#16115 = SURFACE_STYLE_FILL_AREA(#16116);
#16116 = FILL_AREA_STYLE('',(#16117));
#16117 = FILL_AREA_STYLE_COLOUR('',#14373);
#16118 = STYLED_ITEM('color',(#16119),#8827);
#16119 = PRESENTATION_STYLE_ASSIGNMENT((#16120));
#16120 = SURFACE_STYLE_USAGE(.BOTH.,#16121);
#16121 = SURFACE_SIDE_STYLE('',(#16122));
#16122 = SURFACE_STYLE_FILL_AREA(#16123);
#16123 = FILL_AREA_STYLE('',(#16124));
#16124 = FILL_AREA_STYLE_COLOUR('',#14373);
#16125 = STYLED_ITEM('color',(#16126),#8858);
#16126 = PRESENTATION_STYLE_ASSIGNMENT((#16127));
#16127 = SURFACE_STYLE_USAGE(.BOTH.,#16128);
#16128 = SURFACE_SIDE_STYLE('',(#16129));
#16129 = SURFACE_STYLE_FILL_AREA(#16130);
#16130 = FILL_AREA_STYLE('',(#16131));
#16131 = FILL_AREA_STYLE_COLOUR('',#14373);
#16132 = STYLED_ITEM('color',(#16133),#8882);
#16133 = PRESENTATION_STYLE_ASSIGNMENT((#16134));
#16134 = SURFACE_STYLE_USAGE(.BOTH.,#16135);
#16135 = SURFACE_SIDE_STYLE('',(#16136));
#16136 = SURFACE_STYLE_FILL_AREA(#16137);
#16137 = FILL_AREA_STYLE('',(#16138));
#16138 = FILL_AREA_STYLE_COLOUR('',#14373);
#16139 = STYLED_ITEM('color',(#16140),#8906);
#16140 = PRESENTATION_STYLE_ASSIGNMENT((#16141));
#16141 = SURFACE_STYLE_USAGE(.BOTH.,#16142);
#16142 = SURFACE_SIDE_STYLE('',(#16143));
#16143 = SURFACE_STYLE_FILL_AREA(#16144);
#16144 = FILL_AREA_STYLE('',(#16145));
#16145 = FILL_AREA_STYLE_COLOUR('',#14373);
#16146 = STYLED_ITEM('color',(#16147),#8923);
#16147 = PRESENTATION_STYLE_ASSIGNMENT((#16148));
#16148 = SURFACE_STYLE_USAGE(.BOTH.,#16149);
#16149 = SURFACE_SIDE_STYLE('',(#16150));
#16150 = SURFACE_STYLE_FILL_AREA(#16151);
#16151 = FILL_AREA_STYLE('',(#16152));
#16152 = FILL_AREA_STYLE_COLOUR('',#14373);
#16153 = STYLED_ITEM('color',(#16154),#8935);
#16154 = PRESENTATION_STYLE_ASSIGNMENT((#16155));
#16155 = SURFACE_STYLE_USAGE(.BOTH.,#16156);
#16156 = SURFACE_SIDE_STYLE('',(#16157));
#16157 = SURFACE_STYLE_FILL_AREA(#16158);
#16158 = FILL_AREA_STYLE('',(#16159));
#16159 = FILL_AREA_STYLE_COLOUR('',#14373);
#16160 = STYLED_ITEM('color',(#16161),#8947);
#16161 = PRESENTATION_STYLE_ASSIGNMENT((#16162));
#16162 = SURFACE_STYLE_USAGE(.BOTH.,#16163);
#16163 = SURFACE_SIDE_STYLE('',(#16164));
#16164 = SURFACE_STYLE_FILL_AREA(#16165);
#16165 = FILL_AREA_STYLE('',(#16166));
#16166 = FILL_AREA_STYLE_COLOUR('',#14373);
#16167 = STYLED_ITEM('color',(#16168),#8959);
#16168 = PRESENTATION_STYLE_ASSIGNMENT((#16169));
#16169 = SURFACE_STYLE_USAGE(.BOTH.,#16170);
#16170 = SURFACE_SIDE_STYLE('',(#16171));
#16171 = SURFACE_STYLE_FILL_AREA(#16172);
#16172 = FILL_AREA_STYLE('',(#16173));
#16173 = FILL_AREA_STYLE_COLOUR('',#14373);
#16174 = STYLED_ITEM('color',(#16175),#8971);
#16175 = PRESENTATION_STYLE_ASSIGNMENT((#16176));
#16176 = SURFACE_STYLE_USAGE(.BOTH.,#16177);
#16177 = SURFACE_SIDE_STYLE('',(#16178));
#16178 = SURFACE_STYLE_FILL_AREA(#16179);
#16179 = FILL_AREA_STYLE('',(#16180));
#16180 = FILL_AREA_STYLE_COLOUR('',#14373);
#16181 = STYLED_ITEM('color',(#16182),#8983);
#16182 = PRESENTATION_STYLE_ASSIGNMENT((#16183));
#16183 = SURFACE_STYLE_USAGE(.BOTH.,#16184);
#16184 = SURFACE_SIDE_STYLE('',(#16185));
#16185 = SURFACE_STYLE_FILL_AREA(#16186);
#16186 = FILL_AREA_STYLE('',(#16187));
#16187 = FILL_AREA_STYLE_COLOUR('',#14373);
#16188 = STYLED_ITEM('color',(#16189),#8995);
#16189 = PRESENTATION_STYLE_ASSIGNMENT((#16190));
#16190 = SURFACE_STYLE_USAGE(.BOTH.,#16191);
#16191 = SURFACE_SIDE_STYLE('',(#16192));
#16192 = SURFACE_STYLE_FILL_AREA(#16193);
#16193 = FILL_AREA_STYLE('',(#16194));
#16194 = FILL_AREA_STYLE_COLOUR('',#14373);
#16195 = STYLED_ITEM('color',(#16196),#9007);
#16196 = PRESENTATION_STYLE_ASSIGNMENT((#16197));
#16197 = SURFACE_STYLE_USAGE(.BOTH.,#16198);
#16198 = SURFACE_SIDE_STYLE('',(#16199));
#16199 = SURFACE_STYLE_FILL_AREA(#16200);
#16200 = FILL_AREA_STYLE('',(#16201));
#16201 = FILL_AREA_STYLE_COLOUR('',#14373);
#16202 = MECHANICAL_DESIGN_GEOMETRIC_PRESENTATION_REPRESENTATION('',(
    #16203),#13947);
#16203 = STYLED_ITEM('color',(#16204),#11005);
#16204 = PRESENTATION_STYLE_ASSIGNMENT((#16205));
#16205 = SURFACE_STYLE_USAGE(.BOTH.,#16206);
#16206 = SURFACE_SIDE_STYLE('',(#16207));
#16207 = SURFACE_STYLE_FILL_AREA(#16208);
#16208 = FILL_AREA_STYLE('',(#16209));
#16209 = FILL_AREA_STYLE_COLOUR('',#16210);
#16210 = COLOUR_RGB('',0.313304153717,0.484529207832,0.410020903123);
#16211 = MECHANICAL_DESIGN_GEOMETRIC_PRESENTATION_REPRESENTATION('',(
    #16212,#16220,#16227,#16234,#16241,#16249,#16256,#16263,#16270,
    #16277),#10976);
#16212 = STYLED_ITEM('color',(#16213),#10496);
#16213 = PRESENTATION_STYLE_ASSIGNMENT((#16214));
#16214 = SURFACE_STYLE_USAGE(.BOTH.,#16215);
#16215 = SURFACE_SIDE_STYLE('',(#16216));
#16216 = SURFACE_STYLE_FILL_AREA(#16217);
#16217 = FILL_AREA_STYLE('',(#16218));
#16218 = FILL_AREA_STYLE_COLOUR('',#16219);
#16219 = COLOUR_RGB('',0.823999987314,0.819999987296,0.781000009244);
#16220 = STYLED_ITEM('color',(#16221),#10513);
#16221 = PRESENTATION_STYLE_ASSIGNMENT((#16222));
#16222 = SURFACE_STYLE_USAGE(.BOTH.,#16223);
#16223 = SURFACE_SIDE_STYLE('',(#16224));
#16224 = SURFACE_STYLE_FILL_AREA(#16225);
#16225 = FILL_AREA_STYLE('',(#16226));
#16226 = FILL_AREA_STYLE_COLOUR('',#16219);
#16227 = STYLED_ITEM('color',(#16228),#10538);
#16228 = PRESENTATION_STYLE_ASSIGNMENT((#16229));
#16229 = SURFACE_STYLE_USAGE(.BOTH.,#16230);
#16230 = SURFACE_SIDE_STYLE('',(#16231));
#16231 = SURFACE_STYLE_FILL_AREA(#16232);
#16232 = FILL_AREA_STYLE('',(#16233));
#16233 = FILL_AREA_STYLE_COLOUR('',#16219);
#16234 = STYLED_ITEM('color',(#16235),#10568);
#16235 = PRESENTATION_STYLE_ASSIGNMENT((#16236));
#16236 = SURFACE_STYLE_USAGE(.BOTH.,#16237);
#16237 = SURFACE_SIDE_STYLE('',(#16238));
#16238 = SURFACE_STYLE_FILL_AREA(#16239);
#16239 = FILL_AREA_STYLE('',(#16240));
#16240 = FILL_AREA_STYLE_COLOUR('',#16219);
#16241 = STYLED_ITEM('color',(#16242),#10702);
#16242 = PRESENTATION_STYLE_ASSIGNMENT((#16243));
#16243 = SURFACE_STYLE_USAGE(.BOTH.,#16244);
#16244 = SURFACE_SIDE_STYLE('',(#16245));
#16245 = SURFACE_STYLE_FILL_AREA(#16246);
#16246 = FILL_AREA_STYLE('',(#16247));
#16247 = FILL_AREA_STYLE_COLOUR('',#16248);
#16248 = COLOUR_RGB('',0.809000013735,0.426000008053,0.147999998088);
#16249 = STYLED_ITEM('color',(#16250),#10803);
#16250 = PRESENTATION_STYLE_ASSIGNMENT((#16251));
#16251 = SURFACE_STYLE_USAGE(.BOTH.,#16252);
#16252 = SURFACE_SIDE_STYLE('',(#16253));
#16253 = SURFACE_STYLE_FILL_AREA(#16254);
#16254 = FILL_AREA_STYLE('',(#16255));
#16255 = FILL_AREA_STYLE_COLOUR('',#16248);
#16256 = STYLED_ITEM('color',(#16257),#10885);
#16257 = PRESENTATION_STYLE_ASSIGNMENT((#16258));
#16258 = SURFACE_STYLE_USAGE(.BOTH.,#16259);
#16259 = SURFACE_SIDE_STYLE('',(#16260));
#16260 = SURFACE_STYLE_FILL_AREA(#16261);
#16261 = FILL_AREA_STYLE('',(#16262));
#16262 = FILL_AREA_STYLE_COLOUR('',#16219);
#16263 = STYLED_ITEM('color',(#16264),#10912);
#16264 = PRESENTATION_STYLE_ASSIGNMENT((#16265));
#16265 = SURFACE_STYLE_USAGE(.BOTH.,#16266);
#16266 = SURFACE_SIDE_STYLE('',(#16267));
#16267 = SURFACE_STYLE_FILL_AREA(#16268);
#16268 = FILL_AREA_STYLE('',(#16269));
#16269 = FILL_AREA_STYLE_COLOUR('',#16219);
#16270 = STYLED_ITEM('color',(#16271),#10942);
#16271 = PRESENTATION_STYLE_ASSIGNMENT((#16272));
#16272 = SURFACE_STYLE_USAGE(.BOTH.,#16273);
#16273 = SURFACE_SIDE_STYLE('',(#16274));
#16274 = SURFACE_STYLE_FILL_AREA(#16275);
#16275 = FILL_AREA_STYLE('',(#16276));
#16276 = FILL_AREA_STYLE_COLOUR('',#16219);
#16277 = STYLED_ITEM('color',(#16278),#10967);
#16278 = PRESENTATION_STYLE_ASSIGNMENT((#16279));
#16279 = SURFACE_STYLE_USAGE(.BOTH.,#16280);
#16280 = SURFACE_SIDE_STYLE('',(#16281));
#16281 = SURFACE_STYLE_FILL_AREA(#16282);
#16282 = FILL_AREA_STYLE('',(#16283));
#16283 = FILL_AREA_STYLE_COLOUR('',#16219);
#16284 = MECHANICAL_DESIGN_GEOMETRIC_PRESENTATION_REPRESENTATION('',(
    #16285,#16292,#16299,#16306,#16313,#16320,#16327,#16334,#16341,
    #16348,#16355,#16362,#16369,#16376,#16383,#16390,#16397,#16404,
    #16411,#16418,#16425,#16432,#16439,#16446,#16453,#16460,#16467,
    #16474,#16481,#16488,#16495,#16502,#16509,#16516,#16523,#16530,
    #16537,#16544,#16551,#16558,#16565,#16572,#16579,#16586,#16593,
    #16600,#16607,#16614,#16621,#16628,#16635,#16642),#10470);
#16285 = STYLED_ITEM('color',(#16286),#9040);
#16286 = PRESENTATION_STYLE_ASSIGNMENT((#16287));
#16287 = SURFACE_STYLE_USAGE(.BOTH.,#16288);
#16288 = SURFACE_SIDE_STYLE('',(#16289));
#16289 = SURFACE_STYLE_FILL_AREA(#16290);
#16290 = FILL_AREA_STYLE('',(#16291));
#16291 = FILL_AREA_STYLE_COLOUR('',#13966);
#16292 = STYLED_ITEM('color',(#16293),#9080);
#16293 = PRESENTATION_STYLE_ASSIGNMENT((#16294));
#16294 = SURFACE_STYLE_USAGE(.BOTH.,#16295);
#16295 = SURFACE_SIDE_STYLE('',(#16296));
#16296 = SURFACE_STYLE_FILL_AREA(#16297);
#16297 = FILL_AREA_STYLE('',(#16298));
#16298 = FILL_AREA_STYLE_COLOUR('',#13966);
#16299 = STYLED_ITEM('color',(#16300),#9111);
#16300 = PRESENTATION_STYLE_ASSIGNMENT((#16301));
#16301 = SURFACE_STYLE_USAGE(.BOTH.,#16302);
#16302 = SURFACE_SIDE_STYLE('',(#16303));
#16303 = SURFACE_STYLE_FILL_AREA(#16304);
#16304 = FILL_AREA_STYLE('',(#16305));
#16305 = FILL_AREA_STYLE_COLOUR('',#13966);
#16306 = STYLED_ITEM('color',(#16307),#9142);
#16307 = PRESENTATION_STYLE_ASSIGNMENT((#16308));
#16308 = SURFACE_STYLE_USAGE(.BOTH.,#16309);
#16309 = SURFACE_SIDE_STYLE('',(#16310));
#16310 = SURFACE_STYLE_FILL_AREA(#16311);
#16311 = FILL_AREA_STYLE('',(#16312));
#16312 = FILL_AREA_STYLE_COLOUR('',#13966);
#16313 = STYLED_ITEM('color',(#16314),#9307);
#16314 = PRESENTATION_STYLE_ASSIGNMENT((#16315));
#16315 = SURFACE_STYLE_USAGE(.BOTH.,#16316);
#16316 = SURFACE_SIDE_STYLE('',(#16317));
#16317 = SURFACE_STYLE_FILL_AREA(#16318);
#16318 = FILL_AREA_STYLE('',(#16319));
#16319 = FILL_AREA_STYLE_COLOUR('',#13966);
#16320 = STYLED_ITEM('color',(#16321),#9472);
#16321 = PRESENTATION_STYLE_ASSIGNMENT((#16322));
#16322 = SURFACE_STYLE_USAGE(.BOTH.,#16323);
#16323 = SURFACE_SIDE_STYLE('',(#16324));
#16324 = SURFACE_STYLE_FILL_AREA(#16325);
#16325 = FILL_AREA_STYLE('',(#16326));
#16326 = FILL_AREA_STYLE_COLOUR('',#13966);
#16327 = STYLED_ITEM('color',(#16328),#9489);
#16328 = PRESENTATION_STYLE_ASSIGNMENT((#16329));
#16329 = SURFACE_STYLE_USAGE(.BOTH.,#16330);
#16330 = SURFACE_SIDE_STYLE('',(#16331));
#16331 = SURFACE_STYLE_FILL_AREA(#16332);
#16332 = FILL_AREA_STYLE('',(#16333));
#16333 = FILL_AREA_STYLE_COLOUR('',#13966);
#16334 = STYLED_ITEM('color',(#16335),#9506);
#16335 = PRESENTATION_STYLE_ASSIGNMENT((#16336));
#16336 = SURFACE_STYLE_USAGE(.BOTH.,#16337);
#16337 = SURFACE_SIDE_STYLE('',(#16338));
#16338 = SURFACE_STYLE_FILL_AREA(#16339);
#16339 = FILL_AREA_STYLE('',(#16340));
#16340 = FILL_AREA_STYLE_COLOUR('',#13966);
#16341 = STYLED_ITEM('color',(#16342),#9523);
#16342 = PRESENTATION_STYLE_ASSIGNMENT((#16343));
#16343 = SURFACE_STYLE_USAGE(.BOTH.,#16344);
#16344 = SURFACE_SIDE_STYLE('',(#16345));
#16345 = SURFACE_STYLE_FILL_AREA(#16346);
#16346 = FILL_AREA_STYLE('',(#16347));
#16347 = FILL_AREA_STYLE_COLOUR('',#13966);
#16348 = STYLED_ITEM('color',(#16349),#9540);
#16349 = PRESENTATION_STYLE_ASSIGNMENT((#16350));
#16350 = SURFACE_STYLE_USAGE(.BOTH.,#16351);
#16351 = SURFACE_SIDE_STYLE('',(#16352));
#16352 = SURFACE_STYLE_FILL_AREA(#16353);
#16353 = FILL_AREA_STYLE('',(#16354));
#16354 = FILL_AREA_STYLE_COLOUR('',#13966);
#16355 = STYLED_ITEM('color',(#16356),#9557);
#16356 = PRESENTATION_STYLE_ASSIGNMENT((#16357));
#16357 = SURFACE_STYLE_USAGE(.BOTH.,#16358);
#16358 = SURFACE_SIDE_STYLE('',(#16359));
#16359 = SURFACE_STYLE_FILL_AREA(#16360);
#16360 = FILL_AREA_STYLE('',(#16361));
#16361 = FILL_AREA_STYLE_COLOUR('',#13966);
#16362 = STYLED_ITEM('color',(#16363),#9574);
#16363 = PRESENTATION_STYLE_ASSIGNMENT((#16364));
#16364 = SURFACE_STYLE_USAGE(.BOTH.,#16365);
#16365 = SURFACE_SIDE_STYLE('',(#16366));
#16366 = SURFACE_STYLE_FILL_AREA(#16367);
#16367 = FILL_AREA_STYLE('',(#16368));
#16368 = FILL_AREA_STYLE_COLOUR('',#13966);
#16369 = STYLED_ITEM('color',(#16370),#9591);
#16370 = PRESENTATION_STYLE_ASSIGNMENT((#16371));
#16371 = SURFACE_STYLE_USAGE(.BOTH.,#16372);
#16372 = SURFACE_SIDE_STYLE('',(#16373));
#16373 = SURFACE_STYLE_FILL_AREA(#16374);
#16374 = FILL_AREA_STYLE('',(#16375));
#16375 = FILL_AREA_STYLE_COLOUR('',#13966);
#16376 = STYLED_ITEM('color',(#16377),#9608);
#16377 = PRESENTATION_STYLE_ASSIGNMENT((#16378));
#16378 = SURFACE_STYLE_USAGE(.BOTH.,#16379);
#16379 = SURFACE_SIDE_STYLE('',(#16380));
#16380 = SURFACE_STYLE_FILL_AREA(#16381);
#16381 = FILL_AREA_STYLE('',(#16382));
#16382 = FILL_AREA_STYLE_COLOUR('',#13966);
#16383 = STYLED_ITEM('color',(#16384),#9625);
#16384 = PRESENTATION_STYLE_ASSIGNMENT((#16385));
#16385 = SURFACE_STYLE_USAGE(.BOTH.,#16386);
#16386 = SURFACE_SIDE_STYLE('',(#16387));
#16387 = SURFACE_STYLE_FILL_AREA(#16388);
#16388 = FILL_AREA_STYLE('',(#16389));
#16389 = FILL_AREA_STYLE_COLOUR('',#13966);
#16390 = STYLED_ITEM('color',(#16391),#9642);
#16391 = PRESENTATION_STYLE_ASSIGNMENT((#16392));
#16392 = SURFACE_STYLE_USAGE(.BOTH.,#16393);
#16393 = SURFACE_SIDE_STYLE('',(#16394));
#16394 = SURFACE_STYLE_FILL_AREA(#16395);
#16395 = FILL_AREA_STYLE('',(#16396));
#16396 = FILL_AREA_STYLE_COLOUR('',#13966);
#16397 = STYLED_ITEM('color',(#16398),#9654);
#16398 = PRESENTATION_STYLE_ASSIGNMENT((#16399));
#16399 = SURFACE_STYLE_USAGE(.BOTH.,#16400);
#16400 = SURFACE_SIDE_STYLE('',(#16401));
#16401 = SURFACE_STYLE_FILL_AREA(#16402);
#16402 = FILL_AREA_STYLE('',(#16403));
#16403 = FILL_AREA_STYLE_COLOUR('',#14373);
#16404 = STYLED_ITEM('color',(#16405),#9685);
#16405 = PRESENTATION_STYLE_ASSIGNMENT((#16406));
#16406 = SURFACE_STYLE_USAGE(.BOTH.,#16407);
#16407 = SURFACE_SIDE_STYLE('',(#16408));
#16408 = SURFACE_STYLE_FILL_AREA(#16409);
#16409 = FILL_AREA_STYLE('',(#16410));
#16410 = FILL_AREA_STYLE_COLOUR('',#14373);
#16411 = STYLED_ITEM('color',(#16412),#9709);
#16412 = PRESENTATION_STYLE_ASSIGNMENT((#16413));
#16413 = SURFACE_STYLE_USAGE(.BOTH.,#16414);
#16414 = SURFACE_SIDE_STYLE('',(#16415));
#16415 = SURFACE_STYLE_FILL_AREA(#16416);
#16416 = FILL_AREA_STYLE('',(#16417));
#16417 = FILL_AREA_STYLE_COLOUR('',#14373);
#16418 = STYLED_ITEM('color',(#16419),#9733);
#16419 = PRESENTATION_STYLE_ASSIGNMENT((#16420));
#16420 = SURFACE_STYLE_USAGE(.BOTH.,#16421);
#16421 = SURFACE_SIDE_STYLE('',(#16422));
#16422 = SURFACE_STYLE_FILL_AREA(#16423);
#16423 = FILL_AREA_STYLE('',(#16424));
#16424 = FILL_AREA_STYLE_COLOUR('',#14373);
#16425 = STYLED_ITEM('color',(#16426),#9750);
#16426 = PRESENTATION_STYLE_ASSIGNMENT((#16427));
#16427 = SURFACE_STYLE_USAGE(.BOTH.,#16428);
#16428 = SURFACE_SIDE_STYLE('',(#16429));
#16429 = SURFACE_STYLE_FILL_AREA(#16430);
#16430 = FILL_AREA_STYLE('',(#16431));
#16431 = FILL_AREA_STYLE_COLOUR('',#14373);
#16432 = STYLED_ITEM('color',(#16433),#9781);
#16433 = PRESENTATION_STYLE_ASSIGNMENT((#16434));
#16434 = SURFACE_STYLE_USAGE(.BOTH.,#16435);
#16435 = SURFACE_SIDE_STYLE('',(#16436));
#16436 = SURFACE_STYLE_FILL_AREA(#16437);
#16437 = FILL_AREA_STYLE('',(#16438));
#16438 = FILL_AREA_STYLE_COLOUR('',#14373);
#16439 = STYLED_ITEM('color',(#16440),#9805);
#16440 = PRESENTATION_STYLE_ASSIGNMENT((#16441));
#16441 = SURFACE_STYLE_USAGE(.BOTH.,#16442);
#16442 = SURFACE_SIDE_STYLE('',(#16443));
#16443 = SURFACE_STYLE_FILL_AREA(#16444);
#16444 = FILL_AREA_STYLE('',(#16445));
#16445 = FILL_AREA_STYLE_COLOUR('',#14373);
#16446 = STYLED_ITEM('color',(#16447),#9829);
#16447 = PRESENTATION_STYLE_ASSIGNMENT((#16448));
#16448 = SURFACE_STYLE_USAGE(.BOTH.,#16449);
#16449 = SURFACE_SIDE_STYLE('',(#16450));
#16450 = SURFACE_STYLE_FILL_AREA(#16451);
#16451 = FILL_AREA_STYLE('',(#16452));
#16452 = FILL_AREA_STYLE_COLOUR('',#14373);
#16453 = STYLED_ITEM('color',(#16454),#9846);
#16454 = PRESENTATION_STYLE_ASSIGNMENT((#16455));
#16455 = SURFACE_STYLE_USAGE(.BOTH.,#16456);
#16456 = SURFACE_SIDE_STYLE('',(#16457));
#16457 = SURFACE_STYLE_FILL_AREA(#16458);
#16458 = FILL_AREA_STYLE('',(#16459));
#16459 = FILL_AREA_STYLE_COLOUR('',#14373);
#16460 = STYLED_ITEM('color',(#16461),#9877);
#16461 = PRESENTATION_STYLE_ASSIGNMENT((#16462));
#16462 = SURFACE_STYLE_USAGE(.BOTH.,#16463);
#16463 = SURFACE_SIDE_STYLE('',(#16464));
#16464 = SURFACE_STYLE_FILL_AREA(#16465);
#16465 = FILL_AREA_STYLE('',(#16466));
#16466 = FILL_AREA_STYLE_COLOUR('',#14373);
#16467 = STYLED_ITEM('color',(#16468),#9901);
#16468 = PRESENTATION_STYLE_ASSIGNMENT((#16469));
#16469 = SURFACE_STYLE_USAGE(.BOTH.,#16470);
#16470 = SURFACE_SIDE_STYLE('',(#16471));
#16471 = SURFACE_STYLE_FILL_AREA(#16472);
#16472 = FILL_AREA_STYLE('',(#16473));
#16473 = FILL_AREA_STYLE_COLOUR('',#14373);
#16474 = STYLED_ITEM('color',(#16475),#9925);
#16475 = PRESENTATION_STYLE_ASSIGNMENT((#16476));
#16476 = SURFACE_STYLE_USAGE(.BOTH.,#16477);
#16477 = SURFACE_SIDE_STYLE('',(#16478));
#16478 = SURFACE_STYLE_FILL_AREA(#16479);
#16479 = FILL_AREA_STYLE('',(#16480));
#16480 = FILL_AREA_STYLE_COLOUR('',#14373);
#16481 = STYLED_ITEM('color',(#16482),#9942);
#16482 = PRESENTATION_STYLE_ASSIGNMENT((#16483));
#16483 = SURFACE_STYLE_USAGE(.BOTH.,#16484);
#16484 = SURFACE_SIDE_STYLE('',(#16485));
#16485 = SURFACE_STYLE_FILL_AREA(#16486);
#16486 = FILL_AREA_STYLE('',(#16487));
#16487 = FILL_AREA_STYLE_COLOUR('',#14373);
#16488 = STYLED_ITEM('color',(#16489),#9973);
#16489 = PRESENTATION_STYLE_ASSIGNMENT((#16490));
#16490 = SURFACE_STYLE_USAGE(.BOTH.,#16491);
#16491 = SURFACE_SIDE_STYLE('',(#16492));
#16492 = SURFACE_STYLE_FILL_AREA(#16493);
#16493 = FILL_AREA_STYLE('',(#16494));
#16494 = FILL_AREA_STYLE_COLOUR('',#14373);
#16495 = STYLED_ITEM('color',(#16496),#9997);
#16496 = PRESENTATION_STYLE_ASSIGNMENT((#16497));
#16497 = SURFACE_STYLE_USAGE(.BOTH.,#16498);
#16498 = SURFACE_SIDE_STYLE('',(#16499));
#16499 = SURFACE_STYLE_FILL_AREA(#16500);
#16500 = FILL_AREA_STYLE('',(#16501));
#16501 = FILL_AREA_STYLE_COLOUR('',#14373);
#16502 = STYLED_ITEM('color',(#16503),#10021);
#16503 = PRESENTATION_STYLE_ASSIGNMENT((#16504));
#16504 = SURFACE_STYLE_USAGE(.BOTH.,#16505);
#16505 = SURFACE_SIDE_STYLE('',(#16506));
#16506 = SURFACE_STYLE_FILL_AREA(#16507);
#16507 = FILL_AREA_STYLE('',(#16508));
#16508 = FILL_AREA_STYLE_COLOUR('',#14373);
#16509 = STYLED_ITEM('color',(#16510),#10038);
#16510 = PRESENTATION_STYLE_ASSIGNMENT((#16511));
#16511 = SURFACE_STYLE_USAGE(.BOTH.,#16512);
#16512 = SURFACE_SIDE_STYLE('',(#16513));
#16513 = SURFACE_STYLE_FILL_AREA(#16514);
#16514 = FILL_AREA_STYLE('',(#16515));
#16515 = FILL_AREA_STYLE_COLOUR('',#14373);
#16516 = STYLED_ITEM('color',(#16517),#10069);
#16517 = PRESENTATION_STYLE_ASSIGNMENT((#16518));
#16518 = SURFACE_STYLE_USAGE(.BOTH.,#16519);
#16519 = SURFACE_SIDE_STYLE('',(#16520));
#16520 = SURFACE_STYLE_FILL_AREA(#16521);
#16521 = FILL_AREA_STYLE('',(#16522));
#16522 = FILL_AREA_STYLE_COLOUR('',#14373);
#16523 = STYLED_ITEM('color',(#16524),#10093);
#16524 = PRESENTATION_STYLE_ASSIGNMENT((#16525));
#16525 = SURFACE_STYLE_USAGE(.BOTH.,#16526);
#16526 = SURFACE_SIDE_STYLE('',(#16527));
#16527 = SURFACE_STYLE_FILL_AREA(#16528);
#16528 = FILL_AREA_STYLE('',(#16529));
#16529 = FILL_AREA_STYLE_COLOUR('',#14373);
#16530 = STYLED_ITEM('color',(#16531),#10117);
#16531 = PRESENTATION_STYLE_ASSIGNMENT((#16532));
#16532 = SURFACE_STYLE_USAGE(.BOTH.,#16533);
#16533 = SURFACE_SIDE_STYLE('',(#16534));
#16534 = SURFACE_STYLE_FILL_AREA(#16535);
#16535 = FILL_AREA_STYLE('',(#16536));
#16536 = FILL_AREA_STYLE_COLOUR('',#14373);
#16537 = STYLED_ITEM('color',(#16538),#10134);
#16538 = PRESENTATION_STYLE_ASSIGNMENT((#16539));
#16539 = SURFACE_STYLE_USAGE(.BOTH.,#16540);
#16540 = SURFACE_SIDE_STYLE('',(#16541));
#16541 = SURFACE_STYLE_FILL_AREA(#16542);
#16542 = FILL_AREA_STYLE('',(#16543));
#16543 = FILL_AREA_STYLE_COLOUR('',#14373);
#16544 = STYLED_ITEM('color',(#16545),#10165);
#16545 = PRESENTATION_STYLE_ASSIGNMENT((#16546));
#16546 = SURFACE_STYLE_USAGE(.BOTH.,#16547);
#16547 = SURFACE_SIDE_STYLE('',(#16548));
#16548 = SURFACE_STYLE_FILL_AREA(#16549);
#16549 = FILL_AREA_STYLE('',(#16550));
#16550 = FILL_AREA_STYLE_COLOUR('',#14373);
#16551 = STYLED_ITEM('color',(#16552),#10189);
#16552 = PRESENTATION_STYLE_ASSIGNMENT((#16553));
#16553 = SURFACE_STYLE_USAGE(.BOTH.,#16554);
#16554 = SURFACE_SIDE_STYLE('',(#16555));
#16555 = SURFACE_STYLE_FILL_AREA(#16556);
#16556 = FILL_AREA_STYLE('',(#16557));
#16557 = FILL_AREA_STYLE_COLOUR('',#14373);
#16558 = STYLED_ITEM('color',(#16559),#10213);
#16559 = PRESENTATION_STYLE_ASSIGNMENT((#16560));
#16560 = SURFACE_STYLE_USAGE(.BOTH.,#16561);
#16561 = SURFACE_SIDE_STYLE('',(#16562));
#16562 = SURFACE_STYLE_FILL_AREA(#16563);
#16563 = FILL_AREA_STYLE('',(#16564));
#16564 = FILL_AREA_STYLE_COLOUR('',#14373);
#16565 = STYLED_ITEM('color',(#16566),#10230);
#16566 = PRESENTATION_STYLE_ASSIGNMENT((#16567));
#16567 = SURFACE_STYLE_USAGE(.BOTH.,#16568);
#16568 = SURFACE_SIDE_STYLE('',(#16569));
#16569 = SURFACE_STYLE_FILL_AREA(#16570);
#16570 = FILL_AREA_STYLE('',(#16571));
#16571 = FILL_AREA_STYLE_COLOUR('',#14373);
#16572 = STYLED_ITEM('color',(#16573),#10261);
#16573 = PRESENTATION_STYLE_ASSIGNMENT((#16574));
#16574 = SURFACE_STYLE_USAGE(.BOTH.,#16575);
#16575 = SURFACE_SIDE_STYLE('',(#16576));
#16576 = SURFACE_STYLE_FILL_AREA(#16577);
#16577 = FILL_AREA_STYLE('',(#16578));
#16578 = FILL_AREA_STYLE_COLOUR('',#14373);
#16579 = STYLED_ITEM('color',(#16580),#10285);
#16580 = PRESENTATION_STYLE_ASSIGNMENT((#16581));
#16581 = SURFACE_STYLE_USAGE(.BOTH.,#16582);
#16582 = SURFACE_SIDE_STYLE('',(#16583));
#16583 = SURFACE_STYLE_FILL_AREA(#16584);
#16584 = FILL_AREA_STYLE('',(#16585));
#16585 = FILL_AREA_STYLE_COLOUR('',#14373);
#16586 = STYLED_ITEM('color',(#16587),#10309);
#16587 = PRESENTATION_STYLE_ASSIGNMENT((#16588));
#16588 = SURFACE_STYLE_USAGE(.BOTH.,#16589);
#16589 = SURFACE_SIDE_STYLE('',(#16590));
#16590 = SURFACE_STYLE_FILL_AREA(#16591);
#16591 = FILL_AREA_STYLE('',(#16592));
#16592 = FILL_AREA_STYLE_COLOUR('',#14373);
#16593 = STYLED_ITEM('color',(#16594),#10326);
#16594 = PRESENTATION_STYLE_ASSIGNMENT((#16595));
#16595 = SURFACE_STYLE_USAGE(.BOTH.,#16596);
#16596 = SURFACE_SIDE_STYLE('',(#16597));
#16597 = SURFACE_STYLE_FILL_AREA(#16598);
#16598 = FILL_AREA_STYLE('',(#16599));
#16599 = FILL_AREA_STYLE_COLOUR('',#14373);
#16600 = STYLED_ITEM('color',(#16601),#10357);
#16601 = PRESENTATION_STYLE_ASSIGNMENT((#16602));
#16602 = SURFACE_STYLE_USAGE(.BOTH.,#16603);
#16603 = SURFACE_SIDE_STYLE('',(#16604));
#16604 = SURFACE_STYLE_FILL_AREA(#16605);
#16605 = FILL_AREA_STYLE('',(#16606));
#16606 = FILL_AREA_STYLE_COLOUR('',#14373);
#16607 = STYLED_ITEM('color',(#16608),#10381);
#16608 = PRESENTATION_STYLE_ASSIGNMENT((#16609));
#16609 = SURFACE_STYLE_USAGE(.BOTH.,#16610);
#16610 = SURFACE_SIDE_STYLE('',(#16611));
#16611 = SURFACE_STYLE_FILL_AREA(#16612);
#16612 = FILL_AREA_STYLE('',(#16613));
#16613 = FILL_AREA_STYLE_COLOUR('',#14373);
#16614 = STYLED_ITEM('color',(#16615),#10405);
#16615 = PRESENTATION_STYLE_ASSIGNMENT((#16616));
#16616 = SURFACE_STYLE_USAGE(.BOTH.,#16617);
#16617 = SURFACE_SIDE_STYLE('',(#16618));
#16618 = SURFACE_STYLE_FILL_AREA(#16619);
#16619 = FILL_AREA_STYLE('',(#16620));
#16620 = FILL_AREA_STYLE_COLOUR('',#14373);
#16621 = STYLED_ITEM('color',(#16622),#10422);
#16622 = PRESENTATION_STYLE_ASSIGNMENT((#16623));
#16623 = SURFACE_STYLE_USAGE(.BOTH.,#16624);
#16624 = SURFACE_SIDE_STYLE('',(#16625));
#16625 = SURFACE_STYLE_FILL_AREA(#16626);
#16626 = FILL_AREA_STYLE('',(#16627));
#16627 = FILL_AREA_STYLE_COLOUR('',#14373);
#16628 = STYLED_ITEM('color',(#16629),#10434);
#16629 = PRESENTATION_STYLE_ASSIGNMENT((#16630));
#16630 = SURFACE_STYLE_USAGE(.BOTH.,#16631);
#16631 = SURFACE_SIDE_STYLE('',(#16632));
#16632 = SURFACE_STYLE_FILL_AREA(#16633);
#16633 = FILL_AREA_STYLE('',(#16634));
#16634 = FILL_AREA_STYLE_COLOUR('',#14373);
#16635 = STYLED_ITEM('color',(#16636),#10446);
#16636 = PRESENTATION_STYLE_ASSIGNMENT((#16637));
#16637 = SURFACE_STYLE_USAGE(.BOTH.,#16638);
#16638 = SURFACE_SIDE_STYLE('',(#16639));
#16639 = SURFACE_STYLE_FILL_AREA(#16640);
#16640 = FILL_AREA_STYLE('',(#16641));
#16641 = FILL_AREA_STYLE_COLOUR('',#14373);
#16642 = STYLED_ITEM('color',(#16643),#10458);
#16643 = PRESENTATION_STYLE_ASSIGNMENT((#16644));
#16644 = SURFACE_STYLE_USAGE(.BOTH.,#16645);
#16645 = SURFACE_SIDE_STYLE('',(#16646));
#16646 = SURFACE_STYLE_FILL_AREA(#16647);
#16647 = FILL_AREA_STYLE('',(#16648));
#16648 = FILL_AREA_STYLE_COLOUR('',#14373);
ENDSEC;
END-ISO-10303-21;
