ISO-10303-21;
HEADER;
FILE_DESCRIPTION (( 'STEP AP214' ),
    '1' );
FILE_NAME ('Top cover.STEP',
    '2026-06-11T14:50:12',
    ( '' ),
    ( '' ),
    'SwSTEP 2.0',
    'SolidWorks 2025',
    '' );
FILE_SCHEMA (( 'AUTOMOTIVE_DESIGN' ));
ENDSEC;

DATA;
#1 = CARTESIAN_POINT ( 'NONE',  ( -27.00000000000000000, 85.00000000000000000, 10.00000000000000000 ) ) ;
#2 = FACE_OUTER_BOUND ( 'NONE', #1292, .T. ) ;
#3 = ORIENTED_EDGE ( 'NONE', *, *, #1259, .T. ) ;
#4 = CARTESIAN_POINT ( 'NONE',  ( 112.1212692998233535, 51.08187337763378366, 10.00000000000000000 ) ) ;
#5 = ORIENTED_EDGE ( 'NONE', *, *, #1259, .F. ) ;
#6 = ORIENTED_EDGE ( 'NONE', *, *, #1426, .T. ) ;
#7 = DIRECTION ( 'NONE',  ( -0.000000000000000000, -0.000000000000000000, -1.000000000000000000 ) ) ;
#8 = CARTESIAN_POINT ( 'NONE',  ( -2.371872045036271479E-15, 13.67291143449067903, 14.00000000000000000 ) ) ;
#9 = LINE ( 'NONE', #878, #426 ) ;
#10 = DIRECTION ( 'NONE',  ( 1.000000000000000000, 0.000000000000000000, 0.000000000000000000 ) ) ;
#11 = EDGE_CURVE ( 'NONE', #351, #2623, #562, .T. ) ;
#12 = ORIENTED_EDGE ( 'NONE', *, *, #2767, .F. ) ;
#13 = FACE_BOUND ( 'NONE', #938, .T. ) ;
#14 = CARTESIAN_POINT ( 'NONE',  ( 83.70708661417303631, 0.000000000000000000, 4.000000000000000000 ) ) ;
#15 = VERTEX_POINT ( 'NONE', #2719 ) ;
#16 = VECTOR ( 'NONE', #99, 1000.000000000000000 ) ;
#17 = CARTESIAN_POINT ( 'NONE',  ( -3.711986186712983542E-15, 24.07291143449041115, 4.000000000000000000 ) ) ;
#19 = EDGE_LOOP ( 'NONE', ( #1533, #2422, #817, #343 ) ) ;
#18 = VECTOR ( 'NONE', #1387, 1000.000000000000000 ) ;
#20 = ORIENTED_EDGE ( 'NONE', *, *, #665, .T. ) ;
#21 = CARTESIAN_POINT ( 'NONE',  ( 31.83500000000060481, 62.10000000000022169, 10.00000000000000000 ) ) ;
#22 = VECTOR ( 'NONE', #2544, 1000.000000000000000 ) ;
#23 = CARTESIAN_POINT ( 'NONE',  ( -3.005408422130129891E-16, 2.100000000000218137, 4.000000000000000000 ) ) ;
#24 = ADVANCED_FACE ( 'NONE', ( #316 ), #2090, .T. ) ;
#25 = DIRECTION ( 'NONE',  ( 0.000000000000000000, -1.000000000000000000, 0.000000000000000000 ) ) ;
#26 = DIRECTION ( 'NONE',  ( -1.000000000000000000, 0.000000000000000000, 0.000000000000000000 ) ) ;
#27 = ORIENTED_EDGE ( 'NONE', *, *, #866, .F. ) ;
#28 = CARTESIAN_POINT ( 'NONE',  ( -44.99999999999999289, -40.00000000000001421, 10.00000000000000000 ) ) ;
#29 = PRODUCT_CONTEXT ( 'NONE', #775, 'mechanical' ) ;
#30 = AXIS2_PLACEMENT_3D ( 'NONE', #1354, #2203, #2035 ) ;
#31 = VERTEX_POINT ( 'NONE', #1419 ) ;
#32 = EDGE_CURVE ( 'NONE', #2427, #625, #2095, .T. ) ;
#33 = CARTESIAN_POINT ( 'NONE',  ( -1.200962406445481562E-15, -45.00000000000000000, 0.000000000000000000 ) ) ;
#34 = ORIENTED_EDGE ( 'NONE', *, *, #443, .F. ) ;
#35 = ORIENTED_EDGE ( 'NONE', *, *, #2140, .F. ) ;
#36 = CARTESIAN_POINT ( 'NONE',  ( 83.70708661417303631, 54.18291143449048519, 4.000000000000000000 ) ) ;
#37 = EDGE_CURVE ( 'NONE', #1667, #1677, #2274, .T. ) ;
#38 = LINE ( 'NONE', #2598, #1286 ) ;
#39 = CARTESIAN_POINT ( 'NONE',  ( -27.25000000000000000, 85.60000000000023590, 10.00000000000000000 ) ) ;
#40 = ADVANCED_FACE ( 'NONE', ( #148 ), #1010, .T. ) ;
#41 = CARTESIAN_POINT ( 'NONE',  ( 83.70708661417303631, 0.000000000000000000, 14.00000000000000000 ) ) ;
#42 = ORIENTED_EDGE ( 'NONE', *, *, #907, .T. ) ;
#43 = LINE ( 'NONE', #1138, #1150 ) ;
#44 = APPLICATION_PROTOCOL_DEFINITION ( 'draft international standard', 'automotive_design', 1998, #775 ) ;
#45 = LINE ( 'NONE', #2652, #1568 ) ;
#46 = ORIENTED_EDGE ( 'NONE', *, *, #500, .F. ) ;
#47 = EDGE_CURVE ( 'NONE', #116, #918, #1689, .T. ) ;
#48 = ORIENTED_EDGE ( 'NONE', *, *, #460, .F. ) ;
#49 = CARTESIAN_POINT ( 'NONE',  ( -34.75000000000000000, 85.60000000000023590, 10.00000000000000000 ) ) ;
#50 = CARTESIAN_POINT ( 'NONE',  ( 1.835000000000607034, 62.10000000000022169, 10.00000000000000000 ) ) ;
#51 = EDGE_LOOP ( 'NONE', ( #2398, #2496, #1883, #2223 ) ) ;
#52 = DIRECTION ( 'NONE',  ( -0.000000000000000000, -0.000000000000000000, 1.000000000000000000 ) ) ;
#53 = ORIENTED_EDGE ( 'NONE', *, *, #1416, .T. ) ;
#54 = DIRECTION ( 'NONE',  ( 0.000000000000000000, 0.000000000000000000, -1.000000000000000000 ) ) ;
#55 = ORIENTED_EDGE ( 'NONE', *, *, #829, .F. ) ;
#56 = CARTESIAN_POINT ( 'NONE',  ( 31.83500000000060481, 62.10000000000022169, 12.00000000000000000 ) ) ;
#58 = EDGE_CURVE ( 'NONE', #1824, #2357, #2694, .T. ) ;
#57 = VECTOR ( 'NONE', #322, 1000.000000000000000 ) ;
#59 = AXIS2_PLACEMENT_3D ( 'NONE', #656, #1550, #2164 ) ;
#60 = LINE ( 'NONE', #928, #2465 ) ;
#61 = VERTEX_POINT ( 'NONE', #1435 ) ;
#62 = AXIS2_PLACEMENT_3D ( 'NONE', #2440, #2202, #282 ) ;
#63 = VERTEX_POINT ( 'NONE', #2289 ) ;
#64 = DIRECTION ( 'NONE',  ( 0.000000000000000000, 0.000000000000000000, 1.000000000000000000 ) ) ;
#65 = DIRECTION ( 'NONE',  ( 3.083952846180990774E-16, -1.000000000000000000, 0.000000000000000000 ) ) ;
#66 = EDGE_CURVE ( 'NONE', #1365, #1793, #420, .T. ) ;
#67 = AXIS2_PLACEMENT_3D ( 'NONE', #614, #160, #171 ) ;
#68 = VERTEX_POINT ( 'NONE', #1719 ) ;
#69 = VECTOR ( 'NONE', #367, 1000.000000000000000 ) ;
#70 = LINE ( 'NONE', #1790, #1960 ) ;
#71 = EDGE_CURVE ( 'NONE', #168, #1465, #2394, .T. ) ;
#72 = DIRECTION ( 'NONE',  ( -0.000000000000000000, -0.000000000000000000, 1.000000000000000000 ) ) ;
#73 = ORIENTED_EDGE ( 'NONE', *, *, #541, .T. ) ;
#74 = DIRECTION ( 'NONE',  ( -0.000000000000000000, -0.000000000000000000, 1.000000000000000000 ) ) ;
#75 = EDGE_CURVE ( 'NONE', #1007, #1918, #2409, .T. ) ;
#76 = DIRECTION ( 'NONE',  ( 1.000000000000000000, 0.000000000000000000, 0.000000000000000000 ) ) ;
#77 = VERTEX_POINT ( 'NONE', #1291 ) ;
#78 = AXIS2_PLACEMENT_3D ( 'NONE', #2277, #598, #565 ) ;
#79 = ORIENTED_EDGE ( 'NONE', *, *, #414, .T. ) ;
#80 = DIRECTION ( 'NONE',  ( -0.000000000000000000, -0.000000000000000000, 1.000000000000000000 ) ) ;
#81 = CARTESIAN_POINT ( 'NONE',  ( -90.00000000000000000, -34.99999999999999289, 10.00000000000000000 ) ) ;
#82 = ORIENTED_EDGE ( 'NONE', *, *, #2705, .T. ) ;
#83 = CARTESIAN_POINT ( 'NONE',  ( -112.1212692998233820, 56.69104966961861436, 10.00000000000000000 ) ) ;
#84 = VECTOR ( 'NONE', #2773, 1000.000000000000000 ) ;
#85 = CARTESIAN_POINT ( 'NONE',  ( -120.0000000000000142, -45.00000000000000000, 0.000000000000000000 ) ) ;
#86 = ORIENTED_EDGE ( 'NONE', *, *, #1141, .F. ) ;
#87 = EDGE_CURVE ( 'NONE', #1356, #957, #2580, .T. ) ;
#88 = CARTESIAN_POINT ( 'NONE',  ( -109.1212692998233678, 59.69104966961863568, 10.00000000000000000 ) ) ;
#89 = LINE ( 'NONE', #1560, #2324 ) ;
#90 = ORIENTED_EDGE ( 'NONE', *, *, #2226, .F. ) ;
#91 = EDGE_CURVE ( 'NONE', #68, #2514, #2776, .T. ) ;
#92 = VERTEX_POINT ( 'NONE', #855 ) ;
#93 = CARTESIAN_POINT ( 'NONE',  ( -90.00000000000000000, -34.99999999999999289, 0.000000000000000000 ) ) ;
#94 = FACE_OUTER_BOUND ( 'NONE', #796, .T. ) ;
#95 = VERTEX_POINT ( 'NONE', #1987 ) ;
#96 = CARTESIAN_POINT ( 'NONE',  ( 31.83500000000060481, 62.10000000000022169, 12.00000000000000000 ) ) ;
#97 = CARTESIAN_POINT ( 'NONE',  ( 8.518024169494269511E-15, -102.3091986265623206, 10.00000000000000000 ) ) ;
#98 = ORIENTED_EDGE ( 'NONE', *, *, #636, .T. ) ;
#99 = DIRECTION ( 'NONE',  ( -0.000000000000000000, -0.000000000000000000, 1.000000000000000000 ) ) ;
#100 = UNCERTAINTY_MEASURE_WITH_UNIT (LENGTH_MEASURE( 1.000000000000000082E-05 ), #1763, 'distance_accuracy_value', 'NONE');
#101 = EDGE_CURVE ( 'NONE', #2305, #918, #620, .T. ) ;
#102 = DIRECTION ( 'NONE',  ( 1.000000000000000000, 0.000000000000000000, 0.000000000000000000 ) ) ;
#103 = VERTEX_POINT ( 'NONE', #390 ) ;
#104 = ORIENTED_EDGE ( 'NONE', *, *, #557, .T. ) ;
#105 = AXIS2_PLACEMENT_3D ( 'NONE', #1593, #2475, #2647 ) ;
#106 = CARTESIAN_POINT ( 'NONE',  ( 8.518024169494269511E-15, -102.3091986265623206, 10.00000000000000000 ) ) ;
#107 = CARTESIAN_POINT ( 'NONE',  ( 130.0000000000000000, -45.00000000000000000, 0.000000000000000000 ) ) ;
#109 = VERTEX_POINT ( 'NONE', #2633 ) ;
#108 = VECTOR ( 'NONE', #408, 1000.000000000000000 ) ;
#110 = AXIS2_PLACEMENT_3D ( 'NONE', #1422, #348, #1330 ) ;
#111 = CARTESIAN_POINT ( 'NONE',  ( 44.99999999999999289, -40.00000000000001421, 10.00000000000000000 ) ) ;
#112 = EDGE_CURVE ( 'NONE', #2704, #463, #2038, .T. ) ;
#113 =( NAMED_UNIT ( * ) SI_UNIT ( $, .STERADIAN. ) SOLID_ANGLE_UNIT ( ) );
#114 = CARTESIAN_POINT ( 'NONE',  ( 0.000000000000000000, 59.69104966961863568, 10.00000000000000000 ) ) ;
#115 = AXIS2_PLACEMENT_3D ( 'NONE', #1343, #2344, #2407 ) ;
#116 = VERTEX_POINT ( 'NONE', #1344 ) ;
#117 = DIRECTION ( 'NONE',  ( 1.000000000000000000, 0.000000000000000000, -0.000000000000000000 ) ) ;
#118 = CIRCLE ( 'NONE', #388, 7.500000000000000000 ) ;
#119 = VERTEX_POINT ( 'NONE', #2743 ) ;
#120 = DIRECTION ( 'NONE',  ( 1.000000000000000000, -2.668805347656626062E-17, 0.000000000000000000 ) ) ;
#121 = DIRECTION ( 'NONE',  ( 2.668805347656626062E-17, 1.000000000000000000, -0.000000000000000000 ) ) ;
#122 = EDGE_LOOP ( 'NONE', ( #1604, #145, #46, #1182 ) ) ;
#123 = EDGE_CURVE ( 'NONE', #1319, #1506, #2195, .T. ) ;
#124 = CARTESIAN_POINT ( 'NONE',  ( -44.99999999999999289, -40.00000000000001421, 10.00000000000000000 ) ) ;
#125 = DIRECTION ( 'NONE',  ( -1.000000000000000000, 0.000000000000000000, 0.000000000000000000 ) ) ;
#126 = ORIENTED_EDGE ( 'NONE', *, *, #784, .T. ) ;
#127 = AXIS2_PLACEMENT_3D ( 'NONE', #912, #476, #2435 ) ;
#128 = FACE_OUTER_BOUND ( 'NONE', #275, .T. ) ;
#129 = LINE ( 'NONE', #2221, #920 ) ;
#130 = ORIENTED_EDGE ( 'NONE', *, *, #1536, .F. ) ;
#131 = EDGE_CURVE ( 'NONE', #1985, #2602, #1900, .T. ) ;
#132 = DIRECTION ( 'NONE',  ( -1.000000000000000000, 0.000000000000000000, 0.000000000000000000 ) ) ;
#133 = AXIS2_PLACEMENT_3D ( 'NONE', #787, #1639, #803 ) ;
#134 = AXIS2_PLACEMENT_3D ( 'NONE', #1, #868, #1718 ) ;
#135 = PLANE ( 'NONE',  #2730 ) ;
#136 = ORIENTED_EDGE ( 'NONE', *, *, #1444, .F. ) ;
#137 = ORIENTED_EDGE ( 'NONE', *, *, #2335, .F. ) ;
#138 = CARTESIAN_POINT ( 'NONE',  ( -126.3157894736842195, 52.75311571718751225, 10.00000000000000000 ) ) ;
#139 = CARTESIAN_POINT ( 'NONE',  ( -44.99999999999999289, -40.00000000000001421, 10.00000000000000000 ) ) ;
#140 = EDGE_CURVE ( 'NONE', #1501, #329, #1080, .T. ) ;
#141 = ORIENTED_EDGE ( 'NONE', *, *, #1126, .T. ) ;
#142 = DIRECTION ( 'NONE',  ( 0.000000000000000000, 0.000000000000000000, -1.000000000000000000 ) ) ;
#143 = CARTESIAN_POINT ( 'NONE',  ( 109.1212692998233393, 59.69104966961863568, 0.000000000000000000 ) ) ;
#144 = DIRECTION ( 'NONE',  ( 1.000000000000000000, 0.000000000000000000, 0.000000000000000000 ) ) ;
#145 = ORIENTED_EDGE ( 'NONE', *, *, #1929, .T. ) ;
#146 = FACE_OUTER_BOUND ( 'NONE', #1976, .T. ) ;
#147 = ADVANCED_FACE ( 'NONE', ( #1676 ), #1485, .F. ) ;
#148 = FACE_OUTER_BOUND ( 'NONE', #1940, .T. ) ;
#149 = ORIENTED_EDGE ( 'NONE', *, *, #1862, .F. ) ;
#150 = CARTESIAN_POINT ( 'NONE',  ( 44.99999999999999289, -40.00000000000001421, 0.000000000000000000 ) ) ;
#151 = CYLINDRICAL_SURFACE ( 'NONE', #78, 200.0000000000000000 ) ;
#152 = EDGE_LOOP ( 'NONE', ( #2208, #1785, #1296, #903 ) ) ;
#153 = EDGE_CURVE ( 'NONE', #1076, #1223, #1891, .T. ) ;
#154 = CARTESIAN_POINT ( 'NONE',  ( 31.83500000000061192, 62.10000000000022169, 12.00000000000000000 ) ) ;
#155 = CIRCLE ( 'NONE', #1725, 15.00000000000333067 ) ;
#156 = ADVANCED_BREP_SHAPE_REPRESENTATION ( 'Top cover', ( #1840, #1441 ), #1932 ) ;
#157 = CARTESIAN_POINT ( 'NONE',  ( 83.70708661417303631, 24.07291143449042536, 4.000000000000000000 ) ) ;
#158 = AXIS2_PLACEMENT_3D ( 'NONE', #2017, #74, #132 ) ;
#159 = ADVANCED_FACE ( 'NONE', ( #2, #1776 ), #1706, .T. ) ;
#160 = DIRECTION ( 'NONE',  ( -0.000000000000000000, -0.000000000000000000, -1.000000000000000000 ) ) ;
#161 = VECTOR ( 'NONE', #1986, 1000.000000000000000 ) ;
#162 = ORIENTED_EDGE ( 'NONE', *, *, #2328, .T. ) ;
#163 = DIRECTION ( 'NONE',  ( 1.000000000000000000, 0.000000000000000000, -0.000000000000000000 ) ) ;
#164 = VERTEX_POINT ( 'NONE', #2564 ) ;
#165 = ORIENTED_EDGE ( 'NONE', *, *, #2074, .F. ) ;
#166 = EDGE_CURVE ( 'NONE', #1504, #2596, #2345, .T. ) ;
#167 = CARTESIAN_POINT ( 'NONE',  ( 119.9999999999997442, 44.99999999999983658, 14.00000000000000000 ) ) ;
#168 = VERTEX_POINT ( 'NONE', #415 ) ;
#169 = CARTESIAN_POINT ( 'NONE',  ( 27.25000000000000000, 85.60000000000023590, 0.000000000000000000 ) ) ;
#170 = CARTESIAN_POINT ( 'NONE',  ( -61.71572875253809798, -65.00000000000002842, 14.00000000000000000 ) ) ;
#171 = DIRECTION ( 'NONE',  ( -1.000000000000000000, 0.000000000000000000, 0.000000000000000000 ) ) ;
#172 = EDGE_CURVE ( 'NONE', #1360, #95, #1096, .T. ) ;
#173 = AXIS2_PLACEMENT_3D ( 'NONE', #1434, #1217, #1882 ) ;
#174 = DIRECTION ( 'NONE',  ( 0.000000000000000000, -0.000000000000000000, -1.000000000000000000 ) ) ;
#175 = DIRECTION ( 'NONE',  ( 0.000000000000000000, 0.000000000000000000, -1.000000000000000000 ) ) ;
#176 = AXIS2_PLACEMENT_3D ( 'NONE', #885, #413, #2366 ) ;
#177 = ORIENTED_EDGE ( 'NONE', *, *, #353, .T. ) ;
#178 = DIRECTION ( 'NONE',  ( 1.000000000000000000, 0.000000000000000000, 0.000000000000000000 ) ) ;
#179 = ORIENTED_EDGE ( 'NONE', *, *, #505, .F. ) ;
#180 = VERTEX_POINT ( 'NONE', #2326 ) ;
#181 = DIRECTION ( 'NONE',  ( -1.000000000000000000, 0.000000000000000000, 0.000000000000000000 ) ) ;
#182 = DIRECTION ( 'NONE',  ( -0.000000000000000000, -0.000000000000000000, 1.000000000000000000 ) ) ;
#183 = EDGE_CURVE ( 'NONE', #2764, #523, #2112, .T. ) ;
#184 = FACE_OUTER_BOUND ( 'NONE', #1495, .T. ) ;
#185 = CARTESIAN_POINT ( 'NONE',  ( 1.835000000000607034, 79.10000000000022169, 10.00000000000000000 ) ) ;
#186 = ORIENTED_EDGE ( 'NONE', *, *, #2545, .T. ) ;
#187 = EDGE_CURVE ( 'NONE', #259, #2171, #1062, .T. ) ;
#188 = DIRECTION ( 'NONE',  ( 1.156482317317871478E-16, 1.000000000000000000, 0.000000000000000000 ) ) ;
#189 = ORIENTED_EDGE ( 'NONE', *, *, #578, .T. ) ;
#190 = EDGE_LOOP ( 'NONE', ( #211, #2418, #1129, #2733 ) ) ;
#191 = AXIS2_PLACEMENT_3D ( 'NONE', #2101, #175, #402 ) ;
#192 = DIRECTION ( 'NONE',  ( -0.000000000000000000, -0.000000000000000000, 1.000000000000000000 ) ) ;
#193 = EDGE_CURVE ( 'NONE', #2681, #621, #338, .T. ) ;
#194 = DIRECTION ( 'NONE',  ( 0.000000000000000000, 0.000000000000000000, -1.000000000000000000 ) ) ;
#195 = VECTOR ( 'NONE', #1582, 1000.000000000000000 ) ;
#196 = DIRECTION ( 'NONE',  ( -0.000000000000000000, -0.000000000000000000, -1.000000000000000000 ) ) ;
#197 = EDGE_CURVE ( 'NONE', #1035, #2330, #312, .T. ) ;
#198 = DIRECTION ( 'NONE',  ( 0.05233595624294395260, -6.409306129323724811E-18, 0.9986295347545739443 ) ) ;
#199 = CONICAL_SURFACE ( 'NONE', #522, 1.999999999999998224, 0.05235987755983000091 ) ;
#200 = VERTEX_POINT ( 'NONE', #992 ) ;
#201 = DIRECTION ( 'NONE',  ( 1.000000000000000000, 0.000000000000000000, 0.000000000000000000 ) ) ;
#202 = AXIS2_PLACEMENT_3D ( 'NONE', #2547, #2323, #2121 ) ;
#203 = CARTESIAN_POINT ( 'NONE',  ( 8.518024169494269511E-15, -102.3091986265623206, 10.00000000000000000 ) ) ;
#204 = DIRECTION ( 'NONE',  ( -1.000000000000000000, 0.000000000000000000, 0.000000000000000000 ) ) ;
#205 = VECTOR ( 'NONE', #1688, 1000.000000000000000 ) ;
#206 = ORIENTED_EDGE ( 'NONE', *, *, #864, .T. ) ;
#207 = LINE ( 'NONE', #33, #263 ) ;
#208 = CIRCLE ( 'NONE', #1019, 1.750000000000001554 ) ;
#209 = ORIENTED_EDGE ( 'NONE', *, *, #1336, .F. ) ;
#210 = EDGE_CURVE ( 'NONE', #119, #1876, #2531, .T. ) ;
#211 = ORIENTED_EDGE ( 'NONE', *, *, #1399, .F. ) ;
#212 = DIRECTION ( 'NONE',  ( 1.000000000000000000, 0.000000000000000000, 0.000000000000000000 ) ) ;
#213 = CARTESIAN_POINT ( 'NONE',  ( -63.70708661417304342, 54.18291143449047098, 4.000000000000000000 ) ) ;
#214 = DIRECTION ( 'NONE',  ( 0.000000000000000000, -0.000000000000000000, -1.000000000000000000 ) ) ;
#215 = CIRCLE ( 'NONE', #536, 200.0000000000011084 ) ;
#216 = EDGE_CURVE ( 'NONE', #648, #2182, #543, .T. ) ;
#217 = ORIENTED_EDGE ( 'NONE', *, *, #2128, .F. ) ;
#218 = FACE_OUTER_BOUND ( 'NONE', #535, .T. ) ;
#219 = DIRECTION ( 'NONE',  ( 1.000000000000000000, 0.000000000000000000, -0.000000000000000000 ) ) ;
#220 = DIRECTION ( 'NONE',  ( -0.000000000000000000, -0.000000000000000000, -1.000000000000000000 ) ) ;
#221 = AXIS2_PLACEMENT_3D ( 'NONE', #2620, #2412, #493 ) ;
#222 = ORIENTED_EDGE ( 'NONE', *, *, #829, .T. ) ;
#223 = CARTESIAN_POINT ( 'NONE',  ( 109.1212692998233535, 56.69104966961862857, 10.00000000000000000 ) ) ;
#224 = VERTEX_POINT ( 'NONE', #2462 ) ;
#225 = VERTEX_POINT ( 'NONE', #937 ) ;
#226 = FACE_OUTER_BOUND ( 'NONE', #1988, .T. ) ;
#227 = DIRECTION ( 'NONE',  ( -0.000000000000000000, -0.000000000000000000, -1.000000000000000000 ) ) ;
#228 = LINE ( 'NONE', #2768, #833 ) ;
#229 = CARTESIAN_POINT ( 'NONE',  ( 44.99999999999999289, -40.00000000000001421, 10.00000000000000000 ) ) ;
#230 = EDGE_CURVE ( 'NONE', #1147, #1501, #2432, .T. ) ;
#231 = FACE_BOUND ( 'NONE', #674, .T. ) ;
#232 = CARTESIAN_POINT ( 'NONE',  ( -1.200962406445481562E-15, -45.00000000000000000, 10.00000000000000000 ) ) ;
#233 = ORIENTED_EDGE ( 'NONE', *, *, #2479, .T. ) ;
#234 = EDGE_CURVE ( 'NONE', #1659, #2305, #129, .T. ) ;
#235 = PLANE ( 'NONE',  #1436 ) ;
#236 = ORIENTED_EDGE ( 'NONE', *, *, #2082, .T. ) ;
#237 = ORIENTED_EDGE ( 'NONE', *, *, #11, .F. ) ;
#238 = CARTESIAN_POINT ( 'NONE',  ( -44.99999999999999289, -40.00000000000001421, 0.000000000000000000 ) ) ;
#239 = DIRECTION ( 'NONE',  ( -0.05233595624294395260, 0.000000000000000000, 0.9986295347545739443 ) ) ;
#240 = DIRECTION ( 'NONE',  ( -0.000000000000000000, 0.000000000000000000, -1.000000000000000000 ) ) ;
#241 = PLANE ( 'NONE',  #2131 ) ;
#242 = ORIENTED_EDGE ( 'NONE', *, *, #2335, .T. ) ;
#243 = EDGE_CURVE ( 'NONE', #95, #1319, #472, .T. ) ;
#244 = CIRCLE ( 'NONE', #2262, 4.475922207169586997 ) ;
#245 = DIRECTION ( 'NONE',  ( 1.000000000000000000, 0.000000000000000000, 0.000000000000000000 ) ) ;
#246 = LINE ( 'NONE', #824, #1350 ) ;
#247 = ORIENTED_EDGE ( 'NONE', *, *, #140, .F. ) ;
#248 = AXIS2_PLACEMENT_3D ( 'NONE', #2209, #1515, #1990 ) ;
#249 = FACE_OUTER_BOUND ( 'NONE', #2052, .T. ) ;
#251 = ORIENTED_EDGE ( 'NONE', *, *, #1811, .F. ) ;
#250 = CIRCLE ( 'NONE', #115, 4.475922207169590550 ) ;
#252 = EDGE_CURVE ( 'NONE', #103, #1449, #2688, .T. ) ;
#253 = ORIENTED_EDGE ( 'NONE', *, *, #1348, .T. ) ;
#254 = PLANE ( 'NONE',  #2489 ) ;
#255 = CIRCLE ( 'NONE', #2540, 190.0000000000000000 ) ;
#256 = DIRECTION ( 'NONE',  ( -1.000000000000000000, -1.431146867680865853E-16, 0.000000000000000000 ) ) ;
#257 = FACE_OUTER_BOUND ( 'NONE', #1142, .T. ) ;
#258 = DIRECTION ( 'NONE',  ( 1.000000000000000000, 0.000000000000000000, 0.000000000000000000 ) ) ;
#259 = VERTEX_POINT ( 'NONE', #85 ) ;
#260 = DIRECTION ( 'NONE',  ( 1.000000000000000000, 0.000000000000000000, 0.000000000000000000 ) ) ;
#261 = CIRCLE ( 'NONE', #490, 4.475922207169590550 ) ;
#262 = EDGE_CURVE ( 'NONE', #180, #1963, #739, .T. ) ;
#263 = VECTOR ( 'NONE', #1487, 1000.000000000000000 ) ;
#264 = CYLINDRICAL_SURFACE ( 'NONE', #1345, 10.00000000000002309 ) ;
#265 = ORIENTED_EDGE ( 'NONE', *, *, #356, .F. ) ;
#266 = EDGE_LOOP ( 'NONE', ( #2763, #1784, #2059, #2315 ) ) ;
#267 = DIRECTION ( 'NONE',  ( 0.000000000000000000, -0.000000000000000000, -1.000000000000000000 ) ) ;
#268 = VECTOR ( 'NONE', #604, 1000.000000000000000 ) ;
#269 = ORIENTED_EDGE ( 'NONE', *, *, #166, .F. ) ;
#270 = LINE ( 'NONE', #1324, #1595 ) ;
#271 = AXIS2_PLACEMENT_3D ( 'NONE', #1108, #2336, #1271 ) ;
#272 = LINE ( 'NONE', #1089, #1731 ) ;
#273 = ADVANCED_FACE ( 'NONE', ( #2207 ), #705, .T. ) ;
#274 = DIRECTION ( 'NONE',  ( 1.000000000000000000, 0.000000000000000000, 0.000000000000000000 ) ) ;
#275 = EDGE_LOOP ( 'NONE', ( #520, #2056, #1133, #1816 ) ) ;
#276 = LINE ( 'NONE', #1977, #1281 ) ;
#277 = PRODUCT_RELATED_PRODUCT_CATEGORY ( 'part', '', ( #1244 ) ) ;
#278 = CARTESIAN_POINT ( 'NONE',  ( 40.52407779283040412, -40.00000000000001421, 0.000000000000000000 ) ) ;
#279 = ORIENTED_EDGE ( 'NONE', *, *, #1416, .F. ) ;
#280 = ORIENTED_EDGE ( 'NONE', *, *, #1020, .F. ) ;
#281 = EDGE_CURVE ( 'NONE', #2116, #896, #2619, .T. ) ;
#282 = DIRECTION ( 'NONE',  ( 0.000000000000000000, -0.000000000000000000, 1.000000000000000000 ) ) ;
#283 = DIRECTION ( 'NONE',  ( -1.000000000000000000, -1.431146867680865853E-16, 0.000000000000000000 ) ) ;
#284 = FACE_OUTER_BOUND ( 'NONE', #499, .T. ) ;
#285 = CARTESIAN_POINT ( 'NONE',  ( -44.99999999999999289, -40.00000000000001421, 10.00000000000000000 ) ) ;
#286 = EDGE_LOOP ( 'NONE', ( #828, #1212 ) ) ;
#287 = EDGE_CURVE ( 'NONE', #224, #986, #2446, .T. ) ;
#288 = FACE_BOUND ( 'NONE', #375, .T. ) ;
#289 = VECTOR ( 'NONE', #1662, 1000.000000000000000 ) ;
#290 = CIRCLE ( 'NONE', #1101, 41.23105625617660763 ) ;
#291 = DIRECTION ( 'NONE',  ( -1.000000000000000000, 0.000000000000000000, 0.000000000000000000 ) ) ;
#292 = EDGE_LOOP ( 'NONE', ( #511, #2391, #2133, #1575 ) ) ;
#293 = AXIS2_PLACEMENT_3D ( 'NONE', #675, #2423, #1762 ) ;
#294 = ORIENTED_EDGE ( 'NONE', *, *, #1118, .T. ) ;
#295 = DIRECTION ( 'NONE',  ( 1.000000000000000000, 0.000000000000000000, 0.000000000000000000 ) ) ;
#296 = DIRECTION ( 'NONE',  ( 1.000000000000000000, 0.000000000000000000, 0.000000000000000000 ) ) ;
#297 = CIRCLE ( 'NONE', #1107, 190.0000000000000000 ) ;
#298 = EDGE_CURVE ( 'NONE', #63, #200, #2084, .T. ) ;
#299 = VECTOR ( 'NONE', #2782, 1000.000000000000114 ) ;
#300 = DIRECTION ( 'NONE',  ( 1.734723475976808327E-16, -1.000000000000000000, 0.000000000000000000 ) ) ;
#301 = CYLINDRICAL_SURFACE ( 'NONE', #702, 190.0000000000000000 ) ;
#302 = VERTEX_POINT ( 'NONE', #1162 ) ;
#303 = FACE_OUTER_BOUND ( 'NONE', #2437, .T. ) ;
#304 = DIRECTION ( 'NONE',  ( -1.000000000000000000, 0.000000000000000000, 0.000000000000000000 ) ) ;
#305 = ORIENTED_EDGE ( 'NONE', *, *, #917, .T. ) ;
#306 = CONICAL_SURFACE ( 'NONE', #2770, 1.750000000000001554, 0.05235987755983000091 ) ;
#307 = ORIENTED_EDGE ( 'NONE', *, *, #2438, .T. ) ;
#308 = DIRECTION ( 'NONE',  ( 0.000000000000000000, 0.000000000000000000, 1.000000000000000000 ) ) ;
#309 = CARTESIAN_POINT ( 'NONE',  ( 0.000000000000000000, 0.000000000000000000, 0.000000000000000000 ) ) ;
#310 = ORIENTED_EDGE ( 'NONE', *, *, #1650, .T. ) ;
#311 = LINE ( 'NONE', #529, #1332 ) ;
#312 = LINE ( 'NONE', #114, #2574 ) ;
#313 = ORIENTED_EDGE ( 'NONE', *, *, #1457, .T. ) ;
#314 = PLANE ( 'NONE',  #1104 ) ;
#315 = DIRECTION ( 'NONE',  ( 0.000000000000000000, 0.000000000000000000, 1.000000000000000000 ) ) ;
#316 = FACE_OUTER_BOUND ( 'NONE', #51, .T. ) ;
#317 = ORIENTED_EDGE ( 'NONE', *, *, #2348, .T. ) ;
#318 = EDGE_CURVE ( 'NONE', #621, #1431, #1201, .T. ) ;
#319 = CARTESIAN_POINT ( 'NONE',  ( -46.74999999999999289, -40.00000000000001421, 10.00000000000000000 ) ) ;
#320 = DIRECTION ( 'NONE',  ( -0.000000000000000000, -0.000000000000000000, -1.000000000000000000 ) ) ;
#321 = DIRECTION ( 'NONE',  ( 1.000000000000000000, -1.154047617702465335E-14, 0.000000000000000000 ) ) ;
#322 = DIRECTION ( 'NONE',  ( 1.000000000000000000, 0.000000000000000000, 0.000000000000000000 ) ) ;
#323 = ORIENTED_EDGE ( 'NONE', *, *, #1754, .F. ) ;
#324 = DIRECTION ( 'NONE',  ( 0.000000000000000000, 0.000000000000000000, -1.000000000000000000 ) ) ;
#325 = EDGE_CURVE ( 'NONE', #1925, #1431, #716, .T. ) ;
#326 = ORIENTED_EDGE ( 'NONE', *, *, #230, .T. ) ;
#327 = FACE_BOUND ( 'NONE', #1886, .T. ) ;
#328 = ORIENTED_EDGE ( 'NONE', *, *, #1833, .F. ) ;
#329 = VERTEX_POINT ( 'NONE', #754 ) ;
#330 = CARTESIAN_POINT ( 'NONE',  ( 49.99999999999998579, -40.00000000000001421, 10.00000000000000000 ) ) ;
#331 = DIRECTION ( 'NONE',  ( -1.000000000000000000, 0.000000000000000000, 0.000000000000000000 ) ) ;
#333 = EDGE_LOOP ( 'NONE', ( #1382, #2569, #838, #507 ) ) ;
#332 = VECTOR ( 'NONE', #524, 1000.000000000000000 ) ;
#334 = EDGE_CURVE ( 'NONE', #842, #845, #1359, .T. ) ;
#335 = CIRCLE ( 'NONE', #248, 1.750000000000001554 ) ;
#336 = DIRECTION ( 'NONE',  ( 0.000000000000000000, 1.000000000000000000, -0.000000000000000000 ) ) ;
#337 = DIRECTION ( 'NONE',  ( 1.000000000000000000, 0.000000000000000000, 0.000000000000000000 ) ) ;
#338 = LINE ( 'NONE', #530, #1766 ) ;
#339 = AXIS2_PLACEMENT_3D ( 'NONE', #1041, #2521, #369 ) ;
#340 = ORIENTED_EDGE ( 'NONE', *, *, #2732, .F. ) ;
#341 = DIRECTION ( 'NONE',  ( 0.000000000000000000, 1.000000000000000000, 0.000000000000000000 ) ) ;
#342 = CIRCLE ( 'NONE', #2273, 190.0000000000000000 ) ;
#343 = ORIENTED_EDGE ( 'NONE', *, *, #2378, .F. ) ;
#344 = ADVANCED_FACE ( 'NONE', ( #1372 ), #301, .F. ) ;
#345 = LINE ( 'NONE', #2718, #1125 ) ;
#346 = CARTESIAN_POINT ( 'NONE',  ( 106.2070866141730079, 44.07291143449042892, 4.000000000000000000 ) ) ;
#347 = VERTEX_POINT ( 'NONE', #960 ) ;
#348 = DIRECTION ( 'NONE',  ( -0.000000000000000000, -0.000000000000000000, -1.000000000000000000 ) ) ;
#349 = CARTESIAN_POINT ( 'NONE',  ( -83.70708661417303631, 44.99999999999995737, 10.00000000000000000 ) ) ;
#350 = VECTOR ( 'NONE', #1658, 1000.000000000000000 ) ;
#351 = VERTEX_POINT ( 'NONE', #2660 ) ;
#352 = AXIS2_PLACEMENT_3D ( 'NONE', #223, #1531, #1939 ) ;
#353 = EDGE_CURVE ( 'NONE', #2602, #1985, #244, .T. ) ;
#354 = PLANE ( 'NONE',  #1644 ) ;
#355 = LINE ( 'NONE', #1888, #1323 ) ;
#356 = EDGE_CURVE ( 'NONE', #2585, #2080, #355, .T. ) ;
#357 = FACE_OUTER_BOUND ( 'NONE', #429, .T. ) ;
#358 = AXIS2_PLACEMENT_3D ( 'NONE', #2563, #840, #1497 ) ;
#359 = LINE ( 'NONE', #983, #1395 ) ;
#360 = CARTESIAN_POINT ( 'NONE',  ( 27.00000000000000000, 85.00000000000000000, 10.00000000000000000 ) ) ;
#361 = EDGE_CURVE ( 'NONE', #2491, #648, #2668, .T. ) ;
#362 = ORIENTED_EDGE ( 'NONE', *, *, #1720, .T. ) ;
#363 = FACE_BOUND ( 'NONE', #2177, .T. ) ;
#364 = CARTESIAN_POINT ( 'NONE',  ( 93.99999999999998579, -13.40000000000009983, 14.00000000000000000 ) ) ;
#365 = ORIENTED_EDGE ( 'NONE', *, *, #857, .F. ) ;
#366 = EDGE_CURVE ( 'NONE', #419, #2466, #613, .T. ) ;
#367 = DIRECTION ( 'NONE',  ( -1.000000000000000000, -3.083952846180993239E-16, 0.000000000000000000 ) ) ;
#368 = CYLINDRICAL_SURFACE ( 'NONE', #964, 41.23105625617660763 ) ;
#369 = DIRECTION ( 'NONE',  ( 1.000000000000000000, 0.000000000000000000, 0.000000000000000000 ) ) ;
#370 = EDGE_CURVE ( 'NONE', #1465, #1365, #1429, .T. ) ;
#371 = ORIENTED_EDGE ( 'NONE', *, *, #123, .T. ) ;
#372 = CARTESIAN_POINT ( 'NONE',  ( -109.1212692998233820, 56.69104966961862857, 10.00000000000000000 ) ) ;
#373 = ORIENTED_EDGE ( 'NONE', *, *, #1585, .T. ) ;
#374 = APPLICATION_CONTEXT ( 'automotive_design' ) ;
#375 = EDGE_LOOP ( 'NONE', ( #433, #550 ) ) ;
#376 = DIRECTION ( 'NONE',  ( 1.000000000000000000, 0.000000000000000000, 0.000000000000000000 ) ) ;
#377 = FACE_OUTER_BOUND ( 'NONE', #1174, .T. ) ;
#378 = ORIENTED_EDGE ( 'NONE', *, *, #2272, .F. ) ;
#379 = VECTOR ( 'NONE', #1311, 1000.000000000000000 ) ;
#380 = CARTESIAN_POINT ( 'NONE',  ( 3.469446951953614189E-15, -255.2397666749597818, 0.000000000000000000 ) ) ;
#381 = EDGE_CURVE ( 'NONE', #1667, #2212, #1675, .T. ) ;
#382 = VECTOR ( 'NONE', #1087, 1000.000000000000000 ) ;
#383 = DIRECTION ( 'NONE',  ( 0.05233595624294395260, 0.000000000000000000, 0.9986295347545739443 ) ) ;
#384 = VECTOR ( 'NONE', #509, 1000.000000000000000 ) ;
#385 = PLANE ( 'NONE',  #2047 ) ;
#386 = AXIS2_PLACEMENT_3D ( 'NONE', #2001, #947, #2445 ) ;
#387 = ORIENTED_EDGE ( 'NONE', *, *, #58, .F. ) ;
#388 = AXIS2_PLACEMENT_3D ( 'NONE', #587, #821, #2332 ) ;
#389 = CARTESIAN_POINT ( 'NONE',  ( 120.0000000000000000, -45.00000000000000000, 10.00000000000000000 ) ) ;
#390 = CARTESIAN_POINT ( 'NONE',  ( 112.1212692998233535, 56.69104966961861436, 10.00000000000000000 ) ) ;
#391 = ORIENTED_EDGE ( 'NONE', *, *, #907, .F. ) ;
#392 = CARTESIAN_POINT ( 'NONE',  ( 8.518024169494269511E-15, -102.3091986265623206, 10.00000000000000000 ) ) ;
#393 = ORIENTED_EDGE ( 'NONE', *, *, #1310, .F. ) ;
#394 = VERTEX_POINT ( 'NONE', #782 ) ;
#395 = CARTESIAN_POINT ( 'NONE',  ( 78.99999999999998579, -13.40000000000009983, 10.00000000000000000 ) ) ;
#396 = AXIS2_PLACEMENT_3D ( 'NONE', #2024, #750, #331 ) ;
#397 = CARTESIAN_POINT ( 'NONE',  ( 78.99999999999998579, -13.40000000000009983, 14.00000000000000000 ) ) ;
#398 = VECTOR ( 'NONE', #1544, 1000.000000000000114 ) ;
#399 = EDGE_CURVE ( 'NONE', #1188, #2212, #1215, .T. ) ;
#400 = CARTESIAN_POINT ( 'NONE',  ( -27.00000000000000000, 85.00000000000000000, 10.00000000000000000 ) ) ;
#401 = CARTESIAN_POINT ( 'NONE',  ( 31.83500000000060481, 62.10000000000022169, 12.00000000000000000 ) ) ;
#402 = DIRECTION ( 'NONE',  ( -1.000000000000000000, 0.000000000000000000, -0.000000000000000000 ) ) ;
#403 = ORIENTED_EDGE ( 'NONE', *, *, #864, .F. ) ;
#404 = CARTESIAN_POINT ( 'NONE',  ( -83.70708661417303631, 13.67291143449066837, 10.00000000000000000 ) ) ;
#405 = EDGE_LOOP ( 'NONE', ( #2261, #3, #563, #1626, #340, #690, #237, #1163, #1855, #1237, #1081, #2443, #478, #721, #1268, #1799, #1971, #418, #556, #503, #2214, #736, #179, #2051, #1591 ) ) ;
#406 = EDGE_CURVE ( 'NONE', #2299, #2514, #589, .T. ) ;
#407 = ORIENTED_EDGE ( 'NONE', *, *, #541, .F. ) ;
#408 = DIRECTION ( 'NONE',  ( -4.081702296416016490E-16, -1.000000000000000000, -0.000000000000000000 ) ) ;
#409 = DIRECTION ( 'NONE',  ( -0.000000000000000000, -0.000000000000000000, 1.000000000000000000 ) ) ;
#410 = CARTESIAN_POINT ( 'NONE',  ( -1.200962406445481562E-15, -45.00000000000000000, 0.000000000000000000 ) ) ;
#411 = CARTESIAN_POINT ( 'NONE',  ( 49.83500000000060481, 2.100000000000224798, 14.00000000000000000 ) ) ;
#412 = EDGE_LOOP ( 'NONE', ( #930, #2021, #6, #34 ) ) ;
#413 = DIRECTION ( 'NONE',  ( 2.668805347656626062E-17, 1.000000000000000000, -0.000000000000000000 ) ) ;
#414 = EDGE_CURVE ( 'NONE', #1185, #2171, #1878, .T. ) ;
#415 = CARTESIAN_POINT ( 'NONE',  ( 22.52407779283040767, 85.00000000000000000, 0.000000000000000000 ) ) ;
#416 = EDGE_LOOP ( 'NONE', ( #1025, #1446, #73, #2201 ) ) ;
#417 = CARTESIAN_POINT ( 'NONE',  ( 89.99999999999997158, -35.00000000000000000, 10.00000000000000000 ) ) ;
#418 = ORIENTED_EDGE ( 'NONE', *, *, #2140, .T. ) ;
#419 = VERTEX_POINT ( 'NONE', #2083 ) ;
#420 = CIRCLE ( 'NONE', #2259, 5.000000000000000888 ) ;
#421 = CARTESIAN_POINT ( 'NONE',  ( -83.70708661417303631, 44.07291143449040050, 10.00000000000000000 ) ) ;
#422 = DIRECTION ( 'NONE',  ( -1.000000000000000000, 0.000000000000000000, 0.000000000000000000 ) ) ;
#423 = EDGE_CURVE ( 'NONE', #1981, #2229, #2396, .T. ) ;
#424 = VECTOR ( 'NONE', #1100, 1000.000000000000000 ) ;
#425 = CARTESIAN_POINT ( 'NONE',  ( 61.71572875253808377, -65.00000000000002842, 10.00000000000000000 ) ) ;
#426 = VECTOR ( 'NONE', #1524, 1000.000000000000000 ) ;
#427 = PLANE ( 'NONE',  #1870 ) ;
#428 = VECTOR ( 'NONE', #1856, 1000.000000000000000 ) ;
#429 = EDGE_LOOP ( 'NONE', ( #954, #294, #137, #1904 ) ) ;
#430 = DIRECTION ( 'NONE',  ( -1.000000000000000000, 0.000000000000000000, 0.000000000000000000 ) ) ;
#431 = FACE_BOUND ( 'NONE', #1999, .T. ) ;
#432 = CARTESIAN_POINT ( 'NONE',  ( -50.16499999999938808, 44.99999999999995026, 10.00000000000000000 ) ) ;
#433 = ORIENTED_EDGE ( 'NONE', *, *, #1274, .F. ) ;
#434 = EDGE_CURVE ( 'NONE', #2602, #1682, #1443, .T. ) ;
#435 = DIRECTION ( 'NONE',  ( 0.000000000000000000, 1.000000000000000000, -0.000000000000000000 ) ) ;
#436 = EDGE_LOOP ( 'NONE', ( #2009, #20 ) ) ;
#437 = ORIENTED_EDGE ( 'NONE', *, *, #837, .F. ) ;
#438 = DIRECTION ( 'NONE',  ( -0.000000000000000000, -0.000000000000000000, -1.000000000000000000 ) ) ;
#439 = CARTESIAN_POINT ( 'NONE',  ( -46.74999999999999289, -40.00000000000001421, 10.00000000000000000 ) ) ;
#440 = CARTESIAN_POINT ( 'NONE',  ( -28.99999999999999645, 85.00000000000000000, 10.00000000000000000 ) ) ;
#441 = CARTESIAN_POINT ( 'NONE',  ( 27.00000000000000000, 85.00000000000000000, 10.00000000000000000 ) ) ;
#442 = CONICAL_SURFACE ( 'NONE', #396, 5.000000000000000888, 0.05235987755983000091 ) ;
#443 = EDGE_CURVE ( 'NONE', #2704, #2596, #2072, .T. ) ;
#444 = DIRECTION ( 'NONE',  ( 1.000000000000000000, 0.000000000000000000, -0.000000000000000000 ) ) ;
#445 = DIRECTION ( 'NONE',  ( -0.000000000000000000, -0.000000000000000000, -1.000000000000000000 ) ) ;
#446 = CIRCLE ( 'NONE', #590, 41.23105625617662184 ) ;
#447 = ORIENTED_EDGE ( 'NONE', *, *, #2479, .F. ) ;
#448 = LINE ( 'NONE', #1305, #586 ) ;
#449 = ADVANCED_FACE ( 'NONE', ( #2321 ), #822, .T. ) ;
#450 = ORIENTED_EDGE ( 'NONE', *, *, #1661, .F. ) ;
#451 = VERTEX_POINT ( 'NONE', #1631 ) ;
#452 = LINE ( 'NONE', #1479, #2753 ) ;
#453 = CARTESIAN_POINT ( 'NONE',  ( 89.99999999999997158, -35.00000000000000000, 10.00000000000000000 ) ) ;
#454 = ADVANCED_FACE ( 'NONE', ( #1055 ), #368, .T. ) ;
#455 = DIRECTION ( 'NONE',  ( 0.000000000000000000, 1.000000000000000000, -0.000000000000000000 ) ) ;
#456 = DIRECTION ( 'NONE',  ( 1.000000000000000000, 5.331992157739238731E-15, 0.000000000000000000 ) ) ;
#457 = VERTEX_POINT ( 'NONE', #170 ) ;
#458 = CYLINDRICAL_SURFACE ( 'NONE', #475, 41.23105625617659342 ) ;
#459 = CARTESIAN_POINT ( 'NONE',  ( 44.99999999999999289, -40.00000000000001421, 10.00000000000000000 ) ) ;
#460 = EDGE_CURVE ( 'NONE', #2265, #882, #2122, .T. ) ;
#461 = VERTEX_POINT ( 'NONE', #143 ) ;
#462 = DIRECTION ( 'NONE',  ( 1.000000000000000000, -2.668805347656626062E-17, 0.000000000000000000 ) ) ;
#463 = VERTEX_POINT ( 'NONE', #1686 ) ;
#464 = ORIENTED_EDGE ( 'NONE', *, *, #353, .F. ) ;
#465 = CARTESIAN_POINT ( 'NONE',  ( 130.0000000000000568, 45.00000000000000000, 10.00000000000000000 ) ) ;
#466 = CARTESIAN_POINT ( 'NONE',  ( -1.200962406445481562E-15, -45.00000000000000000, 10.00000000000000000 ) ) ;
#467 = LINE ( 'NONE', #2613, #379 ) ;
#468 = ADVANCED_FACE ( 'NONE', ( #2714 ), #601, .T. ) ;
#469 = CARTESIAN_POINT ( 'NONE',  ( 130.0000000000000284, -4.009138700035289120E-14, 0.000000000000000000 ) ) ;
#470 = VECTOR ( 'NONE', #789, 1000.000000000000000 ) ;
#471 = ORIENTED_EDGE ( 'NONE', *, *, #47, .T. ) ;
#472 = CIRCLE ( 'NONE', #742, 10.00000000000006395 ) ;
#473 = LINE ( 'NONE', #56, #2492 ) ;
#474 = SHAPE_DEFINITION_REPRESENTATION ( #623, #156 ) ;
#475 = AXIS2_PLACEMENT_3D ( 'NONE', #883, #1314, #2183 ) ;
#476 = DIRECTION ( 'NONE',  ( -1.000000000000000000, 0.000000000000000000, 0.000000000000000000 ) ) ;
#478 = ORIENTED_EDGE ( 'NONE', *, *, #1385, .T. ) ;
#477 = CIRCLE ( 'NONE', #1058, 1.999999999999998224 ) ;
#479 = EDGE_LOOP ( 'NONE', ( #326, #2278, #1063, #2433 ) ) ;
#480 = CARTESIAN_POINT ( 'NONE',  ( -109.1212692998233820, 56.69104966961862857, 10.00000000000000000 ) ) ;
#481 = AXIS2_PLACEMENT_3D ( 'NONE', #395, #1224, #1671 ) ;
#482 = CARTESIAN_POINT ( 'NONE',  ( -50.16499999999938098, 62.10000000000021458, 14.00000000000000000 ) ) ;
#483 = EDGE_LOOP ( 'NONE', ( #890, #1848, #2379, #2077, #189, #922, #585, #2499 ) ) ;
#484 = DIRECTION ( 'NONE',  ( -0.000000000000000000, -0.000000000000000000, -1.000000000000000000 ) ) ;
#485 = DIRECTION ( 'NONE',  ( 0.000000000000000000, 0.000000000000000000, 1.000000000000000000 ) ) ;
#486 = DIRECTION ( 'NONE',  ( 1.000000000000000000, 0.000000000000000000, -0.000000000000000000 ) ) ;
#487 = EDGE_CURVE ( 'NONE', #1967, #1918, #2701, .T. ) ;
#488 = EDGE_LOOP ( 'NONE', ( #1823, #233, #1307, #2553 ) ) ;
#489 = DIRECTION ( 'NONE',  ( 0.000000000000000000, 0.000000000000000000, 1.000000000000000000 ) ) ;
#490 = AXIS2_PLACEMENT_3D ( 'NONE', #2068, #1195, #178 ) ;
#491 = ADVANCED_FACE ( 'NONE', ( #628 ), #1481, .F. ) ;
#492 = CIRCLE ( 'NONE', #2286, 2.274077792830418776 ) ;
#493 = DIRECTION ( 'NONE',  ( 1.000000000000000000, 0.000000000000000000, 0.000000000000000000 ) ) ;
#494 = EDGE_LOOP ( 'NONE', ( #2729, #624 ) ) ;
#495 = ORIENTED_EDGE ( 'NONE', *, *, #2637, .T. ) ;
#496 = FACE_OUTER_BOUND ( 'NONE', #888, .T. ) ;
#497 = AXIS2_PLACEMENT_3D ( 'NONE', #1205, #2706, #2064 ) ;
#498 = FACE_OUTER_BOUND ( 'NONE', #2016, .T. ) ;
#500 = EDGE_CURVE ( 'NONE', #580, #931, #1300, .T. ) ;
#499 = EDGE_LOOP ( 'NONE', ( #2092, #53 ) ) ;
#501 = CARTESIAN_POINT ( 'NONE',  ( -2.371872045036271479E-15, 13.67291143449067903, 4.000000000000000000 ) ) ;
#502 = DIRECTION ( 'NONE',  ( 1.000000000000000000, 0.000000000000000000, -0.000000000000000000 ) ) ;
#503 = ORIENTED_EDGE ( 'NONE', *, *, #2363, .F. ) ;
#504 = DIRECTION ( 'NONE',  ( 0.000000000000000000, 0.000000000000000000, -1.000000000000000000 ) ) ;
#505 = EDGE_CURVE ( 'NONE', #2025, #704, #642, .T. ) ;
#506 = DIRECTION ( 'NONE',  ( -0.000000000000000000, -0.000000000000000000, -1.000000000000000000 ) ) ;
#507 = ORIENTED_EDGE ( 'NONE', *, *, #1489, .F. ) ;
#508 = ORIENTED_EDGE ( 'NONE', *, *, #406, .F. ) ;
#509 = DIRECTION ( 'NONE',  ( -0.000000000000000000, -0.000000000000000000, -1.000000000000000000 ) ) ;
#510 = DIRECTION ( 'NONE',  ( 1.000000000000000000, 0.000000000000000000, 0.000000000000000000 ) ) ;
#511 = ORIENTED_EDGE ( 'NONE', *, *, #131, .F. ) ;
#512 = DIRECTION ( 'NONE',  ( 1.000000000000000000, 0.000000000000000000, 0.000000000000000000 ) ) ;
#513 = DIRECTION ( 'NONE',  ( 0.000000000000000000, 0.000000000000000000, 1.000000000000000000 ) ) ;
#514 = ORIENTED_EDGE ( 'NONE', *, *, #2724, .F. ) ;
#515 = VECTOR ( 'NONE', #869, 1000.000000000000000 ) ;
#516 = CARTESIAN_POINT ( 'NONE',  ( 44.99999999999999289, -40.00000000000000000, 10.00000000000000000 ) ) ;
#517 = VECTOR ( 'NONE', #2388, 1000.000000000000000 ) ;
#518 = AXIS2_PLACEMENT_3D ( 'NONE', #1927, #2386, #2781 ) ;
#519 = FACE_OUTER_BOUND ( 'NONE', #1051, .T. ) ;
#520 = ORIENTED_EDGE ( 'NONE', *, *, #765, .T. ) ;
#521 = EDGE_CURVE ( 'NONE', #2330, #461, #1341, .T. ) ;
#522 = AXIS2_PLACEMENT_3D ( 'NONE', #2141, #564, #376 ) ;
#523 = VERTEX_POINT ( 'NONE', #1758 ) ;
#524 = DIRECTION ( 'NONE',  ( -0.000000000000000000, -0.000000000000000000, 1.000000000000000000 ) ) ;
#525 = LINE ( 'NONE', #2656, #2137 ) ;
#526 = CIRCLE ( 'NONE', #1820, 41.23105625617662184 ) ;
#527 = EDGE_LOOP ( 'NONE', ( #2400, #1066, #1710, #949 ) ) ;
#528 = CONICAL_SURFACE ( 'NONE', #572, 4.999999999999997335, 0.05235987755983000091 ) ;
#529 = CARTESIAN_POINT ( 'NONE',  ( -119.9999999999999716, 13.67291143449066126, 10.00000000000000000 ) ) ;
#530 = CARTESIAN_POINT ( 'NONE',  ( -119.9999999999999716, 44.07291143449040050, 10.00000000000000000 ) ) ;
#531 = VERTEX_POINT ( 'NONE', #1745 ) ;
#532 = DIRECTION ( 'NONE',  ( -1.000000000000000000, 0.000000000000000000, 0.000000000000000000 ) ) ;
#533 = EDGE_CURVE ( 'NONE', #2554, #2357, #2193, .T. ) ;
#534 = DIRECTION ( 'NONE',  ( -1.000000000000000000, -1.541976423090496619E-16, 0.000000000000000000 ) ) ;
#535 = EDGE_LOOP ( 'NONE', ( #279, #1594, #1764, #2649 ) ) ;
#536 = AXIS2_PLACEMENT_3D ( 'NONE', #2746, #2055, #125 ) ;
#537 = ORIENTED_EDGE ( 'NONE', *, *, #1610, .T. ) ;
#538 = CARTESIAN_POINT ( 'NONE',  ( 106.2070866141730079, 24.07291143449042892, 4.000000000000000000 ) ) ;
#539 = LINE ( 'NONE', #1590, #808 ) ;
#540 = CARTESIAN_POINT ( 'NONE',  ( -119.9999999999999716, 44.99999999999995737, 10.00000000000000000 ) ) ;
#541 = EDGE_CURVE ( 'NONE', #909, #2427, #863, .T. ) ;
#542 = AXIS2_PLACEMENT_3D ( 'NONE', #459, #618, #1516 ) ;
#543 = LINE ( 'NONE', #1791, #1230 ) ;
#544 = EDGE_LOOP ( 'NONE', ( #639, #1812, #961, #650 ) ) ;
#545 = CARTESIAN_POINT ( 'NONE',  ( -119.9999999999999716, 44.99999999999995737, 14.00000000000000000 ) ) ;
#546 = ADVANCED_FACE ( 'NONE', ( #257 ), #2599, .T. ) ;
#547 = EDGE_CURVE ( 'NONE', #351, #259, #2153, .T. ) ;
#548 = CARTESIAN_POINT ( 'NONE',  ( -61.71572875253809798, -65.00000000000000000, 10.00000000000000000 ) ) ;
#549 = ORIENTED_EDGE ( 'NONE', *, *, #166, .T. ) ;
#550 = ORIENTED_EDGE ( 'NONE', *, *, #423, .F. ) ;
#551 = LINE ( 'NONE', #1919, #428 ) ;
#552 = CYLINDRICAL_SURFACE ( 'NONE', #30, 15.00000000000333067 ) ;
#553 = EDGE_LOOP ( 'NONE', ( #1751, #1448, #1539, #1545 ) ) ;
#554 = DIRECTION ( 'NONE',  ( 0.000000000000000000, 0.000000000000000000, -1.000000000000000000 ) ) ;
#555 = DIRECTION ( 'NONE',  ( -0.000000000000000000, -0.000000000000000000, -1.000000000000000000 ) ) ;
#556 = ORIENTED_EDGE ( 'NONE', *, *, #197, .T. ) ;
#557 = EDGE_CURVE ( 'NONE', #1251, #1506, #1493, .T. ) ;
#558 = DIRECTION ( 'NONE',  ( -1.000000000000000000, 0.000000000000000000, 0.000000000000000000 ) ) ;
#559 = ADVANCED_FACE ( 'NONE', ( #894 ), #1974, .F. ) ;
#560 = ORIENTED_EDGE ( 'NONE', *, *, #366, .T. ) ;
#561 = LINE ( 'NONE', #1653, #2018 ) ;
#562 = LINE ( 'NONE', #1206, #1734 ) ;
#563 = ORIENTED_EDGE ( 'NONE', *, *, #1859, .F. ) ;
#564 = DIRECTION ( 'NONE',  ( 0.000000000000000000, 0.000000000000000000, -1.000000000000000000 ) ) ;
#565 = DIRECTION ( 'NONE',  ( -1.000000000000000000, 0.000000000000000000, 0.000000000000000000 ) ) ;
#567 = ORIENTED_EDGE ( 'NONE', *, *, #2390, .F. ) ;
#566 = CIRCLE ( 'NONE', #2129, 4.999999999999997335 ) ;
#568 = EDGE_CURVE ( 'NONE', #2115, #1963, #467, .T. ) ;
#569 = VECTOR ( 'NONE', #919, 1000.000000000000114 ) ;
#570 = DIRECTION ( 'NONE',  ( 0.000000000000000000, 1.000000000000000000, 0.000000000000000000 ) ) ;
#571 = CARTESIAN_POINT ( 'NONE',  ( -83.70708661417303631, 44.99999999999995737, 10.00000000000000000 ) ) ;
#572 = AXIS2_PLACEMENT_3D ( 'NONE', #111, #977, #2699 ) ;
#573 = ORIENTED_EDGE ( 'NONE', *, *, #234, .F. ) ;
#574 = DIRECTION ( 'NONE',  ( 1.000000000000000000, 0.000000000000000000, 0.000000000000000000 ) ) ;
#575 = AXIS2_PLACEMENT_3D ( 'NONE', #2456, #1810, #510 ) ;
#576 = EDGE_CURVE ( 'NONE', #831, #200, #270, .T. ) ;
#577 = CARTESIAN_POINT ( 'NONE',  ( 63.70708661417304342, 13.67291143449068436, 10.00000000000000000 ) ) ;
#578 = EDGE_CURVE ( 'NONE', #969, #2585, #1462, .T. ) ;
#579 = ORIENTED_EDGE ( 'NONE', *, *, #1444, .T. ) ;
#580 = VERTEX_POINT ( 'NONE', #2405 ) ;
#581 = FACE_BOUND ( 'NONE', #1561, .T. ) ;
#582 = CARTESIAN_POINT ( 'NONE',  ( 47.27407779283040412, -40.00000000000001421, 0.000000000000000000 ) ) ;
#583 = EDGE_CURVE ( 'NONE', #1645, #1703, #228, .T. ) ;
#584 = AXIS2_PLACEMENT_3D ( 'NONE', #1616, #1410, #2471 ) ;
#585 = ORIENTED_EDGE ( 'NONE', *, *, #2192, .T. ) ;
#586 = VECTOR ( 'NONE', #435, 1000.000000000000000 ) ;
#587 = CARTESIAN_POINT ( 'NONE',  ( 27.25000000000000000, 85.60000000000023590, 10.00000000000000000 ) ) ;
#588 = EDGE_CURVE ( 'NONE', #969, #2707, #1510, .T. ) ;
#589 = LINE ( 'NONE', #571, #610 ) ;
#590 = AXIS2_PLACEMENT_3D ( 'NONE', #816, #174, #1458 ) ;
#591 = CARTESIAN_POINT ( 'NONE',  ( -45.00000000000000711, -39.99999999999998579, 10.00000000000000000 ) ) ;
#592 = ORIENTED_EDGE ( 'NONE', *, *, #2561, .F. ) ;
#593 = LINE ( 'NONE', #1890, #1748 ) ;
#594 = CARTESIAN_POINT ( 'NONE',  ( 4.259012084747140277E-15, -102.3091986265625195, 14.00000000000000000 ) ) ;
#595 = ORIENTED_EDGE ( 'NONE', *, *, #1580, .F. ) ;
#596 = EDGE_CURVE ( 'NONE', #609, #2593, #1930, .T. ) ;
#597 = LINE ( 'NONE', #138, #1774 ) ;
#598 = DIRECTION ( 'NONE',  ( -0.000000000000000000, -0.000000000000000000, -1.000000000000000000 ) ) ;
#599 = ORIENTED_EDGE ( 'NONE', *, *, #802, .F. ) ;
#600 = LINE ( 'NONE', #2096, #1109 ) ;
#601 = CYLINDRICAL_SURFACE ( 'NONE', #1009, 10.00000000000002309 ) ;
#602 = FACE_OUTER_BOUND ( 'NONE', #1168, .T. ) ;
#603 = ORIENTED_EDGE ( 'NONE', *, *, #588, .F. ) ;
#604 = DIRECTION ( 'NONE',  ( -0.000000000000000000, -0.000000000000000000, -1.000000000000000000 ) ) ;
#605 = DIRECTION ( 'NONE',  ( 0.000000000000000000, -1.000000000000000000, 0.000000000000000000 ) ) ;
#606 = ORIENTED_EDGE ( 'NONE', *, *, #87, .F. ) ;
#607 = CARTESIAN_POINT ( 'NONE',  ( -49.99999999999998579, -40.00000000000001421, 10.00000000000000000 ) ) ;
#608 = EDGE_CURVE ( 'NONE', #1007, #1167, #2557, .T. ) ;
#609 = VERTEX_POINT ( 'NONE', #1943 ) ;
#610 = VECTOR ( 'NONE', #1018, 1000.000000000000000 ) ;
#611 = DIRECTION ( 'NONE',  ( -8.673617379884041635E-17, 1.000000000000000000, 0.000000000000000000 ) ) ;
#612 = CIRCLE ( 'NONE', #2176, 2.274077792830418776 ) ;
#613 = LINE ( 'NONE', #157, #1414 ) ;
#614 = CARTESIAN_POINT ( 'NONE',  ( 8.518024169494269511E-15, -102.3091986265623206, 10.00000000000000000 ) ) ;
#616 = EDGE_CURVE ( 'NONE', #2623, #2413, #9, .T. ) ;
#615 = AXIS2_PLACEMENT_3D ( 'NONE', #1775, #1312, #10 ) ;
#617 = CIRCLE ( 'NONE', #1059, 10.00000000000002309 ) ;
#618 = DIRECTION ( 'NONE',  ( -0.000000000000000000, -0.000000000000000000, -1.000000000000000000 ) ) ;
#619 = EDGE_CURVE ( 'NONE', #831, #1247, #2043, .T. ) ;
#620 = LINE ( 'NONE', #2126, #515 ) ;
#621 = VERTEX_POINT ( 'NONE', #421 ) ;
#622 = DIRECTION ( 'NONE',  ( -0.000000000000000000, -0.000000000000000000, -1.000000000000000000 ) ) ;
#623 = PRODUCT_DEFINITION_SHAPE ( 'NONE', 'NONE',  #780 ) ;
#624 = ORIENTED_EDGE ( 'NONE', *, *, #857, .T. ) ;
#625 = VERTEX_POINT ( 'NONE', #1321 ) ;
#626 = LINE ( 'NONE', #2506, #1470 ) ;
#627 = CIRCLE ( 'NONE', #2684, 190.0000000000000000 ) ;
#628 = FACE_OUTER_BOUND ( 'NONE', #790, .T. ) ;
#629 = VECTOR ( 'NONE', #304, 1000.000000000000000 ) ;
#630 = EDGE_CURVE ( 'NONE', #347, #2436, #612, .T. ) ;
#631 = CARTESIAN_POINT ( 'NONE',  ( -50.16499999999938098, 62.10000000000021458, 4.000000000000000000 ) ) ;
#632 = CARTESIAN_POINT ( 'NONE',  ( 61.71572875253808377, -65.00000000000002842, 0.000000000000000000 ) ) ;
#633 = CARTESIAN_POINT ( 'NONE',  ( 1.835000000000607034, 79.10000000000022169, 12.00000000000000000 ) ) ;
#634 = VECTOR ( 'NONE', #2110, 1000.000000000000000 ) ;
#635 = VERTEX_POINT ( 'NONE', #1279 ) ;
#636 = EDGE_CURVE ( 'NONE', #2654, #2666, #1773, .T. ) ;
#637 = LINE ( 'NONE', #1923, #2686 ) ;
#638 = ORIENTED_EDGE ( 'NONE', *, *, #1118, .F. ) ;
#639 = ORIENTED_EDGE ( 'NONE', *, *, #1498, .F. ) ;
#640 = DIRECTION ( 'NONE',  ( -0.000000000000000000, -0.000000000000000000, 1.000000000000000000 ) ) ;
#641 = LINE ( 'NONE', #439, #299 ) ;
#642 = LINE ( 'NONE', #1959, #2346 ) ;
#643 = CARTESIAN_POINT ( 'NONE',  ( 126.3157894736842195, 52.75311571718751935, 0.000000000000000000 ) ) ;
#644 = ADVANCED_FACE ( 'NONE', ( #226 ), #1678, .T. ) ;
#645 = DIRECTION ( 'NONE',  ( 0.000000000000000000, 0.000000000000000000, -1.000000000000000000 ) ) ;
#646 = CARTESIAN_POINT ( 'NONE',  ( -119.9999999999999716, 54.18291143449044966, 10.00000000000000000 ) ) ;
#647 = CARTESIAN_POINT ( 'NONE',  ( -119.9999999999999716, 62.10000000000021458, 10.00000000000000000 ) ) ;
#648 = VERTEX_POINT ( 'NONE', #1068 ) ;
#649 = CARTESIAN_POINT ( 'NONE',  ( 109.1212692998233393, 59.69104966961863568, 10.00000000000000000 ) ) ;
#650 = ORIENTED_EDGE ( 'NONE', *, *, #2172, .T. ) ;
#651 = EDGE_LOOP ( 'NONE', ( #365, #2481, #495, #1651 ) ) ;
#652 = DIRECTION ( 'NONE',  ( 1.000000000000000000, 0.000000000000000000, 0.000000000000000000 ) ) ;
#653 = CARTESIAN_POINT ( 'NONE',  ( -50.59016994374947274, -45.00000000000000000, 10.00000000000000000 ) ) ;
#655 = EDGE_CURVE ( 'NONE', #2256, #965, #684, .T. ) ;
#654 = VECTOR ( 'NONE', #2097, 1000.000000000000000 ) ;
#656 = CARTESIAN_POINT ( 'NONE',  ( 89.99999999999997158, -34.99999999999995737, 14.00000000000000000 ) ) ;
#657 = CIRCLE ( 'NONE', #1374, 3.000000000000002665 ) ;
#658 = DIRECTION ( 'NONE',  ( -0.000000000000000000, -0.000000000000000000, -1.000000000000000000 ) ) ;
#659 = AXIS2_PLACEMENT_3D ( 'NONE', #545, #2224, #117 ) ;
#660 = ORIENTED_EDGE ( 'NONE', *, *, #1270, .F. ) ;
#661 = CARTESIAN_POINT ( 'NONE',  ( 8.518024169494269511E-15, -102.3091986265623206, 0.000000000000000000 ) ) ;
#662 = AXIS2_PLACEMENT_3D ( 'NONE', #229, #1747, #26 ) ;
#663 = AXIS2_PLACEMENT_3D ( 'NONE', #2081, #409, #1265 ) ;
#664 = ORIENTED_EDGE ( 'NONE', *, *, #325, .T. ) ;
#665 = EDGE_CURVE ( 'NONE', #1218, #909, #1148, .T. ) ;
#666 = CARTESIAN_POINT ( 'NONE',  ( -130.0000000000000284, 45.00000000000000000, 14.00000000000000000 ) ) ;
#667 = ORIENTED_EDGE ( 'NONE', *, *, #596, .T. ) ;
#668 = ORIENTED_EDGE ( 'NONE', *, *, #2119, .F. ) ;
#669 = LINE ( 'NONE', #1911, #1325 ) ;
#670 = CARTESIAN_POINT ( 'NONE',  ( -32.00000000000000000, 85.00000000000000000, 10.00000000000000000 ) ) ;
#671 = EDGE_CURVE ( 'NONE', #68, #2681, #669, .T. ) ;
#672 = CARTESIAN_POINT ( 'NONE',  ( -90.00000000000000000, -34.99999999999996447, 14.00000000000000000 ) ) ;
#673 = CIRCLE ( 'NONE', #1342, 10.00000000000031442 ) ;
#674 = EDGE_LOOP ( 'NONE', ( #2607, #814, #664, #242, #1546, #1869, #1556, #1263 ) ) ;
#675 = CARTESIAN_POINT ( 'NONE',  ( -27.00000000000000000, 85.00000000000000000, 0.000000000000000000 ) ) ;
#676 = CARTESIAN_POINT ( 'NONE',  ( -1.200962406445481562E-15, -45.00000000000000000, 0.000000000000000000 ) ) ;
#677 = PRODUCT_DEFINITION_CONTEXT ( 'detailed design', #374, 'design' ) ;
#678 = AXIS2_PLACEMENT_3D ( 'NONE', #372, #1229, #2271 ) ;
#679 = ORIENTED_EDGE ( 'NONE', *, *, #112, .T. ) ;
#680 = DIRECTION ( 'NONE',  ( 0.000000000000000000, 0.000000000000000000, -1.000000000000000000 ) ) ;
#681 = ORIENTED_EDGE ( 'NONE', *, *, #2082, .F. ) ;
#682 = EDGE_CURVE ( 'NONE', #523, #1223, #904, .T. ) ;
#683 = ORIENTED_EDGE ( 'NONE', *, *, #1738, .F. ) ;
#684 = LINE ( 'NONE', #2331, #1953 ) ;
#685 = DIRECTION ( 'NONE',  ( 1.000000000000000000, -2.668805347656626062E-17, 0.000000000000000000 ) ) ;
#686 = DIRECTION ( 'NONE',  ( 1.000000000000000000, 0.000000000000000000, -0.000000000000000000 ) ) ;
#687 = CARTESIAN_POINT ( 'NONE',  ( 1.835000000000607034, 79.10000000000022169, 12.00000000000000000 ) ) ;
#688 = ORIENTED_EDGE ( 'NONE', *, *, #2737, .T. ) ;
#689 = DIRECTION ( 'NONE',  ( -4.081702296416016490E-16, -1.000000000000000000, -0.000000000000000000 ) ) ;
#690 = ORIENTED_EDGE ( 'NONE', *, *, #2111, .F. ) ;
#691 = CARTESIAN_POINT ( 'NONE',  ( -43.24999999999999289, -40.00000000000001421, 10.00000000000000000 ) ) ;
#692 = ORIENTED_EDGE ( 'NONE', *, *, #2268, .F. ) ;
#693 = VERTEX_POINT ( 'NONE', #1756 ) ;
#694 = FACE_OUTER_BOUND ( 'NONE', #1474, .T. ) ;
#695 = PLANE ( 'NONE',  #2761 ) ;
#696 = EDGE_CURVE ( 'NONE', #224, #2042, #2765, .T. ) ;
#697 = EDGE_LOOP ( 'NONE', ( #1749, #994, #2469, #305 ) ) ;
#698 = DIRECTION ( 'NONE',  ( 0.05233595624294395260, 0.000000000000000000, -0.9986295347545739443 ) ) ;
#699 = VECTOR ( 'NONE', #274, 1000.000000000000000 ) ;
#700 = DIRECTION ( 'NONE',  ( 0.000000000000000000, 0.000000000000000000, -1.000000000000000000 ) ) ;
#701 = EDGE_CURVE ( 'NONE', #2554, #2466, #1097, .T. ) ;
#702 = AXIS2_PLACEMENT_3D ( 'NONE', #97, #948, #1803 ) ;
#703 = DIRECTION ( 'NONE',  ( 1.000000000000000000, 0.000000000000000000, 0.000000000000000000 ) ) ;
#704 = VERTEX_POINT ( 'NONE', #1507 ) ;
#705 = CONICAL_SURFACE ( 'NONE', #1048, 4.999999999999997335, 0.05235987755983000091 ) ;
#706 = PLANE ( 'NONE',  #1867 ) ;
#707 = CIRCLE ( 'NONE', #293, 2.524077792830412115 ) ;
#708 = ADVANCED_FACE ( 'NONE', ( #1521 ), #2359, .F. ) ;
#709 = LINE ( 'NONE', #2210, #2417 ) ;
#710 = ORIENTED_EDGE ( 'NONE', *, *, #334, .F. ) ;
#711 = ORIENTED_EDGE ( 'NONE', *, *, #153, .F. ) ;
#712 = DIRECTION ( 'NONE',  ( 1.000000000000000000, 0.000000000000000000, 0.000000000000000000 ) ) ;
#713 = VECTOR ( 'NONE', #945, 1000.000000000000000 ) ;
#714 = LINE ( 'NONE', #1170, #713 ) ;
#715 = DIRECTION ( 'NONE',  ( 0.000000000000000000, 1.000000000000000000, -0.000000000000000000 ) ) ;
#716 = LINE ( 'NONE', #2421, #1099 ) ;
#717 = ORIENTED_EDGE ( 'NONE', *, *, #2692, .F. ) ;
#718 = EDGE_CURVE ( 'NONE', #1356, #1167, #1297, .T. ) ;
#719 = DIRECTION ( 'NONE',  ( 1.000000000000000000, 0.000000000000000000, 0.000000000000000000 ) ) ;
#720 = CARTESIAN_POINT ( 'NONE',  ( 19.82439395379141800, 86.65374325455067606, 5.000000000000000000 ) ) ;
#721 = ORIENTED_EDGE ( 'NONE', *, *, #281, .T. ) ;
#722 = ADVANCED_FACE ( 'NONE', ( #1534 ), #2342, .T. ) ;
#723 = ORIENTED_EDGE ( 'NONE', *, *, #1623, .F. ) ;
#724 = DIRECTION ( 'NONE',  ( 1.000000000000000000, 0.000000000000000000, 0.000000000000000000 ) ) ;
#725 = CARTESIAN_POINT ( 'NONE',  ( -130.0000000000000000, -44.99999999999998579, 14.00000000000000000 ) ) ;
#726 = DIRECTION ( 'NONE',  ( 1.000000000000000000, -4.081702296416016490E-16, 0.000000000000000000 ) ) ;
#727 = DIRECTION ( 'NONE',  ( 1.000000000000000000, 0.000000000000000000, 0.000000000000000000 ) ) ;
#728 = EDGE_LOOP ( 'NONE', ( #1753, #317 ) ) ;
#729 = FACE_OUTER_BOUND ( 'NONE', #2608, .T. ) ;
#730 = CARTESIAN_POINT ( 'NONE',  ( -120.0000000000000142, 45.00000000000000000, 0.000000000000000000 ) ) ;
#731 = EDGE_CURVE ( 'NONE', #2632, #986, #2609, .T. ) ;
#732 = ORIENTED_EDGE ( 'NONE', *, *, #1079, .T. ) ;
#733 = ORIENTED_EDGE ( 'NONE', *, *, #2658, .F. ) ;
#734 = DIRECTION ( 'NONE',  ( 1.000000000000000000, 0.000000000000000000, -0.000000000000000000 ) ) ;
#735 = DIRECTION ( 'NONE',  ( 1.000000000000000000, 0.000000000000000000, 0.000000000000000000 ) ) ;
#736 = ORIENTED_EDGE ( 'NONE', *, *, #1569, .T. ) ;
#737 = CARTESIAN_POINT ( 'NONE',  ( 112.1212692998233535, 0.000000000000000000, 0.000000000000000000 ) ) ;
#738 = EDGE_CURVE ( 'NONE', #2299, #870, #452, .T. ) ;
#739 = LINE ( 'NONE', #2002, #57 ) ;
#740 = ORIENTED_EDGE ( 'NONE', *, *, #1859, .T. ) ;
#741 = FACE_OUTER_BOUND ( 'NONE', #772, .T. ) ;
#742 = AXIS2_PLACEMENT_3D ( 'NONE', #2264, #513, #978 ) ;
#743 = VECTOR ( 'NONE', #80, 1000.000000000000000 ) ;
#744 = CYLINDRICAL_SURFACE ( 'NONE', #1207, 3.000000000000002665 ) ;
#745 = ORIENTED_EDGE ( 'NONE', *, *, #738, .T. ) ;
#746 = AXIS2_PLACEMENT_3D ( 'NONE', #2029, #2650, #1849 ) ;
#747 = ORIENTED_EDGE ( 'NONE', *, *, #1585, .F. ) ;
#748 = EDGE_CURVE ( 'NONE', #2257, #31, #1942, .T. ) ;
#749 = DIRECTION ( 'NONE',  ( 0.000000000000000000, -0.000000000000000000, -1.000000000000000000 ) ) ;
#750 = DIRECTION ( 'NONE',  ( -0.000000000000000000, -0.000000000000000000, 1.000000000000000000 ) ) ;
#751 = ORIENTED_EDGE ( 'NONE', *, *, #748, .F. ) ;
#752 = PRESENTATION_LAYER_ASSIGNMENT (  '', '', ( #1733 ) ) ;
#753 = CARTESIAN_POINT ( 'NONE',  ( 83.70708661417303631, 0.000000000000000000, 14.00000000000000000 ) ) ;
#754 = CARTESIAN_POINT ( 'NONE',  ( 31.83500000000061192, 79.10000000000022169, 12.00000000000000000 ) ) ;
#755 = ORIENTED_EDGE ( 'NONE', *, *, #216, .T. ) ;
#756 = ADVANCED_FACE ( 'NONE', ( #876 ), #254, .F. ) ;
#757 = PLANE ( 'NONE',  #1958 ) ;
#758 = VECTOR ( 'NONE', #933, 1000.000000000000000 ) ;
#759 = DIRECTION ( 'NONE',  ( 0.000000000000000000, 1.000000000000000000, 0.000000000000000000 ) ) ;
#760 = CARTESIAN_POINT ( 'NONE',  ( -45.00000000000000711, -39.99999999999998579, 0.000000000000000000 ) ) ;
#761 = VECTOR ( 'NONE', #1177, 1000.000000000000000 ) ;
#762 = ORIENTED_EDGE ( 'NONE', *, *, #2060, .F. ) ;
#763 = CARTESIAN_POINT ( 'NONE',  ( -119.9999999999999716, 44.99999999999995737, 10.00000000000000000 ) ) ;
#764 = CARTESIAN_POINT ( 'NONE',  ( 112.1212692998233535, 0.000000000000000000, 10.00000000000000000 ) ) ;
#765 = EDGE_CURVE ( 'NONE', #2299, #2115, #944, .T. ) ;
#766 = ORIENTED_EDGE ( 'NONE', *, *, #2424, .F. ) ;
#767 = CARTESIAN_POINT ( 'NONE',  ( 63.70708661417304342, 54.18291143449048519, 4.000000000000000000 ) ) ;
#768 = AXIS2_PLACEMENT_3D ( 'NONE', #14, #1315, #2349 ) ;
#769 = CARTESIAN_POINT ( 'NONE',  ( -45.00000000000000711, -39.99999999999998579, 10.00000000000000000 ) ) ;
#770 = EDGE_LOOP ( 'NONE', ( #141, #1788, #1440, #818 ) ) ;
#771 = DIRECTION ( 'NONE',  ( -3.083952846180990774E-16, -1.000000000000000000, 0.000000000000000000 ) ) ;
#772 = EDGE_LOOP ( 'NONE', ( #373, #27, #981, #1402 ) ) ;
#773 = CARTESIAN_POINT ( 'NONE',  ( 60.41319762332421561, -45.00000000000000000, 0.000000000000000000 ) ) ;
#774 = ORIENTED_EDGE ( 'NONE', *, *, #37, .T. ) ;
#775 = APPLICATION_CONTEXT ( 'automotive_design' ) ;
#776 = ORIENTED_EDGE ( 'NONE', *, *, #434, .T. ) ;
#777 = CARTESIAN_POINT ( 'NONE',  ( -50.16499999999938808, 2.100000000000210587, 10.00000000000000000 ) ) ;
#778 = CARTESIAN_POINT ( 'NONE',  ( -50.16499999999938808, 5.801493544825031125E-15, 14.00000000000000000 ) ) ;
#779 = ORIENTED_EDGE ( 'NONE', *, *, #866, .T. ) ;
#780 = PRODUCT_DEFINITION ( 'UNKNOWN', '', #1255, #677 ) ;
#781 = LINE ( 'NONE', #2296, #69 ) ;
#782 = CARTESIAN_POINT ( 'NONE',  ( -61.71572875253809798, -65.00000000000000000, 0.000000000000000000 ) ) ;
#783 = ORIENTED_EDGE ( 'NONE', *, *, #2663, .F. ) ;
#784 = EDGE_CURVE ( 'NONE', #164, #2554, #2231, .T. ) ;
#785 = PLANE ( 'NONE',  #1912 ) ;
#786 = AXIS2_PLACEMENT_3D ( 'NONE', #2337, #825, #1473 ) ;
#787 = CARTESIAN_POINT ( 'NONE',  ( -90.00000000000000000, -34.99999999999999289, 0.000000000000000000 ) ) ;
#788 = VECTOR ( 'NONE', #1815, 1000.000000000000000 ) ;
#789 = DIRECTION ( 'NONE',  ( -0.000000000000000000, -0.000000000000000000, 1.000000000000000000 ) ) ;
#790 = EDGE_LOOP ( 'NONE', ( #2780, #603, #90, #856 ) ) ;
#791 = AXIS2_PLACEMENT_3D ( 'NONE', #1995, #1826, #2428 ) ;
#792 = ADVANCED_FACE ( 'NONE', ( #1770 ), #1143, .F. ) ;
#793 = PLANE ( 'NONE',  #2045 ) ;
#794 = DIRECTION ( 'NONE',  ( 0.000000000000000000, 0.000000000000000000, -1.000000000000000000 ) ) ;
#796 = EDGE_LOOP ( 'NONE', ( #2113, #437, #1156, #371 ) ) ;
#795 = CIRCLE ( 'NONE', #1327, 2.274077792830418776 ) ;
#797 = AXIS2_PLACEMENT_3D ( 'NONE', #1805, #2662, #2285 ) ;
#798 = DIRECTION ( 'NONE',  ( 1.000000000000000000, 5.331992157739238731E-15, 0.000000000000000000 ) ) ;
#799 = CARTESIAN_POINT ( 'NONE',  ( 119.9999999999999858, 45.00000000000000000, 10.00000000000000000 ) ) ;
#800 = VECTOR ( 'NONE', #283, 1000.000000000000000 ) ;
#801 = CARTESIAN_POINT ( 'NONE',  ( -106.2070866141730079, 24.07291143449040405, 4.000000000000000000 ) ) ;
#802 = EDGE_CURVE ( 'NONE', #913, #1356, #955, .T. ) ;
#803 = DIRECTION ( 'NONE',  ( 1.000000000000000000, 0.000000000000000000, 0.000000000000000000 ) ) ;
#804 = CARTESIAN_POINT ( 'NONE',  ( -106.2070866141730079, 0.000000000000000000, 4.000000000000000000 ) ) ;
#805 = VERTEX_POINT ( 'NONE', #1577 ) ;
#806 = DIRECTION ( 'NONE',  ( 1.000000000000000000, 0.000000000000000000, 0.000000000000000000 ) ) ;
#807 = DIRECTION ( 'NONE',  ( 0.000000000000000000, 0.000000000000000000, -1.000000000000000000 ) ) ;
#808 = VECTOR ( 'NONE', #1827, 1000.000000000000000 ) ;
#809 = ORIENTED_EDGE ( 'NONE', *, *, #234, .T. ) ;
#810 = EDGE_CURVE ( 'NONE', #1185, #1703, #2266, .T. ) ;
#811 = SURFACE_STYLE_FILL_AREA ( #2529 ) ;
#812 = CARTESIAN_POINT ( 'NONE',  ( -44.99999999999999289, -40.00000000000001421, 10.00000000000000000 ) ) ;
#813 = PLANE ( 'NONE',  #1378 ) ;
#814 = ORIENTED_EDGE ( 'NONE', *, *, #1680, .T. ) ;
#815 = ADVANCED_FACE ( 'NONE', ( #915 ), #2023, .T. ) ;
#816 = CARTESIAN_POINT ( 'NONE',  ( 89.99999999999997158, -35.00000000000000000, 0.000000000000000000 ) ) ;
#817 = ORIENTED_EDGE ( 'NONE', *, *, #630, .T. ) ;
#818 = ORIENTED_EDGE ( 'NONE', *, *, #2483, .T. ) ;
#819 = FACE_OUTER_BOUND ( 'NONE', #19, .T. ) ;
#820 = ORIENTED_EDGE ( 'NONE', *, *, #696, .F. ) ;
#821 = DIRECTION ( 'NONE',  ( 0.000000000000000000, 0.000000000000000000, -1.000000000000000000 ) ) ;
#822 = PLANE ( 'NONE',  #1187 ) ;
#823 = DIRECTION ( 'NONE',  ( -0.000000000000000000, -0.000000000000000000, -1.000000000000000000 ) ) ;
#824 = CARTESIAN_POINT ( 'NONE',  ( 93.99999999999998579, -13.40000000000009983, 4.000000000000000000 ) ) ;
#825 = DIRECTION ( 'NONE',  ( 0.000000000000000000, -0.000000000000000000, -1.000000000000000000 ) ) ;
#826 = ORIENTED_EDGE ( 'NONE', *, *, #443, .T. ) ;
#827 = CARTESIAN_POINT ( 'NONE',  ( 126.3157894736842195, 52.75311571718751935, 10.00000000000000000 ) ) ;
#828 = ORIENTED_EDGE ( 'NONE', *, *, #66, .F. ) ;
#829 = EDGE_CURVE ( 'NONE', #1251, #394, #290, .T. ) ;
#830 = VECTOR ( 'NONE', #196, 1000.000000000000000 ) ;
#831 = VERTEX_POINT ( 'NONE', #2401 ) ;
#832 = CARTESIAN_POINT ( 'NONE',  ( -1.185936022518135740E-15, 13.67291143449067903, 4.000000000000000000 ) ) ;
#833 = VECTOR ( 'NONE', #25, 1000.000000000000000 ) ;
#834 = CARTESIAN_POINT ( 'NONE',  ( -119.9999999999999716, 62.10000000000021458, 10.00000000000000000 ) ) ;
#835 = DIRECTION ( 'NONE',  ( 0.000000000000000000, -0.000000000000000000, -1.000000000000000000 ) ) ;
#836 = AXIS2_PLACEMENT_3D ( 'NONE', #1186, #2493, #574 ) ;
#837 = EDGE_CURVE ( 'NONE', #2104, #1251, #2642, .T. ) ;
#838 = ORIENTED_EDGE ( 'NONE', *, *, #2495, .F. ) ;
#839 = VECTOR ( 'NONE', #2189, 1000.000000000000000 ) ;
#840 = DIRECTION ( 'NONE',  ( 1.000000000000000000, 0.000000000000000000, 0.000000000000000000 ) ) ;
#841 = CARTESIAN_POINT ( 'NONE',  ( 44.99999999999999289, -40.00000000000000000, 0.000000000000000000 ) ) ;
#842 = VERTEX_POINT ( 'NONE', #2669 ) ;
#843 = LINE ( 'NONE', #666, #2460 ) ;
#844 = ORIENTED_EDGE ( 'NONE', *, *, #58, .T. ) ;
#845 = VERTEX_POINT ( 'NONE', #1180 ) ;
#846 = DIRECTION ( 'NONE',  ( -1.000000000000000000, -1.541976423090496619E-16, 0.000000000000000000 ) ) ;
#847 = CARTESIAN_POINT ( 'NONE',  ( -22.52407779283040767, 85.00000000000000000, 0.000000000000000000 ) ) ;
#848 = VECTOR ( 'NONE', #1398, 1000.000000000000000 ) ;
#849 = EDGE_CURVE ( 'NONE', #1645, #1188, #657, .T. ) ;
#850 = DIRECTION ( 'NONE',  ( -1.000000000000000000, 0.000000000000000000, 0.000000000000000000 ) ) ;
#851 = AXIS2_PLACEMENT_3D ( 'NONE', #2383, #680, #858 ) ;
#852 = DIRECTION ( 'NONE',  ( 1.000000000000000000, 5.331992157739238731E-15, 0.000000000000000000 ) ) ;
#853 = FACE_BOUND ( 'NONE', #2584, .T. ) ;
#854 = CARTESIAN_POINT ( 'NONE',  ( 1.835000000000607034, 79.10000000000022169, 10.00000000000000000 ) ) ;
#855 = CARTESIAN_POINT ( 'NONE',  ( -83.70708661417303631, 54.18291143449046388, 14.00000000000000000 ) ) ;
#856 = ORIENTED_EDGE ( 'NONE', *, *, #2641, .T. ) ;
#857 = EDGE_CURVE ( 'NONE', #842, #302, #155, .T. ) ;
#858 = DIRECTION ( 'NONE',  ( -1.000000000000000000, 0.000000000000000000, 0.000000000000000000 ) ) ;
#859 = ORIENTED_EDGE ( 'NONE', *, *, #2424, .T. ) ;
#860 = ORIENTED_EDGE ( 'NONE', *, *, #1385, .F. ) ;
#861 = CARTESIAN_POINT ( 'NONE',  ( 63.70708661417304342, 44.99999999999995737, 10.00000000000000000 ) ) ;
#862 = CARTESIAN_POINT ( 'NONE',  ( -19.82439395379141800, 86.65374325455067606, 5.000000000000000000 ) ) ;
#863 = LINE ( 'NONE', #440, #2575 ) ;
#864 = EDGE_CURVE ( 'NONE', #1778, #15, #2086, .T. ) ;
#865 = CARTESIAN_POINT ( 'NONE',  ( 31.47592220716958877, 85.00000000000000000, 0.000000000000000000 ) ) ;
#866 = EDGE_CURVE ( 'NONE', #1501, #2764, #1800, .T. ) ;
#867 = CARTESIAN_POINT ( 'NONE',  ( 99.27698399919147221, 59.69104966961863568, 10.00000000000000000 ) ) ;
#868 = DIRECTION ( 'NONE',  ( -0.000000000000000000, -0.000000000000000000, -1.000000000000000000 ) ) ;
#869 = DIRECTION ( 'NONE',  ( 1.000000000000000000, -2.668805347656626062E-17, 0.000000000000000000 ) ) ;
#870 = VERTEX_POINT ( 'NONE', #1338 ) ;
#871 = PLANE ( 'NONE',  #1835 ) ;
#872 = VERTEX_POINT ( 'NONE', #2655 ) ;
#873 = EDGE_CURVE ( 'NONE', #168, #1793, #1589, .T. ) ;
#874 = ORIENTED_EDGE ( 'NONE', *, *, #696, .T. ) ;
#875 = AXIS2_PLACEMENT_3D ( 'NONE', #2550, #1034, #921 ) ;
#876 = FACE_OUTER_BOUND ( 'NONE', #770, .T. ) ;
#877 = LINE ( 'NONE', #2135, #2408 ) ;
#878 = CARTESIAN_POINT ( 'NONE',  ( -119.5868023766757773, -45.00000000000000000, 10.00000000000000000 ) ) ;
#879 = VECTOR ( 'NONE', #1699, 1000.000000000000114 ) ;
#880 = DIRECTION ( 'NONE',  ( 0.000000000000000000, -0.000000000000000000, -1.000000000000000000 ) ) ;
#881 = VECTOR ( 'NONE', #2245, 1000.000000000000114 ) ;
#882 = VERTEX_POINT ( 'NONE', #319 ) ;
#883 = CARTESIAN_POINT ( 'NONE',  ( -90.00000000000000000, -34.99999999999999289, 10.00000000000000000 ) ) ;
#884 = AXIS2_PLACEMENT_3D ( 'NONE', #2630, #880, #456 ) ;
#885 = CARTESIAN_POINT ( 'NONE',  ( -1.200962406445481562E-15, -45.00000000000000000, 10.00000000000000000 ) ) ;
#886 = ADVANCED_FACE ( 'NONE', ( #694 ), #1681, .T. ) ;
#887 = AXIS2_PLACEMENT_3D ( 'NONE', #453, #1069, #212 ) ;
#888 = EDGE_LOOP ( 'NONE', ( #874, #2595, #2175, #1197 ) ) ;
#889 = LINE ( 'NONE', #2566, #2146 ) ;
#890 = ORIENTED_EDGE ( 'NONE', *, *, #243, .T. ) ;
#891 = ORIENTED_EDGE ( 'NONE', *, *, #187, .F. ) ;
#892 = DIRECTION ( 'NONE',  ( -1.000000000000000000, 0.000000000000000000, 0.000000000000000000 ) ) ;
#893 = CARTESIAN_POINT ( 'NONE',  ( -99.27698399919150063, 59.69104966961863568, 0.000000000000000000 ) ) ;
#894 = FACE_OUTER_BOUND ( 'NONE', #190, .T. ) ;
#895 = CARTESIAN_POINT ( 'NONE',  ( 63.70708661417304342, 0.000000000000000000, 4.000000000000000000 ) ) ;
#896 = VERTEX_POINT ( 'NONE', #49 ) ;
#897 = PLANE ( 'NONE',  #1014 ) ;
#898 = UNCERTAINTY_MEASURE_WITH_UNIT (LENGTH_MEASURE( 1.000000000000000082E-05 ), #2107, 'distance_accuracy_value', 'NONE');
#899 = ORIENTED_EDGE ( 'NONE', *, *, #406, .T. ) ;
#900 = ADVANCED_FACE ( 'NONE', ( #496 ), #1353, .F. ) ;
#901 = CARTESIAN_POINT ( 'NONE',  ( 130.0000000000000568, 45.00000000000000000, 14.00000000000000000 ) ) ;
#902 = ORIENTED_EDGE ( 'NONE', *, *, #2363, .T. ) ;
#903 = ORIENTED_EDGE ( 'NONE', *, *, #252, .T. ) ;
#904 = LINE ( 'NONE', #21, #108 ) ;
#905 = DIRECTION ( 'NONE',  ( 0.000000000000000000, 1.000000000000000000, 0.000000000000000000 ) ) ;
#906 = DIRECTION ( 'NONE',  ( -1.000000000000000000, 0.000000000000000000, 0.000000000000000000 ) ) ;
#907 = EDGE_CURVE ( 'NONE', #1421, #2404, #1786, .T. ) ;
#908 = DIRECTION ( 'NONE',  ( 1.000000000000000000, 0.000000000000000000, 0.000000000000000000 ) ) ;
#909 = VERTEX_POINT ( 'NONE', #2011 ) ;
#910 = EDGE_CURVE ( 'NONE', #918, #1876, #551, .T. ) ;
#911 = DIRECTION ( 'NONE',  ( 1.000000000000000000, 0.000000000000000000, 0.000000000000000000 ) ) ;
#912 = CARTESIAN_POINT ( 'NONE',  ( -120.0000000000000142, 0.000000000000000000, 10.00000000000000000 ) ) ;
#913 = VERTEX_POINT ( 'NONE', #1873 ) ;
#914 = ORIENTED_EDGE ( 'NONE', *, *, #399, .F. ) ;
#915 = FACE_OUTER_BOUND ( 'NONE', #2468, .T. ) ;
#916 = PLANE ( 'NONE',  #982 ) ;
#917 = EDGE_CURVE ( 'NONE', #95, #61, #597, .T. ) ;
#918 = VERTEX_POINT ( 'NONE', #2501 ) ;
#919 = DIRECTION ( 'NONE',  ( -0.05233595624294395260, 6.409306129323724811E-18, 0.9986295347545739443 ) ) ;
#920 = VECTOR ( 'NONE', #1401, 1000.000000000000000 ) ;
#921 = DIRECTION ( 'NONE',  ( 1.000000000000000000, 0.000000000000000000, 0.000000000000000000 ) ) ;
#922 = ORIENTED_EDGE ( 'NONE', *, *, #958, .T. ) ;
#923 = AXIS2_PLACEMENT_3D ( 'NONE', #106, #267, #1809 ) ;
#924 = DIRECTION ( 'NONE',  ( -0.000000000000000000, -0.000000000000000000, 1.000000000000000000 ) ) ;
#925 = VECTOR ( 'NONE', #1361, 1000.000000000000114 ) ;
#926 = ADVANCED_FACE ( 'NONE', ( #1438 ), #2682, .T. ) ;
#927 = AXIS2_PLACEMENT_3D ( 'NONE', #2139, #2590, #214 ) ;
#928 = CARTESIAN_POINT ( 'NONE',  ( 0.000000000000000000, 59.69104966961863568, 0.000000000000000000 ) ) ;
#930 = ORIENTED_EDGE ( 'NONE', *, *, #1989, .F. ) ;
#929 = CIRCLE ( 'NONE', #1687, 4.475922207169590550 ) ;
#931 = VERTEX_POINT ( 'NONE', #2303 ) ;
#932 = CARTESIAN_POINT ( 'NONE',  ( -119.9999999999999716, 44.99999999999995737, 10.00000000000000000 ) ) ;
#933 = DIRECTION ( 'NONE',  ( 0.000000000000000000, -1.000000000000000000, 0.000000000000000000 ) ) ;
#934 = ORIENTED_EDGE ( 'NONE', *, *, #2105, .F. ) ;
#935 = ADVANCED_FACE ( 'NONE', ( #1210 ), #1417, .T. ) ;
#936 = LINE ( 'NONE', #753, #18 ) ;
#937 = CARTESIAN_POINT ( 'NONE',  ( 39.40983005625052016, -45.00000000000000000, 10.00000000000000000 ) ) ;
#938 = EDGE_LOOP ( 'NONE', ( #2148, #2627, #12, #606 ) ) ;
#939 = CARTESIAN_POINT ( 'NONE',  ( -83.70708661417303631, 54.18291143449046388, 10.00000000000000000 ) ) ;
#940 = DIRECTION ( 'NONE',  ( 0.000000000000000000, 1.000000000000000000, -0.000000000000000000 ) ) ;
#941 = EDGE_LOOP ( 'NONE', ( #732, #1922, #1570, #79 ) ) ;
#942 = ORIENTED_EDGE ( 'NONE', *, *, #1880, .F. ) ;
#943 = ADVANCED_FACE ( 'NONE', ( #2293, #2470, #2347, #581, #2709, #2053, #1060, #1077, #363, #853 ), #793, .F. ) ;
#944 = LINE ( 'NONE', #972, #743 ) ;
#945 = DIRECTION ( 'NONE',  ( -0.000000000000000000, -0.000000000000000000, -1.000000000000000000 ) ) ;
#946 = ORIENTED_EDGE ( 'NONE', *, *, #1468, .F. ) ;
#947 = DIRECTION ( 'NONE',  ( 0.000000000000000000, 0.000000000000000000, -1.000000000000000000 ) ) ;
#948 = DIRECTION ( 'NONE',  ( -0.000000000000000000, -0.000000000000000000, -1.000000000000000000 ) ) ;
#949 = ORIENTED_EDGE ( 'NONE', *, *, #1274, .T. ) ;
#950 = CYLINDRICAL_SURFACE ( 'NONE', #1464, 7.500000000000000000 ) ;
#951 = EDGE_CURVE ( 'NONE', #2525, #1836, #2403, .T. ) ;
#952 = CARTESIAN_POINT ( 'NONE',  ( 99.27698399919147221, 59.69104966961863568, 10.00000000000000000 ) ) ;
#953 = ORIENTED_EDGE ( 'NONE', *, *, #2240, .F. ) ;
#954 = ORIENTED_EDGE ( 'NONE', *, *, #2119, .T. ) ;
#955 = LINE ( 'NONE', #2034, #1905 ) ;
#956 = DIRECTION ( 'NONE',  ( -0.000000000000000000, 0.000000000000000000, 1.000000000000000000 ) ) ;
#957 = VERTEX_POINT ( 'NONE', #1615 ) ;
#958 = EDGE_CURVE ( 'NONE', #2585, #2257, #1450, .T. ) ;
#959 = CARTESIAN_POINT ( 'NONE',  ( -60.41319762332421561, -45.00000000000000000, 10.00000000000000000 ) ) ;
#960 = CARTESIAN_POINT ( 'NONE',  ( -47.27407779283040412, -40.00000000000001421, 0.000000000000000000 ) ) ;
#961 = ORIENTED_EDGE ( 'NONE', *, *, #172, .F. ) ;
#962 = AXIS2_PLACEMENT_3D ( 'NONE', #841, #54, #2143 ) ;
#963 = CARTESIAN_POINT ( 'NONE',  ( 31.83500000000060481, 62.10000000000022169, 10.00000000000000000 ) ) ;
#964 = AXIS2_PLACEMENT_3D ( 'NONE', #1897, #1861, #2750 ) ;
#965 = VERTEX_POINT ( 'NONE', #1642 ) ;
#966 = EDGE_CURVE ( 'NONE', #2182, #2010, #795, .T. ) ;
#967 = AXIS2_PLACEMENT_3D ( 'NONE', #1711, #1264, #1956 ) ;
#968 = LINE ( 'NONE', #1139, #629 ) ;
#969 = VERTEX_POINT ( 'NONE', #2484 ) ;
#970 = VECTOR ( 'NONE', #1157, 1000.000000000000000 ) ;
#971 = EDGE_LOOP ( 'NONE', ( #1193, #2410, #1219, #1178 ) ) ;
#972 = CARTESIAN_POINT ( 'NONE',  ( -83.70708661417303631, 13.67291143449066482, 4.000000000000000000 ) ) ;
#973 = CARTESIAN_POINT ( 'NONE',  ( 83.70708661417303631, 54.18291143449048519, 14.00000000000000000 ) ) ;
#974 = VECTOR ( 'NONE', #658, 1000.000000000000000 ) ;
#975 = EDGE_LOOP ( 'NONE', ( #2161, #2448, #2069, #2551 ) ) ;
#976 = VECTOR ( 'NONE', #2178, 1000.000000000000000 ) ;
#977 = DIRECTION ( 'NONE',  ( -0.000000000000000000, -0.000000000000000000, 1.000000000000000000 ) ) ;
#978 = DIRECTION ( 'NONE',  ( 1.000000000000000000, 0.000000000000000000, 0.000000000000000000 ) ) ;
#979 = ORIENTED_EDGE ( 'NONE', *, *, #2213, .F. ) ;
#980 = LINE ( 'NONE', #1622, #2219 ) ;
#981 = ORIENTED_EDGE ( 'NONE', *, *, #230, .F. ) ;
#982 = AXIS2_PLACEMENT_3D ( 'NONE', #309, #956, #735 ) ;
#983 = CARTESIAN_POINT ( 'NONE',  ( 39.40983005625052016, -45.00000000000000000, 10.00000000000000000 ) ) ;
#984 = DIRECTION ( 'NONE',  ( -1.000000000000000000, 0.000000000000000000, 0.000000000000000000 ) ) ;
#985 = VECTOR ( 'NONE', #315, 1000.000000000000000 ) ;
#986 = VERTEX_POINT ( 'NONE', #1841 ) ;
#987 = DIRECTION ( 'NONE',  ( -1.000000000000000000, 0.000000000000000000, 0.000000000000000000 ) ) ;
#988 = CARTESIAN_POINT ( 'NONE',  ( 8.518024169494269511E-15, -102.3091986265623206, 10.00000000000000000 ) ) ;
#989 = EDGE_CURVE ( 'NONE', #2486, #845, #1509, .T. ) ;
#990 = PLANE ( 'NONE',  #1241 ) ;
#991 = CIRCLE ( 'NONE', #134, 5.000000000000000888 ) ;
#992 = CARTESIAN_POINT ( 'NONE',  ( 29.52407779283041123, 85.00000000000000000, 0.000000000000000000 ) ) ;
#993 = ADVANCED_FACE ( 'NONE', ( #218 ), #199, .F. ) ;
#994 = ORIENTED_EDGE ( 'NONE', *, *, #123, .F. ) ;
#995 = CARTESIAN_POINT ( 'NONE',  ( 27.25000000000000000, 85.60000000000023590, 10.00000000000000000 ) ) ;
#996 = EDGE_CURVE ( 'NONE', #1703, #1677, #2515, .T. ) ;
#997 = DIRECTION ( 'NONE',  ( -0.000000000000000000, -0.000000000000000000, -1.000000000000000000 ) ) ;
#998 = VERTEX_POINT ( 'NONE', #1409 ) ;
#999 = ORIENTED_EDGE ( 'NONE', *, *, #1880, .T. ) ;
#1000 = CARTESIAN_POINT ( 'NONE',  ( 44.99999999999999289, -40.00000000000001421, 0.000000000000000000 ) ) ;
#1001 = CARTESIAN_POINT ( 'NONE',  ( -120.0000000000000142, 45.00000000000000000, 0.000000000000000000 ) ) ;
#1002 = VERTEX_POINT ( 'NONE', #330 ) ;
#1003 = DIRECTION ( 'NONE',  ( 1.000000000000000000, -1.665334536937735008E-15, 0.000000000000000000 ) ) ;
#1004 = ADVANCED_FACE ( 'NONE', ( #2123 ), #2000, .F. ) ;
#1005 = DIRECTION ( 'NONE',  ( 1.000000000000000000, 0.000000000000000000, 0.000000000000000000 ) ) ;
#1006 = CARTESIAN_POINT ( 'NONE',  ( 50.59016994374946563, -45.00000000000000000, 10.00000000000000000 ) ) ;
#1007 = VERTEX_POINT ( 'NONE', #777 ) ;
#1008 = PLANE ( 'NONE',  #2420 ) ;
#1009 = AXIS2_PLACEMENT_3D ( 'NONE', #799, #2726, #1455 ) ;
#1010 = PLANE ( 'NONE',  #1112 ) ;
#1011 = ORIENTED_EDGE ( 'NONE', *, *, #2603, .T. ) ;
#1012 = DIRECTION ( 'NONE',  ( 0.000000000000000000, 0.000000000000000000, 1.000000000000000000 ) ) ;
#1013 = DIRECTION ( 'NONE',  ( -0.000000000000000000, 0.000000000000000000, -1.000000000000000000 ) ) ;
#1015 = EDGE_LOOP ( 'NONE', ( #126, #2291, #387, #942 ) ) ;
#1014 = AXIS2_PLACEMENT_3D ( 'NONE', #2604, #444, #1947 ) ;
#1016 = VECTOR ( 'NONE', #1172, 1000.000000000000000 ) ;
#1017 = CARTESIAN_POINT ( 'NONE',  ( 49.47592220716958167, -40.00000000000001421, 0.000000000000000000 ) ) ;
#1018 = DIRECTION ( 'NONE',  ( 0.000000000000000000, 1.000000000000000000, 0.000000000000000000 ) ) ;
#1019 = AXIS2_PLACEMENT_3D ( 'NONE', #1370, #554, #2220 ) ;
#1020 = EDGE_CURVE ( 'NONE', #2593, #2426, #1056, .T. ) ;
#1021 = LINE ( 'NONE', #2109, #1511 ) ;
#1022 = ORIENTED_EDGE ( 'NONE', *, *, #1526, .T. ) ;
#1023 = CARTESIAN_POINT ( 'NONE',  ( 106.2070866141730079, 24.07291143449042892, 14.00000000000000000 ) ) ;
#1024 = ORIENTED_EDGE ( 'NONE', *, *, #802, .T. ) ;
#1025 = ORIENTED_EDGE ( 'NONE', *, *, #1103, .F. ) ;
#1026 = CARTESIAN_POINT ( 'NONE',  ( -83.70708661417303631, 13.67291143449066482, 14.00000000000000000 ) ) ;
#1027 = ORIENTED_EDGE ( 'NONE', *, *, #1103, .T. ) ;
#1028 = ADVANCED_FACE ( 'NONE', ( #2168 ), #1750, .F. ) ;
#1029 = DIRECTION ( 'NONE',  ( 0.000000000000000000, -0.000000000000000000, -1.000000000000000000 ) ) ;
#1030 = DIRECTION ( 'NONE',  ( 1.000000000000000000, 0.000000000000000000, 0.000000000000000000 ) ) ;
#1031 = DIRECTION ( 'NONE',  ( -1.000000000000000000, -3.083952846180993239E-16, 0.000000000000000000 ) ) ;
#1032 = CARTESIAN_POINT ( 'NONE',  ( -119.5868023766757773, -45.00000000000000000, 10.00000000000000000 ) ) ;
#1033 = ADVANCED_FACE ( 'NONE', ( #1302 ), #897, .F. ) ;
#1034 = DIRECTION ( 'NONE',  ( -0.000000000000000000, 0.000000000000000000, -1.000000000000000000 ) ) ;
#1035 = VERTEX_POINT ( 'NONE', #867 ) ;
#1036 = DIRECTION ( 'NONE',  ( 1.000000000000000000, 3.579008434646886174E-15, 0.000000000000000000 ) ) ;
#1037 = EDGE_LOOP ( 'NONE', ( #1490, #2127, #573, #1396 ) ) ;
#1038 = ORIENTED_EDGE ( 'NONE', *, *, #2074, .T. ) ;
#1039 = CARTESIAN_POINT ( 'NONE',  ( -119.9999999999999716, 44.99999999999995737, 10.00000000000000000 ) ) ;
#1040 = CARTESIAN_POINT ( 'NONE',  ( 0.000000000000000000, 59.69104966961863568, 10.00000000000000000 ) ) ;
#1041 = CARTESIAN_POINT ( 'NONE',  ( -79.00000000000005684, -16.40000000000033253, 10.00000000000000000 ) ) ;
#1042 = EDGE_LOOP ( 'NONE', ( #280, #1273 ) ) ;
#1043 = CARTESIAN_POINT ( 'NONE',  ( 50.59016994374946563, -45.00000000000000000, 0.000000000000000000 ) ) ;
#1044 = DIRECTION ( 'NONE',  ( 0.000000000000000000, 0.000000000000000000, 1.000000000000000000 ) ) ;
#1045 = AXIS2_PLACEMENT_3D ( 'NONE', #1936, #2351, #1460 ) ;
#1046 = ORIENTED_EDGE ( 'NONE', *, *, #1358, .F. ) ;
#1047 = EDGE_CURVE ( 'NONE', #329, #1767, #473, .T. ) ;
#1048 = AXIS2_PLACEMENT_3D ( 'NONE', #285, #72, #1620 ) ;
#1049 = CARTESIAN_POINT ( 'NONE',  ( 44.99999999999999289, -40.00000000000001421, 0.000000000000000000 ) ) ;
#1050 = EDGE_LOOP ( 'NONE', ( #1038, #1123, #567, #1155, #723, #1517, #1579, #1894 ) ) ;
#1051 = EDGE_LOOP ( 'NONE', ( #1926, #537, #2358, #2565 ) ) ;
#1052 = EDGE_CURVE ( 'NONE', #1632, #2116, #2411, .T. ) ;
#1053 = DIRECTION ( 'NONE',  ( -1.000000000000000000, 0.000000000000000000, 0.000000000000000000 ) ) ;
#1054 = CARTESIAN_POINT ( 'NONE',  ( -1.879847369243657803E-14, 54.18291143449049230, 14.00000000000000000 ) ) ;
#1055 = FACE_OUTER_BOUND ( 'NONE', #1969, .T. ) ;
#1056 = CIRCLE ( 'NONE', #110, 5.000000000000000888 ) ;
#1057 = DIRECTION ( 'NONE',  ( 0.000000000000000000, 0.000000000000000000, -1.000000000000000000 ) ) ;
#1058 = AXIS2_PLACEMENT_3D ( 'NONE', #441, #2573, #258 ) ;
#1059 = AXIS2_PLACEMENT_3D ( 'NONE', #2419, #1802, #512 ) ;
#1060 = FACE_OUTER_BOUND ( 'NONE', #405, .T. ) ;
#1061 = DIRECTION ( 'NONE',  ( -0.000000000000000000, -0.000000000000000000, -1.000000000000000000 ) ) ;
#1062 = LINE ( 'NONE', #1921, #2211 ) ;
#1063 = ORIENTED_EDGE ( 'NONE', *, *, #1047, .T. ) ;
#1064 = DIRECTION ( 'NONE',  ( 0.000000000000000000, 0.000000000000000000, -1.000000000000000000 ) ) ;
#1065 = ADVANCED_FACE ( 'NONE', ( #1540 ), #458, .T. ) ;
#1066 = ORIENTED_EDGE ( 'NONE', *, *, #636, .F. ) ;
#1067 = ORIENTED_EDGE ( 'NONE', *, *, #1954, .F. ) ;
#1068 = CARTESIAN_POINT ( 'NONE',  ( 46.74999999999999289, -40.00000000000001421, 10.00000000000000000 ) ) ;
#1069 = DIRECTION ( 'NONE',  ( 0.000000000000000000, -0.000000000000000000, -1.000000000000000000 ) ) ;
#1070 = AXIS2_PLACEMENT_3D ( 'NONE', #2539, #794, #1423 ) ;
#1071 = EDGE_CURVE ( 'NONE', #1793, #1365, #2755, .T. ) ;
#1072 = DIRECTION ( 'NONE',  ( -0.000000000000000000, -0.000000000000000000, -1.000000000000000000 ) ) ;
#1073 = VECTOR ( 'NONE', #1127, 1000.000000000000114 ) ;
#1074 = LINE ( 'NONE', #1975, #569 ) ;
#1075 = AXIS2_PLACEMENT_3D ( 'NONE', #2008, #76, #2693 ) ;
#1076 = VERTEX_POINT ( 'NONE', #1717 ) ;
#1077 = FACE_BOUND ( 'NONE', #494, .T. ) ;
#1078 = LINE ( 'NONE', #646, #2019 ) ;
#1079 = EDGE_CURVE ( 'NONE', #2171, #1677, #1819, .T. ) ;
#1080 = LINE ( 'NONE', #633, #699 ) ;
#1081 = ORIENTED_EDGE ( 'NONE', *, *, #849, .T. ) ;
#1082 = CARTESIAN_POINT ( 'NONE',  ( -60.41319762332421561, -45.00000000000000000, 0.000000000000000000 ) ) ;
#1083 = ORIENTED_EDGE ( 'NONE', *, *, #1917, .F. ) ;
#1084 = ORIENTED_EDGE ( 'NONE', *, *, #1551, .T. ) ;
#1085 = DIRECTION ( 'NONE',  ( 1.000000000000000000, 1.734723475976808327E-16, -0.000000000000000000 ) ) ;
#1086 = CARTESIAN_POINT ( 'NONE',  ( -106.2070866141730079, 44.07291143449040050, 14.00000000000000000 ) ) ;
#1087 = DIRECTION ( 'NONE',  ( -0.000000000000000000, -0.000000000000000000, 1.000000000000000000 ) ) ;
#1088 = EDGE_CURVE ( 'NONE', #2204, #1682, #566, .T. ) ;
#1089 = CARTESIAN_POINT ( 'NONE',  ( 63.70708661417304342, 13.67291143449068436, 4.000000000000000000 ) ) ;
#1090 = FACE_OUTER_BOUND ( 'NONE', #483, .T. ) ;
#1091 = FACE_OUTER_BOUND ( 'NONE', #1208, .T. ) ;
#1092 = EDGE_LOOP ( 'NONE', ( #1740, #2094, #826, #269, #2527, #688, #1192, #595, #2702, #1294, #403, #2087, #130, #2612, #217, #2744, #1955, #1828, #774, #1993, #891, #1670, #186, #1488, #1413 ) ) ;
#1093 = FACE_OUTER_BOUND ( 'NONE', #2503, .T. ) ;
#1094 = ORIENTED_EDGE ( 'NONE', *, *, #193, .F. ) ;
#1095 = ORIENTED_EDGE ( 'NONE', *, *, #1284, .F. ) ;
#1096 = CIRCLE ( 'NONE', #1500, 200.0000000000001421 ) ;
#1097 = LINE ( 'NONE', #1308, #1636 ) ;
#1098 = CARTESIAN_POINT ( 'NONE',  ( 49.83500000000060481, 62.10000000000022169, 4.000000000000000000 ) ) ;
#1099 = VECTOR ( 'NONE', #2041, 1000.000000000000000 ) ;
#1100 = DIRECTION ( 'NONE',  ( -0.000000000000000000, -0.000000000000000000, 1.000000000000000000 ) ) ;
#1101 = AXIS2_PLACEMENT_3D ( 'NONE', #93, #1563, #2624 ) ;
#1102 = CARTESIAN_POINT ( 'NONE',  ( -63.70708661417304342, 0.000000000000000000, 4.000000000000000000 ) ) ;
#1103 = EDGE_CURVE ( 'NONE', #1218, #625, #1779, .T. ) ;
#1104 = AXIS2_PLACEMENT_3D ( 'NONE', #1390, #2267, #1176 ) ;
#1105 = EDGE_LOOP ( 'NONE', ( #1530, #2720, #1386, #809 ) ) ;
#1106 = DIRECTION ( 'NONE',  ( 1.000000000000000000, 0.000000000000000000, 0.000000000000000000 ) ) ;
#1107 = AXIS2_PLACEMENT_3D ( 'NONE', #2769, #835, #852 ) ;
#1108 = CARTESIAN_POINT ( 'NONE',  ( -44.99999999999999289, -40.00000000000001421, 10.00000000000000000 ) ) ;
#1109 = VECTOR ( 'NONE', #1913, 1000.000000000000000 ) ;
#1110 = EDGE_LOOP ( 'NONE', ( #1664, #1693 ) ) ;
#1111 = LINE ( 'NONE', #2606, #398 ) ;
#1112 = AXIS2_PLACEMENT_3D ( 'NONE', #804, #2680, #1655 ) ;
#1114 = ADVANCED_FACE ( 'NONE', ( #1124 ), #2591, .T. ) ;
#1113 = ORIENTED_EDGE ( 'NONE', *, *, #1047, .F. ) ;
#1115 = EDGE_LOOP ( 'NONE', ( #1697, #447, #362, #1171 ) ) ;
#1116 = CARTESIAN_POINT ( 'NONE',  ( -27.00000000000000000, 85.00000000000000000, 10.00000000000000000 ) ) ;
#1117 = DIRECTION ( 'NONE',  ( -1.431146867680865853E-16, 1.000000000000000000, 0.000000000000000000 ) ) ;
#1118 = EDGE_CURVE ( 'NONE', #1202, #92, #276, .T. ) ;
#1119 = DIRECTION ( 'NONE',  ( -3.083952846180990774E-16, 1.000000000000000000, 0.000000000000000000 ) ) ;
#1120 = CIRCLE ( 'NONE', #1789, 7.500000000000003553 ) ;
#1121 = LINE ( 'NONE', #1714, #1196 ) ;
#1122 = VECTOR ( 'NONE', #534, 1000.000000000000000 ) ;
#1123 = ORIENTED_EDGE ( 'NONE', *, *, #2495, .T. ) ;
#1124 = FACE_OUTER_BOUND ( 'NONE', #553, .T. ) ;
#1125 = VECTOR ( 'NONE', #2742, 1000.000000000000114 ) ;
#1126 = EDGE_CURVE ( 'NONE', #15, #461, #43, .T. ) ;
#1127 = DIRECTION ( 'NONE',  ( 0.05233595624294395260, 0.000000000000000000, -0.9986295347545739443 ) ) ;
#1128 = VECTOR ( 'NONE', #1736, 1000.000000000000000 ) ;
#1129 = ORIENTED_EDGE ( 'NONE', *, *, #1052, .F. ) ;
#1130 = ORIENTED_EDGE ( 'NONE', *, *, #2060, .T. ) ;
#1131 = CARTESIAN_POINT ( 'NONE',  ( -79.00000000000005684, -16.40000000000033253, 10.00000000000000000 ) ) ;
#1132 = PLANE ( 'NONE',  #1198 ) ;
#1133 = ORIENTED_EDGE ( 'NONE', *, *, #1222, .F. ) ;
#1134 = EDGE_CURVE ( 'NONE', #882, #2265, #335, .T. ) ;
#1135 = CARTESIAN_POINT ( 'NONE',  ( -130.0000000000000284, 45.00000000000000000, 0.000000000000000000 ) ) ;
#1136 = CARTESIAN_POINT ( 'NONE',  ( 27.00000000000000000, 85.00000000000000000, 0.000000000000000000 ) ) ;
#1137 = ORIENTED_EDGE ( 'NONE', *, *, #718, .F. ) ;
#1138 = CARTESIAN_POINT ( 'NONE',  ( -0.000000000000000000, 59.69104966961863568, 0.000000000000000000 ) ) ;
#1139 = CARTESIAN_POINT ( 'NONE',  ( 0.000000000000000000, 54.18291143449048519, 14.00000000000000000 ) ) ;
#1140 = ORIENTED_EDGE ( 'NONE', *, *, #500, .T. ) ;
#1141 = EDGE_CURVE ( 'NONE', #625, #2427, #707, .T. ) ;
#1142 = EDGE_LOOP ( 'NONE', ( #2004, #1709, #1437, #2560 ) ) ;
#1143 = PLANE ( 'NONE',  #1998 ) ;
#1144 = FACE_BOUND ( 'NONE', #1092, .T. ) ;
#1145 = DIRECTION ( 'NONE',  ( 1.000000000000000000, 0.000000000000000000, -0.000000000000000000 ) ) ;
#1146 = DIRECTION ( 'NONE',  ( 0.000000000000000000, 1.000000000000000000, 0.000000000000000000 ) ) ;
#1147 = VERTEX_POINT ( 'NONE', #2576 ) ;
#1148 = CIRCLE ( 'NONE', #2125, 1.999999999999998224 ) ;
#1149 = CARTESIAN_POINT ( 'NONE',  ( -120.0000000000000142, 45.00000000000000000, 10.00000000000000000 ) ) ;
#1150 = VECTOR ( 'NONE', #911, 1000.000000000000000 ) ;
#1151 = ADVANCED_FACE ( 'NONE', ( #2617 ), #706, .T. ) ;
#1152 = VECTOR ( 'NONE', #715, 1000.000000000000000 ) ;
#1153 = PLANE ( 'NONE',  #1075 ) ;
#1155 = ORIENTED_EDGE ( 'NONE', *, *, #1457, .F. ) ;
#1154 = CIRCLE ( 'NONE', #1875, 7.500000000000000000 ) ;
#1156 = ORIENTED_EDGE ( 'NONE', *, *, #2251, .F. ) ;
#1157 = DIRECTION ( 'NONE',  ( -0.000000000000000000, -0.000000000000000000, 1.000000000000000000 ) ) ;
#1158 = LINE ( 'NONE', #2643, #1970 ) ;
#1159 = EDGE_LOOP ( 'NONE', ( #2747, #755, #2028, #2247 ) ) ;
#1160 = DIRECTION ( 'NONE',  ( 1.000000000000000000, 1.734723475976808327E-16, 0.000000000000000000 ) ) ;
#1161 = ADVANCED_FACE ( 'NONE', ( #288, #1934, #231, #1090, #13, #1164 ), #2005, .T. ) ;
#1162 = CARTESIAN_POINT ( 'NONE',  ( -63.99999999999672440, -16.40000000000033253, 10.00000000000000000 ) ) ;
#1163 = ORIENTED_EDGE ( 'NONE', *, *, #1954, .T. ) ;
#1164 = FACE_BOUND ( 'NONE', #1050, .T. ) ;
#1165 = ADVANCED_FACE ( 'NONE', ( #303 ), #757, .F. ) ;
#1166 = LINE ( 'NONE', #720, #985 ) ;
#1167 = VERTEX_POINT ( 'NONE', #2450 ) ;
#1168 = EDGE_LOOP ( 'NONE', ( #2230, #471, #1607, #1583 ) ) ;
#1169 = DIRECTION ( 'NONE',  ( -0.000000000000000000, -0.000000000000000000, 1.000000000000000000 ) ) ;
#1170 = CARTESIAN_POINT ( 'NONE',  ( 34.66904575527269117, 84.50101861654995616, 5.000000000000000000 ) ) ;
#1171 = ORIENTED_EDGE ( 'NONE', *, *, #1966, .F. ) ;
#1172 = DIRECTION ( 'NONE',  ( 0.000000000000000000, -1.000000000000000000, 0.000000000000000000 ) ) ;
#1173 = DIRECTION ( 'NONE',  ( 1.000000000000000000, 0.000000000000000000, 0.000000000000000000 ) ) ;
#1174 = EDGE_LOOP ( 'NONE', ( #2318, #2243, #1808, #236 ) ) ;
#1175 = ADVANCED_FACE ( 'NONE', ( #741 ), #314, .F. ) ;
#1176 = DIRECTION ( 'NONE',  ( 0.000000000000000000, 0.000000000000000000, 1.000000000000000000 ) ) ;
#1177 = DIRECTION ( 'NONE',  ( -0.000000000000000000, -0.000000000000000000, -1.000000000000000000 ) ) ;
#1178 = ORIENTED_EDGE ( 'NONE', *, *, #2449, .F. ) ;
#1179 = ORIENTED_EDGE ( 'NONE', *, *, #1754, .T. ) ;
#1180 = CARTESIAN_POINT ( 'NONE',  ( -94.00000000000338218, -16.40000000000032898, 14.00000000000000000 ) ) ;
#1181 = LINE ( 'NONE', #2683, #800 ) ;
#1182 = ORIENTED_EDGE ( 'NONE', *, *, #1200, .F. ) ;
#1183 = FACE_OUTER_BOUND ( 'NONE', #728, .T. ) ;
#1184 = CARTESIAN_POINT ( 'NONE',  ( 27.00000000000000000, 85.00000000000000000, 0.000000000000000000 ) ) ;
#1185 = VERTEX_POINT ( 'NONE', #1149 ) ;
#1186 = CARTESIAN_POINT ( 'NONE',  ( 44.99999999999999289, -40.00000000000001421, 10.00000000000000000 ) ) ;
#1187 = AXIS2_PLACEMENT_3D ( 'NONE', #1040, #1252, #1648 ) ;
#1188 = VERTEX_POINT ( 'NONE', #88 ) ;
#1189 = VECTOR ( 'NONE', #2150, 1000.000000000000000 ) ;
#1190 = FACE_OUTER_BOUND ( 'NONE', #2395, .T. ) ;
#1191 = ADVANCED_FACE ( 'NONE', ( #2061 ), #1377, .T. ) ;
#1192 = ORIENTED_EDGE ( 'NONE', *, *, #2138, .F. ) ;
#1193 = ORIENTED_EDGE ( 'NONE', *, *, #193, .T. ) ;
#1194 = CARTESIAN_POINT ( 'NONE',  ( -79.00000000000005684, -16.40000000000033253, 14.00000000000000000 ) ) ;
#1195 = DIRECTION ( 'NONE',  ( -0.000000000000000000, 0.000000000000000000, -1.000000000000000000 ) ) ;
#1196 = VECTOR ( 'NONE', #2389, 1000.000000000000000 ) ;
#1197 = ORIENTED_EDGE ( 'NONE', *, *, #287, .F. ) ;
#1198 = AXIS2_PLACEMENT_3D ( 'NONE', #23, #1117, #256 ) ;
#1199 = CARTESIAN_POINT ( 'NONE',  ( -39.99999999999999289, -40.00000000000001421, 10.00000000000000000 ) ) ;
#1200 = EDGE_CURVE ( 'NONE', #870, #580, #980, .T. ) ;
#1201 = LINE ( 'NONE', #1831, #2308 ) ;
#1202 = VERTEX_POINT ( 'NONE', #939 ) ;
#1203 = CARTESIAN_POINT ( 'NONE',  ( -63.70708661417304342, 13.67291143449066837, 4.000000000000000000 ) ) ;
#1204 = CIRCLE ( 'NONE', #1652, 7.500000000000003553 ) ;
#1205 = CARTESIAN_POINT ( 'NONE',  ( 109.1212692998233535, 56.69104966961862857, 0.000000000000000000 ) ) ;
#1206 = CARTESIAN_POINT ( 'NONE',  ( -1.200962406445481562E-15, -45.00000000000000000, 10.00000000000000000 ) ) ;
#1207 = AXIS2_PLACEMENT_3D ( 'NONE', #1379, #2199, #2228 ) ;
#1208 = EDGE_LOOP ( 'NONE', ( #42, #313, #820, #2275 ) ) ;
#1209 = EDGE_CURVE ( 'NONE', #872, #1188, #2239, .T. ) ;
#1210 = FACE_OUTER_BOUND ( 'NONE', #292, .T. ) ;
#1211 = FACE_OUTER_BOUND ( 'NONE', #544, .T. ) ;
#1212 = ORIENTED_EDGE ( 'NONE', *, *, #1071, .F. ) ;
#1213 = VECTOR ( 'NONE', #445, 1000.000000000000000 ) ;
#1214 = LINE ( 'NONE', #1480, #1598 ) ;
#1215 = LINE ( 'NONE', #2740, #289 ) ;
#1216 = CARTESIAN_POINT ( 'NONE',  ( -27.25000000000000000, 85.60000000000023590, 10.00000000000000000 ) ) ;
#1217 = DIRECTION ( 'NONE',  ( -0.000000000000000000, -0.000000000000000000, -1.000000000000000000 ) ) ;
#1218 = VERTEX_POINT ( 'NONE', #1415 ) ;
#1219 = ORIENTED_EDGE ( 'NONE', *, *, #325, .F. ) ;
#1220 = CARTESIAN_POINT ( 'NONE',  ( -44.99999999999999289, -40.00000000000001421, 10.00000000000000000 ) ) ;
#1221 = CYLINDRICAL_SURFACE ( 'NONE', #1299, 190.0000000000000000 ) ;
#1222 = EDGE_CURVE ( 'NONE', #870, #998, #1376, .T. ) ;
#1223 = VERTEX_POINT ( 'NONE', #963 ) ;
#1224 = DIRECTION ( 'NONE',  ( 0.000000000000000000, 0.000000000000000000, 1.000000000000000000 ) ) ;
#1225 = CARTESIAN_POINT ( 'NONE',  ( -109.1212692998233820, 56.69104966961862857, 0.000000000000000000 ) ) ;
#1226 = CARTESIAN_POINT ( 'NONE',  ( 126.3157894736842479, 52.75311571718751935, 14.00000000000000000 ) ) ;
#1227 = VECTOR ( 'NONE', #220, 1000.000000000000000 ) ;
#1228 = ORIENTED_EDGE ( 'NONE', *, *, #671, .F. ) ;
#1229 = DIRECTION ( 'NONE',  ( -0.000000000000000000, -0.000000000000000000, -1.000000000000000000 ) ) ;
#1231 = ADVANCED_FACE ( 'NONE', ( #1818 ), #950, .F. ) ;
#1230 = VECTOR ( 'NONE', #1567, 1000.000000000000114 ) ;
#1232 = DIRECTION ( 'NONE',  ( 1.000000000000000000, -2.668805347656626062E-17, 0.000000000000000000 ) ) ;
#1233 = ORIENTED_EDGE ( 'NONE', *, *, #682, .F. ) ;
#1234 = AXIS2_PLACEMENT_3D ( 'NONE', #2597, #438, #2134 ) ;
#1235 = CARTESIAN_POINT ( 'NONE',  ( 8.518024169494269511E-15, -102.3091986265623206, 0.000000000000000000 ) ) ;
#1237 = ORIENTED_EDGE ( 'NONE', *, *, #583, .F. ) ;
#1236 = AXIS2_PLACEMENT_3D ( 'NONE', #1194, #2078, #806 ) ;
#1238 = AXIS2_PLACEMENT_3D ( 'NONE', #1732, #2377, #908 ) ;
#1239 = CARTESIAN_POINT ( 'NONE',  ( 22.00000000000000000, 85.00000000000000000, 10.00000000000000000 ) ) ;
#1240 = CARTESIAN_POINT ( 'NONE',  ( -120.0000000000000142, 45.00000000000000000, 10.00000000000000000 ) ) ;
#1241 = AXIS2_PLACEMENT_3D ( 'NONE', #501, #300, #1160 ) ;
#1242 = ADVANCED_FACE ( 'NONE', ( #2676 ), #1795, .T. ) ;
#1243 = DIRECTION ( 'NONE',  ( -0.000000000000000000, -0.000000000000000000, -1.000000000000000000 ) ) ;
#1244 = PRODUCT ( 'Top cover', 'Top cover', '', ( #29 ) ) ;
#1245 = CARTESIAN_POINT ( 'NONE',  ( 27.00000000000000000, 85.00000000000000000, 0.000000000000000000 ) ) ;
#1246 = DIRECTION ( 'NONE',  ( 1.000000000000000000, 0.000000000000000000, 0.000000000000000000 ) ) ;
#1247 = VERTEX_POINT ( 'NONE', #1834 ) ;
#1248 = VECTOR ( 'NONE', #1475, 1000.000000000000000 ) ;
#1249 = ADVANCED_FACE ( 'NONE', ( #729 ), #785, .F. ) ;
#1250 = DIRECTION ( 'NONE',  ( 1.000000000000000000, 0.000000000000000000, 0.000000000000000000 ) ) ;
#1251 = VERTEX_POINT ( 'NONE', #1608 ) ;
#1252 = DIRECTION ( 'NONE',  ( 0.000000000000000000, -1.000000000000000000, 0.000000000000000000 ) ) ;
#1253 = CIRCLE ( 'NONE', #2691, 15.00000000000333067 ) ;
#1254 = FACE_OUTER_BOUND ( 'NONE', #2372, .T. ) ;
#1255 = PRODUCT_DEFINITION_FORMATION_WITH_SPECIFIED_SOURCE ( 'ANY', '', #1244, .NOT_KNOWN. ) ;
#1256 = EDGE_CURVE ( 'NONE', #2675, #1002, #1780, .T. ) ;
#1257 = CARTESIAN_POINT ( 'NONE',  ( -4.309053114326404600E-15, 62.10000000000022169, 14.00000000000000000 ) ) ;
#1259 = EDGE_CURVE ( 'NONE', #1381, #225, #2314, .T. ) ;
#1258 = DIRECTION ( 'NONE',  ( -1.000000000000000000, -6.938893903907229610E-17, 0.000000000000000000 ) ) ;
#1260 = ORIENTED_EDGE ( 'NONE', *, *, #1997, .F. ) ;
#1261 = DIRECTION ( 'NONE',  ( -1.000000000000000000, 0.000000000000000000, 0.000000000000000000 ) ) ;
#1262 = EDGE_LOOP ( 'NONE', ( #2644, #679, #2621, #5 ) ) ;
#1263 = ORIENTED_EDGE ( 'NONE', *, *, #568, .T. ) ;
#1264 = DIRECTION ( 'NONE',  ( 0.000000000000000000, 0.000000000000000000, 1.000000000000000000 ) ) ;
#1265 = DIRECTION ( 'NONE',  ( 1.000000000000000000, 0.000000000000000000, 0.000000000000000000 ) ) ;
#1266 = DIRECTION ( 'NONE',  ( 0.000000000000000000, -0.000000000000000000, -1.000000000000000000 ) ) ;
#1267 = CARTESIAN_POINT ( 'NONE',  ( 32.00000000000000000, 85.00000000000000000, 10.00000000000000000 ) ) ;
#1268 = ORIENTED_EDGE ( 'NONE', *, *, #2105, .T. ) ;
#1269 = DIRECTION ( 'NONE',  ( -0.000000000000000000, -0.000000000000000000, -1.000000000000000000 ) ) ;
#1270 = EDGE_CURVE ( 'NONE', #1147, #1967, #1403, .T. ) ;
#1271 = DIRECTION ( 'NONE',  ( 1.000000000000000000, 0.000000000000000000, 0.000000000000000000 ) ) ;
#1272 = CARTESIAN_POINT ( 'NONE',  ( -119.9999999999999716, 24.07291143449040405, 10.00000000000000000 ) ) ;
#1273 = ORIENTED_EDGE ( 'NONE', *, *, #2784, .F. ) ;
#1274 = EDGE_CURVE ( 'NONE', #2229, #1981, #2180, .T. ) ;
#1275 = AXIS2_PLACEMENT_3D ( 'NONE', #1184, #1847, #727 ) ;
#1276 = DIRECTION ( 'NONE',  ( -0.000000000000000000, -0.000000000000000000, 1.000000000000000000 ) ) ;
#1277 = ORIENTED_EDGE ( 'NONE', *, *, #1317, .T. ) ;
#1278 = ORIENTED_EDGE ( 'NONE', *, *, #1052, .T. ) ;
#1279 = CARTESIAN_POINT ( 'NONE',  ( 63.70708661417304342, 54.18291143449048519, 14.00000000000000000 ) ) ;
#1280 = CARTESIAN_POINT ( 'NONE',  ( -50.16499999999938098, 62.10000000000021458, 10.00000000000000000 ) ) ;
#1281 = VECTOR ( 'NONE', #924, 1000.000000000000000 ) ;
#1282 = DIRECTION ( 'NONE',  ( -3.083952846180990281E-16, 1.000000000000000000, 0.000000000000000000 ) ) ;
#1283 = VECTOR ( 'NONE', #1813, 1000.000000000000000 ) ;
#1284 = EDGE_CURVE ( 'NONE', #68, #180, #1596, .T. ) ;
#1285 = FACE_OUTER_BOUND ( 'NONE', #2352, .T. ) ;
#1286 = VECTOR ( 'NONE', #239, 1000.000000000000114 ) ;
#1287 = ORIENTED_EDGE ( 'NONE', *, *, #1829, .F. ) ;
#1288 = CLOSED_SHELL ( 'NONE', ( #1482, #1633, #2198, #2007, #993, #886, #2157, #935, #1392, #1759, #2516, #722, #1944, #2745, #344, #943, #1161, #546, #2611, #449, #2618, #756, #2458, #1033, #1333, #1114, #2715, #2292, #2371, #1844, #24, #2511, #454, #1165, #468, #2147, #2505, #2054, #1065, #491, #2236, #2030, #1408, #40, #926, #1375, #2568, #1542, #1691, #1151, #2037, #815, #1249, #2774, #1853, #1433, #900, #2700, #1362, #1028, #2354, #2533, #1701, #1355, #1175, #1654, #147, #1242, #559, #1231, #1295, #708, #2775, #273, #1004, #2558, #2322, #2165, #159, #644, #2241, #1619, #1191, #2205, #2651, #1572, #1715, #792 ) ) ;
#1289 = DIRECTION ( 'NONE',  ( 6.167905692361981547E-16, 1.000000000000000000, -0.000000000000000000 ) ) ;
#1290 = DIRECTION ( 'NONE',  ( 0.000000000000000000, -0.000000000000000000, 1.000000000000000000 ) ) ;
#1291 = CARTESIAN_POINT ( 'NONE',  ( 120.0000000000000000, -45.00000000000000000, 0.000000000000000000 ) ) ;
#1292 = EDGE_LOOP ( 'NONE', ( #579, #1941 ) ) ;
#1293 = CARTESIAN_POINT ( 'NONE',  ( 106.2070866141730079, 44.07291143449042892, 14.00000000000000000 ) ) ;
#1294 = ORIENTED_EDGE ( 'NONE', *, *, #1126, .F. ) ;
#1295 = ADVANCED_FACE ( 'NONE', ( #602 ), #1879, .F. ) ;
#1296 = ORIENTED_EDGE ( 'NONE', *, *, #2070, .F. ) ;
#1297 = LINE ( 'NONE', #1491, #2399 ) ;
#1298 = LINE ( 'NONE', #2766, #2631 ) ;
#1299 = AXIS2_PLACEMENT_3D ( 'NONE', #988, #2079, #2722 ) ;
#1300 = LINE ( 'NONE', #213, #424 ) ;
#1301 = CARTESIAN_POINT ( 'NONE',  ( 60.41319762332421561, -45.00000000000000000, 10.00000000000000000 ) ) ;
#1302 = FACE_OUTER_BOUND ( 'NONE', #152, .T. ) ;
#1303 = CARTESIAN_POINT ( 'NONE',  ( 63.99999999999998579, -13.40000000000009805, 10.00000000000000000 ) ) ;
#1304 = ORIENTED_EDGE ( 'NONE', *, *, #608, .F. ) ;
#1305 = CARTESIAN_POINT ( 'NONE',  ( -83.70708661417303631, 0.000000000000000000, 14.00000000000000000 ) ) ;
#1306 = ORIENTED_EDGE ( 'NONE', *, *, #1746, .F. ) ;
#1307 = ORIENTED_EDGE ( 'NONE', *, *, #1946, .F. ) ;
#1308 = CARTESIAN_POINT ( 'NONE',  ( -3.711986186712983542E-15, 24.07291143449041115, 14.00000000000000000 ) ) ;
#1309 = CARTESIAN_POINT ( 'NONE',  ( -1.200962406445481562E-15, -45.00000000000000000, 10.00000000000000000 ) ) ;
#1310 = EDGE_CURVE ( 'NONE', #329, #523, #1445, .T. ) ;
#1311 = DIRECTION ( 'NONE',  ( 0.000000000000000000, 1.000000000000000000, -0.000000000000000000 ) ) ;
#1312 = DIRECTION ( 'NONE',  ( -0.000000000000000000, 0.000000000000000000, -1.000000000000000000 ) ) ;
#1313 = ORIENTED_EDGE ( 'NONE', *, *, #568, .F. ) ;
#1314 = DIRECTION ( 'NONE',  ( -0.000000000000000000, -0.000000000000000000, -1.000000000000000000 ) ) ;
#1315 = DIRECTION ( 'NONE',  ( 1.000000000000000000, 0.000000000000000000, 0.000000000000000000 ) ) ;
#1316 = ORIENTED_EDGE ( 'NONE', *, *, #66, .T. ) ;
#1317 = EDGE_CURVE ( 'NONE', #302, #2486, #2532, .T. ) ;
#1318 = DIRECTION ( 'NONE',  ( -1.000000000000000000, 2.668805347656626062E-17, 0.000000000000000000 ) ) ;
#1319 = VERTEX_POINT ( 'NONE', #1702 ) ;
#1320 = VERTEX_POINT ( 'NONE', #643 ) ;
#1321 = CARTESIAN_POINT ( 'NONE',  ( -24.47592220716958877, 85.00000000000000000, 0.000000000000000000 ) ) ;
#1322 = DIRECTION ( 'NONE',  ( 1.000000000000000000, 1.957498490786460316E-14, 0.000000000000000000 ) ) ;
#1323 = VECTOR ( 'NONE', #2507, 1000.000000000000000 ) ;
#1324 = CARTESIAN_POINT ( 'NONE',  ( 28.99999999999999645, 85.00000000000000000, 10.00000000000000000 ) ) ;
#1325 = VECTOR ( 'NONE', #1972, 1000.000000000000000 ) ;
#1326 = LINE ( 'NONE', #41, #1152 ) ;
#1327 = AXIS2_PLACEMENT_3D ( 'NONE', #1000, #2721, #987 ) ;
#1328 = EDGE_LOOP ( 'NONE', ( #310, #1519, #165, #692 ) ) ;
#1329 = EDGE_CURVE ( 'NONE', #909, #1218, #1331, .T. ) ;
#1330 = DIRECTION ( 'NONE',  ( 1.000000000000000000, 0.000000000000000000, 0.000000000000000000 ) ) ;
#1331 = CIRCLE ( 'NONE', #1558, 1.999999999999998224 ) ;
#1333 = ADVANCED_FACE ( 'NONE', ( #1254 ), #2298, .F. ) ;
#1332 = VECTOR ( 'NONE', #1581, 1000.000000000000000 ) ;
#1334 = CARTESIAN_POINT ( 'NONE',  ( -83.70708661417303631, 24.07291143449040405, 10.00000000000000000 ) ) ;
#1335 = EDGE_LOOP ( 'NONE', ( #378, #2063 ) ) ;
#1336 = EDGE_CURVE ( 'NONE', #1767, #1147, #1021, .T. ) ;
#1337 = ORIENTED_EDGE ( 'NONE', *, *, #1966, .T. ) ;
#1338 = CARTESIAN_POINT ( 'NONE',  ( -63.70708661417304342, 13.67291143449066837, 10.00000000000000000 ) ) ;
#1339 = CARTESIAN_POINT ( 'NONE',  ( 106.2070866141730221, 44.99999999999995737, 10.00000000000000000 ) ) ;
#1340 = ORIENTED_EDGE ( 'NONE', *, *, #2483, .F. ) ;
#1341 = LINE ( 'NONE', #2589, #1502 ) ;
#1342 = AXIS2_PLACEMENT_3D ( 'NONE', #167, #2711, #2526 ) ;
#1343 = CARTESIAN_POINT ( 'NONE',  ( -27.00000000000000000, 85.00000000000000000, 0.000000000000000000 ) ) ;
#1344 = CARTESIAN_POINT ( 'NONE',  ( -39.40983005625054147, -45.00000000000000000, 0.000000000000000000 ) ) ;
#1345 = AXIS2_PLACEMENT_3D ( 'NONE', #1573, #506, #1586 ) ;
#1346 = ORIENTED_EDGE ( 'NONE', *, *, #75, .F. ) ;
#1347 = CARTESIAN_POINT ( 'NONE',  ( -25.00000000000000000, 85.00000000000000000, 10.00000000000000000 ) ) ;
#1348 = EDGE_CURVE ( 'NONE', #1918, #1895, #2717, .T. ) ;
#1349 = LINE ( 'NONE', #1797, #1122 ) ;
#1350 = VECTOR ( 'NONE', #1529, 1000.000000000000000 ) ;
#1351 = ORIENTED_EDGE ( 'NONE', *, *, #2328, .F. ) ;
#1352 = EDGE_LOOP ( 'NONE', ( #35, #1337, #206, #1340 ) ) ;
#1353 = PLANE ( 'NONE',  #62 ) ;
#1354 = CARTESIAN_POINT ( 'NONE',  ( -79.00000000000005684, -16.40000000000033253, 4.000000000000000000 ) ) ;
#1355 = ADVANCED_FACE ( 'NONE', ( #1649 ), #1471, .F. ) ;
#1356 = VERTEX_POINT ( 'NONE', #411 ) ;
#1357 = CARTESIAN_POINT ( 'NONE',  ( 8.518024169494269511E-15, -102.3091986265623206, 10.00000000000000000 ) ) ;
#1358 = EDGE_CURVE ( 'NONE', #302, #842, #2628, .T. ) ;
#1359 = LINE ( 'NONE', #2027, #195 ) ;
#1360 = VERTEX_POINT ( 'NONE', #1226 ) ;
#1361 = DIRECTION ( 'NONE',  ( 0.05233595624294395260, 6.409306129323724811E-18, -0.9986295347545739443 ) ) ;
#1362 = ADVANCED_FACE ( 'NONE', ( #2752 ), #385, .F. ) ;
#1363 = CARTESIAN_POINT ( 'NONE',  ( 83.70708661417303631, 24.07291143449042536, 14.00000000000000000 ) ) ;
#1364 = ORIENTED_EDGE ( 'NONE', *, *, #2312, .T. ) ;
#1365 = VERTEX_POINT ( 'NONE', #1267 ) ;
#1366 = EDGE_CURVE ( 'NONE', #1858, #2426, #2728, .T. ) ;
#1367 = DIRECTION ( 'NONE',  ( -0.000000000000000000, -0.000000000000000000, -1.000000000000000000 ) ) ;
#1368 = CARTESIAN_POINT ( 'NONE',  ( -27.25000000000000000, 85.60000000000023590, 10.00000000000000000 ) ) ;
#1369 = ORIENTED_EDGE ( 'NONE', *, *, #2172, .F. ) ;
#1370 = CARTESIAN_POINT ( 'NONE',  ( 44.99999999999999289, -40.00000000000001421, 10.00000000000000000 ) ) ;
#1371 = AXIS2_PLACEMENT_3D ( 'NONE', #2572, #686, #2343 ) ;
#1372 = FACE_OUTER_BOUND ( 'NONE', #488, .T. ) ;
#1373 = ORIENTED_EDGE ( 'NONE', *, *, #748, .T. ) ;
#1374 = AXIS2_PLACEMENT_3D ( 'NONE', #480, #749, #295 ) ;
#1375 = ADVANCED_FACE ( 'NONE', ( #357 ), #813, .T. ) ;
#1376 = LINE ( 'NONE', #1203, #16 ) ;
#1377 = CONICAL_SURFACE ( 'NONE', #158, 4.999999999999997335, 0.05235987755983000091 ) ;
#1378 = AXIS2_PLACEMENT_3D ( 'NONE', #2073, #144, #1057 ) ;
#1379 = CARTESIAN_POINT ( 'NONE',  ( 109.1212692998233535, 56.69104966961862857, 10.00000000000000000 ) ) ;
#1381 = VERTEX_POINT ( 'NONE', #1006 ) ;
#1380 =( GEOMETRIC_REPRESENTATION_CONTEXT ( 3 ) GLOBAL_UNCERTAINTY_ASSIGNED_CONTEXT ( ( #898 ) ) GLOBAL_UNIT_ASSIGNED_CONTEXT ( ( #2107, #2375, #2556 ) ) REPRESENTATION_CONTEXT ( 'NONE', 'WORKASPACE' ) );
#1382 = ORIENTED_EDGE ( 'NONE', *, *, #731, .T. ) ;
#1383 = CARTESIAN_POINT ( 'NONE',  ( -130.0000000000000000, -45.00000000000000000, 10.00000000000000000 ) ) ;
#1384 = CARTESIAN_POINT ( 'NONE',  ( 42.72592220716958167, -40.00000000000001421, 0.000000000000000000 ) ) ;
#1385 = EDGE_CURVE ( 'NONE', #872, #2116, #297, .T. ) ;
#1386 = ORIENTED_EDGE ( 'NONE', *, *, #2111, .T. ) ;
#1387 = DIRECTION ( 'NONE',  ( 0.000000000000000000, 1.000000000000000000, -0.000000000000000000 ) ) ;
#1388 = DIRECTION ( 'NONE',  ( -0.000000000000000000, -0.000000000000000000, 1.000000000000000000 ) ) ;
#1389 = ORIENTED_EDGE ( 'NONE', *, *, #183, .T. ) ;
#1390 = CARTESIAN_POINT ( 'NONE',  ( 1.835000000000607034, 62.10000000000022169, 12.00000000000000000 ) ) ;
#1391 = CIRCLE ( 'NONE', #584, 2.524077792830412115 ) ;
#1392 = ADVANCED_FACE ( 'NONE', ( #2741 ), #2559, .F. ) ;
#1393 = CARTESIAN_POINT ( 'NONE',  ( -42.72592220716958167, -40.00000000000001421, 0.000000000000000000 ) ) ;
#1394 = ORIENTED_EDGE ( 'NONE', *, *, #2528, .F. ) ;
#1395 = VECTOR ( 'NONE', #1837, 1000.000000000000000 ) ;
#1396 = ORIENTED_EDGE ( 'NONE', *, *, #2732, .T. ) ;
#1397 = CARTESIAN_POINT ( 'NONE',  ( 22.00000000000000000, 85.00000000000000000, 10.00000000000000000 ) ) ;
#1398 = DIRECTION ( 'NONE',  ( -1.000000000000000000, -8.673617379884040402E-17, 0.000000000000000000 ) ) ;
#1399 = EDGE_CURVE ( 'NONE', #896, #2102, #1673, .T. ) ;
#1400 = CARTESIAN_POINT ( 'NONE',  ( 1.835000000000607034, 62.10000000000022169, 10.00000000000000000 ) ) ;
#1401 = DIRECTION ( 'NONE',  ( -0.000000000000000000, -0.000000000000000000, -1.000000000000000000 ) ) ;
#1402 = ORIENTED_EDGE ( 'NONE', *, *, #1270, .T. ) ;
#1403 = LINE ( 'NONE', #1430, #2583 ) ;
#1404 = EDGE_CURVE ( 'NONE', #1381, #1892, #1121, .T. ) ;
#1405 = DIRECTION ( 'NONE',  ( 1.000000000000000000, 0.000000000000000000, -0.000000000000000000 ) ) ;
#1406 = ORIENTED_EDGE ( 'NONE', *, *, #1453, .F. ) ;
#1407 = EDGE_LOOP ( 'NONE', ( #1406, #464, #776, #1599 ) ) ;
#1408 = ADVANCED_FACE ( 'NONE', ( #1285 ), #2154, .F. ) ;
#1409 = CARTESIAN_POINT ( 'NONE',  ( -63.70708661417304342, 13.67291143449066837, 14.00000000000000000 ) ) ;
#1410 = DIRECTION ( 'NONE',  ( -0.000000000000000000, 0.000000000000000000, -1.000000000000000000 ) ) ;
#1411 = CARTESIAN_POINT ( 'NONE',  ( -112.1212692998233820, 51.08187337763378366, 0.000000000000000000 ) ) ;
#1412 = CARTESIAN_POINT ( 'NONE',  ( -119.9999999999999716, 54.18291143449048519, 10.00000000000000000 ) ) ;
#1413 = ORIENTED_EDGE ( 'NONE', *, *, #47, .F. ) ;
#1414 = VECTOR ( 'NONE', #2546, 1000.000000000000000 ) ;
#1415 = CARTESIAN_POINT ( 'NONE',  ( -25.00000000000000000, 85.00000000000000000, 10.00000000000000000 ) ) ;
#1416 = EDGE_CURVE ( 'NONE', #1247, #831, #477, .T. ) ;
#1417 = CONICAL_SURFACE ( 'NONE', #2716, 4.999999999999997335, 0.05235987755983000091 ) ;
#1418 = DIRECTION ( 'NONE',  ( 3.469446951953616654E-16, -1.000000000000000000, 0.000000000000000000 ) ) ;
#1419 = CARTESIAN_POINT ( 'NONE',  ( 130.0000000000000568, 45.00000000000000000, 0.000000000000000000 ) ) ;
#1420 = AXIS2_PLACEMENT_3D ( 'NONE', #124, #2696, #2067 ) ;
#1421 = VERTEX_POINT ( 'NONE', #1512 ) ;
#1422 = CARTESIAN_POINT ( 'NONE',  ( -27.00000000000000000, 85.00000000000000000, 10.00000000000000000 ) ) ;
#1423 = DIRECTION ( 'NONE',  ( -1.000000000000000000, 0.000000000000000000, 0.000000000000000000 ) ) ;
#1424 = CONICAL_SURFACE ( 'NONE', #662, 1.750000000000001554, 0.05235987755983000091 ) ;
#1425 = ORIENTED_EDGE ( 'NONE', *, *, #2578, .F. ) ;
#1426 = EDGE_CURVE ( 'NONE', #1892, #2596, #2614, .T. ) ;
#1427 = CIRCLE ( 'NONE', #2587, 199.9999999999999716 ) ;
#1428 = DIRECTION ( 'NONE',  ( -0.05233595624294395260, -6.409306129323724811E-18, -0.9986295347545739443 ) ) ;
#1429 = LINE ( 'NONE', #2333, #1863 ) ;
#1430 = CARTESIAN_POINT ( 'NONE',  ( 1.835000000000607034, 62.10000000000022169, 12.00000000000000000 ) ) ;
#1431 = VERTEX_POINT ( 'NONE', #2364 ) ;
#1432 = VECTOR ( 'NONE', #622, 1000.000000000000000 ) ;
#1433 = ADVANCED_FACE ( 'NONE', ( #2785 ), #427, .T. ) ;
#1434 = CARTESIAN_POINT ( 'NONE',  ( 8.518024169494269511E-15, -102.3091986265623206, 10.00000000000000000 ) ) ;
#1435 = CARTESIAN_POINT ( 'NONE',  ( -126.3157894736842195, 52.75311571718751225, 0.000000000000000000 ) ) ;
#1436 = AXIS2_PLACEMENT_3D ( 'NONE', #1739, #2594, #1318 ) ;
#1437 = ORIENTED_EDGE ( 'NONE', *, *, #583, .T. ) ;
#1438 = FACE_OUTER_BOUND ( 'NONE', #971, .T. ) ;
#1439 = CARTESIAN_POINT ( 'NONE',  ( 44.99999999999999289, -40.00000000000001421, 10.00000000000000000 ) ) ;
#1440 = ORIENTED_EDGE ( 'NONE', *, *, #197, .F. ) ;
#1441 = AXIS2_PLACEMENT_3D ( 'NONE', #2281, #2393, #337 ) ;
#1442 = DIRECTION ( 'NONE',  ( -1.000000000000000000, 0.000000000000000000, 0.000000000000000000 ) ) ;
#1443 = LINE ( 'NONE', #2297, #1769 ) ;
#1444 = EDGE_CURVE ( 'NONE', #609, #1858, #250, .T. ) ;
#1445 = LINE ( 'NONE', #1456, #205 ) ;
#1446 = ORIENTED_EDGE ( 'NONE', *, *, #1329, .F. ) ;
#1447 = CARTESIAN_POINT ( 'NONE',  ( -32.00000000000000000, 85.00000000000000000, 10.00000000000000000 ) ) ;
#1448 = ORIENTED_EDGE ( 'NONE', *, *, #2603, .F. ) ;
#1449 = VERTEX_POINT ( 'NONE', #1931 ) ;
#1450 = LINE ( 'NONE', #2276, #2444 ) ;
#1451 = CARTESIAN_POINT ( 'NONE',  ( -39.40983005625054147, -45.00000000000000000, 10.00000000000000000 ) ) ;
#1452 = ORIENTED_EDGE ( 'NONE', *, *, #262, .T. ) ;
#1453 = EDGE_CURVE ( 'NONE', #1985, #2204, #1074, .T. ) ;
#1454 = PRESENTATION_STYLE_ASSIGNMENT (( #2519 ) ) ;
#1455 = DIRECTION ( 'NONE',  ( -1.000000000000000000, 0.000000000000000000, 0.000000000000000000 ) ) ;
#1456 = CARTESIAN_POINT ( 'NONE',  ( 31.83500000000061192, 79.10000000000022169, 12.00000000000000000 ) ) ;
#1457 = EDGE_CURVE ( 'NONE', #2404, #2042, #1326, .T. ) ;
#1458 = DIRECTION ( 'NONE',  ( 1.000000000000000000, 0.000000000000000000, 0.000000000000000000 ) ) ;
#1459 = VECTOR ( 'NONE', #555, 1000.000000000000000 ) ;
#1460 = DIRECTION ( 'NONE',  ( 0.000000000000000000, -0.000000000000000000, 1.000000000000000000 ) ) ;
#1461 = ORIENTED_EDGE ( 'NONE', *, *, #1569, .F. ) ;
#1462 = CIRCLE ( 'NONE', #59, 41.23105625617665027 ) ;
#1463 = CARTESIAN_POINT ( 'NONE',  ( 27.00000000000000000, 85.00000000000000000, 10.00000000000000000 ) ) ;
#1465 = VERTEX_POINT ( 'NONE', #865 ) ;
#1464 = AXIS2_PLACEMENT_3D ( 'NONE', #995, #1584, #532 ) ;
#1466 = ORIENTED_EDGE ( 'NONE', *, *, #1650, .F. ) ;
#1467 = VECTOR ( 'NONE', #198, 1000.000000000000114 ) ;
#1468 = EDGE_CURVE ( 'NONE', #2104, #457, #526, .T. ) ;
#1469 = DIRECTION ( 'NONE',  ( 0.05233595624294395260, 0.000000000000000000, 0.9986295347545739443 ) ) ;
#1470 = VECTOR ( 'NONE', #570, 1000.000000000000000 ) ;
#1471 = CYLINDRICAL_SURFACE ( 'NONE', #202, 15.00000000000000000 ) ;
#1472 = FACE_OUTER_BOUND ( 'NONE', #2250, .T. ) ;
#1473 = DIRECTION ( 'NONE',  ( 1.000000000000000000, 0.000000000000000000, 0.000000000000000000 ) ) ;
#1474 = EDGE_LOOP ( 'NONE', ( #2338, #1486, #1845, #2066 ) ) ;
#1475 = DIRECTION ( 'NONE',  ( 0.000000000000000000, 1.000000000000000000, 0.000000000000000000 ) ) ;
#1476 = VECTOR ( 'NONE', #2339, 1000.000000000000000 ) ;
#1477 = EDGE_LOOP ( 'NONE', ( #934, #2132, #1022, #2370 ) ) ;
#1478 = ORIENTED_EDGE ( 'NONE', *, *, #187, .T. ) ;
#1479 = CARTESIAN_POINT ( 'NONE',  ( -119.9999999999999716, 13.67291143449065416, 10.00000000000000000 ) ) ;
#1480 = CARTESIAN_POINT ( 'NONE',  ( 25.00000000000000000, 85.00000000000000000, 10.00000000000000000 ) ) ;
#1481 = CYLINDRICAL_SURFACE ( 'NONE', #2712, 199.9999999999999716 ) ;
#1482 = ADVANCED_FACE ( 'NONE', ( #2194 ), #1424, .F. ) ;
#1483 = DIRECTION ( 'NONE',  ( -0.000000000000000000, -0.000000000000000000, 1.000000000000000000 ) ) ;
#1484 = CARTESIAN_POINT ( 'NONE',  ( 93.99999999999998579, -13.40000000000009983, 10.00000000000000000 ) ) ;
#1485 = PLANE ( 'NONE',  #1045 ) ;
#1486 = ORIENTED_EDGE ( 'NONE', *, *, #873, .T. ) ;
#1487 = DIRECTION ( 'NONE',  ( 1.000000000000000000, -2.668805347656626062E-17, 0.000000000000000000 ) ) ;
#1488 = ORIENTED_EDGE ( 'NONE', *, *, #101, .T. ) ;
#1489 = EDGE_CURVE ( 'NONE', #2632, #109, #272, .T. ) ;
#1490 = ORIENTED_EDGE ( 'NONE', *, *, #910, .F. ) ;
#1491 = CARTESIAN_POINT ( 'NONE',  ( -3.005408422130129891E-16, 2.100000000000218137, 14.00000000000000000 ) ) ;
#1492 = LINE ( 'NONE', #1339, #2360 ) ;
#1493 = LINE ( 'NONE', #2136, #2439 ) ;
#1494 = DIRECTION ( 'NONE',  ( 0.000000000000000000, 0.000000000000000000, -1.000000000000000000 ) ) ;
#1495 = EDGE_LOOP ( 'NONE', ( #1024, #2478, #1083, #323 ) ) ;
#1496 = DIRECTION ( 'NONE',  ( 0.000000000000000000, -1.000000000000000000, 0.000000000000000000 ) ) ;
#1497 = DIRECTION ( 'NONE',  ( 0.000000000000000000, 0.000000000000000000, -1.000000000000000000 ) ) ;
#1498 = EDGE_CURVE ( 'NONE', #61, #1320, #2003, .T. ) ;
#1499 = CARTESIAN_POINT ( 'NONE',  ( 49.83500000000060481, 0.000000000000000000, 14.00000000000000000 ) ) ;
#1500 = AXIS2_PLACEMENT_3D ( 'NONE', #594, #1044, #204 ) ;
#1501 = VERTEX_POINT ( 'NONE', #687 ) ;
#1502 = VECTOR ( 'NONE', #2179, 1000.000000000000000 ) ;
#1503 = DIRECTION ( 'NONE',  ( -1.541976423090496619E-16, 1.000000000000000000, 0.000000000000000000 ) ) ;
#1504 = VERTEX_POINT ( 'NONE', #1945 ) ;
#1505 = VECTOR ( 'NONE', #640, 1000.000000000000000 ) ;
#1506 = VERTEX_POINT ( 'NONE', #1135 ) ;
#1507 = CARTESIAN_POINT ( 'NONE',  ( 119.9999999999999858, 45.00000000000000711, 10.00000000000000000 ) ) ;
#1508 = LINE ( 'NONE', #862, #2317 ) ;
#1509 = CIRCLE ( 'NONE', #1236, 15.00000000000333067 ) ;
#1510 = LINE ( 'NONE', #425, #1817 ) ;
#1511 = VECTOR ( 'NONE', #1899, 1000.000000000000000 ) ;
#1512 = CARTESIAN_POINT ( 'NONE',  ( 83.70708661417303631, 44.07291143449042181, 10.00000000000000000 ) ) ;
#1513 = MECHANICAL_DESIGN_GEOMETRIC_PRESENTATION_REPRESENTATION (  '', ( #1733 ), #1380 ) ;
#1514 = ORIENTED_EDGE ( 'NONE', *, *, #75, .T. ) ;
#1515 = DIRECTION ( 'NONE',  ( -0.000000000000000000, 0.000000000000000000, -1.000000000000000000 ) ) ;
#1516 = DIRECTION ( 'NONE',  ( 1.000000000000000000, 0.000000000000000000, 0.000000000000000000 ) ) ;
#1517 = ORIENTED_EDGE ( 'NONE', *, *, #533, .F. ) ;
#1518 = FACE_OUTER_BOUND ( 'NONE', #416, .T. ) ;
#1519 = ORIENTED_EDGE ( 'NONE', *, *, #1489, .T. ) ;
#1520 = VERTEX_POINT ( 'NONE', #1760 ) ;
#1521 = FACE_OUTER_BOUND ( 'NONE', #1262, .T. ) ;
#1522 = DIRECTION ( 'NONE',  ( -0.000000000000000000, -0.000000000000000000, -1.000000000000000000 ) ) ;
#1523 = CIRCLE ( 'NONE', #2234, 190.0000000000000000 ) ;
#1524 = DIRECTION ( 'NONE',  ( -0.000000000000000000, -0.000000000000000000, -1.000000000000000000 ) ) ;
#1525 = DIRECTION ( 'NONE',  ( 1.000000000000000000, 0.000000000000000000, 0.000000000000000000 ) ) ;
#1526 = EDGE_CURVE ( 'NONE', #2102, #451, #1777, .T. ) ;
#1527 = AXIS2_PLACEMENT_3D ( 'NONE', #2549, #1290, #219 ) ;
#1528 = DIRECTION ( 'NONE',  ( 0.000000000000000000, 0.000000000000000000, -1.000000000000000000 ) ) ;
#1529 = DIRECTION ( 'NONE',  ( -0.000000000000000000, -0.000000000000000000, 1.000000000000000000 ) ) ;
#1530 = ORIENTED_EDGE ( 'NONE', *, *, #2545, .F. ) ;
#1531 = DIRECTION ( 'NONE',  ( -0.000000000000000000, 0.000000000000000000, 1.000000000000000000 ) ) ;
#1532 = ORIENTED_EDGE ( 'NONE', *, *, #989, .T. ) ;
#1533 = ORIENTED_EDGE ( 'NONE', *, *, #1134, .F. ) ;
#1534 = FACE_OUTER_BOUND ( 'NONE', #412, .T. ) ;
#1535 = FACE_OUTER_BOUND ( 'NONE', #1105, .T. ) ;
#1536 = EDGE_CURVE ( 'NONE', #451, #693, #2091, .T. ) ;
#1537 = CARTESIAN_POINT ( 'NONE',  ( -120.0000000000000142, -45.00000000000000000, 10.00000000000000000 ) ) ;
#1538 = DIRECTION ( 'NONE',  ( 0.000000000000000000, 0.000000000000000000, -1.000000000000000000 ) ) ;
#1539 = ORIENTED_EDGE ( 'NONE', *, *, #505, .T. ) ;
#1540 = FACE_OUTER_BOUND ( 'NONE', #2200, .T. ) ;
#1541 =( NAMED_UNIT ( * ) PLANE_ANGLE_UNIT ( ) SI_UNIT ( $, .RADIAN. ) );
#1542 = ADVANCED_FACE ( 'NONE', ( #2166 ), #241, .F. ) ;
#1543 = EDGE_LOOP ( 'NONE', ( #1233, #2218, #747, #1600, #1346, #1260, #1179, #1901 ) ) ;
#1544 = DIRECTION ( 'NONE',  ( 0.05233595624294395260, -6.409306129323724811E-18, 0.9986295347545739443 ) ) ;
#1545 = ORIENTED_EDGE ( 'NONE', *, *, #1938, .T. ) ;
#1546 = ORIENTED_EDGE ( 'NONE', *, *, #1738, .T. ) ;
#1547 = CARTESIAN_POINT ( 'NONE',  ( 1.835000000000607034, 79.10000000000022169, 12.00000000000000000 ) ) ;
#1548 = LINE ( 'NONE', #2429, #1915 ) ;
#1549 = ORIENTED_EDGE ( 'NONE', *, *, #91, .T. ) ;
#1550 = DIRECTION ( 'NONE',  ( 0.000000000000000000, 0.000000000000000000, 1.000000000000000000 ) ) ;
#1551 = EDGE_CURVE ( 'NONE', #2080, #31, #2601, .T. ) ;
#1552 = VECTOR ( 'NONE', #7, 1000.000000000000000 ) ;
#1553 = DIRECTION ( 'NONE',  ( 1.000000000000000000, 0.000000000000000000, 0.000000000000000000 ) ) ;
#1554 = DIRECTION ( 'NONE',  ( -0.000000000000000000, 0.000000000000000000, -1.000000000000000000 ) ) ;
#1555 = AXIS2_PLACEMENT_3D ( 'NONE', #661, #1557, #2155 ) ;
#1556 = ORIENTED_EDGE ( 'NONE', *, *, #1909, .F. ) ;
#1557 = DIRECTION ( 'NONE',  ( 0.000000000000000000, -0.000000000000000000, -1.000000000000000000 ) ) ;
#1558 = AXIS2_PLACEMENT_3D ( 'NONE', #400, #1494, #1663 ) ;
#1559 = VECTOR ( 'NONE', #1618, 1000.000000000000000 ) ;
#1560 = CARTESIAN_POINT ( 'NONE',  ( 83.70708661417303631, 44.99999999999995737, 10.00000000000000000 ) ) ;
#1561 = EDGE_LOOP ( 'NONE', ( #783, #2542 ) ) ;
#1562 = EDGE_LOOP ( 'NONE', ( #1478, #2513, #1067, #2510 ) ) ;
#1563 = DIRECTION ( 'NONE',  ( -0.000000000000000000, 0.000000000000000000, 1.000000000000000000 ) ) ;
#1564 = FACE_OUTER_BOUND ( 'NONE', #2191, .T. ) ;
#1565 = AXIS2_PLACEMENT_3D ( 'NONE', #1771, #2441, #65 ) ;
#1566 = LINE ( 'NONE', #767, #1559 ) ;
#1567 = DIRECTION ( 'NONE',  ( 0.05233595624294395260, 6.409306129323724811E-18, -0.9986295347545739443 ) ) ;
#1568 = VECTOR ( 'NONE', #940, 1000.000000000000000 ) ;
#1569 = EDGE_CURVE ( 'NONE', #2256, #704, #2537, .T. ) ;
#1570 = ORIENTED_EDGE ( 'NONE', *, *, #810, .F. ) ;
#1571 = DIRECTION ( 'NONE',  ( -0.000000000000000000, -0.000000000000000000, -1.000000000000000000 ) ) ;
#1572 = ADVANCED_FACE ( 'NONE', ( #284 ), #2672, .F. ) ;
#1573 = CARTESIAN_POINT ( 'NONE',  ( -120.0000000000000142, 45.00000000000000000, 10.00000000000000000 ) ) ;
#1574 = CIRCLE ( 'NONE', #542, 4.999999999999997335 ) ;
#1575 = ORIENTED_EDGE ( 'NONE', *, *, #434, .F. ) ;
#1576 = ORIENTED_EDGE ( 'NONE', *, *, #2504, .T. ) ;
#1577 = CARTESIAN_POINT ( 'NONE',  ( 19.82439395379141445, 86.65374325455063342, 10.00000000000000000 ) ) ;
#1578 = LINE ( 'NONE', #1787, #848 ) ;
#1579 = ORIENTED_EDGE ( 'NONE', *, *, #701, .T. ) ;
#1580 = EDGE_CURVE ( 'NONE', #1449, #965, #2206, .T. ) ;
#1581 = DIRECTION ( 'NONE',  ( -1.000000000000000000, -8.673617379884041635E-17, 0.000000000000000000 ) ) ;
#1582 = DIRECTION ( 'NONE',  ( -0.000000000000000000, -0.000000000000000000, 1.000000000000000000 ) ) ;
#1583 = ORIENTED_EDGE ( 'NONE', *, *, #210, .F. ) ;
#1584 = DIRECTION ( 'NONE',  ( -0.000000000000000000, -0.000000000000000000, -1.000000000000000000 ) ) ;
#1585 = EDGE_CURVE ( 'NONE', #1967, #2764, #2687, .T. ) ;
#1586 = DIRECTION ( 'NONE',  ( -1.000000000000000000, 0.000000000000000000, 0.000000000000000000 ) ) ;
#1587 = ORIENTED_EDGE ( 'NONE', *, *, #1833, .T. ) ;
#1588 = VERTEX_POINT ( 'NONE', #2248 ) ;
#1589 = LINE ( 'NONE', #1397, #881 ) ;
#1590 = CARTESIAN_POINT ( 'NONE',  ( -83.70708661417303631, 24.07291143449040405, 4.000000000000000000 ) ) ;
#1591 = ORIENTED_EDGE ( 'NONE', *, *, #1850, .T. ) ;
#1592 = DIRECTION ( 'NONE',  ( 0.000000000000000000, -0.000000000000000000, -1.000000000000000000 ) ) ;
#1593 = CARTESIAN_POINT ( 'NONE',  ( -27.25000000000000000, 85.60000000000023590, 10.00000000000000000 ) ) ;
#1594 = ORIENTED_EDGE ( 'NONE', *, *, #1772, .T. ) ;
#1595 = VECTOR ( 'NONE', #698, 1000.000000000000114 ) ;
#1596 = LINE ( 'NONE', #801, #2406 ) ;
#1597 = CARTESIAN_POINT ( 'NONE',  ( -22.00000000000000000, 85.00000000000000000, 10.00000000000000000 ) ) ;
#1599 = ORIENTED_EDGE ( 'NONE', *, *, #2663, .T. ) ;
#1598 = VECTOR ( 'NONE', #1428, 1000.000000000000114 ) ;
#1600 = ORIENTED_EDGE ( 'NONE', *, *, #487, .T. ) ;
#1601 = CARTESIAN_POINT ( 'NONE',  ( 8.518024169494269511E-15, -102.3091986265623206, 0.000000000000000000 ) ) ;
#1602 = AXIS2_PLACEMENT_3D ( 'NONE', #2032, #2076, #984 ) ;
#1603 = FACE_OUTER_BOUND ( 'NONE', #2689, .T. ) ;
#1604 = ORIENTED_EDGE ( 'NONE', *, *, #1222, .T. ) ;
#1605 = FACE_BOUND ( 'NONE', #1335, .T. ) ;
#1606 = CARTESIAN_POINT ( 'NONE',  ( -44.99999999999999289, -40.00000000000001421, 0.000000000000000000 ) ) ;
#1607 = ORIENTED_EDGE ( 'NONE', *, *, #910, .T. ) ;
#1608 = CARTESIAN_POINT ( 'NONE',  ( -130.0000000000000000, -45.00000000000000000, 0.000000000000000000 ) ) ;
#1609 = VECTOR ( 'NONE', #462, 1000.000000000000000 ) ;
#1610 = EDGE_CURVE ( 'NONE', #1952, #2466, #936, .T. ) ;
#1611 = DIRECTION ( 'NONE',  ( -0.000000000000000000, 0.000000000000000000, 1.000000000000000000 ) ) ;
#1612 = DIRECTION ( 'NONE',  ( -0.000000000000000000, 0.000000000000000000, -1.000000000000000000 ) ) ;
#1613 = AXIS2_PLACEMENT_3D ( 'NONE', #2523, #1418, #2288 ) ;
#1614 = ORIENTED_EDGE ( 'NONE', *, *, #1426, .F. ) ;
#1615 = CARTESIAN_POINT ( 'NONE',  ( 49.83500000000060481, 62.10000000000022169, 14.00000000000000000 ) ) ;
#1616 = CARTESIAN_POINT ( 'NONE',  ( 27.00000000000000000, 85.00000000000000000, 0.000000000000000000 ) ) ;
#1617 = ORIENTED_EDGE ( 'NONE', *, *, #1850, .F. ) ;
#1618 = DIRECTION ( 'NONE',  ( -0.000000000000000000, -0.000000000000000000, 1.000000000000000000 ) ) ;
#1619 = ADVANCED_FACE ( 'NONE', ( #1183, #1605 ), #2473, .T. ) ;
#1620 = DIRECTION ( 'NONE',  ( 1.000000000000000000, 0.000000000000000000, 0.000000000000000000 ) ) ;
#1621 = ORIENTED_EDGE ( 'NONE', *, *, #91, .F. ) ;
#1622 = CARTESIAN_POINT ( 'NONE',  ( -63.70708661417304342, 44.99999999999995737, 10.00000000000000000 ) ) ;
#1623 = EDGE_CURVE ( 'NONE', #2357, #2404, #70, .T. ) ;
#1624 = CYLINDRICAL_SURFACE ( 'NONE', #173, 190.0000000000000000 ) ;
#1625 = EDGE_LOOP ( 'NONE', ( #2735, #2759, #82, #149 ) ) ;
#1626 = ORIENTED_EDGE ( 'NONE', *, *, #210, .T. ) ;
#1627 = DIRECTION ( 'NONE',  ( 0.000000000000000000, -0.000000000000000000, -1.000000000000000000 ) ) ;
#1628 = DIRECTION ( 'NONE',  ( 1.000000000000000000, 0.000000000000000000, 0.000000000000000000 ) ) ;
#1629 = EDGE_LOOP ( 'NONE', ( #328, #1364, #2430, #514 ) ) ;
#1630 = CARTESIAN_POINT ( 'NONE',  ( 8.518024169494269511E-15, -102.3091986265623206, 0.000000000000000000 ) ) ;
#1631 = CARTESIAN_POINT ( 'NONE',  ( -19.82439395379141800, 86.65374325455067606, 0.000000000000000000 ) ) ;
#1632 = VERTEX_POINT ( 'NONE', #2645 ) ;
#1633 = ADVANCED_FACE ( 'NONE', ( #2461 ), #528, .T. ) ;
#1634 = AXIS2_PLACEMENT_3D ( 'NONE', #812, #2490, #1030 ) ;
#1635 = DIRECTION ( 'NONE',  ( -6.938893903907229610E-17, 1.000000000000000000, 0.000000000000000000 ) ) ;
#1636 = VECTOR ( 'NONE', #846, 1000.000000000000000 ) ;
#1637 = EDGE_LOOP ( 'NONE', ( #2723, #48, #1994, #2524 ) ) ;
#1638 = AXIS2_PLACEMENT_3D ( 'NONE', #150, #645, #430 ) ;
#1639 = DIRECTION ( 'NONE',  ( -0.000000000000000000, 0.000000000000000000, 1.000000000000000000 ) ) ;
#1640 = DIRECTION ( 'NONE',  ( -1.000000000000000000, 2.668805347656626062E-17, 0.000000000000000000 ) ) ;
#1641 = EDGE_LOOP ( 'NONE', ( #2385, #1425, #979, #740 ) ) ;
#1642 = CARTESIAN_POINT ( 'NONE',  ( 112.1212692998233535, 51.08187337763378366, 0.000000000000000000 ) ) ;
#1643 = DIRECTION ( 'NONE',  ( -1.000000000000000000, 0.000000000000000000, 0.000000000000000000 ) ) ;
#1644 = AXIS2_PLACEMENT_3D ( 'NONE', #1039, #1887, #2306 ) ;
#1645 = VERTEX_POINT ( 'NONE', #83 ) ;
#1646 = EDGE_CURVE ( 'NONE', #986, #635, #1566, .T. ) ;
#1647 = FACE_OUTER_BOUND ( 'NONE', #436, .T. ) ;
#1648 = DIRECTION ( 'NONE',  ( 0.000000000000000000, -0.000000000000000000, -1.000000000000000000 ) ) ;
#1649 = FACE_OUTER_BOUND ( 'NONE', #527, .T. ) ;
#1650 = EDGE_CURVE ( 'NONE', #531, #2632, #311, .T. ) ;
#1651 = ORIENTED_EDGE ( 'NONE', *, *, #1317, .F. ) ;
#1652 = AXIS2_PLACEMENT_3D ( 'NONE', #1368, #2217, #296 ) ;
#1653 = CARTESIAN_POINT ( 'NONE',  ( -1.200962406445481562E-15, -45.00000000000000000, 0.000000000000000000 ) ) ;
#1654 = ADVANCED_FACE ( 'NONE', ( #2026 ), #2057, .F. ) ;
#1655 = DIRECTION ( 'NONE',  ( 0.000000000000000000, 0.000000000000000000, -1.000000000000000000 ) ) ;
#1656 = ORIENTED_EDGE ( 'NONE', *, *, #2641, .F. ) ;
#1657 = DIRECTION ( 'NONE',  ( 1.000000000000000000, 0.000000000000000000, -0.000000000000000000 ) ) ;
#1658 = DIRECTION ( 'NONE',  ( -0.000000000000000000, -0.000000000000000000, -1.000000000000000000 ) ) ;
#1659 = VERTEX_POINT ( 'NONE', #959 ) ;
#1660 = SURFACE_SIDE_STYLE ('',( #811 ) ) ;
#1661 = EDGE_CURVE ( 'NONE', #31, #1320, #617, .T. ) ;
#1662 = DIRECTION ( 'NONE',  ( -0.000000000000000000, -0.000000000000000000, -1.000000000000000000 ) ) ;
#1663 = DIRECTION ( 'NONE',  ( -1.000000000000000000, 0.000000000000000000, 0.000000000000000000 ) ) ;
#1664 = ORIENTED_EDGE ( 'NONE', *, *, #1256, .F. ) ;
#1665 = FACE_OUTER_BOUND ( 'NONE', #2254, .T. ) ;
#1666 = EDGE_LOOP ( 'NONE', ( #2541, #1369, #2463, #1373 ) ) ;
#1667 = VERTEX_POINT ( 'NONE', #1830 ) ;
#1668 = EDGE_CURVE ( 'NONE', #648, #2491, #208, .T. ) ;
#1669 = LINE ( 'NONE', #349, #1248 ) ;
#1670 = ORIENTED_EDGE ( 'NONE', *, *, #2762, .T. ) ;
#1671 = DIRECTION ( 'NONE',  ( 1.000000000000000000, 0.000000000000000000, 0.000000000000000000 ) ) ;
#1672 = DIRECTION ( 'NONE',  ( -0.000000000000000000, 0.000000000000000000, -1.000000000000000000 ) ) ;
#1673 = LINE ( 'NONE', #2509, #974 ) ;
#1674 = CARTESIAN_POINT ( 'NONE',  ( 120.0000000000000000, 3.700743415417188258E-14, 0.000000000000000000 ) ) ;
#1675 = CIRCLE ( 'NONE', #2040, 3.000000000000002665 ) ;
#1676 = FACE_OUTER_BOUND ( 'NONE', #2382, .T. ) ;
#1677 = VERTEX_POINT ( 'NONE', #1411 ) ;
#1678 = CONICAL_SURFACE ( 'NONE', #2579, 5.000000000000000888, 0.05235987755983000091 ) ;
#1679 = DIRECTION ( 'NONE',  ( 0.000000000000000000, -0.000000000000000000, -1.000000000000000000 ) ) ;
#1680 = EDGE_CURVE ( 'NONE', #180, #1925, #1846, .T. ) ;
#1682 = VERTEX_POINT ( 'NONE', #1199 ) ;
#1681 = CONICAL_SURFACE ( 'NONE', #2269, 5.000000000000000888, 0.05235987755983000091 ) ;
#1683 = EDGE_LOOP ( 'NONE', ( #1707, #2634 ) ) ;
#1684 = AXIS2_PLACEMENT_3D ( 'NONE', #1357, #1592, #321 ) ;
#1685 = CARTESIAN_POINT ( 'NONE',  ( 34.66904575527269117, 84.50101861654995616, 10.00000000000000000 ) ) ;
#1686 = CARTESIAN_POINT ( 'NONE',  ( 39.40983005625052016, -45.00000000000000000, 0.000000000000000000 ) ) ;
#1687 = AXIS2_PLACEMENT_3D ( 'NONE', #2118, #194, #1442 ) ;
#1688 = DIRECTION ( 'NONE',  ( -0.000000000000000000, -0.000000000000000000, -1.000000000000000000 ) ) ;
#1689 = CIRCLE ( 'NONE', #2678, 7.500000000000000000 ) ;
#1690 = LINE ( 'NONE', #1257, #634 ) ;
#1691 = ADVANCED_FACE ( 'NONE', ( #128 ), #990, .F. ) ;
#1692 = DIRECTION ( 'NONE',  ( -0.000000000000000000, -0.000000000000000000, -1.000000000000000000 ) ) ;
#1693 = ORIENTED_EDGE ( 'NONE', *, *, #2705, .F. ) ;
#1694 = DIRECTION ( 'NONE',  ( -1.000000000000000000, 0.000000000000000000, 0.000000000000000000 ) ) ;
#1695 = AXIS2_PLACEMENT_3D ( 'NONE', #2582, #2174, #1261 ) ;
#1696 = ORIENTED_EDGE ( 'NONE', *, *, #578, .F. ) ;
#1697 = ORIENTED_EDGE ( 'NONE', *, *, #1794, .F. ) ;
#1698 = DIRECTION ( 'NONE',  ( 1.000000000000000000, 0.000000000000000000, 0.000000000000000000 ) ) ;
#1699 = DIRECTION ( 'NONE',  ( -0.05233595624294395260, 0.000000000000000000, 0.9986295347545739443 ) ) ;
#1700 = CIRCLE ( 'NONE', #497, 3.000000000000002665 ) ;
#1701 = ADVANCED_FACE ( 'NONE', ( #2014 ), #2659, .T. ) ;
#1702 = CARTESIAN_POINT ( 'NONE',  ( -130.0000000000000284, 45.00000000000000000, 14.00000000000000000 ) ) ;
#1703 = VERTEX_POINT ( 'NONE', #2749 ) ;
#1704 = CARTESIAN_POINT ( 'NONE',  ( 0.000000000000000000, 44.07291143449040050, 4.000000000000000000 ) ) ;
#1705 = LINE ( 'NONE', #401, #1213 ) ;
#1706 = PLANE ( 'NONE',  #191 ) ;
#1707 = ORIENTED_EDGE ( 'NONE', *, *, #361, .T. ) ;
#1708 = FACE_OUTER_BOUND ( 'NONE', #1741, .T. ) ;
#1709 = ORIENTED_EDGE ( 'NONE', *, *, #2629, .F. ) ;
#1710 = ORIENTED_EDGE ( 'NONE', *, *, #2724, .T. ) ;
#1711 = CARTESIAN_POINT ( 'NONE',  ( 78.99999999999998579, -13.40000000000009983, 10.00000000000000000 ) ) ;
#1712 = LINE ( 'NONE', #8, #976 ) ;
#1713 = CARTESIAN_POINT ( 'NONE',  ( 106.2070866141730079, 0.000000000000000000, 14.00000000000000000 ) ) ;
#1714 = CARTESIAN_POINT ( 'NONE',  ( -1.200962406445481562E-15, -45.00000000000000000, 10.00000000000000000 ) ) ;
#1715 = ADVANCED_FACE ( 'NONE', ( #1647 ), #354, .F. ) ;
#1716 = EDGE_LOOP ( 'NONE', ( #844, #2167, #391, #1287 ) ) ;
#1717 = CARTESIAN_POINT ( 'NONE',  ( 49.83500000000060481, 62.10000000000022169, 10.00000000000000000 ) ) ;
#1718 = DIRECTION ( 'NONE',  ( 1.000000000000000000, 0.000000000000000000, 0.000000000000000000 ) ) ;
#1720 = EDGE_CURVE ( 'NONE', #693, #1778, #1154, .T. ) ;
#1719 = CARTESIAN_POINT ( 'NONE',  ( -106.2070866141730079, 24.07291143449040405, 10.00000000000000000 ) ) ;
#1721 = VECTOR ( 'NONE', #486, 1000.000000000000000 ) ;
#1722 = VERTEX_POINT ( 'NONE', #1685 ) ;
#1723 = DIRECTION ( 'NONE',  ( 3.083952846180990774E-16, -1.000000000000000000, 0.000000000000000000 ) ) ;
#1724 = ORIENTED_EDGE ( 'NONE', *, *, #1134, .T. ) ;
#1725 = AXIS2_PLACEMENT_3D ( 'NONE', #1131, #64, #724 ) ;
#1726 = ORIENTED_EDGE ( 'NONE', *, *, #2152, .F. ) ;
#1727 = CARTESIAN_POINT ( 'NONE',  ( 0.000000000000000000, 59.69104966961863568, 10.00000000000000000 ) ) ;
#1728 = CARTESIAN_POINT ( 'NONE',  ( 8.518024169494269511E-15, -102.3091986265623206, 10.00000000000000000 ) ) ;
#1729 = VECTOR ( 'NONE', #558, 1000.000000000000000 ) ;
#1730 = DIRECTION ( 'NONE',  ( -0.05233595624294395260, 0.000000000000000000, -0.9986295347545739443 ) ) ;
#1731 = VECTOR ( 'NONE', #52, 1000.000000000000000 ) ;
#1732 = CARTESIAN_POINT ( 'NONE',  ( 8.518024169494269511E-15, -102.3091986265623206, 0.000000000000000000 ) ) ;
#1733 = STYLED_ITEM ( 'NONE', ( #1454 ), #1840 ) ;
#1734 = VECTOR ( 'NONE', #1232, 1000.000000000000000 ) ;
#1735 = CARTESIAN_POINT ( 'NONE',  ( 27.00000000000000000, 85.00000000000000000, 10.00000000000000000 ) ) ;
#1736 = DIRECTION ( 'NONE',  ( 1.000000000000000000, -2.668805347656626062E-17, 0.000000000000000000 ) ) ;
#1737 = ORIENTED_EDGE ( 'NONE', *, *, #1782, .T. ) ;
#1738 = EDGE_CURVE ( 'NONE', #92, #931, #2488, .T. ) ;
#1739 = CARTESIAN_POINT ( 'NONE',  ( -1.200962406445481562E-15, -45.00000000000000000, 10.00000000000000000 ) ) ;
#1740 = ORIENTED_EDGE ( 'NONE', *, *, #2578, .T. ) ;
#1741 = EDGE_LOOP ( 'NONE', ( #859, #560, #2301, #1832 ) ) ;
#1742 = DIRECTION ( 'NONE',  ( -1.000000000000000000, -1.431146867680865853E-16, 0.000000000000000000 ) ) ;
#1743 = CARTESIAN_POINT ( 'NONE',  ( -90.00000000000000000, -34.99999999999999289, 10.00000000000000000 ) ) ;
#1744 = CONICAL_SURFACE ( 'NONE', #1070, 1.999999999999998224, 0.05235987755983000091 ) ;
#1745 = CARTESIAN_POINT ( 'NONE',  ( 83.70708661417303631, 13.67291143449067903, 10.00000000000000000 ) ) ;
#1746 = EDGE_CURVE ( 'NONE', #394, #2707, #1427, .T. ) ;
#1747 = DIRECTION ( 'NONE',  ( 0.000000000000000000, 0.000000000000000000, -1.000000000000000000 ) ) ;
#1748 = VECTOR ( 'NONE', #1852, 1000.000000000000000 ) ;
#1749 = ORIENTED_EDGE ( 'NONE', *, *, #2504, .F. ) ;
#1750 = PLANE ( 'NONE',  #1907 ) ;
#1751 = ORIENTED_EDGE ( 'NONE', *, *, #2737, .F. ) ;
#1752 = CARTESIAN_POINT ( 'NONE',  ( 83.70708661417303631, 13.67291143449068613, 4.000000000000000000 ) ) ;
#1753 = ORIENTED_EDGE ( 'NONE', *, *, #951, .T. ) ;
#1754 = EDGE_CURVE ( 'NONE', #913, #1076, #626, .T. ) ;
#1755 = ORIENTED_EDGE ( 'NONE', *, *, #2048, .T. ) ;
#1756 = CARTESIAN_POINT ( 'NONE',  ( 19.82439395379174840, 86.65374325455063342, 0.000000000000000000 ) ) ;
#1757 = DIRECTION ( 'NONE',  ( -1.000000000000000000, 2.668805347656626062E-17, 0.000000000000000000 ) ) ;
#1758 = CARTESIAN_POINT ( 'NONE',  ( 31.83500000000061192, 79.10000000000022169, 10.00000000000000000 ) ) ;
#1759 = ADVANCED_FACE ( 'NONE', ( #2713 ), #1896, .F. ) ;
#1760 = CARTESIAN_POINT ( 'NONE',  ( 119.9999999999999858, 45.00000000000000711, 0.000000000000000000 ) ) ;
#1761 = ORIENTED_EDGE ( 'NONE', *, *, #252, .F. ) ;
#1762 = DIRECTION ( 'NONE',  ( -1.000000000000000000, 0.000000000000000000, 0.000000000000000000 ) ) ;
#1763 =( LENGTH_UNIT ( ) NAMED_UNIT ( * ) SI_UNIT ( .MILLI., .METRE. ) );
#1764 = ORIENTED_EDGE ( 'NONE', *, *, #298, .T. ) ;
#1765 = CYLINDRICAL_SURFACE ( 'NONE', #221, 15.00000000000333067 ) ;
#1766 = VECTOR ( 'NONE', #502, 1000.000000000000000 ) ;
#1767 = VERTEX_POINT ( 'NONE', #154 ) ;
#1768 = ORIENTED_EDGE ( 'NONE', *, *, #588, .T. ) ;
#1769 = VECTOR ( 'NONE', #1469, 1000.000000000000114 ) ;
#1770 = FACE_OUTER_BOUND ( 'NONE', #1683, .T. ) ;
#1771 = CARTESIAN_POINT ( 'NONE',  ( -130.0000000000000000, -4.009138700035287858E-14, 10.00000000000000000 ) ) ;
#1772 = EDGE_CURVE ( 'NONE', #1247, #63, #1214, .T. ) ;
#1773 = CIRCLE ( 'NONE', #967, 15.00000000000000000 ) ;
#1774 = VECTOR ( 'NONE', #2562, 1000.000000000000000 ) ;
#1775 = CARTESIAN_POINT ( 'NONE',  ( -27.25000000000000000, 85.60000000000023590, 0.000000000000000000 ) ) ;
#1776 = FACE_BOUND ( 'NONE', #2667, .T. ) ;
#1777 = CIRCLE ( 'NONE', #615, 7.500000000000003553 ) ;
#1778 = VERTEX_POINT ( 'NONE', #2071 ) ;
#1779 = LINE ( 'NONE', #1347, #925 ) ;
#1780 = CIRCLE ( 'NONE', #836, 4.999999999999997335 ) ;
#1781 = CIRCLE ( 'NONE', #887, 31.23105625617658632 ) ;
#1782 = EDGE_CURVE ( 'NONE', #1933, #1632, #255, .T. ) ;
#1783 = CARTESIAN_POINT ( 'NONE',  ( -29.52407779283041123, 85.00000000000000000, 0.000000000000000000 ) ) ;
#1784 = ORIENTED_EDGE ( 'NONE', *, *, #361, .F. ) ;
#1785 = ORIENTED_EDGE ( 'NONE', *, *, #655, .F. ) ;
#1786 = LINE ( 'NONE', #2216, #970 ) ;
#1787 = CARTESIAN_POINT ( 'NONE',  ( -1.185936022518135740E-15, 13.67291143449067903, 14.00000000000000000 ) ) ;
#1788 = ORIENTED_EDGE ( 'NONE', *, *, #521, .F. ) ;
#1789 = AXIS2_PLACEMENT_3D ( 'NONE', #2304, #1013, #1857 ) ;
#1790 = CARTESIAN_POINT ( 'NONE',  ( -1.359187806578794962E-14, 44.07291143449039339, 14.00000000000000000 ) ) ;
#1791 = CARTESIAN_POINT ( 'NONE',  ( 46.74999999999999289, -40.00000000000001421, 10.00000000000000000 ) ) ;
#1792 = AXIS2_PLACEMENT_3D ( 'NONE', #417, #1968, #1694 ) ;
#1793 = VERTEX_POINT ( 'NONE', #1239 ) ;
#1794 = EDGE_CURVE ( 'NONE', #805, #1722, #118, .T. ) ;
#1795 = PLANE ( 'NONE',  #746 ) ;
#1796 = CIRCLE ( 'NONE', #133, 31.23105625617660763 ) ;
#1797 = CARTESIAN_POINT ( 'NONE',  ( -119.9999999999999716, 24.07291143449039339, 10.00000000000000000 ) ) ;
#1798 = EDGE_LOOP ( 'NONE', ( #2522, #2698 ) ) ;
#1799 = ORIENTED_EDGE ( 'NONE', *, *, #1946, .T. ) ;
#1800 = LINE ( 'NONE', #1547, #384 ) ;
#1801 = CARTESIAN_POINT ( 'NONE',  ( 63.99999999999998579, -13.40000000000009805, 14.00000000000000000 ) ) ;
#1802 = DIRECTION ( 'NONE',  ( -0.000000000000000000, 0.000000000000000000, 1.000000000000000000 ) ) ;
#1803 = DIRECTION ( 'NONE',  ( -1.000000000000000000, 0.000000000000000000, 0.000000000000000000 ) ) ;
#1804 = ORIENTED_EDGE ( 'NONE', *, *, #1366, .T. ) ;
#1805 = CARTESIAN_POINT ( 'NONE',  ( 78.99999999999998579, -13.40000000000009983, 14.00000000000000000 ) ) ;
#1806 = DIRECTION ( 'NONE',  ( -0.000000000000000000, -0.000000000000000000, 1.000000000000000000 ) ) ;
#1807 = EDGE_LOOP ( 'NONE', ( #177, #2748 ) ) ;
#1808 = ORIENTED_EDGE ( 'NONE', *, *, #576, .T. ) ;
#1809 = DIRECTION ( 'NONE',  ( 1.000000000000000000, -3.462142853107396319E-14, 0.000000000000000000 ) ) ;
#1810 = DIRECTION ( 'NONE',  ( -0.000000000000000000, 0.000000000000000000, -1.000000000000000000 ) ) ;
#1811 = EDGE_CURVE ( 'NONE', #1858, #609, #929, .T. ) ;
#1812 = ORIENTED_EDGE ( 'NONE', *, *, #917, .F. ) ;
#1813 = DIRECTION ( 'NONE',  ( 0.000000000000000000, 1.000000000000000000, 0.000000000000000000 ) ) ;
#1814 = AXIS2_PLACEMENT_3D ( 'NONE', #2120, #2283, #181 ) ;
#1815 = DIRECTION ( 'NONE',  ( -1.000000000000000000, 0.000000000000000000, 0.000000000000000000 ) ) ;
#1816 = ORIENTED_EDGE ( 'NONE', *, *, #738, .F. ) ;
#1817 = VECTOR ( 'NONE', #484, 1000.000000000000000 ) ;
#1818 = FACE_OUTER_BOUND ( 'NONE', #1115, .T. ) ;
#1819 = CIRCLE ( 'NONE', #1555, 190.0000000000000000 ) ;
#1820 = AXIS2_PLACEMENT_3D ( 'NONE', #672, #485, #1525 ) ;
#1821 = PLANE ( 'NONE',  #127 ) ;
#1823 = ORIENTED_EDGE ( 'NONE', *, *, #1536, .T. ) ;
#1822 = CIRCLE ( 'NONE', #481, 15.00000000000000000 ) ;
#1824 = VERTEX_POINT ( 'NONE', #2320 ) ;
#1825 = EDGE_CURVE ( 'NONE', #531, #419, #600, .T. ) ;
#1826 = DIRECTION ( 'NONE',  ( 1.000000000000000000, -1.156482317317871478E-16, 0.000000000000000000 ) ) ;
#1827 = DIRECTION ( 'NONE',  ( -0.000000000000000000, -0.000000000000000000, 1.000000000000000000 ) ) ;
#1828 = ORIENTED_EDGE ( 'NONE', *, *, #381, .F. ) ;
#1829 = EDGE_CURVE ( 'NONE', #1824, #1421, #781, .T. ) ;
#1830 = CARTESIAN_POINT ( 'NONE',  ( -112.1212692998233820, 56.69104966961861436, 0.000000000000000000 ) ) ;
#1831 = CARTESIAN_POINT ( 'NONE',  ( -83.70708661417303631, 44.07291143449040050, 4.000000000000000000 ) ) ;
#1832 = ORIENTED_EDGE ( 'NONE', *, *, #784, .F. ) ;
#1833 = EDGE_CURVE ( 'NONE', #2666, #2654, #1822, .T. ) ;
#1834 = CARTESIAN_POINT ( 'NONE',  ( 25.00000000000000000, 85.00000000000000000, 10.00000000000000000 ) ) ;
#1835 = AXIS2_PLACEMENT_3D ( 'NONE', #17, #1503, #2355 ) ;
#1836 = VERTEX_POINT ( 'NONE', #1017 ) ;
#1837 = DIRECTION ( 'NONE',  ( 0.000000000000000000, 0.000000000000000000, 1.000000000000000000 ) ) ;
#1838 = DIRECTION ( 'NONE',  ( 1.000000000000000000, 0.000000000000000000, 0.000000000000000000 ) ) ;
#1839 = ORIENTED_EDGE ( 'NONE', *, *, #2138, .T. ) ;
#1840 = MANIFOLD_SOLID_BREP ( 'Boss.-Extru.3', #1288 ) ;
#1841 = CARTESIAN_POINT ( 'NONE',  ( 63.70708661417304342, 54.18291143449048519, 10.00000000000000000 ) ) ;
#1842 = AXIS2_PLACEMENT_3D ( 'NONE', #203, #1061, #1920 ) ;
#1843 = LINE ( 'NONE', #778, #2508 ) ;
#1844 = ADVANCED_FACE ( 'NONE', ( #1535 ), #1877, .F. ) ;
#1845 = ORIENTED_EDGE ( 'NONE', *, *, #1071, .T. ) ;
#1846 = LINE ( 'NONE', #2263, #2677 ) ;
#1847 = DIRECTION ( 'NONE',  ( -0.000000000000000000, 0.000000000000000000, -1.000000000000000000 ) ) ;
#1848 = ORIENTED_EDGE ( 'NONE', *, *, #2251, .T. ) ;
#1849 = DIRECTION ( 'NONE',  ( -1.000000000000000000, 0.000000000000000000, -0.000000000000000000 ) ) ;
#1850 = EDGE_CURVE ( 'NONE', #2106, #1892, #1781, .T. ) ;
#1851 = ORIENTED_EDGE ( 'NONE', *, *, #671, .T. ) ;
#1852 = DIRECTION ( 'NONE',  ( -0.000000000000000000, -0.000000000000000000, -1.000000000000000000 ) ) ;
#1853 = ADVANCED_FACE ( 'NONE', ( #1928 ), #1132, .T. ) ;
#1854 = CARTESIAN_POINT ( 'NONE',  ( -112.1212692998233820, 0.000000000000000000, 0.000000000000000000 ) ) ;
#1855 = ORIENTED_EDGE ( 'NONE', *, *, #810, .T. ) ;
#1856 = DIRECTION ( 'NONE',  ( 0.000000000000000000, 0.000000000000000000, 1.000000000000000000 ) ) ;
#1857 = DIRECTION ( 'NONE',  ( 1.000000000000000000, 0.000000000000000000, 0.000000000000000000 ) ) ;
#1858 = VERTEX_POINT ( 'NONE', #847 ) ;
#1859 = EDGE_CURVE ( 'NONE', #119, #225, #2402, .T. ) ;
#1860 = DIRECTION ( 'NONE',  ( 0.000000000000000000, -0.000000000000000000, -1.000000000000000000 ) ) ;
#1861 = DIRECTION ( 'NONE',  ( -0.000000000000000000, -0.000000000000000000, -1.000000000000000000 ) ) ;
#1862 = EDGE_CURVE ( 'NONE', #2525, #2675, #38, .T. ) ;
#1863 = VECTOR ( 'NONE', #383, 1000.000000000000114 ) ;
#1864 = DIRECTION ( 'NONE',  ( -1.000000000000000000, 0.000000000000000000, 0.000000000000000000 ) ) ;
#1865 = VECTOR ( 'NONE', #1367, 1000.000000000000000 ) ;
#1866 = ORIENTED_EDGE ( 'NONE', *, *, #682, .T. ) ;
#1867 = AXIS2_PLACEMENT_3D ( 'NONE', #2636, #719, #504 ) ;
#1868 = CARTESIAN_POINT ( 'NONE',  ( -119.9999999999999716, 44.99999999999995737, 10.00000000000000000 ) ) ;
#1869 = ORIENTED_EDGE ( 'NONE', *, *, #1929, .F. ) ;
#1870 = AXIS2_PLACEMENT_3D ( 'NONE', #895, #1553, #700 ) ;
#1871 = ORIENTED_EDGE ( 'NONE', *, *, #1979, .F. ) ;
#1872 = EDGE_CURVE ( 'NONE', #882, #347, #641, .T. ) ;
#1873 = CARTESIAN_POINT ( 'NONE',  ( 49.83500000000059771, 2.100000000000230127, 10.00000000000000000 ) ) ;
#1874 = FACE_OUTER_BOUND ( 'NONE', #941, .T. ) ;
#1875 = AXIS2_PLACEMENT_3D ( 'NONE', #169, #142, #2739 ) ;
#1876 = VERTEX_POINT ( 'NONE', #653 ) ;
#1877 = CYLINDRICAL_SURFACE ( 'NONE', #2050, 31.23105625617661474 ) ;
#1878 = LINE ( 'NONE', #1240, #830 ) ;
#1879 = CYLINDRICAL_SURFACE ( 'NONE', #2356, 7.500000000000000000 ) ;
#1880 = EDGE_CURVE ( 'NONE', #164, #1824, #1492, .T. ) ;
#1881 = AXIS2_PLACEMENT_3D ( 'NONE', #1463, #807, #2736 ) ;
#1882 = DIRECTION ( 'NONE',  ( -1.000000000000000000, 0.000000000000000000, 0.000000000000000000 ) ) ;
#1883 = ORIENTED_EDGE ( 'NONE', *, *, #11, .T. ) ;
#1884 = EDGE_LOOP ( 'NONE', ( #1394, #1351, #2187, #2158 ) ) ;
#1885 = DIRECTION ( 'NONE',  ( 0.000000000000000000, 0.000000000000000000, -1.000000000000000000 ) ) ;
#1886 = EDGE_LOOP ( 'NONE', ( #681, #2196 ) ) ;
#1887 = DIRECTION ( 'NONE',  ( 0.000000000000000000, 0.000000000000000000, 1.000000000000000000 ) ) ;
#1888 = CARTESIAN_POINT ( 'NONE',  ( 130.0000000000000000, -45.00000000000000000, 10.00000000000000000 ) ) ;
#1889 = CARTESIAN_POINT ( 'NONE',  ( -22.00000000000000000, 85.00000000000000000, 10.00000000000000000 ) ) ;
#1890 = CARTESIAN_POINT ( 'NONE',  ( -112.1212692998233820, 56.69104966961861436, 10.00000000000000000 ) ) ;
#1891 = LINE ( 'NONE', #647, #2616 ) ;
#1892 = VERTEX_POINT ( 'NONE', #2163 ) ;
#1893 = CARTESIAN_POINT ( 'NONE',  ( -109.1212692998233678, 59.69104966961863568, 0.000000000000000000 ) ) ;
#1894 = ORIENTED_EDGE ( 'NONE', *, *, #1610, .F. ) ;
#1895 = VERTEX_POINT ( 'NONE', #482 ) ;
#1896 = CYLINDRICAL_SURFACE ( 'NONE', #663, 15.00000000000000000 ) ;
#1897 = CARTESIAN_POINT ( 'NONE',  ( 89.99999999999997158, -35.00000000000000000, 10.00000000000000000 ) ) ;
#1898 = EDGE_CURVE ( 'NONE', #1588, #451, #1508, .T. ) ;
#1899 = DIRECTION ( 'NONE',  ( -1.000000000000000000, -0.000000000000000000, -0.000000000000000000 ) ) ;
#1900 = CIRCLE ( 'NONE', #875, 4.475922207169586997 ) ;
#1901 = ORIENTED_EDGE ( 'NONE', *, *, #153, .T. ) ;
#1902 = FACE_OUTER_BOUND ( 'NONE', #1352, .T. ) ;
#1903 = DIRECTION ( 'NONE',  ( 1.000000000000000000, 0.000000000000000000, 0.000000000000000000 ) ) ;
#1904 = ORIENTED_EDGE ( 'NONE', *, *, #318, .F. ) ;
#1905 = VECTOR ( 'NONE', #1169, 1000.000000000000000 ) ;
#1906 = DIRECTION ( 'NONE',  ( -1.000000000000000000, 0.000000000000000000, 0.000000000000000000 ) ) ;
#1908 = EDGE_LOOP ( 'NONE', ( #2657, #2777 ) ) ;
#1907 = AXIS2_PLACEMENT_3D ( 'NONE', #2392, #1106, #1528 ) ;
#1909 = EDGE_CURVE ( 'NONE', #2115, #998, #1712, .T. ) ;
#1910 = EDGE_LOOP ( 'NONE', ( #98, #1587 ) ) ;
#1911 = CARTESIAN_POINT ( 'NONE',  ( -106.2070866141730079, 44.99999999999995737, 10.00000000000000000 ) ) ;
#1912 = AXIS2_PLACEMENT_3D ( 'NONE', #2703, #1635, #2434 ) ;
#1913 = DIRECTION ( 'NONE',  ( 0.000000000000000000, 1.000000000000000000, 0.000000000000000000 ) ) ;
#1914 = DIRECTION ( 'NONE',  ( -0.000000000000000000, -0.000000000000000000, -1.000000000000000000 ) ) ;
#1915 = VECTOR ( 'NONE', #1984, 1000.000000000000000 ) ;
#1916 = DIRECTION ( 'NONE',  ( -1.000000000000000000, 0.000000000000000000, 0.000000000000000000 ) ) ;
#1917 = EDGE_CURVE ( 'NONE', #1076, #957, #2571, .T. ) ;
#1918 = VERTEX_POINT ( 'NONE', #1280 ) ;
#1919 = CARTESIAN_POINT ( 'NONE',  ( -50.59016994374947274, -45.00000000000000000, 10.00000000000000000 ) ) ;
#1920 = DIRECTION ( 'NONE',  ( -1.000000000000000000, 0.000000000000000000, 0.000000000000000000 ) ) ;
#1921 = CARTESIAN_POINT ( 'NONE',  ( -120.0000000000000142, 0.000000000000000000, 0.000000000000000000 ) ) ;
#1922 = ORIENTED_EDGE ( 'NONE', *, *, #996, .F. ) ;
#1923 = CARTESIAN_POINT ( 'NONE',  ( -99.27698399919150063, 59.69104966961863568, 10.00000000000000000 ) ) ;
#1924 = AXIS2_PLACEMENT_3D ( 'NONE', #730, #2664, #102 ) ;
#1925 = VERTEX_POINT ( 'NONE', #1086 ) ;
#1926 = ORIENTED_EDGE ( 'NONE', *, *, #2268, .T. ) ;
#1927 = CARTESIAN_POINT ( 'NONE',  ( -1.200962406445481562E-15, -45.00000000000000000, 10.00000000000000000 ) ) ;
#1928 = FACE_OUTER_BOUND ( 'NONE', #1978, .T. ) ;
#1929 = EDGE_CURVE ( 'NONE', #998, #931, #1298, .T. ) ;
#1930 = LINE ( 'NONE', #670, #879 ) ;
#1931 = CARTESIAN_POINT ( 'NONE',  ( 112.1212692998233535, 56.69104966961861436, 0.000000000000000000 ) ) ;
#1932 =( GEOMETRIC_REPRESENTATION_CONTEXT ( 3 ) GLOBAL_UNCERTAINTY_ASSIGNED_CONTEXT ( ( #100 ) ) GLOBAL_UNIT_ASSIGNED_CONTEXT ( ( #1763, #1541, #113 ) ) REPRESENTATION_CONTEXT ( 'NONE', 'WORKASPACE' ) );
#1933 = VERTEX_POINT ( 'NONE', #893 ) ;
#1934 = FACE_BOUND ( 'NONE', #1908, .T. ) ;
#1935 = PLANE ( 'NONE',  #768 ) ;
#1936 = CARTESIAN_POINT ( 'NONE',  ( 1.835000000000607034, 79.10000000000022169, 12.00000000000000000 ) ) ;
#1937 = ORIENTED_EDGE ( 'NONE', *, *, #1917, .T. ) ;
#1938 = EDGE_CURVE ( 'NONE', #704, #1520, #877, .T. ) ;
#1939 = DIRECTION ( 'NONE',  ( 1.000000000000000000, 0.000000000000000000, 0.000000000000000000 ) ) ;
#1940 = EDGE_LOOP ( 'NONE', ( #1851, #2244, #2653, #1095 ) ) ;
#1941 = ORIENTED_EDGE ( 'NONE', *, *, #1811, .T. ) ;
#1942 = LINE ( 'NONE', #465, #1552 ) ;
#1943 = CARTESIAN_POINT ( 'NONE',  ( -31.47592220716958877, 85.00000000000000000, 0.000000000000000000 ) ) ;
#1944 = ADVANCED_FACE ( 'NONE', ( #2361 ), #695, .T. ) ;
#1945 = CARTESIAN_POINT ( 'NONE',  ( 119.5868023766757204, -45.00000000000000000, 0.000000000000000000 ) ) ;
#1946 = EDGE_CURVE ( 'NONE', #1588, #805, #342, .T. ) ;
#1947 = DIRECTION ( 'NONE',  ( -0.000000000000000000, 0.000000000000000000, -1.000000000000000000 ) ) ;
#1948 = CARTESIAN_POINT ( 'NONE',  ( -106.2070866141730079, 44.07291143449040050, 10.00000000000000000 ) ) ;
#1949 = ORIENTED_EDGE ( 'NONE', *, *, #2253, .F. ) ;
#1950 = AXIS2_PLACEMENT_3D ( 'NONE', #769, #2015, #2058 ) ;
#1951 = DIRECTION ( 'NONE',  ( 1.000000000000000000, 0.000000000000000000, 0.000000000000000000 ) ) ;
#1952 = VERTEX_POINT ( 'NONE', #2610 ) ;
#1953 = VECTOR ( 'NONE', #2162, 1000.000000000000000 ) ;
#1954 = EDGE_CURVE ( 'NONE', #351, #1185, #1548, .T. ) ;
#1955 = ORIENTED_EDGE ( 'NONE', *, *, #2528, .T. ) ;
#1956 = DIRECTION ( 'NONE',  ( 1.000000000000000000, 0.000000000000000000, 0.000000000000000000 ) ) ;
#1957 = DIRECTION ( 'NONE',  ( 0.000000000000000000, 1.000000000000000000, -0.000000000000000000 ) ) ;
#1958 = AXIS2_PLACEMENT_3D ( 'NONE', #2690, #2252, #771 ) ;
#1959 = CARTESIAN_POINT ( 'NONE',  ( 120.0000000000000000, 3.700743415417188258E-14, 10.00000000000000000 ) ) ;
#1960 = VECTOR ( 'NONE', #2039, 1000.000000000000000 ) ;
#1961 = DIRECTION ( 'NONE',  ( 1.000000000000000000, 0.000000000000000000, 0.000000000000000000 ) ) ;
#1962 = COLOUR_RGB ( '',0.7921568627450980005, 0.8196078431372548767, 0.9333333333333333481 ) ;
#1963 = VERTEX_POINT ( 'NONE', #2246 ) ;
#1964 = DIRECTION ( 'NONE',  ( -1.000000000000000000, -3.083952846180990281E-16, 0.000000000000000000 ) ) ;
#1965 = LINE ( 'NONE', #232, #1128 ) ;
#1966 = EDGE_CURVE ( 'NONE', #1722, #1778, #714, .T. ) ;
#1967 = VERTEX_POINT ( 'NONE', #50 ) ;
#1968 = DIRECTION ( 'NONE',  ( -0.000000000000000000, -0.000000000000000000, -1.000000000000000000 ) ) ;
#1969 = EDGE_LOOP ( 'NONE', ( #592, #265, #1696, #1768 ) ) ;
#1970 = VECTOR ( 'NONE', #2625, 1000.000000000000000 ) ;
#1971 = ORIENTED_EDGE ( 'NONE', *, *, #1794, .T. ) ;
#1972 = DIRECTION ( 'NONE',  ( 0.000000000000000000, 1.000000000000000000, 0.000000000000000000 ) ) ;
#1973 = AXIS2_PLACEMENT_3D ( 'NONE', #2760, #1276, #1951 ) ;
#1974 = CYLINDRICAL_SURFACE ( 'NONE', #2442, 7.500000000000003553 ) ;
#1975 = CARTESIAN_POINT ( 'NONE',  ( -49.99999999999998579, -40.00000000000001421, 10.00000000000000000 ) ) ;
#1976 = EDGE_LOOP ( 'NONE', ( #2738, #1724 ) ) ;
#1977 = CARTESIAN_POINT ( 'NONE',  ( -83.70708661417303631, 54.18291143449046388, 4.000000000000000000 ) ) ;
#1978 = EDGE_LOOP ( 'NONE', ( #2319, #2476, #1137, #599 ) ) ;
#1979 = EDGE_CURVE ( 'NONE', #2436, #347, #2006, .T. ) ;
#1980 = CARTESIAN_POINT ( 'NONE',  ( -63.99999999999672440, -16.40000000000033253, 14.00000000000000000 ) ) ;
#1981 = VERTEX_POINT ( 'NONE', #1801 ) ;
#1982 = ORIENTED_EDGE ( 'NONE', *, *, #1200, .T. ) ;
#1983 = DIRECTION ( 'NONE',  ( -0.000000000000000000, -0.000000000000000000, 1.000000000000000000 ) ) ;
#1984 = DIRECTION ( 'NONE',  ( 0.000000000000000000, 1.000000000000000000, -0.000000000000000000 ) ) ;
#1985 = VERTEX_POINT ( 'NONE', #2232 ) ;
#1986 = DIRECTION ( 'NONE',  ( -0.000000000000000000, -0.000000000000000000, -1.000000000000000000 ) ) ;
#1987 = CARTESIAN_POINT ( 'NONE',  ( -126.3157894736842195, 52.75311571718751935, 14.00000000000000000 ) ) ;
#1988 = EDGE_LOOP ( 'NONE', ( #2454, #136, #667, #2639 ) ) ;
#1989 = EDGE_CURVE ( 'NONE', #1381, #2704, #525, .T. ) ;
#1990 = DIRECTION ( 'NONE',  ( 1.000000000000000000, 0.000000000000000000, 0.000000000000000000 ) ) ;
#1991 = FACE_OUTER_BOUND ( 'NONE', #1562, .T. ) ;
#1992 = AXIS2_PLACEMENT_3D ( 'NONE', #1136, #1554, #703 ) ;
#1993 = ORIENTED_EDGE ( 'NONE', *, *, #1079, .F. ) ;
#1994 = ORIENTED_EDGE ( 'NONE', *, *, #2378, .T. ) ;
#1995 = CARTESIAN_POINT ( 'NONE',  ( -50.16499999999938808, 5.801493544825031125E-15, 4.000000000000000000 ) ) ;
#1996 = LINE ( 'NONE', #764, #758 ) ;
#1997 = EDGE_CURVE ( 'NONE', #913, #1007, #1181, .T. ) ;
#1999 = EDGE_LOOP ( 'NONE', ( #1871, #2013 ) ) ;
#1998 = AXIS2_PLACEMENT_3D ( 'NONE', #932, #308, #734 ) ;
#2000 = CONICAL_SURFACE ( 'NONE', #1420, 1.750000000000001554, 0.05235987755983000091 ) ;
#2001 = CARTESIAN_POINT ( 'NONE',  ( 44.99999999999999289, -40.00000000000001421, 0.000000000000000000 ) ) ;
#2002 = CARTESIAN_POINT ( 'NONE',  ( -0.000000000000000000, 24.07291143449040405, 14.00000000000000000 ) ) ;
#2003 = CIRCLE ( 'NONE', #1238, 200.0000000000000000 ) ;
#2004 = ORIENTED_EDGE ( 'NONE', *, *, #37, .F. ) ;
#2005 = PLANE ( 'NONE',  #659 ) ;
#2006 = CIRCLE ( 'NONE', #575, 2.274077792830418776 ) ;
#2007 = ADVANCED_FACE ( 'NONE', ( #1564 ), #442, .T. ) ;
#2008 = CARTESIAN_POINT ( 'NONE',  ( 83.70708661417303631, 0.000000000000000000, 4.000000000000000000 ) ) ;
#2009 = ORIENTED_EDGE ( 'NONE', *, *, #1329, .T. ) ;
#2010 = VERTEX_POINT ( 'NONE', #1384 ) ;
#2011 = CARTESIAN_POINT ( 'NONE',  ( -28.99999999999999645, 85.00000000000000000, 10.00000000000000000 ) ) ;
#2012 = CARTESIAN_POINT ( 'NONE',  ( 119.5868023766757204, -45.00000000000000000, 10.00000000000000000 ) ) ;
#2013 = ORIENTED_EDGE ( 'NONE', *, *, #630, .F. ) ;
#2014 = FACE_OUTER_BOUND ( 'NONE', #1328, .T. ) ;
#2015 = DIRECTION ( 'NONE',  ( -0.000000000000000000, 0.000000000000000000, -1.000000000000000000 ) ) ;
#2016 = EDGE_LOOP ( 'NONE', ( #710, #1046, #1277, #1532 ) ) ;
#2017 = CARTESIAN_POINT ( 'NONE',  ( 44.99999999999999289, -40.00000000000001421, 10.00000000000000000 ) ) ;
#2018 = VECTOR ( 'NONE', #120, 1000.000000000000000 ) ;
#2019 = VECTOR ( 'NONE', #2142, 1000.000000000000000 ) ;
#2020 = LINE ( 'NONE', #952, #761 ) ;
#2021 = ORIENTED_EDGE ( 'NONE', *, *, #1404, .T. ) ;
#2022 = ORIENTED_EDGE ( 'NONE', *, *, #1284, .T. ) ;
#2023 = PLANE ( 'NONE',  #791 ) ;
#2024 = CARTESIAN_POINT ( 'NONE',  ( -27.00000000000000000, 85.00000000000000000, 10.00000000000000000 ) ) ;
#2025 = VERTEX_POINT ( 'NONE', #2416 ) ;
#2026 = FACE_OUTER_BOUND ( 'NONE', #2160, .T. ) ;
#2027 = CARTESIAN_POINT ( 'NONE',  ( -94.00000000000338218, -16.40000000000032898, 4.000000000000000000 ) ) ;
#2028 = ORIENTED_EDGE ( 'NONE', *, *, #966, .T. ) ;
#2029 = CARTESIAN_POINT ( 'NONE',  ( 0.000000000000000000, 0.000000000000000000, 12.00000000000000000 ) ) ;
#2030 = ADVANCED_FACE ( 'NONE', ( #1603, #1144 ), #916, .F. ) ;
#2031 = CARTESIAN_POINT ( 'NONE',  ( 43.24999999999999289, -40.00000000000001421, 10.00000000000000000 ) ) ;
#2032 = CARTESIAN_POINT ( 'NONE',  ( -27.00000000000000000, 85.00000000000000000, 0.000000000000000000 ) ) ;
#2033 = EDGE_LOOP ( 'NONE', ( #2708, #914, #2640, #2341 ) ) ;
#2034 = CARTESIAN_POINT ( 'NONE',  ( 49.83500000000060481, 2.100000000000224798, 4.000000000000000000 ) ) ;
#2035 = DIRECTION ( 'NONE',  ( 1.000000000000000000, 0.000000000000000000, 0.000000000000000000 ) ) ;
#2036 = ORIENTED_EDGE ( 'NONE', *, *, #596, .F. ) ;
#2037 = ADVANCED_FACE ( 'NONE', ( #498 ), #552, .F. ) ;
#2038 = CIRCLE ( 'NONE', #962, 7.500000000000000000 ) ;
#2039 = DIRECTION ( 'NONE',  ( -1.000000000000000000, -3.083952846180993239E-16, 0.000000000000000000 ) ) ;
#2040 = AXIS2_PLACEMENT_3D ( 'NONE', #1225, #1266, #2530 ) ;
#2041 = DIRECTION ( 'NONE',  ( 1.000000000000000000, 0.000000000000000000, 0.000000000000000000 ) ) ;
#2042 = VERTEX_POINT ( 'NONE', #973 ) ;
#2043 = CIRCLE ( 'NONE', #2350, 1.999999999999998224 ) ;
#2044 = DIRECTION ( 'NONE',  ( -0.000000000000000000, -0.000000000000000000, -1.000000000000000000 ) ) ;
#2045 = AXIS2_PLACEMENT_3D ( 'NONE', #763, #1012, #1657 ) ;
#2046 = EDGE_LOOP ( 'NONE', ( #2295, #1761, #902, #2453 ) ) ;
#2047 = AXIS2_PLACEMENT_3D ( 'NONE', #2085, #2098, #1031 ) ;
#2048 = EDGE_CURVE ( 'NONE', #2514, #1963, #539, .T. ) ;
#2049 = PLANE ( 'NONE',  #1613 ) ;
#2051 = ORIENTED_EDGE ( 'NONE', *, *, #2282, .F. ) ;
#2050 = AXIS2_PLACEMENT_3D ( 'NONE', #1743, #1522, #422 ) ;
#2052 = EDGE_LOOP ( 'NONE', ( #549, #1614, #1617, #1130 ) ) ;
#2053 = FACE_BOUND ( 'NONE', #1910, .T. ) ;
#2054 = ADVANCED_FACE ( 'NONE', ( #94 ), #2670, .T. ) ;
#2055 = DIRECTION ( 'NONE',  ( -0.000000000000000000, -0.000000000000000000, -1.000000000000000000 ) ) ;
#2056 = ORIENTED_EDGE ( 'NONE', *, *, #1909, .T. ) ;
#2057 = PLANE ( 'NONE',  #2225 ) ;
#2058 = DIRECTION ( 'NONE',  ( 1.000000000000000000, 0.000000000000000000, 0.000000000000000000 ) ) ;
#2059 = ORIENTED_EDGE ( 'NONE', *, *, #2635, .T. ) ;
#2060 = EDGE_CURVE ( 'NONE', #2106, #1504, #1158, .T. ) ;
#2061 = FACE_OUTER_BOUND ( 'NONE', #975, .T. ) ;
#2062 = CIRCLE ( 'NONE', #352, 3.000000000000002665 ) ;
#2063 = ORIENTED_EDGE ( 'NONE', *, *, #966, .F. ) ;
#2064 = DIRECTION ( 'NONE',  ( 1.000000000000000000, 0.000000000000000000, 0.000000000000000000 ) ) ;
#2065 = CARTESIAN_POINT ( 'NONE',  ( -1.200962406445481562E-15, -45.00000000000000000, 10.00000000000000000 ) ) ;
#2066 = ORIENTED_EDGE ( 'NONE', *, *, #370, .F. ) ;
#2067 = DIRECTION ( 'NONE',  ( 1.000000000000000000, 0.000000000000000000, 0.000000000000000000 ) ) ;
#2068 = CARTESIAN_POINT ( 'NONE',  ( 27.00000000000000000, 85.00000000000000000, 0.000000000000000000 ) ) ;
#2069 = ORIENTED_EDGE ( 'NONE', *, *, #1862, .T. ) ;
#2070 = EDGE_CURVE ( 'NONE', #103, #2256, #1996, .T. ) ;
#2071 = CARTESIAN_POINT ( 'NONE',  ( 34.66904575527269117, 84.50101861654995616, 0.000000000000000000 ) ) ;
#2072 = LINE ( 'NONE', #410, #654 ) ;
#2073 = CARTESIAN_POINT ( 'NONE',  ( -83.70708661417303631, 0.000000000000000000, 4.000000000000000000 ) ) ;
#2074 = EDGE_CURVE ( 'NONE', #1952, #109, #1578, .T. ) ;
#2075 = DIRECTION ( 'NONE',  ( 1.000000000000000000, 0.000000000000000000, 0.000000000000000000 ) ) ;
#2076 = DIRECTION ( 'NONE',  ( 0.000000000000000000, 0.000000000000000000, -1.000000000000000000 ) ) ;
#2077 = ORIENTED_EDGE ( 'NONE', *, *, #2226, .T. ) ;
#2078 = DIRECTION ( 'NONE',  ( -0.000000000000000000, 0.000000000000000000, 1.000000000000000000 ) ) ;
#2079 = DIRECTION ( 'NONE',  ( -0.000000000000000000, -0.000000000000000000, -1.000000000000000000 ) ) ;
#2080 = VERTEX_POINT ( 'NONE', #107 ) ;
#2081 = CARTESIAN_POINT ( 'NONE',  ( 78.99999999999998579, -13.40000000000009983, 4.000000000000000000 ) ) ;
#2082 = EDGE_CURVE ( 'NONE', #200, #63, #1391, .T. ) ;
#2083 = CARTESIAN_POINT ( 'NONE',  ( 83.70708661417303631, 24.07291143449042536, 10.00000000000000000 ) ) ;
#2084 = CIRCLE ( 'NONE', #1275, 2.524077792830412115 ) ;
#2085 = CARTESIAN_POINT ( 'NONE',  ( -1.359187806578794962E-14, 44.07291143449039339, 4.000000000000000000 ) ) ;
#2086 = CIRCLE ( 'NONE', #2088, 190.0000000000000000 ) ;
#2087 = ORIENTED_EDGE ( 'NONE', *, *, #1720, .F. ) ;
#2088 = AXIS2_PLACEMENT_3D ( 'NONE', #1601, #2415, #2455 ) ;
#2089 = DIRECTION ( 'NONE',  ( 0.000000000000000000, 0.000000000000000000, 1.000000000000000000 ) ) ;
#2090 = PLANE ( 'NONE',  #2227 ) ;
#2091 = CIRCLE ( 'NONE', #884, 190.0000000000000000 ) ;
#2092 = ORIENTED_EDGE ( 'NONE', *, *, #619, .T. ) ;
#2093 = FACE_OUTER_BOUND ( 'NONE', #266, .T. ) ;
#2094 = ORIENTED_EDGE ( 'NONE', *, *, #112, .F. ) ;
#2095 = CIRCLE ( 'NONE', #1602, 2.524077792830412115 ) ;
#2096 = CARTESIAN_POINT ( 'NONE',  ( 83.70708661417303631, 44.99999999999995737, 10.00000000000000000 ) ) ;
#2097 = DIRECTION ( 'NONE',  ( 1.000000000000000000, -2.668805347656626062E-17, 0.000000000000000000 ) ) ;
#2098 = DIRECTION ( 'NONE',  ( -3.083952846180993239E-16, 1.000000000000000000, 0.000000000000000000 ) ) ;
#2099 = AXIS2_PLACEMENT_3D ( 'NONE', #1439, #2103, #1643 ) ;
#2100 = DIRECTION ( 'NONE',  ( 0.000000000000000000, -0.000000000000000000, 1.000000000000000000 ) ) ;
#2101 = CARTESIAN_POINT ( 'NONE',  ( -27.00000000000000000, 85.00000000000000000, 0.000000000000000000 ) ) ;
#2102 = VERTEX_POINT ( 'NONE', #2260 ) ;
#2103 = DIRECTION ( 'NONE',  ( 0.000000000000000000, 0.000000000000000000, -1.000000000000000000 ) ) ;
#2104 = VERTEX_POINT ( 'NONE', #725 ) ;
#2105 = EDGE_CURVE ( 'NONE', #896, #1588, #1204, .T. ) ;
#2106 = VERTEX_POINT ( 'NONE', #2012 ) ;
#2107 =( LENGTH_UNIT ( ) NAMED_UNIT ( * ) SI_UNIT ( .MILLI., .METRE. ) );
#2108 = DIRECTION ( 'NONE',  ( -0.000000000000000000, 0.000000000000000000, 1.000000000000000000 ) ) ;
#2109 = CARTESIAN_POINT ( 'NONE',  ( 1.835000000000607034, 62.10000000000022169, 12.00000000000000000 ) ) ;
#2110 = DIRECTION ( 'NONE',  ( -1.000000000000000000, -6.938893903907229610E-17, 0.000000000000000000 ) ) ;
#2111 = EDGE_CURVE ( 'NONE', #2623, #1659, #2368, .T. ) ;
#2112 = LINE ( 'NONE', #185, #2665 ) ;
#2113 = ORIENTED_EDGE ( 'NONE', *, *, #557, .F. ) ;
#2114 = LINE ( 'NONE', #1752, #1476 ) ;
#2115 = VERTEX_POINT ( 'NONE', #1026 ) ;
#2116 = VERTEX_POINT ( 'NONE', #2517 ) ;
#2117 = DIRECTION ( 'NONE',  ( -0.000000000000000000, 0.000000000000000000, -1.000000000000000000 ) ) ;
#2118 = CARTESIAN_POINT ( 'NONE',  ( -27.00000000000000000, 85.00000000000000000, 0.000000000000000000 ) ) ;
#2119 = EDGE_CURVE ( 'NONE', #621, #1202, #1669, .T. ) ;
#2120 = CARTESIAN_POINT ( 'NONE',  ( 44.99999999999999289, -40.00000000000001421, 10.00000000000000000 ) ) ;
#2121 = DIRECTION ( 'NONE',  ( 1.000000000000000000, 0.000000000000000000, 0.000000000000000000 ) ) ;
#2122 = CIRCLE ( 'NONE', #1634, 1.750000000000001554 ) ;
#2123 = FACE_OUTER_BOUND ( 'NONE', #1637, .T. ) ;
#2124 = DIRECTION ( 'NONE',  ( -3.083952846180990281E-16, 1.000000000000000000, 0.000000000000000000 ) ) ;
#2125 = AXIS2_PLACEMENT_3D ( 'NONE', #1116, #2570, #1053 ) ;
#2126 = CARTESIAN_POINT ( 'NONE',  ( -1.200962406445481562E-15, -45.00000000000000000, 0.000000000000000000 ) ) ;
#2127 = ORIENTED_EDGE ( 'NONE', *, *, #101, .F. ) ;
#2128 = EDGE_CURVE ( 'NONE', #1632, #2102, #1120, .T. ) ;
#2129 = AXIS2_PLACEMENT_3D ( 'NONE', #28, #2786, #260 ) ;
#2130 = LINE ( 'NONE', #2369, #1609 ) ;
#2132 = ORIENTED_EDGE ( 'NONE', *, *, #1399, .T. ) ;
#2131 = AXIS2_PLACEMENT_3D ( 'NONE', #1102, #1961, #1538 ) ;
#2133 = ORIENTED_EDGE ( 'NONE', *, *, #1088, .T. ) ;
#2134 = DIRECTION ( 'NONE',  ( -1.000000000000000000, 0.000000000000000000, 0.000000000000000000 ) ) ;
#2135 = CARTESIAN_POINT ( 'NONE',  ( 119.9999999999999858, 45.00000000000000711, 10.00000000000000000 ) ) ;
#2136 = CARTESIAN_POINT ( 'NONE',  ( -130.0000000000000000, -4.009138700035287858E-14, 0.000000000000000000 ) ) ;
#2137 = VECTOR ( 'NONE', #320, 1000.000000000000000 ) ;
#2138 = EDGE_CURVE ( 'NONE', #965, #1520, #1523, .T. ) ;
#2139 = CARTESIAN_POINT ( 'NONE',  ( 0.000000000000000000, 24.07291143449040405, 4.000000000000000000 ) ) ;
#2140 = EDGE_CURVE ( 'NONE', #1722, #1035, #627, .T. ) ;
#2141 = CARTESIAN_POINT ( 'NONE',  ( 27.00000000000000000, 85.00000000000000000, 10.00000000000000000 ) ) ;
#2142 = DIRECTION ( 'NONE',  ( 1.000000000000000000, 3.469446951953616654E-16, -0.000000000000000000 ) ) ;
#2143 = DIRECTION ( 'NONE',  ( -1.000000000000000000, 0.000000000000000000, 0.000000000000000000 ) ) ;
#2144 = ORIENTED_EDGE ( 'NONE', *, *, #2692, .T. ) ;
#2145 = CYLINDRICAL_SURFACE ( 'NONE', #1792, 31.23105625617657921 ) ;
#2146 = VECTOR ( 'NONE', #2552, 1000.000000000000000 ) ;
#2147 = ADVANCED_FACE ( 'NONE', ( #1211 ), #151, .T. ) ;
#2148 = ORIENTED_EDGE ( 'NONE', *, *, #718, .T. ) ;
#2149 = ORIENTED_EDGE ( 'NONE', *, *, #1310, .T. ) ;
#2150 = DIRECTION ( 'NONE',  ( 0.000000000000000000, 1.000000000000000000, 0.000000000000000000 ) ) ;
#2151 = DIRECTION ( 'NONE',  ( 2.668805347656626062E-17, 1.000000000000000000, -0.000000000000000000 ) ) ;
#2152 = EDGE_CURVE ( 'NONE', #1465, #168, #261, .T. ) ;
#2153 = LINE ( 'NONE', #1537, #517 ) ;
#2154 = PLANE ( 'NONE',  #927 ) ;
#2155 = DIRECTION ( 'NONE',  ( 1.000000000000000000, -3.462142853107396319E-14, 0.000000000000000000 ) ) ;
#2156 = CARTESIAN_POINT ( 'NONE',  ( 39.99999999999999289, -40.00000000000001421, 10.00000000000000000 ) ) ;
#2157 = ADVANCED_FACE ( 'NONE', ( #819 ), #306, .F. ) ;
#2158 = ORIENTED_EDGE ( 'NONE', *, *, #399, .T. ) ;
#2159 = FACE_OUTER_BOUND ( 'NONE', #1037, .T. ) ;
#2160 = EDGE_LOOP ( 'NONE', ( #1866, #733, #1113, #2149 ) ) ;
#2161 = ORIENTED_EDGE ( 'NONE', *, *, #2280, .F. ) ;
#2162 = DIRECTION ( 'NONE',  ( -0.000000000000000000, -0.000000000000000000, -1.000000000000000000 ) ) ;
#2163 = CARTESIAN_POINT ( 'NONE',  ( 60.41319762332421561, -45.00000000000000000, 10.00000000000000000 ) ) ;
#2164 = DIRECTION ( 'NONE',  ( 1.000000000000000000, 0.000000000000000000, 0.000000000000000000 ) ) ;
#2165 = ADVANCED_FACE ( 'NONE', ( #377 ), #2284, .F. ) ;
#2166 = FACE_OUTER_BOUND ( 'NONE', #122, .T. ) ;
#2167 = ORIENTED_EDGE ( 'NONE', *, *, #1623, .T. ) ;
#2168 = FACE_OUTER_BOUND ( 'NONE', #1015, .T. ) ;
#2169 = CYLINDRICAL_SURFACE ( 'NONE', #1842, 190.0000000000000000 ) ;
#2170 = VECTOR ( 'NONE', #2757, 1000.000000000000000 ) ;
#2171 = VERTEX_POINT ( 'NONE', #1001 ) ;
#2172 = EDGE_CURVE ( 'NONE', #1360, #1320, #2697, .T. ) ;
#2173 = AXIS2_PLACEMENT_3D ( 'NONE', #397, #2108, #2520 ) ;
#2174 = DIRECTION ( 'NONE',  ( 0.000000000000000000, 0.000000000000000000, -1.000000000000000000 ) ) ;
#2175 = ORIENTED_EDGE ( 'NONE', *, *, #1646, .F. ) ;
#2176 = AXIS2_PLACEMENT_3D ( 'NONE', #238, #2117, #652 ) ;
#2177 = EDGE_LOOP ( 'NONE', ( #1228, #1549, #508, #745, #1982, #717, #668, #1094 ) ) ;
#2178 = DIRECTION ( 'NONE',  ( 1.000000000000000000, 1.734723475976808080E-16, 0.000000000000000000 ) ) ;
#2179 = DIRECTION ( 'NONE',  ( -0.000000000000000000, -0.000000000000000000, -1.000000000000000000 ) ) ;
#2180 = CIRCLE ( 'NONE', #797, 15.00000000000000000 ) ;
#2181 = DIRECTION ( 'NONE',  ( 3.083952846180990774E-16, 1.000000000000000000, 0.000000000000000000 ) ) ;
#2182 = VERTEX_POINT ( 'NONE', #582 ) ;
#2183 = DIRECTION ( 'NONE',  ( -1.000000000000000000, 0.000000000000000000, 0.000000000000000000 ) ) ;
#2184 = FACE_OUTER_BOUND ( 'NONE', #651, .T. ) ;
#2185 = ORIENTED_EDGE ( 'NONE', *, *, #287, .T. ) ;
#2186 = CONICAL_SURFACE ( 'NONE', #2099, 1.750000000000001554, 0.05235987755983000091 ) ;
#2187 = ORIENTED_EDGE ( 'NONE', *, *, #1209, .T. ) ;
#2188 = CARTESIAN_POINT ( 'NONE',  ( 27.00000000000000000, 85.00000000000000000, 10.00000000000000000 ) ) ;
#2189 = DIRECTION ( 'NONE',  ( -0.000000000000000000, -0.000000000000000000, 1.000000000000000000 ) ) ;
#2190 = CONICAL_SURFACE ( 'NONE', #1973, 5.000000000000000888, 0.05235987755983000091 ) ;
#2192 = EDGE_CURVE ( 'NONE', #2257, #1360, #673, .T. ) ;
#2191 = EDGE_LOOP ( 'NONE', ( #251, #1804, #2414, #2036 ) ) ;
#2193 = LINE ( 'NONE', #1713, #2215 ) ;
#2194 = FACE_OUTER_BOUND ( 'NONE', #1159, .T. ) ;
#2195 = LINE ( 'NONE', #2313, #1227 ) ;
#2196 = ORIENTED_EDGE ( 'NONE', *, *, #298, .F. ) ;
#2197 = DIRECTION ( 'NONE',  ( 3.083952846180990281E-16, -1.000000000000000000, 0.000000000000000000 ) ) ;
#2198 = ADVANCED_FACE ( 'NONE', ( #2485 ), #1744, .F. ) ;
#2199 = DIRECTION ( 'NONE',  ( -0.000000000000000000, -0.000000000000000000, -1.000000000000000000 ) ) ;
#2200 = EDGE_LOOP ( 'NONE', ( #222, #1656, #946, #2472 ) ) ;
#2201 = ORIENTED_EDGE ( 'NONE', *, *, #32, .T. ) ;
#2202 = DIRECTION ( 'NONE',  ( 0.000000000000000000, 1.000000000000000000, 0.000000000000000000 ) ) ;
#2203 = DIRECTION ( 'NONE',  ( -0.000000000000000000, -0.000000000000000000, 1.000000000000000000 ) ) ;
#2204 = VERTEX_POINT ( 'NONE', #607 ) ;
#2205 = ADVANCED_FACE ( 'NONE', ( #2093 ), #2186, .F. ) ;
#2206 = LINE ( 'NONE', #737, #1016 ) ;
#2207 = FACE_OUTER_BOUND ( 'NONE', #1407, .T. ) ;
#2208 = ORIENTED_EDGE ( 'NONE', *, *, #1580, .T. ) ;
#2209 = CARTESIAN_POINT ( 'NONE',  ( -44.99999999999999289, -40.00000000000001421, 10.00000000000000000 ) ) ;
#2210 = CARTESIAN_POINT ( 'NONE',  ( -106.2070866141730079, 44.07291143449040050, 4.000000000000000000 ) ) ;
#2211 = VECTOR ( 'NONE', #2237, 1000.000000000000000 ) ;
#2212 = VERTEX_POINT ( 'NONE', #1893 ) ;
#2213 = EDGE_CURVE ( 'NONE', #119, #116, #2294, .T. ) ;
#2214 = ORIENTED_EDGE ( 'NONE', *, *, #2070, .T. ) ;
#2215 = VECTOR ( 'NONE', #455, 1000.000000000000000 ) ;
#2216 = CARTESIAN_POINT ( 'NONE',  ( 83.70708661417303631, 44.07291143449042181, 4.000000000000000000 ) ) ;
#2217 = DIRECTION ( 'NONE',  ( -0.000000000000000000, 0.000000000000000000, -1.000000000000000000 ) ) ;
#2218 = ORIENTED_EDGE ( 'NONE', *, *, #183, .F. ) ;
#2219 = VECTOR ( 'NONE', #341, 1000.000000000000000 ) ;
#2220 = DIRECTION ( 'NONE',  ( -1.000000000000000000, 0.000000000000000000, 0.000000000000000000 ) ) ;
#2221 = CARTESIAN_POINT ( 'NONE',  ( -60.41319762332421561, -45.00000000000000000, 10.00000000000000000 ) ) ;
#2222 = VECTOR ( 'NONE', #2181, 1000.000000000000000 ) ;
#2223 = ORIENTED_EDGE ( 'NONE', *, *, #616, .T. ) ;
#2224 = DIRECTION ( 'NONE',  ( 0.000000000000000000, 0.000000000000000000, 1.000000000000000000 ) ) ;
#2225 = AXIS2_PLACEMENT_3D ( 'NONE', #96, #726, #2431 ) ;
#2226 = EDGE_CURVE ( 'NONE', #457, #969, #215, .T. ) ;
#2227 = AXIS2_PLACEMENT_3D ( 'NONE', #2065, #121, #1640 ) ;
#2228 = DIRECTION ( 'NONE',  ( -1.000000000000000000, 0.000000000000000000, 0.000000000000000000 ) ) ;
#2229 = VERTEX_POINT ( 'NONE', #364 ) ;
#2230 = ORIENTED_EDGE ( 'NONE', *, *, #2213, .T. ) ;
#2231 = LINE ( 'NONE', #538, #332 ) ;
#2232 = CARTESIAN_POINT ( 'NONE',  ( -49.47592220716958167, -40.00000000000001421, 0.000000000000000000 ) ) ;
#2233 = ORIENTED_EDGE ( 'NONE', *, *, #765, .F. ) ;
#2234 = AXIS2_PLACEMENT_3D ( 'NONE', #1235, #2329, #2502 ) ;
#2235 = DIRECTION ( 'NONE',  ( 0.000000000000000000, 0.000000000000000000, 1.000000000000000000 ) ) ;
#2236 = ADVANCED_FACE ( 'NONE', ( #1874 ), #1221, .F. ) ;
#2237 = DIRECTION ( 'NONE',  ( 0.000000000000000000, 1.000000000000000000, -0.000000000000000000 ) ) ;
#2238 = ORIENTED_EDGE ( 'NONE', *, *, #1938, .F. ) ;
#2239 = LINE ( 'NONE', #2477, #1729 ) ;
#2240 = EDGE_CURVE ( 'NONE', #1167, #1895, #1843, .T. ) ;
#2241 = ADVANCED_FACE ( 'NONE', ( #1518 ), #2457, .F. ) ;
#2242 = FACE_OUTER_BOUND ( 'NONE', #2046, .T. ) ;
#2243 = ORIENTED_EDGE ( 'NONE', *, *, #619, .F. ) ;
#2244 = ORIENTED_EDGE ( 'NONE', *, *, #2449, .T. ) ;
#2245 = DIRECTION ( 'NONE',  ( -0.05233595624294395260, 6.409306129323724811E-18, 0.9986295347545739443 ) ) ;
#2246 = CARTESIAN_POINT ( 'NONE',  ( -83.70708661417303631, 24.07291143449040405, 14.00000000000000000 ) ) ;
#2247 = ORIENTED_EDGE ( 'NONE', *, *, #2635, .F. ) ;
#2248 = CARTESIAN_POINT ( 'NONE',  ( -19.82439395379141089, 86.65374325455063342, 10.00000000000000000 ) ) ;
#2249 = CARTESIAN_POINT ( 'NONE',  ( 112.1212692998233535, 56.69104966961861436, 10.00000000000000000 ) ) ;
#2250 = EDGE_LOOP ( 'NONE', ( #1949, #762, #2287, #1011 ) ) ;
#2251 = EDGE_CURVE ( 'NONE', #1319, #2104, #843, .T. ) ;
#2252 = DIRECTION ( 'NONE',  ( -1.000000000000000000, 3.083952846180990774E-16, 0.000000000000000000 ) ) ;
#2253 = EDGE_CURVE ( 'NONE', #1504, #77, #207, .T. ) ;
#2254 = EDGE_LOOP ( 'NONE', ( #2144, #1140, #683, #638 ) ) ;
#2255 = CARTESIAN_POINT ( 'NONE',  ( -40.52407779283040412, -40.00000000000001421, 0.000000000000000000 ) ) ;
#2256 = VERTEX_POINT ( 'NONE', #4 ) ;
#2257 = VERTEX_POINT ( 'NONE', #901 ) ;
#2258 = CARTESIAN_POINT ( 'NONE',  ( -112.1212692998233820, 51.08187337763378366, 10.00000000000000000 ) ) ;
#2259 = AXIS2_PLACEMENT_3D ( 'NONE', #360, #1692, #1246 ) ;
#2260 = CARTESIAN_POINT ( 'NONE',  ( -34.75000000000000000, 85.60000000000023590, 0.000000000000000000 ) ) ;
#2261 = ORIENTED_EDGE ( 'NONE', *, *, #1404, .F. ) ;
#2262 = AXIS2_PLACEMENT_3D ( 'NONE', #1606, #1672, #1005 ) ;
#2263 = CARTESIAN_POINT ( 'NONE',  ( -106.2070866141730079, 0.000000000000000000, 14.00000000000000000 ) ) ;
#2264 = CARTESIAN_POINT ( 'NONE',  ( -119.9999999999999716, 44.99999999999995737, 14.00000000000000000 ) ) ;
#2265 = VERTEX_POINT ( 'NONE', #691 ) ;
#2266 = CIRCLE ( 'NONE', #923, 190.0000000000000000 ) ;
#2267 = DIRECTION ( 'NONE',  ( -1.000000000000000000, 0.000000000000000000, 0.000000000000000000 ) ) ;
#2268 = EDGE_CURVE ( 'NONE', #531, #1952, #2114, .T. ) ;
#2269 = AXIS2_PLACEMENT_3D ( 'NONE', #2188, #1983, #712 ) ;
#2270 = AXIS2_PLACEMENT_3D ( 'NONE', #1216, #823, #1864 ) ;
#2271 = DIRECTION ( 'NONE',  ( -1.000000000000000000, 0.000000000000000000, 0.000000000000000000 ) ) ;
#2272 = EDGE_CURVE ( 'NONE', #2010, #2182, #492, .T. ) ;
#2274 = LINE ( 'NONE', #1854, #2543 ) ;
#2273 = AXIS2_PLACEMENT_3D ( 'NONE', #1728, #2588, #1322 ) ;
#2275 = ORIENTED_EDGE ( 'NONE', *, *, #2438, .F. ) ;
#2276 = CARTESIAN_POINT ( 'NONE',  ( 130.0000000000000568, 45.00000000000000000, 14.00000000000000000 ) ) ;
#2277 = CARTESIAN_POINT ( 'NONE',  ( 8.518024169494269511E-15, -102.3091986265623206, 10.00000000000000000 ) ) ;
#2278 = ORIENTED_EDGE ( 'NONE', *, *, #140, .T. ) ;
#2279 = DIRECTION ( 'NONE',  ( -1.000000000000000000, -8.673617379884041635E-17, 0.000000000000000000 ) ) ;
#2280 = EDGE_CURVE ( 'NONE', #1836, #1002, #1111, .T. ) ;
#2281 = CARTESIAN_POINT ( 'NONE',  ( 0.000000000000000000, 0.000000000000000000, 0.000000000000000000 ) ) ;
#2282 = EDGE_CURVE ( 'NONE', #2106, #2025, #2130, .T. ) ;
#2283 = DIRECTION ( 'NONE',  ( 0.000000000000000000, 0.000000000000000000, -1.000000000000000000 ) ) ;
#2284 = CONICAL_SURFACE ( 'NONE', #1881, 1.999999999999998224, 0.05235987755983000091 ) ;
#2285 = DIRECTION ( 'NONE',  ( 1.000000000000000000, 0.000000000000000000, 0.000000000000000000 ) ) ;
#2286 = AXIS2_PLACEMENT_3D ( 'NONE', #1049, #1064, #1906 ) ;
#2287 = ORIENTED_EDGE ( 'NONE', *, *, #2282, .T. ) ;
#2288 = DIRECTION ( 'NONE',  ( 1.000000000000000000, 3.469446951953616654E-16, 0.000000000000000000 ) ) ;
#2289 = CARTESIAN_POINT ( 'NONE',  ( 24.47592220716958877, 85.00000000000000000, 0.000000000000000000 ) ) ;
#2290 = CIRCLE ( 'NONE', #271, 4.999999999999997335 ) ;
#2291 = ORIENTED_EDGE ( 'NONE', *, *, #533, .T. ) ;
#2292 = ADVANCED_FACE ( 'NONE', ( #249 ), #2145, .F. ) ;
#2293 = FACE_BOUND ( 'NONE', #1110, .T. ) ;
#2294 = LINE ( 'NONE', #1451, #1432 ) ;
#2295 = ORIENTED_EDGE ( 'NONE', *, *, #2648, .F. ) ;
#2296 = CARTESIAN_POINT ( 'NONE',  ( -119.9999999999999716, 44.07291143449035786, 10.00000000000000000 ) ) ;
#2297 = CARTESIAN_POINT ( 'NONE',  ( -39.99999999999999289, -40.00000000000001421, 10.00000000000000000 ) ) ;
#2298 = CYLINDRICAL_SURFACE ( 'NONE', #67, 190.0000000000000000 ) ;
#2299 = VERTEX_POINT ( 'NONE', #404 ) ;
#2300 = FACE_OUTER_BOUND ( 'NONE', #2033, .T. ) ;
#2301 = ORIENTED_EDGE ( 'NONE', *, *, #701, .F. ) ;
#2302 = ORIENTED_EDGE ( 'NONE', *, *, #370, .T. ) ;
#2303 = CARTESIAN_POINT ( 'NONE',  ( -63.70708661417304342, 54.18291143449047098, 14.00000000000000000 ) ) ;
#2304 = CARTESIAN_POINT ( 'NONE',  ( -27.25000000000000000, 85.60000000000023590, 0.000000000000000000 ) ) ;
#2305 = VERTEX_POINT ( 'NONE', #1082 ) ;
#2306 = DIRECTION ( 'NONE',  ( 1.000000000000000000, 0.000000000000000000, -0.000000000000000000 ) ) ;
#2307 = DIRECTION ( 'NONE',  ( -1.000000000000000000, -6.938893903907229610E-17, 0.000000000000000000 ) ) ;
#2308 = VECTOR ( 'NONE', #1388, 1000.000000000000000 ) ;
#2309 = DIRECTION ( 'NONE',  ( -0.000000000000000000, -0.000000000000000000, 1.000000000000000000 ) ) ;
#2310 = VECTOR ( 'NONE', #1269, 1000.000000000000000 ) ;
#2311 = CARTESIAN_POINT ( 'NONE',  ( 130.0000000000000000, -45.00000000000000000, 14.00000000000000000 ) ) ;
#2312 = EDGE_CURVE ( 'NONE', #2666, #1981, #889, .T. ) ;
#2313 = CARTESIAN_POINT ( 'NONE',  ( -130.0000000000000284, 45.00000000000000000, 10.00000000000000000 ) ) ;
#2314 = CIRCLE ( 'NONE', #2758, 7.500000000000000000 ) ;
#2315 = ORIENTED_EDGE ( 'NONE', *, *, #2272, .T. ) ;
#2316 = DIRECTION ( 'NONE',  ( -0.000000000000000000, 0.000000000000000000, 1.000000000000000000 ) ) ;
#2317 = VECTOR ( 'NONE', #227, 1000.000000000000000 ) ;
#2318 = ORIENTED_EDGE ( 'NONE', *, *, #1772, .F. ) ;
#2319 = ORIENTED_EDGE ( 'NONE', *, *, #1997, .T. ) ;
#2320 = CARTESIAN_POINT ( 'NONE',  ( 106.2070866141730079, 44.07291143449042892, 10.00000000000000000 ) ) ;
#2321 = FACE_OUTER_BOUND ( 'NONE', #1884, .T. ) ;
#2322 = ADVANCED_FACE ( 'NONE', ( #1093 ), #2190, .T. ) ;
#2323 = DIRECTION ( 'NONE',  ( -0.000000000000000000, -0.000000000000000000, 1.000000000000000000 ) ) ;
#2324 = VECTOR ( 'NONE', #759, 1000.000000000000000 ) ;
#2325 = LINE ( 'NONE', #676, #84 ) ;
#2326 = CARTESIAN_POINT ( 'NONE',  ( -106.2070866141730079, 24.07291143449040405, 14.00000000000000000 ) ) ;
#2327 = ORIENTED_EDGE ( 'NONE', *, *, #1348, .F. ) ;
#2328 = EDGE_CURVE ( 'NONE', #872, #1933, #637, .T. ) ;
#2329 = DIRECTION ( 'NONE',  ( 0.000000000000000000, -0.000000000000000000, -1.000000000000000000 ) ) ;
#2330 = VERTEX_POINT ( 'NONE', #649 ) ;
#2331 = CARTESIAN_POINT ( 'NONE',  ( 112.1212692998233535, 51.08187337763378366, 10.00000000000000000 ) ) ;
#2332 = DIRECTION ( 'NONE',  ( -1.000000000000000000, 0.000000000000000000, 0.000000000000000000 ) ) ;
#2333 = CARTESIAN_POINT ( 'NONE',  ( 32.00000000000000000, 85.00000000000000000, 10.00000000000000000 ) ) ;
#2334 = CARTESIAN_POINT ( 'NONE',  ( -63.99999999999672440, -16.40000000000033253, 4.000000000000000000 ) ) ;
#2335 = EDGE_CURVE ( 'NONE', #1431, #92, #448, .T. ) ;
#2336 = DIRECTION ( 'NONE',  ( -0.000000000000000000, -0.000000000000000000, -1.000000000000000000 ) ) ;
#2337 = CARTESIAN_POINT ( 'NONE',  ( 89.99999999999997158, -35.00000000000000000, 0.000000000000000000 ) ) ;
#2338 = ORIENTED_EDGE ( 'NONE', *, *, #71, .F. ) ;
#2339 = DIRECTION ( 'NONE',  ( -0.000000000000000000, -0.000000000000000000, 1.000000000000000000 ) ) ;
#2340 = ORIENTED_EDGE ( 'NONE', *, *, #665, .F. ) ;
#2341 = ORIENTED_EDGE ( 'NONE', *, *, #2629, .T. ) ;
#2342 = PLANE ( 'NONE',  #518 ) ;
#2343 = DIRECTION ( 'NONE',  ( -0.000000000000000000, 0.000000000000000000, -1.000000000000000000 ) ) ;
#2344 = DIRECTION ( 'NONE',  ( 0.000000000000000000, 0.000000000000000000, -1.000000000000000000 ) ) ;
#2345 = CIRCLE ( 'NONE', #786, 31.23105625617658632 ) ;
#2346 = VECTOR ( 'NONE', #1282, 1000.000000000000000 ) ;
#2347 = FACE_BOUND ( 'NONE', #286, .T. ) ;
#2348 = EDGE_CURVE ( 'NONE', #1836, #2525, #2772, .T. ) ;
#2349 = DIRECTION ( 'NONE',  ( 0.000000000000000000, 0.000000000000000000, -1.000000000000000000 ) ) ;
#2350 = AXIS2_PLACEMENT_3D ( 'NONE', #2376, #240, #1698 ) ;
#2351 = DIRECTION ( 'NONE',  ( 0.000000000000000000, 1.000000000000000000, 0.000000000000000000 ) ) ;
#2352 = EDGE_LOOP ( 'NONE', ( #2022, #1452, #2695, #1621 ) ) ;
#2353 = AXIS2_PLACEMENT_3D ( 'NONE', #2380, #1964, #2197 ) ;
#2354 = ADVANCED_FACE ( 'NONE', ( #1708 ), #871, .T. ) ;
#2355 = DIRECTION ( 'NONE',  ( -1.000000000000000000, -1.541976423090496619E-16, 0.000000000000000000 ) ) ;
#2357 = VERTEX_POINT ( 'NONE', #1293 ) ;
#2356 = AXIS2_PLACEMENT_3D ( 'NONE', #591, #1243, #1916 ) ;
#2358 = ORIENTED_EDGE ( 'NONE', *, *, #366, .F. ) ;
#2359 = CYLINDRICAL_SURFACE ( 'NONE', #1234, 7.500000000000000000 ) ;
#2360 = VECTOR ( 'NONE', #905, 1000.000000000000000 ) ;
#2361 = FACE_OUTER_BOUND ( 'NONE', #1641, .T. ) ;
#2362 = CARTESIAN_POINT ( 'NONE',  ( -50.16499999999938808, 2.100000000000210587, 4.000000000000000000 ) ) ;
#2363 = EDGE_CURVE ( 'NONE', #103, #2330, #2062, .T. ) ;
#2364 = CARTESIAN_POINT ( 'NONE',  ( -83.70708661417303631, 44.07291143449040050, 14.00000000000000000 ) ) ;
#2365 = CARTESIAN_POINT ( 'NONE',  ( -34.66904575527269117, 84.50101861654995616, 5.000000000000000000 ) ) ;
#2366 = DIRECTION ( 'NONE',  ( -1.000000000000000000, 2.668805347656626062E-17, 0.000000000000000000 ) ) ;
#2367 = ORIENTED_EDGE ( 'NONE', *, *, #1141, .T. ) ;
#2368 = CIRCLE ( 'NONE', #2727, 31.23105625617660763 ) ;
#2369 = CARTESIAN_POINT ( 'NONE',  ( -1.200962406445481562E-15, -45.00000000000000000, 10.00000000000000000 ) ) ;
#2370 = ORIENTED_EDGE ( 'NONE', *, *, #1898, .F. ) ;
#2371 = ADVANCED_FACE ( 'NONE', ( #2159 ), #235, .T. ) ;
#2372 = EDGE_LOOP ( 'NONE', ( #1839, #2238, #1461, #2567 ) ) ;
#2373 = DIRECTION ( 'NONE',  ( 0.000000000000000000, -0.000000000000000000, 1.000000000000000000 ) ) ;
#2374 = VECTOR ( 'NONE', #997, 1000.000000000000000 ) ;
#2375 =( NAMED_UNIT ( * ) PLANE_ANGLE_UNIT ( ) SI_UNIT ( $, .RADIAN. ) );
#2376 = CARTESIAN_POINT ( 'NONE',  ( 27.00000000000000000, 85.00000000000000000, 10.00000000000000000 ) ) ;
#2377 = DIRECTION ( 'NONE',  ( 0.000000000000000000, -0.000000000000000000, -1.000000000000000000 ) ) ;
#2378 = EDGE_CURVE ( 'NONE', #2265, #2436, #2452, .T. ) ;
#2379 = ORIENTED_EDGE ( 'NONE', *, *, #1468, .T. ) ;
#2380 = CARTESIAN_POINT ( 'NONE',  ( 120.0000000000000000, 3.700743415417188258E-14, 10.00000000000000000 ) ) ;
#2381 = FACE_OUTER_BOUND ( 'NONE', #1807, .T. ) ;
#2382 = EDGE_LOOP ( 'NONE', ( #1389, #393, #247, #779 ) ) ;
#2383 = CARTESIAN_POINT ( 'NONE',  ( 44.99999999999999289, -40.00000000000001421, 0.000000000000000000 ) ) ;
#2384 = ORIENTED_EDGE ( 'NONE', *, *, #958, .F. ) ;
#2385 = ORIENTED_EDGE ( 'NONE', *, *, #2600, .F. ) ;
#2386 = DIRECTION ( 'NONE',  ( 2.668805347656626062E-17, 1.000000000000000000, -0.000000000000000000 ) ) ;
#2387 = DIRECTION ( 'NONE',  ( -0.000000000000000000, -0.000000000000000000, -1.000000000000000000 ) ) ;
#2388 = DIRECTION ( 'NONE',  ( -0.000000000000000000, -0.000000000000000000, -1.000000000000000000 ) ) ;
#2389 = DIRECTION ( 'NONE',  ( 1.000000000000000000, -2.668805347656626062E-17, 0.000000000000000000 ) ) ;
#2390 = EDGE_CURVE ( 'NONE', #2042, #635, #968, .T. ) ;
#2391 = ORIENTED_EDGE ( 'NONE', *, *, #1453, .T. ) ;
#2392 = CARTESIAN_POINT ( 'NONE',  ( 106.2070866141730079, 0.000000000000000000, 4.000000000000000000 ) ) ;
#2393 = DIRECTION ( 'NONE',  ( 0.000000000000000000, 0.000000000000000000, 1.000000000000000000 ) ) ;
#2394 = CIRCLE ( 'NONE', #1992, 4.475922207169590550 ) ;
#2395 = EDGE_LOOP ( 'NONE', ( #1737, #1278, #860, #162 ) ) ;
#2396 = CIRCLE ( 'NONE', #2173, 15.00000000000000000 ) ;
#2397 = FACE_OUTER_BOUND ( 'NONE', #697, .T. ) ;
#2398 = ORIENTED_EDGE ( 'NONE', *, *, #2762, .F. ) ;
#2399 = VECTOR ( 'NONE', #1742, 1000.000000000000000 ) ;
#2400 = ORIENTED_EDGE ( 'NONE', *, *, #2312, .F. ) ;
#2401 = CARTESIAN_POINT ( 'NONE',  ( 28.99999999999999645, 85.00000000000000000, 10.00000000000000000 ) ) ;
#2402 = LINE ( 'NONE', #1309, #2451 ) ;
#2403 = CIRCLE ( 'NONE', #1638, 4.475922207169586997 ) ;
#2404 = VERTEX_POINT ( 'NONE', #2679 ) ;
#2405 = CARTESIAN_POINT ( 'NONE',  ( -63.70708661417304342, 54.18291143449047098, 10.00000000000000000 ) ) ;
#2406 = VECTOR ( 'NONE', #1483, 1000.000000000000000 ) ;
#2407 = DIRECTION ( 'NONE',  ( -1.000000000000000000, 0.000000000000000000, 0.000000000000000000 ) ) ;
#2408 = VECTOR ( 'NONE', #2387, 1000.000000000000000 ) ;
#2409 = LINE ( 'NONE', #432, #2710 ) ;
#2410 = ORIENTED_EDGE ( 'NONE', *, *, #318, .T. ) ;
#2411 = LINE ( 'NONE', #2365, #2626 ) ;
#2412 = DIRECTION ( 'NONE',  ( -0.000000000000000000, -0.000000000000000000, 1.000000000000000000 ) ) ;
#2413 = VERTEX_POINT ( 'NONE', #2638 ) ;
#2414 = ORIENTED_EDGE ( 'NONE', *, *, #2784, .T. ) ;
#2415 = DIRECTION ( 'NONE',  ( 0.000000000000000000, -0.000000000000000000, -1.000000000000000000 ) ) ;
#2416 = CARTESIAN_POINT ( 'NONE',  ( 120.0000000000000000, -45.00000000000000000, 10.00000000000000000 ) ) ;
#2417 = VECTOR ( 'NONE', #1806, 1000.000000000000000 ) ;
#2418 = ORIENTED_EDGE ( 'NONE', *, *, #281, .F. ) ;
#2419 = CARTESIAN_POINT ( 'NONE',  ( 119.9999999999999858, 45.00000000000000000, 0.000000000000000000 ) ) ;
#2420 = AXIS2_PLACEMENT_3D ( 'NONE', #1868, #2089, #163 ) ;
#2421 = CARTESIAN_POINT ( 'NONE',  ( -0.000000000000000000, 44.07291143449040050, 14.00000000000000000 ) ) ;
#2422 = ORIENTED_EDGE ( 'NONE', *, *, #1872, .T. ) ;
#2423 = DIRECTION ( 'NONE',  ( 0.000000000000000000, 0.000000000000000000, -1.000000000000000000 ) ) ;
#2424 = EDGE_CURVE ( 'NONE', #164, #419, #1349, .T. ) ;
#2425 = CARTESIAN_POINT ( 'NONE',  ( -43.24999999999999289, -40.00000000000001421, 10.00000000000000000 ) ) ;
#2426 = VERTEX_POINT ( 'NONE', #1597 ) ;
#2427 = VERTEX_POINT ( 'NONE', #1783 ) ;
#2428 = DIRECTION ( 'NONE',  ( 1.156482317317871478E-16, 1.000000000000000000, 0.000000000000000000 ) ) ;
#2429 = CARTESIAN_POINT ( 'NONE',  ( -120.0000000000000142, 0.000000000000000000, 10.00000000000000000 ) ) ;
#2430 = ORIENTED_EDGE ( 'NONE', *, *, #423, .T. ) ;
#2431 = DIRECTION ( 'NONE',  ( 4.081702296416016490E-16, 1.000000000000000000, 0.000000000000000000 ) ) ;
#2432 = LINE ( 'NONE', #2673, #2487 ) ;
#2433 = ORIENTED_EDGE ( 'NONE', *, *, #1336, .T. ) ;
#2434 = DIRECTION ( 'NONE',  ( -1.000000000000000000, -6.938893903907229610E-17, 0.000000000000000000 ) ) ;
#2435 = DIRECTION ( 'NONE',  ( 0.000000000000000000, 0.000000000000000000, 1.000000000000000000 ) ) ;
#2436 = VERTEX_POINT ( 'NONE', #1393 ) ;
#2437 = EDGE_LOOP ( 'NONE', ( #1084, #751, #2384, #2605 ) ) ;
#2438 = EDGE_CURVE ( 'NONE', #1421, #224, #89, .T. ) ;
#2439 = VECTOR ( 'NONE', #1119, 1000.000000000000000 ) ;
#2440 = CARTESIAN_POINT ( 'NONE',  ( 0.000000000000000000, 54.18291143449048519, 4.000000000000000000 ) ) ;
#2441 = DIRECTION ( 'NONE',  ( -1.000000000000000000, -3.083952846180990774E-16, 0.000000000000000000 ) ) ;
#2443 = ORIENTED_EDGE ( 'NONE', *, *, #1209, .F. ) ;
#2442 = AXIS2_PLACEMENT_3D ( 'NONE', #39, #1072, #850 ) ;
#2444 = VECTOR ( 'NONE', #1289, 1000.000000000000000 ) ;
#2445 = DIRECTION ( 'NONE',  ( -1.000000000000000000, 0.000000000000000000, -0.000000000000000000 ) ) ;
#2446 = LINE ( 'NONE', #1412, #788 ) ;
#2447 = VECTOR ( 'NONE', #182, 1000.000000000000000 ) ;
#2448 = ORIENTED_EDGE ( 'NONE', *, *, #951, .F. ) ;
#2449 = EDGE_CURVE ( 'NONE', #2681, #1925, #709, .T. ) ;
#2450 = CARTESIAN_POINT ( 'NONE',  ( -50.16499999999938808, 2.100000000000215916, 14.00000000000000000 ) ) ;
#2451 = VECTOR ( 'NONE', #685, 1000.000000000000000 ) ;
#2452 = LINE ( 'NONE', #2425, #1073 ) ;
#2453 = ORIENTED_EDGE ( 'NONE', *, *, #521, .T. ) ;
#2454 = ORIENTED_EDGE ( 'NONE', *, *, #1366, .F. ) ;
#2455 = DIRECTION ( 'NONE',  ( 1.000000000000000000, 3.579008434646886174E-15, 0.000000000000000000 ) ) ;
#2456 = CARTESIAN_POINT ( 'NONE',  ( -44.99999999999999289, -40.00000000000001421, 0.000000000000000000 ) ) ;
#2457 = CONICAL_SURFACE ( 'NONE', #1695, 1.999999999999998224, 0.05235987755983000091 ) ;
#2458 = ADVANCED_FACE ( 'NONE', ( #2242 ), #744, .F. ) ;
#2459 = ORIENTED_EDGE ( 'NONE', *, *, #873, .F. ) ;
#2460 = VECTOR ( 'NONE', #1723, 1000.000000000000000 ) ;
#2461 = FACE_OUTER_BOUND ( 'NONE', #1625, .T. ) ;
#2462 = CARTESIAN_POINT ( 'NONE',  ( 83.70708661417303631, 54.18291143449048519, 10.00000000000000000 ) ) ;
#2463 = ORIENTED_EDGE ( 'NONE', *, *, #2192, .F. ) ;
#2464 = DIRECTION ( 'NONE',  ( -1.000000000000000000, 0.000000000000000000, 0.000000000000000000 ) ) ;
#2465 = VECTOR ( 'NONE', #291, 1000.000000000000000 ) ;
#2466 = VERTEX_POINT ( 'NONE', #1363 ) ;
#2467 = LINE ( 'NONE', #548, #268 ) ;
#2468 = EDGE_LOOP ( 'NONE', ( #1514, #253, #953, #1304 ) ) ;
#2469 = ORIENTED_EDGE ( 'NONE', *, *, #243, .F. ) ;
#2470 = FACE_BOUND ( 'NONE', #1042, .T. ) ;
#2471 = DIRECTION ( 'NONE',  ( 1.000000000000000000, 0.000000000000000000, 0.000000000000000000 ) ) ;
#2472 = ORIENTED_EDGE ( 'NONE', *, *, #837, .T. ) ;
#2473 = PLANE ( 'NONE',  #386 ) ;
#2474 = APPLICATION_PROTOCOL_DEFINITION ( 'draft international standard', 'automotive_design', 1998, #374 ) ;
#2475 = DIRECTION ( 'NONE',  ( -0.000000000000000000, 0.000000000000000000, -1.000000000000000000 ) ) ;
#2476 = ORIENTED_EDGE ( 'NONE', *, *, #608, .T. ) ;
#2477 = CARTESIAN_POINT ( 'NONE',  ( 0.000000000000000000, 59.69104966961863568, 10.00000000000000000 ) ) ;
#2478 = ORIENTED_EDGE ( 'NONE', *, *, #87, .T. ) ;
#2479 = EDGE_CURVE ( 'NONE', #693, #805, #1166, .T. ) ;
#2480 = FACE_OUTER_BOUND ( 'NONE', #1798, .T. ) ;
#2481 = ORIENTED_EDGE ( 'NONE', *, *, #334, .T. ) ;
#2482 = ORIENTED_EDGE ( 'NONE', *, *, #731, .F. ) ;
#2483 = EDGE_CURVE ( 'NONE', #1035, #15, #2020, .T. ) ;
#2484 = CARTESIAN_POINT ( 'NONE',  ( 61.71572875253806956, -65.00000000000001421, 14.00000000000000000 ) ) ;
#2485 = FACE_OUTER_BOUND ( 'NONE', #2500, .T. ) ;
#2486 = VERTEX_POINT ( 'NONE', #1980 ) ;
#2487 = VECTOR ( 'NONE', #1146, 1000.000000000000000 ) ;
#2488 = LINE ( 'NONE', #1054, #22 ) ;
#2489 = AXIS2_PLACEMENT_3D ( 'NONE', #1727, #2586, #2373 ) ;
#2490 = DIRECTION ( 'NONE',  ( -0.000000000000000000, 0.000000000000000000, -1.000000000000000000 ) ) ;
#2491 = VERTEX_POINT ( 'NONE', #2031 ) ;
#2492 = VECTOR ( 'NONE', #689, 1000.000000000000000 ) ;
#2493 = DIRECTION ( 'NONE',  ( -0.000000000000000000, -0.000000000000000000, -1.000000000000000000 ) ) ;
#2494 = AXIS2_PLACEMENT_3D ( 'NONE', #540, #2235, #1145 ) ;
#2495 = EDGE_CURVE ( 'NONE', #109, #635, #45, .T. ) ;
#2496 = ORIENTED_EDGE ( 'NONE', *, *, #547, .F. ) ;
#2497 = AXIS2_PLACEMENT_3D ( 'NONE', #832, #611, #2279 ) ;
#2498 = CYLINDRICAL_SURFACE ( 'NONE', #678, 3.000000000000002665 ) ;
#2499 = ORIENTED_EDGE ( 'NONE', *, *, #172, .T. ) ;
#2500 = EDGE_LOOP ( 'NONE', ( #2340, #1027, #2367, #407 ) ) ;
#2501 = CARTESIAN_POINT ( 'NONE',  ( -50.59016994374947274, -45.00000000000000000, 0.000000000000000000 ) ) ;
#2502 = DIRECTION ( 'NONE',  ( 1.000000000000000000, -1.154047617702465335E-14, 0.000000000000000000 ) ) ;
#2504 = EDGE_CURVE ( 'NONE', #1506, #61, #2548, .T. ) ;
#2503 = EDGE_LOOP ( 'NONE', ( #2459, #1726, #2302, #1316 ) ) ;
#2505 = ADVANCED_FACE ( 'NONE', ( #2397 ), #264, .T. ) ;
#2506 = CARTESIAN_POINT ( 'NONE',  ( 49.83500000000059771, 44.99999999999995737, 10.00000000000000000 ) ) ;
#2507 = DIRECTION ( 'NONE',  ( -0.000000000000000000, -0.000000000000000000, -1.000000000000000000 ) ) ;
#2508 = VECTOR ( 'NONE', #188, 1000.000000000000000 ) ;
#2509 = CARTESIAN_POINT ( 'NONE',  ( -34.75000000000000000, 85.60000000000023590, 10.00000000000000000 ) ) ;
#2510 = ORIENTED_EDGE ( 'NONE', *, *, #547, .T. ) ;
#2511 = ADVANCED_FACE ( 'NONE', ( #1991 ), #1821, .F. ) ;
#2512 = LINE ( 'NONE', #389, #2374 ) ;
#2513 = ORIENTED_EDGE ( 'NONE', *, *, #414, .F. ) ;
#2514 = VERTEX_POINT ( 'NONE', #1334 ) ;
#2515 = LINE ( 'NONE', #2258, #2310 ) ;
#2516 = ADVANCED_FACE ( 'NONE', ( #2184 ), #1765, .F. ) ;
#2517 = CARTESIAN_POINT ( 'NONE',  ( -34.66904575527269117, 84.50101861654995616, 10.00000000000000000 ) ) ;
#2518 = ORIENTED_EDGE ( 'NONE', *, *, #32, .F. ) ;
#2519 = SURFACE_STYLE_USAGE ( .BOTH. , #1660 ) ;
#2520 = DIRECTION ( 'NONE',  ( 1.000000000000000000, 0.000000000000000000, 0.000000000000000000 ) ) ;
#2521 = DIRECTION ( 'NONE',  ( 0.000000000000000000, 0.000000000000000000, 1.000000000000000000 ) ) ;
#2522 = ORIENTED_EDGE ( 'NONE', *, *, #2152, .T. ) ;
#2523 = CARTESIAN_POINT ( 'NONE',  ( -1.879847369243657803E-14, 54.18291143449049230, 4.000000000000000000 ) ) ;
#2524 = ORIENTED_EDGE ( 'NONE', *, *, #1979, .T. ) ;
#2525 = VERTEX_POINT ( 'NONE', #278 ) ;
#2526 = DIRECTION ( 'NONE',  ( -1.000000000000000000, 0.000000000000000000, 0.000000000000000000 ) ) ;
#2527 = ORIENTED_EDGE ( 'NONE', *, *, #2253, .T. ) ;
#2528 = EDGE_CURVE ( 'NONE', #1933, #2212, #60, .T. ) ;
#2529 = FILL_AREA_STYLE ('',( #2725 ) ) ;
#2530 = DIRECTION ( 'NONE',  ( 1.000000000000000000, 0.000000000000000000, 0.000000000000000000 ) ) ;
#2531 = CIRCLE ( 'NONE', #1950, 7.500000000000000000 ) ;
#2532 = LINE ( 'NONE', #2334, #2447 ) ;
#2533 = ADVANCED_FACE ( 'NONE', ( #519 ), #1153, .F. ) ;
#2534 = AXIS2_PLACEMENT_3D ( 'NONE', #1704, #1496, #1627 ) ;
#2535 = PLANE ( 'NONE',  #176 ) ;
#2536 = DIRECTION ( 'NONE',  ( 1.156482317317871478E-16, 1.000000000000000000, -0.000000000000000000 ) ) ;
#2537 = CIRCLE ( 'NONE', #1684, 190.0000000000000000 ) ;
#2538 = ORIENTED_EDGE ( 'NONE', *, *, #1825, .T. ) ;
#2539 = CARTESIAN_POINT ( 'NONE',  ( -27.00000000000000000, 85.00000000000000000, 10.00000000000000000 ) ) ;
#2540 = AXIS2_PLACEMENT_3D ( 'NONE', #1630, #1029, #798 ) ;
#2541 = ORIENTED_EDGE ( 'NONE', *, *, #1661, .T. ) ;
#2542 = ORIENTED_EDGE ( 'NONE', *, *, #1088, .F. ) ;
#2543 = VECTOR ( 'NONE', #605, 1000.000000000000000 ) ;
#2544 = DIRECTION ( 'NONE',  ( 1.000000000000000000, 3.469446951953616161E-16, 0.000000000000000000 ) ) ;
#2545 = EDGE_CURVE ( 'NONE', #2413, #2305, #1796, .T. ) ;
#2546 = DIRECTION ( 'NONE',  ( -0.000000000000000000, -0.000000000000000000, 1.000000000000000000 ) ) ;
#2547 = CARTESIAN_POINT ( 'NONE',  ( 78.99999999999998579, -13.40000000000009983, 4.000000000000000000 ) ) ;
#2548 = CIRCLE ( 'NONE', #1924, 10.00000000000002309 ) ;
#2549 = CARTESIAN_POINT ( 'NONE',  ( -44.99999999999999289, -40.00000000000001421, 0.000000000000000000 ) ) ;
#2550 = CARTESIAN_POINT ( 'NONE',  ( -44.99999999999999289, -40.00000000000001421, 0.000000000000000000 ) ) ;
#2551 = ORIENTED_EDGE ( 'NONE', *, *, #1256, .T. ) ;
#2552 = DIRECTION ( 'NONE',  ( -0.000000000000000000, -0.000000000000000000, 1.000000000000000000 ) ) ;
#2553 = ORIENTED_EDGE ( 'NONE', *, *, #1898, .T. ) ;
#2554 = VERTEX_POINT ( 'NONE', #1023 ) ;
#2555 = CARTESIAN_POINT ( 'NONE',  ( -27.00000000000000000, 85.00000000000000000, 10.00000000000000000 ) ) ;
#2556 =( NAMED_UNIT ( * ) SI_UNIT ( $, .STERADIAN. ) SOLID_ANGLE_UNIT ( ) );
#2557 = LINE ( 'NONE', #2362, #382 ) ;
#2558 = ADVANCED_FACE ( 'NONE', ( #2480, #327 ), #135, .F. ) ;
#2559 = CYLINDRICAL_SURFACE ( 'NONE', #2270, 7.500000000000003553 ) ;
#2560 = ORIENTED_EDGE ( 'NONE', *, *, #996, .T. ) ;
#2561 = EDGE_CURVE ( 'NONE', #2080, #2707, #446, .T. ) ;
#2562 = DIRECTION ( 'NONE',  ( -0.000000000000000000, -0.000000000000000000, -1.000000000000000000 ) ) ;
#2563 = CARTESIAN_POINT ( 'NONE',  ( 49.83500000000060481, 0.000000000000000000, 4.000000000000000000 ) ) ;
#2564 = CARTESIAN_POINT ( 'NONE',  ( 106.2070866141730079, 24.07291143449042892, 10.00000000000000000 ) ) ;
#2565 = ORIENTED_EDGE ( 'NONE', *, *, #1825, .F. ) ;
#2566 = CARTESIAN_POINT ( 'NONE',  ( 63.99999999999998579, -13.40000000000009805, 4.000000000000000000 ) ) ;
#2567 = ORIENTED_EDGE ( 'NONE', *, *, #655, .T. ) ;
#2568 = ADVANCED_FACE ( 'NONE', ( #1665 ), #2049, .T. ) ;
#2569 = ORIENTED_EDGE ( 'NONE', *, *, #1646, .T. ) ;
#2570 = DIRECTION ( 'NONE',  ( 0.000000000000000000, 0.000000000000000000, -1.000000000000000000 ) ) ;
#2571 = LINE ( 'NONE', #1098, #839 ) ;
#2572 = CARTESIAN_POINT ( 'NONE',  ( -112.1212692998233820, 0.000000000000000000, 10.00000000000000000 ) ) ;
#2573 = DIRECTION ( 'NONE',  ( -0.000000000000000000, 0.000000000000000000, -1.000000000000000000 ) ) ;
#2574 = VECTOR ( 'NONE', #1173, 1000.000000000000000 ) ;
#2575 = VECTOR ( 'NONE', #1730, 1000.000000000000114 ) ;
#2576 = CARTESIAN_POINT ( 'NONE',  ( 1.835000000000607034, 62.10000000000022169, 12.00000000000000000 ) ) ;
#2577 = PLANE ( 'NONE',  #1527 ) ;
#2578 = EDGE_CURVE ( 'NONE', #116, #463, #561, .T. ) ;
#2579 = AXIS2_PLACEMENT_3D ( 'NONE', #2555, #192, #892 ) ;
#2580 = LINE ( 'NONE', #1499, #2170 ) ;
#2581 = ORIENTED_EDGE ( 'NONE', *, *, #487, .F. ) ;
#2582 = CARTESIAN_POINT ( 'NONE',  ( -27.00000000000000000, 85.00000000000000000, 10.00000000000000000 ) ) ;
#2584 = EDGE_LOOP ( 'NONE', ( #2482, #1466, #2538, #766, #999, #2685, #307, #2185 ) ) ;
#2583 = VECTOR ( 'NONE', #2044, 1000.000000000000000 ) ;
#2585 = VERTEX_POINT ( 'NONE', #2311 ) ;
#2586 = DIRECTION ( 'NONE',  ( 0.000000000000000000, 1.000000000000000000, 0.000000000000000000 ) ) ;
#2587 = AXIS2_PLACEMENT_3D ( 'NONE', #380, #1860, #1003 ) ;
#2588 = DIRECTION ( 'NONE',  ( 0.000000000000000000, -0.000000000000000000, -1.000000000000000000 ) ) ;
#2589 = CARTESIAN_POINT ( 'NONE',  ( 109.1212692998233393, 59.69104966961863568, 10.00000000000000000 ) ) ;
#2590 = DIRECTION ( 'NONE',  ( 0.000000000000000000, -1.000000000000000000, 0.000000000000000000 ) ) ;
#2591 = PLANE ( 'NONE',  #2353 ) ;
#2592 = LINE ( 'NONE', #1674, #2734 ) ;
#2593 = VERTEX_POINT ( 'NONE', #1447 ) ;
#2594 = DIRECTION ( 'NONE',  ( 2.668805347656626062E-17, 1.000000000000000000, -0.000000000000000000 ) ) ;
#2595 = ORIENTED_EDGE ( 'NONE', *, *, #2390, .T. ) ;
#2596 = VERTEX_POINT ( 'NONE', #773 ) ;
#2597 = CARTESIAN_POINT ( 'NONE',  ( 44.99999999999999289, -40.00000000000000000, 10.00000000000000000 ) ) ;
#2598 = CARTESIAN_POINT ( 'NONE',  ( 39.99999999999999289, -40.00000000000001421, 10.00000000000000000 ) ) ;
#2599 = PLANE ( 'NONE',  #1371 ) ;
#2600 = EDGE_CURVE ( 'NONE', #463, #225, #359, .T. ) ;
#2601 = LINE ( 'NONE', #469, #2222 ) ;
#2602 = VERTEX_POINT ( 'NONE', #2255 ) ;
#2603 = EDGE_CURVE ( 'NONE', #2025, #77, #2512, .T. ) ;
#2604 = CARTESIAN_POINT ( 'NONE',  ( 112.1212692998233535, 0.000000000000000000, 10.00000000000000000 ) ) ;
#2605 = ORIENTED_EDGE ( 'NONE', *, *, #356, .T. ) ;
#2606 = CARTESIAN_POINT ( 'NONE',  ( 49.99999999999998579, -40.00000000000001421, 10.00000000000000000 ) ) ;
#2607 = ORIENTED_EDGE ( 'NONE', *, *, #262, .F. ) ;
#2608 = EDGE_LOOP ( 'NONE', ( #2581, #660, #209, #2671, #711, #1937, #2615, #2327 ) ) ;
#2609 = LINE ( 'NONE', #861, #1189 ) ;
#2610 = CARTESIAN_POINT ( 'NONE',  ( 83.70708661417303631, 13.67291143449068613, 14.00000000000000000 ) ) ;
#2611 = ADVANCED_FACE ( 'NONE', ( #2300 ), #2498, .F. ) ;
#2612 = ORIENTED_EDGE ( 'NONE', *, *, #1526, .F. ) ;
#2613 = CARTESIAN_POINT ( 'NONE',  ( -83.70708661417303631, 0.000000000000000000, 14.00000000000000000 ) ) ;
#2614 = LINE ( 'NONE', #1301, #161 ) ;
#2615 = ORIENTED_EDGE ( 'NONE', *, *, #2767, .T. ) ;
#2616 = VECTOR ( 'NONE', #1258, 1000.000000000000000 ) ;
#2617 = FACE_OUTER_BOUND ( 'NONE', #2779, .T. ) ;
#2618 = ADVANCED_FACE ( 'NONE', ( #1190 ), #1624, .F. ) ;
#2619 = CIRCLE ( 'NONE', #105, 7.500000000000003553 ) ;
#2620 = CARTESIAN_POINT ( 'NONE',  ( -79.00000000000005684, -16.40000000000033253, 4.000000000000000000 ) ) ;
#2621 = ORIENTED_EDGE ( 'NONE', *, *, #2600, .T. ) ;
#2622 = AXIS2_PLACEMENT_3D ( 'NONE', #1735, #1571, #245 ) ;
#2623 = VERTEX_POINT ( 'NONE', #1032 ) ;
#2624 = DIRECTION ( 'NONE',  ( 1.000000000000000000, 0.000000000000000000, 0.000000000000000000 ) ) ;
#2625 = DIRECTION ( 'NONE',  ( -0.000000000000000000, -0.000000000000000000, -1.000000000000000000 ) ) ;
#2626 = VECTOR ( 'NONE', #489, 1000.000000000000000 ) ;
#2627 = ORIENTED_EDGE ( 'NONE', *, *, #2240, .T. ) ;
#2628 = CIRCLE ( 'NONE', #339, 15.00000000000333067 ) ;
#2629 = EDGE_CURVE ( 'NONE', #1645, #1667, #593, .T. ) ;
#2630 = CARTESIAN_POINT ( 'NONE',  ( 8.518024169494269511E-15, -102.3091986265623206, 0.000000000000000000 ) ) ;
#2631 = VECTOR ( 'NONE', #1957, 1000.000000000000000 ) ;
#2632 = VERTEX_POINT ( 'NONE', #577 ) ;
#2633 = CARTESIAN_POINT ( 'NONE',  ( 63.70708661417304342, 13.67291143449067725, 14.00000000000000000 ) ) ;
#2634 = ORIENTED_EDGE ( 'NONE', *, *, #1668, .T. ) ;
#2635 = EDGE_CURVE ( 'NONE', #2491, #2010, #345, .T. ) ;
#2636 = CARTESIAN_POINT ( 'NONE',  ( -83.70708661417303631, 0.000000000000000000, 4.000000000000000000 ) ) ;
#2637 = EDGE_CURVE ( 'NONE', #845, #2486, #1253, .T. ) ;
#2638 = CARTESIAN_POINT ( 'NONE',  ( -119.5868023766757773, -45.00000000000000000, 0.000000000000000000 ) ) ;
#2639 = ORIENTED_EDGE ( 'NONE', *, *, #1020, .T. ) ;
#2640 = ORIENTED_EDGE ( 'NONE', *, *, #849, .F. ) ;
#2641 = EDGE_CURVE ( 'NONE', #457, #394, #2467, .T. ) ;
#2642 = LINE ( 'NONE', #1383, #1865 ) ;
#2643 = CARTESIAN_POINT ( 'NONE',  ( 119.5868023766757204, -45.00000000000000000, 10.00000000000000000 ) ) ;
#2644 = ORIENTED_EDGE ( 'NONE', *, *, #1989, .T. ) ;
#2645 = CARTESIAN_POINT ( 'NONE',  ( -34.66904575527236432, 84.50101861655001301, 0.000000000000000000 ) ) ;
#2646 = ORIENTED_EDGE ( 'NONE', *, *, #1551, .F. ) ;
#2647 = DIRECTION ( 'NONE',  ( 1.000000000000000000, 0.000000000000000000, 0.000000000000000000 ) ) ;
#2648 = EDGE_CURVE ( 'NONE', #1449, #461, #1700, .T. ) ;
#2649 = ORIENTED_EDGE ( 'NONE', *, *, #576, .F. ) ;
#2650 = DIRECTION ( 'NONE',  ( 0.000000000000000000, 0.000000000000000000, -1.000000000000000000 ) ) ;
#2651 = ADVANCED_FACE ( 'NONE', ( #146 ), #1008, .F. ) ;
#2652 = CARTESIAN_POINT ( 'NONE',  ( 63.70708661417304342, 0.000000000000000000, 14.00000000000000000 ) ) ;
#2653 = ORIENTED_EDGE ( 'NONE', *, *, #1680, .F. ) ;
#2654 = VERTEX_POINT ( 'NONE', #1484 ) ;
#2655 = CARTESIAN_POINT ( 'NONE',  ( -99.27698399919150063, 59.69104966961863568, 10.00000000000000000 ) ) ;
#2656 = CARTESIAN_POINT ( 'NONE',  ( 50.59016994374946563, -45.00000000000000000, 10.00000000000000000 ) ) ;
#2657 = ORIENTED_EDGE ( 'NONE', *, *, #989, .F. ) ;
#2658 = EDGE_CURVE ( 'NONE', #1767, #1223, #1705, .T. ) ;
#2659 = PLANE ( 'NONE',  #2497 ) ;
#2660 = CARTESIAN_POINT ( 'NONE',  ( -120.0000000000000142, -45.00000000000000000, 10.00000000000000000 ) ) ;
#2661 = ORIENTED_EDGE ( 'NONE', *, *, #2561, .T. ) ;
#2662 = DIRECTION ( 'NONE',  ( -0.000000000000000000, 0.000000000000000000, 1.000000000000000000 ) ) ;
#2663 = EDGE_CURVE ( 'NONE', #1682, #2204, #2290, .T. ) ;
#2664 = DIRECTION ( 'NONE',  ( 0.000000000000000000, -0.000000000000000000, -1.000000000000000000 ) ) ;
#2665 = VECTOR ( 'NONE', #1903, 1000.000000000000000 ) ;
#2666 = VERTEX_POINT ( 'NONE', #1303 ) ;
#2667 = EDGE_LOOP ( 'NONE', ( #2518, #86 ) ) ;
#2668 = CIRCLE ( 'NONE', #1814, 1.750000000000001554 ) ;
#2669 = CARTESIAN_POINT ( 'NONE',  ( -94.00000000000338218, -16.40000000000032898, 10.00000000000000000 ) ) ;
#2670 = PLANE ( 'NONE',  #1565 ) ;
#2671 = ORIENTED_EDGE ( 'NONE', *, *, #2658, .T. ) ;
#2672 = PLANE ( 'NONE',  #2494 ) ;
#2673 = CARTESIAN_POINT ( 'NONE',  ( 1.835000000000607034, 62.10000000000022169, 12.00000000000000000 ) ) ;
#2674 = VECTOR ( 'NONE', #2309, 1000.000000000000000 ) ;
#2675 = VERTEX_POINT ( 'NONE', #2156 ) ;
#2676 = FACE_OUTER_BOUND ( 'NONE', #479, .T. ) ;
#2677 = VECTOR ( 'NONE', #336, 1000.000000000000000 ) ;
#2678 = AXIS2_PLACEMENT_3D ( 'NONE', #760, #1612, #1838 ) ;
#2679 = CARTESIAN_POINT ( 'NONE',  ( 83.70708661417303631, 44.07291143449042181, 14.00000000000000000 ) ) ;
#2680 = DIRECTION ( 'NONE',  ( 1.000000000000000000, 0.000000000000000000, 0.000000000000000000 ) ) ;
#2681 = VERTEX_POINT ( 'NONE', #1948 ) ;
#2682 = PLANE ( 'NONE',  #2534 ) ;
#2683 = CARTESIAN_POINT ( 'NONE',  ( -119.9999999999999716, 2.100000000000205702, 10.00000000000000000 ) ) ;
#2684 = AXIS2_PLACEMENT_3D ( 'NONE', #392, #1679, #1036 ) ;
#2685 = ORIENTED_EDGE ( 'NONE', *, *, #1829, .T. ) ;
#2686 = VECTOR ( 'NONE', #2778, 1000.000000000000000 ) ;
#2687 = LINE ( 'NONE', #1400, #1283 ) ;
#2688 = LINE ( 'NONE', #2249, #1459 ) ;
#2689 = EDGE_LOOP ( 'NONE', ( #2661, #1306, #55, #104, #1576, #2754, #450, #2646 ) ) ;
#2690 = CARTESIAN_POINT ( 'NONE',  ( 130.0000000000000284, -4.009138700035289120E-14, 10.00000000000000000 ) ) ;
#2691 = AXIS2_PLACEMENT_3D ( 'NONE', #2731, #1611, #2075 ) ;
#2692 = EDGE_CURVE ( 'NONE', #1202, #580, #1078, .T. ) ;
#2693 = DIRECTION ( 'NONE',  ( 0.000000000000000000, 0.000000000000000000, -1.000000000000000000 ) ) ;
#2694 = LINE ( 'NONE', #346, #470 ) ;
#2695 = ORIENTED_EDGE ( 'NONE', *, *, #2048, .F. ) ;
#2696 = DIRECTION ( 'NONE',  ( 0.000000000000000000, 0.000000000000000000, -1.000000000000000000 ) ) ;
#2697 = LINE ( 'NONE', #827, #350 ) ;
#2698 = ORIENTED_EDGE ( 'NONE', *, *, #71, .T. ) ;
#2699 = DIRECTION ( 'NONE',  ( -1.000000000000000000, 0.000000000000000000, 0.000000000000000000 ) ) ;
#2700 = ADVANCED_FACE ( 'NONE', ( #1091 ), #1935, .F. ) ;
#2701 = LINE ( 'NONE', #834, #2751 ) ;
#2702 = ORIENTED_EDGE ( 'NONE', *, *, #2648, .T. ) ;
#2703 = CARTESIAN_POINT ( 'NONE',  ( -4.309053114326404600E-15, 62.10000000000022169, 4.000000000000000000 ) ) ;
#2704 = VERTEX_POINT ( 'NONE', #1043 ) ;
#2705 = EDGE_CURVE ( 'NONE', #1002, #2675, #1574, .T. ) ;
#2706 = DIRECTION ( 'NONE',  ( -0.000000000000000000, 0.000000000000000000, 1.000000000000000000 ) ) ;
#2707 = VERTEX_POINT ( 'NONE', #632 ) ;
#2708 = ORIENTED_EDGE ( 'NONE', *, *, #381, .T. ) ;
#2709 = FACE_BOUND ( 'NONE', #1543, .T. ) ;
#2710 = VECTOR ( 'NONE', #2536, 1000.000000000000000 ) ;
#2711 = DIRECTION ( 'NONE',  ( 0.000000000000000000, 0.000000000000000000, 1.000000000000000000 ) ) ;
#2712 = AXIS2_PLACEMENT_3D ( 'NONE', #2783, #1914, #906 ) ;
#2713 = FACE_OUTER_BOUND ( 'NONE', #1629, .T. ) ;
#2714 = FACE_OUTER_BOUND ( 'NONE', #1666, .T. ) ;
#2715 = ADVANCED_FACE ( 'NONE', ( #1472 ), #2535, .T. ) ;
#2716 = AXIS2_PLACEMENT_3D ( 'NONE', #1220, #2771, #201 ) ;
#2717 = LINE ( 'NONE', #631, #2674 ) ;
#2718 = CARTESIAN_POINT ( 'NONE',  ( 43.24999999999999289, -40.00000000000001421, 10.00000000000000000 ) ) ;
#2719 = CARTESIAN_POINT ( 'NONE',  ( 99.27698399919147221, 59.69104966961863568, 0.000000000000000000 ) ) ;
#2720 = ORIENTED_EDGE ( 'NONE', *, *, #616, .F. ) ;
#2721 = DIRECTION ( 'NONE',  ( 0.000000000000000000, 0.000000000000000000, -1.000000000000000000 ) ) ;
#2722 = DIRECTION ( 'NONE',  ( -1.000000000000000000, 0.000000000000000000, 0.000000000000000000 ) ) ;
#2723 = ORIENTED_EDGE ( 'NONE', *, *, #1872, .F. ) ;
#2724 = EDGE_CURVE ( 'NONE', #2654, #2229, #246, .T. ) ;
#2725 = FILL_AREA_STYLE_COLOUR ( '', #1962 ) ;
#2726 = DIRECTION ( 'NONE',  ( -0.000000000000000000, -0.000000000000000000, -1.000000000000000000 ) ) ;
#2727 = AXIS2_PLACEMENT_3D ( 'NONE', #81, #2316, #1250 ) ;
#2728 = LINE ( 'NONE', #1889, #1467 ) ;
#2729 = ORIENTED_EDGE ( 'NONE', *, *, #1358, .T. ) ;
#2730 = AXIS2_PLACEMENT_3D ( 'NONE', #1245, #2100, #1405 ) ;
#2731 = CARTESIAN_POINT ( 'NONE',  ( -79.00000000000005684, -16.40000000000033253, 14.00000000000000000 ) ) ;
#2732 = EDGE_CURVE ( 'NONE', #1659, #1876, #1965, .T. ) ;
#2733 = ORIENTED_EDGE ( 'NONE', *, *, #2128, .T. ) ;
#2734 = VECTOR ( 'NONE', #2124, 1000.000000000000000 ) ;
#2735 = ORIENTED_EDGE ( 'NONE', *, *, #2348, .F. ) ;
#2736 = DIRECTION ( 'NONE',  ( 1.000000000000000000, 0.000000000000000000, 0.000000000000000000 ) ) ;
#2737 = EDGE_CURVE ( 'NONE', #77, #1520, #2592, .T. ) ;
#2738 = ORIENTED_EDGE ( 'NONE', *, *, #460, .T. ) ;
#2739 = DIRECTION ( 'NONE',  ( -1.000000000000000000, 0.000000000000000000, 0.000000000000000000 ) ) ;
#2740 = CARTESIAN_POINT ( 'NONE',  ( -109.1212692998233678, 59.69104966961863568, 10.00000000000000000 ) ) ;
#2741 = FACE_OUTER_BOUND ( 'NONE', #1477, .T. ) ;
#2742 = DIRECTION ( 'NONE',  ( -0.05233595624294395260, 0.000000000000000000, -0.9986295347545739443 ) ) ;
#2743 = CARTESIAN_POINT ( 'NONE',  ( -39.40983005625054147, -45.00000000000000000, 10.00000000000000000 ) ) ;
#2744 = ORIENTED_EDGE ( 'NONE', *, *, #1782, .F. ) ;
#2745 = ADVANCED_FACE ( 'NONE', ( #1902 ), #2169, .F. ) ;
#2746 = CARTESIAN_POINT ( 'NONE',  ( -4.971740706234845622E-14, -255.2397666749610039, 14.00000000000000000 ) ) ;
#2747 = ORIENTED_EDGE ( 'NONE', *, *, #1668, .F. ) ;
#2748 = ORIENTED_EDGE ( 'NONE', *, *, #131, .T. ) ;
#2749 = CARTESIAN_POINT ( 'NONE',  ( -112.1212692998233820, 51.08187337763378366, 10.00000000000000000 ) ) ;
#2750 = DIRECTION ( 'NONE',  ( -1.000000000000000000, 0.000000000000000000, 0.000000000000000000 ) ) ;
#2751 = VECTOR ( 'NONE', #2307, 1000.000000000000000 ) ;
#2752 = FACE_OUTER_BOUND ( 'NONE', #1716, .T. ) ;
#2753 = VECTOR ( 'NONE', #1085, 1000.000000000000000 ) ;
#2754 = ORIENTED_EDGE ( 'NONE', *, *, #1498, .T. ) ;
#2755 = CIRCLE ( 'NONE', #2622, 5.000000000000000888 ) ;
#2756 = PLANE ( 'NONE',  #358 ) ;
#2757 = DIRECTION ( 'NONE',  ( 0.000000000000000000, 1.000000000000000000, -0.000000000000000000 ) ) ;
#2758 = AXIS2_PLACEMENT_3D ( 'NONE', #516, #324, #2464 ) ;
#2759 = ORIENTED_EDGE ( 'NONE', *, *, #2280, .T. ) ;
#2760 = CARTESIAN_POINT ( 'NONE',  ( 27.00000000000000000, 85.00000000000000000, 10.00000000000000000 ) ) ;
#2761 = AXIS2_PLACEMENT_3D ( 'NONE', #466, #2151, #1757 ) ;
#2762 = EDGE_CURVE ( 'NONE', #259, #2413, #2325, .T. ) ;
#2763 = ORIENTED_EDGE ( 'NONE', *, *, #216, .F. ) ;
#2764 = VERTEX_POINT ( 'NONE', #854 ) ;
#2765 = LINE ( 'NONE', #36, #1505 ) ;
#2766 = CARTESIAN_POINT ( 'NONE',  ( -63.70708661417304342, 0.000000000000000000, 14.00000000000000000 ) ) ;
#2767 = EDGE_CURVE ( 'NONE', #957, #1895, #1690, .T. ) ;
#2768 = CARTESIAN_POINT ( 'NONE',  ( -112.1212692998233820, 0.000000000000000000, 10.00000000000000000 ) ) ;
#2769 = CARTESIAN_POINT ( 'NONE',  ( 8.518024169494269511E-15, -102.3091986265623206, 10.00000000000000000 ) ) ;
#2770 = AXIS2_PLACEMENT_3D ( 'NONE', #139, #1885, #1628 ) ;
#2771 = DIRECTION ( 'NONE',  ( -0.000000000000000000, -0.000000000000000000, 1.000000000000000000 ) ) ;
#2772 = CIRCLE ( 'NONE', #851, 4.475922207169586997 ) ;
#2773 = DIRECTION ( 'NONE',  ( 1.000000000000000000, -2.668805347656626062E-17, 0.000000000000000000 ) ) ;
#2774 = ADVANCED_FACE ( 'NONE', ( #184 ), #2756, .F. ) ;
#2775 = ADVANCED_FACE ( 'NONE', ( #2381, #431 ), #2577, .F. ) ;
#2776 = LINE ( 'NONE', #1272, #1721 ) ;
#2777 = ORIENTED_EDGE ( 'NONE', *, *, #2637, .F. ) ;
#2778 = DIRECTION ( 'NONE',  ( -0.000000000000000000, -0.000000000000000000, -1.000000000000000000 ) ) ;
#2779 = EDGE_LOOP ( 'NONE', ( #899, #1755, #1313, #2233 ) ) ;
#2780 = ORIENTED_EDGE ( 'NONE', *, *, #1746, .T. ) ;
#2781 = DIRECTION ( 'NONE',  ( -1.000000000000000000, 2.668805347656626062E-17, 0.000000000000000000 ) ) ;
#2782 = DIRECTION ( 'NONE',  ( -0.05233595624294395260, -6.409306129323724811E-18, -0.9986295347545739443 ) ) ;
#2783 = CARTESIAN_POINT ( 'NONE',  ( 3.469446951953614189E-15, -255.2397666749597818, 10.00000000000000000 ) ) ;
#2784 = EDGE_CURVE ( 'NONE', #2426, #2593, #991, .T. ) ;
#2785 = FACE_OUTER_BOUND ( 'NONE', #333, .T. ) ;
#2786 = DIRECTION ( 'NONE',  ( -0.000000000000000000, -0.000000000000000000, -1.000000000000000000 ) ) ;
ENDSEC;
END-ISO-10303-21;
