ISO-10303-21;
HEADER;
FILE_DESCRIPTION (( 'STEP AP214' ),
    '1' );
FILE_NAME ('Battery holder.STEP',
    '2026-06-11T14:55:04',
    ( '' ),
    ( '' ),
    'SwSTEP 2.0',
    'SolidWorks 2025',
    '' );
FILE_SCHEMA (( 'AUTOMOTIVE_DESIGN' ));
ENDSEC;

DATA;
#1 = ORIENTED_EDGE ( 'NONE', *, *, #1895, .F. ) ;
#2 = DIRECTION ( 'NONE',  ( 0.000000000000000000, -0.9451725838742016661, 0.3265712582156689026 ) ) ;
#3 = DIRECTION ( 'NONE',  ( 1.000000000000000000, -0.000000000000000000, -0.000000000000000000 ) ) ;
#4 = ORIENTED_EDGE ( 'NONE', *, *, #2094, .T. ) ;
#5 = PLANE ( 'NONE',  #764 ) ;
#6 = ORIENTED_EDGE ( 'NONE', *, *, #91, .F. ) ;
#7 = VERTEX_POINT ( 'NONE', #3443 ) ;
#8 = DIRECTION ( 'NONE',  ( 0.000000000000000000, 0.000000000000000000, -1.000000000000000000 ) ) ;
#9 = CARTESIAN_POINT ( 'NONE',  ( 13.25000000000000533, 16.94824980181295260, 33.02811064255924833 ) ) ;
#10 = AXIS2_PLACEMENT_3D ( 'NONE', #1787, #1510, #685 ) ;
#11 = DIRECTION ( 'NONE',  ( 1.000000000000000000, 0.000000000000000000, 0.000000000000000000 ) ) ;
#12 = EDGE_CURVE ( 'NONE', #1349, #1752, #249, .T. ) ;
#13 = LINE ( 'NONE', #245, #3192 ) ;
#14 = EDGE_CURVE ( 'NONE', #2361, #769, #2788, .T. ) ;
#15 = DIRECTION ( 'NONE',  ( 0.4226182617407038822, 0.9063077870366479383, -0.000000000000000000 ) ) ;
#16 = VERTEX_POINT ( 'NONE', #1075 ) ;
#17 = CARTESIAN_POINT ( 'NONE',  ( 16.25000000000000355, 16.29510728538161501, 85.13776547481083412 ) ) ;
#18 = VECTOR ( 'NONE', #3174, 1000.000000000000114 ) ;
#19 = ORIENTED_EDGE ( 'NONE', *, *, #2690, .F. ) ;
#20 = FACE_OUTER_BOUND ( 'NONE', #3483, .T. ) ;
#21 = ADVANCED_FACE ( 'NONE', ( #2976 ), #2136, .F. ) ;
#22 = DIRECTION ( 'NONE',  ( 0.000000000000000000, 1.000000000000000000, 0.000000000000000000 ) ) ;
#23 = ORIENTED_EDGE ( 'NONE', *, *, #1909, .F. ) ;
#24 = AXIS2_PLACEMENT_3D ( 'NONE', #1908, #842, #2176 ) ;
#25 = DIRECTION ( 'NONE',  ( 0.000000000000000000, 0.3385147713061296137, -0.9409610776262526954 ) ) ;
#26 = ADVANCED_FACE ( 'NONE', ( #2099 ), #805, .F. ) ;
#27 = VECTOR ( 'NONE', #2680, 1000.000000000000000 ) ;
#28 = ORIENTED_EDGE ( 'NONE', *, *, #2854, .T. ) ;
#29 = ORIENTED_EDGE ( 'NONE', *, *, #2539, .F. ) ;
#30 = LINE ( 'NONE', #1100, #3401 ) ;
#31 = VECTOR ( 'NONE', #3336, 1000.000000000000000 ) ;
#32 = EDGE_CURVE ( 'NONE', #2297, #3134, #1113, .T. ) ;
#33 = AXIS2_PLACEMENT_3D ( 'NONE', #2281, #76, #3091 ) ;
#34 = DIRECTION ( 'NONE',  ( 0.000000000000000000, 0.000000000000000000, 1.000000000000000000 ) ) ;
#35 = EDGE_CURVE ( 'NONE', #2391, #2290, #1382, .T. ) ;
#36 = CARTESIAN_POINT ( 'NONE',  ( -13.24999999999999645, -31.25000000000000000, 0.000000000000000000 ) ) ;
#37 = DIRECTION ( 'NONE',  ( 0.000000000000000000, 0.9409610776262525844, 0.3385147713061297248 ) ) ;
#38 = ORIENTED_EDGE ( 'NONE', *, *, #1089, .F. ) ;
#39 = CARTESIAN_POINT ( 'NONE',  ( 16.25000000000000355, -16.94824980181295260, 87.02811064255922702 ) ) ;
#40 = DIRECTION ( 'NONE',  ( 0.000000000000000000, -0.9451725838742016661, 0.3265712582156689026 ) ) ;
#41 = DIRECTION ( 'NONE',  ( 0.000000000000000000, 0.000000000000000000, 1.000000000000000000 ) ) ;
#42 = LINE ( 'NONE', #305, #2318 ) ;
#43 = APPLICATION_CONTEXT ( 'automotive_design' ) ;
#44 = ORIENTED_EDGE ( 'NONE', *, *, #2180, .T. ) ;
#45 = ADVANCED_FACE ( 'NONE', ( #2779 ), #2506, .F. ) ;
#46 = CYLINDRICAL_SURFACE ( 'NONE', #2449, 1.999999999999998224 ) ;
#47 = ORIENTED_EDGE ( 'NONE', *, *, #3070, .F. ) ;
#48 = ORIENTED_EDGE ( 'NONE', *, *, #2747, .T. ) ;
#49 = CARTESIAN_POINT ( 'NONE',  ( 16.25000000000000355, 0.000000000000000000, 76.99999999999998579 ) ) ;
#50 = CARTESIAN_POINT ( 'NONE',  ( 16.25000000000000355, 0.000000000000000000, 85.99999999999998579 ) ) ;
#51 = DIRECTION ( 'NONE',  ( 0.000000000000000000, -0.9451725838742016661, -0.3265712582156690136 ) ) ;
#52 = EDGE_CURVE ( 'NONE', #2997, #2128, #1179, .T. ) ;
#53 = DIRECTION ( 'NONE',  ( 0.000000000000000000, 0.000000000000000000, 1.000000000000000000 ) ) ;
#54 = ORIENTED_EDGE ( 'NONE', *, *, #2855, .F. ) ;
#55 = FACE_OUTER_BOUND ( 'NONE', #705, .T. ) ;
#56 = CARTESIAN_POINT ( 'NONE',  ( 11.25000000000000355, 0.000000000000000000, 31.99999999999999289 ) ) ;
#57 = LINE ( 'NONE', #927, #1831 ) ;
#58 = DIRECTION ( 'NONE',  ( 1.000000000000000000, -0.000000000000000000, -0.000000000000000000 ) ) ;
#59 = ORIENTED_EDGE ( 'NONE', *, *, #651, .F. ) ;
#60 = CARTESIAN_POINT ( 'NONE',  ( 11.25000000000000355, -17.60139231824429373, 52.91845581030764123 ) ) ;
#61 = ADVANCED_FACE ( 'NONE', ( #1960 ), #2761, .F. ) ;
#62 = EDGE_LOOP ( 'NONE', ( #795, #1405, #1263, #2305 ) ) ;
#63 = ORIENTED_EDGE ( 'NONE', *, *, #299, .T. ) ;
#64 = LINE ( 'NONE', #1603, #824 ) ;
#65 = LINE ( 'NONE', #1864, #436 ) ;
#66 = VECTOR ( 'NONE', #458, 1000.000000000000000 ) ;
#67 = LINE ( 'NONE', #3282, #2968 ) ;
#68 = DIRECTION ( 'NONE',  ( 0.000000000000000000, 0.000000000000000000, 1.000000000000000000 ) ) ;
#69 = ORIENTED_EDGE ( 'NONE', *, *, #1185, .F. ) ;
#70 = LINE ( 'NONE', #855, #2684 ) ;
#71 = CARTESIAN_POINT ( 'NONE',  ( 11.25000000000000355, 16.94824980181295260, 69.02811064255924123 ) ) ;
#72 = CARTESIAN_POINT ( 'NONE',  ( 11.25000000000000355, 0.000000000000000000, 27.99999999999999645 ) ) ;
#73 = CYLINDRICAL_SURFACE ( 'NONE', #2092, 2.000000000000001776 ) ;
#74 = VERTEX_POINT ( 'NONE', #1994 ) ;
#75 = DIRECTION ( 'NONE',  ( 0.000000000000000000, 0.000000000000000000, 1.000000000000000000 ) ) ;
#76 = DIRECTION ( 'NONE',  ( -1.000000000000000000, 0.000000000000000000, 0.000000000000000000 ) ) ;
#77 = AXIS2_PLACEMENT_3D ( 'NONE', #1721, #401, #1164 ) ;
#78 = VERTEX_POINT ( 'NONE', #666 ) ;
#79 = PLANE ( 'NONE',  #187 ) ;
#80 = VECTOR ( 'NONE', #2762, 1000.000000000000000 ) ;
#81 = ORIENTED_EDGE ( 'NONE', *, *, #2814, .F. ) ;
#82 = LINE ( 'NONE', #2240, #2681 ) ;
#83 = ADVANCED_FACE ( 'NONE', ( #2457 ), #1416, .F. ) ;
#84 = VECTOR ( 'NONE', #339, 1000.000000000000000 ) ;
#85 = DIRECTION ( 'NONE',  ( 0.000000000000000000, -0.9451725838742016661, -0.3265712582156689026 ) ) ;
#86 = ORIENTED_EDGE ( 'NONE', *, *, #32, .F. ) ;
#87 = DIRECTION ( 'NONE',  ( 0.000000000000000000, 0.000000000000000000, 1.000000000000000000 ) ) ;
#88 = CARTESIAN_POINT ( 'NONE',  ( 11.25000000000000355, -16.94824980181295260, 87.02811064255922702 ) ) ;
#89 = AXIS2_PLACEMENT_3D ( 'NONE', #172, #2895, #2608 ) ;
#90 = CARTESIAN_POINT ( 'NONE',  ( 13.25000000000000533, 31.25000000000000000, 100.0000000000000000 ) ) ;
#91 = EDGE_CURVE ( 'NONE', #3119, #2943, #2954, .T. ) ;
#92 = LINE ( 'NONE', #1945, #351 ) ;
#93 = VECTOR ( 'NONE', #251, 1000.000000000000114 ) ;
#94 = ORIENTED_EDGE ( 'NONE', *, *, #1793, .F. ) ;
#95 = CARTESIAN_POINT ( 'NONE',  ( 16.25000000000000355, 16.29510728538161501, 22.13776547481084833 ) ) ;
#96 = CARTESIAN_POINT ( 'NONE',  ( 16.25000000000000355, -16.29510728538161501, 13.13776547481085011 ) ) ;
#97 = ORIENTED_EDGE ( 'NONE', *, *, #1892, .F. ) ;
#98 = CARTESIAN_POINT ( 'NONE',  ( 13.25000000000000533, 17.60139231824429018, 79.91845581030763412 ) ) ;
#99 = ORIENTED_EDGE ( 'NONE', *, *, #148, .T. ) ;
#100 = ORIENTED_EDGE ( 'NONE', *, *, #2784, .T. ) ;
#101 = CARTESIAN_POINT ( 'NONE',  ( 11.25000000000000355, -16.29510728538161501, 13.13776547481085011 ) ) ;
#102 = FACE_OUTER_BOUND ( 'NONE', #1188, .T. ) ;
#103 = ORIENTED_EDGE ( 'NONE', *, *, #2164, .T. ) ;
#104 = EDGE_CURVE ( 'NONE', #1861, #2490, #3082, .T. ) ;
#105 = EDGE_CURVE ( 'NONE', #709, #2920, #340, .T. ) ;
#106 = CARTESIAN_POINT ( 'NONE',  ( -23.75577422178334785, -7.500000000000002665, 0.000000000000000000 ) ) ;
#107 = DIRECTION ( 'NONE',  ( -0.000000000000000000, -0.000000000000000000, -1.000000000000000000 ) ) ;
#108 = LINE ( 'NONE', #3341, #2547 ) ;
#109 = ORIENTED_EDGE ( 'NONE', *, *, #1196, .T. ) ;
#110 = CARTESIAN_POINT ( 'NONE',  ( 13.25000000000000533, 16.94824980181295260, 24.02811064255925189 ) ) ;
#111 = CARTESIAN_POINT ( 'NONE',  ( -16.24999999999999289, -31.25000000000000000, 100.0000000000000000 ) ) ;
#112 = ORIENTED_EDGE ( 'NONE', *, *, #322, .F. ) ;
#113 = CARTESIAN_POINT ( 'NONE',  ( 13.25000000000000533, 16.94824980181295260, 49.02811064255924123 ) ) ;
#114 = VERTEX_POINT ( 'NONE', #1942 ) ;
#115 = CARTESIAN_POINT ( 'NONE',  ( 16.25000000000000355, -16.94824980181295260, 13.02811064255925366 ) ) ;
#116 =( NAMED_UNIT ( * ) PLANE_ANGLE_UNIT ( ) SI_UNIT ( $, .RADIAN. ) );
#117 = ADVANCED_FACE ( 'NONE', ( #2485 ), #1454, .F. ) ;
#118 = DIRECTION ( 'NONE',  ( 1.000000000000000000, -0.000000000000000000, -0.000000000000000000 ) ) ;
#119 = CARTESIAN_POINT ( 'NONE',  ( 11.25000000000000355, 16.29510728538161501, 22.13776547481084833 ) ) ;
#120 = VECTOR ( 'NONE', #3112, 1000.000000000000000 ) ;
#121 = DIRECTION ( 'NONE',  ( 0.000000000000000000, 0.9409610776262529175, 0.3385147713061290031 ) ) ;
#122 = ORIENTED_EDGE ( 'NONE', *, *, #1032, .F. ) ;
#123 = ORIENTED_EDGE ( 'NONE', *, *, #2377, .T. ) ;
#124 = AXIS2_PLACEMENT_3D ( 'NONE', #1253, #441, #1226 ) ;
#125 = ORIENTED_EDGE ( 'NONE', *, *, #2387, .F. ) ;
#126 = DIRECTION ( 'NONE',  ( 1.000000000000000000, -0.000000000000000000, -0.000000000000000000 ) ) ;
#127 = LINE ( 'NONE', #1477, #2509 ) ;
#128 = ADVANCED_FACE ( 'NONE', ( #2472 ), #302, .T. ) ;
#129 = EDGE_LOOP ( 'NONE', ( #376, #2551, #1025, #1177, #2239, #1548, #2862, #1259 ) ) ;
#130 = AXIS2_PLACEMENT_3D ( 'NONE', #71, #629, #1700 ) ;
#131 = DIRECTION ( 'NONE',  ( 0.000000000000000000, 0.000000000000000000, -1.000000000000000000 ) ) ;
#132 = VECTOR ( 'NONE', #2532, 1000.000000000000000 ) ;
#133 = ORIENTED_EDGE ( 'NONE', *, *, #2768, .T. ) ;
#134 = AXIS2_PLACEMENT_3D ( 'NONE', #2280, #634, #3104 ) ;
#135 = CARTESIAN_POINT ( 'NONE',  ( -16.24999999999999289, 3.999999999999998224, 0.000000000000000000 ) ) ;
#136 = DIRECTION ( 'NONE',  ( 0.000000000000000000, 0.000000000000000000, 1.000000000000000000 ) ) ;
#137 = CIRCLE ( 'NONE', #2618, 2.000000000000001776 ) ;
#138 = DIRECTION ( 'NONE',  ( 0.000000000000000000, 0.000000000000000000, 1.000000000000000000 ) ) ;
#139 = DIRECTION ( 'NONE',  ( -0.000000000000000000, -0.000000000000000000, -1.000000000000000000 ) ) ;
#140 = VECTOR ( 'NONE', #2133, 1000.000000000000114 ) ;
#141 = CARTESIAN_POINT ( 'NONE',  ( 11.25000000000000355, -16.94824980181295260, 42.02811064255924833 ) ) ;
#142 = ORIENTED_EDGE ( 'NONE', *, *, #105, .F. ) ;
#143 = EDGE_LOOP ( 'NONE', ( #2647, #2653, #1116, #1458 ) ) ;
#144 = CIRCLE ( 'NONE', #432, 2.000000000000001776 ) ;
#145 = VERTEX_POINT ( 'NONE', #3310 ) ;
#146 = CYLINDRICAL_SURFACE ( 'NONE', #3078, 2.000000000000001776 ) ;
#147 = CIRCLE ( 'NONE', #2461, 2.000000000000001776 ) ;
#148 = EDGE_CURVE ( 'NONE', #2953, #1855, #1822, .T. ) ;
#149 = ORIENTED_EDGE ( 'NONE', *, *, #3431, .F. ) ;
#150 = CARTESIAN_POINT ( 'NONE',  ( -13.24999999999999645, -31.25000000000000000, 100.0000000000000000 ) ) ;
#151 = EDGE_LOOP ( 'NONE', ( #3043, #2783, #1244, #1481, #2598, #1575, #3378, #2370 ) ) ;
#152 = ORIENTED_EDGE ( 'NONE', *, *, #694, .F. ) ;
#153 = ADVANCED_FACE ( 'NONE', ( #1141 ), #3272, .F. ) ;
#154 = CARTESIAN_POINT ( 'NONE',  ( 16.25000000000000355, 31.25000000000000000, 100.0000000000000000 ) ) ;
#155 = FACE_OUTER_BOUND ( 'NONE', #216, .T. ) ;
#156 = DIRECTION ( 'NONE',  ( -1.000000000000000000, 0.000000000000000000, 0.000000000000000000 ) ) ;
#157 = EDGE_CURVE ( 'NONE', #1767, #2765, #856, .T. ) ;
#158 = DIRECTION ( 'NONE',  ( 0.000000000000000000, 0.000000000000000000, -1.000000000000000000 ) ) ;
#159 = LINE ( 'NONE', #3148, #1534 ) ;
#160 = ORIENTED_EDGE ( 'NONE', *, *, #2033, .F. ) ;
#161 = VERTEX_POINT ( 'NONE', #874 ) ;
#162 = CARTESIAN_POINT ( 'NONE',  ( 16.25000000000000355, -16.29510728538161501, 40.13776547481084123 ) ) ;
#163 = EDGE_CURVE ( 'NONE', #2723, #2594, #3030, .T. ) ;
#164 = EDGE_LOOP ( 'NONE', ( #781, #1496, #2925, #723 ) ) ;
#165 = DIRECTION ( 'NONE',  ( 0.000000000000000000, -0.000000000000000000, -1.000000000000000000 ) ) ;
#166 = EDGE_CURVE ( 'NONE', #2678, #1371, #2912, .T. ) ;
#167 = EDGE_CURVE ( 'NONE', #558, #1371, #1712, .T. ) ;
#168 = EDGE_LOOP ( 'NONE', ( #813, #780, #2928, #274 ) ) ;
#169 = DIRECTION ( 'NONE',  ( 0.000000000000000000, 0.000000000000000000, 1.000000000000000000 ) ) ;
#170 = CYLINDRICAL_SURFACE ( 'NONE', #2622, 2.000000000000001776 ) ;
#171 = FACE_OUTER_BOUND ( 'NONE', #1464, .T. ) ;
#172 = CARTESIAN_POINT ( 'NONE',  ( 13.25000000000000533, 16.94824980181295260, 42.02811064255924833 ) ) ;
#173 = CARTESIAN_POINT ( 'NONE',  ( 11.25000000000000355, 16.94824980181295260, 33.02811064255924833 ) ) ;
#174 = CARTESIAN_POINT ( 'NONE',  ( 11.25000000000000355, 0.000000000000000000, 85.99999999999998579 ) ) ;
#175 = ORIENTED_EDGE ( 'NONE', *, *, #868, .F. ) ;
#176 = VERTEX_POINT ( 'NONE', #2355 ) ;
#177 = FACE_OUTER_BOUND ( 'NONE', #1157, .T. ) ;
#178 = AXIS2_PLACEMENT_3D ( 'NONE', #2440, #22, #2177 ) ;
#179 = VECTOR ( 'NONE', #1919, 1000.000000000000114 ) ;
#180 = ORIENTED_EDGE ( 'NONE', *, *, #2981, .T. ) ;
#181 = CARTESIAN_POINT ( 'NONE',  ( 13.25000000000000533, 16.29510728538161501, 4.137765474810851885 ) ) ;
#182 = ORIENTED_EDGE ( 'NONE', *, *, #2132, .F. ) ;
#183 = VECTOR ( 'NONE', #1585, 1000.000000000000000 ) ;
#184 = EDGE_LOOP ( 'NONE', ( #175, #3395, #2959, #3263 ) ) ;
#185 = CARTESIAN_POINT ( 'NONE',  ( 16.25000000000000355, -16.94824980181295260, 6.028110642559255439 ) ) ;
#186 = LINE ( 'NONE', #1465, #883 ) ;
#187 = AXIS2_PLACEMENT_3D ( 'NONE', #3107, #2495, #918 ) ;
#188 = DIRECTION ( 'NONE',  ( 1.000000000000000000, 0.000000000000000000, 0.000000000000000000 ) ) ;
#189 = EDGE_CURVE ( 'NONE', #3246, #1442, #2893, .T. ) ;
#190 = VECTOR ( 'NONE', #1388, 1000.000000000000000 ) ;
#191 = EDGE_CURVE ( 'NONE', #2729, #3134, #2930, .T. ) ;
#192 = DIRECTION ( 'NONE',  ( 0.000000000000000000, -0.9451725838742015551, -0.3265712582156691801 ) ) ;
#193 = AXIS2_PLACEMENT_3D ( 'NONE', #3128, #714, #1086 ) ;
#194 = CARTESIAN_POINT ( 'NONE',  ( 16.25000000000000355, 0.000000000000000000, 14.00000000000000000 ) ) ;
#195 = VECTOR ( 'NONE', #2604, 1000.000000000000000 ) ;
#196 = VERTEX_POINT ( 'NONE', #471 ) ;
#197 = ORIENTED_EDGE ( 'NONE', *, *, #2563, .T. ) ;
#198 = ADVANCED_FACE ( 'NONE', ( #1470 ), #2662, .F. ) ;
#199 = VECTOR ( 'NONE', #2077, 1000.000000000000114 ) ;
#200 = CARTESIAN_POINT ( 'NONE',  ( 11.25000000000000355, 17.60139231824429018, 79.91845581030763412 ) ) ;
#201 = CIRCLE ( 'NONE', #942, 2.000000000000001776 ) ;
#202 = ORIENTED_EDGE ( 'NONE', *, *, #3399, .F. ) ;
#203 = DIRECTION ( 'NONE',  ( 0.000000000000000000, -0.3265712582156689581, 0.9451725838742017771 ) ) ;
#204 = CIRCLE ( 'NONE', #1063, 2.000000000000001776 ) ;
#205 = EDGE_CURVE ( 'NONE', #1768, #1061, #454, .T. ) ;
#206 = VERTEX_POINT ( 'NONE', #2129 ) ;
#207 = ORIENTED_EDGE ( 'NONE', *, *, #451, .F. ) ;
#208 = CARTESIAN_POINT ( 'NONE',  ( 11.25000000000000355, 16.94824980181295260, 4.028110642559255439 ) ) ;
#209 = CARTESIAN_POINT ( 'NONE',  ( 11.25000000000000355, 0.000000000000000000, 49.99999999999998579 ) ) ;
#210 = CARTESIAN_POINT ( 'NONE',  ( 11.25000000000000355, 16.94824980181295260, 78.02811064255924123 ) ) ;
#211 = DIRECTION ( 'NONE',  ( 0.000000000000000000, -0.9409610776262525844, 0.3385147713061297248 ) ) ;
#212 = EDGE_CURVE ( 'NONE', #903, #2983, #1829, .T. ) ;
#213 = ADVANCED_FACE ( 'NONE', ( #1304 ), #2878, .F. ) ;
#214 = DIRECTION ( 'NONE',  ( -1.000000000000000000, 0.000000000000000000, 0.000000000000000000 ) ) ;
#215 = ORIENTED_EDGE ( 'NONE', *, *, #1344, .F. ) ;
#216 = EDGE_LOOP ( 'NONE', ( #2689, #1651, #3204, #788 ) ) ;
#217 = VERTEX_POINT ( 'NONE', #782 ) ;
#218 = DIRECTION ( 'NONE',  ( -1.000000000000000000, 0.000000000000000000, 0.000000000000000000 ) ) ;
#219 = FACE_BOUND ( 'NONE', #1543, .T. ) ;
#220 = DIRECTION ( 'NONE',  ( 0.000000000000000000, 0.000000000000000000, 1.000000000000000000 ) ) ;
#221 = ORIENTED_EDGE ( 'NONE', *, *, #607, .F. ) ;
#222 = CARTESIAN_POINT ( 'NONE',  ( -1.249999999999994227, 43.25000000000000000, 100.0000000000000000 ) ) ;
#223 = ORIENTED_EDGE ( 'NONE', *, *, #1516, .F. ) ;
#224 = ORIENTED_EDGE ( 'NONE', *, *, #2927, .T. ) ;
#225 = CARTESIAN_POINT ( 'NONE',  ( -1.249999999999994227, 43.25000000000000000, 0.000000000000000000 ) ) ;
#226 = DIRECTION ( 'NONE',  ( 0.000000000000000000, -0.9409610776262526954, 0.3385147713061296137 ) ) ;
#227 = DIRECTION ( 'NONE',  ( 1.000000000000000000, 0.000000000000000000, -0.000000000000000000 ) ) ;
#228 = CARTESIAN_POINT ( 'NONE',  ( 16.25000000000000355, -17.60139231824429373, 52.91845581030764123 ) ) ;
#229 = EDGE_CURVE ( 'NONE', #114, #844, #493, .T. ) ;
#230 = LINE ( 'NONE', #194, #2036 ) ;
#231 = ORIENTED_EDGE ( 'NONE', *, *, #3023, .F. ) ;
#232 = ORIENTED_EDGE ( 'NONE', *, *, #1043, .T. ) ;
#233 = CARTESIAN_POINT ( 'NONE',  ( 16.25000000000000355, 16.94824980181295260, 31.02811064255924478 ) ) ;
#234 = CARTESIAN_POINT ( 'NONE',  ( -1.249999999999996891, -46.25000000000000000, 100.0000000000000000 ) ) ;
#235 = AXIS2_PLACEMENT_3D ( 'NONE', #1866, #2134, #1347 ) ;
#236 = ORIENTED_EDGE ( 'NONE', *, *, #1196, .F. ) ;
#237 = EDGE_CURVE ( 'NONE', #2401, #290, #1323, .T. ) ;
#238 = CARTESIAN_POINT ( 'NONE',  ( 11.25000000000000355, 0.000000000000000000, 90.99999999999997158 ) ) ;
#239 = EDGE_LOOP ( 'NONE', ( #6, #223, #2285, #2410, #2199, #142, #1689, #2204 ) ) ;
#240 = ORIENTED_EDGE ( 'NONE', *, *, #347, .F. ) ;
#241 = DIRECTION ( 'NONE',  ( 0.9063077870366477162, 0.4226182617407040487, 0.000000000000000000 ) ) ;
#242 = DIRECTION ( 'NONE',  ( 0.000000000000000000, -0.3385147713061297803, -0.9409610776262526954 ) ) ;
#243 = LINE ( 'NONE', #1521, #1446 ) ;
#244 = AXIS2_PLACEMENT_3D ( 'NONE', #1480, #2907, #1042 ) ;
#245 = CARTESIAN_POINT ( 'NONE',  ( -23.75577422178335141, 7.499999999999998224, 0.000000000000000000 ) ) ;
#246 = DIRECTION ( 'NONE',  ( 0.000000000000000000, 0.9409610776262525844, -0.3385147713061297248 ) ) ;
#247 = ORIENTED_EDGE ( 'NONE', *, *, #2766, .T. ) ;
#248 = AXIS2_PLACEMENT_3D ( 'NONE', #1459, #1214, #3037 ) ;
#249 = LINE ( 'NONE', #284, #468 ) ;
#250 = CARTESIAN_POINT ( 'NONE',  ( 1.250000000000004663, -31.25000000000000000, 100.0000000000000000 ) ) ;
#251 = DIRECTION ( 'NONE',  ( 0.000000000000000000, 0.9451725838742016661, -0.3265712582156690136 ) ) ;
#252 = CIRCLE ( 'NONE', #2053, 2.000000000000001776 ) ;
#253 = ORIENTED_EDGE ( 'NONE', *, *, #2022, .F. ) ;
#254 = LINE ( 'NONE', #2730, #190 ) ;
#255 = EDGE_CURVE ( 'NONE', #2510, #1209, #3438, .T. ) ;
#256 = AXIS2_PLACEMENT_3D ( 'NONE', #2682, #2913, #1084 ) ;
#257 = EDGE_CURVE ( 'NONE', #1519, #903, #3473, .T. ) ;
#258 = EDGE_CURVE ( 'NONE', #416, #3371, #2076, .T. ) ;
#259 = EDGE_LOOP ( 'NONE', ( #3485, #3254, #3308, #777 ) ) ;
#260 = EDGE_LOOP ( 'NONE', ( #1311, #2411, #1773, #732 ) ) ;
#261 = AXIS2_PLACEMENT_3D ( 'NONE', #3357, #87, #1178 ) ;
#262 = CARTESIAN_POINT ( 'NONE',  ( 11.25000000000000355, 0.000000000000000000, 45.99999999999999289 ) ) ;
#263 = FACE_OUTER_BOUND ( 'NONE', #1423, .T. ) ;
#264 = AXIS2_PLACEMENT_3D ( 'NONE', #2123, #2406, #3446 ) ;
#265 = DIRECTION ( 'NONE',  ( 0.000000000000000000, -0.9409610776262525844, 0.3385147713061297248 ) ) ;
#266 = DIRECTION ( 'NONE',  ( 0.000000000000000000, 0.000000000000000000, -1.000000000000000000 ) ) ;
#267 = FACE_OUTER_BOUND ( 'NONE', #508, .T. ) ;
#268 = ORIENTED_EDGE ( 'NONE', *, *, #1411, .T. ) ;
#269 = CARTESIAN_POINT ( 'NONE',  ( 11.25000000000000355, 0.000000000000000000, 31.99999999999999289 ) ) ;
#270 = FACE_BOUND ( 'NONE', #2304, .T. ) ;
#271 = CARTESIAN_POINT ( 'NONE',  ( 13.25000000000000533, 16.29510728538161501, 31.13776547481084123 ) ) ;
#272 = ORIENTED_EDGE ( 'NONE', *, *, #2784, .F. ) ;
#273 = PLANE ( 'NONE',  #1936 ) ;
#274 = ORIENTED_EDGE ( 'NONE', *, *, #2718, .F. ) ;
#275 = ORIENTED_EDGE ( 'NONE', *, *, #1962, .F. ) ;
#276 = CARTESIAN_POINT ( 'NONE',  ( 11.25000000000000355, -16.29510728538161501, 49.13776547481083412 ) ) ;
#277 = EDGE_CURVE ( 'NONE', #145, #1624, #1570, .T. ) ;
#278 = CARTESIAN_POINT ( 'NONE',  ( 16.25000000000000355, 16.29510728538161501, 67.13776547481084833 ) ) ;
#279 = LINE ( 'NONE', #1627, #3419 ) ;
#280 = CARTESIAN_POINT ( 'NONE',  ( 16.25000000000000355, -17.60139231824429729, 79.91845581030763412 ) ) ;
#281 = DIRECTION ( 'NONE',  ( -1.000000000000000000, 0.000000000000000000, 0.000000000000000000 ) ) ;
#282 = ORIENTED_EDGE ( 'NONE', *, *, #3369, .F. ) ;
#283 = DIRECTION ( 'NONE',  ( 1.000000000000000000, -0.000000000000000000, -0.000000000000000000 ) ) ;
#284 = CARTESIAN_POINT ( 'NONE',  ( 11.25000000000000355, 0.000000000000000000, 49.99999999999998579 ) ) ;
#285 = DIRECTION ( 'NONE',  ( 1.000000000000000000, 0.000000000000000000, 0.000000000000000000 ) ) ;
#286 = DIRECTION ( 'NONE',  ( 0.000000000000000000, 0.000000000000000000, 1.000000000000000000 ) ) ;
#287 = EDGE_LOOP ( 'NONE', ( #3352, #1517, #2793, #632 ) ) ;
#288 = EDGE_CURVE ( 'NONE', #2624, #1248, #2553, .T. ) ;
#289 = CARTESIAN_POINT ( 'NONE',  ( 11.25000000000000355, -16.29510728538161501, 13.13776547481085011 ) ) ;
#290 = VERTEX_POINT ( 'NONE', #797 ) ;
#291 = VERTEX_POINT ( 'NONE', #759 ) ;
#292 = CARTESIAN_POINT ( 'NONE',  ( 13.25000000000000533, 0.000000000000000000, 18.99999999999999645 ) ) ;
#293 = VECTOR ( 'NONE', #1472, 1000.000000000000000 ) ;
#294 = AXIS2_PLACEMENT_3D ( 'NONE', #695, #2307, #2257 ) ;
#295 = DIRECTION ( 'NONE',  ( -1.000000000000000000, 0.000000000000000000, 0.000000000000000000 ) ) ;
#296 = CARTESIAN_POINT ( 'NONE',  ( 11.25000000000000355, -16.94824980181295260, 4.028110642559255439 ) ) ;
#297 = DIRECTION ( 'NONE',  ( 0.000000000000000000, 0.9409610776262526954, -0.3385147713061296137 ) ) ;
#298 = EDGE_LOOP ( 'NONE', ( #3226, #1539, #1340, #3245 ) ) ;
#299 = EDGE_CURVE ( 'NONE', #3381, #1310, #3213, .T. ) ;
#300 = LINE ( 'NONE', #2456, #316 ) ;
#301 = VECTOR ( 'NONE', #378, 1000.000000000000000 ) ;
#302 = PLANE ( 'NONE',  #1428 ) ;
#303 = CARTESIAN_POINT ( 'NONE',  ( -1.249999999999994227, 46.25000000000000000, 100.0000000000000000 ) ) ;
#304 = AXIS2_PLACEMENT_3D ( 'NONE', #552, #1149, #2447 ) ;
#305 = CARTESIAN_POINT ( 'NONE',  ( -16.24999999999999289, -31.25000000000000000, 0.000000000000000000 ) ) ;
#306 = EDGE_CURVE ( 'NONE', #78, #3039, #2817, .T. ) ;
#307 = EDGE_LOOP ( 'NONE', ( #601, #2868, #1018, #1631 ) ) ;
#308 = VECTOR ( 'NONE', #3294, 1000.000000000000000 ) ;
#309 = CARTESIAN_POINT ( 'NONE',  ( 16.25000000000000355, 0.000000000000000000, 90.99999999999997158 ) ) ;
#310 = AXIS2_PLACEMENT_3D ( 'NONE', #3326, #647, #1716 ) ;
#311 = EDGE_LOOP ( 'NONE', ( #240, #1988, #2098, #2313 ) ) ;
#312 = ORIENTED_EDGE ( 'NONE', *, *, #2022, .T. ) ;
#313 = DIRECTION ( 'NONE',  ( 0.000000000000000000, 0.000000000000000000, 1.000000000000000000 ) ) ;
#314 = EDGE_CURVE ( 'NONE', #854, #2055, #2058, .T. ) ;
#315 = VECTOR ( 'NONE', #2917, 1000.000000000000114 ) ;
#316 = VECTOR ( 'NONE', #2191, 1000.000000000000227 ) ;
#317 = FACE_BOUND ( 'NONE', #2910, .T. ) ;
#318 = DIRECTION ( 'NONE',  ( -1.000000000000000000, 0.000000000000000000, 0.000000000000000000 ) ) ;
#319 = CIRCLE ( 'NONE', #261, 15.00000000000000533 ) ;
#320 = CARTESIAN_POINT ( 'NONE',  ( 13.25000000000000533, 16.94824980181295260, 76.02811064255924123 ) ) ;
#321 = ORIENTED_EDGE ( 'NONE', *, *, #921, .T. ) ;
#322 = EDGE_CURVE ( 'NONE', #3371, #3165, #850, .T. ) ;
#323 = DIRECTION ( 'NONE',  ( 0.000000000000000000, 0.000000000000000000, -1.000000000000000000 ) ) ;
#324 = CARTESIAN_POINT ( 'NONE',  ( 13.25000000000000533, -35.01654801463266153, 89.09874084226501623 ) ) ;
#325 = EDGE_CURVE ( 'NONE', #1624, #1878, #2443, .T. ) ;
#326 = CARTESIAN_POINT ( 'NONE',  ( 11.25000000000000355, -16.29510728538161501, 85.13776547481083412 ) ) ;
#327 = CARTESIAN_POINT ( 'NONE',  ( 13.25000000000000533, -17.60139231824429018, 25.91845581030765544 ) ) ;
#328 = ORIENTED_EDGE ( 'NONE', *, *, #1808, .F. ) ;
#329 = CARTESIAN_POINT ( 'NONE',  ( -16.24999999999999289, 31.25000000000000000, 0.000000000000000000 ) ) ;
#330 = UNCERTAINTY_MEASURE_WITH_UNIT (LENGTH_MEASURE( 1.000000000000000082E-05 ), #3373, 'distance_accuracy_value', 'NONE');
#331 = ORIENTED_EDGE ( 'NONE', *, *, #342, .F. ) ;
#332 = ORIENTED_EDGE ( 'NONE', *, *, #2520, .T. ) ;
#333 = LINE ( 'NONE', #262, #706 ) ;
#334 = EDGE_CURVE ( 'NONE', #1452, #2729, #1885, .T. ) ;
#335 = FACE_BOUND ( 'NONE', #2498, .T. ) ;
#336 = CARTESIAN_POINT ( 'NONE',  ( 13.25000000000000533, 16.94824980181295260, 4.028110642559255439 ) ) ;
#337 = LINE ( 'NONE', #1156, #3289 ) ;
#338 = ORIENTED_EDGE ( 'NONE', *, *, #1493, .F. ) ;
#339 = DIRECTION ( 'NONE',  ( 1.000000000000000000, -0.000000000000000000, -0.000000000000000000 ) ) ;
#340 = LINE ( 'NONE', #356, #1262 ) ;
#341 = DIRECTION ( 'NONE',  ( -0.000000000000000000, -0.9451725838742015551, 0.3265712582156691801 ) ) ;
#342 = EDGE_CURVE ( 'NONE', #1266, #827, #603, .T. ) ;
#343 = FACE_OUTER_BOUND ( 'NONE', #687, .T. ) ;
#344 = ORIENTED_EDGE ( 'NONE', *, *, #52, .F. ) ;
#345 = DIRECTION ( 'NONE',  ( -0.000000000000000000, -0.000000000000000000, -1.000000000000000000 ) ) ;
#346 = CARTESIAN_POINT ( 'NONE',  ( 13.25000000000000533, 0.000000000000000000, 81.99999999999997158 ) ) ;
#347 = EDGE_CURVE ( 'NONE', #929, #1907, #64, .T. ) ;
#348 = EDGE_LOOP ( 'NONE', ( #968, #1197, #1008, #3156 ) ) ;
#349 = DIRECTION ( 'NONE',  ( 1.000000000000000000, 0.000000000000000000, 0.000000000000000000 ) ) ;
#350 = VERTEX_POINT ( 'NONE', #49 ) ;
#351 = VECTOR ( 'NONE', #1688, 1000.000000000000000 ) ;
#352 = CARTESIAN_POINT ( 'NONE',  ( 16.25000000000000355, 16.94824980181295260, 76.02811064255924123 ) ) ;
#353 = LINE ( 'NONE', #557, #978 ) ;
#354 = EDGE_LOOP ( 'NONE', ( #2979, #1331, #2811, #2354 ) ) ;
#355 = LINE ( 'NONE', #1469, #3140 ) ;
#356 = CARTESIAN_POINT ( 'NONE',  ( 16.25000000000000355, 16.29510728538161501, 31.13776547481084478 ) ) ;
#357 = CARTESIAN_POINT ( 'NONE',  ( 16.25000000000000355, 0.000000000000000000, 40.99999999999999289 ) ) ;
#358 = CARTESIAN_POINT ( 'NONE',  ( -16.24999999999999289, 3.999999999999998224, 0.000000000000000000 ) ) ;
#359 = VERTEX_POINT ( 'NONE', #2200 ) ;
#360 = CARTESIAN_POINT ( 'NONE',  ( 11.25000000000000355, 0.000000000000000000, 31.99999999999999289 ) ) ;
#361 = DIRECTION ( 'NONE',  ( 1.000000000000000000, 0.000000000000000000, 0.000000000000000000 ) ) ;
#362 = VECTOR ( 'NONE', #489, 1000.000000000000114 ) ;
#363 = ORIENTED_EDGE ( 'NONE', *, *, #255, .F. ) ;
#364 = CARTESIAN_POINT ( 'NONE',  ( -1.249999999999994227, 31.25000000000000000, 0.000000000000000000 ) ) ;
#365 = ADVANCED_FACE ( 'NONE', ( #2716 ), #1678, .F. ) ;
#366 = EDGE_CURVE ( 'NONE', #1303, #399, #528, .T. ) ;
#367 = VECTOR ( 'NONE', #1228, 1000.000000000000000 ) ;
#368 = AXIS2_PLACEMENT_3D ( 'NONE', #2413, #313, #3487 ) ;
#369 = EDGE_CURVE ( 'NONE', #3246, #1391, #1373, .T. ) ;
#370 = ORIENTED_EDGE ( 'NONE', *, *, #1793, .T. ) ;
#371 = ORIENTED_EDGE ( 'NONE', *, *, #2790, .T. ) ;
#372 = AXIS2_PLACEMENT_3D ( 'NONE', #2521, #922, #51 ) ;
#373 = CARTESIAN_POINT ( 'NONE',  ( 11.25000000000000355, -16.94824980181295260, 76.02811064255924123 ) ) ;
#374 = VECTOR ( 'NONE', #1399, 1000.000000000000000 ) ;
#375 = DIRECTION ( 'NONE',  ( 0.000000000000000000, 0.000000000000000000, -1.000000000000000000 ) ) ;
#376 = ORIENTED_EDGE ( 'NONE', *, *, #2331, .F. ) ;
#377 = SURFACE_STYLE_FILL_AREA ( #2259 ) ;
#378 = DIRECTION ( 'NONE',  ( -1.000000000000000000, -0.000000000000000000, -0.000000000000000000 ) ) ;
#379 = VECTOR ( 'NONE', #2717, 1000.000000000000114 ) ;
#380 = CARTESIAN_POINT ( 'NONE',  ( 16.25000000000000355, -16.94824980181295260, 42.02811064255924833 ) ) ;
#381 = CARTESIAN_POINT ( 'NONE',  ( 13.25000000000000533, -16.94824980181295260, 87.02811064255922702 ) ) ;
#382 = EDGE_LOOP ( 'NONE', ( #1066, #2596, #180, #2362 ) ) ;
#383 = CARTESIAN_POINT ( 'NONE',  ( 11.25000000000000355, 16.29510728538161146, 58.13776547481083412 ) ) ;
#384 = FACE_OUTER_BOUND ( 'NONE', #260, .T. ) ;
#385 = ORIENTED_EDGE ( 'NONE', *, *, #736, .F. ) ;
#386 = DIRECTION ( 'NONE',  ( -0.000000000000000000, -1.000000000000000000, -0.000000000000000000 ) ) ;
#387 = EDGE_CURVE ( 'NONE', #1430, #2750, #3279, .T. ) ;
#388 = EDGE_LOOP ( 'NONE', ( #3471, #1287, #3429, #2231 ) ) ;
#389 = EDGE_CURVE ( 'NONE', #1568, #1907, #932, .T. ) ;
#390 = ORIENTED_EDGE ( 'NONE', *, *, #2156, .F. ) ;
#391 = EDGE_CURVE ( 'NONE', #1869, #740, #333, .T. ) ;
#392 = FACE_OUTER_BOUND ( 'NONE', #908, .T. ) ;
#393 = DIRECTION ( 'NONE',  ( 0.000000000000000000, 0.000000000000000000, -1.000000000000000000 ) ) ;
#394 = CARTESIAN_POINT ( 'NONE',  ( 11.25000000000000355, 0.000000000000000000, 94.99999999999997158 ) ) ;
#395 = CARTESIAN_POINT ( 'NONE',  ( 16.25000000000000355, -16.29510728538161501, 58.13776547481083412 ) ) ;
#396 = DIRECTION ( 'NONE',  ( 1.000000000000000000, -0.000000000000000000, -0.000000000000000000 ) ) ;
#397 = CARTESIAN_POINT ( 'NONE',  ( 11.25000000000000355, -16.29510728538161501, 31.13776547481084478 ) ) ;
#398 = ORIENTED_EDGE ( 'NONE', *, *, #2295, .F. ) ;
#399 = VERTEX_POINT ( 'NONE', #1931 ) ;
#400 = EDGE_CURVE ( 'NONE', #3067, #3036, #3017, .T. ) ;
#401 = DIRECTION ( 'NONE',  ( 0.000000000000000000, -0.3265712582156689581, 0.9451725838742016661 ) ) ;
#402 = DIRECTION ( 'NONE',  ( -1.000000000000000000, 0.000000000000000000, 0.000000000000000000 ) ) ;
#403 = ORIENTED_EDGE ( 'NONE', *, *, #1925, .T. ) ;
#404 = CYLINDRICAL_SURFACE ( 'NONE', #244, 2.000000000000001776 ) ;
#405 = ORIENTED_EDGE ( 'NONE', *, *, #802, .F. ) ;
#406 = CARTESIAN_POINT ( 'NONE',  ( 11.25000000000000355, -16.94824980181295260, 31.02811064255924478 ) ) ;
#407 = DIRECTION ( 'NONE',  ( 0.000000000000000000, 0.000000000000000000, -1.000000000000000000 ) ) ;
#408 = DIRECTION ( 'NONE',  ( 0.000000000000000000, 0.9451725838742015551, 0.3265712582156691801 ) ) ;
#409 = CARTESIAN_POINT ( 'NONE',  ( 13.25000000000000533, 16.29510728538161501, 13.13776547481085011 ) ) ;
#410 = AXIS2_PLACEMENT_3D ( 'NONE', #174, #1257, #2581 ) ;
#411 = CARTESIAN_POINT ( 'NONE',  ( -16.24999999999999289, -4.000000000000003553, 100.0000000000000000 ) ) ;
#412 = EDGE_CURVE ( 'NONE', #2804, #2198, #1376, .T. ) ;
#413 = VERTEX_POINT ( 'NONE', #1862 ) ;
#414 = ORIENTED_EDGE ( 'NONE', *, *, #2164, .F. ) ;
#415 = FACE_OUTER_BOUND ( 'NONE', #3057, .T. ) ;
#416 = VERTEX_POINT ( 'NONE', #292 ) ;
#417 = VECTOR ( 'NONE', #1007, 1000.000000000000000 ) ;
#418 = DIRECTION ( 'NONE',  ( 0.000000000000000000, 0.000000000000000000, 1.000000000000000000 ) ) ;
#419 = AXIS2_PLACEMENT_3D ( 'NONE', #110, #2837, #75 ) ;
#420 = ORIENTED_EDGE ( 'NONE', *, *, #2873, .T. ) ;
#421 = ADVANCED_FACE ( 'NONE', ( #2945 ), #1879, .F. ) ;
#422 = AXIS2_PLACEMENT_3D ( 'NONE', #173, #444, #1536 ) ;
#423 = FACE_OUTER_BOUND ( 'NONE', #596, .T. ) ;
#424 = CARTESIAN_POINT ( 'NONE',  ( 16.25000000000000355, 16.94824980181295260, 78.02811064255924123 ) ) ;
#425 = VECTOR ( 'NONE', #1701, 1000.000000000000000 ) ;
#426 = CARTESIAN_POINT ( 'NONE',  ( 13.25000000000000533, 0.000000000000000000, 76.99999999999998579 ) ) ;
#427 = CARTESIAN_POINT ( 'NONE',  ( 16.25000000000000355, 16.94824980181295260, 87.02811064255922702 ) ) ;
#428 = CIRCLE ( 'NONE', #826, 2.000000000000001776 ) ;
#429 = DIRECTION ( 'NONE',  ( 0.000000000000000000, 0.000000000000000000, 1.000000000000000000 ) ) ;
#430 = ORIENTED_EDGE ( 'NONE', *, *, #1194, .T. ) ;
#431 = ORIENTED_EDGE ( 'NONE', *, *, #876, .T. ) ;
#432 = AXIS2_PLACEMENT_3D ( 'NONE', #628, #1579, #220 ) ;
#433 = ORIENTED_EDGE ( 'NONE', *, *, #2916, .T. ) ;
#434 = EDGE_CURVE ( 'NONE', #1061, #2519, #3351, .T. ) ;
#435 = DIRECTION ( 'NONE',  ( 0.000000000000000000, 0.000000000000000000, 1.000000000000000000 ) ) ;
#436 = VECTOR ( 'NONE', #265, 1000.000000000000114 ) ;
#437 = EDGE_LOOP ( 'NONE', ( #670, #526, #321, #1372 ) ) ;
#438 = CARTESIAN_POINT ( 'NONE',  ( 16.25000000000000355, 16.94824980181295260, 15.02811064255925366 ) ) ;
#439 = ORIENTED_EDGE ( 'NONE', *, *, #2241, .T. ) ;
#440 = CARTESIAN_POINT ( 'NONE',  ( 13.25000000000000533, 16.29510728538162212, 76.13776547481081991 ) ) ;
#441 = DIRECTION ( 'NONE',  ( -0.000000000000000000, -0.000000000000000000, -1.000000000000000000 ) ) ;
#442 = CARTESIAN_POINT ( 'NONE',  ( 13.25000000000000533, -17.60139231824429373, 52.91845581030764123 ) ) ;
#443 = EDGE_CURVE ( 'NONE', #1120, #3039, #30, .T. ) ;
#444 = DIRECTION ( 'NONE',  ( 1.000000000000000000, -0.000000000000000000, -0.000000000000000000 ) ) ;
#445 = CARTESIAN_POINT ( 'NONE',  ( 16.25000000000000355, -16.94824980181295260, 42.02811064255924833 ) ) ;
#446 = ORIENTED_EDGE ( 'NONE', *, *, #1790, .T. ) ;
#447 = EDGE_LOOP ( 'NONE', ( #2851, #982, #2216, #3235 ) ) ;
#448 = LINE ( 'NONE', #3392, #1052 ) ;
#449 = ORIENTED_EDGE ( 'NONE', *, *, #167, .F. ) ;
#450 = DIRECTION ( 'NONE',  ( 1.000000000000000000, 0.000000000000000000, 0.000000000000000000 ) ) ;
#451 = EDGE_CURVE ( 'NONE', #16, #3246, #833, .T. ) ;
#452 = ORIENTED_EDGE ( 'NONE', *, *, #1916, .T. ) ;
#453 = ORIENTED_EDGE ( 'NONE', *, *, #2303, .T. ) ;
#454 = LINE ( 'NONE', #208, #3244 ) ;
#455 = CARTESIAN_POINT ( 'NONE',  ( 16.25000000000000355, -16.94824980181295260, 33.02811064255924833 ) ) ;
#456 = DIRECTION ( 'NONE',  ( -1.000000000000000000, 0.000000000000000000, 0.000000000000000000 ) ) ;
#457 = CARTESIAN_POINT ( 'NONE',  ( -16.24999999999999289, -31.25000000000000000, 100.0000000000000000 ) ) ;
#458 = DIRECTION ( 'NONE',  ( 0.000000000000000000, 0.9409610776262526954, 0.3385147713061296137 ) ) ;
#459 = ORIENTED_EDGE ( 'NONE', *, *, #499, .F. ) ;
#460 = ORIENTED_EDGE ( 'NONE', *, *, #2180, .F. ) ;
#461 = ORIENTED_EDGE ( 'NONE', *, *, #189, .T. ) ;
#462 = ADVANCED_FACE ( 'NONE', ( #2184 ), #3265, .F. ) ;
#463 = LINE ( 'NONE', #2616, #2960 ) ;
#464 = AXIS2_PLACEMENT_3D ( 'NONE', #1362, #15, #1104 ) ;
#465 = VERTEX_POINT ( 'NONE', #2020 ) ;
#466 = DIRECTION ( 'NONE',  ( 1.000000000000000000, 0.000000000000000000, 0.000000000000000000 ) ) ;
#467 = VERTEX_POINT ( 'NONE', #637 ) ;
#468 = VECTOR ( 'NONE', #1035, 1000.000000000000000 ) ;
#469 = ORIENTED_EDGE ( 'NONE', *, *, #1597, .F. ) ;
#470 = ADVANCED_FACE ( 'NONE', ( #1708 ), #79, .F. ) ;
#471 = CARTESIAN_POINT ( 'NONE',  ( 13.25000000000000533, 0.000000000000000000, 31.99999999999999289 ) ) ;
#472 = ADVANCED_FACE ( 'NONE', ( #886 ), #657, .F. ) ;
#473 = CARTESIAN_POINT ( 'NONE',  ( -1.249999999999994227, -43.25000000000000000, 0.000000000000000000 ) ) ;
#474 = EDGE_CURVE ( 'NONE', #2021, #1310, #1219, .T. ) ;
#475 = VECTOR ( 'NONE', #1900, 1000.000000000000000 ) ;
#476 = DIRECTION ( 'NONE',  ( 0.000000000000000000, 0.000000000000000000, -1.000000000000000000 ) ) ;
#477 = AXIS2_PLACEMENT_3D ( 'NONE', #2438, #2405, #560 ) ;
#478 = DIRECTION ( 'NONE',  ( 0.000000000000000000, -0.9451725838742016661, 0.3265712582156689026 ) ) ;
#479 = AXIS2_PLACEMENT_3D ( 'NONE', #3375, #1815, #192 ) ;
#480 = DIRECTION ( 'NONE',  ( 0.000000000000000000, -0.3265712582156689581, 0.9451725838742017771 ) ) ;
#481 = VERTEX_POINT ( 'NONE', #2302 ) ;
#482 = ORIENTED_EDGE ( 'NONE', *, *, #846, .T. ) ;
#483 = EDGE_LOOP ( 'NONE', ( #1911, #1074, #3138, #215 ) ) ;
#484 = VECTOR ( 'NONE', #1533, 1000.000000000000000 ) ;
#485 = DIRECTION ( 'NONE',  ( 0.000000000000000000, 0.000000000000000000, 1.000000000000000000 ) ) ;
#486 = CARTESIAN_POINT ( 'NONE',  ( 1.250000000000004663, -43.25000000000000000, 0.000000000000000000 ) ) ;
#487 = VECTOR ( 'NONE', #635, 1000.000000000000000 ) ;
#488 = ORIENTED_EDGE ( 'NONE', *, *, #1555, .T. ) ;
#489 = DIRECTION ( 'NONE',  ( 0.000000000000000000, -0.9409610776262525844, -0.3385147713061297248 ) ) ;
#490 = AXIS2_PLACEMENT_3D ( 'NONE', #2397, #456, #2114 ) ;
#491 = ORIENTED_EDGE ( 'NONE', *, *, #3301, .T. ) ;
#492 = ORIENTED_EDGE ( 'NONE', *, *, #3077, .T. ) ;
#493 = LINE ( 'NONE', #3423, #1722 ) ;
#494 = CARTESIAN_POINT ( 'NONE',  ( 1.250000000000004663, -31.25000000000000000, 100.0000000000000000 ) ) ;
#495 = CARTESIAN_POINT ( 'NONE',  ( 11.25000000000000355, 17.60139231824429018, 52.91845581030764123 ) ) ;
#496 = CARTESIAN_POINT ( 'NONE',  ( 16.25000000000000355, 17.60139231824429018, 52.91845581030764123 ) ) ;
#497 = LINE ( 'NONE', #1574, #1150 ) ;
#498 = ORIENTED_EDGE ( 'NONE', *, *, #1765, .T. ) ;
#499 = EDGE_CURVE ( 'NONE', #644, #3203, #3093, .T. ) ;
#500 = VERTEX_POINT ( 'NONE', #1969 ) ;
#501 = CARTESIAN_POINT ( 'NONE',  ( 13.25000000000000533, 16.29510728538161501, 22.13776547481084833 ) ) ;
#502 = EDGE_CURVE ( 'NONE', #1209, #2937, #762, .T. ) ;
#503 = FACE_BOUND ( 'NONE', #239, .T. ) ;
#504 = DIRECTION ( 'NONE',  ( 0.000000000000000000, -0.9451725838742016661, -0.3265712582156689026 ) ) ;
#505 = EDGE_LOOP ( 'NONE', ( #2792, #990, #1147, #2319 ) ) ;
#506 = LINE ( 'NONE', #238, #1933 ) ;
#507 = ORIENTED_EDGE ( 'NONE', *, *, #1316, .T. ) ;
#508 = EDGE_LOOP ( 'NONE', ( #2669, #2056, #2586, #955 ) ) ;
#509 = DIRECTION ( 'NONE',  ( 1.000000000000000000, -0.000000000000000000, -0.000000000000000000 ) ) ;
#510 = DIRECTION ( 'NONE',  ( 0.000000000000000000, 0.000000000000000000, 1.000000000000000000 ) ) ;
#511 = PLANE ( 'NONE',  #2234 ) ;
#512 = CARTESIAN_POINT ( 'NONE',  ( 16.25000000000000355, -16.29510728538161501, 85.13776547481083412 ) ) ;
#513 = CARTESIAN_POINT ( 'NONE',  ( 11.25000000000000355, -17.60139231824429018, 25.91845581030765544 ) ) ;
#514 = VERTEX_POINT ( 'NONE', #1443 ) ;
#515 = VERTEX_POINT ( 'NONE', #2286 ) ;
#516 = ADVANCED_FACE ( 'NONE', ( #2238 ), #1756, .F. ) ;
#517 = CARTESIAN_POINT ( 'NONE',  ( 11.25000000000000355, -16.29510728538161501, 22.13776547481084833 ) ) ;
#518 = EDGE_CURVE ( 'NONE', #2161, #3371, #3319, .T. ) ;
#519 = EDGE_CURVE ( 'NONE', #2842, #1614, #2672, .T. ) ;
#520 = FACE_BOUND ( 'NONE', #151, .T. ) ;
#521 = PRODUCT ( 'Battery holder', 'Battery holder', '', ( #1012 ) ) ;
#522 = AXIS2_PLACEMENT_3D ( 'NONE', #2194, #631, #1910 ) ;
#523 = ORIENTED_EDGE ( 'NONE', *, *, #2300, .F. ) ;
#524 = CARTESIAN_POINT ( 'NONE',  ( -16.24999999999999289, -31.25000000000000000, 100.0000000000000000 ) ) ;
#525 = ADVANCED_FACE ( 'NONE', ( #3056 ), #1187, .F. ) ;
#526 = ORIENTED_EDGE ( 'NONE', *, *, #963, .T. ) ;
#527 = ORIENTED_EDGE ( 'NONE', *, *, #3384, .F. ) ;
#528 = LINE ( 'NONE', #1082, #27 ) ;
#529 = DIRECTION ( 'NONE',  ( 0.000000000000000000, 0.000000000000000000, 1.000000000000000000 ) ) ;
#530 = EDGE_CURVE ( 'NONE', #2490, #827, #3458, .T. ) ;
#531 = CARTESIAN_POINT ( 'NONE',  ( -1.249999999999994227, 31.25000000000000000, 100.0000000000000000 ) ) ;
#532 = VECTOR ( 'NONE', #1265, 1000.000000000000114 ) ;
#533 = DIRECTION ( 'NONE',  ( -1.000000000000000000, -0.000000000000000000, -0.000000000000000000 ) ) ;
#534 = DIRECTION ( 'NONE',  ( 0.000000000000000000, 0.000000000000000000, 1.000000000000000000 ) ) ;
#535 = VERTEX_POINT ( 'NONE', #98 ) ;
#536 = CIRCLE ( 'NONE', #1881, 2.000000000000001776 ) ;
#537 = ORIENTED_EDGE ( 'NONE', *, *, #1833, .T. ) ;
#538 = PLANE ( 'NONE',  #3356 ) ;
#539 = ADVANCED_FACE ( 'NONE', ( #2253 ), #2810, .F. ) ;
#540 = CIRCLE ( 'NONE', #1270, 2.000000000000000000 ) ;
#541 = VECTOR ( 'NONE', #3398, 1000.000000000000114 ) ;
#542 = DIRECTION ( 'NONE',  ( 0.000000000000000000, 0.9409610776262525844, -0.3385147713061297248 ) ) ;
#543 = EDGE_CURVE ( 'NONE', #1958, #1569, #3074, .T. ) ;
#544 = EDGE_CURVE ( 'NONE', #854, #917, #677, .T. ) ;
#545 = VECTOR ( 'NONE', #2667, 1000.000000000000114 ) ;
#546 = VERTEX_POINT ( 'NONE', #113 ) ;
#547 = CARTESIAN_POINT ( 'NONE',  ( 11.25000000000000355, 16.94824980181295260, 24.02811064255925189 ) ) ;
#548 = AXIS2_PLACEMENT_3D ( 'NONE', #209, #1290, #3365 ) ;
#549 = ORIENTED_EDGE ( 'NONE', *, *, #2409, .F. ) ;
#550 = VERTEX_POINT ( 'NONE', #2269 ) ;
#551 = CIRCLE ( 'NONE', #2914, 2.000000000000001776 ) ;
#552 = CARTESIAN_POINT ( 'NONE',  ( 16.25000000000000355, 16.94824980181295260, 87.02811064255922702 ) ) ;
#553 = DIRECTION ( 'NONE',  ( -1.000000000000000000, 0.000000000000000000, 0.000000000000000000 ) ) ;
#554 = AXIS2_PLACEMENT_3D ( 'NONE', #807, #2157, #2364 ) ;
#555 = FACE_BOUND ( 'NONE', #1221, .T. ) ;
#556 = CARTESIAN_POINT ( 'NONE',  ( 11.25000000000000355, -16.94824980181295260, 69.02811064255924123 ) ) ;
#557 = CARTESIAN_POINT ( 'NONE',  ( 11.25000000000000355, -16.29510728538161501, 40.13776547481084123 ) ) ;
#558 = VERTEX_POINT ( 'NONE', #3350 ) ;
#559 = EDGE_LOOP ( 'NONE', ( #275, #1322, #1692, #103 ) ) ;
#560 = DIRECTION ( 'NONE',  ( 0.000000000000000000, 0.000000000000000000, 1.000000000000000000 ) ) ;
#561 = LINE ( 'NONE', #234, #3142 ) ;
#562 = EDGE_LOOP ( 'NONE', ( #3122, #1023, #3361, #1436 ) ) ;
#563 = FACE_OUTER_BOUND ( 'NONE', #1348, .T. ) ;
#564 = ORIENTED_EDGE ( 'NONE', *, *, #2124, .F. ) ;
#565 = VERTEX_POINT ( 'NONE', #1744 ) ;
#566 = CARTESIAN_POINT ( 'NONE',  ( 16.25000000000000355, 16.94824980181295260, 42.02811064255924833 ) ) ;
#567 = ADVANCED_FACE ( 'NONE', ( #2827 ), #404, .F. ) ;
#568 = EDGE_CURVE ( 'NONE', #1120, #2562, #2645, .T. ) ;
#569 = CARTESIAN_POINT ( 'NONE',  ( 16.25000000000000355, -16.94824980181295260, 24.02811064255925189 ) ) ;
#570 = CYLINDRICAL_SURFACE ( 'NONE', #2228, 2.000000000000001776 ) ;
#571 = CYLINDRICAL_SURFACE ( 'NONE', #1654, 2.000000000000001776 ) ;
#572 = ORIENTED_EDGE ( 'NONE', *, *, #3000, .F. ) ;
#573 = PLANE ( 'NONE',  #1837 ) ;
#574 = ORIENTED_EDGE ( 'NONE', *, *, #3008, .F. ) ;
#575 = PLANE ( 'NONE',  #2559 ) ;
#576 = CYLINDRICAL_SURFACE ( 'NONE', #3393, 2.000000000000001776 ) ;
#577 = ORIENTED_EDGE ( 'NONE', *, *, #2516, .T. ) ;
#578 = FACE_OUTER_BOUND ( 'NONE', #2005, .T. ) ;
#579 = VERTEX_POINT ( 'NONE', #181 ) ;
#580 = ORIENTED_EDGE ( 'NONE', *, *, #1001, .F. ) ;
#581 = CARTESIAN_POINT ( 'NONE',  ( 11.25000000000000355, 16.94824980181295260, 87.02811064255922702 ) ) ;
#582 = CIRCLE ( 'NONE', #1591, 2.000000000000001776 ) ;
#583 = EDGE_CURVE ( 'NONE', #2644, #217, #1045, .T. ) ;
#584 = CIRCLE ( 'NONE', #2096, 2.000000000000001776 ) ;
#585 = LINE ( 'NONE', #2480, #1730 ) ;
#586 = EDGE_CURVE ( 'NONE', #3367, #725, #506, .T. ) ;
#587 = LINE ( 'NONE', #373, #771 ) ;
#588 = CARTESIAN_POINT ( 'NONE',  ( -16.24999999999999289, 3.999999999999998224, 0.000000000000000000 ) ) ;
#589 = ORIENTED_EDGE ( 'NONE', *, *, #3238, .F. ) ;
#590 = CARTESIAN_POINT ( 'NONE',  ( 11.25000000000000355, 16.29510728538161501, 67.13776547481084833 ) ) ;
#591 = AXIS2_PLACEMENT_3D ( 'NONE', #1400, #2799, #3048 ) ;
#592 = CARTESIAN_POINT ( 'NONE',  ( -1.249999999999994227, -31.25000000000000000, 0.000000000000000000 ) ) ;
#593 = DIRECTION ( 'NONE',  ( 0.000000000000000000, 0.000000000000000000, -1.000000000000000000 ) ) ;
#594 = VECTOR ( 'NONE', #1407, 1000.000000000000000 ) ;
#595 = CARTESIAN_POINT ( 'NONE',  ( 11.25000000000000355, 16.94824980181295260, 51.02811064255924123 ) ) ;
#596 = EDGE_LOOP ( 'NONE', ( #2699, #2528, #2425, #871 ) ) ;
#597 = CIRCLE ( 'NONE', #24, 2.000000000000001776 ) ;
#598 = DIRECTION ( 'NONE',  ( 1.000000000000000000, -0.000000000000000000, -0.000000000000000000 ) ) ;
#599 = EDGE_CURVE ( 'NONE', #2874, #176, #2599, .T. ) ;
#600 = CIRCLE ( 'NONE', #2849, 15.00000000000000533 ) ;
#601 = ORIENTED_EDGE ( 'NONE', *, *, #894, .T. ) ;
#602 = ORIENTED_EDGE ( 'NONE', *, *, #2775, .T. ) ;
#603 = LINE ( 'NONE', #2735, #2335 ) ;
#604 = AXIS2_PLACEMENT_3D ( 'NONE', #3305, #1956, #2774 ) ;
#605 = VECTOR ( 'NONE', #2931, 1000.000000000000114 ) ;
#606 = FACE_BOUND ( 'NONE', #1212, .T. ) ;
#607 = EDGE_CURVE ( 'NONE', #3165, #2929, #2382, .T. ) ;
#608 = DIRECTION ( 'NONE',  ( 0.000000000000000000, 0.000000000000000000, -1.000000000000000000 ) ) ;
#609 = CIRCLE ( 'NONE', #490, 2.000000000000001776 ) ;
#610 = DIRECTION ( 'NONE',  ( -0.000000000000000000, -0.9451725838742016661, 0.3265712582156689026 ) ) ;
#611 = VERTEX_POINT ( 'NONE', #3434 ) ;
#612 = FACE_OUTER_BOUND ( 'NONE', #2470, .T. ) ;
#613 = CARTESIAN_POINT ( 'NONE',  ( 13.25000000000000533, -37.79454381415344244, 81.05857992249812582 ) ) ;
#614 = LINE ( 'NONE', #3064, #3408 ) ;
#615 = ADVANCED_FACE ( 'NONE', ( #1774 ), #1545, .T. ) ;
#616 = CARTESIAN_POINT ( 'NONE',  ( 11.25000000000000355, 0.000000000000000000, 76.99999999999998579 ) ) ;
#617 = VERTEX_POINT ( 'NONE', #3191 ) ;
#618 = LINE ( 'NONE', #60, #2385 ) ;
#619 = PLANE ( 'NONE',  #715 ) ;
#620 = ADVANCED_BREP_SHAPE_REPRESENTATION ( 'Battery holder', ( #2358, #3455 ), #924 ) ;
#621 = EDGE_CURVE ( 'NONE', #579, #1540, #2317, .T. ) ;
#622 = VERTEX_POINT ( 'NONE', #2052 ) ;
#623 = DIRECTION ( 'NONE',  ( 0.000000000000000000, 0.9409610776262525844, -0.3385147713061297248 ) ) ;
#624 = ORIENTED_EDGE ( 'NONE', *, *, #52, .T. ) ;
#625 = DIRECTION ( 'NONE',  ( 0.000000000000000000, 0.000000000000000000, 1.000000000000000000 ) ) ;
#626 = DIRECTION ( 'NONE',  ( 0.000000000000000000, -0.3385147713061296137, -0.9409610776262526954 ) ) ;
#627 = ORIENTED_EDGE ( 'NONE', *, *, #2244, .T. ) ;
#628 = CARTESIAN_POINT ( 'NONE',  ( 13.25000000000000533, 16.94824980181295260, 78.02811064255924123 ) ) ;
#629 = DIRECTION ( 'NONE',  ( 1.000000000000000000, -0.000000000000000000, -0.000000000000000000 ) ) ;
#630 = FACE_OUTER_BOUND ( 'NONE', #1694, .T. ) ;
#631 = DIRECTION ( 'NONE',  ( 1.000000000000000000, -0.000000000000000000, -0.000000000000000000 ) ) ;
#632 = ORIENTED_EDGE ( 'NONE', *, *, #1151, .F. ) ;
#633 = ADVANCED_FACE ( 'NONE', ( #2621 ), #3120, .F. ) ;
#634 = DIRECTION ( 'NONE',  ( 0.000000000000000000, 0.3265712582156689581, 0.9451725838742017771 ) ) ;
#635 = DIRECTION ( 'NONE',  ( 1.000000000000000000, -0.000000000000000000, -0.000000000000000000 ) ) ;
#636 = ORIENTED_EDGE ( 'NONE', *, *, #3292, .T. ) ;
#637 = CARTESIAN_POINT ( 'NONE',  ( 13.25000000000000355, -31.25000000000000000, 0.000000000000000000 ) ) ;
#638 = EDGE_LOOP ( 'NONE', ( #446, #2477, #1947, #572 ) ) ;
#639 = VECTOR ( 'NONE', #3101, 1000.000000000000114 ) ;
#640 = LINE ( 'NONE', #2481, #31 ) ;
#641 = ADVANCED_FACE ( 'NONE', ( #1300 ), #724, .F. ) ;
#642 = CARTESIAN_POINT ( 'NONE',  ( 11.25000000000000355, 16.94824980181295260, 51.02811064255924123 ) ) ;
#643 = AXIS2_PLACEMENT_3D ( 'NONE', #424, #2025, #375 ) ;
#644 = VERTEX_POINT ( 'NONE', #739 ) ;
#645 = DIRECTION ( 'NONE',  ( 1.000000000000000000, -0.000000000000000000, -0.000000000000000000 ) ) ;
#646 = CARTESIAN_POINT ( 'NONE',  ( 1.250000000000004663, -31.25000000000000000, 100.0000000000000000 ) ) ;
#647 = DIRECTION ( 'NONE',  ( 0.000000000000000000, 0.3385147713061297803, -0.9409610776262526954 ) ) ;
#648 = DIRECTION ( 'NONE',  ( 0.000000000000000000, 1.000000000000000000, 0.000000000000000000 ) ) ;
#649 = AXIS2_PLACEMENT_3D ( 'NONE', #1268, #1288, #169 ) ;
#650 = ORIENTED_EDGE ( 'NONE', *, *, #3027, .T. ) ;
#651 = EDGE_CURVE ( 'NONE', #885, #3211, #1766, .T. ) ;
#652 = CARTESIAN_POINT ( 'NONE',  ( 13.25000000000000533, 0.9986379848196252906, 10.35926428530031806 ) ) ;
#653 = DIRECTION ( 'NONE',  ( 2.312964634635743450E-16, -1.000000000000000000, 0.000000000000000000 ) ) ;
#654 = EDGE_CURVE ( 'NONE', #656, #1619, #3396, .T. ) ;
#655 = AXIS2_PLACEMENT_3D ( 'NONE', #1492, #735, #1805 ) ;
#656 = VERTEX_POINT ( 'NONE', #3450 ) ;
#657 = PLANE ( 'NONE',  #3015 ) ;
#658 = VECTOR ( 'NONE', #1361, 1000.000000000000000 ) ;
#659 = AXIS2_PLACEMENT_3D ( 'NONE', #185, #742, #3144 ) ;
#660 = VERTEX_POINT ( 'NONE', #1285 ) ;
#661 = VECTOR ( 'NONE', #3321, 1000.000000000000114 ) ;
#662 = CARTESIAN_POINT ( 'NONE',  ( 16.25000000000000355, 16.29510728538161501, 40.13776547481084123 ) ) ;
#663 = AXIS2_PLACEMENT_3D ( 'NONE', #2205, #2743, #1040 ) ;
#664 = PLANE ( 'NONE',  #294 ) ;
#665 =( NAMED_UNIT ( * ) SI_UNIT ( $, .STERADIAN. ) SOLID_ANGLE_UNIT ( ) );
#666 = CARTESIAN_POINT ( 'NONE',  ( 16.25000000000000355, -16.29510728538161501, 58.13776547481083412 ) ) ;
#667 = CIRCLE ( 'NONE', #1392, 2.000000000000001776 ) ;
#668 = CARTESIAN_POINT ( 'NONE',  ( -1.249999999999994227, 43.25000000000000000, 0.000000000000000000 ) ) ;
#669 = PLANE ( 'NONE',  #410 ) ;
#670 = ORIENTED_EDGE ( 'NONE', *, *, #1213, .F. ) ;
#671 = ORIENTED_EDGE ( 'NONE', *, *, #1640, .F. ) ;
#672 = VERTEX_POINT ( 'NONE', #2926 ) ;
#673 = EDGE_CURVE ( 'NONE', #644, #535, #1807, .T. ) ;
#674 = DIRECTION ( 'NONE',  ( 0.000000000000000000, 0.000000000000000000, 1.000000000000000000 ) ) ;
#675 = CARTESIAN_POINT ( 'NONE',  ( -1.249999999999994227, -43.25000000000000000, 100.0000000000000000 ) ) ;
#676 = ORIENTED_EDGE ( 'NONE', *, *, #2603, .F. ) ;
#677 = LINE ( 'NONE', #1234, #132 ) ;
#678 = ORIENTED_EDGE ( 'NONE', *, *, #2496, .T. ) ;
#679 = ADVANCED_FACE ( 'NONE', ( #2875 ), #3169, .F. ) ;
#680 = CARTESIAN_POINT ( 'NONE',  ( 16.25000000000000355, -16.29510728538161501, 76.13776547481081991 ) ) ;
#681 = DIRECTION ( 'NONE',  ( 1.000000000000000000, -0.000000000000000000, -0.000000000000000000 ) ) ;
#682 = DIRECTION ( 'NONE',  ( 1.000000000000000000, 0.000000000000000000, 0.000000000000000000 ) ) ;
#683 = CARTESIAN_POINT ( 'NONE',  ( 13.25000000000000533, -16.94824980181295260, 85.02811064255922702 ) ) ;
#684 = EDGE_CURVE ( 'NONE', #114, #2874, #2587, .T. ) ;
#685 = DIRECTION ( 'NONE',  ( 0.000000000000000000, 0.000000000000000000, 1.000000000000000000 ) ) ;
#686 = ORIENTED_EDGE ( 'NONE', *, *, #2921, .F. ) ;
#687 = EDGE_LOOP ( 'NONE', ( #109, #3046, #2564, #1105 ) ) ;
#688 = DIRECTION ( 'NONE',  ( 1.000000000000000000, -0.000000000000000000, -0.000000000000000000 ) ) ;
#689 = DIRECTION ( 'NONE',  ( 0.000000000000000000, 0.000000000000000000, 1.000000000000000000 ) ) ;
#690 = VERTEX_POINT ( 'NONE', #2858 ) ;
#691 = DIRECTION ( 'NONE',  ( 0.000000000000000000, 0.000000000000000000, -1.000000000000000000 ) ) ;
#692 = ORIENTED_EDGE ( 'NONE', *, *, #1895, .T. ) ;
#693 = CARTESIAN_POINT ( 'NONE',  ( 11.25000000000000355, -16.94824980181295260, 58.02811064255923412 ) ) ;
#694 = EDGE_CURVE ( 'NONE', #2929, #821, #2791, .T. ) ;
#695 = CARTESIAN_POINT ( 'NONE',  ( 11.25000000000000355, -16.29510728538161501, 67.13776547481084833 ) ) ;
#696 = EDGE_CURVE ( 'NONE', #830, #854, #1102, .T. ) ;
#697 = VECTOR ( 'NONE', #1330, 1000.000000000000000 ) ;
#698 = CARTESIAN_POINT ( 'NONE',  ( 11.25000000000000355, 17.60139231824429018, 16.91845581030765544 ) ) ;
#699 = LINE ( 'NONE', #1292, #367 ) ;
#700 = VECTOR ( 'NONE', #37, 1000.000000000000114 ) ;
#701 = FACE_OUTER_BOUND ( 'NONE', #1355, .T. ) ;
#702 = ORIENTED_EDGE ( 'NONE', *, *, #1695, .T. ) ;
#703 = ORIENTED_EDGE ( 'NONE', *, *, #166, .T. ) ;
#704 = CARTESIAN_POINT ( 'NONE',  ( 13.25000000000000533, -16.94824980181295260, 51.02811064255924123 ) ) ;
#705 = EDGE_LOOP ( 'NONE', ( #2423, #2455, #1501, #125 ) ) ;
#706 = VECTOR ( 'NONE', #2163, 1000.000000000000000 ) ;
#707 = DIRECTION ( 'NONE',  ( 1.000000000000000000, -0.000000000000000000, -0.000000000000000000 ) ) ;
#708 = VECTOR ( 'NONE', #950, 1000.000000000000000 ) ;
#709 = VERTEX_POINT ( 'NONE', #2424 ) ;
#710 = LINE ( 'NONE', #1011, #199 ) ;
#711 = CARTESIAN_POINT ( 'NONE',  ( 11.25000000000000355, 16.29510728538161501, 13.13776547481085011 ) ) ;
#712 = ADVANCED_FACE ( 'NONE', ( #1370 ), #46, .F. ) ;
#713 = CARTESIAN_POINT ( 'NONE',  ( 11.25000000000000355, 16.29510728538162212, 76.13776547481081991 ) ) ;
#714 = DIRECTION ( 'NONE',  ( 1.000000000000000000, 0.000000000000000000, 0.000000000000000000 ) ) ;
#715 = AXIS2_PLACEMENT_3D ( 'NONE', #2266, #2512, #1440 ) ;
#716 = CARTESIAN_POINT ( 'NONE',  ( 16.25000000000000355, 0.000000000000000000, 63.99999999999998579 ) ) ;
#717 = ORIENTED_EDGE ( 'NONE', *, *, #934, .F. ) ;
#718 = CIRCLE ( 'NONE', #944, 1.999999999999998224 ) ;
#719 = EDGE_LOOP ( 'NONE', ( #449, #2088, #1302, #1026, #1559, #160, #1803, #2635 ) ) ;
#720 = CARTESIAN_POINT ( 'NONE',  ( 16.25000000000000355, 31.25000000000000000, 0.000000000000000000 ) ) ;
#721 = EDGE_CURVE ( 'NONE', #1186, #1752, #2713, .T. ) ;
#722 = AXIS2_PLACEMENT_3D ( 'NONE', #2958, #1823, #542 ) ;
#723 = ORIENTED_EDGE ( 'NONE', *, *, #2825, .F. ) ;
#724 = PLANE ( 'NONE',  #3124 ) ;
#725 = VERTEX_POINT ( 'NONE', #309 ) ;
#726 = EDGE_LOOP ( 'NONE', ( #1898, #1868, #1795, #2462 ) ) ;
#727 = CARTESIAN_POINT ( 'NONE',  ( 16.25000000000000355, -31.25000000000000000, 100.0000000000000000 ) ) ;
#728 = CARTESIAN_POINT ( 'NONE',  ( 11.25000000000000355, -16.29510728538161501, 58.13776547481083412 ) ) ;
#729 = CARTESIAN_POINT ( 'NONE',  ( 16.25000000000000355, -16.94824980181295260, 60.02811064255923412 ) ) ;
#730 = LINE ( 'NONE', #2848, #2389 ) ;
#731 = CARTESIAN_POINT ( 'NONE',  ( 13.25000000000000533, -1.371932220436578032, 13.52597690722456747 ) ) ;
#732 = ORIENTED_EDGE ( 'NONE', *, *, #2054, .F. ) ;
#733 = ORIENTED_EDGE ( 'NONE', *, *, #1020, .F. ) ;
#734 = EDGE_LOOP ( 'NONE', ( #3323, #1284, #398, #1478, #3168, #1318, #3106, #2182 ) ) ;
#735 = DIRECTION ( 'NONE',  ( 0.000000000000000000, 0.3265712582156689581, 0.9451725838742016661 ) ) ;
#736 = EDGE_CURVE ( 'NONE', #2351, #3381, #254, .T. ) ;
#737 = ADVANCED_FACE ( 'NONE', ( #578 ), #1873, .T. ) ;
#738 = VERTEX_POINT ( 'NONE', #1928 ) ;
#739 = CARTESIAN_POINT ( 'NONE',  ( 13.25000000000000533, 0.000000000000000000, 85.99999999999998579 ) ) ;
#740 = VERTEX_POINT ( 'NONE', #3484 ) ;
#741 = ORIENTED_EDGE ( 'NONE', *, *, #882, .T. ) ;
#742 = DIRECTION ( 'NONE',  ( 1.000000000000000000, 0.000000000000000000, -0.000000000000000000 ) ) ;
#743 = DIRECTION ( 'NONE',  ( 1.000000000000000000, -0.000000000000000000, -0.000000000000000000 ) ) ;
#744 = CARTESIAN_POINT ( 'NONE',  ( 13.25000000000000533, -36.26928122325296755, 86.04802901061525233 ) ) ;
#745 = CYLINDRICAL_SURFACE ( 'NONE', #422, 2.000000000000001776 ) ;
#746 = CARTESIAN_POINT ( 'NONE',  ( 11.25000000000000355, -16.94824980181295260, 22.02811064255925189 ) ) ;
#747 = ORIENTED_EDGE ( 'NONE', *, *, #946, .F. ) ;
#748 = ORIENTED_EDGE ( 'NONE', *, *, #2262, .F. ) ;
#749 = ORIENTED_EDGE ( 'NONE', *, *, #2775, .F. ) ;
#750 = CARTESIAN_POINT ( 'NONE',  ( 1.250000000000004663, -31.25000000000000000, 0.000000000000000000 ) ) ;
#751 = AXIS2_PLACEMENT_3D ( 'NONE', #445, #2276, #429 ) ;
#752 = LINE ( 'NONE', #2923, #3340 ) ;
#753 = EDGE_CURVE ( 'NONE', #2594, #3302, #1338, .T. ) ;
#754 = ORIENTED_EDGE ( 'NONE', *, *, #1069, .F. ) ;
#755 = CARTESIAN_POINT ( 'NONE',  ( 16.25000000000000355, 16.94824980181295260, 15.02811064255925366 ) ) ;
#756 = ORIENTED_EDGE ( 'NONE', *, *, #2448, .T. ) ;
#757 = AXIS2_PLACEMENT_3D ( 'NONE', #2341, #2537, #2109 ) ;
#758 = ORIENTED_EDGE ( 'NONE', *, *, #2541, .F. ) ;
#759 = CARTESIAN_POINT ( 'NONE',  ( 16.25000000000000355, -17.60139231824429018, 16.91845581030765544 ) ) ;
#760 = CARTESIAN_POINT ( 'NONE',  ( -13.24999999999999645, 31.25000000000000000, 100.0000000000000000 ) ) ;
#761 = EDGE_CURVE ( 'NONE', #416, #500, #2961, .T. ) ;
#762 = CIRCLE ( 'NONE', #1216, 2.000000000000001776 ) ;
#763 = CARTESIAN_POINT ( 'NONE',  ( -13.24999999999999645, -31.25000000000000000, 100.0000000000000000 ) ) ;
#764 = AXIS2_PLACEMENT_3D ( 'NONE', #289, #25, #3468 ) ;
#765 = CARTESIAN_POINT ( 'NONE',  ( 13.25000000000000533, -19.06870312721948579, 66.13995251057652069 ) ) ;
#766 = EDGE_CURVE ( 'NONE', #3437, #1547, #1062, .T. ) ;
#767 = AXIS2_PLACEMENT_3D ( 'NONE', #2473, #107, #3312 ) ;
#768 = LINE ( 'NONE', #1293, #1368 ) ;
#769 = VERTEX_POINT ( 'NONE', #1132 ) ;
#770 = EDGE_LOOP ( 'NONE', ( #1713, #1613, #197, #3436 ) ) ;
#771 = VECTOR ( 'NONE', #1732, 1000.000000000000000 ) ;
#772 = DIRECTION ( 'NONE',  ( -0.000000000000000000, -0.000000000000000000, -1.000000000000000000 ) ) ;
#773 = ADVANCED_FACE ( 'NONE', ( #563 ), #2159, .F. ) ;
#774 = LINE ( 'NONE', #3240, #1621 ) ;
#775 = CIRCLE ( 'NONE', #2057, 2.000000000000001776 ) ;
#776 = CARTESIAN_POINT ( 'NONE',  ( 16.25000000000000355, 0.000000000000000000, 49.99999999999998579 ) ) ;
#777 = ORIENTED_EDGE ( 'NONE', *, *, #366, .T. ) ;
#778 = CARTESIAN_POINT ( 'NONE',  ( 16.25000000000000355, 16.94824980181295260, 69.02811064255924123 ) ) ;
#779 = AXIS2_PLACEMENT_3D ( 'NONE', #2555, #138, #3374 ) ;
#780 = ORIENTED_EDGE ( 'NONE', *, *, #3058, .T. ) ;
#781 = ORIENTED_EDGE ( 'NONE', *, *, #1982, .T. ) ;
#782 = CARTESIAN_POINT ( 'NONE',  ( 16.25000000000000355, 16.94824980181295260, 67.02811064255924123 ) ) ;
#783 = DIRECTION ( 'NONE',  ( -0.000000000000000000, 0.9409610776262529175, -0.3385147713061290031 ) ) ;
#784 = DIRECTION ( 'NONE',  ( -1.000000000000000000, 0.000000000000000000, 0.000000000000000000 ) ) ;
#785 = ADVANCED_FACE ( 'NONE', ( #2463 ), #2196, .F. ) ;
#786 = CARTESIAN_POINT ( 'NONE',  ( 11.25000000000000355, -16.94824980181295260, 33.02811064255924833 ) ) ;
#787 = DIRECTION ( 'NONE',  ( 0.000000000000000000, -0.9451725838742016661, -0.3265712582156689026 ) ) ;
#788 = ORIENTED_EDGE ( 'NONE', *, *, #167, .T. ) ;
#789 = ORIENTED_EDGE ( 'NONE', *, *, #530, .T. ) ;
#790 = ADVANCED_FACE ( 'NONE', ( #2697 ), #273, .F. ) ;
#791 = DIRECTION ( 'NONE',  ( 0.000000000000000000, 0.9451725838742016661, 0.3265712582156689026 ) ) ;
#792 = FACE_OUTER_BOUND ( 'NONE', #3412, .T. ) ;
#793 = ORIENTED_EDGE ( 'NONE', *, *, #1717, .F. ) ;
#794 = DIRECTION ( 'NONE',  ( 0.000000000000000000, 0.3385147713061296137, -0.9409610776262526954 ) ) ;
#795 = ORIENTED_EDGE ( 'NONE', *, *, #2073, .T. ) ;
#796 = ORIENTED_EDGE ( 'NONE', *, *, #954, .T. ) ;
#797 = CARTESIAN_POINT ( 'NONE',  ( 16.25000000000000355, 16.29510728538162212, 76.13776547481081991 ) ) ;
#798 = CARTESIAN_POINT ( 'NONE',  ( -16.24999999999999289, -31.25000000000000000, 100.0000000000000000 ) ) ;
#799 = CARTESIAN_POINT ( 'NONE',  ( 13.25000000000000533, 16.94824980181295260, 87.02811064255922702 ) ) ;
#800 = ADVANCED_FACE ( 'NONE', ( #1673 ), #5, .F. ) ;
#801 = DIRECTION ( 'NONE',  ( -5.551115123125782702E-17, -1.000000000000000000, -0.000000000000000000 ) ) ;
#802 = EDGE_CURVE ( 'NONE', #1828, #617, #2751, .T. ) ;
#803 = LINE ( 'NONE', #513, #697 ) ;
#804 = ORIENTED_EDGE ( 'NONE', *, *, #1646, .F. ) ;
#805 = PLANE ( 'NONE',  #1659 ) ;
#806 = DIRECTION ( 'NONE',  ( 0.000000000000000000, 0.3265712582156689581, 0.9451725838742017771 ) ) ;
#807 = CARTESIAN_POINT ( 'NONE',  ( 16.25000000000000355, -31.25000000000000000, 100.0000000000000000 ) ) ;
#808 = VECTOR ( 'NONE', #286, 1000.000000000000000 ) ;
#809 = EDGE_LOOP ( 'NONE', ( #1019, #1998, #2623, #758 ) ) ;
#810 = CARTESIAN_POINT ( 'NONE',  ( 11.25000000000000355, 16.94824980181295260, 15.02811064255925366 ) ) ;
#811 = VECTOR ( 'NONE', #853, 1000.000000000000000 ) ;
#812 = ORIENTED_EDGE ( 'NONE', *, *, #2889, .F. ) ;
#813 = ORIENTED_EDGE ( 'NONE', *, *, #1763, .T. ) ;
#814 = CARTESIAN_POINT ( 'NONE',  ( 11.25000000000000355, -16.29510728538161501, 22.13776547481084833 ) ) ;
#815 = LINE ( 'NONE', #278, #2116 ) ;
#816 = PLANE ( 'NONE',  #1508 ) ;
#817 = CYLINDRICAL_SURFACE ( 'NONE', #2113, 2.000000000000001776 ) ;
#818 = LINE ( 'NONE', #2918, #66 ) ;
#819 = ORIENTED_EDGE ( 'NONE', *, *, #3035, .T. ) ;
#820 = VECTOR ( 'NONE', #598, 1000.000000000000000 ) ;
#821 = VERTEX_POINT ( 'NONE', #2181 ) ;
#822 = FACE_BOUND ( 'NONE', #2142, .T. ) ;
#823 = CIRCLE ( 'NONE', #193, 2.000000000000001776 ) ;
#824 = VECTOR ( 'NONE', #2217, 1000.000000000000000 ) ;
#825 = FACE_BOUND ( 'NONE', #2255, .T. ) ;
#826 = AXIS2_PLACEMENT_3D ( 'NONE', #2575, #2059, #1520 ) ;
#827 = VERTEX_POINT ( 'NONE', #329 ) ;
#828 = DIRECTION ( 'NONE',  ( 0.000000000000000000, -0.9409610776262526954, -0.3385147713061296137 ) ) ;
#829 = ADVANCED_FACE ( 'NONE', ( #845 ), #2386, .F. ) ;
#830 = VERTEX_POINT ( 'NONE', #2942 ) ;
#831 = ORIENTED_EDGE ( 'NONE', *, *, #2435, .F. ) ;
#832 = VECTOR ( 'NONE', #1734, 1000.000000000000114 ) ;
#833 = LINE ( 'NONE', #1639, #3239 ) ;
#834 = EDGE_CURVE ( 'NONE', #196, #949, #930, .T. ) ;
#835 = LINE ( 'NONE', #1901, #1280 ) ;
#836 = LINE ( 'NONE', #3441, #2568 ) ;
#837 = ADVANCED_FACE ( 'NONE', ( #1981 ), #3329, .F. ) ;
#838 = LINE ( 'NONE', #1429, #811 ) ;
#839 = ORIENTED_EDGE ( 'NONE', *, *, #1344, .T. ) ;
#840 = CARTESIAN_POINT ( 'NONE',  ( 11.25000000000000355, -16.94824980181295260, 87.02811064255922702 ) ) ;
#841 = ORIENTED_EDGE ( 'NONE', *, *, #1411, .F. ) ;
#842 = DIRECTION ( 'NONE',  ( 1.000000000000000000, 0.000000000000000000, 0.000000000000000000 ) ) ;
#843 = FACE_OUTER_BOUND ( 'NONE', #1820, .T. ) ;
#844 = VERTEX_POINT ( 'NONE', #1704 ) ;
#845 = FACE_OUTER_BOUND ( 'NONE', #168, .T. ) ;
#846 = EDGE_CURVE ( 'NONE', #413, #1525, #1217, .T. ) ;
#847 = ADVANCED_FACE ( 'NONE', ( #1183 ), #2232, .F. ) ;
#848 = VERTEX_POINT ( 'NONE', #3316 ) ;
#849 = EDGE_LOOP ( 'NONE', ( #1872, #81, #1930, #1126 ) ) ;
#850 = LINE ( 'NONE', #2984, #2504 ) ;
#851 = CARTESIAN_POINT ( 'NONE',  ( 16.25000000000000355, -17.60139231824429018, 7.918455810307658993 ) ) ;
#852 = LINE ( 'NONE', #1918, #2801 ) ;
#853 = DIRECTION ( 'NONE',  ( -0.000000000000000000, -0.000000000000000000, -1.000000000000000000 ) ) ;
#854 = VERTEX_POINT ( 'NONE', #1948 ) ;
#855 = CARTESIAN_POINT ( 'NONE',  ( 13.25000000000000533, -12.48391541851968611, 45.68662058629220724 ) ) ;
#856 = LINE ( 'NONE', #1922, #3234 ) ;
#857 = CARTESIAN_POINT ( 'NONE',  ( 1.250000000000004663, -31.25000000000000000, 0.000000000000000000 ) ) ;
#858 = CARTESIAN_POINT ( 'NONE',  ( -1.249999999999994227, -31.25000000000000000, 100.0000000000000000 ) ) ;
#859 = VERTEX_POINT ( 'NONE', #901 ) ;
#860 = DIRECTION ( 'NONE',  ( -1.000000000000000000, 0.000000000000000000, 0.000000000000000000 ) ) ;
#861 = EDGE_CURVE ( 'NONE', #1958, #3103, #2785, .T. ) ;
#862 = ORIENTED_EDGE ( 'NONE', *, *, #3260, .T. ) ;
#863 = EDGE_LOOP ( 'NONE', ( #1524, #627, #2330, #2045 ) ) ;
#864 = DIRECTION ( 'NONE',  ( 0.000000000000000000, 0.9409610776262525844, 0.3385147713061296693 ) ) ;
#865 = VECTOR ( 'NONE', #1612, 1000.000000000000000 ) ;
#866 = AXIS2_PLACEMENT_3D ( 'NONE', #1853, #3180, #1838 ) ;
#867 = CARTESIAN_POINT ( 'NONE',  ( 11.25000000000000355, 0.000000000000000000, 40.99999999999999289 ) ) ;
#868 = EDGE_CURVE ( 'NONE', #1788, #2198, #915, .T. ) ;
#869 = DIRECTION ( 'NONE',  ( -1.000000000000000000, 0.000000000000000000, 0.000000000000000000 ) ) ;
#870 = CARTESIAN_POINT ( 'NONE',  ( 11.25000000000000355, 16.29510728538161501, 31.13776547481084478 ) ) ;
#871 = ORIENTED_EDGE ( 'NONE', *, *, #753, .F. ) ;
#872 = LINE ( 'NONE', #895, #3195 ) ;
#873 = AXIS2_PLACEMENT_3D ( 'NONE', #222, #2105, #165 ) ;
#874 = CARTESIAN_POINT ( 'NONE',  ( 13.25000000000000533, 17.60139231824429018, 7.918455810307658993 ) ) ;
#875 = LINE ( 'NONE', #72, #1884 ) ;
#876 = EDGE_CURVE ( 'NONE', #399, #3381, #2736, .T. ) ;
#877 = DIRECTION ( 'NONE',  ( 0.000000000000000000, 0.000000000000000000, 1.000000000000000000 ) ) ;
#878 = VERTEX_POINT ( 'NONE', #2491 ) ;
#879 = AXIS2_PLACEMENT_3D ( 'NONE', #427, #2064, #158 ) ;
#880 = DIRECTION ( 'NONE',  ( 1.000000000000000000, -0.000000000000000000, -0.000000000000000000 ) ) ;
#881 = CARTESIAN_POINT ( 'NONE',  ( 16.25000000000000355, 16.29510728538161501, 4.137765474810851885 ) ) ;
#882 = EDGE_CURVE ( 'NONE', #738, #1148, #2165, .T. ) ;
#883 = VECTOR ( 'NONE', #2535, 1000.000000000000114 ) ;
#884 = EDGE_LOOP ( 'NONE', ( #3010, #54, #2089, #2661, #2135, #1600, #1860, #405 ) ) ;
#885 = VERTEX_POINT ( 'NONE', #95 ) ;
#886 = FACE_OUTER_BOUND ( 'NONE', #3087, .T. ) ;
#887 = CIRCLE ( 'NONE', #2393, 2.000000000000001776 ) ;
#888 = VECTOR ( 'NONE', #959, 1000.000000000000000 ) ;
#889 = EDGE_LOOP ( 'NONE', ( #2254, #492, #2190, #2828 ) ) ;
#890 = DIRECTION ( 'NONE',  ( 0.000000000000000000, 0.000000000000000000, 1.000000000000000000 ) ) ;
#891 = VECTOR ( 'NONE', #3126, 1000.000000000000000 ) ;
#892 = PLANE ( 'NONE',  #3394 ) ;
#893 = ORIENTED_EDGE ( 'NONE', *, *, #2695, .F. ) ;
#894 = EDGE_CURVE ( 'NONE', #827, #1927, #2529, .T. ) ;
#895 = CARTESIAN_POINT ( 'NONE',  ( 11.25000000000000355, 16.29510728538161501, 40.13776547481084833 ) ) ;
#896 = DIRECTION ( 'NONE',  ( 0.000000000000000000, 0.3265712582156689581, 0.9451725838742017771 ) ) ;
#897 = FACE_OUTER_BOUND ( 'NONE', #1363, .T. ) ;
#898 = FACE_OUTER_BOUND ( 'NONE', #2502, .T. ) ;
#899 = EDGE_CURVE ( 'NONE', #1540, #2361, #3345, .T. ) ;
#900 = ORIENTED_EDGE ( 'NONE', *, *, #2520, .F. ) ;
#901 = CARTESIAN_POINT ( 'NONE',  ( 13.25000000000000533, 16.94824980181295260, 58.02811064255923412 ) ) ;
#902 = CARTESIAN_POINT ( 'NONE',  ( 11.25000000000000355, 16.29510728538161501, 31.13776547481084123 ) ) ;
#903 = VERTEX_POINT ( 'NONE', #2511 ) ;
#904 = CARTESIAN_POINT ( 'NONE',  ( 11.25000000000000355, 0.000000000000000000, 85.99999999999998579 ) ) ;
#905 = ORIENTED_EDGE ( 'NONE', *, *, #2603, .T. ) ;
#906 = DIRECTION ( 'NONE',  ( 1.000000000000000000, -0.000000000000000000, -0.000000000000000000 ) ) ;
#907 = DIRECTION ( 'NONE',  ( 0.000000000000000000, 0.000000000000000000, 1.000000000000000000 ) ) ;
#908 = EDGE_LOOP ( 'NONE', ( #1139, #2919, #2125, #577 ) ) ;
#909 = DIRECTION ( 'NONE',  ( 1.000000000000000000, 0.000000000000000000, -0.000000000000000000 ) ) ;
#910 = DIRECTION ( 'NONE',  ( -1.000000000000000000, 0.000000000000000000, 0.000000000000000000 ) ) ;
#911 = CARTESIAN_POINT ( 'NONE',  ( 11.25000000000000355, 16.94824980181295260, 33.02811064255924833 ) ) ;
#912 = ADVANCED_FACE ( 'NONE', ( #2823 ), #1404, .F. ) ;
#913 = CARTESIAN_POINT ( 'NONE',  ( 16.25000000000000355, 16.94824980181295260, 49.02811064255924123 ) ) ;
#914 = EDGE_LOOP ( 'NONE', ( #2582, #3278, #2444, #94 ) ) ;
#915 = LINE ( 'NONE', #2265, #2499 ) ;
#916 = CARTESIAN_POINT ( 'NONE',  ( -23.75577422178335141, 7.499999999999998224, 0.000000000000000000 ) ) ;
#917 = VERTEX_POINT ( 'NONE', #1145 ) ;
#918 = DIRECTION ( 'NONE',  ( 0.000000000000000000, 0.9409610776262525844, -0.3385147713061296693 ) ) ;
#919 = ORIENTED_EDGE ( 'NONE', *, *, #2579, .T. ) ;
#920 = CIRCLE ( 'NONE', #1867, 2.000000000000001776 ) ;
#921 = EDGE_CURVE ( 'NONE', #2531, #1624, #618, .T. ) ;
#922 = DIRECTION ( 'NONE',  ( 0.000000000000000000, -0.3265712582156690136, 0.9451725838742016661 ) ) ;
#923 = CARTESIAN_POINT ( 'NONE',  ( 11.25000000000000355, 16.94824980181295260, 13.02811064255925366 ) ) ;
#924 =( GEOMETRIC_REPRESENTATION_CONTEXT ( 3 ) GLOBAL_UNCERTAINTY_ASSIGNED_CONTEXT ( ( #330 ) ) GLOBAL_UNIT_ASSIGNED_CONTEXT ( ( #3373, #116, #1467 ) ) REPRESENTATION_CONTEXT ( 'NONE', 'WORKASPACE' ) );
#925 = PRESENTATION_STYLE_ASSIGNMENT (( #1486 ) ) ;
#926 = DIRECTION ( 'NONE',  ( 0.000000000000000000, 0.000000000000000000, -1.000000000000000000 ) ) ;
#927 = CARTESIAN_POINT ( 'NONE',  ( -1.249999999999994227, -43.25000000000000000, 100.0000000000000000 ) ) ;
#928 = CARTESIAN_POINT ( 'NONE',  ( 13.25000000000000533, 16.94824980181295260, 33.02811064255924833 ) ) ;
#929 = VERTEX_POINT ( 'NONE', #2250 ) ;
#930 = LINE ( 'NONE', #360, #708 ) ;
#931 = DIRECTION ( 'NONE',  ( -0.000000000000000000, 0.9409610776262525844, -0.3385147713061297248 ) ) ;
#932 = CIRCLE ( 'NONE', #2900, 2.000000000000001776 ) ;
#933 = ADVANCED_FACE ( 'NONE', ( #2212 ), #1690, .F. ) ;
#934 = EDGE_CURVE ( 'NONE', #1580, #3411, #1965, .T. ) ;
#935 = ORIENTED_EDGE ( 'NONE', *, *, #3150, .T. ) ;
#936 = CARTESIAN_POINT ( 'NONE',  ( 16.25000000000000355, 16.94824980181295260, 33.02811064255924833 ) ) ;
#937 = VECTOR ( 'NONE', #211, 1000.000000000000114 ) ;
#938 = ORIENTED_EDGE ( 'NONE', *, *, #3084, .T. ) ;
#939 = EDGE_LOOP ( 'NONE', ( #1299, #935, #692, #2698 ) ) ;
#940 = VECTOR ( 'NONE', #972, 1000.000000000000000 ) ;
#941 = LINE ( 'NONE', #693, #1946 ) ;
#942 = AXIS2_PLACEMENT_3D ( 'NONE', #2428, #2946, #529 ) ;
#943 = LINE ( 'NONE', #1992, #832 ) ;
#944 = AXIS2_PLACEMENT_3D ( 'NONE', #1359, #11, #1101 ) ;
#945 = PLANE ( 'NONE',  #1437 ) ;
#946 = EDGE_CURVE ( 'NONE', #929, #2891, #989, .T. ) ;
#947 = DIRECTION ( 'NONE',  ( 0.000000000000000000, 0.000000000000000000, 1.000000000000000000 ) ) ;
#948 = ORIENTED_EDGE ( 'NONE', *, *, #2078, .F. ) ;
#949 = VERTEX_POINT ( 'NONE', #2767 ) ;
#950 = DIRECTION ( 'NONE',  ( 1.000000000000000000, -0.000000000000000000, -0.000000000000000000 ) ) ;
#951 = CARTESIAN_POINT ( 'NONE',  ( 16.25000000000000355, 0.000000000000000000, 72.99999999999998579 ) ) ;
#952 = ORIENTED_EDGE ( 'NONE', *, *, #400, .F. ) ;
#953 = DIRECTION ( 'NONE',  ( 0.000000000000000000, 0.9409610776262525844, 0.3385147713061297248 ) ) ;
#954 = EDGE_CURVE ( 'NONE', #821, #965, #3053, .T. ) ;
#955 = ORIENTED_EDGE ( 'NONE', *, *, #3084, .F. ) ;
#956 = ORIENTED_EDGE ( 'NONE', *, *, #2414, .T. ) ;
#957 = LINE ( 'NONE', #1204, #484 ) ;
#958 = DIRECTION ( 'NONE',  ( 1.000000000000000000, -0.000000000000000000, -0.000000000000000000 ) ) ;
#959 = DIRECTION ( 'NONE',  ( 1.000000000000000000, -0.000000000000000000, -0.000000000000000000 ) ) ;
#960 = DIRECTION ( 'NONE',  ( 0.000000000000000000, -0.3265712582156689581, 0.9451725838742017771 ) ) ;
#961 = LINE ( 'NONE', #2820, #639 ) ;
#962 = ORIENTED_EDGE ( 'NONE', *, *, #35, .F. ) ;
#963 = EDGE_CURVE ( 'NONE', #3225, #2531, #536, .T. ) ;
#964 = ORIENTED_EDGE ( 'NONE', *, *, #2855, .T. ) ;
#965 = VERTEX_POINT ( 'NONE', #3444 ) ;
#966 = FACE_OUTER_BOUND ( 'NONE', #2223, .T. ) ;
#967 = ADVANCED_FACE ( 'NONE', ( #177 ), #3153, .F. ) ;
#968 = ORIENTED_EDGE ( 'NONE', *, *, #1905, .F. ) ;
#969 = CARTESIAN_POINT ( 'NONE',  ( 11.25000000000000355, 16.94824980181295260, 60.02811064255923412 ) ) ;
#970 = EDGE_CURVE ( 'NONE', #7, #1303, #2314, .T. ) ;
#971 = VERTEX_POINT ( 'NONE', #162 ) ;
#972 = DIRECTION ( 'NONE',  ( 1.000000000000000000, -0.000000000000000000, -0.000000000000000000 ) ) ;
#973 = CYLINDRICAL_SURFACE ( 'NONE', #2038, 1.999999999999998224 ) ;
#974 = VECTOR ( 'NONE', #58, 1000.000000000000000 ) ;
#975 = LINE ( 'NONE', #2012, #891 ) ;
#976 = EDGE_CURVE ( 'NONE', #2562, #1920, #3465, .T. ) ;
#977 = DIRECTION ( 'NONE',  ( 0.000000000000000000, 0.000000000000000000, 1.000000000000000000 ) ) ;
#978 = VECTOR ( 'NONE', #2222, 1000.000000000000000 ) ;
#979 = LINE ( 'NONE', #2560, #293 ) ;
#980 = EDGE_LOOP ( 'NONE', ( #2770, #1491, #1530, #3052, #123, #507, #48, #1954, #1804, #488, #1968, #371 ) ) ;
#981 = ORIENTED_EDGE ( 'NONE', *, *, #2435, .T. ) ;
#982 = ORIENTED_EDGE ( 'NONE', *, *, #257, .F. ) ;
#983 = EDGE_CURVE ( 'NONE', #2955, #3203, #448, .T. ) ;
#984 = CARTESIAN_POINT ( 'NONE',  ( 13.25000000000000533, -16.94824980181295260, 60.02811064255923412 ) ) ;
#985 = AXIS2_PLACEMENT_3D ( 'NONE', #592, #3063, #910 ) ;
#986 = ORIENTED_EDGE ( 'NONE', *, *, #3431, .T. ) ;
#987 = AXIS2_PLACEMENT_3D ( 'NONE', #778, #466, #1566 ) ;
#988 = DIRECTION ( 'NONE',  ( 1.000000000000000000, -0.000000000000000000, -0.000000000000000000 ) ) ;
#989 = CIRCLE ( 'NONE', #248, 2.000000000000001776 ) ;
#990 = ORIENTED_EDGE ( 'NONE', *, *, #1422, .T. ) ;
#991 = CARTESIAN_POINT ( 'NONE',  ( 11.25000000000000355, 16.94824980181295260, 31.02811064255924478 ) ) ;
#992 = VECTOR ( 'NONE', #3407, 1000.000000000000000 ) ;
#993 = DIRECTION ( 'NONE',  ( 1.000000000000000000, -0.000000000000000000, -0.000000000000000000 ) ) ;
#994 = AXIS2_PLACEMENT_3D ( 'NONE', #56, #1735, #3338 ) ;
#995 = CIRCLE ( 'NONE', #2282, 2.000000000000001776 ) ;
#996 = DIRECTION ( 'NONE',  ( 1.000000000000000000, -0.000000000000000000, -0.000000000000000000 ) ) ;
#997 = LINE ( 'NONE', #2592, #2905 ) ;
#998 = AXIS2_PLACEMENT_3D ( 'NONE', #1048, #2111, #2969 ) ;
#999 = EDGE_CURVE ( 'NONE', #350, #558, #463, .T. ) ;
#1000 = DIRECTION ( 'NONE',  ( -1.000000000000000000, 0.000000000000000000, 0.000000000000000000 ) ) ;
#1001 = EDGE_CURVE ( 'NONE', #2996, #2624, #3415, .T. ) ;
#1002 = ORIENTED_EDGE ( 'NONE', *, *, #2295, .T. ) ;
#1003 = AXIS2_PLACEMENT_3D ( 'NONE', #729, #227, #2324 ) ;
#1004 = ORIENTED_EDGE ( 'NONE', *, *, #761, .F. ) ;
#1005 = CARTESIAN_POINT ( 'NONE',  ( 13.25000000000000533, -31.25000000000000000, 100.0000000000000000 ) ) ;
#1006 = ORIENTED_EDGE ( 'NONE', *, *, #1665, .T. ) ;
#1007 = DIRECTION ( 'NONE',  ( 1.000000000000000000, -0.000000000000000000, -0.000000000000000000 ) ) ;
#1008 = ORIENTED_EDGE ( 'NONE', *, *, #3171, .T. ) ;
#1009 = ORIENTED_EDGE ( 'NONE', *, *, #2325, .F. ) ;
#1010 = DIRECTION ( 'NONE',  ( 1.000000000000000000, -0.000000000000000000, -0.000000000000000000 ) ) ;
#1011 = CARTESIAN_POINT ( 'NONE',  ( 16.25000000000000355, 0.000000000000000000, 40.99999999999999289 ) ) ;
#1012 = PRODUCT_CONTEXT ( 'NONE', #43, 'mechanical' ) ;
#1013 = DIRECTION ( 'NONE',  ( 1.000000000000000000, 0.000000000000000000, 0.000000000000000000 ) ) ;
#1014 = CARTESIAN_POINT ( 'NONE',  ( 13.25000000000000533, 16.94824980181295260, 24.02811064255925189 ) ) ;
#1015 = ADVANCED_FACE ( 'NONE', ( #2048 ), #1541, .F. ) ;
#1016 = DIRECTION ( 'NONE',  ( 1.000000000000000000, -0.000000000000000000, -0.000000000000000000 ) ) ;
#1017 = ORIENTED_EDGE ( 'NONE', *, *, #673, .T. ) ;
#1018 = ORIENTED_EDGE ( 'NONE', *, *, #1316, .F. ) ;
#1019 = ORIENTED_EDGE ( 'NONE', *, *, #2812, .T. ) ;
#1020 = EDGE_CURVE ( 'NONE', #535, #2955, #2084, .T. ) ;
#1021 = CARTESIAN_POINT ( 'NONE',  ( 16.25000000000000355, 0.000000000000000000, 23.00000000000000000 ) ) ;
#1022 = CARTESIAN_POINT ( 'NONE',  ( 11.25000000000000355, 17.60139231824429018, 34.91845581030765544 ) ) ;
#1023 = ORIENTED_EDGE ( 'NONE', *, *, #2565, .T. ) ;
#1024 = DIRECTION ( 'NONE',  ( 1.000000000000000000, -0.000000000000000000, -0.000000000000000000 ) ) ;
#1025 = ORIENTED_EDGE ( 'NONE', *, *, #976, .F. ) ;
#1026 = ORIENTED_EDGE ( 'NONE', *, *, #1515, .F. ) ;
#1027 = CARTESIAN_POINT ( 'NONE',  ( 16.25000000000000355, 0.000000000000000000, 58.99999999999998579 ) ) ;
#1028 = DIRECTION ( 'NONE',  ( 1.000000000000000000, 0.000000000000000000, 0.000000000000000000 ) ) ;
#1029 = DIRECTION ( 'NONE',  ( 0.000000000000000000, 0.000000000000000000, -1.000000000000000000 ) ) ;
#1030 = ADVANCED_FACE ( 'NONE', ( #1563 ), #2585, .F. ) ;
#1031 = DIRECTION ( 'NONE',  ( 1.000000000000000000, -0.000000000000000000, -0.000000000000000000 ) ) ;
#1032 = EDGE_CURVE ( 'NONE', #515, #2391, #3166, .T. ) ;
#1033 = FACE_OUTER_BOUND ( 'NONE', #3181, .T. ) ;
#1034 = VERTEX_POINT ( 'NONE', #720 ) ;
#1035 = DIRECTION ( 'NONE',  ( 1.000000000000000000, -0.000000000000000000, -0.000000000000000000 ) ) ;
#1036 = CARTESIAN_POINT ( 'NONE',  ( 11.25000000000000355, -17.60139231824429018, 7.918455810307658993 ) ) ;
#1037 = VECTOR ( 'NONE', #2763, 1000.000000000000000 ) ;
#1038 = DIRECTION ( 'NONE',  ( 1.000000000000000000, -0.000000000000000000, -0.000000000000000000 ) ) ;
#1039 = CIRCLE ( 'NONE', #2841, 2.000000000000001776 ) ;
#1040 = DIRECTION ( 'NONE',  ( 0.000000000000000000, 0.000000000000000000, -1.000000000000000000 ) ) ;
#1041 = ORIENTED_EDGE ( 'NONE', *, *, #1982, .F. ) ;
#1042 = DIRECTION ( 'NONE',  ( 0.000000000000000000, 0.000000000000000000, -1.000000000000000000 ) ) ;
#1043 = EDGE_CURVE ( 'NONE', #550, #917, #2333, .T. ) ;
#1044 = ORIENTED_EDGE ( 'NONE', *, *, #1875, .T. ) ;
#1045 = CIRCLE ( 'NONE', #987, 2.000000000000001776 ) ;
#1046 = ORIENTED_EDGE ( 'NONE', *, *, #1646, .T. ) ;
#1047 = CARTESIAN_POINT ( 'NONE',  ( -23.75577422178334785, -7.500000000000002665, 0.000000000000000000 ) ) ;
#1048 = CARTESIAN_POINT ( 'NONE',  ( 16.25000000000000355, -16.94824980181295260, 69.02811064255924123 ) ) ;
#1049 = AXIS2_PLACEMENT_3D ( 'NONE', #1915, #2998, #1168 ) ;
#1050 = SHAPE_DEFINITION_REPRESENTATION ( #2148, #620 ) ;
#1051 = CARTESIAN_POINT ( 'NONE',  ( 16.25000000000000355, -16.29510728538161501, 49.13776547481083412 ) ) ;
#1052 = VECTOR ( 'NONE', #1514, 1000.000000000000114 ) ;
#1053 = DIRECTION ( 'NONE',  ( 1.000000000000000000, -0.000000000000000000, -0.000000000000000000 ) ) ;
#1054 = AXIS2_PLACEMENT_3D ( 'NONE', #857, #41, #2421 ) ;
#1055 = CARTESIAN_POINT ( 'NONE',  ( 16.25000000000000355, -16.94824980181295260, 51.02811064255924123 ) ) ;
#1056 = ORIENTED_EDGE ( 'NONE', *, *, #412, .F. ) ;
#1057 = EDGE_LOOP ( 'NONE', ( #363, #2483, #1379, #2542 ) ) ;
#1058 = CARTESIAN_POINT ( 'NONE',  ( 16.25000000000000355, 17.60139231824429018, 43.91845581030764833 ) ) ;
#1059 = FACE_OUTER_BOUND ( 'NONE', #354, .T. ) ;
#1060 = CIRCLE ( 'NONE', #2803, 2.000000000000001776 ) ;
#1061 = VERTEX_POINT ( 'NONE', #2853 ) ;
#1062 = LINE ( 'NONE', #1620, #820 ) ;
#1063 = AXIS2_PLACEMENT_3D ( 'NONE', #3099, #682, #1587 ) ;
#1064 = ADVANCED_FACE ( 'NONE', ( #2100 ), #1296, .T. ) ;
#1065 = EDGE_LOOP ( 'NONE', ( #602, #1099, #1482, #3461 ) ) ;
#1066 = ORIENTED_EDGE ( 'NONE', *, *, #35, .T. ) ;
#1067 = ADVANCED_FACE ( 'NONE', ( #415 ), #146, .F. ) ;
#1068 = CARTESIAN_POINT ( 'NONE',  ( 11.25000000000000355, 0.000000000000000000, 18.99999999999999645 ) ) ;
#1069 = EDGE_CURVE ( 'NONE', #2732, #1777, #3380, .T. ) ;
#1070 = CYLINDRICAL_SURFACE ( 'NONE', #2970, 2.000000000000001776 ) ;
#1071 = CARTESIAN_POINT ( 'NONE',  ( 16.25000000000000355, 17.60139231824429018, 7.918455810307658993 ) ) ;
#1072 = DIRECTION ( 'NONE',  ( 0.000000000000000000, 0.000000000000000000, -1.000000000000000000 ) ) ;
#1073 = CARTESIAN_POINT ( 'NONE',  ( 16.25000000000000355, -17.60139231824429018, 34.91845581030765544 ) ) ;
#1074 = ORIENTED_EDGE ( 'NONE', *, *, #400, .T. ) ;
#1075 = CARTESIAN_POINT ( 'NONE',  ( 13.25000000000000533, -17.60139231824429018, 34.91845581030765544 ) ) ;
#1076 = LINE ( 'NONE', #2138, #2503 ) ;
#1077 = CARTESIAN_POINT ( 'NONE',  ( -1.249999999999991340, -46.25000000000000000, 100.0000000000000000 ) ) ;
#1078 = EDGE_LOOP ( 'NONE', ( #756, #3141, #3194, #1218 ) ) ;
#1079 = CARTESIAN_POINT ( 'NONE',  ( 11.25000000000000355, 16.94824980181295260, 6.028110642559255439 ) ) ;
#1080 = EDGE_LOOP ( 'NONE', ( #2835, #2826, #1237, #1740 ) ) ;
#1081 = ORIENTED_EDGE ( 'NONE', *, *, #2695, .T. ) ;
#1082 = CARTESIAN_POINT ( 'NONE',  ( 13.25000000000000533, 31.25000000000000000, 100.0000000000000000 ) ) ;
#1083 = ADVANCED_FACE ( 'NONE', ( #966 ), #2032, .F. ) ;
#1084 = DIRECTION ( 'NONE',  ( 0.000000000000000000, 0.000000000000000000, -1.000000000000000000 ) ) ;
#1085 = CARTESIAN_POINT ( 'NONE',  ( 16.25000000000000355, 17.60139231824429018, 25.91845581030765544 ) ) ;
#1086 = DIRECTION ( 'NONE',  ( 0.000000000000000000, 0.000000000000000000, -1.000000000000000000 ) ) ;
#1087 = DIRECTION ( 'NONE',  ( -1.000000000000000000, 0.000000000000000000, 0.000000000000000000 ) ) ;
#1088 = ORIENTED_EDGE ( 'NONE', *, *, #2117, .T. ) ;
#1089 = EDGE_CURVE ( 'NONE', #2441, #3302, #597, .T. ) ;
#1090 = ORIENTED_EDGE ( 'NONE', *, *, #1213, .T. ) ;
#1091 = CARTESIAN_POINT ( 'NONE',  ( 16.25000000000000355, -16.94824980181295260, 4.028110642559255439 ) ) ;
#1092 = LINE ( 'NONE', #3466, #2178 ) ;
#1093 = EDGE_CURVE ( 'NONE', #656, #1511, #1996, .T. ) ;
#1094 = VECTOR ( 'NONE', #2383, 1000.000000000000000 ) ;
#1095 = ORIENTED_EDGE ( 'NONE', *, *, #970, .F. ) ;
#1096 = DIRECTION ( 'NONE',  ( 1.000000000000000000, -0.000000000000000000, -0.000000000000000000 ) ) ;
#1097 = VECTOR ( 'NONE', #1505, 1000.000000000000000 ) ;
#1098 = ORIENTED_EDGE ( 'NONE', *, *, #3236, .T. ) ;
#1099 = ORIENTED_EDGE ( 'NONE', *, *, #1151, .T. ) ;
#1100 = CARTESIAN_POINT ( 'NONE',  ( 11.25000000000000355, 0.000000000000000000, 63.99999999999998579 ) ) ;
#1101 = DIRECTION ( 'NONE',  ( 0.000000000000000000, 0.000000000000000000, -1.000000000000000000 ) ) ;
#1102 = CIRCLE ( 'NONE', #1544, 15.00000000000000000 ) ;
#1103 = CARTESIAN_POINT ( 'NONE',  ( -1.249999999999994227, 43.25000000000000000, 100.0000000000000000 ) ) ;
#1104 = DIRECTION ( 'NONE',  ( -0.9063077870366479383, 0.4226182617407038822, 0.000000000000000000 ) ) ;
#1105 = ORIENTED_EDGE ( 'NONE', *, *, #191, .T. ) ;
#1106 = AXIS2_PLACEMENT_3D ( 'NONE', #2870, #1870, #1856 ) ;
#1107 = DIRECTION ( 'NONE',  ( -0.000000000000000000, 0.9409610776262529175, -0.3385147713061290031 ) ) ;
#1108 = ORIENTED_EDGE ( 'NONE', *, *, #104, .T. ) ;
#1109 = ADVANCED_FACE ( 'NONE', ( #2939 ), #575, .F. ) ;
#1110 = PLANE ( 'NONE',  #2334 ) ;
#1111 = ADVANCED_FACE ( 'NONE', ( #1366, #270 ), #2154, .F. ) ;
#1112 = VECTOR ( 'NONE', #3257, 1000.000000000000000 ) ;
#1113 = CIRCLE ( 'NONE', #985, 15.00000000000000000 ) ;
#1114 = DIRECTION ( 'NONE',  ( -0.000000000000000000, -0.000000000000000000, -1.000000000000000000 ) ) ;
#1115 = AXIS2_PLACEMENT_3D ( 'NONE', #3424, #1238, #1503 ) ;
#1116 = ORIENTED_EDGE ( 'NONE', *, *, #2702, .T. ) ;
#1117 = DIRECTION ( 'NONE',  ( 0.000000000000000000, 0.9451725838742016661, -0.3265712582156689026 ) ) ;
#1118 = VECTOR ( 'NONE', #1421, 1000.000000000000000 ) ;
#1119 = ORIENTED_EDGE ( 'NONE', *, *, #2702, .F. ) ;
#1120 = VERTEX_POINT ( 'NONE', #3237 ) ;
#1121 = AXIS2_PLACEMENT_3D ( 'NONE', #1306, #1783, #2062 ) ;
#1122 = DIRECTION ( 'NONE',  ( 0.000000000000000000, 0.9451725838742016661, 0.3265712582156689026 ) ) ;
#1123 = DIRECTION ( 'NONE',  ( -1.000000000000000000, 0.000000000000000000, 0.000000000000000000 ) ) ;
#1124 = DIRECTION ( 'NONE',  ( 1.000000000000000000, 0.000000000000000000, -0.000000000000000000 ) ) ;
#1125 = LINE ( 'NONE', #2482, #1537 ) ;
#1126 = ORIENTED_EDGE ( 'NONE', *, *, #257, .T. ) ;
#1127 = CARTESIAN_POINT ( 'NONE',  ( 13.25000000000000533, -13.33517709520828554, 50.20261301764045214 ) ) ;
#1128 = DIRECTION ( 'NONE',  ( 0.000000000000000000, 0.000000000000000000, 1.000000000000000000 ) ) ;
#1129 = FACE_OUTER_BOUND ( 'NONE', #3293, .T. ) ;
#1130 = DIRECTION ( 'NONE',  ( 1.000000000000000000, -0.000000000000000000, -0.000000000000000000 ) ) ;
#1131 = EDGE_LOOP ( 'NONE', ( #2016, #2572, #1473, #3348 ) ) ;
#1132 = CARTESIAN_POINT ( 'NONE',  ( 13.25000000000000533, -16.94824980181295260, 4.028110642559255439 ) ) ;
#1133 = ORIENTED_EDGE ( 'NONE', *, *, #1778, .T. ) ;
#1134 = ORIENTED_EDGE ( 'NONE', *, *, #3260, .F. ) ;
#1135 = CARTESIAN_POINT ( 'NONE',  ( 16.25000000000000355, -16.94824980181295260, 51.02811064255924123 ) ) ;
#1136 = DIRECTION ( 'NONE',  ( 1.000000000000000000, -0.000000000000000000, -0.000000000000000000 ) ) ;
#1137 = CARTESIAN_POINT ( 'NONE',  ( 13.25000000000000533, -7.601651063197132352, 34.26527352470440491 ) ) ;
#1138 = FACE_OUTER_BOUND ( 'NONE', #1065, .T. ) ;
#1139 = ORIENTED_EDGE ( 'NONE', *, *, #1925, .F. ) ;
#1140 = CYLINDRICAL_SURFACE ( 'NONE', #663, 2.000000000000000000 ) ;
#1141 = FACE_OUTER_BOUND ( 'NONE', #62, .T. ) ;
#1142 = CARTESIAN_POINT ( 'NONE',  ( 16.25000000000000355, -16.94824980181295260, 67.02811064255924123 ) ) ;
#1143 = CARTESIAN_POINT ( 'NONE',  ( 16.25000000000000355, 17.60139231824429018, 70.91845581030764833 ) ) ;
#1144 = ORIENTED_EDGE ( 'NONE', *, *, #3028, .T. ) ;
#1145 = CARTESIAN_POINT ( 'NONE',  ( 16.25000000000000355, -31.25000000000000000, 0.000000000000000000 ) ) ;
#1146 = DIRECTION ( 'NONE',  ( 1.000000000000000000, -0.000000000000000000, -0.000000000000000000 ) ) ;
#1147 = ORIENTED_EDGE ( 'NONE', *, *, #1001, .T. ) ;
#1148 = VERTEX_POINT ( 'NONE', #501 ) ;
#1149 = DIRECTION ( 'NONE',  ( 1.000000000000000000, 0.000000000000000000, 0.000000000000000000 ) ) ;
#1150 = VECTOR ( 'NONE', #1308, 1000.000000000000000 ) ;
#1151 = EDGE_CURVE ( 'NONE', #1767, #145, #2458, .T. ) ;
#1152 = ADVANCED_FACE ( 'NONE', ( #2693, #822 ), #1632, .T. ) ;
#1153 = LINE ( 'NONE', #2985, #379 ) ;
#1154 = CARTESIAN_POINT ( 'NONE',  ( 13.25000000000000533, 16.94824980181295260, 87.02811064255922702 ) ) ;
#1155 = ADVANCED_FACE ( 'NONE', ( #1129 ), #3273, .F. ) ;
#1156 = CARTESIAN_POINT ( 'NONE',  ( 16.25000000000000355, 0.000000000000000000, 23.00000000000000000 ) ) ;
#1157 = EDGE_LOOP ( 'NONE', ( #2990, #3190, #4, #717 ) ) ;
#1158 = LINE ( 'NONE', #2642, #3088 ) ;
#1159 = DIRECTION ( 'NONE',  ( 0.000000000000000000, 0.000000000000000000, -1.000000000000000000 ) ) ;
#1160 = CYLINDRICAL_SURFACE ( 'NONE', #767, 15.00000000000000000 ) ;
#1161 = AXIS2_PLACEMENT_3D ( 'NONE', #2017, #2476, #674 ) ;
#1162 = PLANE ( 'NONE',  #178 ) ;
#1163 = VECTOR ( 'NONE', #791, 1000.000000000000114 ) ;
#1164 = DIRECTION ( 'NONE',  ( 0.000000000000000000, -0.9451725838742016661, -0.3265712582156689581 ) ) ;
#1165 = CARTESIAN_POINT ( 'NONE',  ( 11.25000000000000355, 16.94824980181295260, 76.02811064255924123 ) ) ;
#1166 = AXIS2_PLACEMENT_3D ( 'NONE', #2829, #2607, #2342 ) ;
#1167 = ORIENTED_EDGE ( 'NONE', *, *, #1516, .T. ) ;
#1168 = DIRECTION ( 'NONE',  ( 0.000000000000000000, 0.9409610776262525844, 0.3385147713061297248 ) ) ;
#1169 = AXIS2_PLACEMENT_3D ( 'NONE', #1215, #361, #2018 ) ;
#1170 = EDGE_CURVE ( 'NONE', #3320, #1828, #2122, .T. ) ;
#1171 = VECTOR ( 'NONE', #2523, 1000.000000000000000 ) ;
#1172 = ORIENTED_EDGE ( 'NONE', *, *, #1466, .T. ) ;
#1173 = ADVANCED_FACE ( 'NONE', ( #3481 ), #538, .F. ) ;
#1174 = CARTESIAN_POINT ( 'NONE',  ( 13.25000000000000533, -16.94824980181295260, 60.02811064255923412 ) ) ;
#1175 = VECTOR ( 'NONE', #1351, 1000.000000000000114 ) ;
#1176 = CARTESIAN_POINT ( 'NONE',  ( 13.25000000000000533, -48.90652701223654475, 48.89793624343045053 ) ) ;
#1177 = ORIENTED_EDGE ( 'NONE', *, *, #568, .F. ) ;
#1178 = DIRECTION ( 'NONE',  ( -1.000000000000000000, 0.000000000000000000, 0.000000000000000000 ) ) ;
#1179 = LINE ( 'NONE', #3287, #2797 ) ;
#1180 = CARTESIAN_POINT ( 'NONE',  ( 1.250000000000004663, -43.25000000000000000, 100.0000000000000000 ) ) ;
#1181 = LINE ( 'NONE', #616, #1037 ) ;
#1182 = EDGE_LOOP ( 'NONE', ( #99, #3115, #1044, #1746 ) ) ;
#1183 = FACE_OUTER_BOUND ( 'NONE', #2029, .T. ) ;
#1184 = CARTESIAN_POINT ( 'NONE',  ( 13.25000000000000533, -16.29510728538161501, 49.13776547481083412 ) ) ;
#1185 = EDGE_CURVE ( 'NONE', #622, #885, #1076, .T. ) ;
#1186 = VERTEX_POINT ( 'NONE', #1058 ) ;
#1187 = PLANE ( 'NONE',  #1661 ) ;
#1188 = EDGE_LOOP ( 'NONE', ( #789, #331, #1462, #1474 ) ) ;
#1189 = DIRECTION ( 'NONE',  ( -0.000000000000000000, -1.000000000000000000, -0.000000000000000000 ) ) ;
#1190 = CYLINDRICAL_SURFACE ( 'NONE', #3118, 15.00000000000000000 ) ;
#1191 = CARTESIAN_POINT ( 'NONE',  ( 13.25000000000000533, -18.03990701756122661, 61.76694242582604488 ) ) ;
#1192 = DIRECTION ( 'NONE',  ( -0.000000000000000000, 0.9409610776262526954, -0.3385147713061296137 ) ) ;
#1193 = CYLINDRICAL_SURFACE ( 'NONE', #2796, 2.000000000000001776 ) ;
#1194 = EDGE_CURVE ( 'NONE', #2534, #2646, #2922, .T. ) ;
#1195 = LINE ( 'NONE', #2834, #3284 ) ;
#1196 = EDGE_CURVE ( 'NONE', #3134, #550, #2655, .T. ) ;
#1197 = ORIENTED_EDGE ( 'NONE', *, *, #2273, .T. ) ;
#1198 = CARTESIAN_POINT ( 'NONE',  ( -16.24999999999999289, -31.25000000000000000, 0.000000000000000000 ) ) ;
#1199 = DIRECTION ( 'NONE',  ( 0.000000000000000000, 0.000000000000000000, 1.000000000000000000 ) ) ;
#1200 = ORIENTED_EDGE ( 'NONE', *, *, #2388, .F. ) ;
#1201 = DIRECTION ( 'NONE',  ( 1.000000000000000000, -0.000000000000000000, -0.000000000000000000 ) ) ;
#1202 = ORIENTED_EDGE ( 'NONE', *, *, #2291, .F. ) ;
#1203 = VECTOR ( 'NONE', #3327, 1000.000000000000000 ) ;
#1204 = CARTESIAN_POINT ( 'NONE',  ( 11.25000000000000355, 16.29510728538161501, 4.137765474810851885 ) ) ;
#1205 = CIRCLE ( 'NONE', #643, 2.000000000000001776 ) ;
#1206 = DIRECTION ( 'NONE',  ( 1.000000000000000000, -0.000000000000000000, -0.000000000000000000 ) ) ;
#1207 = DIRECTION ( 'NONE',  ( 1.000000000000000000, 0.000000000000000000, 0.000000000000000000 ) ) ;
#1208 = DIRECTION ( 'NONE',  ( 0.000000000000000000, 0.000000000000000000, 1.000000000000000000 ) ) ;
#1209 = VERTEX_POINT ( 'NONE', #233 ) ;
#1210 = VECTOR ( 'NONE', #241, 1000.000000000000114 ) ;
#1211 = ORIENTED_EDGE ( 'NONE', *, *, #1410, .F. ) ;
#1212 = EDGE_LOOP ( 'NONE', ( #754, #3212, #3363, #1004, #2215, #1810, #2172, #272 ) ) ;
#1213 = EDGE_CURVE ( 'NONE', #3225, #1878, #1312, .T. ) ;
#1214 = DIRECTION ( 'NONE',  ( -1.000000000000000000, 0.000000000000000000, 0.000000000000000000 ) ) ;
#1215 = CARTESIAN_POINT ( 'NONE',  ( 16.25000000000000355, 16.94824980181295260, 78.02811064255924123 ) ) ;
#1216 = AXIS2_PLACEMENT_3D ( 'NONE', #936, #349, #691 ) ;
#1217 = CIRCLE ( 'NONE', #1161, 2.000000000000001776 ) ;
#1218 = ORIENTED_EDGE ( 'NONE', *, *, #1786, .F. ) ;
#1219 = LINE ( 'NONE', #2771, #2274 ) ;
#1220 = AXIS2_PLACEMENT_3D ( 'NONE', #326, #3083, #2507 ) ;
#1221 = EDGE_LOOP ( 'NONE', ( #749, #3452, #686, #748, #1682, #3261, #47, #2588 ) ) ;
#1222 = VERTEX_POINT ( 'NONE', #3220 ) ;
#1223 = CIRCLE ( 'NONE', #3414, 2.000000000000001776 ) ;
#1224 = CARTESIAN_POINT ( 'NONE',  ( 13.25000000000000533, -16.94824980181295260, 31.02811064255924478 ) ) ;
#1225 = VECTOR ( 'NONE', #2769, 1000.000000000000000 ) ;
#1226 = DIRECTION ( 'NONE',  ( -1.000000000000000000, 0.000000000000000000, 0.000000000000000000 ) ) ;
#1227 = CIRCLE ( 'NONE', #1003, 2.000000000000001776 ) ;
#1228 = DIRECTION ( 'NONE',  ( 1.000000000000000000, -0.000000000000000000, -0.000000000000000000 ) ) ;
#1229 = LINE ( 'NONE', #2540, #1926 ) ;
#1230 = ORIENTED_EDGE ( 'NONE', *, *, #2871, .F. ) ;
#1231 = EDGE_LOOP ( 'NONE', ( #3108, #3218, #3413, #1809 ) ) ;
#1232 = CARTESIAN_POINT ( 'NONE',  ( 11.25000000000000355, 16.94824980181295260, 69.02811064255924123 ) ) ;
#1233 = ORIENTED_EDGE ( 'NONE', *, *, #3222, .F. ) ;
#1234 = CARTESIAN_POINT ( 'NONE',  ( 16.25000000000000355, -31.25000000000000000, 100.0000000000000000 ) ) ;
#1235 = ADVANCED_FACE ( 'NONE', ( #20 ), #1110, .F. ) ;
#1236 = ORIENTED_EDGE ( 'NONE', *, *, #14, .T. ) ;
#1237 = ORIENTED_EDGE ( 'NONE', *, *, #1685, .T. ) ;
#1238 = DIRECTION ( 'NONE',  ( 1.000000000000000000, -0.000000000000000000, -0.000000000000000000 ) ) ;
#1239 = DIRECTION ( 'NONE',  ( 0.000000000000000000, 0.000000000000000000, -1.000000000000000000 ) ) ;
#1240 = LINE ( 'NONE', #1507, #888 ) ;
#1241 = DIRECTION ( 'NONE',  ( 0.9063077870366477162, 0.4226182617407040487, 0.000000000000000000 ) ) ;
#1242 = DIRECTION ( 'NONE',  ( 0.000000000000000000, 0.000000000000000000, -1.000000000000000000 ) ) ;
#1243 = ORIENTED_EDGE ( 'NONE', *, *, #2995, .T. ) ;
#1244 = ORIENTED_EDGE ( 'NONE', *, *, #721, .F. ) ;
#1245 = DIRECTION ( 'NONE',  ( -1.000000000000000000, 0.000000000000000000, 0.000000000000000000 ) ) ;
#1246 = EDGE_LOOP ( 'NONE', ( #1202, #1657, #3089, #2941, #2127, #747, #1398, #2569 ) ) ;
#1247 = CARTESIAN_POINT ( 'NONE',  ( 11.25000000000000355, -16.29510728538161501, 85.13776547481083412 ) ) ;
#1248 = VERTEX_POINT ( 'NONE', #1091 ) ;
#1249 = EDGE_CURVE ( 'NONE', #1974, #1845, #1327, .T. ) ;
#1250 = CARTESIAN_POINT ( 'NONE',  ( 16.25000000000000355, 16.29510728538161501, 76.13776547481081991 ) ) ;
#1251 = EDGE_CURVE ( 'NONE', #1349, #690, #1686, .T. ) ;
#1252 = CARTESIAN_POINT ( 'NONE',  ( 13.25000000000000533, -16.94824980181295260, 22.02811064255925189 ) ) ;
#1253 = CARTESIAN_POINT ( 'NONE',  ( 1.249999999999994005, 31.25000000000000000, 100.0000000000000000 ) ) ;
#1254 = CARTESIAN_POINT ( 'NONE',  ( -1.249999999999994227, 46.25000000000000000, 0.000000000000000000 ) ) ;
#1255 = FACE_OUTER_BOUND ( 'NONE', #3298, .T. ) ;
#1256 = PRODUCT_DEFINITION_FORMATION_WITH_SPECIFIED_SOURCE ( 'ANY', '', #521, .NOT_KNOWN. ) ;
#1257 = DIRECTION ( 'NONE',  ( 0.000000000000000000, 0.3265712582156689581, 0.9451725838742017771 ) ) ;
#1258 = EDGE_LOOP ( 'NONE', ( #207, #3428, #2692, #1979, #253, #231, #1041, #3135 ) ) ;
#1259 = ORIENTED_EDGE ( 'NONE', *, *, #163, .F. ) ;
#1260 = DIRECTION ( 'NONE',  ( 0.000000000000000000, 1.000000000000000000, 0.000000000000000000 ) ) ;
#1261 = EDGE_CURVE ( 'NONE', #949, #1896, #614, .T. ) ;
#1262 = VECTOR ( 'NONE', #1192, 1000.000000000000000 ) ;
#1263 = ORIENTED_EDGE ( 'NONE', *, *, #1515, .T. ) ;
#1264 = AXIS2_PLACEMENT_3D ( 'NONE', #755, #450, #2035 ) ;
#1265 = DIRECTION ( 'NONE',  ( 0.000000000000000000, -0.9409610776262525844, 0.3385147713061297248 ) ) ;
#1266 = VERTEX_POINT ( 'NONE', #2538 ) ;
#1267 = ORIENTED_EDGE ( 'NONE', *, *, #766, .T. ) ;
#1268 = CARTESIAN_POINT ( 'NONE',  ( 16.25000000000000355, -16.94824980181295260, 69.02811064255924123 ) ) ;
#1269 = EDGE_CURVE ( 'NONE', #2183, #2543, #3358, .T. ) ;
#1270 = AXIS2_PLACEMENT_3D ( 'NONE', #2026, #2896, #977 ) ;
#1271 = CARTESIAN_POINT ( 'NONE',  ( 1.249999999999996447, 46.25000000000000711, 0.000000000000000000 ) ) ;
#1272 = AXIS2_PLACEMENT_3D ( 'NONE', #646, #3006, #1976 ) ;
#1273 = EDGE_CURVE ( 'NONE', #2821, #2982, #57, .T. ) ;
#1274 = VECTOR ( 'NONE', #1886, 1000.000000000000000 ) ;
#1275 = CARTESIAN_POINT ( 'NONE',  ( 16.25000000000000355, 16.94824980181295260, 58.02811064255923412 ) ) ;
#1276 = CARTESIAN_POINT ( 'NONE',  ( 16.25000000000000355, -16.29510728538161501, 4.137765474810851885 ) ) ;
#1277 = CIRCLE ( 'NONE', #2175, 2.000000000000001776 ) ;
#1278 = PLANE ( 'NONE',  #1987 ) ;
#1279 = ORIENTED_EDGE ( 'NONE', *, *, #1640, .T. ) ;
#1280 = VECTOR ( 'NONE', #1136, 1000.000000000000000 ) ;
#1281 = EDGE_LOOP ( 'NONE', ( #1006, #1046, #819, #812 ) ) ;
#1282 = DIRECTION ( 'NONE',  ( 1.000000000000000000, -0.000000000000000000, -0.000000000000000000 ) ) ;
#1283 = EDGE_CURVE ( 'NONE', #2982, #2753, #1923, .T. ) ;
#1284 = ORIENTED_EDGE ( 'NONE', *, *, #3206, .F. ) ;
#1285 = CARTESIAN_POINT ( 'NONE',  ( 16.25000000000000355, -17.60139231824429018, 61.91845581030763412 ) ) ;
#1286 = ORIENTED_EDGE ( 'NONE', *, *, #2766, .F. ) ;
#1287 = ORIENTED_EDGE ( 'NONE', *, *, #3013, .T. ) ;
#1288 = DIRECTION ( 'NONE',  ( 1.000000000000000000, 0.000000000000000000, -0.000000000000000000 ) ) ;
#1289 = EDGE_CURVE ( 'NONE', #2891, #1869, #1943, .T. ) ;
#1290 = DIRECTION ( 'NONE',  ( 0.000000000000000000, 0.3265712582156689581, 0.9451725838742017771 ) ) ;
#1291 = CARTESIAN_POINT ( 'NONE',  ( 13.25000000000000533, -16.29510728538161501, 67.13776547481084833 ) ) ;
#1292 = CARTESIAN_POINT ( 'NONE',  ( 11.25000000000000355, 17.60139231824429018, 7.918455810307658993 ) ) ;
#1293 = CARTESIAN_POINT ( 'NONE',  ( 11.25000000000000355, -17.60139231824429018, 34.91845581030765544 ) ) ;
#1294 = ORIENTED_EDGE ( 'NONE', *, *, #1790, .F. ) ;
#1295 = EDGE_LOOP ( 'NONE', ( #3449, #498, #2583, #2712 ) ) ;
#1296 = CYLINDRICAL_SURFACE ( 'NONE', #2617, 15.00000000000000000 ) ;
#1297 = CARTESIAN_POINT ( 'NONE',  ( 13.25000000000000533, 17.60139231824429018, 52.91845581030764123 ) ) ;
#1298 = DIRECTION ( 'NONE',  ( -0.000000000000000000, -0.9451725838742016661, 0.3265712582156689581 ) ) ;
#1299 = ORIENTED_EDGE ( 'NONE', *, *, #205, .F. ) ;
#1300 = FACE_OUTER_BOUND ( 'NONE', #1647, .T. ) ;
#1301 = ADVANCED_FACE ( 'NONE', ( #897 ), #1977, .F. ) ;
#1302 = ORIENTED_EDGE ( 'NONE', *, *, #2981, .F. ) ;
#1303 = VERTEX_POINT ( 'NONE', #90 ) ;
#1304 = FACE_OUTER_BOUND ( 'NONE', #1231, .T. ) ;
#1305 = CARTESIAN_POINT ( 'NONE',  ( 16.25000000000000355, -16.94824980181295260, 22.02811064255925189 ) ) ;
#1306 = CARTESIAN_POINT ( 'NONE',  ( -1.249999999999994227, -31.25000000000000000, 100.0000000000000000 ) ) ;
#1307 = CARTESIAN_POINT ( 'NONE',  ( 16.25000000000000355, -16.29510728538161501, 85.13776547481083412 ) ) ;
#1308 = DIRECTION ( 'NONE',  ( 1.000000000000000000, -0.000000000000000000, -0.000000000000000000 ) ) ;
#1309 = AXIS2_PLACEMENT_3D ( 'NONE', #2952, #1087, #534 ) ;
#1310 = VERTEX_POINT ( 'NONE', #668 ) ;
#1311 = ORIENTED_EDGE ( 'NONE', *, *, #1555, .F. ) ;
#1312 = LINE ( 'NONE', #2381, #1608 ) ;
#1313 = CIRCLE ( 'NONE', #751, 2.000000000000001776 ) ;
#1314 = EDGE_CURVE ( 'NONE', #3302, #359, #1401, .T. ) ;
#1315 = CARTESIAN_POINT ( 'NONE',  ( 11.25000000000000355, 0.000000000000000000, 14.00000000000000000 ) ) ;
#1316 = EDGE_CURVE ( 'NONE', #1266, #1929, #1736, .T. ) ;
#1317 = ADVANCED_FACE ( 'NONE', ( #1471 ), #1160, .T. ) ;
#1318 = ORIENTED_EDGE ( 'NONE', *, *, #2008, .F. ) ;
#1319 = DIRECTION ( 'NONE',  ( 0.000000000000000000, 0.000000000000000000, -1.000000000000000000 ) ) ;
#1320 = EDGE_LOOP ( 'NONE', ( #1876, #2965, #2975, #948 ) ) ;
#1321 = AXIS2_PLACEMENT_3D ( 'NONE', #2840, #1986, #131 ) ;
#1322 = ORIENTED_EDGE ( 'NONE', *, *, #2546, .F. ) ;
#1323 = LINE ( 'NONE', #1250, #3178 ) ;
#1324 = DIRECTION ( 'NONE',  ( 0.000000000000000000, -0.9409610776262525844, -0.3385147713061297248 ) ) ;
#1325 = VECTOR ( 'NONE', #1282, 1000.000000000000000 ) ;
#1326 = CARTESIAN_POINT ( 'NONE',  ( 13.25000000000000533, 17.60139231824429018, 61.91845581030764123 ) ) ;
#1327 = CIRCLE ( 'NONE', #2224, 2.000000000000001776 ) ;
#1328 = CARTESIAN_POINT ( 'NONE',  ( 13.25000000000000533, -24.80222915923063454, 82.07729200351258214 ) ) ;
#1329 = AXIS2_PLACEMENT_3D ( 'NONE', #2213, #3474, #553 ) ;
#1330 = DIRECTION ( 'NONE',  ( 1.000000000000000000, -0.000000000000000000, -0.000000000000000000 ) ) ;
#1331 = ORIENTED_EDGE ( 'NONE', *, *, #1882, .F. ) ;
#1332 = ORIENTED_EDGE ( 'NONE', *, *, #2112, .T. ) ;
#1333 = VECTOR ( 'NONE', #1921, 1000.000000000000000 ) ;
#1334 = DIRECTION ( 'NONE',  ( 1.000000000000000000, -0.000000000000000000, -0.000000000000000000 ) ) ;
#1335 = DIRECTION ( 'NONE',  ( 1.000000000000000000, 0.000000000000000000, 0.000000000000000000 ) ) ;
#1336 = STYLED_ITEM ( 'NONE', ( #925 ), #2358 ) ;
#1337 = ORIENTED_EDGE ( 'NONE', *, *, #1283, .F. ) ;
#1338 = LINE ( 'NONE', #2408, #3297 ) ;
#1339 = VECTOR ( 'NONE', #118, 1000.000000000000000 ) ;
#1340 = ORIENTED_EDGE ( 'NONE', *, *, #334, .F. ) ;
#1341 = ORIENTED_EDGE ( 'NONE', *, *, #1652, .T. ) ;
#1342 = DIRECTION ( 'NONE',  ( 0.000000000000000000, 0.3385147713061297803, -0.9409610776262526954 ) ) ;
#1343 = CARTESIAN_POINT ( 'NONE',  ( -23.75577422178335141, 7.499999999999998224, 100.0000000000000000 ) ) ;
#1344 = EDGE_CURVE ( 'NONE', #465, #622, #875, .T. ) ;
#1345 = CARTESIAN_POINT ( 'NONE',  ( 13.25000000000000533, 0.000000000000000000, 67.99999999999998579 ) ) ;
#1346 = FACE_OUTER_BOUND ( 'NONE', #2047, .T. ) ;
#1347 = DIRECTION ( 'NONE',  ( 0.000000000000000000, 0.000000000000000000, -1.000000000000000000 ) ) ;
#1348 = EDGE_LOOP ( 'NONE', ( #1644, #482, #3343, #3470 ) ) ;
#1349 = VERTEX_POINT ( 'NONE', #1417 ) ;
#1350 = DIRECTION ( 'NONE',  ( 1.000000000000000000, -0.000000000000000000, -0.000000000000000000 ) ) ;
#1351 = DIRECTION ( 'NONE',  ( 0.000000000000000000, 0.9451725838742016661, 0.3265712582156689026 ) ) ;
#1352 = ADVANCED_FACE ( 'NONE', ( #2486 ), #1193, .F. ) ;
#1353 = ORIENTED_EDGE ( 'NONE', *, *, #1916, .F. ) ;
#1354 = DIRECTION ( 'NONE',  ( 5.551115123125782702E-17, 1.000000000000000000, 0.000000000000000000 ) ) ;
#1355 = EDGE_LOOP ( 'NONE', ( #678, #2696, #3055, #1211 ) ) ;
#1356 = ORIENTED_EDGE ( 'NONE', *, *, #1185, .T. ) ;
#1357 = CARTESIAN_POINT ( 'NONE',  ( 16.25000000000000355, 16.94824980181295260, 6.028110642559255439 ) ) ;
#1358 = CARTESIAN_POINT ( 'NONE',  ( 11.25000000000000355, 16.29510728538161501, 22.13776547481084833 ) ) ;
#1359 = CARTESIAN_POINT ( 'NONE',  ( 16.25000000000000355, 16.94824980181295260, 24.02811064255925189 ) ) ;
#1360 = EDGE_CURVE ( 'NONE', #1148, #885, #3049, .T. ) ;
#1361 = DIRECTION ( 'NONE',  ( -1.000000000000000000, -0.000000000000000000, -0.000000000000000000 ) ) ;
#1362 = CARTESIAN_POINT ( 'NONE',  ( -16.24999999999999289, 3.999999999999998224, 0.000000000000000000 ) ) ;
#1363 = EDGE_LOOP ( 'NONE', ( #1743, #3004, #1279, #2839 ) ) ;
#1364 = LINE ( 'NONE', #2225, #1333 ) ;
#1365 = DIRECTION ( 'NONE',  ( 0.000000000000000000, 0.000000000000000000, 1.000000000000000000 ) ) ;
#1366 = FACE_OUTER_BOUND ( 'NONE', #1475, .T. ) ;
#1367 = CARTESIAN_POINT ( 'NONE',  ( -1.249999999999994227, -43.25000000000000000, 100.0000000000000000 ) ) ;
#1368 = VECTOR ( 'NONE', #3162, 1000.000000000000000 ) ;
#1369 = ORIENTED_EDGE ( 'NONE', *, *, #1269, .F. ) ;
#1370 = FACE_OUTER_BOUND ( 'NONE', #863, .T. ) ;
#1371 = VERTEX_POINT ( 'NONE', #1142 ) ;
#1372 = ORIENTED_EDGE ( 'NONE', *, *, #325, .T. ) ;
#1373 = LINE ( 'NONE', #2144, #475 ) ;
#1374 = CARTESIAN_POINT ( 'NONE',  ( -1.249999999999994227, -43.25000000000000000, 100.0000000000000000 ) ) ;
#1375 = ADVANCED_FACE ( 'NONE', ( #630 ), #2746, .F. ) ;
#1376 = CIRCLE ( 'NONE', #304, 2.000000000000001776 ) ;
#1377 = CARTESIAN_POINT ( 'NONE',  ( 13.25000000000000533, -16.94824980181295260, 13.02811064255925366 ) ) ;
#1378 = CARTESIAN_POINT ( 'NONE',  ( 11.25000000000000355, -16.94824980181295260, 78.02811064255924123 ) ) ;
#1379 = ORIENTED_EDGE ( 'NONE', *, *, #2156, .T. ) ;
#1380 = AXIS2_PLACEMENT_3D ( 'NONE', #2544, #880, #2805 ) ;
#1381 = DIRECTION ( 'NONE',  ( 0.000000000000000000, 0.000000000000000000, 1.000000000000000000 ) ) ;
#1382 = LINE ( 'NONE', #324, #3349 ) ;
#1383 = DIRECTION ( 'NONE',  ( 0.000000000000000000, -1.000000000000000000, 0.000000000000000000 ) ) ;
#1384 = AXIS2_PLACEMENT_3D ( 'NONE', #2991, #1334, #1891 ) ;
#1385 = LINE ( 'NONE', #2460, #1706 ) ;
#1386 = CIRCLE ( 'NONE', #1329, 12.00000000000000000 ) ;
#1387 = ORIENTED_EDGE ( 'NONE', *, *, #876, .F. ) ;
#1388 = DIRECTION ( 'NONE',  ( -0.000000000000000000, -0.000000000000000000, -1.000000000000000000 ) ) ;
#1389 = CIRCLE ( 'NONE', #1779, 2.000000000000001776 ) ;
#1390 = ORIENTED_EDGE ( 'NONE', *, *, #543, .T. ) ;
#1391 = VERTEX_POINT ( 'NONE', #357 ) ;
#1392 = AXIS2_PLACEMENT_3D ( 'NONE', #2778, #909, #2536 ) ;
#1393 = DIRECTION ( 'NONE',  ( 0.000000000000000000, 0.000000000000000000, 1.000000000000000000 ) ) ;
#1394 = ADVANCED_FACE ( 'NONE', ( #1433 ), #2247, .F. ) ;
#1395 = DIRECTION ( 'NONE',  ( 0.000000000000000000, -0.9451725838742016661, -0.3265712582156689026 ) ) ;
#1396 = DIRECTION ( 'NONE',  ( 0.000000000000000000, 0.000000000000000000, -1.000000000000000000 ) ) ;
#1397 = CARTESIAN_POINT ( 'NONE',  ( 13.25000000000000533, 0.000000000000000000, 40.99999999999999289 ) ) ;
#1398 = ORIENTED_EDGE ( 'NONE', *, *, #2496, .F. ) ;
#1399 = DIRECTION ( 'NONE',  ( 1.000000000000000000, -0.000000000000000000, -0.000000000000000000 ) ) ;
#1400 = CARTESIAN_POINT ( 'NONE',  ( 16.25000000000000355, -16.94824980181295260, 33.02811064255924833 ) ) ;
#1401 = LINE ( 'NONE', #3032, #1999 ) ;
#1402 = LINE ( 'NONE', #2728, #1650 ) ;
#1403 = ORIENTED_EDGE ( 'NONE', *, *, #802, .T. ) ;
#1404 = PLANE ( 'NONE',  #77 ) ;
#1405 = ORIENTED_EDGE ( 'NONE', *, *, #2409, .T. ) ;
#1406 = ORIENTED_EDGE ( 'NONE', *, *, #1729, .F. ) ;
#1407 = DIRECTION ( 'NONE',  ( 1.000000000000000000, -0.000000000000000000, -0.000000000000000000 ) ) ;
#1408 = PLANE ( 'NONE',  #3475 ) ;
#1409 = CARTESIAN_POINT ( 'NONE',  ( 13.25000000000000533, 0.000000000000000000, 58.99999999999998579 ) ) ;
#1410 = EDGE_CURVE ( 'NONE', #690, #1186, #2557, .T. ) ;
#1411 = EDGE_CURVE ( 'NONE', #672, #1861, #997, .T. ) ;
#1412 = CARTESIAN_POINT ( 'NONE',  ( 13.25000000000000533, -16.94824980181295260, 15.02811064255925366 ) ) ;
#1413 = ORIENTED_EDGE ( 'NONE', *, *, #2888, .F. ) ;
#1414 = UNCERTAINTY_MEASURE_WITH_UNIT (LENGTH_MEASURE( 1.000000000000000082E-05 ), #1453, 'distance_accuracy_value', 'NONE');
#1415 = DIRECTION ( 'NONE',  ( 1.000000000000000000, 0.000000000000000000, -0.000000000000000000 ) ) ;
#1416 = CYLINDRICAL_SURFACE ( 'NONE', #2160, 2.000000000000001776 ) ;
#1417 = CARTESIAN_POINT ( 'NONE',  ( 13.25000000000000533, 0.000000000000000000, 49.99999999999998579 ) ) ;
#1418 = CARTESIAN_POINT ( 'NONE',  ( 13.25000000000000533, -31.25000000000000000, 0.000000000000000000 ) ) ;
#1419 = ORIENTED_EDGE ( 'NONE', *, *, #2124, .T. ) ;
#1420 = CARTESIAN_POINT ( 'NONE',  ( 11.25000000000000355, -16.94824980181295260, 24.02811064255925189 ) ) ;
#1421 = DIRECTION ( 'NONE',  ( -0.000000000000000000, -0.000000000000000000, -1.000000000000000000 ) ) ;
#1422 = EDGE_CURVE ( 'NONE', #769, #2996, #540, .T. ) ;
#1423 = EDGE_LOOP ( 'NONE', ( #1952, #839, #1356, #2674 ) ) ;
#1424 = CARTESIAN_POINT ( 'NONE',  ( 11.25000000000000355, 16.29510728538161501, 49.13776547481083412 ) ) ;
#1425 = VECTOR ( 'NONE', #3269, 1000.000000000000000 ) ;
#1426 = VERTEX_POINT ( 'NONE', #1522 ) ;
#1427 = CARTESIAN_POINT ( 'NONE',  ( 16.25000000000000355, -16.94824980181295260, 87.02811064255922702 ) ) ;
#1428 = AXIS2_PLACEMENT_3D ( 'NONE', #106, #1432, #2226 ) ;
#1429 = CARTESIAN_POINT ( 'NONE',  ( -1.249999999999994227, 46.25000000000000000, 100.0000000000000000 ) ) ;
#1430 = VERTEX_POINT ( 'NONE', #1276 ) ;
#1431 = FILL_AREA_STYLE_COLOUR ( '', #2859 ) ;
#1432 = DIRECTION ( 'NONE',  ( 0.4226182617407041597, -0.9063077870366478273, 0.000000000000000000 ) ) ;
#1433 = FACE_OUTER_BOUND ( 'NONE', #1565, .T. ) ;
#1434 = AXIS2_PLACEMENT_3D ( 'NONE', #1754, #3068, #2000 ) ;
#1435 = CARTESIAN_POINT ( 'NONE',  ( 13.25000000000000533, 16.29510728538161501, 40.13776547481084833 ) ) ;
#1436 = ORIENTED_EDGE ( 'NONE', *, *, #1249, .T. ) ;
#1437 = AXIS2_PLACEMENT_3D ( 'NONE', #2866, #960, #2013 ) ;
#1438 = DIRECTION ( 'NONE',  ( 1.000000000000000000, -0.000000000000000000, -0.000000000000000000 ) ) ;
#1439 = AXIS2_PLACEMENT_3D ( 'NONE', #1135, #2967, #1393 ) ;
#1440 = DIRECTION ( 'NONE',  ( 0.000000000000000000, -0.9451725838742016661, 0.3265712582156689026 ) ) ;
#1441 = VECTOR ( 'NONE', #2500, 1000.000000000000000 ) ;
#1442 = VERTEX_POINT ( 'NONE', #2345 ) ;
#1443 = CARTESIAN_POINT ( 'NONE',  ( 16.25000000000000355, 0.000000000000000000, 14.00000000000000000 ) ) ;
#1444 = AXIS2_PLACEMENT_3D ( 'NONE', #916, #1983, #653 ) ;
#1445 = ORIENTED_EDGE ( 'NONE', *, *, #2061, .F. ) ;
#1446 = VECTOR ( 'NONE', #3177, 1000.000000000000114 ) ;
#1447 = EDGE_LOOP ( 'NONE', ( #1759, #1584, #3334, #3163 ) ) ;
#1448 = EDGE_CURVE ( 'NONE', #2534, #738, #1720, .T. ) ;
#1449 = FACE_OUTER_BOUND ( 'NONE', #3390, .T. ) ;
#1450 = ADVANCED_FACE ( 'NONE', ( #2633 ), #745, .F. ) ;
#1451 = CARTESIAN_POINT ( 'NONE',  ( 11.25000000000000355, 16.94824980181295260, 24.02811064255925189 ) ) ;
#1452 = VERTEX_POINT ( 'NONE', #457 ) ;
#1453 =( LENGTH_UNIT ( ) NAMED_UNIT ( * ) SI_UNIT ( .MILLI., .METRE. ) );
#1454 = CYLINDRICAL_SURFACE ( 'NONE', #3410, 2.000000000000001776 ) ;
#1455 = CARTESIAN_POINT ( 'NONE',  ( 11.25000000000000355, -16.29510728538161501, 49.13776547481083412 ) ) ;
#1456 = ADVANCED_FACE ( 'NONE', ( #2294 ), #1801, .F. ) ;
#1457 = DIRECTION ( 'NONE',  ( 1.000000000000000000, -0.000000000000000000, -0.000000000000000000 ) ) ;
#1458 = ORIENTED_EDGE ( 'NONE', *, *, #861, .T. ) ;
#1459 = CARTESIAN_POINT ( 'NONE',  ( 13.25000000000000533, 16.94824980181295260, 42.02811064255924833 ) ) ;
#1460 = FACE_OUTER_BOUND ( 'NONE', #849, .T. ) ;
#1461 = ADVANCED_FACE ( 'NONE', ( #2359 ), #1785, .F. ) ;
#1462 = ORIENTED_EDGE ( 'NONE', *, *, #2377, .F. ) ;
#1463 = DIRECTION ( 'NONE',  ( 0.000000000000000000, -0.3385147713061297803, -0.9409610776262526954 ) ) ;
#1464 = EDGE_LOOP ( 'NONE', ( #1387, #2754, #133, #3433 ) ) ;
#1465 = CARTESIAN_POINT ( 'NONE',  ( 13.25000000000000533, -23.59589861660279198, 77.84726426535985411 ) ) ;
#1466 = EDGE_CURVE ( 'NONE', #2446, #2678, #1499, .T. ) ;
#1467 =( NAMED_UNIT ( * ) SI_UNIT ( $, .STERADIAN. ) SOLID_ANGLE_UNIT ( ) );
#1468 = EDGE_CURVE ( 'NONE', #1148, #465, #3161, .T. ) ;
#1469 = CARTESIAN_POINT ( 'NONE',  ( 11.25000000000000355, 16.94824980181295260, 67.02811064255924123 ) ) ;
#1470 = FACE_OUTER_BOUND ( 'NONE', #2162, .T. ) ;
#1471 = FACE_OUTER_BOUND ( 'NONE', #298, .T. ) ;
#1472 = DIRECTION ( 'NONE',  ( 1.000000000000000000, -0.000000000000000000, -0.000000000000000000 ) ) ;
#1473 = ORIENTED_EDGE ( 'NONE', *, *, #1717, .T. ) ;
#1474 = ORIENTED_EDGE ( 'NONE', *, *, #3369, .T. ) ;
#1475 = EDGE_LOOP ( 'NONE', ( #2787, #236, #86, #2353, #3016, #2301, #527, #1698, #2654, #2426, #2030, #574 ) ) ;
#1476 = DIRECTION ( 'NONE',  ( 1.000000000000000000, -0.000000000000000000, -0.000000000000000000 ) ) ;
#1477 = CARTESIAN_POINT ( 'NONE',  ( 16.25000000000000355, 16.29510728538161501, 58.13776547481083412 ) ) ;
#1478 = ORIENTED_EDGE ( 'NONE', *, *, #434, .F. ) ;
#1479 = PRODUCT_DEFINITION ( 'UNKNOWN', '', #1256, #2808 ) ;
#1480 = CARTESIAN_POINT ( 'NONE',  ( 11.25000000000000355, -16.94824980181295260, 60.02811064255923412 ) ) ;
#1481 = ORIENTED_EDGE ( 'NONE', *, *, #2518, .F. ) ;
#1482 = ORIENTED_EDGE ( 'NONE', *, *, #277, .T. ) ;
#1483 = VECTOR ( 'NONE', #2263, 1000.000000000000000 ) ;
#1484 = DIRECTION ( 'NONE',  ( 1.000000000000000000, -0.000000000000000000, -0.000000000000000000 ) ) ;
#1485 = CARTESIAN_POINT ( 'NONE',  ( 0.000000000000000000, 0.000000000000000000, 0.000000000000000000 ) ) ;
#1486 = SURFACE_STYLE_USAGE ( .BOTH. , #2832 ) ;
#1487 = LINE ( 'NONE', #2580, #2677 ) ;
#1488 = DIRECTION ( 'NONE',  ( -1.000000000000000000, 0.000000000000000000, 0.000000000000000000 ) ) ;
#1489 = VECTOR ( 'NONE', #1726, 1000.000000000000000 ) ;
#1490 = ORIENTED_EDGE ( 'NONE', *, *, #3291, .T. ) ;
#1491 = ORIENTED_EDGE ( 'NONE', *, *, #314, .T. ) ;
#1492 = CARTESIAN_POINT ( 'NONE',  ( 11.25000000000000355, 0.000000000000000000, 14.00000000000000000 ) ) ;
#1493 = EDGE_CURVE ( 'NONE', #161, #2519, #699, .T. ) ;
#1494 = AXIS2_PLACEMENT_3D ( 'NONE', #1079, #3276, #2141 ) ;
#1495 = VECTOR ( 'NONE', #2350, 1000.000000000000114 ) ;
#1496 = ORIENTED_EDGE ( 'NONE', *, *, #255, .T. ) ;
#1497 = DIRECTION ( 'NONE',  ( 0.000000000000000000, 0.000000000000000000, -1.000000000000000000 ) ) ;
#1498 = ADVANCED_FACE ( 'NONE', ( #1255 ), #945, .F. ) ;
#1499 = CIRCLE ( 'NONE', #1944, 2.000000000000001776 ) ;
#1500 = ORIENTED_EDGE ( 'NONE', *, *, #3206, .T. ) ;
#1501 = ORIENTED_EDGE ( 'NONE', *, *, #694, .T. ) ;
#1502 = VECTOR ( 'NONE', #2843, 1000.000000000000000 ) ;
#1503 = DIRECTION ( 'NONE',  ( 0.000000000000000000, 0.000000000000000000, -1.000000000000000000 ) ) ;
#1504 = AXIS2_PLACEMENT_3D ( 'NONE', #1358, #242, #2130 ) ;
#1505 = DIRECTION ( 'NONE',  ( 1.000000000000000000, -0.000000000000000000, -0.000000000000000000 ) ) ;
#1506 = EDGE_CURVE ( 'NONE', #2198, #2997, #3189, .T. ) ;
#1507 = CARTESIAN_POINT ( 'NONE',  ( 11.25000000000000355, 0.000000000000000000, 23.00000000000000000 ) ) ;
#1508 = AXIS2_PLACEMENT_3D ( 'NONE', #2201, #295, #1934 ) ;
#1509 = CARTESIAN_POINT ( 'NONE',  ( 11.25000000000000355, 0.000000000000000000, 58.99999999999998579 ) ) ;
#1510 = DIRECTION ( 'NONE',  ( 1.000000000000000000, 0.000000000000000000, -0.000000000000000000 ) ) ;
#1511 = VERTEX_POINT ( 'NONE', #683 ) ;
#1512 = ORIENTED_EDGE ( 'NONE', *, *, #3384, .T. ) ;
#1513 = VERTEX_POINT ( 'NONE', #3147 ) ;
#1514 = DIRECTION ( 'NONE',  ( -0.000000000000000000, -0.9451725838742016661, 0.3265712582156689026 ) ) ;
#1515 = EDGE_CURVE ( 'NONE', #217, #2901, #137, .T. ) ;
#1516 = EDGE_CURVE ( 'NONE', #1391, #3119, #730, .T. ) ;
#1517 = ORIENTED_EDGE ( 'NONE', *, *, #2576, .T. ) ;
#1518 = DIRECTION ( 'NONE',  ( 0.000000000000000000, 0.000000000000000000, -1.000000000000000000 ) ) ;
#1519 = VERTEX_POINT ( 'NONE', #3388 ) ;
#1520 = DIRECTION ( 'NONE',  ( 0.000000000000000000, 0.000000000000000000, 1.000000000000000000 ) ) ;
#1521 = CARTESIAN_POINT ( 'NONE',  ( 16.25000000000000355, -16.29510728538161501, 40.13776547481084123 ) ) ;
#1522 = CARTESIAN_POINT ( 'NONE',  ( 13.25000000000000533, 0.000000000000000000, 72.99999999999998579 ) ) ;
#1523 = CARTESIAN_POINT ( 'NONE',  ( 16.25000000000000355, -16.29510728538161501, 22.13776547481084833 ) ) ;
#1524 = ORIENTED_EDGE ( 'NONE', *, *, #1448, .T. ) ;
#1525 = VERTEX_POINT ( 'NONE', #409 ) ;
#1526 = CARTESIAN_POINT ( 'NONE',  ( 13.25000000000000533, -4.149928019957348724, 21.56613782699147563 ) ) ;
#1527 = ORIENTED_EDGE ( 'NONE', *, *, #1170, .T. ) ;
#1528 = CARTESIAN_POINT ( 'NONE',  ( 13.25000000000000533, -56.33662233529204855, 30.26734078533909056 ) ) ;
#1529 = EDGE_CURVE ( 'NONE', #1519, #565, #1487, .T. ) ;
#1530 = ORIENTED_EDGE ( 'NONE', *, *, #1589, .T. ) ;
#1531 = ORIENTED_EDGE ( 'NONE', *, *, #1542, .F. ) ;
#1532 = DIRECTION ( 'NONE',  ( 1.000000000000000000, -0.000000000000000000, -0.000000000000000000 ) ) ;
#1533 = DIRECTION ( 'NONE',  ( 1.000000000000000000, -0.000000000000000000, -0.000000000000000000 ) ) ;
#1534 = VECTOR ( 'NONE', #2310, 1000.000000000000114 ) ;
#1535 = CARTESIAN_POINT ( 'NONE',  ( 13.25000000000000533, 0.000000000000000000, 14.00000000000000000 ) ) ;
#1536 = DIRECTION ( 'NONE',  ( 0.000000000000000000, 0.000000000000000000, -1.000000000000000000 ) ) ;
#1537 = VECTOR ( 'NONE', #610, 1000.000000000000114 ) ;
#1538 = DIRECTION ( 'NONE',  ( 0.000000000000000000, 0.000000000000000000, 1.000000000000000000 ) ) ;
#1539 = ORIENTED_EDGE ( 'NONE', *, *, #191, .F. ) ;
#1540 = VERTEX_POINT ( 'NONE', #2309 ) ;
#1541 = PLANE ( 'NONE',  #655 ) ;
#1542 = EDGE_CURVE ( 'NONE', #844, #2842, #823, .T. ) ;
#1543 = EDGE_LOOP ( 'NONE', ( #1445, #3377, #1796, #152, #221, #112, #2366, #523 ) ) ;
#1544 = AXIS2_PLACEMENT_3D ( 'NONE', #1598, #1912, #2980 ) ;
#1545 = PLANE ( 'NONE',  #873 ) ;
#1546 = AXIS2_PLACEMENT_3D ( 'NONE', #810, #1897, #3210 ) ;
#1547 = VERTEX_POINT ( 'NONE', #280 ) ;
#1548 = ORIENTED_EDGE ( 'NONE', *, *, #2579, .F. ) ;
#1549 = DIRECTION ( 'NONE',  ( 0.000000000000000000, 0.000000000000000000, -1.000000000000000000 ) ) ;
#1550 = AXIS2_PLACEMENT_3D ( 'NONE', #786, #1053, #1072 ) ;
#1551 = PLANE ( 'NONE',  #548 ) ;
#1552 = VECTOR ( 'NONE', #1797, 1000.000000000000000 ) ;
#1553 = AXIS2_PLACEMENT_3D ( 'NONE', #2794, #906, #608 ) ;
#1554 = LINE ( 'NONE', #763, #1840 ) ;
#1555 = EDGE_CURVE ( 'NONE', #2983, #1452, #2935, .T. ) ;
#1556 = DIRECTION ( 'NONE',  ( -1.000000000000000000, 0.000000000000000000, 0.000000000000000000 ) ) ;
#1557 = AXIS2_PLACEMENT_3D ( 'NONE', #840, #283, #323 ) ;
#1558 = DIRECTION ( 'NONE',  ( 0.000000000000000000, 0.000000000000000000, 1.000000000000000000 ) ) ;
#1559 = ORIENTED_EDGE ( 'NONE', *, *, #583, .F. ) ;
#1560 = VERTEX_POINT ( 'NONE', #1642 ) ;
#1561 = VECTOR ( 'NONE', #1835, 1000.000000000000114 ) ;
#1562 = ORIENTED_EDGE ( 'NONE', *, *, #1599, .F. ) ;
#1563 = FACE_OUTER_BOUND ( 'NONE', #143, .T. ) ;
#1564 = CYLINDRICAL_SURFACE ( 'NONE', #3003, 12.00000000000000000 ) ;
#1565 = EDGE_LOOP ( 'NONE', ( #2670, #2877, #2475, #1913 ) ) ;
#1566 = DIRECTION ( 'NONE',  ( 0.000000000000000000, 0.000000000000000000, -1.000000000000000000 ) ) ;
#1567 = EDGE_CURVE ( 'NONE', #2351, #2021, #2686, .T. ) ;
#1568 = VERTEX_POINT ( 'NONE', #2398 ) ;
#1569 = VERTEX_POINT ( 'NONE', #2704 ) ;
#1570 = LINE ( 'NONE', #1027, #18 ) ;
#1571 = LINE ( 'NONE', #2649, #3249 ) ;
#1572 = DIRECTION ( 'NONE',  ( 1.000000000000000000, -0.000000000000000000, -0.000000000000000000 ) ) ;
#1573 = LINE ( 'NONE', #662, #661 ) ;
#1574 = CARTESIAN_POINT ( 'NONE',  ( 11.25000000000000355, -16.94824980181295260, 40.02811064255924833 ) ) ;
#1575 = ORIENTED_EDGE ( 'NONE', *, *, #1685, .F. ) ;
#1576 = VERTEX_POINT ( 'NONE', #3477 ) ;
#1577 = CARTESIAN_POINT ( 'NONE',  ( 11.25000000000000355, 17.60139231824429018, 25.91845581030765544 ) ) ;
#1578 = LINE ( 'NONE', #2710, #808 ) ;
#1579 = DIRECTION ( 'NONE',  ( -1.000000000000000000, 0.000000000000000000, 0.000000000000000000 ) ) ;
#1580 = VERTEX_POINT ( 'NONE', #3459 ) ;
#1581 = DIRECTION ( 'NONE',  ( 0.000000000000000000, 0.9451725838742016661, -0.3265712582156689026 ) ) ;
#1582 = VERTEX_POINT ( 'NONE', #1377 ) ;
#1583 = ADVANCED_FACE ( 'NONE', ( #2986 ), #3493, .F. ) ;
#1584 = ORIENTED_EDGE ( 'NONE', *, *, #1410, .T. ) ;
#1585 = DIRECTION ( 'NONE',  ( -0.000000000000000000, -0.000000000000000000, -1.000000000000000000 ) ) ;
#1586 = CARTESIAN_POINT ( 'NONE',  ( 16.25000000000000355, -16.29510728538161501, 31.13776547481084478 ) ) ;
#1587 = DIRECTION ( 'NONE',  ( 0.000000000000000000, 0.000000000000000000, -1.000000000000000000 ) ) ;
#1588 = LINE ( 'NONE', #2651, #3300 ) ;
#1589 = EDGE_CURVE ( 'NONE', #2055, #672, #600, .T. ) ;
#1590 = FACE_OUTER_BOUND ( 'NONE', #2270, .T. ) ;
#1591 = AXIS2_PLACEMENT_3D ( 'NONE', #928, #2296, #947 ) ;
#1592 = ORIENTED_EDGE ( 'NONE', *, *, #277, .F. ) ;
#1593 = ORIENTED_EDGE ( 'NONE', *, *, #2094, .F. ) ;
#1594 = DIRECTION ( 'NONE',  ( 0.000000000000000000, 0.3385147713061297803, -0.9409610776262526954 ) ) ;
#1595 = PLANE ( 'NONE',  #554 ) ;
#1596 = ORIENTED_EDGE ( 'NONE', *, *, #2636, .T. ) ;
#1597 = EDGE_CURVE ( 'NONE', #672, #2348, #2115, .T. ) ;
#1598 = CARTESIAN_POINT ( 'NONE',  ( 1.250000000000004663, -31.25000000000000000, 100.0000000000000000 ) ) ;
#1599 = EDGE_CURVE ( 'NONE', #2517, #161, #1588, .T. ) ;
#1600 = ORIENTED_EDGE ( 'NONE', *, *, #2640, .F. ) ;
#1601 = VECTOR ( 'NONE', #1581, 1000.000000000000114 ) ;
#1602 = ORIENTED_EDGE ( 'NONE', *, *, #369, .T. ) ;
#1603 = CARTESIAN_POINT ( 'NONE',  ( 11.25000000000000355, 16.94824980181295260, 40.02811064255924833 ) ) ;
#1604 = EDGE_CURVE ( 'NONE', #465, #3067, #3201, .T. ) ;
#1605 = FACE_OUTER_BOUND ( 'NONE', #1447, .T. ) ;
#1606 = VECTOR ( 'NONE', #345, 1000.000000000000000 ) ;
#1607 = FACE_OUTER_BOUND ( 'NONE', #1755, .T. ) ;
#1608 = VECTOR ( 'NONE', #1350, 1000.000000000000000 ) ;
#1609 = DIRECTION ( 'NONE',  ( 2.312964634635742957E-16, -1.000000000000000000, 0.000000000000000000 ) ) ;
#1610 = EDGE_CURVE ( 'NONE', #481, #1519, #13, .T. ) ;
#1611 = AXIS2_PLACEMENT_3D ( 'NONE', #494, #2373, #2628 ) ;
#1612 = DIRECTION ( 'NONE',  ( 1.000000000000000000, -0.000000000000000000, -0.000000000000000000 ) ) ;
#1613 = ORIENTED_EDGE ( 'NONE', *, *, #3258, .T. ) ;
#1614 = VERTEX_POINT ( 'NONE', #496 ) ;
#1615 = AXIS2_PLACEMENT_3D ( 'NONE', #111, #3271, #1941 ) ;
#1616 = DIRECTION ( 'NONE',  ( -0.000000000000000000, 0.9409610776262525844, -0.3385147713061297248 ) ) ;
#1617 = CARTESIAN_POINT ( 'NONE',  ( 13.25000000000000533, -15.26191121804045991, 53.72678150605911895 ) ) ;
#1618 = CIRCLE ( 'NONE', #1121, 12.00000000000000000 ) ;
#1619 = VERTEX_POINT ( 'NONE', #512 ) ;
#1620 = CARTESIAN_POINT ( 'NONE',  ( 11.25000000000000355, -17.60139231824429729, 79.91845581030763412 ) ) ;
#1621 = VECTOR ( 'NONE', #2085, 1000.000000000000000 ) ;
#1622 = EDGE_CURVE ( 'NONE', #3367, #656, #2430, .T. ) ;
#1623 = ORIENTED_EDGE ( 'NONE', *, *, #1604, .F. ) ;
#1624 = VERTEX_POINT ( 'NONE', #228 ) ;
#1625 = DIRECTION ( 'NONE',  ( 1.000000000000000000, -0.000000000000000000, -0.000000000000000000 ) ) ;
#1626 = CARTESIAN_POINT ( 'NONE',  ( 11.25000000000000355, -16.94824980181295260, 33.02811064255924833 ) ) ;
#1627 = CARTESIAN_POINT ( 'NONE',  ( 16.25000000000000355, 0.000000000000000000, 94.99999999999997158 ) ) ;
#1628 = LINE ( 'NONE', #765, #315 ) ;
#1629 = DIRECTION ( 'NONE',  ( 0.000000000000000000, -0.9451725838742016661, -0.3265712582156690136 ) ) ;
#1630 = EDGE_LOOP ( 'NONE', ( #1951, #1592, #2658, #2884, #1531, #900, #2312, #1707 ) ) ;
#1631 = ORIENTED_EDGE ( 'NONE', *, *, #342, .T. ) ;
#1632 = PLANE ( 'NONE',  #2963 ) ;
#1633 = DIRECTION ( 'NONE',  ( -0.9063077870366478273, 0.4226182617407038267, 0.000000000000000000 ) ) ;
#1634 = ORIENTED_EDGE ( 'NONE', *, *, #229, .T. ) ;
#1635 = DIRECTION ( 'NONE',  ( 1.000000000000000000, -0.000000000000000000, -0.000000000000000000 ) ) ;
#1636 = ADVANCED_FACE ( 'NONE', ( #3231 ), #570, .F. ) ;
#1637 = EDGE_LOOP ( 'NONE', ( #2561, #403, #3208, #328 ) ) ;
#1638 = EDGE_LOOP ( 'NONE', ( #862, #430, #1419, #2742 ) ) ;
#1639 = CARTESIAN_POINT ( 'NONE',  ( 13.25000000000000533, -9.705919618998912313, 37.64645966652530262 ) ) ;
#1640 = EDGE_CURVE ( 'NONE', #1619, #725, #1836, .T. ) ;
#1641 = DIRECTION ( 'NONE',  ( 1.000000000000000000, 0.000000000000000000, -0.000000000000000000 ) ) ;
#1642 = CARTESIAN_POINT ( 'NONE',  ( 13.25000000000000533, -17.60139231824429373, 43.91845581030764833 ) ) ;
#1643 = CARTESIAN_POINT ( 'NONE',  ( 13.25000000000000533, 16.29510728538161501, 67.13776547481084833 ) ) ;
#1644 = ORIENTED_EDGE ( 'NONE', *, *, #3448, .F. ) ;
#1645 = DIRECTION ( 'NONE',  ( 0.000000000000000000, -0.3385147713061290031, -0.9409610776262529175 ) ) ;
#1646 = EDGE_CURVE ( 'NONE', #2446, #2522, #836, .T. ) ;
#1647 = EDGE_LOOP ( 'NONE', ( #1527, #1858, #2574, #29 ) ) ;
#1648 = CARTESIAN_POINT ( 'NONE',  ( 13.25000000000000533, -26.37389441612356578, 85.88742518512675872 ) ) ;
#1649 = DIRECTION ( 'NONE',  ( 0.000000000000000000, -0.9409610776262525844, 0.3385147713061297248 ) ) ;
#1650 = VECTOR ( 'NONE', #1649, 1000.000000000000114 ) ;
#1651 = ORIENTED_EDGE ( 'NONE', *, *, #3238, .T. ) ;
#1652 = EDGE_CURVE ( 'NONE', #769, #1248, #3216, .T. ) ;
#1653 = CARTESIAN_POINT ( 'NONE',  ( 16.25000000000000355, 0.000000000000000000, 49.99999999999998579 ) ) ;
#1654 = AXIS2_PLACEMENT_3D ( 'NONE', #1378, #2189, #1239 ) ;
#1655 = ADVANCED_FACE ( 'NONE', ( #1346 ), #817, .F. ) ;
#1656 = EDGE_LOOP ( 'NONE', ( #2660, #385, #2031, #2046 ) ) ;
#1657 = ORIENTED_EDGE ( 'NONE', *, *, #2565, .F. ) ;
#1658 = DIRECTION ( 'NONE',  ( 1.000000000000000000, 0.000000000000000000, 0.000000000000000000 ) ) ;
#1659 = AXIS2_PLACEMENT_3D ( 'NONE', #269, #896, #40 ) ;
#1660 = DIRECTION ( 'NONE',  ( 1.000000000000000000, -0.000000000000000000, -0.000000000000000000 ) ) ;
#1661 = AXIS2_PLACEMENT_3D ( 'NONE', #2789, #1953, #1693 ) ;
#1662 = LINE ( 'NONE', #101, #1441 ) ;
#1663 = LINE ( 'NONE', #1176, #179 ) ;
#1664 = VERTEX_POINT ( 'NONE', #2972 ) ;
#1665 = EDGE_CURVE ( 'NONE', #1426, #2446, #1628, .T. ) ;
#1666 = AXIS2_PLACEMENT_3D ( 'NONE', #750, #485, #1821 ) ;
#1667 = LINE ( 'NONE', #1191, #2287 ) ;
#1668 = DIRECTION ( 'NONE',  ( 1.000000000000000000, -0.000000000000000000, -0.000000000000000000 ) ) ;
#1669 = DIRECTION ( 'NONE',  ( 1.000000000000000000, -0.000000000000000000, -0.000000000000000000 ) ) ;
#1670 = VECTOR ( 'NONE', #2800, 1000.000000000000114 ) ;
#1671 = DIRECTION ( 'NONE',  ( 1.000000000000000000, -0.000000000000000000, -0.000000000000000000 ) ) ;
#1672 = VECTOR ( 'NONE', #3355, 1000.000000000000000 ) ;
#1673 = FACE_OUTER_BOUND ( 'NONE', #1295, .T. ) ;
#1674 = VECTOR ( 'NONE', #3054, 1000.000000000000114 ) ;
#1675 = ORIENTED_EDGE ( 'NONE', *, *, #2395, .T. ) ;
#1676 = ORIENTED_EDGE ( 'NONE', *, *, #983, .T. ) ;
#1677 = CIRCLE ( 'NONE', #1781, 12.00000000000000000 ) ;
#1678 = CYLINDRICAL_SURFACE ( 'NONE', #2494, 2.000000000000001776 ) ;
#1679 = FACE_BOUND ( 'NONE', #2437, .T. ) ;
#1680 = CARTESIAN_POINT ( 'NONE',  ( 13.25000000000000533, -6.927923819478136735, 29.60629874675839446 ) ) ;
#1681 = CARTESIAN_POINT ( 'NONE',  ( 13.25000000000000533, -17.60139231824429018, 88.91845581030763412 ) ) ;
#1682 = ORIENTED_EDGE ( 'NONE', *, *, #684, .F. ) ;
#1683 = CYLINDRICAL_SURFACE ( 'NONE', #1557, 2.000000000000001776 ) ;
#1684 = DIRECTION ( 'NONE',  ( 0.000000000000000000, 0.9451725838742015551, -0.3265712582156691801 ) ) ;
#1685 = EDGE_CURVE ( 'NONE', #740, #1568, #1573, .T. ) ;
#1686 = LINE ( 'NONE', #1995, #3021 ) ;
#1687 = EDGE_CURVE ( 'NONE', #617, #1788, #252, .T. ) ;
#1688 = DIRECTION ( 'NONE',  ( -0.000000000000000000, -0.000000000000000000, -1.000000000000000000 ) ) ;
#1689 = ORIENTED_EDGE ( 'NONE', *, *, #3197, .F. ) ;
#1690 = CYLINDRICAL_SURFACE ( 'NONE', #1380, 2.000000000000000000 ) ;
#1691 = LINE ( 'NONE', #902, #1225 ) ;
#1692 = ORIENTED_EDGE ( 'NONE', *, *, #2459, .T. ) ;
#1693 = DIRECTION ( 'NONE',  ( 0.000000000000000000, 0.9409610776262529175, -0.3385147713061290031 ) ) ;
#1694 = EDGE_LOOP ( 'NONE', ( #1236, #1341, #2379, #1230 ) ) ;
#1695 = EDGE_CURVE ( 'NONE', #3103, #2809, #1696, .T. ) ;
#1696 = LINE ( 'NONE', #36, #3085 ) ;
#1697 = CARTESIAN_POINT ( 'NONE',  ( 13.25000000000000533, 16.94824980181295260, 6.028110642559255439 ) ) ;
#1698 = ORIENTED_EDGE ( 'NONE', *, *, #894, .F. ) ;
#1699 = CARTESIAN_POINT ( 'NONE',  ( 16.25000000000000355, 0.000000000000000000, 81.99999999999997158 ) ) ;
#1700 = DIRECTION ( 'NONE',  ( 0.000000000000000000, 0.000000000000000000, -1.000000000000000000 ) ) ;
#1701 = DIRECTION ( 'NONE',  ( -0.000000000000000000, -0.000000000000000000, -1.000000000000000000 ) ) ;
#1702 = DIRECTION ( 'NONE',  ( -1.000000000000000000, 0.000000000000000000, 0.000000000000000000 ) ) ;
#1703 = ORIENTED_EDGE ( 'NONE', *, *, #2690, .T. ) ;
#1704 = CARTESIAN_POINT ( 'NONE',  ( 16.25000000000000355, 16.29510728538161501, 49.13776547481084123 ) ) ;
#1705 = CARTESIAN_POINT ( 'NONE',  ( 13.25000000000000533, -16.94824980181295260, 15.02811064255925366 ) ) ;
#1706 = VECTOR ( 'NONE', #1130, 1000.000000000000000 ) ;
#1707 = ORIENTED_EDGE ( 'NONE', *, *, #3121, .F. ) ;
#1708 = FACE_OUTER_BOUND ( 'NONE', #2380, .T. ) ;
#1709 = ORIENTED_EDGE ( 'NONE', *, *, #3292, .F. ) ;
#1710 = ADVANCED_FACE ( 'NONE', ( #1711 ), #3044, .F. ) ;
#1711 = FACE_OUTER_BOUND ( 'NONE', #3270, .T. ) ;
#1712 = CIRCLE ( 'NONE', #649, 2.000000000000001776 ) ;
#1713 = ORIENTED_EDGE ( 'NONE', *, *, #1935, .T. ) ;
#1714 = AXIS2_PLACEMENT_3D ( 'NONE', #969, #2659, #1319 ) ;
#1715 = CARTESIAN_POINT ( 'NONE',  ( -1.249999999999994227, 46.25000000000000000, 0.000000000000000000 ) ) ;
#1716 = DIRECTION ( 'NONE',  ( 0.000000000000000000, 0.9409610776262525844, 0.3385147713061297248 ) ) ;
#1717 = EDGE_CURVE ( 'NONE', #2075, #1619, #995, .T. ) ;
#1718 = VECTOR ( 'NONE', #2069, 1000.000000000000000 ) ;
#1719 = CARTESIAN_POINT ( 'NONE',  ( 16.25000000000000355, 17.60139231824429018, 34.91845581030765544 ) ) ;
#1720 = CIRCLE ( 'NONE', #2050, 1.999999999999998224 ) ;
#1721 = CARTESIAN_POINT ( 'NONE',  ( 11.25000000000000355, 0.000000000000000000, 14.00000000000000000 ) ) ;
#1722 = VECTOR ( 'NONE', #1532, 1000.000000000000000 ) ;
#1723 = DIRECTION ( 'NONE',  ( 1.000000000000000000, -0.000000000000000000, -0.000000000000000000 ) ) ;
#1724 = VECTOR ( 'NONE', #2813, 1000.000000000000114 ) ;
#1725 = EDGE_LOOP ( 'NONE', ( #3486, #420, #2249, #3467 ) ) ;
#1726 = DIRECTION ( 'NONE',  ( 1.000000000000000000, -0.000000000000000000, -0.000000000000000000 ) ) ;
#1727 = ADVANCED_FACE ( 'NONE', ( #392 ), #2187, .F. ) ;
#1728 = CIRCLE ( 'NONE', #1169, 2.000000000000001776 ) ;
#1729 = EDGE_CURVE ( 'NONE', #848, #2264, #587, .T. ) ;
#1730 = VECTOR ( 'NONE', #1660, 1000.000000000000000 ) ;
#1731 = ORIENTED_EDGE ( 'NONE', *, *, #2117, .F. ) ;
#1732 = DIRECTION ( 'NONE',  ( 1.000000000000000000, -0.000000000000000000, -0.000000000000000000 ) ) ;
#1733 = CYLINDRICAL_SURFACE ( 'NONE', #2321, 2.000000000000001776 ) ;
#1734 = DIRECTION ( 'NONE',  ( 0.000000000000000000, -0.9409610776262525844, -0.3385147713061297248 ) ) ;
#1735 = DIRECTION ( 'NONE',  ( 0.000000000000000000, -0.3265712582156689581, 0.9451725838742017771 ) ) ;
#1736 = LINE ( 'NONE', #3007, #2110 ) ;
#1737 = DIRECTION ( 'NONE',  ( 0.000000000000000000, 1.000000000000000000, 0.000000000000000000 ) ) ;
#1738 = ORIENTED_EDGE ( 'NONE', *, *, #1422, .F. ) ;
#1739 = EDGE_LOOP ( 'NONE', ( #2071, #1753, #1144, #1848 ) ) ;
#1740 = ORIENTED_EDGE ( 'NONE', *, *, #2214, .F. ) ;
#1741 = DIRECTION ( 'NONE',  ( 0.000000000000000000, 0.000000000000000000, -1.000000000000000000 ) ) ;
#1742 = LINE ( 'NONE', #2806, #1674 ) ;
#1743 = ORIENTED_EDGE ( 'NONE', *, *, #1622, .T. ) ;
#1744 = CARTESIAN_POINT ( 'NONE',  ( -16.24999999999999289, -4.000000000000001776, 0.000000000000000000 ) ) ;
#1745 = EDGE_CURVE ( 'NONE', #1920, #74, #1775, .T. ) ;
#1746 = ORIENTED_EDGE ( 'NONE', *, *, #3058, .F. ) ;
#1747 = CARTESIAN_POINT ( 'NONE',  ( 16.25000000000000355, 16.94824980181295260, 40.02811064255924833 ) ) ;
#1748 = CARTESIAN_POINT ( 'NONE',  ( 1.249999999999993339, 43.25000000000000711, 100.0000000000000000 ) ) ;
#1749 = CARTESIAN_POINT ( 'NONE',  ( 16.25000000000000355, 16.94824980181295260, 69.02811064255924123 ) ) ;
#1750 = CARTESIAN_POINT ( 'NONE',  ( 13.25000000000000533, -16.94824980181295260, 78.02811064255924123 ) ) ;
#1751 = ADVANCED_FACE ( 'NONE', ( #1449 ), #2468, .F. ) ;
#1752 = VERTEX_POINT ( 'NONE', #2256 ) ;
#1753 = ORIENTED_EDGE ( 'NONE', *, *, #1269, .T. ) ;
#1754 = CARTESIAN_POINT ( 'NONE',  ( 1.249999999999994005, 31.25000000000000000, 0.000000000000000000 ) ) ;
#1755 = EDGE_LOOP ( 'NONE', ( #3183, #1602, #1167, #2706 ) ) ;
#1756 = CYLINDRICAL_SURFACE ( 'NONE', #2497, 2.000000000000001776 ) ;
#1757 = EDGE_CURVE ( 'NONE', #2899, #196, #3268, .T. ) ;
#1758 = CIRCLE ( 'NONE', #2432, 2.000000000000001776 ) ;
#1759 = ORIENTED_EDGE ( 'NONE', *, *, #1251, .T. ) ;
#1760 = CARTESIAN_POINT ( 'NONE',  ( 16.25000000000000355, -16.94824980181295260, 58.02811064255923412 ) ) ;
#1761 = CARTESIAN_POINT ( 'NONE',  ( -1.249999999999994227, 31.25000000000000000, 0.000000000000000000 ) ) ;
#1762 = DIRECTION ( 'NONE',  ( 1.000000000000000000, 0.000000000000000000, 0.000000000000000000 ) ) ;
#1763 = EDGE_CURVE ( 'NONE', #611, #2953, #1937, .T. ) ;
#1764 = CYLINDRICAL_SURFACE ( 'NONE', #2374, 2.000000000000001776 ) ;
#1765 = EDGE_CURVE ( 'NONE', #500, #2161, #1662, .T. ) ;
#1766 = CIRCLE ( 'NONE', #2328, 1.999999999999998224 ) ;
#1767 = VERTEX_POINT ( 'NONE', #1409 ) ;
#1768 = VERTEX_POINT ( 'NONE', #336 ) ;
#1769 = DIRECTION ( 'NONE',  ( 0.000000000000000000, 0.9451725838742016661, 0.3265712582156689026 ) ) ;
#1770 = VECTOR ( 'NONE', #1117, 1000.000000000000114 ) ;
#1771 = EDGE_CURVE ( 'NONE', #830, #550, #640, .T. ) ;
#1772 = VECTOR ( 'NONE', #2095, 1000.000000000000114 ) ;
#1773 = ORIENTED_EDGE ( 'NONE', *, *, #2860, .T. ) ;
#1774 = FACE_OUTER_BOUND ( 'NONE', #1656, .T. ) ;
#1775 = CIRCLE ( 'NONE', #3359, 2.000000000000001776 ) ;
#1776 = EDGE_CURVE ( 'NONE', #1511, #2075, #67, .T. ) ;
#1777 = VERTEX_POINT ( 'NONE', #1989 ) ;
#1778 = EDGE_CURVE ( 'NONE', #546, #114, #1223, .T. ) ;
#1779 = AXIS2_PLACEMENT_3D ( 'NONE', #2103, #2924, #3188 ) ;
#1780 = CARTESIAN_POINT ( 'NONE',  ( 16.25000000000000355, -16.94824980181295260, 40.02811064255924833 ) ) ;
#1781 = AXIS2_PLACEMENT_3D ( 'NONE', #531, #34, #1123 ) ;
#1782 = DIRECTION ( 'NONE',  ( 0.000000000000000000, 0.000000000000000000, -1.000000000000000000 ) ) ;
#1783 = DIRECTION ( 'NONE',  ( 0.000000000000000000, 0.000000000000000000, 1.000000000000000000 ) ) ;
#1784 = VECTOR ( 'NONE', #645, 1000.000000000000000 ) ;
#1785 = PLANE ( 'NONE',  #479 ) ;
#1786 = EDGE_CURVE ( 'NONE', #3315, #2644, #852, .T. ) ;
#1787 = CARTESIAN_POINT ( 'NONE',  ( 16.25000000000000355, -16.94824980181295260, 6.028110642559255439 ) ) ;
#1788 = VERTEX_POINT ( 'NONE', #2221 ) ;
#1789 = ORIENTED_EDGE ( 'NONE', *, *, #2718, .T. ) ;
#1790 = EDGE_CURVE ( 'NONE', #878, #848, #3248, .T. ) ;
#1791 = DIRECTION ( 'NONE',  ( 1.000000000000000000, -0.000000000000000000, -0.000000000000000000 ) ) ;
#1792 = VERTEX_POINT ( 'NONE', #352 ) ;
#1793 = EDGE_CURVE ( 'NONE', #1540, #2750, #82, .T. ) ;
#1794 = CARTESIAN_POINT ( 'NONE',  ( 13.25000000000000533, -32.23855221511188773, 97.13890176203192084 ) ) ;
#1795 = ORIENTED_EDGE ( 'NONE', *, *, #1261, .T. ) ;
#1796 = ORIENTED_EDGE ( 'NONE', *, *, #954, .F. ) ;
#1797 = DIRECTION ( 'NONE',  ( 0.000000000000000000, 1.000000000000000000, 0.000000000000000000 ) ) ;
#1798 = CARTESIAN_POINT ( 'NONE',  ( 16.25000000000000355, -16.94824980181295260, 24.02811064255925189 ) ) ;
#1799 = CARTESIAN_POINT ( 'NONE',  ( 16.25000000000000355, 16.94824980181295260, 42.02811064255924833 ) ) ;
#1800 = ADVANCED_FACE ( 'NONE', ( #423 ), #2292, .F. ) ;
#1801 = PLANE ( 'NONE',  #2738 ) ;
#1802 = CARTESIAN_POINT ( 'NONE',  ( 13.25000000000000533, 16.94824980181295260, 51.02811064255924123 ) ) ;
#1803 = ORIENTED_EDGE ( 'NONE', *, *, #3035, .F. ) ;
#1804 = ORIENTED_EDGE ( 'NONE', *, *, #212, .T. ) ;
#1805 = DIRECTION ( 'NONE',  ( 0.000000000000000000, -0.9451725838742016661, 0.3265712582156689581 ) ) ;
#1806 = VERTEX_POINT ( 'NONE', #115 ) ;
#1807 = LINE ( 'NONE', #1794, #1601 ) ;
#1808 = EDGE_CURVE ( 'NONE', #2562, #78, #3400, .T. ) ;
#1809 = ORIENTED_EDGE ( 'NONE', *, *, #3077, .F. ) ;
#1810 = ORIENTED_EDGE ( 'NONE', *, *, #846, .F. ) ;
#1811 = DIRECTION ( 'NONE',  ( 0.000000000000000000, 0.9451725838742016661, -0.3265712582156689026 ) ) ;
#1812 = DIRECTION ( 'NONE',  ( 0.000000000000000000, 0.000000000000000000, 1.000000000000000000 ) ) ;
#1813 = ADVANCED_FACE ( 'NONE', ( #2879 ), #170, .F. ) ;
#1814 = DIRECTION ( 'NONE',  ( 0.000000000000000000, -0.9409610776262529175, 0.3385147713061290031 ) ) ;
#1815 = DIRECTION ( 'NONE',  ( 0.000000000000000000, -0.3265712582156692356, 0.9451725838742016661 ) ) ;
#1816 = CIRCLE ( 'NONE', #2439, 2.000000000000000000 ) ;
#1817 = CYLINDRICAL_SURFACE ( 'NONE', #235, 2.000000000000001776 ) ;
#1818 = VERTEX_POINT ( 'NONE', #1252 ) ;
#1819 = VERTEX_POINT ( 'NONE', #1760 ) ;
#1820 = EDGE_LOOP ( 'NONE', ( #2612, #1098, #1243, #3328 ) ) ;
#1821 = DIRECTION ( 'NONE',  ( 1.000000000000000000, 0.000000000000000000, 0.000000000000000000 ) ) ;
#1822 = CIRCLE ( 'NONE', #1874, 2.000000000000001776 ) ;
#1823 = DIRECTION ( 'NONE',  ( 0.000000000000000000, -0.3385147713061297803, -0.9409610776262526954 ) ) ;
#1824 = ORIENTED_EDGE ( 'NONE', *, *, #2367, .F. ) ;
#1825 = DIRECTION ( 'NONE',  ( 1.000000000000000000, 0.000000000000000000, 0.000000000000000000 ) ) ;
#1826 = VECTOR ( 'NONE', #1260, 1000.000000000000000 ) ;
#1827 = VERTEX_POINT ( 'NONE', #440 ) ;
#1828 = VERTEX_POINT ( 'NONE', #3145 ) ;
#1829 = LINE ( 'NONE', #2626, #1210 ) ;
#1830 = EDGE_CURVE ( 'NONE', #2349, #2086, #428, .T. ) ;
#1831 = VECTOR ( 'NONE', #1207, 1000.000000000000000 ) ;
#1832 = CYLINDRICAL_SURFACE ( 'NONE', #256, 2.000000000000000000 ) ;
#1833 = EDGE_CURVE ( 'NONE', #2937, #1391, #710, .T. ) ;
#1834 = AXIS2_PLACEMENT_3D ( 'NONE', #1798, #2894, #3109 ) ;
#1835 = DIRECTION ( 'NONE',  ( -0.000000000000000000, 0.9409610776262525844, -0.3385147713061297248 ) ) ;
#1836 = LINE ( 'NONE', #1307, #140 ) ;
#1837 = AXIS2_PLACEMENT_3D ( 'NONE', #590, #1645, #2724 ) ;
#1838 = DIRECTION ( 'NONE',  ( 0.000000000000000000, -0.9451725838742016661, 0.3265712582156690136 ) ) ;
#1839 = EDGE_LOOP ( 'NONE', ( #1899, #919, #1847, #981 ) ) ;
#1840 = VECTOR ( 'NONE', #2632, 1000.000000000000000 ) ;
#1841 = ORIENTED_EDGE ( 'NONE', *, *, #3331, .F. ) ;
#1842 = DIRECTION ( 'NONE',  ( -1.000000000000000000, 0.000000000000000000, 0.000000000000000000 ) ) ;
#1843 = CARTESIAN_POINT ( 'NONE',  ( 13.25000000000000533, -17.60139231824429018, 16.91845581030765544 ) ) ;
#1844 = LINE ( 'NONE', #776, #3362 ) ;
#1845 = VERTEX_POINT ( 'NONE', #1780 ) ;
#1846 = DIRECTION ( 'NONE',  ( 0.000000000000000000, -0.9409610776262525844, 0.3385147713061296693 ) ) ;
#1847 = ORIENTED_EDGE ( 'NONE', *, *, #934, .T. ) ;
#1848 = ORIENTED_EDGE ( 'NONE', *, *, #599, .F. ) ;
#1849 = CARTESIAN_POINT ( 'NONE',  ( 11.25000000000000355, -16.94824980181295260, 67.02811064255924123 ) ) ;
#1850 = DIRECTION ( 'NONE',  ( 0.000000000000000000, 0.000000000000000000, 1.000000000000000000 ) ) ;
#1851 = FACE_OUTER_BOUND ( 'NONE', #2533, .T. ) ;
#1852 = CARTESIAN_POINT ( 'NONE',  ( -1.249999999999994227, 46.25000000000000000, 100.0000000000000000 ) ) ;
#1853 = CARTESIAN_POINT ( 'NONE',  ( 11.25000000000000355, 0.000000000000000000, 23.00000000000000000 ) ) ;
#1854 = ORIENTED_EDGE ( 'NONE', *, *, #1493, .T. ) ;
#1855 = VERTEX_POINT ( 'NONE', #1224 ) ;
#1856 = DIRECTION ( 'NONE',  ( 0.000000000000000000, -0.9451725838742016661, -0.3265712582156689026 ) ) ;
#1857 = DIRECTION ( 'NONE',  ( -1.000000000000000000, 0.000000000000000000, 0.000000000000000000 ) ) ;
#1858 = ORIENTED_EDGE ( 'NONE', *, *, #2412, .T. ) ;
#1859 = DIRECTION ( 'NONE',  ( 0.000000000000000000, 0.9409610776262526954, 0.3385147713061296137 ) ) ;
#1860 = ORIENTED_EDGE ( 'NONE', *, *, #1687, .F. ) ;
#1861 = VERTEX_POINT ( 'NONE', #1271 ) ;
#1862 = CARTESIAN_POINT ( 'NONE',  ( 13.25000000000000533, 16.94824980181295260, 13.02811064255925366 ) ) ;
#1863 = CARTESIAN_POINT ( 'NONE',  ( 16.25000000000000355, 31.25000000000000000, 100.0000000000000000 ) ) ;
#1864 = CARTESIAN_POINT ( 'NONE',  ( 13.25000000000000533, -39.13604423925855258, 78.07935926414725714 ) ) ;
#1865 = DIRECTION ( 'NONE',  ( 0.000000000000000000, 0.9451725838742016661, -0.3265712582156689581 ) ) ;
#1866 = CARTESIAN_POINT ( 'NONE',  ( 11.25000000000000355, 16.94824980181295260, 87.02811064255922702 ) ) ;
#1867 = AXIS2_PLACEMENT_3D ( 'NONE', #1750, #1488, #1208 ) ;
#1868 = ORIENTED_EDGE ( 'NONE', *, *, #834, .T. ) ;
#1869 = VERTEX_POINT ( 'NONE', #3159 ) ;
#1870 = DIRECTION ( 'NONE',  ( 0.000000000000000000, -0.3265712582156689581, 0.9451725838742017771 ) ) ;
#1871 = PLANE ( 'NONE',  #722 ) ;
#1872 = ORIENTED_EDGE ( 'NONE', *, *, #1967, .F. ) ;
#1873 = CYLINDRICAL_SURFACE ( 'NONE', #3406, 15.00000000000000533 ) ;
#1874 = AXIS2_PLACEMENT_3D ( 'NONE', #2246, #2192, #1128 ) ;
#1875 = EDGE_CURVE ( 'NONE', #2943, #2034, #3024, .T. ) ;
#1876 = ORIENTED_EDGE ( 'NONE', *, *, #2643, .T. ) ;
#1877 = VECTOR ( 'NONE', #386, 1000.000000000000000 ) ;
#1878 = VERTEX_POINT ( 'NONE', #3372 ) ;
#1879 = PLANE ( 'NONE',  #2733 ) ;
#1880 = CARTESIAN_POINT ( 'NONE',  ( -1.249999999999994227, 43.25000000000000000, 100.0000000000000000 ) ) ;
#1881 = AXIS2_PLACEMENT_3D ( 'NONE', #704, #1245, #2363 ) ;
#1882 = EDGE_CURVE ( 'NONE', #2055, #1034, #2552, .T. ) ;
#1883 = FACE_BOUND ( 'NONE', #2143, .T. ) ;
#1884 = VECTOR ( 'NONE', #396, 1000.000000000000000 ) ;
#1885 = CIRCLE ( 'NONE', #368, 15.00000000000000000 ) ;
#1886 = DIRECTION ( 'NONE',  ( 1.000000000000000000, -0.000000000000000000, -0.000000000000000000 ) ) ;
#1887 = CARTESIAN_POINT ( 'NONE',  ( 13.25000000000000533, 16.94824980181295260, 6.028110642559255439 ) ) ;
#1888 = ORIENTED_EDGE ( 'NONE', *, *, #237, .F. ) ;
#1889 = ORIENTED_EDGE ( 'NONE', *, *, #2073, .F. ) ;
#1890 = CIRCLE ( 'NONE', #2007, 2.000000000000001776 ) ;
#1891 = DIRECTION ( 'NONE',  ( 0.000000000000000000, 0.000000000000000000, -1.000000000000000000 ) ) ;
#1892 = EDGE_CURVE ( 'NONE', #1896, #1970, #2004, .T. ) ;
#1893 = CARTESIAN_POINT ( 'NONE',  ( 16.25000000000000355, 0.000000000000000000, 10.00000000000000000 ) ) ;
#1894 = AXIS2_PLACEMENT_3D ( 'NONE', #1374, #2467, #2971 ) ;
#1895 = EDGE_CURVE ( 'NONE', #579, #1664, #957, .T. ) ;
#1896 = VERTEX_POINT ( 'NONE', #2023 ) ;
#1897 = DIRECTION ( 'NONE',  ( 1.000000000000000000, -0.000000000000000000, -0.000000000000000000 ) ) ;
#1898 = ORIENTED_EDGE ( 'NONE', *, *, #1757, .T. ) ;
#1899 = ORIENTED_EDGE ( 'NONE', *, *, #1932, .F. ) ;
#1900 = DIRECTION ( 'NONE',  ( 1.000000000000000000, -0.000000000000000000, -0.000000000000000000 ) ) ;
#1901 = CARTESIAN_POINT ( 'NONE',  ( 11.25000000000000355, 0.000000000000000000, 81.99999999999997158 ) ) ;
#1902 = DIRECTION ( 'NONE',  ( 0.000000000000000000, 0.000000000000000000, 1.000000000000000000 ) ) ;
#1903 = CARTESIAN_POINT ( 'NONE',  ( 16.25000000000000355, -16.94824980181295260, 60.02811064255923412 ) ) ;
#1904 = VERTEX_POINT ( 'NONE', #680 ) ;
#1905 = EDGE_CURVE ( 'NONE', #1855, #2943, #2863, .T. ) ;
#1906 = DIRECTION ( 'NONE',  ( -1.000000000000000000, 0.000000000000000000, 0.000000000000000000 ) ) ;
#1907 = VERTEX_POINT ( 'NONE', #1747 ) ;
#1908 = CARTESIAN_POINT ( 'NONE',  ( 16.25000000000000355, 16.94824980181295260, 60.02811064255923412 ) ) ;
#1909 = EDGE_CURVE ( 'NONE', #2264, #1904, #3469, .T. ) ;
#1910 = DIRECTION ( 'NONE',  ( 0.000000000000000000, 0.000000000000000000, -1.000000000000000000 ) ) ;
#1911 = ORIENTED_EDGE ( 'NONE', *, *, #1604, .T. ) ;
#1912 = DIRECTION ( 'NONE',  ( 0.000000000000000000, 0.000000000000000000, 1.000000000000000000 ) ) ;
#1913 = ORIENTED_EDGE ( 'NONE', *, *, #443, .F. ) ;
#1914 = ORIENTED_EDGE ( 'NONE', *, *, #3222, .T. ) ;
#1915 = CARTESIAN_POINT ( 'NONE',  ( 11.25000000000000355, -16.29510728538161501, 40.13776547481084123 ) ) ;
#1916 = EDGE_CURVE ( 'NONE', #3437, #644, #186, .T. ) ;
#1917 = DIRECTION ( 'NONE',  ( 0.000000000000000000, 0.000000000000000000, 1.000000000000000000 ) ) ;
#1918 = CARTESIAN_POINT ( 'NONE',  ( 11.25000000000000355, 16.29510728538161501, 67.13776547481084833 ) ) ;
#1919 = DIRECTION ( 'NONE',  ( 0.000000000000000000, 0.9451725838742016661, -0.3265712582156689026 ) ) ;
#1920 = VERTEX_POINT ( 'NONE', #2271 ) ;
#1921 = DIRECTION ( 'NONE',  ( 1.000000000000000000, -0.000000000000000000, -0.000000000000000000 ) ) ;
#1922 = CARTESIAN_POINT ( 'NONE',  ( 13.25000000000000533, -40.57253961367421624, 73.01841900273117858 ) ) ;
#1923 = LINE ( 'NONE', #1180, #425 ) ;
#1924 = DIRECTION ( 'NONE',  ( -5.551115123125782702E-17, -1.000000000000000000, -0.000000000000000000 ) ) ;
#1925 = EDGE_CURVE ( 'NONE', #1920, #1819, #941, .T. ) ;
#1926 = VECTOR ( 'NONE', #2044, 1000.000000000000000 ) ;
#1927 = VERTEX_POINT ( 'NONE', #135 ) ;
#1928 = CARTESIAN_POINT ( 'NONE',  ( 13.25000000000000533, 16.94824980181295260, 22.02811064255925189 ) ) ;
#1929 = VERTEX_POINT ( 'NONE', #2306 ) ;
#1930 = ORIENTED_EDGE ( 'NONE', *, *, #1610, .T. ) ;
#1931 = CARTESIAN_POINT ( 'NONE',  ( 13.25000000000000533, 31.25000000000000000, 0.000000000000000000 ) ) ;
#1932 = EDGE_CURVE ( 'NONE', #859, #2441, #2039, .T. ) ;
#1933 = VECTOR ( 'NONE', #988, 1000.000000000000000 ) ;
#1934 = DIRECTION ( 'NONE',  ( 0.000000000000000000, 0.000000000000000000, 1.000000000000000000 ) ) ;
#1935 = EDGE_CURVE ( 'NONE', #1869, #2349, #3123, .T. ) ;
#1936 = AXIS2_PLACEMENT_3D ( 'NONE', #524, #3011, #1354 ) ;
#1937 = LINE ( 'NONE', #1137, #2908 ) ;
#1938 = PLANE ( 'NONE',  #464 ) ;
#1939 = ORIENTED_EDGE ( 'NONE', *, *, #3331, .T. ) ;
#1940 = VECTOR ( 'NONE', #533, 1000.000000000000000 ) ;
#1941 = DIRECTION ( 'NONE',  ( 5.551115123125782702E-17, 1.000000000000000000, 0.000000000000000000 ) ) ;
#1942 = CARTESIAN_POINT ( 'NONE',  ( 13.25000000000000533, 16.29510728538161501, 49.13776547481084123 ) ) ;
#1943 = LINE ( 'NONE', #2526, #1670 ) ;
#1944 = AXIS2_PLACEMENT_3D ( 'NONE', #2610, #3111, #3426 ) ;
#1945 = CARTESIAN_POINT ( 'NONE',  ( 13.25000000000000355, -31.25000000000000000, 100.0000000000000000 ) ) ;
#1946 = VECTOR ( 'NONE', #1484, 1000.000000000000000 ) ;
#1947 = ORIENTED_EDGE ( 'NONE', *, *, #1909, .T. ) ;
#1948 = CARTESIAN_POINT ( 'NONE',  ( 16.25000000000000355, -31.25000000000000000, 100.0000000000000000 ) ) ;
#1949 = DIRECTION ( 'NONE',  ( -0.000000000000000000, -0.000000000000000000, -1.000000000000000000 ) ) ;
#1950 = VECTOR ( 'NONE', #1723, 1000.000000000000000 ) ;
#1951 = ORIENTED_EDGE ( 'NONE', *, *, #325, .F. ) ;
#1952 = ORIENTED_EDGE ( 'NONE', *, *, #1468, .T. ) ;
#1953 = DIRECTION ( 'NONE',  ( 0.000000000000000000, -0.3385147713061290031, -0.9409610776262529175 ) ) ;
#1954 = ORIENTED_EDGE ( 'NONE', *, *, #1967, .T. ) ;
#1955 = EDGE_CURVE ( 'NONE', #2920, #1209, #887, .T. ) ;
#1956 = DIRECTION ( 'NONE',  ( -1.000000000000000000, 0.000000000000000000, 0.000000000000000000 ) ) ;
#1957 = DIRECTION ( 'NONE',  ( 0.000000000000000000, 0.000000000000000000, 1.000000000000000000 ) ) ;
#1958 = VERTEX_POINT ( 'NONE', #760 ) ;
#1959 = CARTESIAN_POINT ( 'NONE',  ( 13.25000000000000533, -16.94824980181295260, 33.02811064255924833 ) ) ;
#1960 = FACE_OUTER_BOUND ( 'NONE', #3480, .T. ) ;
#1961 = DIRECTION ( 'NONE',  ( 1.000000000000000000, -0.000000000000000000, -0.000000000000000000 ) ) ;
#1962 = EDGE_CURVE ( 'NONE', #2809, #2067, #1386, .T. ) ;
#1963 = DIRECTION ( 'NONE',  ( -1.000000000000000000, 0.000000000000000000, 0.000000000000000000 ) ) ;
#1964 = ORIENTED_EDGE ( 'NONE', *, *, #3042, .F. ) ;
#1965 = LINE ( 'NONE', #383, #2049 ) ;
#1966 = LINE ( 'NONE', #2824, #1950 ) ;
#1967 = EDGE_CURVE ( 'NONE', #206, #903, #2701, .T. ) ;
#1968 = ORIENTED_EDGE ( 'NONE', *, *, #334, .T. ) ;
#1969 = CARTESIAN_POINT ( 'NONE',  ( 13.25000000000000533, -16.29510728538161501, 13.13776547481085011 ) ) ;
#1970 = VERTEX_POINT ( 'NONE', #1305 ) ;
#1971 = EDGE_CURVE ( 'NONE', #2982, #7, #3136, .T. ) ;
#1972 = DIRECTION ( 'NONE',  ( -1.000000000000000000, 0.000000000000000000, 0.000000000000000000 ) ) ;
#1973 = LINE ( 'NONE', #923, #1097 ) ;
#1974 = VERTEX_POINT ( 'NONE', #3456 ) ;
#1975 = LINE ( 'NONE', #2846, #2343 ) ;
#1976 = DIRECTION ( 'NONE',  ( -1.000000000000000000, 0.000000000000000000, 0.000000000000000000 ) ) ;
#1977 = PLANE ( 'NONE',  #1220 ) ;
#1978 = LINE ( 'NONE', #2782, #974 ) ;
#1979 = ORIENTED_EDGE ( 'NONE', *, *, #1763, .F. ) ;
#1980 = ADVANCED_FACE ( 'NONE', ( #2356 ), #1070, .F. ) ;
#1981 = FACE_OUTER_BOUND ( 'NONE', #382, .T. ) ;
#1982 = EDGE_CURVE ( 'NONE', #1442, #2510, #3306, .T. ) ;
#1983 = DIRECTION ( 'NONE',  ( -1.000000000000000000, -2.312964634635743450E-16, 0.000000000000000000 ) ) ;
#1984 = AXIS2_PLACEMENT_3D ( 'NONE', #1055, #3217, #1558 ) ;
#1985 = ORIENTED_EDGE ( 'NONE', *, *, #3291, .F. ) ;
#1986 = DIRECTION ( 'NONE',  ( 1.000000000000000000, 0.000000000000000000, 0.000000000000000000 ) ) ;
#1987 = AXIS2_PLACEMENT_3D ( 'NONE', #2081, #480, #787 ) ;
#1988 = ORIENTED_EDGE ( 'NONE', *, *, #946, .T. ) ;
#1989 = CARTESIAN_POINT ( 'NONE',  ( 13.25000000000000533, 0.000000000000000000, 23.00000000000000000 ) ) ;
#1990 = AXIS2_PLACEMENT_3D ( 'NONE', #2153, #3256, #3219 ) ;
#1991 = FACE_OUTER_BOUND ( 'NONE', #809, .T. ) ;
#1992 = CARTESIAN_POINT ( 'NONE',  ( 13.25000000000000533, -21.93546614322502819, 74.10862225704454431 ) ) ;
#1993 = VECTOR ( 'NONE', #2994, 1000.000000000000114 ) ;
#1994 = CARTESIAN_POINT ( 'NONE',  ( 13.25000000000000533, -17.60139231824429018, 61.91845581030763412 ) ) ;
#1995 = CARTESIAN_POINT ( 'NONE',  ( 13.25000000000000533, -43.35053541319499715, 64.97825808296427397 ) ) ;
#1996 = CIRCLE ( 'NONE', #477, 2.000000000000001776 ) ;
#1997 = CARTESIAN_POINT ( 'NONE',  ( 1.250000000000004663, -43.25000000000000000, 100.0000000000000000 ) ) ;
#1998 = ORIENTED_EDGE ( 'NONE', *, *, #258, .T. ) ;
#1999 = VECTOR ( 'NONE', #341, 1000.000000000000227 ) ;
#2000 = DIRECTION ( 'NONE',  ( -1.000000000000000000, 0.000000000000000000, 0.000000000000000000 ) ) ;
#2001 = VECTOR ( 'NONE', #1811, 1000.000000000000114 ) ;
#2002 = DIRECTION ( 'NONE',  ( -1.000000000000000000, 0.000000000000000000, 0.000000000000000000 ) ) ;
#2003 = ADVANCED_FACE ( 'NONE', ( #2091 ), #1832, .F. ) ;
#2004 = CIRCLE ( 'NONE', #1834, 1.999999999999998224 ) ;
#2005 = EDGE_LOOP ( 'NONE', ( #956, #841, #2051, #2620 ) ) ;
#2006 = DIRECTION ( 'NONE',  ( -0.000000000000000000, -0.000000000000000000, -1.000000000000000000 ) ) ;
#2007 = AXIS2_PLACEMENT_3D ( 'NONE', #1705, #2786, #1199 ) ;
#2008 = EDGE_CURVE ( 'NONE', #2750, #1664, #2145, .T. ) ;
#2009 = AXIS2_PLACEMENT_3D ( 'NONE', #1799, #188, #2865 ) ;
#2010 = ORIENTED_EDGE ( 'NONE', *, *, #1962, .T. ) ;
#2011 = CARTESIAN_POINT ( 'NONE',  ( 11.25000000000000355, 16.94824980181295260, 78.02811064255924123 ) ) ;
#2012 = CARTESIAN_POINT ( 'NONE',  ( -1.249999999999994227, -43.25000000000000000, 0.000000000000000000 ) ) ;
#2013 = DIRECTION ( 'NONE',  ( 0.000000000000000000, -0.9451725838742016661, -0.3265712582156689026 ) ) ;
#2014 = CARTESIAN_POINT ( 'NONE',  ( 16.25000000000000355, -31.25000000000000000, 0.000000000000000000 ) ) ;
#2015 = EDGE_LOOP ( 'NONE', ( #460, #1490, #905, #986 ) ) ;
#2016 = ORIENTED_EDGE ( 'NONE', *, *, #1093, .T. ) ;
#2017 = CARTESIAN_POINT ( 'NONE',  ( 13.25000000000000533, 16.94824980181295260, 15.02811064255925366 ) ) ;
#2018 = DIRECTION ( 'NONE',  ( 0.000000000000000000, 0.000000000000000000, -1.000000000000000000 ) ) ;
#2019 = ORIENTED_EDGE ( 'NONE', *, *, #1665, .F. ) ;
#2020 = CARTESIAN_POINT ( 'NONE',  ( 13.25000000000000533, 0.000000000000000000, 27.99999999999999645 ) ) ;
#2021 = VERTEX_POINT ( 'NONE', #1880 ) ;
#2022 = EDGE_CURVE ( 'NONE', #2773, #611, #1571, .T. ) ;
#2023 = CARTESIAN_POINT ( 'NONE',  ( 16.25000000000000355, -17.60139231824429018, 25.91845581030765544 ) ) ;
#2024 = EDGE_CURVE ( 'NONE', #1371, #2522, #3472, .T. ) ;
#2025 = DIRECTION ( 'NONE',  ( 1.000000000000000000, 0.000000000000000000, 0.000000000000000000 ) ) ;
#2026 = CARTESIAN_POINT ( 'NONE',  ( 13.25000000000000533, -16.94824980181295260, 6.028110642559255439 ) ) ;
#2027 = EDGE_CURVE ( 'NONE', #2594, #859, #3031, .T. ) ;
#2028 = LINE ( 'NONE', #397, #120 ) ;
#2029 = EDGE_LOOP ( 'NONE', ( #1914, #2876, #1081, #952 ) ) ;
#2030 = ORIENTED_EDGE ( 'NONE', *, *, #2414, .F. ) ;
#2031 = ORIENTED_EDGE ( 'NONE', *, *, #1567, .T. ) ;
#2032 = PLANE ( 'NONE',  #1106 ) ;
#2033 = EDGE_CURVE ( 'NONE', #2082, #2644, #815, .T. ) ;
#2034 = VERTEX_POINT ( 'NONE', #1586 ) ;
#2035 = DIRECTION ( 'NONE',  ( 0.000000000000000000, 0.000000000000000000, -1.000000000000000000 ) ) ;
#2036 = VECTOR ( 'NONE', #3202, 1000.000000000000114 ) ;
#2037 = ORIENTED_EDGE ( 'NONE', *, *, #2346, .T. ) ;
#2038 = AXIS2_PLACEMENT_3D ( 'NONE', #1451, #681, #393 ) ;
#2039 = LINE ( 'NONE', #3386, #940 ) ;
#2040 = DIRECTION ( 'NONE',  ( -0.000000000000000000, -0.000000000000000000, -1.000000000000000000 ) ) ;
#2041 = ADVANCED_FACE ( 'NONE', ( #263 ), #2663, .F. ) ;
#2042 = CARTESIAN_POINT ( 'NONE',  ( 13.25000000000000533, -16.29510728538161501, 4.137765474810851885 ) ) ;
#2043 = CARTESIAN_POINT ( 'NONE',  ( 13.25000000000000533, -50.60309630328087849, 46.20468027827514135 ) ) ;
#2044 = DIRECTION ( 'NONE',  ( 1.000000000000000000, -0.000000000000000000, -0.000000000000000000 ) ) ;
#2045 = ORIENTED_EDGE ( 'NONE', *, *, #1194, .F. ) ;
#2046 = ORIENTED_EDGE ( 'NONE', *, *, #474, .T. ) ;
#2047 = EDGE_LOOP ( 'NONE', ( #1172, #703, #2288, #804 ) ) ;
#2048 = FACE_OUTER_BOUND ( 'NONE', #2384, .T. ) ;
#2049 = VECTOR ( 'NONE', #126, 1000.000000000000000 ) ;
#2050 = AXIS2_PLACEMENT_3D ( 'NONE', #1014, #1556, #2881 ) ;
#2051 = ORIENTED_EDGE ( 'NONE', *, *, #1589, .F. ) ;
#2052 = CARTESIAN_POINT ( 'NONE',  ( 16.25000000000000355, 0.000000000000000000, 27.99999999999999645 ) ) ;
#2053 = AXIS2_PLACEMENT_3D ( 'NONE', #1154, #869, #890 ) ;
#2054 = EDGE_CURVE ( 'NONE', #1452, #2297, #3214, .T. ) ;
#2055 = VERTEX_POINT ( 'NONE', #1863 ) ;
#2056 = ORIENTED_EDGE ( 'NONE', *, *, #868, .T. ) ;
#2057 = AXIS2_PLACEMENT_3D ( 'NONE', #2233, #2002, #2545 ) ;
#2058 = LINE ( 'NONE', #727, #1552 ) ;
#2059 = DIRECTION ( 'NONE',  ( -1.000000000000000000, 0.000000000000000000, 0.000000000000000000 ) ) ;
#2060 = VECTOR ( 'NONE', #1395, 1000.000000000000114 ) ;
#2061 = EDGE_CURVE ( 'NONE', #291, #1806, #201, .T. ) ;
#2062 = DIRECTION ( 'NONE',  ( -1.000000000000000000, 0.000000000000000000, 0.000000000000000000 ) ) ;
#2063 = CIRCLE ( 'NONE', #2691, 12.00000000000000355 ) ;
#2064 = DIRECTION ( 'NONE',  ( 1.000000000000000000, 0.000000000000000000, 0.000000000000000000 ) ) ;
#2065 = DIRECTION ( 'NONE',  ( 0.000000000000000000, 0.9451725838742016661, 0.3265712582156689581 ) ) ;
#2066 = ORIENTED_EDGE ( 'NONE', *, *, #583, .T. ) ;
#2067 = VERTEX_POINT ( 'NONE', #473 ) ;
#2068 = ORIENTED_EDGE ( 'NONE', *, *, #1542, .T. ) ;
#2069 = DIRECTION ( 'NONE',  ( 1.000000000000000000, -0.000000000000000000, -0.000000000000000000 ) ) ;
#2070 = ADVANCED_FACE ( 'NONE', ( #1605 ), #1551, .F. ) ;
#2071 = ORIENTED_EDGE ( 'NONE', *, *, #2262, .T. ) ;
#2072 = CARTESIAN_POINT ( 'NONE',  ( 11.25000000000000355, 16.94824980181295260, 42.02811064255924833 ) ) ;
#2073 = EDGE_CURVE ( 'NONE', #2290, #1576, #775, .T. ) ;
#2074 = ORIENTED_EDGE ( 'NONE', *, *, #1771, .T. ) ;
#2075 = VERTEX_POINT ( 'NONE', #2251 ) ;
#2076 = LINE ( 'NONE', #1068, #2101 ) ;
#2077 = DIRECTION ( 'NONE',  ( -0.000000000000000000, -0.9451725838742016661, 0.3265712582156689026 ) ) ;
#2078 = EDGE_CURVE ( 'NONE', #3164, #2804, #1966, .T. ) ;
#2079 = DIRECTION ( 'NONE',  ( 1.000000000000000000, -0.000000000000000000, -0.000000000000000000 ) ) ;
#2080 = CARTESIAN_POINT ( 'NONE',  ( 11.25000000000000355, 17.60139231824429018, 43.91845581030764833 ) ) ;
#2081 = CARTESIAN_POINT ( 'NONE',  ( 11.25000000000000355, 0.000000000000000000, 49.99999999999998579 ) ) ;
#2082 = VERTEX_POINT ( 'NONE', #951 ) ;
#2083 = ORIENTED_EDGE ( 'NONE', *, *, #2061, .T. ) ;
#2084 = LINE ( 'NONE', #200, #1325 ) ;
#2085 = DIRECTION ( 'NONE',  ( 0.000000000000000000, -0.9409610776262526954, 0.3385147713061296137 ) ) ;
#2086 = VERTEX_POINT ( 'NONE', #3347 ) ;
#2087 = DIRECTION ( 'NONE',  ( 0.000000000000000000, -0.9451725838742016661, -0.3265712582156689026 ) ) ;
#2088 = ORIENTED_EDGE ( 'NONE', *, *, #999, .F. ) ;
#2089 = ORIENTED_EDGE ( 'NONE', *, *, #1093, .F. ) ;
#2090 = CARTESIAN_POINT ( 'NONE',  ( 11.25000000000000355, -16.94824980181295260, 15.02811064255925366 ) ) ;
#2091 = FACE_OUTER_BOUND ( 'NONE', #1725, .T. ) ;
#2092 = AXIS2_PLACEMENT_3D ( 'NONE', #595, #1671, #2748 ) ;
#2093 = CARTESIAN_POINT ( 'NONE',  ( 13.25000000000000533, -16.29510728538161501, 58.13776547481083412 ) ) ;
#2094 = EDGE_CURVE ( 'NONE', #3039, #3411, #127, .T. ) ;
#2095 = DIRECTION ( 'NONE',  ( 0.000000000000000000, -0.9409610776262525844, -0.3385147713061297248 ) ) ;
#2096 = AXIS2_PLACEMENT_3D ( 'NONE', #1903, #3322, #907 ) ;
#2097 = PLANE ( 'NONE',  #866 ) ;
#2098 = ORIENTED_EDGE ( 'NONE', *, *, #2214, .T. ) ;
#2099 = FACE_OUTER_BOUND ( 'NONE', #1638, .T. ) ;
#2100 = FACE_OUTER_BOUND ( 'NONE', #2759, .T. ) ;
#2101 = VECTOR ( 'NONE', #2320, 1000.000000000000000 ) ;
#2102 = CARTESIAN_POINT ( 'NONE',  ( 16.25000000000000355, 16.29510728538161501, 85.13776547481083412 ) ) ;
#2103 = CARTESIAN_POINT ( 'NONE',  ( 16.25000000000000355, -16.94824980181295260, 15.02811064255925366 ) ) ;
#2104 = ORIENTED_EDGE ( 'NONE', *, *, #2752, .F. ) ;
#2105 = DIRECTION ( 'NONE',  ( 0.000000000000000000, -1.000000000000000000, 0.000000000000000000 ) ) ;
#2106 = VECTOR ( 'NONE', #2597, 1000.000000000000114 ) ;
#2107 = ORIENTED_EDGE ( 'NONE', *, *, #2372, .T. ) ;
#2108 = ORIENTED_EDGE ( 'NONE', *, *, #2244, .F. ) ;
#2109 = DIRECTION ( 'NONE',  ( 0.000000000000000000, -0.9451725838742015551, 0.3265712582156691801 ) ) ;
#2110 = VECTOR ( 'NONE', #2818, 1000.000000000000000 ) ;
#2111 = DIRECTION ( 'NONE',  ( 1.000000000000000000, 0.000000000000000000, -0.000000000000000000 ) ) ;
#2112 = EDGE_CURVE ( 'NONE', #1582, #2732, #1890, .T. ) ;
#2113 = AXIS2_PLACEMENT_3D ( 'NONE', #556, #1031, #3179 ) ;
#2114 = DIRECTION ( 'NONE',  ( 0.000000000000000000, 0.000000000000000000, 1.000000000000000000 ) ) ;
#2115 = LINE ( 'NONE', #1852, #1940 ) ;
#2116 = VECTOR ( 'NONE', #783, 1000.000000000000114 ) ;
#2117 = EDGE_CURVE ( 'NONE', #1792, #2955, #1728, .T. ) ;
#2118 = DIRECTION ( 'NONE',  ( 0.000000000000000000, -0.3385147713061297803, -0.9409610776262526954 ) ) ;
#2119 = ORIENTED_EDGE ( 'NONE', *, *, #544, .F. ) ;
#2120 = VECTOR ( 'NONE', #3457, 1000.000000000000000 ) ;
#2121 = ORIENTED_EDGE ( 'NONE', *, *, #2539, .T. ) ;
#2122 = LINE ( 'NONE', #1648, #1163 ) ;
#2123 = CARTESIAN_POINT ( 'NONE',  ( 1.250000000000004663, -31.25000000000000000, 0.000000000000000000 ) ) ;
#2124 = EDGE_CURVE ( 'NONE', #2646, #949, #1742, .T. ) ;
#2125 = ORIENTED_EDGE ( 'NONE', *, *, #2434, .T. ) ;
#2126 = CARTESIAN_POINT ( 'NONE',  ( 11.25000000000000355, -16.29510728538161501, 31.13776547481084478 ) ) ;
#2127 = ORIENTED_EDGE ( 'NONE', *, *, #1289, .F. ) ;
#2128 = VERTEX_POINT ( 'NONE', #3317 ) ;
#2129 = CARTESIAN_POINT ( 'NONE',  ( -23.75577422178335141, 7.499999999999998224, 100.0000000000000000 ) ) ;
#2130 = DIRECTION ( 'NONE',  ( 0.000000000000000000, 0.9409610776262525844, -0.3385147713061297248 ) ) ;
#2131 = FACE_OUTER_BOUND ( 'NONE', #2015, .T. ) ;
#2132 = EDGE_CURVE ( 'NONE', #1818, #2899, #2911, .T. ) ;
#2133 = DIRECTION ( 'NONE',  ( 0.000000000000000000, 0.9409610776262529175, 0.3385147713061290031 ) ) ;
#2134 = DIRECTION ( 'NONE',  ( 1.000000000000000000, -0.000000000000000000, -0.000000000000000000 ) ) ;
#2135 = ORIENTED_EDGE ( 'NONE', *, *, #2643, .F. ) ;
#2136 = PLANE ( 'NONE',  #1990 ) ;
#2137 = EDGE_CURVE ( 'NONE', #1222, #413, #1277, .T. ) ;
#2138 = CARTESIAN_POINT ( 'NONE',  ( 16.25000000000000355, 16.29510728538161501, 22.13776547481084833 ) ) ;
#2139 = FACE_BOUND ( 'NONE', #719, .T. ) ;
#2140 = ORIENTED_EDGE ( 'NONE', *, *, #1776, .F. ) ;
#2141 = DIRECTION ( 'NONE',  ( 0.000000000000000000, 0.000000000000000000, -1.000000000000000000 ) ) ;
#2142 = EDGE_LOOP ( 'NONE', ( #2338, #2219, #2329, #1119, #3422, #3233, #1095, #3157 ) ) ;
#2143 = EDGE_LOOP ( 'NONE', ( #122, #589, #3014, #2019, #2390, #3397, #1889, #962 ) ) ;
#2144 = CARTESIAN_POINT ( 'NONE',  ( 11.25000000000000355, 0.000000000000000000, 40.99999999999999289 ) ) ;
#2145 = LINE ( 'NONE', #881, #605 ) ;
#2146 = FACE_BOUND ( 'NONE', #884, .T. ) ;
#2147 = CARTESIAN_POINT ( 'NONE',  ( 1.249999999999994005, 31.25000000000000000, 100.0000000000000000 ) ) ;
#2148 = PRODUCT_DEFINITION_SHAPE ( 'NONE', 'NONE',  #1479 ) ;
#2149 = ADVANCED_FACE ( 'NONE', ( #3038 ), #619, .F. ) ;
#2150 = DIRECTION ( 'NONE',  ( 0.000000000000000000, 0.000000000000000000, -1.000000000000000000 ) ) ;
#2151 = VECTOR ( 'NONE', #1737, 1000.000000000000000 ) ;
#2152 = EDGE_LOOP ( 'NONE', ( #97, #2822, #564, #2277, #59, #69, #3453, #893 ) ) ;
#2153 = CARTESIAN_POINT ( 'NONE',  ( 11.25000000000000355, -16.29510728538161501, 4.137765474810851885 ) ) ;
#2154 = PLANE ( 'NONE',  #1054 ) ;
#2155 = CIRCLE ( 'NONE', #3342, 2.000000000000001776 ) ;
#2156 = EDGE_CURVE ( 'NONE', #2773, #2920, #1691, .T. ) ;
#2157 = DIRECTION ( 'NONE',  ( -1.000000000000000000, 0.000000000000000000, 0.000000000000000000 ) ) ;
#2158 = VERTEX_POINT ( 'NONE', #346 ) ;
#2159 = CYLINDRICAL_SURFACE ( 'NONE', #1546, 2.000000000000000000 ) ;
#2160 = AXIS2_PLACEMENT_3D ( 'NONE', #88, #1668, #1159 ) ;
#2161 = VERTEX_POINT ( 'NONE', #96 ) ;
#2162 = EDGE_LOOP ( 'NONE', ( #3296, #1332, #1939, #2083 ) ) ;
#2163 = DIRECTION ( 'NONE',  ( 1.000000000000000000, -0.000000000000000000, -0.000000000000000000 ) ) ;
#2164 = EDGE_CURVE ( 'NONE', #2821, #2067, #3069, .T. ) ;
#2165 = CIRCLE ( 'NONE', #419, 1.999999999999998224 ) ;
#2166 = CARTESIAN_POINT ( 'NONE',  ( 16.25000000000000355, 16.29510728538161501, 67.13776547481084833 ) ) ;
#2167 = VECTOR ( 'NONE', #801, 1000.000000000000000 ) ;
#2168 = VECTOR ( 'NONE', #2648, 1000.000000000000000 ) ;
#2169 = CARTESIAN_POINT ( 'NONE',  ( 13.25000000000000533, -4.734888047191538440, 26.29660377823638129 ) ) ;
#2170 = VECTOR ( 'NONE', #2589, 1000.000000000000000 ) ;
#2171 = DIRECTION ( 'NONE',  ( -1.000000000000000000, 0.000000000000000000, 0.000000000000000000 ) ) ;
#2172 = ORIENTED_EDGE ( 'NONE', *, *, #2137, .F. ) ;
#2173 = LINE ( 'NONE', #2365, #374 ) ;
#2174 = DIRECTION ( 'NONE',  ( -1.000000000000000000, 0.000000000000000000, 0.000000000000000000 ) ) ;
#2175 = AXIS2_PLACEMENT_3D ( 'NONE', #3105, #402, #689 ) ;
#2176 = DIRECTION ( 'NONE',  ( 0.000000000000000000, 0.000000000000000000, -1.000000000000000000 ) ) ;
#2177 = DIRECTION ( 'NONE',  ( 0.000000000000000000, -0.000000000000000000, 1.000000000000000000 ) ) ;
#2178 = VECTOR ( 'NONE', #1633, 1000.000000000000114 ) ;
#2179 = ORIENTED_EDGE ( 'NONE', *, *, #2402, .T. ) ;
#2180 = EDGE_CURVE ( 'NONE', #3285, #1792, #2492, .T. ) ;
#2181 = CARTESIAN_POINT ( 'NONE',  ( 16.25000000000000355, 17.60139231824429018, 16.91845581030765544 ) ) ;
#2182 = ORIENTED_EDGE ( 'NONE', *, *, #3040, .F. ) ;
#2183 = VERTEX_POINT ( 'NONE', #1184 ) ;
#2184 = FACE_OUTER_BOUND ( 'NONE', #770, .T. ) ;
#2185 = ADVANCED_FACE ( 'NONE', ( #1460 ), #3330, .T. ) ;
#2186 = FACE_BOUND ( 'NONE', #1258, .T. ) ;
#2187 = CYLINDRICAL_SURFACE ( 'NONE', #1553, 2.000000000000001776 ) ;
#2188 = ADVANCED_FACE ( 'NONE', ( #384 ), #2530, .F. ) ;
#2189 = DIRECTION ( 'NONE',  ( 1.000000000000000000, -0.000000000000000000, -0.000000000000000000 ) ) ;
#2190 = ORIENTED_EDGE ( 'NONE', *, *, #2325, .T. ) ;
#2191 = DIRECTION ( 'NONE',  ( 0.000000000000000000, -0.9451725838742015551, -0.3265712582156691801 ) ) ;
#2192 = DIRECTION ( 'NONE',  ( -1.000000000000000000, 0.000000000000000000, 0.000000000000000000 ) ) ;
#2193 = DIRECTION ( 'NONE',  ( 0.000000000000000000, -0.000000000000000000, -1.000000000000000000 ) ) ;
#2194 = CARTESIAN_POINT ( 'NONE',  ( 11.25000000000000355, -16.94824980181295260, 24.02811064255925189 ) ) ;
#2195 = ORIENTED_EDGE ( 'NONE', *, *, #2752, .T. ) ;
#2196 = CYLINDRICAL_SURFACE ( 'NONE', #1494, 2.000000000000000000 ) ;
#2197 = ADVANCED_FACE ( 'NONE', ( #612 ), #1683, .F. ) ;
#2198 = VERTEX_POINT ( 'NONE', #2707 ) ;
#2199 = ORIENTED_EDGE ( 'NONE', *, *, #1955, .F. ) ;
#2200 = CARTESIAN_POINT ( 'NONE',  ( 16.25000000000000355, 0.000000000000000000, 67.99999999999998579 ) ) ;
#2201 = CARTESIAN_POINT ( 'NONE',  ( 13.25000000000000533, -31.25000000000000000, 100.0000000000000000 ) ) ;
#2202 = DIRECTION ( 'NONE',  ( 1.000000000000000000, -0.000000000000000000, -0.000000000000000000 ) ) ;
#2203 = CARTESIAN_POINT ( 'NONE',  ( 16.25000000000000355, -16.29510728538161501, 22.13776547481084833 ) ) ;
#2204 = ORIENTED_EDGE ( 'NONE', *, *, #1875, .F. ) ;
#2205 = CARTESIAN_POINT ( 'NONE',  ( 11.25000000000000355, 16.94824980181295260, 15.02811064255925366 ) ) ;
#2206 = DIRECTION ( 'NONE',  ( 0.000000000000000000, 0.9451725838742016661, -0.3265712582156689026 ) ) ;
#2207 = DIRECTION ( 'NONE',  ( 1.000000000000000000, -0.000000000000000000, -0.000000000000000000 ) ) ;
#2208 = CIRCLE ( 'NONE', #2664, 2.000000000000000000 ) ;
#2209 = LINE ( 'NONE', #1418, #3065 ) ;
#2210 = AXIS2_PLACEMENT_3D ( 'NONE', #870, #626, #297 ) ;
#2211 = ORIENTED_EDGE ( 'NONE', *, *, #1032, .T. ) ;
#2212 = FACE_OUTER_BOUND ( 'NONE', #505, .T. ) ;
#2213 = CARTESIAN_POINT ( 'NONE',  ( -1.249999999999994227, -31.25000000000000000, 0.000000000000000000 ) ) ;
#2214 = EDGE_CURVE ( 'NONE', #2891, #1568, #872, .T. ) ;
#2215 = ORIENTED_EDGE ( 'NONE', *, *, #2812, .F. ) ;
#2216 = ORIENTED_EDGE ( 'NONE', *, *, #1529, .T. ) ;
#2217 = DIRECTION ( 'NONE',  ( 1.000000000000000000, -0.000000000000000000, -0.000000000000000000 ) ) ;
#2218 = VECTOR ( 'NONE', #1024, 1000.000000000000000 ) ;
#2219 = ORIENTED_EDGE ( 'NONE', *, *, #2459, .F. ) ;
#2220 = ADVANCED_FACE ( 'NONE', ( #55 ), #1140, .F. ) ;
#2221 = CARTESIAN_POINT ( 'NONE',  ( 13.25000000000000533, 16.94824980181295260, 85.02811064255922702 ) ) ;
#2222 = DIRECTION ( 'NONE',  ( 1.000000000000000000, -0.000000000000000000, -0.000000000000000000 ) ) ;
#2223 = EDGE_LOOP ( 'NONE', ( #2211, #2513, #2464, #3149 ) ) ;
#2224 = AXIS2_PLACEMENT_3D ( 'NONE', #380, #2227, #3339 ) ;
#2225 = CARTESIAN_POINT ( 'NONE',  ( 11.25000000000000355, 16.94824980181295260, 22.02811064255925189 ) ) ;
#2226 = DIRECTION ( 'NONE',  ( 0.9063077870366477162, 0.4226182617407041042, 0.000000000000000000 ) ) ;
#2227 = DIRECTION ( 'NONE',  ( 1.000000000000000000, 0.000000000000000000, -0.000000000000000000 ) ) ;
#2228 = AXIS2_PLACEMENT_3D ( 'NONE', #2950, #3251, #266 ) ;
#2229 = CARTESIAN_POINT ( 'NONE',  ( 13.25000000000000533, -16.29510728538161501, 31.13776547481084123 ) ) ;
#2230 = VECTOR ( 'NONE', #3286, 1000.000000000000114 ) ;
#2231 = ORIENTED_EDGE ( 'NONE', *, *, #2576, .F. ) ;
#2232 = CYLINDRICAL_SURFACE ( 'NONE', #3127, 1.999999999999998224 ) ;
#2233 = CARTESIAN_POINT ( 'NONE',  ( 13.25000000000000533, 16.94824980181295260, 69.02811064255924123 ) ) ;
#2234 = AXIS2_PLACEMENT_3D ( 'NONE', #3440, #1013, #476 ) ;
#2235 = EDGE_CURVE ( 'NONE', #725, #2804, #3255, .T. ) ;
#2236 = ORIENTED_EDGE ( 'NONE', *, *, #899, .F. ) ;
#2237 = CIRCLE ( 'NONE', #264, 11.99999999999999822 ) ;
#2238 = FACE_OUTER_BOUND ( 'NONE', #437, .T. ) ;
#2239 = ORIENTED_EDGE ( 'NONE', *, *, #2719, .F. ) ;
#2240 = CARTESIAN_POINT ( 'NONE',  ( 11.25000000000000355, 0.000000000000000000, 10.00000000000000000 ) ) ;
#2241 = EDGE_CURVE ( 'NONE', #535, #3285, #144, .T. ) ;
#2242 = DIRECTION ( 'NONE',  ( -1.000000000000000000, 0.000000000000000000, 0.000000000000000000 ) ) ;
#2243 = ORIENTED_EDGE ( 'NONE', *, *, #983, .F. ) ;
#2244 = EDGE_CURVE ( 'NONE', #738, #3211, #1364, .T. ) ;
#2245 =( NAMED_UNIT ( * ) PLANE_ANGLE_UNIT ( ) SI_UNIT ( $, .RADIAN. ) );
#2246 = CARTESIAN_POINT ( 'NONE',  ( 13.25000000000000533, -16.94824980181295260, 33.02811064255924833 ) ) ;
#2247 = PLANE ( 'NONE',  #310 ) ;
#2248 = CARTESIAN_POINT ( 'NONE',  ( 16.25000000000000355, -16.94824980181295260, 31.02811064255924478 ) ) ;
#2249 = ORIENTED_EDGE ( 'NONE', *, *, #2300, .T. ) ;
#2250 = CARTESIAN_POINT ( 'NONE',  ( 13.25000000000000533, 16.94824980181295260, 40.02811064255924833 ) ) ;
#2251 = CARTESIAN_POINT ( 'NONE',  ( 16.25000000000000355, -16.94824980181295260, 85.02811064255922702 ) ) ;
#2252 = ORIENTED_EDGE ( 'NONE', *, *, #1786, .T. ) ;
#2253 = FACE_OUTER_BOUND ( 'NONE', #2493, .T. ) ;
#2254 = ORIENTED_EDGE ( 'NONE', *, *, #2331, .T. ) ;
#2255 = EDGE_LOOP ( 'NONE', ( #3223, #3277, #2243, #1731, #149, #1888, #3072, #23 ) ) ;
#2256 = CARTESIAN_POINT ( 'NONE',  ( 16.25000000000000355, 0.000000000000000000, 49.99999999999998579 ) ) ;
#2257 = DIRECTION ( 'NONE',  ( 0.000000000000000000, 0.9409610776262529175, 0.3385147713061290031 ) ) ;
#2258 = EDGE_CURVE ( 'NONE', #515, #558, #2173, .T. ) ;
#2259 = FILL_AREA_STYLE ('',( #1431 ) ) ;
#2260 = DIRECTION ( 'NONE',  ( -0.000000000000000000, -0.9451725838742016661, 0.3265712582156689026 ) ) ;
#2261 = DIRECTION ( 'NONE',  ( 0.000000000000000000, -0.9451725838742016661, -0.3265712582156689026 ) ) ;
#2262 = EDGE_CURVE ( 'NONE', #2874, #2183, #2471, .T. ) ;
#2263 = DIRECTION ( 'NONE',  ( 1.000000000000000000, -0.000000000000000000, -0.000000000000000000 ) ) ;
#2264 = VERTEX_POINT ( 'NONE', #3029 ) ;
#2265 = CARTESIAN_POINT ( 'NONE',  ( 11.25000000000000355, 16.94824980181295260, 85.02811064255922702 ) ) ;
#2266 = CARTESIAN_POINT ( 'NONE',  ( 11.25000000000000355, 0.000000000000000000, 94.99999999999997158 ) ) ;
#2267 = AXIS2_PLACEMENT_3D ( 'NONE', #3232, #2118, #246 ) ;
#2268 = ORIENTED_EDGE ( 'NONE', *, *, #237, .T. ) ;
#2269 = CARTESIAN_POINT ( 'NONE',  ( 1.250000000000004663, -46.25000000000000000, 0.000000000000000000 ) ) ;
#2270 = EDGE_LOOP ( 'NONE', ( #2339, #2938, #453, #3026 ) ) ;
#2271 = CARTESIAN_POINT ( 'NONE',  ( 13.25000000000000533, -16.94824980181295260, 58.02811064255923412 ) ) ;
#2272 = VECTOR ( 'NONE', #509, 1000.000000000000000 ) ;
#2273 = EDGE_CURVE ( 'NONE', #1855, #16, #1060, .T. ) ;
#2274 = VECTOR ( 'NONE', #2006, 1000.000000000000000 ) ;
#2275 = DIRECTION ( 'NONE',  ( 0.000000000000000000, 0.9451725838742016661, -0.3265712582156689026 ) ) ;
#2276 = DIRECTION ( 'NONE',  ( 1.000000000000000000, 0.000000000000000000, -0.000000000000000000 ) ) ;
#2277 = ORIENTED_EDGE ( 'NONE', *, *, #2631, .F. ) ;
#2278 = ORIENTED_EDGE ( 'NONE', *, *, #3027, .F. ) ;
#2279 = VECTOR ( 'NONE', #3464, 1000.000000000000000 ) ;
#2280 = CARTESIAN_POINT ( 'NONE',  ( 11.25000000000000355, 0.000000000000000000, 76.99999999999998579 ) ) ;
#2281 = CARTESIAN_POINT ( 'NONE',  ( 13.25000000000000533, -16.94824980181295260, 24.02811064255925189 ) ) ;
#2282 = AXIS2_PLACEMENT_3D ( 'NONE', #1427, #1124, #625 ) ;
#2283 = EDGE_CURVE ( 'NONE', #2290, #2901, #2989, .T. ) ;
#2284 = EDGE_CURVE ( 'NONE', #1513, #2075, #2399, .T. ) ;
#2285 = ORIENTED_EDGE ( 'NONE', *, *, #1833, .F. ) ;
#2286 = CARTESIAN_POINT ( 'NONE',  ( 13.25000000000000533, -17.60139231824429018, 70.91845581030764833 ) ) ;
#2287 = VECTOR ( 'NONE', #408, 1000.000000000000114 ) ;
#2288 = ORIENTED_EDGE ( 'NONE', *, *, #2024, .T. ) ;
#2289 = VECTOR ( 'NONE', #2416, 1000.000000000000000 ) ;
#2290 = VERTEX_POINT ( 'NONE', #3005 ) ;
#2291 = EDGE_CURVE ( 'NONE', #1560, #1349, #70, .T. ) ;
#2292 = CYLINDRICAL_SURFACE ( 'NONE', #1115, 2.000000000000001776 ) ;
#2293 = CYLINDRICAL_SURFACE ( 'NONE', #124, 12.00000000000000355 ) ;
#2294 = FACE_OUTER_BOUND ( 'NONE', #287, .T. ) ;
#2295 = EDGE_CURVE ( 'NONE', #2519, #514, #1158, .T. ) ;
#2296 = DIRECTION ( 'NONE',  ( -1.000000000000000000, 0.000000000000000000, 0.000000000000000000 ) ) ;
#2297 = VERTEX_POINT ( 'NONE', #3447 ) ;
#2298 = ORIENTED_EDGE ( 'NONE', *, *, #1069, .T. ) ;
#2299 = DIRECTION ( 'NONE',  ( 0.000000000000000000, 0.000000000000000000, -1.000000000000000000 ) ) ;
#2300 = EDGE_CURVE ( 'NONE', #1806, #2161, #1389, .T. ) ;
#2301 = ORIENTED_EDGE ( 'NONE', *, *, #1610, .F. ) ;
#2302 = CARTESIAN_POINT ( 'NONE',  ( -23.75577422178335141, 7.499999999999998224, 0.000000000000000000 ) ) ;
#2303 = EDGE_CURVE ( 'NONE', #1752, #1974, #1844, .T. ) ;
#2304 = EDGE_LOOP ( 'NONE', ( #2010, #2886, #247, #433, #431, #63, #1675, #702 ) ) ;
#2305 = ORIENTED_EDGE ( 'NONE', *, *, #2283, .F. ) ;
#2306 = CARTESIAN_POINT ( 'NONE',  ( -16.24999999999999289, 3.999999999999998224, 100.0000000000000000 ) ) ;
#2307 = DIRECTION ( 'NONE',  ( 0.000000000000000000, 0.3385147713061290031, -0.9409610776262529175 ) ) ;
#2308 = LINE ( 'NONE', #698, #1171 ) ;
#2309 = CARTESIAN_POINT ( 'NONE',  ( 13.25000000000000533, 0.000000000000000000, 10.00000000000000000 ) ) ;
#2310 = DIRECTION ( 'NONE',  ( -0.000000000000000000, -0.9451725838742016661, 0.3265712582156689026 ) ) ;
#2311 = ORIENTED_EDGE ( 'NONE', *, *, #2241, .F. ) ;
#2312 = ORIENTED_EDGE ( 'NONE', *, *, #3028, .F. ) ;
#2313 = ORIENTED_EDGE ( 'NONE', *, *, #389, .T. ) ;
#2314 = LINE ( 'NONE', #1005, #1826 ) ;
#2315 = ADVANCED_FACE ( 'NONE', ( #2436 ), #573, .F. ) ;
#2316 = ORIENTED_EDGE ( 'NONE', *, *, #3150, .F. ) ;
#2317 = LINE ( 'NONE', #1528, #2957 ) ;
#2318 = VECTOR ( 'NONE', #1924, 1000.000000000000000 ) ;
#2319 = ORIENTED_EDGE ( 'NONE', *, *, #288, .T. ) ;
#2320 = DIRECTION ( 'NONE',  ( 1.000000000000000000, -0.000000000000000000, -0.000000000000000000 ) ) ;
#2321 = AXIS2_PLACEMENT_3D ( 'NONE', #642, #3403, #1782 ) ;
#2322 = DIRECTION ( 'NONE',  ( 1.000000000000000000, 0.000000000000000000, -0.000000000000000000 ) ) ;
#2323 = FACE_OUTER_BOUND ( 'NONE', #1281, .T. ) ;
#2324 = DIRECTION ( 'NONE',  ( 0.000000000000000000, 0.000000000000000000, 1.000000000000000000 ) ) ;
#2325 = EDGE_CURVE ( 'NONE', #359, #660, #300, .T. ) ;
#2326 = DIRECTION ( 'NONE',  ( 0.000000000000000000, -0.9451725838742016661, -0.3265712582156689026 ) ) ;
#2327 = CARTESIAN_POINT ( 'NONE',  ( 13.25000000000000533, -16.29510728538161501, 22.13776547481084833 ) ) ;
#2328 = AXIS2_PLACEMENT_3D ( 'NONE', #3418, #1825, #2352 ) ;
#2329 = ORIENTED_EDGE ( 'NONE', *, *, #543, .F. ) ;
#2330 = ORIENTED_EDGE ( 'NONE', *, *, #2631, .T. ) ;
#2331 = EDGE_CURVE ( 'NONE', #74, #2723, #1667, .T. ) ;
#2332 = DIRECTION ( 'NONE',  ( -1.000000000000000000, 0.000000000000000000, 0.000000000000000000 ) ) ;
#2333 = CIRCLE ( 'NONE', #1666, 15.00000000000000000 ) ;
#2334 = AXIS2_PLACEMENT_3D ( 'NONE', #3205, #806, #2 ) ;
#2335 = VECTOR ( 'NONE', #2466, 1000.000000000000000 ) ;
#2336 = ORIENTED_EDGE ( 'NONE', *, *, #673, .F. ) ;
#2337 = CARTESIAN_POINT ( 'NONE',  ( 11.25000000000000355, 0.000000000000000000, 54.99999999999998579 ) ) ;
#2338 = ORIENTED_EDGE ( 'NONE', *, *, #1273, .F. ) ;
#2339 = ORIENTED_EDGE ( 'NONE', *, *, #2291, .T. ) ;
#2340 = AXIS2_PLACEMENT_3D ( 'NONE', #9, #3295, #1850 ) ;
#2341 = CARTESIAN_POINT ( 'NONE',  ( 11.25000000000000355, 0.000000000000000000, 67.99999999999998579 ) ) ;
#2342 = DIRECTION ( 'NONE',  ( 0.000000000000000000, 0.000000000000000000, 1.000000000000000000 ) ) ;
#2343 = VECTOR ( 'NONE', #3081, 1000.000000000000114 ) ;
#2344 = LINE ( 'NONE', #2375, #1561 ) ;
#2345 = CARTESIAN_POINT ( 'NONE',  ( 13.25000000000000533, 17.60139231824429018, 34.91845581030765544 ) ) ;
#2346 = EDGE_CURVE ( 'NONE', #1777, #965, #1240, .T. ) ;
#2347 = CARTESIAN_POINT ( 'NONE',  ( 16.25000000000000355, 16.94824980181295260, 22.02811064255925189 ) ) ;
#2348 = VERTEX_POINT ( 'NONE', #2578 ) ;
#2349 = VERTEX_POINT ( 'NONE', #2798 ) ;
#2350 = DIRECTION ( 'NONE',  ( -0.000000000000000000, -0.9451725838742016661, 0.3265712582156690136 ) ) ;
#2351 = VERTEX_POINT ( 'NONE', #1748 ) ;
#2352 = DIRECTION ( 'NONE',  ( 0.000000000000000000, 0.000000000000000000, -1.000000000000000000 ) ) ;
#2353 = ORIENTED_EDGE ( 'NONE', *, *, #2860, .F. ) ;
#2354 = ORIENTED_EDGE ( 'NONE', *, *, #544, .T. ) ;
#2355 = CARTESIAN_POINT ( 'NONE',  ( 16.25000000000000355, 0.000000000000000000, 54.99999999999998579 ) ) ;
#2356 = FACE_OUTER_BOUND ( 'NONE', #348, .T. ) ;
#2357 = LINE ( 'NONE', #2666, #2973 ) ;
#2358 = MANIFOLD_SOLID_BREP ( 'Boss.-Extru.2', #2731 ) ;
#2359 = FACE_OUTER_BOUND ( 'NONE', #889, .T. ) ;
#2360 = DIRECTION ( 'NONE',  ( 0.000000000000000000, 0.000000000000000000, 1.000000000000000000 ) ) ;
#2361 = VERTEX_POINT ( 'NONE', #2042 ) ;
#2362 = ORIENTED_EDGE ( 'NONE', *, *, #2934, .F. ) ;
#2363 = DIRECTION ( 'NONE',  ( 0.000000000000000000, 0.000000000000000000, 1.000000000000000000 ) ) ;
#2364 = DIRECTION ( 'NONE',  ( 0.000000000000000000, 0.000000000000000000, 1.000000000000000000 ) ) ;
#2365 = CARTESIAN_POINT ( 'NONE',  ( 11.25000000000000355, -17.60139231824429018, 70.91845581030764833 ) ) ;
#2366 = ORIENTED_EDGE ( 'NONE', *, *, #518, .F. ) ;
#2367 = EDGE_CURVE ( 'NONE', #2067, #2753, #975, .T. ) ;
#2368 = CARTESIAN_POINT ( 'NONE',  ( 11.25000000000000355, 0.000000000000000000, 94.99999999999997158 ) ) ;
#2369 = ORIENTED_EDGE ( 'NONE', *, *, #229, .F. ) ;
#2370 = ORIENTED_EDGE ( 'NONE', *, *, #2995, .F. ) ;
#2371 = CARTESIAN_POINT ( 'NONE',  ( -1.249999999999991340, -46.25000000000000000, 100.0000000000000000 ) ) ;
#2372 = EDGE_CURVE ( 'NONE', #1904, #2401, #1975, .T. ) ;
#2373 = DIRECTION ( 'NONE',  ( 0.000000000000000000, 0.000000000000000000, 1.000000000000000000 ) ) ;
#2374 = AXIS2_PLACEMENT_3D ( 'NONE', #2850, #1457, #1242 ) ;
#2375 = CARTESIAN_POINT ( 'NONE',  ( 16.25000000000000355, 16.29510728538161501, 49.13776547481083412 ) ) ;
#2376 = DIRECTION ( 'NONE',  ( -1.000000000000000000, 0.000000000000000000, 0.000000000000000000 ) ) ;
#2377 = EDGE_CURVE ( 'NONE', #2348, #1266, #2687, .T. ) ;
#2378 = CARTESIAN_POINT ( 'NONE',  ( 13.25000000000000533, -16.94824980181295260, 69.02811064255924123 ) ) ;
#2379 = ORIENTED_EDGE ( 'NONE', *, *, #3040, .T. ) ;
#2380 = EDGE_LOOP ( 'NONE', ( #2725, #370, #3264, #1 ) ) ;
#2381 = CARTESIAN_POINT ( 'NONE',  ( 11.25000000000000355, -16.94824980181295260, 49.02811064255924123 ) ) ;
#2382 = CIRCLE ( 'NONE', #1264, 2.000000000000000000 ) ;
#2383 = DIRECTION ( 'NONE',  ( 1.000000000000000000, -0.000000000000000000, -0.000000000000000000 ) ) ;
#2384 = EDGE_LOOP ( 'NONE', ( #3061, #1854, #1002, #2104 ) ) ;
#2385 = VECTOR ( 'NONE', #1476, 1000.000000000000000 ) ;
#2386 = PLANE ( 'NONE',  #3462 ) ;
#2387 = EDGE_CURVE ( 'NONE', #1222, #821, #2308, .T. ) ;
#2388 = EDGE_CURVE ( 'NONE', #2158, #878, #943, .T. ) ;
#2389 = VECTOR ( 'NONE', #2326, 1000.000000000000114 ) ;
#2390 = ORIENTED_EDGE ( 'NONE', *, *, #2448, .F. ) ;
#2391 = VERTEX_POINT ( 'NONE', #426 ) ;
#2392 = DIRECTION ( 'NONE',  ( -0.000000000000000000, 0.9409610776262525844, -0.3385147713061297248 ) ) ;
#2393 = AXIS2_PLACEMENT_3D ( 'NONE', #2394, #1028, #3439 ) ;
#2394 = CARTESIAN_POINT ( 'NONE',  ( 16.25000000000000355, 16.94824980181295260, 33.02811064255924833 ) ) ;
#2395 = EDGE_CURVE ( 'NONE', #1310, #3103, #2861, .T. ) ;
#2396 = VECTOR ( 'NONE', #1324, 1000.000000000000114 ) ;
#2397 = CARTESIAN_POINT ( 'NONE',  ( 13.25000000000000533, -16.94824980181295260, 42.02811064255924833 ) ) ;
#2398 = CARTESIAN_POINT ( 'NONE',  ( 16.25000000000000355, 16.29510728538161501, 40.13776547481084833 ) ) ;
#2399 = CIRCLE ( 'NONE', #2625, 2.000000000000001776 ) ;
#2400 = CARTESIAN_POINT ( 'NONE',  ( 13.25000000000000533, 16.29510728538161501, 85.13776547481083412 ) ) ;
#2401 = VERTEX_POINT ( 'NONE', #1699 ) ;
#2402 = EDGE_CURVE ( 'NONE', #1547, #2264, #667, .T. ) ;
#2403 = CIRCLE ( 'NONE', #2009, 2.000000000000001776 ) ;
#2404 = CARTESIAN_POINT ( 'NONE',  ( 13.25000000000000533, -16.94824980181295260, 6.028110642559255439 ) ) ;
#2405 = DIRECTION ( 'NONE',  ( -1.000000000000000000, 0.000000000000000000, 0.000000000000000000 ) ) ;
#2406 = DIRECTION ( 'NONE',  ( 0.000000000000000000, 0.000000000000000000, 1.000000000000000000 ) ) ;
#2407 = ORIENTED_EDGE ( 'NONE', *, *, #2825, .T. ) ;
#2408 = CARTESIAN_POINT ( 'NONE',  ( 11.25000000000000355, 17.60139231824429018, 61.91845581030764123 ) ) ;
#2409 = EDGE_CURVE ( 'NONE', #1576, #217, #355, .T. ) ;
#2410 = ORIENTED_EDGE ( 'NONE', *, *, #502, .F. ) ;
#2411 = ORIENTED_EDGE ( 'NONE', *, *, #2656, .F. ) ;
#2412 = EDGE_CURVE ( 'NONE', #1828, #2128, #2505, .T. ) ;
#2413 = CARTESIAN_POINT ( 'NONE',  ( -1.249999999999994227, -31.25000000000000000, 100.0000000000000000 ) ) ;
#2414 = EDGE_CURVE ( 'NONE', #1034, #1861, #319, .T. ) ;
#2415 = DIRECTION ( 'NONE',  ( 0.000000000000000000, 0.000000000000000000, -1.000000000000000000 ) ) ;
#2416 = DIRECTION ( 'NONE',  ( 1.000000000000000000, -0.000000000000000000, -0.000000000000000000 ) ) ;
#2417 = CARTESIAN_POINT ( 'NONE',  ( -16.24999999999999289, -31.25000000000000000, 100.0000000000000000 ) ) ;
#2418 = FACE_OUTER_BOUND ( 'NONE', #1080, .T. ) ;
#2419 = EDGE_LOOP ( 'NONE', ( #3275, #1133, #1634, #2068 ) ) ;
#2420 = ORIENTED_EDGE ( 'NONE', *, *, #306, .F. ) ;
#2421 = DIRECTION ( 'NONE',  ( 1.000000000000000000, 0.000000000000000000, -0.000000000000000000 ) ) ;
#2422 = LINE ( 'NONE', #2641, #93 ) ;
#2423 = ORIENTED_EDGE ( 'NONE', *, *, #2137, .T. ) ;
#2424 = CARTESIAN_POINT ( 'NONE',  ( 16.25000000000000355, 0.000000000000000000, 36.99999999999999289 ) ) ;
#2425 = ORIENTED_EDGE ( 'NONE', *, *, #1089, .T. ) ;
#2426 = ORIENTED_EDGE ( 'NONE', *, *, #104, .F. ) ;
#2427 = DIRECTION ( 'NONE',  ( 1.000000000000000000, 0.000000000000000000, 0.000000000000000000 ) ) ;
#2428 = CARTESIAN_POINT ( 'NONE',  ( 16.25000000000000355, -16.94824980181295260, 15.02811064255925366 ) ) ;
#2429 = FACE_OUTER_BOUND ( 'NONE', #2883, .T. ) ;
#2430 = LINE ( 'NONE', #1328, #545 ) ;
#2431 = CARTESIAN_POINT ( 'NONE',  ( 16.25000000000000355, 0.000000000000000000, 18.99999999999999645 ) ) ;
#2432 = AXIS2_PLACEMENT_3D ( 'NONE', #2508, #3313, #877 ) ;
#2433 = EDGE_LOOP ( 'NONE', ( #1403, #938, #624, #2966 ) ) ;
#2434 = EDGE_CURVE ( 'NONE', #74, #660, #3324, .T. ) ;
#2435 = EDGE_CURVE ( 'NONE', #3411, #2441, #204, .T. ) ;
#2436 = FACE_OUTER_BOUND ( 'NONE', #1078, .T. ) ;
#2437 = EDGE_LOOP ( 'NONE', ( #1353, #1964, #1294, #1200, #3173, #1985, #2311, #2336 ) ) ;
#2438 = CARTESIAN_POINT ( 'NONE',  ( 13.25000000000000533, -16.94824980181295260, 87.02811064255922702 ) ) ;
#2439 = AXIS2_PLACEMENT_3D ( 'NONE', #1697, #2171, #68 ) ;
#2440 = CARTESIAN_POINT ( 'NONE',  ( -1.249999999999996891, -46.25000000000000000, 100.0000000000000000 ) ) ;
#2441 = VERTEX_POINT ( 'NONE', #1275 ) ;
#2442 = CARTESIAN_POINT ( 'NONE',  ( 13.25000000000000533, -1.868125031185972285, 18.32793403176835767 ) ) ;
#2443 = CIRCLE ( 'NONE', #1439, 2.000000000000001776 ) ;
#2444 = ORIENTED_EDGE ( 'NONE', *, *, #387, .T. ) ;
#2445 = VECTOR ( 'NONE', #864, 1000.000000000000114 ) ;
#2446 = VERTEX_POINT ( 'NONE', #1291 ) ;
#2447 = DIRECTION ( 'NONE',  ( 0.000000000000000000, 0.000000000000000000, -1.000000000000000000 ) ) ;
#2448 = EDGE_CURVE ( 'NONE', #3315, #1426, #2650, .T. ) ;
#2449 = AXIS2_PLACEMENT_3D ( 'NONE', #547, #1635, #3243 ) ;
#2450 = DIRECTION ( 'NONE',  ( 0.000000000000000000, 0.000000000000000000, 1.000000000000000000 ) ) ;
#2451 = VECTOR ( 'NONE', #1669, 1000.000000000000000 ) ;
#2452 = DIRECTION ( 'NONE',  ( 0.000000000000000000, 0.000000000000000000, 1.000000000000000000 ) ) ;
#2453 = AXIS2_PLACEMENT_3D ( 'NONE', #455, #2322, #1812 ) ;
#2454 = LINE ( 'NONE', #2203, #700 ) ;
#2455 = ORIENTED_EDGE ( 'NONE', *, *, #3448, .T. ) ;
#2456 = CARTESIAN_POINT ( 'NONE',  ( 16.25000000000000355, 0.000000000000000000, 67.99999999999998579 ) ) ;
#2457 = FACE_OUTER_BOUND ( 'NONE', #1131, .T. ) ;
#2458 = LINE ( 'NONE', #2726, #1112 ) ;
#2459 = EDGE_CURVE ( 'NONE', #1569, #2821, #1618, .T. ) ;
#2460 = CARTESIAN_POINT ( 'NONE',  ( 11.25000000000000355, -16.29510728538161501, 4.137765474810851885 ) ) ;
#2461 = AXIS2_PLACEMENT_3D ( 'NONE', #3200, #784, #3405 ) ;
#2462 = ORIENTED_EDGE ( 'NONE', *, *, #3129, .F. ) ;
#2463 = FACE_OUTER_BOUND ( 'NONE', #939, .T. ) ;
#2464 = ORIENTED_EDGE ( 'NONE', *, *, #999, .T. ) ;
#2465 = ORIENTED_EDGE ( 'NONE', *, *, #1273, .T. ) ;
#2466 = DIRECTION ( 'NONE',  ( -0.000000000000000000, -0.000000000000000000, -1.000000000000000000 ) ) ;
#2467 = DIRECTION ( 'NONE',  ( 0.000000000000000000, 1.000000000000000000, 0.000000000000000000 ) ) ;
#2468 = PLANE ( 'NONE',  #372 ) ;
#2469 = CARTESIAN_POINT ( 'NONE',  ( 13.25000000000000533, 16.94824980181295260, 78.02811064255924123 ) ) ;
#2470 = EDGE_LOOP ( 'NONE', ( #2140, #964, #2121, #3092 ) ) ;
#2471 = LINE ( 'NONE', #1127, #2230 ) ;
#2472 = FACE_OUTER_BOUND ( 'NONE', #447, .T. ) ;
#2473 = CARTESIAN_POINT ( 'NONE',  ( -1.249999999999994227, -31.25000000000000000, 100.0000000000000000 ) ) ;
#2474 = DIRECTION ( 'NONE',  ( 0.000000000000000000, 0.000000000000000000, 1.000000000000000000 ) ) ;
#2475 = ORIENTED_EDGE ( 'NONE', *, *, #306, .T. ) ;
#2476 = DIRECTION ( 'NONE',  ( -1.000000000000000000, 0.000000000000000000, 0.000000000000000000 ) ) ;
#2477 = ORIENTED_EDGE ( 'NONE', *, *, #1729, .T. ) ;
#2478 = ORIENTED_EDGE ( 'NONE', *, *, #2814, .T. ) ;
#2479 = CARTESIAN_POINT ( 'NONE',  ( 16.25000000000000355, -16.29510728538161501, 4.137765474810851885 ) ) ;
#2480 = CARTESIAN_POINT ( 'NONE',  ( 11.25000000000000355, 0.000000000000000000, 36.99999999999999289 ) ) ;
#2481 = CARTESIAN_POINT ( 'NONE',  ( 1.250000000000004663, -46.25000000000000000, 100.0000000000000000 ) ) ;
#2482 = CARTESIAN_POINT ( 'NONE',  ( 16.25000000000000355, 0.000000000000000000, 58.99999999999998579 ) ) ;
#2483 = ORIENTED_EDGE ( 'NONE', *, *, #3023, .T. ) ;
#2484 = DIRECTION ( 'NONE',  ( 0.000000000000000000, 0.9451725838742016661, 0.3265712582156689026 ) ) ;
#2485 = FACE_OUTER_BOUND ( 'NONE', #562, .T. ) ;
#2486 = FACE_OUTER_BOUND ( 'NONE', #164, .T. ) ;
#2487 = AXIS2_PLACEMENT_3D ( 'NONE', #381, #1963, #2474 ) ;
#2488 = LINE ( 'NONE', #2992, #1203 ) ;
#2489 = CIRCLE ( 'NONE', #2948, 1.999999999999998224 ) ;
#2490 = VERTEX_POINT ( 'NONE', #1254 ) ;
#2491 = CARTESIAN_POINT ( 'NONE',  ( 13.25000000000000533, -16.29510728538161857, 76.13776547481081991 ) ) ;
#2492 = LINE ( 'NONE', #1165, #487 ) ;
#2493 = EDGE_LOOP ( 'NONE', ( #3151, #2869, #2107, #19 ) ) ;
#2494 = AXIS2_PLACEMENT_3D ( 'NONE', #581, #1625, #3299 ) ;
#2495 = DIRECTION ( 'NONE',  ( 0.000000000000000000, -0.3385147713061297248, -0.9409610776262526954 ) ) ;
#2496 = EDGE_CURVE ( 'NONE', #690, #929, #2573, .T. ) ;
#2497 = AXIS2_PLACEMENT_3D ( 'NONE', #2549, #1201, #1497 ) ;
#2498 = EDGE_LOOP ( 'NONE', ( #2637, #182, #1233, #1623, #3479, #3193, #2548, #1134 ) ) ;
#2499 = VECTOR ( 'NONE', #688, 1000.000000000000000 ) ;
#2500 = DIRECTION ( 'NONE',  ( 1.000000000000000000, -0.000000000000000000, -0.000000000000000000 ) ) ;
#2501 = LINE ( 'NONE', #588, #2550 ) ;
#2502 = EDGE_LOOP ( 'NONE', ( #3495, #2614, #2857, #2584 ) ) ;
#2503 = VECTOR ( 'NONE', #1616, 1000.000000000000114 ) ;
#2504 = VECTOR ( 'NONE', #2755, 1000.000000000000000 ) ;
#2505 = LINE ( 'NONE', #394, #1339 ) ;
#2506 = PLANE ( 'NONE',  #994 ) ;
#2507 = DIRECTION ( 'NONE',  ( 0.000000000000000000, 0.9409610776262529175, 0.3385147713061290031 ) ) ;
#2508 = CARTESIAN_POINT ( 'NONE',  ( 13.25000000000000533, -16.94824980181295260, 51.02811064255924123 ) ) ;
#2509 = VECTOR ( 'NONE', #931, 1000.000000000000114 ) ;
#2510 = VERTEX_POINT ( 'NONE', #3146 ) ;
#2511 = CARTESIAN_POINT ( 'NONE',  ( -23.75577422178334785, -7.500000000000002665, 100.0000000000000000 ) ) ;
#2512 = DIRECTION ( 'NONE',  ( 0.000000000000000000, 0.3265712582156689581, 0.9451725838742017771 ) ) ;
#2513 = ORIENTED_EDGE ( 'NONE', *, *, #2934, .T. ) ;
#2514 = VECTOR ( 'NONE', #1038, 1000.000000000000000 ) ;
#2515 = DIRECTION ( 'NONE',  ( -1.000000000000000000, 0.000000000000000000, 0.000000000000000000 ) ) ;
#2516 = EDGE_CURVE ( 'NONE', #660, #1819, #1227, .T. ) ;
#2517 = VERTEX_POINT ( 'NONE', #1535 ) ;
#2518 = EDGE_CURVE ( 'NONE', #1907, #1186, #2403, .T. ) ;
#2519 = VERTEX_POINT ( 'NONE', #1071 ) ;
#2520 = EDGE_CURVE ( 'NONE', #176, #844, #2344, .T. ) ;
#2521 = CARTESIAN_POINT ( 'NONE',  ( 11.25000000000000355, 0.000000000000000000, 23.00000000000000000 ) ) ;
#2522 = VERTEX_POINT ( 'NONE', #2880 ) ;
#2523 = DIRECTION ( 'NONE',  ( 1.000000000000000000, -0.000000000000000000, -0.000000000000000000 ) ) ;
#2524 = ADVANCED_FACE ( 'NONE', ( #1851 ), #511, .T. ) ;
#2525 = DIRECTION ( 'NONE',  ( 1.000000000000000000, -0.000000000000000000, -0.000000000000000000 ) ) ;
#2526 = CARTESIAN_POINT ( 'NONE',  ( 13.25000000000000533, -44.86957027126971553, 62.14201977121120279 ) ) ;
#2527 = CARTESIAN_POINT ( 'NONE',  ( 11.25000000000000355, 0.000000000000000000, 67.99999999999998579 ) ) ;
#2528 = ORIENTED_EDGE ( 'NONE', *, *, #1932, .T. ) ;
#2529 = LINE ( 'NONE', #1198, #308 ) ;
#2530 = PLANE ( 'NONE',  #1615 ) ;
#2531 = VERTEX_POINT ( 'NONE', #442 ) ;
#2532 = DIRECTION ( 'NONE',  ( -0.000000000000000000, -0.000000000000000000, -1.000000000000000000 ) ) ;
#2533 = EDGE_LOOP ( 'NONE', ( #2734, #2836, #1390, #3318 ) ) ;
#2534 = VERTEX_POINT ( 'NONE', #2591 ) ;
#2535 = DIRECTION ( 'NONE',  ( 0.000000000000000000, 0.9451725838742016661, 0.3265712582156689026 ) ) ;
#2536 = DIRECTION ( 'NONE',  ( 0.000000000000000000, 0.000000000000000000, 1.000000000000000000 ) ) ;
#2537 = DIRECTION ( 'NONE',  ( 0.000000000000000000, 0.3265712582156692356, 0.9451725838742016661 ) ) ;
#2538 = CARTESIAN_POINT ( 'NONE',  ( -16.24999999999999289, 31.25000000000000000, 100.0000000000000000 ) ) ;
#2539 = EDGE_CURVE ( 'NONE', #3320, #1513, #3425, .T. ) ;
#2540 = CARTESIAN_POINT ( 'NONE',  ( 11.25000000000000355, 16.94824980181295260, 49.02811064255924123 ) ) ;
#2541 = EDGE_CURVE ( 'NONE', #1525, #3165, #2357, .T. ) ;
#2542 = ORIENTED_EDGE ( 'NONE', *, *, #1955, .T. ) ;
#2543 = VERTEX_POINT ( 'NONE', #1051 ) ;
#2544 = CARTESIAN_POINT ( 'NONE',  ( 11.25000000000000355, -16.94824980181295260, 6.028110642559255439 ) ) ;
#2545 = DIRECTION ( 'NONE',  ( 0.000000000000000000, 0.000000000000000000, 1.000000000000000000 ) ) ;
#2546 = EDGE_CURVE ( 'NONE', #1569, #2809, #1554, .T. ) ;
#2547 = VECTOR ( 'NONE', #1016, 1000.000000000000000 ) ;
#2548 = ORIENTED_EDGE ( 'NONE', *, *, #1448, .F. ) ;
#2549 = CARTESIAN_POINT ( 'NONE',  ( 11.25000000000000355, -16.94824980181295260, 51.02811064255924123 ) ) ;
#2550 = VECTOR ( 'NONE', #2758, 1000.000000000000114 ) ;
#2551 = ORIENTED_EDGE ( 'NONE', *, *, #1745, .F. ) ;
#2552 = LINE ( 'NONE', #154, #2170 ) ;
#2553 = CIRCLE ( 'NONE', #659, 2.000000000000000000 ) ;
#2554 = DIRECTION ( 'NONE',  ( 0.000000000000000000, 0.9409610776262526954, -0.3385147713061296137 ) ) ;
#2555 = CARTESIAN_POINT ( 'NONE',  ( -1.249999999999994227, 31.25000000000000000, 100.0000000000000000 ) ) ;
#2556 = AXIS2_PLACEMENT_3D ( 'NONE', #1357, #2427, #8 ) ;
#2557 = LINE ( 'NONE', #2080, #992 ) ;
#2558 = ADVANCED_FACE ( 'NONE', ( #2131 ), #2933, .F. ) ;
#2559 = AXIS2_PLACEMENT_3D ( 'NONE', #517, #1594, #2977 ) ;
#2560 = CARTESIAN_POINT ( 'NONE',  ( 11.25000000000000355, -16.29510728538161501, 76.13776547481081991 ) ) ;
#2561 = ORIENTED_EDGE ( 'NONE', *, *, #976, .T. ) ;
#2562 = VERTEX_POINT ( 'NONE', #2093 ) ;
#2563 = EDGE_CURVE ( 'NONE', #971, #740, #243, .T. ) ;
#2564 = ORIENTED_EDGE ( 'NONE', *, *, #2790, .F. ) ;
#2565 = EDGE_CURVE ( 'NONE', #2086, #1560, #609, .T. ) ;
#2566 = VECTOR ( 'NONE', #285, 1000.000000000000000 ) ;
#2567 = DIRECTION ( 'NONE',  ( 0.000000000000000000, -0.9451725838742016661, -0.3265712582156689026 ) ) ;
#2568 = VECTOR ( 'NONE', #2720, 1000.000000000000000 ) ;
#2569 = ORIENTED_EDGE ( 'NONE', *, *, #1251, .F. ) ;
#2570 = DIRECTION ( 'NONE',  ( 0.000000000000000000, 0.3385147713061297803, -0.9409610776262526954 ) ) ;
#2571 = AXIS2_PLACEMENT_3D ( 'NONE', #3198, #3229, #510 ) ;
#2572 = ORIENTED_EDGE ( 'NONE', *, *, #1776, .T. ) ;
#2573 = CIRCLE ( 'NONE', #89, 2.000000000000001776 ) ;
#2574 = ORIENTED_EDGE ( 'NONE', *, *, #2627, .T. ) ;
#2575 = CARTESIAN_POINT ( 'NONE',  ( 13.25000000000000533, -16.94824980181295260, 42.02811064255924833 ) ) ;
#2576 = EDGE_CURVE ( 'NONE', #2765, #1614, #2915, .T. ) ;
#2577 = CARTESIAN_POINT ( 'NONE',  ( 16.25000000000000355, 16.29510728538161146, 58.13776547481083412 ) ) ;
#2578 = CARTESIAN_POINT ( 'NONE',  ( -1.249999999999994227, 46.25000000000000000, 100.0000000000000000 ) ) ;
#2579 = EDGE_CURVE ( 'NONE', #859, #1580, #147, .T. ) ;
#2580 = CARTESIAN_POINT ( 'NONE',  ( -23.75577422178334785, -7.500000000000002665, 0.000000000000000000 ) ) ;
#2581 = DIRECTION ( 'NONE',  ( 0.000000000000000000, -0.9451725838742016661, 0.3265712582156689026 ) ) ;
#2582 = ORIENTED_EDGE ( 'NONE', *, *, #899, .T. ) ;
#2583 = ORIENTED_EDGE ( 'NONE', *, *, #518, .T. ) ;
#2584 = ORIENTED_EDGE ( 'NONE', *, *, #1892, .T. ) ;
#2585 = CYLINDRICAL_SURFACE ( 'NONE', #3186, 12.00000000000000000 ) ;
#2586 = ORIENTED_EDGE ( 'NONE', *, *, #1506, .T. ) ;
#2587 = LINE ( 'NONE', #3382, #532 ) ;
#2588 = ORIENTED_EDGE ( 'NONE', *, *, #157, .F. ) ;
#2589 = DIRECTION ( 'NONE',  ( -0.000000000000000000, -0.000000000000000000, -1.000000000000000000 ) ) ;
#2590 = CYLINDRICAL_SURFACE ( 'NONE', #2605, 2.000000000000001776 ) ;
#2591 = CARTESIAN_POINT ( 'NONE',  ( 13.25000000000000533, 17.60139231824429018, 25.91845581030765544 ) ) ;
#2592 = CARTESIAN_POINT ( 'NONE',  ( 1.249999999999996447, 46.25000000000000711, 100.0000000000000000 ) ) ;
#2593 = LINE ( 'NONE', #2014, #2151 ) ;
#2594 = VERTEX_POINT ( 'NONE', #1326 ) ;
#2595 = ORIENTED_EDGE ( 'NONE', *, *, #14, .F. ) ;
#2596 = ORIENTED_EDGE ( 'NONE', *, *, #2283, .T. ) ;
#2597 = DIRECTION ( 'NONE',  ( 0.000000000000000000, 0.9451725838742016661, 0.3265712582156690136 ) ) ;
#2598 = ORIENTED_EDGE ( 'NONE', *, *, #389, .F. ) ;
#2599 = LINE ( 'NONE', #2337, #417 ) ;
#2600 = CIRCLE ( 'NONE', #1309, 2.000000000000001776 ) ;
#2601 = EDGE_LOOP ( 'NONE', ( #1017, #2944, #1676, #459 ) ) ;
#2602 = ORIENTED_EDGE ( 'NONE', *, *, #434, .T. ) ;
#2603 = EDGE_CURVE ( 'NONE', #1827, #290, #3476, .T. ) ;
#2604 = DIRECTION ( 'NONE',  ( 0.000000000000000000, 0.000000000000000000, 1.000000000000000000 ) ) ;
#2605 = AXIS2_PLACEMENT_3D ( 'NONE', #3125, #958, #407 ) ;
#2606 = ADVANCED_FACE ( 'NONE', ( #3280, #555, #1679, #1883, #335, #606, #2737, #2186, #2146, #317, #3250 ), #816, .T. ) ;
#2607 = DIRECTION ( 'NONE',  ( 1.000000000000000000, 0.000000000000000000, -0.000000000000000000 ) ) ;
#2608 = DIRECTION ( 'NONE',  ( 0.000000000000000000, 0.000000000000000000, 1.000000000000000000 ) ) ;
#2609 = AXIS2_PLACEMENT_3D ( 'NONE', #2404, #2174, #1365 ) ;
#2610 = CARTESIAN_POINT ( 'NONE',  ( 13.25000000000000533, -16.94824980181295260, 69.02811064255924123 ) ) ;
#2611 = CARTESIAN_POINT ( 'NONE',  ( 16.25000000000000355, 16.94824980181295260, 6.028110642559255439 ) ) ;
#2612 = ORIENTED_EDGE ( 'NONE', *, *, #1830, .T. ) ;
#2613 = AXIS2_PLACEMENT_3D ( 'NONE', #438, #2887, #1518 ) ;
#2614 = ORIENTED_EDGE ( 'NONE', *, *, #2132, .T. ) ;
#2615 = ORIENTED_EDGE ( 'NONE', *, *, #1314, .F. ) ;
#2616 = CARTESIAN_POINT ( 'NONE',  ( 16.25000000000000355, 0.000000000000000000, 76.99999999999998579 ) ) ;
#2617 = AXIS2_PLACEMENT_3D ( 'NONE', #3185, #772, #1842 ) ;
#2618 = AXIS2_PLACEMENT_3D ( 'NONE', #1749, #1762, #2833 ) ;
#2619 = VECTOR ( 'NONE', #1684, 1000.000000000000114 ) ;
#2620 = ORIENTED_EDGE ( 'NONE', *, *, #1882, .T. ) ;
#2621 = FACE_OUTER_BOUND ( 'NONE', #311, .T. ) ;
#2622 = AXIS2_PLACEMENT_3D ( 'NONE', #2011, #993, #3098 ) ;
#2623 = ORIENTED_EDGE ( 'NONE', *, *, #322, .T. ) ;
#2624 = VERTEX_POINT ( 'NONE', #851 ) ;
#2625 = AXIS2_PLACEMENT_3D ( 'NONE', #39, #1415, #3047 ) ;
#2626 = CARTESIAN_POINT ( 'NONE',  ( -23.75577422178334785, -7.500000000000002665, 100.0000000000000000 ) ) ;
#2627 = EDGE_CURVE ( 'NONE', #2128, #1513, #279, .T. ) ;
#2628 = DIRECTION ( 'NONE',  ( 1.000000000000000000, 0.000000000000000000, 0.000000000000000000 ) ) ;
#2629 = ADVANCED_FACE ( 'NONE', ( #2429 ), #2756, .T. ) ;
#2630 =( GEOMETRIC_REPRESENTATION_CONTEXT ( 3 ) GLOBAL_UNCERTAINTY_ASSIGNED_CONTEXT ( ( #1414 ) ) GLOBAL_UNIT_ASSIGNED_CONTEXT ( ( #1453, #2245, #665 ) ) REPRESENTATION_CONTEXT ( 'NONE', 'WORKASPACE' ) );
#2631 = EDGE_CURVE ( 'NONE', #3211, #2646, #718, .T. ) ;
#2632 = DIRECTION ( 'NONE',  ( -0.000000000000000000, -0.000000000000000000, -1.000000000000000000 ) ) ;
#2633 = FACE_OUTER_BOUND ( 'NONE', #1057, .T. ) ;
#2634 = PLANE ( 'NONE',  #2267 ) ;
#2635 = ORIENTED_EDGE ( 'NONE', *, *, #2024, .F. ) ;
#2636 = EDGE_CURVE ( 'NONE', #3203, #1547, #3490, .T. ) ;
#2637 = ORIENTED_EDGE ( 'NONE', *, *, #1757, .F. ) ;
#2638 = ORIENTED_EDGE ( 'NONE', *, *, #2516, .F. ) ;
#2639 = DIRECTION ( 'NONE',  ( 0.000000000000000000, -0.3385147713061297803, -0.9409610776262526954 ) ) ;
#2640 = EDGE_CURVE ( 'NONE', #1788, #3164, #551, .T. ) ;
#2641 = CARTESIAN_POINT ( 'NONE',  ( 13.25000000000000533, -51.68452281175732566, 40.85777532366355302 ) ) ;
#2642 = CARTESIAN_POINT ( 'NONE',  ( 16.25000000000000355, 0.000000000000000000, 14.00000000000000000 ) ) ;
#2643 = EDGE_CURVE ( 'NONE', #3164, #3367, #1153, .T. ) ;
#2644 = VERTEX_POINT ( 'NONE', #2166 ) ;
#2645 = LINE ( 'NONE', #3155, #362 ) ;
#2646 = VERTEX_POINT ( 'NONE', #1085 ) ;
#2647 = ORIENTED_EDGE ( 'NONE', *, *, #2395, .F. ) ;
#2648 = DIRECTION ( 'NONE',  ( -1.000000000000000000, -0.000000000000000000, -0.000000000000000000 ) ) ;
#2649 = CARTESIAN_POINT ( 'NONE',  ( 13.25000000000000533, -47.73633328727529346, 54.17335002474316497 ) ) ;
#2650 = LINE ( 'NONE', #744, #3034 ) ;
#2651 = CARTESIAN_POINT ( 'NONE',  ( 13.25000000000000533, -54.46251861127809946, 32.81761440389661999 ) ) ;
#2652 = CARTESIAN_POINT ( 'NONE',  ( 16.25000000000000355, 16.29510728538161501, 13.13776547481085011 ) ) ;
#2653 = ORIENTED_EDGE ( 'NONE', *, *, #474, .F. ) ;
#2654 = ORIENTED_EDGE ( 'NONE', *, *, #530, .F. ) ;
#2655 = LINE ( 'NONE', #2709, #2566 ) ;
#2656 = EDGE_CURVE ( 'NONE', #565, #2983, #3230, .T. ) ;
#2657 = FACE_BOUND ( 'NONE', #1630, .T. ) ;
#2658 = ORIENTED_EDGE ( 'NONE', *, *, #3267, .F. ) ;
#2659 = DIRECTION ( 'NONE',  ( 1.000000000000000000, -0.000000000000000000, -0.000000000000000000 ) ) ;
#2660 = ORIENTED_EDGE ( 'NONE', *, *, #299, .F. ) ;
#2661 = ORIENTED_EDGE ( 'NONE', *, *, #1622, .F. ) ;
#2662 = CYLINDRICAL_SURFACE ( 'NONE', #2964, 2.000000000000000000 ) ;
#2663 = PLANE ( 'NONE',  #1504 ) ;
#2664 = AXIS2_PLACEMENT_3D ( 'NONE', #1887, #2898, #1538 ) ;
#2665 = CIRCLE ( 'NONE', #2727, 2.000000000000001776 ) ;
#2666 = CARTESIAN_POINT ( 'NONE',  ( 11.25000000000000355, 16.29510728538161501, 13.13776547481085011 ) ) ;
#2667 = DIRECTION ( 'NONE',  ( 0.000000000000000000, -0.9409610776262529175, -0.3385147713061290031 ) ) ;
#2668 = CARTESIAN_POINT ( 'NONE',  ( -1.249999999999991340, -46.25000000000000000, 0.000000000000000000 ) ) ;
#2669 = ORIENTED_EDGE ( 'NONE', *, *, #1687, .T. ) ;
#2670 = ORIENTED_EDGE ( 'NONE', *, *, #568, .T. ) ;
#2671 = DIRECTION ( 'NONE',  ( 0.000000000000000000, 0.000000000000000000, 1.000000000000000000 ) ) ;
#2672 = CIRCLE ( 'NONE', #1321, 2.000000000000001776 ) ;
#2673 = FACE_BOUND ( 'NONE', #2714, .T. ) ;
#2674 = ORIENTED_EDGE ( 'NONE', *, *, #1360, .F. ) ;
#2675 = VECTOR ( 'NONE', #828, 1000.000000000000000 ) ;
#2676 = CARTESIAN_POINT ( 'NONE',  ( 1.249999999999994005, 31.25000000000000000, 100.0000000000000000 ) ) ;
#2677 = VECTOR ( 'NONE', #1241, 1000.000000000000114 ) ;
#2678 = VERTEX_POINT ( 'NONE', #3020 ) ;
#2679 = ORIENTED_EDGE ( 'NONE', *, *, #3094, .T. ) ;
#2680 = DIRECTION ( 'NONE',  ( -0.000000000000000000, -0.000000000000000000, -1.000000000000000000 ) ) ;
#2681 = VECTOR ( 'NONE', #743, 1000.000000000000000 ) ;
#2682 = CARTESIAN_POINT ( 'NONE',  ( 11.25000000000000355, -16.94824980181295260, 15.02811064255925366 ) ) ;
#2683 = APPLICATION_PROTOCOL_DEFINITION ( 'draft international standard', 'automotive_design', 1998, #2932 ) ;
#2684 = VECTOR ( 'NONE', #2484, 1000.000000000000114 ) ;
#2685 = CARTESIAN_POINT ( 'NONE',  ( -16.24999999999999289, -4.000000000000001776, 0.000000000000000000 ) ) ;
#2686 = LINE ( 'NONE', #1103, #658 ) ;
#2687 = CIRCLE ( 'NONE', #779, 15.00000000000000000 ) ;
#2688 = CARTESIAN_POINT ( 'NONE',  ( -13.24999999999999467, 31.25000000000000000, 0.000000000000000000 ) ) ;
#2689 = ORIENTED_EDGE ( 'NONE', *, *, #166, .F. ) ;
#2690 = EDGE_CURVE ( 'NONE', #2158, #2401, #835, .T. ) ;
#2691 = AXIS2_PLACEMENT_3D ( 'NONE', #3207, #2978, #1857 ) ;
#2692 = ORIENTED_EDGE ( 'NONE', *, *, #148, .F. ) ;
#2693 = FACE_OUTER_BOUND ( 'NONE', #980, .T. ) ;
#2694 = LINE ( 'NONE', #1617, #1175 ) ;
#2695 = EDGE_CURVE ( 'NONE', #1970, #3036, #3199, .T. ) ;
#2696 = ORIENTED_EDGE ( 'NONE', *, *, #347, .T. ) ;
#2697 = FACE_OUTER_BOUND ( 'NONE', #307, .T. ) ;
#2698 = ORIENTED_EDGE ( 'NONE', *, *, #3152, .T. ) ;
#2699 = ORIENTED_EDGE ( 'NONE', *, *, #2027, .T. ) ;
#2700 = DIRECTION ( 'NONE',  ( 0.000000000000000000, 0.9409610776262525844, 0.3385147713061297248 ) ) ;
#2701 = LINE ( 'NONE', #1343, #3304 ) ;
#2702 = EDGE_CURVE ( 'NONE', #2021, #1958, #1677, .T. ) ;
#2703 = DIRECTION ( 'NONE',  ( 0.000000000000000000, -0.9451725838742016661, -0.3265712582156689026 ) ) ;
#2704 = CARTESIAN_POINT ( 'NONE',  ( -13.24999999999999645, -31.25000000000000000, 100.0000000000000000 ) ) ;
#2705 = CARTESIAN_POINT ( 'NONE',  ( 11.25000000000000355, -17.60139231824429018, 16.91845581030765544 ) ) ;
#2706 = ORIENTED_EDGE ( 'NONE', *, *, #3171, .F. ) ;
#2707 = CARTESIAN_POINT ( 'NONE',  ( 16.25000000000000355, 16.94824980181295260, 85.02811064255922702 ) ) ;
#2708 = EDGE_LOOP ( 'NONE', ( #312, #1789, #2852, #390 ) ) ;
#2709 = CARTESIAN_POINT ( 'NONE',  ( -1.249999999999996891, -46.25000000000000000, 0.000000000000000000 ) ) ;
#2710 = CARTESIAN_POINT ( 'NONE',  ( -23.75577422178335141, 7.499999999999998224, 0.000000000000000000 ) ) ;
#2711 = ADVANCED_FACE ( 'NONE', ( #1607 ), #1408, .F. ) ;
#2712 = ORIENTED_EDGE ( 'NONE', *, *, #258, .F. ) ;
#2713 = LINE ( 'NONE', #1653, #1993 ) ;
#2714 = EDGE_LOOP ( 'NONE', ( #2638, #1009, #2615, #38, #831, #1593, #2420, #202 ) ) ;
#2715 = EDGE_LOOP ( 'NONE', ( #2108, #741, #3332, #2906 ) ) ;
#2716 = FACE_OUTER_BOUND ( 'NONE', #184, .T. ) ;
#2717 = DIRECTION ( 'NONE',  ( 0.000000000000000000, -0.9409610776262529175, 0.3385147713061290031 ) ) ;
#2718 = EDGE_CURVE ( 'NONE', #611, #709, #585, .T. ) ;
#2719 = EDGE_CURVE ( 'NONE', #1580, #1120, #65, .T. ) ;
#2720 = DIRECTION ( 'NONE',  ( 1.000000000000000000, -0.000000000000000000, -0.000000000000000000 ) ) ;
#2721 = DIRECTION ( 'NONE',  ( 0.000000000000000000, 0.000000000000000000, 1.000000000000000000 ) ) ;
#2722 = VECTOR ( 'NONE', #2065, 1000.000000000000114 ) ;
#2723 = VERTEX_POINT ( 'NONE', #1345 ) ;
#2724 = DIRECTION ( 'NONE',  ( 0.000000000000000000, 0.9409610776262529175, -0.3385147713061290031 ) ) ;
#2725 = ORIENTED_EDGE ( 'NONE', *, *, #621, .T. ) ;
#2726 = CARTESIAN_POINT ( 'NONE',  ( 11.25000000000000355, 0.000000000000000000, 58.99999999999998579 ) ) ;
#2727 = AXIS2_PLACEMENT_3D ( 'NONE', #2378, #2936, #2721 ) ;
#2728 = CARTESIAN_POINT ( 'NONE',  ( 13.25000000000000533, -33.40251820724738252, 94.01669875708330437 ) ) ;
#2729 = VERTEX_POINT ( 'NONE', #1077 ) ;
#2730 = CARTESIAN_POINT ( 'NONE',  ( 1.249999999999993339, 43.25000000000000711, 100.0000000000000000 ) ) ;
#2731 = CLOSED_SHELL ( 'NONE', ( #567, #1800, #1710, #2897, #1636, #1813, #1655, #153, #847, #712, #2003, #2220, #2962, #3071, #1583, #1352, #83, #3130, #1375, #1155, #2188, #1152, #1111, #1064, #2764, #737, #1173, #3420, #790, #1317, #2951, #2830, #2629, #61, #2606, #3492, #615, #1030, #2524, #912, #1015, #785, #470, #21, #933, #641, #2149, #365, #525, #1301, #2197, #2711, #1235, #1450, #3344, #829, #1980, #3209, #2070, #633, #3184, #462, #117, #1751, #3228, #773, #3489, #800, #198, #45, #26, #3404, #2041, #1109, #2872, #1083, #837, #1067, #2315, #3435, #3445, #1498, #3050, #2558, #2772, #539, #3402, #3335, #1456, #3491, #472, #421, #516, #1461, #213, #679, #967, #1394, #1727, #128, #2185, #3346 ) ) ;
#2732 = VERTEX_POINT ( 'NONE', #1843 ) ;
#2733 = AXIS2_PLACEMENT_3D ( 'NONE', #276, #1342, #2700 ) ;
#2734 = ORIENTED_EDGE ( 'NONE', *, *, #1695, .F. ) ;
#2735 = CARTESIAN_POINT ( 'NONE',  ( -16.24999999999999289, 31.25000000000000000, 100.0000000000000000 ) ) ;
#2736 = CIRCLE ( 'NONE', #1434, 12.00000000000000355 ) ;
#2737 = FACE_BOUND ( 'NONE', #1246, .T. ) ;
#2738 = AXIS2_PLACEMENT_3D ( 'NONE', #1509, #3100, #478 ) ;
#2739 = DIRECTION ( 'NONE',  ( 1.000000000000000000, -0.000000000000000000, -0.000000000000000000 ) ) ;
#2740 = AXIS2_PLACEMENT_3D ( 'NONE', #3001, #3022, #1396 ) ;
#2741 = CARTESIAN_POINT ( 'NONE',  ( 16.25000000000000355, 17.60139231824429018, 61.91845581030764123 ) ) ;
#2742 = ORIENTED_EDGE ( 'NONE', *, *, #834, .F. ) ;
#2743 = DIRECTION ( 'NONE',  ( 1.000000000000000000, -0.000000000000000000, -0.000000000000000000 ) ) ;
#2744 = CARTESIAN_POINT ( 'NONE',  ( 11.25000000000000355, -16.94824980181295260, 42.02811064255924833 ) ) ;
#2745 = VECTOR ( 'NONE', #1949, 1000.000000000000000 ) ;
#2746 = CYLINDRICAL_SURFACE ( 'NONE', #3131, 2.000000000000000000 ) ;
#2747 = EDGE_CURVE ( 'NONE', #1929, #206, #1092, .T. ) ;
#2748 = DIRECTION ( 'NONE',  ( 0.000000000000000000, 0.000000000000000000, -1.000000000000000000 ) ) ;
#2749 = VECTOR ( 'NONE', #1917, 1000.000000000000000 ) ;
#2750 = VERTEX_POINT ( 'NONE', #1893 ) ;
#2751 = LINE ( 'NONE', #3262, #1770 ) ;
#2752 = EDGE_CURVE ( 'NONE', #2517, #514, #3167, .T. ) ;
#2753 = VERTEX_POINT ( 'NONE', #486 ) ;
#2754 = ORIENTED_EDGE ( 'NONE', *, *, #366, .F. ) ;
#2755 = DIRECTION ( 'NONE',  ( -0.000000000000000000, 0.9409610776262526954, -0.3385147713061296137 ) ) ;
#2756 = PLANE ( 'NONE',  #1894 ) ;
#2757 = DIRECTION ( 'NONE',  ( 0.000000000000000000, -0.9409610776262526954, -0.3385147713061296137 ) ) ;
#2758 = DIRECTION ( 'NONE',  ( -0.9063077870366478273, 0.4226182617407038267, 0.000000000000000000 ) ) ;
#2759 = EDGE_LOOP ( 'NONE', ( #232, #2119, #3421, #2074 ) ) ;
#2760 = CARTESIAN_POINT ( 'NONE',  ( 11.25000000000000355, 17.60139231824429018, 70.91845581030764833 ) ) ;
#2761 = CYLINDRICAL_SURFACE ( 'NONE', #1272, 11.99999999999999822 ) ;
#2762 = DIRECTION ( 'NONE',  ( 1.000000000000000000, -0.000000000000000000, -0.000000000000000000 ) ) ;
#2763 = DIRECTION ( 'NONE',  ( 1.000000000000000000, -0.000000000000000000, -0.000000000000000000 ) ) ;
#2764 = ADVANCED_FACE ( 'NONE', ( #2673, #2657, #825, #2139, #3482, #219, #520, #503, #3221, #2940, #1059 ), #1595, .F. ) ;
#2765 = VERTEX_POINT ( 'NONE', #1297 ) ;
#2766 = EDGE_CURVE ( 'NONE', #2753, #467, #2237, .T. ) ;
#2767 = CARTESIAN_POINT ( 'NONE',  ( 16.25000000000000355, 0.000000000000000000, 31.99999999999999289 ) ) ;
#2768 = EDGE_CURVE ( 'NONE', #1303, #2351, #2063, .T. ) ;
#2769 = DIRECTION ( 'NONE',  ( 1.000000000000000000, -0.000000000000000000, -0.000000000000000000 ) ) ;
#2770 = ORIENTED_EDGE ( 'NONE', *, *, #696, .T. ) ;
#2771 = CARTESIAN_POINT ( 'NONE',  ( -1.249999999999994227, 43.25000000000000000, 100.0000000000000000 ) ) ;
#2772 = ADVANCED_FACE ( 'NONE', ( #792 ), #1871, .F. ) ;
#2773 = VERTEX_POINT ( 'NONE', #271 ) ;
#2774 = DIRECTION ( 'NONE',  ( 0.000000000000000000, 0.000000000000000000, 1.000000000000000000 ) ) ;
#2775 = EDGE_CURVE ( 'NONE', #2531, #1767, #2694, .T. ) ;
#2776 = LINE ( 'NONE', #2705, #1425 ) ;
#2777 = ORIENTED_EDGE ( 'NONE', *, *, #621, .F. ) ;
#2778 = CARTESIAN_POINT ( 'NONE',  ( 16.25000000000000355, -16.94824980181295260, 78.02811064255924123 ) ) ;
#2779 = FACE_OUTER_BOUND ( 'NONE', #726, .T. ) ;
#2780 = CARTESIAN_POINT ( 'NONE',  ( 11.25000000000000355, -16.94824980181295260, 6.028110642559255439 ) ) ;
#2781 = CIRCLE ( 'NONE', #3170, 2.000000000000001776 ) ;
#2782 = CARTESIAN_POINT ( 'NONE',  ( 11.25000000000000355, -16.94824980181295260, 13.02811064255925366 ) ) ;
#2783 = ORIENTED_EDGE ( 'NONE', *, *, #2303, .F. ) ;
#2784 = EDGE_CURVE ( 'NONE', #1777, #1222, #2422, .T. ) ;
#2785 = LINE ( 'NONE', #3364, #1606 ) ;
#2786 = DIRECTION ( 'NONE',  ( -1.000000000000000000, 0.000000000000000000, 0.000000000000000000 ) ) ;
#2787 = ORIENTED_EDGE ( 'NONE', *, *, #1043, .F. ) ;
#2788 = CIRCLE ( 'NONE', #2609, 2.000000000000000000 ) ;
#2789 = CARTESIAN_POINT ( 'NONE',  ( 11.25000000000000355, 16.29510728538161501, 85.13776547481083412 ) ) ;
#2790 = EDGE_CURVE ( 'NONE', #2729, #830, #561, .T. ) ;
#2791 = CIRCLE ( 'NONE', #2613, 2.000000000000000000 ) ;
#2792 = ORIENTED_EDGE ( 'NONE', *, *, #1652, .F. ) ;
#2793 = ORIENTED_EDGE ( 'NONE', *, *, #3267, .T. ) ;
#2794 = CARTESIAN_POINT ( 'NONE',  ( 11.25000000000000355, -16.94824980181295260, 60.02811064255923412 ) ) ;
#2795 = ORIENTED_EDGE ( 'NONE', *, *, #3042, .T. ) ;
#2796 = AXIS2_PLACEMENT_3D ( 'NONE', #911, #1961, #593 ) ;
#2797 = VECTOR ( 'NONE', #2260, 1000.000000000000114 ) ;
#2798 = CARTESIAN_POINT ( 'NONE',  ( 13.25000000000000533, -16.29510728538161501, 40.13776547481084123 ) ) ;
#2799 = DIRECTION ( 'NONE',  ( 1.000000000000000000, 0.000000000000000000, -0.000000000000000000 ) ) ;
#2800 = DIRECTION ( 'NONE',  ( 0.000000000000000000, -0.9409610776262525844, 0.3385147713061297248 ) ) ;
#2801 = VECTOR ( 'NONE', #2202, 1000.000000000000000 ) ;
#2802 = LINE ( 'NONE', #358, #2947 ) ;
#2803 = AXIS2_PLACEMENT_3D ( 'NONE', #1959, #1906, #1381 ) ;
#2804 = VERTEX_POINT ( 'NONE', #2102 ) ;
#2805 = DIRECTION ( 'NONE',  ( 0.000000000000000000, 0.000000000000000000, -1.000000000000000000 ) ) ;
#2806 = CARTESIAN_POINT ( 'NONE',  ( 16.25000000000000355, 0.000000000000000000, 31.99999999999999289 ) ) ;
#2807 = AXIS2_PLACEMENT_3D ( 'NONE', #210, #996, #1029 ) ;
#2808 = PRODUCT_DEFINITION_CONTEXT ( 'detailed design', #2932, 'design' ) ;
#2809 = VERTEX_POINT ( 'NONE', #3187 ) ;
#2810 = PLANE ( 'NONE',  #3075 ) ;
#2811 = ORIENTED_EDGE ( 'NONE', *, *, #314, .F. ) ;
#2812 = EDGE_CURVE ( 'NONE', #1525, #416, #774, .T. ) ;
#2813 = DIRECTION ( 'NONE',  ( 0.000000000000000000, 0.9451725838742016661, 0.3265712582156689026 ) ) ;
#2814 = EDGE_CURVE ( 'NONE', #481, #206, #1578, .T. ) ;
#2815 = DIRECTION ( 'NONE',  ( -1.000000000000000000, 0.000000000000000000, 0.000000000000000000 ) ) ;
#2816 = DIRECTION ( 'NONE',  ( 0.000000000000000000, 0.000000000000000000, 1.000000000000000000 ) ) ;
#2817 = LINE ( 'NONE', #395, #541 ) ;
#2818 = DIRECTION ( 'NONE',  ( -5.551115123125782702E-17, -1.000000000000000000, -0.000000000000000000 ) ) ;
#2819 = EDGE_CURVE ( 'NONE', #1560, #1974, #752, .T. ) ;
#2820 = CARTESIAN_POINT ( 'NONE',  ( 16.25000000000000355, -16.29510728538161501, 49.13776547481083412 ) ) ;
#2821 = VERTEX_POINT ( 'NONE', #1367 ) ;
#2822 = ORIENTED_EDGE ( 'NONE', *, *, #1261, .F. ) ;
#2823 = FACE_OUTER_BOUND ( 'NONE', #3143, .T. ) ;
#2824 = CARTESIAN_POINT ( 'NONE',  ( 11.25000000000000355, 16.29510728538161501, 85.13776547481083412 ) ) ;
#2825 = EDGE_CURVE ( 'NONE', #1442, #2937, #3432, .T. ) ;
#2826 = ORIENTED_EDGE ( 'NONE', *, *, #391, .T. ) ;
#2827 = FACE_OUTER_BOUND ( 'NONE', #1637, .T. ) ;
#2828 = ORIENTED_EDGE ( 'NONE', *, *, #2434, .F. ) ;
#2829 = CARTESIAN_POINT ( 'NONE',  ( 16.25000000000000355, -16.94824980181295260, 78.02811064255924123 ) ) ;
#2830 = ADVANCED_FACE ( 'NONE', ( #2904 ), #1564, .F. ) ;
#2831 = CARTESIAN_POINT ( 'NONE',  ( -1.249999999999994227, 31.25000000000000000, 100.0000000000000000 ) ) ;
#2832 = SURFACE_SIDE_STYLE ('',( #377 ) ) ;
#2833 = DIRECTION ( 'NONE',  ( 0.000000000000000000, 0.000000000000000000, -1.000000000000000000 ) ) ;
#2834 = CARTESIAN_POINT ( 'NONE',  ( 16.25000000000000355, -16.29510728538161501, 67.13776547481084833 ) ) ;
#2835 = ORIENTED_EDGE ( 'NONE', *, *, #1289, .T. ) ;
#2836 = ORIENTED_EDGE ( 'NONE', *, *, #861, .F. ) ;
#2837 = DIRECTION ( 'NONE',  ( -1.000000000000000000, 0.000000000000000000, 0.000000000000000000 ) ) ;
#2838 = CIRCLE ( 'NONE', #1984, 2.000000000000001776 ) ;
#2839 = ORIENTED_EDGE ( 'NONE', *, *, #586, .F. ) ;
#2840 = CARTESIAN_POINT ( 'NONE',  ( 16.25000000000000355, 16.94824980181295260, 51.02811064255924123 ) ) ;
#2841 = AXIS2_PLACEMENT_3D ( 'NONE', #1412, #2242, #1957 ) ;
#2842 = VERTEX_POINT ( 'NONE', #913 ) ;
#2843 = DIRECTION ( 'NONE',  ( 1.000000000000000000, -0.000000000000000000, -0.000000000000000000 ) ) ;
#2844 = AXIS2_PLACEMENT_3D ( 'NONE', #2072, #707, #3139 ) ;
#2845 = DIRECTION ( 'NONE',  ( 1.000000000000000000, 0.000000000000000000, 0.000000000000000000 ) ) ;
#2846 = CARTESIAN_POINT ( 'NONE',  ( 16.25000000000000355, -16.29510728538161501, 76.13776547481081991 ) ) ;
#2847 = AXIS2_PLACEMENT_3D ( 'NONE', #2885, #2639, #3116 ) ;
#2848 = CARTESIAN_POINT ( 'NONE',  ( 16.25000000000000355, 0.000000000000000000, 40.99999999999999289 ) ) ;
#2849 = AXIS2_PLACEMENT_3D ( 'NONE', #2147, #1902, #2376 ) ;
#2850 = CARTESIAN_POINT ( 'NONE',  ( 11.25000000000000355, 16.94824980181295260, 42.02811064255924833 ) ) ;
#2851 = ORIENTED_EDGE ( 'NONE', *, *, #212, .F. ) ;
#2852 = ORIENTED_EDGE ( 'NONE', *, *, #105, .T. ) ;
#2853 = CARTESIAN_POINT ( 'NONE',  ( 16.25000000000000355, 16.94824980181295260, 4.028110642559255439 ) ) ;
#2854 = EDGE_CURVE ( 'NONE', #1827, #2158, #1402, .T. ) ;
#2855 = EDGE_CURVE ( 'NONE', #1511, #3320, #3281, .T. ) ;
#2856 = PRESENTATION_LAYER_ASSIGNMENT (  '', '', ( #1336 ) ) ;
#2857 = ORIENTED_EDGE ( 'NONE', *, *, #3129, .T. ) ;
#2858 = CARTESIAN_POINT ( 'NONE',  ( 13.25000000000000533, 17.60139231824429018, 43.91845581030764833 ) ) ;
#2859 = COLOUR_RGB ( '',0.7921568627450980005, 0.8196078431372548767, 0.9333333333333333481 ) ;
#2860 = EDGE_CURVE ( 'NONE', #565, #2297, #42, .T. ) ;
#2861 = CIRCLE ( 'NONE', #3314, 12.00000000000000000 ) ;
#2862 = ORIENTED_EDGE ( 'NONE', *, *, #2027, .F. ) ;
#2863 = LINE ( 'NONE', #406, #1502 ) ;
#2864 = DIRECTION ( 'NONE',  ( 0.000000000000000000, -0.3385147713061296137, -0.9409610776262526954 ) ) ;
#2865 = DIRECTION ( 'NONE',  ( 0.000000000000000000, 0.000000000000000000, -1.000000000000000000 ) ) ;
#2866 = CARTESIAN_POINT ( 'NONE',  ( 11.25000000000000355, 0.000000000000000000, 85.99999999999998579 ) ) ;
#2867 = CARTESIAN_POINT ( 'NONE',  ( 13.25000000000000533, -17.60139231824429018, 7.918455810307658993 ) ) ;
#2868 = ORIENTED_EDGE ( 'NONE', *, *, #2888, .T. ) ;
#2869 = ORIENTED_EDGE ( 'NONE', *, *, #3000, .T. ) ;
#2870 = CARTESIAN_POINT ( 'NONE',  ( 11.25000000000000355, 0.000000000000000000, 76.99999999999998579 ) ) ;
#2871 = EDGE_CURVE ( 'NONE', #2361, #1430, #1385, .T. ) ;
#2872 = ADVANCED_FACE ( 'NONE', ( #898 ), #3051, .F. ) ;
#2873 = EDGE_CURVE ( 'NONE', #1582, #1806, #1978, .T. ) ;
#2874 = VERTEX_POINT ( 'NONE', #3274 ) ;
#2875 = FACE_OUTER_BOUND ( 'NONE', #1839, .T. ) ;
#2876 = ORIENTED_EDGE ( 'NONE', *, *, #3095, .T. ) ;
#2877 = ORIENTED_EDGE ( 'NONE', *, *, #1808, .T. ) ;
#2878 = PLANE ( 'NONE',  #757 ) ;
#2879 = FACE_OUTER_BOUND ( 'NONE', #3133, .T. ) ;
#2880 = CARTESIAN_POINT ( 'NONE',  ( 16.25000000000000355, -16.29510728538161501, 67.13776547481084833 ) ) ;
#2881 = DIRECTION ( 'NONE',  ( 0.000000000000000000, 0.000000000000000000, 1.000000000000000000 ) ) ;
#2882 = DIRECTION ( 'NONE',  ( 0.000000000000000000, 0.000000000000000000, 1.000000000000000000 ) ) ;
#2883 = EDGE_LOOP ( 'NONE', ( #1824, #414, #2465, #3379 ) ) ;
#2884 = ORIENTED_EDGE ( 'NONE', *, *, #519, .F. ) ;
#2885 = CARTESIAN_POINT ( 'NONE',  ( 11.25000000000000355, 16.29510728538161501, 58.13776547481083412 ) ) ;
#2886 = ORIENTED_EDGE ( 'NONE', *, *, #2367, .T. ) ;
#2887 = DIRECTION ( 'NONE',  ( 1.000000000000000000, 0.000000000000000000, 0.000000000000000000 ) ) ;
#2888 = EDGE_CURVE ( 'NONE', #1927, #1929, #2802, .T. ) ;
#2889 = EDGE_CURVE ( 'NONE', #1426, #2082, #2488, .T. ) ;
#2890 = CIRCLE ( 'NONE', #3117, 2.000000000000000000 ) ;
#2891 = VERTEX_POINT ( 'NONE', #1435 ) ;
#2892 = ORIENTED_EDGE ( 'NONE', *, *, #2346, .F. ) ;
#2893 = LINE ( 'NONE', #3454, #2001 ) ;
#2894 = DIRECTION ( 'NONE',  ( 1.000000000000000000, 0.000000000000000000, -0.000000000000000000 ) ) ;
#2895 = DIRECTION ( 'NONE',  ( -1.000000000000000000, 0.000000000000000000, 0.000000000000000000 ) ) ;
#2896 = DIRECTION ( 'NONE',  ( -1.000000000000000000, 0.000000000000000000, 0.000000000000000000 ) ) ;
#2897 = ADVANCED_FACE ( 'NONE', ( #3066 ), #73, .F. ) ;
#2898 = DIRECTION ( 'NONE',  ( -1.000000000000000000, 0.000000000000000000, 0.000000000000000000 ) ) ;
#2899 = VERTEX_POINT ( 'NONE', #327 ) ;
#2900 = AXIS2_PLACEMENT_3D ( 'NONE', #566, #1658, #3227 ) ;
#2901 = VERTEX_POINT ( 'NONE', #1143 ) ;
#2902 = EDGE_LOOP ( 'NONE', ( #1406, #2795, #1267, #2179 ) ) ;
#2903 = CARTESIAN_POINT ( 'NONE',  ( -1.249999999999994227, 31.25000000000000000, 100.0000000000000000 ) ) ;
#2904 = FACE_OUTER_BOUND ( 'NONE', #559, .T. ) ;
#2905 = VECTOR ( 'NONE', #139, 1000.000000000000000 ) ;
#2906 = ORIENTED_EDGE ( 'NONE', *, *, #651, .T. ) ;
#2907 = DIRECTION ( 'NONE',  ( 1.000000000000000000, -0.000000000000000000, -0.000000000000000000 ) ) ;
#2908 = VECTOR ( 'NONE', #2757, 1000.000000000000000 ) ;
#2909 = ORIENTED_EDGE ( 'NONE', *, *, #3121, .T. ) ;
#2910 = EDGE_LOOP ( 'NONE', ( #2278, #1738, #2595, #2236, #2777, #2316, #1709, #1562 ) ) ;
#2911 = CIRCLE ( 'NONE', #33, 1.999999999999998224 ) ;
#2912 = LINE ( 'NONE', #1849, #2272 ) ;
#2913 = DIRECTION ( 'NONE',  ( 1.000000000000000000, -0.000000000000000000, -0.000000000000000000 ) ) ;
#2914 = AXIS2_PLACEMENT_3D ( 'NONE', #799, #2949, #3266 ) ;
#2915 = LINE ( 'NONE', #495, #3366 ) ;
#2916 = EDGE_CURVE ( 'NONE', #467, #399, #2209, .T. ) ;
#2917 = DIRECTION ( 'NONE',  ( 0.000000000000000000, -0.9409610776262529175, -0.3385147713061290031 ) ) ;
#2918 = CARTESIAN_POINT ( 'NONE',  ( 16.25000000000000355, -16.29510728538161501, 31.13776547481084478 ) ) ;
#2919 = ORIENTED_EDGE ( 'NONE', *, *, #1745, .T. ) ;
#2920 = VERTEX_POINT ( 'NONE', #3290 ) ;
#2921 = EDGE_CURVE ( 'NONE', #2183, #3225, #1758, .T. ) ;
#2922 = LINE ( 'NONE', #1577, #2279 ) ;
#2923 = CARTESIAN_POINT ( 'NONE',  ( 11.25000000000000355, -17.60139231824429373, 43.91845581030764833 ) ) ;
#2924 = DIRECTION ( 'NONE',  ( 1.000000000000000000, 0.000000000000000000, -0.000000000000000000 ) ) ;
#2925 = ORIENTED_EDGE ( 'NONE', *, *, #502, .T. ) ;
#2926 = CARTESIAN_POINT ( 'NONE',  ( 1.249999999999996447, 46.25000000000000711, 100.0000000000000000 ) ) ;
#2927 = EDGE_CURVE ( 'NONE', #7, #467, #92, .T. ) ;
#2928 = ORIENTED_EDGE ( 'NONE', *, *, #3197, .T. ) ;
#2929 = VERTEX_POINT ( 'NONE', #3033 ) ;
#2930 = LINE ( 'NONE', #2371, #183 ) ;
#2931 = DIRECTION ( 'NONE',  ( -0.000000000000000000, 0.9409610776262525844, -0.3385147713061296693 ) ) ;
#2932 = APPLICATION_CONTEXT ( 'automotive_design' ) ;
#2933 = CYLINDRICAL_SURFACE ( 'NONE', #2807, 2.000000000000001776 ) ;
#2934 = EDGE_CURVE ( 'NONE', #2391, #350, #1181, .T. ) ;
#2935 = LINE ( 'NONE', #2417, #2167 ) ;
#2936 = DIRECTION ( 'NONE',  ( -1.000000000000000000, 0.000000000000000000, 0.000000000000000000 ) ) ;
#2937 = VERTEX_POINT ( 'NONE', #1719 ) ;
#2938 = ORIENTED_EDGE ( 'NONE', *, *, #12, .T. ) ;
#2939 = FACE_OUTER_BOUND ( 'NONE', #483, .T. ) ;
#2940 = FACE_BOUND ( 'NONE', #734, .T. ) ;
#2941 = ORIENTED_EDGE ( 'NONE', *, *, #1935, .F. ) ;
#2942 = CARTESIAN_POINT ( 'NONE',  ( 1.250000000000004663, -46.25000000000000000, 100.0000000000000000 ) ) ;
#2943 = VERTEX_POINT ( 'NONE', #2248 ) ;
#2944 = ORIENTED_EDGE ( 'NONE', *, *, #1020, .T. ) ;
#2945 = FACE_OUTER_BOUND ( 'NONE', #1739, .T. ) ;
#2946 = DIRECTION ( 'NONE',  ( 1.000000000000000000, 0.000000000000000000, -0.000000000000000000 ) ) ;
#2947 = VECTOR ( 'NONE', #3009, 1000.000000000000000 ) ;
#2948 = AXIS2_PLACEMENT_3D ( 'NONE', #3427, #214, #2360 ) ;
#2949 = DIRECTION ( 'NONE',  ( -1.000000000000000000, 0.000000000000000000, 0.000000000000000000 ) ) ;
#2950 = CARTESIAN_POINT ( 'NONE',  ( 11.25000000000000355, -16.94824980181295260, 78.02811064255924123 ) ) ;
#2951 = ADVANCED_FACE ( 'NONE', ( #343 ), #1162, .F. ) ;
#2952 = CARTESIAN_POINT ( 'NONE',  ( 13.25000000000000533, 16.94824980181295260, 69.02811064255924123 ) ) ;
#2953 = VERTEX_POINT ( 'NONE', #2229 ) ;
#2954 = CIRCLE ( 'NONE', #591, 2.000000000000001776 ) ;
#2955 = VERTEX_POINT ( 'NONE', #3259 ) ;
#2956 = DIRECTION ( 'NONE',  ( 1.000000000000000000, 0.000000000000000000, -0.000000000000000000 ) ) ;
#2957 = VECTOR ( 'NONE', #1846, 1000.000000000000114 ) ;
#2958 = CARTESIAN_POINT ( 'NONE',  ( 11.25000000000000355, 16.29510728538161501, 76.13776547481081991 ) ) ;
#2959 = ORIENTED_EDGE ( 'NONE', *, *, #2078, .T. ) ;
#2960 = VECTOR ( 'NONE', #2567, 1000.000000000000114 ) ;
#2961 = LINE ( 'NONE', #2442, #2675 ) ;
#2962 = ADVANCED_FACE ( 'NONE', ( #843 ), #576, .F. ) ;
#2963 = AXIS2_PLACEMENT_3D ( 'NONE', #250, #2671, #2956 ) ;
#2964 = AXIS2_PLACEMENT_3D ( 'NONE', #2090, #3158, #1549 ) ;
#2965 = ORIENTED_EDGE ( 'NONE', *, *, #586, .T. ) ;
#2966 = ORIENTED_EDGE ( 'NONE', *, *, #2412, .F. ) ;
#2967 = DIRECTION ( 'NONE',  ( 1.000000000000000000, 0.000000000000000000, -0.000000000000000000 ) ) ;
#2968 = VECTOR ( 'NONE', #2739, 1000.000000000000000 ) ;
#2969 = DIRECTION ( 'NONE',  ( 0.000000000000000000, 0.000000000000000000, 1.000000000000000000 ) ) ;
#2970 = AXIS2_PLACEMENT_3D ( 'NONE', #1626, #1146, #2415 ) ;
#2971 = DIRECTION ( 'NONE',  ( 0.000000000000000000, -0.000000000000000000, 1.000000000000000000 ) ) ;
#2972 = CARTESIAN_POINT ( 'NONE',  ( 16.25000000000000355, 16.29510728538161501, 4.137765474810851885 ) ) ;
#2973 = VECTOR ( 'NONE', #2079, 1000.000000000000000 ) ;
#2974 = FACE_OUTER_BOUND ( 'NONE', #2902, .T. ) ;
#2975 = ORIENTED_EDGE ( 'NONE', *, *, #2235, .T. ) ;
#2976 = FACE_OUTER_BOUND ( 'NONE', #914, .T. ) ;
#2977 = DIRECTION ( 'NONE',  ( 0.000000000000000000, 0.9409610776262525844, 0.3385147713061297248 ) ) ;
#2978 = DIRECTION ( 'NONE',  ( 0.000000000000000000, 0.000000000000000000, 1.000000000000000000 ) ) ;
#2979 = ORIENTED_EDGE ( 'NONE', *, *, #3008, .T. ) ;
#2980 = DIRECTION ( 'NONE',  ( 1.000000000000000000, 0.000000000000000000, 0.000000000000000000 ) ) ;
#2981 = EDGE_CURVE ( 'NONE', #2901, #350, #159, .T. ) ;
#2982 = VERTEX_POINT ( 'NONE', #1997 ) ;
#2983 = VERTEX_POINT ( 'NONE', #411 ) ;
#2984 = CARTESIAN_POINT ( 'NONE',  ( 16.25000000000000355, 16.29510728538161501, 13.13776547481085011 ) ) ;
#2985 = CARTESIAN_POINT ( 'NONE',  ( 13.25000000000000533, -30.53575519124181525, 101.9853685035512996 ) ) ;
#2986 = FACE_OUTER_BOUND ( 'NONE', #1182, .T. ) ;
#2987 = FACE_OUTER_BOUND ( 'NONE', #2708, .T. ) ;
#2988 = EDGE_LOOP ( 'NONE', ( #3097, #1413, #1512, #2478 ) ) ;
#2989 = LINE ( 'NONE', #2760, #84 ) ;
#2990 = ORIENTED_EDGE ( 'NONE', *, *, #2719, .T. ) ;
#2991 = CARTESIAN_POINT ( 'NONE',  ( 11.25000000000000355, 16.94824980181295260, 6.028110642559255439 ) ) ;
#2992 = CARTESIAN_POINT ( 'NONE',  ( 11.25000000000000355, 0.000000000000000000, 72.99999999999998579 ) ) ;
#2993 = ORIENTED_EDGE ( 'NONE', *, *, #766, .F. ) ;
#2994 = DIRECTION ( 'NONE',  ( -0.000000000000000000, -0.9451725838742016661, 0.3265712582156689026 ) ) ;
#2995 = EDGE_CURVE ( 'NONE', #1845, #971, #1313, .T. ) ;
#2996 = VERTEX_POINT ( 'NONE', #2867 ) ;
#2997 = VERTEX_POINT ( 'NONE', #3389 ) ;
#2998 = DIRECTION ( 'NONE',  ( 0.000000000000000000, 0.3385147713061297803, -0.9409610776262526954 ) ) ;
#2999 = DIRECTION ( 'NONE',  ( 0.000000000000000000, -0.9451725838742016661, -0.3265712582156689026 ) ) ;
#3000 = EDGE_CURVE ( 'NONE', #878, #1904, #979, .T. ) ;
#3001 = CARTESIAN_POINT ( 'NONE',  ( 11.25000000000000355, -16.94824980181295260, 51.02811064255924123 ) ) ;
#3002 = FACE_OUTER_BOUND ( 'NONE', #2988, .T. ) ;
#3003 = AXIS2_PLACEMENT_3D ( 'NONE', #858, #1114, #1702 ) ;
#3004 = ORIENTED_EDGE ( 'NONE', *, *, #654, .T. ) ;
#3005 = CARTESIAN_POINT ( 'NONE',  ( 13.25000000000000533, 17.60139231824429018, 70.91845581030764833 ) ) ;
#3006 = DIRECTION ( 'NONE',  ( -0.000000000000000000, -0.000000000000000000, -1.000000000000000000 ) ) ;
#3007 = CARTESIAN_POINT ( 'NONE',  ( -16.24999999999999289, -31.25000000000000000, 100.0000000000000000 ) ) ;
#3008 = EDGE_CURVE ( 'NONE', #917, #1034, #2593, .T. ) ;
#3009 = DIRECTION ( 'NONE',  ( 0.000000000000000000, 0.000000000000000000, 1.000000000000000000 ) ) ;
#3010 = ORIENTED_EDGE ( 'NONE', *, *, #1170, .F. ) ;
#3011 = DIRECTION ( 'NONE',  ( 1.000000000000000000, -5.551115123125782702E-17, 0.000000000000000000 ) ) ;
#3012 = VECTOR ( 'NONE', #3368, 1000.000000000000000 ) ;
#3013 = EDGE_CURVE ( 'NONE', #546, #2842, #1229, .T. ) ;
#3014 = ORIENTED_EDGE ( 'NONE', *, *, #1466, .F. ) ;
#3015 = AXIS2_PLACEMENT_3D ( 'NONE', #1424, #1463, #623 ) ;
#3016 = ORIENTED_EDGE ( 'NONE', *, *, #1529, .F. ) ;
#3017 = LINE ( 'NONE', #814, #594 ) ;
#3018 = PRODUCT_RELATED_PRODUCT_CATEGORY ( 'part', '', ( #521 ) ) ;
#3019 = VECTOR ( 'NONE', #3090, 1000.000000000000114 ) ;
#3020 = CARTESIAN_POINT ( 'NONE',  ( 13.25000000000000533, -16.94824980181295260, 67.02811064255924123 ) ) ;
#3021 = VECTOR ( 'NONE', #2275, 1000.000000000000114 ) ;
#3022 = DIRECTION ( 'NONE',  ( 1.000000000000000000, -0.000000000000000000, -0.000000000000000000 ) ) ;
#3023 = EDGE_CURVE ( 'NONE', #2510, #2773, #582, .T. ) ;
#3024 = CIRCLE ( 'NONE', #2453, 2.000000000000001776 ) ;
#3025 = CARTESIAN_POINT ( 'NONE',  ( 13.25000000000000533, 0.000000000000000000, 90.99999999999997158 ) ) ;
#3026 = ORIENTED_EDGE ( 'NONE', *, *, #2819, .F. ) ;
#3027 = EDGE_CURVE ( 'NONE', #2996, #2517, #3132, .T. ) ;
#3028 = EDGE_CURVE ( 'NONE', #2543, #176, #961, .T. ) ;
#3029 = CARTESIAN_POINT ( 'NONE',  ( 16.25000000000000355, -16.94824980181295260, 76.02811064255924123 ) ) ;
#3030 = LINE ( 'NONE', #613, #2619 ) ;
#3031 = CIRCLE ( 'NONE', #2571, 2.000000000000001776 ) ;
#3032 = CARTESIAN_POINT ( 'NONE',  ( 16.25000000000000355, 0.000000000000000000, 67.99999999999998579 ) ) ;
#3033 = CARTESIAN_POINT ( 'NONE',  ( 16.25000000000000355, 16.94824980181295260, 13.02811064255925366 ) ) ;
#3034 = VECTOR ( 'NONE', #1814, 1000.000000000000114 ) ;
#3035 = EDGE_CURVE ( 'NONE', #2522, #2082, #1195, .T. ) ;
#3036 = VERTEX_POINT ( 'NONE', #1523 ) ;
#3037 = DIRECTION ( 'NONE',  ( 0.000000000000000000, 0.000000000000000000, 1.000000000000000000 ) ) ;
#3038 = FACE_OUTER_BOUND ( 'NONE', #2433, .T. ) ;
#3039 = VERTEX_POINT ( 'NONE', #716 ) ;
#3040 = EDGE_CURVE ( 'NONE', #1248, #1430, #3451, .T. ) ;
#3041 = CARTESIAN_POINT ( 'NONE',  ( 16.25000000000000355, -16.29510728538161501, 13.13776547481085011 ) ) ;
#3042 = EDGE_CURVE ( 'NONE', #848, #3437, #920, .T. ) ;
#3043 = ORIENTED_EDGE ( 'NONE', *, *, #1249, .F. ) ;
#3044 = CYLINDRICAL_SURFACE ( 'NONE', #2740, 2.000000000000001776 ) ;
#3045 = DIRECTION ( 'NONE',  ( 0.000000000000000000, -0.3265712582156689581, 0.9451725838742017771 ) ) ;
#3046 = ORIENTED_EDGE ( 'NONE', *, *, #1771, .F. ) ;
#3047 = DIRECTION ( 'NONE',  ( 0.000000000000000000, 0.000000000000000000, 1.000000000000000000 ) ) ;
#3048 = DIRECTION ( 'NONE',  ( 0.000000000000000000, 0.000000000000000000, 1.000000000000000000 ) ) ;
#3049 = LINE ( 'NONE', #119, #2451 ) ;
#3050 = ADVANCED_FACE ( 'NONE', ( #3409 ), #669, .F. ) ;
#3051 = CYLINDRICAL_SURFACE ( 'NONE', #522, 1.999999999999998224 ) ;
#3052 = ORIENTED_EDGE ( 'NONE', *, *, #1597, .T. ) ;
#3053 = LINE ( 'NONE', #1021, #1495 ) ;
#3054 = DIRECTION ( 'NONE',  ( -0.000000000000000000, -0.9451725838742016661, 0.3265712582156689026 ) ) ;
#3055 = ORIENTED_EDGE ( 'NONE', *, *, #2518, .T. ) ;
#3056 = FACE_OUTER_BOUND ( 'NONE', #1320, .T. ) ;
#3057 = EDGE_LOOP ( 'NONE', ( #549, #2679, #2252, #2066 ) ) ;
#3058 = EDGE_CURVE ( 'NONE', #2953, #2034, #2028, .T. ) ;
#3059 = DIRECTION ( 'NONE',  ( 0.000000000000000000, 0.000000000000000000, 1.000000000000000000 ) ) ;
#3060 = FACE_OUTER_BOUND ( 'NONE', #2715, .T. ) ;
#3061 = ORIENTED_EDGE ( 'NONE', *, *, #1599, .T. ) ;
#3062 = CARTESIAN_POINT ( 'NONE',  ( 11.25000000000000355, -17.60139231824429018, 61.91845581030763412 ) ) ;
#3063 = DIRECTION ( 'NONE',  ( 0.000000000000000000, 0.000000000000000000, 1.000000000000000000 ) ) ;
#3064 = CARTESIAN_POINT ( 'NONE',  ( 16.25000000000000355, 0.000000000000000000, 31.99999999999999289 ) ) ;
#3065 = VECTOR ( 'NONE', #648, 1000.000000000000000 ) ;
#3066 = FACE_OUTER_BOUND ( 'NONE', #388, .T. ) ;
#3067 = VERTEX_POINT ( 'NONE', #2327 ) ;
#3068 = DIRECTION ( 'NONE',  ( 0.000000000000000000, 0.000000000000000000, 1.000000000000000000 ) ) ;
#3069 = LINE ( 'NONE', #675, #1118 ) ;
#3070 = EDGE_CURVE ( 'NONE', #2765, #546, #2781, .T. ) ;
#3071 = ADVANCED_FACE ( 'NONE', ( #701 ), #1764, .F. ) ;
#3072 = ORIENTED_EDGE ( 'NONE', *, *, #2372, .F. ) ;
#3073 = VECTOR ( 'NONE', #1010, 1000.000000000000000 ) ;
#3074 = LINE ( 'NONE', #150, #1877 ) ;
#3075 = AXIS2_PLACEMENT_3D ( 'NONE', #3333, #2570, #953 ) ;
#3076 = EDGE_LOOP ( 'NONE', ( #3096, #3391, #344, #3241, #1056, #3113, #671, #793 ) ) ;
#3077 = EDGE_CURVE ( 'NONE', #2723, #359, #3086, .T. ) ;
#3078 = AXIS2_PLACEMENT_3D ( 'NONE', #1232, #1791, #2299 ) ;
#3079 = CARTESIAN_POINT ( 'NONE',  ( 13.25000000000000533, 16.94824980181295260, 51.02811064255924123 ) ) ;
#3080 = FACE_OUTER_BOUND ( 'NONE', #2419, .T. ) ;
#3081 = DIRECTION ( 'NONE',  ( 0.000000000000000000, 0.9409610776262525844, 0.3385147713061297248 ) ) ;
#3082 = LINE ( 'NONE', #1715, #301 ) ;
#3083 = DIRECTION ( 'NONE',  ( 0.000000000000000000, 0.3385147713061290031, -0.9409610776262529175 ) ) ;
#3084 = EDGE_CURVE ( 'NONE', #617, #2997, #108, .T. ) ;
#3085 = VECTOR ( 'NONE', #1189, 1000.000000000000000 ) ;
#3086 = LINE ( 'NONE', #2527, #1483 ) ;
#3087 = EDGE_LOOP ( 'NONE', ( #3417, #3370, #332, #2369 ) ) ;
#3088 = VECTOR ( 'NONE', #1298, 1000.000000000000114 ) ;
#3089 = ORIENTED_EDGE ( 'NONE', *, *, #1830, .F. ) ;
#3090 = DIRECTION ( 'NONE',  ( 0.000000000000000000, -0.9409610776262525844, -0.3385147713061296693 ) ) ;
#3091 = DIRECTION ( 'NONE',  ( 0.000000000000000000, 0.000000000000000000, 1.000000000000000000 ) ) ;
#3092 = ORIENTED_EDGE ( 'NONE', *, *, #2284, .T. ) ;
#3093 = LINE ( 'NONE', #904, #1489 ) ;
#3094 = EDGE_CURVE ( 'NONE', #1576, #3315, #2600, .T. ) ;
#3095 = EDGE_CURVE ( 'NONE', #1818, #1970, #3478, .T. ) ;
#3096 = ORIENTED_EDGE ( 'NONE', *, *, #2284, .F. ) ;
#3097 = ORIENTED_EDGE ( 'NONE', *, *, #2747, .F. ) ;
#3098 = DIRECTION ( 'NONE',  ( 0.000000000000000000, 0.000000000000000000, -1.000000000000000000 ) ) ;
#3099 = CARTESIAN_POINT ( 'NONE',  ( 16.25000000000000355, 16.94824980181295260, 60.02811064255923412 ) ) ;
#3100 = DIRECTION ( 'NONE',  ( 0.000000000000000000, 0.3265712582156689581, 0.9451725838742017771 ) ) ;
#3101 = DIRECTION ( 'NONE',  ( 0.000000000000000000, 0.9409610776262525844, 0.3385147713061297248 ) ) ;
#3102 = ORIENTED_EDGE ( 'NONE', *, *, #2921, .T. ) ;
#3103 = VERTEX_POINT ( 'NONE', #2688 ) ;
#3104 = DIRECTION ( 'NONE',  ( 0.000000000000000000, -0.9451725838742016661, 0.3265712582156689026 ) ) ;
#3105 = CARTESIAN_POINT ( 'NONE',  ( 13.25000000000000533, 16.94824980181295260, 15.02811064255925366 ) ) ;
#3106 = ORIENTED_EDGE ( 'NONE', *, *, #387, .F. ) ;
#3107 = CARTESIAN_POINT ( 'NONE',  ( 11.25000000000000355, 16.29510728538161501, 4.137765474810851885 ) ) ;
#3108 = ORIENTED_EDGE ( 'NONE', *, *, #163, .T. ) ;
#3109 = DIRECTION ( 'NONE',  ( 0.000000000000000000, 0.000000000000000000, 1.000000000000000000 ) ) ;
#3110 = APPLICATION_PROTOCOL_DEFINITION ( 'draft international standard', 'automotive_design', 1998, #43 ) ;
#3111 = DIRECTION ( 'NONE',  ( -1.000000000000000000, 0.000000000000000000, 0.000000000000000000 ) ) ;
#3112 = DIRECTION ( 'NONE',  ( 1.000000000000000000, -0.000000000000000000, -0.000000000000000000 ) ) ;
#3113 = ORIENTED_EDGE ( 'NONE', *, *, #2235, .F. ) ;
#3114 = ORIENTED_EDGE ( 'NONE', *, *, #499, .T. ) ;
#3115 = ORIENTED_EDGE ( 'NONE', *, *, #1905, .T. ) ;
#3116 = DIRECTION ( 'NONE',  ( 0.000000000000000000, 0.9409610776262525844, -0.3385147713061297248 ) ) ;
#3117 = AXIS2_PLACEMENT_3D ( 'NONE', #2611, #3494, #2150 ) ;
#3118 = AXIS2_PLACEMENT_3D ( 'NONE', #2831, #2040, #2815 ) ;
#3119 = VERTEX_POINT ( 'NONE', #1073 ) ;
#3120 = CYLINDRICAL_SURFACE ( 'NONE', #2844, 2.000000000000001776 ) ;
#3121 = EDGE_CURVE ( 'NONE', #1878, #2543, #2838, .T. ) ;
#3122 = ORIENTED_EDGE ( 'NONE', *, *, #3236, .F. ) ;
#3123 = LINE ( 'NONE', #3176, #2396 ) ;
#3124 = AXIS2_PLACEMENT_3D ( 'NONE', #2368, #203, #2087 ) ;
#3125 = CARTESIAN_POINT ( 'NONE',  ( 11.25000000000000355, -16.94824980181295260, 69.02811064255924123 ) ) ;
#3126 = DIRECTION ( 'NONE',  ( 1.000000000000000000, 0.000000000000000000, 0.000000000000000000 ) ) ;
#3127 = AXIS2_PLACEMENT_3D ( 'NONE', #1420, #1438, #1741 ) ;
#3128 = CARTESIAN_POINT ( 'NONE',  ( 16.25000000000000355, 16.94824980181295260, 51.02811064255924123 ) ) ;
#3129 = EDGE_CURVE ( 'NONE', #2899, #1896, #803, .T. ) ;
#3130 = ADVANCED_FACE ( 'NONE', ( #267 ), #1817, .F. ) ;
#3131 = AXIS2_PLACEMENT_3D ( 'NONE', #2780, #2207, #3288 ) ;
#3132 = LINE ( 'NONE', #731, #2722 ) ;
#3133 = EDGE_LOOP ( 'NONE', ( #439, #44, #1088, #733 ) ) ;
#3134 = VERTEX_POINT ( 'NONE', #2668 ) ;
#3135 = ORIENTED_EDGE ( 'NONE', *, *, #189, .F. ) ;
#3136 = CIRCLE ( 'NONE', #1611, 11.99999999999999822 ) ;
#3137 = CARTESIAN_POINT ( 'NONE',  ( 13.25000000000000533, -20.81790281708201462, 69.80710334559294949 ) ) ;
#3138 = ORIENTED_EDGE ( 'NONE', *, *, #3303, .T. ) ;
#3139 = DIRECTION ( 'NONE',  ( 0.000000000000000000, 0.000000000000000000, -1.000000000000000000 ) ) ;
#3140 = VECTOR ( 'NONE', #1206, 1000.000000000000000 ) ;
#3141 = ORIENTED_EDGE ( 'NONE', *, *, #2889, .T. ) ;
#3142 = VECTOR ( 'NONE', #1335, 1000.000000000000000 ) ;
#3143 = EDGE_LOOP ( 'NONE', ( #650, #2195, #1500, #580 ) ) ;
#3144 = DIRECTION ( 'NONE',  ( 0.000000000000000000, 0.000000000000000000, 1.000000000000000000 ) ) ;
#3145 = CARTESIAN_POINT ( 'NONE',  ( 13.25000000000000533, 0.000000000000000000, 94.99999999999997158 ) ) ;
#3146 = CARTESIAN_POINT ( 'NONE',  ( 13.25000000000000533, 16.94824980181295260, 31.02811064255924478 ) ) ;
#3147 = CARTESIAN_POINT ( 'NONE',  ( 16.25000000000000355, -17.60139231824429018, 88.91845581030763412 ) ) ;
#3148 = CARTESIAN_POINT ( 'NONE',  ( 16.25000000000000355, 0.000000000000000000, 76.99999999999998579 ) ) ;
#3149 = ORIENTED_EDGE ( 'NONE', *, *, #2258, .F. ) ;
#3150 = EDGE_CURVE ( 'NONE', #1768, #579, #2208, .T. ) ;
#3151 = ORIENTED_EDGE ( 'NONE', *, *, #2388, .T. ) ;
#3152 = EDGE_CURVE ( 'NONE', #1664, #1061, #2890, .T. ) ;
#3153 = PLANE ( 'NONE',  #2847 ) ;
#3154 = EDGE_LOOP ( 'NONE', ( #1108, #282, #469, #268 ) ) ;
#3155 = CARTESIAN_POINT ( 'NONE',  ( 13.25000000000000533, -16.20194011121386879, 58.17128276410848287 ) ) ;
#3156 = ORIENTED_EDGE ( 'NONE', *, *, #91, .T. ) ;
#3157 = ORIENTED_EDGE ( 'NONE', *, *, #1971, .F. ) ;
#3158 = DIRECTION ( 'NONE',  ( 1.000000000000000000, -0.000000000000000000, -0.000000000000000000 ) ) ;
#3159 = CARTESIAN_POINT ( 'NONE',  ( 13.25000000000000533, 0.000000000000000000, 45.99999999999999289 ) ) ;
#3160 = CARTESIAN_POINT ( 'NONE',  ( 11.25000000000000355, -17.60139231824429018, 88.91845581030763412 ) ) ;
#3161 = LINE ( 'NONE', #2043, #937 ) ;
#3162 = DIRECTION ( 'NONE',  ( 1.000000000000000000, -0.000000000000000000, -0.000000000000000000 ) ) ;
#3163 = ORIENTED_EDGE ( 'NONE', *, *, #12, .F. ) ;
#3164 = VERTEX_POINT ( 'NONE', #2400 ) ;
#3165 = VERTEX_POINT ( 'NONE', #2652 ) ;
#3166 = LINE ( 'NONE', #3137, #3242 ) ;
#3167 = LINE ( 'NONE', #1315, #2514 ) ;
#3168 = ORIENTED_EDGE ( 'NONE', *, *, #3152, .F. ) ;
#3169 = CYLINDRICAL_SURFACE ( 'NONE', #1714, 2.000000000000001776 ) ;
#3170 = AXIS2_PLACEMENT_3D ( 'NONE', #1802, #1000, #2882 ) ;
#3171 = EDGE_CURVE ( 'NONE', #16, #3119, #768, .T. ) ;
#3172 = ORIENTED_EDGE ( 'NONE', *, *, #1971, .T. ) ;
#3173 = ORIENTED_EDGE ( 'NONE', *, *, #2854, .F. ) ;
#3174 = DIRECTION ( 'NONE',  ( 0.000000000000000000, -0.9451725838742016661, -0.3265712582156689026 ) ) ;
#3175 = AXIS2_PLACEMENT_3D ( 'NONE', #711, #2864, #2554 ) ;
#3176 = CARTESIAN_POINT ( 'NONE',  ( 13.25000000000000533, -10.46841407920270228, 42.23394327117243563 ) ) ;
#3177 = DIRECTION ( 'NONE',  ( 0.000000000000000000, 0.9409610776262525844, 0.3385147713061297248 ) ) ;
#3178 = VECTOR ( 'NONE', #2392, 1000.000000000000114 ) ;
#3179 = DIRECTION ( 'NONE',  ( 0.000000000000000000, 0.000000000000000000, -1.000000000000000000 ) ) ;
#3180 = DIRECTION ( 'NONE',  ( 0.000000000000000000, 0.3265712582156690136, 0.9451725838742016661 ) ) ;
#3181 = EDGE_LOOP ( 'NONE', ( #100, #3353, #796, #2892 ) ) ;
#3182 = AXIS2_PLACEMENT_3D ( 'NONE', #364, #418, #2515 ) ;
#3183 = ORIENTED_EDGE ( 'NONE', *, *, #451, .T. ) ;
#3184 = ADVANCED_FACE ( 'NONE', ( #2418 ), #2634, .F. ) ;
#3185 = CARTESIAN_POINT ( 'NONE',  ( 1.250000000000004663, -31.25000000000000000, 100.0000000000000000 ) ) ;
#3186 = AXIS2_PLACEMENT_3D ( 'NONE', #2903, #3430, #218 ) ;
#3187 = CARTESIAN_POINT ( 'NONE',  ( -13.24999999999999645, -31.25000000000000000, 0.000000000000000000 ) ) ;
#3188 = DIRECTION ( 'NONE',  ( 0.000000000000000000, 0.000000000000000000, 1.000000000000000000 ) ) ;
#3189 = CIRCLE ( 'NONE', #879, 2.000000000000001776 ) ;
#3190 = ORIENTED_EDGE ( 'NONE', *, *, #443, .T. ) ;
#3191 = CARTESIAN_POINT ( 'NONE',  ( 13.25000000000000533, 17.60139231824429018, 88.91845581030763412 ) ) ;
#3192 = VECTOR ( 'NONE', #1609, 1000.000000000000000 ) ;
#3193 = ORIENTED_EDGE ( 'NONE', *, *, #882, .F. ) ;
#3194 = ORIENTED_EDGE ( 'NONE', *, *, #2033, .T. ) ;
#3195 = VECTOR ( 'NONE', #3309, 1000.000000000000000 ) ;
#3196 = DIRECTION ( 'NONE',  ( 1.000000000000000000, -0.000000000000000000, -0.000000000000000000 ) ) ;
#3197 = EDGE_CURVE ( 'NONE', #2034, #709, #818, .T. ) ;
#3198 = CARTESIAN_POINT ( 'NONE',  ( 13.25000000000000533, 16.94824980181295260, 60.02811064255923412 ) ) ;
#3199 = CIRCLE ( 'NONE', #3311, 1.999999999999998224 ) ;
#3200 = CARTESIAN_POINT ( 'NONE',  ( 13.25000000000000533, 16.94824980181295260, 60.02811064255923412 ) ) ;
#3201 = LINE ( 'NONE', #2169, #1772 ) ;
#3202 = DIRECTION ( 'NONE',  ( 0.000000000000000000, -0.9451725838742016661, -0.3265712582156689581 ) ) ;
#3203 = VERTEX_POINT ( 'NONE', #3460 ) ;
#3204 = ORIENTED_EDGE ( 'NONE', *, *, #2258, .T. ) ;
#3205 = CARTESIAN_POINT ( 'NONE',  ( 11.25000000000000355, 0.000000000000000000, 40.99999999999999289 ) ) ;
#3206 = EDGE_CURVE ( 'NONE', #514, #2624, #230, .T. ) ;
#3207 = CARTESIAN_POINT ( 'NONE',  ( 1.249999999999994005, 31.25000000000000000, 100.0000000000000000 ) ) ;
#3208 = ORIENTED_EDGE ( 'NONE', *, *, #3399, .T. ) ;
#3209 = ADVANCED_FACE ( 'NONE', ( #1590 ), #1278, .F. ) ;
#3210 = DIRECTION ( 'NONE',  ( 0.000000000000000000, 0.000000000000000000, -1.000000000000000000 ) ) ;
#3211 = VERTEX_POINT ( 'NONE', #2347 ) ;
#3212 = ORIENTED_EDGE ( 'NONE', *, *, #2112, .F. ) ;
#3213 = LINE ( 'NONE', #225, #2168 ) ;
#3214 = LINE ( 'NONE', #798, #2745 ) ;
#3215 = DIRECTION ( 'NONE',  ( 0.000000000000000000, -0.3265712582156689581, 0.9451725838742017771 ) ) ;
#3216 = LINE ( 'NONE', #296, #1274 ) ;
#3217 = DIRECTION ( 'NONE',  ( 1.000000000000000000, 0.000000000000000000, -0.000000000000000000 ) ) ;
#3218 = ORIENTED_EDGE ( 'NONE', *, *, #753, .T. ) ;
#3219 = DIRECTION ( 'NONE',  ( 0.000000000000000000, 0.9409610776262525844, 0.3385147713061296693 ) ) ;
#3220 = CARTESIAN_POINT ( 'NONE',  ( 13.25000000000000533, 17.60139231824429018, 16.91845581030765544 ) ) ;
#3221 = FACE_BOUND ( 'NONE', #3076, .T. ) ;
#3222 = EDGE_CURVE ( 'NONE', #3067, #1818, #2489, .T. ) ;
#3223 = ORIENTED_EDGE ( 'NONE', *, *, #2402, .F. ) ;
#3224 = DIRECTION ( 'NONE',  ( -0.000000000000000000, -0.000000000000000000, -1.000000000000000000 ) ) ;
#3225 = VERTEX_POINT ( 'NONE', #3442 ) ;
#3226 = ORIENTED_EDGE ( 'NONE', *, *, #32, .T. ) ;
#3227 = DIRECTION ( 'NONE',  ( 0.000000000000000000, 0.000000000000000000, -1.000000000000000000 ) ) ;
#3228 = ADVANCED_FACE ( 'NONE', ( #1033 ), #2097, .F. ) ;
#3229 = DIRECTION ( 'NONE',  ( -1.000000000000000000, 0.000000000000000000, 0.000000000000000000 ) ) ;
#3230 = LINE ( 'NONE', #2685, #2749 ) ;
#3231 = FACE_OUTER_BOUND ( 'NONE', #638, .T. ) ;
#3232 = CARTESIAN_POINT ( 'NONE',  ( 11.25000000000000355, 16.29510728538161501, 40.13776547481084123 ) ) ;
#3233 = ORIENTED_EDGE ( 'NONE', *, *, #2768, .F. ) ;
#3234 = VECTOR ( 'NONE', #2206, 1000.000000000000114 ) ;
#3235 = ORIENTED_EDGE ( 'NONE', *, *, #2656, .T. ) ;
#3236 = EDGE_CURVE ( 'NONE', #2086, #1845, #497, .T. ) ;
#3237 = CARTESIAN_POINT ( 'NONE',  ( 13.25000000000000533, 0.000000000000000000, 63.99999999999998579 ) ) ;
#3238 = EDGE_CURVE ( 'NONE', #2678, #515, #2665, .T. ) ;
#3239 = VECTOR ( 'NONE', #1122, 1000.000000000000114 ) ;
#3240 = CARTESIAN_POINT ( 'NONE',  ( 13.25000000000000533, -53.46985931928645641, 38.23601053180712483 ) ) ;
#3241 = ORIENTED_EDGE ( 'NONE', *, *, #1506, .F. ) ;
#3242 = VECTOR ( 'NONE', #1769, 1000.000000000000114 ) ;
#3243 = DIRECTION ( 'NONE',  ( 0.000000000000000000, 0.000000000000000000, -1.000000000000000000 ) ) ;
#3244 = VECTOR ( 'NONE', #3196, 1000.000000000000000 ) ;
#3245 = ORIENTED_EDGE ( 'NONE', *, *, #2054, .T. ) ;
#3246 = VERTEX_POINT ( 'NONE', #1397 ) ;
#3247 = DIRECTION ( 'NONE',  ( 1.000000000000000000, -0.000000000000000000, -0.000000000000000000 ) ) ;
#3248 = CIRCLE ( 'NONE', #604, 2.000000000000001776 ) ;
#3249 = VECTOR ( 'NONE', #226, 1000.000000000000000 ) ;
#3250 = FACE_OUTER_BOUND ( 'NONE', #259, .T. ) ;
#3251 = DIRECTION ( 'NONE',  ( 1.000000000000000000, -0.000000000000000000, -0.000000000000000000 ) ) ;
#3252 = MECHANICAL_DESIGN_GEOMETRIC_PRESENTATION_REPRESENTATION (  '', ( #1336 ), #2630 ) ;
#3253 = PLANE ( 'NONE',  #2210 ) ;
#3254 = ORIENTED_EDGE ( 'NONE', *, *, #2927, .F. ) ;
#3255 = LINE ( 'NONE', #17, #3416 ) ;
#3256 = DIRECTION ( 'NONE',  ( 0.000000000000000000, 0.3385147713061297248, -0.9409610776262526954 ) ) ;
#3257 = DIRECTION ( 'NONE',  ( 1.000000000000000000, -0.000000000000000000, -0.000000000000000000 ) ) ;
#3258 = EDGE_CURVE ( 'NONE', #2349, #971, #353, .T. ) ;
#3259 = CARTESIAN_POINT ( 'NONE',  ( 16.25000000000000355, 17.60139231824429018, 79.91845581030763412 ) ) ;
#3260 = EDGE_CURVE ( 'NONE', #196, #2534, #1663, .T. ) ;
#3261 = ORIENTED_EDGE ( 'NONE', *, *, #1778, .F. ) ;
#3262 = CARTESIAN_POINT ( 'NONE',  ( 13.25000000000000533, -29.46055641559111749, 105.1790626817988255 ) ) ;
#3263 = ORIENTED_EDGE ( 'NONE', *, *, #412, .T. ) ;
#3264 = ORIENTED_EDGE ( 'NONE', *, *, #2008, .T. ) ;
#3265 = PLANE ( 'NONE',  #1049 ) ;
#3266 = DIRECTION ( 'NONE',  ( 0.000000000000000000, 0.000000000000000000, 1.000000000000000000 ) ) ;
#3267 = EDGE_CURVE ( 'NONE', #1614, #145, #1125, .T. ) ;
#3268 = LINE ( 'NONE', #1680, #1724 ) ;
#3269 = DIRECTION ( 'NONE',  ( 1.000000000000000000, -0.000000000000000000, -0.000000000000000000 ) ) ;
#3270 = EDGE_LOOP ( 'NONE', ( #3102, #1090, #2909, #1369 ) ) ;
#3271 = DIRECTION ( 'NONE',  ( 1.000000000000000000, -5.551115123125782702E-17, 0.000000000000000000 ) ) ;
#3272 = CYLINDRICAL_SURFACE ( 'NONE', #130, 2.000000000000001776 ) ;
#3273 = CYLINDRICAL_SURFACE ( 'NONE', #1384, 2.000000000000000000 ) ;
#3274 = CARTESIAN_POINT ( 'NONE',  ( 13.25000000000000533, 0.000000000000000000, 54.99999999999998579 ) ) ;
#3275 = ORIENTED_EDGE ( 'NONE', *, *, #3013, .F. ) ;
#3276 = DIRECTION ( 'NONE',  ( 1.000000000000000000, -0.000000000000000000, -0.000000000000000000 ) ) ;
#3277 = ORIENTED_EDGE ( 'NONE', *, *, #2636, .F. ) ;
#3278 = ORIENTED_EDGE ( 'NONE', *, *, #2871, .T. ) ;
#3279 = LINE ( 'NONE', #2479, #2445 ) ;
#3280 = FACE_BOUND ( 'NONE', #129, .T. ) ;
#3281 = CIRCLE ( 'NONE', #2487, 2.000000000000001776 ) ;
#3282 = CARTESIAN_POINT ( 'NONE',  ( 11.25000000000000355, -16.94824980181295260, 85.02811064255922702 ) ) ;
#3283 = CARTESIAN_POINT ( 'NONE',  ( 11.25000000000000355, 0.000000000000000000, 58.99999999999998579 ) ) ;
#3284 = VECTOR ( 'NONE', #121, 1000.000000000000114 ) ;
#3285 = VERTEX_POINT ( 'NONE', #320 ) ;
#3286 = DIRECTION ( 'NONE',  ( 0.000000000000000000, -0.9409610776262525844, -0.3385147713061297248 ) ) ;
#3287 = CARTESIAN_POINT ( 'NONE',  ( 16.25000000000000355, 0.000000000000000000, 94.99999999999997158 ) ) ;
#3288 = DIRECTION ( 'NONE',  ( 0.000000000000000000, 0.000000000000000000, -1.000000000000000000 ) ) ;
#3289 = VECTOR ( 'NONE', #1629, 1000.000000000000114 ) ;
#3290 = CARTESIAN_POINT ( 'NONE',  ( 16.25000000000000355, 16.29510728538161501, 31.13776547481084123 ) ) ;
#3291 = EDGE_CURVE ( 'NONE', #3285, #1827, #2155, .T. ) ;
#3292 = EDGE_CURVE ( 'NONE', #161, #1768, #1816, .T. ) ;
#3293 = EDGE_LOOP ( 'NONE', ( #636, #3383, #2602, #338 ) ) ;
#3294 = DIRECTION ( 'NONE',  ( -5.551115123125782702E-17, -1.000000000000000000, -0.000000000000000000 ) ) ;
#3295 = DIRECTION ( 'NONE',  ( -1.000000000000000000, 0.000000000000000000, 0.000000000000000000 ) ) ;
#3296 = ORIENTED_EDGE ( 'NONE', *, *, #2873, .F. ) ;
#3297 = VECTOR ( 'NONE', #1096, 1000.000000000000000 ) ;
#3298 = EDGE_LOOP ( 'NONE', ( #452, #3114, #1596, #2993 ) ) ;
#3299 = DIRECTION ( 'NONE',  ( 0.000000000000000000, 0.000000000000000000, -1.000000000000000000 ) ) ;
#3300 = VECTOR ( 'NONE', #1865, 1000.000000000000114 ) ;
#3301 = EDGE_CURVE ( 'NONE', #965, #291, #337, .T. ) ;
#3302 = VERTEX_POINT ( 'NONE', #2741 ) ;
#3303 = EDGE_CURVE ( 'NONE', #3036, #622, #2454, .T. ) ;
#3304 = VECTOR ( 'NONE', #3488, 1000.000000000000000 ) ;
#3305 = CARTESIAN_POINT ( 'NONE',  ( 13.25000000000000533, -16.94824980181295260, 78.02811064255924123 ) ) ;
#3306 = CIRCLE ( 'NONE', #2340, 2.000000000000001776 ) ;
#3307 = CARTESIAN_POINT ( 'NONE',  ( 1.249999999999993339, 43.25000000000000711, 0.000000000000000000 ) ) ;
#3308 = ORIENTED_EDGE ( 'NONE', *, *, #970, .T. ) ;
#3309 = DIRECTION ( 'NONE',  ( 1.000000000000000000, -0.000000000000000000, -0.000000000000000000 ) ) ;
#3310 = CARTESIAN_POINT ( 'NONE',  ( 16.25000000000000355, 0.000000000000000000, 58.99999999999998579 ) ) ;
#3311 = AXIS2_PLACEMENT_3D ( 'NONE', #569, #1641, #2450 ) ;
#3312 = DIRECTION ( 'NONE',  ( -1.000000000000000000, 0.000000000000000000, 0.000000000000000000 ) ) ;
#3313 = DIRECTION ( 'NONE',  ( -1.000000000000000000, 0.000000000000000000, 0.000000000000000000 ) ) ;
#3314 = AXIS2_PLACEMENT_3D ( 'NONE', #1761, #2816, #156 ) ;
#3315 = VERTEX_POINT ( 'NONE', #1643 ) ;
#3316 = CARTESIAN_POINT ( 'NONE',  ( 13.25000000000000533, -16.94824980181295260, 76.02811064255924123 ) ) ;
#3317 = CARTESIAN_POINT ( 'NONE',  ( 16.25000000000000355, 0.000000000000000000, 94.99999999999997158 ) ) ;
#3318 = ORIENTED_EDGE ( 'NONE', *, *, #2546, .T. ) ;
#3319 = LINE ( 'NONE', #3041, #3012 ) ;
#3320 = VERTEX_POINT ( 'NONE', #1681 ) ;
#3321 = DIRECTION ( 'NONE',  ( -0.000000000000000000, 0.9409610776262525844, -0.3385147713061297248 ) ) ;
#3322 = DIRECTION ( 'NONE',  ( 1.000000000000000000, 0.000000000000000000, -0.000000000000000000 ) ) ;
#3323 = ORIENTED_EDGE ( 'NONE', *, *, #288, .F. ) ;
#3324 = LINE ( 'NONE', #3062, #1784 ) ;
#3325 = DIRECTION ( 'NONE',  ( 0.000000000000000000, 0.9451725838742016661, -0.3265712582156689026 ) ) ;
#3326 = CARTESIAN_POINT ( 'NONE',  ( 11.25000000000000355, -16.29510728538161501, 58.13776547481083412 ) ) ;
#3327 = DIRECTION ( 'NONE',  ( 1.000000000000000000, -0.000000000000000000, -0.000000000000000000 ) ) ;
#3328 = ORIENTED_EDGE ( 'NONE', *, *, #3258, .F. ) ;
#3329 = PLANE ( 'NONE',  #134 ) ;
#3330 = PLANE ( 'NONE',  #1444 ) ;
#3331 = EDGE_CURVE ( 'NONE', #2732, #291, #2776, .T. ) ;
#3332 = ORIENTED_EDGE ( 'NONE', *, *, #1360, .T. ) ;
#3333 = CARTESIAN_POINT ( 'NONE',  ( 11.25000000000000355, -16.29510728538161501, 76.13776547481081991 ) ) ;
#3334 = ORIENTED_EDGE ( 'NONE', *, *, #721, .T. ) ;
#3335 = ADVANCED_FACE ( 'NONE', ( #1138 ), #892, .F. ) ;
#3336 = DIRECTION ( 'NONE',  ( -0.000000000000000000, -0.000000000000000000, -1.000000000000000000 ) ) ;
#3337 = PLANE ( 'NONE',  #3175 ) ;
#3338 = DIRECTION ( 'NONE',  ( 0.000000000000000000, -0.9451725838742016661, -0.3265712582156689026 ) ) ;
#3339 = DIRECTION ( 'NONE',  ( 0.000000000000000000, 0.000000000000000000, 1.000000000000000000 ) ) ;
#3340 = VECTOR ( 'NONE', #3, 1000.000000000000000 ) ;
#3341 = CARTESIAN_POINT ( 'NONE',  ( 11.25000000000000355, 17.60139231824429018, 88.91845581030763412 ) ) ;
#3342 = AXIS2_PLACEMENT_3D ( 'NONE', #2469, #281, #53 ) ;
#3343 = ORIENTED_EDGE ( 'NONE', *, *, #2541, .T. ) ;
#3344 = ADVANCED_FACE ( 'NONE', ( #2987 ), #3253, .F. ) ;
#3345 = LINE ( 'NONE', #652, #3019 ) ;
#3346 = ADVANCED_FACE ( 'NONE', ( #3002 ), #1938, .T. ) ;
#3347 = CARTESIAN_POINT ( 'NONE',  ( 13.25000000000000533, -16.94824980181295260, 40.02811064255924833 ) ) ;
#3348 = ORIENTED_EDGE ( 'NONE', *, *, #654, .F. ) ;
#3349 = VECTOR ( 'NONE', #3325, 1000.000000000000114 ) ;
#3350 = CARTESIAN_POINT ( 'NONE',  ( 16.25000000000000355, -17.60139231824429018, 70.91845581030764833 ) ) ;
#3351 = CIRCLE ( 'NONE', #2556, 2.000000000000000000 ) ;
#3352 = ORIENTED_EDGE ( 'NONE', *, *, #157, .T. ) ;
#3353 = ORIENTED_EDGE ( 'NONE', *, *, #2387, .T. ) ;
#3354 = AXIS2_PLACEMENT_3D ( 'NONE', #984, #2332, #435 ) ;
#3355 = DIRECTION ( 'NONE',  ( 1.000000000000000000, -0.000000000000000000, -0.000000000000000000 ) ) ;
#3356 = AXIS2_PLACEMENT_3D ( 'NONE', #303, #1383, #2193 ) ;
#3357 = CARTESIAN_POINT ( 'NONE',  ( 1.249999999999994005, 31.25000000000000000, 0.000000000000000000 ) ) ;
#3358 = LINE ( 'NONE', #1455, #80 ) ;
#3359 = AXIS2_PLACEMENT_3D ( 'NONE', #1174, #1972, #3059 ) ;
#3360 = DIRECTION ( 'NONE',  ( 1.000000000000000000, -0.000000000000000000, -0.000000000000000000 ) ) ;
#3361 = ORIENTED_EDGE ( 'NONE', *, *, #2819, .T. ) ;
#3362 = VECTOR ( 'NONE', #504, 1000.000000000000114 ) ;
#3363 = ORIENTED_EDGE ( 'NONE', *, *, #3385, .F. ) ;
#3364 = CARTESIAN_POINT ( 'NONE',  ( -13.24999999999999467, 31.25000000000000000, 100.0000000000000000 ) ) ;
#3365 = DIRECTION ( 'NONE',  ( 0.000000000000000000, -0.9451725838742016661, 0.3265712582156689026 ) ) ;
#3366 = VECTOR ( 'NONE', #1572, 1000.000000000000000 ) ;
#3367 = VERTEX_POINT ( 'NONE', #3025 ) ;
#3368 = DIRECTION ( 'NONE',  ( 0.000000000000000000, 0.9409610776262526954, 0.3385147713061296137 ) ) ;
#3369 = EDGE_CURVE ( 'NONE', #2348, #2490, #838, .T. ) ;
#3370 = ORIENTED_EDGE ( 'NONE', *, *, #599, .T. ) ;
#3371 = VERTEX_POINT ( 'NONE', #2431 ) ;
#3372 = CARTESIAN_POINT ( 'NONE',  ( 16.25000000000000355, -16.94824980181295260, 49.02811064255924123 ) ) ;
#3373 =( LENGTH_UNIT ( ) NAMED_UNIT ( * ) SI_UNIT ( .MILLI., .METRE. ) );
#3374 = DIRECTION ( 'NONE',  ( -1.000000000000000000, 0.000000000000000000, 0.000000000000000000 ) ) ;
#3375 = CARTESIAN_POINT ( 'NONE',  ( 11.25000000000000355, 0.000000000000000000, 67.99999999999998579 ) ) ;
#3376 = DIRECTION ( 'NONE',  ( 0.000000000000000000, 0.000000000000000000, -1.000000000000000000 ) ) ;
#3377 = ORIENTED_EDGE ( 'NONE', *, *, #3301, .F. ) ;
#3378 = ORIENTED_EDGE ( 'NONE', *, *, #2563, .F. ) ;
#3379 = ORIENTED_EDGE ( 'NONE', *, *, #1283, .T. ) ;
#3380 = LINE ( 'NONE', #1526, #2106 ) ;
#3381 = VERTEX_POINT ( 'NONE', #3307 ) ;
#3382 = CARTESIAN_POINT ( 'NONE',  ( 13.25000000000000533, -42.00280725526413050, 70.11068951767923352 ) ) ;
#3383 = ORIENTED_EDGE ( 'NONE', *, *, #205, .T. ) ;
#3384 = EDGE_CURVE ( 'NONE', #1927, #481, #2501, .T. ) ;
#3385 = EDGE_CURVE ( 'NONE', #500, #1582, #1039, .T. ) ;
#3386 = CARTESIAN_POINT ( 'NONE',  ( 11.25000000000000355, 16.94824980181295260, 58.02811064255923412 ) ) ;
#3387 = CARTESIAN_POINT ( 'NONE',  ( 13.25000000000000533, -17.60139231824429729, 79.91845581030763412 ) ) ;
#3388 = CARTESIAN_POINT ( 'NONE',  ( -23.75577422178334785, -7.500000000000002665, 0.000000000000000000 ) ) ;
#3389 = CARTESIAN_POINT ( 'NONE',  ( 16.25000000000000355, 17.60139231824429018, 88.91845581030763412 ) ) ;
#3390 = EDGE_LOOP ( 'NONE', ( #2298, #2037, #491, #1841 ) ) ;
#3391 = ORIENTED_EDGE ( 'NONE', *, *, #2627, .F. ) ;
#3392 = CARTESIAN_POINT ( 'NONE',  ( 16.25000000000000355, 0.000000000000000000, 85.99999999999998579 ) ) ;
#3393 = AXIS2_PLACEMENT_3D ( 'NONE', #141, #3360, #3376 ) ;
#3394 = AXIS2_PLACEMENT_3D ( 'NONE', #3283, #3045, #85 ) ;
#3395 = ORIENTED_EDGE ( 'NONE', *, *, #2640, .T. ) ;
#3396 = LINE ( 'NONE', #1247, #2218 ) ;
#3397 = ORIENTED_EDGE ( 'NONE', *, *, #3094, .F. ) ;
#3398 = DIRECTION ( 'NONE',  ( 0.000000000000000000, 0.9409610776262525844, 0.3385147713061297248 ) ) ;
#3399 = EDGE_CURVE ( 'NONE', #1819, #78, #584, .T. ) ;
#3400 = LINE ( 'NONE', #728, #1672 ) ;
#3401 = VECTOR ( 'NONE', #3247, 1000.000000000000000 ) ;
#3402 = ADVANCED_FACE ( 'NONE', ( #2974 ), #571, .F. ) ;
#3403 = DIRECTION ( 'NONE',  ( 1.000000000000000000, -0.000000000000000000, -0.000000000000000000 ) ) ;
#3404 = ADVANCED_FACE ( 'NONE', ( #3060 ), #973, .F. ) ;
#3405 = DIRECTION ( 'NONE',  ( 0.000000000000000000, 0.000000000000000000, 1.000000000000000000 ) ) ;
#3406 = AXIS2_PLACEMENT_3D ( 'NONE', #2676, #3224, #860 ) ;
#3407 = DIRECTION ( 'NONE',  ( 1.000000000000000000, -0.000000000000000000, -0.000000000000000000 ) ) ;
#3408 = VECTOR ( 'NONE', #2261, 1000.000000000000114 ) ;
#3409 = FACE_OUTER_BOUND ( 'NONE', #2601, .T. ) ;
#3410 = AXIS2_PLACEMENT_3D ( 'NONE', #2744, #2525, #926 ) ;
#3411 = VERTEX_POINT ( 'NONE', #2577 ) ;
#3412 = EDGE_LOOP ( 'NONE', ( #28, #1703, #2268, #676 ) ) ;
#3413 = ORIENTED_EDGE ( 'NONE', *, *, #1314, .T. ) ;
#3414 = AXIS2_PLACEMENT_3D ( 'NONE', #3079, #318, #2452 ) ;
#3415 = LINE ( 'NONE', #1036, #1718 ) ;
#3416 = VECTOR ( 'NONE', #1107, 1000.000000000000114 ) ;
#3417 = ORIENTED_EDGE ( 'NONE', *, *, #684, .T. ) ;
#3418 = CARTESIAN_POINT ( 'NONE',  ( 16.25000000000000355, 16.94824980181295260, 24.02811064255925189 ) ) ;
#3419 = VECTOR ( 'NONE', #2703, 1000.000000000000114 ) ;
#3420 = ADVANCED_FACE ( 'NONE', ( #102 ), #1190, .T. ) ;
#3421 = ORIENTED_EDGE ( 'NONE', *, *, #696, .F. ) ;
#3422 = ORIENTED_EDGE ( 'NONE', *, *, #1567, .F. ) ;
#3423 = CARTESIAN_POINT ( 'NONE',  ( 11.25000000000000355, 16.29510728538161501, 49.13776547481084123 ) ) ;
#3424 = CARTESIAN_POINT ( 'NONE',  ( 11.25000000000000355, 16.94824980181295260, 60.02811064255923412 ) ) ;
#3425 = LINE ( 'NONE', #3160, #2120 ) ;
#3426 = DIRECTION ( 'NONE',  ( 0.000000000000000000, 0.000000000000000000, 1.000000000000000000 ) ) ;
#3427 = CARTESIAN_POINT ( 'NONE',  ( 13.25000000000000533, -16.94824980181295260, 24.02811064255925189 ) ) ;
#3428 = ORIENTED_EDGE ( 'NONE', *, *, #2273, .F. ) ;
#3429 = ORIENTED_EDGE ( 'NONE', *, *, #519, .T. ) ;
#3430 = DIRECTION ( 'NONE',  ( -0.000000000000000000, -0.000000000000000000, -1.000000000000000000 ) ) ;
#3431 = EDGE_CURVE ( 'NONE', #290, #1792, #1205, .T. ) ;
#3432 = LINE ( 'NONE', #1022, #1094 ) ;
#3433 = ORIENTED_EDGE ( 'NONE', *, *, #736, .T. ) ;
#3434 = CARTESIAN_POINT ( 'NONE',  ( 13.25000000000000533, 0.000000000000000000, 36.99999999999999289 ) ) ;
#3435 = ADVANCED_FACE ( 'NONE', ( #2323 ), #664, .F. ) ;
#3436 = ORIENTED_EDGE ( 'NONE', *, *, #391, .F. ) ;
#3437 = VERTEX_POINT ( 'NONE', #3387 ) ;
#3438 = LINE ( 'NONE', #991, #3073 ) ;
#3439 = DIRECTION ( 'NONE',  ( 0.000000000000000000, 0.000000000000000000, -1.000000000000000000 ) ) ;
#3440 = CARTESIAN_POINT ( 'NONE',  ( -13.24999999999999645, -31.25000000000000000, 100.0000000000000000 ) ) ;
#3441 = CARTESIAN_POINT ( 'NONE',  ( 11.25000000000000355, -16.29510728538161501, 67.13776547481084833 ) ) ;
#3442 = CARTESIAN_POINT ( 'NONE',  ( 13.25000000000000533, -16.94824980181295260, 49.02811064255924123 ) ) ;
#3443 = CARTESIAN_POINT ( 'NONE',  ( 13.25000000000000355, -31.25000000000000000, 100.0000000000000000 ) ) ;
#3444 = CARTESIAN_POINT ( 'NONE',  ( 16.25000000000000355, 0.000000000000000000, 23.00000000000000000 ) ) ;
#3445 = ADVANCED_FACE ( 'NONE', ( #155 ), #2590, .F. ) ;
#3446 = DIRECTION ( 'NONE',  ( 1.000000000000000000, 0.000000000000000000, 0.000000000000000000 ) ) ;
#3447 = CARTESIAN_POINT ( 'NONE',  ( -16.24999999999999289, -31.25000000000000000, 0.000000000000000000 ) ) ;
#3448 = EDGE_CURVE ( 'NONE', #413, #2929, #1973, .T. ) ;
#3449 = ORIENTED_EDGE ( 'NONE', *, *, #761, .T. ) ;
#3450 = CARTESIAN_POINT ( 'NONE',  ( 13.25000000000000533, -16.29510728538161501, 85.13776547481083412 ) ) ;
#3451 = CIRCLE ( 'NONE', #10, 2.000000000000000000 ) ;
#3452 = ORIENTED_EDGE ( 'NONE', *, *, #963, .F. ) ;
#3453 = ORIENTED_EDGE ( 'NONE', *, *, #3303, .F. ) ;
#3454 = CARTESIAN_POINT ( 'NONE',  ( 13.25000000000000533, -46.12853121271577095, 56.93809716319736225 ) ) ;
#3455 = AXIS2_PLACEMENT_3D ( 'NONE', #1485, #136, #2845 ) ;
#3456 = CARTESIAN_POINT ( 'NONE',  ( 16.25000000000000355, -17.60139231824429373, 43.91845581030764833 ) ) ;
#3457 = DIRECTION ( 'NONE',  ( 1.000000000000000000, -0.000000000000000000, -0.000000000000000000 ) ) ;
#3458 = CIRCLE ( 'NONE', #3182, 15.00000000000000000 ) ;
#3459 = CARTESIAN_POINT ( 'NONE',  ( 13.25000000000000533, 16.29510728538161146, 58.13776547481083412 ) ) ;
#3460 = CARTESIAN_POINT ( 'NONE',  ( 16.25000000000000355, 0.000000000000000000, 85.99999999999998579 ) ) ;
#3461 = ORIENTED_EDGE ( 'NONE', *, *, #921, .F. ) ;
#3462 = AXIS2_PLACEMENT_3D ( 'NONE', #2126, #794, #1859 ) ;
#3463 = ORIENTED_EDGE ( 'NONE', *, *, #369, .F. ) ;
#3464 = DIRECTION ( 'NONE',  ( 1.000000000000000000, -0.000000000000000000, -0.000000000000000000 ) ) ;
#3465 = CIRCLE ( 'NONE', #3354, 2.000000000000001776 ) ;
#3466 = CARTESIAN_POINT ( 'NONE',  ( -16.24999999999999289, 3.999999999999998224, 100.0000000000000000 ) ) ;
#3467 = ORIENTED_EDGE ( 'NONE', *, *, #1765, .F. ) ;
#3468 = DIRECTION ( 'NONE',  ( 0.000000000000000000, 0.9409610776262526954, 0.3385147713061296137 ) ) ;
#3469 = CIRCLE ( 'NONE', #1166, 2.000000000000001776 ) ;
#3470 = ORIENTED_EDGE ( 'NONE', *, *, #607, .T. ) ;
#3471 = ORIENTED_EDGE ( 'NONE', *, *, #3070, .T. ) ;
#3472 = CIRCLE ( 'NONE', #998, 2.000000000000001776 ) ;
#3473 = LINE ( 'NONE', #1047, #195 ) ;
#3474 = DIRECTION ( 'NONE',  ( 0.000000000000000000, 0.000000000000000000, 1.000000000000000000 ) ) ;
#3475 = AXIS2_PLACEMENT_3D ( 'NONE', #867, #3215, #2999 ) ;
#3476 = LINE ( 'NONE', #713, #2289 ) ;
#3477 = CARTESIAN_POINT ( 'NONE',  ( 13.25000000000000533, 16.94824980181295260, 67.02811064255924123 ) ) ;
#3478 = LINE ( 'NONE', #746, #865 ) ;
#3479 = ORIENTED_EDGE ( 'NONE', *, *, #1468, .F. ) ;
#3480 = EDGE_LOOP ( 'NONE', ( #1286, #1337, #3172, #224 ) ) ;
#3481 = FACE_OUTER_BOUND ( 'NONE', #3154, .T. ) ;
#3482 = FACE_BOUND ( 'NONE', #2152, .T. ) ;
#3483 = EDGE_LOOP ( 'NONE', ( #461, #2407, #537, #3463 ) ) ;
#3484 = CARTESIAN_POINT ( 'NONE',  ( 16.25000000000000355, 0.000000000000000000, 45.99999999999999289 ) ) ;
#3485 = ORIENTED_EDGE ( 'NONE', *, *, #2916, .F. ) ;
#3486 = ORIENTED_EDGE ( 'NONE', *, *, #3385, .T. ) ;
#3487 = DIRECTION ( 'NONE',  ( -1.000000000000000000, 0.000000000000000000, 0.000000000000000000 ) ) ;
#3488 = DIRECTION ( 'NONE',  ( 2.312964634635742957E-16, -1.000000000000000000, 0.000000000000000000 ) ) ;
#3489 = ADVANCED_FACE ( 'NONE', ( #1991 ), #3337, .F. ) ;
#3490 = LINE ( 'NONE', #50, #2060 ) ;
#3491 = ADVANCED_FACE ( 'NONE', ( #3080 ), #1733, .F. ) ;
#3492 = ADVANCED_FACE ( 'NONE', ( #171 ), #2293, .F. ) ;
#3493 = CYLINDRICAL_SURFACE ( 'NONE', #1550, 2.000000000000001776 ) ;
#3494 = DIRECTION ( 'NONE',  ( 1.000000000000000000, 0.000000000000000000, 0.000000000000000000 ) ) ;
#3495 = ORIENTED_EDGE ( 'NONE', *, *, #3095, .F. ) ;
ENDSEC;
END-ISO-10303-21;
