ISO-10303-21;
HEADER;
FILE_DESCRIPTION (( 'STEP AP214' ),
    '1' );
FILE_NAME ('Gear A.STEP',
    '2026-06-11T14:58:47',
    ( '' ),
    ( '' ),
    'SwSTEP 2.0',
    'SolidWorks 2025',
    '' );
FILE_SCHEMA (( 'AUTOMOTIVE_DESIGN' ));
ENDSEC;

DATA;
#1 = ORIENTED_EDGE ( 'NONE', *, *, #595, .T. ) ;
#2 = DIRECTION ( 'NONE',  ( -0.000000000000000000, -0.000000000000000000, -1.000000000000000000 ) ) ;
#3 = DIRECTION ( 'NONE',  ( -0.000000000000000000, -0.000000000000000000, -1.000000000000000000 ) ) ;
#4 = AXIS2_PLACEMENT_3D ( 'NONE', #39, #2875, #3947 ) ;
#5 = VECTOR ( 'NONE', #708, 1000.000000000000227 ) ;
#6 = EDGE_CURVE ( 'NONE', #3129, #1545, #4325, .T. ) ;
#7 = LINE ( 'NONE', #1713, #1551 ) ;
#8 = AXIS2_PLACEMENT_3D ( 'NONE', #2177, #4229, #694 ) ;
#9 = VECTOR ( 'NONE', #139, 1000.000000000000000 ) ;
#10 = VERTEX_POINT ( 'NONE', #2965 ) ;
#11 = DIRECTION ( 'NONE',  ( -0.2546876201410405716, 0.9670233793176322701, 0.000000000000000000 ) ) ;
#12 = LINE ( 'NONE', #349, #2197 ) ;
#13 = DIRECTION ( 'NONE',  ( -0.2710357666310572733, -0.9625692770947528176, 0.000000000000000000 ) ) ;
#14 = VECTOR ( 'NONE', #1126, 1000.000000000000000 ) ;
#15 = VERTEX_POINT ( 'NONE', #4352 ) ;
#16 = CARTESIAN_POINT ( 'NONE',  ( -2.031264886787171875, -6.150668401340384506, 11.00000000000000000 ) ) ;
#17 = PLANE ( 'NONE',  #4402 ) ;
#18 = DIRECTION ( 'NONE',  ( 1.000000000000000000, 0.000000000000000000, 0.000000000000000000 ) ) ;
#19 = LINE ( 'NONE', #4195, #1700 ) ;
#20 = FACE_OUTER_BOUND ( 'NONE', #2742, .T. ) ;
#21 = ORIENTED_EDGE ( 'NONE', *, *, #609, .T. ) ;
#22 = ORIENTED_EDGE ( 'NONE', *, *, #1561, .F. ) ;
#23 = DIRECTION ( 'NONE',  ( 1.000000000000000000, 0.000000000000000000, 0.000000000000000000 ) ) ;
#24 = CARTESIAN_POINT ( 'NONE',  ( 0.000000000000000000, 0.000000000000000000, 11.00000000000000000 ) ) ;
#25 = EDGE_CURVE ( 'NONE', #1279, #246, #2613, .T. ) ;
#26 = DIRECTION ( 'NONE',  ( -0.9090986164355365773, -0.4165809712348768623, 0.000000000000000000 ) ) ;
#27 = VERTEX_POINT ( 'NONE', #3670 ) ;
#28 = ORIENTED_EDGE ( 'NONE', *, *, #3406, .T. ) ;
#29 = LINE ( 'NONE', #2173, #3094 ) ;
#30 = DIRECTION ( 'NONE',  ( -0.8242965936120831838, -0.5661582161900647892, 0.000000000000000000 ) ) ;
#31 = EDGE_CURVE ( 'NONE', #252, #2012, #509, .T. ) ;
#32 = CARTESIAN_POINT ( 'NONE',  ( 9.528055790867218988, 6.082277353861754499, 5.000000000000000000 ) ) ;
#33 = ORIENTED_EDGE ( 'NONE', *, *, #1805, .F. ) ;
#34 = PLANE ( 'NONE',  #8 ) ;
#35 = EDGE_CURVE ( 'NONE', #3796, #336, #646, .T. ) ;
#36 = CARTESIAN_POINT ( 'NONE',  ( -2.469478674721313993, -11.02750359350676312, 11.00000000000000000 ) ) ;
#37 = CARTESIAN_POINT ( 'NONE',  ( 6.589195711599447058, -9.184794218566759483, 11.00000000000000000 ) ) ;
#38 = ORIENTED_EDGE ( 'NONE', *, *, #3637, .T. ) ;
#39 = CARTESIAN_POINT ( 'NONE',  ( 0.000000000000000000, 0.000000000000000000, 12.00000000000000000 ) ) ;
#40 = CARTESIAN_POINT ( 'NONE',  ( 10.46623223472574438, 0.8414171431506022314, 11.00000000000000000 ) ) ;
#41 = LINE ( 'NONE', #2877, #3902 ) ;
#42 = CARTESIAN_POINT ( 'NONE',  ( -0.03898322043091653755, 6.477286401886701128, 11.00000000000000000 ) ) ;
#43 = EDGE_CURVE ( 'NONE', #2861, #3967, #3478, .T. ) ;
#44 = EDGE_CURVE ( 'NONE', #116, #2694, #2791, .T. ) ;
#45 = ORIENTED_EDGE ( 'NONE', *, *, #964, .T. ) ;
#46 = ORIENTED_EDGE ( 'NONE', *, *, #4227, .F. ) ;
#47 = CARTESIAN_POINT ( 'NONE',  ( 9.435664168256280959, 4.606326269803799889, 11.00000000000000000 ) ) ;
#48 = DIRECTION ( 'NONE',  ( -0.3735189887589037694, -0.9276225337045914676, 0.000000000000000000 ) ) ;
#49 = DIRECTION ( 'NONE',  ( 0.000000000000000000, 0.000000000000000000, -1.000000000000000000 ) ) ;
#50 = ORIENTED_EDGE ( 'NONE', *, *, #1839, .F. ) ;
#51 = EDGE_LOOP ( 'NONE', ( #1835, #3721, #4468, #3443 ) ) ;
#52 = EDGE_CURVE ( 'NONE', #1745, #1996, #276, .T. ) ;
#53 = CARTESIAN_POINT ( 'NONE',  ( 10.04065772760449349, 3.071675828777542971, 11.00000000000000000 ) ) ;
#54 = LINE ( 'NONE', #2442, #3595 ) ;
#55 = CARTESIAN_POINT ( 'NONE',  ( 2.597752473954340502, 10.17357764427362810, 11.00000000000000000 ) ) ;
#56 = ORIENTED_EDGE ( 'NONE', *, *, #3790, .T. ) ;
#57 = LINE ( 'NONE', #4284, #2429 ) ;
#58 = ORIENTED_EDGE ( 'NONE', *, *, #3746, .T. ) ;
#59 = ADVANCED_FACE ( 'NONE', ( #3452 ), #1292, .T. ) ;
#60 = PRODUCT ( 'Gear A', 'Gear A', '', ( #2870 ) ) ;
#61 = CIRCLE ( 'NONE', #1528, 10.50000000000000000 ) ;
#62 = ORIENTED_EDGE ( 'NONE', *, *, #1895, .F. ) ;
#63 = DIRECTION ( 'NONE',  ( -0.000000000000000000, -0.000000000000000000, -1.000000000000000000 ) ) ;
#64 = CARTESIAN_POINT ( 'NONE',  ( 0.000000000000000000, 0.000000000000000000, 1.000000000000000000 ) ) ;
#65 = ADVANCED_FACE ( 'NONE', ( #4091 ), #2793, .T. ) ;
#66 = EDGE_CURVE ( 'NONE', #1851, #2097, #667, .T. ) ;
#67 = ORIENTED_EDGE ( 'NONE', *, *, #2966, .F. ) ;
#68 = ORIENTED_EDGE ( 'NONE', *, *, #2677, .T. ) ;
#69 = CARTESIAN_POINT ( 'NONE',  ( -3.682481566408342122, -9.833073248637109742, 5.000000000000000000 ) ) ;
#70 = CARTESIAN_POINT ( 'NONE',  ( -3.569281488838021321, 10.72214484527913925, 11.00000000000000000 ) ) ;
#71 = VECTOR ( 'NONE', #3254, 1000.000000000000114 ) ;
#72 = EDGE_CURVE ( 'NONE', #2120, #2208, #981, .T. ) ;
#73 = CARTESIAN_POINT ( 'NONE',  ( -10.31390553733085547, -1.968083475621895895, 11.00000000000000000 ) ) ;
#74 = ORIENTED_EDGE ( 'NONE', *, *, #2305, .T. ) ;
#75 = ORIENTED_EDGE ( 'NONE', *, *, #2738, .F. ) ;
#76 = DIRECTION ( 'NONE',  ( -0.000000000000000000, -0.000000000000000000, -1.000000000000000000 ) ) ;
#77 = CARTESIAN_POINT ( 'NONE',  ( 7.822890946873291895, 7.003740231713902809, 11.00000000000000000 ) ) ;
#78 = AXIS2_PLACEMENT_3D ( 'NONE', #1277, #620, #2685 ) ;
#79 = PLANE ( 'NONE',  #3025 ) ;
#80 = ORIENTED_EDGE ( 'NONE', *, *, #4395, .F. ) ;
#81 = CARTESIAN_POINT ( 'NONE',  ( 4.391559839379030272, -4.761403259617265071, 5.000000000000000000 ) ) ;
#82 = ORIENTED_EDGE ( 'NONE', *, *, #923, .T. ) ;
#83 = AXIS2_PLACEMENT_3D ( 'NONE', #1209, #3348, #2601 ) ;
#84 = VECTOR ( 'NONE', #783, 1000.000000000000000 ) ;
#85 = CARTESIAN_POINT ( 'NONE',  ( -8.177079533846059789, 6.586757191301037651, 11.00000000000000000 ) ) ;
#86 = CARTESIAN_POINT ( 'NONE',  ( 4.000000000000000000, 4.898587196589412829E-16, 0.000000000000000000 ) ) ;
#87 = VECTOR ( 'NONE', #263, 1000.000000000000227 ) ;
#88 = EDGE_CURVE ( 'NONE', #1487, #1086, #2350, .T. ) ;
#89 = AXIS2_PLACEMENT_3D ( 'NONE', #1536, #1868, #2234 ) ;
#90 = EDGE_LOOP ( 'NONE', ( #3943, #940 ) ) ;
#91 = DIRECTION ( 'NONE',  ( -1.000000000000000000, 0.000000000000000000, 0.000000000000000000 ) ) ;
#92 = LINE ( 'NONE', #2849, #751 ) ;
#93 =( GEOMETRIC_REPRESENTATION_CONTEXT ( 3 ) GLOBAL_UNCERTAINTY_ASSIGNED_CONTEXT ( ( #4466 ) ) GLOBAL_UNIT_ASSIGNED_CONTEXT ( ( #1102, #3592, #3568 ) ) REPRESENTATION_CONTEXT ( 'NONE', 'WORKASPACE' ) );
#94 = VECTOR ( 'NONE', #2618, 1000.000000000000000 ) ;
#95 = AXIS2_PLACEMENT_3D ( 'NONE', #64, #3194, #1441 ) ;
#96 = ORIENTED_EDGE ( 'NONE', *, *, #503, .F. ) ;
#97 = ORIENTED_EDGE ( 'NONE', *, *, #1742, .F. ) ;
#98 = EDGE_CURVE ( 'NONE', #2552, #3550, #3781, .T. ) ;
#99 = CARTESIAN_POINT ( 'NONE',  ( -10.31390553733085547, -1.968083475621895895, 11.00000000000000000 ) ) ;
#100 = CARTESIAN_POINT ( 'NONE',  ( 0.000000000000000000, 0.000000000000000000, 5.000000000000000000 ) ) ;
#101 = CARTESIAN_POINT ( 'NONE',  ( 3.372793040709284984, -5.530011385891059561, 11.00000000000000000 ) ) ;
#102 = EDGE_LOOP ( 'NONE', ( #3420, #2096, #2998, #878 ) ) ;
#103 = VERTEX_POINT ( 'NONE', #4134 ) ;
#104 = DIRECTION ( 'NONE',  ( 0.9619224656602153312, 0.2733224653375057600, -0.000000000000000000 ) ) ;
#105 = CARTESIAN_POINT ( 'NONE',  ( 7.604739771919064140, 8.363365229653085819, 5.000000000000000000 ) ) ;
#106 = DIRECTION ( 'NONE',  ( 0.04812841412490155568, 0.9988411564176867818, 0.000000000000000000 ) ) ;
#107 = ORIENTED_EDGE ( 'NONE', *, *, #1121, .F. ) ;
#108 = FACE_OUTER_BOUND ( 'NONE', #2642, .T. ) ;
#109 = ORIENTED_EDGE ( 'NONE', *, *, #527, .F. ) ;
#110 = CARTESIAN_POINT ( 'NONE',  ( 7.416991421146180485, -7.432243151205697451, 5.000000000000000000 ) ) ;
#111 = EDGE_LOOP ( 'NONE', ( #710, #1517, #536, #3988 ) ) ;
#112 = DIRECTION ( 'NONE',  ( -0.9926118128115599681, 0.1213333798546334386, 0.000000000000000000 ) ) ;
#113 = LINE ( 'NONE', #2183, #2736 ) ;
#114 = DIRECTION ( 'NONE',  ( -0.4630826814171441486, -0.8863150851539804975, 0.000000000000000000 ) ) ;
#115 = EDGE_LOOP ( 'NONE', ( #3547, #390, #4305, #1211 ) ) ;
#116 = VERTEX_POINT ( 'NONE', #619 ) ;
#117 = ADVANCED_FACE ( 'NONE', ( #1357 ), #3112, .T. ) ;
#118 = LINE ( 'NONE', #798, #3802 ) ;
#119 = DIRECTION ( 'NONE',  ( -1.000000000000000000, 0.000000000000000000, 0.000000000000000000 ) ) ;
#120 = ORIENTED_EDGE ( 'NONE', *, *, #1807, .F. ) ;
#121 = EDGE_LOOP ( 'NONE', ( #3895, #3647, #1165, #2600 ) ) ;
#122 = CARTESIAN_POINT ( 'NONE',  ( -2.523580700700867929, 10.19222941495382884, 11.00000000000000000 ) ) ;
#123 = ADVANCED_FACE ( 'NONE', ( #4177 ), #2031, .T. ) ;
#124 = LINE ( 'NONE', #3960, #2585 ) ;
#125 = EDGE_CURVE ( 'NONE', #2186, #2165, #3758, .T. ) ;
#126 = ORIENTED_EDGE ( 'NONE', *, *, #4004, .F. ) ;
#127 = CYLINDRICAL_SURFACE ( 'NONE', #1770, 10.50000000000000000 ) ;
#128 = VERTEX_POINT ( 'NONE', #3386 ) ;
#129 = DIRECTION ( 'NONE',  ( -0.7879726629679192351, 0.6157102260115921988, 0.000000000000000000 ) ) ;
#130 = CARTESIAN_POINT ( 'NONE',  ( 7.000000000000000000, 8.572527594031473190E-16, 5.000000000000000000 ) ) ;
#131 = ORIENTED_EDGE ( 'NONE', *, *, #3083, .T. ) ;
#132 = ORIENTED_EDGE ( 'NONE', *, *, #3766, .F. ) ;
#133 = LINE ( 'NONE', #840, #1020 ) ;
#134 = DIRECTION ( 'NONE',  ( 1.000000000000000000, 0.000000000000000000, 0.000000000000000000 ) ) ;
#135 = CARTESIAN_POINT ( 'NONE',  ( -4.655608830362115924, 9.411445501019187532, 11.00000000000000000 ) ) ;
#136 = CIRCLE ( 'NONE', #569, 4.000000000000000000 ) ;
#137 = ORIENTED_EDGE ( 'NONE', *, *, #2858, .F. ) ;
#138 = FACE_OUTER_BOUND ( 'NONE', #2229, .T. ) ;
#139 = DIRECTION ( 'NONE',  ( -0.000000000000000000, -0.000000000000000000, -1.000000000000000000 ) ) ;
#140 = ORIENTED_EDGE ( 'NONE', *, *, #52, .T. ) ;
#141 = EDGE_CURVE ( 'NONE', #3591, #2383, #218, .T. ) ;
#142 = ORIENTED_EDGE ( 'NONE', *, *, #1535, .F. ) ;
#143 = DIRECTION ( 'NONE',  ( -0.06741651380573475405, -0.9977249188359891274, 0.000000000000000000 ) ) ;
#144 = VECTOR ( 'NONE', #1033, 1000.000000000000000 ) ;
#145 = CARTESIAN_POINT ( 'NONE',  ( 0.000000000000000000, 0.000000000000000000, 12.00000000000000000 ) ) ;
#146 = CARTESIAN_POINT ( 'NONE',  ( 2.654583792703834710, -10.98777183284636827, 5.000000000000000000 ) ) ;
#147 = ORIENTED_EDGE ( 'NONE', *, *, #4253, .T. ) ;
#148 = DIRECTION ( 'NONE',  ( -1.000000000000000000, 0.000000000000000000, 0.000000000000000000 ) ) ;
#149 = EDGE_LOOP ( 'NONE', ( #2757, #2432 ) ) ;
#150 = ADVANCED_FACE ( 'NONE', ( #3048 ), #4435, .T. ) ;
#151 = VECTOR ( 'NONE', #3389, 1000.000000000000000 ) ;
#152 = DIRECTION ( 'NONE',  ( -0.2617245216441049238, -0.9651426188756584423, 0.000000000000000000 ) ) ;
#153 = CARTESIAN_POINT ( 'NONE',  ( -7.939387322721387363, 8.046370231538492845, 5.000000000000000000 ) ) ;
#154 = CARTESIAN_POINT ( 'NONE',  ( 0.08616179912191765378, 6.476830626773633526, 11.00000000000000000 ) ) ;
#155 = VECTOR ( 'NONE', #4213, 1000.000000000000000 ) ;
#156 = VECTOR ( 'NONE', #3274, 1000.000000000000000 ) ;
#157 = LINE ( 'NONE', #475, #1250 ) ;
#158 = PLANE ( 'NONE',  #89 ) ;
#159 = VECTOR ( 'NONE', #3477, 1000.000000000000000 ) ;
#160 = VECTOR ( 'NONE', #1129, 999.9999999999998863 ) ;
#161 = DIRECTION ( 'NONE',  ( 0.2710357666310572733, 0.9625692770947528176, 0.000000000000000000 ) ) ;
#162 = VERTEX_POINT ( 'NONE', #258 ) ;
#163 = PRESENTATION_LAYER_ASSIGNMENT (  '', '', ( #4183 ) ) ;
#164 = CARTESIAN_POINT ( 'NONE',  ( -9.176991059613770929, 6.600059094807169124, 5.000000000000000000 ) ) ;
#165 = CYLINDRICAL_SURFACE ( 'NONE', #2720, 10.50000000000000000 ) ;
#166 = VECTOR ( 'NONE', #3843, 1000.000000000000227 ) ;
#167 = PLANE ( 'NONE',  #1777 ) ;
#168 = ORIENTED_EDGE ( 'NONE', *, *, #3321, .T. ) ;
#169 = EDGE_LOOP ( 'NONE', ( #824, #2693, #464, #1520 ) ) ;
#170 = CARTESIAN_POINT ( 'NONE',  ( 0.000000000000000000, 0.000000000000000000, 11.00000000000000000 ) ) ;
#171 = ADVANCED_FACE ( 'NONE', ( #1666 ), #1309, .T. ) ;
#172 = DIRECTION ( 'NONE',  ( -0.7218435344370552897, -0.6920562923573629899, 0.000000000000000000 ) ) ;
#173 = VERTEX_POINT ( 'NONE', #3548 ) ;
#174 = CYLINDRICAL_SURFACE ( 'NONE', #1104, 10.50000000000000000 ) ;
#175 = ORIENTED_EDGE ( 'NONE', *, *, #2193, .F. ) ;
#176 = EDGE_CURVE ( 'NONE', #530, #1487, #1451, .T. ) ;
#177 = EDGE_CURVE ( 'NONE', #1445, #474, #1825, .T. ) ;
#178 = CARTESIAN_POINT ( 'NONE',  ( 10.09300390059634012, -5.090109745941135522, 5.000000000000000000 ) ) ;
#179 = ORIENTED_EDGE ( 'NONE', *, *, #3913, .F. ) ;
#180 = EDGE_CURVE ( 'NONE', #3941, #586, #2572, .T. ) ;
#181 = VERTEX_POINT ( 'NONE', #1802 ) ;
#182 = DIRECTION ( 'NONE',  ( -0.000000000000000000, -0.000000000000000000, -1.000000000000000000 ) ) ;
#183 = ADVANCED_FACE ( 'NONE', ( #3569 ), #1055, .T. ) ;
#184 = CARTESIAN_POINT ( 'NONE',  ( 0.000000000000000000, 0.000000000000000000, 11.00000000000000000 ) ) ;
#185 = EDGE_LOOP ( 'NONE', ( #904, #4046, #3471, #3275 ) ) ;
#186 = DIRECTION ( 'NONE',  ( -0.000000000000000000, -0.000000000000000000, -1.000000000000000000 ) ) ;
#187 = CARTESIAN_POINT ( 'NONE',  ( 7.997785301068243591, 7.988327437029275835, 5.000000000000000000 ) ) ;
#188 = EDGE_CURVE ( 'NONE', #3845, #1672, #54, .T. ) ;
#189 = ORIENTED_EDGE ( 'NONE', *, *, #66, .T. ) ;
#190 = ORIENTED_EDGE ( 'NONE', *, *, #1914, .T. ) ;
#191 = DIRECTION ( 'NONE',  ( -1.000000000000000000, 0.000000000000000000, 0.000000000000000000 ) ) ;
#192 = DIRECTION ( 'NONE',  ( 0.1677181245478933103, -0.9858349916178352768, 0.000000000000000000 ) ) ;
#193 = DIRECTION ( 'NONE',  ( -0.000000000000000000, -0.000000000000000000, -1.000000000000000000 ) ) ;
#194 = EDGE_CURVE ( 'NONE', #1191, #3827, #3498, .T. ) ;
#195 = ORIENTED_EDGE ( 'NONE', *, *, #939, .F. ) ;
#196 = DIRECTION ( 'NONE',  ( -0.000000000000000000, -0.000000000000000000, -1.000000000000000000 ) ) ;
#197 = ORIENTED_EDGE ( 'NONE', *, *, #3959, .F. ) ;
#198 = CARTESIAN_POINT ( 'NONE',  ( -6.072165522463966347, 8.566142998327771707, 11.00000000000000000 ) ) ;
#199 = EDGE_CURVE ( 'NONE', #3110, #2479, #2910, .T. ) ;
#200 = ORIENTED_EDGE ( 'NONE', *, *, #3195, .F. ) ;
#201 = DIRECTION ( 'NONE',  ( 1.000000000000000000, 0.000000000000000000, 0.000000000000000000 ) ) ;
#202 = DIRECTION ( 'NONE',  ( 0.8806770022699303979, 0.4737172338778156133, -0.000000000000000000 ) ) ;
#203 = CARTESIAN_POINT ( 'NONE',  ( 0.000000000000000000, 0.000000000000000000, 12.00000000000000000 ) ) ;
#204 = FACE_OUTER_BOUND ( 'NONE', #3042, .T. ) ;
#205 = ORIENTED_EDGE ( 'NONE', *, *, #2995, .T. ) ;
#206 = DIRECTION ( 'NONE',  ( 1.000000000000000000, 0.000000000000000000, 0.000000000000000000 ) ) ;
#207 = EDGE_CURVE ( 'NONE', #3684, #3986, #1409, .T. ) ;
#208 = CARTESIAN_POINT ( 'NONE',  ( -6.405447672397989400, -0.9628078415301438708, 11.00000000000000000 ) ) ;
#209 = FACE_OUTER_BOUND ( 'NONE', #2236, .T. ) ;
#210 = AXIS2_PLACEMENT_3D ( 'NONE', #2210, #1050, #1796 ) ;
#211 = ORIENTED_EDGE ( 'NONE', *, *, #2851, .T. ) ;
#212 = CARTESIAN_POINT ( 'NONE',  ( 9.619286666718521062, -4.209432743671203347, 11.00000000000000000 ) ) ;
#213 = CARTESIAN_POINT ( 'NONE',  ( 3.390188977688465499, 10.78353205859460395, 11.00000000000000000 ) ) ;
#214 = CYLINDRICAL_SURFACE ( 'NONE', #2357, 10.50000000000000000 ) ;
#215 = ORIENTED_EDGE ( 'NONE', *, *, #4206, .T. ) ;
#216 = LINE ( 'NONE', #3028, #159 ) ;
#217 = EDGE_LOOP ( 'NONE', ( #3470, #917, #3458, #249 ) ) ;
#218 = CIRCLE ( 'NONE', #2640, 10.50000000000000000 ) ;
#219 = CARTESIAN_POINT ( 'NONE',  ( 0.6146118549011230225, -6.448178897282227595, 5.000000000000000000 ) ) ;
#220 = EDGE_LOOP ( 'NONE', ( #3779, #1161, #3119, #56 ) ) ;
#221 = DIRECTION ( 'NONE',  ( -1.000000000000000000, 0.000000000000000000, 0.000000000000000000 ) ) ;
#222 = VECTOR ( 'NONE', #953, 1000.000000000000000 ) ;
#223 = EDGE_CURVE ( 'NONE', #1429, #306, #2486, .T. ) ;
#224 = AXIS2_PLACEMENT_3D ( 'NONE', #264, #2381, #1296 ) ;
#225 = VECTOR ( 'NONE', #1443, 1000.000000000000114 ) ;
#226 = DIRECTION ( 'NONE',  ( -0.000000000000000000, -0.000000000000000000, -1.000000000000000000 ) ) ;
#227 = ORIENTED_EDGE ( 'NONE', *, *, #199, .T. ) ;
#228 = LINE ( 'NONE', #2994, #3691 ) ;
#229 = VECTOR ( 'NONE', #1000, 999.9999999999998863 ) ;
#230 = CARTESIAN_POINT ( 'NONE',  ( -1.482567108891096330, -10.39480614382175006, 11.00000000000000000 ) ) ;
#231 = ADVANCED_FACE ( 'NONE', ( #690 ), #1755, .T. ) ;
#232 = DIRECTION ( 'NONE',  ( 0.9947706500000884633, -0.1021339997180250314, 0.000000000000000000 ) ) ;
#233 = VECTOR ( 'NONE', #3712, 1000.000000000000000 ) ;
#234 = VECTOR ( 'NONE', #1474, 1000.000000000000000 ) ;
#235 = ORIENTED_EDGE ( 'NONE', *, *, #1613, .F. ) ;
#236 = ORIENTED_EDGE ( 'NONE', *, *, #2570, .T. ) ;
#237 = DIRECTION ( 'NONE',  ( -0.6427876096865408062, -0.7660444431189767922, 0.000000000000000000 ) ) ;
#238 = VECTOR ( 'NONE', #275, 1000.000000000000000 ) ;
#239 = AXIS2_PLACEMENT_3D ( 'NONE', #3676, #519, #1974 ) ;
#240 = CYLINDRICAL_SURFACE ( 'NONE', #3754, 10.50000000000000000 ) ;
#241 = ORIENTED_EDGE ( 'NONE', *, *, #1846, .T. ) ;
#242 = CARTESIAN_POINT ( 'NONE',  ( 10.51318289192295907, 4.144532049663293805, 11.00000000000000000 ) ) ;
#243 = DIRECTION ( 'NONE',  ( -0.000000000000000000, 0.000000000000000000, 1.000000000000000000 ) ) ;
#244 = CARTESIAN_POINT ( 'NONE',  ( 9.376438639006734022, 6.307658747796153875, 5.000000000000000000 ) ) ;
#245 = EDGE_CURVE ( 'NONE', #1092, #4208, #2519, .T. ) ;
#246 = VERTEX_POINT ( 'NONE', #741 ) ;
#247 = DIRECTION ( 'NONE',  ( 0.1653748979498468052, 0.9862307757964551280, 0.000000000000000000 ) ) ;
#248 = DIRECTION ( 'NONE',  ( 1.000000000000000000, 0.000000000000000000, 0.000000000000000000 ) ) ;
#249 = ORIENTED_EDGE ( 'NONE', *, *, #2714, .T. ) ;
#250 = CARTESIAN_POINT ( 'NONE',  ( 0.000000000000000000, 0.000000000000000000, 11.00000000000000000 ) ) ;
#251 = EDGE_CURVE ( 'NONE', #3579, #683, #764, .T. ) ;
#252 = VERTEX_POINT ( 'NONE', #1782 ) ;
#253 = LINE ( 'NONE', #4471, #4394 ) ;
#254 = CARTESIAN_POINT ( 'NONE',  ( 0.000000000000000000, 0.000000000000000000, 0.000000000000000000 ) ) ;
#255 = FACE_OUTER_BOUND ( 'NONE', #3576, .T. ) ;
#256 = VERTEX_POINT ( 'NONE', #4280 ) ;
#257 = CYLINDRICAL_SURFACE ( 'NONE', #522, 10.50000000000000000 ) ;
#258 = CARTESIAN_POINT ( 'NONE',  ( -4.655608830362115924, 9.411445501019187532, 5.000000000000000000 ) ) ;
#259 = ADVANCED_FACE ( 'NONE', ( #371 ), #1127, .T. ) ;
#260 = ADVANCED_FACE ( 'NONE', ( #2820, #4205 ), #3939, .T. ) ;
#261 = DIRECTION ( 'NONE',  ( 0.000000000000000000, 0.000000000000000000, -1.000000000000000000 ) ) ;
#262 = ORIENTED_EDGE ( 'NONE', *, *, #3041, .F. ) ;
#263 = DIRECTION ( 'NONE',  ( 0.2640173619703847785, -0.9645179275566622135, 0.000000000000000000 ) ) ;
#264 = CARTESIAN_POINT ( 'NONE',  ( 6.263800824939760759, 1.649714535616611633, 11.00000000000000000 ) ) ;
#265 = EDGE_CURVE ( 'NONE', #3138, #4118, #3522, .T. ) ;
#266 = CARTESIAN_POINT ( 'NONE',  ( 10.61280498155865715, 3.891826741593415129, 5.000000000000000000 ) ) ;
#267 = ORIENTED_EDGE ( 'NONE', *, *, #2237, .F. ) ;
#268 = ORIENTED_EDGE ( 'NONE', *, *, #1169, .T. ) ;
#269 = VERTEX_POINT ( 'NONE', #105 ) ;
#270 = PLANE ( 'NONE',  #3965 ) ;
#271 = CARTESIAN_POINT ( 'NONE',  ( -10.89965690040262380, -2.983561610426931576, 11.00000000000000000 ) ) ;
#272 = ADVANCED_FACE ( 'NONE', ( #1504 ), #3848, .T. ) ;
#273 = FACE_OUTER_BOUND ( 'NONE', #4212, .T. ) ;
#274 = ORIENTED_EDGE ( 'NONE', *, *, #402, .T. ) ;
#275 = DIRECTION ( 'NONE',  ( 0.9100860186832910870, -0.4144193993977555168, 0.000000000000000000 ) ) ;
#276 = LINE ( 'NONE', #3132, #4029 ) ;
#277 = VECTOR ( 'NONE', #129, 1000.000000000000114 ) ;
#278 = CARTESIAN_POINT ( 'NONE',  ( -0.6615631487002909816, -6.443531099003349638, 11.00000000000000000 ) ) ;
#279 = VERTEX_POINT ( 'NONE', #4023 ) ;
#280 = ADVANCED_FACE ( 'NONE', ( #1168 ), #2587, .T. ) ;
#281 = DIRECTION ( 'NONE',  ( 0.000000000000000000, 0.000000000000000000, 1.000000000000000000 ) ) ;
#282 = VECTOR ( 'NONE', #1480, 1000.000000000000000 ) ;
#283 = DIRECTION ( 'NONE',  ( 0.9773969907484417741, 0.2114122098552737583, 0.000000000000000000 ) ) ;
#284 = ORIENTED_EDGE ( 'NONE', *, *, #3489, .T. ) ;
#285 = VECTOR ( 'NONE', #2167, 1000.000000000000114 ) ;
#286 = CYLINDRICAL_SURFACE ( 'NONE', #883, 10.50000000000000000 ) ;
#287 = ORIENTED_EDGE ( 'NONE', *, *, #3305, .T. ) ;
#288 = CARTESIAN_POINT ( 'NONE',  ( -5.681998954616807040, 3.109927121859024091, 11.00000000000000000 ) ) ;
#289 = CIRCLE ( 'NONE', #2874, 10.50000000000000000 ) ;
#290 = CIRCLE ( 'NONE', #4, 2.500000000000000000 ) ;
#291 = VERTEX_POINT ( 'NONE', #2309 ) ;
#292 = VECTOR ( 'NONE', #2460, 1000.000000000000000 ) ;
#293 = ORIENTED_EDGE ( 'NONE', *, *, #527, .T. ) ;
#294 = DIRECTION ( 'NONE',  ( 0.04085172356835942847, -0.9991652199118493671, 0.000000000000000000 ) ) ;
#295 = LINE ( 'NONE', #1025, #1265 ) ;
#296 = VECTOR ( 'NONE', #4324, 1000.000000000000000 ) ;
#297 = CIRCLE ( 'NONE', #3170, 2.500000000000000000 ) ;
#298 = CARTESIAN_POINT ( 'NONE',  ( 4.707625983893290567, -10.27338396174700108, 11.00000000000000000 ) ) ;
#299 = ORIENTED_EDGE ( 'NONE', *, *, #1200, .T. ) ;
#300 = CARTESIAN_POINT ( 'NONE',  ( 2.684361755194011767, 5.894994553923964986, 11.00000000000000000 ) ) ;
#301 = DIRECTION ( 'NONE',  ( 0.2114122098552737861, -0.9773969907484418851, 0.000000000000000000 ) ) ;
#302 = PRESENTATION_LAYER_ASSIGNMENT (  '', '', ( #597 ) ) ;
#303 = VECTOR ( 'NONE', #750, 1000.000000000000114 ) ;
#304 = CARTESIAN_POINT ( 'NONE',  ( 8.409603233957739121, -7.553576531060332222, 5.000000000000000000 ) ) ;
#305 = AXIS2_PLACEMENT_3D ( 'NONE', #2310, #852, #192 ) ;
#306 = VERTEX_POINT ( 'NONE', #3000 ) ;
#307 = CARTESIAN_POINT ( 'NONE',  ( 9.528055790867218988, 6.082277353861754499, 11.00000000000000000 ) ) ;
#308 = EDGE_CURVE ( 'NONE', #1544, #3827, #3984, .T. ) ;
#309 = EDGE_CURVE ( 'NONE', #1538, #1191, #2262, .T. ) ;
#310 = LINE ( 'NONE', #1717, #1978 ) ;
#311 = CARTESIAN_POINT ( 'NONE',  ( 10.41356080228726100, 4.397237357733170704, 11.00000000000000000 ) ) ;
#312 = EDGE_LOOP ( 'NONE', ( #1496, #872, #2034, #3501 ) ) ;
#313 = DIRECTION ( 'NONE',  ( 0.000000000000000000, 0.000000000000000000, -1.000000000000000000 ) ) ;
#314 = VERTEX_POINT ( 'NONE', #829 ) ;
#315 = EDGE_CURVE ( 'NONE', #1745, #2755, #4385, .T. ) ;
#316 = EDGE_CURVE ( 'NONE', #1635, #306, #3662, .T. ) ;
#317 = ORIENTED_EDGE ( 'NONE', *, *, #188, .F. ) ;
#318 = ORIENTED_EDGE ( 'NONE', *, *, #544, .F. ) ;
#319 = CARTESIAN_POINT ( 'NONE',  ( 9.619286666718521062, -4.209432743671203347, 11.00000000000000000 ) ) ;
#320 = CARTESIAN_POINT ( 'NONE',  ( -5.177082440960597332, -9.134977690147772833, 5.000000000000000000 ) ) ;
#321 = CARTESIAN_POINT ( 'NONE',  ( -10.18702394886413565, 2.544512343312286706, 5.000000000000000000 ) ) ;
#322 = ORIENTED_EDGE ( 'NONE', *, *, #4173, .F. ) ;
#323 = FACE_OUTER_BOUND ( 'NONE', #1327, .T. ) ;
#324 = CARTESIAN_POINT ( 'NONE',  ( 0.000000000000000000, 0.000000000000000000, 11.00000000000000000 ) ) ;
#325 = EDGE_CURVE ( 'NONE', #3890, #4433, #3339, .T. ) ;
#326 = FACE_OUTER_BOUND ( 'NONE', #3370, .T. ) ;
#327 = VERTEX_POINT ( 'NONE', #4048 ) ;
#328 = CARTESIAN_POINT ( 'NONE',  ( -6.217699379012231908, 1.815756937415276662, 5.000000000000000000 ) ) ;
#329 = DIRECTION ( 'NONE',  ( -0.2185258192301071933, -0.9758311669186481296, 0.000000000000000000 ) ) ;
#330 = DIRECTION ( 'NONE',  ( -0.000000000000000000, -0.000000000000000000, -1.000000000000000000 ) ) ;
#331 = ADVANCED_FACE ( 'NONE', ( #1918 ), #2981, .T. ) ;
#332 = ORIENTED_EDGE ( 'NONE', *, *, #1638, .F. ) ;
#333 = DIRECTION ( 'NONE',  ( -0.000000000000000000, 0.000000000000000000, 1.000000000000000000 ) ) ;
#334 = CYLINDRICAL_SURFACE ( 'NONE', #3762, 10.50000000000000000 ) ;
#335 = ORIENTED_EDGE ( 'NONE', *, *, #918, .T. ) ;
#336 = VERTEX_POINT ( 'NONE', #3318 ) ;
#337 = DIRECTION ( 'NONE',  ( 1.000000000000000000, 0.000000000000000000, 0.000000000000000000 ) ) ;
#338 = ADVANCED_FACE ( 'NONE', ( #3958 ), #4003, .T. ) ;
#339 = DIRECTION ( 'NONE',  ( 0.3577482489643396546, -0.9338180713409593992, 0.000000000000000000 ) ) ;
#340 = DIRECTION ( 'NONE',  ( -0.000000000000000000, -0.000000000000000000, -1.000000000000000000 ) ) ;
#341 = ORIENTED_EDGE ( 'NONE', *, *, #245, .F. ) ;
#342 = EDGE_LOOP ( 'NONE', ( #1390, #3362, #2847, #2281 ) ) ;
#343 = CARTESIAN_POINT ( 'NONE',  ( 0.000000000000000000, 0.000000000000000000, 11.00000000000000000 ) ) ;
#344 = DIRECTION ( 'NONE',  ( 0.9457143435305384038, 0.3249990468302988433, 0.000000000000000000 ) ) ;
#345 = CIRCLE ( 'NONE', #2635, 4.000000000000000000 ) ;
#346 = FACE_OUTER_BOUND ( 'NONE', #4340, .T. ) ;
#347 = ORIENTED_EDGE ( 'NONE', *, *, #2714, .F. ) ;
#348 = DIRECTION ( 'NONE',  ( 0.05050193928634644225, -0.9987239629288555687, 0.000000000000000000 ) ) ;
#349 = CARTESIAN_POINT ( 'NONE',  ( 9.224821487146297017, 6.533040141730482198, 11.00000000000000000 ) ) ;
#350 = CARTESIAN_POINT ( 'NONE',  ( 8.841298865386789885, -5.664047525657804449, 11.00000000000000000 ) ) ;
#351 = ORIENTED_EDGE ( 'NONE', *, *, #3096, .F. ) ;
#352 = DIRECTION ( 'NONE',  ( 1.000000000000000000, 0.000000000000000000, 0.000000000000000000 ) ) ;
#353 = EDGE_CURVE ( 'NONE', #451, #3516, #4319, .T. ) ;
#354 = FACE_OUTER_BOUND ( 'NONE', #312, .T. ) ;
#355 = CYLINDRICAL_SURFACE ( 'NONE', #4541, 4.000000000000000000 ) ;
#356 = VERTEX_POINT ( 'NONE', #1963 ) ;
#357 = ORIENTED_EDGE ( 'NONE', *, *, #3395, .T. ) ;
#358 = LINE ( 'NONE', #2480, #1546 ) ;
#359 = VECTOR ( 'NONE', #3177, 1000.000000000000000 ) ;
#360 = EDGE_CURVE ( 'NONE', #2044, #2049, #2957, .T. ) ;
#361 = CARTESIAN_POINT ( 'NONE',  ( -10.48271583305354682, 4.220998601416067864, 5.000000000000000000 ) ) ;
#362 = DIRECTION ( 'NONE',  ( -0.000000000000000000, -0.000000000000000000, -1.000000000000000000 ) ) ;
#363 = EDGE_CURVE ( 'NONE', #327, #2201, #1686, .T. ) ;
#364 = ADVANCED_BREP_SHAPE_REPRESENTATION ( 'Gear A', ( #3425, #1917, #1815, #794 ), #3294 ) ;
#365 = VECTOR ( 'NONE', #112, 999.9999999999998863 ) ;
#366 = EDGE_CURVE ( 'NONE', #1704, #2523, #1197, .T. ) ;
#367 = ORIENTED_EDGE ( 'NONE', *, *, #534, .T. ) ;
#368 = VECTOR ( 'NONE', #2393, 1000.000000000000000 ) ;
#369 = ORIENTED_EDGE ( 'NONE', *, *, #2117, .F. ) ;
#370 = PLANE ( 'NONE',  #1634 ) ;
#371 = FACE_OUTER_BOUND ( 'NONE', #3834, .T. ) ;
#372 = CIRCLE ( 'NONE', #2137, 10.50000000000000000 ) ;
#373 = VECTOR ( 'NONE', #4051, 1000.000000000000000 ) ;
#374 = LINE ( 'NONE', #2749, #368 ) ;
#375 = AXIS2_PLACEMENT_3D ( 'NONE', #916, #980, #2768 ) ;
#376 = VECTOR ( 'NONE', #4067, 1000.000000000000000 ) ;
#377 = ORIENTED_EDGE ( 'NONE', *, *, #2754, .T. ) ;
#378 = CARTESIAN_POINT ( 'NONE',  ( 3.904381720551783452, 10.60819251066830660, 11.00000000000000000 ) ) ;
#379 = DIRECTION ( 'NONE',  ( 0.9758311669186481296, -0.2185258192301071933, 0.000000000000000000 ) ) ;
#380 = CARTESIAN_POINT ( 'NONE',  ( 10.87763592925548117, -3.062873980476187530, 11.00000000000000000 ) ) ;
#381 = AXIS2_PLACEMENT_3D ( 'NONE', #254, #1373, #3473 ) ;
#382 = EDGE_CURVE ( 'NONE', #1956, #2928, #3689, .T. ) ;
#383 = EDGE_LOOP ( 'NONE', ( #1697, #785 ) ) ;
#384 = DIRECTION ( 'NONE',  ( -0.000000000000000000, -0.000000000000000000, -1.000000000000000000 ) ) ;
#385 = LINE ( 'NONE', #1791, #2074 ) ;
#386 = DIRECTION ( 'NONE',  ( 0.000000000000000000, 0.000000000000000000, -1.000000000000000000 ) ) ;
#387 = DIRECTION ( 'NONE',  ( -0.9999115257677118063, 0.01330190350612960211, 0.000000000000000000 ) ) ;
#388 = EDGE_CURVE ( 'NONE', #2403, #2907, #2284, .T. ) ;
#389 = ORIENTED_EDGE ( 'NONE', *, *, #3091, .F. ) ;
#390 = ORIENTED_EDGE ( 'NONE', *, *, #72, .T. ) ;
#391 = DIRECTION ( 'NONE',  ( 0.5186710703302295222, 0.8549738714150826313, -0.000000000000000000 ) ) ;
#392 = DIRECTION ( 'NONE',  ( 0.2640173619703847785, -0.9645179275566622135, 0.000000000000000000 ) ) ;
#393 = CARTESIAN_POINT ( 'NONE',  ( 0.6146118549011230225, -6.448178897282227595, 11.00000000000000000 ) ) ;
#394 = VERTEX_POINT ( 'NONE', #122 ) ;
#395 = EDGE_CURVE ( 'NONE', #4523, #279, #2717, .T. ) ;
#396 = ORIENTED_EDGE ( 'NONE', *, *, #1805, .T. ) ;
#397 = DIRECTION ( 'NONE',  ( -0.9130804469446885951, -0.4077794715373589951, 0.000000000000000000 ) ) ;
#398 = DIRECTION ( 'NONE',  ( 0.2710357666310572733, 0.9625692770947528176, 0.000000000000000000 ) ) ;
#399 = ORIENTED_EDGE ( 'NONE', *, *, #3778, .F. ) ;
#400 = DIRECTION ( 'NONE',  ( -0.9987239629288556797, -0.05050193928634644919, 0.000000000000000000 ) ) ;
#401 = ORIENTED_EDGE ( 'NONE', *, *, #1377, .T. ) ;
#402 = EDGE_CURVE ( 'NONE', #2947, #530, #484, .T. ) ;
#403 = CARTESIAN_POINT ( 'NONE',  ( -0.8629151939367369906, -10.46448170565906111, 5.000000000000000000 ) ) ;
#404 = EDGE_LOOP ( 'NONE', ( #1162, #1414, #3068, #3840 ) ) ;
#405 = CARTESIAN_POINT ( 'NONE',  ( -7.470930045010132581, -7.378021703855643487, 11.00000000000000000 ) ) ;
#406 = DIRECTION ( 'NONE',  ( -0.6501577485948529800, -0.7597992510802257238, 0.000000000000000000 ) ) ;
#407 = EDGE_CURVE ( 'NONE', #3684, #3552, #3793, .T. ) ;
#408 = DIRECTION ( 'NONE',  ( 0.000000000000000000, 0.000000000000000000, 1.000000000000000000 ) ) ;
#409 = LINE ( 'NONE', #1993, #1472 ) ;
#410 = VERTEX_POINT ( 'NONE', #660 ) ;
#411 = ORIENTED_EDGE ( 'NONE', *, *, #2595, .T. ) ;
#412 = LINE ( 'NONE', #2786, #3523 ) ;
#413 = CARTESIAN_POINT ( 'NONE',  ( 4.911504713468676009, 4.223017910584396795, 5.000000000000000000 ) ) ;
#414 = LINE ( 'NONE', #393, #743 ) ;
#415 = ORIENTED_EDGE ( 'NONE', *, *, #3517, .F. ) ;
#416 = ORIENTED_EDGE ( 'NONE', *, *, #898, .F. ) ;
#417 = DIRECTION ( 'NONE',  ( -0.000000000000000000, -0.000000000000000000, -1.000000000000000000 ) ) ;
#418 = CARTESIAN_POINT ( 'NONE',  ( 6.031677452238120019, -2.361276336158873779, 5.000000000000000000 ) ) ;
#419 = EDGE_CURVE ( 'NONE', #2071, #3138, #4069, .T. ) ;
#420 = DIRECTION ( 'NONE',  ( -0.000000000000000000, -0.000000000000000000, -1.000000000000000000 ) ) ;
#421 = ORIENTED_EDGE ( 'NONE', *, *, #4483, .F. ) ;
#422 = DIRECTION ( 'NONE',  ( 0.1486410118346872533, -0.9888912223297162685, 0.000000000000000000 ) ) ;
#423 = EDGE_LOOP ( 'NONE', ( #2784, #2385, #3245, #3203 ) ) ;
#424 = DIRECTION ( 'NONE',  ( 0.000000000000000000, 0.000000000000000000, 1.000000000000000000 ) ) ;
#425 = VECTOR ( 'NONE', #3372, 1000.000000000000000 ) ;
#426 = ORIENTED_EDGE ( 'NONE', *, *, #2237, .T. ) ;
#427 = DIRECTION ( 'NONE',  ( 0.5041104124693942534, -0.8636392140471258472, 0.000000000000000000 ) ) ;
#428 = CARTESIAN_POINT ( 'NONE',  ( -9.649692386282916701, -4.139255591300632808, 11.00000000000000000 ) ) ;
#429 = VECTOR ( 'NONE', #1041, 1000.000000000000000 ) ;
#430 = LINE ( 'NONE', #3332, #4407 ) ;
#431 = ORIENTED_EDGE ( 'NONE', *, *, #3465, .T. ) ;
#432 = ORIENTED_EDGE ( 'NONE', *, *, #2707, .F. ) ;
#433 = PLANE ( 'NONE',  #942 ) ;
#434 = DIRECTION ( 'NONE',  ( -0.4651876262429072151, 0.8852121058766024841, 0.000000000000000000 ) ) ;
#435 = VECTOR ( 'NONE', #501, 1000.000000000000000 ) ;
#436 = DIRECTION ( 'NONE',  ( -1.000000000000000000, 0.000000000000000000, 0.000000000000000000 ) ) ;
#437 = EDGE_LOOP ( 'NONE', ( #2817, #604, #97, #396 ) ) ;
#438 = EDGE_LOOP ( 'NONE', ( #920, #3756, #3375, #1715 ) ) ;
#439 = VECTOR ( 'NONE', #873, 1000.000000000000114 ) ;
#440 = CARTESIAN_POINT ( 'NONE',  ( 0.000000000000000000, 0.000000000000000000, 5.000000000000000000 ) ) ;
#441 = VECTOR ( 'NONE', #3629, 1000.000000000000000 ) ;
#442 = CIRCLE ( 'NONE', #2649, 10.50000000000000000 ) ;
#443 = LINE ( 'NONE', #3255, #4337 ) ;
#444 = EDGE_LOOP ( 'NONE', ( #2615, #4028 ) ) ;
#445 = DIRECTION ( 'NONE',  ( 0.7350789718722195998, 0.6779814931923145993, 0.000000000000000000 ) ) ;
#446 = ORIENTED_EDGE ( 'NONE', *, *, #43, .T. ) ;
#447 = VECTOR ( 'NONE', #2848, 1000.000000000000000 ) ;
#448 = CARTESIAN_POINT ( 'NONE',  ( 0.000000000000000000, 0.000000000000000000, 0.000000000000000000 ) ) ;
#449 = CIRCLE ( 'NONE', #815, 10.50000000000000000 ) ;
#450 = CIRCLE ( 'NONE', #239, 2.500000000000000000 ) ;
#451 = VERTEX_POINT ( 'NONE', #319 ) ;
#452 = ADVANCED_FACE ( 'NONE', ( #3105 ), #1642, .T. ) ;
#453 = LINE ( 'NONE', #1421, #365 ) ;
#454 = CARTESIAN_POINT ( 'NONE',  ( -10.82794104958379222, -3.245556591698276261, 5.000000000000000000 ) ) ;
#455 = COLOUR_RGB ( '',0.7921568627450980005, 0.8196078431372548767, 0.9333333333333333481 ) ;
#456 = AXIS2_PLACEMENT_3D ( 'NONE', #1190, #545, #1955 ) ;
#457 = AXIS2_PLACEMENT_3D ( 'NONE', #3168, #3838, #4123 ) ;
#458 = EDGE_CURVE ( 'NONE', #3967, #306, #1467, .T. ) ;
#459 = ORIENTED_EDGE ( 'NONE', *, *, #4533, .F. ) ;
#460 = EDGE_LOOP ( 'NONE', ( #1878, #774, #2156, #2279 ) ) ;
#461 = ADVANCED_FACE ( 'NONE', ( #2072 ), #270, .T. ) ;
#462 = PLANE ( 'NONE',  #1603 ) ;
#463 = CARTESIAN_POINT ( 'NONE',  ( 0.000000000000000000, 0.000000000000000000, 1.000000000000000000 ) ) ;
#464 = ORIENTED_EDGE ( 'NONE', *, *, #1417, .F. ) ;
#465 = ORIENTED_EDGE ( 'NONE', *, *, #141, .T. ) ;
#466 = DIRECTION ( 'NONE',  ( -0.000000000000000000, -0.000000000000000000, -1.000000000000000000 ) ) ;
#467 = CARTESIAN_POINT ( 'NONE',  ( 4.000000000000000000, 4.898587196589412829E-16, 12.00000000000000000 ) ) ;
#468 = ORIENTED_EDGE ( 'NONE', *, *, #4079, .F. ) ;
#469 = CARTESIAN_POINT ( 'NONE',  ( -10.38125571741597142, 4.472971572992187284, 11.00000000000000000 ) ) ;
#470 = ORIENTED_EDGE ( 'NONE', *, *, #52, .F. ) ;
#471 = FACE_OUTER_BOUND ( 'NONE', #4492, .T. ) ;
#472 = PLANE ( 'NONE',  #3236 ) ;
#473 = EDGE_LOOP ( 'NONE', ( #4318, #267, #2467, #1721 ) ) ;
#474 = VERTEX_POINT ( 'NONE', #4430 ) ;
#475 = CARTESIAN_POINT ( 'NONE',  ( 1.354353294785856532, 6.334231285360856667, 11.00000000000000000 ) ) ;
#476 = LINE ( 'NONE', #3536, #1640 ) ;
#477 = EDGE_CURVE ( 'NONE', #4330, #1875, #1167, .T. ) ;
#478 = ORIENTED_EDGE ( 'NONE', *, *, #4282, .F. ) ;
#479 = DIRECTION ( 'NONE',  ( -0.000000000000000000, 0.000000000000000000, 1.000000000000000000 ) ) ;
#480 = LINE ( 'NONE', #3545, #9 ) ;
#481 = ORIENTED_EDGE ( 'NONE', *, *, #2106, .T. ) ;
#482 = ADVANCED_FACE ( 'NONE', ( #2326 ), #3727, .F. ) ;
#483 = ORIENTED_EDGE ( 'NONE', *, *, #3050, .F. ) ;
#484 = LINE ( 'NONE', #1893, #1840 ) ;
#485 = CARTESIAN_POINT ( 'NONE',  ( -10.00345142633030804, -5.256911639999092500, 5.000000000000000000 ) ) ;
#486 = DIRECTION ( 'NONE',  ( 0.9433220101527807211, -0.3318788712185775647, 0.000000000000000000 ) ) ;
#487 = ORIENTED_EDGE ( 'NONE', *, *, #713, .T. ) ;
#488 = DIRECTION ( 'NONE',  ( -0.000000000000000000, -0.000000000000000000, -1.000000000000000000 ) ) ;
#489 = DIRECTION ( 'NONE',  ( -0.9999818896254263345, -0.006018340399281654242, 0.000000000000000000 ) ) ;
#490 = DIRECTION ( 'NONE',  ( -0.000000000000000000, -0.000000000000000000, -1.000000000000000000 ) ) ;
#491 = DIRECTION ( 'NONE',  ( 0.9983296203713448724, -0.05777515979386498718, 0.000000000000000000 ) ) ;
#492 = PLANE ( 'NONE',  #733 ) ;
#493 = CARTESIAN_POINT ( 'NONE',  ( -6.217699379012231908, 1.815756937415276662, 11.00000000000000000 ) ) ;
#494 = CARTESIAN_POINT ( 'NONE',  ( -10.82794104958379222, -3.245556591698276261, 11.00000000000000000 ) ) ;
#495 = AXIS2_PLACEMENT_3D ( 'NONE', #271, #1679, #392 ) ;
#496 = EDGE_CURVE ( 'NONE', #2409, #531, #1286, .T. ) ;
#497 = ORIENTED_EDGE ( 'NONE', *, *, #1085, .F. ) ;
#498 = CARTESIAN_POINT ( 'NONE',  ( 0.000000000000000000, 0.000000000000000000, 1.000000000000000000 ) ) ;
#499 = EDGE_CURVE ( 'NONE', #3850, #10, #3445, .T. ) ;
#500 = ORIENTED_EDGE ( 'NONE', *, *, #315, .F. ) ;
#501 = DIRECTION ( 'NONE',  ( -0.000000000000000000, -0.000000000000000000, -1.000000000000000000 ) ) ;
#502 = CARTESIAN_POINT ( 'NONE',  ( 6.471996502454001821, 0.2646131058054299601, 5.000000000000000000 ) ) ;
#503 = EDGE_CURVE ( 'NONE', #838, #3121, #253, .T. ) ;
#504 = EDGE_CURVE ( 'NONE', #3936, #2902, #3304, .T. ) ;
#505 = CARTESIAN_POINT ( 'NONE',  ( 0.000000000000000000, 0.000000000000000000, 11.00000000000000000 ) ) ;
#506 = VECTOR ( 'NONE', #2434, 1000.000000000000000 ) ;
#507 = ORIENTED_EDGE ( 'NONE', *, *, #1348, .T. ) ;
#508 = DIRECTION ( 'NONE',  ( 0.9934692558870669155, 0.1141001209780145298, 0.000000000000000000 ) ) ;
#509 = LINE ( 'NONE', #2748, #144 ) ;
#510 = AXIS2_PLACEMENT_3D ( 'NONE', #2940, #4216, #3216 ) ;
#511 = EDGE_CURVE ( 'NONE', #2213, #2043, #2743, .T. ) ;
#512 = FACE_OUTER_BOUND ( 'NONE', #891, .T. ) ;
#513 = VECTOR ( 'NONE', #516, 1000.000000000000000 ) ;
#514 = AXIS2_PLACEMENT_3D ( 'NONE', #3045, #1221, #3755 ) ;
#515 = ORIENTED_EDGE ( 'NONE', *, *, #2550, .T. ) ;
#516 = DIRECTION ( 'NONE',  ( -0.000000000000000000, -0.000000000000000000, -1.000000000000000000 ) ) ;
#517 = CARTESIAN_POINT ( 'NONE',  ( 5.704500481897842867, 3.068457768255702156, 11.00000000000000000 ) ) ;
#518 = EDGE_CURVE ( 'NONE', #2369, #1575, #3813, .T. ) ;
#519 = DIRECTION ( 'NONE',  ( -0.000000000000000000, 0.000000000000000000, 1.000000000000000000 ) ) ;
#520 = VECTOR ( 'NONE', #1152, 1000.000000000000000 ) ;
#521 = VECTOR ( 'NONE', #1139, 1000.000000000000000 ) ;
#522 = AXIS2_PLACEMENT_3D ( 'NONE', #3451, #4477, #575 ) ;
#523 = ORIENTED_EDGE ( 'NONE', *, *, #3001, .T. ) ;
#524 = VECTOR ( 'NONE', #3531, 1000.000000000000227 ) ;
#525 = DIRECTION ( 'NONE',  ( -0.000000000000000000, -0.000000000000000000, -1.000000000000000000 ) ) ;
#526 = CARTESIAN_POINT ( 'NONE',  ( 0.000000000000000000, 0.000000000000000000, 11.00000000000000000 ) ) ;
#527 = EDGE_CURVE ( 'NONE', #1236, #3334, #1350, .T. ) ;
#528 = VECTOR ( 'NONE', #2327, 1000.000000000000114 ) ;
#529 = DIRECTION ( 'NONE',  ( -0.000000000000000000, 0.000000000000000000, 1.000000000000000000 ) ) ;
#530 = VERTEX_POINT ( 'NONE', #1706 ) ;
#531 = VERTEX_POINT ( 'NONE', #612 ) ;
#532 = DIRECTION ( 'NONE',  ( 0.1558400086925160744, 0.9877823098692932735, 0.000000000000000000 ) ) ;
#533 = LINE ( 'NONE', #3643, #4193 ) ;
#534 = EDGE_CURVE ( 'NONE', #2461, #1023, #3472, .T. ) ;
#535 = DIRECTION ( 'NONE',  ( -0.000000000000000000, 0.000000000000000000, 1.000000000000000000 ) ) ;
#536 = ORIENTED_EDGE ( 'NONE', *, *, #518, .F. ) ;
#537 = DIRECTION ( 'NONE',  ( -1.000000000000000000, 0.000000000000000000, 0.000000000000000000 ) ) ;
#538 = ORIENTED_EDGE ( 'NONE', *, *, #645, .T. ) ;
#539 = FACE_OUTER_BOUND ( 'NONE', #342, .T. ) ;
#540 = ORIENTED_EDGE ( 'NONE', *, *, #3926, .F. ) ;
#541 = ADVANCED_FACE ( 'NONE', ( #3043 ), #2762, .T. ) ;
#542 = PLANE ( 'NONE',  #2061 ) ;
#543 = CARTESIAN_POINT ( 'NONE',  ( -8.464399300897200717, -7.492121824833659183, 5.000000000000000000 ) ) ;
#544 = EDGE_CURVE ( 'NONE', #1397, #1053, #4146, .T. ) ;
#545 = DIRECTION ( 'NONE',  ( 0.9239709872884266373, -0.3824625663372169804, 0.000000000000000000 ) ) ;
#546 = ORIENTED_EDGE ( 'NONE', *, *, #1550, .T. ) ;
#547 = DIRECTION ( 'NONE',  ( 0.4630826814171442596, 0.8863150851539804975, 0.000000000000000000 ) ) ;
#548 = VERTEX_POINT ( 'NONE', #1071 ) ;
#549 = ORIENTED_EDGE ( 'NONE', *, *, #1368, .F. ) ;
#550 = ORIENTED_EDGE ( 'NONE', *, *, #3714, .T. ) ;
#551 = DIRECTION ( 'NONE',  ( -0.000000000000000000, -0.000000000000000000, -1.000000000000000000 ) ) ;
#552 = CARTESIAN_POINT ( 'NONE',  ( -6.655921622195174692, -9.136555823852473779, 11.00000000000000000 ) ) ;
#553 = DIRECTION ( 'NONE',  ( -0.000000000000000000, -0.000000000000000000, -1.000000000000000000 ) ) ;
#554 = ORIENTED_EDGE ( 'NONE', *, *, #2497, .T. ) ;
#555 = LINE ( 'NONE', #3005, #296 ) ;
#556 = ORIENTED_EDGE ( 'NONE', *, *, #2115, .F. ) ;
#557 = ADVANCED_FACE ( 'NONE', ( #3562 ), #433, .T. ) ;
#558 = DIRECTION ( 'NONE',  ( 0.8499235187263688429, -0.5269060754212157027, 0.000000000000000000 ) ) ;
#559 = ORIENTED_EDGE ( 'NONE', *, *, #2420, .F. ) ;
#560 = DIRECTION ( 'NONE',  ( -1.000000000000000000, 0.000000000000000000, 0.000000000000000000 ) ) ;
#561 = LINE ( 'NONE', #3394, #94 ) ;
#562 = SURFACE_STYLE_USAGE ( .BOTH. , #2732 ) ;
#563 = ADVANCED_FACE ( 'NONE', ( #1748 ), #4198, .T. ) ;
#564 = DIRECTION ( 'NONE',  ( -0.000000000000000000, -0.000000000000000000, -1.000000000000000000 ) ) ;
#565 = ORIENTED_EDGE ( 'NONE', *, *, #2984, .F. ) ;
#566 = DIRECTION ( 'NONE',  ( -0.000000000000000000, -0.000000000000000000, -1.000000000000000000 ) ) ;
#567 = DIRECTION ( 'NONE',  ( -0.000000000000000000, 0.000000000000000000, 1.000000000000000000 ) ) ;
#568 = FACE_OUTER_BOUND ( 'NONE', #4149, .T. ) ;
#569 = AXIS2_PLACEMENT_3D ( 'NONE', #498, #479, #2238 ) ;
#570 = ORIENTED_EDGE ( 'NONE', *, *, #1155, .F. ) ;
#571 = CARTESIAN_POINT ( 'NONE',  ( 0.000000000000000000, 0.000000000000000000, -22.00000000000000000 ) ) ;
#572 = FACE_OUTER_BOUND ( 'NONE', #1940, .T. ) ;
#573 = FACE_OUTER_BOUND ( 'NONE', #437, .T. ) ;
#574 = ORIENTED_EDGE ( 'NONE', *, *, #2624, .T. ) ;
#575 = DIRECTION ( 'NONE',  ( -1.000000000000000000, 0.000000000000000000, 0.000000000000000000 ) ) ;
#576 = DIRECTION ( 'NONE',  ( -0.6427876096865408062, -0.7660444431189767922, 0.000000000000000000 ) ) ;
#577 = DIRECTION ( 'NONE',  ( -1.000000000000000000, 0.000000000000000000, 0.000000000000000000 ) ) ;
#578 = VERTEX_POINT ( 'NONE', #2535 ) ;
#579 = CARTESIAN_POINT ( 'NONE',  ( -10.49585192853588111, 0.2951140360092389670, 11.00000000000000000 ) ) ;
#580 = VECTOR ( 'NONE', #706, 1000.000000000000000 ) ;
#581 = CARTESIAN_POINT ( 'NONE',  ( 1.354353294785856532, 6.334231285360856667, 11.00000000000000000 ) ) ;
#582 = CARTESIAN_POINT ( 'NONE',  ( 5.383055571824837848, -3.602703364723089052, 5.000000000000000000 ) ) ;
#583 = VECTOR ( 'NONE', #3903, 1000.000000000000000 ) ;
#584 = EDGE_CURVE ( 'NONE', #2369, #2383, #732, .T. ) ;
#585 = VECTOR ( 'NONE', #2636, 1000.000000000000000 ) ;
#586 = VERTEX_POINT ( 'NONE', #2116 ) ;
#587 = CARTESIAN_POINT ( 'NONE',  ( -0.2735527422333570713, 10.49643600929461584, 5.000000000000000000 ) ) ;
#588 = AXIS2_PLACEMENT_3D ( 'NONE', #2017, #2416, #2359 ) ;
#589 = AXIS2_PLACEMENT_3D ( 'NONE', #505, #1453, #2864 ) ;
#590 = VECTOR ( 'NONE', #445, 1000.000000000000000 ) ;
#591 = VECTOR ( 'NONE', #1448, 1000.000000000000114 ) ;
#592 = ORIENTED_EDGE ( 'NONE', *, *, #4381, .T. ) ;
#593 = EDGE_CURVE ( 'NONE', #1081, #2622, #1446, .T. ) ;
#594 = DIRECTION ( 'NONE',  ( 0.5501275755810399737, -0.8350806252005414931, 0.000000000000000000 ) ) ;
#595 = EDGE_CURVE ( 'NONE', #2201, #2231, #3146, .T. ) ;
#596 = CARTESIAN_POINT ( 'NONE',  ( 4.460684721131805475, -10.38654113657858247, 11.00000000000000000 ) ) ;
#597 = STYLED_ITEM ( 'NONE', ( #4224 ), #3425 ) ;
#598 = CARTESIAN_POINT ( 'NONE',  ( 0.000000000000000000, 0.000000000000000000, 12.00000000000000000 ) ) ;
#599 = EDGE_LOOP ( 'NONE', ( #854, #2703, #3846, #1420 ) ) ;
#600 = EDGE_CURVE ( 'NONE', #2934, #2439, #3585, .T. ) ;
#601 = LINE ( 'NONE', #300, #238 ) ;
#602 = CARTESIAN_POINT ( 'NONE',  ( 0.000000000000000000, 0.000000000000000000, 11.00000000000000000 ) ) ;
#603 = DIRECTION ( 'NONE',  ( -1.000000000000000000, 0.000000000000000000, 0.000000000000000000 ) ) ;
#604 = ORIENTED_EDGE ( 'NONE', *, *, #251, .F. ) ;
#605 = LINE ( 'NONE', #1716, #3611 ) ;
#606 = CARTESIAN_POINT ( 'NONE',  ( 5.984933101081354678, -2.477364446164797229, 5.000000000000000000 ) ) ;
#607 = CARTESIAN_POINT ( 'NONE',  ( -8.177079533846059789, 6.586757191301037651, 11.00000000000000000 ) ) ;
#608 = EDGE_LOOP ( 'NONE', ( #4218, #796 ) ) ;
#609 = EDGE_CURVE ( 'NONE', #3883, #1236, #412, .T. ) ;
#610 = ORIENTED_EDGE ( 'NONE', *, *, #3092, .T. ) ;
#611 = ORIENTED_EDGE ( 'NONE', *, *, #3509, .F. ) ;
#612 = CARTESIAN_POINT ( 'NONE',  ( 10.41356080228726100, 4.397237357733169816, 5.000000000000000000 ) ) ;
#613 = CARTESIAN_POINT ( 'NONE',  ( 11.11537358815481724, 2.055824642066559793, 11.00000000000000000 ) ) ;
#614 = CARTESIAN_POINT ( 'NONE',  ( 2.797748923831675949, 5.842033873809643119, 5.000000000000000000 ) ) ;
#615 = EDGE_CURVE ( 'NONE', #4433, #1429, #358, .T. ) ;
#616 = EDGE_CURVE ( 'NONE', #2112, #2166, #1911, .T. ) ;
#617 = VERTEX_POINT ( 'NONE', #775 ) ;
#618 = FACE_OUTER_BOUND ( 'NONE', #3270, .T. ) ;
#619 = CARTESIAN_POINT ( 'NONE',  ( 4.724036929421081332, 9.377285059624981045, 11.00000000000000000 ) ) ;
#620 = DIRECTION ( 'NONE',  ( -0.000000000000000000, 0.000000000000000000, 1.000000000000000000 ) ) ;
#621 = ORIENTED_EDGE ( 'NONE', *, *, #4460, .F. ) ;
#622 = DIRECTION ( 'NONE',  ( -0.000000000000000000, -0.000000000000000000, -1.000000000000000000 ) ) ;
#623 = DIRECTION ( 'NONE',  ( -0.000000000000000000, 0.000000000000000000, 1.000000000000000000 ) ) ;
#624 = ORIENTED_EDGE ( 'NONE', *, *, #125, .F. ) ;
#625 = CYLINDRICAL_SURFACE ( 'NONE', #1396, 10.50000000000000000 ) ;
#626 = ORIENTED_EDGE ( 'NONE', *, *, #3206, .F. ) ;
#627 = ADVANCED_FACE ( 'NONE', ( #2141, #4167 ), #3862, .T. ) ;
#628 = EDGE_LOOP ( 'NONE', ( #3866, #2746, #3267, #235 ) ) ;
#629 = EDGE_LOOP ( 'NONE', ( #1111, #1619, #2954, #857 ) ) ;
#630 = DIRECTION ( 'NONE',  ( 0.000000000000000000, 0.000000000000000000, -1.000000000000000000 ) ) ;
#631 = LINE ( 'NONE', #3752, #1746 ) ;
#632 = DIRECTION ( 'NONE',  ( -0.000000000000000000, -0.000000000000000000, -1.000000000000000000 ) ) ;
#633 = VECTOR ( 'NONE', #4315, 1000.000000000000000 ) ;
#634 = EDGE_CURVE ( 'NONE', #1516, #314, #1426, .T. ) ;
#635 = ADVANCED_FACE ( 'NONE', ( #2187 ), #3912, .T. ) ;
#636 = ORIENTED_EDGE ( 'NONE', *, *, #1611, .F. ) ;
#637 = LINE ( 'NONE', #3225, #3905 ) ;
#638 = DIRECTION ( 'NONE',  ( -0.000000000000000000, -0.000000000000000000, -1.000000000000000000 ) ) ;
#639 = VECTOR ( 'NONE', #1340, 999.9999999999998863 ) ;
#640 = EDGE_CURVE ( 'NONE', #2334, #1875, #4219, .T. ) ;
#641 = DIRECTION ( 'NONE',  ( 0.000000000000000000, 0.000000000000000000, -1.000000000000000000 ) ) ;
#642 = EDGE_CURVE ( 'NONE', #704, #1294, #3543, .T. ) ;
#643 = ORIENTED_EDGE ( 'NONE', *, *, #2738, .T. ) ;
#644 = CARTESIAN_POINT ( 'NONE',  ( -6.385651232246003950, -1.086378002196557224, 11.00000000000000000 ) ) ;
#645 = EDGE_CURVE ( 'NONE', #2678, #4077, #2053, .T. ) ;
#646 = CIRCLE ( 'NONE', #2939, 10.50000000000000000 ) ;
#647 = LINE ( 'NONE', #4230, #714 ) ;
#648 = CARTESIAN_POINT ( 'NONE',  ( 4.707625983893290567, -10.27338396174700108, 11.00000000000000000 ) ) ;
#649 = VERTEX_POINT ( 'NONE', #1819 ) ;
#650 = VECTOR ( 'NONE', #2650, 1000.000000000000000 ) ;
#651 = DIRECTION ( 'NONE',  ( -0.8587291156910730194, -0.5124298057923911687, 0.000000000000000000 ) ) ;
#652 = ORIENTED_EDGE ( 'NONE', *, *, #843, .T. ) ;
#653 = PLANE ( 'NONE',  #457 ) ;
#654 = CARTESIAN_POINT ( 'NONE',  ( -0.3127876183556987932, -11.29956233085959738, 11.00000000000000000 ) ) ;
#655 = CIRCLE ( 'NONE', #3160, 10.50000000000000000 ) ;
#656 = CIRCLE ( 'NONE', #3241, 10.50000000000000000 ) ;
#657 = ORIENTED_EDGE ( 'NONE', *, *, #3091, .T. ) ;
#658 = VECTOR ( 'NONE', #193, 1000.000000000000000 ) ;
#659 = VERTEX_POINT ( 'NONE', #69 ) ;
#660 = CARTESIAN_POINT ( 'NONE',  ( 8.841298865386789885, -5.664047525657804449, 11.00000000000000000 ) ) ;
#661 = EDGE_CURVE ( 'NONE', #704, #1487, #3238, .T. ) ;
#662 = DIRECTION ( 'NONE',  ( 1.000000000000000000, 0.000000000000000000, 0.000000000000000000 ) ) ;
#663 = AXIS2_PLACEMENT_3D ( 'NONE', #2555, #1499, #2514 ) ;
#664 = PLANE ( 'NONE',  #2504 ) ;
#665 = ORIENTED_EDGE ( 'NONE', *, *, #3771, .T. ) ;
#666 = PLANE ( 'NONE',  #3759 ) ;
#667 = LINE ( 'NONE', #4452, #1537 ) ;
#668 = VECTOR ( 'NONE', #2712, 999.9999999999998863 ) ;
#669 = AXIS2_PLACEMENT_3D ( 'NONE', #3996, #2320, #865 ) ;
#670 = ADVANCED_FACE ( 'NONE', ( #3166 ), #2131, .T. ) ;
#671 = DIRECTION ( 'NONE',  ( 0.7234861091053902404, -0.6903389384436773302, 0.000000000000000000 ) ) ;
#672 = AXIS2_PLACEMENT_3D ( 'NONE', #1964, #1894, #3358 ) ;
#673 = ORIENTED_EDGE ( 'NONE', *, *, #3667, .T. ) ;
#674 = CARTESIAN_POINT ( 'NONE',  ( 0.000000000000000000, 0.000000000000000000, 5.000000000000000000 ) ) ;
#675 = DIRECTION ( 'NONE',  ( 0.9793936660085408308, 0.2019605084722033428, 0.000000000000000000 ) ) ;
#676 = CARTESIAN_POINT ( 'NONE',  ( 4.000000000000000000, 4.898587196589412829E-16, 1.000000000000000000 ) ) ;
#677 = ORIENTED_EDGE ( 'NONE', *, *, #2969, .F. ) ;
#678 = EDGE_CURVE ( 'NONE', #4140, #1246, #722, .T. ) ;
#679 = DIRECTION ( 'NONE',  ( 1.000000000000000000, 0.000000000000000000, 0.000000000000000000 ) ) ;
#680 = DIRECTION ( 'NONE',  ( -0.000000000000000000, 0.000000000000000000, 1.000000000000000000 ) ) ;
#681 = DIRECTION ( 'NONE',  ( -0.000000000000000000, 0.000000000000000000, 1.000000000000000000 ) ) ;
#682 = ORIENTED_EDGE ( 'NONE', *, *, #3766, .T. ) ;
#683 = VERTEX_POINT ( 'NONE', #1541 ) ;
#684 = DIRECTION ( 'NONE',  ( 0.4566146066608867682, -0.8896646002758138438, 0.000000000000000000 ) ) ;
#685 = DIRECTION ( 'NONE',  ( -0.9934692558870669155, -0.1141001209780145298, 0.000000000000000000 ) ) ;
#686 = DIRECTION ( 'NONE',  ( -0.9019097983202266633, 0.4319244328513589526, 0.000000000000000000 ) ) ;
#687 = ORIENTED_EDGE ( 'NONE', *, *, #141, .F. ) ;
#688 = ORIENTED_EDGE ( 'NONE', *, *, #3714, .F. ) ;
#689 = CARTESIAN_POINT ( 'NONE',  ( 0.000000000000000000, 0.000000000000000000, 11.00000000000000000 ) ) ;
#690 = FACE_OUTER_BOUND ( 'NONE', #2634, .T. ) ;
#691 = DIRECTION ( 'NONE',  ( -0.000000000000000000, -0.000000000000000000, -1.000000000000000000 ) ) ;
#692 = ADVANCED_FACE ( 'NONE', ( #3355 ), #165, .T. ) ;
#693 = ORIENTED_EDGE ( 'NONE', *, *, #1928, .T. ) ;
#694 = DIRECTION ( 'NONE',  ( -0.4630826814171441486, -0.8863150851539804975, 0.000000000000000000 ) ) ;
#695 = LINE ( 'NONE', #1060, #1157 ) ;
#696 = CYLINDRICAL_SURFACE ( 'NONE', #3604, 10.50000000000000000 ) ;
#697 = ORIENTED_EDGE ( 'NONE', *, *, #1943, .T. ) ;
#698 = CARTESIAN_POINT ( 'NONE',  ( 7.801262536493612565, 8.175846333341221239, 5.000000000000000000 ) ) ;
#699 = LINE ( 'NONE', #1321, #2893 ) ;
#700 = DIRECTION ( 'NONE',  ( -0.000000000000000000, -0.000000000000000000, -1.000000000000000000 ) ) ;
#701 = ADVANCED_FACE ( 'NONE', ( #209 ), #2675, .T. ) ;
#702 = EDGE_CURVE ( 'NONE', #3591, #1751, #1981, .T. ) ;
#703 = CARTESIAN_POINT ( 'NONE',  ( 1.476474515149202693, 6.306883686073168072, 5.000000000000000000 ) ) ;
#704 = VERTEX_POINT ( 'NONE', #3401 ) ;
#705 = VERTEX_POINT ( 'NONE', #969 ) ;
#706 = DIRECTION ( 'NONE',  ( -0.000000000000000000, -0.000000000000000000, -1.000000000000000000 ) ) ;
#707 = PLANE ( 'NONE',  #4524 ) ;
#708 = DIRECTION ( 'NONE',  ( 0.6446062341312276400, -0.7645147499683422332, 0.000000000000000000 ) ) ;
#709 = ORIENTED_EDGE ( 'NONE', *, *, #2620, .F. ) ;
#710 = ORIENTED_EDGE ( 'NONE', *, *, #2283, .T. ) ;
#711 = FACE_OUTER_BOUND ( 'NONE', #438, .T. ) ;
#712 = DIRECTION ( 'NONE',  ( 0.5661582161900647892, -0.8242965936120831838, 0.000000000000000000 ) ) ;
#713 = EDGE_CURVE ( 'NONE', #2112, #2934, #3057, .T. ) ;
#714 = VECTOR ( 'NONE', #2800, 1000.000000000000000 ) ;
#715 = DIRECTION ( 'NONE',  ( 0.9019097983202266633, -0.4319244328513589526, 0.000000000000000000 ) ) ;
#716 = ORIENTED_EDGE ( 'NONE', *, *, #4277, .F. ) ;
#717 = CARTESIAN_POINT ( 'NONE',  ( -1.430496923587078584, 6.317470805247103804, 11.00000000000000000 ) ) ;
#718 = DIRECTION ( 'NONE',  ( -0.000000000000000000, -0.000000000000000000, -1.000000000000000000 ) ) ;
#719 = DIRECTION ( 'NONE',  ( 0.4165809712348768623, -0.9090986164355365773, 0.000000000000000000 ) ) ;
#720 = ADVANCED_FACE ( 'NONE', ( #20 ), #492, .T. ) ;
#721 = EDGE_LOOP ( 'NONE', ( #1658, #1285, #2553, #68 ) ) ;
#722 = LINE ( 'NONE', #1264, #4105 ) ;
#723 = PLANE ( 'NONE',  #2948 ) ;
#724 = AXIS2_PLACEMENT_3D ( 'NONE', #1381, #4478, #3066 ) ;
#725 = CARTESIAN_POINT ( 'NONE',  ( 10.49772306630076635, 0.2186559472250231284, 5.000000000000000000 ) ) ;
#726 = SURFACE_STYLE_FILL_AREA ( #3215 ) ;
#727 = EDGE_CURVE ( 'NONE', #1053, #2334, #860, .T. ) ;
#728 = LINE ( 'NONE', #42, #225 ) ;
#729 = AXIS2_PLACEMENT_3D ( 'NONE', #1522, #3642, #2932 ) ;
#730 = ORIENTED_EDGE ( 'NONE', *, *, #2824, .T. ) ;
#731 = ORIENTED_EDGE ( 'NONE', *, *, #188, .T. ) ;
#732 = LINE ( 'NONE', #1094, #3155 ) ;
#733 = AXIS2_PLACEMENT_3D ( 'NONE', #154, #4329, #387 ) ;
#734 = DIRECTION ( 'NONE',  ( -0.000000000000000000, 0.000000000000000000, 1.000000000000000000 ) ) ;
#735 = DIRECTION ( 'NONE',  ( -1.000000000000000000, 0.000000000000000000, 0.000000000000000000 ) ) ;
#736 = CIRCLE ( 'NONE', #83, 10.50000000000000000 ) ;
#737 = ORIENTED_EDGE ( 'NONE', *, *, #867, .T. ) ;
#738 = EDGE_CURVE ( 'NONE', #2721, #1260, #1904, .T. ) ;
#739 = VERTEX_POINT ( 'NONE', #3510 ) ;
#740 = CARTESIAN_POINT ( 'NONE',  ( 2.500000000000000000, 0.000000000000000000, 0.000000000000000000 ) ) ;
#741 = CARTESIAN_POINT ( 'NONE',  ( 5.629068877018091221, 9.802628654649939932, 5.000000000000000000 ) ) ;
#742 = VECTOR ( 'NONE', #1989, 1000.000000000000000 ) ;
#743 = VECTOR ( 'NONE', #3954, 1000.000000000000114 ) ;
#744 = CARTESIAN_POINT ( 'NONE',  ( -1.482567108891095664, -10.39480614382174650, 5.000000000000000000 ) ) ;
#745 = AXIS2_PLACEMENT_3D ( 'NONE', #4426, #3621, #206 ) ;
#746 = ORIENTED_EDGE ( 'NONE', *, *, #363, .T. ) ;
#747 = CARTESIAN_POINT ( 'NONE',  ( -4.516665994855982191, -4.642896414357357671, 11.00000000000000000 ) ) ;
#748 = ORIENTED_EDGE ( 'NONE', *, *, #1928, .F. ) ;
#749 = CARTESIAN_POINT ( 'NONE',  ( -3.569281488838021321, 10.72214484527913925, 5.000000000000000000 ) ) ;
#750 = DIRECTION ( 'NONE',  ( -0.9100860186832909760, 0.4144193993977555168, 0.000000000000000000 ) ) ;
#751 = VECTOR ( 'NONE', #2501, 1000.000000000000000 ) ;
#752 = CARTESIAN_POINT ( 'NONE',  ( 9.852197001079828098, -3.631007332946834421, 11.00000000000000000 ) ) ;
#753 = CARTESIAN_POINT ( 'NONE',  ( 7.801262536493612565, 8.175846333341221239, 11.00000000000000000 ) ) ;
#754 = DIRECTION ( 'NONE',  ( -0.000000000000000000, -0.000000000000000000, -1.000000000000000000 ) ) ;
#755 = CARTESIAN_POINT ( 'NONE',  ( 5.383055571824837848, -3.602703364723089052, 11.00000000000000000 ) ) ;
#756 = ADVANCED_FACE ( 'NONE', ( #1531 ), #4368, .T. ) ;
#757 = ORIENTED_EDGE ( 'NONE', *, *, #4056, .T. ) ;
#758 = ORIENTED_EDGE ( 'NONE', *, *, #3787, .F. ) ;
#759 = CARTESIAN_POINT ( 'NONE',  ( 5.861308068254630577, 9.661740431139776319, 11.00000000000000000 ) ) ;
#760 = LINE ( 'NONE', #4200, #1826 ) ;
#761 = DIRECTION ( 'NONE',  ( 1.000000000000000000, 0.000000000000000000, 0.000000000000000000 ) ) ;
#762 = ORIENTED_EDGE ( 'NONE', *, *, #2684, .T. ) ;
#763 = ORIENTED_EDGE ( 'NONE', *, *, #4045, .F. ) ;
#764 = LINE ( 'NONE', #77, #282 ) ;
#765 = DIRECTION ( 'NONE',  ( -0.1748943541949495861, -0.9845872053153704728, 0.000000000000000000 ) ) ;
#766 = EDGE_LOOP ( 'NONE', ( #142, #540, #952, #4455 ) ) ;
#767 = CARTESIAN_POINT ( 'NONE',  ( -8.534270344115173046, -6.116880715982316197, 5.000000000000000000 ) ) ;
#768 = ORIENTED_EDGE ( 'NONE', *, *, #2754, .F. ) ;
#769 = PLANE ( 'NONE',  #1018 ) ;
#770 = VERTEX_POINT ( 'NONE', #1792 ) ;
#771 = DIRECTION ( 'NONE',  ( 1.000000000000000000, 0.000000000000000000, 0.000000000000000000 ) ) ;
#772 =( NAMED_UNIT ( * ) SI_UNIT ( $, .STERADIAN. ) SOLID_ANGLE_UNIT ( ) );
#773 = ORIENTED_EDGE ( 'NONE', *, *, #2614, .F. ) ;
#774 = ORIENTED_EDGE ( 'NONE', *, *, #2844, .T. ) ;
#775 = CARTESIAN_POINT ( 'NONE',  ( 0.2304749509641247640, -11.30154087990464618, 11.00000000000000000 ) ) ;
#776 = LINE ( 'NONE', #413, #4311 ) ;
#777 = LINE ( 'NONE', #2147, #2589 ) ;
#778 = ORIENTED_EDGE ( 'NONE', *, *, #2171, .F. ) ;
#779 = VERTEX_POINT ( 'NONE', #3881 ) ;
#780 = LINE ( 'NONE', #4251, #1107 ) ;
#781 = CARTESIAN_POINT ( 'NONE',  ( 5.312448565510607956, -3.706028745482865538, 11.00000000000000000 ) ) ;
#782 = EDGE_CURVE ( 'NONE', #1538, #3338, #1181, .T. ) ;
#783 = DIRECTION ( 'NONE',  ( 0.9130804469446885951, 0.4077794715373589951, 0.000000000000000000 ) ) ;
#784 = EDGE_CURVE ( 'NONE', #252, #617, #2598, .T. ) ;
#785 = ORIENTED_EDGE ( 'NONE', *, *, #2670, .T. ) ;
#786 = LINE ( 'NONE', #3575, #2659 ) ;
#787 = ORIENTED_EDGE ( 'NONE', *, *, #4384, .F. ) ;
#788 = CARTESIAN_POINT ( 'NONE',  ( -4.000000000000000000, 0.000000000000000000, 0.000000000000000000 ) ) ;
#789 = VECTOR ( 'NONE', #4342, 1000.000000000000000 ) ;
#790 = ORIENTED_EDGE ( 'NONE', *, *, #2911, .F. ) ;
#791 = ADVANCED_FACE ( 'NONE', ( #512 ), #355, .F. ) ;
#792 = CARTESIAN_POINT ( 'NONE',  ( 5.704500481897842867, 3.068457768255702156, 11.00000000000000000 ) ) ;
#793 = CARTESIAN_POINT ( 'NONE',  ( 10.40241735493286868, -1.428185272922069649, 5.000000000000000000 ) ) ;
#794 = AXIS2_PLACEMENT_3D ( 'NONE', #3601, #4010, #3553 ) ;
#795 = PLANE ( 'NONE',  #1481 ) ;
#796 = ORIENTED_EDGE ( 'NONE', *, *, #1278, .F. ) ;
#797 = VERTEX_POINT ( 'NONE', #2505 ) ;
#798 = CARTESIAN_POINT ( 'NONE',  ( -1.180889473718712779, 11.23875707009312386, 5.000000000000000000 ) ) ;
#799 = DIRECTION ( 'NONE',  ( -0.000000000000000000, -0.000000000000000000, -1.000000000000000000 ) ) ;
#800 = EDGE_CURVE ( 'NONE', #3038, #2947, #728, .T. ) ;
#801 = EDGE_LOOP ( 'NONE', ( #2584, #137, #432, #1806 ) ) ;
#802 = AXIS2_PLACEMENT_3D ( 'NONE', #913, #630, #2045 ) ;
#803 = CARTESIAN_POINT ( 'NONE',  ( 0.000000000000000000, 0.000000000000000000, 5.000000000000000000 ) ) ;
#804 = CARTESIAN_POINT ( 'NONE',  ( -11.27248853428774922, -0.8419900281648583507, 11.00000000000000000 ) ) ;
#805 = VECTOR ( 'NONE', #1882, 1000.000000000000000 ) ;
#806 = VECTOR ( 'NONE', #3455, 1000.000000000000000 ) ;
#807 = CARTESIAN_POINT ( 'NONE',  ( 6.377568816620962089, -1.132861338736877999, 11.00000000000000000 ) ) ;
#808 = EDGE_LOOP ( 'NONE', ( #4299, #1195, #4126, #643 ) ) ;
#809 = DIRECTION ( 'NONE',  ( -0.9945251283238637496, -0.1044976991727672583, 0.000000000000000000 ) ) ;
#810 = ORIENTED_EDGE ( 'NONE', *, *, #35, .T. ) ;
#811 = EDGE_CURVE ( 'NONE', #1246, #3861, #2852, .T. ) ;
#812 = VECTOR ( 'NONE', #1877, 1000.000000000000000 ) ;
#813 = DIRECTION ( 'NONE',  ( -0.000000000000000000, -0.000000000000000000, -1.000000000000000000 ) ) ;
#814 = DIRECTION ( 'NONE',  ( -0.000000000000000000, -0.000000000000000000, -1.000000000000000000 ) ) ;
#815 = AXIS2_PLACEMENT_3D ( 'NONE', #3527, #2155, #3871 ) ;
#816 = VECTOR ( 'NONE', #3916, 1000.000000000000000 ) ;
#817 = ORIENTED_EDGE ( 'NONE', *, *, #4459, .T. ) ;
#818 = DIRECTION ( 'NONE',  ( 0.4737172338778156133, -0.8806770022699303979, 0.000000000000000000 ) ) ;
#819 = CARTESIAN_POINT ( 'NONE',  ( 5.110407255347202415, -9.172444477046164835, 11.00000000000000000 ) ) ;
#820 = MECHANICAL_DESIGN_GEOMETRIC_PRESENTATION_REPRESENTATION (  '', ( #597 ), #93 ) ;
#821 = AXIS2_PLACEMENT_3D ( 'NONE', #203, #4372, #4422 ) ;
#822 = FACE_OUTER_BOUND ( 'NONE', #1931, .T. ) ;
#823 = EDGE_CURVE ( 'NONE', #2678, #649, #3649, .T. ) ;
#824 = ORIENTED_EDGE ( 'NONE', *, *, #1583, .T. ) ;
#825 = CARTESIAN_POINT ( 'NONE',  ( 0.000000000000000000, 0.000000000000000000, 5.000000000000000000 ) ) ;
#826 = DIRECTION ( 'NONE',  ( 0.000000000000000000, 0.000000000000000000, -1.000000000000000000 ) ) ;
#827 = ORIENTED_EDGE ( 'NONE', *, *, #407, .F. ) ;
#828 = ORIENTED_EDGE ( 'NONE', *, *, #3540, .T. ) ;
#829 = CARTESIAN_POINT ( 'NONE',  ( -8.882320425793317042, -5.599498535898982610, 5.000000000000000000 ) ) ;
#830 = PLANE ( 'NONE',  #1773 ) ;
#831 = ORIENTED_EDGE ( 'NONE', *, *, #325, .T. ) ;
#832 = FACE_OUTER_BOUND ( 'NONE', #3134, .T. ) ;
#833 = VERTEX_POINT ( 'NONE', #178 ) ;
#834 = CARTESIAN_POINT ( 'NONE',  ( -9.649692386282916701, -4.139255591300632808, 11.00000000000000000 ) ) ;
#835 = CARTESIAN_POINT ( 'NONE',  ( -10.45982583029096347, 0.9176293369209560513, 11.00000000000000000 ) ) ;
#836 = DIRECTION ( 'NONE',  ( -0.5561955879187775453, -0.8310514231861257928, 0.000000000000000000 ) ) ;
#837 = EDGE_CURVE ( 'NONE', #1302, #3476, #409, .T. ) ;
#838 = VERTEX_POINT ( 'NONE', #198 ) ;
#839 = ORIENTED_EDGE ( 'NONE', *, *, #968, .T. ) ;
#840 = CARTESIAN_POINT ( 'NONE',  ( -7.771669198173493776, 7.060535239920654682, 11.00000000000000000 ) ) ;
#841 = ADVANCED_FACE ( 'NONE', ( #3736 ), #2293, .T. ) ;
#842 = LINE ( 'NONE', #2254, #3826 ) ;
#843 = EDGE_CURVE ( 'NONE', #1076, #3129, #4116, .T. ) ;
#844 = EDGE_CURVE ( 'NONE', #2919, #314, #655, .T. ) ;
#845 = ORIENTED_EDGE ( 'NONE', *, *, #3737, .T. ) ;
#846 = EDGE_CURVE ( 'NONE', #3210, #1880, #3079, .T. ) ;
#847 = DIRECTION ( 'NONE',  ( 0.000000000000000000, 0.000000000000000000, 1.000000000000000000 ) ) ;
#848 = LINE ( 'NONE', #3682, #3031 ) ;
#849 = VERTEX_POINT ( 'NONE', #3782 ) ;
#850 = ORIENTED_EDGE ( 'NONE', *, *, #1169, .F. ) ;
#851 = CARTESIAN_POINT ( 'NONE',  ( -5.409154339901689923, -3.563398399093701929, 11.00000000000000000 ) ) ;
#852 = DIRECTION ( 'NONE',  ( -0.9858349916178352768, -0.1677181245478933103, 0.000000000000000000 ) ) ;
#853 = CARTESIAN_POINT ( 'NONE',  ( 11.29744385889069846, -0.3817161489781013550, 5.000000000000000000 ) ) ;
#854 = ORIENTED_EDGE ( 'NONE', *, *, #3698, .T. ) ;
#855 = EDGE_CURVE ( 'NONE', #3890, #2928, #1623, .T. ) ;
#856 = CARTESIAN_POINT ( 'NONE',  ( 1.262719620727173364, 11.22985750529090154, 11.00000000000000000 ) ) ;
#857 = ORIENTED_EDGE ( 'NONE', *, *, #1073, .T. ) ;
#858 = DIRECTION ( 'NONE',  ( -0.000000000000000000, -0.000000000000000000, -1.000000000000000000 ) ) ;
#859 = DIRECTION ( 'NONE',  ( -0.6850508577175061786, 0.7284952452422110980, 0.000000000000000000 ) ) ;
#860 = LINE ( 'NONE', #2270, #4035 ) ;
#861 = ORIENTED_EDGE ( 'NONE', *, *, #3944, .T. ) ;
#862 = CARTESIAN_POINT ( 'NONE',  ( 0.000000000000000000, 0.000000000000000000, 5.000000000000000000 ) ) ;
#863 = CARTESIAN_POINT ( 'NONE',  ( -7.000000000000000000, 0.000000000000000000, 1.000000000000000000 ) ) ;
#864 = VECTOR ( 'NONE', #4220, 1000.000000000000000 ) ;
#865 = DIRECTION ( 'NONE',  ( -0.5641977467901309051, -0.8256396929150991992, 0.000000000000000000 ) ) ;
#866 = ORIENTED_EDGE ( 'NONE', *, *, #360, .T. ) ;
#867 = EDGE_CURVE ( 'NONE', #2890, #659, #2949, .T. ) ;
#868 = DIRECTION ( 'NONE',  ( -0.000000000000000000, 0.000000000000000000, 1.000000000000000000 ) ) ;
#869 = CARTESIAN_POINT ( 'NONE',  ( 3.647285349120042319, 10.69586228463148458, 11.00000000000000000 ) ) ;
#870 = CARTESIAN_POINT ( 'NONE',  ( -0.6615631487002909816, -6.443531099003349638, 5.000000000000000000 ) ) ;
#871 = ORIENTED_EDGE ( 'NONE', *, *, #4045, .T. ) ;
#872 = ORIENTED_EDGE ( 'NONE', *, *, #177, .T. ) ;
#873 = DIRECTION ( 'NONE',  ( 0.9934692558870669155, 0.1141001209780145298, 0.000000000000000000 ) ) ;
#874 = VECTOR ( 'NONE', #2892, 1000.000000000000000 ) ;
#875 = CARTESIAN_POINT ( 'NONE',  ( -0.2735527422333570713, 10.49643600929461584, 11.00000000000000000 ) ) ;
#876 = ADVANCED_FACE ( 'NONE', ( #539 ), #3032, .T. ) ;
#877 = VECTOR ( 'NONE', #466, 1000.000000000000000 ) ;
#878 = ORIENTED_EDGE ( 'NONE', *, *, #366, .T. ) ;
#879 = LINE ( 'NONE', #2289, #520 ) ;
#880 = ORIENTED_EDGE ( 'NONE', *, *, #964, .F. ) ;
#881 = VECTOR ( 'NONE', #671, 1000.000000000000114 ) ;
#882 = DIRECTION ( 'NONE',  ( 0.000000000000000000, 0.000000000000000000, -1.000000000000000000 ) ) ;
#883 = AXIS2_PLACEMENT_3D ( 'NONE', #2805, #3098, #945 ) ;
#884 = AXIS2_PLACEMENT_3D ( 'NONE', #3322, #535, #3341 ) ;
#885 = ORIENTED_EDGE ( 'NONE', *, *, #511, .F. ) ;
#886 = DIRECTION ( 'NONE',  ( -0.000000000000000000, -0.000000000000000000, -1.000000000000000000 ) ) ;
#887 = DIRECTION ( 'NONE',  ( 0.5561955879187775453, 0.8310514231861257928, 0.000000000000000000 ) ) ;
#888 = VECTOR ( 'NONE', #3646, 1000.000000000000000 ) ;
#889 = PLANE ( 'NONE',  #2431 ) ;
#890 = CIRCLE ( 'NONE', #745, 10.50000000000000000 ) ;
#891 = EDGE_LOOP ( 'NONE', ( #610, #189, #626, #416 ) ) ;
#892 = CARTESIAN_POINT ( 'NONE',  ( 4.954567246654685952, -10.16022678691545877, 11.00000000000000000 ) ) ;
#893 = DIRECTION ( 'NONE',  ( -0.000000000000000000, -0.000000000000000000, -1.000000000000000000 ) ) ;
#894 = DIRECTION ( 'NONE',  ( -1.000000000000000000, 0.000000000000000000, 0.000000000000000000 ) ) ;
#895 = AXIS2_PLACEMENT_3D ( 'NONE', #753, #1116, #2162 ) ;
#896 = DIRECTION ( 'NONE',  ( 0.2617245216441049238, 0.9651426188756584423, 0.000000000000000000 ) ) ;
#897 = ORIENTED_EDGE ( 'NONE', *, *, #2159, .F. ) ;
#898 = EDGE_CURVE ( 'NONE', #1793, #356, #1650, .T. ) ;
#899 = ORIENTED_EDGE ( 'NONE', *, *, #2466, .T. ) ;
#900 = DIRECTION ( 'NONE',  ( 0.9877823098692932735, -0.1558400086925160744, 0.000000000000000000 ) ) ;
#901 = LINE ( 'NONE', #2312, #1177 ) ;
#902 = ORIENTED_EDGE ( 'NONE', *, *, #6, .F. ) ;
#903 = CARTESIAN_POINT ( 'NONE',  ( 9.224821487146297017, 6.533040141730482198, 5.000000000000000000 ) ) ;
#904 = ORIENTED_EDGE ( 'NONE', *, *, #1816, .F. ) ;
#905 = DIRECTION ( 'NONE',  ( -0.7350789718722195998, -0.6779814931923145993, 0.000000000000000000 ) ) ;
#906 = ORIENTED_EDGE ( 'NONE', *, *, #2576, .T. ) ;
#907 = DIRECTION ( 'NONE',  ( 0.8599444367698223513, -0.5103876621438188099, 0.000000000000000000 ) ) ;
#908 = CARTESIAN_POINT ( 'NONE',  ( -10.01801773250103267, 3.144729036227912999, 11.00000000000000000 ) ) ;
#909 = ORIENTED_EDGE ( 'NONE', *, *, #1348, .F. ) ;
#910 = CARTESIAN_POINT ( 'NONE',  ( 10.95125821099185792, -2.801408317143577964, 11.00000000000000000 ) ) ;
#911 = CARTESIAN_POINT ( 'NONE',  ( -2.031264886787171875, -6.150668401340384506, 5.000000000000000000 ) ) ;
#912 = ORIENTED_EDGE ( 'NONE', *, *, #609, .F. ) ;
#913 = CARTESIAN_POINT ( 'NONE',  ( 0.000000000000000000, 0.000000000000000000, 5.000000000000000000 ) ) ;
#914 = CARTESIAN_POINT ( 'NONE',  ( 10.20528756947152615, 2.470244041464316087, 11.00000000000000000 ) ) ;
#915 = ORIENTED_EDGE ( 'NONE', *, *, #1657, .F. ) ;
#916 = CARTESIAN_POINT ( 'NONE',  ( 0.000000000000000000, 0.000000000000000000, -22.00000000000000000 ) ) ;
#917 = ORIENTED_EDGE ( 'NONE', *, *, #1502, .F. ) ;
#918 = EDGE_CURVE ( 'NONE', #1023, #3352, #3750, .T. ) ;
#919 = PLANE ( 'NONE',  #3605 ) ;
#920 = ORIENTED_EDGE ( 'NONE', *, *, #3914, .F. ) ;
#921 = CARTESIAN_POINT ( 'NONE',  ( -10.41254409751792664, -1.352377690308677494, 11.00000000000000000 ) ) ;
#922 = DIRECTION ( 'NONE',  ( -0.9019097983202266633, 0.4319244328513589526, 0.000000000000000000 ) ) ;
#923 = EDGE_CURVE ( 'NONE', #4330, #1430, #3051, .T. ) ;
#924 = ADVANCED_FACE ( 'NONE', ( #3346 ), #2015, .T. ) ;
#925 = CARTESIAN_POINT ( 'NONE',  ( -10.01801773250103089, 3.144729036227912555, 5.000000000000000000 ) ) ;
#926 = ORIENTED_EDGE ( 'NONE', *, *, #1803, .F. ) ;
#927 = CARTESIAN_POINT ( 'NONE',  ( 9.836787055698852811, -5.569162000158855541, 11.00000000000000000 ) ) ;
#928 = VECTOR ( 'NONE', #1447, 1000.000000000000000 ) ;
#929 = ORIENTED_EDGE ( 'NONE', *, *, #1832, .T. ) ;
#930 = CARTESIAN_POINT ( 'NONE',  ( -3.950920986310968885, 5.132931149301463769, 11.00000000000000000 ) ) ;
#931 = LINE ( 'NONE', #1401, #1568 ) ;
#932 = CARTESIAN_POINT ( 'NONE',  ( -4.426124711122669808, -4.729289467259409463, 5.000000000000000000 ) ) ;
#933 = ADVANCED_FACE ( 'NONE', ( #3364 ), #1600, .T. ) ;
#934 = ORIENTED_EDGE ( 'NONE', *, *, #3186, .F. ) ;
#935 = CARTESIAN_POINT ( 'NONE',  ( 0.000000000000000000, 0.000000000000000000, 11.00000000000000000 ) ) ;
#936 = CARTESIAN_POINT ( 'NONE',  ( -3.412983367804507839, -5.505297753494418522, 5.000000000000000000 ) ) ;
#937 = VECTOR ( 'NONE', #1732, 1000.000000000000000 ) ;
#938 = DIRECTION ( 'NONE',  ( 0.000000000000000000, 0.000000000000000000, -1.000000000000000000 ) ) ;
#939 = EDGE_CURVE ( 'NONE', #162, #256, #442, .T. ) ;
#940 = ORIENTED_EDGE ( 'NONE', *, *, #4269, .T. ) ;
#941 = LINE ( 'NONE', #3803, #4473 ) ;
#942 = AXIS2_PLACEMENT_3D ( 'NONE', #1372, #4514, #1119 ) ;
#943 = PLANE ( 'NONE',  #224 ) ;
#944 = AXIS2_PLACEMENT_3D ( 'NONE', #2465, #641, #2054 ) ;
#945 = DIRECTION ( 'NONE',  ( -1.000000000000000000, 0.000000000000000000, 0.000000000000000000 ) ) ;
#946 = VERTEX_POINT ( 'NONE', #4454 ) ;
#947 = PLANE ( 'NONE',  #1325 ) ;
#948 = VECTOR ( 'NONE', #2446, 1000.000000000000000 ) ;
#949 = AXIS2_PLACEMENT_3D ( 'NONE', #1644, #1272, #2680 ) ;
#950 = CIRCLE ( 'NONE', #2591, 10.50000000000000000 ) ;
#951 = CIRCLE ( 'NONE', #1183, 10.50000000000000000 ) ;
#952 = ORIENTED_EDGE ( 'NONE', *, *, #2701, .F. ) ;
#953 = DIRECTION ( 'NONE',  ( -0.1558400086925160744, -0.9877823098692932735, 0.000000000000000000 ) ) ;
#954 = CARTESIAN_POINT ( 'NONE',  ( -8.814592062303846731, -7.076786823011409489, 5.000000000000000000 ) ) ;
#955 = AXIS2_PLACEMENT_3D ( 'NONE', #4530, #2428, #1393 ) ;
#956 = CARTESIAN_POINT ( 'NONE',  ( -11.28620653191068079, -0.5707035559417356074, 5.000000000000000000 ) ) ;
#957 = ORIENTED_EDGE ( 'NONE', *, *, #1037, .T. ) ;
#958 = DIRECTION ( 'NONE',  ( -0.3667524124622439374, 0.9303185841168195580, 0.000000000000000000 ) ) ;
#959 = CARTESIAN_POINT ( 'NONE',  ( -10.58417594869109912, 3.969025629839998182, 11.00000000000000000 ) ) ;
#960 = CARTESIAN_POINT ( 'NONE',  ( 5.383055571824837848, -3.602703364723089052, 11.00000000000000000 ) ) ;
#961 = ORIENTED_EDGE ( 'NONE', *, *, #3664, .F. ) ;
#962 = CARTESIAN_POINT ( 'NONE',  ( 3.372793040709284984, -5.530011385891059561, 11.00000000000000000 ) ) ;
#963 = FACE_OUTER_BOUND ( 'NONE', #4068, .T. ) ;
#964 = EDGE_CURVE ( 'NONE', #1260, #2213, #4391, .T. ) ;
#965 = LINE ( 'NONE', #607, #1549 ) ;
#966 = VERTEX_POINT ( 'NONE', #2661 ) ;
#967 = FACE_OUTER_BOUND ( 'NONE', #1511, .T. ) ;
#968 = EDGE_CURVE ( 'NONE', #2265, #2552, #2726, .T. ) ;
#969 = CARTESIAN_POINT ( 'NONE',  ( -6.024037108339064694, 9.564984154745461709, 11.00000000000000000 ) ) ;
#970 = EDGE_CURVE ( 'NONE', #3932, #3708, #1687, .T. ) ;
#971 = ADVANCED_FACE ( 'NONE', ( #2316 ), #919, .T. ) ;
#972 = EDGE_CURVE ( 'NONE', #1516, #4062, #3113, .T. ) ;
#973 = ORIENTED_EDGE ( 'NONE', *, *, #223, .T. ) ;
#974 = VERTEX_POINT ( 'NONE', #3156 ) ;
#975 = CARTESIAN_POINT ( 'NONE',  ( -6.385651232246003950, -1.086378002196557224, 5.000000000000000000 ) ) ;
#976 = DIRECTION ( 'NONE',  ( 0.3735189887589037694, 0.9276225337045914676, 0.000000000000000000 ) ) ;
#977 = LINE ( 'NONE', #3494, #1251 ) ;
#978 = EDGE_CURVE ( 'NONE', #2678, #2403, #374, .T. ) ;
#979 = ORIENTED_EDGE ( 'NONE', *, *, #1351, .F. ) ;
#980 = DIRECTION ( 'NONE',  ( -0.000000000000000000, 0.000000000000000000, 1.000000000000000000 ) ) ;
#981 = LINE ( 'NONE', #936, #4164 ) ;
#982 = PLANE ( 'NONE',  #1916 ) ;
#983 = ORIENTED_EDGE ( 'NONE', *, *, #2355, .T. ) ;
#984 = EDGE_LOOP ( 'NONE', ( #3074, #1500, #2025, #4222 ) ) ;
#985 = DIRECTION ( 'NONE',  ( -0.05777515979386498024, -0.9983296203713447614, 0.000000000000000000 ) ) ;
#986 = LINE ( 'NONE', #4210, #1232 ) ;
#987 = DIRECTION ( 'NONE',  ( -1.000000000000000000, 0.000000000000000000, 0.000000000000000000 ) ) ;
#988 = ORIENTED_EDGE ( 'NONE', *, *, #4103, .F. ) ;
#989 = EDGE_CURVE ( 'NONE', #3055, #3475, #4481, .T. ) ;
#990 = ADVANCED_FACE ( 'NONE', ( #326 ), #2414, .T. ) ;
#991 = DIRECTION ( 'NONE',  ( 0.9464840057326158185, -0.3227507194296265203, 0.000000000000000000 ) ) ;
#992 = ORIENTED_EDGE ( 'NONE', *, *, #4453, .T. ) ;
#993 = CARTESIAN_POINT ( 'NONE',  ( -10.97137275122148736, -2.721566629155466988, 5.000000000000000000 ) ) ;
#994 = DIRECTION ( 'NONE',  ( -0.000000000000000000, -0.000000000000000000, -1.000000000000000000 ) ) ;
#995 = ADVANCED_FACE ( 'NONE', ( #4135 ), #982, .T. ) ;
#996 = ORIENTED_EDGE ( 'NONE', *, *, #1269, .T. ) ;
#997 = EDGE_LOOP ( 'NONE', ( #1719, #4272, #1141, #2539 ) ) ;
#998 = DIRECTION ( 'NONE',  ( 1.000000000000000000, 0.000000000000000000, 0.000000000000000000 ) ) ;
#999 = DIRECTION ( 'NONE',  ( -0.000000000000000000, -0.000000000000000000, -1.000000000000000000 ) ) ;
#1000 = DIRECTION ( 'NONE',  ( 0.6371908016639443728, -0.7707060933162913630, 0.000000000000000000 ) ) ;
#1001 = CIRCLE ( 'NONE', #2704, 10.50000000000000000 ) ;
#1002 = ORIENTED_EDGE ( 'NONE', *, *, #738, .T. ) ;
#1003 = DIRECTION ( 'NONE',  ( -0.000000000000000000, 0.000000000000000000, 1.000000000000000000 ) ) ;
#1004 = DIRECTION ( 'NONE',  ( -0.7997207925899318948, 0.6003720962031224850, 0.000000000000000000 ) ) ;
#1005 = ADVANCED_FACE ( 'NONE', ( #346 ), #4499, .T. ) ;
#1006 = DIRECTION ( 'NONE',  ( -1.000000000000000000, 0.000000000000000000, 0.000000000000000000 ) ) ;
#1007 = ORIENTED_EDGE ( 'NONE', *, *, #640, .T. ) ;
#1008 = DIRECTION ( 'NONE',  ( -1.000000000000000000, 0.000000000000000000, 0.000000000000000000 ) ) ;
#1009 = CLOSED_SHELL ( 'NONE', ( #1376, #3948, #482, #3284 ) ) ;
#1010 = CARTESIAN_POINT ( 'NONE',  ( -6.655921622195174692, -9.136555823852473779, 11.00000000000000000 ) ) ;
#1011 = DIRECTION ( 'NONE',  ( 1.000000000000000000, 0.000000000000000000, -0.000000000000000000 ) ) ;
#1012 = ORIENTED_EDGE ( 'NONE', *, *, #353, .F. ) ;
#1013 = VECTOR ( 'NONE', #4445, 1000.000000000000000 ) ;
#1014 = CARTESIAN_POINT ( 'NONE',  ( 0.000000000000000000, 0.000000000000000000, 11.00000000000000000 ) ) ;
#1015 = ORIENTED_EDGE ( 'NONE', *, *, #3102, .F. ) ;
#1016 = DIRECTION ( 'NONE',  ( -0.000000000000000000, -0.000000000000000000, -1.000000000000000000 ) ) ;
#1017 = FACE_OUTER_BOUND ( 'NONE', #2665, .T. ) ;
#1018 = AXIS2_PLACEMENT_3D ( 'NONE', #2250, #491, #1530 ) ;
#1019 = VECTOR ( 'NONE', #1311, 1000.000000000000227 ) ;
#1020 = VECTOR ( 'NONE', #2253, 1000.000000000000000 ) ;
#1021 = ORIENTED_EDGE ( 'NONE', *, *, #823, .F. ) ;
#1022 = VECTOR ( 'NONE', #3359, 1000.000000000000000 ) ;
#1023 = VERTEX_POINT ( 'NONE', #3800 ) ;
#1024 = DIRECTION ( 'NONE',  ( -0.000000000000000000, -0.000000000000000000, -1.000000000000000000 ) ) ;
#1025 = CARTESIAN_POINT ( 'NONE',  ( 11.28175021393535182, -0.6528955047153024438, 5.000000000000000000 ) ) ;
#1026 = VECTOR ( 'NONE', #622, 1000.000000000000000 ) ;
#1027 = EDGE_CURVE ( 'NONE', #291, #2471, #2499, .T. ) ;
#1028 = AXIS2_PLACEMENT_3D ( 'NONE', #1193, #3565, #2169 ) ;
#1029 = CARTESIAN_POINT ( 'NONE',  ( 0.2304749509641247640, -11.30154087990464618, 11.00000000000000000 ) ) ;
#1030 = ORIENTED_EDGE ( 'NONE', *, *, #3435, .F. ) ;
#1031 = ORIENTED_EDGE ( 'NONE', *, *, #3489, .F. ) ;
#1032 = CARTESIAN_POINT ( 'NONE',  ( 3.888852443383111090, 5.180114428961465123, 5.000000000000000000 ) ) ;
#1033 = DIRECTION ( 'NONE',  ( -0.000000000000000000, -0.000000000000000000, -1.000000000000000000 ) ) ;
#1034 = AXIS2_PLACEMENT_3D ( 'NONE', #1711, #1731, #3065 ) ;
#1035 = AXIS2_PLACEMENT_3D ( 'NONE', #1230, #2603, #248 ) ;
#1036 = LINE ( 'NONE', #3133, #2803 ) ;
#1037 = EDGE_CURVE ( 'NONE', #770, #3697, #2282, .T. ) ;
#1038 = AXIS2_PLACEMENT_3D ( 'NONE', #3634, #4266, #2530 ) ;
#1039 = EDGE_LOOP ( 'NONE', ( #1860, #1527, #75, #1555 ) ) ;
#1040 = CARTESIAN_POINT ( 'NONE',  ( 4.707625983893290567, -10.27338396174700108, 5.000000000000000000 ) ) ;
#1041 = DIRECTION ( 'NONE',  ( -0.000000000000000000, -0.000000000000000000, -1.000000000000000000 ) ) ;
#1042 = DIRECTION ( 'NONE',  ( 0.9060401849579424738, -0.4231916625376465069, 0.000000000000000000 ) ) ;
#1043 = ORIENTED_EDGE ( 'NONE', *, *, #4016, .T. ) ;
#1044 = PLANE ( 'NONE',  #3033 ) ;
#1045 = DIRECTION ( 'NONE',  ( -0.9130804469446885951, -0.4077794715373589951, 0.000000000000000000 ) ) ;
#1046 = EDGE_CURVE ( 'NONE', #1101, #3208, #1804, .T. ) ;
#1047 = ORIENTED_EDGE ( 'NONE', *, *, #1832, .F. ) ;
#1048 = ORIENTED_EDGE ( 'NONE', *, *, #1413, .F. ) ;
#1049 = CARTESIAN_POINT ( 'NONE',  ( -9.330245834751153211, 6.375788037005039932, 11.00000000000000000 ) ) ;
#1050 = DIRECTION ( 'NONE',  ( 0.000000000000000000, 0.000000000000000000, -1.000000000000000000 ) ) ;
#1051 = DIRECTION ( 'NONE',  ( 1.000000000000000000, 0.000000000000000000, 0.000000000000000000 ) ) ;
#1052 = EDGE_LOOP ( 'NONE', ( #446, #4264, #636, #3450 ) ) ;
#1053 = VERTEX_POINT ( 'NONE', #304 ) ;
#1054 = DIRECTION ( 'NONE',  ( 1.000000000000000000, 0.000000000000000000, -0.000000000000000000 ) ) ;
#1055 = PLANE ( 'NONE',  #4322 ) ;
#1056 = DIRECTION ( 'NONE',  ( -0.06741651380573475405, -0.9977249188359891274, 0.000000000000000000 ) ) ;
#1057 = ORIENTED_EDGE ( 'NONE', *, *, #678, .F. ) ;
#1058 = CARTESIAN_POINT ( 'NONE',  ( 8.224839597520867684, 6.527021801331200024, 11.00000000000000000 ) ) ;
#1059 = ADVANCED_FACE ( 'NONE', ( #3479 ), #1382, .T. ) ;
#1060 = CARTESIAN_POINT ( 'NONE',  ( 6.230760147890386236, 1.770419951029237549, 11.00000000000000000 ) ) ;
#1061 = DIRECTION ( 'NONE',  ( -0.000000000000000000, -0.000000000000000000, -1.000000000000000000 ) ) ;
#1062 = VERTEX_POINT ( 'NONE', #4207 ) ;
#1063 = LINE ( 'NONE', #1087, #583 ) ;
#1064 = CARTESIAN_POINT ( 'NONE',  ( -3.092294955078914942, -10.03432667949342694, 11.00000000000000000 ) ) ;
#1065 = LINE ( 'NONE', #4508, #3537 ) ;
#1066 = EDGE_CURVE ( 'NONE', #2257, #1880, #7, .T. ) ;
#1067 = DIRECTION ( 'NONE',  ( -0.000000000000000000, -0.000000000000000000, -1.000000000000000000 ) ) ;
#1068 = EDGE_CURVE ( 'NONE', #1983, #4159, #289, .T. ) ;
#1069 = ORIENTED_EDGE ( 'NONE', *, *, #642, .T. ) ;
#1070 = ORIENTED_EDGE ( 'NONE', *, *, #3874, .F. ) ;
#1071 = CARTESIAN_POINT ( 'NONE',  ( -11.18994698359957596, 1.600947053280854737, 5.000000000000000000 ) ) ;
#1072 = CARTESIAN_POINT ( 'NONE',  ( 0.000000000000000000, 0.000000000000000000, -22.00000000000000000 ) ) ;
#1073 = EDGE_CURVE ( 'NONE', #3598, #1092, #3185, .T. ) ;
#1074 = DIRECTION ( 'NONE',  ( -0.9338180713409593992, -0.3577482489643396546, 0.000000000000000000 ) ) ;
#1075 = ORIENTED_EDGE ( 'NONE', *, *, #600, .T. ) ;
#1076 = VERTEX_POINT ( 'NONE', #32 ) ;
#1077 = DIRECTION ( 'NONE',  ( -1.000000000000000000, 0.000000000000000000, 0.000000000000000000 ) ) ;
#1078 = DIRECTION ( 'NONE',  ( -1.000000000000000000, 0.000000000000000000, 0.000000000000000000 ) ) ;
#1079 = CIRCLE ( 'NONE', #2194, 10.50000000000000000 ) ;
#1080 = CARTESIAN_POINT ( 'NONE',  ( -0.6615631487002909816, -6.443531099003349638, 11.00000000000000000 ) ) ;
#1081 = VERTEX_POINT ( 'NONE', #2080 ) ;
#1082 = LINE ( 'NONE', #81, #590 ) ;
#1083 = DIRECTION ( 'NONE',  ( -0.000000000000000000, -0.000000000000000000, -1.000000000000000000 ) ) ;
#1084 = FACE_BOUND ( 'NONE', #444, .T. ) ;
#1085 = EDGE_CURVE ( 'NONE', #1238, #586, #1036, .T. ) ;
#1086 = VERTEX_POINT ( 'NONE', #2795 ) ;
#1087 = CARTESIAN_POINT ( 'NONE',  ( 10.80401364751906002, -3.324339643808949418, 11.00000000000000000 ) ) ;
#1088 = VECTOR ( 'NONE', #2863, 1000.000000000000114 ) ;
#1089 = FACE_OUTER_BOUND ( 'NONE', #629, .T. ) ;
#1090 = DIRECTION ( 'NONE',  ( -0.1653748979498468330, -0.9862307757964552390, 0.000000000000000000 ) ) ;
#1091 = CARTESIAN_POINT ( 'NONE',  ( 2.389090431751494492, -11.04519838385084718, 11.00000000000000000 ) ) ;
#1092 = VERTEX_POINT ( 'NONE', #4226 ) ;
#1093 = ORIENTED_EDGE ( 'NONE', *, *, #4369, .F. ) ;
#1094 = CARTESIAN_POINT ( 'NONE',  ( 5.762716782565939333, 2.957677147268384932, 11.00000000000000000 ) ) ;
#1095 = AXIS2_PLACEMENT_3D ( 'NONE', #1756, #2770, #1412 ) ;
#1096 = CARTESIAN_POINT ( 'NONE',  ( 11.11537358815481724, 2.055824642066559349, 5.000000000000000000 ) ) ;
#1097 = DIRECTION ( 'NONE',  ( 0.000000000000000000, 0.000000000000000000, 1.000000000000000000 ) ) ;
#1098 = VECTOR ( 'NONE', #3466, 1000.000000000000000 ) ;
#1099 = ORIENTED_EDGE ( 'NONE', *, *, #3329, .F. ) ;
#1100 = AXIS2_PLACEMENT_3D ( 'NONE', #598, #2011, #3405 ) ;
#1101 = VERTEX_POINT ( 'NONE', #1434 ) ;
#1102 =( LENGTH_UNIT ( ) NAMED_UNIT ( * ) SI_UNIT ( .MILLI., .METRE. ) );
#1103 = DIRECTION ( 'NONE',  ( -0.8636392140471258472, -0.5041104124693942534, 0.000000000000000000 ) ) ;
#1104 = AXIS2_PLACEMENT_3D ( 'NONE', #4008, #3696, #537 ) ;
#1105 = VECTOR ( 'NONE', #408, 1000.000000000000000 ) ;
#1106 = FACE_OUTER_BOUND ( 'NONE', #1521, .T. ) ;
#1107 = VECTOR ( 'NONE', #2540, 1000.000000000000114 ) ;
#1108 = VECTOR ( 'NONE', #1061, 1000.000000000000000 ) ;
#1109 = VERTEX_POINT ( 'NONE', #744 ) ;
#1110 = CARTESIAN_POINT ( 'NONE',  ( 3.988203702310366250, 5.104017050561130198, 11.00000000000000000 ) ) ;
#1111 = ORIENTED_EDGE ( 'NONE', *, *, #245, .T. ) ;
#1112 = DIRECTION ( 'NONE',  ( -0.6833177163598981307, -0.7301211533086093830, 0.000000000000000000 ) ) ;
#1113 = VECTOR ( 'NONE', #1241, 1000.000000000000000 ) ;
#1114 = ORIENTED_EDGE ( 'NONE', *, *, #3572, .T. ) ;
#1115 = CYLINDRICAL_SURFACE ( 'NONE', #2351, 10.50000000000000000 ) ;
#1116 = DIRECTION ( 'NONE',  ( 0.6903389384436773302, 0.7234861091053902404, -0.000000000000000000 ) ) ;
#1117 = ORIENTED_EDGE ( 'NONE', *, *, #316, .F. ) ;
#1118 = ORIENTED_EDGE ( 'NONE', *, *, #2435, .F. ) ;
#1119 = DIRECTION ( 'NONE',  ( 0.9999933680726833529, -0.003641951489370385837, 0.000000000000000000 ) ) ;
#1120 = EDGE_CURVE ( 'NONE', #1371, #1621, #3823, .T. ) ;
#1121 = EDGE_CURVE ( 'NONE', #1136, #2543, #3207, .T. ) ;
#1122 = LINE ( 'NONE', #3586, #1901 ) ;
#1123 = CARTESIAN_POINT ( 'NONE',  ( -0.7859252848286594206, -6.429547438988828745, 11.00000000000000000 ) ) ;
#1124 = VERTEX_POINT ( 'NONE', #3985 ) ;
#1125 = VERTEX_POINT ( 'NONE', #853 ) ;
#1126 = DIRECTION ( 'NONE',  ( -0.000000000000000000, -0.000000000000000000, -1.000000000000000000 ) ) ;
#1127 = PLANE ( 'NONE',  #2865 ) ;
#1128 = EDGE_CURVE ( 'NONE', #3591, #4159, #1150, .T. ) ;
#1129 = DIRECTION ( 'NONE',  ( -0.3577482489643396546, 0.9338180713409593992, 0.000000000000000000 ) ) ;
#1130 = ORIENTED_EDGE ( 'NONE', *, *, #1288, .T. ) ;
#1131 = DIRECTION ( 'NONE',  ( 0.06741651380573475405, 0.9977249188359891274, 0.000000000000000000 ) ) ;
#1132 = ORIENTED_EDGE ( 'NONE', *, *, #1186, .T. ) ;
#1133 = APPLICATION_PROTOCOL_DEFINITION ( 'draft international standard', 'automotive_design', 1998, #4423 ) ;
#1134 = FACE_OUTER_BOUND ( 'NONE', #2797, .T. ) ;
#1135 = ADVANCED_FACE ( 'NONE', ( #3571, #3227 ), #1199, .T. ) ;
#1136 = VERTEX_POINT ( 'NONE', #4255 ) ;
#1137 = CARTESIAN_POINT ( 'NONE',  ( -0.8629151939367378787, -10.46448170565905933, 11.00000000000000000 ) ) ;
#1138 = DIRECTION ( 'NONE',  ( 0.000000000000000000, 0.000000000000000000, 1.000000000000000000 ) ) ;
#1139 = DIRECTION ( 'NONE',  ( -0.000000000000000000, -0.000000000000000000, -1.000000000000000000 ) ) ;
#1140 = ORIENTED_EDGE ( 'NONE', *, *, #2771, .F. ) ;
#1141 = ORIENTED_EDGE ( 'NONE', *, *, #3429, .F. ) ;
#1142 = FACE_OUTER_BOUND ( 'NONE', #3711, .T. ) ;
#1143 = CYLINDRICAL_SURFACE ( 'NONE', #4040, 4.000000000000000000 ) ;
#1144 = DIRECTION ( 'NONE',  ( 0.8537388795565222788, 0.5207013784632932296, 0.000000000000000000 ) ) ;
#1145 = ORIENTED_EDGE ( 'NONE', *, *, #3959, .T. ) ;
#1146 = EDGE_CURVE ( 'NONE', #1983, #1575, #3644, .T. ) ;
#1147 = ORIENTED_EDGE ( 'NONE', *, *, #784, .F. ) ;
#1148 = LINE ( 'NONE', #3039, #3248 ) ;
#1149 = CARTESIAN_POINT ( 'NONE',  ( -3.851018080690994161, 5.208302848887711001, 11.00000000000000000 ) ) ;
#1150 = LINE ( 'NONE', #55, #812 ) ;
#1151 = ORIENTED_EDGE ( 'NONE', *, *, #3599, .F. ) ;
#1152 = DIRECTION ( 'NONE',  ( -0.000000000000000000, -0.000000000000000000, -1.000000000000000000 ) ) ;
#1153 = ORIENTED_EDGE ( 'NONE', *, *, #1085, .T. ) ;
#1154 = VECTOR ( 'NONE', #2073, 1000.000000000000114 ) ;
#1155 = EDGE_CURVE ( 'NONE', #2698, #659, #124, .T. ) ;
#1156 = CARTESIAN_POINT ( 'NONE',  ( 3.904381720551783452, 10.60819251066830660, 5.000000000000000000 ) ) ;
#1157 = VECTOR ( 'NONE', #3830, 1000.000000000000114 ) ;
#1158 = ORIENTED_EDGE ( 'NONE', *, *, #1502, .T. ) ;
#1159 = CARTESIAN_POINT ( 'NONE',  ( 0.000000000000000000, 0.000000000000000000, 11.00000000000000000 ) ) ;
#1160 = DIRECTION ( 'NONE',  ( 0.1117389036001600611, 0.9937375998835075164, -0.000000000000000000 ) ) ;
#1161 = ORIENTED_EDGE ( 'NONE', *, *, #2911, .T. ) ;
#1162 = ORIENTED_EDGE ( 'NONE', *, *, #4459, .F. ) ;
#1163 = LINE ( 'NONE', #2926, #2780 ) ;
#1164 = CARTESIAN_POINT ( 'NONE',  ( 6.031677452238120019, -2.361276336158873779, 11.00000000000000000 ) ) ;
#1165 = ORIENTED_EDGE ( 'NONE', *, *, #4253, .F. ) ;
#1166 = ORIENTED_EDGE ( 'NONE', *, *, #3572, .F. ) ;
#1167 = CIRCLE ( 'NONE', #802, 10.50000000000000000 ) ;
#1168 = FACE_OUTER_BOUND ( 'NONE', #2616, .T. ) ;
#1169 = EDGE_CURVE ( 'NONE', #1092, #3579, #2245, .T. ) ;
#1170 = AXIS2_PLACEMENT_3D ( 'NONE', #4371, #3701, #560 ) ;
#1171 = AXIS2_PLACEMENT_3D ( 'NONE', #2333, #2378, #2702 ) ;
#1172 = DIRECTION ( 'NONE',  ( -0.3318788712185775647, -0.9433220101527807211, 0.000000000000000000 ) ) ;
#1173 = VERTEX_POINT ( 'NONE', #1896 ) ;
#1174 = CARTESIAN_POINT ( 'NONE',  ( -3.682481566408342566, -9.833073248637111519, 11.00000000000000000 ) ) ;
#1175 = CARTESIAN_POINT ( 'NONE',  ( -0.03898322043091653755, 6.477286401886701128, 5.000000000000000000 ) ) ;
#1176 = CIRCLE ( 'NONE', #3753, 10.50000000000000000 ) ;
#1177 = VECTOR ( 'NONE', #3729, 1000.000000000000114 ) ;
#1178 = CARTESIAN_POINT ( 'NONE',  ( 0.000000000000000000, 0.000000000000000000, 11.00000000000000000 ) ) ;
#1179 = PRODUCT_DEFINITION ( 'UNKNOWN', '', #1674, #2455 ) ;
#1180 = LINE ( 'NONE', #2567, #3692 ) ;
#1181 = LINE ( 'NONE', #1091, #2130 ) ;
#1182 = AXIS2_PLACEMENT_3D ( 'NONE', #1356, #2747, #4417 ) ;
#1183 = AXIS2_PLACEMENT_3D ( 'NONE', #3469, #386, #3196 ) ;
#1184 = VERTEX_POINT ( 'NONE', #3624 ) ;
#1185 = ADVANCED_FACE ( 'NONE', ( #1106 ), #1524, .T. ) ;
#1186 = EDGE_CURVE ( 'NONE', #2755, #3796, #4302, .T. ) ;
#1187 = EDGE_LOOP ( 'NONE', ( #2988, #4350, #1909, #2818 ) ) ;
#1188 = FACE_OUTER_BOUND ( 'NONE', #1564, .T. ) ;
#1189 = LINE ( 'NONE', #2602, #2660 ) ;
#1190 = CARTESIAN_POINT ( 'NONE',  ( 5.984933101081354678, -2.477364446164797229, 11.00000000000000000 ) ) ;
#1191 = VERTEX_POINT ( 'NONE', #146 ) ;
#1192 = LINE ( 'NONE', #4359, #425 ) ;
#1193 = CARTESIAN_POINT ( 'NONE',  ( 0.000000000000000000, 0.000000000000000000, 1.000000000000000000 ) ) ;
#1194 = ADVANCED_FACE ( 'NONE', ( #4321 ), #830, .T. ) ;
#1195 = ORIENTED_EDGE ( 'NONE', *, *, #2443, .F. ) ;
#1196 = ORIENTED_EDGE ( 'NONE', *, *, #4374, .T. ) ;
#1197 = LINE ( 'NONE', #851, #1391 ) ;
#1198 = LINE ( 'NONE', #213, #3694 ) ;
#1199 = PLANE ( 'NONE',  #589 ) ;
#1200 = EDGE_CURVE ( 'NONE', #1635, #2861, #3164, .T. ) ;
#1201 = EDGE_CURVE ( 'NONE', #1789, #3640, #1827, .T. ) ;
#1202 = ORIENTED_EDGE ( 'NONE', *, *, #1629, .T. ) ;
#1203 = CARTESIAN_POINT ( 'NONE',  ( 0.7390725469451834284, -6.435101443947368161, 11.00000000000000000 ) ) ;
#1204 = EDGE_LOOP ( 'NONE', ( #3165, #3713, #2833, #4197 ) ) ;
#1205 =( NAMED_UNIT ( * ) SI_UNIT ( $, .STERADIAN. ) SOLID_ANGLE_UNIT ( ) );
#1206 = FACE_OUTER_BOUND ( 'NONE', #2366, .T. ) ;
#1207 = ADVANCED_FACE ( 'NONE', ( #2264 ), #79, .T. ) ;
#1208 = ORIENTED_EDGE ( 'NONE', *, *, #1128, .T. ) ;
#1209 = CARTESIAN_POINT ( 'NONE',  ( 0.000000000000000000, 0.000000000000000000, 11.00000000000000000 ) ) ;
#1210 = DIRECTION ( 'NONE',  ( 0.9050319475970136640, 0.4253435950249589981, 0.000000000000000000 ) ) ;
#1211 = ORIENTED_EDGE ( 'NONE', *, *, #1807, .T. ) ;
#1212 = EDGE_CURVE ( 'NONE', #2881, #2543, #4109, .T. ) ;
#1213 = CARTESIAN_POINT ( 'NONE',  ( -11.28620653191068079, -0.5707035559417356074, 11.00000000000000000 ) ) ;
#1214 = DIRECTION ( 'NONE',  ( -0.000000000000000000, -0.000000000000000000, -1.000000000000000000 ) ) ;
#1215 = CARTESIAN_POINT ( 'NONE',  ( -6.251618380275175468, 1.695295387520142416, 11.00000000000000000 ) ) ;
#1216 = ORIENTED_EDGE ( 'NONE', *, *, #4065, .T. ) ;
#1217 = ORIENTED_EDGE ( 'NONE', *, *, #968, .F. ) ;
#1218 = DIRECTION ( 'NONE',  ( -0.5501275755810399737, 0.8350806252005414931, 0.000000000000000000 ) ) ;
#1219 = EDGE_CURVE ( 'NONE', #1444, #1831, #2542, .T. ) ;
#1220 = DIRECTION ( 'NONE',  ( 1.000000000000000000, 0.000000000000000000, 0.000000000000000000 ) ) ;
#1221 = DIRECTION ( 'NONE',  ( -0.000000000000000000, -0.000000000000000000, -1.000000000000000000 ) ) ;
#1222 = EDGE_LOOP ( 'NONE', ( #431, #4001, #1726, #2077 ) ) ;
#1223 = CARTESIAN_POINT ( 'NONE',  ( 10.61280498155865715, 3.891826741593415129, 11.00000000000000000 ) ) ;
#1224 = ORIENTED_EDGE ( 'NONE', *, *, #1515, .F. ) ;
#1225 = DIRECTION ( 'NONE',  ( -1.000000000000000000, 0.000000000000000000, 0.000000000000000000 ) ) ;
#1226 = DIRECTION ( 'NONE',  ( -0.9060401849579424738, 0.4231916625376465069, 0.000000000000000000 ) ) ;
#1227 = CARTESIAN_POINT ( 'NONE',  ( -11.29992452953361237, -0.2994170837185202716, 5.000000000000000000 ) ) ;
#1228 = EDGE_CURVE ( 'NONE', #838, #705, #443, .T. ) ;
#1229 = VECTOR ( 'NONE', #1263, 1000.000000000000114 ) ;
#1230 = CARTESIAN_POINT ( 'NONE',  ( 0.000000000000000000, 0.000000000000000000, 12.00000000000000000 ) ) ;
#1231 = ORIENTED_EDGE ( 'NONE', *, *, #661, .T. ) ;
#1232 = VECTOR ( 'NONE', #3460, 1000.000000000000000 ) ;
#1233 = CYLINDRICAL_SURFACE ( 'NONE', #3319, 4.000000000000000000 ) ;
#1234 = CARTESIAN_POINT ( 'NONE',  ( 11.20131120659796409, 1.519398636342918163, 11.00000000000000000 ) ) ;
#1235 = FACE_OUTER_BOUND ( 'NONE', #2321, .T. ) ;
#1236 = VERTEX_POINT ( 'NONE', #1505 ) ;
#1237 = EDGE_CURVE ( 'NONE', #4053, #2225, #2912, .T. ) ;
#1238 = VERTEX_POINT ( 'NONE', #1305 ) ;
#1239 = DIRECTION ( 'NONE',  ( -0.3158481056732381775, 0.9488097670990888188, 0.000000000000000000 ) ) ;
#1240 = AXIS2_PLACEMENT_3D ( 'NONE', #2723, #30, #712 ) ;
#1241 = DIRECTION ( 'NONE',  ( 0.4651876262429072151, -0.8852121058766024841, 0.000000000000000000 ) ) ;
#1242 = CARTESIAN_POINT ( 'NONE',  ( -8.639495681600477539, -7.284454323922589403, 5.000000000000000000 ) ) ;
#1243 = VECTOR ( 'NONE', #4347, 1000.000000000000000 ) ;
#1244 = ORIENTED_EDGE ( 'NONE', *, *, #3906, .F. ) ;
#1245 = CARTESIAN_POINT ( 'NONE',  ( -7.939387322721387363, 8.046370231538492845, 11.00000000000000000 ) ) ;
#1246 = VERTEX_POINT ( 'NONE', #4413 ) ;
#1247 = AXIS2_PLACEMENT_3D ( 'NONE', #517, #202, #1973 ) ;
#1248 = VECTOR ( 'NONE', #1769, 1000.000000000000114 ) ;
#1249 = DIRECTION ( 'NONE',  ( -0.5661582161900647892, 0.8242965936120831838, 0.000000000000000000 ) ) ;
#1250 = VECTOR ( 'NONE', #1566, 1000.000000000000114 ) ;
#1251 = VECTOR ( 'NONE', #1709, 1000.000000000000000 ) ;
#1252 = ORIENTED_EDGE ( 'NONE', *, *, #2670, .F. ) ;
#1253 = CARTESIAN_POINT ( 'NONE',  ( -6.569945865453195921, 8.190592855527283334, 5.000000000000000000 ) ) ;
#1254 = PLANE ( 'NONE',  #1247 ) ;
#1255 = DIRECTION ( 'NONE',  ( -0.6519615110608887321, 0.7582520610556905405, 0.000000000000000000 ) ) ;
#1256 = VECTOR ( 'NONE', #4485, 1000.000000000000114 ) ;
#1257 = VECTOR ( 'NONE', #896, 1000.000000000000000 ) ;
#1258 = CARTESIAN_POINT ( 'NONE',  ( -5.557518628682342587, 9.843369933870551591, 11.00000000000000000 ) ) ;
#1259 = CIRCLE ( 'NONE', #2886, 7.000000000000000000 ) ;
#1260 = VERTEX_POINT ( 'NONE', #2374 ) ;
#1261 = AXIS2_PLACEMENT_3D ( 'NONE', #2360, #623, #4080 ) ;
#1262 = DIRECTION ( 'NONE',  ( 0.9926118128115598571, -0.1213333798546334247, 0.000000000000000000 ) ) ;
#1263 = DIRECTION ( 'NONE',  ( 0.7982918012086476223, 0.6022708693960326931, 0.000000000000000000 ) ) ;
#1264 = CARTESIAN_POINT ( 'NONE',  ( 1.406813522612568867, -10.40532919770414999, 11.00000000000000000 ) ) ;
#1265 = VECTOR ( 'NONE', #1707, 1000.000000000000114 ) ;
#1266 = CARTESIAN_POINT ( 'NONE',  ( -10.48271583305354682, 4.220998601416067864, 11.00000000000000000 ) ) ;
#1267 = EDGE_CURVE ( 'NONE', #1430, #833, #901, .T. ) ;
#1268 = EDGE_LOOP ( 'NONE', ( #3297, #3976, #3910, #4298 ) ) ;
#1269 = EDGE_CURVE ( 'NONE', #548, #336, #2328, .T. ) ;
#1270 = CARTESIAN_POINT ( 'NONE',  ( -5.409154339901689923, -3.563398399093701929, 11.00000000000000000 ) ) ;
#1271 = DIRECTION ( 'NONE',  ( -0.6371908016639442618, 0.7707060933162913630, 0.000000000000000000 ) ) ;
#1272 = DIRECTION ( 'NONE',  ( 0.000000000000000000, 0.000000000000000000, 1.000000000000000000 ) ) ;
#1273 = ORIENTED_EDGE ( 'NONE', *, *, #4125, .T. ) ;
#1274 = CARTESIAN_POINT ( 'NONE',  ( -5.409154339901689923, -3.563398399093701929, 5.000000000000000000 ) ) ;
#1275 = VERTEX_POINT ( 'NONE', #4087 ) ;
#1276 = ADVANCED_FACE ( 'NONE', ( #2719 ), #3777, .T. ) ;
#1277 = CARTESIAN_POINT ( 'NONE',  ( 0.000000000000000000, 0.000000000000000000, 0.000000000000000000 ) ) ;
#1278 = EDGE_CURVE ( 'NONE', #2543, #2881, #2729, .T. ) ;
#1279 = VERTEX_POINT ( 'NONE', #4072 ) ;
#1280 = LINE ( 'NONE', #4032, #1994 ) ;
#1281 = CARTESIAN_POINT ( 'NONE',  ( 2.797748923831675949, 5.842033873809643119, 11.00000000000000000 ) ) ;
#1282 = CARTESIAN_POINT ( 'NONE',  ( -6.469897412374667311, 0.3117471682135856126, 11.00000000000000000 ) ) ;
#1283 = ORIENTED_EDGE ( 'NONE', *, *, #4066, .T. ) ;
#1284 = DIRECTION ( 'NONE',  ( -1.000000000000000000, 0.000000000000000000, 0.000000000000000000 ) ) ;
#1285 = ORIENTED_EDGE ( 'NONE', *, *, #615, .T. ) ;
#1286 = LINE ( 'NONE', #2372, #3446 ) ;
#1287 = CARTESIAN_POINT ( 'NONE',  ( 2.105150031715640413, -6.125773597473963328, 11.00000000000000000 ) ) ;
#1288 = EDGE_CURVE ( 'NONE', #2071, #531, #1922, .T. ) ;
#1289 = CARTESIAN_POINT ( 'NONE',  ( 4.482727995709595348, -4.675671988070067009, 11.00000000000000000 ) ) ;
#1290 = ORIENTED_EDGE ( 'NONE', *, *, #402, .F. ) ;
#1291 = PLANE ( 'NONE',  #3979 ) ;
#1292 = PLANE ( 'NONE',  #3228 ) ;
#1293 = DIRECTION ( 'NONE',  ( 0.9947706500000884633, -0.1021339997180250314, 0.000000000000000000 ) ) ;
#1294 = VERTEX_POINT ( 'NONE', #2347 ) ;
#1295 = DIRECTION ( 'NONE',  ( -1.000000000000000000, 0.000000000000000000, 0.000000000000000000 ) ) ;
#1296 = DIRECTION ( 'NONE',  ( -0.2546876201410405716, 0.9670233793176322701, 0.000000000000000000 ) ) ;
#1297 = LINE ( 'NONE', #1365, #3617 ) ;
#1298 = ORIENTED_EDGE ( 'NONE', *, *, #3937, .F. ) ;
#1299 = LINE ( 'NONE', #4300, #668 ) ;
#1300 = VECTOR ( 'NONE', #3872, 1000.000000000000000 ) ;
#1301 = VECTOR ( 'NONE', #2967, 1000.000000000000000 ) ;
#1302 = VERTEX_POINT ( 'NONE', #875 ) ;
#1303 = DIRECTION ( 'NONE',  ( -0.6099544143209704172, 0.7924365037341237761, 0.000000000000000000 ) ) ;
#1304 = DIRECTION ( 'NONE',  ( -0.000000000000000000, -0.000000000000000000, -1.000000000000000000 ) ) ;
#1305 = CARTESIAN_POINT ( 'NONE',  ( -9.483500609888489308, 6.151516979202969360, 5.000000000000000000 ) ) ;
#1306 = VERTEX_POINT ( 'NONE', #1596 ) ;
#1307 = VECTOR ( 'NONE', #489, 1000.000000000000114 ) ;
#1308 = FACE_OUTER_BOUND ( 'NONE', #2296, .T. ) ;
#1309 = PLANE ( 'NONE',  #1240 ) ;
#1310 = ADVANCED_FACE ( 'NONE', ( #573 ), #240, .T. ) ;
#1311 = DIRECTION ( 'NONE',  ( -0.7284952452422109870, -0.6850508577175060676, 0.000000000000000000 ) ) ;
#1312 = VERTEX_POINT ( 'NONE', #2983 ) ;
#1313 = DIRECTION ( 'NONE',  ( -0.000000000000000000, -0.000000000000000000, -1.000000000000000000 ) ) ;
#1314 = EDGE_CURVE ( 'NONE', #2479, #1753, #1986, .T. ) ;
#1315 = AXIS2_PLACEMENT_3D ( 'NONE', #278, #3431, #1293 ) ;
#1316 = VECTOR ( 'NONE', #3439, 1000.000000000000114 ) ;
#1317 = EDGE_CURVE ( 'NONE', #4420, #3055, #3383, .T. ) ;
#1318 = VECTOR ( 'NONE', #362, 1000.000000000000000 ) ;
#1319 = CARTESIAN_POINT ( 'NONE',  ( -3.851018080690994161, 5.208302848887711001, 5.000000000000000000 ) ) ;
#1320 = ORIENTED_EDGE ( 'NONE', *, *, #388, .T. ) ;
#1321 = CARTESIAN_POINT ( 'NONE',  ( 4.724036929421081332, 9.377285059624981045, 11.00000000000000000 ) ) ;
#1322 = VECTOR ( 'NONE', #2896, 1000.000000000000000 ) ;
#1323 = VECTOR ( 'NONE', #4163, 1000.000000000000000 ) ;
#1324 = EDGE_CURVE ( 'NONE', #1694, #27, #1965, .T. ) ;
#1325 = AXIS2_PLACEMENT_3D ( 'NONE', #1852, #104, #1503 ) ;
#1326 = ORIENTED_EDGE ( 'NONE', *, *, #3969, .F. ) ;
#1327 = EDGE_LOOP ( 'NONE', ( #351, #1349, #2400, #4476 ) ) ;
#1328 = DIRECTION ( 'NONE',  ( 1.000000000000000000, 0.000000000000000000, 0.000000000000000000 ) ) ;
#1329 = CARTESIAN_POINT ( 'NONE',  ( 0.000000000000000000, 0.000000000000000000, -22.00000000000000000 ) ) ;
#1330 = VECTOR ( 'NONE', #4291, 1000.000000000000227 ) ;
#1331 = ADVANCED_FACE ( 'NONE', ( #1579 ), #3003, .T. ) ;
#1332 = EDGE_CURVE ( 'NONE', #974, #1136, #1850, .T. ) ;
#1333 = DIRECTION ( 'NONE',  ( 0.000000000000000000, 0.000000000000000000, 1.000000000000000000 ) ) ;
#1334 = ORIENTED_EDGE ( 'NONE', *, *, #1128, .F. ) ;
#1335 = DIRECTION ( 'NONE',  ( 0.7350789718722195998, 0.6779814931923145993, 0.000000000000000000 ) ) ;
#1336 = DIRECTION ( 'NONE',  ( -0.000000000000000000, -0.000000000000000000, -1.000000000000000000 ) ) ;
#1337 = CARTESIAN_POINT ( 'NONE',  ( 0.000000000000000000, 0.000000000000000000, 11.00000000000000000 ) ) ;
#1338 = ORIENTED_EDGE ( 'NONE', *, *, #3130, .F. ) ;
#1339 = LINE ( 'NONE', #2395, #87 ) ;
#1340 = DIRECTION ( 'NONE',  ( 0.5661582161900647892, -0.8242965936120831838, 0.000000000000000000 ) ) ;
#1341 = PLANE ( 'NONE',  #3391 ) ;
#1342 = ADVANCED_FACE ( 'NONE', ( #255 ), #214, .T. ) ;
#1343 = EDGE_LOOP ( 'NONE', ( #2003, #515, #2970, #3224 ) ) ;
#1344 = CARTESIAN_POINT ( 'NONE',  ( 1.532651631767926848, 11.19950552206734784, 11.00000000000000000 ) ) ;
#1345 = ORIENTED_EDGE ( 'NONE', *, *, #1695, .T. ) ;
#1346 = PLANE ( 'NONE',  #4482 ) ;
#1347 = VERTEX_POINT ( 'NONE', #2631 ) ;
#1348 = EDGE_CURVE ( 'NONE', #2191, #394, #1626, .T. ) ;
#1349 = ORIENTED_EDGE ( 'NONE', *, *, #837, .F. ) ;
#1350 = LINE ( 'NONE', #3775, #1763 ) ;
#1351 = EDGE_CURVE ( 'NONE', #1996, #2907, #3026, .T. ) ;
#1352 = DIRECTION ( 'NONE',  ( -0.000000000000000000, -0.000000000000000000, -1.000000000000000000 ) ) ;
#1353 = LINE ( 'NONE', #3109, #3311 ) ;
#1354 = ORIENTED_EDGE ( 'NONE', *, *, #2193, .T. ) ;
#1355 = EDGE_CURVE ( 'NONE', #3889, #1956, #1944, .T. ) ;
#1356 = CARTESIAN_POINT ( 'NONE',  ( 0.000000000000000000, 0.000000000000000000, 12.00000000000000000 ) ) ;
#1357 = FACE_OUTER_BOUND ( 'NONE', #3490, .T. ) ;
#1358 = CARTESIAN_POINT ( 'NONE',  ( 10.87763592925548117, -3.062873980476187530, 11.00000000000000000 ) ) ;
#1359 = ORIENTED_EDGE ( 'NONE', *, *, #3790, .F. ) ;
#1360 = DIRECTION ( 'NONE',  ( -0.000000000000000000, -0.000000000000000000, -1.000000000000000000 ) ) ;
#1361 = EDGE_CURVE ( 'NONE', #705, #3208, #3795, .T. ) ;
#1362 = CARTESIAN_POINT ( 'NONE',  ( -2.469478674721313993, -11.02750359350676312, 11.00000000000000000 ) ) ;
#1363 = DIRECTION ( 'NONE',  ( 0.000000000000000000, 0.000000000000000000, 1.000000000000000000 ) ) ;
#1364 = EDGE_LOOP ( 'NONE', ( #1576, #2715, #3271, #4307 ) ) ;
#1365 = CARTESIAN_POINT ( 'NONE',  ( 1.262719620727173364, 11.22985750529090154, 5.000000000000000000 ) ) ;
#1366 = ORIENTED_EDGE ( 'NONE', *, *, #2133, .T. ) ;
#1367 = CARTESIAN_POINT ( 'NONE',  ( 0.000000000000000000, 0.000000000000000000, 11.00000000000000000 ) ) ;
#1368 = EDGE_CURVE ( 'NONE', #1347, #1302, #1374, .T. ) ;
#1369 = DIRECTION ( 'NONE',  ( -0.000000000000000000, -0.000000000000000000, -1.000000000000000000 ) ) ;
#1370 = ORIENTED_EDGE ( 'NONE', *, *, #2764, .F. ) ;
#1371 = VERTEX_POINT ( 'NONE', #2406 ) ;
#1372 = CARTESIAN_POINT ( 'NONE',  ( -0.04115633369574200895, -11.30055160538212178, 11.00000000000000000 ) ) ;
#1373 = DIRECTION ( 'NONE',  ( -0.000000000000000000, 0.000000000000000000, 1.000000000000000000 ) ) ;
#1374 = LINE ( 'NONE', #2048, #229 ) ;
#1375 = VECTOR ( 'NONE', #3483, 1000.000000000000114 ) ;
#1376 = ADVANCED_FACE ( 'NONE', ( #3423 ), #4201, .T. ) ;
#1377 = EDGE_CURVE ( 'NONE', #4062, #1184, #2095, .T. ) ;
#1378 = ORIENTED_EDGE ( 'NONE', *, *, #2621, .F. ) ;
#1379 = ORIENTED_EDGE ( 'NONE', *, *, #972, .F. ) ;
#1380 = LINE ( 'NONE', #2098, #2002 ) ;
#1381 = CARTESIAN_POINT ( 'NONE',  ( 1.986410427387735878, -6.165300676974809768, 11.00000000000000000 ) ) ;
#1382 = PLANE ( 'NONE',  #3529 ) ;
#1383 = ORIENTED_EDGE ( 'NONE', *, *, #3102, .T. ) ;
#1384 = DIRECTION ( 'NONE',  ( -0.8537388795565222788, -0.5207013784632932296, 0.000000000000000000 ) ) ;
#1385 = VECTOR ( 'NONE', #3734, 1000.000000000000000 ) ;
#1386 = DIRECTION ( 'NONE',  ( -0.9758311669186481296, 0.2185258192301071933, 0.000000000000000000 ) ) ;
#1387 = CARTESIAN_POINT ( 'NONE',  ( 0.000000000000000000, 0.000000000000000000, 17.00000000000000000 ) ) ;
#1388 = ADVANCED_FACE ( 'NONE', ( #273 ), #4170, .T. ) ;
#1389 = EDGE_CURVE ( 'NONE', #3552, #3917, #3128, .T. ) ;
#1390 = ORIENTED_EDGE ( 'NONE', *, *, #1417, .T. ) ;
#1391 = VECTOR ( 'NONE', #1218, 1000.000000000000000 ) ;
#1392 = DIRECTION ( 'NONE',  ( 0.8587291156910729084, 0.5124298057923912797, 0.000000000000000000 ) ) ;
#1393 = DIRECTION ( 'NONE',  ( -1.000000000000000000, 0.000000000000000000, 0.000000000000000000 ) ) ;
#1394 = DIRECTION ( 'NONE',  ( -1.000000000000000000, 0.000000000000000000, 0.000000000000000000 ) ) ;
#1395 = AXIS2_PLACEMENT_3D ( 'NONE', #3699, #882, #603 ) ;
#1396 = AXIS2_PLACEMENT_3D ( 'NONE', #1014, #4488, #2364 ) ;
#1397 = VERTEX_POINT ( 'NONE', #4130 ) ;
#1398 = VECTOR ( 'NONE', #2175, 1000.000000000000000 ) ;
#1399 = EDGE_LOOP ( 'NONE', ( #1460, #831, #1244, #4442 ) ) ;
#1400 = DIRECTION ( 'NONE',  ( -0.000000000000000000, -0.000000000000000000, -1.000000000000000000 ) ) ;
#1401 = CARTESIAN_POINT ( 'NONE',  ( -9.107778259766353912, 5.224784700916140778, 11.00000000000000000 ) ) ;
#1402 = VECTOR ( 'NONE', #1786, 999.9999999999998863 ) ;
#1403 = AXIS2_PLACEMENT_3D ( 'NONE', #3810, #681, #1766 ) ;
#1404 = DIRECTION ( 'NONE',  ( 0.3577482489643396546, -0.9338180713409593992, 0.000000000000000000 ) ) ;
#1405 = ORIENTED_EDGE ( 'NONE', *, *, #25, .T. ) ;
#1406 = EDGE_CURVE ( 'NONE', #3708, #770, #977, .T. ) ;
#1407 = EDGE_LOOP ( 'NONE', ( #3104, #4144, #2040, #4387 ) ) ;
#1408 = LINE ( 'NONE', #1032, #2361 ) ;
#1409 = LINE ( 'NONE', #4301, #2344 ) ;
#1410 = VECTOR ( 'NONE', #4112, 1000.000000000000000 ) ;
#1411 = AXIS2_PLACEMENT_3D ( 'NONE', #4527, #4188, #1042 ) ;
#1412 = DIRECTION ( 'NONE',  ( 0.7982918012086476223, 0.6022708693960326931, 0.000000000000000000 ) ) ;
#1413 = EDGE_CURVE ( 'NONE', #2439, #4142, #1353, .T. ) ;
#1414 = ORIENTED_EDGE ( 'NONE', *, *, #2739, .F. ) ;
#1415 = DIRECTION ( 'NONE',  ( -0.7879726629679192351, 0.6157102260115921988, 0.000000000000000000 ) ) ;
#1416 = EDGE_CURVE ( 'NONE', #2999, #3627, #3515, .T. ) ;
#1417 = EDGE_CURVE ( 'NONE', #617, #128, #1778, .T. ) ;
#1418 = DIRECTION ( 'NONE',  ( -0.9793936660085408308, -0.2019605084722033428, 0.000000000000000000 ) ) ;
#1419 = FACE_OUTER_BOUND ( 'NONE', #4323, .T. ) ;
#1420 = ORIENTED_EDGE ( 'NONE', *, *, #2384, .T. ) ;
#1421 = CARTESIAN_POINT ( 'NONE',  ( -0.7859252848286594206, -6.429547438988828745, 11.00000000000000000 ) ) ;
#1422 = CARTESIAN_POINT ( 'NONE',  ( 6.093547259491241874, 9.520852207629564745, 5.000000000000000000 ) ) ;
#1423 = CARTESIAN_POINT ( 'NONE',  ( -11.29992452953361237, -0.2994170837185202161, 11.00000000000000000 ) ) ;
#1424 = VERTEX_POINT ( 'NONE', #1750 ) ;
#1425 = ORIENTED_EDGE ( 'NONE', *, *, #2764, .T. ) ;
#1426 = LINE ( 'NONE', #2884, #506 ) ;
#1427 = FACE_OUTER_BOUND ( 'NONE', #423, .T. ) ;
#1428 = CARTESIAN_POINT ( 'NONE',  ( -8.534270344115173046, -6.116880715982316197, 11.00000000000000000 ) ) ;
#1429 = VERTEX_POINT ( 'NONE', #4475 ) ;
#1430 = VERTEX_POINT ( 'NONE', #3817 ) ;
#1431 = SURFACE_SIDE_STYLE ('',( #3204 ) ) ;
#1432 = CARTESIAN_POINT ( 'NONE',  ( -2.641352261836299675, 5.914390674653902558, 5.000000000000000000 ) ) ;
#1433 = EDGE_CURVE ( 'NONE', #1124, #2919, #2075, .T. ) ;
#1434 = CARTESIAN_POINT ( 'NONE',  ( -5.557518628682342587, 9.843369933870551591, 5.000000000000000000 ) ) ;
#1435 = EDGE_LOOP ( 'NONE', ( #195, #1070, #3636, #762 ) ) ;
#1436 = DIRECTION ( 'NONE',  ( -0.04812841412490154874, -0.9988411564176867818, 0.000000000000000000 ) ) ;
#1437 = CARTESIAN_POINT ( 'NONE',  ( -1.308179746870341331, 6.343928165846387301, 5.000000000000000000 ) ) ;
#1438 = CARTESIAN_POINT ( 'NONE',  ( -3.851018080690994161, 5.208302848887711001, 11.00000000000000000 ) ) ;
#1439 = ORIENTED_EDGE ( 'NONE', *, *, #3913, .T. ) ;
#1440 = PLANE ( 'NONE',  #2878 ) ;
#1441 = DIRECTION ( 'NONE',  ( -1.000000000000000000, 0.000000000000000000, 0.000000000000000000 ) ) ;
#1442 = CARTESIAN_POINT ( 'NONE',  ( 4.954567246654685952, -10.16022678691545877, 11.00000000000000000 ) ) ;
#1443 = DIRECTION ( 'NONE',  ( 0.9999818896254263345, 0.006018340399281654242, 0.000000000000000000 ) ) ;
#1444 = VERTEX_POINT ( 'NONE', #4495 ) ;
#1445 = VERTEX_POINT ( 'NONE', #321 ) ;
#1446 = LINE ( 'NONE', #3513, #359 ) ;
#1447 = DIRECTION ( 'NONE',  ( -0.000000000000000000, -0.000000000000000000, -1.000000000000000000 ) ) ;
#1448 = DIRECTION ( 'NONE',  ( -0.9457143435305384038, -0.3249990468302988433, 0.000000000000000000 ) ) ;
#1449 = ORIENTED_EDGE ( 'NONE', *, *, #3852, .T. ) ;
#1450 = EDGE_LOOP ( 'NONE', ( #3542, #673, #3555, #1669 ) ) ;
#1451 = LINE ( 'NONE', #2099, #874 ) ;
#1452 = VECTOR ( 'NONE', #976, 1000.000000000000000 ) ;
#1453 = DIRECTION ( 'NONE',  ( -0.000000000000000000, 0.000000000000000000, 1.000000000000000000 ) ) ;
#1454 = ADVANCED_FACE ( 'NONE', ( #2745 ), #2389, .T. ) ;
#1455 = ORIENTED_EDGE ( 'NONE', *, *, #4143, .F. ) ;
#1456 = CARTESIAN_POINT ( 'NONE',  ( -6.462667090921570434, 0.4366839766468764705, 11.00000000000000000 ) ) ;
#1457 = ORIENTED_EDGE ( 'NONE', *, *, #3430, .T. ) ;
#1458 =( NAMED_UNIT ( * ) PLANE_ANGLE_UNIT ( ) SI_UNIT ( $, .RADIAN. ) );
#1459 = CARTESIAN_POINT ( 'NONE',  ( 4.992174508239074271, 4.127342062735865902, 11.00000000000000000 ) ) ;
#1460 = ORIENTED_EDGE ( 'NONE', *, *, #4432, .T. ) ;
#1461 = ADVANCED_FACE ( 'NONE', ( #1729 ), #664, .T. ) ;
#1462 = EDGE_CURVE ( 'NONE', #162, #1101, #2788, .T. ) ;
#1463 = LINE ( 'NONE', #3193, #3453 ) ;
#1464 = AXIS2_PLACEMENT_3D ( 'NONE', #602, #2014, #3409 ) ;
#1465 = DIRECTION ( 'NONE',  ( -0.000000000000000000, -0.000000000000000000, -1.000000000000000000 ) ) ;
#1466 = LINE ( 'NONE', #3488, #1323 ) ;
#1467 = CIRCLE ( 'NONE', #3747, 10.50000000000000000 ) ;
#1468 = ADVANCED_FACE ( 'NONE', ( #4221 ), #4538, .T. ) ;
#1469 = ORIENTED_EDGE ( 'NONE', *, *, #3637, .F. ) ;
#1470 = ORIENTED_EDGE ( 'NONE', *, *, #2497, .F. ) ;
#1471 = CARTESIAN_POINT ( 'NONE',  ( 0.000000000000000000, 0.000000000000000000, 11.00000000000000000 ) ) ;
#1472 = VECTOR ( 'NONE', #3410, 1000.000000000000000 ) ;
#1473 = DIRECTION ( 'NONE',  ( 0.7879726629679192351, -0.6157102260115921988, 0.000000000000000000 ) ) ;
#1474 = DIRECTION ( 'NONE',  ( -0.000000000000000000, -0.000000000000000000, -1.000000000000000000 ) ) ;
#1475 = AXIS2_PLACEMENT_3D ( 'NONE', #3535, #2920, #4236 ) ;
#1476 = ORIENTED_EDGE ( 'NONE', *, *, #678, .T. ) ;
#1477 = VECTOR ( 'NONE', #799, 1000.000000000000000 ) ;
#1478 = ORIENTED_EDGE ( 'NONE', *, *, #2677, .F. ) ;
#1479 = CARTESIAN_POINT ( 'NONE',  ( 6.629430668458032194, 8.142521047692055092, 11.00000000000000000 ) ) ;
#1480 = DIRECTION ( 'NONE',  ( -0.000000000000000000, -0.000000000000000000, -1.000000000000000000 ) ) ;
#1481 = AXIS2_PLACEMENT_3D ( 'NONE', #2206, #2184, #1886 ) ;
#1482 = CARTESIAN_POINT ( 'NONE',  ( 0.000000000000000000, 0.000000000000000000, 11.00000000000000000 ) ) ;
#1483 = VECTOR ( 'NONE', #2463, 1000.000000000000000 ) ;
#1484 = AXIS2_PLACEMENT_3D ( 'NONE', #4011, #859, #1489 ) ;
#1485 = EDGE_LOOP ( 'NONE', ( #1476, #2433, #3197, #3946 ) ) ;
#1486 = CARTESIAN_POINT ( 'NONE',  ( -6.469897412374667311, 0.3117471682135856126, 5.000000000000000000 ) ) ;
#1487 = VERTEX_POINT ( 'NONE', #2482 ) ;
#1488 = CARTESIAN_POINT ( 'NONE',  ( -6.251618380275175468, 1.695295387520142416, 11.00000000000000000 ) ) ;
#1489 = DIRECTION ( 'NONE',  ( -0.7284952452422109870, -0.6850508577175060676, 0.000000000000000000 ) ) ;
#1490 = ADVANCED_FACE ( 'NONE', ( #1519 ), #2927, .T. ) ;
#1491 = VECTOR ( 'NONE', #3929, 1000.000000000000000 ) ;
#1492 = EDGE_LOOP ( 'NONE', ( #1655, #3768, #2342, #200 ) ) ;
#1493 = FACE_OUTER_BOUND ( 'NONE', #2055, .T. ) ;
#1494 = LINE ( 'NONE', #3971, #1330 ) ;
#1495 = ADVANCED_FACE ( 'NONE', ( #1890 ), #1143, .T. ) ;
#1496 = ORIENTED_EDGE ( 'NONE', *, *, #2858, .T. ) ;
#1497 = ORIENTED_EDGE ( 'NONE', *, *, #44, .F. ) ;
#1498 = DIRECTION ( 'NONE',  ( -0.9999933680726833529, 0.003641951489370385403, 0.000000000000000000 ) ) ;
#1499 = DIRECTION ( 'NONE',  ( -0.000000000000000000, 0.000000000000000000, 1.000000000000000000 ) ) ;
#1500 = ORIENTED_EDGE ( 'NONE', *, *, #3885, .T. ) ;
#1501 = ORIENTED_EDGE ( 'NONE', *, *, #3509, .T. ) ;
#1502 = EDGE_CURVE ( 'NONE', #1672, #3732, #3980, .T. ) ;
#1503 = DIRECTION ( 'NONE',  ( -0.2733224653375057045, 0.9619224656602152201, 0.000000000000000000 ) ) ;
#1504 = FACE_OUTER_BOUND ( 'NONE', #121, .T. ) ;
#1505 = CARTESIAN_POINT ( 'NONE',  ( 0.9927876096865427824, 11.26020948851444459, 5.000000000000000000 ) ) ;
#1506 = ORIENTED_EDGE ( 'NONE', *, *, #2032, .F. ) ;
#1507 = DIRECTION ( 'NONE',  ( 0.9999933680726833529, -0.003641951489370385837, 0.000000000000000000 ) ) ;
#1508 = ORIENTED_EDGE ( 'NONE', *, *, #3719, .T. ) ;
#1509 = CARTESIAN_POINT ( 'NONE',  ( 0.000000000000000000, 0.000000000000000000, 5.000000000000000000 ) ) ;
#1510 = DIRECTION ( 'NONE',  ( 0.7218435344370552897, 0.6920562923573629899, 0.000000000000000000 ) ) ;
#1511 = EDGE_LOOP ( 'NONE', ( #2178, #4429, #3444, #2789 ) ) ;
#1512 = FACE_OUTER_BOUND ( 'NONE', #2980, .T. ) ;
#1513 = PLANE ( 'NONE',  #1038 ) ;
#1514 = LINE ( 'NONE', #3283, #2508 ) ;
#1515 = EDGE_CURVE ( 'NONE', #269, #279, #4275, .T. ) ;
#1516 = VERTEX_POINT ( 'NONE', #4316 ) ;
#1517 = ORIENTED_EDGE ( 'NONE', *, *, #1146, .T. ) ;
#1518 = DIRECTION ( 'NONE',  ( -0.05050193928634644919, 0.9987239629288555687, 0.000000000000000000 ) ) ;
#1519 = FACE_OUTER_BOUND ( 'NONE', #3955, .T. ) ;
#1520 = ORIENTED_EDGE ( 'NONE', *, *, #4004, .T. ) ;
#1521 = EDGE_LOOP ( 'NONE', ( #3584, #3481, #2021, #2658 ) ) ;
#1522 = CARTESIAN_POINT ( 'NONE',  ( 0.000000000000000000, 0.000000000000000000, 5.000000000000000000 ) ) ;
#1523 = EDGE_CURVE ( 'NONE', #2672, #3561, #3977, .T. ) ;
#1524 = PLANE ( 'NONE',  #2653 ) ;
#1525 = ORIENTED_EDGE ( 'NONE', *, *, #1561, .T. ) ;
#1526 = DIRECTION ( 'NONE',  ( 0.000000000000000000, 0.000000000000000000, -1.000000000000000000 ) ) ;
#1527 = ORIENTED_EDGE ( 'NONE', *, *, #511, .T. ) ;
#1528 = AXIS2_PLACEMENT_3D ( 'NONE', #24, #3247, #2168 ) ;
#1529 = CARTESIAN_POINT ( 'NONE',  ( 2.500000000000000000, 3.061616997868383141E-16, 17.00000000000000000 ) ) ;
#1530 = DIRECTION ( 'NONE',  ( 0.05777515979386498024, 0.9983296203713447614, 0.000000000000000000 ) ) ;
#1531 = FACE_OUTER_BOUND ( 'NONE', #1435, .T. ) ;
#1532 = ORIENTED_EDGE ( 'NONE', *, *, #3969, .T. ) ;
#1533 = CARTESIAN_POINT ( 'NONE',  ( -4.782330937545314242, -10.23882176978898073, 11.00000000000000000 ) ) ;
#1534 = CARTESIAN_POINT ( 'NONE',  ( 5.861308068254630577, 9.661740431139776319, 11.00000000000000000 ) ) ;
#1535 = EDGE_CURVE ( 'NONE', #2120, #3827, #2292, .T. ) ;
#1536 = CARTESIAN_POINT ( 'NONE',  ( 6.471996502454001821, 0.2646131058054299601, 11.00000000000000000 ) ) ;
#1537 = VECTOR ( 'NONE', #4521, 1000.000000000000000 ) ;
#1538 = VERTEX_POINT ( 'NONE', #2189 ) ;
#1539 = CARTESIAN_POINT ( 'NONE',  ( -5.741020620888816595, 2.999573478691762940, 11.00000000000000000 ) ) ;
#1540 = VECTOR ( 'NONE', #2695, 1000.000000000000000 ) ;
#1541 = CARTESIAN_POINT ( 'NONE',  ( 7.822890946873293672, 7.003740231713902809, 5.000000000000000000 ) ) ;
#1542 = EDGE_CURVE ( 'NONE', #4276, #3661, #2807, .T. ) ;
#1543 = CARTESIAN_POINT ( 'NONE',  ( 10.29929669993096830, -2.043156256087886646, 5.000000000000000000 ) ) ;
#1544 = VERTEX_POINT ( 'NONE', #1847 ) ;
#1545 = VERTEX_POINT ( 'NONE', #3618 ) ;
#1546 = VECTOR ( 'NONE', #3933, 1000.000000000000114 ) ;
#1547 = DIRECTION ( 'NONE',  ( -0.000000000000000000, -0.000000000000000000, -1.000000000000000000 ) ) ;
#1548 = DIRECTION ( 'NONE',  ( -1.000000000000000000, 0.000000000000000000, 0.000000000000000000 ) ) ;
#1549 = VECTOR ( 'NONE', #1720, 1000.000000000000000 ) ;
#1550 = EDGE_CURVE ( 'NONE', #1635, #3801, #2906, .T. ) ;
#1551 = VECTOR ( 'NONE', #715, 1000.000000000000114 ) ;
#1552 = CARTESIAN_POINT ( 'NONE',  ( -6.048716639856849042, -2.317279835121281995, 11.00000000000000000 ) ) ;
#1553 = EDGE_LOOP ( 'NONE', ( #2936, #2842, #4037, #861 ) ) ;
#1554 = CARTESIAN_POINT ( 'NONE',  ( -2.204410643328152286, -11.08686243617911771, 11.00000000000000000 ) ) ;
#1555 = ORIENTED_EDGE ( 'NONE', *, *, #2904, .T. ) ;
#1556 = VECTOR ( 'NONE', #422, 1000.000000000000114 ) ;
#1557 = VECTOR ( 'NONE', #26, 999.9999999999998863 ) ;
#1558 = FACE_OUTER_BOUND ( 'NONE', #2866, .T. ) ;
#1559 = PLANE ( 'NONE',  #1484 ) ;
#1560 = CIRCLE ( 'NONE', #3174, 10.50000000000000000 ) ;
#1561 = EDGE_CURVE ( 'NONE', #1544, #1538, #3287, .T. ) ;
#1562 = CIRCLE ( 'NONE', #2000, 10.50000000000000000 ) ;
#1563 = EDGE_LOOP ( 'NONE', ( #2449, #4055, #1047, #1606 ) ) ;
#1564 = EDGE_LOOP ( 'NONE', ( #1118, #332, #4165, #3918 ) ) ;
#1565 = EDGE_CURVE ( 'NONE', #1862, #410, #414, .T. ) ;
#1566 = DIRECTION ( 'NONE',  ( 0.9778966340309797056, -0.2090889120706310167, 0.000000000000000000 ) ) ;
#1567 = DIRECTION ( 'NONE',  ( -0.9778966340309797056, 0.2090889120706310444, 0.000000000000000000 ) ) ;
#1568 = VECTOR ( 'NONE', #1352, 1000.000000000000000 ) ;
#1569 = DIRECTION ( 'NONE',  ( 0.6427876096865408062, 0.7660444431189767922, 0.000000000000000000 ) ) ;
#1570 = FACE_OUTER_BOUND ( 'NONE', #1222, .T. ) ;
#1571 = ORIENTED_EDGE ( 'NONE', *, *, #2872, .F. ) ;
#1572 = CARTESIAN_POINT ( 'NONE',  ( 0.000000000000000000, 0.000000000000000000, 1.000000000000000000 ) ) ;
#1573 = CARTESIAN_POINT ( 'NONE',  ( 0.000000000000000000, 0.000000000000000000, 11.00000000000000000 ) ) ;
#1574 = DIRECTION ( 'NONE',  ( -0.9276225337045914676, 0.3735189887589037694, 0.000000000000000000 ) ) ;
#1575 = VERTEX_POINT ( 'NONE', #3935 ) ;
#1576 = ORIENTED_EDGE ( 'NONE', *, *, #1406, .T. ) ;
#1577 = DIRECTION ( 'NONE',  ( 0.8040726009977304800, 0.5945311197277605153, 0.000000000000000000 ) ) ;
#1578 = CARTESIAN_POINT ( 'NONE',  ( 3.019124346580250418, -10.05658431973234102, 5.000000000000000000 ) ) ;
#1579 = FACE_OUTER_BOUND ( 'NONE', #404, .T. ) ;
#1580 = ORIENTED_EDGE ( 'NONE', *, *, #1073, .F. ) ;
#1581 = DIRECTION ( 'NONE',  ( 0.1141001209780145298, -0.9934692558870669155, 0.000000000000000000 ) ) ;
#1582 = EDGE_LOOP ( 'NONE', ( #168, #1007, #50, #2790 ) ) ;
#1583 = EDGE_CURVE ( 'NONE', #1704, #3059, #480, .T. ) ;
#1584 = ORIENTED_EDGE ( 'NONE', *, *, #2978, .F. ) ;
#1585 = VERTEX_POINT ( 'NONE', #1543 ) ;
#1586 = LINE ( 'NONE', #2272, #3159 ) ;
#1587 = LINE ( 'NONE', #3351, #2647 ) ;
#1588 = ORIENTED_EDGE ( 'NONE', *, *, #1673, .F. ) ;
#1589 = DIRECTION ( 'NONE',  ( -0.000000000000000000, -0.000000000000000000, -1.000000000000000000 ) ) ;
#1590 = CARTESIAN_POINT ( 'NONE',  ( 11.29744385889069846, -0.3817161489780996342, 11.00000000000000000 ) ) ;
#1591 = ORIENTED_EDGE ( 'NONE', *, *, #2023, .F. ) ;
#1592 = ORIENTED_EDGE ( 'NONE', *, *, #3181, .F. ) ;
#1593 = ORIENTED_EDGE ( 'NONE', *, *, #4143, .T. ) ;
#1594 = CARTESIAN_POINT ( 'NONE',  ( -3.569281488838021321, 10.72214484527913925, 11.00000000000000000 ) ) ;
#1595 = DIRECTION ( 'NONE',  ( -0.9050319475970136640, -0.4253435950249589426, 0.000000000000000000 ) ) ;
#1596 = CARTESIAN_POINT ( 'NONE',  ( -9.878383375456513349, -3.559149039799313741, 5.000000000000000000 ) ) ;
#1597 = ORIENTED_EDGE ( 'NONE', *, *, #4269, .F. ) ;
#1598 = PLANE ( 'NONE',  #4336 ) ;
#1599 = EDGE_LOOP ( 'NONE', ( #1457, #866, #1378, #3180 ) ) ;
#1600 = PLANE ( 'NONE',  #1315 ) ;
#1601 = CARTESIAN_POINT ( 'NONE',  ( 10.29929669993097008, -2.043156256087887090, 11.00000000000000000 ) ) ;
#1602 =( NAMED_UNIT ( * ) SI_UNIT ( $, .STERADIAN. ) SOLID_ANGLE_UNIT ( ) );
#1603 = AXIS2_PLACEMENT_3D ( 'NONE', #2554, #1872, #3268 ) ;
#1604 = EDGE_CURVE ( 'NONE', #4420, #1109, #2211, .T. ) ;
#1605 = CARTESIAN_POINT ( 'NONE',  ( 0.3500000000000021427, 10.49416504539546580, 11.00000000000000000 ) ) ;
#1606 = ORIENTED_EDGE ( 'NONE', *, *, #2771, .T. ) ;
#1607 = AXIS2_PLACEMENT_3D ( 'NONE', #448, #424, #2938 ) ;
#1608 = LINE ( 'NONE', #4507, #2809 ) ;
#1609 = FACE_OUTER_BOUND ( 'NONE', #808, .T. ) ;
#1610 = PLANE ( 'NONE',  #3316 ) ;
#1611 = EDGE_CURVE ( 'NONE', #578, #1892, #3888, .T. ) ;
#1612 = ORIENTED_EDGE ( 'NONE', *, *, #3778, .T. ) ;
#1613 = EDGE_CURVE ( 'NONE', #974, #2881, #777, .T. ) ;
#1614 = DIRECTION ( 'NONE',  ( -1.000000000000000000, 0.000000000000000000, 0.000000000000000000 ) ) ;
#1615 = EDGE_CURVE ( 'NONE', #4489, #1109, #1562, .T. ) ;
#1616 = DIRECTION ( 'NONE',  ( -0.000000000000000000, -0.000000000000000000, -1.000000000000000000 ) ) ;
#1617 = DIRECTION ( 'NONE',  ( 1.000000000000000000, 0.000000000000000000, 0.000000000000000000 ) ) ;
#1618 = AXIS2_PLACEMENT_3D ( 'NONE', #571, #3751, #998 ) ;
#1619 = ORIENTED_EDGE ( 'NONE', *, *, #2450, .T. ) ;
#1620 = DIRECTION ( 'NONE',  ( -0.000000000000000000, 0.000000000000000000, 1.000000000000000000 ) ) ;
#1621 = VERTEX_POINT ( 'NONE', #2859 ) ;
#1622 = VECTOR ( 'NONE', #814, 1000.000000000000000 ) ;
#1623 = CIRCLE ( 'NONE', #1395, 10.50000000000000000 ) ;
#1624 = CARTESIAN_POINT ( 'NONE',  ( 0.000000000000000000, 0.000000000000000000, 5.000000000000000000 ) ) ;
#1625 = CIRCLE ( 'NONE', #4178, 2.500000000000000000 ) ;
#1626 = CIRCLE ( 'NONE', #4404, 10.50000000000000000 ) ;
#1627 = ORIENTED_EDGE ( 'NONE', *, *, #4292, .T. ) ;
#1628 = CARTESIAN_POINT ( 'NONE',  ( 7.604739771919065916, 8.363365229653085819, 11.00000000000000000 ) ) ;
#1629 = EDGE_CURVE ( 'NONE', #3561, #2672, #297, .T. ) ;
#1630 = CYLINDRICAL_SURFACE ( 'NONE', #3249, 7.000000000000000000 ) ;
#1631 = VECTOR ( 'NONE', #985, 1000.000000000000000 ) ;
#1632 = COLOUR_RGB ( '',0.7921568627450980005, 0.8196078431372548767, 0.9333333333333333481 ) ;
#1633 = LINE ( 'NONE', #4357, #3968 ) ;
#1634 = AXIS2_PLACEMENT_3D ( 'NONE', #689, #4520, #1054 ) ;
#1635 = VERTEX_POINT ( 'NONE', #1821 ) ;
#1636 = VECTOR ( 'NONE', #283, 1000.000000000000227 ) ;
#1637 = CARTESIAN_POINT ( 'NONE',  ( -7.939387322721387363, 8.046370231538492845, 11.00000000000000000 ) ) ;
#1638 = EDGE_CURVE ( 'NONE', #4077, #3432, #3222, .T. ) ;
#1639 = LINE ( 'NONE', #3040, #639 ) ;
#1640 = VECTOR ( 'NONE', #1465, 1000.000000000000000 ) ;
#1641 = ORIENTED_EDGE ( 'NONE', *, *, #4194, .T. ) ;
#1642 = CYLINDRICAL_SURFACE ( 'NONE', #2794, 10.50000000000000000 ) ;
#1643 = FACE_OUTER_BOUND ( 'NONE', #628, .T. ) ;
#1644 = CARTESIAN_POINT ( 'NONE',  ( 0.000000000000000000, 0.000000000000000000, 11.00000000000000000 ) ) ;
#1645 = EDGE_CURVE ( 'NONE', #3679, #4159, #2888, .T. ) ;
#1646 = EDGE_CURVE ( 'NONE', #1184, #314, #2606, .T. ) ;
#1647 = ORIENTED_EDGE ( 'NONE', *, *, #3885, .F. ) ;
#1648 = CARTESIAN_POINT ( 'NONE',  ( -4.000000000000000000, 0.000000000000000000, 1.000000000000000000 ) ) ;
#1649 = DIRECTION ( 'NONE',  ( 1.000000000000000000, 0.000000000000000000, 0.000000000000000000 ) ) ;
#1650 = LINE ( 'NONE', #4076, #151 ) ;
#1651 = ORIENTED_EDGE ( 'NONE', *, *, #923, .F. ) ;
#1652 = LINE ( 'NONE', #4185, #1998 ) ;
#1653 =( NAMED_UNIT ( * ) PLANE_ANGLE_UNIT ( ) SI_UNIT ( $, .RADIAN. ) );
#1654 = DIRECTION ( 'NONE',  ( -0.9100860186832909760, 0.4144193993977555168, 0.000000000000000000 ) ) ;
#1655 = ORIENTED_EDGE ( 'NONE', *, *, #1120, .F. ) ;
#1656 = LINE ( 'NONE', #4377, #1701 ) ;
#1657 = EDGE_CURVE ( 'NONE', #4418, #3596, #848, .T. ) ;
#1658 = ORIENTED_EDGE ( 'NONE', *, *, #3906, .T. ) ;
#1659 = DIRECTION ( 'NONE',  ( -0.000000000000000000, 0.000000000000000000, 1.000000000000000000 ) ) ;
#1660 = LINE ( 'NONE', #3127, #1975 ) ;
#1661 = DIRECTION ( 'NONE',  ( -0.000000000000000000, -0.000000000000000000, -1.000000000000000000 ) ) ;
#1662 = EDGE_CURVE ( 'NONE', #2313, #1672, #3388, .T. ) ;
#1663 = ADVANCED_FACE ( 'NONE', ( #568 ), #4380, .T. ) ;
#1664 = ORIENTED_EDGE ( 'NONE', *, *, #325, .F. ) ;
#1665 = CYLINDRICAL_SURFACE ( 'NONE', #1034, 10.50000000000000000 ) ;
#1666 = FACE_OUTER_BOUND ( 'NONE', #3326, .T. ) ;
#1667 = ADVANCED_FACE ( 'NONE', ( #3313 ), #167, .T. ) ;
#1668 = CARTESIAN_POINT ( 'NONE',  ( -3.412983367804507839, -5.505297753494418522, 11.00000000000000000 ) ) ;
#1669 = ORIENTED_EDGE ( 'NONE', *, *, #2655, .T. ) ;
#1670 = LINE ( 'NONE', #307, #3901 ) ;
#1671 = FACE_OUTER_BOUND ( 'NONE', #217, .T. ) ;
#1672 = VERTEX_POINT ( 'NONE', #3706 ) ;
#1673 = EDGE_CURVE ( 'NONE', #3210, #2029, #4360, .T. ) ;
#1674 = PRODUCT_DEFINITION_FORMATION_WITH_SPECIFIED_SOURCE ( 'ANY', '', #60, .NOT_KNOWN. ) ;
#1675 = ORIENTED_EDGE ( 'NONE', *, *, #4227, .T. ) ;
#1676 = ORIENTED_EDGE ( 'NONE', *, *, #3921, .T. ) ;
#1677 = CARTESIAN_POINT ( 'NONE',  ( 6.471996502454001821, 0.2646131058054299601, 11.00000000000000000 ) ) ;
#1678 = ADVANCED_FACE ( 'NONE', ( #1235 ), #1610, .T. ) ;
#1679 = DIRECTION ( 'NONE',  ( -0.9645179275566623245, -0.2640173619703848340, 0.000000000000000000 ) ) ;
#1680 = CARTESIAN_POINT ( 'NONE',  ( 5.645873701446666892, -8.852915347348179864, 11.00000000000000000 ) ) ;
#1681 = ORIENTED_EDGE ( 'NONE', *, *, #584, .F. ) ;
#1682 = VECTOR ( 'NONE', #2174, 1000.000000000000227 ) ;
#1683 = LINE ( 'NONE', #1648, #1410 ) ;
#1684 = CARTESIAN_POINT ( 'NONE',  ( 0.000000000000000000, 0.000000000000000000, 5.000000000000000000 ) ) ;
#1685 = ADVANCED_FACE ( 'NONE', ( #2676 ), #2952, .T. ) ;
#1686 = CIRCLE ( 'NONE', #1987, 7.000000000000000000 ) ;
#1687 = LINE ( 'NONE', #4057, #2352 ) ;
#1688 = ORIENTED_EDGE ( 'NONE', *, *, #2759, .F. ) ;
#1689 = DIRECTION ( 'NONE',  ( 0.000000000000000000, 0.000000000000000000, -1.000000000000000000 ) ) ;
#1690 = AXIS2_PLACEMENT_3D ( 'NONE', #2821, #1733, #1784 ) ;
#1691 = CARTESIAN_POINT ( 'NONE',  ( 0.000000000000000000, 0.000000000000000000, 12.00000000000000000 ) ) ;
#1692 = AXIS2_PLACEMENT_3D ( 'NONE', #1739, #2710, #3139 ) ;
#1693 = AXIS2_PLACEMENT_3D ( 'NONE', #3474, #1074, #1404 ) ;
#1694 = VERTEX_POINT ( 'NONE', #2582 ) ;
#1695 = EDGE_CURVE ( 'NONE', #3850, #3651, #19, .T. ) ;
#1696 = DIRECTION ( 'NONE',  ( -0.5124298057923911687, 0.8587291156910730194, 0.000000000000000000 ) ) ;
#1697 = ORIENTED_EDGE ( 'NONE', *, *, #2739, .T. ) ;
#1698 = FACE_OUTER_BOUND ( 'NONE', #3277, .T. ) ;
#1699 = AXIS2_PLACEMENT_3D ( 'NONE', #2935, #3325, #809 ) ;
#1700 = VECTOR ( 'NONE', #3538, 1000.000000000000000 ) ;
#1701 = VECTOR ( 'NONE', #1262, 1000.000000000000114 ) ;
#1702 = ORIENTED_EDGE ( 'NONE', *, *, #125, .T. ) ;
#1703 = AXIS2_PLACEMENT_3D ( 'NONE', #184, #226, #3308 ) ;
#1704 = VERTEX_POINT ( 'NONE', #654 ) ;
#1705 = ORIENTED_EDGE ( 'NONE', *, *, #3540, .F. ) ;
#1706 = CARTESIAN_POINT ( 'NONE',  ( 9.528055790867218988, 6.082277353861754499, 11.00000000000000000 ) ) ;
#1707 = DIRECTION ( 'NONE',  ( 0.05777515979386498024, 0.9983296203713447614, 0.000000000000000000 ) ) ;
#1708 = AXIS2_PLACEMENT_3D ( 'NONE', #288, #3101, #3122 ) ;
#1709 = DIRECTION ( 'NONE',  ( -0.000000000000000000, -0.000000000000000000, -1.000000000000000000 ) ) ;
#1710 = ORIENTED_EDGE ( 'NONE', *, *, #180, .F. ) ;
#1711 = CARTESIAN_POINT ( 'NONE',  ( 0.000000000000000000, 0.000000000000000000, 11.00000000000000000 ) ) ;
#1712 = CARTESIAN_POINT ( 'NONE',  ( 3.888852443383111090, 5.180114428961465123, 11.00000000000000000 ) ) ;
#1713 = CARTESIAN_POINT ( 'NONE',  ( 2.797748923831675949, 5.842033873809643119, 11.00000000000000000 ) ) ;
#1714 = EDGE_CURVE ( 'NONE', #3290, #3352, #3558, .T. ) ;
#1715 = ORIENTED_EDGE ( 'NONE', *, *, #3329, .T. ) ;
#1716 = CARTESIAN_POINT ( 'NONE',  ( 6.465676394360115431, 0.3895992645730865789, 5.000000000000000000 ) ) ;
#1717 = CARTESIAN_POINT ( 'NONE',  ( -7.019795305816823650, -7.808487296809292211, 11.00000000000000000 ) ) ;
#1718 = CARTESIAN_POINT ( 'NONE',  ( -2.149713431733061064, -6.110277488377058752, 5.000000000000000000 ) ) ;
#1719 = ORIENTED_EDGE ( 'NONE', *, *, #2621, .T. ) ;
#1720 = DIRECTION ( 'NONE',  ( -0.000000000000000000, -0.000000000000000000, -1.000000000000000000 ) ) ;
#1721 = ORIENTED_EDGE ( 'NONE', *, *, #503, .T. ) ;
#1722 = LINE ( 'NONE', #3416, #2221 ) ;
#1723 = CARTESIAN_POINT ( 'NONE',  ( -0.9107435438973024988, 11.26714210261090621, 5.000000000000000000 ) ) ;
#1724 = EDGE_CURVE ( 'NONE', #3922, #3932, #1466, .T. ) ;
#1725 = ORIENTED_EDGE ( 'NONE', *, *, #1895, .T. ) ;
#1726 = ORIENTED_EDGE ( 'NONE', *, *, #1324, .F. ) ;
#1727 = DIRECTION ( 'NONE',  ( 0.000000000000000000, 0.000000000000000000, -1.000000000000000000 ) ) ;
#1728 = DIRECTION ( 'NONE',  ( 0.000000000000000000, 0.000000000000000000, 1.000000000000000000 ) ) ;
#1729 = FACE_OUTER_BOUND ( 'NONE', #3743, .T. ) ;
#1730 = ORIENTED_EDGE ( 'NONE', *, *, #1724, .T. ) ;
#1731 = DIRECTION ( 'NONE',  ( -0.000000000000000000, -0.000000000000000000, -1.000000000000000000 ) ) ;
#1732 = DIRECTION ( 'NONE',  ( -0.000000000000000000, -0.000000000000000000, -1.000000000000000000 ) ) ;
#1733 = DIRECTION ( 'NONE',  ( 0.000000000000000000, 0.000000000000000000, -1.000000000000000000 ) ) ;
#1734 = ORIENTED_EDGE ( 'NONE', *, *, #2420, .T. ) ;
#1735 = LINE ( 'NONE', #3135, #1556 ) ;
#1736 = CARTESIAN_POINT ( 'NONE',  ( 8.841298865386789885, -5.664047525657804449, 5.000000000000000000 ) ) ;
#1737 = DIRECTION ( 'NONE',  ( -0.5945311197277605153, 0.8040726009977303690, 0.000000000000000000 ) ) ;
#1738 = ORIENTED_EDGE ( 'NONE', *, *, #1068, .F. ) ;
#1739 = CARTESIAN_POINT ( 'NONE',  ( 0.000000000000000000, 0.000000000000000000, 11.00000000000000000 ) ) ;
#1740 = DIRECTION ( 'NONE',  ( -0.000000000000000000, -0.000000000000000000, -1.000000000000000000 ) ) ;
#1741 = CARTESIAN_POINT ( 'NONE',  ( -4.000000000000000000, 0.000000000000000000, 11.00000000000000000 ) ) ;
#1742 = EDGE_CURVE ( 'NONE', #3038, #3579, #3686, .T. ) ;
#1743 = DIRECTION ( 'NONE',  ( 0.7924365037341237761, 0.6099544143209704172, 0.000000000000000000 ) ) ;
#1744 = EDGE_CURVE ( 'NONE', #2721, #3121, #951, .T. ) ;
#1745 = VERTEX_POINT ( 'NONE', #1423 ) ;
#1746 = VECTOR ( 'NONE', #1304, 1000.000000000000000 ) ;
#1747 = ORIENTED_EDGE ( 'NONE', *, *, #1646, .F. ) ;
#1748 = FACE_OUTER_BOUND ( 'NONE', #2246, .T. ) ;
#1749 = CARTESIAN_POINT ( 'NONE',  ( 11.20131120659796409, 1.519398636342918163, 11.00000000000000000 ) ) ;
#1750 = CARTESIAN_POINT ( 'NONE',  ( -7.087211819622559084, -8.806212215645281560, 11.00000000000000000 ) ) ;
#1751 = VERTEX_POINT ( 'NONE', #3839 ) ;
#1752 = EDGE_CURVE ( 'NONE', #1866, #779, #41, .T. ) ;
#1753 = VERTEX_POINT ( 'NONE', #2088 ) ;
#1754 = FACE_OUTER_BOUND ( 'NONE', #608, .T. ) ;
#1755 = CYLINDRICAL_SURFACE ( 'NONE', #2274, 7.000000000000000000 ) ;
#1756 = CARTESIAN_POINT ( 'NONE',  ( 6.806038177178730386, -9.021197523638058158, 11.00000000000000000 ) ) ;
#1757 = EDGE_CURVE ( 'NONE', #474, #548, #3171, .T. ) ;
#1758 = VERTEX_POINT ( 'NONE', #1723 ) ;
#1759 = CARTESIAN_POINT ( 'NONE',  ( -10.89965690040262380, -2.983561610426931576, 11.00000000000000000 ) ) ;
#1760 = CARTESIAN_POINT ( 'NONE',  ( 6.629430668458032194, 8.142521047692055092, 11.00000000000000000 ) ) ;
#1761 = FACE_OUTER_BOUND ( 'NONE', #2914, .T. ) ;
#1762 = ORIENTED_EDGE ( 'NONE', *, *, #2872, .T. ) ;
#1763 = VECTOR ( 'NONE', #237, 1000.000000000000000 ) ;
#1764 = DIRECTION ( 'NONE',  ( 0.09488552549894935240, -0.9954881903120640363, 0.000000000000000000 ) ) ;
#1765 = CARTESIAN_POINT ( 'NONE',  ( 5.645873701446667781, -8.852915347348179864, 5.000000000000000000 ) ) ;
#1766 = DIRECTION ( 'NONE',  ( 1.000000000000000000, 0.000000000000000000, 0.000000000000000000 ) ) ;
#1767 = CIRCLE ( 'NONE', #4467, 10.50000000000000000 ) ;
#1768 = VECTOR ( 'NONE', #3067, 1000.000000000000114 ) ;
#1769 = DIRECTION ( 'NONE',  ( -0.3757223501221340078, 0.9267322782868310238, 0.000000000000000000 ) ) ;
#1770 = AXIS2_PLACEMENT_3D ( 'NONE', #3343, #196, #148 ) ;
#1771 = EDGE_CURVE ( 'NONE', #3552, #173, #2830, .T. ) ;
#1772 = ORIENTED_EDGE ( 'NONE', *, *, #4061, .T. ) ;
#1773 = AXIS2_PLACEMENT_3D ( 'NONE', #2961, #3594, #1857 ) ;
#1774 = ORIENTED_EDGE ( 'NONE', *, *, #223, .F. ) ;
#1775 = CARTESIAN_POINT ( 'NONE',  ( -1.430496923587078584, 6.317470805247103804, 11.00000000000000000 ) ) ;
#1776 = DIRECTION ( 'NONE',  ( 0.9874091801630524579, 0.1581869493028067453, -0.000000000000000000 ) ) ;
#1777 = AXIS2_PLACEMENT_3D ( 'NONE', #1266, #1574, #2977 ) ;
#1778 = LINE ( 'NONE', #1029, #3898 ) ;
#1779 = ORIENTED_EDGE ( 'NONE', *, *, #2255, .F. ) ;
#1780 = ORIENTED_EDGE ( 'NONE', *, *, #2133, .F. ) ;
#1781 = FILL_AREA_STYLE_COLOUR ( '', #455 ) ;
#1782 = CARTESIAN_POINT ( 'NONE',  ( 0.7866705388829042800, -10.47048945671851961, 11.00000000000000000 ) ) ;
#1783 = CIRCLE ( 'NONE', #4343, 4.000000000000000000 ) ;
#1784 = DIRECTION ( 'NONE',  ( -1.000000000000000000, 0.000000000000000000, 0.000000000000000000 ) ) ;
#1785 = ORIENTED_EDGE ( 'NONE', *, *, #3265, .F. ) ;
#1786 = DIRECTION ( 'NONE',  ( 0.9753091034610330556, 0.2208441819610289514, 0.000000000000000000 ) ) ;
#1787 = DIRECTION ( 'NONE',  ( 1.000000000000000000, 0.000000000000000000, 0.000000000000000000 ) ) ;
#1788 = DIRECTION ( 'NONE',  ( -1.000000000000000000, 0.000000000000000000, 0.000000000000000000 ) ) ;
#1789 = VERTEX_POINT ( 'NONE', #2502 ) ;
#1790 = CARTESIAN_POINT ( 'NONE',  ( -0.03898322043091653755, 6.477286401886701128, 11.00000000000000000 ) ) ;
#1791 = CARTESIAN_POINT ( 'NONE',  ( 8.586207589667441908, -7.347189915664696258, 11.00000000000000000 ) ) ;
#1792 = CARTESIAN_POINT ( 'NONE',  ( 10.46623223472574438, 0.8414171431506021204, 5.000000000000000000 ) ) ;
#1793 = VERTEX_POINT ( 'NONE', #1741 ) ;
#1794 = ORIENTED_EDGE ( 'NONE', *, *, #4428, .T. ) ;
#1795 = CARTESIAN_POINT ( 'NONE',  ( 0.000000000000000000, 0.000000000000000000, 1.000000000000000000 ) ) ;
#1796 = DIRECTION ( 'NONE',  ( -1.000000000000000000, 0.000000000000000000, 0.000000000000000000 ) ) ;
#1797 = ADVANCED_FACE ( 'NONE', ( #1017 ), #3908, .F. ) ;
#1798 = DIRECTION ( 'NONE',  ( -0.000000000000000000, -0.000000000000000000, -1.000000000000000000 ) ) ;
#1799 = EDGE_LOOP ( 'NONE', ( #401, #3927, #4491, #3964 ) ) ;
#1800 = ORIENTED_EDGE ( 'NONE', *, *, #98, .T. ) ;
#1801 = CYLINDRICAL_SURFACE ( 'NONE', #3462, 10.50000000000000000 ) ;
#1802 = CARTESIAN_POINT ( 'NONE',  ( -7.771669198173493776, 7.060535239920654682, 11.00000000000000000 ) ) ;
#1803 = EDGE_CURVE ( 'NONE', #3219, #849, #1065, .T. ) ;
#1804 = LINE ( 'NONE', #3894, #806 ) ;
#1805 = EDGE_CURVE ( 'NONE', #3038, #1545, #2163, .T. ) ;
#1806 = ORIENTED_EDGE ( 'NONE', *, *, #3118, .T. ) ;
#1807 = EDGE_CURVE ( 'NONE', #3917, #2586, #2110, .T. ) ;
#1808 = FACE_OUTER_BOUND ( 'NONE', #3855, .T. ) ;
#1809 = EDGE_LOOP ( 'NONE', ( #2509, #697, #2315, #4175 ) ) ;
#1810 = ADVANCED_FACE ( 'NONE', ( #354 ), #2781, .T. ) ;
#1811 = CARTESIAN_POINT ( 'NONE',  ( 3.610761202405437409, -9.859635061157366209, 5.000000000000000000 ) ) ;
#1812 = ORIENTED_EDGE ( 'NONE', *, *, #1332, .T. ) ;
#1813 = DIRECTION ( 'NONE',  ( -0.000000000000000000, 0.000000000000000000, 1.000000000000000000 ) ) ;
#1814 = CARTESIAN_POINT ( 'NONE',  ( 8.224839597520867684, 6.527021801331200024, 11.00000000000000000 ) ) ;
#1815 = MANIFOLD_SOLID_BREP ( 'Enl\X2\00e8\X0\v. mat.-Extru.1', #3301 ) ;
#1816 = EDGE_CURVE ( 'NONE', #4161, #27, #1855, .T. ) ;
#1817 = ORIENTED_EDGE ( 'NONE', *, *, #1714, .T. ) ;
#1818 = ORIENTED_EDGE ( 'NONE', *, *, #1186, .F. ) ;
#1819 = CARTESIAN_POINT ( 'NONE',  ( -10.41254409751792487, -1.352377690308677272, 5.000000000000000000 ) ) ;
#1820 = DIRECTION ( 'NONE',  ( -0.6519615110608887321, 0.7582520610556905405, 0.000000000000000000 ) ) ;
#1821 = CARTESIAN_POINT ( 'NONE',  ( -5.710207278664634956, -8.811556777022174103, 11.00000000000000000 ) ) ;
#1822 = VERTEX_POINT ( 'NONE', #2574 ) ;
#1823 = VERTEX_POINT ( 'NONE', #494 ) ;
#1824 = CARTESIAN_POINT ( 'NONE',  ( 0.000000000000000000, 0.000000000000000000, 5.000000000000000000 ) ) ;
#1825 = LINE ( 'NONE', #1432, #3961 ) ;
#1826 = VECTOR ( 'NONE', #1473, 1000.000000000000114 ) ;
#1827 = LINE ( 'NONE', #1552, #160 ) ;
#1828 = ORIENTED_EDGE ( 'NONE', *, *, #3737, .F. ) ;
#1829 = VECTOR ( 'NONE', #718, 1000.000000000000000 ) ;
#1830 = DIRECTION ( 'NONE',  ( -0.9999115257677118063, 0.01330190350612960211, 0.000000000000000000 ) ) ;
#1831 = VERTEX_POINT ( 'NONE', #3306 ) ;
#1832 = EDGE_CURVE ( 'NONE', #2165, #548, #1514, .T. ) ;
#1833 = LINE ( 'NONE', #1529, #2708 ) ;
#1834 = CARTESIAN_POINT ( 'NONE',  ( -1.914118084957140198, 10.32405695242137078, 11.00000000000000000 ) ) ;
#1835 = ORIENTED_EDGE ( 'NONE', *, *, #2989, .T. ) ;
#1836 = CARTESIAN_POINT ( 'NONE',  ( 3.265326656026316776, -5.594139849251596353, 11.00000000000000000 ) ) ;
#1837 = CARTESIAN_POINT ( 'NONE',  ( 3.390188977688464611, 10.78353205859460218, 5.000000000000000000 ) ) ;
#1838 = CARTESIAN_POINT ( 'NONE',  ( 2.500000000000000000, 3.061616997868383141E-16, 17.00000000000000000 ) ) ;
#1839 = EDGE_CURVE ( 'NONE', #739, #1875, #3972, .T. ) ;
#1840 = VECTOR ( 'NONE', #3403, 1000.000000000000227 ) ;
#1841 = ORIENTED_EDGE ( 'NONE', *, *, #496, .F. ) ;
#1842 = ORIENTED_EDGE ( 'NONE', *, *, #2655, .F. ) ;
#1843 =( GEOMETRIC_REPRESENTATION_CONTEXT ( 3 ) GLOBAL_UNCERTAINTY_ASSIGNED_CONTEXT ( ( #4511 ) ) GLOBAL_UNIT_ASSIGNED_CONTEXT ( ( #2337, #1653, #1602 ) ) REPRESENTATION_CONTEXT ( 'NONE', 'WORKASPACE' ) );
#1844 = AXIS2_PLACEMENT_3D ( 'NONE', #4243, #2092, #3842 ) ;
#1845 = DIRECTION ( 'NONE',  ( -0.1581869493028067175, 0.9874091801630523468, 0.000000000000000000 ) ) ;
#1846 = EDGE_CURVE ( 'NONE', #1347, #1758, #4015, .T. ) ;
#1847 = CARTESIAN_POINT ( 'NONE',  ( 3.019124346580250418, -10.05658431973234102, 11.00000000000000000 ) ) ;
#1848 = VECTOR ( 'NONE', #182, 1000.000000000000000 ) ;
#1849 = ORIENTED_EDGE ( 'NONE', *, *, #2923, .F. ) ;
#1850 = CIRCLE ( 'NONE', #1100, 4.000000000000000000 ) ;
#1851 = VERTEX_POINT ( 'NONE', #3930 ) ;
#1852 = CARTESIAN_POINT ( 'NONE',  ( 6.230760147890386236, 1.770419951029237549, 11.00000000000000000 ) ) ;
#1853 = DIRECTION ( 'NONE',  ( -1.000000000000000000, 0.000000000000000000, -0.000000000000000000 ) ) ;
#1854 = AXIS2_PLACEMENT_3D ( 'NONE', #4137, #3053, #1295 ) ;
#1855 = CIRCLE ( 'NONE', #4474, 10.50000000000000000 ) ;
#1856 = APPLICATION_CONTEXT ( 'automotive_design' ) ;
#1857 = DIRECTION ( 'NONE',  ( 0.4651876262429072151, -0.8852121058766024841, 0.000000000000000000 ) ) ;
#1858 = AXIS2_PLACEMENT_3D ( 'NONE', #3704, #1957, #3353 ) ;
#1859 = PRESENTATION_LAYER_ASSIGNMENT (  '', '', ( #3095 ) ) ;
#1860 = ORIENTED_EDGE ( 'NONE', *, *, #3517, .T. ) ;
#1861 = CARTESIAN_POINT ( 'NONE',  ( 9.224821487146297017, 6.533040141730482198, 11.00000000000000000 ) ) ;
#1862 = VERTEX_POINT ( 'NONE', #2945 ) ;
#1863 = CARTESIAN_POINT ( 'NONE',  ( -2.500000000000000000, 0.000000000000000000, 17.00000000000000000 ) ) ;
#1864 = CIRCLE ( 'NONE', #2437, 10.50000000000000000 ) ;
#1865 = ADVANCED_FACE ( 'NONE', ( #3949 ), #795, .T. ) ;
#1866 = VERTEX_POINT ( 'NONE', #1838 ) ;
#1867 = DIRECTION ( 'NONE',  ( -1.000000000000000000, 0.000000000000000000, 0.000000000000000000 ) ) ;
#1868 = DIRECTION ( 'NONE',  ( 0.9991652199118493671, 0.04085172356835942153, -0.000000000000000000 ) ) ;
#1869 = ADVANCED_FACE ( 'NONE', ( #822 ), #158, .T. ) ;
#1870 = ORIENTED_EDGE ( 'NONE', *, *, #616, .F. ) ;
#1871 = ORIENTED_EDGE ( 'NONE', *, *, #1515, .T. ) ;
#1872 = DIRECTION ( 'NONE',  ( 0.8818002642401218116, -0.4716230422552011858, 0.000000000000000000 ) ) ;
#1873 = CARTESIAN_POINT ( 'NONE',  ( 2.105150031715640413, -6.125773597473963328, 11.00000000000000000 ) ) ;
#1874 = ORIENTED_EDGE ( 'NONE', *, *, #1615, .F. ) ;
#1875 = VERTEX_POINT ( 'NONE', #3264 ) ;
#1876 = CARTESIAN_POINT ( 'NONE',  ( 6.398264798712729906, -1.009438650486008227, 11.00000000000000000 ) ) ;
#1877 = DIRECTION ( 'NONE',  ( -0.000000000000000000, -0.000000000000000000, -1.000000000000000000 ) ) ;
#1878 = ORIENTED_EDGE ( 'NONE', *, *, #1657, .T. ) ;
#1879 = LINE ( 'NONE', #856, #233 ) ;
#1880 = VERTEX_POINT ( 'NONE', #135 ) ;
#1881 = DIRECTION ( 'NONE',  ( -0.9651426188756584423, 0.2617245216441049238, 0.000000000000000000 ) ) ;
#1882 = DIRECTION ( 'NONE',  ( -0.2617245216441049238, -0.9651426188756584423, 0.000000000000000000 ) ) ;
#1883 = ORIENTED_EDGE ( 'NONE', *, *, #1219, .F. ) ;
#1884 = DIRECTION ( 'NONE',  ( -1.000000000000000000, 0.000000000000000000, 0.000000000000000000 ) ) ;
#1885 = DIRECTION ( 'NONE',  ( -0.9937375998835075164, 0.1117389036001600611, 0.000000000000000000 ) ) ;
#1886 = DIRECTION ( 'NONE',  ( -0.1653748979498468330, -0.9862307757964552390, 0.000000000000000000 ) ) ;
#1887 = ORIENTED_EDGE ( 'NONE', *, *, #1201, .F. ) ;
#1888 = EDGE_CURVE ( 'NONE', #2594, #2471, #430, .T. ) ;
#1889 = LINE ( 'NONE', #2976, #3363 ) ;
#1890 = FACE_OUTER_BOUND ( 'NONE', #1492, .T. ) ;
#1891 = VERTEX_POINT ( 'NONE', #4335 ) ;
#1892 = VERTEX_POINT ( 'NONE', #4310 ) ;
#1893 = CARTESIAN_POINT ( 'NONE',  ( 9.376438639006734022, 6.307658747796153875, 11.00000000000000000 ) ) ;
#1894 = DIRECTION ( 'NONE',  ( -0.6080695340486804712, -0.7938837709399408915, 0.000000000000000000 ) ) ;
#1895 = EDGE_CURVE ( 'NONE', #3812, #1862, #1189, .T. ) ;
#1896 = CARTESIAN_POINT ( 'NONE',  ( 3.904381720551783452, 10.60819251066830660, 11.00000000000000000 ) ) ;
#1897 = EDGE_CURVE ( 'NONE', #2340, #3883, #842, .T. ) ;
#1898 = ORIENTED_EDGE ( 'NONE', *, *, #2968, .F. ) ;
#1899 = CARTESIAN_POINT ( 'NONE',  ( -6.072165522463966347, 8.566142998327771707, 5.000000000000000000 ) ) ;
#1900 = ORIENTED_EDGE ( 'NONE', *, *, #2047, .F. ) ;
#1901 = VECTOR ( 'NONE', #434, 1000.000000000000000 ) ;
#1902 = CARTESIAN_POINT ( 'NONE',  ( 3.988203702310366250, 5.104017050561130198, 5.000000000000000000 ) ) ;
#1903 = CARTESIAN_POINT ( 'NONE',  ( 4.460684721131805475, -10.38654113657858247, 5.000000000000000000 ) ) ;
#1904 = LINE ( 'NONE', #703, #3376 ) ;
#1905 = EDGE_CURVE ( 'NONE', #116, #1279, #4356, .T. ) ;
#1906 = ORIENTED_EDGE ( 'NONE', *, *, #727, .F. ) ;
#1907 = CARTESIAN_POINT ( 'NONE',  ( -4.088734135651274748, 9.671207430717222664, 11.00000000000000000 ) ) ;
#1908 = PRESENTATION_STYLE_ASSIGNMENT (( #2901 ) ) ;
#1909 = ORIENTED_EDGE ( 'NONE', *, *, #1771, .F. ) ;
#1910 = DIRECTION ( 'NONE',  ( -1.000000000000000000, 0.000000000000000000, 0.000000000000000000 ) ) ;
#1911 = CIRCLE ( 'NONE', #4461, 10.50000000000000000 ) ;
#1912 = CARTESIAN_POINT ( 'NONE',  ( 4.482727995709595348, -4.675671988070067009, 11.00000000000000000 ) ) ;
#1913 = VERTEX_POINT ( 'NONE', #863 ) ;
#1914 = EDGE_CURVE ( 'NONE', #1891, #1866, #450, .T. ) ;
#1915 = ORIENTED_EDGE ( 'NONE', *, *, #593, .F. ) ;
#1916 = AXIS2_PLACEMENT_3D ( 'NONE', #3549, #2153, #2100 ) ;
#1917 = MANIFOLD_SOLID_BREP ( 'Boss.-Extru.5', #2204 ) ;
#1918 = FACE_OUTER_BOUND ( 'NONE', #2138, .T. ) ;
#1919 = LINE ( 'NONE', #3293, #2365 ) ;
#1920 = VECTOR ( 'NONE', #4334, 1000.000000000000000 ) ;
#1921 = VECTOR ( 'NONE', #340, 1000.000000000000000 ) ;
#1922 = LINE ( 'NONE', #4110, #658 ) ;
#1923 = EDGE_LOOP ( 'NONE', ( #3938, #983, #912, #1383 ) ) ;
#1924 = CARTESIAN_POINT ( 'NONE',  ( -6.405447672397989400, -0.9628078415301438708, 11.00000000000000000 ) ) ;
#1925 = EDGE_LOOP ( 'NONE', ( #2329, #4444, #2993, #2008 ) ) ;
#1926 = VECTOR ( 'NONE', #1384, 1000.000000000000000 ) ;
#1927 =( GEOMETRIC_REPRESENTATION_CONTEXT ( 3 ) GLOBAL_UNCERTAINTY_ASSIGNED_CONTEXT ( ( #3418 ) ) GLOBAL_UNIT_ASSIGNED_CONTEXT ( ( #3608, #2972, #772 ) ) REPRESENTATION_CONTEXT ( 'NONE', 'WORKASPACE' ) );
#1928 = EDGE_CURVE ( 'NONE', #3861, #1191, #2992, .T. ) ;
#1929 = CARTESIAN_POINT ( 'NONE',  ( 0.000000000000000000, 0.000000000000000000, 11.00000000000000000 ) ) ;
#1930 = VECTOR ( 'NONE', #13, 1000.000000000000114 ) ;
#1931 = EDGE_LOOP ( 'NONE', ( #481, #3819, #4075, #3982 ) ) ;
#1932 = DIRECTION ( 'NONE',  ( -0.000000000000000000, 0.000000000000000000, 1.000000000000000000 ) ) ;
#1933 = CIRCLE ( 'NONE', #2668, 10.50000000000000000 ) ;
#1934 = DIRECTION ( 'NONE',  ( -1.000000000000000000, 0.000000000000000000, 0.000000000000000000 ) ) ;
#1935 = ORIENTED_EDGE ( 'NONE', *, *, #1267, .T. ) ;
#1936 = DIRECTION ( 'NONE',  ( 0.000000000000000000, 0.000000000000000000, -1.000000000000000000 ) ) ;
#1937 = CYLINDRICAL_SURFACE ( 'NONE', #4088, 10.50000000000000000 ) ;
#1938 = DIRECTION ( 'NONE',  ( 0.7218435344370552897, 0.6920562923573629899, 0.000000000000000000 ) ) ;
#1939 = ORIENTED_EDGE ( 'NONE', *, *, #3435, .T. ) ;
#1940 = EDGE_LOOP ( 'NONE', ( #3217, #973, #1117, #546 ) ) ;
#1941 = DIRECTION ( 'NONE',  ( -0.9488097670990887078, -0.3158481056732381220, 0.000000000000000000 ) ) ;
#1942 = CARTESIAN_POINT ( 'NONE',  ( 0.000000000000000000, 0.000000000000000000, 11.00000000000000000 ) ) ;
#1943 = EDGE_CURVE ( 'NONE', #1086, #1076, #4458, .T. ) ;
#1944 = LINE ( 'NONE', #1242, #5 ) ;
#1945 = ORIENTED_EDGE ( 'NONE', *, *, #504, .F. ) ;
#1946 = DIRECTION ( 'NONE',  ( -1.000000000000000000, 0.000000000000000000, 0.000000000000000000 ) ) ;
#1947 = ORIENTED_EDGE ( 'NONE', *, *, #4320, .F. ) ;
#1948 = ADVANCED_FACE ( 'NONE', ( #963 ), #1630, .T. ) ;
#1949 = DIRECTION ( 'NONE',  ( 0.5561955879187775453, 0.8310514231861257928, 0.000000000000000000 ) ) ;
#1950 = ORIENTED_EDGE ( 'NONE', *, *, #2532, .T. ) ;
#1951 = DIRECTION ( 'NONE',  ( -0.9599061070290932918, 0.2803217181886750731, 0.000000000000000000 ) ) ;
#1952 = DIRECTION ( 'NONE',  ( 0.2090889120706310444, 0.9778966340309797056, -0.000000000000000000 ) ) ;
#1953 = PLANE ( 'NONE',  #3833 ) ;
#1954 = EDGE_CURVE ( 'NONE', #181, #4438, #3463, .T. ) ;
#1955 = DIRECTION ( 'NONE',  ( 0.3824625663372169804, 0.9239709872884266373, 0.000000000000000000 ) ) ;
#1956 = VERTEX_POINT ( 'NONE', #543 ) ;
#1957 = DIRECTION ( 'NONE',  ( -0.4253435950249589426, 0.9050319475970136640, 0.000000000000000000 ) ) ;
#1958 = DIRECTION ( 'NONE',  ( -0.000000000000000000, -0.000000000000000000, -1.000000000000000000 ) ) ;
#1959 = CARTESIAN_POINT ( 'NONE',  ( -3.950920986310968885, 5.132931149301463769, 5.000000000000000000 ) ) ;
#1960 = ADVANCED_FACE ( 'NONE', ( #3037 ), #943, .T. ) ;
#1961 = EDGE_LOOP ( 'NONE', ( #4504, #1818, #1031, #4084 ) ) ;
#1962 = ORIENTED_EDGE ( 'NONE', *, *, #2629, .T. ) ;
#1963 = CARTESIAN_POINT ( 'NONE',  ( -4.000000000000000000, 0.000000000000000000, 1.000000000000000000 ) ) ;
#1964 = CARTESIAN_POINT ( 'NONE',  ( -6.871566720908822035, -8.971384019748914085, 11.00000000000000000 ) ) ;
#1965 = LINE ( 'NONE', #914, #1022 ) ;
#1966 = ADVANCED_FACE ( 'NONE', ( #3786 ), #2036, .F. ) ;
#1967 = ORIENTED_EDGE ( 'NONE', *, *, #3520, .F. ) ;
#1968 = CARTESIAN_POINT ( 'NONE',  ( 5.704500481897842867, 3.068457768255702156, 5.000000000000000000 ) ) ;
#1969 = ORIENTED_EDGE ( 'NONE', *, *, #363, .F. ) ;
#1970 = DIRECTION ( 'NONE',  ( -1.000000000000000000, 0.000000000000000000, 0.000000000000000000 ) ) ;
#1971 = EDGE_CURVE ( 'NONE', #1136, #974, #3907, .T. ) ;
#1972 = LINE ( 'NONE', #1628, #1920 ) ;
#1973 = DIRECTION ( 'NONE',  ( -0.4737172338778156133, 0.8806770022699303979, 0.000000000000000000 ) ) ;
#1974 = DIRECTION ( 'NONE',  ( 1.000000000000000000, 0.000000000000000000, 0.000000000000000000 ) ) ;
#1975 = VECTOR ( 'NONE', #339, 999.9999999999998863 ) ;
#1976 = PLANE ( 'NONE',  #4412 ) ;
#1977 = ORIENTED_EDGE ( 'NONE', *, *, #2707, .T. ) ;
#1978 = VECTOR ( 'NONE', #3116, 1000.000000000000000 ) ;
#1979 = DIRECTION ( 'NONE',  ( -0.000000000000000000, -0.000000000000000000, -1.000000000000000000 ) ) ;
#1980 = CARTESIAN_POINT ( 'NONE',  ( -7.000000000000000000, 0.000000000000000000, 5.000000000000000000 ) ) ;
#1981 = LINE ( 'NONE', #3373, #3677 ) ;
#1982 = DIRECTION ( 'NONE',  ( 0.6920562923573629899, -0.7218435344370552897, 0.000000000000000000 ) ) ;
#1983 = VERTEX_POINT ( 'NONE', #3413 ) ;
#1984 = CARTESIAN_POINT ( 'NONE',  ( 0.000000000000000000, 0.000000000000000000, 11.00000000000000000 ) ) ;
#1985 = PLANE ( 'NONE',  #2298 ) ;
#1986 = LINE ( 'NONE', #2697, #373 ) ;
#1987 = AXIS2_PLACEMENT_3D ( 'NONE', #2242, #4363, #1614 ) ;
#1988 = ORIENTED_EDGE ( 'NONE', *, *, #4092, .T. ) ;
#1989 = DIRECTION ( 'NONE',  ( 0.5501275755810399737, -0.8350806252005414931, 0.000000000000000000 ) ) ;
#1990 = CARTESIAN_POINT ( 'NONE',  ( -5.177082440960597332, -9.134977690147771057, 11.00000000000000000 ) ) ;
#1991 = VECTOR ( 'NONE', #991, 1000.000000000000227 ) ;
#1992 = AXIS2_PLACEMENT_3D ( 'NONE', #16, #2472, #3877 ) ;
#1993 = CARTESIAN_POINT ( 'NONE',  ( -0.2735527422333570713, 10.49643600929461584, 11.00000000000000000 ) ) ;
#1994 = VECTOR ( 'NONE', #2943, 1000.000000000000000 ) ;
#1995 = VECTOR ( 'NONE', #172, 1000.000000000000000 ) ;
#1996 = VERTEX_POINT ( 'NONE', #1227 ) ;
#1997 = FACE_OUTER_BOUND ( 'NONE', #1204, .T. ) ;
#1998 = VECTOR ( 'NONE', #4095, 1000.000000000000114 ) ;
#1999 = EDGE_CURVE ( 'NONE', #128, #2012, #2639, .T. ) ;
#2000 = AXIS2_PLACEMENT_3D ( 'NONE', #3587, #49, #119 ) ;
#2001 = PLANE ( 'NONE',  #456 ) ;
#2002 = VECTOR ( 'NONE', #2862, 1000.000000000000000 ) ;
#2003 = ORIENTED_EDGE ( 'NONE', *, *, #2370, .T. ) ;
#2004 = FACE_OUTER_BOUND ( 'NONE', #1582, .T. ) ;
#2005 = ADVANCED_FACE ( 'NONE', ( #2299 ), #1953, .T. ) ;
#2006 = ADVANCED_FACE ( 'NONE', ( #2669 ), #4060, .T. ) ;
#2007 = EDGE_CURVE ( 'NONE', #410, #4330, #2085, .T. ) ;
#2008 = ORIENTED_EDGE ( 'NONE', *, *, #1066, .T. ) ;
#2009 = CARTESIAN_POINT ( 'NONE',  ( 6.398264798712729906, -1.009438650486008227, 11.00000000000000000 ) ) ;
#2010 = CARTESIAN_POINT ( 'NONE',  ( 6.806038177178730386, -9.021197523638058158, 11.00000000000000000 ) ) ;
#2011 = DIRECTION ( 'NONE',  ( 0.000000000000000000, 0.000000000000000000, 1.000000000000000000 ) ) ;
#2012 = VERTEX_POINT ( 'NONE', #2158 ) ;
#2013 = DIRECTION ( 'NONE',  ( -0.000000000000000000, 0.000000000000000000, 1.000000000000000000 ) ) ;
#2014 = DIRECTION ( 'NONE',  ( -0.000000000000000000, -0.000000000000000000, -1.000000000000000000 ) ) ;
#2015 = PLANE ( 'NONE',  #3307 ) ;
#2016 = ORIENTED_EDGE ( 'NONE', *, *, #194, .F. ) ;
#2017 = CARTESIAN_POINT ( 'NONE',  ( 0.000000000000000000, 0.000000000000000000, 11.00000000000000000 ) ) ;
#2018 = CARTESIAN_POINT ( 'NONE',  ( 0.000000000000000000, 0.000000000000000000, 5.000000000000000000 ) ) ;
#2019 = ADVANCED_FACE ( 'NONE', ( #1761 ), #4139, .T. ) ;
#2020 = DIRECTION ( 'NONE',  ( -0.000000000000000000, 0.000000000000000000, 1.000000000000000000 ) ) ;
#2021 = ORIENTED_EDGE ( 'NONE', *, *, #3731, .F. ) ;
#2022 = DIRECTION ( 'NONE',  ( -0.7645147499683422332, -0.6446062341312276400, 0.000000000000000000 ) ) ;
#2023 = EDGE_CURVE ( 'NONE', #4314, #1081, #2801, .T. ) ;
#2024 = ORIENTED_EDGE ( 'NONE', *, *, #366, .F. ) ;
#2025 = ORIENTED_EDGE ( 'NONE', *, *, #2989, .F. ) ;
#2026 = CARTESIAN_POINT ( 'NONE',  ( 8.409603233957739121, -7.553576531060332222, 11.00000000000000000 ) ) ;
#2027 = LINE ( 'NONE', #3422, #2478 ) ;
#2028 = CARTESIAN_POINT ( 'NONE',  ( -9.877091075793407171, -5.497364536180957550, 11.00000000000000000 ) ) ;
#2029 = VERTEX_POINT ( 'NONE', #3831 ) ;
#2030 = DIRECTION ( 'NONE',  ( 1.000000000000000000, 0.000000000000000000, 0.000000000000000000 ) ) ;
#2031 = PLANE ( 'NONE',  #3887 ) ;
#2032 = EDGE_CURVE ( 'NONE', #4124, #27, #4231, .T. ) ;
#2033 = CARTESIAN_POINT ( 'NONE',  ( -5.339301813680878084, -3.667235330049811726, 11.00000000000000000 ) ) ;
#2034 = ORIENTED_EDGE ( 'NONE', *, *, #2179, .F. ) ;
#2035 = DIRECTION ( 'NONE',  ( 0.9090986164355365773, 0.4165809712348768623, 0.000000000000000000 ) ) ;
#2036 = PLANE ( 'NONE',  #2799 ) ;
#2037 = ADVANCED_FACE ( 'NONE', ( #4503 ), #1341, .T. ) ;
#2038 = ORIENTED_EDGE ( 'NONE', *, *, #1905, .T. ) ;
#2039 = PLANE ( 'NONE',  #3822 ) ;
#2040 = ORIENTED_EDGE ( 'NONE', *, *, #3083, .F. ) ;
#2041 = DIRECTION ( 'NONE',  ( -0.000000000000000000, -0.000000000000000000, -1.000000000000000000 ) ) ;
#2042 = AXIS2_PLACEMENT_3D ( 'NONE', #1488, #1881, #152 ) ;
#2043 = VERTEX_POINT ( 'NONE', #2846 ) ;
#2044 = VERTEX_POINT ( 'NONE', #2422 ) ;
#2045 = DIRECTION ( 'NONE',  ( -1.000000000000000000, 0.000000000000000000, 0.000000000000000000 ) ) ;
#2046 = LINE ( 'NONE', #2405, #2962 ) ;
#2047 = EDGE_CURVE ( 'NONE', #2934, #1238, #2397, .T. ) ;
#2048 = CARTESIAN_POINT ( 'NONE',  ( 4.992174508239074271, 4.127342062735865902, 11.00000000000000000 ) ) ;
#2049 = VERTEX_POINT ( 'NONE', #2775 ) ;
#2050 = AXIS2_PLACEMENT_3D ( 'NONE', #440, #3868, #1853 ) ;
#2051 = CARTESIAN_POINT ( 'NONE',  ( 0.000000000000000000, 0.000000000000000000, 5.000000000000000000 ) ) ;
#2052 = CARTESIAN_POINT ( 'NONE',  ( 2.389090431751494492, -11.04519838385084718, 11.00000000000000000 ) ) ;
#2053 = CIRCLE ( 'NONE', #1844, 10.50000000000000000 ) ;
#2054 = DIRECTION ( 'NONE',  ( -1.000000000000000000, 0.000000000000000000, 0.000000000000000000 ) ) ;
#2055 = EDGE_LOOP ( 'NONE', ( #3384, #82, #1030, #2889 ) ) ;
#2056 = ADVANCED_FACE ( 'NONE', ( #3093 ), #4157, .T. ) ;
#2057 = LINE ( 'NONE', #3785, #1026 ) ;
#2058 = VECTOR ( 'NONE', #4486, 1000.000000000000000 ) ;
#2059 = CARTESIAN_POINT ( 'NONE',  ( 4.159069340692822969, 9.641169131350670440, 11.00000000000000000 ) ) ;
#2060 = CARTESIAN_POINT ( 'NONE',  ( 2.123597070799023712, -11.10262493485535273, 11.00000000000000000 ) ) ;
#2061 = AXIS2_PLACEMENT_3D ( 'NONE', #493, #1951, #4078 ) ;
#2062 = VECTOR ( 'NONE', #3639, 1000.000000000000114 ) ;
#2063 = ORIENTED_EDGE ( 'NONE', *, *, #4194, .F. ) ;
#2064 = DIRECTION ( 'NONE',  ( -0.9937375998835075164, 0.1117389036001600611, 0.000000000000000000 ) ) ;
#2065 = ORIENTED_EDGE ( 'NONE', *, *, #3350, .F. ) ;
#2066 = AXIS2_PLACEMENT_3D ( 'NONE', #2705, #2773, #2798 ) ;
#2067 = CARTESIAN_POINT ( 'NONE',  ( 2.500000000000000000, 0.000000000000000000, -22.00000000000000000 ) ) ;
#2068 = AXIS2_PLACEMENT_3D ( 'NONE', #4451, #2013, #2030 ) ;
#2069 = AXIS2_PLACEMENT_3D ( 'NONE', #581, #1952, #1567 ) ;
#2070 = ORIENTED_EDGE ( 'NONE', *, *, #3787, .T. ) ;
#2071 = VERTEX_POINT ( 'NONE', #311 ) ;
#2072 = FACE_OUTER_BOUND ( 'NONE', #102, .T. ) ;
#2073 = DIRECTION ( 'NONE',  ( -0.7982918012086476223, -0.6022708693960326931, 0.000000000000000000 ) ) ;
#2074 = VECTOR ( 'NONE', #406, 1000.000000000000000 ) ;
#2075 = LINE ( 'NONE', #1428, #1921 ) ;
#2076 = EDGE_LOOP ( 'NONE', ( #2325, #2681, #1012, #236 ) ) ;
#2077 = ORIENTED_EDGE ( 'NONE', *, *, #3265, .T. ) ;
#2078 = DIRECTION ( 'NONE',  ( 0.9303185841168196690, 0.3667524124622439929, -0.000000000000000000 ) ) ;
#2079 = CARTESIAN_POINT ( 'NONE',  ( -4.426124711122669808, -4.729289467259409463, 11.00000000000000000 ) ) ;
#2080 = CARTESIAN_POINT ( 'NONE',  ( 10.80401364751906002, -3.324339643808949418, 11.00000000000000000 ) ) ;
#2081 = ORIENTED_EDGE ( 'NONE', *, *, #4016, .F. ) ;
#2082 = LINE ( 'NONE', #328, #3387 ) ;
#2083 = EDGE_CURVE ( 'NONE', #3338, #3861, #3854, .T. ) ;
#2084 = PLANE ( 'NONE',  #3951 ) ;
#2085 = LINE ( 'NONE', #350, #4190 ) ;
#2086 = VERTEX_POINT ( 'NONE', #37 ) ;
#2087 = CARTESIAN_POINT ( 'NONE',  ( -2.500000000000000000, 3.061616997868383141E-16, -22.00000000000000000 ) ) ;
#2088 = CARTESIAN_POINT ( 'NONE',  ( -6.569945865453195921, 8.190592855527281557, 11.00000000000000000 ) ) ;
#2089 = ADVANCED_FACE ( 'NONE', ( #2448 ), #2470, .T. ) ;
#2090 = ORIENTED_EDGE ( 'NONE', *, *, #477, .T. ) ;
#2091 = ORIENTED_EDGE ( 'NONE', *, *, #265, .F. ) ;
#2092 = DIRECTION ( 'NONE',  ( -0.000000000000000000, 0.000000000000000000, 1.000000000000000000 ) ) ;
#2093 = CARTESIAN_POINT ( 'NONE',  ( 5.110407255347202415, -9.172444477046164835, 5.000000000000000000 ) ) ;
#2094 = ADVANCED_FACE ( 'NONE', ( #1419, #1084 ), #2826, .T. ) ;
#2095 = LINE ( 'NONE', #2028, #292 ) ;
#2096 = ORIENTED_EDGE ( 'NONE', *, *, #3186, .T. ) ;
#2097 = VERTEX_POINT ( 'NONE', #676 ) ;
#2098 = CARTESIAN_POINT ( 'NONE',  ( -9.878383375456515125, -3.559149039799314185, 11.00000000000000000 ) ) ;
#2099 = CARTESIAN_POINT ( 'NONE',  ( 5.984933101081354678, -2.477364446164797229, 11.00000000000000000 ) ) ;
#2100 = DIRECTION ( 'NONE',  ( -0.9736746339038261366, 0.2279423332605203523, 0.000000000000000000 ) ) ;
#2101 = ADVANCED_FACE ( 'NONE', ( #2753 ), #696, .T. ) ;
#2102 = EDGE_LOOP ( 'NONE', ( #147, #3687, #3015, #1785, #3673, #2091, #2533, #2545, #1231, #4400, #1290, #3773, #4242, #850, #1580, #262, #3231, #2456, #2772, #3052, #3632, #778, #2686, #3125, #465, #1681, #1015, #3202, #4131, #549, #3261, #3223, #507, #2534, #2371, #1588, #3567, #3614, #3603, #3366, #2181, #3789, #3511, #2985, #2804, #787, #2766, #2569, #4389, #716, #3027, #1217, #1977, #1883, #1140, #624, #284, #500, #1455, #4094, #538, #4312, #1584, #2302, #2656, #4184, #3100, #1379, #3860, #1359, #2547, #2963, #899, #677, #1478, #2525, #299, #2207, #1842, #3419, #4166, #1887, #1093, #2811, #2070, #2024, #126, #1147, #38, #3256, #3299, #22, #3192, #120, #2895, #827, #2838, #1779, #197, #1298, #3619, #773, #2812, #1947, #2942, #2646, #62, #3360, #1950, #1915, #1591, #763, #2107, #317, #1688, #2065 ) ) ;
#2103 = DIRECTION ( 'NONE',  ( 0.6157102260115921988, 0.7879726629679192351, -0.000000000000000000 ) ) ;
#2104 = DIRECTION ( 'NONE',  ( 0.9999115257677118063, -0.01330190350612960037, 0.000000000000000000 ) ) ;
#2105 = CARTESIAN_POINT ( 'NONE',  ( 6.134398983059601740, 8.521686987717711048, 11.00000000000000000 ) ) ;
#2106 = EDGE_CURVE ( 'NONE', #10, #4523, #3900, .T. ) ;
#2107 = ORIENTED_EDGE ( 'NONE', *, *, #1662, .T. ) ;
#2108 = CARTESIAN_POINT ( 'NONE',  ( 7.022880642757947989, -8.857600828709404794, 5.000000000000000000 ) ) ;
#2109 = CARTESIAN_POINT ( 'NONE',  ( -10.38125571741597142, 4.472971572992187284, 5.000000000000000000 ) ) ;
#2110 = LINE ( 'NONE', #3508, #3613 ) ;
#2111 = DIRECTION ( 'NONE',  ( -0.9736746339038261366, 0.2279423332605203523, 0.000000000000000000 ) ) ;
#2112 = VERTEX_POINT ( 'NONE', #2128 ) ;
#2113 = AXIS2_PLACEMENT_3D ( 'NONE', #4379, #893, #1910 ) ;
#2114 = EDGE_LOOP ( 'NONE', ( #215, #730, #3717, #1730 ) ) ;
#2115 = EDGE_CURVE ( 'NONE', #3651, #246, #3504, .T. ) ;
#2116 = CARTESIAN_POINT ( 'NONE',  ( -9.107778259766353912, 5.224784700916140778, 5.000000000000000000 ) ) ;
#2117 = EDGE_CURVE ( 'NONE', #3627, #2375, #3461, .T. ) ;
#2118 = CARTESIAN_POINT ( 'NONE',  ( 11.15834239737638178, 1.787611639204794933, 11.00000000000000000 ) ) ;
#2119 = DIRECTION ( 'NONE',  ( -1.000000000000000000, 0.000000000000000000, 0.000000000000000000 ) ) ;
#2120 = VERTEX_POINT ( 'NONE', #1811 ) ;
#2121 = ORIENTED_EDGE ( 'NONE', *, *, #2488, .F. ) ;
#2122 = CARTESIAN_POINT ( 'NONE',  ( 8.762811945377075418, -7.140803300269144671, 11.00000000000000000 ) ) ;
#2123 = DIRECTION ( 'NONE',  ( -1.000000000000000000, 0.000000000000000000, 0.000000000000000000 ) ) ;
#2124 = DIRECTION ( 'NONE',  ( 0.000000000000000000, 0.000000000000000000, -1.000000000000000000 ) ) ;
#2125 = VERTEX_POINT ( 'NONE', #3279 ) ;
#2126 = DIRECTION ( 'NONE',  ( -0.000000000000000000, -0.000000000000000000, -1.000000000000000000 ) ) ;
#2127 = FACE_OUTER_BOUND ( 'NONE', #4271, .T. ) ;
#2128 = CARTESIAN_POINT ( 'NONE',  ( -9.107778259766353912, 5.224784700916140778, 11.00000000000000000 ) ) ;
#2129 = ORIENTED_EDGE ( 'NONE', *, *, #207, .F. ) ;
#2130 = VECTOR ( 'NONE', #2454, 1000.000000000000114 ) ;
#2131 = PLANE ( 'NONE',  #1992 ) ;
#2132 = DIRECTION ( 'NONE',  ( 0.8636392140471258472, 0.5041104124693942534, 0.000000000000000000 ) ) ;
#2133 = EDGE_CURVE ( 'NONE', #3342, #2477, #3925, .T. ) ;
#2134 = SURFACE_SIDE_STYLE ('',( #726 ) ) ;
#2135 = VECTOR ( 'NONE', #818, 1000.000000000000000 ) ;
#2136 = AXIS2_PLACEMENT_3D ( 'NONE', #869, #2324, #3724 ) ;
#2137 = AXIS2_PLACEMENT_3D ( 'NONE', #4054, #2314, #3361 ) ;
#2138 = EDGE_LOOP ( 'NONE', ( #4528, #4346, #2129, #3541 ) ) ;
#2139 = AXIS2_PLACEMENT_3D ( 'NONE', #3864, #3448, #2119 ) ;
#2140 = EDGE_LOOP ( 'NONE', ( #929, #996, #1151, #1702 ) ) ;
#2141 = FACE_OUTER_BOUND ( 'NONE', #3034, .T. ) ;
#2142 = EDGE_CURVE ( 'NONE', #3936, #946, #3212, .T. ) ;
#2143 = ADVANCED_FACE ( 'NONE', ( #3945 ), #472, .T. ) ;
#2144 = LINE ( 'NONE', #2536, #2854 ) ;
#2145 = VECTOR ( 'NONE', #2891, 1000.000000000000114 ) ;
#2146 = AXIS2_PLACEMENT_3D ( 'NONE', #3880, #4531, #1045 ) ;
#2147 = CARTESIAN_POINT ( 'NONE',  ( -4.000000000000000000, 0.000000000000000000, 12.00000000000000000 ) ) ;
#2148 = ORIENTED_EDGE ( 'NONE', *, *, #4047, .F. ) ;
#2149 = ORIENTED_EDGE ( 'NONE', *, *, #2937, .T. ) ;
#2150 = LINE ( 'NONE', #2819, #14 ) ;
#2151 = DIRECTION ( 'NONE',  ( -0.000000000000000000, -0.000000000000000000, -1.000000000000000000 ) ) ;
#2152 = VECTOR ( 'NONE', #3794, 1000.000000000000114 ) ;
#2153 = DIRECTION ( 'NONE',  ( 0.2279423332605203523, 0.9736746339038261366, -0.000000000000000000 ) ) ;
#2154 = ORIENTED_EDGE ( 'NONE', *, *, #3499, .T. ) ;
#2155 = DIRECTION ( 'NONE',  ( 0.000000000000000000, 0.000000000000000000, -1.000000000000000000 ) ) ;
#2156 = ORIENTED_EDGE ( 'NONE', *, *, #3305, .F. ) ;
#2157 = CARTESIAN_POINT ( 'NONE',  ( -10.97137275122148736, -2.721566629155466988, 11.00000000000000000 ) ) ;
#2158 = CARTESIAN_POINT ( 'NONE',  ( 0.7866705388829042800, -10.47048945671851961, 5.000000000000000000 ) ) ;
#2159 = EDGE_CURVE ( 'NONE', #3475, #1109, #2227, .T. ) ;
#2160 = VERTEX_POINT ( 'NONE', #1156 ) ;
#2161 = FACE_OUTER_BOUND ( 'NONE', #3807, .T. ) ;
#2162 = DIRECTION ( 'NONE',  ( -0.7234861091053902404, 0.6903389384436773302, 0.000000000000000000 ) ) ;
#2163 = LINE ( 'NONE', #1814, #4115 ) ;
#2164 = DIRECTION ( 'NONE',  ( 0.7167835481864553993, -0.6972957371511999680, 0.000000000000000000 ) ) ;
#2165 = VERTEX_POINT ( 'NONE', #3990 ) ;
#2166 = VERTEX_POINT ( 'NONE', #4306 ) ;
#2167 = DIRECTION ( 'NONE',  ( -0.2733224653375057045, 0.9619224656602152201, 0.000000000000000000 ) ) ;
#2168 = DIRECTION ( 'NONE',  ( 1.000000000000000000, 0.000000000000000000, 0.000000000000000000 ) ) ;
#2169 = DIRECTION ( 'NONE',  ( 1.000000000000000000, 0.000000000000000000, 0.000000000000000000 ) ) ;
#2170 = ORIENTED_EDGE ( 'NONE', *, *, #3181, .T. ) ;
#2171 = EDGE_CURVE ( 'NONE', #1173, #2694, #1180, .T. ) ;
#2172 = ORIENTED_EDGE ( 'NONE', *, *, #2568, .T. ) ;
#2173 = CARTESIAN_POINT ( 'NONE',  ( 3.888852443383111090, 5.180114428961465123, 11.00000000000000000 ) ) ;
#2174 = DIRECTION ( 'NONE',  ( 0.7284952452422109870, 0.6850508577175060676, 0.000000000000000000 ) ) ;
#2175 = DIRECTION ( 'NONE',  ( -0.000000000000000000, -0.000000000000000000, -1.000000000000000000 ) ) ;
#2176 = ORIENTED_EDGE ( 'NONE', *, *, #88, .F. ) ;
#2177 = CARTESIAN_POINT ( 'NONE',  ( -5.741020620888816595, 2.999573478691762940, 11.00000000000000000 ) ) ;
#2178 = ORIENTED_EDGE ( 'NONE', *, *, #4518, .T. ) ;
#2179 = EDGE_CURVE ( 'NONE', #1444, #474, #3602, .T. ) ;
#2180 = CARTESIAN_POINT ( 'NONE',  ( 7.022880642757947989, -8.857600828709404794, 11.00000000000000000 ) ) ;
#2181 = ORIENTED_EDGE ( 'NONE', *, *, #3441, .T. ) ;
#2182 = CARTESIAN_POINT ( 'NONE',  ( -2.469478674721313993, -11.02750359350676312, 5.000000000000000000 ) ) ;
#2183 = CARTESIAN_POINT ( 'NONE',  ( 1.354353294785856532, 6.334231285360856667, 5.000000000000000000 ) ) ;
#2184 = DIRECTION ( 'NONE',  ( -0.9862307757964552390, 0.1653748979498468330, 0.000000000000000000 ) ) ;
#2185 = ORIENTED_EDGE ( 'NONE', *, *, #4103, .T. ) ;
#2186 = VERTEX_POINT ( 'NONE', #835 ) ;
#2187 = FACE_OUTER_BOUND ( 'NONE', #2690, .T. ) ;
#2188 = FACE_OUTER_BOUND ( 'NONE', #2114, .T. ) ;
#2189 = CARTESIAN_POINT ( 'NONE',  ( 2.654583792703834710, -10.98777183284636827, 11.00000000000000000 ) ) ;
#2190 = ORIENTED_EDGE ( 'NONE', *, *, #2488, .T. ) ;
#2191 = VERTEX_POINT ( 'NONE', #1834 ) ;
#2192 = CARTESIAN_POINT ( 'NONE',  ( 0.000000000000000000, 0.000000000000000000, 5.000000000000000000 ) ) ;
#2193 = EDGE_CURVE ( 'NONE', #2288, #256, #3259, .T. ) ;
#2194 = AXIS2_PLACEMENT_3D ( 'NONE', #3657, #567, #3312 ) ;
#2195 = CARTESIAN_POINT ( 'NONE',  ( 9.376438639006734022, 6.307658747796153875, 11.00000000000000000 ) ) ;
#2196 = ORIENTED_EDGE ( 'NONE', *, *, #1897, .T. ) ;
#2197 = VECTOR ( 'NONE', #2825, 1000.000000000000000 ) ;
#2198 = DIRECTION ( 'NONE',  ( -0.2640173619703847785, 0.9645179275566622135, 0.000000000000000000 ) ) ;
#2199 = VERTEX_POINT ( 'NONE', #86 ) ;
#2200 = CARTESIAN_POINT ( 'NONE',  ( -11.10010439580882569, 2.136732871774928100, 11.00000000000000000 ) ) ;
#2201 = VERTEX_POINT ( 'NONE', #130 ) ;
#2202 = ADVANCED_FACE ( 'NONE', ( #2269 ), #769, .T. ) ;
#2203 = CARTESIAN_POINT ( 'NONE',  ( 3.610761202405437853, -9.859635061157366209, 11.00000000000000000 ) ) ;
#2204 = CLOSED_SHELL ( 'NONE', ( #841, #3858, #1495, #2019, #1331, #627, #1966, #3454, #2094, #3417, #3291, #1276, #2767 ) ) ;
#2205 = LINE ( 'NONE', #2921, #3623 ) ;
#2206 = CARTESIAN_POINT ( 'NONE',  ( -11.14502568970421059, 1.868839962527845122, 11.00000000000000000 ) ) ;
#2207 = ORIENTED_EDGE ( 'NONE', *, *, #4244, .F. ) ;
#2208 = VERTEX_POINT ( 'NONE', #1903 ) ;
#2209 = VECTOR ( 'NONE', #3524, 1000.000000000000000 ) ;
#2210 = CARTESIAN_POINT ( 'NONE',  ( 0.000000000000000000, 0.000000000000000000, 5.000000000000000000 ) ) ;
#2211 = LINE ( 'NONE', #2951, #3244 ) ;
#2212 = CIRCLE ( 'NONE', #3897, 10.50000000000000000 ) ;
#2213 = VERTEX_POINT ( 'NONE', #153 ) ;
#2214 = VECTOR ( 'NONE', #2287, 1000.000000000000114 ) ;
#2215 = ORIENTED_EDGE ( 'NONE', *, *, #989, .T. ) ;
#2216 = FACE_OUTER_BOUND ( 'NONE', #3187, .T. ) ;
#2217 = CARTESIAN_POINT ( 'NONE',  ( 3.019124346580250418, -10.05658431973234102, 11.00000000000000000 ) ) ;
#2218 = AXIS2_PLACEMENT_3D ( 'NONE', #2266, #1620, #4388 ) ;
#2219 = VECTOR ( 'NONE', #232, 1000.000000000000000 ) ;
#2220 = DIRECTION ( 'NONE',  ( 0.8537388795565223898, 0.5207013784632932296, 0.000000000000000000 ) ) ;
#2221 = VECTOR ( 'NONE', #1740, 1000.000000000000000 ) ;
#2222 = AXIS2_PLACEMENT_3D ( 'NONE', #1691, #1363, #1011 ) ;
#2223 = EDGE_LOOP ( 'NONE', ( #3198, #3573, #33, #4196 ) ) ;
#2224 = CARTESIAN_POINT ( 'NONE',  ( -0.3127876183556987932, -11.29956233085959738, 5.000000000000000000 ) ) ;
#2225 = VERTEX_POINT ( 'NONE', #3234 ) ;
#2226 = DIRECTION ( 'NONE',  ( -1.000000000000000000, 0.000000000000000000, 0.000000000000000000 ) ) ;
#2227 = LINE ( 'NONE', #3578, #4171 ) ;
#2228 = VECTOR ( 'NONE', #3493, 1000.000000000000000 ) ;
#2229 = EDGE_LOOP ( 'NONE', ( #1738, #2462, #687, #1208 ) ) ;
#2230 = ADVANCED_FACE ( 'NONE', ( #1206 ), #1559, .T. ) ;
#2231 = VERTEX_POINT ( 'NONE', #2898 ) ;
#2232 = LINE ( 'NONE', #2473, #447 ) ;
#2233 = LINE ( 'NONE', #3607, #3467 ) ;
#2234 = DIRECTION ( 'NONE',  ( -0.04085172356835942153, 0.9991652199118493671, 0.000000000000000000 ) ) ;
#2235 = ADVANCED_FACE ( 'NONE', ( #1134 ), #3331, .T. ) ;
#2236 = EDGE_LOOP ( 'NONE', ( #523, #550, #3792, #2855 ) ) ;
#2237 = EDGE_CURVE ( 'NONE', #1753, #2721, #561, .T. ) ;
#2238 = DIRECTION ( 'NONE',  ( 1.000000000000000000, 0.000000000000000000, 0.000000000000000000 ) ) ;
#2239 = DIRECTION ( 'NONE',  ( -0.1213333798546334386, -0.9926118128115599681, 0.000000000000000000 ) ) ;
#2240 = ORIENTED_EDGE ( 'NONE', *, *, #3806, .T. ) ;
#2241 = EDGE_LOOP ( 'NONE', ( #140, #3631, #4228, #1593 ) ) ;
#2242 = CARTESIAN_POINT ( 'NONE',  ( 0.000000000000000000, 0.000000000000000000, 5.000000000000000000 ) ) ;
#2243 = ADVANCED_FACE ( 'NONE', ( #4014 ), #1254, .T. ) ;
#2244 = PLANE ( 'NONE',  #305 ) ;
#2245 = LINE ( 'NONE', #807, #2424 ) ;
#2246 = EDGE_LOOP ( 'NONE', ( #4278, #1871, #4285, #2398 ) ) ;
#2247 = FACE_OUTER_BOUND ( 'NONE', #3962, .T. ) ;
#2248 = VERTEX_POINT ( 'NONE', #925 ) ;
#2249 = FACE_OUTER_BOUND ( 'NONE', #2140, .T. ) ;
#2250 = CARTESIAN_POINT ( 'NONE',  ( 11.28175021393535182, -0.6528955047153024438, 11.00000000000000000 ) ) ;
#2251 = ORIENTED_EDGE ( 'NONE', *, *, #595, .F. ) ;
#2252 = ORIENTED_EDGE ( 'NONE', *, *, #180, .T. ) ;
#2253 = DIRECTION ( 'NONE',  ( -0.000000000000000000, -0.000000000000000000, -1.000000000000000000 ) ) ;
#2254 = CARTESIAN_POINT ( 'NONE',  ( -4.961979117955872987, 4.163594847786154851, 11.00000000000000000 ) ) ;
#2255 = EDGE_CURVE ( 'NONE', #2086, #2999, #1587, .T. ) ;
#2256 = DIRECTION ( 'NONE',  ( -0.000000000000000000, -0.000000000000000000, -1.000000000000000000 ) ) ;
#2257 = VERTEX_POINT ( 'NONE', #1258 ) ;
#2258 = LINE ( 'NONE', #1980, #789 ) ;
#2259 = DIRECTION ( 'NONE',  ( -0.000000000000000000, -0.000000000000000000, -1.000000000000000000 ) ) ;
#2260 = ORIENTED_EDGE ( 'NONE', *, *, #194, .T. ) ;
#2261 = EDGE_LOOP ( 'NONE', ( #3695, #1612, #2415, #2785 ) ) ;
#2262 = LINE ( 'NONE', #3022, #3013 ) ;
#2263 = LINE ( 'NONE', #4024, #2520 ) ;
#2264 = FACE_OUTER_BOUND ( 'NONE', #3064, .T. ) ;
#2265 = VERTEX_POINT ( 'NONE', #908 ) ;
#2266 = CARTESIAN_POINT ( 'NONE',  ( 0.000000000000000000, 0.000000000000000000, 11.00000000000000000 ) ) ;
#2267 = DIRECTION ( 'NONE',  ( -0.000000000000000000, -0.000000000000000000, -1.000000000000000000 ) ) ;
#2268 = VECTOR ( 'NONE', #1498, 1000.000000000000000 ) ;
#2269 = FACE_OUTER_BOUND ( 'NONE', #984, .T. ) ;
#2270 = CARTESIAN_POINT ( 'NONE',  ( 8.586207589667441908, -7.347189915664696258, 5.000000000000000000 ) ) ;
#2271 = VECTOR ( 'NONE', #1418, 1000.000000000000000 ) ;
#2272 = CARTESIAN_POINT ( 'NONE',  ( 6.377568816620962089, -1.132861338736877999, 5.000000000000000000 ) ) ;
#2273 = DIRECTION ( 'NONE',  ( -0.000000000000000000, -0.000000000000000000, -1.000000000000000000 ) ) ;
#2274 = AXIS2_PLACEMENT_3D ( 'NONE', #4252, #4225, #2123 ) ;
#2275 = ADVANCED_FACE ( 'NONE', ( #3333 ), #2671, .T. ) ;
#2276 = ORIENTED_EDGE ( 'NONE', *, *, #3246, .F. ) ;
#2277 = DIRECTION ( 'NONE',  ( -0.000000000000000000, -0.000000000000000000, -1.000000000000000000 ) ) ;
#2278 = AXIS2_PLACEMENT_3D ( 'NONE', #759, #391, #2834 ) ;
#2279 = ORIENTED_EDGE ( 'NONE', *, *, #2978, .T. ) ;
#2280 = EDGE_CURVE ( 'NONE', #2125, #779, #3818, .T. ) ;
#2281 = ORIENTED_EDGE ( 'NONE', *, *, #784, .T. ) ;
#2282 = CIRCLE ( 'NONE', #944, 10.50000000000000000 ) ;
#2283 = EDGE_CURVE ( 'NONE', #2383, #1983, #1633, .T. ) ;
#2284 = LINE ( 'NONE', #804, #877 ) ;
#2285 = VECTOR ( 'NONE', #2571, 999.9999999999998863 ) ;
#2286 = VECTOR ( 'NONE', #4448, 1000.000000000000000 ) ;
#2287 = DIRECTION ( 'NONE',  ( 0.05050193928634644225, -0.9987239629288555687, 0.000000000000000000 ) ) ;
#2288 = VERTEX_POINT ( 'NONE', #4017 ) ;
#2289 = CARTESIAN_POINT ( 'NONE',  ( -3.827009614007169436, 10.63635004959288288, 11.00000000000000000 ) ) ;
#2290 = ORIENTED_EDGE ( 'NONE', *, *, #308, .F. ) ;
#2291 = AXIS2_PLACEMENT_3D ( 'NONE', #2051, #4150, #3385 ) ;
#2292 = CIRCLE ( 'NONE', #2362, 10.50000000000000000 ) ;
#2293 = CYLINDRICAL_SURFACE ( 'NONE', #2579, 2.500000000000000000 ) ;
#2294 = CIRCLE ( 'NONE', #375, 2.500000000000000000 ) ;
#2295 = VECTOR ( 'NONE', #2256, 1000.000000000000000 ) ;
#2296 = EDGE_LOOP ( 'NONE', ( #107, #4345, #2737, #2445 ) ) ;
#2297 = DIRECTION ( 'NONE',  ( 1.000000000000000000, 0.000000000000000000, 0.000000000000000000 ) ) ;
#2298 = AXIS2_PLACEMENT_3D ( 'NONE', #1287, #2958, #4348 ) ;
#2299 = FACE_OUTER_BOUND ( 'NONE', #2577, .T. ) ;
#2300 = EDGE_CURVE ( 'NONE', #2049, #15, #4399, .T. ) ;
#2301 = DIRECTION ( 'NONE',  ( -0.04812841412490154874, -0.9988411564176867818, 0.000000000000000000 ) ) ;
#2302 = ORIENTED_EDGE ( 'NONE', *, *, #2568, .F. ) ;
#2303 = PLANE ( 'NONE',  #1858 ) ;
#2304 = CARTESIAN_POINT ( 'NONE',  ( 6.806038177178730386, -9.021197523638058158, 5.000000000000000000 ) ) ;
#2305 = EDGE_CURVE ( 'NONE', #394, #291, #4339, .T. ) ;
#2306 = DIRECTION ( 'NONE',  ( 0.9981895036562622447, 0.06014744209411387876, -0.000000000000000000 ) ) ;
#2307 = ORIENTED_EDGE ( 'NONE', *, *, #2047, .T. ) ;
#2308 = EDGE_LOOP ( 'NONE', ( #3235, #4376, #1334, #3103 ) ) ;
#2309 = CARTESIAN_POINT ( 'NONE',  ( -2.523580700700866153, 10.19222941495382884, 5.000000000000000000 ) ) ;
#2310 = CARTESIAN_POINT ( 'NONE',  ( -6.385651232246003950, -1.086378002196557224, 11.00000000000000000 ) ) ;
#2311 = ADVANCED_FACE ( 'NONE', ( #204 ), #2974, .T. ) ;
#2312 = CARTESIAN_POINT ( 'NONE',  ( 9.964895478147619556, -5.329635873049950234, 5.000000000000000000 ) ) ;
#2313 = VERTEX_POINT ( 'NONE', #3720 ) ;
#2314 = DIRECTION ( 'NONE',  ( -0.000000000000000000, 0.000000000000000000, 1.000000000000000000 ) ) ;
#2315 = ORIENTED_EDGE ( 'NONE', *, *, #2783, .F. ) ;
#2316 = FACE_OUTER_BOUND ( 'NONE', #1399, .T. ) ;
#2317 = ORIENTED_EDGE ( 'NONE', *, *, #458, .T. ) ;
#2318 = CYLINDRICAL_SURFACE ( 'NONE', #3748, 10.50000000000000000 ) ;
#2319 = ADVANCED_FACE ( 'NONE', ( #1570 ), #1976, .T. ) ;
#2320 = DIRECTION ( 'NONE',  ( -0.8256396929150991992, 0.5641977467901309051, 0.000000000000000000 ) ) ;
#2321 = EDGE_LOOP ( 'NONE', ( #1366, #377, #3124, #2565 ) ) ;
#2322 = CARTESIAN_POINT ( 'NONE',  ( -10.31390553733085724, -1.968083475621895895, 5.000000000000000000 ) ) ;
#2323 = DIRECTION ( 'NONE',  ( 0.000000000000000000, 0.000000000000000000, -1.000000000000000000 ) ) ;
#2324 = DIRECTION ( 'NONE',  ( 0.3227507194296265758, 0.9464840057326159295, -0.000000000000000000 ) ) ;
#2325 = ORIENTED_EDGE ( 'NONE', *, *, #4483, .T. ) ;
#2326 = FACE_OUTER_BOUND ( 'NONE', #149, .T. ) ;
#2327 = DIRECTION ( 'NONE',  ( -0.04085172356835942153, 0.9991652199118493671, 0.000000000000000000 ) ) ;
#2328 = LINE ( 'NONE', #932, #2286 ) ;
#2329 = ORIENTED_EDGE ( 'NONE', *, *, #3874, .T. ) ;
#2330 = FACE_OUTER_BOUND ( 'NONE', #3620, .T. ) ;
#2331 = EDGE_LOOP ( 'NONE', ( #1283, #367, #2632, #2348 ) ) ;
#2332 = ADVANCED_FACE ( 'NONE', ( #3014 ), #889, .T. ) ;
#2333 = CARTESIAN_POINT ( 'NONE',  ( 0.000000000000000000, 0.000000000000000000, 11.00000000000000000 ) ) ;
#2334 = VERTEX_POINT ( 'NONE', #2339 ) ;
#2335 = VECTOR ( 'NONE', #4405, 1000.000000000000114 ) ;
#2336 = CARTESIAN_POINT ( 'NONE',  ( -4.536220445964864290, -10.35377462710040852, 5.000000000000000000 ) ) ;
#2337 =( LENGTH_UNIT ( ) NAMED_UNIT ( * ) SI_UNIT ( .MILLI., .METRE. ) );
#2338 = ADVANCED_FACE ( 'NONE', ( #3742 ), #2001, .T. ) ;
#2339 = CARTESIAN_POINT ( 'NONE',  ( 8.762811945377075418, -7.140803300269144671, 5.000000000000000000 ) ) ;
#2340 = VERTEX_POINT ( 'NONE', #1605 ) ;
#2341 = DIRECTION ( 'NONE',  ( 1.000000000000000000, 0.000000000000000000, 0.000000000000000000 ) ) ;
#2342 = ORIENTED_EDGE ( 'NONE', *, *, #3672, .T. ) ;
#2343 = DIRECTION ( 'NONE',  ( -0.000000000000000000, -0.000000000000000000, -1.000000000000000000 ) ) ;
#2344 = VECTOR ( 'NONE', #2151, 1000.000000000000000 ) ;
#2345 = FACE_OUTER_BOUND ( 'NONE', #3073, .T. ) ;
#2346 = ADVANCED_FACE ( 'NONE', ( #3397 ), #1044, .T. ) ;
#2347 = CARTESIAN_POINT ( 'NONE',  ( 9.435664168256277406, 4.606326269803798112, 5.000000000000000000 ) ) ;
#2348 = ORIENTED_EDGE ( 'NONE', *, *, #1714, .F. ) ;
#2349 = DIRECTION ( 'NONE',  ( 1.000000000000000000, 0.000000000000000000, 0.000000000000000000 ) ) ;
#2350 = LINE ( 'NONE', #3798, #3671 ) ;
#2351 = AXIS2_PLACEMENT_3D ( 'NONE', #1159, #384, #1867 ) ;
#2352 = VECTOR ( 'NONE', #905, 1000.000000000000000 ) ;
#2353 = SHAPE_DEFINITION_REPRESENTATION ( #2368, #364 ) ;
#2354 = CARTESIAN_POINT ( 'NONE',  ( 0.000000000000000000, 0.000000000000000000, 5.000000000000000000 ) ) ;
#2355 = EDGE_CURVE ( 'NONE', #1575, #1236, #1297, .T. ) ;
#2356 = AXIS2_PLACEMENT_3D ( 'NONE', #4027, #2612, #2657 ) ;
#2357 = AXIS2_PLACEMENT_3D ( 'NONE', #4386, #1661, #2654 ) ;
#2358 = ORIENTED_EDGE ( 'NONE', *, *, #4374, .F. ) ;
#2359 = DIRECTION ( 'NONE',  ( 1.000000000000000000, 0.000000000000000000, 0.000000000000000000 ) ) ;
#2360 = CARTESIAN_POINT ( 'NONE',  ( 0.000000000000000000, 0.000000000000000000, 11.00000000000000000 ) ) ;
#2361 = VECTOR ( 'NONE', #2485, 999.9999999999998863 ) ;
#2362 = AXIS2_PLACEMENT_3D ( 'NONE', #100, #826, #436 ) ;
#2363 = ADVANCED_FACE ( 'NONE', ( #2382 ), #4505, .T. ) ;
#2364 = DIRECTION ( 'NONE',  ( -1.000000000000000000, 0.000000000000000000, 0.000000000000000000 ) ) ;
#2365 = VECTOR ( 'NONE', #4070, 1000.000000000000000 ) ;
#2366 = EDGE_LOOP ( 'NONE', ( #2185, #45, #415, #227 ) ) ;
#2367 = DIRECTION ( 'NONE',  ( -1.000000000000000000, 0.000000000000000000, 0.000000000000000000 ) ) ;
#2368 = PRODUCT_DEFINITION_SHAPE ( 'NONE', 'NONE',  #1179 ) ;
#2369 = VERTEX_POINT ( 'NONE', #1344 ) ;
#2370 = EDGE_CURVE ( 'NONE', #1789, #1312, #3072, .T. ) ;
#2371 = ORIENTED_EDGE ( 'NONE', *, *, #4065, .F. ) ;
#2372 = CARTESIAN_POINT ( 'NONE',  ( 10.51318289192295907, 4.144532049663293805, 5.000000000000000000 ) ) ;
#2373 = LINE ( 'NONE', #2010, #1154 ) ;
#2374 = CARTESIAN_POINT ( 'NONE',  ( -7.543620499357020392, 8.418535188787801715, 5.000000000000000000 ) ) ;
#2375 = VERTEX_POINT ( 'NONE', #4098 ) ;
#2376 = CARTESIAN_POINT ( 'NONE',  ( 4.391559839379030272, -4.761403259617265071, 11.00000000000000000 ) ) ;
#2377 = DIRECTION ( 'NONE',  ( 1.000000000000000000, 0.000000000000000000, 0.000000000000000000 ) ) ;
#2378 = DIRECTION ( 'NONE',  ( -0.000000000000000000, 0.000000000000000000, 1.000000000000000000 ) ) ;
#2379 = ORIENTED_EDGE ( 'NONE', *, *, #634, .T. ) ;
#2380 = CARTESIAN_POINT ( 'NONE',  ( 11.15834239737638178, 1.787611639204794933, 5.000000000000000000 ) ) ;
#2381 = DIRECTION ( 'NONE',  ( 0.9670233793176322701, 0.2546876201410405716, -0.000000000000000000 ) ) ;
#2382 = FACE_OUTER_BOUND ( 'NONE', #3534, .T. ) ;
#2383 = VERTEX_POINT ( 'NONE', #3054 ) ;
#2384 = EDGE_CURVE ( 'NONE', #705, #2257, #4141, .T. ) ;
#2385 = ORIENTED_EDGE ( 'NONE', *, *, #3430, .F. ) ;
#2386 = EDGE_LOOP ( 'NONE', ( #28, #4358, #3650, #3317 ) ) ;
#2387 = CARTESIAN_POINT ( 'NONE',  ( 10.51318289192295907, 4.144532049663293805, 11.00000000000000000 ) ) ;
#2388 = CARTESIAN_POINT ( 'NONE',  ( -3.682481566408342566, -9.833073248637111519, 11.00000000000000000 ) ) ;
#2389 = PLANE ( 'NONE',  #4469 ) ;
#2390 = ORIENTED_EDGE ( 'NONE', *, *, #738, .F. ) ;
#2391 = LINE ( 'NONE', #1274, #742 ) ;
#2392 = DIRECTION ( 'NONE',  ( 0.000000000000000000, 0.000000000000000000, -1.000000000000000000 ) ) ;
#2393 = DIRECTION ( 'NONE',  ( -0.8599444367698223513, 0.5103876621438188099, 0.000000000000000000 ) ) ;
#2394 = ORIENTED_EDGE ( 'NONE', *, *, #2620, .T. ) ;
#2395 = CARTESIAN_POINT ( 'NONE',  ( -10.89965690040262380, -2.983561610426931576, 5.000000000000000000 ) ) ;
#2396 = LINE ( 'NONE', #3190, #1300 ) ;
#2397 = LINE ( 'NONE', #3484, #1108 ) ;
#2398 = ORIENTED_EDGE ( 'NONE', *, *, #3041, .T. ) ;
#2399 = CARTESIAN_POINT ( 'NONE',  ( -4.880614574191747046, 4.258680570520386510, 5.000000000000000000 ) ) ;
#2400 = ORIENTED_EDGE ( 'NONE', *, *, #4182, .F. ) ;
#2401 = CARTESIAN_POINT ( 'NONE',  ( 7.604739771919065916, 8.363365229653085819, 11.00000000000000000 ) ) ;
#2402 = VECTOR ( 'NONE', #3200, 1000.000000000000114 ) ;
#2403 = VERTEX_POINT ( 'NONE', #4441 ) ;
#2404 = DIRECTION ( 'NONE',  ( -0.8350806252005414931, -0.5501275755810399737, 0.000000000000000000 ) ) ;
#2405 = CARTESIAN_POINT ( 'NONE',  ( 3.610761202405437853, -9.859635061157366209, 11.00000000000000000 ) ) ;
#2406 = CARTESIAN_POINT ( 'NONE',  ( 4.000000000000000000, 4.898587196589412829E-16, 1.000000000000000000 ) ) ;
#2407 = EDGE_CURVE ( 'NONE', #1751, #1173, #2778, .T. ) ;
#2408 = ADVANCED_FACE ( 'NONE', ( #4160 ), #286, .T. ) ;
#2409 = VERTEX_POINT ( 'NONE', #266 ) ;
#2410 = AXIS2_PLACEMENT_3D ( 'NONE', #2630, #1547, #191 ) ;
#2411 = CARTESIAN_POINT ( 'NONE',  ( -4.088734135651274748, 9.671207430717222664, 11.00000000000000000 ) ) ;
#2412 = DIRECTION ( 'NONE',  ( -0.000000000000000000, -0.000000000000000000, -1.000000000000000000 ) ) ;
#2413 = VECTOR ( 'NONE', #1577, 1000.000000000000000 ) ;
#2414 = CYLINDRICAL_SURFACE ( 'NONE', #4465, 10.50000000000000000 ) ;
#2415 = ORIENTED_EDGE ( 'NONE', *, *, #1846, .F. ) ;
#2416 = DIRECTION ( 'NONE',  ( -0.000000000000000000, 0.000000000000000000, 1.000000000000000000 ) ) ;
#2417 = VECTOR ( 'NONE', #3805, 1000.000000000000000 ) ;
#2418 = VECTOR ( 'NONE', #2164, 1000.000000000000000 ) ;
#2419 = ADVANCED_FACE ( 'NONE', ( #1671 ), #625, .T. ) ;
#2420 = EDGE_CURVE ( 'NONE', #3432, #3596, #3767, .T. ) ;
#2421 = CARTESIAN_POINT ( 'NONE',  ( 5.312448565510607956, -3.706028745482865538, 5.000000000000000000 ) ) ;
#2422 = CARTESIAN_POINT ( 'NONE',  ( 9.852197001079828098, -3.631007332946835753, 5.000000000000000000 ) ) ;
#2423 = AXIS2_PLACEMENT_3D ( 'NONE', #2667, #4059, #907 ) ;
#2424 = VECTOR ( 'NONE', #765, 1000.000000000000000 ) ;
#2425 = ORIENTED_EDGE ( 'NONE', *, *, #2443, .T. ) ;
#2426 = CARTESIAN_POINT ( 'NONE',  ( -9.176991059613770929, 6.600059094807169124, 11.00000000000000000 ) ) ;
#2427 = ORIENTED_EDGE ( 'NONE', *, *, #2370, .F. ) ;
#2428 = DIRECTION ( 'NONE',  ( 0.000000000000000000, 0.000000000000000000, -1.000000000000000000 ) ) ;
#2429 = VECTOR ( 'NONE', #11, 999.9999999999998863 ) ;
#2430 = VECTOR ( 'NONE', #1210, 1000.000000000000000 ) ;
#2431 = AXIS2_PLACEMENT_3D ( 'NONE', #1282, #2689, #2301 ) ;
#2432 = ORIENTED_EDGE ( 'NONE', *, *, #3295, .F. ) ;
#2433 = ORIENTED_EDGE ( 'NONE', *, *, #811, .T. ) ;
#2434 = DIRECTION ( 'NONE',  ( -0.000000000000000000, -0.000000000000000000, -1.000000000000000000 ) ) ;
#2435 = EDGE_CURVE ( 'NONE', #3432, #649, #3680, .T. ) ;
#2436 = DIRECTION ( 'NONE',  ( -0.000000000000000000, -0.000000000000000000, -1.000000000000000000 ) ) ;
#2437 = AXIS2_PLACEMENT_3D ( 'NONE', #2744, #4494, #3447 ) ;
#2438 = CARTESIAN_POINT ( 'NONE',  ( 0.000000000000000000, 0.000000000000000000, -22.00000000000000000 ) ) ;
#2439 = VERTEX_POINT ( 'NONE', #2426 ) ;
#2440 = ORIENTED_EDGE ( 'NONE', *, *, #4446, .T. ) ;
#2441 = CARTESIAN_POINT ( 'NONE',  ( -5.681998954616807040, 3.109927121859024091, 5.000000000000000000 ) ) ;
#2442 = CARTESIAN_POINT ( 'NONE',  ( 3.265326656026316776, -5.594139849251596353, 11.00000000000000000 ) ) ;
#2443 = EDGE_CURVE ( 'NONE', #4438, #3251, #965, .T. ) ;
#2444 = DIRECTION ( 'NONE',  ( -1.000000000000000000, 0.000000000000000000, 0.000000000000000000 ) ) ;
#2445 = ORIENTED_EDGE ( 'NONE', *, *, #1212, .T. ) ;
#2446 = DIRECTION ( 'NONE',  ( -0.000000000000000000, -0.000000000000000000, -1.000000000000000000 ) ) ;
#2447 = LINE ( 'NONE', #4138, #3143 ) ;
#2448 = FACE_OUTER_BOUND ( 'NONE', #3749, .T. ) ;
#2449 = ORIENTED_EDGE ( 'NONE', *, *, #2179, .T. ) ;
#2450 = EDGE_CURVE ( 'NONE', #4208, #269, #3835, .T. ) ;
#2451 = CARTESIAN_POINT ( 'NONE',  ( 0.000000000000000000, 0.000000000000000000, 5.000000000000000000 ) ) ;
#2452 = CARTESIAN_POINT ( 'NONE',  ( -8.639495681600477539, -7.284454323922589403, 11.00000000000000000 ) ) ;
#2453 = FILL_AREA_STYLE_COLOUR ( '', #1632 ) ;
#2454 = DIRECTION ( 'NONE',  ( -0.9773969907484417741, -0.2114122098552737583, 0.000000000000000000 ) ) ;
#2455 = PRODUCT_DEFINITION_CONTEXT ( 'detailed design', #4423, 'design' ) ;
#2456 = ORIENTED_EDGE ( 'NONE', *, *, #499, .F. ) ;
#2457 = ORIENTED_EDGE ( 'NONE', *, *, #4333, .F. ) ;
#2458 = DIRECTION ( 'NONE',  ( -0.000000000000000000, 0.000000000000000000, 1.000000000000000000 ) ) ;
#2459 = CARTESIAN_POINT ( 'NONE',  ( 11.20131120659796409, 1.519398636342918385, 5.000000000000000000 ) ) ;
#2460 = DIRECTION ( 'NONE',  ( -0.000000000000000000, -0.000000000000000000, -1.000000000000000000 ) ) ;
#2461 = VERTEX_POINT ( 'NONE', #2087 ) ;
#2462 = ORIENTED_EDGE ( 'NONE', *, *, #2283, .F. ) ;
#2463 = DIRECTION ( 'NONE',  ( -0.000000000000000000, -0.000000000000000000, -1.000000000000000000 ) ) ;
#2464 = CARTESIAN_POINT ( 'NONE',  ( 2.105150031715640413, -6.125773597473963328, 5.000000000000000000 ) ) ;
#2465 = CARTESIAN_POINT ( 'NONE',  ( 0.000000000000000000, 0.000000000000000000, 5.000000000000000000 ) ) ;
#2466 = EDGE_CURVE ( 'NONE', #2498, #3882, #656, .T. ) ;
#2467 = ORIENTED_EDGE ( 'NONE', *, *, #3441, .F. ) ;
#2468 = LINE ( 'NONE', #717, #1402 ) ;
#2469 = LINE ( 'NONE', #36, #3875 ) ;
#2470 = PLANE ( 'NONE',  #3019 ) ;
#2471 = VERTEX_POINT ( 'NONE', #4121 ) ;
#2472 = DIRECTION ( 'NONE',  ( -0.3135924481010377574, -0.9495576741272738763, 0.000000000000000000 ) ) ;
#2473 = CARTESIAN_POINT ( 'NONE',  ( -4.880614574191747046, 4.258680570520386510, 11.00000000000000000 ) ) ;
#2474 = CARTESIAN_POINT ( 'NONE',  ( 2.597752473954340502, 10.17357764427362810, 11.00000000000000000 ) ) ;
#2475 = DIRECTION ( 'NONE',  ( -0.8499235187263687319, 0.5269060754212158137, 0.000000000000000000 ) ) ;
#2476 = DIRECTION ( 'NONE',  ( -1.000000000000000000, 0.000000000000000000, 0.000000000000000000 ) ) ;
#2477 = VERTEX_POINT ( 'NONE', #2108 ) ;
#2478 = VECTOR ( 'NONE', #685, 1000.000000000000000 ) ;
#2479 = VERTEX_POINT ( 'NONE', #3506 ) ;
#2480 = CARTESIAN_POINT ( 'NONE',  ( -6.871566720908822035, -8.971384019748914085, 5.000000000000000000 ) ) ;
#2481 = CYLINDRICAL_SURFACE ( 'NONE', #2559, 10.50000000000000000 ) ;
#2482 = CARTESIAN_POINT ( 'NONE',  ( 9.145593224530003340, 5.158306366573330415, 11.00000000000000000 ) ) ;
#2483 = ORIENTED_EDGE ( 'NONE', *, *, #3525, .F. ) ;
#2484 = ORIENTED_EDGE ( 'NONE', *, *, #315, .T. ) ;
#2485 = DIRECTION ( 'NONE',  ( -0.7997207925899318948, 0.6003720962031224850, 0.000000000000000000 ) ) ;
#2486 = LINE ( 'NONE', #2464, #2490 ) ;
#2487 = ADVANCED_FACE ( 'NONE', ( #3414, #3486 ), #2039, .F. ) ;
#2488 = EDGE_CURVE ( 'NONE', #3796, #1996, #4462, .T. ) ;
#2489 = DIRECTION ( 'NONE',  ( -0.9947706500000884633, 0.1021339997180250314, 0.000000000000000000 ) ) ;
#2490 = VECTOR ( 'NONE', #344, 1000.000000000000114 ) ;
#2491 = ORIENTED_EDGE ( 'NONE', *, *, #3664, .T. ) ;
#2492 = LINE ( 'NONE', #3597, #948 ) ;
#2493 = ADVANCED_FACE ( 'NONE', ( #2161 ), #1115, .T. ) ;
#2494 = VECTOR ( 'NONE', #294, 1000.000000000000000 ) ;
#2495 = DIRECTION ( 'NONE',  ( -0.2019605084722033428, 0.9793936660085408308, 0.000000000000000000 ) ) ;
#2496 = DIRECTION ( 'NONE',  ( -0.000000000000000000, -0.000000000000000000, -1.000000000000000000 ) ) ;
#2497 = EDGE_CURVE ( 'NONE', #1866, #1891, #2578, .T. ) ;
#2498 = VERTEX_POINT ( 'NONE', #405 ) ;
#2499 = CIRCLE ( 'NONE', #1690, 10.50000000000000000 ) ;
#2500 = CARTESIAN_POINT ( 'NONE',  ( 4.000000000000000000, 4.898587196589412829E-16, 11.00000000000000000 ) ) ;
#2501 = DIRECTION ( 'NONE',  ( -0.000000000000000000, -0.000000000000000000, -1.000000000000000000 ) ) ;
#2502 = CARTESIAN_POINT ( 'NONE',  ( -2.734546706114576509, -10.96814475083438900, 11.00000000000000000 ) ) ;
#2503 = ADVANCED_FACE ( 'NONE', ( #1512 ), #723, .T. ) ;
#2504 = AXIS2_PLACEMENT_3D ( 'NONE', #4516, #2836, #3148 ) ;
#2505 = CARTESIAN_POINT ( 'NONE',  ( -4.536220445964864290, -10.35377462710040675, 11.00000000000000000 ) ) ;
#2506 = VECTOR ( 'NONE', #1131, 1000.000000000000114 ) ;
#2507 = EDGE_LOOP ( 'NONE', ( #3229, #1532, #2427, #3392 ) ) ;
#2508 = VECTOR ( 'NONE', #2922, 1000.000000000000000 ) ;
#2509 = ORIENTED_EDGE ( 'NONE', *, *, #88, .T. ) ;
#2510 = CARTESIAN_POINT ( 'NONE',  ( 0.000000000000000000, 0.000000000000000000, 11.00000000000000000 ) ) ;
#2511 = DIRECTION ( 'NONE',  ( -0.9945251283238637496, -0.1044976991727672583, 0.000000000000000000 ) ) ;
#2512 = AXIS2_PLACEMENT_3D ( 'NONE', #250, #4401, #2341 ) ;
#2513 = VECTOR ( 'NONE', #887, 1000.000000000000114 ) ;
#2514 = DIRECTION ( 'NONE',  ( 1.000000000000000000, 0.000000000000000000, 0.000000000000000000 ) ) ;
#2515 = ORIENTED_EDGE ( 'NONE', *, *, #98, .F. ) ;
#2516 = ADVANCED_FACE ( 'NONE', ( #2529 ), #1440, .T. ) ;
#2517 = EDGE_LOOP ( 'NONE', ( #2307, #1153, #179, #487 ) ) ;
#2518 = DIRECTION ( 'NONE',  ( 0.7997207925899317837, -0.6003720962031223740, 0.000000000000000000 ) ) ;
#2519 = LINE ( 'NONE', #3226, #4246 ) ;
#2520 = VECTOR ( 'NONE', #3044, 1000.000000000000227 ) ;
#2521 = CARTESIAN_POINT ( 'NONE',  ( -10.49585192853588111, 0.2951140360092389670, 11.00000000000000000 ) ) ;
#2522 = ADVANCED_FACE ( 'NONE', ( #1493 ), #17, .T. ) ;
#2523 = VERTEX_POINT ( 'NONE', #1137 ) ;
#2524 = CARTESIAN_POINT ( 'NONE',  ( -0.04115633369574200895, -11.30055160538212178, 5.000000000000000000 ) ) ;
#2525 = ORIENTED_EDGE ( 'NONE', *, *, #1550, .F. ) ;
#2526 = CARTESIAN_POINT ( 'NONE',  ( 6.134398983059601740, 8.521686987717711048, 5.000000000000000000 ) ) ;
#2527 = CARTESIAN_POINT ( 'NONE',  ( -6.251618380275175468, 1.695295387520142416, 5.000000000000000000 ) ) ;
#2528 = ORIENTED_EDGE ( 'NONE', *, *, #4235, .T. ) ;
#2529 = FACE_OUTER_BOUND ( 'NONE', #2223, .T. ) ;
#2530 = DIRECTION ( 'NONE',  ( 0.7167835481864553993, -0.6972957371511999680, 0.000000000000000000 ) ) ;
#2531 = CARTESIAN_POINT ( 'NONE',  ( -0.9107435438973024988, 11.26714210261090621, 11.00000000000000000 ) ) ;
#2532 = EDGE_CURVE ( 'NONE', #451, #2622, #2802, .T. ) ;
#2533 = ORIENTED_EDGE ( 'NONE', *, *, #419, .F. ) ;
#2534 = ORIENTED_EDGE ( 'NONE', *, *, #4056, .F. ) ;
#2535 = CARTESIAN_POINT ( 'NONE',  ( -5.028441429125909856, -10.12386891247748721, 11.00000000000000000 ) ) ;
#2536 = CARTESIAN_POINT ( 'NONE',  ( 4.911504713468676009, 4.223017910584396795, 11.00000000000000000 ) ) ;
#2537 = DIRECTION ( 'NONE',  ( 0.9926118128115598571, -0.1213333798546334247, 0.000000000000000000 ) ) ;
#2538 = ORIENTED_EDGE ( 'NONE', *, *, #918, .F. ) ;
#2539 = ORIENTED_EDGE ( 'NONE', *, *, #2023, .T. ) ;
#2540 = DIRECTION ( 'NONE',  ( 0.4801193905843246790, 0.8772031525165289167, 0.000000000000000000 ) ) ;
#2541 = DIRECTION ( 'NONE',  ( 0.1748943541949495584, 0.9845872053153704728, 0.000000000000000000 ) ) ;
#2542 = LINE ( 'NONE', #3940, #84 ) ;
#2543 = VERTEX_POINT ( 'NONE', #2500 ) ;
#2544 = LINE ( 'NONE', #2524, #2953 ) ;
#2545 = ORIENTED_EDGE ( 'NONE', *, *, #2709, .F. ) ;
#2546 = CYLINDRICAL_SURFACE ( 'NONE', #3665, 10.50000000000000000 ) ;
#2547 = ORIENTED_EDGE ( 'NONE', *, *, #3944, .F. ) ;
#2548 = DIRECTION ( 'NONE',  ( -0.9495576741272737653, 0.3135924481010377574, 0.000000000000000000 ) ) ;
#2549 = LINE ( 'NONE', #2944, #3099 ) ;
#2550 = EDGE_CURVE ( 'NONE', #1312, #3475, #3262, .T. ) ;
#2551 = CARTESIAN_POINT ( 'NONE',  ( 8.489489480039569713, -6.178880834608928119, 11.00000000000000000 ) ) ;
#2552 = VERTEX_POINT ( 'NONE', #3213 ) ;
#2553 = ORIENTED_EDGE ( 'NONE', *, *, #4378, .F. ) ;
#2554 = CARTESIAN_POINT ( 'NONE',  ( 9.964895478147619556, -5.329635873049950234, 11.00000000000000000 ) ) ;
#2555 = CARTESIAN_POINT ( 'NONE',  ( 0.000000000000000000, 0.000000000000000000, 11.00000000000000000 ) ) ;
#2556 = EDGE_LOOP ( 'NONE', ( #1470, #4500, #906, #2761 ) ) ;
#2557 = CARTESIAN_POINT ( 'NONE',  ( -2.500000000000000000, 0.000000000000000000, 11.00000000000000000 ) ) ;
#2558 = CARTESIAN_POINT ( 'NONE',  ( 0.7390725469451834284, -6.435101443947368161, 5.000000000000000000 ) ) ;
#2559 = AXIS2_PLACEMENT_3D ( 'NONE', #3886, #4245, #4295 ) ;
#2560 = ADVANCED_FACE ( 'NONE', ( #3633 ), #3970, .T. ) ;
#2561 = DIRECTION ( 'NONE',  ( 0.000000000000000000, 0.000000000000000000, 1.000000000000000000 ) ) ;
#2562 = ORIENTED_EDGE ( 'NONE', *, *, #534, .F. ) ;
#2563 = VECTOR ( 'NONE', #1083, 1000.000000000000000 ) ;
#2564 = DIRECTION ( 'NONE',  ( -0.9888912223297162685, -0.1486410118346872533, 0.000000000000000000 ) ) ;
#2565 = ORIENTED_EDGE ( 'NONE', *, *, #3937, .T. ) ;
#2566 = LINE ( 'NONE', #1902, #277 ) ;
#2567 = CARTESIAN_POINT ( 'NONE',  ( 6.263800824939760759, 1.649714535616611633, 11.00000000000000000 ) ) ;
#2568 = EDGE_CURVE ( 'NONE', #4276, #1823, #1463, .T. ) ;
#2569 = ORIENTED_EDGE ( 'NONE', *, *, #713, .F. ) ;
#2570 = EDGE_CURVE ( 'NONE', #451, #3812, #2900, .T. ) ;
#2571 = DIRECTION ( 'NONE',  ( -0.8040726009977303690, -0.5945311197277605153, 0.000000000000000000 ) ) ;
#2572 = CIRCLE ( 'NONE', #3741, 10.50000000000000000 ) ;
#2573 = DIRECTION ( 'NONE',  ( -0.000000000000000000, -0.000000000000000000, -1.000000000000000000 ) ) ;
#2574 = CARTESIAN_POINT ( 'NONE',  ( 4.724036929421080444, 9.377285059624979269, 5.000000000000000000 ) ) ;
#2575 = AXIS2_PLACEMENT_3D ( 'NONE', #1984, #1659, #1328 ) ;
#2576 = EDGE_CURVE ( 'NONE', #779, #2125, #290, .T. ) ;
#2577 = EDGE_LOOP ( 'NONE', ( #4484, #1988, #347, #871 ) ) ;
#2578 = CIRCLE ( 'NONE', #1475, 2.500000000000000000 ) ;
#2579 = AXIS2_PLACEMENT_3D ( 'NONE', #4030, #3761, #1225 ) ;
#2580 = CYLINDRICAL_SURFACE ( 'NONE', #2113, 10.50000000000000000 ) ;
#2581 = DIRECTION ( 'NONE',  ( -0.000000000000000000, -0.000000000000000000, -1.000000000000000000 ) ) ;
#2582 = CARTESIAN_POINT ( 'NONE',  ( 10.20528756947152615, 2.470244041464316087, 11.00000000000000000 ) ) ;
#2583 = VECTOR ( 'NONE', #247, 1000.000000000000114 ) ;
#2584 = ORIENTED_EDGE ( 'NONE', *, *, #3630, .F. ) ;
#2585 = VECTOR ( 'NONE', #2220, 1000.000000000000227 ) ;
#2586 = VERTEX_POINT ( 'NONE', #2203 ) ;
#2587 = PLANE ( 'NONE',  #4390 ) ;
#2588 = CIRCLE ( 'NONE', #2218, 4.000000000000000000 ) ;
#2589 = VECTOR ( 'NONE', #1798, 1000.000000000000000 ) ;
#2590 = CARTESIAN_POINT ( 'NONE',  ( 0.000000000000000000, 0.000000000000000000, 11.00000000000000000 ) ) ;
#2591 = AXIS2_PLACEMENT_3D ( 'NONE', #935, #3797, #4133 ) ;
#2592 = EDGE_LOOP ( 'NONE', ( #1874, #2483, #758, #3468 ) ) ;
#2593 = PLANE ( 'NONE',  #4181 ) ;
#2594 = VERTEX_POINT ( 'NONE', #3606 ) ;
#2595 = EDGE_CURVE ( 'NONE', #4418, #4077, #2232, .T. ) ;
#2596 = PLANE ( 'NONE',  #2782 ) ;
#2597 = DIRECTION ( 'NONE',  ( 0.2546876201410405716, -0.9670233793176322701, 0.000000000000000000 ) ) ;
#2598 = LINE ( 'NONE', #755, #4101 ) ;
#2599 = ORIENTED_EDGE ( 'NONE', *, *, #382, .F. ) ;
#2600 = ORIENTED_EDGE ( 'NONE', *, *, #4096, .T. ) ;
#2601 = DIRECTION ( 'NONE',  ( 1.000000000000000000, 0.000000000000000000, 0.000000000000000000 ) ) ;
#2602 = CARTESIAN_POINT ( 'NONE',  ( 9.964895478147619556, -5.329635873049950234, 11.00000000000000000 ) ) ;
#2603 = DIRECTION ( 'NONE',  ( 0.000000000000000000, 0.000000000000000000, 1.000000000000000000 ) ) ;
#2604 = ORIENTED_EDGE ( 'NONE', *, *, #2115, .T. ) ;
#2605 = LINE ( 'NONE', #1213, #3007 ) ;
#2606 = LINE ( 'NONE', #870, #2219 ) ;
#2607 = ORIENTED_EDGE ( 'NONE', *, *, #1744, .T. ) ;
#2608 = ORIENTED_EDGE ( 'NONE', *, *, #640, .F. ) ;
#2609 = CARTESIAN_POINT ( 'NONE',  ( -6.462667090921570434, 0.4366839766468764705, 5.000000000000000000 ) ) ;
#2610 = DIRECTION ( 'NONE',  ( 1.000000000000000000, 0.000000000000000000, 0.000000000000000000 ) ) ;
#2611 = ORIENTED_EDGE ( 'NONE', *, *, #3118, .F. ) ;
#2612 = DIRECTION ( 'NONE',  ( 0.8896646002758138438, 0.4566146066608867682, -0.000000000000000000 ) ) ;
#2613 = LINE ( 'NONE', #4009, #4457 ) ;
#2614 = EDGE_CURVE ( 'NONE', #1397, #2902, #453, .T. ) ;
#2615 = ORIENTED_EDGE ( 'NONE', *, *, #2280, .F. ) ;
#2616 = EDGE_LOOP ( 'NONE', ( #3280, #1627, #483, #1216 ) ) ;
#2617 = LINE ( 'NONE', #1907, #513 ) ;
#2618 = DIRECTION ( 'NONE',  ( -0.000000000000000000, -0.000000000000000000, -1.000000000000000000 ) ) ;
#2619 = CARTESIAN_POINT ( 'NONE',  ( -2.755122180479451011, 5.862257295118626033, 11.00000000000000000 ) ) ;
#2620 = EDGE_CURVE ( 'NONE', #2907, #649, #3167, .T. ) ;
#2621 = EDGE_CURVE ( 'NONE', #1081, #2049, #1063, .T. ) ;
#2622 = VERTEX_POINT ( 'NONE', #752 ) ;
#2623 = EDGE_CURVE ( 'NONE', #1694, #4118, #1767, .T. ) ;
#2624 = EDGE_CURVE ( 'NONE', #683, #4208, #1586, .T. ) ;
#2625 = DIRECTION ( 'NONE',  ( -1.000000000000000000, 0.000000000000000000, 0.000000000000000000 ) ) ;
#2626 = DIRECTION ( 'NONE',  ( -0.000000000000000000, -0.000000000000000000, -1.000000000000000000 ) ) ;
#2627 = ORIENTED_EDGE ( 'NONE', *, *, #2923, .T. ) ;
#2628 = ORIENTED_EDGE ( 'NONE', *, *, #4132, .F. ) ;
#2629 = EDGE_CURVE ( 'NONE', #1246, #2012, #2212, .T. ) ;
#2630 = CARTESIAN_POINT ( 'NONE',  ( 0.000000000000000000, 0.000000000000000000, 11.00000000000000000 ) ) ;
#2631 = CARTESIAN_POINT ( 'NONE',  ( -0.9107435438973024988, 11.26714210261090621, 11.00000000000000000 ) ) ;
#2632 = ORIENTED_EDGE ( 'NONE', *, *, #3921, .F. ) ;
#2633 = FACE_OUTER_BOUND ( 'NONE', #111, .T. ) ;
#2634 = EDGE_LOOP ( 'NONE', ( #2251, #357, #2827, #3324 ) ) ;
#2635 = AXIS2_PLACEMENT_3D ( 'NONE', #1572, #847, #3681 ) ;
#2636 = DIRECTION ( 'NONE',  ( -0.5581689404309843061, 0.8297273250521235433, 0.000000000000000000 ) ) ;
#2637 = CARTESIAN_POINT ( 'NONE',  ( 0.000000000000000000, 0.000000000000000000, 11.00000000000000000 ) ) ;
#2638 = ADVANCED_FACE ( 'NONE', ( #1188 ), #2991, .T. ) ;
#2639 = LINE ( 'NONE', #582, #2513 ) ;
#2640 = AXIS2_PLACEMENT_3D ( 'NONE', #3428, #243, #1649 ) ;
#2641 = CARTESIAN_POINT ( 'NONE',  ( 2.684361755194011767, 5.894994553923964986, 11.00000000000000000 ) ) ;
#2642 = EDGE_LOOP ( 'NONE', ( #74, #992, #926, #757 ) ) ;
#2643 = LINE ( 'NONE', #3335, #4189 ) ;
#2644 = ADVANCED_FACE ( 'NONE', ( #3010 ), #2318, .T. ) ;
#2645 = DIRECTION ( 'NONE',  ( 1.000000000000000000, 0.000000000000000000, 0.000000000000000000 ) ) ;
#2646 = ORIENTED_EDGE ( 'NONE', *, *, #1565, .F. ) ;
#2647 = VECTOR ( 'NONE', #4375, 1000.000000000000114 ) ;
#2648 = ORIENTED_EDGE ( 'NONE', *, *, #251, .T. ) ;
#2649 = AXIS2_PLACEMENT_3D ( 'NONE', #2354, #3086, #3008 ) ;
#2650 = DIRECTION ( 'NONE',  ( -0.000000000000000000, -0.000000000000000000, -1.000000000000000000 ) ) ;
#2651 = FACE_OUTER_BOUND ( 'NONE', #721, .T. ) ;
#2652 = AXIS2_PLACEMENT_3D ( 'NONE', #3330, #1932, #201 ) ;
#2653 = AXIS2_PLACEMENT_3D ( 'NONE', #2933, #1172, #486 ) ;
#2654 = DIRECTION ( 'NONE',  ( -1.000000000000000000, 0.000000000000000000, 0.000000000000000000 ) ) ;
#2655 = EDGE_CURVE ( 'NONE', #797, #578, #3303, .T. ) ;
#2656 = ORIENTED_EDGE ( 'NONE', *, *, #1542, .T. ) ;
#2657 = DIRECTION ( 'NONE',  ( -0.4566146066608867682, 0.8896646002758138438, 0.000000000000000000 ) ) ;
#2658 = ORIENTED_EDGE ( 'NONE', *, *, #2255, .T. ) ;
#2659 = VECTOR ( 'NONE', #1830, 1000.000000000000227 ) ;
#2660 = VECTOR ( 'NONE', #3995, 1000.000000000000114 ) ;
#2661 = CARTESIAN_POINT ( 'NONE',  ( 2.500000000000000000, 3.061616997868383141E-16, 11.00000000000000000 ) ) ;
#2662 = EDGE_CURVE ( 'NONE', #3598, #269, #1972, .T. ) ;
#2663 = AXIS2_PLACEMENT_3D ( 'NONE', #3047, #1003, #2349 ) ;
#2664 = AXIS2_PLACEMENT_3D ( 'NONE', #1281, #2688, #922 ) ;
#2665 = EDGE_LOOP ( 'NONE', ( #3911, #3774, #3546, #1597 ) ) ;
#2666 = EDGE_LOOP ( 'NONE', ( #4122, #3337, #909, #1114 ) ) ;
#2667 = CARTESIAN_POINT ( 'NONE',  ( -3.305986936356658301, -5.570207285207684045, 11.00000000000000000 ) ) ;
#2668 = AXIS2_PLACEMENT_3D ( 'NONE', #1942, #2696, #1220 ) ;
#2669 = FACE_OUTER_BOUND ( 'NONE', #1925, .T. ) ;
#2670 = EDGE_CURVE ( 'NONE', #966, #3518, #3024, .T. ) ;
#2671 = CYLINDRICAL_SURFACE ( 'NONE', #1703, 10.50000000000000000 ) ;
#2672 = VERTEX_POINT ( 'NONE', #3035 ) ;
#2673 = DIRECTION ( 'NONE',  ( -0.5641977467901309051, -0.8256396929150991992, 0.000000000000000000 ) ) ;
#2674 = DIRECTION ( 'NONE',  ( -0.1486410118346872811, 0.9888912223297163795, 0.000000000000000000 ) ) ;
#2675 = PLANE ( 'NONE',  #2136 ) ;
#2676 = FACE_OUTER_BOUND ( 'NONE', #1407, .T. ) ;
#2677 = EDGE_CURVE ( 'NONE', #3801, #1424, #1280, .T. ) ;
#2678 = VERTEX_POINT ( 'NONE', #921 ) ;
#2679 = CARTESIAN_POINT ( 'NONE',  ( 0.000000000000000000, 0.000000000000000000, 5.000000000000000000 ) ) ;
#2680 = DIRECTION ( 'NONE',  ( 1.000000000000000000, 0.000000000000000000, 0.000000000000000000 ) ) ;
#2681 = ORIENTED_EDGE ( 'NONE', *, *, #3130, .T. ) ;
#2682 = CARTESIAN_POINT ( 'NONE',  ( 8.762811945377075418, -7.140803300269144671, 11.00000000000000000 ) ) ;
#2683 = ORIENTED_EDGE ( 'NONE', *, *, #782, .T. ) ;
#2684 = EDGE_CURVE ( 'NONE', #3210, #256, #2617, .T. ) ;
#2685 = DIRECTION ( 'NONE',  ( 1.000000000000000000, 0.000000000000000000, 0.000000000000000000 ) ) ;
#2686 = ORIENTED_EDGE ( 'NONE', *, *, #2407, .F. ) ;
#2687 = FACE_OUTER_BOUND ( 'NONE', #220, .T. ) ;
#2688 = DIRECTION ( 'NONE',  ( 0.4319244328513589526, 0.9019097983202266633, -0.000000000000000000 ) ) ;
#2689 = DIRECTION ( 'NONE',  ( -0.9988411564176868929, 0.04812841412490155568, 0.000000000000000000 ) ) ;
#2690 = EDGE_LOOP ( 'NONE', ( #1345, #2604, #4293, #1508 ) ) ;
#2691 = ADVANCED_FACE ( 'NONE', ( #2687 ), #542, .T. ) ;
#2692 = CARTESIAN_POINT ( 'NONE',  ( 10.49772306630076635, 0.2186559472250231284, 11.00000000000000000 ) ) ;
#2693 = ORIENTED_EDGE ( 'NONE', *, *, #2984, .T. ) ;
#2694 = VERTEX_POINT ( 'NONE', #4013 ) ;
#2695 = DIRECTION ( 'NONE',  ( 0.1677181245478933103, -0.9858349916178352768, 0.000000000000000000 ) ) ;
#2696 = DIRECTION ( 'NONE',  ( -0.000000000000000000, 0.000000000000000000, 1.000000000000000000 ) ) ;
#2697 = CARTESIAN_POINT ( 'NONE',  ( 1.476474515149202693, 6.306883686073168072, 11.00000000000000000 ) ) ;
#2698 = VERTEX_POINT ( 'NONE', #2336 ) ;
#2699 = DIRECTION ( 'NONE',  ( 0.6779814931923145993, -0.7350789718722195998, 0.000000000000000000 ) ) ;
#2700 = DIRECTION ( 'NONE',  ( -0.7660444431189767922, 0.6427876096865408062, 0.000000000000000000 ) ) ;
#2701 = EDGE_CURVE ( 'NONE', #1544, #2586, #736, .T. ) ;
#2702 = DIRECTION ( 'NONE',  ( 1.000000000000000000, 0.000000000000000000, 0.000000000000000000 ) ) ;
#2703 = ORIENTED_EDGE ( 'NONE', *, *, #1046, .T. ) ;
#2704 = AXIS2_PLACEMENT_3D ( 'NONE', #3017, #4000, #3705 ) ;
#2705 = CARTESIAN_POINT ( 'NONE',  ( 0.000000000000000000, 0.000000000000000000, 17.00000000000000000 ) ) ;
#2706 = DIRECTION ( 'NONE',  ( 1.000000000000000000, 0.000000000000000000, -0.000000000000000000 ) ) ;
#2707 = EDGE_CURVE ( 'NONE', #2265, #1831, #3310, .T. ) ;
#2708 = VECTOR ( 'NONE', #3966, 1000.000000000000000 ) ;
#2709 = EDGE_CURVE ( 'NONE', #704, #2071, #157, .T. ) ;
#2710 = DIRECTION ( 'NONE',  ( -0.000000000000000000, -0.000000000000000000, -1.000000000000000000 ) ) ;
#2711 = ORIENTED_EDGE ( 'NONE', *, *, #1269, .F. ) ;
#2712 = DIRECTION ( 'NONE',  ( 0.8636392140471258472, 0.5041104124693942534, 0.000000000000000000 ) ) ;
#2713 = AXIS2_PLACEMENT_3D ( 'NONE', #2052, #301, #2769 ) ;
#2714 = EDGE_CURVE ( 'NONE', #2313, #1585, #2971, .T. ) ;
#2715 = ORIENTED_EDGE ( 'NONE', *, *, #2929, .T. ) ;
#2716 = CARTESIAN_POINT ( 'NONE',  ( -2.500000000000000000, 3.061616997868383141E-16, -22.00000000000000000 ) ) ;
#2717 = CIRCLE ( 'NONE', #729, 10.50000000000000000 ) ;
#2718 = FACE_OUTER_BOUND ( 'NONE', #460, .T. ) ;
#2719 = FACE_OUTER_BOUND ( 'NONE', #2760, .T. ) ;
#2720 = AXIS2_PLACEMENT_3D ( 'NONE', #1573, #2626, #894 ) ;
#2721 = VERTEX_POINT ( 'NONE', #1253 ) ;
#2722 = CYLINDRICAL_SURFACE ( 'NONE', #1182, 4.000000000000000000 ) ;
#2723 = CARTESIAN_POINT ( 'NONE',  ( -5.339301813680878084, -3.667235330049811726, 11.00000000000000000 ) ) ;
#2724 = VECTOR ( 'NONE', #1226, 1000.000000000000114 ) ;
#2725 = AXIS2_PLACEMENT_3D ( 'NONE', #4180, #2561, #2610 ) ;
#2726 = LINE ( 'NONE', #2033, #4331 ) ;
#2727 = VECTOR ( 'NONE', #2035, 999.9999999999998863 ) ;
#2728 = ADVANCED_FACE ( 'NONE', ( #3281 ), #3718, .T. ) ;
#2729 = CIRCLE ( 'NONE', #949, 4.000000000000000000 ) ;
#2730 = ORIENTED_EDGE ( 'NONE', *, *, #2466, .F. ) ;
#2731 = LINE ( 'NONE', #4119, #1631 ) ;
#2732 = SURFACE_SIDE_STYLE ('',( #3071 ) ) ;
#2733 = VECTOR ( 'NONE', #4443, 1000.000000000000000 ) ;
#2734 = MECHANICAL_DESIGN_GEOMETRIC_PRESENTATION_REPRESENTATION (  '', ( #4183 ), #1927 ) ;
#2735 = CARTESIAN_POINT ( 'NONE',  ( -2.734546706114576509, -10.96814475083438900, 11.00000000000000000 ) ) ;
#2736 = VECTOR ( 'NONE', #2876, 1000.000000000000114 ) ;
#2737 = ORIENTED_EDGE ( 'NONE', *, *, #1613, .T. ) ;
#2738 = EDGE_CURVE ( 'NONE', #181, #2043, #133, .T. ) ;
#2739 = EDGE_CURVE ( 'NONE', #3518, #966, #1625, .T. ) ;
#2740 = UNCERTAINTY_MEASURE_WITH_UNIT (LENGTH_MEASURE( 1.000000000000000082E-05 ), #4286, 'distance_accuracy_value', 'NONE');
#2741 = ORIENTED_EDGE ( 'NONE', *, *, #3610, .T. ) ;
#2742 = EDGE_LOOP ( 'NONE', ( #2425, #2627, #1048, #3151 ) ) ;
#2743 = LINE ( 'NONE', #975, #1540 ) ;
#2744 = CARTESIAN_POINT ( 'NONE',  ( 0.000000000000000000, 0.000000000000000000, 5.000000000000000000 ) ) ;
#2745 = FACE_OUTER_BOUND ( 'NONE', #2517, .T. ) ;
#2746 = ORIENTED_EDGE ( 'NONE', *, *, #1121, .T. ) ;
#2747 = DIRECTION ( 'NONE',  ( -0.000000000000000000, -0.000000000000000000, -1.000000000000000000 ) ) ;
#2748 = CARTESIAN_POINT ( 'NONE',  ( 0.7866705388829042800, -10.47048945671851961, 11.00000000000000000 ) ) ;
#2749 = CARTESIAN_POINT ( 'NONE',  ( -3.305986936356658301, -5.570207285207684045, 11.00000000000000000 ) ) ;
#2750 = ORIENTED_EDGE ( 'NONE', *, *, #309, .T. ) ;
#2751 = CARTESIAN_POINT ( 'NONE',  ( 4.159069340692823857, 9.641169131350670440, 5.000000000000000000 ) ) ;
#2752 = LINE ( 'NONE', #1760, #2563 ) ;
#2753 = FACE_OUTER_BOUND ( 'NONE', #2592, .T. ) ;
#2754 = EDGE_CURVE ( 'NONE', #2477, #946, #605, .T. ) ;
#2755 = VERTEX_POINT ( 'NONE', #579 ) ;
#2756 = CARTESIAN_POINT ( 'NONE',  ( 3.647285349120042319, 10.69586228463148458, 11.00000000000000000 ) ) ;
#2757 = ORIENTED_EDGE ( 'NONE', *, *, #4066, .F. ) ;
#2758 = CARTESIAN_POINT ( 'NONE',  ( 1.262719620727173364, 11.22985750529090154, 11.00000000000000000 ) ) ;
#2759 = EDGE_CURVE ( 'NONE', #4233, #3845, #2731, .T. ) ;
#2760 = EDGE_LOOP ( 'NONE', ( #190, #554 ) ) ;
#2761 = ORIENTED_EDGE ( 'NONE', *, *, #3400, .F. ) ;
#2762 = PLANE ( 'NONE',  #3891 ) ;
#2763 = LINE ( 'NONE', #4447, #2228 ) ;
#2764 = EDGE_CURVE ( 'NONE', #2832, #1822, #2880, .T. ) ;
#2765 = CARTESIAN_POINT ( 'NONE',  ( -6.002819097639133794, -2.433705344646408530, 11.00000000000000000 ) ) ;
#2766 = ORIENTED_EDGE ( 'NONE', *, *, #600, .F. ) ;
#2767 = ADVANCED_FACE ( 'NONE', ( #1997 ), #3393, .T. ) ;
#2768 = DIRECTION ( 'NONE',  ( 1.000000000000000000, 0.000000000000000000, 0.000000000000000000 ) ) ;
#2769 = DIRECTION ( 'NONE',  ( 0.9773969907484417741, 0.2114122098552737583, 0.000000000000000000 ) ) ;
#2770 = DIRECTION ( 'NONE',  ( 0.6022708693960326931, -0.7982918012086476223, 0.000000000000000000 ) ) ;
#2771 = EDGE_CURVE ( 'NONE', #2165, #1444, #3459, .T. ) ;
#2772 = ORIENTED_EDGE ( 'NONE', *, *, #3719, .F. ) ;
#2773 = DIRECTION ( 'NONE',  ( -0.000000000000000000, -0.000000000000000000, -1.000000000000000000 ) ) ;
#2774 = CARTESIAN_POINT ( 'NONE',  ( 10.95125821099185792, -2.801408317143577964, 11.00000000000000000 ) ) ;
#2775 = CARTESIAN_POINT ( 'NONE',  ( 10.80401364751906002, -3.324339643808949418, 5.000000000000000000 ) ) ;
#2776 = ORIENTED_EDGE ( 'NONE', *, *, #4460, .T. ) ;
#2777 = EDGE_CURVE ( 'NONE', #1851, #1793, #3030, .T. ) ;
#2778 = LINE ( 'NONE', #2756, #1991 ) ;
#2779 = ORIENTED_EDGE ( 'NONE', *, *, #1604, .F. ) ;
#2780 = VECTOR ( 'NONE', #2277, 1000.000000000000000 ) ;
#2781 = PLANE ( 'NONE',  #2146 ) ;
#2782 = AXIS2_PLACEMENT_3D ( 'NONE', #3628, #1112, #3989 ) ;
#2783 = EDGE_CURVE ( 'NONE', #530, #1076, #1670, .T. ) ;
#2784 = ORIENTED_EDGE ( 'NONE', *, *, #4061, .F. ) ;
#2785 = ORIENTED_EDGE ( 'NONE', *, *, #1368, .T. ) ;
#2786 = CARTESIAN_POINT ( 'NONE',  ( 0.9927876096865427824, 11.26020948851444459, 11.00000000000000000 ) ) ;
#2787 = CARTESIAN_POINT ( 'NONE',  ( -7.019795305816823650, -7.808487296809292211, 5.000000000000000000 ) ) ;
#2788 = LINE ( 'NONE', #614, #3085 ) ;
#2789 = ORIENTED_EDGE ( 'NONE', *, *, #3424, .T. ) ;
#2790 = ORIENTED_EDGE ( 'NONE', *, *, #4320, .T. ) ;
#2791 = CIRCLE ( 'NONE', #4532, 10.50000000000000000 ) ;
#2792 = DIRECTION ( 'NONE',  ( 0.000000000000000000, 0.000000000000000000, -1.000000000000000000 ) ) ;
#2793 = PLANE ( 'NONE',  #724 ) ;
#2794 = AXIS2_PLACEMENT_3D ( 'NONE', #3379, #2343, #4409 ) ;
#2795 = CARTESIAN_POINT ( 'NONE',  ( 9.145593224530003340, 5.158306366573331303, 5.000000000000000000 ) ) ;
#2796 = EDGE_CURVE ( 'NONE', #3870, #797, #3412, .T. ) ;
#2797 = EDGE_LOOP ( 'NONE', ( #1130, #2491, #4223, #2979 ) ) ;
#2798 = DIRECTION ( 'NONE',  ( -1.000000000000000000, 0.000000000000000000, 0.000000000000000000 ) ) ;
#2799 = AXIS2_PLACEMENT_3D ( 'NONE', #3740, #3436, #2706 ) ;
#2800 = DIRECTION ( 'NONE',  ( 0.1558400086925160744, 0.9877823098692932735, 0.000000000000000000 ) ) ;
#2801 = LINE ( 'NONE', #380, #1930 ) ;
#2802 = CIRCLE ( 'NONE', #3381, 10.50000000000000000 ) ;
#2803 = VECTOR ( 'NONE', #4522, 1000.000000000000114 ) ;
#2804 = ORIENTED_EDGE ( 'NONE', *, *, #1954, .T. ) ;
#2805 = CARTESIAN_POINT ( 'NONE',  ( 0.000000000000000000, 0.000000000000000000, 11.00000000000000000 ) ) ;
#2806 = VECTOR ( 'NONE', #1436, 1000.000000000000227 ) ;
#2807 = CIRCLE ( 'NONE', #663, 10.50000000000000000 ) ;
#2808 = CARTESIAN_POINT ( 'NONE',  ( 0.000000000000000000, 0.000000000000000000, 5.000000000000000000 ) ) ;
#2809 = VECTOR ( 'NONE', #3487, 1000.000000000000000 ) ;
#2810 = VECTOR ( 'NONE', #2871, 1000.000000000000000 ) ;
#2811 = ORIENTED_EDGE ( 'NONE', *, *, #1317, .F. ) ;
#2812 = ORIENTED_EDGE ( 'NONE', *, *, #3746, .F. ) ;
#2813 = DIRECTION ( 'NONE',  ( 0.5641977467901309051, 0.8256396929150991992, 0.000000000000000000 ) ) ;
#2814 = CARTESIAN_POINT ( 'NONE',  ( -10.12981177686724088, -5.016458743817161725, 11.00000000000000000 ) ) ;
#2815 = EDGE_CURVE ( 'NONE', #2208, #173, #3090, .T. ) ;
#2816 = CARTESIAN_POINT ( 'NONE',  ( -6.024037108339064694, 9.564984154745461709, 11.00000000000000000 ) ) ;
#2817 = ORIENTED_EDGE ( 'NONE', *, *, #4446, .F. ) ;
#2818 = ORIENTED_EDGE ( 'NONE', *, *, #1389, .T. ) ;
#2819 = CARTESIAN_POINT ( 'NONE',  ( -2.500000000000000000, 0.000000000000000000, 17.00000000000000000 ) ) ;
#2820 = FACE_BOUND ( 'NONE', #3700, .T. ) ;
#2821 = CARTESIAN_POINT ( 'NONE',  ( 0.000000000000000000, 0.000000000000000000, 5.000000000000000000 ) ) ;
#2822 = ORIENTED_EDGE ( 'NONE', *, *, #4239, .T. ) ;
#2823 = CARTESIAN_POINT ( 'NONE',  ( 5.645873701446666892, -8.852915347348179864, 11.00000000000000000 ) ) ;
#2824 = EDGE_CURVE ( 'NONE', #4012, #4124, #3115, .T. ) ;
#2825 = DIRECTION ( 'NONE',  ( -0.000000000000000000, -0.000000000000000000, -1.000000000000000000 ) ) ;
#2826 = PLANE ( 'NONE',  #2222 ) ;
#2827 = ORIENTED_EDGE ( 'NONE', *, *, #4259, .T. ) ;
#2828 = CARTESIAN_POINT ( 'NONE',  ( -3.305986936356658301, -5.570207285207684045, 5.000000000000000000 ) ) ;
#2829 = FACE_OUTER_BOUND ( 'NONE', #1553, .T. ) ;
#2830 = LINE ( 'NONE', #1442, #3760 ) ;
#2831 = EDGE_CURVE ( 'NONE', #3415, #1347, #1652, .T. ) ;
#2832 = VERTEX_POINT ( 'NONE', #2751 ) ;
#2833 = ORIENTED_EDGE ( 'NONE', *, *, #3400, .T. ) ;
#2834 = DIRECTION ( 'NONE',  ( -0.8549738714150826313, 0.5186710703302295222, 0.000000000000000000 ) ) ;
#2835 = DIRECTION ( 'NONE',  ( 0.6519615110608886210, -0.7582520610556905405, 0.000000000000000000 ) ) ;
#2836 = DIRECTION ( 'NONE',  ( -0.7534831535335704267, 0.6574672138906290098, 0.000000000000000000 ) ) ;
#2837 = ORIENTED_EDGE ( 'NONE', *, *, #1673, .T. ) ;
#2838 = ORIENTED_EDGE ( 'NONE', *, *, #4338, .T. ) ;
#2839 = SURFACE_STYLE_USAGE ( .BOTH. , #1431 ) ;
#2840 = DIRECTION ( 'NONE',  ( 0.000000000000000000, 0.000000000000000000, -1.000000000000000000 ) ) ;
#2841 = CARTESIAN_POINT ( 'NONE',  ( -2.204410643328152286, -11.08686243617911771, 11.00000000000000000 ) ) ;
#2842 = ORIENTED_EDGE ( 'NONE', *, *, #1355, .T. ) ;
#2843 = LINE ( 'NONE', #1759, #4108 ) ;
#2844 = EDGE_CURVE ( 'NONE', #3596, #3726, #1339, .T. ) ;
#2845 = CARTESIAN_POINT ( 'NONE',  ( -1.308179746870341331, 6.343928165846387301, 11.00000000000000000 ) ) ;
#2846 = CARTESIAN_POINT ( 'NONE',  ( -7.771669198173492887, 7.060535239920653794, 5.000000000000000000 ) ) ;
#2847 = ORIENTED_EDGE ( 'NONE', *, *, #31, .F. ) ;
#2848 = DIRECTION ( 'NONE',  ( 0.6574672138906290098, 0.7534831535335704267, 0.000000000000000000 ) ) ;
#2849 = CARTESIAN_POINT ( 'NONE',  ( -5.557518628682342587, 9.843369933870551591, 11.00000000000000000 ) ) ;
#2850 = CARTESIAN_POINT ( 'NONE',  ( 0.000000000000000000, 0.000000000000000000, 11.00000000000000000 ) ) ;
#2851 = EDGE_CURVE ( 'NONE', #2231, #1913, #3532, .T. ) ;
#2852 = LINE ( 'NONE', #4240, #2418 ) ;
#2853 = ORIENTED_EDGE ( 'NONE', *, *, #477, .F. ) ;
#2854 = VECTOR ( 'NONE', #2835, 1000.000000000000114 ) ;
#2855 = ORIENTED_EDGE ( 'NONE', *, *, #2407, .T. ) ;
#2856 = DIRECTION ( 'NONE',  ( -0.000000000000000000, -0.000000000000000000, -1.000000000000000000 ) ) ;
#2857 = DIRECTION ( 'NONE',  ( 1.000000000000000000, 0.000000000000000000, 0.000000000000000000 ) ) ;
#2858 = EDGE_CURVE ( 'NONE', #1831, #1445, #2057, .T. ) ;
#2859 = CARTESIAN_POINT ( 'NONE',  ( -4.000000000000000000, 0.000000000000000000, 1.000000000000000000 ) ) ;
#2860 = ORIENTED_EDGE ( 'NONE', *, *, #3395, .F. ) ;
#2861 = VERTEX_POINT ( 'NONE', #4439 ) ;
#2862 = DIRECTION ( 'NONE',  ( -0.000000000000000000, -0.000000000000000000, -1.000000000000000000 ) ) ;
#2863 = DIRECTION ( 'NONE',  ( 0.3645405538764153741, 0.9311875131140215922, 0.000000000000000000 ) ) ;
#2864 = DIRECTION ( 'NONE',  ( 1.000000000000000000, 0.000000000000000000, 0.000000000000000000 ) ) ;
#2865 = AXIS2_PLACEMENT_3D ( 'NONE', #3184, #3154, #2541 ) ;
#2866 = EDGE_LOOP ( 'NONE', ( #3865, #4248, #2276, #2379 ) ) ;
#2867 = LINE ( 'NONE', #1486, #2806 ) ;
#2868 = ORIENTED_EDGE ( 'NONE', *, *, #843, .F. ) ;
#2869 = VECTOR ( 'NONE', #2856, 1000.000000000000000 ) ;
#2870 = PRODUCT_CONTEXT ( 'NONE', #1856, 'mechanical' ) ;
#2871 = DIRECTION ( 'NONE',  ( -0.000000000000000000, -0.000000000000000000, -1.000000000000000000 ) ) ;
#2872 = EDGE_CURVE ( 'NONE', #2902, #4535, #941, .T. ) ;
#2873 = ORIENTED_EDGE ( 'NONE', *, *, #1757, .F. ) ;
#2874 = AXIS2_PLACEMENT_3D ( 'NONE', #4152, #2124, #1006 ) ;
#2875 = DIRECTION ( 'NONE',  ( 0.000000000000000000, 0.000000000000000000, 1.000000000000000000 ) ) ;
#2876 = DIRECTION ( 'NONE',  ( -0.9778966340309797056, 0.2090889120706310444, 0.000000000000000000 ) ) ;
#2877 = CARTESIAN_POINT ( 'NONE',  ( 2.500000000000000000, 3.061616997868383141E-16, 17.00000000000000000 ) ) ;
#2878 = AXIS2_PLACEMENT_3D ( 'NONE', #1790, #3239, #3556 ) ;
#2879 = AXIS2_PLACEMENT_3D ( 'NONE', #1123, #2239, #2537 ) ;
#2880 = CIRCLE ( 'NONE', #3314, 10.50000000000000000 ) ;
#2881 = VERTEX_POINT ( 'NONE', #3482 ) ;
#2882 = AXIS2_PLACEMENT_3D ( 'NONE', #3658, #529, #3725 ) ;
#2883 = ORIENTED_EDGE ( 'NONE', *, *, #177, .F. ) ;
#2884 = CARTESIAN_POINT ( 'NONE',  ( -8.882320425793317042, -5.599498535898982610, 11.00000000000000000 ) ) ;
#2885 = CARTESIAN_POINT ( 'NONE',  ( 10.49772306630076635, 0.2186559472250231284, 11.00000000000000000 ) ) ;
#2886 = AXIS2_PLACEMENT_3D ( 'NONE', #1824, #2792, #4279 ) ;
#2887 = COLOUR_RGB ( '',0.7921568627450980005, 0.8196078431372548767, 0.9333333333333333481 ) ;
#2888 = LINE ( 'NONE', #1959, #376 ) ;
#2889 = ORIENTED_EDGE ( 'NONE', *, *, #1565, .T. ) ;
#2890 = VERTEX_POINT ( 'NONE', #3764 ) ;
#2891 = DIRECTION ( 'NONE',  ( -0.4801193905843246235, -0.8772031525165289167, 0.000000000000000000 ) ) ;
#2892 = DIRECTION ( 'NONE',  ( -0.3824625663372170359, -0.9239709872884266373, 0.000000000000000000 ) ) ;
#2893 = VECTOR ( 'NONE', #1016, 1000.000000000000000 ) ;
#2894 = DIRECTION ( 'NONE',  ( 0.000000000000000000, 0.000000000000000000, 1.000000000000000000 ) ) ;
#2895 = ORIENTED_EDGE ( 'NONE', *, *, #1389, .F. ) ;
#2896 = DIRECTION ( 'NONE',  ( -0.7167835481864553993, 0.6972957371511999680, 0.000000000000000000 ) ) ;
#2897 = ORIENTED_EDGE ( 'NONE', *, *, #3050, .T. ) ;
#2898 = CARTESIAN_POINT ( 'NONE',  ( 7.000000000000000000, 8.572527594031473190E-16, 1.000000000000000000 ) ) ;
#2899 = ORIENTED_EDGE ( 'NONE', *, *, #3195, .T. ) ;
#2900 = LINE ( 'NONE', #792, #2135 ) ;
#2901 = SURFACE_STYLE_USAGE ( .BOTH. , #2134 ) ;
#2902 = VERTEX_POINT ( 'NONE', #3070 ) ;
#2903 = ORIENTED_EDGE ( 'NONE', *, *, #1638, .T. ) ;
#2904 = EDGE_CURVE ( 'NONE', #181, #3110, #3434, .T. ) ;
#2905 = LINE ( 'NONE', #2885, #928 ) ;
#2906 = LINE ( 'NONE', #1873, #591 ) ;
#2907 = VERTEX_POINT ( 'NONE', #3828 ) ;
#2908 = ORIENTED_EDGE ( 'NONE', *, *, #3799, .F. ) ;
#2909 = FACE_OUTER_BOUND ( 'NONE', #3589, .T. ) ;
#2910 = LINE ( 'NONE', #3893, #1682 ) ;
#2911 = EDGE_CURVE ( 'NONE', #2919, #3889, #2082, .T. ) ;
#2912 = LINE ( 'NONE', #3710, #4258 ) ;
#2913 = EDGE_CURVE ( 'NONE', #3967, #1892, #1735, .T. ) ;
#2914 = EDGE_LOOP ( 'NONE', ( #1252, #817, #1202, #459 ) ) ;
#2915 = LINE ( 'NONE', #747, #1322 ) ;
#2916 = ORIENTED_EDGE ( 'NONE', *, *, #4259, .F. ) ;
#2917 = DIRECTION ( 'NONE',  ( 0.000000000000000000, 0.000000000000000000, -1.000000000000000000 ) ) ;
#2918 = ADVANCED_FACE ( 'NONE', ( #3158 ), #34, .T. ) ;
#2919 = VERTEX_POINT ( 'NONE', #767 ) ;
#2920 = DIRECTION ( 'NONE',  ( -0.000000000000000000, 0.000000000000000000, 1.000000000000000000 ) ) ;
#2921 = CARTESIAN_POINT ( 'NONE',  ( -1.451035403539996382, 11.21037203757535394, 11.00000000000000000 ) ) ;
#2922 = DIRECTION ( 'NONE',  ( -0.000000000000000000, -0.000000000000000000, -1.000000000000000000 ) ) ;
#2923 = EDGE_CURVE ( 'NONE', #3251, #4142, #786, .T. ) ;
#2924 = EDGE_LOOP ( 'NONE', ( #426, #1002, #988, #4217 ) ) ;
#2925 = ORIENTED_EDGE ( 'NONE', *, *, #3499, .F. ) ;
#2926 = CARTESIAN_POINT ( 'NONE',  ( 4.460684721131805475, -10.38654113657858247, 11.00000000000000000 ) ) ;
#2927 = PLANE ( 'NONE',  #2879 ) ;
#2928 = VERTEX_POINT ( 'NONE', #3230 ) ;
#2929 = EDGE_CURVE ( 'NONE', #770, #4012, #1082, .T. ) ;
#2930 = CIRCLE ( 'NONE', #4449, 2.500000000000000000 ) ;
#2931 = ORIENTED_EDGE ( 'NONE', *, *, #4292, .F. ) ;
#2932 = DIRECTION ( 'NONE',  ( -1.000000000000000000, 0.000000000000000000, 0.000000000000000000 ) ) ;
#2933 = CARTESIAN_POINT ( 'NONE',  ( -2.149713431733061064, -6.110277488377058752, 11.00000000000000000 ) ) ;
#2934 = VERTEX_POINT ( 'NONE', #3896 ) ;
#2935 = CARTESIAN_POINT ( 'NONE',  ( -1.180889473718712779, 11.23875707009312386, 11.00000000000000000 ) ) ;
#2936 = ORIENTED_EDGE ( 'NONE', *, *, #4353, .T. ) ;
#2937 = EDGE_CURVE ( 'NONE', #3208, #3121, #2867, .T. ) ;
#2938 = DIRECTION ( 'NONE',  ( 1.000000000000000000, 0.000000000000000000, 0.000000000000000000 ) ) ;
#2939 = AXIS2_PLACEMENT_3D ( 'NONE', #1684, #2392, #3821 ) ;
#2940 = CARTESIAN_POINT ( 'NONE',  ( 0.000000000000000000, 0.000000000000000000, 11.00000000000000000 ) ) ;
#2941 = ORIENTED_EDGE ( 'NONE', *, *, #2684, .F. ) ;
#2942 = ORIENTED_EDGE ( 'NONE', *, *, #3149, .T. ) ;
#2943 = DIRECTION ( 'NONE',  ( -0.7938837709399408915, 0.6080695340486805822, 0.000000000000000000 ) ) ;
#2944 = CARTESIAN_POINT ( 'NONE',  ( 6.589195711599447058, -9.184794218566759483, 11.00000000000000000 ) ) ;
#2945 = CARTESIAN_POINT ( 'NONE',  ( 9.836787055698852811, -5.569162000158855541, 11.00000000000000000 ) ) ;
#2946 = VECTOR ( 'NONE', #1400, 1000.000000000000000 ) ;
#2947 = VERTEX_POINT ( 'NONE', #1861 ) ;
#2948 = AXIS2_PLACEMENT_3D ( 'NONE', #1836, #427, #2132 ) ;
#2949 = CIRCLE ( 'NONE', #3449, 10.50000000000000000 ) ;
#2950 = LINE ( 'NONE', #208, #4154 ) ;
#2951 = CARTESIAN_POINT ( 'NONE',  ( -1.482567108891096330, -10.39480614382175006, 11.00000000000000000 ) ) ;
#2952 = PLANE ( 'NONE',  #3320 ) ;
#2953 = VECTOR ( 'NONE', #1507, 1000.000000000000000 ) ;
#2954 = ORIENTED_EDGE ( 'NONE', *, *, #2662, .F. ) ;
#2955 = AXIS2_PLACEMENT_3D ( 'NONE', #2438, #1333, #1051 ) ;
#2956 = ORIENTED_EDGE ( 'NONE', *, *, #309, .F. ) ;
#2957 = LINE ( 'NONE', #3357, #1243 ) ;
#2958 = DIRECTION ( 'NONE',  ( 0.3249990468302988988, -0.9457143435305385148, 0.000000000000000000 ) ) ;
#2959 = EDGE_CURVE ( 'NONE', #3338, #4140, #2915, .T. ) ;
#2960 = VECTOR ( 'NONE', #4296, 1000.000000000000114 ) ;
#2961 = CARTESIAN_POINT ( 'NONE',  ( -10.00345142633030804, -5.256911639999092500, 11.00000000000000000 ) ) ;
#2962 = VECTOR ( 'NONE', #2436, 1000.000000000000000 ) ;
#2963 = ORIENTED_EDGE ( 'NONE', *, *, #3981, .F. ) ;
#2964 = DIRECTION ( 'NONE',  ( -0.4737172338778156133, 0.8806770022699303979, 0.000000000000000000 ) ) ;
#2965 = CARTESIAN_POINT ( 'NONE',  ( 6.134398983059601740, 8.521686987717711048, 11.00000000000000000 ) ) ;
#2966 = EDGE_CURVE ( 'NONE', #3845, #1275, #3257, .T. ) ;
#2967 = DIRECTION ( 'NONE',  ( -0.000000000000000000, -0.000000000000000000, -1.000000000000000000 ) ) ;
#2968 = EDGE_CURVE ( 'NONE', #2832, #2160, #57, .T. ) ;
#2969 = EDGE_CURVE ( 'NONE', #1424, #3882, #4304, .T. ) ;
#2970 = ORIENTED_EDGE ( 'NONE', *, *, #989, .F. ) ;
#2971 = LINE ( 'NONE', #1601, #1848 ) ;
#2972 =( NAMED_UNIT ( * ) PLANE_ANGLE_UNIT ( ) SI_UNIT ( $, .RADIAN. ) );
#2973 = ADVANCED_FACE ( 'NONE', ( #108 ), #4209, .T. ) ;
#2974 = PLANE ( 'NONE',  #669 ) ;
#2975 = ORIENTED_EDGE ( 'NONE', *, *, #3806, .F. ) ;
#2976 = CARTESIAN_POINT ( 'NONE',  ( -1.308179746870341331, 6.343928165846387301, 11.00000000000000000 ) ) ;
#2977 = DIRECTION ( 'NONE',  ( -0.3735189887589037694, -0.9276225337045914676, 0.000000000000000000 ) ) ;
#2978 = EDGE_CURVE ( 'NONE', #1823, #4418, #2843, .T. ) ;
#2979 = ORIENTED_EDGE ( 'NONE', *, *, #2709, .T. ) ;
#2980 = EDGE_LOOP ( 'NONE', ( #1158, #4020, #67, #731 ) ) ;
#2981 = PLANE ( 'NONE',  #4326 ) ;
#2982 = CYLINDRICAL_SURFACE ( 'NONE', #4270, 4.000000000000000000 ) ;
#2983 = CARTESIAN_POINT ( 'NONE',  ( -2.734546706114576509, -10.96814475083438900, 5.000000000000000000 ) ) ;
#2984 = EDGE_CURVE ( 'NONE', #3059, #128, #2544, .T. ) ;
#2985 = ORIENTED_EDGE ( 'NONE', *, *, #2904, .F. ) ;
#2986 = PLANE ( 'NONE',  #2356 ) ;
#2987 = VERTEX_POINT ( 'NONE', #3923 ) ;
#2988 = ORIENTED_EDGE ( 'NONE', *, *, #4186, .T. ) ;
#2989 = EDGE_CURVE ( 'NONE', #4233, #1125, #2492, .T. ) ;
#2990 = ORIENTED_EDGE ( 'NONE', *, *, #867, .F. ) ;
#2991 = CYLINDRICAL_SURFACE ( 'NONE', #1170, 10.50000000000000000 ) ;
#2992 = LINE ( 'NONE', #4033, #1636 ) ;
#2993 = ORIENTED_EDGE ( 'NONE', *, *, #3698, .F. ) ;
#2994 = CARTESIAN_POINT ( 'NONE',  ( 11.11537358815481724, 2.055824642066559793, 11.00000000000000000 ) ) ;
#2995 = EDGE_CURVE ( 'NONE', #3732, #1585, #449, .T. ) ;
#2996 = CARTESIAN_POINT ( 'NONE',  ( 2.597752473954340058, 10.17357764427362632, 5.000000000000000000 ) ) ;
#2997 = ORIENTED_EDGE ( 'NONE', *, *, #4079, .T. ) ;
#2998 = ORIENTED_EDGE ( 'NONE', *, *, #1583, .F. ) ;
#2999 = VERTEX_POINT ( 'NONE', #2823 ) ;
#3000 = CARTESIAN_POINT ( 'NONE',  ( -5.710207278664635844, -8.811556777022175879, 5.000000000000000000 ) ) ;
#3001 = EDGE_CURVE ( 'NONE', #1173, #2160, #3942, .T. ) ;
#3002 = LINE ( 'NONE', #485, #1113 ) ;
#3003 = CYLINDRICAL_SURFACE ( 'NONE', #514, 2.500000000000000000 ) ;
#3004 = ORIENTED_EDGE ( 'NONE', *, *, #2300, .F. ) ;
#3005 = CARTESIAN_POINT ( 'NONE',  ( -10.01801773250103267, 3.144729036227912999, 11.00000000000000000 ) ) ;
#3006 = ORIENTED_EDGE ( 'NONE', *, *, #4395, .T. ) ;
#3007 = VECTOR ( 'NONE', #1518, 1000.000000000000114 ) ;
#3008 = DIRECTION ( 'NONE',  ( -1.000000000000000000, 0.000000000000000000, 0.000000000000000000 ) ) ;
#3009 = CIRCLE ( 'NONE', #3437, 10.50000000000000000 ) ;
#3010 = FACE_OUTER_BOUND ( 'NONE', #185, .T. ) ;
#3011 = DIRECTION ( 'NONE',  ( 0.7582520610556905405, 0.6519615110608887321, -0.000000000000000000 ) ) ;
#3012 = ADVANCED_FACE ( 'NONE', ( #3851 ), #3551, .T. ) ;
#3013 = VECTOR ( 'NONE', #3273, 1000.000000000000000 ) ;
#3014 = FACE_OUTER_BOUND ( 'NONE', #4022, .T. ) ;
#3015 = ORIENTED_EDGE ( 'NONE', *, *, #1724, .F. ) ;
#3016 = DIRECTION ( 'NONE',  ( -0.000000000000000000, -0.000000000000000000, -1.000000000000000000 ) ) ;
#3017 = CARTESIAN_POINT ( 'NONE',  ( 0.000000000000000000, 0.000000000000000000, 11.00000000000000000 ) ) ;
#3018 = DIRECTION ( 'NONE',  ( -0.06014744209411387876, 0.9981895036562622447, 0.000000000000000000 ) ) ;
#3019 = AXIS2_PLACEMENT_3D ( 'NONE', #1438, #1737, #3137 ) ;
#3020 = ORIENTED_EDGE ( 'NONE', *, *, #3480, .T. ) ;
#3021 = AXIS2_PLACEMENT_3D ( 'NONE', #960, #4419, #1949 ) ;
#3022 = CARTESIAN_POINT ( 'NONE',  ( 2.654583792703834710, -10.98777183284636827, 11.00000000000000000 ) ) ;
#3023 = CARTESIAN_POINT ( 'NONE',  ( 11.26605656897999452, -0.9240748604526773935, 11.00000000000000000 ) ) ;
#3024 = CIRCLE ( 'NONE', #4039, 2.500000000000000000 ) ;
#3025 = AXIS2_PLACEMENT_3D ( 'NONE', #2195, #4349, #3666 ) ;
#3026 = LINE ( 'NONE', #956, #2214 ) ;
#3027 = ORIENTED_EDGE ( 'NONE', *, *, #3992, .F. ) ;
#3028 = CARTESIAN_POINT ( 'NONE',  ( -4.536220445964864290, -10.35377462710040675, 11.00000000000000000 ) ) ;
#3029 = ORIENTED_EDGE ( 'NONE', *, *, #2614, .T. ) ;
#3030 = CIRCLE ( 'NONE', #588, 4.000000000000000000 ) ;
#3031 = VECTOR ( 'NONE', #2259, 1000.000000000000000 ) ;
#3032 = PLANE ( 'NONE',  #3021 ) ;
#3033 = AXIS2_PLACEMENT_3D ( 'NONE', #3808, #1696, #651 ) ;
#3034 = EDGE_LOOP ( 'NONE', ( #1641, #4408 ) ) ;
#3035 = CARTESIAN_POINT ( 'NONE',  ( -2.500000000000000000, 0.000000000000000000, 1.000000000000000000 ) ) ;
#3036 = CIRCLE ( 'NONE', #3323, 10.50000000000000000 ) ;
#3037 = FACE_OUTER_BOUND ( 'NONE', #3582, .T. ) ;
#3038 = VERTEX_POINT ( 'NONE', #1058 ) ;
#3039 = CARTESIAN_POINT ( 'NONE',  ( -0.8629151939367378787, -10.46448170565905933, 11.00000000000000000 ) ) ;
#3040 = CARTESIAN_POINT ( 'NONE',  ( -5.339301813680878084, -3.667235330049811726, 5.000000000000000000 ) ) ;
#3041 = EDGE_CURVE ( 'NONE', #3344, #3598, #2468, .T. ) ;
#3042 = EDGE_LOOP ( 'NONE', ( #3347, #1501, #1900, #1075 ) ) ;
#3043 = FACE_OUTER_BOUND ( 'NONE', #2308, .T. ) ;
#3044 = DIRECTION ( 'NONE',  ( 0.2803217181886750176, 0.9599061070290931807, 0.000000000000000000 ) ) ;
#3045 = CARTESIAN_POINT ( 'NONE',  ( 0.000000000000000000, 0.000000000000000000, 17.00000000000000000 ) ) ;
#3046 = EDGE_LOOP ( 'NONE', ( #657, #2997, #2515, #4512 ) ) ;
#3047 = CARTESIAN_POINT ( 'NONE',  ( 0.000000000000000000, 0.000000000000000000, 1.000000000000000000 ) ) ;
#3048 = FACE_OUTER_BOUND ( 'NONE', #3491, .T. ) ;
#3049 = ADVANCED_FACE ( 'NONE', ( #1808 ), #4351, .T. ) ;
#3050 = EDGE_CURVE ( 'NONE', #2029, #2288, #879, .T. ) ;
#3051 = LINE ( 'NONE', #219, #1768 ) ;
#3052 = ORIENTED_EDGE ( 'NONE', *, *, #1905, .F. ) ;
#3053 = DIRECTION ( 'NONE',  ( 0.000000000000000000, 0.000000000000000000, -1.000000000000000000 ) ) ;
#3054 = CARTESIAN_POINT ( 'NONE',  ( 1.989266238428814004, 10.30984092179153322, 11.00000000000000000 ) ) ;
#3055 = VERTEX_POINT ( 'NONE', #1554 ) ;
#3056 = CARTESIAN_POINT ( 'NONE',  ( 0.000000000000000000, 0.000000000000000000, 1.000000000000000000 ) ) ;
#3057 = LINE ( 'NONE', #4102, #1248 ) ;
#3058 = ADVANCED_FACE ( 'NONE', ( #2247 ), #174, .T. ) ;
#3059 = VERTEX_POINT ( 'NONE', #2224 ) ;
#3060 = DIRECTION ( 'NONE',  ( -0.000000000000000000, -0.000000000000000000, -1.000000000000000000 ) ) ;
#3061 = LINE ( 'NONE', #4537, #2152 ) ;
#3062 = ADVANCED_FACE ( 'NONE', ( #3963 ), #2593, .T. ) ;
#3063 = DIRECTION ( 'NONE',  ( -0.000000000000000000, 0.000000000000000000, 1.000000000000000000 ) ) ;
#3064 = EDGE_LOOP ( 'NONE', ( #3738, #652, #3763, #274 ) ) ;
#3065 = DIRECTION ( 'NONE',  ( -1.000000000000000000, 0.000000000000000000, 0.000000000000000000 ) ) ;
#3066 = DIRECTION ( 'NONE',  ( 0.9518166464392330273, 0.3066676891378875003, 0.000000000000000000 ) ) ;
#3067 = DIRECTION ( 'NONE',  ( 0.9954881903120640363, 0.09488552549894935240, 0.000000000000000000 ) ) ;
#3068 = ORIENTED_EDGE ( 'NONE', *, *, #4533, .T. ) ;
#3069 = VECTOR ( 'NONE', #48, 1000.000000000000000 ) ;
#3070 = CARTESIAN_POINT ( 'NONE',  ( 7.416991421146181374, -7.432243151205697451, 11.00000000000000000 ) ) ;
#3071 = SURFACE_STYLE_FILL_AREA ( #3765 ) ;
#3072 = LINE ( 'NONE', #2735, #3528 ) ;
#3073 = EDGE_LOOP ( 'NONE', ( #2562, #3668, #1817, #2538 ) ) ;
#3074 = ORIENTED_EDGE ( 'NONE', *, *, #2966, .T. ) ;
#3075 = ORIENTED_EDGE ( 'NONE', *, *, #3369, .F. ) ;
#3076 = DIRECTION ( 'NONE',  ( -0.3667524124622439374, 0.9303185841168195580, 0.000000000000000000 ) ) ;
#3077 = CARTESIAN_POINT ( 'NONE',  ( 0.9927876096865427824, 11.26020948851444459, 11.00000000000000000 ) ) ;
#3078 = DIRECTION ( 'NONE',  ( -0.000000000000000000, -0.000000000000000000, -1.000000000000000000 ) ) ;
#3079 = CIRCLE ( 'NONE', #1171, 10.50000000000000000 ) ;
#3080 = ORIENTED_EDGE ( 'NONE', *, *, #3852, .F. ) ;
#3081 = FACE_OUTER_BOUND ( 'NONE', #1268, .T. ) ;
#3082 = CARTESIAN_POINT ( 'NONE',  ( -4.961979117955872987, 4.163594847786154851, 11.00000000000000000 ) ) ;
#3083 = EDGE_CURVE ( 'NONE', #3870, #659, #4366, .T. ) ;
#3084 = VECTOR ( 'NONE', #1392, 1000.000000000000114 ) ;
#3085 = VECTOR ( 'NONE', #686, 1000.000000000000000 ) ;
#3086 = DIRECTION ( 'NONE',  ( 0.000000000000000000, 0.000000000000000000, -1.000000000000000000 ) ) ;
#3087 = VECTOR ( 'NONE', #2126, 1000.000000000000000 ) ;
#3088 = VECTOR ( 'NONE', #1090, 999.9999999999998863 ) ;
#3089 = ORIENTED_EDGE ( 'NONE', *, *, #4373, .F. ) ;
#3090 = LINE ( 'NONE', #1040, #2727 ) ;
#3091 = EDGE_CURVE ( 'NONE', #103, #3612, #3626, .T. ) ;
#3092 = EDGE_CURVE ( 'NONE', #1793, #1851, #2588, .T. ) ;
#3093 = FACE_OUTER_BOUND ( 'NONE', #1450, .T. ) ;
#3094 = VECTOR ( 'NONE', #2518, 1000.000000000000114 ) ;
#3095 = STYLED_ITEM ( 'NONE', ( #3368 ), #1917 ) ;
#3096 = EDGE_CURVE ( 'NONE', #3476, #3334, #1176, .T. ) ;
#3097 = ORIENTED_EDGE ( 'NONE', *, *, #3745, .F. ) ;
#3098 = DIRECTION ( 'NONE',  ( -0.000000000000000000, -0.000000000000000000, -1.000000000000000000 ) ) ;
#3099 = VECTOR ( 'NONE', #4309, 1000.000000000000000 ) ;
#3100 = ORIENTED_EDGE ( 'NONE', *, *, #4125, .F. ) ;
#3101 = DIRECTION ( 'NONE',  ( -0.8772031525165289167, 0.4801193905843246235, 0.000000000000000000 ) ) ;
#3102 = EDGE_CURVE ( 'NONE', #3883, #2369, #1879, .T. ) ;
#3103 = ORIENTED_EDGE ( 'NONE', *, *, #702, .T. ) ;
#3104 = ORIENTED_EDGE ( 'NONE', *, *, #3173, .T. ) ;
#3105 = FACE_OUTER_BOUND ( 'NONE', #766, .T. ) ;
#3106 = CARTESIAN_POINT ( 'NONE',  ( 2.123597070799023712, -11.10262493485535273, 5.000000000000000000 ) ) ;
#3107 = ADVANCED_FACE ( 'NONE', ( #832 ), #127, .T. ) ;
#3108 = ADVANCED_FACE ( 'NONE', ( #3669 ), #1598, .T. ) ;
#3109 = CARTESIAN_POINT ( 'NONE',  ( -9.176991059613770929, 6.600059094807169124, 11.00000000000000000 ) ) ;
#3110 = VERTEX_POINT ( 'NONE', #1245 ) ;
#3111 = CARTESIAN_POINT ( 'NONE',  ( 8.586207589667441908, -7.347189915664696258, 11.00000000000000000 ) ) ;
#3112 = PLANE ( 'NONE',  #2713 ) ;
#3113 = LINE ( 'NONE', #1080, #4174 ) ;
#3114 = ORIENTED_EDGE ( 'NONE', *, *, #3377, .F. ) ;
#3115 = LINE ( 'NONE', #2380, #1256 ) ;
#3116 = DIRECTION ( 'NONE',  ( -0.000000000000000000, -0.000000000000000000, -1.000000000000000000 ) ) ;
#3117 = DIRECTION ( 'NONE',  ( 0.9433220101527806101, -0.3318788712185775092, 0.000000000000000000 ) ) ;
#3118 = EDGE_CURVE ( 'NONE', #2265, #2248, #555, .T. ) ;
#3119 = ORIENTED_EDGE ( 'NONE', *, *, #4353, .F. ) ;
#3120 = CARTESIAN_POINT ( 'NONE',  ( 0.000000000000000000, 0.000000000000000000, 1.000000000000000000 ) ) ;
#3121 = VERTEX_POINT ( 'NONE', #1899 ) ;
#3122 = DIRECTION ( 'NONE',  ( -0.4801193905843246235, -0.8772031525165289167, 0.000000000000000000 ) ) ;
#3123 = CARTESIAN_POINT ( 'NONE',  ( -11.14502568970421059, 1.868839962527845122, 5.000000000000000000 ) ) ;
#3124 = ORIENTED_EDGE ( 'NONE', *, *, #2142, .F. ) ;
#3125 = ORIENTED_EDGE ( 'NONE', *, *, #702, .F. ) ;
#3126 = DIRECTION ( 'NONE',  ( -0.9753091034610329446, -0.2208441819610289514, 0.000000000000000000 ) ) ;
#3127 = CARTESIAN_POINT ( 'NONE',  ( -6.048716639856849042, -2.317279835121281995, 5.000000000000000000 ) ) ;
#3128 = LINE ( 'NONE', #298, #1557 ) ;
#3129 = VERTEX_POINT ( 'NONE', #903 ) ;
#3130 = EDGE_CURVE ( 'NONE', #833, #3516, #3298, .T. ) ;
#3131 = CARTESIAN_POINT ( 'NONE',  ( -1.451035403539996382, 11.21037203757535394, 11.00000000000000000 ) ) ;
#3132 = CARTESIAN_POINT ( 'NONE',  ( -11.29992452953361237, -0.2994170837185202161, 11.00000000000000000 ) ) ;
#3133 = CARTESIAN_POINT ( 'NONE',  ( -6.002819097639133794, -2.433705344646408530, 5.000000000000000000 ) ) ;
#3134 = EDGE_LOOP ( 'NONE', ( #1370, #3089, #1497, #2741 ) ) ;
#3135 = CARTESIAN_POINT ( 'NONE',  ( -6.405447672397989400, -0.9628078415301438708, 5.000000000000000000 ) ) ;
#3136 = DIRECTION ( 'NONE',  ( -0.000000000000000000, 0.000000000000000000, 1.000000000000000000 ) ) ;
#3137 = DIRECTION ( 'NONE',  ( -0.8040726009977303690, -0.5945311197277605153, 0.000000000000000000 ) ) ;
#3138 = VERTEX_POINT ( 'NONE', #1223 ) ;
#3139 = DIRECTION ( 'NONE',  ( -1.000000000000000000, 0.000000000000000000, 0.000000000000000000 ) ) ;
#3140 = PLANE ( 'NONE',  #4411 ) ;
#3141 = ADVANCED_FACE ( 'NONE', ( #2633 ), #2986, .T. ) ;
#3142 = VECTOR ( 'NONE', #4526, 1000.000000000000000 ) ;
#3143 = VECTOR ( 'NONE', #2104, 1000.000000000000114 ) ;
#3144 = ORIENTED_EDGE ( 'NONE', *, *, #3783, .T. ) ;
#3145 = ORIENTED_EDGE ( 'NONE', *, *, #382, .T. ) ;
#3146 = LINE ( 'NONE', #4536, #2946 ) ;
#3147 = CARTESIAN_POINT ( 'NONE',  ( -10.48271583305354682, 4.220998601416067864, 11.00000000000000000 ) ) ;
#3148 = DIRECTION ( 'NONE',  ( -0.6574672138906290098, -0.7534831535335704267, 0.000000000000000000 ) ) ;
#3149 = EDGE_CURVE ( 'NONE', #739, #410, #372, .T. ) ;
#3150 = ORIENTED_EDGE ( 'NONE', *, *, #2171, .T. ) ;
#3151 = ORIENTED_EDGE ( 'NONE', *, *, #4384, .T. ) ;
#3152 = VECTOR ( 'NONE', #1336, 1000.000000000000000 ) ;
#3153 = CARTESIAN_POINT ( 'NONE',  ( 7.022880642757947989, -8.857600828709404794, 11.00000000000000000 ) ) ;
#3154 = DIRECTION ( 'NONE',  ( 0.9845872053153705838, -0.1748943541949495861, 0.000000000000000000 ) ) ;
#3155 = VECTOR ( 'NONE', #684, 1000.000000000000000 ) ;
#3156 = CARTESIAN_POINT ( 'NONE',  ( -4.000000000000000000, 0.000000000000000000, 12.00000000000000000 ) ) ;
#3157 = ORIENTED_EDGE ( 'NONE', *, *, #1839, .T. ) ;
#3158 = FACE_OUTER_BOUND ( 'NONE', #3837, .T. ) ;
#3159 = VECTOR ( 'NONE', #3994, 1000.000000000000114 ) ;
#3160 = AXIS2_PLACEMENT_3D ( 'NONE', #3716, #938, #1970 ) ;
#3161 = LINE ( 'NONE', #2421, #1375 ) ;
#3162 = DIRECTION ( 'NONE',  ( -0.000000000000000000, -0.000000000000000000, -1.000000000000000000 ) ) ;
#3163 = VECTOR ( 'NONE', #4501, 1000.000000000000114 ) ;
#3164 = CIRCLE ( 'NONE', #4179, 10.50000000000000000 ) ;
#3165 = ORIENTED_EDGE ( 'NONE', *, *, #1752, .F. ) ;
#3166 = FACE_OUTER_BOUND ( 'NONE', #4089, .T. ) ;
#3167 = LINE ( 'NONE', #2828, #155 ) ;
#3168 = CARTESIAN_POINT ( 'NONE',  ( 6.031677452238120019, -2.361276336158873779, 11.00000000000000000 ) ) ;
#3169 = CIRCLE ( 'NONE', #2663, 4.000000000000000000 ) ;
#3170 = AXIS2_PLACEMENT_3D ( 'NONE', #4247, #1097, #761 ) ;
#3171 = LINE ( 'NONE', #3123, #3088 ) ;
#3172 = DIRECTION ( 'NONE',  ( 0.6501577485948529800, 0.7597992510802257238, 0.000000000000000000 ) ) ;
#3173 = EDGE_CURVE ( 'NONE', #797, #2698, #216, .T. ) ;
#3174 = AXIS2_PLACEMENT_3D ( 'NONE', #803, #1936, #1284 ) ;
#3175 = ORIENTED_EDGE ( 'NONE', *, *, #615, .F. ) ;
#3176 = ORIENTED_EDGE ( 'NONE', *, *, #3630, .T. ) ;
#3177 = DIRECTION ( 'NONE',  ( -0.9518166464392330273, -0.3066676891378875003, 0.000000000000000000 ) ) ;
#3178 = CARTESIAN_POINT ( 'NONE',  ( -7.543620499357020392, 8.418535188787801715, 11.00000000000000000 ) ) ;
#3179 = DIRECTION ( 'NONE',  ( -0.000000000000000000, -0.000000000000000000, -1.000000000000000000 ) ) ;
#3180 = ORIENTED_EDGE ( 'NONE', *, *, #593, .T. ) ;
#3181 = EDGE_CURVE ( 'NONE', #1086, #1294, #4262, .T. ) ;
#3182 = EDGE_LOOP ( 'NONE', ( #621, #4136 ) ) ;
#3183 = FILL_AREA_STYLE ('',( #1781 ) ) ;
#3184 = CARTESIAN_POINT ( 'NONE',  ( 6.377568816620962089, -1.132861338736877999, 11.00000000000000000 ) ) ;
#3185 = LINE ( 'NONE', #3824, #881 ) ;
#3186 = EDGE_CURVE ( 'NONE', #4489, #3059, #2391, .T. ) ;
#3187 = EDGE_LOOP ( 'NONE', ( #3097, #2063, #2899, #2776 ) ) ;
#3188 = DIRECTION ( 'NONE',  ( -0.000000000000000000, -0.000000000000000000, -1.000000000000000000 ) ) ;
#3189 = ADVANCED_FACE ( 'NONE', ( #3780 ), #4434, .T. ) ;
#3190 = CARTESIAN_POINT ( 'NONE',  ( -8.814592062303846731, -7.076786823011409489, 11.00000000000000000 ) ) ;
#3191 = CARTESIAN_POINT ( 'NONE',  ( 2.684361755194011767, 5.894994553923964986, 5.000000000000000000 ) ) ;
#3192 = ORIENTED_EDGE ( 'NONE', *, *, #2701, .T. ) ;
#3193 = CARTESIAN_POINT ( 'NONE',  ( -2.031264886787171875, -6.150668401340384506, 11.00000000000000000 ) ) ;
#3194 = DIRECTION ( 'NONE',  ( 0.000000000000000000, 0.000000000000000000, -1.000000000000000000 ) ) ;
#3195 = EDGE_CURVE ( 'NONE', #1621, #4450, #1683, .T. ) ;
#3196 = DIRECTION ( 'NONE',  ( -1.000000000000000000, 0.000000000000000000, 0.000000000000000000 ) ) ;
#3197 = ORIENTED_EDGE ( 'NONE', *, *, #2083, .F. ) ;
#3198 = ORIENTED_EDGE ( 'NONE', *, *, #4403, .T. ) ;
#3199 = DIRECTION ( 'NONE',  ( 0.000000000000000000, 0.000000000000000000, 1.000000000000000000 ) ) ;
#3200 = DIRECTION ( 'NONE',  ( 0.9488097670990887078, 0.3158481056732381775, 0.000000000000000000 ) ) ;
#3201 = CARTESIAN_POINT ( 'NONE',  ( -1.430496923587078584, 6.317470805247103804, 5.000000000000000000 ) ) ;
#3202 = ORIENTED_EDGE ( 'NONE', *, *, #1897, .F. ) ;
#3203 = ORIENTED_EDGE ( 'NONE', *, *, #353, .T. ) ;
#3204 = SURFACE_STYLE_FILL_AREA ( #3183 ) ;
#3205 = CARTESIAN_POINT ( 'NONE',  ( 5.312448565510607956, -3.706028745482865538, 11.00000000000000000 ) ) ;
#3206 = EDGE_CURVE ( 'NONE', #356, #2097, #3169, .T. ) ;
#3207 = LINE ( 'NONE', #467, #1398 ) ;
#3208 = VERTEX_POINT ( 'NONE', #3408 ) ;
#3209 = CARTESIAN_POINT ( 'NONE',  ( 11.26605656897999452, -0.9240748604526773935, 11.00000000000000000 ) ) ;
#3210 = VERTEX_POINT ( 'NONE', #2411 ) ;
#3211 = APPLICATION_PROTOCOL_DEFINITION ( 'draft international standard', 'automotive_design', 1998, #1856 ) ;
#3212 = LINE ( 'NONE', #4287, #2810 ) ;
#3213 = CARTESIAN_POINT ( 'NONE',  ( -10.58417594869109912, 3.969025629839998182, 11.00000000000000000 ) ) ;
#3214 = CARTESIAN_POINT ( 'NONE',  ( -8.464399300897200717, -7.492121824833658295, 11.00000000000000000 ) ) ;
#3215 = FILL_AREA_STYLE ('',( #2453 ) ) ;
#3216 = DIRECTION ( 'NONE',  ( -1.000000000000000000, 0.000000000000000000, 0.000000000000000000 ) ) ;
#3217 = ORIENTED_EDGE ( 'NONE', *, *, #4378, .T. ) ;
#3218 = CIRCLE ( 'NONE', #3433, 10.50000000000000000 ) ;
#3219 = VERTEX_POINT ( 'NONE', #4497 ) ;
#3220 = DIRECTION ( 'NONE',  ( -0.2208441819610289791, 0.9753091034610330556, 0.000000000000000000 ) ) ;
#3221 = LINE ( 'NONE', #3178, #4382 ) ;
#3222 = LINE ( 'NONE', #73, #234 ) ;
#3223 = ORIENTED_EDGE ( 'NONE', *, *, #4239, .F. ) ;
#3224 = ORIENTED_EDGE ( 'NONE', *, *, #4369, .T. ) ;
#3225 = CARTESIAN_POINT ( 'NONE',  ( -10.82794104958379222, -3.245556591698276261, 11.00000000000000000 ) ) ;
#3226 = CARTESIAN_POINT ( 'NONE',  ( 7.997785301068243591, 7.988327437029275835, 11.00000000000000000 ) ) ;
#3227 = FACE_OUTER_BOUND ( 'NONE', #2102, .T. ) ;
#3228 = AXIS2_PLACEMENT_3D ( 'NONE', #3082, #2700, #576 ) ;
#3229 = ORIENTED_EDGE ( 'NONE', *, *, #4132, .T. ) ;
#3230 = CARTESIAN_POINT ( 'NONE',  ( -7.470930045010132581, -7.378021703855643487, 5.000000000000000000 ) ) ;
#3231 = ORIENTED_EDGE ( 'NONE', *, *, #4238, .T. ) ;
#3232 = AXIS2_PLACEMENT_3D ( 'NONE', #170, #551, #3622 ) ;
#3233 = LINE ( 'NONE', #1863, #3588 ) ;
#3234 = CARTESIAN_POINT ( 'NONE',  ( -10.12981177686724088, -5.016458743817161725, 5.000000000000000000 ) ) ;
#3235 = ORIENTED_EDGE ( 'NONE', *, *, #3829, .T. ) ;
#3236 = AXIS2_PLACEMENT_3D ( 'NONE', #1459, #4261, #4328 ) ;
#3237 = ADVANCED_FACE ( 'NONE', ( #618 ), #1291, .T. ) ;
#3238 = CIRCLE ( 'NONE', #4398, 10.50000000000000000 ) ;
#3239 = DIRECTION ( 'NONE',  ( -0.006018340399281655109, 0.9999818896254264455, 0.000000000000000000 ) ) ;
#3240 = FACE_OUTER_BOUND ( 'NONE', #1485, .T. ) ;
#3241 = AXIS2_PLACEMENT_3D ( 'NONE', #3788, #2020, #679 ) ;
#3242 = ADVANCED_FACE ( 'NONE', ( #3081 ), #666, .T. ) ;
#3243 = EDGE_LOOP ( 'NONE', ( #4425, #3811 ) ) ;
#3244 = VECTOR ( 'NONE', #2581, 1000.000000000000000 ) ;
#3245 = ORIENTED_EDGE ( 'NONE', *, *, #2532, .F. ) ;
#3246 = EDGE_CURVE ( 'NONE', #1516, #1124, #950, .T. ) ;
#3247 = DIRECTION ( 'NONE',  ( -0.000000000000000000, 0.000000000000000000, 1.000000000000000000 ) ) ;
#3248 = VECTOR ( 'NONE', #186, 1000.000000000000000 ) ;
#3249 = AXIS2_PLACEMENT_3D ( 'NONE', #2018, #4440, #3702 ) ;
#3250 = CARTESIAN_POINT ( 'NONE',  ( 10.40241735493286868, -1.428185272922069649, 11.00000000000000000 ) ) ;
#3251 = VERTEX_POINT ( 'NONE', #3757 ) ;
#3252 = ORIENTED_EDGE ( 'NONE', *, *, #316, .T. ) ;
#3253 = DIRECTION ( 'NONE',  ( 0.000000000000000000, 0.000000000000000000, -1.000000000000000000 ) ) ;
#3254 = DIRECTION ( 'NONE',  ( -0.5721472539541644364, -0.8201509128158723794, 0.000000000000000000 ) ) ;
#3255 = CARTESIAN_POINT ( 'NONE',  ( -6.469897412374667311, 0.3117471682135856126, 11.00000000000000000 ) ) ;
#3256 = ORIENTED_EDGE ( 'NONE', *, *, #2959, .F. ) ;
#3257 = LINE ( 'NONE', #3209, #3087 ) ;
#3258 = ORIENTED_EDGE ( 'NONE', *, *, #3997, .F. ) ;
#3259 = LINE ( 'NONE', #2527, #805 ) ;
#3260 = ADVANCED_FACE ( 'NONE', ( #323 ), #257, .T. ) ;
#3261 = ORIENTED_EDGE ( 'NONE', *, *, #2831, .F. ) ;
#3262 = LINE ( 'NONE', #2182, #3609 ) ;
#3263 = DIRECTION ( 'NONE',  ( 0.9060401849579424738, -0.4231916625376465069, 0.000000000000000000 ) ) ;
#3264 = CARTESIAN_POINT ( 'NONE',  ( 8.489489480039567937, -6.178880834608927231, 5.000000000000000000 ) ) ;
#3265 = EDGE_CURVE ( 'NONE', #1694, #3922, #601, .T. ) ;
#3266 = ORIENTED_EDGE ( 'NONE', *, *, #2142, .T. ) ;
#3267 = ORIENTED_EDGE ( 'NONE', *, *, #1278, .T. ) ;
#3268 = DIRECTION ( 'NONE',  ( 0.4716230422552011858, 0.8818002642401218116, 0.000000000000000000 ) ) ;
#3269 = CARTESIAN_POINT ( 'NONE',  ( -5.028441429125909856, -10.12386891247748721, 11.00000000000000000 ) ) ;
#3270 = EDGE_LOOP ( 'NONE', ( #4249, #3703, #3688, #58 ) ) ;
#3271 = ORIENTED_EDGE ( 'NONE', *, *, #4206, .F. ) ;
#3272 = ADVANCED_FACE ( 'NONE', ( #4074 ), #1665, .T. ) ;
#3273 = DIRECTION ( 'NONE',  ( -0.000000000000000000, -0.000000000000000000, -1.000000000000000000 ) ) ;
#3274 = DIRECTION ( 'NONE',  ( -0.4566146066608867682, 0.8896646002758138438, 0.000000000000000000 ) ) ;
#3275 = ORIENTED_EDGE ( 'NONE', *, *, #1324, .T. ) ;
#3276 = CARTESIAN_POINT ( 'NONE',  ( 0.000000000000000000, 0.000000000000000000, 5.000000000000000000 ) ) ;
#3277 = EDGE_LOOP ( 'NONE', ( #4470, #4487, #3512, #3252 ) ) ;
#3278 = LINE ( 'NONE', #834, #1301 ) ;
#3279 = CARTESIAN_POINT ( 'NONE',  ( -2.500000000000000000, 0.000000000000000000, 12.00000000000000000 ) ) ;
#3280 = ORIENTED_EDGE ( 'NONE', *, *, #1803, .T. ) ;
#3281 = FACE_OUTER_BOUND ( 'NONE', #4104, .T. ) ;
#3282 = CARTESIAN_POINT ( 'NONE',  ( 0.000000000000000000, 0.000000000000000000, 0.000000000000000000 ) ) ;
#3283 = CARTESIAN_POINT ( 'NONE',  ( -11.18994698359957596, 1.600947053280854737, 11.00000000000000000 ) ) ;
#3284 = ADVANCED_FACE ( 'NONE', ( #2330 ), #3733, .T. ) ;
#3285 = ORIENTED_EDGE ( 'NONE', *, *, #2831, .T. ) ;
#3286 = CARTESIAN_POINT ( 'NONE',  ( 0.000000000000000000, 0.000000000000000000, 11.00000000000000000 ) ) ;
#3287 = LINE ( 'NONE', #1164, #2960 ) ;
#3288 = VERTEX_POINT ( 'NONE', #2682 ) ;
#3289 = AXIS2_PLACEMENT_3D ( 'NONE', #4156, #3136, #1787 ) ;
#3290 = VERTEX_POINT ( 'NONE', #3427 ) ;
#3291 = ADVANCED_FACE ( 'NONE', ( #1308 ), #2722, .T. ) ;
#3292 = DIRECTION ( 'NONE',  ( -0.000000000000000000, -0.000000000000000000, -1.000000000000000000 ) ) ;
#3293 = CARTESIAN_POINT ( 'NONE',  ( -7.470930045010132581, -7.378021703855643487, 11.00000000000000000 ) ) ;
#3294 =( GEOMETRIC_REPRESENTATION_CONTEXT ( 3 ) GLOBAL_UNCERTAINTY_ASSIGNED_CONTEXT ( ( #2740 ) ) GLOBAL_UNIT_ASSIGNED_CONTEXT ( ( #4286, #1458, #1205 ) ) REPRESENTATION_CONTEXT ( 'NONE', 'WORKASPACE' ) );
#3295 = EDGE_CURVE ( 'NONE', #2461, #3290, #2294, .T. ) ;
#3296 = DIRECTION ( 'NONE',  ( -0.000000000000000000, 0.000000000000000000, 1.000000000000000000 ) ) ;
#3297 = ORIENTED_EDGE ( 'NONE', *, *, #4058, .T. ) ;
#3298 = LINE ( 'NONE', #1968, #3683 ) ;
#3299 = ORIENTED_EDGE ( 'NONE', *, *, #782, .F. ) ;
#3300 = PLANE ( 'NONE',  #2042 ) ;
#3301 = CLOSED_SHELL ( 'NONE', ( #1948, #791, #272, #3189, #4071, #2319, #2644, #183, #3242, #2235, #3272, #2338, #1207, #2516, #1310, #259, #3770, #563, #3058, #1869, #635, #3570, #3107, #1960, #701, #541, #4234, #3141, #3656, #59, #3260, #2143, #3049, #2918, #2275, #2973, #280, #4510, #756, #2006, #2346, #2332, #2560, #995, #2230, #3772, #4199, #720, #2311, #1454, #1342, #4414, #1667, #171, #338, #1810, #1865, #4509, #2408, #2089, #3012, #2728, #2638, #1461, #3999, #670, #3345, #3653, #1194, #933, #4436, #2691, #3574, #3062, #990, #971, #3816, #3859, #3590, #3108, #2056, #1685, #2363, #1468, #4289, #1663, #2101, #461, #557, #876, #2493, #3685, #117, #3635, #452, #924, #2037, #331, #1388, #1185, #1005, #1678, #692, #1490, #3237, #3564, #150, #2522, #4128, #2243, #4120, #65, #1059, #2005, #2419, #2503, #2202, #123, #2487, #1797, #1135, #260, #231 ) ) ;
#3302 = ORIENTED_EDGE ( 'NONE', *, *, #4235, .F. ) ;
#3303 = LINE ( 'NONE', #1533, #2724 ) ;
#3304 = CIRCLE ( 'NONE', #2575, 10.50000000000000000 ) ;
#3305 = EDGE_CURVE ( 'NONE', #1823, #3726, #637, .T. ) ;
#3306 = CARTESIAN_POINT ( 'NONE',  ( -10.18702394886413565, 2.544512343312286262, 11.00000000000000000 ) ) ;
#3307 = AXIS2_PLACEMENT_3D ( 'NONE', #1668, #4437, #558 ) ;
#3308 = DIRECTION ( 'NONE',  ( -1.000000000000000000, 0.000000000000000000, 0.000000000000000000 ) ) ;
#3309 = ORIENTED_EDGE ( 'NONE', *, *, #1971, .T. ) ;
#3310 = CIRCLE ( 'NONE', #2652, 10.50000000000000000 ) ;
#3311 = VECTOR ( 'NONE', #3078, 1000.000000000000000 ) ;
#3312 = DIRECTION ( 'NONE',  ( 1.000000000000000000, 0.000000000000000000, 0.000000000000000000 ) ) ;
#3313 = FACE_OUTER_BOUND ( 'NONE', #3046, .T. ) ;
#3314 = AXIS2_PLACEMENT_3D ( 'NONE', #674, #1689, #1008 ) ;
#3315 = ORIENTED_EDGE ( 'NONE', *, *, #4338, .F. ) ;
#3316 = AXIS2_PLACEMENT_3D ( 'NONE', #4042, #2306, #3018 ) ;
#3317 = ORIENTED_EDGE ( 'NONE', *, *, #265, .T. ) ;
#3318 = CARTESIAN_POINT ( 'NONE',  ( -10.45982583029096169, 0.9176293369209559403, 5.000000000000000000 ) ) ;
#3319 = AXIS2_PLACEMENT_3D ( 'NONE', #3056, #3016, #2367 ) ;
#3320 = AXIS2_PLACEMENT_3D ( 'NONE', #101, #4297, #1144 ) ;
#3321 = EDGE_CURVE ( 'NONE', #3288, #2334, #3892, .T. ) ;
#3322 = CARTESIAN_POINT ( 'NONE',  ( 0.000000000000000000, 0.000000000000000000, 17.00000000000000000 ) ) ;
#3323 = AXIS2_PLACEMENT_3D ( 'NONE', #4162, #680, #18 ) ;
#3324 = ORIENTED_EDGE ( 'NONE', *, *, #2851, .F. ) ;
#3325 = DIRECTION ( 'NONE',  ( -0.1044976991727672722, 0.9945251283238638607, 0.000000000000000000 ) ) ;
#3326 = EDGE_LOOP ( 'NONE', ( #1800, #1794, #2611, #839 ) ) ;
#3327 = DIRECTION ( 'NONE',  ( -0.000000000000000000, -0.000000000000000000, -1.000000000000000000 ) ) ;
#3328 = ORIENTED_EDGE ( 'NONE', *, *, #855, .F. ) ;
#3329 = EDGE_CURVE ( 'NONE', #4276, #1306, #1380, .T. ) ;
#3330 = CARTESIAN_POINT ( 'NONE',  ( 0.000000000000000000, 0.000000000000000000, 11.00000000000000000 ) ) ;
#3331 = PLANE ( 'NONE',  #2069 ) ;
#3332 = CARTESIAN_POINT ( 'NONE',  ( -5.741020620888816595, 2.999573478691762940, 5.000000000000000000 ) ) ;
#3333 = FACE_OUTER_BOUND ( 'NONE', #2666, .T. ) ;
#3334 = VERTEX_POINT ( 'NONE', #4176 ) ;
#3335 = CARTESIAN_POINT ( 'NONE',  ( -9.330245834751153211, 6.375788037005039932, 5.000000000000000000 ) ) ;
#3336 = DIRECTION ( 'NONE',  ( -1.000000000000000000, 0.000000000000000000, 0.000000000000000000 ) ) ;
#3337 = ORIENTED_EDGE ( 'NONE', *, *, #2305, .F. ) ;
#3338 = VERTEX_POINT ( 'NONE', #3497 ) ;
#3339 = LINE ( 'NONE', #2609, #3675 ) ;
#3340 = CARTESIAN_POINT ( 'NONE',  ( -10.49585192853588111, 0.2951140360092380788, 5.000000000000000000 ) ) ;
#3341 = DIRECTION ( 'NONE',  ( 1.000000000000000000, 0.000000000000000000, 0.000000000000000000 ) ) ;
#3342 = VERTEX_POINT ( 'NONE', #3153 ) ;
#3343 = CARTESIAN_POINT ( 'NONE',  ( 0.000000000000000000, 0.000000000000000000, 11.00000000000000000 ) ) ;
#3344 = VERTEX_POINT ( 'NONE', #1479 ) ;
#3345 = ADVANCED_FACE ( 'NONE', ( #711 ), #1801, .T. ) ;
#3346 = FACE_OUTER_BOUND ( 'NONE', #115, .T. ) ;
#3347 = ORIENTED_EDGE ( 'NONE', *, *, #1413, .T. ) ;
#3348 = DIRECTION ( 'NONE',  ( -0.000000000000000000, 0.000000000000000000, 1.000000000000000000 ) ) ;
#3349 = CARTESIAN_POINT ( 'NONE',  ( 4.911504713468676009, 4.223017910584396795, 11.00000000000000000 ) ) ;
#3350 = EDGE_CURVE ( 'NONE', #3495, #4233, #29, .T. ) ;
#3351 = CARTESIAN_POINT ( 'NONE',  ( -2.149713431733061064, -6.110277488377058752, 11.00000000000000000 ) ) ;
#3352 = VERTEX_POINT ( 'NONE', #740 ) ;
#3353 = DIRECTION ( 'NONE',  ( -0.9050319475970136640, -0.4253435950249589426, 0.000000000000000000 ) ) ;
#3354 = LINE ( 'NONE', #1539, #3583 ) ;
#3355 = FACE_OUTER_BOUND ( 'NONE', #3983, .T. ) ;
#3356 = ORIENTED_EDGE ( 'NONE', *, *, #2815, .F. ) ;
#3357 = CARTESIAN_POINT ( 'NONE',  ( 1.986410427387735878, -6.165300676974809768, 5.000000000000000000 ) ) ;
#3358 = DIRECTION ( 'NONE',  ( 0.7938837709399408915, -0.6080695340486804712, 0.000000000000000000 ) ) ;
#3359 = DIRECTION ( 'NONE',  ( -0.000000000000000000, -0.000000000000000000, -1.000000000000000000 ) ) ;
#3360 = ORIENTED_EDGE ( 'NONE', *, *, #2570, .F. ) ;
#3361 = DIRECTION ( 'NONE',  ( 1.000000000000000000, 0.000000000000000000, 0.000000000000000000 ) ) ;
#3362 = ORIENTED_EDGE ( 'NONE', *, *, #1999, .T. ) ;
#3363 = VECTOR ( 'NONE', #675, 1000.000000000000000 ) ;
#3364 = FACE_OUTER_BOUND ( 'NONE', #1799, .T. ) ;
#3365 = CIRCLE ( 'NONE', #1607, 4.000000000000000000 ) ;
#3366 = ORIENTED_EDGE ( 'NONE', *, *, #1228, .F. ) ;
#3367 = CARTESIAN_POINT ( 'NONE',  ( 0.000000000000000000, 0.000000000000000000, 11.00000000000000000 ) ) ;
#3368 = PRESENTATION_STYLE_ASSIGNMENT (( #562 ) ) ;
#3369 = EDGE_CURVE ( 'NONE', #4519, #2225, #3521, .T. ) ;
#3370 = EDGE_LOOP ( 'NONE', ( #3328, #3998, #2730, #1449 ) ) ;
#3371 = LINE ( 'NONE', #927, #2733 ) ;
#3372 = DIRECTION ( 'NONE',  ( -0.000000000000000000, -0.000000000000000000, -1.000000000000000000 ) ) ;
#3373 = CARTESIAN_POINT ( 'NONE',  ( -3.950920986310968885, 5.132931149301463769, 11.00000000000000000 ) ) ;
#3374 = VECTOR ( 'NONE', #3117, 1000.000000000000227 ) ;
#3375 = ORIENTED_EDGE ( 'NONE', *, *, #1542, .F. ) ;
#3376 = VECTOR ( 'NONE', #2111, 1000.000000000000114 ) ;
#3377 = EDGE_CURVE ( 'NONE', #1125, #3697, #1408, .T. ) ;
#3378 = ORIENTED_EDGE ( 'NONE', *, *, #3001, .F. ) ;
#3379 = CARTESIAN_POINT ( 'NONE',  ( 0.000000000000000000, 0.000000000000000000, 11.00000000000000000 ) ) ;
#3380 = PLANE ( 'NONE',  #672 ) ;
#3381 = AXIS2_PLACEMENT_3D ( 'NONE', #3928, #1813, #771 ) ;
#3382 = VECTOR ( 'NONE', #420, 1000.000000000000000 ) ;
#3383 = LINE ( 'NONE', #1289, #1995 ) ;
#3384 = ORIENTED_EDGE ( 'NONE', *, *, #2007, .T. ) ;
#3385 = DIRECTION ( 'NONE',  ( -1.000000000000000000, 0.000000000000000000, 0.000000000000000000 ) ) ;
#3386 = CARTESIAN_POINT ( 'NONE',  ( 0.2304749509641247640, -11.30154087990464618, 5.000000000000000000 ) ) ;
#3387 = VECTOR ( 'NONE', #4525, 1000.000000000000227 ) ;
#3388 = CIRCLE ( 'NONE', #2882, 10.50000000000000000 ) ;
#3389 = DIRECTION ( 'NONE',  ( -0.000000000000000000, -0.000000000000000000, -1.000000000000000000 ) ) ;
#3390 = CIRCLE ( 'NONE', #3832, 10.50000000000000000 ) ;
#3391 = AXIS2_PLACEMENT_3D ( 'NONE', #648, #719, #3554 ) ;
#3392 = ORIENTED_EDGE ( 'NONE', *, *, #1201, .T. ) ;
#3393 = CYLINDRICAL_SURFACE ( 'NONE', #2066, 2.500000000000000000 ) ;
#3394 = CARTESIAN_POINT ( 'NONE',  ( -6.569945865453195921, 8.190592855527281557, 11.00000000000000000 ) ) ;
#3395 = EDGE_CURVE ( 'NONE', #2201, #327, #1259, .T. ) ;
#3396 = FILL_AREA_STYLE_COLOUR ( '', #2887 ) ;
#3397 = FACE_OUTER_BOUND ( 'NONE', #599, .T. ) ;
#3398 = ORIENTED_EDGE ( 'NONE', *, *, #2929, .F. ) ;
#3399 = CARTESIAN_POINT ( 'NONE',  ( -2.204410643328152286, -11.08686243617911771, 5.000000000000000000 ) ) ;
#3400 = EDGE_CURVE ( 'NONE', #1891, #2125, #2150, .T. ) ;
#3401 = CARTESIAN_POINT ( 'NONE',  ( 9.435664168256280959, 4.606326269803799889, 11.00000000000000000 ) ) ;
#3402 = ORIENTED_EDGE ( 'NONE', *, *, #1888, .F. ) ;
#3403 = DIRECTION ( 'NONE',  ( 0.5581689404309843061, -0.8297273250521234322, 0.000000000000000000 ) ) ;
#3404 = CARTESIAN_POINT ( 'NONE',  ( -8.639495681600477539, -7.284454323922589403, 11.00000000000000000 ) ) ;
#3405 = DIRECTION ( 'NONE',  ( 1.000000000000000000, 0.000000000000000000, 0.000000000000000000 ) ) ;
#3406 = EDGE_CURVE ( 'NONE', #4118, #4161, #3847, .T. ) ;
#3407 = ORIENTED_EDGE ( 'NONE', *, *, #3981, .T. ) ;
#3408 = CARTESIAN_POINT ( 'NONE',  ( -6.024037108339064694, 9.564984154745461709, 5.000000000000000000 ) ) ;
#3409 = DIRECTION ( 'NONE',  ( -1.000000000000000000, 0.000000000000000000, 0.000000000000000000 ) ) ;
#3410 = DIRECTION ( 'NONE',  ( -0.000000000000000000, -0.000000000000000000, -1.000000000000000000 ) ) ;
#3411 = EDGE_LOOP ( 'NONE', ( #1592, #2176, #3464, #1069 ) ) ;
#3412 = LINE ( 'NONE', #962, #1926 ) ;
#3413 = CARTESIAN_POINT ( 'NONE',  ( 1.989266238428814892, 10.30984092179153322, 5.000000000000000000 ) ) ;
#3414 = FACE_BOUND ( 'NONE', #90, .T. ) ;
#3415 = VERTEX_POINT ( 'NONE', #3131 ) ;
#3416 = CARTESIAN_POINT ( 'NONE',  ( -10.45982583029096347, 0.9176293369209560513, 11.00000000000000000 ) ) ;
#3417 = ADVANCED_FACE ( 'NONE', ( #1754, #4204 ), #370, .F. ) ;
#3418 = UNCERTAINTY_MEASURE_WITH_UNIT (LENGTH_MEASURE( 1.000000000000000082E-05 ), #3608, 'distance_accuracy_value', 'NONE');
#3419 = ORIENTED_EDGE ( 'NONE', *, *, #2796, .F. ) ;
#3420 = ORIENTED_EDGE ( 'NONE', *, *, #3525, .T. ) ;
#3421 = DIRECTION ( 'NONE',  ( 0.3667524124622439374, -0.9303185841168195580, 0.000000000000000000 ) ) ;
#3422 = CARTESIAN_POINT ( 'NONE',  ( 0.7390725469451834284, -6.435101443947368161, 11.00000000000000000 ) ) ;
#3423 = FACE_OUTER_BOUND ( 'NONE', #2331, .T. ) ;
#3424 = EDGE_CURVE ( 'NONE', #4053, #3661, #780, .T. ) ;
#3425 = MANIFOLD_SOLID_BREP ( 'Boss.-Extru.4', #1009 ) ;
#3426 = ORIENTED_EDGE ( 'NONE', *, *, #2777, .F. ) ;
#3427 = CARTESIAN_POINT ( 'NONE',  ( 2.500000000000000000, 0.000000000000000000, -22.00000000000000000 ) ) ;
#3428 = CARTESIAN_POINT ( 'NONE',  ( 0.000000000000000000, 0.000000000000000000, 11.00000000000000000 ) ) ;
#3429 = EDGE_CURVE ( 'NONE', #4314, #15, #3867, .T. ) ;
#3430 = EDGE_CURVE ( 'NONE', #2622, #2044, #3957, .T. ) ;
#3431 = DIRECTION ( 'NONE',  ( -0.1021339997180250314, -0.9947706500000884633, 0.000000000000000000 ) ) ;
#3432 = VERTEX_POINT ( 'NONE', #2322 ) ;
#3433 = AXIS2_PLACEMENT_3D ( 'NONE', #825, #2323, #2625 ) ;
#3434 = LINE ( 'NONE', #644, #3163 ) ;
#3435 = EDGE_CURVE ( 'NONE', #1862, #1430, #3371, .T. ) ;
#3436 = DIRECTION ( 'NONE',  ( 0.000000000000000000, 0.000000000000000000, 1.000000000000000000 ) ) ;
#3437 = AXIS2_PLACEMENT_3D ( 'NONE', #1509, #2917, #2226 ) ;
#3438 = ORIENTED_EDGE ( 'NONE', *, *, #1816, .T. ) ;
#3439 = DIRECTION ( 'NONE',  ( -0.7234861091053902404, 0.6903389384436773302, 0.000000000000000000 ) ) ;
#3440 = ORIENTED_EDGE ( 'NONE', *, *, #1068, .T. ) ;
#3441 = EDGE_CURVE ( 'NONE', #838, #1753, #890, .T. ) ;
#3442 = PLANE ( 'NONE',  #1708 ) ;
#3443 = ORIENTED_EDGE ( 'NONE', *, *, #3350, .T. ) ;
#3444 = ORIENTED_EDGE ( 'NONE', *, *, #1237, .F. ) ;
#3445 = LINE ( 'NONE', #1677, #2494 ) ;
#3446 = VECTOR ( 'NONE', #3076, 1000.000000000000227 ) ;
#3447 = DIRECTION ( 'NONE',  ( -1.000000000000000000, 0.000000000000000000, 0.000000000000000000 ) ) ;
#3448 = DIRECTION ( 'NONE',  ( -0.000000000000000000, -0.000000000000000000, -1.000000000000000000 ) ) ;
#3449 = AXIS2_PLACEMENT_3D ( 'NONE', #1624, #261, #577 ) ;
#3450 = ORIENTED_EDGE ( 'NONE', *, *, #4244, .T. ) ;
#3451 = CARTESIAN_POINT ( 'NONE',  ( 0.000000000000000000, 0.000000000000000000, 11.00000000000000000 ) ) ;
#3452 = FACE_OUTER_BOUND ( 'NONE', #4361, .T. ) ;
#3453 = VECTOR ( 'NONE', #2548, 1000.000000000000000 ) ;
#3454 = ADVANCED_FACE ( 'NONE', ( #2216 ), #1233, .T. ) ;
#3455 = DIRECTION ( 'NONE',  ( -0.8587291156910729084, -0.5124298057923912797, 0.000000000000000000 ) ) ;
#3456 = AXIS2_PLACEMENT_3D ( 'NONE', #2376, #2699, #1335 ) ;
#3457 = VECTOR ( 'NONE', #2273, 1000.000000000000000 ) ;
#3458 = ORIENTED_EDGE ( 'NONE', *, *, #1662, .F. ) ;
#3459 = LINE ( 'NONE', #4456, #2583 ) ;
#3460 = DIRECTION ( 'NONE',  ( -0.000000000000000000, -0.000000000000000000, -1.000000000000000000 ) ) ;
#3461 = LINE ( 'NONE', #1718, #3374 ) ;
#3462 = AXIS2_PLACEMENT_3D ( 'NONE', #343, #2, #1077 ) ;
#3463 = CIRCLE ( 'NONE', #1261, 10.50000000000000000 ) ;
#3464 = ORIENTED_EDGE ( 'NONE', *, *, #661, .F. ) ;
#3465 = EDGE_CURVE ( 'NONE', #3922, #4124, #228, .T. ) ;
#3466 = DIRECTION ( 'NONE',  ( -0.6574672138906290098, -0.7534831535335704267, 0.000000000000000000 ) ) ;
#3467 = VECTOR ( 'NONE', #3263, 1000.000000000000000 ) ;
#3468 = ORIENTED_EDGE ( 'NONE', *, *, #1604, .T. ) ;
#3469 = CARTESIAN_POINT ( 'NONE',  ( 0.000000000000000000, 0.000000000000000000, 5.000000000000000000 ) ) ;
#3470 = ORIENTED_EDGE ( 'NONE', *, *, #2995, .F. ) ;
#3471 = ORIENTED_EDGE ( 'NONE', *, *, #2623, .F. ) ;
#3472 = LINE ( 'NONE', #2716, #1013 ) ;
#3473 = DIRECTION ( 'NONE',  ( 1.000000000000000000, 0.000000000000000000, 0.000000000000000000 ) ) ;
#3474 = CARTESIAN_POINT ( 'NONE',  ( -6.048716639856849042, -2.317279835121281995, 11.00000000000000000 ) ) ;
#3475 = VERTEX_POINT ( 'NONE', #3399 ) ;
#3476 = VERTEX_POINT ( 'NONE', #587 ) ;
#3477 = DIRECTION ( 'NONE',  ( -0.000000000000000000, -0.000000000000000000, -1.000000000000000000 ) ) ;
#3478 = LINE ( 'NONE', #1990, #937 ) ;
#3479 = FACE_OUTER_BOUND ( 'NONE', #997, .T. ) ;
#3480 = EDGE_CURVE ( 'NONE', #3251, #2043, #1560, .T. ) ;
#3481 = ORIENTED_EDGE ( 'NONE', *, *, #2117, .T. ) ;
#3482 = CARTESIAN_POINT ( 'NONE',  ( -4.000000000000000000, 0.000000000000000000, 11.00000000000000000 ) ) ;
#3483 = DIRECTION ( 'NONE',  ( 0.5721472539541644364, 0.8201509128158723794, 0.000000000000000000 ) ) ;
#3484 = CARTESIAN_POINT ( 'NONE',  ( -9.483500609888489308, 6.151516979202971136, 11.00000000000000000 ) ) ;
#3485 = ORIENTED_EDGE ( 'NONE', *, *, #3149, .F. ) ;
#3486 = FACE_OUTER_BOUND ( 'NONE', #3625, .T. ) ;
#3487 = DIRECTION ( 'NONE',  ( -0.000000000000000000, -0.000000000000000000, -1.000000000000000000 ) ) ;
#3488 = CARTESIAN_POINT ( 'NONE',  ( 11.15834239737638178, 1.787611639204794933, 11.00000000000000000 ) ) ;
#3489 = EDGE_CURVE ( 'NONE', #2186, #2755, #4050, .T. ) ;
#3490 = EDGE_LOOP ( 'NONE', ( #4332, #693, #2956, #2683 ) ) ;
#3491 = EDGE_LOOP ( 'NONE', ( #2853, #3956, #3485, #3157 ) ) ;
#3492 = DIRECTION ( 'NONE',  ( -0.000000000000000000, 0.000000000000000000, 1.000000000000000000 ) ) ;
#3493 = DIRECTION ( 'NONE',  ( -0.000000000000000000, -0.000000000000000000, -1.000000000000000000 ) ) ;
#3494 = CARTESIAN_POINT ( 'NONE',  ( 10.46623223472574438, 0.8414171431506022314, 11.00000000000000000 ) ) ;
#3495 = VERTEX_POINT ( 'NONE', #2692 ) ;
#3496 = ORIENTED_EDGE ( 'NONE', *, *, #3783, .F. ) ;
#3497 = CARTESIAN_POINT ( 'NONE',  ( 2.123597070799023712, -11.10262493485535273, 11.00000000000000000 ) ) ;
#3498 = LINE ( 'NONE', #418, #1088 ) ;
#3499 = EDGE_CURVE ( 'NONE', #4535, #1053, #1656, .T. ) ;
#3500 = CARTESIAN_POINT ( 'NONE',  ( -6.462667090921570434, 0.4366839766468764705, 11.00000000000000000 ) ) ;
#3501 = ORIENTED_EDGE ( 'NONE', *, *, #1219, .T. ) ;
#3502 = CARTESIAN_POINT ( 'NONE',  ( -11.28620653191068079, -0.5707035559417356074, 11.00000000000000000 ) ) ;
#3503 = LINE ( 'NONE', #1437, #2271 ) ;
#3504 = LINE ( 'NONE', #3873, #524 ) ;
#3505 = ORIENTED_EDGE ( 'NONE', *, *, #1462, .F. ) ;
#3506 = CARTESIAN_POINT ( 'NONE',  ( -7.543620499357020392, 8.418535188787801715, 11.00000000000000000 ) ) ;
#3507 = FACE_OUTER_BOUND ( 'NONE', #3993, .T. ) ;
#3508 = CARTESIAN_POINT ( 'NONE',  ( -3.412983367804507839, -5.505297753494418522, 11.00000000000000000 ) ) ;
#3509 = EDGE_CURVE ( 'NONE', #4142, #1238, #2643, .T. ) ;
#3510 = CARTESIAN_POINT ( 'NONE',  ( 8.489489480039569713, -6.178880834608928119, 11.00000000000000000 ) ) ;
#3511 = ORIENTED_EDGE ( 'NONE', *, *, #199, .F. ) ;
#3512 = ORIENTED_EDGE ( 'NONE', *, *, #1200, .F. ) ;
#3513 = CARTESIAN_POINT ( 'NONE',  ( 1.986410427387735878, -6.165300676974809768, 11.00000000000000000 ) ) ;
#3514 = LINE ( 'NONE', #361, #3069 ) ;
#3515 = LINE ( 'NONE', #1680, #1318 ) ;
#3516 = VERTEX_POINT ( 'NONE', #4063 ) ;
#3517 = EDGE_CURVE ( 'NONE', #3110, #2213, #4038, .T. ) ;
#3518 = VERTEX_POINT ( 'NONE', #2557 ) ;
#3519 = VECTOR ( 'NONE', #2813, 1000.000000000000000 ) ;
#3520 = EDGE_CURVE ( 'NONE', #3732, #1275, #1299, .T. ) ;
#3521 = LINE ( 'NONE', #2441, #2145 ) ;
#3522 = LINE ( 'NONE', #781, #71 ) ;
#3523 = VECTOR ( 'NONE', #1024, 1000.000000000000000 ) ;
#3524 = DIRECTION ( 'NONE',  ( -0.000000000000000000, -0.000000000000000000, -1.000000000000000000 ) ) ;
#3525 = EDGE_CURVE ( 'NONE', #2523, #4489, #1148, .T. ) ;
#3526 = ORIENTED_EDGE ( 'NONE', *, *, #4277, .T. ) ;
#3527 = CARTESIAN_POINT ( 'NONE',  ( 0.000000000000000000, 0.000000000000000000, 5.000000000000000000 ) ) ;
#3528 = VECTOR ( 'NONE', #4529, 1000.000000000000000 ) ;
#3529 = AXIS2_PLACEMENT_3D ( 'NONE', #1358, #3869, #398 ) ;
#3530 = LINE ( 'NONE', #1010, #429 ) ;
#3531 = DIRECTION ( 'NONE',  ( -0.8549738714150825203, 0.5186710703302294112, 0.000000000000000000 ) ) ;
#3532 = CIRCLE ( 'NONE', #1854, 7.000000000000000000 ) ;
#3533 = VECTOR ( 'NONE', #632, 1000.000000000000000 ) ;
#3534 = EDGE_LOOP ( 'NONE', ( #2990, #2628, #2148, #131 ) ) ;
#3535 = CARTESIAN_POINT ( 'NONE',  ( 0.000000000000000000, 0.000000000000000000, 17.00000000000000000 ) ) ;
#3536 = CARTESIAN_POINT ( 'NONE',  ( 4.000000000000000000, 4.898587196589412829E-16, 1.000000000000000000 ) ) ;
#3537 = VECTOR ( 'NONE', #994, 1000.000000000000000 ) ;
#3538 = DIRECTION ( 'NONE',  ( -0.000000000000000000, -0.000000000000000000, -1.000000000000000000 ) ) ;
#3539 = VECTOR ( 'NONE', #999, 1000.000000000000000 ) ;
#3540 = EDGE_CURVE ( 'NONE', #3627, #3986, #3390, .T. ) ;
#3541 = ORIENTED_EDGE ( 'NONE', *, *, #407, .T. ) ;
#3542 = ORIENTED_EDGE ( 'NONE', *, *, #1611, .T. ) ;
#3543 = LINE ( 'NONE', #47, #2869 ) ;
#3544 = LINE ( 'NONE', #3934, #864 ) ;
#3545 = CARTESIAN_POINT ( 'NONE',  ( -0.3127876183556987932, -11.29956233085959738, 11.00000000000000000 ) ) ;
#3546 = ORIENTED_EDGE ( 'NONE', *, *, #898, .T. ) ;
#3547 = ORIENTED_EDGE ( 'NONE', *, *, #3926, .T. ) ;
#3548 = CARTESIAN_POINT ( 'NONE',  ( 4.954567246654685952, -10.16022678691545877, 5.000000000000000000 ) ) ;
#3549 = CARTESIAN_POINT ( 'NONE',  ( 1.476474515149202693, 6.306883686073168072, 11.00000000000000000 ) ) ;
#3550 = VERTEX_POINT ( 'NONE', #3769 ) ;
#3551 = PLANE ( 'NONE',  #4043 ) ;
#3552 = VERTEX_POINT ( 'NONE', #892 ) ;
#3553 = DIRECTION ( 'NONE',  ( 1.000000000000000000, 0.000000000000000000, 0.000000000000000000 ) ) ;
#3554 = DIRECTION ( 'NONE',  ( 0.9090986164355365773, 0.4165809712348768623, 0.000000000000000000 ) ) ;
#3555 = ORIENTED_EDGE ( 'NONE', *, *, #3173, .F. ) ;
#3556 = DIRECTION ( 'NONE',  ( -0.9999818896254263345, -0.006018340399281654242, 0.000000000000000000 ) ) ;
#3557 = LINE ( 'NONE', #3214, #1491 ) ;
#3558 = LINE ( 'NONE', #2067, #1105 ) ;
#3559 = CARTESIAN_POINT ( 'NONE',  ( -10.41254409751792664, -1.352377690308677494, 11.00000000000000000 ) ) ;
#3560 = ORIENTED_EDGE ( 'NONE', *, *, #2159, .T. ) ;
#3561 = VERTEX_POINT ( 'NONE', #3744 ) ;
#3562 = FACE_OUTER_BOUND ( 'NONE', #169, .T. ) ;
#3563 = CARTESIAN_POINT ( 'NONE',  ( -9.877091075793407171, -5.497364536180957550, 11.00000000000000000 ) ) ;
#3564 = ADVANCED_FACE ( 'NONE', ( #2004 ), #947, .T. ) ;
#3565 = DIRECTION ( 'NONE',  ( 0.000000000000000000, 0.000000000000000000, 1.000000000000000000 ) ) ;
#3566 = ORIENTED_EDGE ( 'NONE', *, *, #2435, .T. ) ;
#3567 = ORIENTED_EDGE ( 'NONE', *, *, #846, .T. ) ;
#3568 =( NAMED_UNIT ( * ) SI_UNIT ( $, .STERADIAN. ) SOLID_ANGLE_UNIT ( ) );
#3569 = FACE_OUTER_BOUND ( 'NONE', #2386, .T. ) ;
#3570 = ADVANCED_FACE ( 'NONE', ( #2909 ), #2303, .T. ) ;
#3571 = FACE_BOUND ( 'NONE', #3809, .T. ) ;
#3572 = EDGE_CURVE ( 'NONE', #2191, #2471, #1608, .T. ) ;
#3573 = ORIENTED_EDGE ( 'NONE', *, *, #6, .T. ) ;
#3574 = ADVANCED_FACE ( 'NONE', ( #2829 ), #3140, .T. ) ;
#3575 = CARTESIAN_POINT ( 'NONE',  ( 0.08616179912191765378, 6.476830626773633526, 5.000000000000000000 ) ) ;
#3576 = EDGE_LOOP ( 'NONE', ( #1710, #2358, #1870, #1439 ) ) ;
#3577 = LINE ( 'NONE', #3648, #4158 ) ;
#3578 = CARTESIAN_POINT ( 'NONE',  ( 4.482727995709595348, -4.675671988070067009, 5.000000000000000000 ) ) ;
#3579 = VERTEX_POINT ( 'NONE', #4464 ) ;
#3580 = CARTESIAN_POINT ( 'NONE',  ( 0.000000000000000000, 0.000000000000000000, 11.00000000000000000 ) ) ;
#3581 = FACE_OUTER_BOUND ( 'NONE', #1039, .T. ) ;
#3582 = EDGE_LOOP ( 'NONE', ( #4172, #3950, #3378, #3150 ) ) ;
#3583 = VECTOR ( 'NONE', #547, 1000.000000000000000 ) ;
#3584 = ORIENTED_EDGE ( 'NONE', *, *, #1416, .T. ) ;
#3585 = LINE ( 'NONE', #1049, #3519 ) ;
#3586 = CARTESIAN_POINT ( 'NONE',  ( -10.00345142633030804, -5.256911639999092500, 11.00000000000000000 ) ) ;
#3587 = CARTESIAN_POINT ( 'NONE',  ( 0.000000000000000000, 0.000000000000000000, 5.000000000000000000 ) ) ;
#3588 = VECTOR ( 'NONE', #858, 1000.000000000000000 ) ;
#3589 = EDGE_LOOP ( 'NONE', ( #1405, #3144, #4073, #2038 ) ) ;
#3590 = ADVANCED_FACE ( 'NONE', ( #1698 ), #334, .T. ) ;
#3591 = VERTEX_POINT ( 'NONE', #2474 ) ;
#3592 =( NAMED_UNIT ( * ) PLANE_ANGLE_UNIT ( ) SI_UNIT ( $, .RADIAN. ) );
#3593 = DIRECTION ( 'NONE',  ( 0.8201509128158724904, -0.5721472539541645475, 0.000000000000000000 ) ) ;
#3594 = DIRECTION ( 'NONE',  ( -0.8852121058766024841, -0.4651876262429072151, 0.000000000000000000 ) ) ;
#3595 = VECTOR ( 'NONE', #1103, 999.9999999999998863 ) ;
#3596 = VERTEX_POINT ( 'NONE', #993 ) ;
#3597 = CARTESIAN_POINT ( 'NONE',  ( 11.29744385889069846, -0.3817161489780996342, 11.00000000000000000 ) ) ;
#3598 = VERTEX_POINT ( 'NONE', #2401 ) ;
#3599 = EDGE_CURVE ( 'NONE', #2186, #336, #1722, .T. ) ;
#3600 = AXIS2_PLACEMENT_3D ( 'NONE', #1775, #3220, #3126 ) ;
#3601 = CARTESIAN_POINT ( 'NONE',  ( 0.000000000000000000, 0.000000000000000000, 0.000000000000000000 ) ) ;
#3602 = LINE ( 'NONE', #2200, #1622 ) ;
#3603 = ORIENTED_EDGE ( 'NONE', *, *, #2384, .F. ) ;
#3604 = AXIS2_PLACEMENT_3D ( 'NONE', #4211, #3162, #987 ) ;
#3605 = AXIS2_PLACEMENT_3D ( 'NONE', #3500, #3849, #1056 ) ;
#3606 = CARTESIAN_POINT ( 'NONE',  ( -1.451035403539998159, 11.21037203757535217, 5.000000000000000000 ) ) ;
#3607 = CARTESIAN_POINT ( 'NONE',  ( -4.782330937545314242, -10.23882176978898073, 5.000000000000000000 ) ) ;
#3608 =( LENGTH_UNIT ( ) NAMED_UNIT ( * ) SI_UNIT ( .MILLI., .METRE. ) );
#3609 = VECTOR ( 'NONE', #4308, 1000.000000000000000 ) ;
#3610 = EDGE_CURVE ( 'NONE', #116, #1822, #699, .T. ) ;
#3611 = VECTOR ( 'NONE', #3739, 1000.000000000000114 ) ;
#3612 = VERTEX_POINT ( 'NONE', #2109 ) ;
#3613 = VECTOR ( 'NONE', #2475, 999.9999999999998863 ) ;
#3614 = ORIENTED_EDGE ( 'NONE', *, *, #1066, .F. ) ;
#3615 = CARTESIAN_POINT ( 'NONE',  ( 10.04065772760449349, 3.071675828777542971, 11.00000000000000000 ) ) ;
#3616 = VECTOR ( 'NONE', #417, 1000.000000000000000 ) ;
#3617 = VECTOR ( 'NONE', #2064, 1000.000000000000000 ) ;
#3618 = CARTESIAN_POINT ( 'NONE',  ( 8.224839597520867684, 6.527021801331200024, 5.000000000000000000 ) ) ;
#3619 = ORIENTED_EDGE ( 'NONE', *, *, #504, .T. ) ;
#3620 = EDGE_LOOP ( 'NONE', ( #1676, #335 ) ) ;
#3621 = DIRECTION ( 'NONE',  ( -0.000000000000000000, 0.000000000000000000, 1.000000000000000000 ) ) ;
#3622 = DIRECTION ( 'NONE',  ( -1.000000000000000000, 0.000000000000000000, 0.000000000000000000 ) ) ;
#3623 = VECTOR ( 'NONE', #2573, 1000.000000000000000 ) ;
#3624 = CARTESIAN_POINT ( 'NONE',  ( -9.877091075793407171, -5.497364536180957550, 5.000000000000000000 ) ) ;
#3625 = EDGE_LOOP ( 'NONE', ( #682, #211 ) ) ;
#3626 = LINE ( 'NONE', #469, #3975 ) ;
#3627 = VERTEX_POINT ( 'NONE', #1765 ) ;
#3628 = CARTESIAN_POINT ( 'NONE',  ( -4.426124711122669808, -4.729289467259409463, 11.00000000000000000 ) ) ;
#3629 = DIRECTION ( 'NONE',  ( -0.000000000000000000, -0.000000000000000000, -1.000000000000000000 ) ) ;
#3630 = EDGE_CURVE ( 'NONE', #1445, #2248, #3836, .T. ) ;
#3631 = ORIENTED_EDGE ( 'NONE', *, *, #1351, .T. ) ;
#3632 = ORIENTED_EDGE ( 'NONE', *, *, #44, .T. ) ;
#3633 = FACE_OUTER_BOUND ( 'NONE', #473, .T. ) ;
#3634 = CARTESIAN_POINT ( 'NONE',  ( -4.516665994855982191, -4.642896414357357671, 11.00000000000000000 ) ) ;
#3635 = ADVANCED_FACE ( 'NONE', ( #3507 ), #653, .T. ) ;
#3636 = ORIENTED_EDGE ( 'NONE', *, *, #846, .F. ) ;
#3637 = EDGE_CURVE ( 'NONE', #252, #4140, #3036, .T. ) ;
#3638 = CARTESIAN_POINT ( 'NONE',  ( -9.878383375456515125, -3.559149039799314185, 11.00000000000000000 ) ) ;
#3639 = DIRECTION ( 'NONE',  ( -0.9753091034610329446, -0.2208441819610289514, 0.000000000000000000 ) ) ;
#3640 = VERTEX_POINT ( 'NONE', #1064 ) ;
#3641 = ORIENTED_EDGE ( 'NONE', *, *, #3667, .F. ) ;
#3642 = DIRECTION ( 'NONE',  ( 0.000000000000000000, 0.000000000000000000, -1.000000000000000000 ) ) ;
#3643 = CARTESIAN_POINT ( 'NONE',  ( -2.755122180479451011, 5.862257295118626033, 5.000000000000000000 ) ) ;
#3644 = LINE ( 'NONE', #3920, #156 ) ;
#3645 = ORIENTED_EDGE ( 'NONE', *, *, #1361, .T. ) ;
#3646 = DIRECTION ( 'NONE',  ( -0.000000000000000000, -0.000000000000000000, -1.000000000000000000 ) ) ;
#3647 = ORIENTED_EDGE ( 'NONE', *, *, #1406, .F. ) ;
#3648 = CARTESIAN_POINT ( 'NONE',  ( 10.09300390059634012, -5.090109745941135522, 11.00000000000000000 ) ) ;
#3649 = LINE ( 'NONE', #3559, #4254 ) ;
#3650 = ORIENTED_EDGE ( 'NONE', *, *, #4058, .F. ) ;
#3651 = VERTEX_POINT ( 'NONE', #1422 ) ;
#3652 = DIRECTION ( 'NONE',  ( 1.000000000000000000, 0.000000000000000000, 0.000000000000000000 ) ) ;
#3653 = ADVANCED_FACE ( 'NONE', ( #967 ), #3442, .T. ) ;
#3654 = DIRECTION ( 'NONE',  ( 0.000000000000000000, 0.000000000000000000, -1.000000000000000000 ) ) ;
#3655 = ORIENTED_EDGE ( 'NONE', *, *, #207, .T. ) ;
#3656 = ADVANCED_FACE ( 'NONE', ( #4490 ), #1346, .T. ) ;
#3657 = CARTESIAN_POINT ( 'NONE',  ( 0.000000000000000000, 0.000000000000000000, 11.00000000000000000 ) ) ;
#3658 = CARTESIAN_POINT ( 'NONE',  ( 0.000000000000000000, 0.000000000000000000, 11.00000000000000000 ) ) ;
#3659 = ORIENTED_EDGE ( 'NONE', *, *, #1146, .F. ) ;
#3660 = AXIS2_PLACEMENT_3D ( 'NONE', #526, #868, #2645 ) ;
#3661 = VERTEX_POINT ( 'NONE', #428 ) ;
#3662 = LINE ( 'NONE', #3709, #650 ) ;
#3663 = LINE ( 'NONE', #502, #528 ) ;
#3664 = EDGE_CURVE ( 'NONE', #531, #1294, #113, .T. ) ;
#3665 = AXIS2_PLACEMENT_3D ( 'NONE', #1178, #813, #4260 ) ;
#3666 = DIRECTION ( 'NONE',  ( -0.5581689404309843061, 0.8297273250521235433, 0.000000000000000000 ) ) ;
#3667 = EDGE_CURVE ( 'NONE', #1892, #2698, #2233, .T. ) ;
#3668 = ORIENTED_EDGE ( 'NONE', *, *, #3295, .T. ) ;
#3669 = FACE_OUTER_BOUND ( 'NONE', #1052, .T. ) ;
#3670 = CARTESIAN_POINT ( 'NONE',  ( 10.20528756947152615, 2.470244041464316087, 5.000000000000000000 ) ) ;
#3671 = VECTOR ( 'NONE', #638, 1000.000000000000000 ) ;
#3672 = EDGE_CURVE ( 'NONE', #2199, #4450, #1783, .T. ) ;
#3673 = ORIENTED_EDGE ( 'NONE', *, *, #2623, .T. ) ;
#3674 = DIRECTION ( 'NONE',  ( 0.000000000000000000, 0.000000000000000000, -1.000000000000000000 ) ) ;
#3675 = VECTOR ( 'NONE', #143, 1000.000000000000114 ) ;
#3676 = CARTESIAN_POINT ( 'NONE',  ( 0.000000000000000000, 0.000000000000000000, 17.00000000000000000 ) ) ;
#3677 = VECTOR ( 'NONE', #1743, 999.9999999999998863 ) ;
#3678 = CARTESIAN_POINT ( 'NONE',  ( -2.523580700700867929, 10.19222941495382884, 11.00000000000000000 ) ) ;
#3679 = VERTEX_POINT ( 'NONE', #1837 ) ;
#3680 = CIRCLE ( 'NONE', #4539, 10.50000000000000000 ) ;
#3681 = DIRECTION ( 'NONE',  ( 1.000000000000000000, 0.000000000000000000, 0.000000000000000000 ) ) ;
#3682 = CARTESIAN_POINT ( 'NONE',  ( -10.97137275122148736, -2.721566629155466988, 11.00000000000000000 ) ) ;
#3683 = VECTOR ( 'NONE', #2964, 1000.000000000000000 ) ;
#3684 = VERTEX_POINT ( 'NONE', #819 ) ;
#3685 = ADVANCED_FACE ( 'NONE', ( #3240 ), #1513, .T. ) ;
#3686 = CIRCLE ( 'NONE', #1403, 10.50000000000000000 ) ;
#3687 = ORIENTED_EDGE ( 'NONE', *, *, #970, .F. ) ;
#3688 = ORIENTED_EDGE ( 'NONE', *, *, #3321, .F. ) ;
#3689 = LINE ( 'NONE', #2558, #439 ) ;
#3690 = CARTESIAN_POINT ( 'NONE',  ( 4.992174508239074271, 4.127342062735865902, 5.000000000000000000 ) ) ;
#3691 = VECTOR ( 'NONE', #525, 1000.000000000000000 ) ;
#3692 = VECTOR ( 'NONE', #2597, 999.9999999999998863 ) ;
#3693 = DIRECTION ( 'NONE',  ( -1.000000000000000000, 0.000000000000000000, 0.000000000000000000 ) ) ;
#3694 = VECTOR ( 'NONE', #1616, 1000.000000000000000 ) ;
#3695 = ORIENTED_EDGE ( 'NONE', *, *, #837, .T. ) ;
#3696 = DIRECTION ( 'NONE',  ( -0.000000000000000000, -0.000000000000000000, -1.000000000000000000 ) ) ;
#3697 = VERTEX_POINT ( 'NONE', #725 ) ;
#3698 = EDGE_CURVE ( 'NONE', #2257, #1101, #92, .T. ) ;
#3699 = CARTESIAN_POINT ( 'NONE',  ( 0.000000000000000000, 0.000000000000000000, 5.000000000000000000 ) ) ;
#3700 = EDGE_LOOP ( 'NONE', ( #1969, #2860 ) ) ;
#3701 = DIRECTION ( 'NONE',  ( -0.000000000000000000, -0.000000000000000000, -1.000000000000000000 ) ) ;
#3702 = DIRECTION ( 'NONE',  ( -1.000000000000000000, 0.000000000000000000, 0.000000000000000000 ) ) ;
#3703 = ORIENTED_EDGE ( 'NONE', *, *, #727, .T. ) ;
#3704 = CARTESIAN_POINT ( 'NONE',  ( -2.755122180479451011, 5.862257295118626033, 11.00000000000000000 ) ) ;
#3705 = DIRECTION ( 'NONE',  ( 1.000000000000000000, 0.000000000000000000, 0.000000000000000000 ) ) ;
#3706 = CARTESIAN_POINT ( 'NONE',  ( 10.40241735493286868, -1.428185272922069649, 11.00000000000000000 ) ) ;
#3707 = ORIENTED_EDGE ( 'NONE', *, *, #978, .T. ) ;
#3708 = VERTEX_POINT ( 'NONE', #40 ) ;
#3709 = CARTESIAN_POINT ( 'NONE',  ( -5.710207278664634956, -8.811556777022174103, 11.00000000000000000 ) ) ;
#3710 = CARTESIAN_POINT ( 'NONE',  ( -10.12981177686724088, -5.016458743817161725, 11.00000000000000000 ) ) ;
#3711 = EDGE_LOOP ( 'NONE', ( #1939, #1935, #421, #1725 ) ) ;
#3712 = DIRECTION ( 'NONE',  ( 0.9937375998835075164, -0.1117389036001600749, 0.000000000000000000 ) ) ;
#3713 = ORIENTED_EDGE ( 'NONE', *, *, #1914, .F. ) ;
#3714 = EDGE_CURVE ( 'NONE', #2160, #3679, #1494, .T. ) ;
#3715 = PRODUCT_RELATED_PRODUCT_CATEGORY ( 'part', '', ( #60 ) ) ;
#3716 = CARTESIAN_POINT ( 'NONE',  ( 0.000000000000000000, 0.000000000000000000, 5.000000000000000000 ) ) ;
#3717 = ORIENTED_EDGE ( 'NONE', *, *, #3465, .F. ) ;
#3718 = PLANE ( 'NONE',  #2423 ) ;
#3719 = EDGE_CURVE ( 'NONE', #1279, #3850, #3879, .T. ) ;
#3720 = CARTESIAN_POINT ( 'NONE',  ( 10.29929669993097008, -2.043156256087887090, 11.00000000000000000 ) ) ;
#3721 = ORIENTED_EDGE ( 'NONE', *, *, #3377, .T. ) ;
#3722 = CARTESIAN_POINT ( 'NONE',  ( 9.852197001079828098, -3.631007332946834421, 11.00000000000000000 ) ) ;
#3723 = LINE ( 'NONE', #2304, #1229 ) ;
#3724 = DIRECTION ( 'NONE',  ( -0.9464840057326158185, 0.3227507194296265203, 0.000000000000000000 ) ) ;
#3725 = DIRECTION ( 'NONE',  ( 1.000000000000000000, 0.000000000000000000, 0.000000000000000000 ) ) ;
#3726 = VERTEX_POINT ( 'NONE', #454 ) ;
#3727 = PLANE ( 'NONE',  #1618 ) ;
#3728 = DIRECTION ( 'NONE',  ( -0.000000000000000000, -0.000000000000000000, -1.000000000000000000 ) ) ;
#3729 = DIRECTION ( 'NONE',  ( 0.4716230422552011858, 0.8818002642401218116, 0.000000000000000000 ) ) ;
#3730 = CIRCLE ( 'NONE', #210, 10.50000000000000000 ) ;
#3731 = EDGE_CURVE ( 'NONE', #2086, #2375, #2549, .T. ) ;
#3732 = VERTEX_POINT ( 'NONE', #793 ) ;
#3733 = PLANE ( 'NONE',  #2068 ) ;
#3734 = DIRECTION ( 'NONE',  ( -0.7301211533086093830, 0.6833177163598981307, 0.000000000000000000 ) ) ;
#3735 = CIRCLE ( 'NONE', #3289, 10.50000000000000000 ) ;
#3736 = FACE_OUTER_BOUND ( 'NONE', #2556, .T. ) ;
#3737 = EDGE_CURVE ( 'NONE', #3415, #2594, #2205, .T. ) ;
#3738 = ORIENTED_EDGE ( 'NONE', *, *, #2783, .T. ) ;
#3739 = DIRECTION ( 'NONE',  ( -0.06014744209411387876, 0.9981895036562622447, 0.000000000000000000 ) ) ;
#3740 = CARTESIAN_POINT ( 'NONE',  ( 0.000000000000000000, 0.000000000000000000, 0.000000000000000000 ) ) ;
#3741 = AXIS2_PLACEMENT_3D ( 'NONE', #2192, #2840, #1078 ) ;
#3742 = FACE_OUTER_BOUND ( 'NONE', #1809, .T. ) ;
#3743 = EDGE_LOOP ( 'NONE', ( #2903, #1734, #915, #411 ) ) ;
#3744 = CARTESIAN_POINT ( 'NONE',  ( 2.500000000000000000, 3.061616997868383141E-16, 1.000000000000000000 ) ) ;
#3745 = EDGE_CURVE ( 'NONE', #1371, #2199, #476, .T. ) ;
#3746 = EDGE_CURVE ( 'NONE', #3288, #1397, #385, .T. ) ;
#3747 = AXIS2_PLACEMENT_3D ( 'NONE', #2679, #1727, #4127 ) ;
#3748 = AXIS2_PLACEMENT_3D ( 'NONE', #3367, #886, #1884 ) ;
#3749 = EDGE_LOOP ( 'NONE', ( #1132, #2190, #470, #2484 ) ) ;
#3750 = CIRCLE ( 'NONE', #78, 2.500000000000000000 ) ;
#3751 = DIRECTION ( 'NONE',  ( -0.000000000000000000, 0.000000000000000000, 1.000000000000000000 ) ) ;
#3752 = CARTESIAN_POINT ( 'NONE',  ( 0.3500000000000021427, 10.49416504539546580, 11.00000000000000000 ) ) ;
#3753 = AXIS2_PLACEMENT_3D ( 'NONE', #3276, #1526, #1946 ) ;
#3754 = AXIS2_PLACEMENT_3D ( 'NONE', #4364, #553, #3693 ) ;
#3755 = DIRECTION ( 'NONE',  ( -1.000000000000000000, 0.000000000000000000, 0.000000000000000000 ) ) ;
#3756 = ORIENTED_EDGE ( 'NONE', *, *, #4518, .F. ) ;
#3757 = CARTESIAN_POINT ( 'NONE',  ( -8.177079533846059789, 6.586757191301039427, 5.000000000000000000 ) ) ;
#3758 = LINE ( 'NONE', #2079, #1385 ) ;
#3759 = AXIS2_PLACEMENT_3D ( 'NONE', #242, #2078, #958 ) ;
#3760 = VECTOR ( 'NONE', #4215, 1000.000000000000000 ) ;
#3761 = DIRECTION ( 'NONE',  ( -0.000000000000000000, -0.000000000000000000, -1.000000000000000000 ) ) ;
#3762 = AXIS2_PLACEMENT_3D ( 'NONE', #1367, #2041, #3857 ) ;
#3763 = ORIENTED_EDGE ( 'NONE', *, *, #4403, .F. ) ;
#3764 = CARTESIAN_POINT ( 'NONE',  ( -3.092294955078917162, -10.03432667949342694, 5.000000000000000000 ) ) ;
#3765 = FILL_AREA_STYLE ('',( #3396 ) ) ;
#3766 = EDGE_CURVE ( 'NONE', #1913, #2231, #4117, .T. ) ;
#3767 = LINE ( 'NONE', #2399, #1098 ) ;
#3768 = ORIENTED_EDGE ( 'NONE', *, *, #3745, .T. ) ;
#3769 = CARTESIAN_POINT ( 'NONE',  ( -10.58417594869109912, 3.969025629839998182, 5.000000000000000000 ) ) ;
#3770 = ADVANCED_FACE ( 'NONE', ( #1089 ), #3904, .T. ) ;
#3771 = EDGE_CURVE ( 'NONE', #1062, #1956, #3557, .T. ) ;
#3772 = ADVANCED_FACE ( 'NONE', ( #3581 ), #2244, .T. ) ;
#3773 = ORIENTED_EDGE ( 'NONE', *, *, #800, .F. ) ;
#3774 = ORIENTED_EDGE ( 'NONE', *, *, #2777, .T. ) ;
#3775 = CARTESIAN_POINT ( 'NONE',  ( -4.961979117955872987, 4.163594847786154851, 5.000000000000000000 ) ) ;
#3776 = PLANE ( 'NONE',  #495 ) ;
#3777 = PLANE ( 'NONE',  #884 ) ;
#3778 = EDGE_CURVE ( 'NONE', #3476, #1758, #4049, .T. ) ;
#3779 = ORIENTED_EDGE ( 'NONE', *, *, #1433, .T. ) ;
#3780 = FACE_OUTER_BOUND ( 'NONE', #1364, .T. ) ;
#3781 = LINE ( 'NONE', #959, #3152 ) ;
#3782 = CARTESIAN_POINT ( 'NONE',  ( -3.311553363668787942, 10.80793964096542403, 5.000000000000000000 ) ) ;
#3783 = EDGE_CURVE ( 'NONE', #246, #1822, #533, .T. ) ;
#3784 = ORIENTED_EDGE ( 'NONE', *, *, #4092, .F. ) ;
#3785 = CARTESIAN_POINT ( 'NONE',  ( -10.18702394886413565, 2.544512343312286262, 11.00000000000000000 ) ) ;
#3786 = FACE_OUTER_BOUND ( 'NONE', #3182, .T. ) ;
#3787 = EDGE_CURVE ( 'NONE', #4420, #2523, #1933, .T. ) ;
#3788 = CARTESIAN_POINT ( 'NONE',  ( 0.000000000000000000, 0.000000000000000000, 11.00000000000000000 ) ) ;
#3789 = ORIENTED_EDGE ( 'NONE', *, *, #1314, .F. ) ;
#3790 = EDGE_CURVE ( 'NONE', #2987, #1124, #2263, .T. ) ;
#3791 = ORIENTED_EDGE ( 'NONE', *, *, #2913, .F. ) ;
#3792 = ORIENTED_EDGE ( 'NONE', *, *, #3829, .F. ) ;
#3793 = LINE ( 'NONE', #2009, #222 ) ;
#3794 = DIRECTION ( 'NONE',  ( 0.06014744209411388570, -0.9981895036562622447, 0.000000000000000000 ) ) ;
#3795 = LINE ( 'NONE', #2816, #3533 ) ;
#3796 = VERTEX_POINT ( 'NONE', #3340 ) ;
#3797 = DIRECTION ( 'NONE',  ( -0.000000000000000000, 0.000000000000000000, 1.000000000000000000 ) ) ;
#3798 = CARTESIAN_POINT ( 'NONE',  ( 9.145593224530003340, 5.158306366573330415, 11.00000000000000000 ) ) ;
#3799 = EDGE_CURVE ( 'NONE', #4523, #3651, #3663, .T. ) ;
#3800 = CARTESIAN_POINT ( 'NONE',  ( -2.500000000000000000, 3.061616997868383141E-16, 0.000000000000000000 ) ) ;
#3801 = VERTEX_POINT ( 'NONE', #552 ) ;
#3802 = VECTOR ( 'NONE', #2511, 1000.000000000000227 ) ;
#3803 = CARTESIAN_POINT ( 'NONE',  ( 7.416991421146181374, -7.432243151205697451, 11.00000000000000000 ) ) ;
#3804 = LINE ( 'NONE', #749, #3142 ) ;
#3805 = DIRECTION ( 'NONE',  ( -0.000000000000000000, -0.000000000000000000, -1.000000000000000000 ) ) ;
#3806 = EDGE_CURVE ( 'NONE', #2225, #1184, #3002, .T. ) ;
#3807 = EDGE_LOOP ( 'NONE', ( #4303, #1057, #1469, #4256 ) ) ;
#3808 = CARTESIAN_POINT ( 'NONE',  ( -5.790777868510789794, 9.704177044307956024, 11.00000000000000000 ) ) ;
#3809 = EDGE_LOOP ( 'NONE', ( #4392, #3426 ) ) ;
#3810 = CARTESIAN_POINT ( 'NONE',  ( 0.000000000000000000, 0.000000000000000000, 11.00000000000000000 ) ) ;
#3811 = ORIENTED_EDGE ( 'NONE', *, *, #1629, .F. ) ;
#3812 = VERTEX_POINT ( 'NONE', #4005 ) ;
#3813 = LINE ( 'NONE', #4085, #3814 ) ;
#3814 = VECTOR ( 'NONE', #4493, 1000.000000000000000 ) ;
#3815 = CARTESIAN_POINT ( 'NONE',  ( -9.401862051407428922, 4.674932081464389988, 5.000000000000000000 ) ) ;
#3816 = ADVANCED_FACE ( 'NONE', ( #2651 ), #3380, .T. ) ;
#3817 = CARTESIAN_POINT ( 'NONE',  ( 9.836787055698852811, -5.569162000158855541, 5.000000000000000000 ) ) ;
#3818 = CIRCLE ( 'NONE', #1035, 2.500000000000000000 ) ;
#3819 = ORIENTED_EDGE ( 'NONE', *, *, #3799, .T. ) ;
#3820 = DIRECTION ( 'NONE',  ( 0.6501577485948529800, 0.7597992510802257238, 0.000000000000000000 ) ) ;
#3821 = DIRECTION ( 'NONE',  ( -1.000000000000000000, 0.000000000000000000, 0.000000000000000000 ) ) ;
#3822 = AXIS2_PLACEMENT_3D ( 'NONE', #3120, #333, #352 ) ;
#3823 = CIRCLE ( 'NONE', #2725, 4.000000000000000000 ) ;
#3824 = CARTESIAN_POINT ( 'NONE',  ( 7.801262536493612565, 8.175846333341221239, 11.00000000000000000 ) ) ;
#3825 = VECTOR ( 'NONE', #3188, 1000.000000000000000 ) ;
#3826 = VECTOR ( 'NONE', #1569, 1000.000000000000000 ) ;
#3827 = VERTEX_POINT ( 'NONE', #1578 ) ;
#3828 = CARTESIAN_POINT ( 'NONE',  ( -11.27248853428774922, -0.8419900281648583507, 5.000000000000000000 ) ) ;
#3829 = EDGE_CURVE ( 'NONE', #1751, #3679, #1198, .T. ) ;
#3830 = DIRECTION ( 'NONE',  ( 0.2733224653375057045, -0.9619224656602152201, 0.000000000000000000 ) ) ;
#3831 = CARTESIAN_POINT ( 'NONE',  ( -3.827009614007169436, 10.63635004959288288, 11.00000000000000000 ) ) ;
#3832 = AXIS2_PLACEMENT_3D ( 'NONE', #4082, #3253, #4100 ) ;
#3833 = AXIS2_PLACEMENT_3D ( 'NONE', #3349, #3011, #1255 ) ;
#3834 = EDGE_LOOP ( 'NONE', ( #2648, #574, #341, #268 ) ) ;
#3835 = LINE ( 'NONE', #698, #1316 ) ;
#3836 = CIRCLE ( 'NONE', #955, 10.50000000000000000 ) ;
#3837 = EDGE_LOOP ( 'NONE', ( #845, #4145, #1166, #2822 ) ) ;
#3838 = DIRECTION ( 'NONE',  ( 0.9311875131140217032, -0.3645405538764154296, 0.000000000000000000 ) ) ;
#3839 = CARTESIAN_POINT ( 'NONE',  ( 3.390188977688465499, 10.78353205859460395, 11.00000000000000000 ) ) ;
#3840 = ORIENTED_EDGE ( 'NONE', *, *, #1523, .T. ) ;
#3841 = ORIENTED_EDGE ( 'NONE', *, *, #4453, .F. ) ;
#3842 = DIRECTION ( 'NONE',  ( 1.000000000000000000, 0.000000000000000000, 0.000000000000000000 ) ) ;
#3843 = DIRECTION ( 'NONE',  ( -0.6446062341312276400, 0.7645147499683422332, 0.000000000000000000 ) ) ;
#3844 = DIRECTION ( 'NONE',  ( -0.9267322782868311348, -0.3757223501221340634, 0.000000000000000000 ) ) ;
#3845 = VERTEX_POINT ( 'NONE', #3023 ) ;
#3846 = ORIENTED_EDGE ( 'NONE', *, *, #1361, .F. ) ;
#3847 = LINE ( 'NONE', #53, #1483 ) ;
#3848 = CYLINDRICAL_SURFACE ( 'NONE', #2410, 10.50000000000000000 ) ;
#3849 = DIRECTION ( 'NONE',  ( -0.9977249188359892385, 0.06741651380573476793, 0.000000000000000000 ) ) ;
#3850 = VERTEX_POINT ( 'NONE', #4410 ) ;
#3851 = FACE_OUTER_BOUND ( 'NONE', #2241, .T. ) ;
#3852 = EDGE_CURVE ( 'NONE', #2498, #2928, #1919, .T. ) ;
#3853 = LINE ( 'NONE', #2059, #1829 ) ;
#3854 = LINE ( 'NONE', #2060, #2058 ) ;
#3855 = EDGE_LOOP ( 'NONE', ( #241, #1043, #1828, #3285 ) ) ;
#3856 = DIRECTION ( 'NONE',  ( -1.000000000000000000, 0.000000000000000000, 0.000000000000000000 ) ) ;
#3857 = DIRECTION ( 'NONE',  ( -1.000000000000000000, 0.000000000000000000, 0.000000000000000000 ) ) ;
#3858 = ADVANCED_FACE ( 'NONE', ( #1643 ), #2982, .T. ) ;
#3859 = ADVANCED_FACE ( 'NONE', ( #572 ), #1985, .T. ) ;
#3860 = ORIENTED_EDGE ( 'NONE', *, *, #3246, .T. ) ;
#3861 = VERTEX_POINT ( 'NONE', #3106 ) ;
#3862 = PLANE ( 'NONE',  #4097 ) ;
#3863 = LINE ( 'NONE', #70, #2402 ) ;
#3864 = CARTESIAN_POINT ( 'NONE',  ( 0.000000000000000000, 0.000000000000000000, 11.00000000000000000 ) ) ;
#3865 = ORIENTED_EDGE ( 'NONE', *, *, #844, .F. ) ;
#3866 = ORIENTED_EDGE ( 'NONE', *, *, #1971, .F. ) ;
#3867 = LINE ( 'NONE', #910, #4114 ) ;
#3868 = DIRECTION ( 'NONE',  ( 0.000000000000000000, 0.000000000000000000, -1.000000000000000000 ) ) ;
#3869 = DIRECTION ( 'NONE',  ( 0.9625692770947528176, -0.2710357666310572733, 0.000000000000000000 ) ) ;
#3870 = VERTEX_POINT ( 'NONE', #2388 ) ;
#3871 = DIRECTION ( 'NONE',  ( -1.000000000000000000, 0.000000000000000000, 0.000000000000000000 ) ) ;
#3872 = DIRECTION ( 'NONE',  ( -0.000000000000000000, -0.000000000000000000, -1.000000000000000000 ) ) ;
#3873 = CARTESIAN_POINT ( 'NONE',  ( 5.861308068254630577, 9.661740431139776319, 5.000000000000000000 ) ) ;
#3874 = EDGE_CURVE ( 'NONE', #1880, #162, #4107, .T. ) ;
#3875 = VECTOR ( 'NONE', #1386, 1000.000000000000000 ) ;
#3876 = ORIENTED_EDGE ( 'NONE', *, *, #939, .T. ) ;
#3877 = DIRECTION ( 'NONE',  ( 0.9495576741272737653, -0.3135924481010377018, 0.000000000000000000 ) ) ;
#3878 = DIRECTION ( 'NONE',  ( 0.9954881903120640363, 0.09488552549894935240, 0.000000000000000000 ) ) ;
#3879 = LINE ( 'NONE', #1534, #4052 ) ;
#3880 = CARTESIAN_POINT ( 'NONE',  ( -2.641352261836299675, 5.914390674653902558, 11.00000000000000000 ) ) ;
#3881 = CARTESIAN_POINT ( 'NONE',  ( 2.500000000000000000, 3.061616997868383141E-16, 12.00000000000000000 ) ) ;
#3882 = VERTEX_POINT ( 'NONE', #4515 ) ;
#3883 = VERTEX_POINT ( 'NONE', #3077 ) ;
#3884 = DIRECTION ( 'NONE',  ( 1.000000000000000000, 0.000000000000000000, -0.000000000000000000 ) ) ;
#3885 = EDGE_CURVE ( 'NONE', #1275, #1125, #295, .T. ) ;
#3886 = CARTESIAN_POINT ( 'NONE',  ( 0.000000000000000000, 0.000000000000000000, 11.00000000000000000 ) ) ;
#3887 = AXIS2_PLACEMENT_3D ( 'NONE', #1712, #4151, #1004 ) ;
#3888 = LINE ( 'NONE', #3269, #816 ) ;
#3889 = VERTEX_POINT ( 'NONE', #954 ) ;
#3890 = VERTEX_POINT ( 'NONE', #2787 ) ;
#3891 = AXIS2_PLACEMENT_3D ( 'NONE', #930, #1303, #4106 ) ;
#3892 = LINE ( 'NONE', #2122, #3616 ) ;
#3893 = CARTESIAN_POINT ( 'NONE',  ( -7.741503911039226082, 8.232452710163125076, 11.00000000000000000 ) ) ;
#3894 = CARTESIAN_POINT ( 'NONE',  ( -5.790777868510789794, 9.704177044307956024, 5.000000000000000000 ) ) ;
#3895 = ORIENTED_EDGE ( 'NONE', *, *, #1037, .F. ) ;
#3896 = CARTESIAN_POINT ( 'NONE',  ( -9.483500609888489308, 6.151516979202971136, 11.00000000000000000 ) ) ;
#3897 = AXIS2_PLACEMENT_3D ( 'NONE', #862, #3674, #221 ) ;
#3898 = VECTOR ( 'NONE', #3179, 1000.000000000000000 ) ;
#3899 = DIRECTION ( 'NONE',  ( -0.9793936660085408308, -0.2019605084722033428, 0.000000000000000000 ) ) ;
#3900 = LINE ( 'NONE', #2105, #2417 ) ;
#3901 = VECTOR ( 'NONE', #1313, 1000.000000000000000 ) ;
#3902 = VECTOR ( 'NONE', #700, 1000.000000000000000 ) ;
#3903 = DIRECTION ( 'NONE',  ( -0.000000000000000000, -0.000000000000000000, -1.000000000000000000 ) ) ;
#3904 = PLANE ( 'NONE',  #895 ) ;
#3905 = VECTOR ( 'NONE', #76, 1000.000000000000000 ) ;
#3906 = EDGE_CURVE ( 'NONE', #1424, #4433, #2763, .T. ) ;
#3907 = CIRCLE ( 'NONE', #821, 4.000000000000000000 ) ;
#3908 = CYLINDRICAL_SURFACE ( 'NONE', #4341, 4.000000000000000000 ) ;
#3909 = VECTOR ( 'NONE', #1271, 1000.000000000000000 ) ;
#3910 = ORIENTED_EDGE ( 'NONE', *, *, #1288, .F. ) ;
#3911 = ORIENTED_EDGE ( 'NONE', *, *, #66, .F. ) ;
#3912 = PLANE ( 'NONE',  #2278 ) ;
#3913 = EDGE_CURVE ( 'NONE', #2112, #586, #931, .T. ) ;
#3914 = EDGE_CURVE ( 'NONE', #4519, #1306, #1864, .T. ) ;
#3915 = LINE ( 'NONE', #3953, #2268 ) ;
#3916 = DIRECTION ( 'NONE',  ( -0.000000000000000000, -0.000000000000000000, -1.000000000000000000 ) ) ;
#3917 = VERTEX_POINT ( 'NONE', #596 ) ;
#3918 = ORIENTED_EDGE ( 'NONE', *, *, #823, .T. ) ;
#3919 = DIRECTION ( 'NONE',  ( 0.5721472539541644364, 0.8201509128158723794, 0.000000000000000000 ) ) ;
#3920 = CARTESIAN_POINT ( 'NONE',  ( 5.762716782565939333, 2.957677147268384932, 5.000000000000000000 ) ) ;
#3921 = EDGE_CURVE ( 'NONE', #3352, #1023, #4415, .T. ) ;
#3922 = VERTEX_POINT ( 'NONE', #613 ) ;
#3923 = CARTESIAN_POINT ( 'NONE',  ( -8.814592062303846731, -7.076786823011409489, 11.00000000000000000 ) ) ;
#3924 = ORIENTED_EDGE ( 'NONE', *, *, #1615, .T. ) ;
#3925 = LINE ( 'NONE', #2180, #441 ) ;
#3926 = EDGE_CURVE ( 'NONE', #2586, #2120, #2046, .T. ) ;
#3927 = ORIENTED_EDGE ( 'NONE', *, *, #1646, .T. ) ;
#3928 = CARTESIAN_POINT ( 'NONE',  ( 0.000000000000000000, 0.000000000000000000, 11.00000000000000000 ) ) ;
#3929 = DIRECTION ( 'NONE',  ( -0.000000000000000000, -0.000000000000000000, -1.000000000000000000 ) ) ;
#3930 = CARTESIAN_POINT ( 'NONE',  ( 4.000000000000000000, 4.898587196589412829E-16, 11.00000000000000000 ) ) ;
#3931 = ORIENTED_EDGE ( 'NONE', *, *, #2937, .F. ) ;
#3932 = VERTEX_POINT ( 'NONE', #1749 ) ;
#3933 = DIRECTION ( 'NONE',  ( 0.7938837709399408915, -0.6080695340486804712, 0.000000000000000000 ) ) ;
#3934 = CARTESIAN_POINT ( 'NONE',  ( 10.61280498155865715, 3.891826741593415129, 11.00000000000000000 ) ) ;
#3935 = CARTESIAN_POINT ( 'NONE',  ( 1.532651631767926848, 11.19950552206734784, 5.000000000000000000 ) ) ;
#3936 = VERTEX_POINT ( 'NONE', #4147 ) ;
#3937 = EDGE_CURVE ( 'NONE', #3936, #3342, #3061, .T. ) ;
#3938 = ORIENTED_EDGE ( 'NONE', *, *, #518, .T. ) ;
#3939 = PLANE ( 'NONE',  #2050 ) ;
#3940 = CARTESIAN_POINT ( 'NONE',  ( -2.641352261836299675, 5.914390674653902558, 11.00000000000000000 ) ) ;
#3941 = VERTEX_POINT ( 'NONE', #3815 ) ;
#3942 = LINE ( 'NONE', #378, #3825 ) ;
#3943 = ORIENTED_EDGE ( 'NONE', *, *, #3206, .T. ) ;
#3944 = EDGE_CURVE ( 'NONE', #1062, #2987, #4472, .T. ) ;
#3945 = FACE_OUTER_BOUND ( 'NONE', #2261, .T. ) ;
#3946 = ORIENTED_EDGE ( 'NONE', *, *, #2959, .T. ) ;
#3947 = DIRECTION ( 'NONE',  ( 1.000000000000000000, 0.000000000000000000, 0.000000000000000000 ) ) ;
#3948 = ADVANCED_FACE ( 'NONE', ( #2345 ), #4086, .T. ) ;
#3949 = FACE_OUTER_BOUND ( 'NONE', #1563, .T. ) ;
#3950 = ORIENTED_EDGE ( 'NONE', *, *, #2968, .T. ) ;
#3951 = AXIS2_PLACEMENT_3D ( 'NONE', #1362, #329, #379 ) ;
#3952 = ORIENTED_EDGE ( 'NONE', *, *, #2550, .F. ) ;
#3953 = CARTESIAN_POINT ( 'NONE',  ( -0.04115633369574200895, -11.30055160538212178, 11.00000000000000000 ) ) ;
#3954 = DIRECTION ( 'NONE',  ( -0.9954881903120640363, -0.09488552549894935240, 0.000000000000000000 ) ) ;
#3955 = EDGE_LOOP ( 'NONE', ( #1762, #2154, #318, #3029 ) ) ;
#3956 = ORIENTED_EDGE ( 'NONE', *, *, #2007, .F. ) ;
#3957 = LINE ( 'NONE', #3722, #4479 ) ;
#3958 = FACE_OUTER_BOUND ( 'NONE', #801, .T. ) ;
#3959 = EDGE_CURVE ( 'NONE', #3342, #2086, #2373, .T. ) ;
#3960 = CARTESIAN_POINT ( 'NONE',  ( 3.372793040709284984, -5.530011385891059561, 5.000000000000000000 ) ) ;
#3961 = VECTOR ( 'NONE', #397, 1000.000000000000114 ) ;
#3962 = EDGE_LOOP ( 'NONE', ( #4018, #4191, #4153, #592 ) ) ;
#3963 = FACE_OUTER_BOUND ( 'NONE', #4513, .T. ) ;
#3964 = ORIENTED_EDGE ( 'NONE', *, *, #972, .T. ) ;
#3965 = AXIS2_PLACEMENT_3D ( 'NONE', #1270, #2404, #594 ) ;
#3966 = DIRECTION ( 'NONE',  ( -0.000000000000000000, -0.000000000000000000, -1.000000000000000000 ) ) ;
#3967 = VERTEX_POINT ( 'NONE', #320 ) ;
#3968 = VECTOR ( 'NONE', #564, 1000.000000000000000 ) ;
#3969 = EDGE_CURVE ( 'NONE', #2890, #1312, #1660, .T. ) ;
#3970 = CYLINDRICAL_SURFACE ( 'NONE', #3973, 10.50000000000000000 ) ;
#3971 = CARTESIAN_POINT ( 'NONE',  ( 3.647285349120042319, 10.69586228463148458, 5.000000000000000000 ) ) ;
#3972 = LINE ( 'NONE', #2551, #521 ) ;
#3973 = AXIS2_PLACEMENT_3D ( 'NONE', #3580, #63, #91 ) ;
#3974 = AXIS2_PLACEMENT_3D ( 'NONE', #1482, #2894, #4281 ) ;
#3975 = VECTOR ( 'NONE', #488, 1000.000000000000000 ) ;
#3976 = ORIENTED_EDGE ( 'NONE', *, *, #496, .T. ) ;
#3977 = CIRCLE ( 'NONE', #1028, 2.500000000000000000 ) ;
#3978 = CARTESIAN_POINT ( 'NONE',  ( 1.406813522612568867, -10.40532919770414999, 11.00000000000000000 ) ) ;
#3979 = AXIS2_PLACEMENT_3D ( 'NONE', #3111, #4090, #3820 ) ;
#3980 = LINE ( 'NONE', #3250, #1477 ) ;
#3981 = EDGE_CURVE ( 'NONE', #2498, #1062, #2027, .T. ) ;
#3982 = ORIENTED_EDGE ( 'NONE', *, *, #499, .T. ) ;
#3983 = EDGE_LOOP ( 'NONE', ( #322, #1571, #1945, #3266 ) ) ;
#3984 = LINE ( 'NONE', #2217, #435 ) ;
#3985 = CARTESIAN_POINT ( 'NONE',  ( -8.534270344115173046, -6.116880715982316197, 11.00000000000000000 ) ) ;
#3986 = VERTEX_POINT ( 'NONE', #2093 ) ;
#3987 = DIRECTION ( 'NONE',  ( 0.1486410118346872533, -0.9888912223297162685, 0.000000000000000000 ) ) ;
#3988 = ORIENTED_EDGE ( 'NONE', *, *, #584, .T. ) ;
#3989 = DIRECTION ( 'NONE',  ( 0.7301211533086093830, -0.6833177163598981307, 0.000000000000000000 ) ) ;
#3990 = CARTESIAN_POINT ( 'NONE',  ( -11.18994698359957596, 1.600947053280854737, 11.00000000000000000 ) ) ;
#3991 = ORIENTED_EDGE ( 'NONE', *, *, #2844, .F. ) ;
#3992 = EDGE_CURVE ( 'NONE', #2552, #103, #4129, .T. ) ;
#3993 = EDGE_LOOP ( 'NONE', ( #2750, #2260, #2290, #1525 ) ) ;
#3994 = DIRECTION ( 'NONE',  ( 0.1748943541949495584, 0.9845872053153704728, 0.000000000000000000 ) ) ;
#3995 = DIRECTION ( 'NONE',  ( -0.4716230422552011858, -0.8818002642401218116, 0.000000000000000000 ) ) ;
#3996 = CARTESIAN_POINT ( 'NONE',  ( -9.330245834751153211, 6.375788037005039932, 11.00000000000000000 ) ) ;
#3997 = EDGE_CURVE ( 'NONE', #2340, #3334, #631, .T. ) ;
#3998 = ORIENTED_EDGE ( 'NONE', *, *, #4432, .F. ) ;
#3999 = ADVANCED_FACE ( 'NONE', ( #2718 ), #3776, .T. ) ;
#4000 = DIRECTION ( 'NONE',  ( -0.000000000000000000, 0.000000000000000000, 1.000000000000000000 ) ) ;
#4001 = ORIENTED_EDGE ( 'NONE', *, *, #2032, .T. ) ;
#4002 = ORIENTED_EDGE ( 'NONE', *, *, #1027, .T. ) ;
#4003 = CYLINDRICAL_SURFACE ( 'NONE', #3232, 10.50000000000000000 ) ;
#4004 = EDGE_CURVE ( 'NONE', #617, #1704, #3915, .T. ) ;
#4005 = CARTESIAN_POINT ( 'NONE',  ( 10.09300390059634012, -5.090109745941135522, 11.00000000000000000 ) ) ;
#4006 = DIRECTION ( 'NONE',  ( 1.000000000000000000, 0.000000000000000000, 0.000000000000000000 ) ) ;
#4007 = ORIENTED_EDGE ( 'NONE', *, *, #855, .T. ) ;
#4008 = CARTESIAN_POINT ( 'NONE',  ( 0.000000000000000000, 0.000000000000000000, 11.00000000000000000 ) ) ;
#4009 = CARTESIAN_POINT ( 'NONE',  ( 5.629068877018092998, 9.802628654649941708, 11.00000000000000000 ) ) ;
#4010 = DIRECTION ( 'NONE',  ( 0.000000000000000000, 0.000000000000000000, 1.000000000000000000 ) ) ;
#4011 = CARTESIAN_POINT ( 'NONE',  ( -7.741503911039226082, 8.232452710163125076, 11.00000000000000000 ) ) ;
#4012 = VERTEX_POINT ( 'NONE', #2459 ) ;
#4013 = CARTESIAN_POINT ( 'NONE',  ( 4.159069340692822969, 9.641169131350670440, 11.00000000000000000 ) ) ;
#4014 = FACE_OUTER_BOUND ( 'NONE', #2076, .T. ) ;
#4015 = LINE ( 'NONE', #2531, #3457 ) ;
#4016 = EDGE_CURVE ( 'NONE', #1758, #2594, #118, .T. ) ;
#4017 = CARTESIAN_POINT ( 'NONE',  ( -3.827009614007169436, 10.63635004959288288, 5.000000000000000000 ) ) ;
#4018 = ORIENTED_EDGE ( 'NONE', *, *, #395, .F. ) ;
#4019 = CARTESIAN_POINT ( 'NONE',  ( 10.04065772760449349, 3.071675828777541639, 5.000000000000000000 ) ) ;
#4020 = ORIENTED_EDGE ( 'NONE', *, *, #3520, .T. ) ;
#4021 = AXIS2_PLACEMENT_3D ( 'NONE', #1329, #1728, #662 ) ;
#4022 = EDGE_LOOP ( 'NONE', ( #3645, #2149, #96, #4257 ) ) ;
#4023 = CARTESIAN_POINT ( 'NONE',  ( 6.629430668458031306, 8.142521047692053315, 5.000000000000000000 ) ) ;
#4024 = CARTESIAN_POINT ( 'NONE',  ( -6.217699379012231908, 1.815756937415276662, 11.00000000000000000 ) ) ;
#4025 = CARTESIAN_POINT ( 'NONE',  ( 0.000000000000000000, 0.000000000000000000, 11.00000000000000000 ) ) ;
#4026 = ORIENTED_EDGE ( 'NONE', *, *, #1267, .F. ) ;
#4027 = CARTESIAN_POINT ( 'NONE',  ( 5.762716782565939333, 2.957677147268384932, 11.00000000000000000 ) ) ;
#4028 = ORIENTED_EDGE ( 'NONE', *, *, #2576, .F. ) ;
#4029 = VECTOR ( 'NONE', #2412, 1000.000000000000000 ) ;
#4030 = CARTESIAN_POINT ( 'NONE',  ( 0.000000000000000000, 0.000000000000000000, 17.00000000000000000 ) ) ;
#4031 = ORIENTED_EDGE ( 'NONE', *, *, #1999, .F. ) ;
#4032 = CARTESIAN_POINT ( 'NONE',  ( -6.871566720908822035, -8.971384019748914085, 11.00000000000000000 ) ) ;
#4033 = CARTESIAN_POINT ( 'NONE',  ( 2.389090431751494492, -11.04519838385084718, 5.000000000000000000 ) ) ;
#4034 = AXIS2_PLACEMENT_3D ( 'NONE', #1387, #2496, #1788 ) ;
#4035 = VECTOR ( 'NONE', #3172, 1000.000000000000000 ) ;
#4036 = DIRECTION ( 'NONE',  ( 0.4144193993977555723, 0.9100860186832910870, -0.000000000000000000 ) ) ;
#4037 = ORIENTED_EDGE ( 'NONE', *, *, #3771, .F. ) ;
#4038 = LINE ( 'NONE', #1637, #4267 ) ;
#4039 = AXIS2_PLACEMENT_3D ( 'NONE', #2637, #4421, #3652 ) ;
#4040 = AXIS2_PLACEMENT_3D ( 'NONE', #463, #4344, #735 ) ;
#4041 = LINE ( 'NONE', #911, #2335 ) ;
#4042 = CARTESIAN_POINT ( 'NONE',  ( 6.465676394360115431, 0.3895992645730865789, 11.00000000000000000 ) ) ;
#4043 = AXIS2_PLACEMENT_3D ( 'NONE', #3502, #400, #348 ) ;
#4044 = ORIENTED_EDGE ( 'NONE', *, *, #395, .T. ) ;
#4045 = EDGE_CURVE ( 'NONE', #2313, #4314, #2144, .T. ) ;
#4046 = ORIENTED_EDGE ( 'NONE', *, *, #3406, .F. ) ;
#4047 = EDGE_CURVE ( 'NONE', #3870, #3640, #61, .T. ) ;
#4048 = CARTESIAN_POINT ( 'NONE',  ( -7.000000000000000000, 0.000000000000000000, 5.000000000000000000 ) ) ;
#4049 = LINE ( 'NONE', #3690, #3909 ) ;
#4050 = CIRCLE ( 'NONE', #2512, 10.50000000000000000 ) ;
#4051 = DIRECTION ( 'NONE',  ( 0.9736746339038261366, -0.2279423332605203800, 0.000000000000000000 ) ) ;
#4052 = VECTOR ( 'NONE', #4237, 999.9999999999998863 ) ;
#4053 = VERTEX_POINT ( 'NONE', #2814 ) ;
#4054 = CARTESIAN_POINT ( 'NONE',  ( 0.000000000000000000, 0.000000000000000000, 11.00000000000000000 ) ) ;
#4055 = ORIENTED_EDGE ( 'NONE', *, *, #1757, .T. ) ;
#4056 = EDGE_CURVE ( 'NONE', #3219, #394, #760, .T. ) ;
#4057 = CARTESIAN_POINT ( 'NONE',  ( 4.391559839379030272, -4.761403259617265071, 11.00000000000000000 ) ) ;
#4058 = EDGE_CURVE ( 'NONE', #3138, #2409, #3544, .T. ) ;
#4059 = DIRECTION ( 'NONE',  ( -0.5103876621438188099, -0.8599444367698223513, 0.000000000000000000 ) ) ;
#4060 = PLANE ( 'NONE',  #2664 ) ;
#4061 = EDGE_CURVE ( 'NONE', #2044, #3516, #3730, .T. ) ;
#4062 = VERTEX_POINT ( 'NONE', #3563 ) ;
#4063 = CARTESIAN_POINT ( 'NONE',  ( 9.619286666718521062, -4.209432743671203347, 5.000000000000000000 ) ) ;
#4064 = LINE ( 'NONE', #1234, #633 ) ;
#4065 = EDGE_CURVE ( 'NONE', #2029, #3219, #3863, .T. ) ;
#4066 = EDGE_CURVE ( 'NONE', #3290, #2461, #2930, .T. ) ;
#4067 = DIRECTION ( 'NONE',  ( -0.7924365037341237761, -0.6099544143209704172, 0.000000000000000000 ) ) ;
#4068 = EDGE_LOOP ( 'NONE', ( #746, #1, #132, #2916 ) ) ;
#4069 = LINE ( 'NONE', #2387, #4250 ) ;
#4070 = DIRECTION ( 'NONE',  ( -0.000000000000000000, -0.000000000000000000, -1.000000000000000000 ) ) ;
#4071 = ADVANCED_FACE ( 'NONE', ( #2188 ), #707, .T. ) ;
#4072 = CARTESIAN_POINT ( 'NONE',  ( 5.629068877018092998, 9.802628654649941708, 11.00000000000000000 ) ) ;
#4073 = ORIENTED_EDGE ( 'NONE', *, *, #3610, .F. ) ;
#4074 = FACE_OUTER_BOUND ( 'NONE', #3411, .T. ) ;
#4075 = ORIENTED_EDGE ( 'NONE', *, *, #1695, .F. ) ;
#4076 = CARTESIAN_POINT ( 'NONE',  ( -4.000000000000000000, 0.000000000000000000, 11.00000000000000000 ) ) ;
#4077 = VERTEX_POINT ( 'NONE', #99 ) ;
#4078 = DIRECTION ( 'NONE',  ( -0.2803217181886750176, -0.9599061070290931807, 0.000000000000000000 ) ) ;
#4079 = EDGE_CURVE ( 'NONE', #3612, #3550, #3514, .T. ) ;
#4080 = DIRECTION ( 'NONE',  ( 1.000000000000000000, 0.000000000000000000, 0.000000000000000000 ) ) ;
#4081 = ORIENTED_EDGE ( 'NONE', *, *, #1355, .F. ) ;
#4082 = CARTESIAN_POINT ( 'NONE',  ( 0.000000000000000000, 0.000000000000000000, 5.000000000000000000 ) ) ;
#4083 = ORIENTED_EDGE ( 'NONE', *, *, #4428, .F. ) ;
#4084 = ORIENTED_EDGE ( 'NONE', *, *, #3599, .T. ) ;
#4085 = CARTESIAN_POINT ( 'NONE',  ( 1.532651631767926848, 11.19950552206734784, 11.00000000000000000 ) ) ;
#4086 = CYLINDRICAL_SURFACE ( 'NONE', #4021, 2.500000000000000000 ) ;
#4087 = CARTESIAN_POINT ( 'NONE',  ( 11.26605656897999452, -0.9240748604526773935, 5.000000000000000000 ) ) ;
#4088 = AXIS2_PLACEMENT_3D ( 'NONE', #3286, #1958, #3336 ) ;
#4089 = EDGE_LOOP ( 'NONE', ( #287, #1675, #1099, #2172 ) ) ;
#4090 = DIRECTION ( 'NONE',  ( 0.7597992510802257238, -0.6501577485948529800, 0.000000000000000000 ) ) ;
#4091 = FACE_OUTER_BOUND ( 'NONE', #1599, .T. ) ;
#4092 = EDGE_CURVE ( 'NONE', #15, #1585, #776, .T. ) ;
#4093 = CARTESIAN_POINT ( 'NONE',  ( -7.741503911039226082, 8.232452710163125076, 5.000000000000000000 ) ) ;
#4094 = ORIENTED_EDGE ( 'NONE', *, *, #978, .F. ) ;
#4095 = DIRECTION ( 'NONE',  ( 0.9945251283238637496, 0.1044976991727672722, 0.000000000000000000 ) ) ;
#4096 = EDGE_CURVE ( 'NONE', #3495, #3697, #2905, .T. ) ;
#4097 = AXIS2_PLACEMENT_3D ( 'NONE', #1795, #3199, #3884 ) ;
#4098 = CARTESIAN_POINT ( 'NONE',  ( 6.589195711599447058, -9.184794218566759483, 5.000000000000000000 ) ) ;
#4099 = ORIENTED_EDGE ( 'NONE', *, *, #811, .F. ) ;
#4100 = DIRECTION ( 'NONE',  ( -1.000000000000000000, 0.000000000000000000, 0.000000000000000000 ) ) ;
#4101 = VECTOR ( 'NONE', #836, 1000.000000000000114 ) ;
#4102 = CARTESIAN_POINT ( 'NONE',  ( -6.002819097639133794, -2.433705344646408530, 11.00000000000000000 ) ) ;
#4103 = EDGE_CURVE ( 'NONE', #2479, #1260, #3221, .T. ) ;
#4104 = EDGE_LOOP ( 'NONE', ( #1320, #2394, #1021, #3707 ) ) ;
#4105 = VECTOR ( 'NONE', #1214, 1000.000000000000000 ) ;
#4106 = DIRECTION ( 'NONE',  ( -0.7924365037341237761, -0.6099544143209704172, 0.000000000000000000 ) ) ;
#4107 = LINE ( 'NONE', #4169, #3539 ) ;
#4108 = VECTOR ( 'NONE', #2198, 1000.000000000000227 ) ;
#4109 = CIRCLE ( 'NONE', #3974, 4.000000000000000000 ) ;
#4110 = CARTESIAN_POINT ( 'NONE',  ( 10.41356080228726100, 4.397237357733170704, 11.00000000000000000 ) ) ;
#4111 = ORIENTED_EDGE ( 'NONE', *, *, #1416, .F. ) ;
#4112 = DIRECTION ( 'NONE',  ( -0.000000000000000000, -0.000000000000000000, -1.000000000000000000 ) ) ;
#4113 = DIRECTION ( 'NONE',  ( -0.000000000000000000, 0.000000000000000000, 1.000000000000000000 ) ) ;
#4114 = VECTOR ( 'NONE', #1979, 1000.000000000000000 ) ;
#4115 = VECTOR ( 'NONE', #1369, 1000.000000000000000 ) ;
#4116 = LINE ( 'NONE', #244, #585 ) ;
#4117 = CIRCLE ( 'NONE', #95, 7.000000000000000000 ) ;
#4118 = VERTEX_POINT ( 'NONE', #3615 ) ;
#4119 = CARTESIAN_POINT ( 'NONE',  ( 11.28175021393535182, -0.6528955047153024438, 11.00000000000000000 ) ) ;
#4120 = ADVANCED_FACE ( 'NONE', ( #1427 ), #2481, .T. ) ;
#4121 = CARTESIAN_POINT ( 'NONE',  ( -1.914118084957140198, 10.32405695242137078, 5.000000000000000000 ) ) ;
#4122 = ORIENTED_EDGE ( 'NONE', *, *, #1027, .F. ) ;
#4123 = DIRECTION ( 'NONE',  ( 0.3645405538764153741, 0.9311875131140215922, 0.000000000000000000 ) ) ;
#4124 = VERTEX_POINT ( 'NONE', #1096 ) ;
#4125 = EDGE_CURVE ( 'NONE', #4062, #4053, #1122, .T. ) ;
#4126 = ORIENTED_EDGE ( 'NONE', *, *, #1954, .F. ) ;
#4127 = DIRECTION ( 'NONE',  ( -1.000000000000000000, 0.000000000000000000, 0.000000000000000000 ) ) ;
#4128 = ADVANCED_FACE ( 'NONE', ( #1142 ), #462, .T. ) ;
#4129 = LINE ( 'NONE', #3147, #1452 ) ;
#4130 = CARTESIAN_POINT ( 'NONE',  ( 8.409603233957739121, -7.553576531060332222, 11.00000000000000000 ) ) ;
#4131 = ORIENTED_EDGE ( 'NONE', *, *, #4182, .T. ) ;
#4132 = EDGE_CURVE ( 'NONE', #3640, #2890, #1192, .T. ) ;
#4133 = DIRECTION ( 'NONE',  ( 1.000000000000000000, 0.000000000000000000, 0.000000000000000000 ) ) ;
#4134 = CARTESIAN_POINT ( 'NONE',  ( -10.38125571741597142, 4.472971572992187284, 11.00000000000000000 ) ) ;
#4135 = FACE_OUTER_BOUND ( 'NONE', #2924, .T. ) ;
#4136 = ORIENTED_EDGE ( 'NONE', *, *, #3672, .F. ) ;
#4137 = CARTESIAN_POINT ( 'NONE',  ( 0.000000000000000000, 0.000000000000000000, 1.000000000000000000 ) ) ;
#4138 = CARTESIAN_POINT ( 'NONE',  ( 0.08616179912191765378, 6.476830626773633526, 11.00000000000000000 ) ) ;
#4139 = CYLINDRICAL_SURFACE ( 'NONE', #4034, 2.500000000000000000 ) ;
#4140 = VERTEX_POINT ( 'NONE', #3978 ) ;
#4141 = LINE ( 'NONE', #4192, #3084 ) ;
#4142 = VERTEX_POINT ( 'NONE', #164 ) ;
#4143 = EDGE_CURVE ( 'NONE', #2403, #1745, #2605, .T. ) ;
#4144 = ORIENTED_EDGE ( 'NONE', *, *, #1155, .T. ) ;
#4145 = ORIENTED_EDGE ( 'NONE', *, *, #1888, .T. ) ;
#4146 = LINE ( 'NONE', #2026, #580 ) ;
#4147 = CARTESIAN_POINT ( 'NONE',  ( 6.962733200663834943, -7.859411325053140551, 11.00000000000000000 ) ) ;
#4148 = DIRECTION ( 'NONE',  ( 0.3757223501221340078, -0.9267322782868310238, 0.000000000000000000 ) ) ;
#4149 = EDGE_LOOP ( 'NONE', ( #2215, #3560, #2779, #4367 ) ) ;
#4150 = DIRECTION ( 'NONE',  ( 0.000000000000000000, 0.000000000000000000, -1.000000000000000000 ) ) ;
#4151 = DIRECTION ( 'NONE',  ( 0.6003720962031224850, 0.7997207925899318948, -0.000000000000000000 ) ) ;
#4152 = CARTESIAN_POINT ( 'NONE',  ( 0.000000000000000000, 0.000000000000000000, 5.000000000000000000 ) ) ;
#4153 = ORIENTED_EDGE ( 'NONE', *, *, #4238, .F. ) ;
#4154 = VECTOR ( 'NONE', #2674, 999.9999999999998863 ) ;
#4155 = DIRECTION ( 'NONE',  ( 1.000000000000000000, 0.000000000000000000, 0.000000000000000000 ) ) ;
#4156 = CARTESIAN_POINT ( 'NONE',  ( 0.000000000000000000, 0.000000000000000000, 11.00000000000000000 ) ) ;
#4157 = PLANE ( 'NONE',  #1411 ) ;
#4158 = VECTOR ( 'NONE', #490, 1000.000000000000000 ) ;
#4159 = VERTEX_POINT ( 'NONE', #2996 ) ;
#4160 = FACE_OUTER_BOUND ( 'NONE', #1961, .T. ) ;
#4161 = VERTEX_POINT ( 'NONE', #4019 ) ;
#4162 = CARTESIAN_POINT ( 'NONE',  ( 0.000000000000000000, 0.000000000000000000, 11.00000000000000000 ) ) ;
#4163 = DIRECTION ( 'NONE',  ( 0.1581869493028067453, -0.9874091801630523468, 0.000000000000000000 ) ) ;
#4164 = VECTOR ( 'NONE', #4498, 1000.000000000000000 ) ;
#4165 = ORIENTED_EDGE ( 'NONE', *, *, #645, .F. ) ;
#4166 = ORIENTED_EDGE ( 'NONE', *, *, #4047, .T. ) ;
#4167 = FACE_BOUND ( 'NONE', #3243, .T. ) ;
#4168 = VECTOR ( 'NONE', #3292, 1000.000000000000000 ) ;
#4169 = CARTESIAN_POINT ( 'NONE',  ( -4.655608830362115924, 9.411445501019187532, 11.00000000000000000 ) ) ;
#4170 = CYLINDRICAL_SURFACE ( 'NONE', #2139, 10.50000000000000000 ) ;
#4171 = VECTOR ( 'NONE', #1510, 1000.000000000000000 ) ;
#4172 = ORIENTED_EDGE ( 'NONE', *, *, #4373, .T. ) ;
#4173 = EDGE_CURVE ( 'NONE', #4535, #946, #3218, .T. ) ;
#4174 = VECTOR ( 'NONE', #2489, 1000.000000000000000 ) ;
#4175 = ORIENTED_EDGE ( 'NONE', *, *, #176, .T. ) ;
#4176 = CARTESIAN_POINT ( 'NONE',  ( 0.3500000000000020872, 10.49416504539546580, 5.000000000000000000 ) ) ;
#4177 = FACE_OUTER_BOUND ( 'NONE', #51, .T. ) ;
#4178 = AXIS2_PLACEMENT_3D ( 'NONE', #4355, #281, #4155 ) ;
#4179 = AXIS2_PLACEMENT_3D ( 'NONE', #2590, #3296, #4006 ) ;
#4180 = CARTESIAN_POINT ( 'NONE',  ( 0.000000000000000000, 0.000000000000000000, 1.000000000000000000 ) ) ;
#4181 = AXIS2_PLACEMENT_3D ( 'NONE', #1203, #1581, #508 ) ;
#4182 = EDGE_CURVE ( 'NONE', #2340, #1302, #4232, .T. ) ;
#4183 = STYLED_ITEM ( 'NONE', ( #1908 ), #1815 ) ;
#4184 = ORIENTED_EDGE ( 'NONE', *, *, #3424, .F. ) ;
#4185 = CARTESIAN_POINT ( 'NONE',  ( -1.180889473718712779, 11.23875707009312386, 11.00000000000000000 ) ) ;
#4186 = EDGE_CURVE ( 'NONE', #3917, #2208, #1163, .T. ) ;
#4187 = FACE_OUTER_BOUND ( 'NONE', #1343, .T. ) ;
#4188 = DIRECTION ( 'NONE',  ( -0.4231916625376465624, -0.9060401849579425848, 0.000000000000000000 ) ) ;
#4189 = VECTOR ( 'NONE', #2673, 1000.000000000000114 ) ;
#4190 = VECTOR ( 'NONE', #330, 1000.000000000000000 ) ;
#4191 = ORIENTED_EDGE ( 'NONE', *, *, #2106, .F. ) ;
#4192 = CARTESIAN_POINT ( 'NONE',  ( -5.790777868510789794, 9.704177044307956024, 11.00000000000000000 ) ) ;
#4193 = VECTOR ( 'NONE', #1595, 1000.000000000000114 ) ;
#4194 = EDGE_CURVE ( 'NONE', #1621, #1371, #345, .T. ) ;
#4195 = CARTESIAN_POINT ( 'NONE',  ( 6.093547259491241874, 9.520852207629564745, 11.00000000000000000 ) ) ;
#4196 = ORIENTED_EDGE ( 'NONE', *, *, #800, .T. ) ;
#4197 = ORIENTED_EDGE ( 'NONE', *, *, #2280, .T. ) ;
#4198 = PLANE ( 'NONE',  #3600 ) ;
#4199 = ADVANCED_FACE ( 'NONE', ( #1609 ), #1937, .T. ) ;
#4200 = CARTESIAN_POINT ( 'NONE',  ( 3.988203702310366250, 5.104017050561130198, 11.00000000000000000 ) ) ;
#4201 = CYLINDRICAL_SURFACE ( 'NONE', #2955, 2.500000000000000000 ) ;
#4202 = ORIENTED_EDGE ( 'NONE', *, *, #844, .T. ) ;
#4203 = ORIENTED_EDGE ( 'NONE', *, *, #1377, .F. ) ;
#4204 = FACE_BOUND ( 'NONE', #383, .T. ) ;
#4205 = FACE_OUTER_BOUND ( 'NONE', #4534, .T. ) ;
#4206 = EDGE_CURVE ( 'NONE', #3932, #4012, #4064, .T. ) ;
#4207 = CARTESIAN_POINT ( 'NONE',  ( -8.464399300897200717, -7.492121824833658295, 11.00000000000000000 ) ) ;
#4208 = VERTEX_POINT ( 'NONE', #187 ) ;
#4209 = PLANE ( 'NONE',  #4406 ) ;
#4210 = CARTESIAN_POINT ( 'NONE',  ( -9.401862051407428922, 4.674932081464388212, 11.00000000000000000 ) ) ;
#4211 = CARTESIAN_POINT ( 'NONE',  ( 0.000000000000000000, 0.000000000000000000, 11.00000000000000000 ) ) ;
#4212 = EDGE_LOOP ( 'NONE', ( #1705, #4111, #3315, #3655 ) ) ;
#4213 = DIRECTION ( 'NONE',  ( 0.8599444367698223513, -0.5103876621438188099, 0.000000000000000000 ) ) ;
#4214 = DIRECTION ( 'NONE',  ( 0.6446062341312276400, -0.7645147499683422332, 0.000000000000000000 ) ) ;
#4215 = DIRECTION ( 'NONE',  ( -0.000000000000000000, -0.000000000000000000, -1.000000000000000000 ) ) ;
#4216 = DIRECTION ( 'NONE',  ( -0.000000000000000000, -0.000000000000000000, -1.000000000000000000 ) ) ;
#4217 = ORIENTED_EDGE ( 'NONE', *, *, #1314, .T. ) ;
#4218 = ORIENTED_EDGE ( 'NONE', *, *, #1212, .F. ) ;
#4219 = LINE ( 'NONE', #4273, #285 ) ;
#4220 = DIRECTION ( 'NONE',  ( -0.000000000000000000, -0.000000000000000000, -1.000000000000000000 ) ) ;
#4221 = FACE_OUTER_BOUND ( 'NONE', #2507, .T. ) ;
#4222 = ORIENTED_EDGE ( 'NONE', *, *, #2759, .T. ) ;
#4223 = ORIENTED_EDGE ( 'NONE', *, *, #642, .F. ) ;
#4224 = PRESENTATION_STYLE_ASSIGNMENT (( #2839 ) ) ;
#4225 = DIRECTION ( 'NONE',  ( -0.000000000000000000, -0.000000000000000000, -1.000000000000000000 ) ) ;
#4226 = CARTESIAN_POINT ( 'NONE',  ( 7.997785301068243591, 7.988327437029275835, 11.00000000000000000 ) ) ;
#4227 = EDGE_CURVE ( 'NONE', #3726, #1306, #4041, .T. ) ;
#4228 = ORIENTED_EDGE ( 'NONE', *, *, #388, .F. ) ;
#4229 = DIRECTION ( 'NONE',  ( -0.8863150851539804975, 0.4630826814171441486, 0.000000000000000000 ) ) ;
#4230 = CARTESIAN_POINT ( 'NONE',  ( 6.398264798712729906, -1.009438650486008227, 5.000000000000000000 ) ) ;
#4231 = LINE ( 'NONE', #3191, #303 ) ;
#4232 = CIRCLE ( 'NONE', #3660, 10.50000000000000000 ) ;
#4233 = VERTEX_POINT ( 'NONE', #1590 ) ;
#4234 = ADVANCED_FACE ( 'NONE', ( #138 ), #2580, .T. ) ;
#4235 = EDGE_CURVE ( 'NONE', #2375, #2477, #3723, .T. ) ;
#4236 = DIRECTION ( 'NONE',  ( 1.000000000000000000, 0.000000000000000000, 0.000000000000000000 ) ) ;
#4237 = DIRECTION ( 'NONE',  ( 0.8549738714150826313, -0.5186710703302295222, 0.000000000000000000 ) ) ;
#4238 = EDGE_CURVE ( 'NONE', #3344, #10, #1001, .T. ) ;
#4239 = EDGE_CURVE ( 'NONE', #2191, #3415, #3354, .T. ) ;
#4240 = CARTESIAN_POINT ( 'NONE',  ( -4.516665994855982191, -4.642896414357357671, 5.000000000000000000 ) ) ;
#4241 = ORIENTED_EDGE ( 'NONE', *, *, #1645, .F. ) ;
#4242 = ORIENTED_EDGE ( 'NONE', *, *, #1742, .T. ) ;
#4243 = CARTESIAN_POINT ( 'NONE',  ( 0.000000000000000000, 0.000000000000000000, 11.00000000000000000 ) ) ;
#4244 = EDGE_CURVE ( 'NONE', #578, #2861, #2950, .T. ) ;
#4245 = DIRECTION ( 'NONE',  ( -0.000000000000000000, -0.000000000000000000, -1.000000000000000000 ) ) ;
#4246 = VECTOR ( 'NONE', #3, 1000.000000000000000 ) ;
#4247 = CARTESIAN_POINT ( 'NONE',  ( 0.000000000000000000, 0.000000000000000000, 1.000000000000000000 ) ) ;
#4248 = ORIENTED_EDGE ( 'NONE', *, *, #1433, .F. ) ;
#4249 = ORIENTED_EDGE ( 'NONE', *, *, #544, .T. ) ;
#4250 = VECTOR ( 'NONE', #3421, 1000.000000000000114 ) ;
#4251 = CARTESIAN_POINT ( 'NONE',  ( -5.681998954616807040, 3.109927121859024091, 11.00000000000000000 ) ) ;
#4252 = CARTESIAN_POINT ( 'NONE',  ( 0.000000000000000000, 0.000000000000000000, 5.000000000000000000 ) ) ;
#4253 = EDGE_CURVE ( 'NONE', #3495, #3708, #1079, .T. ) ;
#4254 = VECTOR ( 'NONE', #3327, 1000.000000000000000 ) ;
#4255 = CARTESIAN_POINT ( 'NONE',  ( 4.000000000000000000, 4.898587196589412829E-16, 12.00000000000000000 ) ) ;
#4256 = ORIENTED_EDGE ( 'NONE', *, *, #31, .T. ) ;
#4257 = ORIENTED_EDGE ( 'NONE', *, *, #1228, .T. ) ;
#4258 = VECTOR ( 'NONE', #4431, 1000.000000000000000 ) ;
#4259 = EDGE_CURVE ( 'NONE', #327, #1913, #2258, .T. ) ;
#4260 = DIRECTION ( 'NONE',  ( -1.000000000000000000, 0.000000000000000000, 0.000000000000000000 ) ) ;
#4261 = DIRECTION ( 'NONE',  ( 0.7707060933162913630, 0.6371908016639442618, -0.000000000000000000 ) ) ;
#4262 = CIRCLE ( 'NONE', #2291, 10.50000000000000000 ) ;
#4263 = AXIS2_PLACEMENT_3D ( 'NONE', #1912, #1982, #1938 ) ;
#4264 = ORIENTED_EDGE ( 'NONE', *, *, #2913, .T. ) ;
#4265 = CARTESIAN_POINT ( 'NONE',  ( 0.000000000000000000, 0.000000000000000000, 11.00000000000000000 ) ) ;
#4266 = DIRECTION ( 'NONE',  ( -0.6972957371511999680, -0.7167835481864553993, 0.000000000000000000 ) ) ;
#4267 = VECTOR ( 'NONE', #1589, 1000.000000000000000 ) ;
#4268 = VECTOR ( 'NONE', #161, 1000.000000000000114 ) ;
#4269 = EDGE_CURVE ( 'NONE', #2097, #356, #136, .T. ) ;
#4270 = AXIS2_PLACEMENT_3D ( 'NONE', #145, #3728, #1548 ) ;
#4271 = EDGE_LOOP ( 'NONE', ( #1196, #3006, #389, #3526 ) ) ;
#4272 = ORIENTED_EDGE ( 'NONE', *, *, #2300, .T. ) ;
#4273 = CARTESIAN_POINT ( 'NONE',  ( 6.230760147890386236, 1.770419951029237549, 5.000000000000000000 ) ) ;
#4274 = DIRECTION ( 'NONE',  ( -0.000000000000000000, -0.000000000000000000, -1.000000000000000000 ) ) ;
#4275 = LINE ( 'NONE', #3201, #2062 ) ;
#4276 = VERTEX_POINT ( 'NONE', #3638 ) ;
#4277 = EDGE_CURVE ( 'NONE', #103, #2166, #1889, .T. ) ;
#4278 = ORIENTED_EDGE ( 'NONE', *, *, #2662, .T. ) ;
#4279 = DIRECTION ( 'NONE',  ( -1.000000000000000000, 0.000000000000000000, 0.000000000000000000 ) ) ;
#4280 = CARTESIAN_POINT ( 'NONE',  ( -4.088734135651274748, 9.671207430717222664, 5.000000000000000000 ) ) ;
#4281 = DIRECTION ( 'NONE',  ( 1.000000000000000000, 0.000000000000000000, 0.000000000000000000 ) ) ;
#4282 = EDGE_CURVE ( 'NONE', #4161, #2409, #3161, .T. ) ;
#4283 = EDGE_LOOP ( 'NONE', ( #4416, #2240, #4203, #1273 ) ) ;
#4284 = CARTESIAN_POINT ( 'NONE',  ( 6.263800824939760759, 1.649714535616611633, 5.000000000000000000 ) ) ;
#4285 = ORIENTED_EDGE ( 'NONE', *, *, #4381, .F. ) ;
#4286 =( LENGTH_UNIT ( ) NAMED_UNIT ( * ) SI_UNIT ( .MILLI., .METRE. ) );
#4287 = CARTESIAN_POINT ( 'NONE',  ( 6.962733200663834943, -7.859411325053140551, 11.00000000000000000 ) ) ;
#4288 = ORIENTED_EDGE ( 'NONE', *, *, #1943, .F. ) ;
#4289 = ADVANCED_FACE ( 'NONE', ( #4187 ), #2084, .T. ) ;
#4290 = CARTESIAN_POINT ( 'NONE',  ( 0.6146118549011230225, -6.448178897282227595, 11.00000000000000000 ) ) ;
#4291 = DIRECTION ( 'NONE',  ( -0.9464840057326158185, 0.3227507194296265203, 0.000000000000000000 ) ) ;
#4292 = EDGE_CURVE ( 'NONE', #849, #2288, #3804, .T. ) ;
#4293 = ORIENTED_EDGE ( 'NONE', *, *, #25, .F. ) ;
#4294 = ORIENTED_EDGE ( 'NONE', *, *, #1535, .T. ) ;
#4295 = DIRECTION ( 'NONE',  ( -1.000000000000000000, 0.000000000000000000, 0.000000000000000000 ) ) ;
#4296 = DIRECTION ( 'NONE',  ( -0.3645405538764153741, -0.9311875131140215922, 0.000000000000000000 ) ) ;
#4297 = DIRECTION ( 'NONE',  ( 0.5207013784632933406, -0.8537388795565223898, 0.000000000000000000 ) ) ;
#4298 = ORIENTED_EDGE ( 'NONE', *, *, #419, .T. ) ;
#4299 = ORIENTED_EDGE ( 'NONE', *, *, #3480, .F. ) ;
#4300 = CARTESIAN_POINT ( 'NONE',  ( 3.265326656026316776, -5.594139849251596353, 5.000000000000000000 ) ) ;
#4301 = CARTESIAN_POINT ( 'NONE',  ( 5.110407255347202415, -9.172444477046164835, 11.00000000000000000 ) ) ;
#4302 = LINE ( 'NONE', #2521, #3382 ) ;
#4303 = ORIENTED_EDGE ( 'NONE', *, *, #2629, .F. ) ;
#4304 = LINE ( 'NONE', #1456, #2506 ) ;
#4305 = ORIENTED_EDGE ( 'NONE', *, *, #4186, .F. ) ;
#4306 = CARTESIAN_POINT ( 'NONE',  ( -9.401862051407428922, 4.674932081464388212, 11.00000000000000000 ) ) ;
#4307 = ORIENTED_EDGE ( 'NONE', *, *, #970, .T. ) ;
#4308 = DIRECTION ( 'NONE',  ( 0.9758311669186481296, -0.2185258192301071933, 0.000000000000000000 ) ) ;
#4309 = DIRECTION ( 'NONE',  ( -0.000000000000000000, -0.000000000000000000, -1.000000000000000000 ) ) ;
#4310 = CARTESIAN_POINT ( 'NONE',  ( -5.028441429125909856, -10.12386891247748721, 5.000000000000000000 ) ) ;
#4311 = VECTOR ( 'NONE', #1820, 1000.000000000000000 ) ;
#4312 = ORIENTED_EDGE ( 'NONE', *, *, #2595, .F. ) ;
#4313 = AXIS2_PLACEMENT_3D ( 'NONE', #2845, #2495, #3899 ) ;
#4314 = VERTEX_POINT ( 'NONE', #2774 ) ;
#4315 = DIRECTION ( 'NONE',  ( -0.000000000000000000, -0.000000000000000000, -1.000000000000000000 ) ) ;
#4316 = CARTESIAN_POINT ( 'NONE',  ( -8.882320425793317042, -5.599498535898982610, 11.00000000000000000 ) ) ;
#4317 = ORIENTED_EDGE ( 'NONE', *, *, #2624, .F. ) ;
#4318 = ORIENTED_EDGE ( 'NONE', *, *, #1744, .F. ) ;
#4319 = LINE ( 'NONE', #212, #4168 ) ;
#4320 = EDGE_CURVE ( 'NONE', #739, #3288, #695, .T. ) ;
#4321 = FACE_OUTER_BOUND ( 'NONE', #4283, .T. ) ;
#4322 = AXIS2_PLACEMENT_3D ( 'NONE', #3205, #3593, #3919 ) ;
#4323 = EDGE_LOOP ( 'NONE', ( #1812, #3309 ) ) ;
#4324 = DIRECTION ( 'NONE',  ( -0.000000000000000000, -0.000000000000000000, -1.000000000000000000 ) ) ;
#4325 = LINE ( 'NONE', #1175, #1307 ) ;
#4326 = AXIS2_PLACEMENT_3D ( 'NONE', #1876, #900, #532 ) ;
#4327 = CARTESIAN_POINT ( 'NONE',  ( -9.649692386282916701, -4.139255591300632808, 5.000000000000000000 ) ) ;
#4328 = DIRECTION ( 'NONE',  ( -0.6371908016639442618, 0.7707060933162913630, 0.000000000000000000 ) ) ;
#4329 = DIRECTION ( 'NONE',  ( 0.01330190350612960384, 0.9999115257677119173, -0.000000000000000000 ) ) ;
#4330 = VERTEX_POINT ( 'NONE', #1736 ) ;
#4331 = VECTOR ( 'NONE', #1249, 999.9999999999998863 ) ;
#4332 = ORIENTED_EDGE ( 'NONE', *, *, #2083, .T. ) ;
#4333 = EDGE_CURVE ( 'NONE', #173, #3986, #647, .T. ) ;
#4334 = DIRECTION ( 'NONE',  ( -0.000000000000000000, -0.000000000000000000, -1.000000000000000000 ) ) ;
#4335 = CARTESIAN_POINT ( 'NONE',  ( -2.500000000000000000, 0.000000000000000000, 17.00000000000000000 ) ) ;
#4336 = AXIS2_PLACEMENT_3D ( 'NONE', #1924, #2564, #3987 ) ;
#4337 = VECTOR ( 'NONE', #106, 1000.000000000000227 ) ;
#4338 = EDGE_CURVE ( 'NONE', #3684, #2999, #3735, .T. ) ;
#4339 = LINE ( 'NONE', #3678, #2295 ) ;
#4340 = EDGE_LOOP ( 'NONE', ( #4383, #2528, #1780, #1145 ) ) ;
#4341 = AXIS2_PLACEMENT_3D ( 'NONE', #2850, #754, #1394 ) ;
#4342 = DIRECTION ( 'NONE',  ( -0.000000000000000000, -0.000000000000000000, -1.000000000000000000 ) ) ;
#4343 = AXIS2_PLACEMENT_3D ( 'NONE', #3282, #1138, #134 ) ;
#4344 = DIRECTION ( 'NONE',  ( -0.000000000000000000, -0.000000000000000000, -1.000000000000000000 ) ) ;
#4345 = ORIENTED_EDGE ( 'NONE', *, *, #1332, .F. ) ;
#4346 = ORIENTED_EDGE ( 'NONE', *, *, #4333, .T. ) ;
#4347 = DIRECTION ( 'NONE',  ( 0.9518166464392330273, 0.3066676891378875003, 0.000000000000000000 ) ) ;
#4348 = DIRECTION ( 'NONE',  ( 0.9457143435305384038, 0.3249990468302988433, 0.000000000000000000 ) ) ;
#4349 = DIRECTION ( 'NONE',  ( 0.8297273250521235433, 0.5581689404309843061, -0.000000000000000000 ) ) ;
#4350 = ORIENTED_EDGE ( 'NONE', *, *, #2815, .T. ) ;
#4351 = PLANE ( 'NONE',  #1699 ) ;
#4352 = CARTESIAN_POINT ( 'NONE',  ( 10.95125821099185970, -2.801408317143578852, 5.000000000000000000 ) ) ;
#4353 = EDGE_CURVE ( 'NONE', #2987, #3889, #2396, .T. ) ;
#4354 = ORIENTED_EDGE ( 'NONE', *, *, #1046, .F. ) ;
#4355 = CARTESIAN_POINT ( 'NONE',  ( 0.000000000000000000, 0.000000000000000000, 11.00000000000000000 ) ) ;
#4356 = LINE ( 'NONE', #2619, #2430 ) ;
#4357 = CARTESIAN_POINT ( 'NONE',  ( 1.989266238428814004, 10.30984092179153322, 11.00000000000000000 ) ) ;
#4358 = ORIENTED_EDGE ( 'NONE', *, *, #4282, .T. ) ;
#4359 = CARTESIAN_POINT ( 'NONE',  ( -3.092294955078914942, -10.03432667949342694, 11.00000000000000000 ) ) ;
#4360 = LINE ( 'NONE', #1215, #1257 ) ;
#4361 = EDGE_LOOP ( 'NONE', ( #21, #293, #3258, #2196 ) ) ;
#4362 = ORIENTED_EDGE ( 'NONE', *, *, #2355, .F. ) ;
#4363 = DIRECTION ( 'NONE',  ( 0.000000000000000000, 0.000000000000000000, -1.000000000000000000 ) ) ;
#4364 = CARTESIAN_POINT ( 'NONE',  ( 0.000000000000000000, 0.000000000000000000, 11.00000000000000000 ) ) ;
#4365 = ORIENTED_EDGE ( 'NONE', *, *, #360, .F. ) ;
#4366 = LINE ( 'NONE', #1174, #888 ) ;
#4367 = ORIENTED_EDGE ( 'NONE', *, *, #1317, .T. ) ;
#4368 = CYLINDRICAL_SURFACE ( 'NONE', #510, 10.50000000000000000 ) ;
#4369 = EDGE_CURVE ( 'NONE', #3055, #1789, #2469, .T. ) ;
#4370 = ORIENTED_EDGE ( 'NONE', *, *, #3096, .T. ) ;
#4371 = CARTESIAN_POINT ( 'NONE',  ( 0.000000000000000000, 0.000000000000000000, 11.00000000000000000 ) ) ;
#4372 = DIRECTION ( 'NONE',  ( 0.000000000000000000, 0.000000000000000000, 1.000000000000000000 ) ) ;
#4373 = EDGE_CURVE ( 'NONE', #2694, #2832, #3853, .T. ) ;
#4374 = EDGE_CURVE ( 'NONE', #2166, #3941, #986, .T. ) ;
#4375 = DIRECTION ( 'NONE',  ( -0.9433220101527806101, 0.3318788712185775092, 0.000000000000000000 ) ) ;
#4376 = ORIENTED_EDGE ( 'NONE', *, *, #1645, .T. ) ;
#4377 = CARTESIAN_POINT ( 'NONE',  ( -0.7859252848286594206, -6.429547438988828745, 5.000000000000000000 ) ) ;
#4378 = EDGE_CURVE ( 'NONE', #3801, #1429, #3530, .T. ) ;
#4379 = CARTESIAN_POINT ( 'NONE',  ( 0.000000000000000000, 0.000000000000000000, 11.00000000000000000 ) ) ;
#4380 = PLANE ( 'NONE',  #4263 ) ;
#4381 = EDGE_CURVE ( 'NONE', #3344, #279, #2752, .T. ) ;
#4382 = VECTOR ( 'NONE', #4274, 1000.000000000000000 ) ;
#4383 = ORIENTED_EDGE ( 'NONE', *, *, #3731, .T. ) ;
#4384 = EDGE_CURVE ( 'NONE', #2439, #4438, #2447, .T. ) ;
#4385 = LINE ( 'NONE', #1149, #2413 ) ;
#4386 = CARTESIAN_POINT ( 'NONE',  ( 0.000000000000000000, 0.000000000000000000, 11.00000000000000000 ) ) ;
#4387 = ORIENTED_EDGE ( 'NONE', *, *, #2796, .T. ) ;
#4388 = DIRECTION ( 'NONE',  ( 1.000000000000000000, 0.000000000000000000, 0.000000000000000000 ) ) ;
#4389 = ORIENTED_EDGE ( 'NONE', *, *, #616, .T. ) ;
#4390 = AXIS2_PLACEMENT_3D ( 'NONE', #1594, #1239, #1941 ) ;
#4391 = LINE ( 'NONE', #4093, #1019 ) ;
#4392 = ORIENTED_EDGE ( 'NONE', *, *, #3092, .F. ) ;
#4393 = DIRECTION ( 'NONE',  ( -0.000000000000000000, 0.000000000000000000, 1.000000000000000000 ) ) ;
#4394 = VECTOR ( 'NONE', #3060, 1000.000000000000000 ) ;
#4395 = EDGE_CURVE ( 'NONE', #3941, #3612, #3503, .T. ) ;
#4396 = DIRECTION ( 'NONE',  ( 0.3824625663372169804, 0.9239709872884266373, 0.000000000000000000 ) ) ;
#4397 = VECTOR ( 'NONE', #4396, 1000.000000000000114 ) ;
#4398 = AXIS2_PLACEMENT_3D ( 'NONE', #1471, #3492, #337 ) ;
#4399 = LINE ( 'NONE', #4424, #4268 ) ;
#4400 = ORIENTED_EDGE ( 'NONE', *, *, #176, .F. ) ;
#4401 = DIRECTION ( 'NONE',  ( -0.000000000000000000, 0.000000000000000000, 1.000000000000000000 ) ) ;
#4402 = AXIS2_PLACEMENT_3D ( 'NONE', #4290, #1764, #3878 ) ;
#4403 = EDGE_CURVE ( 'NONE', #2947, #3129, #12, .T. ) ;
#4404 = AXIS2_PLACEMENT_3D ( 'NONE', #4025, #3063, #1617 ) ;
#4405 = DIRECTION ( 'NONE',  ( 0.9495576741272737653, -0.3135924481010377018, 0.000000000000000000 ) ) ;
#4406 = AXIS2_PLACEMENT_3D ( 'NONE', #1110, #2103, #1415 ) ;
#4407 = VECTOR ( 'NONE', #114, 1000.000000000000114 ) ;
#4408 = ORIENTED_EDGE ( 'NONE', *, *, #1120, .T. ) ;
#4409 = DIRECTION ( 'NONE',  ( -1.000000000000000000, 0.000000000000000000, 0.000000000000000000 ) ) ;
#4410 = CARTESIAN_POINT ( 'NONE',  ( 6.093547259491241874, 9.520852207629564745, 11.00000000000000000 ) ) ;
#4411 = AXIS2_PLACEMENT_3D ( 'NONE', #2452, #2022, #4214 ) ;
#4412 = AXIS2_PLACEMENT_3D ( 'NONE', #2641, #4036, #1654 ) ;
#4413 = CARTESIAN_POINT ( 'NONE',  ( 1.406813522612569312, -10.40532919770415354, 5.000000000000000000 ) ) ;
#4414 = ADVANCED_FACE ( 'NONE', ( #2127 ), #4427, .T. ) ;
#4415 = CIRCLE ( 'NONE', #381, 2.500000000000000000 ) ;
#4416 = ORIENTED_EDGE ( 'NONE', *, *, #1237, .T. ) ;
#4417 = DIRECTION ( 'NONE',  ( -1.000000000000000000, 0.000000000000000000, 0.000000000000000000 ) ) ;
#4418 = VERTEX_POINT ( 'NONE', #2157 ) ;
#4419 = DIRECTION ( 'NONE',  ( 0.8310514231861259038, -0.5561955879187776564, 0.000000000000000000 ) ) ;
#4420 = VERTEX_POINT ( 'NONE', #230 ) ;
#4421 = DIRECTION ( 'NONE',  ( 0.000000000000000000, 0.000000000000000000, 1.000000000000000000 ) ) ;
#4422 = DIRECTION ( 'NONE',  ( 1.000000000000000000, 0.000000000000000000, 0.000000000000000000 ) ) ;
#4423 = APPLICATION_CONTEXT ( 'automotive_design' ) ;
#4424 = CARTESIAN_POINT ( 'NONE',  ( 10.87763592925548117, -3.062873980476187530, 5.000000000000000000 ) ) ;
#4425 = ORIENTED_EDGE ( 'NONE', *, *, #1523, .F. ) ;
#4426 = CARTESIAN_POINT ( 'NONE',  ( 0.000000000000000000, 0.000000000000000000, 11.00000000000000000 ) ) ;
#4427 = PLANE ( 'NONE',  #4313 ) ;
#4428 = EDGE_CURVE ( 'NONE', #3550, #2248, #1639, .T. ) ;
#4429 = ORIENTED_EDGE ( 'NONE', *, *, #3369, .T. ) ;
#4430 = CARTESIAN_POINT ( 'NONE',  ( -11.10010439580882569, 2.136732871774928100, 5.000000000000000000 ) ) ;
#4431 = DIRECTION ( 'NONE',  ( -0.000000000000000000, -0.000000000000000000, -1.000000000000000000 ) ) ;
#4432 = EDGE_CURVE ( 'NONE', #3882, #3890, #310, .T. ) ;
#4433 = VERTEX_POINT ( 'NONE', #4502 ) ;
#4434 = PLANE ( 'NONE',  #3456 ) ;
#4435 = CYLINDRICAL_SURFACE ( 'NONE', #1464, 10.50000000000000000 ) ;
#4436 = ADVANCED_FACE ( 'NONE', ( #1558 ), #2546, .T. ) ;
#4437 = DIRECTION ( 'NONE',  ( -0.5269060754212157027, -0.8499235187263688429, 0.000000000000000000 ) ) ;
#4438 = VERTEX_POINT ( 'NONE', #85 ) ;
#4439 = CARTESIAN_POINT ( 'NONE',  ( -5.177082440960597332, -9.134977690147771057, 11.00000000000000000 ) ) ;
#4440 = DIRECTION ( 'NONE',  ( -0.000000000000000000, -0.000000000000000000, -1.000000000000000000 ) ) ;
#4441 = CARTESIAN_POINT ( 'NONE',  ( -11.27248853428774922, -0.8419900281648583507, 11.00000000000000000 ) ) ;
#4442 = ORIENTED_EDGE ( 'NONE', *, *, #2969, .T. ) ;
#4443 = DIRECTION ( 'NONE',  ( -0.000000000000000000, -0.000000000000000000, -1.000000000000000000 ) ) ;
#4444 = ORIENTED_EDGE ( 'NONE', *, *, #1462, .T. ) ;
#4445 = DIRECTION ( 'NONE',  ( 0.000000000000000000, 0.000000000000000000, 1.000000000000000000 ) ) ;
#4446 = EDGE_CURVE ( 'NONE', #683, #1545, #3009, .T. ) ;
#4447 = CARTESIAN_POINT ( 'NONE',  ( -7.087211819622559084, -8.806212215645281560, 11.00000000000000000 ) ) ;
#4448 = DIRECTION ( 'NONE',  ( 0.7301211533086093830, -0.6833177163598981307, 0.000000000000000000 ) ) ;
#4449 = AXIS2_PLACEMENT_3D ( 'NONE', #1072, #734, #2857 ) ;
#4450 = VERTEX_POINT ( 'NONE', #788 ) ;
#4451 = CARTESIAN_POINT ( 'NONE',  ( 0.000000000000000000, 0.000000000000000000, 0.000000000000000000 ) ) ;
#4452 = CARTESIAN_POINT ( 'NONE',  ( 4.000000000000000000, 4.898587196589412829E-16, 11.00000000000000000 ) ) ;
#4453 = EDGE_CURVE ( 'NONE', #291, #849, #2566, .T. ) ;
#4454 = CARTESIAN_POINT ( 'NONE',  ( 6.962733200663834943, -7.859411325053140551, 5.000000000000000000 ) ) ;
#4455 = ORIENTED_EDGE ( 'NONE', *, *, #308, .T. ) ;
#4456 = CARTESIAN_POINT ( 'NONE',  ( -11.14502568970421059, 1.868839962527845122, 11.00000000000000000 ) ) ;
#4457 = VECTOR ( 'NONE', #2267, 1000.000000000000000 ) ;
#4458 = LINE ( 'NONE', #606, #4397 ) ;
#4459 = EDGE_CURVE ( 'NONE', #966, #3561, #1833, .T. ) ;
#4460 = EDGE_CURVE ( 'NONE', #4450, #2199, #3365, .T. ) ;
#4461 = AXIS2_PLACEMENT_3D ( 'NONE', #2510, #2458, #23 ) ;
#4462 = LINE ( 'NONE', #1319, #2285 ) ;
#4463 = ORIENTED_EDGE ( 'NONE', *, *, #2450, .F. ) ;
#4464 = CARTESIAN_POINT ( 'NONE',  ( 7.822890946873291895, 7.003740231713902809, 11.00000000000000000 ) ) ;
#4465 = AXIS2_PLACEMENT_3D ( 'NONE', #1337, #691, #2444 ) ;
#4466 = UNCERTAINTY_MEASURE_WITH_UNIT (LENGTH_MEASURE( 1.000000000000000082E-05 ), #1102, 'distance_accuracy_value', 'NONE');
#4467 = AXIS2_PLACEMENT_3D ( 'NONE', #4265, #4393, #2297 ) ;
#4468 = ORIENTED_EDGE ( 'NONE', *, *, #4096, .F. ) ;
#4469 = AXIS2_PLACEMENT_3D ( 'NONE', #2765, #3844, #4148 ) ;
#4470 = ORIENTED_EDGE ( 'NONE', *, *, #458, .F. ) ;
#4471 = CARTESIAN_POINT ( 'NONE',  ( -6.072165522463966347, 8.566142998327771707, 11.00000000000000000 ) ) ;
#4472 = LINE ( 'NONE', #3404, #166 ) ;
#4473 = VECTOR ( 'NONE', #1360, 1000.000000000000000 ) ;
#4474 = AXIS2_PLACEMENT_3D ( 'NONE', #2808, #3654, #1934 ) ;
#4475 = CARTESIAN_POINT ( 'NONE',  ( -6.655921622195174692, -9.136555823852473779, 5.000000000000000000 ) ) ;
#4476 = ORIENTED_EDGE ( 'NONE', *, *, #3997, .T. ) ;
#4477 = DIRECTION ( 'NONE',  ( -0.000000000000000000, -0.000000000000000000, -1.000000000000000000 ) ) ;
#4478 = DIRECTION ( 'NONE',  ( 0.3066676891378875003, -0.9518166464392330273, 0.000000000000000000 ) ) ;
#4479 = VECTOR ( 'NONE', #566, 1000.000000000000000 ) ;
#4480 = MECHANICAL_DESIGN_GEOMETRIC_PRESENTATION_REPRESENTATION (  '', ( #3095 ), #1843 ) ;
#4481 = LINE ( 'NONE', #2841, #2209 ) ;
#4482 = AXIS2_PLACEMENT_3D ( 'NONE', #2758, #1160, #1885 ) ;
#4483 = EDGE_CURVE ( 'NONE', #3812, #833, #3577, .T. ) ;
#4484 = ORIENTED_EDGE ( 'NONE', *, *, #3429, .T. ) ;
#4485 = DIRECTION ( 'NONE',  ( -0.1581869493028067175, 0.9874091801630523468, 0.000000000000000000 ) ) ;
#4486 = DIRECTION ( 'NONE',  ( -0.000000000000000000, -0.000000000000000000, -1.000000000000000000 ) ) ;
#4487 = ORIENTED_EDGE ( 'NONE', *, *, #43, .F. ) ;
#4488 = DIRECTION ( 'NONE',  ( -0.000000000000000000, -0.000000000000000000, -1.000000000000000000 ) ) ;
#4489 = VERTEX_POINT ( 'NONE', #403 ) ;
#4490 = FACE_OUTER_BOUND ( 'NONE', #1923, .T. ) ;
#4491 = ORIENTED_EDGE ( 'NONE', *, *, #634, .F. ) ;
#4492 = EDGE_LOOP ( 'NONE', ( #2897, #1354, #2941, #2837 ) ) ;
#4493 = DIRECTION ( 'NONE',  ( -0.000000000000000000, -0.000000000000000000, -1.000000000000000000 ) ) ;
#4494 = DIRECTION ( 'NONE',  ( 0.000000000000000000, 0.000000000000000000, -1.000000000000000000 ) ) ;
#4495 = CARTESIAN_POINT ( 'NONE',  ( -11.10010439580882569, 2.136732871774928100, 11.00000000000000000 ) ) ;
#4496 = ORIENTED_EDGE ( 'NONE', *, *, #3914, .T. ) ;
#4497 = CARTESIAN_POINT ( 'NONE',  ( -3.311553363668787942, 10.80793964096542403, 11.00000000000000000 ) ) ;
#4498 = DIRECTION ( 'NONE',  ( 0.8499235187263688429, -0.5269060754212157027, 0.000000000000000000 ) ) ;
#4499 = PLANE ( 'NONE',  #1095 ) ;
#4500 = ORIENTED_EDGE ( 'NONE', *, *, #1752, .T. ) ;
#4501 = DIRECTION ( 'NONE',  ( -0.1677181245478932825, 0.9858349916178352768, 0.000000000000000000 ) ) ;
#4502 = CARTESIAN_POINT ( 'NONE',  ( -7.087211819622559084, -8.806212215645281560, 5.000000000000000000 ) ) ;
#4503 = FACE_OUTER_BOUND ( 'NONE', #1187, .T. ) ;
#4504 = ORIENTED_EDGE ( 'NONE', *, *, #35, .F. ) ;
#4505 = CYLINDRICAL_SURFACE ( 'NONE', #1692, 10.50000000000000000 ) ;
#4506 = ORIENTED_EDGE ( 'NONE', *, *, #72, .F. ) ;
#4507 = CARTESIAN_POINT ( 'NONE',  ( -1.914118084957140198, 10.32405695242137078, 11.00000000000000000 ) ) ;
#4508 = CARTESIAN_POINT ( 'NONE',  ( -3.311553363668787942, 10.80793964096542403, 11.00000000000000000 ) ) ;
#4509 = ADVANCED_FACE ( 'NONE', ( #2249 ), #2596, .T. ) ;
#4510 = ADVANCED_FACE ( 'NONE', ( #471 ), #3300, .T. ) ;
#4511 = UNCERTAINTY_MEASURE_WITH_UNIT (LENGTH_MEASURE( 1.000000000000000082E-05 ), #2337, 'distance_accuracy_value', 'NONE');
#4512 = ORIENTED_EDGE ( 'NONE', *, *, #3992, .T. ) ;
#4513 = EDGE_LOOP ( 'NONE', ( #665, #3145, #3080, #3407 ) ) ;
#4514 = DIRECTION ( 'NONE',  ( -0.003641951489370385837, -0.9999933680726833529, 0.000000000000000000 ) ) ;
#4515 = CARTESIAN_POINT ( 'NONE',  ( -7.019795305816823650, -7.808487296809292211, 11.00000000000000000 ) ) ;
#4516 = CARTESIAN_POINT ( 'NONE',  ( -4.880614574191747046, 4.258680570520386510, 11.00000000000000000 ) ) ;
#4517 = ORIENTED_EDGE ( 'NONE', *, *, #2824, .F. ) ;
#4518 = EDGE_CURVE ( 'NONE', #3661, #4519, #3278, .T. ) ;
#4519 = VERTEX_POINT ( 'NONE', #4327 ) ;
#4520 = DIRECTION ( 'NONE',  ( 0.000000000000000000, 0.000000000000000000, 1.000000000000000000 ) ) ;
#4521 = DIRECTION ( 'NONE',  ( -0.000000000000000000, -0.000000000000000000, -1.000000000000000000 ) ) ;
#4522 = DIRECTION ( 'NONE',  ( 0.3757223501221340078, -0.9267322782868310238, 0.000000000000000000 ) ) ;
#4523 = VERTEX_POINT ( 'NONE', #2526 ) ;
#4524 = AXIS2_PLACEMENT_3D ( 'NONE', #2118, #1776, #1845 ) ;
#4525 = DIRECTION ( 'NONE',  ( -0.2803217181886750176, -0.9599061070290931807, 0.000000000000000000 ) ) ;
#4526 = DIRECTION ( 'NONE',  ( -0.9488097670990887078, -0.3158481056732381220, 0.000000000000000000 ) ) ;
#4527 = CARTESIAN_POINT ( 'NONE',  ( -4.782330937545314242, -10.23882176978898073, 11.00000000000000000 ) ) ;
#4528 = ORIENTED_EDGE ( 'NONE', *, *, #1771, .T. ) ;
#4529 = DIRECTION ( 'NONE',  ( -0.000000000000000000, -0.000000000000000000, -1.000000000000000000 ) ) ;
#4530 = CARTESIAN_POINT ( 'NONE',  ( 0.000000000000000000, 0.000000000000000000, 5.000000000000000000 ) ) ;
#4531 = DIRECTION ( 'NONE',  ( -0.4077794715373589951, 0.9130804469446885951, 0.000000000000000000 ) ) ;
#4532 = AXIS2_PLACEMENT_3D ( 'NONE', #324, #4113, #2377 ) ;
#4533 = EDGE_CURVE ( 'NONE', #3518, #2672, #3233, .T. ) ;
#4534 = EDGE_LOOP ( 'NONE', ( #957, #3114, #1647, #1967, #205, #3784, #3004, #4365, #1772, #1338, #4026, #1651, #2090, #2608, #1906, #2925, #4540, #768, #3302, #369, #828, #2457, #3356, #4506, #4294, #2016, #748, #4099, #1962, #4031, #565, #934, #3924, #897, #3952, #1326, #737, #570, #3641, #3791, #2317, #1774, #3175, #1664, #4007, #2599, #4081, #790, #4202, #1747, #2975, #3075, #4496, #46, #3991, #559, #3566, #709, #979, #2121, #810, #2711, #2873, #2883, #3176, #4083, #468, #80, #2252, #497, #611, #1849, #3020, #885, #880, #2390, #2607, #3931, #4354, #3505, #3876, #175, #2931, #3841, #4002, #3402, #2081, #399, #4370, #109, #4362, #3659, #3440, #4241, #688, #1898, #1425, #3496, #556, #2908, #4044, #1224, #4463, #4317, #2440, #902, #2868, #4288, #2170, #961, #1841, #478, #3438, #1506, #4517, #3398 ) ) ;
#4535 = VERTEX_POINT ( 'NONE', #110 ) ;
#4536 = CARTESIAN_POINT ( 'NONE',  ( 7.000000000000000000, 8.572527594031473190E-16, 5.000000000000000000 ) ) ;
#4537 = CARTESIAN_POINT ( 'NONE',  ( 6.465676394360115431, 0.3895992645730865789, 11.00000000000000000 ) ) ;
#4538 = PLANE ( 'NONE',  #1693 ) ;
#4539 = AXIS2_PLACEMENT_3D ( 'NONE', #2451, #313, #3856 ) ;
#4540 = ORIENTED_EDGE ( 'NONE', *, *, #4173, .T. ) ;
#4541 = AXIS2_PLACEMENT_3D ( 'NONE', #1929, #1067, #2476 ) ;
ENDSEC;
END-ISO-10303-21;
