ISO-10303-21;
HEADER;
FILE_DESCRIPTION (( 'STEP AP214' ),
    '1' );
FILE_NAME ('Right end cap.STEP',
    '2026-06-11T14:52:15',
    ( '' ),
    ( '' ),
    'SwSTEP 2.0',
    'SolidWorks 2025',
    '' );
FILE_SCHEMA (( 'AUTOMOTIVE_DESIGN' ));
ENDSEC;

DATA;
#1 = ORIENTED_EDGE ( 'NONE', *, *, #1672, .T. ) ;
#2 = ORIENTED_EDGE ( 'NONE', *, *, #4153, .T. ) ;
#3 = ADVANCED_FACE ( 'NONE', ( #1345 ), #124, .F. ) ;
#4 = CARTESIAN_POINT ( 'NONE',  ( 50.55880937064824110, 19.99999999999999289, 10.00000000000000000 ) ) ;
#5 = DIRECTION ( 'NONE',  ( 0.000000000000000000, 1.000000000000000000, 0.000000000000000000 ) ) ;
#6 = DIRECTION ( 'NONE',  ( -0.000000000000000000, -1.000000000000000000, -0.000000000000000000 ) ) ;
#7 = SPHERICAL_SURFACE ( 'NONE', #3567, 4.000000000000000000 ) ;
#8 = VERTEX_POINT ( 'NONE', #1692 ) ;
#9 = LINE ( 'NONE', #356, #864 ) ;
#10 = ORIENTED_EDGE ( 'NONE', *, *, #604, .T. ) ;
#11 = ORIENTED_EDGE ( 'NONE', *, *, #1677, .T. ) ;
#12 = DIRECTION ( 'NONE',  ( -0.3420201433256730428, -0.9396926207859067626, 0.000000000000000000 ) ) ;
#13 = EDGE_CURVE ( 'NONE', #3269, #3821, #454, .T. ) ;
#14 = DIRECTION ( 'NONE',  ( 0.000000000000000000, -0.000000000000000000, -1.000000000000000000 ) ) ;
#15 = CARTESIAN_POINT ( 'NONE',  ( 12.24122951685633787, -18.63191942669733692, 8.000000000000000000 ) ) ;
#16 = DIRECTION ( 'NONE',  ( 1.000000000000000000, 0.000000000000000000, 2.081668171172169006E-16 ) ) ;
#17 = CYLINDRICAL_SURFACE ( 'NONE', #1815, 4.000000000000000000 ) ;
#18 = ORIENTED_EDGE ( 'NONE', *, *, #745, .T. ) ;
#19 = CARTESIAN_POINT ( 'NONE',  ( -29.99999999999994316, 34.00000000000000000, 5.999999999999998224 ) ) ;
#20 = EDGE_LOOP ( 'NONE', ( #43, #3295, #4171, #272 ) ) ;
#21 = CARTESIAN_POINT ( 'NONE',  ( -70.00000000000000000, 20.00000000000001776, -17.59999999999998366 ) ) ;
#22 = FACE_OUTER_BOUND ( 'NONE', #1784, .T. ) ;
#23 = ORIENTED_EDGE ( 'NONE', *, *, #4367, .F. ) ;
#24 = ORIENTED_EDGE ( 'NONE', *, *, #3459, .T. ) ;
#25 = EDGE_CURVE ( 'NONE', #2193, #1482, #4349, .T. ) ;
#26 = ORIENTED_EDGE ( 'NONE', *, *, #3338, .T. ) ;
#27 = FACE_OUTER_BOUND ( 'NONE', #1711, .T. ) ;
#28 = CYLINDRICAL_SURFACE ( 'NONE', #2939, 3.999999999999976019 ) ;
#29 = CARTESIAN_POINT ( 'NONE',  ( -90.00000000000004263, -29.99999999999998224, -40.00000000000000000 ) ) ;
#30 = APPLICATION_CONTEXT ( 'automotive_design' ) ;
#31 = ORIENTED_EDGE ( 'NONE', *, *, #4059, .F. ) ;
#32 = DIRECTION ( 'NONE',  ( -0.000000000000000000, 0.000000000000000000, 1.000000000000000000 ) ) ;
#33 = ORIENTED_EDGE ( 'NONE', *, *, #1287, .T. ) ;
#34 = VERTEX_POINT ( 'NONE', #3922 ) ;
#35 = CARTESIAN_POINT ( 'NONE',  ( -70.00000000000000000, 20.00000000000001776, -12.40000000000000391 ) ) ;
#36 = LINE ( 'NONE', #4558, #957 ) ;
#37 = CARTESIAN_POINT ( 'NONE',  ( -23.75000000000003908, -32.23489651498466202, 10.00000000000000888 ) ) ;
#38 = DIRECTION ( 'NONE',  ( 0.000000000000000000, 0.000000000000000000, -1.000000000000000000 ) ) ;
#39 = EDGE_CURVE ( 'NONE', #2490, #3898, #195, .T. ) ;
#40 = DIRECTION ( 'NONE',  ( 0.000000000000000000, 0.000000000000000000, 1.000000000000000000 ) ) ;
#41 = ADVANCED_FACE ( 'NONE', ( #3233 ), #156, .F. ) ;
#42 = VECTOR ( 'NONE', #1498, 1000.000000000000000 ) ;
#43 = ORIENTED_EDGE ( 'NONE', *, *, #810, .F. ) ;
#44 = DIRECTION ( 'NONE',  ( -3.469446951953617344E-15, -1.000000000000000000, 0.000000000000000000 ) ) ;
#45 = ORIENTED_EDGE ( 'NONE', *, *, #4138, .F. ) ;
#46 = CARTESIAN_POINT ( 'NONE',  ( 60.24122951685636451, -18.63191942669734402, 10.00000000000000000 ) ) ;
#47 = CARTESIAN_POINT ( 'NONE',  ( 35.75877048314358575, -21.36808057330271637, 10.00000000000000000 ) ) ;
#48 = EDGE_CURVE ( 'NONE', #376, #3046, #3763, .T. ) ;
#49 = ORIENTED_EDGE ( 'NONE', *, *, #4418, .F. ) ;
#50 = VERTEX_POINT ( 'NONE', #559 ) ;
#51 = AXIS2_PLACEMENT_3D ( 'NONE', #3651, #2141, #4052 ) ;
#52 = VERTEX_POINT ( 'NONE', #2488 ) ;
#53 = DIRECTION ( 'NONE',  ( -1.000000000000000000, -0.000000000000000000, -0.000000000000000000 ) ) ;
#54 = AXIS2_PLACEMENT_3D ( 'NONE', #1918, #3432, #1569 ) ;
#55 = EDGE_CURVE ( 'NONE', #3939, #4792, #3998, .T. ) ;
#56 = LINE ( 'NONE', #106, #3367 ) ;
#57 = AXIS2_PLACEMENT_3D ( 'NONE', #1763, #2440, #1369 ) ;
#58 = EDGE_CURVE ( 'NONE', #433, #3230, #177, .T. ) ;
#59 = ORIENTED_EDGE ( 'NONE', *, *, #2048, .F. ) ;
#60 = CARTESIAN_POINT ( 'NONE',  ( 22.06302919348158653, -28.52943728756080333, 10.00000000000000178 ) ) ;
#61 = AXIS2_PLACEMENT_3D ( 'NONE', #575, #2081, #3595 ) ;
#62 = ORIENTED_EDGE ( 'NONE', *, *, #2358, .F. ) ;
#63 = ORIENTED_EDGE ( 'NONE', *, *, #144, .T. ) ;
#64 = FACE_OUTER_BOUND ( 'NONE', #4519, .T. ) ;
#65 = AXIS2_PLACEMENT_3D ( 'NONE', #4661, #1679, #570 ) ;
#66 = FACE_OUTER_BOUND ( 'NONE', #749, .T. ) ;
#67 = DIRECTION ( 'NONE',  ( 0.3420201433256724322, 0.9396926207859069846, 0.000000000000000000 ) ) ;
#68 = CARTESIAN_POINT ( 'NONE',  ( -64.00000000000004263, -20.00000000000000000, 10.00000000000000000 ) ) ;
#69 = CYLINDRICAL_SURFACE ( 'NONE', #558, 4.000000000000003553 ) ;
#70 = AXIS2_PLACEMENT_3D ( 'NONE', #350, #1864, #3227 ) ;
#71 = VERTEX_POINT ( 'NONE', #1834 ) ;
#72 = DIRECTION ( 'NONE',  ( -0.9396926207859068736, 0.3420201433256729318, 0.000000000000000000 ) ) ;
#73 = EDGE_CURVE ( 'NONE', #3638, #3939, #2667, .T. ) ;
#74 = AXIS2_PLACEMENT_3D ( 'NONE', #1797, #4834, #3639 ) ;
#75 = LINE ( 'NONE', #3185, #2428 ) ;
#76 = DIRECTION ( 'NONE',  ( 1.000000000000000000, 0.000000000000000000, 0.000000000000000000 ) ) ;
#77 = VERTEX_POINT ( 'NONE', #1049 ) ;
#78 = CIRCLE ( 'NONE', #4035, 4.000000000000003553 ) ;
#79 = ORIENTED_EDGE ( 'NONE', *, *, #3799, .F. ) ;
#80 = AXIS2_PLACEMENT_3D ( 'NONE', #4432, #4855, #4780 ) ;
#81 = EDGE_CURVE ( 'NONE', #1534, #2370, #2636, .T. ) ;
#82 = ORIENTED_EDGE ( 'NONE', *, *, #48, .F. ) ;
#83 = PLANE ( 'NONE',  #607 ) ;
#84 = CARTESIAN_POINT ( 'NONE',  ( -60.45513114474984917, 22.00386824534889740, 8.000000000000000000 ) ) ;
#85 = ORIENTED_EDGE ( 'NONE', *, *, #3077, .F. ) ;
#86 = FACE_OUTER_BOUND ( 'NONE', #1307, .T. ) ;
#87 = ORIENTED_EDGE ( 'NONE', *, *, #3102, .F. ) ;
#88 = DIRECTION ( 'NONE',  ( -0.000000000000000000, 0.000000000000000000, 1.000000000000000000 ) ) ;
#89 = EDGE_CURVE ( 'NONE', #4704, #3448, #2937, .T. ) ;
#90 = CARTESIAN_POINT ( 'NONE',  ( 30.00000000000007105, -32.92820323027556384, 9.999999999999896971 ) ) ;
#91 = LINE ( 'NONE', #913, #1246 ) ;
#92 = CARTESIAN_POINT ( 'NONE',  ( -70.00000000000000000, 23.00000000000001776, -14.99999999999999467 ) ) ;
#93 = FACE_BOUND ( 'NONE', #198, .T. ) ;
#94 = ORIENTED_EDGE ( 'NONE', *, *, #4145, .T. ) ;
#95 = DIRECTION ( 'NONE',  ( -0.3420201433256728762, -0.9396926207859067626, 0.000000000000000000 ) ) ;
#96 = EDGE_CURVE ( 'NONE', #1506, #2556, #1486, .T. ) ;
#97 = DIRECTION ( 'NONE',  ( 1.000000000000000000, 0.000000000000000000, 0.000000000000000000 ) ) ;
#98 = CARTESIAN_POINT ( 'NONE',  ( 62.55880937064824110, 19.99999999999999289, 10.00000000000000000 ) ) ;
#99 = DIRECTION ( 'NONE',  ( 1.000000000000000000, 0.000000000000000000, 0.000000000000000000 ) ) ;
#100 = ORIENTED_EDGE ( 'NONE', *, *, #1218, .F. ) ;
#101 = ORIENTED_EDGE ( 'NONE', *, *, #2229, .T. ) ;
#102 = ORIENTED_EDGE ( 'NONE', *, *, #594, .T. ) ;
#103 = DIRECTION ( 'NONE',  ( 1.000000000000000000, 0.000000000000000000, 0.000000000000000000 ) ) ;
#104 = EDGE_CURVE ( 'NONE', #1169, #4259, #3011, .T. ) ;
#105 = EDGE_CURVE ( 'NONE', #3384, #3873, #1781, .T. ) ;
#106 = CARTESIAN_POINT ( 'NONE',  ( 23.75000000000003553, -52.49999999999997868, 10.00000000000000711 ) ) ;
#107 = ORIENTED_EDGE ( 'NONE', *, *, #4011, .T. ) ;
#108 = DIRECTION ( 'NONE',  ( 1.000000000000000000, 0.000000000000000000, 0.000000000000000000 ) ) ;
#109 = EDGE_LOOP ( 'NONE', ( #2210, #4544 ) ) ;
#110 = CARTESIAN_POINT ( 'NONE',  ( 50.31757985379188369, 18.63191942669730494, 10.00000000000000000 ) ) ;
#111 = LINE ( 'NONE', #4634, #128 ) ;
#112 = CARTESIAN_POINT ( 'NONE',  ( 14.55880937064824110, 19.99999999999999645, 8.000000000000000000 ) ) ;
#113 = CARTESIAN_POINT ( 'NONE',  ( 14.55880937064824110, 19.99999999999999645, 8.000000000000000000 ) ) ;
#114 = ADVANCED_FACE ( 'NONE', ( #1092 ), #4466, .T. ) ;
#115 = VERTEX_POINT ( 'NONE', #3647 ) ;
#116 = CARTESIAN_POINT ( 'NONE',  ( -29.99999999999994671, 32.92820323027550700, 10.00000000000000178 ) ) ;
#117 = DIRECTION ( 'NONE',  ( 0.000000000000000000, -1.000000000000000000, 0.000000000000000000 ) ) ;
#118 = FACE_OUTER_BOUND ( 'NONE', #4308, .T. ) ;
#119 = CARTESIAN_POINT ( 'NONE',  ( -3.941708964942730375, 1.434664735379415745, 10.00000000000000000 ) ) ;
#120 = VERTEX_POINT ( 'NONE', #1761 ) ;
#121 = DIRECTION ( 'NONE',  ( -0.000000000000000000, -0.000000000000000000, 1.000000000000000000 ) ) ;
#122 = ORIENTED_EDGE ( 'NONE', *, *, #4174, .T. ) ;
#123 = AXIS2_PLACEMENT_3D ( 'NONE', #2738, #2659, #4918 ) ;
#124 = CYLINDRICAL_SURFACE ( 'NONE', #2586, 2.500000000000002220 ) ;
#125 = CARTESIAN_POINT ( 'NONE',  ( -67.75877048314367812, -18.63191942669734047, 10.00000000000000000 ) ) ;
#126 = AXIS2_PLACEMENT_3D ( 'NONE', #263, #4481, #2602 ) ;
#127 = DIRECTION ( 'NONE',  ( -0.000000000000000000, -0.000000000000000000, 1.000000000000000000 ) ) ;
#128 = VECTOR ( 'NONE', #1745, 1000.000000000000000 ) ;
#129 = EDGE_CURVE ( 'NONE', #2871, #4288, #4047, .T. ) ;
#130 = EDGE_LOOP ( 'NONE', ( #4631, #954, #3994, #4629 ) ) ;
#131 = DIRECTION ( 'NONE',  ( 0.000000000000000000, 0.000000000000000000, -1.000000000000000000 ) ) ;
#132 = ORIENTED_EDGE ( 'NONE', *, *, #449, .T. ) ;
#133 = VECTOR ( 'NONE', #2660, 1000.000000000000000 ) ;
#134 = DIRECTION ( 'NONE',  ( 0.000000000000000000, 0.000000000000000000, -1.000000000000000000 ) ) ;
#135 = ADVANCED_FACE ( 'NONE', ( #1438 ), #1857, .T. ) ;
#136 = ADVANCED_FACE ( 'NONE', ( #3666 ), #3351, .T. ) ;
#137 = CARTESIAN_POINT ( 'NONE',  ( 23.75999999999996604, -43.49999999999997868, -15.00000000000010125 ) ) ;
#138 = CIRCLE ( 'NONE', #4270, 4.000000000000003553 ) ;
#139 = FACE_OUTER_BOUND ( 'NONE', #3846, .T. ) ;
#140 = CARTESIAN_POINT ( 'NONE',  ( 34.00000000000007105, -25.99999999999998224, 10.00000000000000000 ) ) ;
#141 = EDGE_LOOP ( 'NONE', ( #11, #1, #1537, #4526, #4037, #2391, #390 ) ) ;
#142 = CARTESIAN_POINT ( 'NONE',  ( -90.00000000000004263, 30.00000000000001776, 5.999999999999998224 ) ) ;
#143 = AXIS2_PLACEMENT_3D ( 'NONE', #1600, #3027, #833 ) ;
#144 = EDGE_CURVE ( 'NONE', #545, #2010, #1762, .T. ) ;
#145 = CARTESIAN_POINT ( 'NONE',  ( -80.00000000000000000, -20.00000000000000000, -40.00000000000000000 ) ) ;
#146 = DIRECTION ( 'NONE',  ( 0.000000000000000000, 0.000000000000000000, 1.000000000000000000 ) ) ;
#147 = TOROIDAL_SURFACE ( 'NONE', #4351, 9.000000000000001776, 5.000000000000000000 ) ;
#148 = VECTOR ( 'NONE', #3671, 1000.000000000000000 ) ;
#149 = CARTESIAN_POINT ( 'NONE',  ( -33.99999999999994316, 34.00000000000001421, -40.00000000000000000 ) ) ;
#150 = EDGE_LOOP ( 'NONE', ( #3737, #4534, #1806, #843 ) ) ;
#151 = PLANE ( 'NONE',  #2524 ) ;
#152 = ORIENTED_EDGE ( 'NONE', *, *, #4577, .T. ) ;
#153 = CIRCLE ( 'NONE', #2929, 2.599999999999989431 ) ;
#154 = VECTOR ( 'NONE', #168, 1000.000000000000000 ) ;
#155 = ADVANCED_FACE ( 'NONE', ( #1023 ), #649, .F. ) ;
#156 = CYLINDRICAL_SURFACE ( 'NONE', #1078, 4.000000000000003553 ) ;
#157 = CARTESIAN_POINT ( 'NONE',  ( 14.30999999999996497, -43.49999999999997868, -12.50000000000010303 ) ) ;
#158 = VECTOR ( 'NONE', #255, 1000.000000000000114 ) ;
#159 = VECTOR ( 'NONE', #1377, 1000.000000000000000 ) ;
#160 = EDGE_LOOP ( 'NONE', ( #1846, #4893, #322, #4699, #4196 ) ) ;
#161 = DIRECTION ( 'NONE',  ( -0.000000000000000000, -0.000000000000000000, 1.000000000000000000 ) ) ;
#162 = VECTOR ( 'NONE', #4222, 1000.000000000000000 ) ;
#163 = ORIENTED_EDGE ( 'NONE', *, *, #2515, .T. ) ;
#164 = CARTESIAN_POINT ( 'NONE',  ( -19.74999999999997513, 26.00000000000001776, 10.00000000000000000 ) ) ;
#165 = ORIENTED_EDGE ( 'NONE', *, *, #2372, .F. ) ;
#166 = CARTESIAN_POINT ( 'NONE',  ( -1.441190629351760233, 20.00000000000000000, 10.00000000000000000 ) ) ;
#167 = DIRECTION ( 'NONE',  ( 1.000000000000000000, -0.000000000000000000, 2.081668171172169006E-16 ) ) ;
#168 = DIRECTION ( 'NONE',  ( 0.000000000000000000, 1.000000000000000000, 0.000000000000000000 ) ) ;
#169 = ORIENTED_EDGE ( 'NONE', *, *, #4627, .F. ) ;
#170 = ADVANCED_FACE ( 'NONE', ( #1414 ), #4067, .T. ) ;
#171 = PLANE ( 'NONE',  #4405 ) ;
#172 = DIRECTION ( 'NONE',  ( -1.000000000000000000, -0.000000000000000000, -0.000000000000000000 ) ) ;
#173 = DIRECTION ( 'NONE',  ( 1.000000000000000000, 0.000000000000000000, 0.000000000000000000 ) ) ;
#174 = VERTEX_POINT ( 'NONE', #1934 ) ;
#175 = CARTESIAN_POINT ( 'NONE',  ( -19.74999999999994671, 30.00000000000001776, 5.999999999999998224 ) ) ;
#176 = VERTEX_POINT ( 'NONE', #46 ) ;
#177 = LINE ( 'NONE', #4415, #1156 ) ;
#178 = CARTESIAN_POINT ( 'NONE',  ( -40.00000000000000711, -20.00000000000000000, 0.000000000000000000 ) ) ;
#179 = EDGE_CURVE ( 'NONE', #1219, #387, #3037, .T. ) ;
#180 = ORIENTED_EDGE ( 'NONE', *, *, #1355, .T. ) ;
#181 = EDGE_LOOP ( 'NONE', ( #1109, #627, #2024, #122 ) ) ;
#182 = CARTESIAN_POINT ( 'NONE',  ( -23.74999999999995026, 32.23490124103319232, 10.00000000000000355 ) ) ;
#183 = VERTEX_POINT ( 'NONE', #1142 ) ;
#184 =( NAMED_UNIT ( * ) PLANE_ANGLE_UNIT ( ) SI_UNIT ( $, .RADIAN. ) );
#185 = DIRECTION ( 'NONE',  ( -0.000000000000000000, 0.000000000000000000, 1.000000000000000000 ) ) ;
#186 = DIRECTION ( 'NONE',  ( -8.673617379884026597E-16, -1.000000000000000000, 0.000000000000000000 ) ) ;
#187 = ORIENTED_EDGE ( 'NONE', *, *, #2494, .F. ) ;
#188 = LINE ( 'NONE', #3593, #2128 ) ;
#189 = CARTESIAN_POINT ( 'NONE',  ( 30.00000000000007105, -52.49999999999997868, 9.999999999999896971 ) ) ;
#190 = LINE ( 'NONE', #3186, #1488 ) ;
#191 = CYLINDRICAL_SURFACE ( 'NONE', #2451, 4.000000000000005329 ) ;
#192 = ORIENTED_EDGE ( 'NONE', *, *, #4601, .T. ) ;
#193 = DIRECTION ( 'NONE',  ( -0.000000000000000000, 0.000000000000000000, 1.000000000000000000 ) ) ;
#194 = VERTEX_POINT ( 'NONE', #3503 ) ;
#195 = LINE ( 'NONE', #528, #1865 ) ;
#196 = VECTOR ( 'NONE', #2374, 1000.000000000000114 ) ;
#197 = CARTESIAN_POINT ( 'NONE',  ( -49.44119062935175890, 20.00000000000000355, 8.000000000000000000 ) ) ;
#198 = EDGE_LOOP ( 'NONE', ( #4022, #755 ) ) ;
#199 = CIRCLE ( 'NONE', #837, 2.500000000000002220 ) ;
#200 = DIRECTION ( 'NONE',  ( -1.000000000000000000, 0.000000000000000000, -1.734723475976807094E-16 ) ) ;
#201 = ADVANCED_FACE ( 'NONE', ( #3449 ), #1984, .T. ) ;
#202 = VECTOR ( 'NONE', #3582, 1000.000000000000000 ) ;
#203 = EDGE_LOOP ( 'NONE', ( #4443, #1991 ) ) ;
#204 = DIRECTION ( 'NONE',  ( -0.3420201433256729318, -0.9396926207859067626, 0.000000000000000000 ) ) ;
#205 = LINE ( 'NONE', #3962, #2781 ) ;
#206 = CIRCLE ( 'NONE', #3461, 3.999999999999996447 ) ;
#207 = EDGE_CURVE ( 'NONE', #2083, #1193, #602, .T. ) ;
#208 = DIRECTION ( 'NONE',  ( 1.000000000000000000, 0.000000000000000000, 0.000000000000000000 ) ) ;
#209 = VECTOR ( 'NONE', #675, 1000.000000000000000 ) ;
#210 = DIRECTION ( 'NONE',  ( 1.000000000000000000, 0.000000000000000000, 0.000000000000000000 ) ) ;
#211 = EDGE_LOOP ( 'NONE', ( #2415, #3825 ) ) ;
#212 = FACE_OUTER_BOUND ( 'NONE', #3514, .T. ) ;
#213 = AXIS2_PLACEMENT_3D ( 'NONE', #4447, #2583, #324 ) ;
#214 = EDGE_CURVE ( 'NONE', #2871, #2498, #2502, .T. ) ;
#215 = CARTESIAN_POINT ( 'NONE',  ( -70.00000000000000000, 23.00000000000001776, -18.50000000000000355 ) ) ;
#216 = CARTESIAN_POINT ( 'NONE',  ( -23.74999999999994316, 34.00000000000002842, -40.00000000000000000 ) ) ;
#217 = DIRECTION ( 'NONE',  ( 1.000000000000000000, 0.000000000000000000, 0.000000000000000000 ) ) ;
#218 = VECTOR ( 'NONE', #1731, 1000.000000000000000 ) ;
#219 = VERTEX_POINT ( 'NONE', #1885 ) ;
#220 = CARTESIAN_POINT ( 'NONE',  ( -80.00000000000000000, -20.00000000000000000, -40.00000000000000000 ) ) ;
#221 = ORIENTED_EDGE ( 'NONE', *, *, #48, .T. ) ;
#222 = VECTOR ( 'NONE', #660, 1000.000000000000000 ) ;
#223 = VERTEX_POINT ( 'NONE', #4245 ) ;
#224 = DIRECTION ( 'NONE',  ( 3.826595902890015835E-15, 1.000000000000000000, 0.000000000000000000 ) ) ;
#225 = CIRCLE ( 'NONE', #4197, 2.499999999999998668 ) ;
#226 = ORIENTED_EDGE ( 'NONE', *, *, #3521, .F. ) ;
#227 = VECTOR ( 'NONE', #2483, 1000.000000000000000 ) ;
#228 = CARTESIAN_POINT ( 'NONE',  ( 0.000000000000000000, -19.99999999999998224, -4.999999999999993783 ) ) ;
#229 = AXIS2_PLACEMENT_3D ( 'NONE', #4134, #4158, #4557 ) ;
#230 = DIRECTION ( 'NONE',  ( 1.000000000000000000, -0.000000000000000000, 2.081668171172169006E-16 ) ) ;
#231 = AXIS2_PLACEMENT_3D ( 'NONE', #4690, #1751, #2787 ) ;
#232 = CARTESIAN_POINT ( 'NONE',  ( -40.00000000000000711, -20.00000000000000000, -40.00000000000000000 ) ) ;
#233 = EDGE_CURVE ( 'NONE', #1105, #2835, #2717, .T. ) ;
#234 = LINE ( 'NONE', #4379, #1659 ) ;
#235 = CIRCLE ( 'NONE', #3021, 3.500000000000006661 ) ;
#236 = CARTESIAN_POINT ( 'NONE',  ( -19.75000000000004263, -25.99999999999998224, 10.00000000000000000 ) ) ;
#237 = CARTESIAN_POINT ( 'NONE',  ( -30.00000000000003197, -33.99999999999998579, -40.00000000000000000 ) ) ;
#238 = ORIENTED_EDGE ( 'NONE', *, *, #214, .F. ) ;
#239 = EDGE_CURVE ( 'NONE', #219, #4846, #760, .T. ) ;
#240 = DIRECTION ( 'NONE',  ( 1.000000000000000000, 0.000000000000000000, 0.000000000000000000 ) ) ;
#241 = DIRECTION ( 'NONE',  ( -1.387778780781445922E-16, 0.000000000000000000, 1.000000000000000000 ) ) ;
#242 = DIRECTION ( 'NONE',  ( 0.000000000000000000, -1.000000000000000000, 0.000000000000000000 ) ) ;
#243 = DIRECTION ( 'NONE',  ( -0.000000000000000000, -0.000000000000000000, 1.000000000000000000 ) ) ;
#244 = VERTEX_POINT ( 'NONE', #4595 ) ;
#245 = ADVANCED_FACE ( 'NONE', ( #430 ), #1561, .F. ) ;
#246 = DIRECTION ( 'NONE',  ( -0.000000000000000000, -0.000000000000000000, 1.000000000000000000 ) ) ;
#247 = VERTEX_POINT ( 'NONE', #801 ) ;
#248 = CARTESIAN_POINT ( 'NONE',  ( 29.99999999999996447, -19.99999999999998934, -40.00000000000000000 ) ) ;
#249 = DIRECTION ( 'NONE',  ( 1.000000000000000000, 0.000000000000000000, 2.081668171172169253E-16 ) ) ;
#250 = EDGE_LOOP ( 'NONE', ( #670, #582 ) ) ;
#251 = LINE ( 'NONE', #3625, #1229 ) ;
#252 = DIRECTION ( 'NONE',  ( 1.000000000000000000, 0.000000000000000000, 0.000000000000000000 ) ) ;
#253 = EDGE_CURVE ( 'NONE', #3046, #2016, #2256, .T. ) ;
#254 = CARTESIAN_POINT ( 'NONE',  ( -86.00000000000002842, -29.99999999999998224, 6.000000000000000000 ) ) ;
#255 = DIRECTION ( 'NONE',  ( -0.3420201433256729318, -0.9396926207859067626, 0.000000000000000000 ) ) ;
#256 = EDGE_CURVE ( 'NONE', #2099, #2324, #4169, .T. ) ;
#257 = B_SPLINE_CURVE_WITH_KNOTS ( 'NONE', 3,
 ( #90, #1230, #3815, #3496, #3125, #4585, #2732, #4159, #1529, #4612, #761, #3468, #1949, #2274 ),
 .UNSPECIFIED., .F., .F.,
 ( 4, 2, 2, 2, 2, 2, 4 ),
 ( 6.938893903907228378E-18, 0.002047479813459227114, 0.004094959626918457697, 0.005118699533648072772, 0.006142439440377686979, 0.007166179347107302922, 0.008189919253836918864 ),
 .UNSPECIFIED. ) ;
#258 = ORIENTED_EDGE ( 'NONE', *, *, #4465, .T. ) ;
#259 = CARTESIAN_POINT ( 'NONE',  ( -49.44119062935175890, 20.00000000000000355, 8.000000000000000000 ) ) ;
#260 = CARTESIAN_POINT ( 'NONE',  ( -60.45513114474984917, 22.00386824534889740, 10.00000000000000000 ) ) ;
#261 = EDGE_LOOP ( 'NONE', ( #3623, #1410, #335, #2890, #1436 ) ) ;
#262 = CYLINDRICAL_SURFACE ( 'NONE', #3486, 3.999999999999996447 ) ;
#263 = CARTESIAN_POINT ( 'NONE',  ( 78.55880937064826242, 19.99999999999999289, 10.00000000000000000 ) ) ;
#264 = EDGE_CURVE ( 'NONE', #2818, #999, #4618, .T. ) ;
#265 = DIRECTION ( 'NONE',  ( 0.000000000000000000, 0.000000000000000000, -1.000000000000000000 ) ) ;
#266 = DIRECTION ( 'NONE',  ( 1.000000000000000000, 0.000000000000000000, 0.000000000000000000 ) ) ;
#267 = VERTEX_POINT ( 'NONE', #480 ) ;
#268 = LINE ( 'NONE', #619, #3481 ) ;
#269 = ORIENTED_EDGE ( 'NONE', *, *, #1523, .T. ) ;
#270 = DIRECTION ( 'NONE',  ( -0.000000000000000000, 1.000000000000000000, -0.000000000000000000 ) ) ;
#271 = CARTESIAN_POINT ( 'NONE',  ( -19.74999999999997513, 26.00000000000001776, 5.999999999999998224 ) ) ;
#272 = ORIENTED_EDGE ( 'NONE', *, *, #902, .T. ) ;
#273 = CARTESIAN_POINT ( 'NONE',  ( -39.71596102113355187, 14.45542763696952093, 10.00000000000000000 ) ) ;
#274 = CYLINDRICAL_SURFACE ( 'NONE', #2925, 2.500000000000000444 ) ;
#275 = AXIS2_PLACEMENT_3D ( 'NONE', #3726, #352, #2567 ) ;
#276 = CARTESIAN_POINT ( 'NONE',  ( -18.74999999999992895, 37.32000000000001450, -15.00000000000000000 ) ) ;
#277 = CARTESIAN_POINT ( 'NONE',  ( 74.80003888750464114, 21.36808057330268795, 10.00000000000000000 ) ) ;
#278 = EDGE_CURVE ( 'NONE', #1939, #4478, #1000, .T. ) ;
#279 = AXIS2_PLACEMENT_3D ( 'NONE', #4545, #2763, #4168 ) ;
#280 = VERTEX_POINT ( 'NONE', #21 ) ;
#281 = DIRECTION ( 'NONE',  ( -0.000000000000000000, -0.000000000000000000, 1.000000000000000000 ) ) ;
#282 = LINE ( 'NONE', #3341, #3802 ) ;
#283 = ORIENTED_EDGE ( 'NONE', *, *, #3041, .F. ) ;
#284 = DIRECTION ( 'NONE',  ( -0.000000000000000000, 0.000000000000000000, 1.000000000000000000 ) ) ;
#285 = EDGE_CURVE ( 'NONE', #4310, #4527, #1194, .T. ) ;
#286 = CYLINDRICAL_SURFACE ( 'NONE', #4883, 4.000000000000000000 ) ;
#287 = VECTOR ( 'NONE', #1199, 1000.000000000000114 ) ;
#288 = DIRECTION ( 'NONE',  ( 0.000000000000000000, -0.000000000000000000, -1.000000000000000000 ) ) ;
#289 = DIRECTION ( 'NONE',  ( -0.000000000000000000, 0.000000000000000000, 1.000000000000000000 ) ) ;
#290 = ORIENTED_EDGE ( 'NONE', *, *, #81, .F. ) ;
#291 = FACE_OUTER_BOUND ( 'NONE', #3259, .T. ) ;
#292 = ORIENTED_EDGE ( 'NONE', *, *, #1408, .T. ) ;
#293 = CIRCLE ( 'NONE', #3861, 3.999999999999976019 ) ;
#294 = ADVANCED_FACE ( 'NONE', ( #1538 ), #3058, .F. ) ;
#295 = CARTESIAN_POINT ( 'NONE',  ( 33.99999999999990763, -29.99999999999998224, -40.00000000000044054 ) ) ;
#296 = DIRECTION ( 'NONE',  ( -0.000000000000000000, -1.000000000000000000, -0.000000000000000000 ) ) ;
#297 = CIRCLE ( 'NONE', #3000, 4.000000000000003553 ) ;
#298 = ORIENTED_EDGE ( 'NONE', *, *, #1351, .T. ) ;
#299 = ORIENTED_EDGE ( 'NONE', *, *, #667, .T. ) ;
#300 = VECTOR ( 'NONE', #2269, 1000.000000000000000 ) ;
#301 = DIRECTION ( 'NONE',  ( 0.000000000000000000, 1.000000000000000000, 0.000000000000000000 ) ) ;
#302 = PLANE ( 'NONE',  #552 ) ;
#303 = VECTOR ( 'NONE', #4195, 1000.000000000000000 ) ;
#304 = AXIS2_PLACEMENT_3D ( 'NONE', #3550, #1384, #4785 ) ;
#305 = DIRECTION ( 'NONE',  ( 0.3420201433256724322, 0.9396926207859069846, 0.000000000000000000 ) ) ;
#306 = EDGE_CURVE ( 'NONE', #832, #2144, #3293, .T. ) ;
#307 = DIRECTION ( 'NONE',  ( 1.000000000000000000, 0.000000000000000000, 0.000000000000000000 ) ) ;
#308 = AXIS2_PLACEMENT_3D ( 'NONE', #2479, #686, #2100 ) ;
#309 = VERTEX_POINT ( 'NONE', #3843 ) ;
#310 = DIRECTION ( 'NONE',  ( -0.000000000000000000, -0.000000000000000000, 1.000000000000000000 ) ) ;
#311 = PRODUCT_DEFINITION ( 'UNKNOWN', '', #4562, #3116 ) ;
#312 = CARTESIAN_POINT ( 'NONE',  ( -23.75000000000003553, -52.49999999999997868, 10.00000000000000178 ) ) ;
#313 = AXIS2_PLACEMENT_3D ( 'NONE', #1553, #2676, #14 ) ;
#314 = ORIENTED_EDGE ( 'NONE', *, *, #2163, .T. ) ;
#315 = CARTESIAN_POINT ( 'NONE',  ( 0.000000000000000000, -19.99999999999998224, -14.99999999999999467 ) ) ;
#316 = DIRECTION ( 'NONE',  ( -0.000000000000000000, -0.000000000000000000, 1.000000000000000000 ) ) ;
#317 = DIRECTION ( 'NONE',  ( -0.000000000000000000, -0.000000000000000000, 1.000000000000000000 ) ) ;
#318 = EDGE_CURVE ( 'NONE', #1814, #2867, #842, .T. ) ;
#319 = EDGE_CURVE ( 'NONE', #1484, #1193, #75, .T. ) ;
#320 = ORIENTED_EDGE ( 'NONE', *, *, #2417, .T. ) ;
#321 = DIRECTION ( 'NONE',  ( 0.3420201433256724322, 0.9396926207859069846, 0.000000000000000000 ) ) ;
#322 = ORIENTED_EDGE ( 'NONE', *, *, #4326, .F. ) ;
#323 = CARTESIAN_POINT ( 'NONE',  ( -80.00000000000004263, -20.00000000000000000, 8.000000000000000000 ) ) ;
#324 = DIRECTION ( 'NONE',  ( 0.000000000000000000, -0.000000000000000000, 1.000000000000000000 ) ) ;
#325 = ORIENTED_EDGE ( 'NONE', *, *, #4701, .T. ) ;
#326 = DIRECTION ( 'NONE',  ( 1.000000000000000000, 0.000000000000000000, 0.000000000000000000 ) ) ;
#327 = ADVANCED_FACE ( 'NONE', ( #2431 ), #3594, .F. ) ;
#328 = DIRECTION ( 'NONE',  ( -1.387778780781445922E-16, 0.000000000000000000, 1.000000000000000000 ) ) ;
#329 = DIRECTION ( 'NONE',  ( -4.336808689942017736E-16, 0.000000000000000000, -1.000000000000000000 ) ) ;
#330 = DIRECTION ( 'NONE',  ( 1.000000000000000000, 0.000000000000000000, 0.000000000000000000 ) ) ;
#331 = ADVANCED_FACE ( 'NONE', ( #1310, #591 ), #2388, .F. ) ;
#332 = ORIENTED_EDGE ( 'NONE', *, *, #4465, .F. ) ;
#333 = DIRECTION ( 'NONE',  ( -0.000000000000000000, 0.000000000000000000, 1.000000000000000000 ) ) ;
#334 = CARTESIAN_POINT ( 'NONE',  ( -34.00000000000003553, -29.99999999999998224, 5.999999999999998224 ) ) ;
#335 = ORIENTED_EDGE ( 'NONE', *, *, #4901, .T. ) ;
#336 = FACE_BOUND ( 'NONE', #203, .T. ) ;
#337 = CARTESIAN_POINT ( 'NONE',  ( 0.000000000000000000, 0.000000000000000000, 0.000000000000000000 ) ) ;
#338 = CARTESIAN_POINT ( 'NONE',  ( -23.74999999999994316, 34.00000000000002842, -23.36526150218867670 ) ) ;
#339 = CARTESIAN_POINT ( 'NONE',  ( 29.99999999999989342, -52.49999999999997868, -40.00000000000011369 ) ) ;
#340 = ORIENTED_EDGE ( 'NONE', *, *, #2487, .F. ) ;
#341 = FACE_OUTER_BOUND ( 'NONE', #3833, .T. ) ;
#342 = ORIENTED_EDGE ( 'NONE', *, *, #622, .F. ) ;
#343 = ADVANCED_FACE ( 'NONE', ( #4763 ), #4366, .F. ) ;
#344 = CARTESIAN_POINT ( 'NONE',  ( -33.51526856335410542, -26.48473204257361147, 9.999999999999998224 ) ) ;
#345 = CARTESIAN_POINT ( 'NONE',  ( -30.00000000000003197, -19.99999999999998934, -40.00000000000000000 ) ) ;
#346 = VERTEX_POINT ( 'NONE', #2407 ) ;
#347 = ORIENTED_EDGE ( 'NONE', *, *, #96, .F. ) ;
#348 = EDGE_CURVE ( 'NONE', #3900, #1178, #4086, .T. ) ;
#349 = CARTESIAN_POINT ( 'NONE',  ( -37.19996111249539439, 21.36808057330269506, 8.000000000000000000 ) ) ;
#350 = CARTESIAN_POINT ( 'NONE',  ( -49.44119062935175890, 20.00000000000000355, 8.000000000000000000 ) ) ;
#351 = CARTESIAN_POINT ( 'NONE',  ( -13.44119062935175535, 20.00000000000000000, 8.000000000000000000 ) ) ;
#352 = DIRECTION ( 'NONE',  ( 1.000000000000000000, 0.000000000000000000, 0.000000000000000000 ) ) ;
#353 = ADVANCED_FACE ( 'NONE', ( #2058, #1705 ), #171, .F. ) ;
#354 = VECTOR ( 'NONE', #4051, 1000.000000000000000 ) ;
#355 = ORIENTED_EDGE ( 'NONE', *, *, #3568, .T. ) ;
#356 = CARTESIAN_POINT ( 'NONE',  ( -90.00000000000004263, -29.99999999999998224, 5.999999999999998224 ) ) ;
#357 = DIRECTION ( 'NONE',  ( -0.000000000000000000, 1.000000000000000000, 0.000000000000000000 ) ) ;
#358 = ORIENTED_EDGE ( 'NONE', *, *, #4852, .F. ) ;
#359 = CARTESIAN_POINT ( 'NONE',  ( -34.00000000000003553, -33.99999999999997868, 10.00000000000000178 ) ) ;
#360 = VECTOR ( 'NONE', #3691, 1000.000000000000000 ) ;
#361 = EDGE_CURVE ( 'NONE', #4555, #1482, #206, .T. ) ;
#362 = LINE ( 'NONE', #3391, #3377 ) ;
#363 = DIRECTION ( 'NONE',  ( 1.000000000000000000, 0.000000000000000000, 0.000000000000000000 ) ) ;
#364 = VECTOR ( 'NONE', #4189, 1000.000000000000000 ) ;
#365 = FILL_AREA_STYLE_COLOUR ( '', #3958 ) ;
#366 = ORIENTED_EDGE ( 'NONE', *, *, #2283, .T. ) ;
#367 = DIRECTION ( 'NONE',  ( 1.000000000000000000, 0.000000000000000000, 0.000000000000000000 ) ) ;
#368 = ORIENTED_EDGE ( 'NONE', *, *, #2255, .T. ) ;
#369 = EDGE_CURVE ( 'NONE', #1452, #1315, #3157, .T. ) ;
#370 = VECTOR ( 'NONE', #1001, 1000.000000000000000 ) ;
#371 = DIRECTION ( 'NONE',  ( 0.000000000000000000, 0.000000000000000000, -1.000000000000000000 ) ) ;
#372 = LINE ( 'NONE', #2561, #3546 ) ;
#373 = CIRCLE ( 'NONE', #2762, 4.000000000000003553 ) ;
#374 = EDGE_CURVE ( 'NONE', #3040, #2608, #1270, .T. ) ;
#375 = ORIENTED_EDGE ( 'NONE', *, *, #1231, .F. ) ;
#376 = VERTEX_POINT ( 'NONE', #3613 ) ;
#377 = VECTOR ( 'NONE', #172, 1000.000000000000000 ) ;
#378 = LINE ( 'NONE', #2238, #1165 ) ;
#379 = FACE_OUTER_BOUND ( 'NONE', #2288, .T. ) ;
#380 = EDGE_CURVE ( 'NONE', #3462, #3856, #2986, .T. ) ;
#381 = ADVANCED_FACE ( 'NONE', ( #2790, #1684 ), #4693, .T. ) ;
#382 = DIRECTION ( 'NONE',  ( -3.826595902890015835E-15, -1.000000000000000000, 0.000000000000000000 ) ) ;
#383 = AXIS2_PLACEMENT_3D ( 'NONE', #2472, #4726, #4289 ) ;
#384 = DIRECTION ( 'NONE',  ( 1.000000000000000000, 0.000000000000000000, 0.000000000000000000 ) ) ;
#385 = AXIS2_PLACEMENT_3D ( 'NONE', #4371, #1019, #1386 ) ;
#386 = VECTOR ( 'NONE', #3918, 1000.000000000000000 ) ;
#387 = VERTEX_POINT ( 'NONE', #4738 ) ;
#388 = CARTESIAN_POINT ( 'NONE',  ( 20.23473143663494156, -26.48473204258461422, 10.00000000000000000 ) ) ;
#389 = VERTEX_POINT ( 'NONE', #1360 ) ;
#390 = ORIENTED_EDGE ( 'NONE', *, *, #1097, .F. ) ;
#391 = DIRECTION ( 'NONE',  ( -0.000000000000000000, 0.000000000000000000, 1.000000000000000000 ) ) ;
#392 = CIRCLE ( 'NONE', #2293, 8.000000000000000000 ) ;
#393 = VECTOR ( 'NONE', #2735, 1000.000000000000000 ) ;
#394 = DIRECTION ( 'NONE',  ( 0.000000000000000000, 1.000000000000000000, -0.000000000000000000 ) ) ;
#395 = CARTESIAN_POINT ( 'NONE',  ( -22.83554973018046752, -29.66012310628320492, 10.00000000000000000 ) ) ;
#396 = DIRECTION ( 'NONE',  ( 0.000000000000000000, 0.000000000000000000, -1.000000000000000000 ) ) ;
#397 = CIRCLE ( 'NONE', #3176, 3.500000000000006661 ) ;
#398 = AXIS2_PLACEMENT_3D ( 'NONE', #2655, #399, #3054 ) ;
#399 = DIRECTION ( 'NONE',  ( -0.000000000000000000, 0.000000000000000000, 1.000000000000000000 ) ) ;
#400 = ADVANCED_FACE ( 'NONE', ( #3204 ), #2861, .F. ) ;
#401 = EDGE_LOOP ( 'NONE', ( #366, #1302 ) ) ;
#402 = DIRECTION ( 'NONE',  ( 1.000000000000000000, 0.000000000000000000, 0.000000000000000000 ) ) ;
#403 = ORIENTED_EDGE ( 'NONE', *, *, #380, .T. ) ;
#404 = CIRCLE ( 'NONE', #3180, 4.000000000000000000 ) ;
#405 = CARTESIAN_POINT ( 'NONE',  ( 70.00000000000000000, 23.00000000000001776, -15.00000000000001243 ) ) ;
#406 = CARTESIAN_POINT ( 'NONE',  ( 80.00000000000000000, -20.00000000000000355, -40.00000000000000000 ) ) ;
#407 = ORIENTED_EDGE ( 'NONE', *, *, #4689, .F. ) ;
#408 = ORIENTED_EDGE ( 'NONE', *, *, #2148, .F. ) ;
#409 = ORIENTED_EDGE ( 'NONE', *, *, #3402, .T. ) ;
#410 = CARTESIAN_POINT ( 'NONE',  ( 28.24122951685634320, -18.63191942669734047, 10.00000000000000000 ) ) ;
#411 = DIRECTION ( 'NONE',  ( -1.000000000000000000, 3.826595902890015835E-15, 0.000000000000000000 ) ) ;
#412 = LINE ( 'NONE', #3748, #42 ) ;
#413 = EDGE_CURVE ( 'NONE', #120, #3856, #4667, .T. ) ;
#414 = EDGE_CURVE ( 'NONE', #4727, #4139, #4317, .T. ) ;
#415 = VERTEX_POINT ( 'NONE', #3224 ) ;
#416 = FACE_OUTER_BOUND ( 'NONE', #2895, .T. ) ;
#417 = ORIENTED_EDGE ( 'NONE', *, *, #932, .F. ) ;
#418 = VERTEX_POINT ( 'NONE', #215 ) ;
#419 = DIRECTION ( 'NONE',  ( 1.000000000000000000, 0.000000000000000000, 0.000000000000000000 ) ) ;
#420 = ADVANCED_FACE ( 'NONE', ( #1730 ), #4271, .T. ) ;
#421 = CARTESIAN_POINT ( 'NONE',  ( 39.99999999999999289, -20.00000000000000355, 0.000000000000000000 ) ) ;
#422 = ADVANCED_FACE ( 'NONE', ( #4807 ), #4115, .T. ) ;
#423 = DIRECTION ( 'NONE',  ( 1.000000000000000000, 0.000000000000000000, 0.000000000000000000 ) ) ;
#424 = DIRECTION ( 'NONE',  ( 0.3420201433256724877, 0.9396926207859069846, 0.000000000000000000 ) ) ;
#425 = DIRECTION ( 'NONE',  ( 0.000000000000000000, 0.000000000000000000, 1.000000000000000000 ) ) ;
#426 = ORIENTED_EDGE ( 'NONE', *, *, #3791, .F. ) ;
#427 = CARTESIAN_POINT ( 'NONE',  ( 46.55880937064824110, 19.99999999999999289, 10.00000000000000000 ) ) ;
#428 = VERTEX_POINT ( 'NONE', #3709 ) ;
#429 = ADVANCED_FACE ( 'NONE', ( #1084, #2553 ), #1851, .T. ) ;
#430 = FACE_OUTER_BOUND ( 'NONE', #1988, .T. ) ;
#431 = DIRECTION ( 'NONE',  ( 1.000000000000000000, 0.000000000000000000, 0.000000000000000000 ) ) ;
#432 = VERTEX_POINT ( 'NONE', #4859 ) ;
#433 = VERTEX_POINT ( 'NONE', #2574 ) ;
#434 = EDGE_CURVE ( 'NONE', #1315, #4602, #851, .T. ) ;
#435 = EDGE_LOOP ( 'NONE', ( #899, #4119, #4044, #3145 ) ) ;
#436 = LINE ( 'NONE', #1248, #2592 ) ;
#437 = CARTESIAN_POINT ( 'NONE',  ( 10.80003888750460916, 21.36808057330268795, 10.00000000000000000 ) ) ;
#438 = ADVANCED_FACE ( 'NONE', ( #4783 ), #2500, .F. ) ;
#439 = VERTEX_POINT ( 'NONE', #4881 ) ;
#440 = DIRECTION ( 'NONE',  ( 1.000000000000000000, 0.000000000000000000, 0.000000000000000000 ) ) ;
#441 = ORIENTED_EDGE ( 'NONE', *, *, #1041, .T. ) ;
#442 = ADVANCED_FACE ( 'NONE', ( #614 ), #1405, .T. ) ;
#443 = VERTEX_POINT ( 'NONE', #664 ) ;
#444 = DIRECTION ( 'NONE',  ( -1.000000000000000000, -0.000000000000000000, -2.081668171172169253E-16 ) ) ;
#445 = DIRECTION ( 'NONE',  ( -0.3420201433256729318, -0.9396926207859067626, 0.000000000000000000 ) ) ;
#446 = CARTESIAN_POINT ( 'NONE',  ( -123.7500000000000426, -43.49999999999997868, -17.50000000000013500 ) ) ;
#447 = LINE ( 'NONE', #4538, #4417 ) ;
#448 = DIRECTION ( 'NONE',  ( -0.000000000000000000, -0.000000000000000000, 1.000000000000000000 ) ) ;
#449 = EDGE_CURVE ( 'NONE', #2069, #3342, #3364, .T. ) ;
#450 = VERTEX_POINT ( 'NONE', #4438 ) ;
#451 = CARTESIAN_POINT ( 'NONE',  ( 14.30999999999996497, -43.49999999999997868, -19.00000000000010658 ) ) ;
#452 = ORIENTED_EDGE ( 'NONE', *, *, #1796, .F. ) ;
#453 = CARTESIAN_POINT ( 'NONE',  ( -14.30000000000007354, 37.32000000000001450, -15.00000000000000000 ) ) ;
#454 = CIRCLE ( 'NONE', #1552, 3.999999999999996447 ) ;
#455 = CARTESIAN_POINT ( 'NONE',  ( 23.75000000000003553, -52.49999999999997868, -39.99999999999998579 ) ) ;
#456 = VERTEX_POINT ( 'NONE', #1431 ) ;
#457 = ORIENTED_EDGE ( 'NONE', *, *, #2754, .F. ) ;
#458 = AXIS2_PLACEMENT_3D ( 'NONE', #4041, #4061, #988 ) ;
#459 = EDGE_LOOP ( 'NONE', ( #3036, #3064, #1213, #1825 ) ) ;
#460 = LINE ( 'NONE', #4603, #287 ) ;
#461 = AXIS2_PLACEMENT_3D ( 'NONE', #4262, #4422, #3889 ) ;
#462 = CARTESIAN_POINT ( 'NONE',  ( 46.55880937064824110, 19.99999999999999289, 8.000000000000000000 ) ) ;
#463 = VECTOR ( 'NONE', #4642, 1000.000000000000114 ) ;
#464 = EDGE_LOOP ( 'NONE', ( #3812, #4014, #510, #823 ) ) ;
#465 = DIRECTION ( 'NONE',  ( 1.000000000000000000, 0.000000000000000000, 0.000000000000000000 ) ) ;
#466 = CIRCLE ( 'NONE', #4741, 2.500000000000002220 ) ;
#467 = ORIENTED_EDGE ( 'NONE', *, *, #1572, .T. ) ;
#468 = LINE ( 'NONE', #4707, #2701 ) ;
#469 = AXIS2_PLACEMENT_3D ( 'NONE', #609, #3267, #4779 ) ;
#470 = DIRECTION ( 'NONE',  ( 0.000000000000000000, -1.000000000000000000, 4.336808689942017736E-16 ) ) ;
#471 = CARTESIAN_POINT ( 'NONE',  ( -23.15604700278763062, -30.26166518123966043, 10.00000000000000000 ) ) ;
#472 = CARTESIAN_POINT ( 'NONE',  ( 85.99999999999995737, 26.00000000000001776, 5.999999999999998224 ) ) ;
#473 = DIRECTION ( 'NONE',  ( 0.000000000000000000, 0.000000000000000000, 1.000000000000000000 ) ) ;
#474 = VECTOR ( 'NONE', #2106, 1000.000000000000114 ) ;
#475 = CIRCLE ( 'NONE', #3245, 3.999999999999976019 ) ;
#476 = ORIENTED_EDGE ( 'NONE', *, *, #58, .F. ) ;
#477 = DIRECTION ( 'NONE',  ( -0.000000000000000000, -0.000000000000000000, 1.000000000000000000 ) ) ;
#478 = CIRCLE ( 'NONE', #1026, 3.999999999999976463 ) ;
#479 =( GEOMETRIC_REPRESENTATION_CONTEXT ( 3 ) GLOBAL_UNCERTAINTY_ASSIGNED_CONTEXT ( ( #2321 ) ) GLOBAL_UNIT_ASSIGNED_CONTEXT ( ( #3393, #740, #3346 ) ) REPRESENTATION_CONTEXT ( 'NONE', 'WORKASPACE' ) );
#480 = CARTESIAN_POINT ( 'NONE',  ( 23.75999999999996604, -43.49999999999997868, -19.00000000000010303 ) ) ;
#481 = ADVANCED_FACE ( 'NONE', ( #715 ), #4083, .F. ) ;
#482 = DIRECTION ( 'NONE',  ( 0.000000000000000000, -0.000000000000000000, 1.000000000000000000 ) ) ;
#483 = DIRECTION ( 'NONE',  ( -0.000000000000000000, 0.000000000000000000, 1.000000000000000000 ) ) ;
#484 = ORIENTED_EDGE ( 'NONE', *, *, #1380, .T. ) ;
#485 = ORIENTED_EDGE ( 'NONE', *, *, #1812, .F. ) ;
#486 = VECTOR ( 'NONE', #2264, 1000.000000000000114 ) ;
#487 = VERTEX_POINT ( 'NONE', #4459 ) ;
#488 = EDGE_CURVE ( 'NONE', #3040, #2736, #2971, .T. ) ;
#489 = CARTESIAN_POINT ( 'NONE',  ( -14.30000000000007354, 37.32000000000001450, -15.00000000000000000 ) ) ;
#490 = DIRECTION ( 'NONE',  ( 1.000000000000000000, 0.000000000000000000, 6.938893903907228378E-17 ) ) ;
#491 = ADVANCED_FACE ( 'NONE', ( #3682 ), #286, .F. ) ;
#492 = ORIENTED_EDGE ( 'NONE', *, *, #2047, .T. ) ;
#493 = CARTESIAN_POINT ( 'NONE',  ( -20.72042192475788269, 26.97045828684184698, 9.999999999999998224 ) ) ;
#494 = ORIENTED_EDGE ( 'NONE', *, *, #4468, .F. ) ;
#495 = LINE ( 'NONE', #2780, #1897 ) ;
#496 = EDGE_CURVE ( 'NONE', #641, #2615, #3689, .T. ) ;
#497 = FACE_OUTER_BOUND ( 'NONE', #211, .T. ) ;
#498 = DIRECTION ( 'NONE',  ( -0.000000000000000000, -0.000000000000000000, 1.000000000000000000 ) ) ;
#499 = CYLINDRICAL_SURFACE ( 'NONE', #3092, 2.600000000000003197 ) ;
#500 = ORIENTED_EDGE ( 'NONE', *, *, #3250, .F. ) ;
#501 = CARTESIAN_POINT ( 'NONE',  ( -18.74999999999994671, 37.32000000000001450, -15.00000000000000000 ) ) ;
#502 = CARTESIAN_POINT ( 'NONE',  ( -45.44119062935175890, 20.00000000000000355, 8.000000000000000000 ) ) ;
#503 = LINE ( 'NONE', #3897, #2376 ) ;
#504 = ORIENTED_EDGE ( 'NONE', *, *, #3721, .T. ) ;
#505 = LINE ( 'NONE', #1638, #1337 ) ;
#506 = VERTEX_POINT ( 'NONE', #2150 ) ;
#507 = ORIENTED_EDGE ( 'NONE', *, *, #3119, .F. ) ;
#508 = CARTESIAN_POINT ( 'NONE',  ( -14.30000000000002558, -19.99999999999998224, -14.99999999999999467 ) ) ;
#509 = DIRECTION ( 'NONE',  ( 0.000000000000000000, 0.000000000000000000, -1.000000000000000000 ) ) ;
#510 = ORIENTED_EDGE ( 'NONE', *, *, #4868, .T. ) ;
#511 = CARTESIAN_POINT ( 'NONE',  ( 24.31500212496083080, -8.849937019605325972, 10.00000000000000000 ) ) ;
#512 = ORIENTED_EDGE ( 'NONE', *, *, #1836, .T. ) ;
#513 = CARTESIAN_POINT ( 'NONE',  ( 39.99999999999999289, -20.00000000000000355, 0.000000000000000000 ) ) ;
#514 = CARTESIAN_POINT ( 'NONE',  ( -30.00000000000003197, 20.00000000000001066, -40.00000000000000000 ) ) ;
#515 = DIRECTION ( 'NONE',  ( -1.000000000000000000, 0.000000000000000000, 0.000000000000000000 ) ) ;
#516 = LINE ( 'NONE', #2051, #154 ) ;
#517 = VERTEX_POINT ( 'NONE', #3271 ) ;
#518 = ADVANCED_FACE ( 'NONE', ( #3316 ), #688, .F. ) ;
#519 = CARTESIAN_POINT ( 'NONE',  ( -32.33945200041578261, 27.73269693091489430, 9.999999999999998224 ) ) ;
#520 = DIRECTION ( 'NONE',  ( -0.3420201433256730983, -0.9396926207859067626, 0.000000000000000000 ) ) ;
#521 = CARTESIAN_POINT ( 'NONE',  ( 66.70006875981617611, -24.27683965208245098, 8.000000000000000000 ) ) ;
#522 = CARTESIAN_POINT ( 'NONE',  ( 23.75999999999996604, -43.49999999999997868, -15.00000000000010125 ) ) ;
#523 = ORIENTED_EDGE ( 'NONE', *, *, #4285, .T. ) ;
#524 = EDGE_CURVE ( 'NONE', #1932, #4769, #1470, .T. ) ;
#525 = DIRECTION ( 'NONE',  ( 0.000000000000000000, 0.000000000000000000, -1.000000000000000000 ) ) ;
#526 = EDGE_LOOP ( 'NONE', ( #3417, #4902, #3730, #2505, #2646 ) ) ;
#527 = VECTOR ( 'NONE', #1589, 1000.000000000000000 ) ;
#528 = CARTESIAN_POINT ( 'NONE',  ( 30.00000000000007105, -52.49999999999997868, 9.999999999999896971 ) ) ;
#529 = LINE ( 'NONE', #3557, #2118 ) ;
#530 = EDGE_CURVE ( 'NONE', #589, #450, #3933, .T. ) ;
#531 = AXIS2_PLACEMENT_3D ( 'NONE', #137, #2514, #3910 ) ;
#532 = ORIENTED_EDGE ( 'NONE', *, *, #3445, .F. ) ;
#533 = CARTESIAN_POINT ( 'NONE',  ( -28.24122951685643912, -21.36808057330270927, 8.000000000000000000 ) ) ;
#534 = AXIS2_PLACEMENT_3D ( 'NONE', #2261, #4125, #726 ) ;
#535 = ADVANCED_FACE ( 'NONE', ( #4514 ), #3442, .T. ) ;
#536 = ORIENTED_EDGE ( 'NONE', *, *, #4285, .F. ) ;
#537 = PLANE ( 'NONE',  #3241 ) ;
#538 = ORIENTED_EDGE ( 'NONE', *, *, #3119, .T. ) ;
#539 = VECTOR ( 'NONE', #1715, 1000.000000000000000 ) ;
#540 = CARTESIAN_POINT ( 'NONE',  ( 44.24122951685634320, -18.63191942669734047, 10.00000000000000000 ) ) ;
#541 = CARTESIAN_POINT ( 'NONE',  ( 0.000000000000000000, -25.99999999999998224, 10.00000000000000000 ) ) ;
#542 = CIRCLE ( 'NONE', #2039, 2.500000000000000444 ) ;
#543 = DIRECTION ( 'NONE',  ( -0.000000000000000000, -0.000000000000000000, 1.000000000000000000 ) ) ;
#544 = LINE ( 'NONE', #3247, #3017 ) ;
#545 = VERTEX_POINT ( 'NONE', #1111 ) ;
#546 = LINE ( 'NONE', #2079, #1976 ) ;
#547 = AXIS2_PLACEMENT_3D ( 'NONE', #4731, #3570, #2426 ) ;
#548 = DIRECTION ( 'NONE',  ( 0.000000000000000000, 0.000000000000000000, -1.000000000000000000 ) ) ;
#549 = EDGE_CURVE ( 'NONE', #3195, #2083, #1876, .T. ) ;
#550 = FACE_OUTER_BOUND ( 'NONE', #20, .T. ) ;
#551 = CIRCLE ( 'NONE', #4589, 4.000000000000003553 ) ;
#552 = AXIS2_PLACEMENT_3D ( 'NONE', #2516, #4378, #1396 ) ;
#553 = CARTESIAN_POINT ( 'NONE',  ( -18.74999999999994671, 37.32000000000001450, -11.00000000000000000 ) ) ;
#554 = EDGE_LOOP ( 'NONE', ( #3536, #2340, #4088, #368 ) ) ;
#555 = CARTESIAN_POINT ( 'NONE',  ( 14.30999999999996497, -43.49999999999997868, -15.00000000000010303 ) ) ;
#556 = ORIENTED_EDGE ( 'NONE', *, *, #1913, .T. ) ;
#557 = CIRCLE ( 'NONE', #4516, 4.000000000000003553 ) ;
#558 = AXIS2_PLACEMENT_3D ( 'NONE', #113, #4615, #3838 ) ;
#559 = CARTESIAN_POINT ( 'NONE',  ( 85.99999999999990052, 30.00000000000001776, -40.00000000000000000 ) ) ;
#560 = EDGE_CURVE ( 'NONE', #2490, #4478, #4613, .T. ) ;
#561 = CARTESIAN_POINT ( 'NONE',  ( -80.00000000000004263, -20.00000000000000000, 8.000000000000000000 ) ) ;
#562 = AXIS2_PLACEMENT_3D ( 'NONE', #1305, #2044, #4658 ) ;
#563 = VECTOR ( 'NONE', #445, 1000.000000000000114 ) ;
#564 = ORIENTED_EDGE ( 'NONE', *, *, #2755, .T. ) ;
#565 = CIRCLE ( 'NONE', #1667, 3.999999999999996447 ) ;
#566 = ORIENTED_EDGE ( 'NONE', *, *, #1938, .F. ) ;
#567 = CARTESIAN_POINT ( 'NONE',  ( -22.06302919348154390, 28.52943728756086372, 10.00000000000000178 ) ) ;
#568 = ORIENTED_EDGE ( 'NONE', *, *, #1264, .F. ) ;
#569 = DIRECTION ( 'NONE',  ( -0.000000000000000000, 1.000000000000000000, -0.000000000000000000 ) ) ;
#570 = DIRECTION ( 'NONE',  ( 0.000000000000000000, -0.000000000000000000, -1.000000000000000000 ) ) ;
#571 = DIRECTION ( 'NONE',  ( -3.854941057726237111E-15, -1.000000000000000000, 0.000000000000000000 ) ) ;
#572 = ORIENTED_EDGE ( 'NONE', *, *, #891, .F. ) ;
#573 = CARTESIAN_POINT ( 'NONE',  ( 0.000000000000000000, 0.000000000000000000, 10.00000000000000000 ) ) ;
#574 = CARTESIAN_POINT ( 'NONE',  ( 0.000000000000000000, 26.00000000000001776, 10.00000000000000000 ) ) ;
#575 = CARTESIAN_POINT ( 'NONE',  ( 16.79746115867358114, -6.113775872999933192, 8.000000000000000000 ) ) ;
#576 = DIRECTION ( 'NONE',  ( -0.000000000000000000, -0.000000000000000000, 1.000000000000000000 ) ) ;
#577 = VERTEX_POINT ( 'NONE', #3785 ) ;
#578 = DIRECTION ( 'NONE',  ( 0.000000000000000000, 0.000000000000000000, 1.000000000000000000 ) ) ;
#579 = ORIENTED_EDGE ( 'NONE', *, *, #2870, .T. ) ;
#580 = ORIENTED_EDGE ( 'NONE', *, *, #3402, .F. ) ;
#581 = LINE ( 'NONE', #997, #1322 ) ;
#582 = ORIENTED_EDGE ( 'NONE', *, *, #2594, .F. ) ;
#583 = ORIENTED_EDGE ( 'NONE', *, *, #1426, .F. ) ;
#584 = DIRECTION ( 'NONE',  ( 0.000000000000000000, 0.000000000000000000, 1.000000000000000000 ) ) ;
#585 = ORIENTED_EDGE ( 'NONE', *, *, #4793, .F. ) ;
#586 = CARTESIAN_POINT ( 'NONE',  ( -14.29999999999995630, 20.00000000000001776, 0.000000000000000000 ) ) ;
#587 = DIRECTION ( 'NONE',  ( -0.000000000000000000, -0.000000000000000000, 1.000000000000000000 ) ) ;
#588 = DIRECTION ( 'NONE',  ( -1.000000000000000000, 3.826595902890015835E-15, 0.000000000000000000 ) ) ;
#589 = VERTEX_POINT ( 'NONE', #737 ) ;
#590 = FACE_OUTER_BOUND ( 'NONE', #1909, .T. ) ;
#591 = FACE_OUTER_BOUND ( 'NONE', #1714, .T. ) ;
#592 = CARTESIAN_POINT ( 'NONE',  ( 29.99999999999989342, -33.99999999999998579, -40.00000000000011369 ) ) ;
#593 = DIRECTION ( 'NONE',  ( -0.000000000000000000, -0.000000000000000000, 1.000000000000000000 ) ) ;
#594 = EDGE_CURVE ( 'NONE', #3961, #1565, #1950, .T. ) ;
#595 = ORIENTED_EDGE ( 'NONE', *, *, #2004, .F. ) ;
#596 = DIRECTION ( 'NONE',  ( -0.000000000000000000, 0.000000000000000000, 1.000000000000000000 ) ) ;
#597 = VERTEX_POINT ( 'NONE', #1978 ) ;
#598 = ORIENTED_EDGE ( 'NONE', *, *, #1562, .T. ) ;
#599 = VECTOR ( 'NONE', #1643, 1000.000000000000000 ) ;
#600 = CARTESIAN_POINT ( 'NONE',  ( -5.199961112495394389, 21.36808057330268795, 8.000000000000000000 ) ) ;
#601 = ORIENTED_EDGE ( 'NONE', *, *, #129, .T. ) ;
#602 = CIRCLE ( 'NONE', #123, 4.000000000000000000 ) ;
#603 = AXIS2_PLACEMENT_3D ( 'NONE', #2628, #3756, #67 ) ;
#604 = EDGE_CURVE ( 'NONE', #3256, #2640, #3498, .T. ) ;
#605 = CARTESIAN_POINT ( 'NONE',  ( 19.75877048314357864, -21.36808057330271637, 10.00000000000000000 ) ) ;
#606 = DIRECTION ( 'NONE',  ( 1.000000000000000000, 0.000000000000000000, 2.081668171172169006E-16 ) ) ;
#607 = AXIS2_PLACEMENT_3D ( 'NONE', #1543, #1641, #2723 ) ;
#608 = ADVANCED_FACE ( 'NONE', ( #2354 ), #3075, .T. ) ;
#609 = CARTESIAN_POINT ( 'NONE',  ( 70.00000000000000000, 20.00000000000001776, -15.00000000000001243 ) ) ;
#610 = CARTESIAN_POINT ( 'NONE',  ( -30.00000000000003908, -43.49999999999997868, -17.50000000000011724 ) ) ;
#611 = EDGE_LOOP ( 'NONE', ( #4862, #375, #2139, #2800 ) ) ;
#612 = CARTESIAN_POINT ( 'NONE',  ( -14.30000000000007354, 37.32000000000001450, -17.49999999999999645 ) ) ;
#613 = VECTOR ( 'NONE', #1810, 1000.000000000000000 ) ;
#614 = FACE_OUTER_BOUND ( 'NONE', #3163, .T. ) ;
#615 = DIRECTION ( 'NONE',  ( -0.3420201433256730428, -0.9396926207859067626, 0.000000000000000000 ) ) ;
#616 = DIRECTION ( 'NONE',  ( 0.000000000000000000, 0.000000000000000000, -1.000000000000000000 ) ) ;
#617 = AXIS2_PLACEMENT_3D ( 'NONE', #521, #2501, #615 ) ;
#618 = ORIENTED_EDGE ( 'NONE', *, *, #4220, .F. ) ;
#619 = CARTESIAN_POINT ( 'NONE',  ( 30.00000000000007105, -52.49999999999997868, 9.999999999999896971 ) ) ;
#620 = VERTEX_POINT ( 'NONE', #2249 ) ;
#621 = EDGE_CURVE ( 'NONE', #1516, #2688, #762, .T. ) ;
#622 = EDGE_CURVE ( 'NONE', #4914, #1727, #362, .T. ) ;
#623 = VECTOR ( 'NONE', #756, 1000.000000000000000 ) ;
#624 = ORIENTED_EDGE ( 'NONE', *, *, #1694, .T. ) ;
#625 = CARTESIAN_POINT ( 'NONE',  ( -80.00000000000000000, 20.00000000000000000, -40.00000000000000000 ) ) ;
#626 = CIRCLE ( 'NONE', #2209, 4.000000000000003553 ) ;
#627 = ORIENTED_EDGE ( 'NONE', *, *, #3322, .T. ) ;
#628 = VECTOR ( 'NONE', #4849, 1000.000000000000000 ) ;
#629 = APPLICATION_PROTOCOL_DEFINITION ( 'draft international standard', 'automotive_design', 1998, #30 ) ;
#630 = EDGE_CURVE ( 'NONE', #219, #3049, #3420, .T. ) ;
#631 = CIRCLE ( 'NONE', #3636, 8.000000000000000000 ) ;
#632 = LINE ( 'NONE', #514, #370 ) ;
#633 = VECTOR ( 'NONE', #2931, 1000.000000000000000 ) ;
#634 = DIRECTION ( 'NONE',  ( 0.000000000000000000, 0.000000000000000000, 1.000000000000000000 ) ) ;
#635 = CARTESIAN_POINT ( 'NONE',  ( 19.75000000000004263, -25.99999999999998224, 10.00000000000000000 ) ) ;
#636 = AXIS2_PLACEMENT_3D ( 'NONE', #2165, #3306, #2962 ) ;
#637 = EDGE_CURVE ( 'NONE', #439, #2886, #4729, .T. ) ;
#638 = ORIENTED_EDGE ( 'NONE', *, *, #932, .T. ) ;
#639 = LINE ( 'NONE', #2169, #2373 ) ;
#640 = DIRECTION ( 'NONE',  ( -0.000000000000000000, 0.000000000000000000, 1.000000000000000000 ) ) ;
#641 = VERTEX_POINT ( 'NONE', #1554 ) ;
#642 = DIRECTION ( 'NONE',  ( 0.000000000000000000, 0.000000000000000000, -1.000000000000000000 ) ) ;
#643 = DIRECTION ( 'NONE',  ( 2.081668171172169006E-16, 0.000000000000000000, -1.000000000000000000 ) ) ;
#644 = CARTESIAN_POINT ( 'NONE',  ( -22.73604837141320090, 31.33851261066671157, -15.00000000000000000 ) ) ;
#645 = FACE_OUTER_BOUND ( 'NONE', #3646, .T. ) ;
#646 = ORIENTED_EDGE ( 'NONE', *, *, #3548, .F. ) ;
#647 = CARTESIAN_POINT ( 'NONE',  ( -35.75877048314365680, -18.63191942669732981, 10.00000000000000000 ) ) ;
#648 = EDGE_LOOP ( 'NONE', ( #1475, #3284, #2796, #1803 ) ) ;
#649 = CYLINDRICAL_SURFACE ( 'NONE', #4648, 2.600000000000003197 ) ;
#650 = FACE_OUTER_BOUND ( 'NONE', #3722, .T. ) ;
#651 = EDGE_CURVE ( 'NONE', #415, #3598, #1319, .T. ) ;
#652 = VERTEX_POINT ( 'NONE', #817 ) ;
#653 =( NAMED_UNIT ( * ) PLANE_ANGLE_UNIT ( ) SI_UNIT ( $, .RADIAN. ) );
#654 = CARTESIAN_POINT ( 'NONE',  ( 2.317579853791875255, 18.63191942669730494, 8.000000000000000000 ) ) ;
#655 = CARTESIAN_POINT ( 'NONE',  ( 70.00000000000000000, 23.00000000000001776, -18.50000000000002132 ) ) ;
#656 = EDGE_CURVE ( 'NONE', #4310, #1440, #1002, .T. ) ;
#657 = CARTESIAN_POINT ( 'NONE',  ( 39.99999999999999289, -20.00000000000000355, -40.00000000000000000 ) ) ;
#658 = PLANE ( 'NONE',  #711 ) ;
#659 = VERTEX_POINT ( 'NONE', #2330 ) ;
#660 = DIRECTION ( 'NONE',  ( 1.000000000000000000, 0.000000000000000000, 1.110223024625155554E-15 ) ) ;
#661 = DIRECTION ( 'NONE',  ( -0.000000000000000000, -1.000000000000000000, -0.000000000000000000 ) ) ;
#662 = ORIENTED_EDGE ( 'NONE', *, *, #361, .F. ) ;
#663 = DIRECTION ( 'NONE',  ( 0.000000000000000000, 0.000000000000000000, -1.000000000000000000 ) ) ;
#664 = CARTESIAN_POINT ( 'NONE',  ( 67.75877048314357864, -21.36808057330271282, 10.00000000000000000 ) ) ;
#665 = DIRECTION ( 'NONE',  ( -0.000000000000000000, 0.000000000000000000, 1.000000000000000000 ) ) ;
#666 = PLANE ( 'NONE',  #2782 ) ;
#667 = EDGE_CURVE ( 'NONE', #3430, #3913, #3836, .T. ) ;
#668 = ORIENTED_EDGE ( 'NONE', *, *, #3909, .F. ) ;
#669 = DIRECTION ( 'NONE',  ( 0.000000000000000000, -0.000000000000000000, -1.000000000000000000 ) ) ;
#670 = ORIENTED_EDGE ( 'NONE', *, *, #1004, .F. ) ;
#671 = CARTESIAN_POINT ( 'NONE',  ( -90.00000000000004263, 26.00000000000001776, 5.999999999999998224 ) ) ;
#672 = DIRECTION ( 'NONE',  ( -0.000000000000000000, 0.000000000000000000, 1.000000000000000000 ) ) ;
#673 = ADVANCED_FACE ( 'NONE', ( #2914 ), #2543, .T. ) ;
#674 = ORIENTED_EDGE ( 'NONE', *, *, #4605, .T. ) ;
#675 = DIRECTION ( 'NONE',  ( -0.000000000000000000, -0.000000000000000000, 1.000000000000000000 ) ) ;
#676 = DIRECTION ( 'NONE',  ( -0.000000000000000000, -1.000000000000000000, -0.000000000000000000 ) ) ;
#677 = DIRECTION ( 'NONE',  ( 1.000000000000000000, -0.000000000000000000, 0.000000000000000000 ) ) ;
#678 = VECTOR ( 'NONE', #4889, 1000.000000000000000 ) ;
#679 = EDGE_CURVE ( 'NONE', #346, #659, #2756, .T. ) ;
#680 = EDGE_CURVE ( 'NONE', #1193, #506, #3569, .T. ) ;
#681 = ORIENTED_EDGE ( 'NONE', *, *, #903, .T. ) ;
#682 = CARTESIAN_POINT ( 'NONE',  ( 28.24122951685634320, -18.63191942669734047, 8.000000000000000000 ) ) ;
#683 = CYLINDRICAL_SURFACE ( 'NONE', #1277, 4.000000000000003553 ) ;
#684 = VECTOR ( 'NONE', #4292, 1000.000000000000000 ) ;
#685 = EDGE_LOOP ( 'NONE', ( #4242, #1490, #4578, #507 ) ) ;
#686 = DIRECTION ( 'NONE',  ( -0.000000000000000000, 1.000000000000000000, -0.000000000000000000 ) ) ;
#687 = EDGE_CURVE ( 'NONE', #2835, #71, #4173, .T. ) ;
#688 = CYLINDRICAL_SURFACE ( 'NONE', #3147, 3.999999999999976019 ) ;
#689 = CARTESIAN_POINT ( 'NONE',  ( -22.99359219667632814, 31.65386915711638238, -17.95708192916900003 ) ) ;
#690 = FILL_AREA_STYLE ('',( #365 ) ) ;
#691 = ORIENTED_EDGE ( 'NONE', *, *, #3484, .F. ) ;
#692 = DIRECTION ( 'NONE',  ( 1.000000000000000000, 0.000000000000000000, 0.000000000000000000 ) ) ;
#693 = ORIENTED_EDGE ( 'NONE', *, *, #4869, .T. ) ;
#694 = EDGE_CURVE ( 'NONE', #3302, #4704, #2432, .T. ) ;
#695 = DIRECTION ( 'NONE',  ( 0.3420201433256724322, 0.9396926207859069846, 0.000000000000000000 ) ) ;
#696 = DIRECTION ( 'NONE',  ( 0.000000000000000000, 0.000000000000000000, 1.000000000000000000 ) ) ;
#697 = VECTOR ( 'NONE', #1652, 1000.000000000000000 ) ;
#698 = ORIENTED_EDGE ( 'NONE', *, *, #2422, .T. ) ;
#699 = VECTOR ( 'NONE', #1008, 1000.000000000000114 ) ;
#700 = DIRECTION ( 'NONE',  ( -0.000000000000000000, -0.000000000000000000, 1.000000000000000000 ) ) ;
#701 = LINE ( 'NONE', #2875, #1573 ) ;
#702 = AXIS2_PLACEMENT_3D ( 'NONE', #1067, #4089, #4015 ) ;
#703 = CIRCLE ( 'NONE', #946, 4.000000000000001776 ) ;
#704 = LINE ( 'NONE', #2644, #486 ) ;
#705 = FACE_OUTER_BOUND ( 'NONE', #4229, .T. ) ;
#706 = CIRCLE ( 'NONE', #3091, 3.999999999999976019 ) ;
#707 = AXIS2_PLACEMENT_3D ( 'NONE', #1908, #4265, #3079 ) ;
#708 = ORIENTED_EDGE ( 'NONE', *, *, #3674, .T. ) ;
#709 = CARTESIAN_POINT ( 'NONE',  ( -30.00000000000003197, -52.49999999999997868, -40.00000000000000000 ) ) ;
#710 = LINE ( 'NONE', #2598, #4600 ) ;
#711 = AXIS2_PLACEMENT_3D ( 'NONE', #2096, #606, #2073 ) ;
#712 = VECTOR ( 'NONE', #2590, 1000.000000000000000 ) ;
#713 = ORIENTED_EDGE ( 'NONE', *, *, #4331, .F. ) ;
#714 = PLANE ( 'NONE',  #869 ) ;
#715 = FACE_OUTER_BOUND ( 'NONE', #1417, .T. ) ;
#716 = CARTESIAN_POINT ( 'NONE',  ( -23.73221915346547206, 33.61128913819106856, -7.277701745422954005 ) ) ;
#717 = EDGE_CURVE ( 'NONE', #1887, #1007, #2832, .T. ) ;
#718 = VERTEX_POINT ( 'NONE', #3934 ) ;
#719 = DIRECTION ( 'NONE',  ( -0.000000000000000000, 0.000000000000000000, 1.000000000000000000 ) ) ;
#720 = VERTEX_POINT ( 'NONE', #1232 ) ;
#721 = CARTESIAN_POINT ( 'NONE',  ( -32.33942585429050354, -27.73272684473836236, 10.00000000000000000 ) ) ;
#722 = LINE ( 'NONE', #2981, #4737 ) ;
#723 = EDGE_LOOP ( 'NONE', ( #882, #3174, #681, #598, #4227 ) ) ;
#724 = EDGE_CURVE ( 'NONE', #1669, #2519, #4687, .T. ) ;
#725 = VERTEX_POINT ( 'NONE', #2049 ) ;
#726 = DIRECTION ( 'NONE',  ( 0.000000000000000000, 0.000000000000000000, 1.000000000000000000 ) ) ;
#727 = FACE_OUTER_BOUND ( 'NONE', #803, .T. ) ;
#728 = EDGE_CURVE ( 'NONE', #4454, #309, #2804, .T. ) ;
#729 = DIRECTION ( 'NONE',  ( 0.000000000000000000, 1.000000000000000000, -0.000000000000000000 ) ) ;
#730 = DIRECTION ( 'NONE',  ( 1.000000000000000000, 0.000000000000000000, 0.000000000000000000 ) ) ;
#731 = ORIENTED_EDGE ( 'NONE', *, *, #3426, .T. ) ;
#732 = LINE ( 'NONE', #4903, #3308 ) ;
#733 = CARTESIAN_POINT ( 'NONE',  ( 23.75999999999996604, -43.49999999999997868, -15.00000000000010125 ) ) ;
#734 = EDGE_CURVE ( 'NONE', #3275, #4509, #632, .T. ) ;
#735 = EDGE_LOOP ( 'NONE', ( #2473, #799, #3332, #3416 ) ) ;
#736 = DIRECTION ( 'NONE',  ( -0.000000000000000000, -0.000000000000000000, 1.000000000000000000 ) ) ;
#737 = CARTESIAN_POINT ( 'NONE',  ( 89.99999999999995737, -25.99999999999998224, 6.000000000000000000 ) ) ;
#738 = EDGE_CURVE ( 'NONE', #4259, #1577, #2115, .T. ) ;
#739 = FACE_OUTER_BOUND ( 'NONE', #4804, .T. ) ;
#740 =( NAMED_UNIT ( * ) PLANE_ANGLE_UNIT ( ) SI_UNIT ( $, .RADIAN. ) );
#741 = ORIENTED_EDGE ( 'NONE', *, *, #3334, .T. ) ;
#742 = DIRECTION ( 'NONE',  ( 1.000000000000000000, -0.000000000000000000, 2.081668171172169006E-16 ) ) ;
#743 = ORIENTED_EDGE ( 'NONE', *, *, #4760, .F. ) ;
#744 = DIRECTION ( 'NONE',  ( -1.000000000000000000, 3.826595902890015835E-15, 0.000000000000000000 ) ) ;
#745 = EDGE_CURVE ( 'NONE', #4593, #2010, #91, .T. ) ;
#746 = EDGE_CURVE ( 'NONE', #176, #4602, #1605, .T. ) ;
#747 = CYLINDRICAL_SURFACE ( 'NONE', #3303, 2.500000000000000444 ) ;
#748 = ORIENTED_EDGE ( 'NONE', *, *, #3668, .F. ) ;
#749 = EDGE_LOOP ( 'NONE', ( #1180, #290, #3563, #3121 ) ) ;
#750 = CARTESIAN_POINT ( 'NONE',  ( -17.44119062935175890, 20.00000000000000000, 8.000000000000000000 ) ) ;
#751 = DIRECTION ( 'NONE',  ( -0.000000000000000000, 0.000000000000000000, 1.000000000000000000 ) ) ;
#752 = FACE_OUTER_BOUND ( 'NONE', #4553, .T. ) ;
#753 = LINE ( 'NONE', #4899, #1545 ) ;
#754 = EDGE_CURVE ( 'NONE', #3398, #545, #1031, .T. ) ;
#755 = ORIENTED_EDGE ( 'NONE', *, *, #1274, .F. ) ;
#756 = DIRECTION ( 'NONE',  ( -0.000000000000000000, -0.000000000000000000, 1.000000000000000000 ) ) ;
#757 = EDGE_LOOP ( 'NONE', ( #165, #1162, #4133, #4833 ) ) ;
#758 = ORIENTED_EDGE ( 'NONE', *, *, #2022, .F. ) ;
#759 = DIRECTION ( 'NONE',  ( -1.000000000000000000, 0.000000000000000000, 0.000000000000000000 ) ) ;
#760 = CIRCLE ( 'NONE', #3534, 3.999999999999976019 ) ;
#761 = CARTESIAN_POINT ( 'NONE',  ( 33.03588327494806265, -26.97615571294991454, 9.999999999999998224 ) ) ;
#762 = LINE ( 'NONE', #1906, #2753 ) ;
#763 = DIRECTION ( 'NONE',  ( 0.000000000000000000, 0.000000000000000000, 1.000000000000000000 ) ) ;
#764 = AXIS2_PLACEMENT_3D ( 'NONE', #890, #1765, #4794 ) ;
#765 = LINE ( 'NONE', #3787, #2536 ) ;
#766 = ORIENTED_EDGE ( 'NONE', *, *, #3879, .T. ) ;
#767 = LINE ( 'NONE', #822, #1425 ) ;
#768 = EDGE_LOOP ( 'NONE', ( #4302, #169, #2802, #1130 ) ) ;
#769 = AXIS2_PLACEMENT_3D ( 'NONE', #2617, #1123, #1786 ) ;
#770 = CARTESIAN_POINT ( 'NONE',  ( 14.30999999999996497, -43.49999999999997868, -12.50000000000010303 ) ) ;
#771 = LINE ( 'NONE', #2764, #4657 ) ;
#772 = AXIS2_PLACEMENT_3D ( 'NONE', #1216, #2285, #2739 ) ;
#773 = ORIENTED_EDGE ( 'NONE', *, *, #1913, .F. ) ;
#774 = ORIENTED_EDGE ( 'NONE', *, *, #4114, .T. ) ;
#775 = EDGE_CURVE ( 'NONE', #2379, #2419, #3151, .T. ) ;
#776 = AXIS2_PLACEMENT_3D ( 'NONE', #4334, #185, #4380 ) ;
#777 = ORIENTED_EDGE ( 'NONE', *, *, #818, .F. ) ;
#778 = CARTESIAN_POINT ( 'NONE',  ( -29.99999999999994316, 34.00000000000000000, 5.999999999999998224 ) ) ;
#779 = DIRECTION ( 'NONE',  ( 1.000000000000000000, 0.000000000000000000, 0.000000000000000000 ) ) ;
#780 = EDGE_CURVE ( 'NONE', #1534, #3275, #111, .T. ) ;
#781 = EDGE_CURVE ( 'NONE', #3462, #34, #3540, .T. ) ;
#782 = CARTESIAN_POINT ( 'NONE',  ( -23.74999999999989697, 46.32000000000001450, -15.00000000000000000 ) ) ;
#783 = VECTOR ( 'NONE', #2768, 1000.000000000000114 ) ;
#784 = VECTOR ( 'NONE', #2793, 1000.000000000000000 ) ;
#785 = ORIENTED_EDGE ( 'NONE', *, *, #1723, .T. ) ;
#786 = CARTESIAN_POINT ( 'NONE',  ( 21.63436203214415343, -27.99253839766834062, 10.00000000000000000 ) ) ;
#787 = ORIENTED_EDGE ( 'NONE', *, *, #380, .F. ) ;
#788 = VERTEX_POINT ( 'NONE', #4396 ) ;
#789 = DIRECTION ( 'NONE',  ( -1.000000000000000000, 0.000000000000000000, 0.000000000000000000 ) ) ;
#790 = AXIS2_PLACEMENT_3D ( 'NONE', #2385, #3864, #3471 ) ;
#791 = CARTESIAN_POINT ( 'NONE',  ( 70.00000000000000000, 20.00000000000001776, -17.60000000000001563 ) ) ;
#792 = CARTESIAN_POINT ( 'NONE',  ( -51.75877048314366391, -18.63191942669734402, 8.000000000000000000 ) ) ;
#793 = DIRECTION ( 'NONE',  ( 1.000000000000000000, 0.000000000000000000, 0.000000000000000000 ) ) ;
#794 = AXIS2_PLACEMENT_3D ( 'NONE', #3283, #4798, #3673 ) ;
#795 = CIRCLE ( 'NONE', #1889, 4.000000000000000000 ) ;
#796 = LINE ( 'NONE', #1981, #4678 ) ;
#797 = ORIENTED_EDGE ( 'NONE', *, *, #3266, .F. ) ;
#798 = CARTESIAN_POINT ( 'NONE',  ( -123.7500000000000426, -43.49999999999997868, -15.00000000000013323 ) ) ;
#799 = ORIENTED_EDGE ( 'NONE', *, *, #728, .F. ) ;
#800 = AXIS2_PLACEMENT_3D ( 'NONE', #2392, #2062, #1275 ) ;
#801 = CARTESIAN_POINT ( 'NONE',  ( -70.00000000000000000, 23.00000000000001776, -17.59999999999998366 ) ) ;
#802 = FACE_OUTER_BOUND ( 'NONE', #2953, .T. ) ;
#803 = EDGE_LOOP ( 'NONE', ( #4647, #484, #4654, #2008 ) ) ;
#804 = ADVANCED_FACE ( 'NONE', ( #497, #1999 ), #3517, .F. ) ;
#805 = ORIENTED_EDGE ( 'NONE', *, *, #3358, .F. ) ;
#806 = ORIENTED_EDGE ( 'NONE', *, *, #651, .T. ) ;
#807 = DIRECTION ( 'NONE',  ( 0.000000000000000000, 0.000000000000000000, 1.000000000000000000 ) ) ;
#808 = EDGE_CURVE ( 'NONE', #4212, #2839, #1817, .T. ) ;
#809 = CARTESIAN_POINT ( 'NONE',  ( 80.00000000000000000, 19.99999999999999645, -40.00000000000000000 ) ) ;
#810 = EDGE_CURVE ( 'NONE', #2640, #1614, #2187, .T. ) ;
#811 = VERTEX_POINT ( 'NONE', #3354 ) ;
#812 = PLANE ( 'NONE',  #4273 ) ;
#813 = ORIENTED_EDGE ( 'NONE', *, *, #4114, .F. ) ;
#814 = VERTEX_POINT ( 'NONE', #4528 ) ;
#815 = DIRECTION ( 'NONE',  ( -0.000000000000000000, 1.000000000000000000, -0.000000000000000000 ) ) ;
#816 = CARTESIAN_POINT ( 'NONE',  ( -86.00000000000002842, -25.99999999999998224, 10.00000000000000000 ) ) ;
#817 = CARTESIAN_POINT ( 'NONE',  ( -4.300000000000025580, -19.99999999999998224, -14.99999999999999467 ) ) ;
#818 = EDGE_CURVE ( 'NONE', #1429, #115, #2985, .T. ) ;
#819 = DIRECTION ( 'NONE',  ( -0.000000000000000000, -0.000000000000000000, 1.000000000000000000 ) ) ;
#820 = CARTESIAN_POINT ( 'NONE',  ( 70.00000000000000000, 23.00000000000001776, -15.00000000000001243 ) ) ;
#821 = EDGE_LOOP ( 'NONE', ( #1045, #624, #1735, #662, #3997, #1332 ) ) ;
#822 = CARTESIAN_POINT ( 'NONE',  ( -35.75877048314365680, -18.63191942669732981, 8.000000000000000000 ) ) ;
#823 = ORIENTED_EDGE ( 'NONE', *, *, #4736, .T. ) ;
#824 = DIRECTION ( 'NONE',  ( -4.163336342344333082E-15, -1.000000000000000000, 0.000000000000000000 ) ) ;
#825 = EDGE_CURVE ( 'NONE', #506, #2236, #4493, .T. ) ;
#826 = DIRECTION ( 'NONE',  ( 1.000000000000000000, 0.000000000000000000, 6.938893903907228378E-17 ) ) ;
#827 = ORIENTED_EDGE ( 'NONE', *, *, #4540, .T. ) ;
#828 = VERTEX_POINT ( 'NONE', #778 ) ;
#829 = ORIENTED_EDGE ( 'NONE', *, *, #4326, .T. ) ;
#830 = DIRECTION ( 'NONE',  ( 1.000000000000000000, 0.000000000000000000, 1.387778780781445922E-16 ) ) ;
#831 = DIRECTION ( 'NONE',  ( 1.000000000000000000, 0.000000000000000000, 0.000000000000000000 ) ) ;
#832 = VERTEX_POINT ( 'NONE', #1420 ) ;
#833 = DIRECTION ( 'NONE',  ( -0.3420201433256728762, -0.9396926207859067626, 0.000000000000000000 ) ) ;
#834 = EDGE_LOOP ( 'NONE', ( #3055, #1387, #2411, #910 ) ) ;
#835 = ORIENTED_EDGE ( 'NONE', *, *, #55, .T. ) ;
#836 = DIRECTION ( 'NONE',  ( -1.000000000000000000, 0.000000000000000000, 0.000000000000000000 ) ) ;
#837 = AXIS2_PLACEMENT_3D ( 'NONE', #2013, #490, #509 ) ;
#838 = LINE ( 'NONE', #2353, #1505 ) ;
#839 = CARTESIAN_POINT ( 'NONE',  ( -21.41054799958419608, -27.73269693091485522, 10.00000000000000000 ) ) ;
#840 = LINE ( 'NONE', #4240, #4898 ) ;
#841 = DIRECTION ( 'NONE',  ( -0.000000000000000000, -1.000000000000000000, -0.000000000000000000 ) ) ;
#842 = CIRCLE ( 'NONE', #4567, 2.499999999999998668 ) ;
#843 = ORIENTED_EDGE ( 'NONE', *, *, #2593, .F. ) ;
#844 = FACE_BOUND ( 'NONE', #3688, .T. ) ;
#845 = CARTESIAN_POINT ( 'NONE',  ( -23.75000000000007461, 9.088165269363815455E-14, 10.00000000000000178 ) ) ;
#846 = VECTOR ( 'NONE', #3796, 1000.000000000000000 ) ;
#847 = CARTESIAN_POINT ( 'NONE',  ( 38.44335766991260783, -13.99223789709769683, 8.000000000000000000 ) ) ;
#848 = CARTESIAN_POINT ( 'NONE',  ( -4.299999999999957190, 30.00000000000001776, -5.000000000000016875 ) ) ;
#849 = EDGE_LOOP ( 'NONE', ( #62, #1777, #556, #192 ) ) ;
#850 = ORIENTED_EDGE ( 'NONE', *, *, #825, .T. ) ;
#851 = CIRCLE ( 'NONE', #126, 4.000000000000003553 ) ;
#852 = EDGE_CURVE ( 'NONE', #1974, #2721, #2641, .T. ) ;
#853 = VERTEX_POINT ( 'NONE', #4 ) ;
#854 = DIRECTION ( 'NONE',  ( 0.000000000000000000, 0.000000000000000000, -1.000000000000000000 ) ) ;
#855 = CIRCLE ( 'NONE', #4732, 3.500000000000008438 ) ;
#856 = EDGE_CURVE ( 'NONE', #487, #2905, #3304, .T. ) ;
#857 = CARTESIAN_POINT ( 'NONE',  ( 31.99999999999995737, -20.00000000000001066, 8.000000000000000000 ) ) ;
#858 = CIRCLE ( 'NONE', #2195, 4.000000000000000000 ) ;
#859 = ORIENTED_EDGE ( 'NONE', *, *, #3799, .T. ) ;
#860 = LINE ( 'NONE', #1324, #4421 ) ;
#861 = AXIS2_PLACEMENT_3D ( 'NONE', #2629, #665, #2250 ) ;
#862 = ORIENTED_EDGE ( 'NONE', *, *, #3350, .F. ) ;
#863 = FACE_OUTER_BOUND ( 'NONE', #2949, .T. ) ;
#864 = VECTOR ( 'NONE', #4507, 1000.000000000000000 ) ;
#865 = CARTESIAN_POINT ( 'NONE',  ( -65.44119062935176601, 20.00000000000000355, 8.000000000000000000 ) ) ;
#866 = DIRECTION ( 'NONE',  ( 0.000000000000000000, -0.000000000000000000, 1.000000000000000000 ) ) ;
#867 = ADVANCED_FACE ( 'NONE', ( #4895 ), #1863, .F. ) ;
#868 = DIRECTION ( 'NONE',  ( -0.000000000000000000, -0.000000000000000000, -1.000000000000000000 ) ) ;
#869 = AXIS2_PLACEMENT_3D ( 'NONE', #2709, #4880, #4906 ) ;
#870 = CIRCLE ( 'NONE', #4590, 4.000000000000003553 ) ;
#871 = ORIENTED_EDGE ( 'NONE', *, *, #4708, .T. ) ;
#872 = CARTESIAN_POINT ( 'NONE',  ( 23.75000000000003553, -33.99999999999997868, 5.999999999999996447 ) ) ;
#873 = VECTOR ( 'NONE', #889, 1000.000000000000000 ) ;
#874 = VECTOR ( 'NONE', #2878, 1000.000000000000114 ) ;
#875 = DIRECTION ( 'NONE',  ( 1.000000000000000000, 0.000000000000000000, 2.081668171172169006E-16 ) ) ;
#876 = CARTESIAN_POINT ( 'NONE',  ( 31.99999999999995737, -20.00000000000001066, 8.000000000000000000 ) ) ;
#877 = CARTESIAN_POINT ( 'NONE',  ( 3.758770483143567542, -21.36808057330270572, 8.000000000000000000 ) ) ;
#878 = EDGE_LOOP ( 'NONE', ( #2335, #3509, #3034, #2071 ) ) ;
#879 = CARTESIAN_POINT ( 'NONE',  ( -23.75000000000003553, -25.99999999999998224, 5.999999999999999112 ) ) ;
#880 = EDGE_LOOP ( 'NONE', ( #457, #2958, #1792, #332, #2681 ) ) ;
#881 = AXIS2_PLACEMENT_3D ( 'NONE', #4314, #3967, #2075 ) ;
#882 = ORIENTED_EDGE ( 'NONE', *, *, #2959, .T. ) ;
#883 = CARTESIAN_POINT ( 'NONE',  ( 70.00000000000000000, 30.00000000000001776, -15.00000000000001243 ) ) ;
#884 = EDGE_CURVE ( 'NONE', #3202, #71, #4070, .T. ) ;
#885 = LINE ( 'NONE', #3829, #4163 ) ;
#886 = EDGE_LOOP ( 'NONE', ( #4645, #3584, #2032, #3309 ) ) ;
#887 = CARTESIAN_POINT ( 'NONE',  ( -70.00000000000000000, 23.00000000000001776, -14.99999999999999467 ) ) ;
#888 = ORIENTED_EDGE ( 'NONE', *, *, #3183, .T. ) ;
#889 = DIRECTION ( 'NONE',  ( 3.826595902890015835E-15, 1.000000000000000000, 0.000000000000000000 ) ) ;
#890 = CARTESIAN_POINT ( 'NONE',  ( 0.000000000000000000, 0.000000000000000000, 8.000000000000000000 ) ) ;
#891 = EDGE_CURVE ( 'NONE', #1082, #2370, #1841, .T. ) ;
#892 = CYLINDRICAL_SURFACE ( 'NONE', #1567, 4.000000000000003553 ) ;
#893 = LINE ( 'NONE', #1289, #4826 ) ;
#894 = ORIENTED_EDGE ( 'NONE', *, *, #4145, .F. ) ;
#895 = CARTESIAN_POINT ( 'NONE',  ( -33.75870234072794318, 26.24129796087441235, 9.999999999999998224 ) ) ;
#896 = CARTESIAN_POINT ( 'NONE',  ( -14.30000000000007354, 37.32000000000001450, -15.00000000000000000 ) ) ;
#897 = DIRECTION ( 'NONE',  ( 1.000000000000000000, 0.000000000000000000, 0.000000000000000000 ) ) ;
#898 = CARTESIAN_POINT ( 'NONE',  ( 70.00000000000000000, 30.00000000000001776, -15.00000000000001243 ) ) ;
#899 = ORIENTED_EDGE ( 'NONE', *, *, #4251, .F. ) ;
#900 = FACE_OUTER_BOUND ( 'NONE', #1352, .T. ) ;
#901 = VERTEX_POINT ( 'NONE', #4497 ) ;
#902 = EDGE_CURVE ( 'NONE', #1440, #1614, #2563, .T. ) ;
#903 = EDGE_CURVE ( 'NONE', #1516, #1121, #2991, .T. ) ;
#904 = ORIENTED_EDGE ( 'NONE', *, *, #2358, .T. ) ;
#905 = CARTESIAN_POINT ( 'NONE',  ( -33.99999999999994316, 30.00000000000001776, -40.00000000000000000 ) ) ;
#906 = DIRECTION ( 'NONE',  ( 1.000000000000000000, 0.000000000000000000, 0.000000000000000000 ) ) ;
#907 = EDGE_CURVE ( 'NONE', #2324, #2099, #855, .T. ) ;
#908 = ORIENTED_EDGE ( 'NONE', *, *, #2350, .T. ) ;
#909 = DIRECTION ( 'NONE',  ( 0.000000000000000000, 0.000000000000000000, -1.000000000000000000 ) ) ;
#910 = ORIENTED_EDGE ( 'NONE', *, *, #2633, .T. ) ;
#911 = CYLINDRICAL_SURFACE ( 'NONE', #3404, 4.000000000000000000 ) ;
#912 = EDGE_CURVE ( 'NONE', #1974, #4382, #3697, .T. ) ;
#913 = CARTESIAN_POINT ( 'NONE',  ( -30.00000000000003553, -52.49999999999997868, 10.00000000000000178 ) ) ;
#914 = LINE ( 'NONE', #3200, #3083 ) ;
#915 = CARTESIAN_POINT ( 'NONE',  ( -53.19996111249539439, 21.36808057330269506, 10.00000000000000000 ) ) ;
#916 = ORIENTED_EDGE ( 'NONE', *, *, #239, .T. ) ;
#917 = DIRECTION ( 'NONE',  ( 1.000000000000000000, 0.000000000000000000, 0.000000000000000000 ) ) ;
#918 = ADVANCED_FACE ( 'NONE', ( #3745 ), #1098, .F. ) ;
#919 = DIRECTION ( 'NONE',  ( 1.000000000000000000, -3.826595902890015835E-15, -0.000000000000000000 ) ) ;
#920 = PLANE ( 'NONE',  #617 ) ;
#921 = CIRCLE ( 'NONE', #3925, 2.500000000000002220 ) ;
#922 = DIRECTION ( 'NONE',  ( 1.000000000000000000, -0.000000000000000000, 0.000000000000000000 ) ) ;
#923 = ORIENTED_EDGE ( 'NONE', *, *, #4805, .T. ) ;
#924 = CARTESIAN_POINT ( 'NONE',  ( 85.99999999999995737, -25.99999999999998224, 10.00000000000000000 ) ) ;
#925 = ORIENTED_EDGE ( 'NONE', *, *, #1138, .F. ) ;
#926 = CLOSED_SHELL ( 'NONE', ( #3491, #2653, #1443, #1989, #1422, #948, #2927, #4789, #1327, #2643, #3945, #3031, #4384, #2266, #2445, #1299, #4144, #4423, #3025, #2460, #3744, #4071, #4513, #353, #1048, #3871, #3412, #2993, #3915, #2012, #918, #1713, #1941, #2559, #2444, #400, #3094, #4268, #2805, #1668, #3604, #1256, #4685, #1285, #1700, #438, #2416, #155, #1780, #327, #804, #2906, #331, #4641, #2095, #1392, #2295, #3890, #1998, #998, #1680, #136, #2341, #4910, #3497, #245, #3307, #4445, #3863, #4293, #481, #422, #381, #964, #970, #170, #3938, #135, #1316, #1501, #3189, #3223, #3931, #1052, #1361, #4604, #420, #2963, #3695, #4167, #4625, #2691, #2345, #1280, #4208, #4410, #491, #2565, #343, #2273, #41, #2503, #3806, #1518, #1594, #3631, #2745, #2669, #608, #2072, #4000, #3714, #1861, #1658, #2475, #442, #2212, #1442, #3452, #3970, #4777, #673, #2111, #535, #1967, #3681, #2239, #1752, #4232, #518, #3019, #2467, #1448, #1117, #1159, #2078, #4019, #4679, #2864, #4207, #1602, #2847, #3781, #2154, #867, #201, #1686, #1224, #114, #294, #2367, #2076, #3740 ) ) ;
#927 = ORIENTED_EDGE ( 'NONE', *, *, #2162, .F. ) ;
#928 = DIRECTION ( 'NONE',  ( -1.000000000000000000, 0.000000000000000000, 0.000000000000000000 ) ) ;
#929 = ORIENTED_EDGE ( 'NONE', *, *, #104, .F. ) ;
#930 = ORIENTED_EDGE ( 'NONE', *, *, #3484, .T. ) ;
#931 = CARTESIAN_POINT ( 'NONE',  ( -14.30000000000003091, -43.49999999999997868, -15.00000000000011013 ) ) ;
#932 = EDGE_CURVE ( 'NONE', #2069, #901, #3620, .T. ) ;
#933 = ORIENTED_EDGE ( 'NONE', *, *, #1562, .F. ) ;
#934 = AXIS2_PLACEMENT_3D ( 'NONE', #876, #3111, #4246 ) ;
#935 = CARTESIAN_POINT ( 'NONE',  ( 30.00000000000007105, -32.92820323027556384, 9.999999999999896971 ) ) ;
#936 = VECTOR ( 'NONE', #4636, 1000.000000000000000 ) ;
#937 = DIRECTION ( 'NONE',  ( -0.000000000000000000, -1.000000000000000000, 0.000000000000000000 ) ) ;
#938 = CARTESIAN_POINT ( 'NONE',  ( -23.74999999999993250, 37.32000000000003581, -15.00000000000000000 ) ) ;
#939 = EDGE_CURVE ( 'NONE', #77, #3195, #378, .T. ) ;
#940 = EDGE_LOOP ( 'NONE', ( #523, #1811, #3603, #4401 ) ) ;
#941 = FACE_BOUND ( 'NONE', #4607, .T. ) ;
#942 = AXIS2_PLACEMENT_3D ( 'NONE', #2548, #4056, #983 ) ;
#943 = DIRECTION ( 'NONE',  ( -3.469446951953617344E-15, -1.000000000000000000, 0.000000000000000000 ) ) ;
#944 = DIRECTION ( 'NONE',  ( 0.000000000000000000, 1.000000000000000000, -0.000000000000000000 ) ) ;
#945 = VECTOR ( 'NONE', #2155, 1000.000000000000000 ) ;
#946 = AXIS2_PLACEMENT_3D ( 'NONE', #522, #2834, #616 ) ;
#947 = CARTESIAN_POINT ( 'NONE',  ( 18.55880937064824465, 19.99999999999999645, 8.000000000000000000 ) ) ;
#948 = ADVANCED_FACE ( 'NONE', ( #1493 ), #3020, .F. ) ;
#949 = ORIENTED_EDGE ( 'NONE', *, *, #2084, .T. ) ;
#950 = DIRECTION ( 'NONE',  ( 0.000000000000000000, 0.000000000000000000, 1.000000000000000000 ) ) ;
#951 = ORIENTED_EDGE ( 'NONE', *, *, #3141, .T. ) ;
#952 = AXIS2_PLACEMENT_3D ( 'NONE', #4436, #4407, #1040 ) ;
#953 = AXIS2_PLACEMENT_3D ( 'NONE', #1161, #3818, #425 ) ;
#954 = ORIENTED_EDGE ( 'NONE', *, *, #4868, .F. ) ;
#955 = FACE_OUTER_BOUND ( 'NONE', #2547, .T. ) ;
#956 = VECTOR ( 'NONE', #1005, 1000.000000000000000 ) ;
#957 = VECTOR ( 'NONE', #4238, 1000.000000000000000 ) ;
#958 = ORIENTED_EDGE ( 'NONE', *, *, #4771, .T. ) ;
#959 = DIRECTION ( 'NONE',  ( 1.000000000000000000, 0.000000000000000000, 0.000000000000000000 ) ) ;
#960 = ORIENTED_EDGE ( 'NONE', *, *, #4039, .F. ) ;
#961 = DIRECTION ( 'NONE',  ( 0.000000000000000000, 0.000000000000000000, -1.000000000000000000 ) ) ;
#962 = ORIENTED_EDGE ( 'NONE', *, *, #4477, .T. ) ;
#963 = DIRECTION ( 'NONE',  ( 0.000000000000000000, -0.000000000000000000, 1.000000000000000000 ) ) ;
#964 = ADVANCED_FACE ( 'NONE', ( #4176 ), #3531, .T. ) ;
#965 = EDGE_CURVE ( 'NONE', #1565, #1727, #2033, .T. ) ;
#966 = CARTESIAN_POINT ( 'NONE',  ( 23.75000000000003553, -33.99999999999998579, -39.99999999999998579 ) ) ;
#967 = DIRECTION ( 'NONE',  ( -0.000000000000000000, -0.000000000000000000, 1.000000000000000000 ) ) ;
#968 = ORIENTED_EDGE ( 'NONE', *, *, #754, .F. ) ;
#969 = DIRECTION ( 'NONE',  ( 1.000000000000000000, 0.000000000000000000, 0.000000000000000000 ) ) ;
#970 = ADVANCED_FACE ( 'NONE', ( #3139 ), #2772, .F. ) ;
#971 = CARTESIAN_POINT ( 'NONE',  ( 47.99999999999995737, -20.00000000000001066, 8.000000000000000000 ) ) ;
#972 = FACE_OUTER_BOUND ( 'NONE', #3742, .T. ) ;
#973 = DIRECTION ( 'NONE',  ( -0.000000000000000000, 0.000000000000000000, 1.000000000000000000 ) ) ;
#974 = EDGE_LOOP ( 'NONE', ( #813, #2, #3573, #1566 ) ) ;
#975 = CARTESIAN_POINT ( 'NONE',  ( -1.441190629351760233, 20.00000000000000000, 8.000000000000000000 ) ) ;
#976 = ORIENTED_EDGE ( 'NONE', *, *, #2205, .T. ) ;
#977 = DIRECTION ( 'NONE',  ( 3.538835890992686473E-15, 0.000000000000000000, 1.000000000000000000 ) ) ;
#978 = CYLINDRICAL_SURFACE ( 'NONE', #3465, 3.999999999999976019 ) ;
#979 = EDGE_LOOP ( 'NONE', ( #494, #3216, #4766, #2347 ) ) ;
#980 = EDGE_LOOP ( 'NONE', ( #3097, #3479, #2599, #1691 ) ) ;
#981 = CARTESIAN_POINT ( 'NONE',  ( -70.00000000000000000, 20.00000000000001776, -14.99999999999999467 ) ) ;
#982 = DIRECTION ( 'NONE',  ( -1.000000000000000000, 0.000000000000000000, 0.000000000000000000 ) ) ;
#983 = DIRECTION ( 'NONE',  ( 0.000000000000000000, -0.000000000000000000, 1.000000000000000000 ) ) ;
#984 = FACE_OUTER_BOUND ( 'NONE', #3236, .T. ) ;
#985 = ORIENTED_EDGE ( 'NONE', *, *, #2792, .F. ) ;
#986 = EDGE_CURVE ( 'NONE', #1513, #2409, #4808, .T. ) ;
#987 = DIRECTION ( 'NONE',  ( 1.000000000000000000, 0.000000000000000000, 0.000000000000000000 ) ) ;
#988 = DIRECTION ( 'NONE',  ( 1.000000000000000000, 0.000000000000000000, -0.000000000000000000 ) ) ;
#989 = CARTESIAN_POINT ( 'NONE',  ( -86.00000000000002842, -29.99999999999998224, -40.00000000000000000 ) ) ;
#990 = LINE ( 'NONE', #4715, #4822 ) ;
#991 = ORIENTED_EDGE ( 'NONE', *, *, #2708, .T. ) ;
#992 = EDGE_CURVE ( 'NONE', #1814, #2144, #3850, .T. ) ;
#993 = CARTESIAN_POINT ( 'NONE',  ( 51.75877048314356443, -21.36808057330271637, 8.000000000000000000 ) ) ;
#994 = ORIENTED_EDGE ( 'NONE', *, *, #4628, .T. ) ;
#995 = VERTEX_POINT ( 'NONE', #1173 ) ;
#996 = AXIS2_PLACEMENT_3D ( 'NONE', #1673, #4751, #959 ) ;
#997 = CARTESIAN_POINT ( 'NONE',  ( -30.00000000000007105, 1.147978770867007590E-13, 10.00000000000000178 ) ) ;
#998 = ADVANCED_FACE ( 'NONE', ( #4282, #3878 ), #3510, .T. ) ;
#999 = VERTEX_POINT ( 'NONE', #125 ) ;
#1000 = CIRCLE ( 'NONE', #2023, 8.000000000000000000 ) ;
#1001 = DIRECTION ( 'NONE',  ( -1.000000000000000000, -0.000000000000000000, -0.000000000000000000 ) ) ;
#1002 = CIRCLE ( 'NONE', #3767, 4.000000000000003553 ) ;
#1003 = CARTESIAN_POINT ( 'NONE',  ( 0.000000000000000000, 0.000000000000000000, 8.000000000000000000 ) ) ;
#1004 = EDGE_CURVE ( 'NONE', #4018, #4058, #1478, .T. ) ;
#1005 = DIRECTION ( 'NONE',  ( 1.000000000000000000, 0.000000000000000000, 2.081668171172169253E-16 ) ) ;
#1006 = VECTOR ( 'NONE', #2892, 1000.000000000000114 ) ;
#1007 = VERTEX_POINT ( 'NONE', #4650 ) ;
#1008 = DIRECTION ( 'NONE',  ( 0.3420201433256724877, 0.9396926207859069846, 0.000000000000000000 ) ) ;
#1009 = CIRCLE ( 'NONE', #4496, 4.000000000000005329 ) ;
#1010 = CARTESIAN_POINT ( 'NONE',  ( 38.44335766991260783, -13.99223789709769683, 10.00000000000000000 ) ) ;
#1011 = ORIENTED_EDGE ( 'NONE', *, *, #4852, .T. ) ;
#1012 = CYLINDRICAL_SURFACE ( 'NONE', #308, 3.500000000000006661 ) ;
#1013 = AXIS2_PLACEMENT_3D ( 'NONE', #3345, #1775, #4482 ) ;
#1014 = DIRECTION ( 'NONE',  ( 1.000000000000000000, 0.000000000000000000, 2.081668171172169006E-16 ) ) ;
#1015 = EDGE_CURVE ( 'NONE', #2094, #2519, #436, .T. ) ;
#1016 = DIRECTION ( 'NONE',  ( 1.000000000000000000, 0.000000000000000000, 0.000000000000000000 ) ) ;
#1017 = CIRCLE ( 'NONE', #3086, 4.000000000000003553 ) ;
#1018 = ORIENTED_EDGE ( 'NONE', *, *, #2162, .T. ) ;
#1019 = DIRECTION ( 'NONE',  ( 1.000000000000000000, 0.000000000000000000, 2.081668171172169006E-16 ) ) ;
#1020 = EDGE_LOOP ( 'NONE', ( #1936, #3776, #3280, #3480 ) ) ;
#1021 = CIRCLE ( 'NONE', #3331, 4.000000000000003553 ) ;
#1022 = AXIS2_PLACEMENT_3D ( 'NONE', #1003, #2564, #3652 ) ;
#1023 = FACE_OUTER_BOUND ( 'NONE', #4856, .T. ) ;
#1024 = EDGE_CURVE ( 'NONE', #3821, #3068, #1596, .T. ) ;
#1025 = CARTESIAN_POINT ( 'NONE',  ( 30.55880937064824110, 19.99999999999999645, 8.000000000000000000 ) ) ;
#1026 = AXIS2_PLACEMENT_3D ( 'NONE', #2999, #2600, #3343 ) ;
#1027 = ORIENTED_EDGE ( 'NONE', *, *, #1609, .T. ) ;
#1028 = CIRCLE ( 'NONE', #1655, 9.000000000000001776 ) ;
#1029 = SHAPE_DEFINITION_REPRESENTATION ( #2404, #3980 ) ;
#1030 = VECTOR ( 'NONE', #444, 1000.000000000000000 ) ;
#1031 = LINE ( 'NONE', #541, #3231 ) ;
#1032 = VECTOR ( 'NONE', #3772, 1000.000000000000000 ) ;
#1033 = CARTESIAN_POINT ( 'NONE',  ( -34.00000000000002842, -33.99999999999997868, -40.00000000000000000 ) ) ;
#1034 = DIRECTION ( 'NONE',  ( 0.000000000000000000, 0.000000000000000000, 1.000000000000000000 ) ) ;
#1035 = TOROIDAL_SURFACE ( 'NONE', #4757, 9.000000000000001776, 5.000000000000000000 ) ;
#1036 = ORIENTED_EDGE ( 'NONE', *, *, #104, .T. ) ;
#1037 = CARTESIAN_POINT ( 'NONE',  ( -65.44119062935176601, 20.00000000000000355, 8.000000000000000000 ) ) ;
#1038 = CARTESIAN_POINT ( 'NONE',  ( -33.99999999999995737, 26.00000000000001776, 5.999999999999998224 ) ) ;
#1039 = EDGE_LOOP ( 'NONE', ( #3196, #4535, #3138, #452 ) ) ;
#1040 = DIRECTION ( 'NONE',  ( -1.000000000000000000, 0.000000000000000000, 3.469446951953614189E-15 ) ) ;
#1041 = EDGE_CURVE ( 'NONE', #219, #4914, #460, .T. ) ;
#1042 = DIRECTION ( 'NONE',  ( 1.000000000000000000, 0.000000000000000000, 0.000000000000000000 ) ) ;
#1043 = CARTESIAN_POINT ( 'NONE',  ( -22.73604837141320090, 31.33851261066671157, -15.00000000000000000 ) ) ;
#1044 = CARTESIAN_POINT ( 'NONE',  ( -23.75000000000002842, -52.49999999999997868, -39.99999999999999289 ) ) ;
#1045 = ORIENTED_EDGE ( 'NONE', *, *, #3060, .F. ) ;
#1046 = PLANE ( 'NONE',  #4028 ) ;
#1047 = VERTEX_POINT ( 'NONE', #2292 ) ;
#1048 = ADVANCED_FACE ( 'NONE', ( #2322, #27 ), #83, .T. ) ;
#1049 = CARTESIAN_POINT ( 'NONE',  ( -23.75000000000003553, -52.49999999999997868, 10.00000000000000178 ) ) ;
#1050 = PLANE ( 'NONE',  #4097 ) ;
#1051 = ORIENTED_EDGE ( 'NONE', *, *, #3129, .T. ) ;
#1052 = ADVANCED_FACE ( 'NONE', ( #2695 ), #3167, .T. ) ;
#1053 = CARTESIAN_POINT ( 'NONE',  ( 80.00000000000000000, -20.00000000000000355, 0.000000000000000000 ) ) ;
#1054 = DIRECTION ( 'NONE',  ( 0.000000000000000000, 0.000000000000000000, -1.000000000000000000 ) ) ;
#1055 = DIRECTION ( 'NONE',  ( -1.000000000000000000, 0.000000000000000000, 4.336808689942017736E-16 ) ) ;
#1056 = PLANE ( 'NONE',  #275 ) ;
#1057 = ORIENTED_EDGE ( 'NONE', *, *, #4830, .F. ) ;
#1058 = FACE_OUTER_BOUND ( 'NONE', #940, .T. ) ;
#1059 = CARTESIAN_POINT ( 'NONE',  ( 14.30999999999996497, -43.49999999999997868, -17.50000000000010658 ) ) ;
#1060 = VERTEX_POINT ( 'NONE', #508 ) ;
#1061 = EDGE_CURVE ( 'NONE', #3398, #2871, #1957, .T. ) ;
#1062 = DIRECTION ( 'NONE',  ( 1.000000000000000000, 0.000000000000000000, 0.000000000000000000 ) ) ;
#1063 = DIRECTION ( 'NONE',  ( -0.000000000000000000, 0.000000000000000000, 1.000000000000000000 ) ) ;
#1064 = CARTESIAN_POINT ( 'NONE',  ( -23.50806703626940575, 32.58947769133912686, -20.75049970762845319 ) ) ;
#1065 = PLANE ( 'NONE',  #4913 ) ;
#1066 = ORIENTED_EDGE ( 'NONE', *, *, #2870, .F. ) ;
#1067 = CARTESIAN_POINT ( 'NONE',  ( -14.30000000000003091, -43.49999999999997868, -15.00000000000011013 ) ) ;
#1068 = ORIENTED_EDGE ( 'NONE', *, *, #2090, .T. ) ;
#1069 = DIRECTION ( 'NONE',  ( -0.000000000000000000, -1.000000000000000000, -0.000000000000000000 ) ) ;
#1070 = LINE ( 'NONE', #455, #2441 ) ;
#1071 = VERTEX_POINT ( 'NONE', #410 ) ;
#1072 = ORIENTED_EDGE ( 'NONE', *, *, #488, .T. ) ;
#1073 = DIRECTION ( 'NONE',  ( -0.000000000000000000, -0.000000000000000000, 1.000000000000000000 ) ) ;
#1074 = DIRECTION ( 'NONE',  ( 1.000000000000000000, 0.000000000000000000, 0.000000000000000000 ) ) ;
#1075 = AXIS2_PLACEMENT_3D ( 'NONE', #1077, #3357, #730 ) ;
#1076 = LINE ( 'NONE', #2241, #712 ) ;
#1077 = CARTESIAN_POINT ( 'NONE',  ( -33.99999999999994316, 34.00000000000001421, -40.00000000000000000 ) ) ;
#1078 = AXIS2_PLACEMENT_3D ( 'NONE', #4373, #977, #2816 ) ;
#1079 = ORIENTED_EDGE ( 'NONE', *, *, #58, .T. ) ;
#1080 = DIRECTION ( 'NONE',  ( 0.000000000000000000, 0.000000000000000000, 1.000000000000000000 ) ) ;
#1081 = CARTESIAN_POINT ( 'NONE',  ( -14.29999999999995630, 20.00000000000001776, -25.00000000000001421 ) ) ;
#1082 = VERTEX_POINT ( 'NONE', #4624 ) ;
#1083 = CARTESIAN_POINT ( 'NONE',  ( -86.00000000000002842, 26.00000000000001776, 6.000000000000000000 ) ) ;
#1084 = FACE_BOUND ( 'NONE', #2694, .T. ) ;
#1085 = AXIS2_PLACEMENT_3D ( 'NONE', #1625, #1259, #2783 ) ;
#1086 = EDGE_CURVE ( 'NONE', #1245, #2608, #4335, .T. ) ;
#1087 = CARTESIAN_POINT ( 'NONE',  ( -23.19008675530890429, 31.95459070472971774, -10.97891712604169889 ) ) ;
#1088 = ORIENTED_EDGE ( 'NONE', *, *, #1238, .F. ) ;
#1089 = DIRECTION ( 'NONE',  ( -0.000000000000000000, -0.000000000000000000, 1.000000000000000000 ) ) ;
#1090 = ORIENTED_EDGE ( 'NONE', *, *, #965, .T. ) ;
#1091 = CIRCLE ( 'NONE', #1400, 3.999999999999976019 ) ;
#1092 = FACE_OUTER_BOUND ( 'NONE', #435, .T. ) ;
#1093 = CARTESIAN_POINT ( 'NONE',  ( 42.80003888750461982, 21.36808057330269506, 8.000000000000000000 ) ) ;
#1094 = AXIS2_PLACEMENT_3D ( 'NONE', #4387, #4341, #897 ) ;
#1095 = ORIENTED_EDGE ( 'NONE', *, *, #3535, .F. ) ;
#1096 = AXIS2_PLACEMENT_3D ( 'NONE', #3310, #4828, #1080 ) ;
#1097 = EDGE_CURVE ( 'NONE', #4394, #1557, #1222, .T. ) ;
#1098 = CYLINDRICAL_SURFACE ( 'NONE', #534, 2.599999999999989431 ) ;
#1099 = LINE ( 'NONE', #2262, #2530 ) ;
#1100 = CIRCLE ( 'NONE', #4821, 4.000000000000003553 ) ;
#1101 = FACE_OUTER_BOUND ( 'NONE', #464, .T. ) ;
#1102 = DIRECTION ( 'NONE',  ( -0.000000000000000000, 0.000000000000000000, 1.000000000000000000 ) ) ;
#1103 = CIRCLE ( 'NONE', #229, 3.999999999999976019 ) ;
#1104 = AXIS2_PLACEMENT_3D ( 'NONE', #820, #4241, #473 ) ;
#1105 = VERTEX_POINT ( 'NONE', #157 ) ;
#1106 = CARTESIAN_POINT ( 'NONE',  ( -14.30000000000007354, 37.32000000000001450, -19.00000000000000000 ) ) ;
#1107 = LINE ( 'NONE', #1081, #3096 ) ;
#1108 = VECTOR ( 'NONE', #3729, 1000.000000000000114 ) ;
#1109 = ORIENTED_EDGE ( 'NONE', *, *, #2110, .T. ) ;
#1110 = CARTESIAN_POINT ( 'NONE',  ( -19.74999999999994316, 34.00000000000001421, -40.00000000000000000 ) ) ;
#1111 = CARTESIAN_POINT ( 'NONE',  ( -34.00000000000003553, -25.99999999999998224, 10.00000000000000000 ) ) ;
#1112 = CARTESIAN_POINT ( 'NONE',  ( -22.94390702220799483, 31.59060099207879091, -12.41227143418563195 ) ) ;
#1113 = DIRECTION ( 'NONE',  ( -0.000000000000000000, 1.000000000000000000, -0.000000000000000000 ) ) ;
#1114 = EDGE_LOOP ( 'NONE', ( #1703, #3512, #3483, #3554 ) ) ;
#1115 = CARTESIAN_POINT ( 'NONE',  ( -5.199961112495391724, 21.36808057330269150, 10.00000000000000000 ) ) ;
#1116 = ORIENTED_EDGE ( 'NONE', *, *, #808, .T. ) ;
#1117 = ADVANCED_FACE ( 'NONE', ( #955 ), #978, .F. ) ;
#1118 = CARTESIAN_POINT ( 'NONE',  ( -34.00000000000003553, -25.99999999999998224, 10.00000000000000000 ) ) ;
#1119 = DIRECTION ( 'NONE',  ( 0.000000000000000000, 0.000000000000000000, 1.000000000000000000 ) ) ;
#1120 = ORIENTED_EDGE ( 'NONE', *, *, #2665, .T. ) ;
#1121 = VERTEX_POINT ( 'NONE', #3279 ) ;
#1122 = EDGE_CURVE ( 'NONE', #4649, #2303, #581, .T. ) ;
#1123 = DIRECTION ( 'NONE',  ( -0.000000000000000000, -0.000000000000000000, 1.000000000000000000 ) ) ;
#1124 = FACE_OUTER_BOUND ( 'NONE', #3403, .T. ) ;
#1125 = CARTESIAN_POINT ( 'NONE',  ( 42.80003888750461982, 21.36808057330269506, 8.000000000000000000 ) ) ;
#1126 = EDGE_CURVE ( 'NONE', #194, #4616, #4891, .T. ) ;
#1127 = DIRECTION ( 'NONE',  ( 1.000000000000000000, 0.000000000000000000, 0.000000000000000000 ) ) ;
#1128 = VERTEX_POINT ( 'NONE', #2889 ) ;
#1129 = CARTESIAN_POINT ( 'NONE',  ( 30.55880937064824110, 19.99999999999999645, 8.000000000000000000 ) ) ;
#1130 = ORIENTED_EDGE ( 'NONE', *, *, #4226, .T. ) ;
#1131 = VERTEX_POINT ( 'NONE', #3951 ) ;
#1132 = CARTESIAN_POINT ( 'NONE',  ( 0.000000000000000000, 20.00000000000001776, -5.000000000000016875 ) ) ;
#1133 = CARTESIAN_POINT ( 'NONE',  ( -34.00000000000004974, -29.99999999999998224, -40.00000000000000000 ) ) ;
#1134 = CARTESIAN_POINT ( 'NONE',  ( -21.63433800977458432, -27.99250970831461771, 10.00000000000000000 ) ) ;
#1135 = DIRECTION ( 'NONE',  ( 0.000000000000000000, 1.000000000000000000, 0.000000000000000000 ) ) ;
#1136 = EDGE_CURVE ( 'NONE', #1139, #3384, #1300, .T. ) ;
#1137 = CYLINDRICAL_SURFACE ( 'NONE', #953, 2.499999999999998668 ) ;
#1138 = EDGE_CURVE ( 'NONE', #2905, #3968, #2089, .T. ) ;
#1139 = VERTEX_POINT ( 'NONE', #625 ) ;
#1140 = CARTESIAN_POINT ( 'NONE',  ( -123.7500000000000426, -43.49999999999997868, -12.50000000000013323 ) ) ;
#1141 = ORIENTED_EDGE ( 'NONE', *, *, #81, .T. ) ;
#1142 = CARTESIAN_POINT ( 'NONE',  ( 80.00000000000000000, -20.00000000000000355, -40.00000000000000000 ) ) ;
#1143 = FACE_BOUND ( 'NONE', #3370, .T. ) ;
#1144 = ORIENTED_EDGE ( 'NONE', *, *, #1489, .F. ) ;
#1145 = ORIENTED_EDGE ( 'NONE', *, *, #852, .T. ) ;
#1146 = ORIENTED_EDGE ( 'NONE', *, *, #4485, .T. ) ;
#1147 = DIRECTION ( 'NONE',  ( -0.000000000000000000, 0.000000000000000000, 1.000000000000000000 ) ) ;
#1148 = LINE ( 'NONE', #351, #1032 ) ;
#1149 = CARTESIAN_POINT ( 'NONE',  ( -13.68242014620812697, 18.63191942669730494, 10.00000000000000000 ) ) ;
#1150 = AXIS2_PLACEMENT_3D ( 'NONE', #1821, #2621, #1127 ) ;
#1151 = ORIENTED_EDGE ( 'NONE', *, *, #1122, .F. ) ;
#1152 = DIRECTION ( 'NONE',  ( -0.000000000000000000, 0.000000000000000000, 1.000000000000000000 ) ) ;
#1153 = ORIENTED_EDGE ( 'NONE', *, *, #3476, .T. ) ;
#1154 = ORIENTED_EDGE ( 'NONE', *, *, #3272, .F. ) ;
#1155 = LINE ( 'NONE', #2822, #873 ) ;
#1156 = VECTOR ( 'NONE', #2581, 1000.000000000000000 ) ;
#1157 = DIRECTION ( 'NONE',  ( 8.673617379884036705E-17, 0.000000000000000000, -1.000000000000000000 ) ) ;
#1158 = CARTESIAN_POINT ( 'NONE',  ( -33.44119062935175890, 20.00000000000000000, 8.000000000000000000 ) ) ;
#1159 = ADVANCED_FACE ( 'NONE', ( #2510 ), #1346, .T. ) ;
#1160 = CARTESIAN_POINT ( 'NONE',  ( 0.000000000000000000, 46.32000000000001450, -40.00000000000000000 ) ) ;
#1161 = CARTESIAN_POINT ( 'NONE',  ( -14.30000000000007354, 37.32000000000001450, -15.00000000000000000 ) ) ;
#1162 = ORIENTED_EDGE ( 'NONE', *, *, #1024, .F. ) ;
#1163 = CARTESIAN_POINT ( 'NONE',  ( 29.99999999999996447, -19.99999999999998934, 0.000000000000000000 ) ) ;
#1164 = ORIENTED_EDGE ( 'NONE', *, *, #1747, .F. ) ;
#1165 = VECTOR ( 'NONE', #2666, 1000.000000000000000 ) ;
#1166 = CARTESIAN_POINT ( 'NONE',  ( -17.44119062935175890, 20.00000000000000000, 8.000000000000000000 ) ) ;
#1167 = CARTESIAN_POINT ( 'NONE',  ( -32.00000000000004263, -20.00000000000000355, 10.00000000000000000 ) ) ;
#1168 = VECTOR ( 'NONE', #296, 1000.000000000000000 ) ;
#1169 = VERTEX_POINT ( 'NONE', #2035 ) ;
#1170 = VERTEX_POINT ( 'NONE', #3979 ) ;
#1171 = AXIS2_PLACEMENT_3D ( 'NONE', #112, #543, #1288 ) ;
#1172 = ORIENTED_EDGE ( 'NONE', *, *, #73, .T. ) ;
#1173 = CARTESIAN_POINT ( 'NONE',  ( 89.99999999999995737, -25.99999999999998224, -40.00000000000000000 ) ) ;
#1174 = AXIS2_PLACEMENT_3D ( 'NONE', #887, #4630, #3886 ) ;
#1175 = CARTESIAN_POINT ( 'NONE',  ( -4.299999999999957190, 20.00000000000001776, -25.00000000000001421 ) ) ;
#1176 = AXIS2_PLACEMENT_3D ( 'NONE', #4118, #1089, #367 ) ;
#1177 = VECTOR ( 'NONE', #1819, 1000.000000000000000 ) ;
#1178 = VERTEX_POINT ( 'NONE', #3602 ) ;
#1179 = CARTESIAN_POINT ( 'NONE',  ( -4.299999999999957190, 20.00000000000001776, 0.000000000000000000 ) ) ;
#1180 = ORIENTED_EDGE ( 'NONE', *, *, #891, .T. ) ;
#1181 = EDGE_LOOP ( 'NONE', ( #2281, #283, #2661, #1883 ) ) ;
#1182 = CARTESIAN_POINT ( 'NONE',  ( -25.58760547618177483, 9.313126759477157179, 10.00000000000000000 ) ) ;
#1183 = CIRCLE ( 'NONE', #952, 4.000000000000000000 ) ;
#1184 = AXIS2_PLACEMENT_3D ( 'NONE', #4839, #289, #3662 ) ;
#1185 = EDGE_CURVE ( 'NONE', #3462, #4412, #1739, .T. ) ;
#1186 = CARTESIAN_POINT ( 'NONE',  ( 23.75000000000003553, -43.49999999999997868, -17.50000000000010303 ) ) ;
#1187 = DIRECTION ( 'NONE',  ( 1.000000000000000000, 0.000000000000000000, 2.081668171172169006E-16 ) ) ;
#1188 = CARTESIAN_POINT ( 'NONE',  ( 15.99999999999995914, -20.00000000000000711, 8.000000000000000000 ) ) ;
#1189 = AXIS2_PLACEMENT_3D ( 'NONE', #4551, #729, #4872 ) ;
#1190 = CARTESIAN_POINT ( 'NONE',  ( -86.00000000000002842, -29.99999999999998224, 5.999999999999998224 ) ) ;
#1191 = ORIENTED_EDGE ( 'NONE', *, *, #1097, .T. ) ;
#1192 = CARTESIAN_POINT ( 'NONE',  ( 23.75000000000003553, -52.49999999999997868, 10.00000000000000711 ) ) ;
#1193 = VERTEX_POINT ( 'NONE', #2489 ) ;
#1194 = LINE ( 'NONE', #3762, #527 ) ;
#1195 = DIRECTION ( 'NONE',  ( -0.000000000000000000, 1.000000000000000000, -0.000000000000000000 ) ) ;
#1196 = VERTEX_POINT ( 'NONE', #4721 ) ;
#1197 = ORIENTED_EDGE ( 'NONE', *, *, #530, .F. ) ;
#1198 = ORIENTED_EDGE ( 'NONE', *, *, #3535, .T. ) ;
#1199 = DIRECTION ( 'NONE',  ( 0.3420201433256724877, 0.9396926207859069846, 0.000000000000000000 ) ) ;
#1200 = ADVANCED_FACE ( 'NONE', ( #3999 ), #3583, .T. ) ;
#1201 = LINE ( 'NONE', #533, #3063 ) ;
#1202 = ORIENTED_EDGE ( 'NONE', *, *, #3290, .F. ) ;
#1203 = DIRECTION ( 'NONE',  ( -0.000000000000000000, 0.000000000000000000, 1.000000000000000000 ) ) ;
#1204 = ORIENTED_EDGE ( 'NONE', *, *, #3589, .F. ) ;
#1205 = EDGE_CURVE ( 'NONE', #1482, #814, #3383, .T. ) ;
#1206 = ORIENTED_EDGE ( 'NONE', *, *, #3627, .F. ) ;
#1207 = CARTESIAN_POINT ( 'NONE',  ( -34.00000000000003553, -25.99999999999998224, 6.000000000000000000 ) ) ;
#1208 = CARTESIAN_POINT ( 'NONE',  ( -3.941708964942730375, 1.434664735379415745, 8.000000000000000000 ) ) ;
#1209 = DIRECTION ( 'NONE',  ( 0.9396926207859070956, -0.3420201433256724877, 0.000000000000000000 ) ) ;
#1210 = CARTESIAN_POINT ( 'NONE',  ( 62.55880937064824110, 19.99999999999999289, 8.000000000000000000 ) ) ;
#1211 = DIRECTION ( 'NONE',  ( 0.000000000000000000, 0.000000000000000000, 1.000000000000000000 ) ) ;
#1212 = EDGE_CURVE ( 'NONE', #3619, #3046, #858, .T. ) ;
#1213 = ORIENTED_EDGE ( 'NONE', *, *, #4701, .F. ) ;
#1214 = DIRECTION ( 'NONE',  ( -0.000000000000000000, 0.000000000000000000, 1.000000000000000000 ) ) ;
#1215 = DIRECTION ( 'NONE',  ( -1.000000000000000000, 0.000000000000000000, 3.538835890992686473E-15 ) ) ;
#1216 = CARTESIAN_POINT ( 'NONE',  ( -60.45513114474984917, 22.00386824534889740, 8.000000000000000000 ) ) ;
#1217 = DIRECTION ( 'NONE',  ( -0.000000000000000000, -0.000000000000000000, 1.000000000000000000 ) ) ;
#1218 = EDGE_CURVE ( 'NONE', #3256, #2721, #1091, .T. ) ;
#1219 = VERTEX_POINT ( 'NONE', #178 ) ;
#1220 = ORIENTED_EDGE ( 'NONE', *, *, #3791, .T. ) ;
#1221 = ORIENTED_EDGE ( 'NONE', *, *, #1231, .T. ) ;
#1222 = LINE ( 'NONE', #3485, #2838 ) ;
#1223 = DIRECTION ( 'NONE',  ( -0.3420201433256729318, -0.9396926207859067626, 0.000000000000000000 ) ) ;
#1224 = ADVANCED_FACE ( 'NONE', ( #4350 ), #4770, .F. ) ;
#1225 = EDGE_LOOP ( 'NONE', ( #1930, #2716, #968, #2368 ) ) ;
#1226 = CARTESIAN_POINT ( 'NONE',  ( 70.00000000000000000, 23.00000000000001776, -18.50000000000002132 ) ) ;
#1227 = VERTEX_POINT ( 'NONE', #4791 ) ;
#1228 = LINE ( 'NONE', #4686, #1030 ) ;
#1229 = VECTOR ( 'NONE', #2872, 1000.000000000000000 ) ;
#1230 = CARTESIAN_POINT ( 'NONE',  ( 30.00000000000007105, -32.23489651498473307, 9.999999999999900524 ) ) ;
#1231 = EDGE_CURVE ( 'NONE', #2223, #1559, #3212, .T. ) ;
#1232 = CARTESIAN_POINT ( 'NONE',  ( 2.558809370648245096, 20.00000000000000000, 10.00000000000000000 ) ) ;
#1233 = CARTESIAN_POINT ( 'NONE',  ( 74.80003888750464114, 21.36808057330268795, 8.000000000000000000 ) ) ;
#1234 = DIRECTION ( 'NONE',  ( -1.000000000000000000, 0.000000000000000000, 3.538835890992686473E-15 ) ) ;
#1235 = AXIS2_PLACEMENT_3D ( 'NONE', #4092, #2233, #695 ) ;
#1236 = ORIENTED_EDGE ( 'NONE', *, *, #3755, .T. ) ;
#1237 = CARTESIAN_POINT ( 'NONE',  ( -30.59395299721235162, 30.26166518123969595, 10.00000000000000178 ) ) ;
#1238 = EDGE_CURVE ( 'NONE', #3436, #3753, #529, .T. ) ;
#1239 = DIRECTION ( 'NONE',  ( -0.000000000000000000, 0.000000000000000000, 1.000000000000000000 ) ) ;
#1240 = AXIS2_PLACEMENT_3D ( 'NONE', #2926, #2881, #2901 ) ;
#1241 = DIRECTION ( 'NONE',  ( -0.000000000000000000, -0.000000000000000000, 1.000000000000000000 ) ) ;
#1242 = DIRECTION ( 'NONE',  ( -0.000000000000000000, 0.000000000000000000, 1.000000000000000000 ) ) ;
#1243 = EDGE_LOOP ( 'NONE', ( #1340, #4610, #4875, #2478 ) ) ;
#1244 = DIRECTION ( 'NONE',  ( -3.826595902890015835E-15, -1.000000000000000000, 0.000000000000000000 ) ) ;
#1245 = VERTEX_POINT ( 'NONE', #2840 ) ;
#1246 = VECTOR ( 'NONE', #1286, 1000.000000000000000 ) ;
#1247 = ORIENTED_EDGE ( 'NONE', *, *, #3894, .F. ) ;
#1248 = CARTESIAN_POINT ( 'NONE',  ( -4.299999999999957190, 30.00000000000001776, 0.000000000000000000 ) ) ;
#1249 = VECTOR ( 'NONE', #4920, 1000.000000000000000 ) ;
#1250 = CARTESIAN_POINT ( 'NONE',  ( -29.99999999999992895, 37.32000000000001450, -15.00000000000000000 ) ) ;
#1251 = CIRCLE ( 'NONE', #4343, 4.000000000000003553 ) ;
#1252 = ORIENTED_EDGE ( 'NONE', *, *, #1835, .T. ) ;
#1253 = DIRECTION ( 'NONE',  ( 1.000000000000000000, 0.000000000000000000, 0.000000000000000000 ) ) ;
#1254 = AXIS2_PLACEMENT_3D ( 'NONE', #1406, #1432, #288 ) ;
#1255 = ORIENTED_EDGE ( 'NONE', *, *, #781, .F. ) ;
#1256 = ADVANCED_FACE ( 'NONE', ( #2468, #1487 ), #3013, .F. ) ;
#1257 = CARTESIAN_POINT ( 'NONE',  ( 3.758770483143567542, -21.36808057330270572, 8.000000000000000000 ) ) ;
#1258 = VECTOR ( 'NONE', #4356, 1000.000000000000000 ) ;
#1259 = DIRECTION ( 'NONE',  ( 0.000000000000000000, -1.000000000000000000, 0.000000000000000000 ) ) ;
#1260 = LINE ( 'NONE', #2097, #3395 ) ;
#1261 = DIRECTION ( 'NONE',  ( -1.000000000000000000, -0.000000000000000000, -0.000000000000000000 ) ) ;
#1262 = AXIS2_PLACEMENT_3D ( 'NONE', #1083, #789, #2224 ) ;
#1263 = VECTOR ( 'NONE', #2364, 1000.000000000000114 ) ;
#1264 = EDGE_CURVE ( 'NONE', #1282, #1082, #3741, .T. ) ;
#1265 = VERTEX_POINT ( 'NONE', #4048 ) ;
#1266 = EDGE_CURVE ( 'NONE', #389, #4817, #372, .T. ) ;
#1267 = DIRECTION ( 'NONE',  ( 1.000000000000000000, -0.000000000000000000, 0.000000000000000000 ) ) ;
#1268 = CIRCLE ( 'NONE', #3015, 4.000000000000005329 ) ;
#1269 = CIRCLE ( 'NONE', #1184, 3.999999999999976019 ) ;
#1270 = LINE ( 'NONE', #3971, #2027 ) ;
#1271 = CARTESIAN_POINT ( 'NONE',  ( -30.00000000000003197, 20.00000000000001066, -40.00000000000000000 ) ) ;
#1272 = DIRECTION ( 'NONE',  ( 1.000000000000000000, 0.000000000000000000, 0.000000000000000000 ) ) ;
#1273 = ORIENTED_EDGE ( 'NONE', *, *, #4331, .T. ) ;
#1274 = EDGE_CURVE ( 'NONE', #2409, #1513, #4180, .T. ) ;
#1275 = DIRECTION ( 'NONE',  ( -0.3420201433256728762, -0.9396926207859067626, 0.000000000000000000 ) ) ;
#1276 = ORIENTED_EDGE ( 'NONE', *, *, #1634, .T. ) ;
#1277 = AXIS2_PLACEMENT_3D ( 'NONE', #4508, #3361, #2196 ) ;
#1278 = ORIENTED_EDGE ( 'NONE', *, *, #1015, .T. ) ;
#1279 = DIRECTION ( 'NONE',  ( 1.000000000000000000, 0.000000000000000000, 0.000000000000000000 ) ) ;
#1280 = ADVANCED_FACE ( 'NONE', ( #650 ), #4576, .F. ) ;
#1281 = CARTESIAN_POINT ( 'NONE',  ( -34.00000000000003553, -29.99999999999998224, -39.99999999999999289 ) ) ;
#1282 = VERTEX_POINT ( 'NONE', #2234 ) ;
#1283 = FACE_OUTER_BOUND ( 'NONE', #980, .T. ) ;
#1284 = ORIENTED_EDGE ( 'NONE', *, *, #374, .F. ) ;
#1285 = ADVANCED_FACE ( 'NONE', ( #1837 ), #1050, .F. ) ;
#1286 = DIRECTION ( 'NONE',  ( -0.000000000000000000, 1.000000000000000000, -0.000000000000000000 ) ) ;
#1287 = EDGE_CURVE ( 'NONE', #4656, #1962, #1009, .T. ) ;
#1288 = DIRECTION ( 'NONE',  ( 1.000000000000000000, 0.000000000000000000, 0.000000000000000000 ) ) ;
#1289 = CARTESIAN_POINT ( 'NONE',  ( 18.55880937064824465, 19.99999999999999645, 8.000000000000000000 ) ) ;
#1290 = ORIENTED_EDGE ( 'NONE', *, *, #3952, .F. ) ;
#1291 = DIRECTION ( 'NONE',  ( 1.000000000000000000, 0.000000000000000000, 0.000000000000000000 ) ) ;
#1292 = CARTESIAN_POINT ( 'NONE',  ( 19.75000000000003553, -33.99999999999997868, 10.00000000000000711 ) ) ;
#1293 = CARTESIAN_POINT ( 'NONE',  ( -23.75000000000003197, -43.49999999999997868, -11.00000000000011013 ) ) ;
#1294 = FACE_OUTER_BOUND ( 'NONE', #2595, .T. ) ;
#1295 = ORIENTED_EDGE ( 'NONE', *, *, #3118, .T. ) ;
#1296 = CYLINDRICAL_SURFACE ( 'NONE', #3707, 2.500000000000002220 ) ;
#1297 = EDGE_LOOP ( 'NONE', ( #4372, #1944, #2664, #2394 ) ) ;
#1298 = DIRECTION ( 'NONE',  ( 0.000000000000000000, 0.000000000000000000, -1.000000000000000000 ) ) ;
#1299 = ADVANCED_FACE ( 'NONE', ( #2957 ), #747, .F. ) ;
#1300 = LINE ( 'NONE', #3234, #2996 ) ;
#1301 = ORIENTED_EDGE ( 'NONE', *, *, #4213, .T. ) ;
#1302 = ORIENTED_EDGE ( 'NONE', *, *, #2480, .T. ) ;
#1303 = CARTESIAN_POINT ( 'NONE',  ( -21.63436203214411080, 27.99253839766839747, 10.00000000000000178 ) ) ;
#1304 = ORIENTED_EDGE ( 'NONE', *, *, #2726, .T. ) ;
#1305 = CARTESIAN_POINT ( 'NONE',  ( -16.00000000000004263, -20.00000000000000355, 8.000000000000000000 ) ) ;
#1306 = LINE ( 'NONE', #2784, #3778 ) ;
#1307 = EDGE_LOOP ( 'NONE', ( #916, #1954, #2306, #4488, #3414 ) ) ;
#1308 = CARTESIAN_POINT ( 'NONE',  ( 51.75877048314356443, -21.36808057330271637, 8.000000000000000000 ) ) ;
#1309 = EDGE_CURVE ( 'NONE', #3598, #1434, #3352, .T. ) ;
#1310 = FACE_BOUND ( 'NONE', #2105, .T. ) ;
#1311 = CARTESIAN_POINT ( 'NONE',  ( -12.24122951685643557, -21.36808057330270572, 8.000000000000000000 ) ) ;
#1312 = CIRCLE ( 'NONE', #4723, 4.000000000000003553 ) ;
#1313 = CARTESIAN_POINT ( 'NONE',  ( -23.74999999999989697, 46.32000000000001450, 10.00000000000000178 ) ) ;
#1314 = ORIENTED_EDGE ( 'NONE', *, *, #2229, .F. ) ;
#1315 = VERTEX_POINT ( 'NONE', #3329 ) ;
#1316 = ADVANCED_FACE ( 'NONE', ( #2613 ), #4094, .T. ) ;
#1317 = ORIENTED_EDGE ( 'NONE', *, *, #734, .T. ) ;
#1318 = DIRECTION ( 'NONE',  ( -0.000000000000000000, 1.000000000000000000, -0.000000000000000000 ) ) ;
#1319 = CIRCLE ( 'NONE', #2188, 4.000000000000003553 ) ;
#1320 = ORIENTED_EDGE ( 'NONE', *, *, #1481, .T. ) ;
#1321 = EDGE_CURVE ( 'NONE', #3072, #3658, #1461, .T. ) ;
#1322 = VECTOR ( 'NONE', #224, 1000.000000000000000 ) ;
#1323 = ORIENTED_EDGE ( 'NONE', *, *, #4453, .T. ) ;
#1324 = CARTESIAN_POINT ( 'NONE',  ( -40.00000000000000711, 20.00000000000000000, -40.00000000000000000 ) ) ;
#1325 = ORIENTED_EDGE ( 'NONE', *, *, #2609, .F. ) ;
#1326 = AXIS2_PLACEMENT_3D ( 'NONE', #2791, #944, #4318 ) ;
#1327 = ADVANCED_FACE ( 'NONE', ( #2208 ), #4122, .F. ) ;
#1328 = FACE_OUTER_BOUND ( 'NONE', #2168, .T. ) ;
#1329 = AXIS2_PLACEMENT_3D ( 'NONE', #4515, #4136, #4784 ) ;
#1330 = PLANE ( 'NONE',  #65 ) ;
#1331 = CARTESIAN_POINT ( 'NONE',  ( -80.00000000000000000, -20.00000000000000000, -40.00000000000000000 ) ) ;
#1332 = ORIENTED_EDGE ( 'NONE', *, *, #1677, .F. ) ;
#1333 = FACE_OUTER_BOUND ( 'NONE', #1225, .T. ) ;
#1334 = AXIS2_PLACEMENT_3D ( 'NONE', #259, #3676, #4475 ) ;
#1335 = CARTESIAN_POINT ( 'NONE',  ( 14.30999999999996497, -43.49999999999997868, -15.00000000000010303 ) ) ;
#1336 = LINE ( 'NONE', #2833, #3238 ) ;
#1337 = VECTOR ( 'NONE', #525, 1000.000000000000000 ) ;
#1338 = VECTOR ( 'NONE', #243, 1000.000000000000000 ) ;
#1339 = DIRECTION ( 'NONE',  ( 1.000000000000000000, 0.000000000000000000, 0.000000000000000000 ) ) ;
#1340 = ORIENTED_EDGE ( 'NONE', *, *, #3218, .T. ) ;
#1341 = DIRECTION ( 'NONE',  ( 1.000000000000000000, 0.000000000000000000, 2.081668171172169253E-16 ) ) ;
#1342 = ORIENTED_EDGE ( 'NONE', *, *, #3232, .T. ) ;
#1343 = VECTOR ( 'NONE', #2627, 1000.000000000000000 ) ;
#1344 = VECTOR ( 'NONE', #1113, 1000.000000000000000 ) ;
#1345 = FACE_OUTER_BOUND ( 'NONE', #4281, .T. ) ;
#1346 = PLANE ( 'NONE',  #3155 ) ;
#1347 = PRODUCT_RELATED_PRODUCT_CATEGORY ( 'part', '', ( #2087 ) ) ;
#1348 = STYLED_ITEM ( 'NONE', ( #3985 ), #4503 ) ;
#1349 = CIRCLE ( 'NONE', #2458, 4.000000000000000000 ) ;
#1350 = ORIENTED_EDGE ( 'NONE', *, *, #2494, .T. ) ;
#1351 = EDGE_CURVE ( 'NONE', #4885, #4175, #722, .T. ) ;
#1352 = EDGE_LOOP ( 'NONE', ( #3544, #2437, #2386, #4581, #87, #668 ) ) ;
#1353 = CARTESIAN_POINT ( 'NONE',  ( -70.00000000000000000, 23.00000000000001776, -14.99999999999999467 ) ) ;
#1354 = FACE_OUTER_BOUND ( 'NONE', #2932, .T. ) ;
#1355 = EDGE_CURVE ( 'NONE', #4352, #1398, #4491, .T. ) ;
#1356 = CARTESIAN_POINT ( 'NONE',  ( -14.30000000000003091, -43.49999999999997868, -17.50000000000011369 ) ) ;
#1357 = DIRECTION ( 'NONE',  ( 0.000000000000000000, 0.000000000000000000, 1.000000000000000000 ) ) ;
#1358 = VERTEX_POINT ( 'NONE', #1415 ) ;
#1359 = CARTESIAN_POINT ( 'NONE',  ( -14.30000000000007354, 37.32000000000001450, -15.00000000000000000 ) ) ;
#1360 = CARTESIAN_POINT ( 'NONE',  ( -14.29999999999995453, 20.00000000000001066, -25.00000000000001421 ) ) ;
#1361 = ADVANCED_FACE ( 'NONE', ( #2938 ), #4068, .T. ) ;
#1362 = DIRECTION ( 'NONE',  ( -0.000000000000000000, -0.000000000000000000, 1.000000000000000000 ) ) ;
#1363 = DIRECTION ( 'NONE',  ( -0.000000000000000000, -1.000000000000000000, -0.000000000000000000 ) ) ;
#1364 = ORIENTED_EDGE ( 'NONE', *, *, #2887, .F. ) ;
#1365 = CARTESIAN_POINT ( 'NONE',  ( -90.00000000000004263, -29.99999999999998224, -40.00000000000000000 ) ) ;
#1366 = ORIENTED_EDGE ( 'NONE', *, *, #2830, .T. ) ;
#1367 = ORIENTED_EDGE ( 'NONE', *, *, #2609, .T. ) ;
#1368 = EDGE_CURVE ( 'NONE', #1568, #1903, #1070, .T. ) ;
#1369 = DIRECTION ( 'NONE',  ( 1.000000000000000000, 0.000000000000000000, 0.000000000000000000 ) ) ;
#1370 = EDGE_LOOP ( 'NONE', ( #4066, #4788, #2230 ) ) ;
#1371 = CARTESIAN_POINT ( 'NONE',  ( 45.05417224857715297, -16.39837762798466159, 8.000000000000000000 ) ) ;
#1372 = DIRECTION ( 'NONE',  ( 1.000000000000000000, -0.000000000000000000, 2.081668171172169006E-16 ) ) ;
#1373 = CARTESIAN_POINT ( 'NONE',  ( -90.00000000000004263, 30.00000000000001776, -40.00000000000000000 ) ) ;
#1374 = EDGE_CURVE ( 'NONE', #3766, #3839, #293, .T. ) ;
#1375 = ORIENTED_EDGE ( 'NONE', *, *, #2792, .T. ) ;
#1376 = CARTESIAN_POINT ( 'NONE',  ( -29.99999999999992895, 37.32000000000001450, -12.50000000000000000 ) ) ;
#1377 = DIRECTION ( 'NONE',  ( -0.000000000000000000, 1.000000000000000000, -0.000000000000000000 ) ) ;
#1378 = ORIENTED_EDGE ( 'NONE', *, *, #4635, .T. ) ;
#1379 = CARTESIAN_POINT ( 'NONE',  ( -19.74999999999997513, 26.00000000000001776, 10.00000000000000000 ) ) ;
#1380 = EDGE_CURVE ( 'NONE', #4616, #4236, #2006, .T. ) ;
#1381 = EDGE_CURVE ( 'NONE', #3448, #4288, #373, .T. ) ;
#1382 = DIRECTION ( 'NONE',  ( -0.000000000000000000, 0.000000000000000000, 1.000000000000000000 ) ) ;
#1383 = CARTESIAN_POINT ( 'NONE',  ( 89.99999999999995737, -29.99999999999998224, -40.00000000000000000 ) ) ;
#1384 = DIRECTION ( 'NONE',  ( -0.000000000000000000, -0.000000000000000000, 1.000000000000000000 ) ) ;
#1385 = ORIENTED_EDGE ( 'NONE', *, *, #2159, .T. ) ;
#1386 = DIRECTION ( 'NONE',  ( 0.000000000000000000, 0.000000000000000000, -1.000000000000000000 ) ) ;
#1387 = ORIENTED_EDGE ( 'NONE', *, *, #1626, .F. ) ;
#1388 = CARTESIAN_POINT ( 'NONE',  ( -30.13157175926082587, -31.56458551673096835, 9.999999999999998224 ) ) ;
#1389 = AXIS2_PLACEMENT_3D ( 'NONE', #4552, #4873, #2242 ) ;
#1390 = DIRECTION ( 'NONE',  ( 1.000000000000000000, 0.000000000000000000, 0.000000000000000000 ) ) ;
#1391 = EDGE_LOOP ( 'NONE', ( #4599, #2507, #2522, #1622, #2558 ) ) ;
#1392 = ADVANCED_FACE ( 'NONE', ( #1143, #802 ), #4272, .F. ) ;
#1393 = CARTESIAN_POINT ( 'NONE',  ( -23.75000000000003553, -33.99999999999997868, 5.999999999999995559 ) ) ;
#1394 = DIRECTION ( 'NONE',  ( 1.000000000000000000, 0.000000000000000000, 2.081668171172169006E-16 ) ) ;
#1395 = VECTOR ( 'NONE', #4312, 1000.000000000000000 ) ;
#1396 = DIRECTION ( 'NONE',  ( 1.000000000000000000, 0.000000000000000000, 0.000000000000000000 ) ) ;
#1397 = FILL_AREA_STYLE ('',( #4332 ) ) ;
#1398 = VERTEX_POINT ( 'NONE', #47 ) ;
#1399 = PLANE ( 'NONE',  #942 ) ;
#1400 = AXIS2_PLACEMENT_3D ( 'NONE', #3622, #3261, #3923 ) ;
#1401 = CARTESIAN_POINT ( 'NONE',  ( 85.99999999999995737, 26.00000000000001421, 6.000000000000000000 ) ) ;
#1402 = EDGE_LOOP ( 'NONE', ( #2955, #2848 ) ) ;
#1403 = CARTESIAN_POINT ( 'NONE',  ( 66.55880937064824820, 19.99999999999999289, 10.00000000000000000 ) ) ;
#1404 = VECTOR ( 'NONE', #2433, 1000.000000000000000 ) ;
#1405 = PLANE ( 'NONE',  #1240 ) ;
#1406 = CARTESIAN_POINT ( 'NONE',  ( 39.99999999999999289, -20.00000000000000355, -40.00000000000000000 ) ) ;
#1407 = LINE ( 'NONE', #4861, #633 ) ;
#1408 = EDGE_CURVE ( 'NONE', #811, #2615, #2686, .T. ) ;
#1409 = AXIS2_PLACEMENT_3D ( 'NONE', #931, #2015, #3122 ) ;
#1410 = ORIENTED_EDGE ( 'NONE', *, *, #4797, .F. ) ;
#1411 = CARTESIAN_POINT ( 'NONE',  ( -70.00000000000000000, 30.00000000000001776, -18.50000000000000355 ) ) ;
#1412 = ORIENTED_EDGE ( 'NONE', *, *, #3749, .F. ) ;
#1413 = AXIS2_PLACEMENT_3D ( 'NONE', #3159, #1494, #3505 ) ;
#1414 = FACE_OUTER_BOUND ( 'NONE', #1039, .T. ) ;
#1415 = CARTESIAN_POINT ( 'NONE',  ( 34.31757985379187659, 18.63191942669730494, 10.00000000000000000 ) ) ;
#1416 = CIRCLE ( 'NONE', #4030, 3.500000000000006661 ) ;
#1417 = EDGE_LOOP ( 'NONE', ( #1350, #4621, #3466, #2622 ) ) ;
#1418 = AXIS2_PLACEMENT_3D ( 'NONE', #4662, #3181, #4007 ) ;
#1419 = CIRCLE ( 'NONE', #562, 3.999999999999976019 ) ;
#1420 = CARTESIAN_POINT ( 'NONE',  ( -29.99999999999992895, 37.32000000000001450, -17.49999999999999645 ) ) ;
#1421 = CIRCLE ( 'NONE', #1902, 4.000000000000000000 ) ;
#1422 = ADVANCED_FACE ( 'NONE', ( #3824 ), #1959, .F. ) ;
#1423 = FACE_OUTER_BOUND ( 'NONE', #2727, .T. ) ;
#1424 = CARTESIAN_POINT ( 'NONE',  ( 19.75000000000003553, -33.99999999999997868, 5.999999999999998224 ) ) ;
#1425 = VECTOR ( 'NONE', #3007, 1000.000000000000000 ) ;
#1426 = EDGE_CURVE ( 'NONE', #1946, #4175, #1485, .T. ) ;
#1427 = ORIENTED_EDGE ( 'NONE', *, *, #4149, .F. ) ;
#1428 = CARTESIAN_POINT ( 'NONE',  ( -30.00000000000003197, -19.99999999999998934, -40.00000000000000000 ) ) ;
#1429 = VERTEX_POINT ( 'NONE', #2363 ) ;
#1430 = DIRECTION ( 'NONE',  ( 1.000000000000000000, 0.000000000000000000, 6.938893903907228378E-17 ) ) ;
#1431 = CARTESIAN_POINT ( 'NONE',  ( 2.558809370648245096, 20.00000000000000000, 8.000000000000000000 ) ) ;
#1432 = DIRECTION ( 'NONE',  ( 0.000000000000000000, -1.000000000000000000, 0.000000000000000000 ) ) ;
#1433 = DIRECTION ( 'NONE',  ( 1.734723475976807094E-16, 0.000000000000000000, -1.000000000000000000 ) ) ;
#1434 = VERTEX_POINT ( 'NONE', #1935 ) ;
#1435 = CARTESIAN_POINT ( 'NONE',  ( 59.18252779352895487, -21.54067850547703245, 8.000000000000000000 ) ) ;
#1436 = ORIENTED_EDGE ( 'NONE', *, *, #361, .T. ) ;
#1437 = EDGE_CURVE ( 'NONE', #4696, #3423, #771, .T. ) ;
#1438 = FACE_OUTER_BOUND ( 'NONE', #1696, .T. ) ;
#1439 = DIRECTION ( 'NONE',  ( -1.000000000000000000, 0.000000000000000000, 0.000000000000000000 ) ) ;
#1440 = VERTEX_POINT ( 'NONE', #4596 ) ;
#1441 = EDGE_LOOP ( 'NONE', ( #2638, #485, #3779, #1198, #2086 ) ) ;
#1442 = ADVANCED_FACE ( 'NONE', ( #4619 ), #1590, .F. ) ;
#1443 = ADVANCED_FACE ( 'NONE', ( #118 ), #2338, .F. ) ;
#1444 = DIRECTION ( 'NONE',  ( 0.000000000000000000, 1.000000000000000000, -0.000000000000000000 ) ) ;
#1445 = DIRECTION ( 'NONE',  ( 1.000000000000000000, 0.000000000000000000, 0.000000000000000000 ) ) ;
#1446 = DIRECTION ( 'NONE',  ( 4.163336342344336238E-15, 0.000000000000000000, 1.000000000000000000 ) ) ;
#1447 = CARTESIAN_POINT ( 'NONE',  ( -33.44119062935175890, 20.00000000000000000, 8.000000000000000000 ) ) ;
#1448 = ADVANCED_FACE ( 'NONE', ( #3844 ), #1612, .T. ) ;
#1449 = EDGE_LOOP ( 'NONE', ( #4591, #1164, #3207, #2908 ) ) ;
#1450 = LINE ( 'NONE', #3360, #1886 ) ;
#1451 = DIRECTION ( 'NONE',  ( 0.3420201433256724877, 0.9396926207859069846, 0.000000000000000000 ) ) ;
#1452 = VERTEX_POINT ( 'NONE', #3896 ) ;
#1453 = DIRECTION ( 'NONE',  ( 1.000000000000000000, 0.000000000000000000, -0.000000000000000000 ) ) ;
#1454 = EDGE_CURVE ( 'NONE', #183, #1429, #3059, .T. ) ;
#1455 = CARTESIAN_POINT ( 'NONE',  ( -90.00000000000004263, -29.99999999999998224, -40.00000000000000000 ) ) ;
#1456 = PLANE ( 'NONE',  #1644 ) ;
#1457 = EDGE_LOOP ( 'NONE', ( #1304, #1204, #1364, #3977 ) ) ;
#1458 = FACE_OUTER_BOUND ( 'NONE', #4249, .T. ) ;
#1459 = ORIENTED_EDGE ( 'NONE', *, *, #3290, .T. ) ;
#1460 = DIRECTION ( 'NONE',  ( -0.000000000000000000, 0.000000000000000000, 1.000000000000000000 ) ) ;
#1461 = LINE ( 'NONE', #2158, #1961 ) ;
#1462 = ORIENTED_EDGE ( 'NONE', *, *, #667, .F. ) ;
#1463 = EDGE_LOOP ( 'NONE', ( #1325, #2767, #1066, #1511, #4716 ) ) ;
#1464 = CIRCLE ( 'NONE', #3532, 4.000000000000003553 ) ;
#1465 = DIRECTION ( 'NONE',  ( -0.000000000000000000, 1.000000000000000000, -0.000000000000000000 ) ) ;
#1466 = DIRECTION ( 'NONE',  ( -0.000000000000000000, 1.000000000000000000, -0.000000000000000000 ) ) ;
#1467 = AXIS2_PLACEMENT_3D ( 'NONE', #4199, #4224, #824 ) ;
#1468 = FACE_OUTER_BOUND ( 'NONE', #1881, .T. ) ;
#1469 = LINE ( 'NONE', #4152, #2424 ) ;
#1470 = CIRCLE ( 'NONE', #4254, 4.000000000000003553 ) ;
#1471 = ORIENTED_EDGE ( 'NONE', *, *, #3257, .F. ) ;
#1472 = FACE_OUTER_BOUND ( 'NONE', #2043, .T. ) ;
#1473 = CARTESIAN_POINT ( 'NONE',  ( -51.75877048314366391, -18.63191942669734402, 8.000000000000000000 ) ) ;
#1474 = VECTOR ( 'NONE', #2173, 1000.000000000000000 ) ;
#1475 = ORIENTED_EDGE ( 'NONE', *, *, #1015, .F. ) ;
#1476 = DIRECTION ( 'NONE',  ( 0.000000000000000000, 0.000000000000000000, 1.000000000000000000 ) ) ;
#1477 = DIRECTION ( 'NONE',  ( -0.000000000000000000, -0.000000000000000000, 1.000000000000000000 ) ) ;
#1478 = CIRCLE ( 'NONE', #2758, 3.500000000000008438 ) ;
#1479 = PLANE ( 'NONE',  #1254 ) ;
#1480 = FACE_OUTER_BOUND ( 'NONE', #526, .T. ) ;
#1481 = EDGE_CURVE ( 'NONE', #3249, #4352, #4546, .T. ) ;
#1482 = VERTEX_POINT ( 'NONE', #3504 ) ;
#1483 = FACE_OUTER_BOUND ( 'NONE', #849, .T. ) ;
#1484 = VERTEX_POINT ( 'NONE', #4170 ) ;
#1485 = CIRCLE ( 'NONE', #1878, 4.000000000000003553 ) ;
#1486 = LINE ( 'NONE', #2979, #360 ) ;
#1487 = FACE_OUTER_BOUND ( 'NONE', #3930, .T. ) ;
#1488 = VECTOR ( 'NONE', #2461, 1000.000000000000000 ) ;
#1489 = EDGE_CURVE ( 'NONE', #597, #1196, #4568, .T. ) ;
#1490 = ORIENTED_EDGE ( 'NONE', *, *, #4816, .T. ) ;
#1491 = ORIENTED_EDGE ( 'NONE', *, *, #2148, .T. ) ;
#1492 = VECTOR ( 'NONE', #1922, 1000.000000000000114 ) ;
#1493 = FACE_OUTER_BOUND ( 'NONE', #4532, .T. ) ;
#1494 = DIRECTION ( 'NONE',  ( 0.000000000000000000, 0.000000000000000000, -1.000000000000000000 ) ) ;
#1495 = VECTOR ( 'NONE', #419, 1000.000000000000000 ) ;
#1496 = AXIS2_PLACEMENT_3D ( 'NONE', #232, #1074, #4397 ) ;
#1497 = DIRECTION ( 'NONE',  ( 0.000000000000000000, 0.000000000000000000, -1.000000000000000000 ) ) ;
#1498 = DIRECTION ( 'NONE',  ( -0.000000000000000000, 1.000000000000000000, -0.000000000000000000 ) ) ;
#1499 = CIRCLE ( 'NONE', #3326, 4.000000000000000000 ) ;
#1500 = CIRCLE ( 'NONE', #398, 3.999999999999976019 ) ;
#1501 = ADVANCED_FACE ( 'NONE', ( #22 ), #1539, .T. ) ;
#1502 = ORIENTED_EDGE ( 'NONE', *, *, #2594, .T. ) ;
#1503 = DIRECTION ( 'NONE',  ( 1.000000000000000000, 0.000000000000000000, 2.081668171172169006E-16 ) ) ;
#1504 = ORIENTED_EDGE ( 'NONE', *, *, #2633, .F. ) ;
#1505 = VECTOR ( 'NONE', #1157, 1000.000000000000000 ) ;
#1506 = VERTEX_POINT ( 'NONE', #4012 ) ;
#1507 = DIRECTION ( 'NONE',  ( 6.938893903907228378E-17, 0.000000000000000000, -1.000000000000000000 ) ) ;
#1508 = DIRECTION ( 'NONE',  ( -0.000000000000000000, 0.000000000000000000, 1.000000000000000000 ) ) ;
#1509 = PLANE ( 'NONE',  #2369 ) ;
#1510 = LINE ( 'NONE', #339, #3712 ) ;
#1511 = ORIENTED_EDGE ( 'NONE', *, *, #3749, .T. ) ;
#1512 = CARTESIAN_POINT ( 'NONE',  ( 2.669105613721795223, -0.9714749955075695498, 10.00000000000000000 ) ) ;
#1513 = VERTEX_POINT ( 'NONE', #1293 ) ;
#1514 = DIRECTION ( 'NONE',  ( 0.000000000000000000, 1.000000000000000000, -0.000000000000000000 ) ) ;
#1515 = DIRECTION ( 'NONE',  ( 0.000000000000000000, 0.000000000000000000, -1.000000000000000000 ) ) ;
#1516 = VERTEX_POINT ( 'NONE', #4739 ) ;
#1517 = EDGE_LOOP ( 'NONE', ( #4878, #102, #1090, #342 ) ) ;
#1518 = ADVANCED_FACE ( 'NONE', ( #972 ), #2862, .F. ) ;
#1519 = VERTEX_POINT ( 'NONE', #1311 ) ;
#1520 = DIRECTION ( 'NONE',  ( 0.000000000000000000, 0.000000000000000000, -1.000000000000000000 ) ) ;
#1521 = DIRECTION ( 'NONE',  ( -1.000000000000000000, 0.000000000000000000, 0.000000000000000000 ) ) ;
#1522 = LINE ( 'NONE', #29, #4202 ) ;
#1523 = EDGE_CURVE ( 'NONE', #456, #720, #2811, .T. ) ;
#1524 = ORIENTED_EDGE ( 'NONE', *, *, #3141, .F. ) ;
#1525 = CARTESIAN_POINT ( 'NONE',  ( 23.15605454625778847, -30.26168225143340962, 10.00000000000000000 ) ) ;
#1526 = ORIENTED_EDGE ( 'NONE', *, *, #1549, .F. ) ;
#1527 = ORIENTED_EDGE ( 'NONE', *, *, #630, .F. ) ;
#1528 = DIRECTION ( 'NONE',  ( 1.000000000000000000, 0.000000000000000000, 0.000000000000000000 ) ) ;
#1529 = CARTESIAN_POINT ( 'NONE',  ( 32.33945200041591050, -27.73269693091487653, 10.00000000000000000 ) ) ;
#1530 = CARTESIAN_POINT ( 'NONE',  ( 85.99999999999995737, -25.99999999999998224, 6.000000000000000000 ) ) ;
#1531 = CARTESIAN_POINT ( 'NONE',  ( -33.99999999999995737, 26.00000000000001776, 10.00000000000000000 ) ) ;
#1532 = DIRECTION ( 'NONE',  ( 0.000000000000000000, 0.000000000000000000, 1.000000000000000000 ) ) ;
#1533 = EDGE_CURVE ( 'NONE', #1484, #4572, #1798, .T. ) ;
#1534 = VERTEX_POINT ( 'NONE', #2103 ) ;
#1535 = EDGE_CURVE ( 'NONE', #3269, #2498, #1336, .T. ) ;
#1536 = CYLINDRICAL_SURFACE ( 'NONE', #1176, 4.000000000000003553 ) ;
#1537 = ORIENTED_EDGE ( 'NONE', *, *, #253, .F. ) ;
#1538 = FACE_OUTER_BOUND ( 'NONE', #4164, .T. ) ;
#1539 = CYLINDRICAL_SURFACE ( 'NONE', #1326, 4.000000000000000000 ) ;
#1540 = ORIENTED_EDGE ( 'NONE', *, *, #3847, .T. ) ;
#1541 = ORIENTED_EDGE ( 'NONE', *, *, #4418, .T. ) ;
#1542 = EDGE_LOOP ( 'NONE', ( #4055, #2550, #3405, #1540 ) ) ;
#1543 = CARTESIAN_POINT ( 'NONE',  ( -90.00000000000004263, 30.00000000000001776, -40.00000000000000000 ) ) ;
#1544 = CARTESIAN_POINT ( 'NONE',  ( 0.000000000000000000, -29.99999999999998224, -14.99999999999999467 ) ) ;
#1545 = VECTOR ( 'NONE', #3337, 1000.000000000000000 ) ;
#1546 = ORIENTED_EDGE ( 'NONE', *, *, #1748, .T. ) ;
#1547 = CARTESIAN_POINT ( 'NONE',  ( 30.92581670362537238, -11.25607675049229961, 10.00000000000000000 ) ) ;
#1548 = ORIENTED_EDGE ( 'NONE', *, *, #3823, .F. ) ;
#1549 = EDGE_CURVE ( 'NONE', #387, #3384, #3226, .T. ) ;
#1550 = ORIENTED_EDGE ( 'NONE', *, *, #4708, .F. ) ;
#1551 = CARTESIAN_POINT ( 'NONE',  ( -14.30000000000002736, -19.99999999999998934, -4.999999999999997335 ) ) ;
#1552 = AXIS2_PLACEMENT_3D ( 'NONE', #3601, #2868, #3166 ) ;
#1553 = CARTESIAN_POINT ( 'NONE',  ( -30.00000000000003197, -19.99999999999998934, -40.00000000000000000 ) ) ;
#1554 = CARTESIAN_POINT ( 'NONE',  ( -3.758770483143663022, -18.63191942669733692, 8.000000000000000000 ) ) ;
#1555 = DIRECTION ( 'NONE',  ( 0.000000000000000000, 0.000000000000000000, -1.000000000000000000 ) ) ;
#1556 = FACE_OUTER_BOUND ( 'NONE', #1620, .T. ) ;
#1557 = VERTEX_POINT ( 'NONE', #216 ) ;
#1558 = LINE ( 'NONE', #19, #4437 ) ;
#1559 = VERTEX_POINT ( 'NONE', #3943 ) ;
#1560 = AXIS2_PLACEMENT_3D ( 'NONE', #4573, #4306, #807 ) ;
#1561 = PLANE ( 'NONE',  #2984 ) ;
#1562 = EDGE_CURVE ( 'NONE', #1121, #659, #3474, .T. ) ;
#1563 = DIRECTION ( 'NONE',  ( 1.000000000000000000, -0.000000000000000000, 0.000000000000000000 ) ) ;
#1564 = VECTOR ( 'NONE', #4374, 1000.000000000000000 ) ;
#1565 = VERTEX_POINT ( 'NONE', #3615 ) ;
#1566 = ORIENTED_EDGE ( 'NONE', *, *, #4844, .T. ) ;
#1567 = AXIS2_PLACEMENT_3D ( 'NONE', #3609, #587, #208 ) ;
#1568 = VERTEX_POINT ( 'NONE', #4694 ) ;
#1569 = DIRECTION ( 'NONE',  ( 1.000000000000000000, 0.000000000000000000, 0.000000000000000000 ) ) ;
#1570 = AXIS2_PLACEMENT_3D ( 'NONE', #1823, #3340, #4854 ) ;
#1571 = LINE ( 'NONE', #2747, #2019 ) ;
#1572 = EDGE_CURVE ( 'NONE', #2498, #2069, #2882, .T. ) ;
#1573 = VECTOR ( 'NONE', #1721, 1000.000000000000000 ) ;
#1574 = EDGE_LOOP ( 'NONE', ( #1236, #2742 ) ) ;
#1575 = CARTESIAN_POINT ( 'NONE',  ( 19.75877048314356799, -21.36808057330271282, 8.000000000000000000 ) ) ;
#1576 = ORIENTED_EDGE ( 'NONE', *, *, #1828, .F. ) ;
#1577 = VERTEX_POINT ( 'NONE', #592 ) ;
#1578 = CARTESIAN_POINT ( 'NONE',  ( 2.317579853791875255, 18.63191942669730494, 8.000000000000000000 ) ) ;
#1579 = AXIS2_PLACEMENT_3D ( 'NONE', #2499, #2172, #663 ) ;
#1580 = CIRCLE ( 'NONE', #1737, 4.000000000000003553 ) ;
#1581 = CARTESIAN_POINT ( 'NONE',  ( 70.00000000000000000, 23.00000000000001776, -15.00000000000001243 ) ) ;
#1582 = DIRECTION ( 'NONE',  ( 0.3420201433256724322, 0.9396926207859069846, 0.000000000000000000 ) ) ;
#1583 = DIRECTION ( 'NONE',  ( -0.000000000000000000, 0.000000000000000000, 1.000000000000000000 ) ) ;
#1584 = AXIS2_PLACEMENT_3D ( 'NONE', #2752, #3858, #4261 ) ;
#1585 = VECTOR ( 'NONE', #1926, 1000.000000000000000 ) ;
#1586 = CARTESIAN_POINT ( 'NONE',  ( -86.00000000000002842, -25.99999999999998224, 6.000000000000000000 ) ) ;
#1587 = ORIENTED_EDGE ( 'NONE', *, *, #4084, .T. ) ;
#1588 = DIRECTION ( 'NONE',  ( -0.000000000000000000, -1.000000000000000000, -0.000000000000000000 ) ) ;
#1589 = DIRECTION ( 'NONE',  ( -0.000000000000000000, -0.000000000000000000, 1.000000000000000000 ) ) ;
#1590 = CYLINDRICAL_SURFACE ( 'NONE', #934, 3.999999999999976019 ) ;
#1591 = CARTESIAN_POINT ( 'NONE',  ( 39.99999999999999289, -20.00000000000000355, -40.00000000000000000 ) ) ;
#1592 = ORIENTED_EDGE ( 'NONE', *, *, #4059, .T. ) ;
#1593 = EDGE_LOOP ( 'NONE', ( #797, #773, #1320, #180 ) ) ;
#1594 = ADVANCED_FACE ( 'NONE', ( #4764 ), #920, .T. ) ;
#1595 = ORIENTED_EDGE ( 'NONE', *, *, #369, .T. ) ;
#1596 = LINE ( 'NONE', #2746, #3071 ) ;
#1597 = EDGE_CURVE ( 'NONE', #1795, #4602, #2408, .T. ) ;
#1598 = CARTESIAN_POINT ( 'NONE',  ( 58.80003888750461982, 21.36808057330269861, 10.00000000000000000 ) ) ;
#1599 = ORIENTED_EDGE ( 'NONE', *, *, #1368, .F. ) ;
#1600 = CARTESIAN_POINT ( 'NONE',  ( -3.941708964942730375, 1.434664735379415745, 8.000000000000000000 ) ) ;
#1601 = ORIENTED_EDGE ( 'NONE', *, *, #3002, .F. ) ;
#1602 = ADVANCED_FACE ( 'NONE', ( #550 ), #2127, .T. ) ;
#1603 = CARTESIAN_POINT ( 'NONE',  ( -12.24122951685643557, -21.36808057330270572, 8.000000000000000000 ) ) ;
#1604 = CARTESIAN_POINT ( 'NONE',  ( -80.00000000000000000, 20.00000000000000000, 0.000000000000000000 ) ) ;
#1605 = LINE ( 'NONE', #2425, #4653 ) ;
#1606 = FACE_BOUND ( 'NONE', #401, .T. ) ;
#1607 = DIRECTION ( 'NONE',  ( -0.000000000000000000, 1.000000000000000000, -0.000000000000000000 ) ) ;
#1608 = ORIENTED_EDGE ( 'NONE', *, *, #4858, .T. ) ;
#1609 = EDGE_CURVE ( 'NONE', #620, #4236, #297, .T. ) ;
#1610 = DIRECTION ( 'NONE',  ( 0.000000000000000000, 0.000000000000000000, 1.000000000000000000 ) ) ;
#1611 = DIRECTION ( 'NONE',  ( 1.000000000000000000, 0.000000000000000000, 0.000000000000000000 ) ) ;
#1612 = PLANE ( 'NONE',  #772 ) ;
#1613 = LINE ( 'NONE', #2765, #2129 ) ;
#1614 = VERTEX_POINT ( 'NONE', #2059 ) ;
#1615 = CARTESIAN_POINT ( 'NONE',  ( -11.45924993122999247, 4.170825881984795203, 10.00000000000000000 ) ) ;
#1616 = ORIENTED_EDGE ( 'NONE', *, *, #1122, .T. ) ;
#1617 = ORIENTED_EDGE ( 'NONE', *, *, #3739, .T. ) ;
#1618 = DIRECTION ( 'NONE',  ( 2.081668171172169006E-16, 0.000000000000000000, -1.000000000000000000 ) ) ;
#1619 = LINE ( 'NONE', #4209, #196 ) ;
#1620 = EDGE_LOOP ( 'NONE', ( #3529, #3228, #2318, #1206 ) ) ;
#1621 = LINE ( 'NONE', #3144, #2605 ) ;
#1622 = ORIENTED_EDGE ( 'NONE', *, *, #1287, .F. ) ;
#1623 = DIRECTION ( 'NONE',  ( 1.000000000000000000, 0.000000000000000000, 6.938893903907228378E-17 ) ) ;
#1624 = AXIS2_PLACEMENT_3D ( 'NONE', #3024, #384, #1896 ) ;
#1625 = CARTESIAN_POINT ( 'NONE',  ( 70.00000000000000000, 23.00000000000001776, -15.00000000000001243 ) ) ;
#1626 = EDGE_CURVE ( 'NONE', #4509, #1282, #1685, .T. ) ;
#1627 = CARTESIAN_POINT ( 'NONE',  ( -90.00000000000004263, -29.99999999999998224, -40.00000000000000000 ) ) ;
#1628 = DIRECTION ( 'NONE',  ( 1.000000000000000000, -0.000000000000000000, -0.000000000000000000 ) ) ;
#1629 = AXIS2_PLACEMENT_3D ( 'NONE', #4446, #2537, #3278 ) ;
#1630 = ORIENTED_EDGE ( 'NONE', *, *, #3575, .T. ) ;
#1631 = CARTESIAN_POINT ( 'NONE',  ( -31.68699061580226228, 28.52941107859973968, 10.00000000000000178 ) ) ;
#1632 = CARTESIAN_POINT ( 'NONE',  ( -70.00000000000000000, 23.00000000000001776, -14.99999999999999467 ) ) ;
#1633 = VECTOR ( 'NONE', #230, 1000.000000000000000 ) ;
#1634 = EDGE_CURVE ( 'NONE', #1557, #2220, #190, .T. ) ;
#1635 = DIRECTION ( 'NONE',  ( -0.000000000000000000, 0.000000000000000000, 1.000000000000000000 ) ) ;
#1636 = PLANE ( 'NONE',  #1413 ) ;
#1637 = ORIENTED_EDGE ( 'NONE', *, *, #2976, .T. ) ;
#1638 = CARTESIAN_POINT ( 'NONE',  ( 23.75000000000003553, -33.99999999999997868, 10.00000000000000711 ) ) ;
#1639 = ORIENTED_EDGE ( 'NONE', *, *, #808, .F. ) ;
#1640 = DIRECTION ( 'NONE',  ( 1.000000000000000000, 0.000000000000000000, 2.081668171172169253E-16 ) ) ;
#1641 = DIRECTION ( 'NONE',  ( 0.000000000000000000, 1.000000000000000000, 0.000000000000000000 ) ) ;
#1642 = AXIS2_PLACEMENT_3D ( 'NONE', #3477, #1241, #76 ) ;
#1643 = DIRECTION ( 'NONE',  ( -6.938893903907228378E-17, -0.000000000000000000, 1.000000000000000000 ) ) ;
#1644 = AXIS2_PLACEMENT_3D ( 'NONE', #1383, #1016, #265 ) ;
#1645 = EDGE_LOOP ( 'NONE', ( #3588, #4698, #3827, #4090, #1172 ) ) ;
#1646 = CYLINDRICAL_SURFACE ( 'NONE', #4745, 4.000000000000000000 ) ;
#1647 = AXIS2_PLACEMENT_3D ( 'NONE', #1847, #2569, #4078 ) ;
#1648 = ORIENTED_EDGE ( 'NONE', *, *, #4504, .F. ) ;
#1649 = CARTESIAN_POINT ( 'NONE',  ( -21.19996111249539084, 21.36808057330269506, 10.00000000000000000 ) ) ;
#1650 = TOROIDAL_SURFACE ( 'NONE', #4426, 8.000000000000000000, 4.000000000000000000 ) ;
#1651 = DIRECTION ( 'NONE',  ( 0.000000000000000000, 0.000000000000000000, -1.000000000000000000 ) ) ;
#1652 = DIRECTION ( 'NONE',  ( 1.000000000000000000, -0.000000000000000000, 0.000000000000000000 ) ) ;
#1653 = CARTESIAN_POINT ( 'NONE',  ( -90.00000000000004263, 30.00000000000001776, -40.00000000000000000 ) ) ;
#1654 = CIRCLE ( 'NONE', #4428, 2.500000000000002220 ) ;
#1655 = AXIS2_PLACEMENT_3D ( 'NONE', #2251, #1880, #2152 ) ;
#1656 = ORIENTED_EDGE ( 'NONE', *, *, #1796, .T. ) ;
#1657 = FACE_BOUND ( 'NONE', #1463, .T. ) ;
#1658 = ADVANCED_FACE ( 'NONE', ( #3205 ), #3972, .T. ) ;
#1659 = VECTOR ( 'NONE', #2545, 1000.000000000000000 ) ;
#1660 = AXIS2_PLACEMENT_3D ( 'NONE', #1789, #4499, #4897 ) ;
#1661 = CARTESIAN_POINT ( 'NONE',  ( 52.57171321486437421, -19.13453877459007302, 8.000000000000000000 ) ) ;
#1662 = DIRECTION ( 'NONE',  ( -0.000000000000000000, -0.000000000000000000, 1.000000000000000000 ) ) ;
#1663 = CARTESIAN_POINT ( 'NONE',  ( 0.000000000000000000, -25.99999999999998224, 10.00000000000000000 ) ) ;
#1664 = ORIENTED_EDGE ( 'NONE', *, *, #3773, .F. ) ;
#1665 = DIRECTION ( 'NONE',  ( -3.826595902890015835E-15, -1.000000000000000000, 0.000000000000000000 ) ) ;
#1666 = ORIENTED_EDGE ( 'NONE', *, *, #3884, .T. ) ;
#1667 = AXIS2_PLACEMENT_3D ( 'NONE', #4592, #2977, #44 ) ;
#1668 = ADVANCED_FACE ( 'NONE', ( #2928 ), #1479, .F. ) ;
#1669 = VERTEX_POINT ( 'NONE', #4439 ) ;
#1670 = CARTESIAN_POINT ( 'NONE',  ( -18.74999999999994671, 37.32000000000001450, -15.00000000000000000 ) ) ;
#1671 = ORIENTED_EDGE ( 'NONE', *, *, #2116, .F. ) ;
#1672 = EDGE_CURVE ( 'NONE', #52, #2016, #3973, .T. ) ;
#1673 = CARTESIAN_POINT ( 'NONE',  ( 0.000000000000000000, 0.000000000000000000, 0.000000000000000000 ) ) ;
#1674 = ORIENTED_EDGE ( 'NONE', *, *, #207, .T. ) ;
#1675 = CARTESIAN_POINT ( 'NONE',  ( -4.300000000000025580, -29.99999999999998224, -14.99999999999999467 ) ) ;
#1676 = EDGE_LOOP ( 'NONE', ( #583, #2714, #226, #4032, #2092 ) ) ;
#1677 = EDGE_CURVE ( 'NONE', #4394, #52, #2243, .T. ) ;
#1678 = FACE_BOUND ( 'NONE', #109, .T. ) ;
#1679 = DIRECTION ( 'NONE',  ( 0.000000000000000000, -1.000000000000000000, 0.000000000000000000 ) ) ;
#1680 = ADVANCED_FACE ( 'NONE', ( #739 ), #3273, .T. ) ;
#1681 = LINE ( 'NONE', #2427, #4198 ) ;
#1682 = ORIENTED_EDGE ( 'NONE', *, *, #738, .T. ) ;
#1683 = LINE ( 'NONE', #142, #3170 ) ;
#1684 = FACE_BOUND ( 'NONE', #3115, .T. ) ;
#1685 = LINE ( 'NONE', #1271, #4021 ) ;
#1686 = ADVANCED_FACE ( 'NONE', ( #2151 ), #3661, .T. ) ;
#1687 = CYLINDRICAL_SURFACE ( 'NONE', #304, 3.999999999999976019 ) ;
#1688 = EDGE_CURVE ( 'NONE', #1170, #3619, #3292, .T. ) ;
#1689 = ORIENTED_EDGE ( 'NONE', *, *, #2047, .F. ) ;
#1690 = CARTESIAN_POINT ( 'NONE',  ( -83.75877048314369233, -18.63191942669732626, 8.000000000000000000 ) ) ;
#1691 = ORIENTED_EDGE ( 'NONE', *, *, #3589, .T. ) ;
#1692 = CARTESIAN_POINT ( 'NONE',  ( -14.30000000000002736, -29.99999999999998224, -4.999999999999993783 ) ) ;
#1693 = DIRECTION ( 'NONE',  ( -3.469446951953617344E-15, -1.000000000000000000, 0.000000000000000000 ) ) ;
#1694 = EDGE_CURVE ( 'NONE', #4676, #814, #4102, .T. ) ;
#1695 = ORIENTED_EDGE ( 'NONE', *, *, #1535, .T. ) ;
#1696 = EDGE_LOOP ( 'NONE', ( #26, #1656, #2837 ) ) ;
#1697 = CARTESIAN_POINT ( 'NONE',  ( -23.74999999999994671, 32.92820323027553542, 10.00000000000000178 ) ) ;
#1698 = ORIENTED_EDGE ( 'NONE', *, *, #3109, .F. ) ;
#1699 =( NAMED_UNIT ( * ) SI_UNIT ( $, .STERADIAN. ) SOLID_ANGLE_UNIT ( ) );
#1700 = ADVANCED_FACE ( 'NONE', ( #1756 ), #1829, .F. ) ;
#1701 = DIRECTION ( 'NONE',  ( -0.3420201433256729318, -0.9396926207859067626, 0.000000000000000000 ) ) ;
#1702 = LINE ( 'NONE', #3543, #874 ) ;
#1703 = ORIENTED_EDGE ( 'NONE', *, *, #1264, .T. ) ;
#1704 = CARTESIAN_POINT ( 'NONE',  ( -44.24122951685643557, -21.36808057330270572, 10.00000000000000000 ) ) ;
#1705 = FACE_BOUND ( 'NONE', #3678, .T. ) ;
#1706 = DIRECTION ( 'NONE',  ( 0.3420201433256724322, 0.9396926207859069846, 0.000000000000000000 ) ) ;
#1707 = AXIS2_PLACEMENT_3D ( 'NONE', #3533, #3093, #4680 ) ;
#1708 = LINE ( 'NONE', #1663, #2852 ) ;
#1709 = EDGE_LOOP ( 'NONE', ( #1947, #3727, #4609, #1342 ) ) ;
#1710 = DIRECTION ( 'NONE',  ( 1.000000000000000000, 0.000000000000000000, 0.000000000000000000 ) ) ;
#1711 = EDGE_LOOP ( 'NONE', ( #3082, #1221, #888, #3989 ) ) ;
#1712 = AXIS2_PLACEMENT_3D ( 'NONE', #323, #1460, #3372 ) ;
#1713 = ADVANCED_FACE ( 'NONE', ( #4860 ), #1456, .T. ) ;
#1714 = EDGE_LOOP ( 'NONE', ( #355, #1758, #3849, #1664, #1743 ) ) ;
#1715 = DIRECTION ( 'NONE',  ( -0.000000000000000000, -0.000000000000000000, 1.000000000000000000 ) ) ;
#1716 = VECTOR ( 'NONE', #2831, 1000.000000000000114 ) ;
#1717 = VERTEX_POINT ( 'NONE', #4809 ) ;
#1718 = CARTESIAN_POINT ( 'NONE',  ( 85.99999999999995737, -25.99999999999998224, 6.000000000000000000 ) ) ;
#1719 = VECTOR ( 'NONE', #4848, 1000.000000000000114 ) ;
#1720 = ORIENTED_EDGE ( 'NONE', *, *, #1454, .T. ) ;
#1721 = DIRECTION ( 'NONE',  ( 0.000000000000000000, 0.000000000000000000, 1.000000000000000000 ) ) ;
#1722 = DIRECTION ( 'NONE',  ( 0.000000000000000000, 1.000000000000000000, 0.000000000000000000 ) ) ;
#1723 = EDGE_CURVE ( 'NONE', #1105, #3202, #466, .T. ) ;
#1724 = VECTOR ( 'NONE', #317, 1000.000000000000000 ) ;
#1725 = CARTESIAN_POINT ( 'NONE',  ( -123.7500000000000426, -43.49999999999997868, -15.00000000000013323 ) ) ;
#1726 = CARTESIAN_POINT ( 'NONE',  ( 12.24122951685633787, -18.63191942669733692, 10.00000000000000000 ) ) ;
#1727 = VERTEX_POINT ( 'NONE', #2734 ) ;
#1728 = CARTESIAN_POINT ( 'NONE',  ( -30.00000000000003553, -52.49999999999997868, 10.00000000000000178 ) ) ;
#1729 = VECTOR ( 'NONE', #2920, 1000.000000000000000 ) ;
#1730 = FACE_OUTER_BOUND ( 'NONE', #3014, .T. ) ;
#1731 = DIRECTION ( 'NONE',  ( -0.000000000000000000, -0.000000000000000000, -1.000000000000000000 ) ) ;
#1732 = LINE ( 'NONE', #1313, #386 ) ;
#1733 = ORIENTED_EDGE ( 'NONE', *, *, #2235, .T. ) ;
#1734 = FACE_OUTER_BOUND ( 'NONE', #1911, .T. ) ;
#1735 = ORIENTED_EDGE ( 'NONE', *, *, #1205, .F. ) ;
#1736 = VECTOR ( 'NONE', #1610, 1000.000000000000000 ) ;
#1737 = AXIS2_PLACEMENT_3D ( 'NONE', #4759, #3937, #2453 ) ;
#1738 = VERTEX_POINT ( 'NONE', #3817 ) ;
#1739 = LINE ( 'NONE', #2869, #1564 ) ;
#1740 = AXIS2_PLACEMENT_3D ( 'NONE', #1843, #1497, #2989 ) ;
#1741 = EDGE_CURVE ( 'NONE', #995, #3702, #138, .T. ) ;
#1742 = ORIENTED_EDGE ( 'NONE', *, *, #1368, .T. ) ;
#1743 = ORIENTED_EDGE ( 'NONE', *, *, #2899, .T. ) ;
#1744 = DIRECTION ( 'NONE',  ( 1.000000000000000000, 0.000000000000000000, -0.000000000000000000 ) ) ;
#1745 = DIRECTION ( 'NONE',  ( 0.000000000000000000, 1.000000000000000000, 0.000000000000000000 ) ) ;
#1746 = LINE ( 'NONE', #2961, #2693 ) ;
#1747 = EDGE_CURVE ( 'NONE', #120, #1946, #3443, .T. ) ;
#1748 = EDGE_CURVE ( 'NONE', #3039, #1219, #4614, .T. ) ;
#1749 = LINE ( 'NONE', #586, #2859 ) ;
#1750 = FACE_OUTER_BOUND ( 'NONE', #723, .T. ) ;
#1751 = DIRECTION ( 'NONE',  ( 1.000000000000000000, -3.826595902890015835E-15, -0.000000000000000000 ) ) ;
#1752 = ADVANCED_FACE ( 'NONE', ( #4560 ), #1879, .F. ) ;
#1753 = ORIENTED_EDGE ( 'NONE', *, *, #73, .F. ) ;
#1754 = DIRECTION ( 'NONE',  ( 6.938893903907228378E-17, 0.000000000000000000, -1.000000000000000000 ) ) ;
#1755 = DIRECTION ( 'NONE',  ( 1.000000000000000000, 0.000000000000000000, 0.000000000000000000 ) ) ;
#1756 = FACE_OUTER_BOUND ( 'NONE', #4185, .T. ) ;
#1757 = CARTESIAN_POINT ( 'NONE',  ( 0.000000000000000000, 0.000000000000000000, 8.000000000000000000 ) ) ;
#1758 = ORIENTED_EDGE ( 'NONE', *, *, #278, .T. ) ;
#1759 = DIRECTION ( 'NONE',  ( 1.000000000000000000, 0.000000000000000000, 0.000000000000000000 ) ) ;
#1760 = ORIENTED_EDGE ( 'NONE', *, *, #3435, .F. ) ;
#1761 = CARTESIAN_POINT ( 'NONE',  ( 66.31757985379188369, 18.63191942669730494, 8.000000000000000000 ) ) ;
#1762 = B_SPLINE_CURVE_WITH_KNOTS ( 'NONE', 3,
 ( #1118, #344, #2560, #721, #4121, #4142, #3299, #2136, #4790, #1388, #2909, #2956 ),
 .UNSPECIFIED., .F., .F.,
 ( 4, 2, 2, 2, 2, 4 ),
 ( -1.264911064073120140E-05, 0.002043893490166194711, 0.003072164790569661009, 0.004100436090973128174, 0.006156978691780052963, 0.008213521292586978620 ),
 .UNSPECIFIED. ) ;
#1763 = CARTESIAN_POINT ( 'NONE',  ( -32.00000000000004263, -20.00000000000000355, 8.000000000000000000 ) ) ;
#1764 = ORIENTED_EDGE ( 'NONE', *, *, #3988, .T. ) ;
#1765 = DIRECTION ( 'NONE',  ( -0.000000000000000000, 0.000000000000000000, 1.000000000000000000 ) ) ;
#1766 = FACE_OUTER_BOUND ( 'NONE', #3088, .T. ) ;
#1767 = CARTESIAN_POINT ( 'NONE',  ( -30.00000000000003553, -52.49999999999997868, 10.00000000000000178 ) ) ;
#1768 = EDGE_LOOP ( 'NONE', ( #2109, #1317, #4905, #4080 ) ) ;
#1769 = DIRECTION ( 'NONE',  ( 0.000000000000000000, -0.000000000000000000, -1.000000000000000000 ) ) ;
#1770 = LINE ( 'NONE', #312, #4360 ) ;
#1771 = EDGE_LOOP ( 'NONE', ( #3893, #1849, #3537, #3492 ) ) ;
#1772 = CARTESIAN_POINT ( 'NONE',  ( 31.99999999999995737, -20.00000000000001066, 10.00000000000000000 ) ) ;
#1773 = EDGE_CURVE ( 'NONE', #223, #2254, #840, .T. ) ;
#1774 = CARTESIAN_POINT ( 'NONE',  ( 23.75999999999996604, -43.49999999999997868, -15.00000000000010125 ) ) ;
#1775 = DIRECTION ( 'NONE',  ( -0.000000000000000000, 0.000000000000000000, 1.000000000000000000 ) ) ;
#1776 = LINE ( 'NONE', #3004, #2616 ) ;
#1777 = ORIENTED_EDGE ( 'NONE', *, *, #2350, .F. ) ;
#1778 = DIRECTION ( 'NONE',  ( -1.000000000000000000, 0.000000000000000000, 0.000000000000000000 ) ) ;
#1779 = VERTEX_POINT ( 'NONE', #1531 ) ;
#1780 = ADVANCED_FACE ( 'NONE', ( #3757, #1606 ), #1509, .T. ) ;
#1781 = LINE ( 'NONE', #4490, #3373 ) ;
#1782 =( GEOMETRIC_REPRESENTATION_CONTEXT ( 3 ) GLOBAL_UNCERTAINTY_ASSIGNED_CONTEXT ( ( #3018 ) ) GLOBAL_UNIT_ASSIGNED_CONTEXT ( ( #4420, #653, #3237 ) ) REPRESENTATION_CONTEXT ( 'NONE', 'WORKASPACE' ) );
#1783 = CARTESIAN_POINT ( 'NONE',  ( -30.00000000000003197, -19.99999999999998934, 0.000000000000000000 ) ) ;
#1784 = EDGE_LOOP ( 'NONE', ( #4252, #894, #4328, #1698 ) ) ;
#1785 = EDGE_CURVE ( 'NONE', #3269, #545, #3390, .T. ) ;
#1786 = DIRECTION ( 'NONE',  ( -1.000000000000000000, 6.938893903907228378E-15, 0.000000000000000000 ) ) ;
#1787 = AXIS2_PLACEMENT_3D ( 'NONE', #3660, #4386, #1042 ) ;
#1788 = CARTESIAN_POINT ( 'NONE',  ( -123.7500000000000426, -43.49999999999997868, -15.00000000000013323 ) ) ;
#1789 = CARTESIAN_POINT ( 'NONE',  ( 47.99999999999995737, -20.00000000000001066, 10.00000000000000000 ) ) ;
#1790 = SURFACE_SIDE_STYLE ('',( #2495 ) ) ;
#1791 = AXIS2_PLACEMENT_3D ( 'NONE', #3378, #700, #326 ) ;
#1792 = ORIENTED_EDGE ( 'NONE', *, *, #434, .F. ) ;
#1793 = DIRECTION ( 'NONE',  ( 3.826595902890015835E-15, 1.000000000000000000, 0.000000000000000000 ) ) ;
#1794 = LINE ( 'NONE', #3286, #4204 ) ;
#1795 = VERTEX_POINT ( 'NONE', #1233 ) ;
#1796 = EDGE_CURVE ( 'NONE', #517, #4727, #2917, .T. ) ;
#1797 = CARTESIAN_POINT ( 'NONE',  ( 14.30999999999996497, -43.49999999999997868, -15.00000000000010303 ) ) ;
#1798 = CIRCLE ( 'NONE', #4500, 4.000000000000000000 ) ;
#1799 = DIRECTION ( 'NONE',  ( 1.000000000000000000, 0.000000000000000000, 0.000000000000000000 ) ) ;
#1800 = CARTESIAN_POINT ( 'NONE',  ( -23.50784067195258231, 32.58876775130386250, -9.251014999860810661 ) ) ;
#1801 = CARTESIAN_POINT ( 'NONE',  ( -90.00000000000004263, -25.99999999999998224, 5.999999999999998224 ) ) ;
#1802 = AXIS2_PLACEMENT_3D ( 'NONE', #2853, #937, #2825 ) ;
#1803 = ORIENTED_EDGE ( 'NONE', *, *, #1938, .T. ) ;
#1804 = EDGE_CURVE ( 'NONE', #3900, #267, #447, .T. ) ;
#1805 = PLANE ( 'NONE',  #3244 ) ;
#1806 = ORIENTED_EDGE ( 'NONE', *, *, #3575, .F. ) ;
#1807 = AXIS2_PLACEMENT_3D ( 'NONE', #4787, #3664, #1778 ) ;
#1808 = AXIS2_PLACEMENT_3D ( 'NONE', #1353, #676, #634 ) ;
#1809 = DIRECTION ( 'NONE',  ( 0.000000000000000000, -0.000000000000000000, 1.000000000000000000 ) ) ;
#1810 = DIRECTION ( 'NONE',  ( -0.000000000000000000, -0.000000000000000000, 1.000000000000000000 ) ) ;
#1811 = ORIENTED_EDGE ( 'NONE', *, *, #4385, .F. ) ;
#1812 = EDGE_CURVE ( 'NONE', #2303, #725, #2277, .T. ) ;
#1813 = VECTOR ( 'NONE', #3502, 1000.000000000000000 ) ;
#1814 = VERTEX_POINT ( 'NONE', #3837 ) ;
#1815 = AXIS2_PLACEMENT_3D ( 'NONE', #1190, #3500, #40 ) ;
#1816 = PRESENTATION_LAYER_ASSIGNMENT (  '', '', ( #1348 ) ) ;
#1817 = LINE ( 'NONE', #4870, #3857 ) ;
#1818 = VECTOR ( 'NONE', #661, 1000.000000000000000 ) ;
#1819 = DIRECTION ( 'NONE',  ( -0.000000000000000000, -0.000000000000000000, 1.000000000000000000 ) ) ;
#1820 = DIRECTION ( 'NONE',  ( -1.000000000000000000, 3.826595902890015835E-15, 0.000000000000000000 ) ) ;
#1821 = CARTESIAN_POINT ( 'NONE',  ( 62.55880937064824110, 19.99999999999999289, 10.00000000000000000 ) ) ;
#1822 = ORIENTED_EDGE ( 'NONE', *, *, #3250, .T. ) ;
#1823 = CARTESIAN_POINT ( 'NONE',  ( 23.75000000000003553, -43.49999999999997868, -15.00000000000010125 ) ) ;
#1824 = CARTESIAN_POINT ( 'NONE',  ( 29.99999999999996447, 20.00000000000001066, -40.00000000000000000 ) ) ;
#1825 = ORIENTED_EDGE ( 'NONE', *, *, #2571, .T. ) ;
#1826 = PLANE ( 'NONE',  #2375 ) ;
#1827 = CARTESIAN_POINT ( 'NONE',  ( 14.55880937064824110, 19.99999999999999645, 10.00000000000000000 ) ) ;
#1828 = EDGE_CURVE ( 'NONE', #1568, #2760, #4911, .T. ) ;
#1829 = PLANE ( 'NONE',  #1013 ) ;
#1830 = CARTESIAN_POINT ( 'NONE',  ( -67.75877048314367812, -18.63191942669734047, 8.000000000000000000 ) ) ;
#1831 = ORIENTED_EDGE ( 'NONE', *, *, #2227, .F. ) ;
#1832 = CARTESIAN_POINT ( 'NONE',  ( 70.00000000000000000, 23.00000000000001776, -12.40000000000000568 ) ) ;
#1833 = EDGE_LOOP ( 'NONE', ( #3586, #646, #1079, #1273 ) ) ;
#1834 = CARTESIAN_POINT ( 'NONE',  ( 23.75999999999996604, -43.49999999999997868, -17.50000000000010303 ) ) ;
#1835 = EDGE_CURVE ( 'NONE', #4616, #2202, #1251, .T. ) ;
#1836 = EDGE_CURVE ( 'NONE', #725, #2220, #3421, .T. ) ;
#1837 = FACE_OUTER_BOUND ( 'NONE', #1114, .T. ) ;
#1838 = ORIENTED_EDGE ( 'NONE', *, *, #694, .T. ) ;
#1839 = ORIENTED_EDGE ( 'NONE', *, *, #2542, .T. ) ;
#1840 = EDGE_CURVE ( 'NONE', #3638, #2419, #2679, .T. ) ;
#1841 = LINE ( 'NONE', #3407, #3542 ) ;
#1842 = CARTESIAN_POINT ( 'NONE',  ( -30.00000000000003553, -52.49999999999997868, 10.00000000000000178 ) ) ;
#1843 = CARTESIAN_POINT ( 'NONE',  ( 0.000000000000000000, -19.99999999999998224, -4.999999999999993783 ) ) ;
#1844 = CYLINDRICAL_SURFACE ( 'NONE', #1075, 4.000000000000000000 ) ;
#1845 = EDGE_CURVE ( 'NONE', #999, #3080, #4190, .T. ) ;
#1846 = ORIENTED_EDGE ( 'NONE', *, *, #3847, .F. ) ;
#1847 = CARTESIAN_POINT ( 'NONE',  ( -4.163336342344337027E-14, -20.00000000000000711, 8.000000000000000000 ) ) ;
#1848 = DIRECTION ( 'NONE',  ( 1.000000000000000000, 0.000000000000000000, 0.000000000000000000 ) ) ;
#1849 = ORIENTED_EDGE ( 'NONE', *, *, #2227, .T. ) ;
#1850 = DIRECTION ( 'NONE',  ( 0.000000000000000000, 1.000000000000000000, 0.000000000000000000 ) ) ;
#1851 = PLANE ( 'NONE',  #2588 ) ;
#1852 = CARTESIAN_POINT ( 'NONE',  ( -23.74999999999993605, 33.90127787140154680, -23.20722451519324991 ) ) ;
#1853 = CARTESIAN_POINT ( 'NONE',  ( 67.75877048314357864, -21.36808057330271282, 8.000000000000000000 ) ) ;
#1854 = ORIENTED_EDGE ( 'NONE', *, *, #2140, .F. ) ;
#1855 = CARTESIAN_POINT ( 'NONE',  ( -76.24122951685642136, -21.36808057330270216, 8.000000000000000000 ) ) ;
#1856 = ORIENTED_EDGE ( 'NONE', *, *, #414, .T. ) ;
#1857 = SPHERICAL_SURFACE ( 'NONE', #1629, 4.000000000000000000 ) ;
#1858 = DIRECTION ( 'NONE',  ( 1.000000000000000000, 0.000000000000000000, 0.000000000000000000 ) ) ;
#1859 = ORIENTED_EDGE ( 'NONE', *, *, #179, .F. ) ;
#1860 = ORIENTED_EDGE ( 'NONE', *, *, #3118, .F. ) ;
#1861 = ADVANCED_FACE ( 'NONE', ( #1951 ), #3470, .F. ) ;
#1862 = CIRCLE ( 'NONE', #3680, 4.000000000000005329 ) ;
#1863 = CYLINDRICAL_SURFACE ( 'NONE', #1791, 3.999999999999976019 ) ;
#1864 = DIRECTION ( 'NONE',  ( -0.000000000000000000, -0.000000000000000000, 1.000000000000000000 ) ) ;
#1865 = VECTOR ( 'NONE', #3556, 1000.000000000000000 ) ;
#1866 = LINE ( 'NONE', #3381, #2300 ) ;
#1867 = CARTESIAN_POINT ( 'NONE',  ( -14.29999999999995630, 20.00000000000001776, -5.000000000000016875 ) ) ;
#1868 = AXIS2_PLACEMENT_3D ( 'NONE', #3816, #1209, #1582 ) ;
#1869 = ORIENTED_EDGE ( 'NONE', *, *, #3148, .F. ) ;
#1870 = PLANE ( 'NONE',  #143 ) ;
#1871 = ORIENTED_EDGE ( 'NONE', *, *, #2412, .T. ) ;
#1872 = VECTOR ( 'NONE', #4470, 1000.000000000000114 ) ;
#1873 = ORIENTED_EDGE ( 'NONE', *, *, #2665, .F. ) ;
#1874 = EDGE_CURVE ( 'NONE', #999, #2254, #3551, .T. ) ;
#1875 = CARTESIAN_POINT ( 'NONE',  ( 30.55880937064824110, 19.99999999999999645, 10.00000000000000000 ) ) ;
#1876 = B_SPLINE_CURVE_WITH_KNOTS ( 'NONE', 3,
 ( #2711, #37, #3001, #471, #395, #4537, #4160, #1134, #839, #3104, #2652, #2733, #3860, #2275 ),
 .UNSPECIFIED., .F., .F.,
 ( 4, 2, 2, 2, 2, 2, 4 ),
 ( 6.938893903907228378E-18, 0.002047479813459214103, 0.004094959626918430809, 0.005118699533648035475, 0.006142439440377641877, 0.007166179347107246543, 0.008189919253836852944 ),
 .UNSPECIFIED. ) ;
#1877 = DIRECTION ( 'NONE',  ( -0.000000000000000000, -0.000000000000000000, 1.000000000000000000 ) ) ;
#1878 = AXIS2_PLACEMENT_3D ( 'NONE', #98, #3524, #431 ) ;
#1879 = CYLINDRICAL_SURFACE ( 'NONE', #1964, 4.000000000000003553 ) ;
#1880 = DIRECTION ( 'NONE',  ( -1.000000000000000000, 3.826595902890015835E-15, 0.000000000000000000 ) ) ;
#1881 = EDGE_LOOP ( 'NONE', ( #4691, #4718, #1871, #4840 ) ) ;
#1882 = LINE ( 'NONE', #1140, #2775 ) ;
#1883 = ORIENTED_EDGE ( 'NONE', *, *, #1426, .T. ) ;
#1884 = AXIS2_PLACEMENT_3D ( 'NONE', #4668, #2028, #1706 ) ;
#1885 = CARTESIAN_POINT ( 'NONE',  ( 12.24122951685633787, -18.63191942669733692, 8.000000000000000000 ) ) ;
#1886 = VECTOR ( 'NONE', #4006, 1000.000000000000000 ) ;
#1887 = VERTEX_POINT ( 'NONE', #1356 ) ;
#1888 = ORIENTED_EDGE ( 'NONE', *, *, #4577, .F. ) ;
#1889 = AXIS2_PLACEMENT_3D ( 'NONE', #2668, #3023, #4530 ) ;
#1890 = VECTOR ( 'NONE', #3415, 1000.000000000000000 ) ;
#1891 = CARTESIAN_POINT ( 'NONE',  ( 62.55880937064824110, 19.99999999999999289, 8.000000000000000000 ) ) ;
#1892 = CARTESIAN_POINT ( 'NONE',  ( -1.441190629351760233, 20.00000000000000000, 10.00000000000000000 ) ) ;
#1893 = VECTOR ( 'NONE', #3418, 1000.000000000000000 ) ;
#1894 = AXIS2_PLACEMENT_3D ( 'NONE', #1986, #3134, #4150 ) ;
#1895 = PLANE ( 'NONE',  #4835 ) ;
#1896 = DIRECTION ( 'NONE',  ( 0.000000000000000000, 0.000000000000000000, -1.000000000000000000 ) ) ;
#1897 = VECTOR ( 'NONE', #2400, 1000.000000000000114 ) ;
#1898 = EDGE_CURVE ( 'NONE', #3619, #517, #4313, .T. ) ;
#1899 = ORIENTED_EDGE ( 'NONE', *, *, #2125, .T. ) ;
#1900 = CARTESIAN_POINT ( 'NONE',  ( -53.19996111249539439, 21.36808057330269506, 8.000000000000000000 ) ) ;
#1901 = ORIENTED_EDGE ( 'NONE', *, *, #1136, .T. ) ;
#1902 = AXIS2_PLACEMENT_3D ( 'NONE', #1401, #1905, #470 ) ;
#1903 = VERTEX_POINT ( 'NONE', #966 ) ;
#1904 = FACE_OUTER_BOUND ( 'NONE', #3042, .T. ) ;
#1905 = DIRECTION ( 'NONE',  ( -0.000000000000000000, 4.336808689942013299E-16, 1.000000000000000000 ) ) ;
#1906 = CARTESIAN_POINT ( 'NONE',  ( -18.07006450989451096, 6.576965612871786604, 8.000000000000000000 ) ) ;
#1907 = CARTESIAN_POINT ( 'NONE',  ( 29.99999999999989342, -52.49999999999997868, -40.00000000000011369 ) ) ;
#1908 = CARTESIAN_POINT ( 'NONE',  ( 45.05417224857715297, -16.39837762798466159, 8.000000000000000000 ) ) ;
#1909 = EDGE_LOOP ( 'NONE', ( #3901, #698, #1502, #1202 ) ) ;
#1910 = CARTESIAN_POINT ( 'NONE',  ( 0.000000000000000000, -25.99999999999998224, 6.000000000000000000 ) ) ;
#1911 = EDGE_LOOP ( 'NONE', ( #2397, #79, #2067, #1367 ) ) ;
#1912 = DIRECTION ( 'NONE',  ( 0.000000000000000000, 0.000000000000000000, -1.000000000000000000 ) ) ;
#1913 = EDGE_CURVE ( 'NONE', #3249, #4377, #1306, .T. ) ;
#1914 = CARTESIAN_POINT ( 'NONE',  ( 39.99999999999999289, 19.99999999999999645, -40.00000000000000000 ) ) ;
#1915 = ORIENTED_EDGE ( 'NONE', *, *, #3965, .T. ) ;
#1916 = ORIENTED_EDGE ( 'NONE', *, *, #1205, .T. ) ;
#1917 = ORIENTED_EDGE ( 'NONE', *, *, #3774, .T. ) ;
#1918 = CARTESIAN_POINT ( 'NONE',  ( 63.99999999999997158, -20.00000000000001066, 8.000000000000000000 ) ) ;
#1919 = LINE ( 'NONE', #1615, #783 ) ;
#1920 = FACE_BOUND ( 'NONE', #1402, .T. ) ;
#1921 = ORIENTED_EDGE ( 'NONE', *, *, #1688, .T. ) ;
#1922 = DIRECTION ( 'NONE',  ( 0.3420201433256724877, 0.9396926207859069846, 0.000000000000000000 ) ) ;
#1923 = ORIENTED_EDGE ( 'NONE', *, *, #1960, .F. ) ;
#1924 = ORIENTED_EDGE ( 'NONE', *, *, #3508, .F. ) ;
#1925 = CARTESIAN_POINT ( 'NONE',  ( -30.00000000000003197, 20.00000000000001066, 0.000000000000000000 ) ) ;
#1926 = DIRECTION ( 'NONE',  ( -0.000000000000000000, -1.000000000000000000, -0.000000000000000000 ) ) ;
#1927 = DIRECTION ( 'NONE',  ( 1.000000000000000000, 0.000000000000000000, 0.000000000000000000 ) ) ;
#1928 = CARTESIAN_POINT ( 'NONE',  ( 85.99999999999995737, -25.99999999999998224, -40.00000000000000000 ) ) ;
#1929 = FACE_OUTER_BOUND ( 'NONE', #878, .T. ) ;
#1930 = ORIENTED_EDGE ( 'NONE', *, *, #1535, .F. ) ;
#1931 = CYLINDRICAL_SURFACE ( 'NONE', #4825, 4.000000000000003553 ) ;
#1932 = VERTEX_POINT ( 'NONE', #3219 ) ;
#1933 = EDGE_CURVE ( 'NONE', #428, #2379, #2282, .T. ) ;
#1934 = CARTESIAN_POINT ( 'NONE',  ( -4.300000000000025580, -19.99999999999998224, -4.999999999999993783 ) ) ;
#1935 = CARTESIAN_POINT ( 'NONE',  ( 42.80003888750461982, 21.36808057330269506, 10.00000000000000000 ) ) ;
#1936 = ORIENTED_EDGE ( 'NONE', *, *, #319, .T. ) ;
#1937 = ORIENTED_EDGE ( 'NONE', *, *, #3242, .F. ) ;
#1938 = EDGE_CURVE ( 'NONE', #3423, #2519, #3179, .T. ) ;
#1939 = VERTEX_POINT ( 'NONE', #3891 ) ;
#1940 = DIRECTION ( 'NONE',  ( 0.000000000000000000, 0.000000000000000000, -1.000000000000000000 ) ) ;
#1941 = ADVANCED_FACE ( 'NONE', ( #2877 ), #4294, .T. ) ;
#1942 = DIRECTION ( 'NONE',  ( -0.000000000000000000, 0.000000000000000000, 1.000000000000000000 ) ) ;
#1943 = AXIS2_PLACEMENT_3D ( 'NONE', #4652, #906, #2418 ) ;
#1944 = ORIENTED_EDGE ( 'NONE', *, *, #2048, .T. ) ;
#1945 = CARTESIAN_POINT ( 'NONE',  ( -14.30000000000003091, -43.49999999999997868, -19.00000000000011369 ) ) ;
#1946 = VERTEX_POINT ( 'NONE', #2476 ) ;
#1947 = ORIENTED_EDGE ( 'NONE', *, *, #1845, .F. ) ;
#1948 = CARTESIAN_POINT ( 'NONE',  ( -30.00000000000003553, -25.99999999999998224, 6.000000000000000000 ) ) ;
#1949 = CARTESIAN_POINT ( 'NONE',  ( 33.75870234074149323, -26.24129796088781674, 10.00000000000000178 ) ) ;
#1950 = LINE ( 'NONE', #4239, #4651 ) ;
#1951 = FACE_OUTER_BOUND ( 'NONE', #3214, .T. ) ;
#1952 = AXIS2_PLACEMENT_3D ( 'NONE', #3282, #1394, #1651 ) ;
#1953 = CARTESIAN_POINT ( 'NONE',  ( 28.24122951685634320, -18.63191942669734047, 8.000000000000000000 ) ) ;
#1954 = ORIENTED_EDGE ( 'NONE', *, *, #1990, .F. ) ;
#1955 = DIRECTION ( 'NONE',  ( 0.000000000000000000, 0.000000000000000000, -1.000000000000000000 ) ) ;
#1956 = ORIENTED_EDGE ( 'NONE', *, *, #4756, .F. ) ;
#1957 = CIRCLE ( 'NONE', #3693, 4.000000000000000000 ) ;
#1958 = DIRECTION ( 'NONE',  ( 1.000000000000000000, 0.000000000000000000, 0.000000000000000000 ) ) ;
#1959 = CYLINDRICAL_SURFACE ( 'NONE', #1642, 4.000000000000003553 ) ;
#1960 = EDGE_CURVE ( 'NONE', #1506, #3430, #542, .T. ) ;
#1961 = VECTOR ( 'NONE', #4416, 1000.000000000000000 ) ;
#1962 = VERTEX_POINT ( 'NONE', #3518 ) ;
#1963 = ORIENTED_EDGE ( 'NONE', *, *, #549, .F. ) ;
#1964 = AXIS2_PLACEMENT_3D ( 'NONE', #1210, #2757, #3392 ) ;
#1965 = ORIENTED_EDGE ( 'NONE', *, *, #549, .T. ) ;
#1966 = CARTESIAN_POINT ( 'NONE',  ( -23.75000000000003197, -43.49999999999997868, -15.00000000000011191 ) ) ;
#1967 = ADVANCED_FACE ( 'NONE', ( #3541 ), #4688, .F. ) ;
#1968 = AXIS2_PLACEMENT_3D ( 'NONE', #2245, #1503, #2348 ) ;
#1969 = DIRECTION ( 'NONE',  ( 1.000000000000000000, 0.000000000000000000, 0.000000000000000000 ) ) ;
#1970 = VECTOR ( 'NONE', #3976, 1000.000000000000114 ) ;
#1971 = AXIS2_PLACEMENT_3D ( 'NONE', #149, #4411, #3187 ) ;
#1972 = ORIENTED_EDGE ( 'NONE', *, *, #4756, .T. ) ;
#1973 = DIRECTION ( 'NONE',  ( 0.000000000000000000, 0.000000000000000000, 1.000000000000000000 ) ) ;
#1974 = VERTEX_POINT ( 'NONE', #3986 ) ;
#1975 = LINE ( 'NONE', #1603, #3717 ) ;
#1976 = VECTOR ( 'NONE', #1588, 1000.000000000000000 ) ;
#1977 = DIRECTION ( 'NONE',  ( 0.000000000000000000, 0.000000000000000000, -1.000000000000000000 ) ) ;
#1978 = CARTESIAN_POINT ( 'NONE',  ( 80.00000000000000000, 19.99999999999999645, -40.00000000000000000 ) ) ;
#1979 = DIRECTION ( 'NONE',  ( 1.000000000000000000, 0.000000000000000000, 0.000000000000000000 ) ) ;
#1980 = CIRCLE ( 'NONE', #2057, 4.000000000000003553 ) ;
#1981 = CARTESIAN_POINT ( 'NONE',  ( -90.00000000000004263, 26.00000000000001421, -40.00000000000000000 ) ) ;
#1982 = EDGE_LOOP ( 'NONE', ( #1385, #1036, #674, #101 ) ) ;
#1983 = LINE ( 'NONE', #2829, #1813 ) ;
#1984 = PLANE ( 'NONE',  #279 ) ;
#1985 = DIRECTION ( 'NONE',  ( -0.3420201433256729318, -0.9396926207859067626, 0.000000000000000000 ) ) ;
#1986 = CARTESIAN_POINT ( 'NONE',  ( 34.00000000000005684, -25.99999999999998224, 6.000000000000000000 ) ) ;
#1987 = ORIENTED_EDGE ( 'NONE', *, *, #3371, .T. ) ;
#1988 = EDGE_LOOP ( 'NONE', ( #2606, #2279, #1191, #1276 ) ) ;
#1989 = ADVANCED_FACE ( 'NONE', ( #139 ), #892, .F. ) ;
#1990 = EDGE_CURVE ( 'NONE', #718, #4846, #914, .T. ) ;
#1991 = ORIENTED_EDGE ( 'NONE', *, *, #4138, .T. ) ;
#1992 = DIRECTION ( 'NONE',  ( -1.000000000000000000, -0.000000000000000000, -0.000000000000000000 ) ) ;
#1993 = CARTESIAN_POINT ( 'NONE',  ( -76.24122951685642136, -21.36808057330270216, 10.00000000000000000 ) ) ;
#1994 = ORIENTED_EDGE ( 'NONE', *, *, #3668, .T. ) ;
#1995 = DIRECTION ( 'NONE',  ( -1.000000000000000000, 0.000000000000000000, 0.000000000000000000 ) ) ;
#1996 = EDGE_LOOP ( 'NONE', ( #3325, #3359, #949, #2705 ) ) ;
#1997 = DIRECTION ( 'NONE',  ( -0.000000000000000000, -0.000000000000000000, 1.000000000000000000 ) ) ;
#1998 = ADVANCED_FACE ( 'NONE', ( #2806 ), #2452, .F. ) ;
#1999 = FACE_BOUND ( 'NONE', #3649, .T. ) ;
#2000 = DIRECTION ( 'NONE',  ( 0.000000000000000000, 0.000000000000000000, -1.000000000000000000 ) ) ;
#2001 = CARTESIAN_POINT ( 'NONE',  ( 70.00000000000000000, 20.00000000000001776, -15.00000000000001243 ) ) ;
#2002 = ORIENTED_EDGE ( 'NONE', *, *, #1024, .T. ) ;
#2003 = LINE ( 'NONE', #4617, #1736 ) ;
#2004 = EDGE_CURVE ( 'NONE', #1974, #4310, #2042, .T. ) ;
#2005 = DIRECTION ( 'NONE',  ( 0.000000000000000000, 0.000000000000000000, -1.000000000000000000 ) ) ;
#2006 = LINE ( 'NONE', #502, #3076 ) ;
#2007 = DIRECTION ( 'NONE',  ( 0.000000000000000000, 0.000000000000000000, -1.000000000000000000 ) ) ;
#2008 = ORIENTED_EDGE ( 'NONE', *, *, #3232, .F. ) ;
#2009 = ORIENTED_EDGE ( 'NONE', *, *, #3842, .T. ) ;
#2010 = VERTEX_POINT ( 'NONE', #3935 ) ;
#2011 = DIRECTION ( 'NONE',  ( 6.938893903907228378E-17, 0.000000000000000000, -1.000000000000000000 ) ) ;
#2012 = ADVANCED_FACE ( 'NONE', ( #2050 ), #1330, .T. ) ;
#2013 = CARTESIAN_POINT ( 'NONE',  ( -30.00000000000003908, -43.49999999999997868, -15.00000000000011369 ) ) ;
#2014 = ORIENTED_EDGE ( 'NONE', *, *, #4730, .T. ) ;
#2015 = DIRECTION ( 'NONE',  ( -1.000000000000000000, -0.000000000000000000, -2.081668171172169253E-16 ) ) ;
#2016 = VERTEX_POINT ( 'NONE', #3246 ) ;
#2017 = EDGE_CURVE ( 'NONE', #3376, #3398, #1260, .T. ) ;
#2018 = CARTESIAN_POINT ( 'NONE',  ( -19.75000000000003553, -33.99999999999997868, 5.999999999999996447 ) ) ;
#2019 = VECTOR ( 'NONE', #3561, 1000.000000000000000 ) ;
#2020 = DIRECTION ( 'NONE',  ( 0.000000000000000000, 0.000000000000000000, 1.000000000000000000 ) ) ;
#2021 = CARTESIAN_POINT ( 'NONE',  ( -23.74999999999994316, 34.00000000000002842, 5.999999999999998224 ) ) ;
#2022 = EDGE_CURVE ( 'NONE', #3376, #4288, #4348, .T. ) ;
#2023 = AXIS2_PLACEMENT_3D ( 'NONE', #2316, #1215, #4566 ) ;
#2024 = ORIENTED_EDGE ( 'NONE', *, *, #2631, .T. ) ;
#2025 = CARTESIAN_POINT ( 'NONE',  ( -32.79955764379091931, 27.22451536592706844, 9.999999999999998224 ) ) ;
#2026 = DIRECTION ( 'NONE',  ( -0.000000000000000000, 0.000000000000000000, 1.000000000000000000 ) ) ;
#2027 = VECTOR ( 'NONE', #520, 1000.000000000000114 ) ;
#2028 = DIRECTION ( 'NONE',  ( 0.9396926207859070956, -0.3420201433256724877, 0.000000000000000000 ) ) ;
#2029 = DIRECTION ( 'NONE',  ( -3.826595902890015835E-15, -1.000000000000000000, 0.000000000000000000 ) ) ;
#2030 = ORIENTED_EDGE ( 'NONE', *, *, #1086, .F. ) ;
#2031 = CARTESIAN_POINT ( 'NONE',  ( 85.99999999999990052, -29.99999999999998224, -40.00000000000000000 ) ) ;
#2032 = ORIENTED_EDGE ( 'NONE', *, *, #524, .T. ) ;
#2033 = CIRCLE ( 'NONE', #2911, 4.000000000000003553 ) ;
#2034 = ORIENTED_EDGE ( 'NONE', *, *, #278, .F. ) ;
#2035 = CARTESIAN_POINT ( 'NONE',  ( 34.00000000000005684, -29.99999999999998224, 5.999999999999998224 ) ) ;
#2036 = AXIS2_PLACEMENT_3D ( 'NONE', #3667, #2257, #696 ) ;
#2037 = ORIENTED_EDGE ( 'NONE', *, *, #4113, .F. ) ;
#2038 = CARTESIAN_POINT ( 'NONE',  ( 23.75000000000003553, -32.92820323027549279, 10.00000000000000711 ) ) ;
#2039 = AXIS2_PLACEMENT_3D ( 'NONE', #2383, #3911, #2000 ) ;
#2040 = ORIENTED_EDGE ( 'NONE', *, *, #413, .F. ) ;
#2041 = CARTESIAN_POINT ( 'NONE',  ( -18.07006450989451096, 6.576965612871786604, 8.000000000000000000 ) ) ;
#2042 = CIRCLE ( 'NONE', #547, 4.000000000000003553 ) ;
#2043 = EDGE_LOOP ( 'NONE', ( #3143, #4565, #1899, #2821 ) ) ;
#2044 = DIRECTION ( 'NONE',  ( -0.000000000000000000, 0.000000000000000000, 1.000000000000000000 ) ) ;
#2045 = AXIS2_PLACEMENT_3D ( 'NONE', #879, #4178, #2297 ) ;
#2046 = VECTOR ( 'NONE', #576, 1000.000000000000000 ) ;
#2047 = EDGE_CURVE ( 'NONE', #1196, #3070, #2074, .T. ) ;
#2048 = EDGE_CURVE ( 'NONE', #589, #995, #2496, .T. ) ;
#2049 = CARTESIAN_POINT ( 'NONE',  ( -29.99999999999989342, 46.32000000000001450, -40.00000000000000000 ) ) ;
#2050 = FACE_OUTER_BOUND ( 'NONE', #1982, .T. ) ;
#2051 = CARTESIAN_POINT ( 'NONE',  ( -40.00000000000000711, -20.00000000000000000, -40.00000000000000000 ) ) ;
#2052 = AXIS2_PLACEMENT_3D ( 'NONE', #2360, #1214, #1291 ) ;
#2053 = VECTOR ( 'NONE', #4363, 1000.000000000000114 ) ;
#2054 = ORIENTED_EDGE ( 'NONE', *, *, #3527, .T. ) ;
#2055 = CARTESIAN_POINT ( 'NONE',  ( -32.11566199022539081, 27.99250970831465679, 10.00000000000000178 ) ) ;
#2056 = EDGE_CURVE ( 'NONE', #3016, #1071, #4455, .T. ) ;
#2057 = AXIS2_PLACEMENT_3D ( 'NONE', #2329, #3859, #3835 ) ;
#2058 = FACE_OUTER_BOUND ( 'NONE', #834, .T. ) ;
#2059 = CARTESIAN_POINT ( 'NONE',  ( -37.19996111249538728, 21.36808057330269506, 10.00000000000000000 ) ) ;
#2060 = LINE ( 'NONE', #4369, #227 ) ;
#2061 = VERTEX_POINT ( 'NONE', #3656 ) ;
#2062 = DIRECTION ( 'NONE',  ( -0.9396926207859068736, 0.3420201433256729318, 0.000000000000000000 ) ) ;
#2063 = ORIENTED_EDGE ( 'NONE', *, *, #2577, .T. ) ;
#2064 = AXIS2_PLACEMENT_3D ( 'NONE', #2280, #3447, #2334 ) ;
#2065 = CARTESIAN_POINT ( 'NONE',  ( -76.24122951685642136, -21.36808057330270216, 8.000000000000000000 ) ) ;
#2066 = CARTESIAN_POINT ( 'NONE',  ( 14.30999999999996497, -43.49999999999997868, -15.00000000000010303 ) ) ;
#2067 = ORIENTED_EDGE ( 'NONE', *, *, #728, .T. ) ;
#2068 = EDGE_CURVE ( 'NONE', #418, #433, #4187, .T. ) ;
#2069 = VERTEX_POINT ( 'NONE', #4876 ) ;
#2070 = LINE ( 'NONE', #511, #3165 ) ;
#2071 = ORIENTED_EDGE ( 'NONE', *, *, #2017, .F. ) ;
#2072 = ADVANCED_FACE ( 'NONE', ( #2966 ), #2596, .F. ) ;
#2073 = DIRECTION ( 'NONE',  ( 2.081668171172169006E-16, 0.000000000000000000, -1.000000000000000000 ) ) ;
#2074 = LINE ( 'NONE', #3966, #1729 ) ;
#2075 = DIRECTION ( 'NONE',  ( 1.000000000000000000, 0.000000000000000000, 0.000000000000000000 ) ) ;
#2076 = ADVANCED_FACE ( 'NONE', ( #1750 ), #3285, .T. ) ;
#2077 = ORIENTED_EDGE ( 'NONE', *, *, #1773, .F. ) ;
#2078 = ADVANCED_FACE ( 'NONE', ( #2194 ), #4431, .F. ) ;
#2079 = CARTESIAN_POINT ( 'NONE',  ( -80.00000000000000000, -20.00000000000000000, -40.00000000000000000 ) ) ;
#2080 = DIRECTION ( 'NONE',  ( -1.000000000000000000, -0.000000000000000000, -0.000000000000000000 ) ) ;
#2081 = DIRECTION ( 'NONE',  ( 0.9396926207859070956, -0.3420201433256724877, 0.000000000000000000 ) ) ;
#2082 = CARTESIAN_POINT ( 'NONE',  ( -33.99999999999997158, 26.00000000000001776, 5.999999999999998224 ) ) ;
#2083 = VERTEX_POINT ( 'NONE', #236 ) ;
#2084 = EDGE_CURVE ( 'NONE', #3153, #1887, #3728, .T. ) ;
#2085 = PLANE ( 'NONE',  #2851 ) ;
#2086 = ORIENTED_EDGE ( 'NONE', *, *, #2690, .T. ) ;
#2087 = PRODUCT ( 'Right end cap', 'Right end cap', '', ( #4002 ) ) ;
#2088 = ORIENTED_EDGE ( 'NONE', *, *, #1086, .T. ) ;
#2089 = LINE ( 'NONE', #600, #539 ) ;
#2090 = EDGE_CURVE ( 'NONE', #2884, #725, #639, .T. ) ;
#2091 = ORIENTED_EDGE ( 'NONE', *, *, #884, .F. ) ;
#2092 = ORIENTED_EDGE ( 'NONE', *, *, #4635, .F. ) ;
#2093 = CARTESIAN_POINT ( 'NONE',  ( -22.26773294742558207, 28.80650779577198151, 10.00000000000000000 ) ) ;
#2094 = VERTEX_POINT ( 'NONE', #2120 ) ;
#2095 = ADVANCED_FACE ( 'NONE', ( #1472 ), #1399, .F. ) ;
#2096 = CARTESIAN_POINT ( 'NONE',  ( 14.30999999999996497, -43.49999999999997868, -15.00000000000010303 ) ) ;
#2097 = CARTESIAN_POINT ( 'NONE',  ( -86.00000000000002842, 0.000000000000000000, 10.00000000000000000 ) ) ;
#2098 = DIRECTION ( 'NONE',  ( -0.000000000000000000, 0.000000000000000000, 1.000000000000000000 ) ) ;
#2099 = VERTEX_POINT ( 'NONE', #3634 ) ;
#2100 = DIRECTION ( 'NONE',  ( 0.000000000000000000, 0.000000000000000000, 1.000000000000000000 ) ) ;
#2101 = AXIS2_PLACEMENT_3D ( 'NONE', #462, #4606, #1969 ) ;
#2102 = CARTESIAN_POINT ( 'NONE',  ( 82.55880937064826242, 19.99999999999999289, 8.000000000000000000 ) ) ;
#2103 = CARTESIAN_POINT ( 'NONE',  ( 29.99999999999996447, -19.99999999999998934, -40.00000000000000000 ) ) ;
#2104 = DIRECTION ( 'NONE',  ( -0.000000000000000000, -0.000000000000000000, 1.000000000000000000 ) ) ;
#2105 = EDGE_LOOP ( 'NONE', ( #4623, #3907 ) ) ;
#2106 = DIRECTION ( 'NONE',  ( -0.3420201433256730983, -0.9396926207859067626, 0.000000000000000000 ) ) ;
#2107 = EDGE_LOOP ( 'NONE', ( #2465, #2333, #3114, #1252, #805 ) ) ;
#2108 = AXIS2_PLACEMENT_3D ( 'NONE', #1530, #3469, #1927 ) ;
#2109 = ORIENTED_EDGE ( 'NONE', *, *, #780, .T. ) ;
#2110 = EDGE_CURVE ( 'NONE', #1131, #1047, #2145, .T. ) ;
#2111 = ADVANCED_FACE ( 'NONE', ( #1058 ), #3703, .F. ) ;
#2112 = DIRECTION ( 'NONE',  ( 1.000000000000000000, -3.826595902890015835E-15, -0.000000000000000000 ) ) ;
#2113 = AXIS2_PLACEMENT_3D ( 'NONE', #750, #1147, #3333 ) ;
#2114 = ORIENTED_EDGE ( 'NONE', *, *, #2487, .T. ) ;
#2115 = CIRCLE ( 'NONE', #461, 4.000000000000000000 ) ;
#2116 = EDGE_CURVE ( 'NONE', #3430, #1506, #3005, .T. ) ;
#2117 = CARTESIAN_POINT ( 'NONE',  ( 39.99999999999999289, 19.99999999999999645, 0.000000000000000000 ) ) ;
#2118 = VECTOR ( 'NONE', #1318, 1000.000000000000000 ) ;
#2119 = VECTOR ( 'NONE', #763, 1000.000000000000000 ) ;
#2120 = CARTESIAN_POINT ( 'NONE',  ( -4.299999999999956302, 30.00000000000001776, -25.00000000000001421 ) ) ;
#2121 = LINE ( 'NONE', #3635, #2697 ) ;
#2122 = ORIENTED_EDGE ( 'NONE', *, *, #1741, .T. ) ;
#2123 = DIRECTION ( 'NONE',  ( 0.000000000000000000, 1.000000000000000000, -0.000000000000000000 ) ) ;
#2124 = VECTOR ( 'NONE', #281, 1000.000000000000000 ) ;
#2125 = EDGE_CURVE ( 'NONE', #3898, #1568, #1450, .T. ) ;
#2126 = DIRECTION ( 'NONE',  ( 0.000000000000000000, 0.000000000000000000, 1.000000000000000000 ) ) ;
#2127 = PLANE ( 'NONE',  #1884 ) ;
#2128 = VECTOR ( 'NONE', #2123, 1000.000000000000000 ) ;
#2129 = VECTOR ( 'NONE', #1272, 1000.000000000000000 ) ;
#2130 = DIRECTION ( 'NONE',  ( 1.734723475976807094E-16, 0.000000000000000000, -1.000000000000000000 ) ) ;
#2131 = ORIENTED_EDGE ( 'NONE', *, *, #745, .F. ) ;
#2132 = CARTESIAN_POINT ( 'NONE',  ( -30.00000000000003553, -33.99999999999997868, 5.999999999999996447 ) ) ;
#2133 = ORIENTED_EDGE ( 'NONE', *, *, #2724, .T. ) ;
#2134 = CIRCLE ( 'NONE', #2213, 4.000000000000003553 ) ;
#2135 = AXIS2_PLACEMENT_3D ( 'NONE', #2576, #266, #4810 ) ;
#2136 = CARTESIAN_POINT ( 'NONE',  ( -30.91443897838808041, -29.66014340331610555, 10.00000000000000355 ) ) ;
#2137 = DIRECTION ( 'NONE',  ( 0.9396926207859070956, -0.3420201433256724877, 0.000000000000000000 ) ) ;
#2138 = CIRCLE ( 'NONE', #636, 8.000000000000000000 ) ;
#2139 = ORIENTED_EDGE ( 'NONE', *, *, #4453, .F. ) ;
#2140 = EDGE_CURVE ( 'NONE', #3694, #3436, #3555, .T. ) ;
#2141 = DIRECTION ( 'NONE',  ( 0.000000000000000000, 0.000000000000000000, -1.000000000000000000 ) ) ;
#2142 = CARTESIAN_POINT ( 'NONE',  ( -13.68242014620812697, 18.63191942669730494, 8.000000000000000000 ) ) ;
#2143 = LINE ( 'NONE', #3654, #158 ) ;
#2144 = VERTEX_POINT ( 'NONE', #1376 ) ;
#2145 = LINE ( 'NONE', #709, #222 ) ;
#2146 = CARTESIAN_POINT ( 'NONE',  ( 0.000000000000000000, 46.32000000000001450, 10.00000000000000178 ) ) ;
#2147 = ORIENTED_EDGE ( 'NONE', *, *, #724, .F. ) ;
#2148 = EDGE_CURVE ( 'NONE', #641, #1738, #2896, .T. ) ;
#2149 = DIRECTION ( 'NONE',  ( -0.000000000000000000, -0.000000000000000000, 1.000000000000000000 ) ) ;
#2150 = CARTESIAN_POINT ( 'NONE',  ( -19.75000000000006040, -29.99999999999998224, -40.00000000000000000 ) ) ;
#2151 = FACE_OUTER_BOUND ( 'NONE', #3464, .T. ) ;
#2152 = DIRECTION ( 'NONE',  ( -3.854941057726237111E-15, -1.000000000000000000, 0.000000000000000000 ) ) ;
#2153 = ORIENTED_EDGE ( 'NONE', *, *, #2296, .F. ) ;
#2154 = ADVANCED_FACE ( 'NONE', ( #2520 ), #1870, .T. ) ;
#2155 = DIRECTION ( 'NONE',  ( 8.673617379884036705E-17, 0.000000000000000000, -1.000000000000000000 ) ) ;
#2156 = ORIENTED_EDGE ( 'NONE', *, *, #4174, .F. ) ;
#2157 = CARTESIAN_POINT ( 'NONE',  ( 70.00000000000000000, 20.00000000000001776, -15.00000000000001243 ) ) ;
#2158 = CARTESIAN_POINT ( 'NONE',  ( 0.000000000000000000, -25.99999999999998224, 10.00000000000000000 ) ) ;
#2159 = EDGE_CURVE ( 'NONE', #450, #1169, #9, .T. ) ;
#2160 = ORIENTED_EDGE ( 'NONE', *, *, #2786, .F. ) ;
#2161 = DIRECTION ( 'NONE',  ( -0.000000000000000000, -0.000000000000000000, 1.000000000000000000 ) ) ;
#2162 = EDGE_CURVE ( 'NONE', #1007, #1887, #4665, .T. ) ;
#2163 = EDGE_CURVE ( 'NONE', #1779, #3376, #4533, .T. ) ;
#2164 = CARTESIAN_POINT ( 'NONE',  ( -23.75000000000003197, -43.49999999999997868, -19.00000000000011369 ) ) ;
#2165 = CARTESIAN_POINT ( 'NONE',  ( -29.99999999999997158, 26.00000000000000355, 5.999999999999998224 ) ) ;
#2166 = DIRECTION ( 'NONE',  ( -0.000000000000000000, 0.000000000000000000, -1.000000000000000000 ) ) ;
#2167 = EDGE_CURVE ( 'NONE', #811, #2730, #2687, .T. ) ;
#2168 = EDGE_LOOP ( 'NONE', ( #1733, #1921, #3135, #994 ) ) ;
#2169 = CARTESIAN_POINT ( 'NONE',  ( -30.00000000000007105, 1.147978770867007590E-13, -40.00000000000000000 ) ) ;
#2170 = DIRECTION ( 'NONE',  ( 0.000000000000000000, 0.000000000000000000, -1.000000000000000000 ) ) ;
#2171 = ORIENTED_EDGE ( 'NONE', *, *, #3211, .T. ) ;
#2172 = DIRECTION ( 'NONE',  ( 0.000000000000000000, -1.000000000000000000, 0.000000000000000000 ) ) ;
#2173 = DIRECTION ( 'NONE',  ( -0.000000000000000000, -0.000000000000000000, 1.000000000000000000 ) ) ;
#2174 = EDGE_CURVE ( 'NONE', #1071, #1434, #4155, .T. ) ;
#2175 = DIRECTION ( 'NONE',  ( -4.686228424104633787E-31, -1.224646799147353207E-16, 1.000000000000000000 ) ) ;
#2176 = DIRECTION ( 'NONE',  ( -0.000000000000000000, 0.000000000000000000, 1.000000000000000000 ) ) ;
#2177 = EDGE_LOOP ( 'NONE', ( #2975, #3790, #1145, #3137 ) ) ;
#2178 = LINE ( 'NONE', #220, #3558 ) ;
#2179 = ORIENTED_EDGE ( 'NONE', *, *, #2959, .F. ) ;
#2180 = DIRECTION ( 'NONE',  ( 1.000000000000000000, -0.000000000000000000, 0.000000000000000000 ) ) ;
#2181 = CIRCLE ( 'NONE', #1150, 4.000000000000003553 ) ;
#2182 = EDGE_CURVE ( 'NONE', #4572, #4754, #4375, .T. ) ;
#2183 = CARTESIAN_POINT ( 'NONE',  ( -90.00000000000004263, 26.00000000000001776, 5.999999999999998224 ) ) ;
#2184 = ORIENTED_EDGE ( 'NONE', *, *, #3281, .F. ) ;
#2185 = AXIS2_PLACEMENT_3D ( 'NONE', #405, #1514, #1912 ) ;
#2186 = EDGE_CURVE ( 'NONE', #4817, #3423, #3385, .T. ) ;
#2187 = LINE ( 'NONE', #273, #1719 ) ;
#2188 = AXIS2_PLACEMENT_3D ( 'NONE', #4909, #1508, #423 ) ;
#2189 = LINE ( 'NONE', #2117, #628 ) ;
#2190 = CARTESIAN_POINT ( 'NONE',  ( 44.24122951685634320, -18.63191942669734047, 8.000000000000000000 ) ) ;
#2191 = DIRECTION ( 'NONE',  ( -0.000000000000000000, 0.000000000000000000, 1.000000000000000000 ) ) ;
#2192 = AXIS2_PLACEMENT_3D ( 'NONE', #865, #3149, #4660 ) ;
#2193 = VERTEX_POINT ( 'NONE', #1106 ) ;
#2194 = FACE_OUTER_BOUND ( 'NONE', #1542, .T. ) ;
#2195 = AXIS2_PLACEMENT_3D ( 'NONE', #4324, #2910, #928 ) ;
#2196 = DIRECTION ( 'NONE',  ( 1.000000000000000000, 0.000000000000000000, 0.000000000000000000 ) ) ;
#2197 = ORIENTED_EDGE ( 'NONE', *, *, #2754, .T. ) ;
#2198 = FACE_OUTER_BOUND ( 'NONE', #1449, .T. ) ;
#2199 = CARTESIAN_POINT ( 'NONE',  ( 47.99999999999995737, -20.00000000000001066, 8.000000000000000000 ) ) ;
#2200 = CARTESIAN_POINT ( 'NONE',  ( -22.79738269891033298, 31.40410343876121857, -16.49700764756677529 ) ) ;
#2201 = SURFACE_STYLE_FILL_AREA ( #690 ) ;
#2202 = VERTEX_POINT ( 'NONE', #1900 ) ;
#2203 = DIRECTION ( 'NONE',  ( 1.000000000000000000, 0.000000000000000000, 0.000000000000000000 ) ) ;
#2204 = ORIENTED_EDGE ( 'NONE', *, *, #3338, .F. ) ;
#2205 = EDGE_CURVE ( 'NONE', #4846, #2463, #3493, .T. ) ;
#2206 = AXIS2_PLACEMENT_3D ( 'NONE', #798, #742, #2253 ) ;
#2207 = AXIS2_PLACEMENT_3D ( 'NONE', #4301, #751, #3380 ) ;
#2208 = FACE_OUTER_BOUND ( 'NONE', #1517, .T. ) ;
#2209 = AXIS2_PLACEMENT_3D ( 'NONE', #1875, #391, #1528 ) ;
#2210 = ORIENTED_EDGE ( 'NONE', *, *, #4844, .F. ) ;
#2211 = AXIS2_PLACEMENT_3D ( 'NONE', #1331, #2854, #3201 ) ;
#2212 = ADVANCED_FACE ( 'NONE', ( #86 ), #812, .T. ) ;
#2213 = AXIS2_PLACEMENT_3D ( 'NONE', #2381, #4237, #2351 ) ;
#2214 = DIRECTION ( 'NONE',  ( -1.000000000000000000, 0.000000000000000000, 0.000000000000000000 ) ) ;
#2215 = AXIS2_PLACEMENT_3D ( 'NONE', #1581, #394, #3051 ) ;
#2216 = CYLINDRICAL_SURFACE ( 'NONE', #3010, 2.599999999999989431 ) ;
#2217 = DIRECTION ( 'NONE',  ( 0.000000000000000000, 0.000000000000000000, 1.000000000000000000 ) ) ;
#2218 = EDGE_CURVE ( 'NONE', #3961, #4914, #4900, .T. ) ;
#2219 = DIRECTION ( 'NONE',  ( -0.000000000000000000, -1.000000000000000000, -0.000000000000000000 ) ) ;
#2220 = VERTEX_POINT ( 'NONE', #4130 ) ;
#2221 = CARTESIAN_POINT ( 'NONE',  ( 89.99999999999995737, -25.99999999999998224, -40.00000000000000000 ) ) ;
#2222 = DIRECTION ( 'NONE',  ( -0.3420201433256729318, -0.9396926207859067626, 0.000000000000000000 ) ) ;
#2223 = VERTEX_POINT ( 'NONE', #2302 ) ;
#2224 = DIRECTION ( 'NONE',  ( 0.000000000000000000, 0.000000000000000000, 1.000000000000000000 ) ) ;
#2225 = CARTESIAN_POINT ( 'NONE',  ( 82.31757985379189790, 18.63191942669729784, 8.000000000000000000 ) ) ;
#2226 = CARTESIAN_POINT ( 'NONE',  ( -22.79741393752977530, 31.40418589323588350, -13.50351289471993965 ) ) ;
#2227 = EDGE_CURVE ( 'NONE', #439, #2409, #2623, .T. ) ;
#2228 = CARTESIAN_POINT ( 'NONE',  ( -29.99999999999994316, 34.00000000000000000, -40.00000000000000000 ) ) ;
#2229 = EDGE_CURVE ( 'NONE', #3702, #450, #732, .T. ) ;
#2230 = ORIENTED_EDGE ( 'NONE', *, *, #2969, .F. ) ;
#2231 = DIRECTION ( 'NONE',  ( 1.000000000000000000, 0.000000000000000000, 0.000000000000000000 ) ) ;
#2232 = ORIENTED_EDGE ( 'NONE', *, *, #939, .F. ) ;
#2233 = DIRECTION ( 'NONE',  ( 0.9396926207859070956, -0.3420201433256724877, 0.000000000000000000 ) ) ;
#2234 = CARTESIAN_POINT ( 'NONE',  ( -30.00000000000003197, 20.00000000000001066, 0.000000000000000000 ) ) ;
#2235 = EDGE_CURVE ( 'NONE', #50, #1170, #3463, .T. ) ;
#2236 = VERTEX_POINT ( 'NONE', #3811 ) ;
#2237 = ORIENTED_EDGE ( 'NONE', *, *, #3755, .F. ) ;
#2238 = CARTESIAN_POINT ( 'NONE',  ( -23.75000000000003553, -52.49999999999997868, 10.00000000000000178 ) ) ;
#2239 = ADVANCED_FACE ( 'NONE', ( #416 ), #3098, .T. ) ;
#2240 = LINE ( 'NONE', #4126, #4280 ) ;
#2241 = CARTESIAN_POINT ( 'NONE',  ( -23.74999999999989697, 46.32000000000001450, 10.00000000000000178 ) ) ;
#2242 = DIRECTION ( 'NONE',  ( 0.000000000000000000, 0.000000000000000000, -1.000000000000000000 ) ) ;
#2243 = B_SPLINE_CURVE_WITH_KNOTS ( 'NONE', 3,
 ( #338, #1852, #4838, #4409, #4042, #4062, #4882, #1064, #2575, #3003, #689, #2200, #3710, #644 ),
 .UNSPECIFIED., .F., .F.,
 ( 4, 2, 2, 2, 2, 2, 4 ),
 ( -0.008960415402921450764, -0.008401402301174809573, -0.007842389199428166646, -0.006724362995934882528, -0.004488310588948307353, -0.002252258181961731311, -1.620577497515526821E-05 ),
 .UNSPECIFIED. ) ;
#2244 = ORIENTED_EDGE ( 'NONE', *, *, #4879, .F. ) ;
#2245 = CARTESIAN_POINT ( 'NONE',  ( -14.30000000000003091, -43.49999999999997868, -15.00000000000011013 ) ) ;
#2246 = CARTESIAN_POINT ( 'NONE',  ( 39.99999999999999289, -20.00000000000000355, 0.000000000000000000 ) ) ;
#2247 = ORIENTED_EDGE ( 'NONE', *, *, #2205, .F. ) ;
#2248 = FACE_OUTER_BOUND ( 'NONE', #2968, .T. ) ;
#2249 = CARTESIAN_POINT ( 'NONE',  ( -45.68242014620813052, 18.63191942669730850, 10.00000000000000000 ) ) ;
#2250 = DIRECTION ( 'NONE',  ( 1.000000000000000000, 0.000000000000000000, 0.000000000000000000 ) ) ;
#2251 = CARTESIAN_POINT ( 'NONE',  ( -23.74999999999993250, 37.32000000000003581, -15.00000000000000000 ) ) ;
#2252 = ORIENTED_EDGE ( 'NONE', *, *, #2830, .F. ) ;
#2253 = DIRECTION ( 'NONE',  ( 0.000000000000000000, 0.000000000000000000, -1.000000000000000000 ) ) ;
#2254 = VERTEX_POINT ( 'NONE', #4705 ) ;
#2255 = EDGE_CURVE ( 'NONE', #34, #4761, #3606, .T. ) ;
#2256 = LINE ( 'NONE', #2337, #846 ) ;
#2257 = DIRECTION ( 'NONE',  ( 1.000000000000000000, 0.000000000000000000, 1.387778780781445922E-16 ) ) ;
#2258 = ORIENTED_EDGE ( 'NONE', *, *, #1741, .F. ) ;
#2259 = VERTEX_POINT ( 'NONE', #1675 ) ;
#2260 = VECTOR ( 'NONE', #1223, 1000.000000000000114 ) ;
#2261 = CARTESIAN_POINT ( 'NONE',  ( -70.00000000000000000, 20.00000000000001776, -14.99999999999999467 ) ) ;
#2262 = CARTESIAN_POINT ( 'NONE',  ( 19.75000000000003197, -29.99999999999998224, -40.00000000000000000 ) ) ;
#2263 = VECTOR ( 'NONE', #3110, 1000.000000000000000 ) ;
#2264 = DIRECTION ( 'NONE',  ( -0.3420201433256729318, -0.9396926207859067626, 0.000000000000000000 ) ) ;
#2265 = CARTESIAN_POINT ( 'NONE',  ( -86.00000000000002842, 30.00000000000001776, -40.00000000000000000 ) ) ;
#2266 = ADVANCED_FACE ( 'NONE', ( #2845 ), #3983, .T. ) ;
#2267 = AXIS2_PLACEMENT_3D ( 'NONE', #145, #117, #4713 ) ;
#2268 = ORIENTED_EDGE ( 'NONE', *, *, #348, .F. ) ;
#2269 = DIRECTION ( 'NONE',  ( -1.000000000000000000, -0.000000000000000000, -2.081668171172169253E-16 ) ) ;
#2270 = EDGE_LOOP ( 'NONE', ( #3761, #3854, #3874, #2532 ) ) ;
#2271 = EDGE_LOOP ( 'NONE', ( #1923, #3832, #2788, #1462 ) ) ;
#2272 = CARTESIAN_POINT ( 'NONE',  ( -61.68242014620813052, 18.63191942669731205, 10.00000000000000000 ) ) ;
#2273 = ADVANCED_FACE ( 'NONE', ( #3906 ), #4024, .F. ) ;
#2274 = CARTESIAN_POINT ( 'NONE',  ( 34.00000000000007105, -25.99999999999998224, 10.00000000000000000 ) ) ;
#2275 = CARTESIAN_POINT ( 'NONE',  ( -19.75000000000004263, -25.99999999999998224, 10.00000000000000000 ) ) ;
#2276 = VECTOR ( 'NONE', #2414, 1000.000000000000000 ) ;
#2277 = LINE ( 'NONE', #3786, #3386 ) ;
#2278 = LINE ( 'NONE', #2680, #393 ) ;
#2279 = ORIENTED_EDGE ( 'NONE', *, *, #3060, .T. ) ;
#2280 = CARTESIAN_POINT ( 'NONE',  ( -90.00000000000004263, -29.99999999999998224, -40.00000000000000000 ) ) ;
#2281 = ORIENTED_EDGE ( 'NONE', *, *, #1351, .F. ) ;
#2282 = CIRCLE ( 'NONE', #776, 4.000000000000003553 ) ;
#2283 = EDGE_CURVE ( 'NONE', #2839, #247, #4105, .T. ) ;
#2284 = DIRECTION ( 'NONE',  ( 1.000000000000000000, 0.000000000000000000, 2.081668171172169253E-16 ) ) ;
#2285 = DIRECTION ( 'NONE',  ( -0.9396926207859068736, 0.3420201433256729318, 0.000000000000000000 ) ) ;
#2286 = VECTOR ( 'NONE', #2995, 1000.000000000000000 ) ;
#2287 = ORIENTED_EDGE ( 'NONE', *, *, #4837, .T. ) ;
#2288 = EDGE_LOOP ( 'NONE', ( #3277, #2122, #3501, #1682, #2769, #1576, #1742, #4129, #618, #850, #4304, #2751, #3262, #3954, #3686, #638, #2879, #1838, #3921, #2133, #1068, #512, #3919, #4904, #2828, #2009 ) ) ;
#2289 = VECTOR ( 'NONE', #3056, 1000.000000000000000 ) ;
#2290 = AXIS2_PLACEMENT_3D ( 'NONE', #1033, #3264, #4450 ) ;
#2291 = ORIENTED_EDGE ( 'NONE', *, *, #939, .T. ) ;
#2292 = CARTESIAN_POINT ( 'NONE',  ( -23.75000000000002842, -52.49999999999997868, -39.99999999999999289 ) ) ;
#2293 = AXIS2_PLACEMENT_3D ( 'NONE', #3222, #1062, #4458 ) ;
#2294 = CIRCLE ( 'NONE', #231, 3.999999999999996447 ) ;
#2295 = ADVANCED_FACE ( 'NONE', ( #4329 ), #2778, .F. ) ;
#2296 = EDGE_CURVE ( 'NONE', #244, #387, #860, .T. ) ;
#2297 = DIRECTION ( 'NONE',  ( 0.000000000000000000, 0.000000000000000000, 1.000000000000000000 ) ) ;
#2298 = CYLINDRICAL_SURFACE ( 'NONE', #4480, 4.000000000000003553 ) ;
#2299 = AXIS2_PLACEMENT_3D ( 'NONE', #4054, #2166, #982 ) ;
#2300 = VECTOR ( 'NONE', #6, 1000.000000000000000 ) ;
#2301 = ORIENTED_EDGE ( 'NONE', *, *, #3320, .F. ) ;
#2302 = CARTESIAN_POINT ( 'NONE',  ( -33.99999999999994316, 30.00000000000001776, 5.999999999999998224 ) ) ;
#2303 = VERTEX_POINT ( 'NONE', #3960 ) ;
#2304 = B_SPLINE_CURVE_WITH_KNOTS ( 'NONE', 3,
 ( #164, #2447, #493, #2801, #1303, #567, #2093, #2398, #4309, #3173, #182, #1697 ),
 .UNSPECIFIED., .F., .F.,
 ( 4, 2, 2, 2, 2, 4 ),
 ( -1.264911064073856042E-05, 0.002043893490166218130, 0.003072164790569693101, 0.004100436090973168073, 0.006156978691780123220, 0.008213521292587079234 ),
 .UNSPECIFIED. ) ;
#2305 = CIRCLE ( 'NONE', #2706, 4.000000000000005329 ) ;
#2306 = ORIENTED_EDGE ( 'NONE', *, *, #4627, .T. ) ;
#2307 = DIRECTION ( 'NONE',  ( 1.000000000000000000, 0.000000000000000000, 0.000000000000000000 ) ) ;
#2308 = LINE ( 'NONE', #421, #1585 ) ;
#2309 = DIRECTION ( 'NONE',  ( -0.000000000000000000, 0.000000000000000000, 1.000000000000000000 ) ) ;
#2310 = CARTESIAN_POINT ( 'NONE',  ( -53.84431656608534666, 19.59772851446188469, 10.00000000000000000 ) ) ;
#2311 = DIRECTION ( 'NONE',  ( 0.3420201433256724877, 0.9396926207859069846, 0.000000000000000000 ) ) ;
#2312 = EDGE_CURVE ( 'NONE', #4139, #376, #2304, .T. ) ;
#2313 = ORIENTED_EDGE ( 'NONE', *, *, #856, .F. ) ;
#2314 = DIRECTION ( 'NONE',  ( 0.3420201433256724877, 0.9396926207859069846, 0.000000000000000000 ) ) ;
#2315 = ORIENTED_EDGE ( 'NONE', *, *, #2296, .T. ) ;
#2316 = CARTESIAN_POINT ( 'NONE',  ( 30.00000000000005684, -25.99999999999998224, 6.000000000000014211 ) ) ;
#2317 = CARTESIAN_POINT ( 'NONE',  ( -30.00000000000003553, -52.49999999999997868, 10.00000000000000178 ) ) ;
#2318 = ORIENTED_EDGE ( 'NONE', *, *, #3413, .T. ) ;
#2319 = ORIENTED_EDGE ( 'NONE', *, *, #3721, .F. ) ;
#2320 = ORIENTED_EDGE ( 'NONE', *, *, #2823, .T. ) ;
#2321 = UNCERTAINTY_MEASURE_WITH_UNIT (LENGTH_MEASURE( 1.000000000000000082E-05 ), #3393, 'distance_accuracy_value', 'NONE');
#2322 = FACE_BOUND ( 'NONE', #3297, .T. ) ;
#2323 = DIRECTION ( 'NONE',  ( 0.000000000000000000, 0.000000000000000000, 1.000000000000000000 ) ) ;
#2324 = VERTEX_POINT ( 'NONE', #1226 ) ;
#2325 = CARTESIAN_POINT ( 'NONE',  ( -90.00000000000004263, 30.00000000000001776, -40.00000000000000000 ) ) ;
#2326 = ORIENTED_EDGE ( 'NONE', *, *, #179, .T. ) ;
#2327 = ORIENTED_EDGE ( 'NONE', *, *, #1374, .T. ) ;
#2328 = CARTESIAN_POINT ( 'NONE',  ( -14.30000000000007354, 37.32000000000001450, -15.00000000000000000 ) ) ;
#2329 = CARTESIAN_POINT ( 'NONE',  ( 78.55880937064826242, 19.99999999999999289, 8.000000000000000000 ) ) ;
#2330 = CARTESIAN_POINT ( 'NONE',  ( -21.19996111249539084, 21.36808057330269506, 8.000000000000000000 ) ) ;
#2331 = CARTESIAN_POINT ( 'NONE',  ( -40.00000000000000711, -20.00000000000000000, -40.00000000000000000 ) ) ;
#2332 = CARTESIAN_POINT ( 'NONE',  ( -21.19996111249539084, 21.36808057330269506, 8.000000000000000000 ) ) ;
#2333 = ORIENTED_EDGE ( 'NONE', *, *, #3164, .F. ) ;
#2334 = DIRECTION ( 'NONE',  ( 0.000000000000000000, -0.000000000000000000, -1.000000000000000000 ) ) ;
#2335 = ORIENTED_EDGE ( 'NONE', *, *, #2022, .T. ) ;
#2336 = EDGE_CURVE ( 'NONE', #1358, #2463, #2070, .T. ) ;
#2337 = CARTESIAN_POINT ( 'NONE',  ( -23.74999999999994316, 34.00000000000002842, 10.00000000000000178 ) ) ;
#2338 = CYLINDRICAL_SURFACE ( 'NONE', #3696, 4.000000000000005329 ) ;
#2339 = ORIENTED_EDGE ( 'NONE', *, *, #1266, .F. ) ;
#2340 = ORIENTED_EDGE ( 'NONE', *, *, #1185, .F. ) ;
#2341 = ADVANCED_FACE ( 'NONE', ( #1283 ), #2750, .F. ) ;
#2342 = EDGE_LOOP ( 'NONE', ( #504, #4355, #492, #325 ) ) ;
#2343 = CARTESIAN_POINT ( 'NONE',  ( -14.30000000000003091, -43.49999999999997868, -15.00000000000011013 ) ) ;
#2344 = DIRECTION ( 'NONE',  ( -0.000000000000000000, -1.000000000000000000, -0.000000000000000000 ) ) ;
#2345 = ADVANCED_FACE ( 'NONE', ( #2378 ), #1646, .F. ) ;
#2346 = CIRCLE ( 'NONE', #1624, 4.000000000000000000 ) ;
#2347 = ORIENTED_EDGE ( 'NONE', *, *, #2849, .T. ) ;
#2348 = DIRECTION ( 'NONE',  ( 0.000000000000000000, 0.000000000000000000, -1.000000000000000000 ) ) ;
#2349 = ORIENTED_EDGE ( 'NONE', *, *, #810, .T. ) ;
#2350 = EDGE_CURVE ( 'NONE', #3249, #415, #1017, .T. ) ;
#2351 = DIRECTION ( 'NONE',  ( 1.000000000000000000, 0.000000000000000000, 0.000000000000000000 ) ) ;
#2352 = AXIS2_PLACEMENT_3D ( 'NONE', #3084, #3822, #4640 ) ;
#2353 = CARTESIAN_POINT ( 'NONE',  ( -4.300000000000026468, -29.99999999999998224, -3.729655473350159412E-16 ) ) ;
#2354 = FACE_OUTER_BOUND ( 'NONE', #1709, .T. ) ;
#2355 = DIRECTION ( 'NONE',  ( -0.000000000000000000, 0.000000000000000000, 1.000000000000000000 ) ) ;
#2356 = AXIS2_PLACEMENT_3D ( 'NONE', #337, #3732, #3291 ) ;
#2357 = PLANE ( 'NONE',  #790 ) ;
#2358 = EDGE_CURVE ( 'NONE', #415, #853, #1621, .T. ) ;
#2359 = ORIENTED_EDGE ( 'NONE', *, *, #2855, .T. ) ;
#2360 = CARTESIAN_POINT ( 'NONE',  ( 0.000000000000000000, 0.000000000000000000, 8.000000000000000000 ) ) ;
#2361 = VECTOR ( 'NONE', #3723, 1000.000000000000114 ) ;
#2362 = CARTESIAN_POINT ( 'NONE',  ( -67.75877048314367812, -18.63191942669734047, 8.000000000000000000 ) ) ;
#2363 = CARTESIAN_POINT ( 'NONE',  ( 80.00000000000000000, -20.00000000000000355, 0.000000000000000000 ) ) ;
#2364 = DIRECTION ( 'NONE',  ( -0.3420201433256729318, -0.9396926207859067626, 0.000000000000000000 ) ) ;
#2365 = AXIS2_PLACEMENT_3D ( 'NONE', #2183, #4845, #4467 ) ;
#2366 = EDGE_LOOP ( 'NONE', ( #1412, #4123, #4781, #4495 ) ) ;
#2367 = ADVANCED_FACE ( 'NONE', ( #3929 ), #537, .T. ) ;
#2368 = ORIENTED_EDGE ( 'NONE', *, *, #2969, .T. ) ;
#2369 = AXIS2_PLACEMENT_3D ( 'NONE', #92, #1135, #866 ) ;
#2370 = VERTEX_POINT ( 'NONE', #2493 ) ;
#2371 = DIRECTION ( 'NONE',  ( 0.000000000000000000, 0.000000000000000000, 1.000000000000000000 ) ) ;
#2372 = EDGE_CURVE ( 'NONE', #3068, #3342, #3949, .T. ) ;
#2373 = VECTOR ( 'NONE', #1793, 1000.000000000000000 ) ;
#2374 = DIRECTION ( 'NONE',  ( -0.3420201433256729318, -0.9396926207859067626, 0.000000000000000000 ) ) ;
#2375 = AXIS2_PLACEMENT_3D ( 'NONE', #1132, #4510, #1453 ) ;
#2376 = VECTOR ( 'NONE', #1466, 1000.000000000000000 ) ;
#2377 = EDGE_LOOP ( 'NONE', ( #3793, #3172, #4389, #3100, #1153 ) ) ;
#2378 = FACE_OUTER_BOUND ( 'NONE', #141, .T. ) ;
#2379 = VERTEX_POINT ( 'NONE', #3698 ) ;
#2380 = EDGE_CURVE ( 'NONE', #4527, #1614, #2776, .T. ) ;
#2381 = CARTESIAN_POINT ( 'NONE',  ( 78.55880937064826242, 19.99999999999999289, 10.00000000000000000 ) ) ;
#2382 = AXIS2_PLACEMENT_3D ( 'NONE', #938, #588, #571 ) ;
#2383 = CARTESIAN_POINT ( 'NONE',  ( 23.75000000000003553, -43.49999999999997868, -15.00000000000010125 ) ) ;
#2384 = VECTOR ( 'NONE', #2222, 1000.000000000000114 ) ;
#2385 = CARTESIAN_POINT ( 'NONE',  ( -23.75000000000003553, -52.49999999999997868, 10.00000000000000178 ) ) ;
#2386 = ORIENTED_EDGE ( 'NONE', *, *, #1672, .F. ) ;
#2387 = CARTESIAN_POINT ( 'NONE',  ( 70.00000000000000000, 30.00000000000001776, -11.50000000000000355 ) ) ;
#2388 = PLANE ( 'NONE',  #2827 ) ;
#2389 = DIRECTION ( 'NONE',  ( -0.000000000000000000, 0.000000000000000000, 1.000000000000000000 ) ) ;
#2390 = DIRECTION ( 'NONE',  ( -1.000000000000000000, -0.000000000000000000, -0.000000000000000000 ) ) ;
#2391 = ORIENTED_EDGE ( 'NONE', *, *, #4345, .F. ) ;
#2392 = CARTESIAN_POINT ( 'NONE',  ( 10.18664658000905021, -3.707636142112955557, 8.000000000000000000 ) ) ;
#2393 = ORIENTED_EDGE ( 'NONE', *, *, #1481, .F. ) ;
#2394 = ORIENTED_EDGE ( 'NONE', *, *, #3952, .T. ) ;
#2395 = CARTESIAN_POINT ( 'NONE',  ( -14.30000000000007354, 37.32000000000001450, -12.50000000000000000 ) ) ;
#2396 = CARTESIAN_POINT ( 'NONE',  ( -4.300000000000025580, -29.99999999999998224, -4.999999999999997335 ) ) ;
#2397 = ORIENTED_EDGE ( 'NONE', *, *, #1523, .F. ) ;
#2398 = CARTESIAN_POINT ( 'NONE',  ( -22.83556102161193380, 29.66014340331616594, 10.00000000000000355 ) ) ;
#2399 = ORIENTED_EDGE ( 'NONE', *, *, #3012, .F. ) ;
#2400 = DIRECTION ( 'NONE',  ( -0.3420201433256730983, -0.9396926207859067626, 0.000000000000000000 ) ) ;
#2401 = DIRECTION ( 'NONE',  ( 0.3420201433256724877, 0.9396926207859069846, 0.000000000000000000 ) ) ;
#2402 = DIRECTION ( 'NONE',  ( -0.000000000000000000, 1.000000000000000000, -0.000000000000000000 ) ) ;
#2403 = LINE ( 'NONE', #1653, #4284 ) ;
#2404 = PRODUCT_DEFINITION_SHAPE ( 'NONE', 'NONE',  #311 ) ;
#2405 = ORIENTED_EDGE ( 'NONE', *, *, #3435, .T. ) ;
#2406 = CARTESIAN_POINT ( 'NONE',  ( -33.44119062935175890, 20.00000000000000000, 10.00000000000000000 ) ) ;
#2407 = CARTESIAN_POINT ( 'NONE',  ( -35.75877048314365680, -18.63191942669732981, 8.000000000000000000 ) ) ;
#2408 = LINE ( 'NONE', #4714, #1404 ) ;
#2409 = VERTEX_POINT ( 'NONE', #2164 ) ;
#2410 = FACE_OUTER_BOUND ( 'NONE', #2674, .T. ) ;
#2411 = ORIENTED_EDGE ( 'NONE', *, *, #734, .F. ) ;
#2412 = EDGE_CURVE ( 'NONE', #3016, #3598, #1746, .T. ) ;
#2413 = DIRECTION ( 'NONE',  ( -1.000000000000000000, -0.000000000000000000, -0.000000000000000000 ) ) ;
#2414 = DIRECTION ( 'NONE',  ( 0.000000000000000000, 0.000000000000000000, -1.000000000000000000 ) ) ;
#2415 = ORIENTED_EDGE ( 'NONE', *, *, #256, .T. ) ;
#2416 = ADVANCED_FACE ( 'NONE', ( #4053 ), #302, .F. ) ;
#2417 = EDGE_CURVE ( 'NONE', #1516, #4656, #2915, .T. ) ;
#2418 = DIRECTION ( 'NONE',  ( 0.000000000000000000, 0.000000000000000000, -1.000000000000000000 ) ) ;
#2419 = VERTEX_POINT ( 'NONE', #4775 ) ;
#2420 = CARTESIAN_POINT ( 'NONE',  ( 46.55880937064824110, 19.99999999999999289, 8.000000000000000000 ) ) ;
#2421 = ORIENTED_EDGE ( 'NONE', *, *, #3585, .F. ) ;
#2422 = EDGE_CURVE ( 'NONE', #2324, #4058, #4471, .T. ) ;
#2423 = DIRECTION ( 'NONE',  ( -0.000000000000000000, 1.000000000000000000, -0.000000000000000000 ) ) ;
#2424 = VECTOR ( 'NONE', #2219, 1000.000000000000000 ) ;
#2425 = CARTESIAN_POINT ( 'NONE',  ( 59.18252779352895487, -21.54067850547703245, 10.00000000000000000 ) ) ;
#2426 = DIRECTION ( 'NONE',  ( 1.000000000000000000, 0.000000000000000000, 0.000000000000000000 ) ) ;
#2427 = CARTESIAN_POINT ( 'NONE',  ( 39.99999999999999289, 19.99999999999999645, -40.00000000000000000 ) ) ;
#2428 = VECTOR ( 'NONE', #2481, 1000.000000000000000 ) ;
#2429 = VERTEX_POINT ( 'NONE', #4755 ) ;
#2430 = CARTESIAN_POINT ( 'NONE',  ( -30.91445026981951472, 29.66012310628322979, 9.999999999999998224 ) ) ;
#2431 = FACE_OUTER_BOUND ( 'NONE', #1833, .T. ) ;
#2432 = CIRCLE ( 'NONE', #51, 4.000000000000003553 ) ;
#2433 = DIRECTION ( 'NONE',  ( -0.000000000000000000, -0.000000000000000000, 1.000000000000000000 ) ) ;
#2434 = CARTESIAN_POINT ( 'NONE',  ( -28.24122951685643912, -21.36808057330270927, 8.000000000000000000 ) ) ;
#2435 = ORIENTED_EDGE ( 'NONE', *, *, #2159, .F. ) ;
#2436 = DIRECTION ( 'NONE',  ( -0.000000000000000000, 0.000000000000000000, 1.000000000000000000 ) ) ;
#2437 = ORIENTED_EDGE ( 'NONE', *, *, #2823, .F. ) ;
#2438 = AXIS2_PLACEMENT_3D ( 'NONE', #489, #1992, #4230 ) ;
#2439 = DIRECTION ( 'NONE',  ( -1.000000000000000000, 3.826595902890015835E-15, 0.000000000000000000 ) ) ;
#2440 = DIRECTION ( 'NONE',  ( -0.000000000000000000, -0.000000000000000000, 1.000000000000000000 ) ) ;
#2441 = VECTOR ( 'NONE', #1195, 1000.000000000000000 ) ;
#2442 = EDGE_LOOP ( 'NONE', ( #3885, #3191, #2672, #3975 ) ) ;
#2443 = CARTESIAN_POINT ( 'NONE',  ( -14.30000000000002736, -19.99999999999998224, -2.480654570646838878E-15 ) ) ;
#2444 = ADVANCED_FACE ( 'NONE', ( #4820 ), #3724, .F. ) ;
#2445 = ADVANCED_FACE ( 'NONE', ( #4424 ), #274, .F. ) ;
#2446 = ORIENTED_EDGE ( 'NONE', *, *, #746, .F. ) ;
#2447 = CARTESIAN_POINT ( 'NONE',  ( -20.23473143666986118, 26.48473204254968394, 9.999999999999996447 ) ) ;
#2448 = ORIENTED_EDGE ( 'NONE', *, *, #4075, .T. ) ;
#2449 = DIRECTION ( 'NONE',  ( 0.000000000000000000, 1.000000000000000000, 4.336808689942017736E-16 ) ) ;
#2450 = AXIS2_PLACEMENT_3D ( 'NONE', #427, #719, #2231 ) ;
#2451 = AXIS2_PLACEMENT_3D ( 'NONE', #4388, #2104, #3616 ) ;
#2452 = CYLINDRICAL_SURFACE ( 'NONE', #3870, 2.500000000000000444 ) ;
#2453 = DIRECTION ( 'NONE',  ( 1.000000000000000000, 0.000000000000000000, 0.000000000000000000 ) ) ;
#2454 = VECTOR ( 'NONE', #2523, 1000.000000000000000 ) ;
#2455 = AXIS2_PLACEMENT_3D ( 'NONE', #4637, #1234, #3519 ) ;
#2456 = EDGE_LOOP ( 'NONE', ( #2965, #1527, #441, #4235 ) ) ;
#2457 = FACE_BOUND ( 'NONE', #160, .T. ) ;
#2458 = AXIS2_PLACEMENT_3D ( 'NONE', #1038, #3268, #4034 ) ;
#2459 = DIRECTION ( 'NONE',  ( 0.000000000000000000, 0.000000000000000000, 1.000000000000000000 ) ) ;
#2460 = ADVANCED_FACE ( 'NONE', ( #1423 ), #2216, .F. ) ;
#2461 = DIRECTION ( 'NONE',  ( 3.826595902890015835E-15, 1.000000000000000000, 0.000000000000000000 ) ) ;
#2462 = CARTESIAN_POINT ( 'NONE',  ( 0.000000000000000000, 30.00000000000001776, -25.00000000000001421 ) ) ;
#2463 = VERTEX_POINT ( 'NONE', #605 ) ;
#2464 = CARTESIAN_POINT ( 'NONE',  ( 0.000000000000000000, 0.000000000000000000, 8.000000000000000000 ) ) ;
#2465 = ORIENTED_EDGE ( 'NONE', *, *, #3077, .T. ) ;
#2466 = ORIENTED_EDGE ( 'NONE', *, *, #3904, .T. ) ;
#2467 = ADVANCED_FACE ( 'NONE', ( #4795 ), #2942, .T. ) ;
#2468 = FACE_BOUND ( 'NONE', #4563, .T. ) ;
#2469 = ORIENTED_EDGE ( 'NONE', *, *, #369, .F. ) ;
#2470 = CARTESIAN_POINT ( 'NONE',  ( -3.758770483143663022, -18.63191942669733692, 8.000000000000000000 ) ) ;
#2471 = EDGE_LOOP ( 'NONE', ( #340, #777, #1937, #532 ) ) ;
#2472 = CARTESIAN_POINT ( 'NONE',  ( 0.000000000000000000, -52.49999999999997868, 0.000000000000000000 ) ) ;
#2473 = ORIENTED_EDGE ( 'NONE', *, *, #2552, .F. ) ;
#2474 = CARTESIAN_POINT ( 'NONE',  ( 14.30999999999996497, -43.49999999999997868, -11.00000000000010125 ) ) ;
#2475 = ADVANCED_FACE ( 'NONE', ( #4072 ), #4100, .F. ) ;
#2476 = CARTESIAN_POINT ( 'NONE',  ( 66.31757985379188369, 18.63191942669730494, 10.00000000000000000 ) ) ;
#2477 = CARTESIAN_POINT ( 'NONE',  ( -23.75000000000003553, -32.92820323027549279, 10.00000000000000178 ) ) ;
#2478 = ORIENTED_EDGE ( 'NONE', *, *, #4050, .T. ) ;
#2479 = CARTESIAN_POINT ( 'NONE',  ( 70.00000000000000000, 23.00000000000001776, -15.00000000000001243 ) ) ;
#2480 = EDGE_CURVE ( 'NONE', #247, #2839, #3955, .T. ) ;
#2481 = DIRECTION ( 'NONE',  ( -1.000000000000000000, -0.000000000000000000, -0.000000000000000000 ) ) ;
#2482 = CARTESIAN_POINT ( 'NONE',  ( 2.558809370648245096, 20.00000000000000000, 8.000000000000000000 ) ) ;
#2483 = DIRECTION ( 'NONE',  ( 1.000000000000000000, 0.000000000000000000, 0.000000000000000000 ) ) ;
#2484 = ORIENTED_EDGE ( 'NONE', *, *, #3823, .T. ) ;
#2485 = LINE ( 'NONE', #4442, #474 ) ;
#2486 = EDGE_LOOP ( 'NONE', ( #4720, #1637, #601, #4663 ) ) ;
#2487 = EDGE_CURVE ( 'NONE', #115, #3959, #2189, .T. ) ;
#2488 = CARTESIAN_POINT ( 'NONE',  ( -22.73604837141320090, 31.33851261066671157, -15.00000000000000000 ) ) ;
#2489 = CARTESIAN_POINT ( 'NONE',  ( -19.75000000000003197, -29.99999999999998224, 5.999999999999998224 ) ) ;
#2490 = VERTEX_POINT ( 'NONE', #3628 ) ;
#2491 = FACE_OUTER_BOUND ( 'NONE', #1457, .T. ) ;
#2492 = EDGE_LOOP ( 'NONE', ( #3123, #930, #2435, #2919 ) ) ;
#2493 = CARTESIAN_POINT ( 'NONE',  ( 29.99999999999996447, -19.99999999999998934, 0.000000000000000000 ) ) ;
#2494 = EDGE_CURVE ( 'NONE', #3946, #1669, #701, .T. ) ;
#2495 = SURFACE_STYLE_FILL_AREA ( #1397 ) ;
#2496 = LINE ( 'NONE', #2221, #4818 ) ;
#2497 = DIRECTION ( 'NONE',  ( -0.000000000000000000, -1.000000000000000000, -0.000000000000000000 ) ) ;
#2498 = VERTEX_POINT ( 'NONE', #254 ) ;
#2499 = CARTESIAN_POINT ( 'NONE',  ( 85.99999999999995737, -25.99999999999998224, 6.000000000000000000 ) ) ;
#2500 = PLANE ( 'NONE',  #2356 ) ;
#2501 = DIRECTION ( 'NONE',  ( -0.9396926207859068736, 0.3420201433256730983, 0.000000000000000000 ) ) ;
#2502 = CIRCLE ( 'NONE', #2352, 4.000000000000000000 ) ;
#2503 = ADVANCED_FACE ( 'NONE', ( #1766 ), #4031, .F. ) ;
#2504 = CARTESIAN_POINT ( 'NONE',  ( -44.24122951685643557, -21.36808057330270572, 8.000000000000000000 ) ) ;
#2505 = ORIENTED_EDGE ( 'NONE', *, *, #1218, .T. ) ;
#2506 = LINE ( 'NONE', #1512, #3875 ) ;
#2507 = ORIENTED_EDGE ( 'NONE', *, *, #4251, .T. ) ;
#2508 = VECTOR ( 'NONE', #1477, 1000.000000000000000 ) ;
#2509 = ORIENTED_EDGE ( 'NONE', *, *, #2182, .F. ) ;
#2510 = FACE_OUTER_BOUND ( 'NONE', #2978, .T. ) ;
#2511 = VECTOR ( 'NONE', #1073, 1000.000000000000000 ) ;
#2512 = ORIENTED_EDGE ( 'NONE', *, *, #1381, .T. ) ;
#2513 = PLANE ( 'NONE',  #2824 ) ;
#2514 = DIRECTION ( 'NONE',  ( 1.000000000000000000, 0.000000000000000000, 2.081668171172169006E-16 ) ) ;
#2515 = EDGE_CURVE ( 'NONE', #1962, #4376, #2525, .T. ) ;
#2516 = CARTESIAN_POINT ( 'NONE',  ( 0.000000000000000000, 0.000000000000000000, 0.000000000000000000 ) ) ;
#2517 = VECTOR ( 'NONE', #424, 1000.000000000000114 ) ;
#2518 = AXIS2_PLACEMENT_3D ( 'NONE', #3215, #1253, #961 ) ;
#2519 = VERTEX_POINT ( 'NONE', #848 ) ;
#2520 = FACE_OUTER_BOUND ( 'NONE', #735, .T. ) ;
#2521 = LINE ( 'NONE', #1428, #1818 ) ;
#2522 = ORIENTED_EDGE ( 'NONE', *, *, #2515, .F. ) ;
#2523 = DIRECTION ( 'NONE',  ( -1.000000000000000000, -0.000000000000000000, -0.000000000000000000 ) ) ;
#2524 = AXIS2_PLACEMENT_3D ( 'NONE', #4743, #411, #1244 ) ;
#2525 = CIRCLE ( 'NONE', #2207, 4.000000000000005329 ) ;
#2526 = B_SPLINE_CURVE_WITH_KNOTS ( 'NONE', 3,
 ( #116, #2737, #3131, #1237, #2430, #2789, #1631, #2055, #519, #2025, #3545, #4639, #895, #3522 ),
 .UNSPECIFIED., .F., .F.,
 ( 4, 2, 2, 2, 2, 2, 4 ),
 ( 0.000000000000000000, 0.002047479813459219308, 0.004094959626918438615, 0.005118699533648032006, 0.006142439440377626264, 0.007166179347107220522, 0.008189919253836814780 ),
 .UNSPECIFIED. ) ;
#2527 = DIRECTION ( 'NONE',  ( 1.000000000000000000, 0.000000000000000000, 0.000000000000000000 ) ) ;
#2528 = CARTESIAN_POINT ( 'NONE',  ( -23.68254046321820638, 33.24583258494245541, -7.927404104347871794 ) ) ;
#2529 = CIRCLE ( 'NONE', #4353, 4.000000000000003553 ) ;
#2530 = VECTOR ( 'NONE', #1217, 1000.000000000000000 ) ;
#2531 = DIRECTION ( 'NONE',  ( -0.000000000000000000, 1.000000000000000000, -0.000000000000000000 ) ) ;
#2532 = ORIENTED_EDGE ( 'NONE', *, *, #89, .F. ) ;
#2533 = FACE_OUTER_BOUND ( 'NONE', #648, .T. ) ;
#2534 = ORIENTED_EDGE ( 'NONE', *, *, #2167, .T. ) ;
#2535 =( GEOMETRIC_REPRESENTATION_CONTEXT ( 3 ) GLOBAL_UNCERTAINTY_ASSIGNED_CONTEXT ( ( #3456 ) ) GLOBAL_UNIT_ASSIGNED_CONTEXT ( ( #4824, #184, #1699 ) ) REPRESENTATION_CONTEXT ( 'NONE', 'WORKASPACE' ) );
#2536 = VECTOR ( 'NONE', #2311, 1000.000000000000114 ) ;
#2537 = DIRECTION ( 'NONE',  ( 1.000000000000000000, -0.000000000000000000, 0.000000000000000000 ) ) ;
#2538 = DIRECTION ( 'NONE',  ( -0.000000000000000000, -0.000000000000000000, 1.000000000000000000 ) ) ;
#2539 = CIRCLE ( 'NONE', #2215, 2.600000000000003197 ) ;
#2540 = ORIENTED_EDGE ( 'NONE', *, *, #4149, .T. ) ;
#2541 = DIRECTION ( 'NONE',  ( -0.000000000000000000, 0.000000000000000000, 1.000000000000000000 ) ) ;
#2542 = EDGE_CURVE ( 'NONE', #3040, #1452, #870, .T. ) ;
#2543 = PLANE ( 'NONE',  #764 ) ;
#2544 = DIRECTION ( 'NONE',  ( 0.3420201433256724877, 0.9396926207859069846, 0.000000000000000000 ) ) ;
#2545 = DIRECTION ( 'NONE',  ( -0.000000000000000000, -0.000000000000000000, 1.000000000000000000 ) ) ;
#2546 = EDGE_CURVE ( 'NONE', #995, #3743, #4644, .T. ) ;
#2547 = EDGE_LOOP ( 'NONE', ( #829, #2912, #1753, #827 ) ) ;
#2548 = CARTESIAN_POINT ( 'NONE',  ( 0.000000000000000000, -52.49999999999997868, 0.000000000000000000 ) ) ;
#2549 = LINE ( 'NONE', #4057, #159 ) ;
#2550 = ORIENTED_EDGE ( 'NONE', *, *, #1933, .F. ) ;
#2551 = CARTESIAN_POINT ( 'NONE',  ( -32.19842005484628800, 11.71926649036415569, 10.00000000000000000 ) ) ;
#2552 = EDGE_CURVE ( 'NONE', #309, #3209, #3525, .T. ) ;
#2553 = FACE_OUTER_BOUND ( 'NONE', #4166, .T. ) ;
#2554 = CARTESIAN_POINT ( 'NONE',  ( -23.72192788228379712, 33.51812901713010717, -7.439577585617688449 ) ) ;
#2555 = FACE_OUTER_BOUND ( 'NONE', #4228, .T. ) ;
#2556 = VERTEX_POINT ( 'NONE', #3022 ) ;
#2557 = CARTESIAN_POINT ( 'NONE',  ( -4.299999999999957190, 20.00000000000001776, 0.000000000000000000 ) ) ;
#2558 = ORIENTED_EDGE ( 'NONE', *, *, #4830, .T. ) ;
#2559 = ADVANCED_FACE ( 'NONE', ( #4620, #3112, #4529, #379 ), #1636, .T. ) ;
#2560 = CARTESIAN_POINT ( 'NONE',  ( -33.02957807524212086, -26.97045828684181501, 9.999999999999996447 ) ) ;
#2561 = CARTESIAN_POINT ( 'NONE',  ( 0.000000000000000000, 20.00000000000001776, -25.00000000000001421 ) ) ;
#2562 = ORIENTED_EDGE ( 'NONE', *, *, #4773, .T. ) ;
#2563 = LINE ( 'NONE', #349, #209 ) ;
#2564 = DIRECTION ( 'NONE',  ( -0.000000000000000000, 0.000000000000000000, 1.000000000000000000 ) ) ;
#2565 = ADVANCED_FACE ( 'NONE', ( #1124 ), #3789, .F. ) ;
#2566 = PLANE ( 'NONE',  #3883 ) ;
#2567 = DIRECTION ( 'NONE',  ( 0.000000000000000000, 0.000000000000000000, -1.000000000000000000 ) ) ;
#2568 = ORIENTED_EDGE ( 'NONE', *, *, #4113, .T. ) ;
#2569 = DIRECTION ( 'NONE',  ( -0.000000000000000000, -0.000000000000000000, 1.000000000000000000 ) ) ;
#2570 = CARTESIAN_POINT ( 'NONE',  ( 50.31757985379188369, 18.63191942669730494, 8.000000000000000000 ) ) ;
#2571 = EDGE_CURVE ( 'NONE', #3070, #4474, #3409, .T. ) ;
#2572 = ORIENTED_EDGE ( 'NONE', *, *, #1874, .T. ) ;
#2573 = CARTESIAN_POINT ( 'NONE',  ( 62.55880937064824110, 19.99999999999999289, 8.000000000000000000 ) ) ;
#2574 = CARTESIAN_POINT ( 'NONE',  ( -70.00000000000000000, 23.00000000000001776, -11.49999999999998757 ) ) ;
#2575 = CARTESIAN_POINT ( 'NONE',  ( -23.38413859261385142, 32.30759712200440248, -20.07400750987702054 ) ) ;
#2576 = CARTESIAN_POINT ( 'NONE',  ( 80.00000000000000000, -20.00000000000000355, -40.00000000000000000 ) ) ;
#2577 = EDGE_CURVE ( 'NONE', #1738, #4769, #4896, .T. ) ;
#2578 = ORIENTED_EDGE ( 'NONE', *, *, #2720, .F. ) ;
#2579 = DIRECTION ( 'NONE',  ( -0.000000000000000000, 0.000000000000000000, 1.000000000000000000 ) ) ;
#2580 = ORIENTED_EDGE ( 'NONE', *, *, #3909, .T. ) ;
#2581 = DIRECTION ( 'NONE',  ( -0.000000000000000000, 1.000000000000000000, -0.000000000000000000 ) ) ;
#2582 = VECTOR ( 'NONE', #161, 1000.000000000000000 ) ;
#2583 = DIRECTION ( 'NONE',  ( 0.000000000000000000, 1.000000000000000000, 0.000000000000000000 ) ) ;
#2584 = EDGE_LOOP ( 'NONE', ( #2197, #4813, #2030, #2648 ) ) ;
#2585 = ORIENTED_EDGE ( 'NONE', *, *, #4093, .F. ) ;
#2586 = AXIS2_PLACEMENT_3D ( 'NONE', #3260, #1640, #1298 ) ;
#2587 = CARTESIAN_POINT ( 'NONE',  ( -86.00000000000002842, -25.99999999999998224, -40.00000000000000000 ) ) ;
#2588 = AXIS2_PLACEMENT_3D ( 'NONE', #1774, #1014, #643 ) ;
#2589 = DIRECTION ( 'NONE',  ( -0.000000000000000000, 1.000000000000000000, -0.000000000000000000 ) ) ;
#2590 = DIRECTION ( 'NONE',  ( 0.000000000000000000, 0.000000000000000000, -1.000000000000000000 ) ) ;
#2591 = PLANE ( 'NONE',  #1389 ) ;
#2592 = VECTOR ( 'NONE', #3902, 1000.000000000000000 ) ;
#2593 = EDGE_CURVE ( 'NONE', #2061, #1484, #1099, .T. ) ;
#2594 = EDGE_CURVE ( 'NONE', #4058, #4018, #4908, .T. ) ;
#2595 = EDGE_LOOP ( 'NONE', ( #1524, #2088, #1284, #1839, #4569 ) ) ;
#2596 = CYLINDRICAL_SURFACE ( 'NONE', #1334, 4.000000000000003553 ) ;
#2597 = VECTOR ( 'NONE', #1362, 1000.000000000000000 ) ;
#2598 = CARTESIAN_POINT ( 'NONE',  ( -80.00000000000000000, -20.00000000000000000, 0.000000000000000000 ) ) ;
#2599 = ORIENTED_EDGE ( 'NONE', *, *, #4276, .F. ) ;
#2600 = DIRECTION ( 'NONE',  ( -0.000000000000000000, 0.000000000000000000, 1.000000000000000000 ) ) ;
#2601 = VECTOR ( 'NONE', #3078, 1000.000000000000114 ) ;
#2602 = DIRECTION ( 'NONE',  ( 1.000000000000000000, 0.000000000000000000, 0.000000000000000000 ) ) ;
#2603 = CARTESIAN_POINT ( 'NONE',  ( -23.38354741110807566, 32.30621208879309592, -9.929201299191365848 ) ) ;
#2604 = CARTESIAN_POINT ( 'NONE',  ( 0.000000000000000000, 0.000000000000000000, 8.000000000000000000 ) ) ;
#2605 = VECTOR ( 'NONE', #4655, 1000.000000000000000 ) ;
#2606 = ORIENTED_EDGE ( 'NONE', *, *, #2690, .F. ) ;
#2607 = CARTESIAN_POINT ( 'NONE',  ( 34.55880937064824110, 19.99999999999999645, 8.000000000000000000 ) ) ;
#2608 = VERTEX_POINT ( 'NONE', #3872 ) ;
#2609 = EDGE_CURVE ( 'NONE', #309, #720, #4512, .T. ) ;
#2610 = CIRCLE ( 'NONE', #702, 4.000000000000003553 ) ;
#2611 = AXIS2_PLACEMENT_3D ( 'NONE', #1757, #973, #217 ) ;
#2612 = DIRECTION ( 'NONE',  ( -8.673617379884037937E-17, 0.000000000000000000, 1.000000000000000000 ) ) ;
#2613 = FACE_OUTER_BOUND ( 'NONE', #2492, .T. ) ;
#2614 = CIRCLE ( 'NONE', #1262, 4.000000000000000000 ) ;
#2615 = VERTEX_POINT ( 'NONE', #877 ) ;
#2616 = VECTOR ( 'NONE', #1433, 1000.000000000000000 ) ;
#2617 = CARTESIAN_POINT ( 'NONE',  ( -19.75000000000002842, -33.99999999999997868, -40.00000000000000000 ) ) ;
#2618 = AXIS2_PLACEMENT_3D ( 'NONE', #4877, #640, #2967 ) ;
#2619 = DIRECTION ( 'NONE',  ( -1.000000000000000000, -0.000000000000000000, -1.387778780781445922E-16 ) ) ;
#2620 = CARTESIAN_POINT ( 'NONE',  ( 30.00000000000007105, -33.99999999999997868, 9.999999999999896971 ) ) ;
#2621 = DIRECTION ( 'NONE',  ( -0.000000000000000000, 0.000000000000000000, 1.000000000000000000 ) ) ;
#2622 = ORIENTED_EDGE ( 'NONE', *, *, #3257, .T. ) ;
#2623 = LINE ( 'NONE', #1945, #300 ) ;
#2624 = DIRECTION ( 'NONE',  ( -0.000000000000000000, 1.000000000000000000, -0.000000000000000000 ) ) ;
#2625 = EDGE_CURVE ( 'NONE', #2844, #1534, #1613, .T. ) ;
#2626 = ORIENTED_EDGE ( 'NONE', *, *, #253, .T. ) ;
#2627 = DIRECTION ( 'NONE',  ( 1.000000000000000000, 0.000000000000000000, 0.000000000000000000 ) ) ;
#2628 = CARTESIAN_POINT ( 'NONE',  ( -53.84431656608534666, 19.59772851446188469, 8.000000000000000000 ) ) ;
#2629 = CARTESIAN_POINT ( 'NONE',  ( 0.000000000000000000, 0.000000000000000000, 8.000000000000000000 ) ) ;
#2630 = CARTESIAN_POINT ( 'NONE',  ( -32.19842005484628800, 11.71926649036415569, 8.000000000000000000 ) ) ;
#2631 = EDGE_CURVE ( 'NONE', #77, #4593, #4274, .T. ) ;
#2632 = EDGE_LOOP ( 'NONE', ( #2484, #785 ) ) ;
#2633 = EDGE_CURVE ( 'NONE', #3275, #2429, #2240, .T. ) ;
#2634 = DIRECTION ( 'NONE',  ( -0.000000000000000000, -0.000000000000000000, 1.000000000000000000 ) ) ;
#2635 = ORIENTED_EDGE ( 'NONE', *, *, #4689, .T. ) ;
#2636 = LINE ( 'NONE', #248, #678 ) ;
#2637 = CARTESIAN_POINT ( 'NONE',  ( -17.44119062935175890, 20.00000000000000000, 10.00000000000000000 ) ) ;
#2638 = ORIENTED_EDGE ( 'NONE', *, *, #1836, .F. ) ;
#2639 = EDGE_CURVE ( 'NONE', #4696, #1669, #503, .T. ) ;
#2640 = VERTEX_POINT ( 'NONE', #4498 ) ;
#2641 = LINE ( 'NONE', #3043, #2361 ) ;
#2642 = DIRECTION ( 'NONE',  ( 0.000000000000000000, 0.000000000000000000, 1.000000000000000000 ) ) ;
#2643 = ADVANCED_FACE ( 'NONE', ( #727 ), #3746, .F. ) ;
#2644 = CARTESIAN_POINT ( 'NONE',  ( -46.32677559979807569, 16.86156736785652654, 10.00000000000000000 ) ) ;
#2645 = FACE_OUTER_BOUND ( 'NONE', #3113, .T. ) ;
#2646 = ORIENTED_EDGE ( 'NONE', *, *, #852, .F. ) ;
#2647 = DIRECTION ( 'NONE',  ( -1.000000000000000000, -0.000000000000000000, -0.000000000000000000 ) ) ;
#2648 = ORIENTED_EDGE ( 'NONE', *, *, #2720, .T. ) ;
#2649 = ORIENTED_EDGE ( 'NONE', *, *, #2698, .T. ) ;
#2650 = CARTESIAN_POINT ( 'NONE',  ( -29.44119062935175890, 20.00000000000000000, 8.000000000000000000 ) ) ;
#2651 = CARTESIAN_POINT ( 'NONE',  ( -86.00000000000002842, 26.00000000000001776, 10.00000000000000000 ) ) ;
#2652 = CARTESIAN_POINT ( 'NONE',  ( -20.71411672505205459, -26.97615571294991454, 10.00000000000000355 ) ) ;
#2653 = ADVANCED_FACE ( 'NONE', ( #3974 ), #191, .F. ) ;
#2654 = DIRECTION ( 'NONE',  ( 0.000000000000000000, 0.000000000000000000, -1.000000000000000000 ) ) ;
#2655 = CARTESIAN_POINT ( 'NONE',  ( -32.00000000000004263, -20.00000000000000355, 8.000000000000000000 ) ) ;
#2656 = EDGE_LOOP ( 'NONE', ( #1295, #1366, #2448, #1917 ) ) ;
#2657 = DIRECTION ( 'NONE',  ( 1.000000000000000000, -0.000000000000000000, 2.081668171172169006E-16 ) ) ;
#2658 = ORIENTED_EDGE ( 'NONE', *, *, #4736, .F. ) ;
#2659 = DIRECTION ( 'NONE',  ( 1.000000000000000000, 0.000000000000000000, 1.387778780781445922E-16 ) ) ;
#2660 = DIRECTION ( 'NONE',  ( 0.000000000000000000, 0.000000000000000000, 1.000000000000000000 ) ) ;
#2661 = ORIENTED_EDGE ( 'NONE', *, *, #1747, .T. ) ;
#2662 = ORIENTED_EDGE ( 'NONE', *, *, #3129, .F. ) ;
#2663 = CIRCLE ( 'NONE', #4247, 4.000000000000003553 ) ;
#2664 = ORIENTED_EDGE ( 'NONE', *, *, #2546, .T. ) ;
#2665 = EDGE_CURVE ( 'NONE', #2083, #4572, #1708, .T. ) ;
#2666 = DIRECTION ( 'NONE',  ( -0.000000000000000000, 1.000000000000000000, -0.000000000000000000 ) ) ;
#2667 = CIRCLE ( 'NONE', #1712, 3.999999999999976019 ) ;
#2668 = CARTESIAN_POINT ( 'NONE',  ( -19.74999999999997513, 26.00000000000001776, 5.999999999999998224 ) ) ;
#2669 = ADVANCED_FACE ( 'NONE', ( #4013 ), #1687, .F. ) ;
#2670 = ORIENTED_EDGE ( 'NONE', *, *, #3995, .F. ) ;
#2671 = CARTESIAN_POINT ( 'NONE',  ( 19.75000000000004263, -25.99999999999998224, 10.00000000000000000 ) ) ;
#2672 = ORIENTED_EDGE ( 'NONE', *, *, #4477, .F. ) ;
#2673 = VECTOR ( 'NONE', #53, 1000.000000000000000 ) ;
#2674 = EDGE_LOOP ( 'NONE', ( #1888, #985, #292, #3349 ) ) ;
#2675 = DIRECTION ( 'NONE',  ( -0.000000000000000000, 0.000000000000000000, 1.000000000000000000 ) ) ;
#2676 = DIRECTION ( 'NONE',  ( 0.000000000000000000, -1.000000000000000000, 0.000000000000000000 ) ) ;
#2677 = CARTESIAN_POINT ( 'NONE',  ( 30.00000000000007105, -52.49999999999997868, 9.999999999999896971 ) ) ;
#2678 = AXIS2_PLACEMENT_3D ( 'NONE', #271, #4525, #3720 ) ;
#2679 = LINE ( 'NONE', #3499, #2601 ) ;
#2680 = CARTESIAN_POINT ( 'NONE',  ( -90.00000000000004263, -25.99999999999998224, -40.00000000000000000 ) ) ;
#2681 = ORIENTED_EDGE ( 'NONE', *, *, #4468, .T. ) ;
#2682 = CARTESIAN_POINT ( 'NONE',  ( -14.29999999999995630, 30.00000000000001776, -25.00000000000001421 ) ) ;
#2683 = EDGE_LOOP ( 'NONE', ( #1915, #1504, #4278, #1141 ) ) ;
#2684 = VECTOR ( 'NONE', #1979, 1000.000000000000000 ) ;
#2685 = DIRECTION ( 'NONE',  ( -0.000000000000000000, -0.000000000000000000, 1.000000000000000000 ) ) ;
#2686 = LINE ( 'NONE', #3869, #463 ) ;
#2687 = CIRCLE ( 'NONE', #3629, 4.000000000000003553 ) ;
#2688 = VERTEX_POINT ( 'NONE', #2434 ) ;
#2689 = EDGE_LOOP ( 'NONE', ( #1869, #4201, #1375, #2635 ) ) ;
#2690 = EDGE_CURVE ( 'NONE', #4676, #2220, #1732, .T. ) ;
#2691 = ADVANCED_FACE ( 'NONE', ( #3643 ), #1650, .F. ) ;
#2692 = AXIS2_PLACEMENT_3D ( 'NONE', #3348, #596, #692 ) ;
#2693 = VECTOR ( 'NONE', #2544, 1000.000000000000114 ) ;
#2694 = EDGE_LOOP ( 'NONE', ( #500, #3713 ) ) ;
#2695 = FACE_OUTER_BOUND ( 'NONE', #2270, .T. ) ;
#2696 = AXIS2_PLACEMENT_3D ( 'NONE', #573, #4316, #917 ) ;
#2697 = VECTOR ( 'NONE', #1357, 1000.000000000000000 ) ;
#2698 = EDGE_CURVE ( 'NONE', #2419, #1717, #4765, .T. ) ;
#2699 = EDGE_CURVE ( 'NONE', #652, #2259, #990, .T. ) ;
#2700 = LINE ( 'NONE', #2799, #3848 ) ;
#2701 = VECTOR ( 'NONE', #2423, 1000.000000000000000 ) ;
#2702 = CIRCLE ( 'NONE', #4681, 2.600000000000003197 ) ;
#2703 = VERTEX_POINT ( 'NONE', #2904 ) ;
#2704 = CARTESIAN_POINT ( 'NONE',  ( 22.26773294742563536, -28.80650779577192466, 10.00000000000000000 ) ) ;
#2705 = ORIENTED_EDGE ( 'NONE', *, *, #717, .T. ) ;
#2706 = AXIS2_PLACEMENT_3D ( 'NONE', #975, #2579, #2203 ) ;
#2707 = ORIENTED_EDGE ( 'NONE', *, *, #818, .T. ) ;
#2708 = EDGE_CURVE ( 'NONE', #267, #3198, #703, .T. ) ;
#2709 = CARTESIAN_POINT ( 'NONE',  ( -80.00000000000000000, 20.00000000000000000, -40.00000000000000000 ) ) ;
#2710 = CARTESIAN_POINT ( 'NONE',  ( -53.84431656608534666, 19.59772851446188469, 8.000000000000000000 ) ) ;
#2711 = CARTESIAN_POINT ( 'NONE',  ( -23.75000000000003553, -32.92820323027549279, 10.00000000000000178 ) ) ;
#2712 = DIRECTION ( 'NONE',  ( -0.000000000000000000, -0.000000000000000000, 1.000000000000000000 ) ) ;
#2713 = FACE_OUTER_BOUND ( 'NONE', #886, .T. ) ;
#2714 = ORIENTED_EDGE ( 'NONE', *, *, #3851, .T. ) ;
#2715 = FACE_OUTER_BOUND ( 'NONE', #1996, .T. ) ;
#2716 = ORIENTED_EDGE ( 'NONE', *, *, #1785, .T. ) ;
#2717 = LINE ( 'NONE', #770, #4327 ) ;
#2718 = CARTESIAN_POINT ( 'NONE',  ( -1.441190629351760233, 20.00000000000000000, 8.000000000000000000 ) ) ;
#2719 = ORIENTED_EDGE ( 'NONE', *, *, #4719, .F. ) ;
#2720 = EDGE_CURVE ( 'NONE', #1245, #176, #4342, .T. ) ;
#2721 = VERTEX_POINT ( 'NONE', #2504 ) ;
#2722 = ORIENTED_EDGE ( 'NONE', *, *, #1990, .T. ) ;
#2723 = DIRECTION ( 'NONE',  ( 0.000000000000000000, -0.000000000000000000, 1.000000000000000000 ) ) ;
#2724 = EDGE_CURVE ( 'NONE', #1559, #2884, #4112, .T. ) ;
#2725 = DIRECTION ( 'NONE',  ( -0.000000000000000000, 1.000000000000000000, -0.000000000000000000 ) ) ;
#2726 = EDGE_CURVE ( 'NONE', #8, #2703, #3578, .T. ) ;
#2727 = EDGE_LOOP ( 'NONE', ( #45, #1146, #4223, #1639 ) ) ;
#2728 = DIRECTION ( 'NONE',  ( 1.000000000000000000, 0.000000000000000000, 0.000000000000000000 ) ) ;
#2729 = ORIENTED_EDGE ( 'NONE', *, *, #4797, .T. ) ;
#2730 = VERTEX_POINT ( 'NONE', #947 ) ;
#2731 = CARTESIAN_POINT ( 'NONE',  ( -33.99999999999995026, 34.00000000000001421, 5.999999999999998224 ) ) ;
#2732 = CARTESIAN_POINT ( 'NONE',  ( 31.68699061580236531, -28.52941107859971837, 9.999999999999998224 ) ) ;
#2733 = CARTESIAN_POINT ( 'NONE',  ( -20.23517870860364809, -26.48518027700474775, 9.999999999999996447 ) ) ;
#2734 = CARTESIAN_POINT ( 'NONE',  ( 26.80003888750460916, 21.36808057330268795, 10.00000000000000000 ) ) ;
#2735 = DIRECTION ( 'NONE',  ( 0.000000000000000000, 0.000000000000000000, 1.000000000000000000 ) ) ;
#2736 = VERTEX_POINT ( 'NONE', #4740 ) ;
#2737 = CARTESIAN_POINT ( 'NONE',  ( -29.99999999999995381, 32.23489651498467623, 10.00000000000000178 ) ) ;
#2738 = CARTESIAN_POINT ( 'NONE',  ( -19.75000000000004263, -25.99999999999998224, 6.000000000000000000 ) ) ;
#2739 = DIRECTION ( 'NONE',  ( -0.3420201433256728762, -0.9396926207859067626, 0.000000000000000000 ) ) ;
#2740 = CARTESIAN_POINT ( 'NONE',  ( 89.99999999999995737, -29.99999999999998224, -40.00000000000000000 ) ) ;
#2741 = ORIENTED_EDGE ( 'NONE', *, *, #965, .F. ) ;
#2742 = ORIENTED_EDGE ( 'NONE', *, *, #637, .T. ) ;
#2743 = APPLICATION_CONTEXT ( 'automotive_design' ) ;
#2744 = ORIENTED_EDGE ( 'NONE', *, *, #496, .T. ) ;
#2745 = ADVANCED_FACE ( 'NONE', ( #1294 ), #2863, .T. ) ;
#2746 = CARTESIAN_POINT ( 'NONE',  ( -30.00000000000003553, -33.99999999999997868, 10.00000000000000178 ) ) ;
#2747 = CARTESIAN_POINT ( 'NONE',  ( -61.44119062935175890, 20.00000000000000355, 8.000000000000000000 ) ) ;
#2748 = AXIS2_PLACEMENT_3D ( 'NONE', #1292, #548, #3576 ) ;
#2749 = ORIENTED_EDGE ( 'NONE', *, *, #986, .T. ) ;
#2750 = PLANE ( 'NONE',  #2918 ) ;
#2751 = ORIENTED_EDGE ( 'NONE', *, *, #2110, .F. ) ;
#2752 = CARTESIAN_POINT ( 'NONE',  ( -30.00000000000007105, 1.147978770867007590E-13, 10.00000000000000178 ) ) ;
#2753 = VECTOR ( 'NONE', #4135, 1000.000000000000114 ) ;
#2754 = EDGE_CURVE ( 'NONE', #176, #443, #475, .T. ) ;
#2755 = EDGE_CURVE ( 'NONE', #3946, #2094, #4319, .T. ) ;
#2756 = LINE ( 'NONE', #3178, #3539 ) ;
#2757 = DIRECTION ( 'NONE',  ( -0.000000000000000000, -0.000000000000000000, 1.000000000000000000 ) ) ;
#2758 = AXIS2_PLACEMENT_3D ( 'NONE', #883, #4677, #1940 ) ;
#2759 = FACE_OUTER_BOUND ( 'NONE', #554, .T. ) ;
#2760 = VERTEX_POINT ( 'NONE', #3944 ) ;
#2761 = CARTESIAN_POINT ( 'NONE',  ( -46.32677559979807569, 16.86156736785652654, 8.000000000000000000 ) ) ;
#2762 = AXIS2_PLACEMENT_3D ( 'NONE', #4200, #482, #4225 ) ;
#2763 = DIRECTION ( 'NONE',  ( 0.9396926207859070956, -0.3420201433256724877, 0.000000000000000000 ) ) ;
#2764 = CARTESIAN_POINT ( 'NONE',  ( 0.000000000000000000, 20.00000000000001776, -5.000000000000016875 ) ) ;
#2765 = CARTESIAN_POINT ( 'NONE',  ( -30.00000000000003197, -19.99999999999998934, -40.00000000000000000 ) ) ;
#2766 = AXIS2_PLACEMENT_3D ( 'NONE', #1025, #3692, #4815 ) ;
#2767 = ORIENTED_EDGE ( 'NONE', *, *, #2552, .T. ) ;
#2768 = DIRECTION ( 'NONE',  ( 0.3420201433256724877, 0.9396926207859069846, 0.000000000000000000 ) ) ;
#2769 = ORIENTED_EDGE ( 'NONE', *, *, #2899, .F. ) ;
#2770 = AXIS2_PLACEMENT_3D ( 'NONE', #3033, #3127, #2654 ) ;
#2771 = ORIENTED_EDGE ( 'NONE', *, *, #4266, .F. ) ;
#2772 = CYLINDRICAL_SURFACE ( 'NONE', #2438, 2.499999999999998668 ) ;
#2773 = AXIS2_PLACEMENT_3D ( 'NONE', #1129, #3437, #4182 ) ;
#2774 = CARTESIAN_POINT ( 'NONE',  ( -61.44119062935175890, 20.00000000000000355, 10.00000000000000000 ) ) ;
#2775 = VECTOR ( 'NONE', #2657, 1000.000000000000000 ) ;
#2776 = CIRCLE ( 'NONE', #3708, 4.000000000000003553 ) ;
#2777 = VERTEX_POINT ( 'NONE', #553 ) ;
#2778 = PLANE ( 'NONE',  #383 ) ;
#2779 = ORIENTED_EDGE ( 'NONE', *, *, #285, .F. ) ;
#2780 = CARTESIAN_POINT ( 'NONE',  ( 66.70006875981617611, -24.27683965208245098, 10.00000000000000000 ) ) ;
#2781 = VECTOR ( 'NONE', #569, 1000.000000000000000 ) ;
#2782 = AXIS2_PLACEMENT_3D ( 'NONE', #2630, #3685, #4518 ) ;
#2783 = DIRECTION ( 'NONE',  ( 0.000000000000000000, -0.000000000000000000, -1.000000000000000000 ) ) ;
#2784 = CARTESIAN_POINT ( 'NONE',  ( 50.31757985379188369, 18.63191942669730494, 8.000000000000000000 ) ) ;
#2785 = AXIS2_PLACEMENT_3D ( 'NONE', #1424, #329, #1055 ) ;
#2786 = EDGE_CURVE ( 'NONE', #2303, #1128, #2060, .T. ) ;
#2787 = DIRECTION ( 'NONE',  ( -3.469446951953617344E-15, -1.000000000000000000, 0.000000000000000000 ) ) ;
#2788 = ORIENTED_EDGE ( 'NONE', *, *, #2992, .F. ) ;
#2789 = CARTESIAN_POINT ( 'NONE',  ( -31.48228463127238186, 28.80648303032482715, 9.999999999999998224 ) ) ;
#2790 = FACE_OUTER_BOUND ( 'NONE', #3429, .T. ) ;
#2791 = CARTESIAN_POINT ( 'NONE',  ( 85.99999999999995737, 0.000000000000000000, 6.000000000000000000 ) ) ;
#2792 = EDGE_CURVE ( 'NONE', #811, #4370, #3255, .T. ) ;
#2793 = DIRECTION ( 'NONE',  ( -0.000000000000000000, -0.000000000000000000, 1.000000000000000000 ) ) ;
#2794 = ORIENTED_EDGE ( 'NONE', *, *, #2380, .F. ) ;
#2795 = DIRECTION ( 'NONE',  ( 0.000000000000000000, 1.000000000000000000, 0.000000000000000000 ) ) ;
#2796 = ORIENTED_EDGE ( 'NONE', *, *, #2186, .T. ) ;
#2797 = ORIENTED_EDGE ( 'NONE', *, *, #4429, .T. ) ;
#2798 = CARTESIAN_POINT ( 'NONE',  ( -86.00000000000002842, -25.99999999999998224, 6.000000000000000000 ) ) ;
#2799 = CARTESIAN_POINT ( 'NONE',  ( 34.31757985379187659, 18.63191942669730494, 8.000000000000000000 ) ) ;
#2800 = ORIENTED_EDGE ( 'NONE', *, *, #3884, .F. ) ;
#2801 = CARTESIAN_POINT ( 'NONE',  ( -21.41057414570950357, 27.73272684473841210, 10.00000000000000000 ) ) ;
#2802 = ORIENTED_EDGE ( 'NONE', *, *, #4760, .T. ) ;
#2803 = DIRECTION ( 'NONE',  ( 6.938893903907228378E-17, 0.000000000000000000, -1.000000000000000000 ) ) ;
#2804 = LINE ( 'NONE', #654, #4574 ) ;
#2805 = ADVANCED_FACE ( 'NONE', ( #2555 ), #4884, .F. ) ;
#2806 = FACE_OUTER_BOUND ( 'NONE', #3446, .T. ) ;
#2807 = SPHERICAL_SURFACE ( 'NONE', #881, 4.000000000000000000 ) ;
#2808 = ORIENTED_EDGE ( 'NONE', *, *, #1321, .T. ) ;
#2809 = FACE_BOUND ( 'NONE', #2377, .T. ) ;
#2810 = CARTESIAN_POINT ( 'NONE',  ( -30.00000000000003197, 20.00000000000001066, -40.00000000000000000 ) ) ;
#2811 = LINE ( 'NONE', #2482, #2597 ) ;
#2812 = DIRECTION ( 'NONE',  ( -0.000000000000000000, 0.000000000000000000, 1.000000000000000000 ) ) ;
#2813 = EDGE_LOOP ( 'NONE', ( #1301, #2405, #585, #4322 ) ) ;
#2814 = CARTESIAN_POINT ( 'NONE',  ( -86.00000000000002842, -25.99999999999998224, 6.000000000000000000 ) ) ;
#2815 = ORIENTED_EDGE ( 'NONE', *, *, #2976, .F. ) ;
#2816 = DIRECTION ( 'NONE',  ( 1.000000000000000000, 0.000000000000000000, -3.469446951953611033E-15 ) ) ;
#2817 = DIRECTION ( 'NONE',  ( 0.000000000000000000, 0.000000000000000000, 1.000000000000000000 ) ) ;
#2818 = VERTEX_POINT ( 'NONE', #1830 ) ;
#2819 = EDGE_LOOP ( 'NONE', ( #2540, #3239, #4337, #4749 ) ) ;
#2820 = DIRECTION ( 'NONE',  ( -1.000000000000000000, 0.000000000000000000, -0.000000000000000000 ) ) ;
#2821 = ORIENTED_EDGE ( 'NONE', *, *, #1828, .T. ) ;
#2822 = CARTESIAN_POINT ( 'NONE',  ( -23.75000000000007461, 9.088165269363815455E-14, 10.00000000000000178 ) ) ;
#2823 = EDGE_CURVE ( 'NONE', #2016, #4676, #1028, .T. ) ;
#2824 = AXIS2_PLACEMENT_3D ( 'NONE', #2443, #200, #4023 ) ;
#2825 = DIRECTION ( 'NONE',  ( 0.000000000000000000, 0.000000000000000000, 1.000000000000000000 ) ) ;
#2826 = DIRECTION ( 'NONE',  ( 0.000000000000000000, 0.000000000000000000, 1.000000000000000000 ) ) ;
#2827 = AXIS2_PLACEMENT_3D ( 'NONE', #189, #3253, #3895 ) ;
#2828 = ORIENTED_EDGE ( 'NONE', *, *, #2235, .F. ) ;
#2829 = CARTESIAN_POINT ( 'NONE',  ( -44.24122951685643557, -21.36808057330270572, 8.000000000000000000 ) ) ;
#2830 = EDGE_CURVE ( 'NONE', #244, #1139, #1407, .T. ) ;
#2831 = DIRECTION ( 'NONE',  ( -0.3420201433256730983, -0.9396926207859067626, 0.000000000000000000 ) ) ;
#2832 = CIRCLE ( 'NONE', #1952, 2.500000000000002220 ) ;
#2833 = CARTESIAN_POINT ( 'NONE',  ( -90.00000000000004263, -29.99999999999998224, 5.999999999999998224 ) ) ;
#2834 = DIRECTION ( 'NONE',  ( 1.000000000000000000, 0.000000000000000000, 2.081668171172169006E-16 ) ) ;
#2835 = VERTEX_POINT ( 'NONE', #3321 ) ;
#2836 = CARTESIAN_POINT ( 'NONE',  ( -18.74999999999992895, 37.32000000000001450, -15.00000000000000000 ) ) ;
#2837 = ORIENTED_EDGE ( 'NONE', *, *, #3194, .F. ) ;
#2838 = VECTOR ( 'NONE', #854, 1000.000000000000000 ) ;
#2839 = VERTEX_POINT ( 'NONE', #4461 ) ;
#2840 = CARTESIAN_POINT ( 'NONE',  ( 60.24122951685635741, -18.63191942669734047, 8.000000000000000000 ) ) ;
#2841 = EDGE_LOOP ( 'NONE', ( #1220, #960, #100, #10 ) ) ;
#2842 = DIRECTION ( 'NONE',  ( 0.000000000000000000, 0.000000000000000000, -1.000000000000000000 ) ) ;
#2843 = VECTOR ( 'NONE', #3105, 1000.000000000000000 ) ;
#2844 = VERTEX_POINT ( 'NONE', #4087 ) ;
#2845 = FACE_OUTER_BOUND ( 'NONE', #1771, .T. ) ;
#2846 = AXIS2_PLACEMENT_3D ( 'NONE', #1037, #310, #4801 ) ;
#2847 = ADVANCED_FACE ( 'NONE', ( #1480 ), #1065, .T. ) ;
#2848 = ORIENTED_EDGE ( 'NONE', *, *, #1960, .T. ) ;
#2849 = EDGE_CURVE ( 'NONE', #2608, #443, #4484, .T. ) ;
#2850 = FACE_BOUND ( 'NONE', #250, .T. ) ;
#2851 = AXIS2_PLACEMENT_3D ( 'NONE', #2464, #193, #4672 ) ;
#2852 = VECTOR ( 'NONE', #173, 1000.000000000000000 ) ;
#2853 = CARTESIAN_POINT ( 'NONE',  ( -86.00000000000002842, 26.00000000000001776, 5.999999999999998224 ) ) ;
#2854 = DIRECTION ( 'NONE',  ( -1.000000000000000000, 0.000000000000000000, 0.000000000000000000 ) ) ;
#2855 = EDGE_CURVE ( 'NONE', #1047, #2236, #3758, .T. ) ;
#2856 = VECTOR ( 'NONE', #4857, 1000.000000000000000 ) ;
#2857 = ORIENTED_EDGE ( 'NONE', *, *, #3768, .T. ) ;
#2858 = CARTESIAN_POINT ( 'NONE',  ( 0.000000000000000000, -25.99999999999998224, 6.000000000000000000 ) ) ;
#2859 = VECTOR ( 'NONE', #1034, 1000.000000000000000 ) ;
#2860 = CIRCLE ( 'NONE', #3805, 2.500000000000000444 ) ;
#2861 = PLANE ( 'NONE',  #2267 ) ;
#2862 = CYLINDRICAL_SURFACE ( 'NONE', #4263, 4.000000000000003553 ) ;
#2863 = PLANE ( 'NONE',  #2611 ) ;
#2864 = ADVANCED_FACE ( 'NONE', ( #4063 ), #666, .T. ) ;
#2865 = ORIENTED_EDGE ( 'NONE', *, *, #2412, .F. ) ;
#2866 = CYLINDRICAL_SURFACE ( 'NONE', #4192, 4.000000000000005329 ) ;
#2867 = VERTEX_POINT ( 'NONE', #3294 ) ;
#2868 = DIRECTION ( 'NONE',  ( -4.336808689942017736E-16, 0.000000000000000000, -1.000000000000000000 ) ) ;
#2869 = CARTESIAN_POINT ( 'NONE',  ( 44.24122951685634320, -18.63191942669734047, 8.000000000000000000 ) ) ;
#2870 = EDGE_CURVE ( 'NONE', #577, #3209, #1269, .T. ) ;
#2871 = VERTEX_POINT ( 'NONE', #1801 ) ;
#2872 = DIRECTION ( 'NONE',  ( -1.000000000000000000, -0.000000000000000000, -0.000000000000000000 ) ) ;
#2873 = MANIFOLD_SOLID_BREP ( 'Boss.-Extru.5', #4724 ) ;
#2874 = ORIENTED_EDGE ( 'NONE', *, *, #4244, .F. ) ;
#2875 = CARTESIAN_POINT ( 'NONE',  ( -14.29999999999995630, 30.00000000000001776, 0.000000000000000000 ) ) ;
#2876 = CARTESIAN_POINT ( 'NONE',  ( -29.44119062935175890, 20.00000000000000000, 10.00000000000000000 ) ) ;
#2877 = FACE_OUTER_BOUND ( 'NONE', #2486, .T. ) ;
#2878 = DIRECTION ( 'NONE',  ( -0.3420201433256729318, -0.9396926207859067626, 0.000000000000000000 ) ) ;
#2879 = ORIENTED_EDGE ( 'NONE', *, *, #4666, .F. ) ;
#2880 = LINE ( 'NONE', #1728, #3632 ) ;
#2881 = DIRECTION ( 'NONE',  ( -0.9396926207859068736, 0.3420201433256729318, 0.000000000000000000 ) ) ;
#2882 = LINE ( 'NONE', #989, #218 ) ;
#2883 = CARTESIAN_POINT ( 'NONE',  ( 60.24122951685635741, -18.63191942669734047, 8.000000000000000000 ) ) ;
#2884 = VERTEX_POINT ( 'NONE', #2228 ) ;
#2885 = DIRECTION ( 'NONE',  ( 0.000000000000000000, -1.000000000000000000, 0.000000000000000000 ) ) ;
#2886 = VERTEX_POINT ( 'NONE', #3734 ) ;
#2887 = EDGE_CURVE ( 'NONE', #4221, #1060, #1776, .T. ) ;
#2888 = EDGE_LOOP ( 'NONE', ( #1550, #741, #2741, #4547, #4548 ) ) ;
#2889 = CARTESIAN_POINT ( 'NONE',  ( -23.74999999999989697, 46.32000000000001450, 10.00000000000000178 ) ) ;
#2890 = ORIENTED_EDGE ( 'NONE', *, *, #3102, .T. ) ;
#2891 = LINE ( 'NONE', #2470, #2582 ) ;
#2892 = DIRECTION ( 'NONE',  ( 0.3420201433256724877, 0.9396926207859069846, 0.000000000000000000 ) ) ;
#2893 = CARTESIAN_POINT ( 'NONE',  ( -33.44119062935175890, 20.00000000000000000, 10.00000000000000000 ) ) ;
#2894 = DIRECTION ( 'NONE',  ( 0.000000000000000000, 1.000000000000000000, 0.000000000000000000 ) ) ;
#2895 = EDGE_LOOP ( 'NONE', ( #2744, #2982, #2534, #1617, #408 ) ) ;
#2896 = LINE ( 'NONE', #4402, #699 ) ;
#2897 = CARTESIAN_POINT ( 'NONE',  ( -70.00000000000000000, 30.00000000000001776, -11.49999999999998757 ) ) ;
#2898 = ORIENTED_EDGE ( 'NONE', *, *, #13, .T. ) ;
#2899 = EDGE_CURVE ( 'NONE', #2760, #1577, #1510, .T. ) ;
#2900 = LINE ( 'NONE', #4038, #3318 ) ;
#2901 = DIRECTION ( 'NONE',  ( -0.3420201433256728762, -0.9396926207859067626, 0.000000000000000000 ) ) ;
#2902 = CARTESIAN_POINT ( 'NONE',  ( -23.64493564584052621, 33.07387254729829351, -8.255550892707052668 ) ) ;
#2903 = AXIS2_PLACEMENT_3D ( 'NONE', #4323, #2439, #3950 ) ;
#2904 = CARTESIAN_POINT ( 'NONE',  ( -14.30000000000002558, -29.99999999999998224, -14.99999999999999467 ) ) ;
#2905 = VERTEX_POINT ( 'NONE', #4043 ) ;
#2906 = ADVANCED_FACE ( 'NONE', ( #645 ), #3422, .F. ) ;
#2907 = CARTESIAN_POINT ( 'NONE',  ( -30.00000000000003908, -43.49999999999997868, -12.50000000000011369 ) ) ;
#2908 = ORIENTED_EDGE ( 'NONE', *, *, #4025, .T. ) ;
#2909 = CARTESIAN_POINT ( 'NONE',  ( -30.00000000000004263, -32.23490124103314969, 10.00000000000000533 ) ) ;
#2910 = DIRECTION ( 'NONE',  ( -0.000000000000000000, -0.000000000000000000, -1.000000000000000000 ) ) ;
#2911 = AXIS2_PLACEMENT_3D ( 'NONE', #3090, #3828, #103 ) ;
#2912 = ORIENTED_EDGE ( 'NONE', *, *, #55, .F. ) ;
#2913 = VECTOR ( 'NONE', #1985, 1000.000000000000114 ) ;
#2914 = FACE_OUTER_BOUND ( 'NONE', #3130, .T. ) ;
#2915 = LINE ( 'NONE', #2142, #1177 ) ;
#2916 = EDGE_CURVE ( 'NONE', #4288, #3302, #796, .T. ) ;
#2917 = CIRCLE ( 'NONE', #4580, 4.000000000000000000 ) ;
#2918 = AXIS2_PLACEMENT_3D ( 'NONE', #4258, #131, #2820 ) ;
#2919 = ORIENTED_EDGE ( 'NONE', *, *, #4869, .F. ) ;
#2920 = DIRECTION ( 'NONE',  ( -0.000000000000000000, -1.000000000000000000, -0.000000000000000000 ) ) ;
#2921 = LINE ( 'NONE', #2246, #3252 ) ;
#2922 = ORIENTED_EDGE ( 'NONE', *, *, #4919, .T. ) ;
#2923 = CYLINDRICAL_SURFACE ( 'NONE', #4907, 3.999999999999976019 ) ;
#2924 = VECTOR ( 'NONE', #4346, 1000.000000000000000 ) ;
#2925 = AXIS2_PLACEMENT_3D ( 'NONE', #1788, #1372, #1054 ) ;
#2926 = CARTESIAN_POINT ( 'NONE',  ( 24.31500212496083080, -8.849937019605325972, 8.000000000000000000 ) ) ;
#2927 = ADVANCED_FACE ( 'NONE', ( #2713 ), #69, .F. ) ;
#2928 = FACE_OUTER_BOUND ( 'NONE', #459, .T. ) ;
#2929 = AXIS2_PLACEMENT_3D ( 'NONE', #3679, #2950, #4081 ) ;
#2930 = MECHANICAL_DESIGN_GEOMETRIC_PRESENTATION_REPRESENTATION (  '', ( #4036 ), #479 ) ;
#2931 = DIRECTION ( 'NONE',  ( -1.000000000000000000, -0.000000000000000000, -0.000000000000000000 ) ) ;
#2932 = EDGE_LOOP ( 'NONE', ( #2268, #4016 ) ) ;
#2933 = CARTESIAN_POINT ( 'NONE',  ( -65.44119062935176601, 20.00000000000000355, 10.00000000000000000 ) ) ;
#2934 = EDGE_LOOP ( 'NONE', ( #4296, #904, #3107, #3655 ) ) ;
#2935 = CIRCLE ( 'NONE', #794, 4.000000000000003553 ) ;
#2936 = VECTOR ( 'NONE', #3074, 1000.000000000000114 ) ;
#2937 = LINE ( 'NONE', #3328, #3608 ) ;
#2938 = FACE_OUTER_BOUND ( 'NONE', #4684, .T. ) ;
#2939 = AXIS2_PLACEMENT_3D ( 'NONE', #4321, #121, #779 ) ;
#2940 = ORIENTED_EDGE ( 'NONE', *, *, #621, .T. ) ;
#2941 = DIRECTION ( 'NONE',  ( 1.000000000000000000, 0.000000000000000000, 2.081668171172169253E-16 ) ) ;
#2942 = PLANE ( 'NONE',  #1022 ) ;
#2943 = CARTESIAN_POINT ( 'NONE',  ( -86.00000000000002842, 30.00000000000001776, 5.999999999999998224 ) ) ;
#2944 = DIRECTION ( 'NONE',  ( -0.000000000000000000, -0.000000000000000000, 1.000000000000000000 ) ) ;
#2945 = EDGE_CURVE ( 'NONE', #3256, #1440, #765, .T. ) ;
#2946 = ORIENTED_EDGE ( 'NONE', *, *, #3266, .T. ) ;
#2947 = CARTESIAN_POINT ( 'NONE',  ( -123.7500000000000426, -43.49999999999997868, -17.50000000000013500 ) ) ;
#2948 = DIRECTION ( 'NONE',  ( -1.387778780781445922E-16, -0.000000000000000000, 1.000000000000000000 ) ) ;
#2949 = EDGE_LOOP ( 'NONE', ( #2998, #4184, #3905, #476 ) ) ;
#2950 = DIRECTION ( 'NONE',  ( 0.000000000000000000, 1.000000000000000000, 0.000000000000000000 ) ) ;
#2951 = CARTESIAN_POINT ( 'NONE',  ( -14.29999999999995630, 20.00000000000001776, 0.000000000000000000 ) ) ;
#2952 = CARTESIAN_POINT ( 'NONE',  ( -22.73604837141320090, 31.33851261066670446, -14.24358005185645304 ) ) ;
#2953 = EDGE_LOOP ( 'NONE', ( #18, #2797, #2002, #2399, #2156 ) ) ;
#2954 = DIRECTION ( 'NONE',  ( 1.000000000000000000, 0.000000000000000000, 0.000000000000000000 ) ) ;
#2955 = ORIENTED_EDGE ( 'NONE', *, *, #2116, .T. ) ;
#2956 = CARTESIAN_POINT ( 'NONE',  ( -30.00000000000003553, -32.92820323027549279, 10.00000000000000178 ) ) ;
#2957 = FACE_OUTER_BOUND ( 'NONE', #4357, .T. ) ;
#2958 = ORIENTED_EDGE ( 'NONE', *, *, #746, .T. ) ;
#2959 = EDGE_CURVE ( 'NONE', #346, #2688, #1500, .T. ) ;
#2960 = CARTESIAN_POINT ( 'NONE',  ( -29.68242014620812697, 18.63191942669730494, 8.000000000000000000 ) ) ;
#2961 = CARTESIAN_POINT ( 'NONE',  ( 30.92581670362537238, -11.25607675049229961, 8.000000000000000000 ) ) ;
#2962 = DIRECTION ( 'NONE',  ( -3.903127820947815962E-15, -1.000000000000000000, 0.000000000000000000 ) ) ;
#2963 = ADVANCED_FACE ( 'NONE', ( #1929 ), #17, .T. ) ;
#2964 = FACE_OUTER_BOUND ( 'NONE', #2683, .T. ) ;
#2965 = ORIENTED_EDGE ( 'NONE', *, *, #3334, .F. ) ;
#2966 = FACE_OUTER_BOUND ( 'NONE', #4117, .T. ) ;
#2967 = DIRECTION ( 'NONE',  ( 1.000000000000000000, 0.000000000000000000, 0.000000000000000000 ) ) ;
#2968 = EDGE_LOOP ( 'NONE', ( #3087, #566, #4772, #3579 ) ) ;
#2969 = EDGE_CURVE ( 'NONE', #3398, #2498, #3177, .T. ) ;
#2970 = CARTESIAN_POINT ( 'NONE',  ( -70.00000000000000000, 30.00000000000001776, -14.99999999999999467 ) ) ;
#2971 = LINE ( 'NONE', #2225, #1474 ) ;
#2972 = CARTESIAN_POINT ( 'NONE',  ( -18.74999999999989697, 46.32000000000001450, -14.99999999999999822 ) ) ;
#2973 = PRESENTATION_STYLE_ASSIGNMENT (( #3366 ) ) ;
#2974 = VECTOR ( 'NONE', #4531, 1000.000000000000000 ) ;
#2975 = ORIENTED_EDGE ( 'NONE', *, *, #4131, .F. ) ;
#2976 = EDGE_CURVE ( 'NONE', #901, #2871, #2278, .T. ) ;
#2977 = DIRECTION ( 'NONE',  ( 1.000000000000000000, -3.826595902890015835E-15, -0.000000000000000000 ) ) ;
#2978 = EDGE_LOOP ( 'NONE', ( #3375, #3388, #4486, #2649 ) ) ;
#2979 = CARTESIAN_POINT ( 'NONE',  ( -123.7500000000000426, -43.49999999999997868, -12.50000000000013323 ) ) ;
#2980 = AXIS2_PLACEMENT_3D ( 'NONE', #857, #1942, #3066 ) ;
#2981 = CARTESIAN_POINT ( 'NONE',  ( 66.55880937064824820, 19.99999999999999289, 8.000000000000000000 ) ) ;
#2982 = ORIENTED_EDGE ( 'NONE', *, *, #1408, .F. ) ;
#2983 = ORIENTED_EDGE ( 'NONE', *, *, #3041, .T. ) ;
#2984 = AXIS2_PLACEMENT_3D ( 'NONE', #845, #744, #3868 ) ;
#2985 = LINE ( 'NONE', #1053, #3379 ) ;
#2986 = CIRCLE ( 'NONE', #4091, 3.999999999999976019 ) ;
#2987 = EDGE_CURVE ( 'NONE', #4221, #8, #3106, .T. ) ;
#2988 = CARTESIAN_POINT ( 'NONE',  ( 10.80003888750460916, 21.36808057330268795, 8.000000000000000000 ) ) ;
#2989 = DIRECTION ( 'NONE',  ( -1.000000000000000000, 0.000000000000000000, -0.000000000000000000 ) ) ;
#2990 = DIRECTION ( 'NONE',  ( 1.000000000000000000, 0.000000000000000000, 0.000000000000000000 ) ) ;
#2991 = CIRCLE ( 'NONE', #2113, 4.000000000000005329 ) ;
#2992 = EDGE_CURVE ( 'NONE', #3913, #2556, #4594, .T. ) ;
#2993 = ADVANCED_FACE ( 'NONE', ( #4162, #93 ), #2357, .F. ) ;
#2994 = ORIENTED_EDGE ( 'NONE', *, *, #285, .T. ) ;
#2995 = DIRECTION ( 'NONE',  ( 1.000000000000000000, -0.000000000000000000, 2.081668171172169006E-16 ) ) ;
#2996 = VECTOR ( 'NONE', #2817, 1000.000000000000000 ) ;
#2997 = FACE_OUTER_BOUND ( 'NONE', #4267, .T. ) ;
#2998 = ORIENTED_EDGE ( 'NONE', *, *, #2068, .F. ) ;
#2999 = CARTESIAN_POINT ( 'NONE',  ( -4.163336342344337027E-14, -20.00000000000000711, 10.00000000000000000 ) ) ;
#3000 = AXIS2_PLACEMENT_3D ( 'NONE', #4368, #1635, #3158 ) ;
#3001 = CARTESIAN_POINT ( 'NONE',  ( -23.61842632856214408, -31.56457594234205644, 10.00000000000000178 ) ) ;
#3002 = EDGE_CURVE ( 'NONE', #659, #4376, #4191, .T. ) ;
#3003 = CARTESIAN_POINT ( 'NONE',  ( -23.12716219352200753, 31.83991520295640498, -18.67965369337732540 ) ) ;
#3004 = CARTESIAN_POINT ( 'NONE',  ( -14.30000000000002736, -19.99999999999998224, -2.480654570646838878E-15 ) ) ;
#3005 = CIRCLE ( 'NONE', #1570, 2.500000000000000444 ) ;
#3006 = ORIENTED_EDGE ( 'NONE', *, *, #4485, .F. ) ;
#3007 = DIRECTION ( 'NONE',  ( -0.000000000000000000, -0.000000000000000000, 1.000000000000000000 ) ) ;
#3008 = ORIENTED_EDGE ( 'NONE', *, *, #2140, .T. ) ;
#3009 = VECTOR ( 'NONE', #4009, 1000.000000000000114 ) ;
#3010 = AXIS2_PLACEMENT_3D ( 'NONE', #981, #2589, #4004 ) ;
#3011 = LINE ( 'NONE', #295, #3927 ) ;
#3012 = EDGE_CURVE ( 'NONE', #1131, #3068, #3892, .T. ) ;
#3013 = PLANE ( 'NONE',  #213 ) ;
#3014 = EDGE_LOOP ( 'NONE', ( #417, #4921, #238, #2815 ) ) ;
#3015 = AXIS2_PLACEMENT_3D ( 'NONE', #166, #88, #3146 ) ;
#3016 = VERTEX_POINT ( 'NONE', #1953 ) ;
#3017 = VECTOR ( 'NONE', #2497, 1000.000000000000000 ) ;
#3018 = UNCERTAINTY_MEASURE_WITH_UNIT (LENGTH_MEASURE( 1.000000000000000082E-05 ), #4420, 'distance_accuracy_value', 'NONE');
#3019 = ADVANCED_FACE ( 'NONE', ( #2759 ), #3444, .T. ) ;
#3020 = CYLINDRICAL_SURFACE ( 'NONE', #3301, 4.000000000000003553 ) ;
#3021 = AXIS2_PLACEMENT_3D ( 'NONE', #4101, #3747, #2217 ) ;
#3022 = CARTESIAN_POINT ( 'NONE',  ( 29.99999999999999645, -43.49999999999997868, -12.50000000000010125 ) ) ;
#3023 = DIRECTION ( 'NONE',  ( 1.000000000000000000, -3.826595902890015835E-15, -0.000000000000000000 ) ) ;
#3024 = CARTESIAN_POINT ( 'NONE',  ( -14.30000000000007354, 37.32000000000001450, -15.00000000000000000 ) ) ;
#3025 = ADVANCED_FACE ( 'NONE', ( #1556 ), #499, .F. ) ;
#3026 = ORIENTED_EDGE ( 'NONE', *, *, #3218, .F. ) ;
#3027 = DIRECTION ( 'NONE',  ( -0.9396926207859068736, 0.3420201433256729318, 0.000000000000000000 ) ) ;
#3028 = ORIENTED_EDGE ( 'NONE', *, *, #4131, .T. ) ;
#3029 = ORIENTED_EDGE ( 'NONE', *, *, #4628, .F. ) ;
#3030 = CARTESIAN_POINT ( 'NONE',  ( 0.000000000000000000, -29.99999999999998224, -4.999999999999993783 ) ) ;
#3031 = ADVANCED_FACE ( 'NONE', ( #4561 ), #1137, .F. ) ;
#3032 = DIRECTION ( 'NONE',  ( 1.000000000000000000, 0.000000000000000000, 0.000000000000000000 ) ) ;
#3033 = CARTESIAN_POINT ( 'NONE',  ( -34.00000000000003553, -25.99999999999998224, 6.000000000000000000 ) ) ;
#3034 = ORIENTED_EDGE ( 'NONE', *, *, #1061, .F. ) ;
#3035 = CYLINDRICAL_SURFACE ( 'NONE', #2206, 2.500000000000000444 ) ;
#3036 = ORIENTED_EDGE ( 'NONE', *, *, #3242, .T. ) ;
#3037 = LINE ( 'NONE', #3132, #2263 ) ;
#3038 = DIRECTION ( 'NONE',  ( -0.000000000000000000, -0.000000000000000000, 1.000000000000000000 ) ) ;
#3039 = VERTEX_POINT ( 'NONE', #4588 ) ;
#3040 = VERTEX_POINT ( 'NONE', #4733 ) ;
#3041 = EDGE_CURVE ( 'NONE', #120, #4885, #1580, .T. ) ;
#3042 = EDGE_LOOP ( 'NONE', ( #4800, #4157, #2252, #2315 ) ) ;
#3043 = CARTESIAN_POINT ( 'NONE',  ( -32.19842005484628800, 11.71926649036415569, 8.000000000000000000 ) ) ;
#3044 = DIRECTION ( 'NONE',  ( -1.387778780781445922E-16, 0.000000000000000000, 1.000000000000000000 ) ) ;
#3045 = CARTESIAN_POINT ( 'NONE',  ( 85.99999999999995737, 30.00000000000001776, -40.00000000000000000 ) ) ;
#3046 = VERTEX_POINT ( 'NONE', #2021 ) ;
#3047 = CARTESIAN_POINT ( 'NONE',  ( 0.000000000000000000, 0.000000000000000000, 8.000000000000000000 ) ) ;
#3048 = VERTEX_POINT ( 'NONE', #4381 ) ;
#3049 = VERTEX_POINT ( 'NONE', #1726 ) ;
#3050 = DIRECTION ( 'NONE',  ( -1.000000000000000000, 0.000000000000000000, 0.000000000000000000 ) ) ;
#3051 = DIRECTION ( 'NONE',  ( 0.000000000000000000, 0.000000000000000000, -1.000000000000000000 ) ) ;
#3052 = DIRECTION ( 'NONE',  ( -0.000000000000000000, 1.000000000000000000, -0.000000000000000000 ) ) ;
#3053 = CARTESIAN_POINT ( 'NONE',  ( -49.44119062935175890, 20.00000000000000355, 8.000000000000000000 ) ) ;
#3054 = DIRECTION ( 'NONE',  ( 1.000000000000000000, 0.000000000000000000, 0.000000000000000000 ) ) ;
#3055 = ORIENTED_EDGE ( 'NONE', *, *, #4244, .T. ) ;
#3056 = DIRECTION ( 'NONE',  ( 0.000000000000000000, 0.000000000000000000, 1.000000000000000000 ) ) ;
#3057 = ORIENTED_EDGE ( 'NONE', *, *, #3597, .F. ) ;
#3058 = CYLINDRICAL_SURFACE ( 'NONE', #3611, 4.000000000000005329 ) ;
#3059 = LINE ( 'NONE', #406, #133 ) ;
#3060 = EDGE_CURVE ( 'NONE', #4676, #4394, #4517, .T. ) ;
#3061 = ORIENTED_EDGE ( 'NONE', *, *, #1804, .F. ) ;
#3062 = ORIENTED_EDGE ( 'NONE', *, *, #3585, .T. ) ;
#3063 = VECTOR ( 'NONE', #127, 1000.000000000000000 ) ;
#3064 = ORIENTED_EDGE ( 'NONE', *, *, #1454, .F. ) ;
#3065 = DIRECTION ( 'NONE',  ( 0.000000000000000000, -0.000000000000000000, 1.000000000000000000 ) ) ;
#3066 = DIRECTION ( 'NONE',  ( 1.000000000000000000, 0.000000000000000000, 0.000000000000000000 ) ) ;
#3067 = AXIS2_PLACEMENT_3D ( 'NONE', #1335, #875, #2005 ) ;
#3068 = VERTEX_POINT ( 'NONE', #237 ) ;
#3069 = CARTESIAN_POINT ( 'NONE',  ( 14.55880937064824110, 19.99999999999999645, 8.000000000000000000 ) ) ;
#3070 = VERTEX_POINT ( 'NONE', #4295 ) ;
#3071 = VECTOR ( 'NONE', #2011, 1000.000000000000000 ) ;
#3072 = VERTEX_POINT ( 'NONE', #140 ) ;
#3073 = DIRECTION ( 'NONE',  ( 0.3420201433256724877, 0.9396926207859069846, 0.000000000000000000 ) ) ;
#3074 = DIRECTION ( 'NONE',  ( 0.3420201433256724877, 0.9396926207859069846, 0.000000000000000000 ) ) ;
#3075 = PLANE ( 'NONE',  #603 ) ;
#3076 = VECTOR ( 'NONE', #3450, 1000.000000000000000 ) ;
#3077 = EDGE_CURVE ( 'NONE', #2818, #223, #3795, .T. ) ;
#3078 = DIRECTION ( 'NONE',  ( 0.3420201433256724877, 0.9396926207859069846, 0.000000000000000000 ) ) ;
#3079 = DIRECTION ( 'NONE',  ( 0.3420201433256724322, 0.9396926207859069846, 0.000000000000000000 ) ) ;
#3080 = VERTEX_POINT ( 'NONE', #915 ) ;
#3081 = CARTESIAN_POINT ( 'NONE',  ( -61.68242014620813052, 18.63191942669731205, 8.000000000000000000 ) ) ;
#3082 = ORIENTED_EDGE ( 'NONE', *, *, #3995, .T. ) ;
#3083 = VECTOR ( 'NONE', #1701, 1000.000000000000114 ) ;
#3084 = CARTESIAN_POINT ( 'NONE',  ( -86.00000000000002842, -25.99999999999998224, 5.999999999999998224 ) ) ;
#3085 = DIRECTION ( 'NONE',  ( 6.938893903907228378E-17, 0.000000000000000000, -1.000000000000000000 ) ) ;
#3086 = AXIS2_PLACEMENT_3D ( 'NONE', #2420, #3513, #108 ) ;
#3087 = ORIENTED_EDGE ( 'NONE', *, *, #724, .T. ) ;
#3088 = EDGE_LOOP ( 'NONE', ( #2568, #691, #580, #2034 ) ) ;
#3089 = EDGE_LOOP ( 'NONE', ( #1323, #2184, #31, #3455 ) ) ;
#3090 = CARTESIAN_POINT ( 'NONE',  ( 30.55880937064824110, 19.99999999999999645, 10.00000000000000000 ) ) ;
#3091 = AXIS2_PLACEMENT_3D ( 'NONE', #1772, #3288, #240 ) ;
#3092 = AXIS2_PLACEMENT_3D ( 'NONE', #2001, #3152, #1532 ) ;
#3093 = DIRECTION ( 'NONE',  ( -0.9396926207859068736, 0.3420201433256729318, 0.000000000000000000 ) ) ;
#3094 = ADVANCED_FACE ( 'NONE', ( #984 ), #3572, .F. ) ;
#3095 = AXIS2_PLACEMENT_3D ( 'NONE', #3516, #815, #3566 ) ;
#3096 = VECTOR ( 'NONE', #2624, 1000.000000000000000 ) ;
#3097 = ORIENTED_EDGE ( 'NONE', *, *, #4793, .T. ) ;
#3098 = PLANE ( 'NONE',  #3783 ) ;
#3099 = EDGE_LOOP ( 'NONE', ( #2983, #1587, #1255, #403, #2040 ) ) ;
#3100 = ORIENTED_EDGE ( 'NONE', *, *, #1609, .F. ) ;
#3101 = DIRECTION ( 'NONE',  ( -0.000000000000000000, -0.000000000000000000, 1.000000000000000000 ) ) ;
#3102 = EDGE_CURVE ( 'NONE', #2777, #4555, #2294, .T. ) ;
#3103 = CARTESIAN_POINT ( 'NONE',  ( -4.299999999999957190, 20.00000000000001776, -5.000000000000016875 ) ) ;
#3104 = CARTESIAN_POINT ( 'NONE',  ( -20.95044235620908779, -27.22451536592703647, 10.00000000000000000 ) ) ;
#3105 = DIRECTION ( 'NONE',  ( -0.000000000000000000, -0.000000000000000000, 1.000000000000000000 ) ) ;
#3106 = LINE ( 'NONE', #3128, #3171 ) ;
#3107 = ORIENTED_EDGE ( 'NONE', *, *, #3964, .T. ) ;
#3108 = CARTESIAN_POINT ( 'NONE',  ( -30.00000000000003908, -43.49999999999997868, -15.00000000000011369 ) ) ;
#3109 = EDGE_CURVE ( 'NONE', #788, #589, #544, .T. ) ;
#3110 = DIRECTION ( 'NONE',  ( 0.000000000000000000, 1.000000000000000000, 0.000000000000000000 ) ) ;
#3111 = DIRECTION ( 'NONE',  ( -0.000000000000000000, -0.000000000000000000, 1.000000000000000000 ) ) ;
#3112 = FACE_BOUND ( 'NONE', #2342, .T. ) ;
#3113 = EDGE_LOOP ( 'NONE', ( #1011, #3287, #708, #1599, #4096 ) ) ;
#3114 = ORIENTED_EDGE ( 'NONE', *, *, #1126, .T. ) ;
#3115 = EDGE_LOOP ( 'NONE', ( #3507, #3161 ) ) ;
#3116 = PRODUCT_DEFINITION_CONTEXT ( 'detailed design', #30, 'design' ) ;
#3117 = CARTESIAN_POINT ( 'NONE',  ( -86.00000000000002842, 26.00000000000001776, -40.00000000000000000 ) ) ;
#3118 = EDGE_CURVE ( 'NONE', #3039, #244, #516, .T. ) ;
#3119 = EDGE_CURVE ( 'NONE', #3198, #267, #3562, .T. ) ;
#3120 = CARTESIAN_POINT ( 'NONE',  ( 14.30999999999996497, -43.49999999999997868, -15.00000000000010303 ) ) ;
#3121 = ORIENTED_EDGE ( 'NONE', *, *, #3156, .T. ) ;
#3122 = DIRECTION ( 'NONE',  ( 0.000000000000000000, 0.000000000000000000, 1.000000000000000000 ) ) ;
#3123 = ORIENTED_EDGE ( 'NONE', *, *, #1321, .F. ) ;
#3124 = CARTESIAN_POINT ( 'NONE',  ( -29.68242014620812697, 18.63191942669730494, 10.00000000000000000 ) ) ;
#3125 = CARTESIAN_POINT ( 'NONE',  ( 30.91445026981962840, -29.66012310628324045, 10.00000000000000000 ) ) ;
#3126 = DIRECTION ( 'NONE',  ( 0.3420201433256724877, 0.9396926207859069846, 0.000000000000000000 ) ) ;
#3127 = DIRECTION ( 'NONE',  ( -1.000000000000000000, -0.000000000000000000, -6.938893903907228378E-17 ) ) ;
#3128 = CARTESIAN_POINT ( 'NONE',  ( -14.30000000000002736, -19.99999999999998224, -4.999999999999993783 ) ) ;
#3129 = EDGE_CURVE ( 'NONE', #1196, #3959, #1681, .T. ) ;
#3130 = EDGE_LOOP ( 'NONE', ( #923, #2393, #908, #806, #2865 ) ) ;
#3131 = CARTESIAN_POINT ( 'NONE',  ( -30.13157367143783461, 31.56457594234209196, 10.00000000000000000 ) ) ;
#3132 = CARTESIAN_POINT ( 'NONE',  ( -40.00000000000000711, -20.00000000000000000, 0.000000000000000000 ) ) ;
#3133 = DIRECTION ( 'NONE',  ( 1.000000000000000000, 0.000000000000000000, 0.000000000000000000 ) ) ;
#3134 = DIRECTION ( 'NONE',  ( -1.000000000000000000, 0.000000000000000000, 3.538835890992686473E-15 ) ) ;
#3135 = ORIENTED_EDGE ( 'NONE', *, *, #1898, .T. ) ;
#3136 = CARTESIAN_POINT ( 'NONE',  ( 45.05417224857715297, -16.39837762798466159, 10.00000000000000000 ) ) ;
#3137 = ORIENTED_EDGE ( 'NONE', *, *, #4039, .T. ) ;
#3138 = ORIENTED_EDGE ( 'NONE', *, *, #414, .F. ) ;
#3139 = FACE_OUTER_BOUND ( 'NONE', #974, .T. ) ;
#3140 = LINE ( 'NONE', #1544, #3454 ) ;
#3141 = EDGE_CURVE ( 'NONE', #1245, #1795, #4336, .T. ) ;
#3142 = VECTOR ( 'NONE', #3427, 1000.000000000000000 ) ;
#3143 = ORIENTED_EDGE ( 'NONE', *, *, #3773, .T. ) ;
#3144 = CARTESIAN_POINT ( 'NONE',  ( 50.55880937064824110, 19.99999999999999289, 8.000000000000000000 ) ) ;
#3145 = ORIENTED_EDGE ( 'NONE', *, *, #3002, .T. ) ;
#3146 = DIRECTION ( 'NONE',  ( 1.000000000000000000, 0.000000000000000000, 0.000000000000000000 ) ) ;
#3147 = AXIS2_PLACEMENT_3D ( 'NONE', #2199, #316, #3344 ) ;
#3148 = EDGE_CURVE ( 'NONE', #2730, #1932, #893, .T. ) ;
#3149 = DIRECTION ( 'NONE',  ( -0.000000000000000000, 0.000000000000000000, 1.000000000000000000 ) ) ;
#3150 = DIRECTION ( 'NONE',  ( 0.000000000000000000, 0.000000000000000000, -1.000000000000000000 ) ) ;
#3151 = CIRCLE ( 'NONE', #2192, 4.000000000000003553 ) ;
#3152 = DIRECTION ( 'NONE',  ( -0.000000000000000000, 1.000000000000000000, -0.000000000000000000 ) ) ;
#3153 = VERTEX_POINT ( 'NONE', #610 ) ;
#3154 = FACE_BOUND ( 'NONE', #3617, .T. ) ;
#3155 = AXIS2_PLACEMENT_3D ( 'NONE', #4747, #2137, #4020 ) ;
#3156 = EDGE_CURVE ( 'NONE', #2844, #1082, #2121, .T. ) ;
#3157 = LINE ( 'NONE', #2102, #3853 ) ;
#3158 = DIRECTION ( 'NONE',  ( 1.000000000000000000, 0.000000000000000000, 0.000000000000000000 ) ) ;
#3159 = CARTESIAN_POINT ( 'NONE',  ( 0.000000000000000000, 0.000000000000000000, -40.00000000000000000 ) ) ;
#3160 = AXIS2_PLACEMENT_3D ( 'NONE', #68, #1583, #4758 ) ;
#3161 = ORIENTED_EDGE ( 'NONE', *, *, #4153, .F. ) ;
#3162 = CARTESIAN_POINT ( 'NONE',  ( 70.00000000000000000, 20.00000000000001776, -12.40000000000000568 ) ) ;
#3163 = EDGE_LOOP ( 'NONE', ( #4109, #743, #2722, #976 ) ) ;
#3164 = EDGE_CURVE ( 'NONE', #194, #223, #1702, .T. ) ;
#3165 = VECTOR ( 'NONE', #204, 1000.000000000000114 ) ;
#3166 = DIRECTION ( 'NONE',  ( -1.000000000000000000, 0.000000000000000000, 4.336808689942021680E-16 ) ) ;
#3167 = CYLINDRICAL_SURFACE ( 'NONE', #4260, 4.000000000000003553 ) ;
#3168 = CIRCLE ( 'NONE', #385, 2.500000000000002220 ) ;
#3169 = FACE_OUTER_BOUND ( 'NONE', #1593, .T. ) ;
#3170 = VECTOR ( 'NONE', #1267, 1000.000000000000000 ) ;
#3171 = VECTOR ( 'NONE', #841, 1000.000000000000000 ) ;
#3172 = ORIENTED_EDGE ( 'NONE', *, *, #1845, .T. ) ;
#3173 = CARTESIAN_POINT ( 'NONE',  ( -23.61842824073917413, 31.56458551673100388, 9.999999999999998224 ) ) ;
#3174 = ORIENTED_EDGE ( 'NONE', *, *, #621, .F. ) ;
#3175 = LINE ( 'NONE', #1257, #4831 ) ;
#3176 = AXIS2_PLACEMENT_3D ( 'NONE', #4427, #1722, #3217 ) ;
#3177 = CIRCLE ( 'NONE', #3881, 4.000000000000000000 ) ;
#3178 = CARTESIAN_POINT ( 'NONE',  ( -25.58760547618177483, 9.313126759477157179, 8.000000000000000000 ) ) ;
#3179 = LINE ( 'NONE', #4362, #3700 ) ;
#3180 = AXIS2_PLACEMENT_3D ( 'NONE', #4073, #3410, #4472 ) ;
#3181 = DIRECTION ( 'NONE',  ( 1.000000000000000000, 0.000000000000000000, 2.081668171172169006E-16 ) ) ;
#3182 = ORIENTED_EDGE ( 'NONE', *, *, #2571, .F. ) ;
#3183 = EDGE_CURVE ( 'NONE', #1559, #4704, #2403, .T. ) ;
#3184 = FACE_OUTER_BOUND ( 'NONE', #3841, .T. ) ;
#3185 = CARTESIAN_POINT ( 'NONE',  ( -90.00000000000004263, -29.99999999999998224, 5.999999999999998224 ) ) ;
#3186 = CARTESIAN_POINT ( 'NONE',  ( -23.75000000000007461, 9.088165269363815455E-14, -40.00000000000000000 ) ) ;
#3187 = DIRECTION ( 'NONE',  ( -1.000000000000000000, 0.000000000000000000, 0.000000000000000000 ) ) ;
#3188 = ORIENTED_EDGE ( 'NONE', *, *, #4429, .F. ) ;
#3189 = ADVANCED_FACE ( 'NONE', ( #3912 ), #2807, .T. ) ;
#3190 = CARTESIAN_POINT ( 'NONE',  ( 89.99999999999995737, 26.00000000000001421, -40.00000000000000000 ) ) ;
#3191 = ORIENTED_EDGE ( 'NONE', *, *, #680, .F. ) ;
#3192 = ORIENTED_EDGE ( 'NONE', *, *, #2380, .T. ) ;
#3193 = DIRECTION ( 'NONE',  ( -0.000000000000000000, 0.000000000000000000, 1.000000000000000000 ) ) ;
#3194 = EDGE_CURVE ( 'NONE', #788, #4727, #3963, .T. ) ;
#3195 = VERTEX_POINT ( 'NONE', #2477 ) ;
#3196 = ORIENTED_EDGE ( 'NONE', *, *, #1898, .F. ) ;
#3197 = DIRECTION ( 'NONE',  ( -0.3420201433256728762, -0.9396926207859067626, 0.000000000000000000 ) ) ;
#3198 = VERTEX_POINT ( 'NONE', #3987 ) ;
#3199 = DIRECTION ( 'NONE',  ( 0.000000000000000000, 0.000000000000000000, -1.000000000000000000 ) ) ;
#3200 = CARTESIAN_POINT ( 'NONE',  ( 24.31500212496083080, -8.849937019605325972, 8.000000000000000000 ) ) ;
#3201 = DIRECTION ( 'NONE',  ( 0.000000000000000000, 0.000000000000000000, 1.000000000000000000 ) ) ;
#3202 = VERTEX_POINT ( 'NONE', #1059 ) ;
#3203 = FACE_OUTER_BOUND ( 'NONE', #4742, .T. ) ;
#3204 = FACE_OUTER_BOUND ( 'NONE', #1243, .T. ) ;
#3205 = FACE_OUTER_BOUND ( 'NONE', #2456, .T. ) ;
#3206 = DIRECTION ( 'NONE',  ( -1.000000000000000000, 3.826595902890015835E-15, 0.000000000000000000 ) ) ;
#3207 = ORIENTED_EDGE ( 'NONE', *, *, #413, .T. ) ;
#3208 = CARTESIAN_POINT ( 'NONE',  ( 80.00000000000000000, -20.00000000000000355, -40.00000000000000000 ) ) ;
#3209 = VERTEX_POINT ( 'NONE', #4404 ) ;
#3210 = ORIENTED_EDGE ( 'NONE', *, *, #144, .F. ) ;
#3211 = EDGE_CURVE ( 'NONE', #4864, #1717, #3640, .T. ) ;
#3212 = LINE ( 'NONE', #905, #2276 ) ;
#3213 = EDGE_LOOP ( 'NONE', ( #2327, #1956, #2179, #2466 ) ) ;
#3214 = EDGE_LOOP ( 'NONE', ( #871, #2247, #3605, #4205 ) ) ;
#3215 = CARTESIAN_POINT ( 'NONE',  ( 19.75000000000003553, -25.99999999999998224, 6.000000000000000000 ) ) ;
#3216 = ORIENTED_EDGE ( 'NONE', *, *, #488, .F. ) ;
#3217 = DIRECTION ( 'NONE',  ( 0.000000000000000000, 0.000000000000000000, 1.000000000000000000 ) ) ;
#3218 = EDGE_CURVE ( 'NONE', #3873, #1219, #710, .T. ) ;
#3219 = CARTESIAN_POINT ( 'NONE',  ( 18.55880937064824465, 19.99999999999999645, 10.00000000000000000 ) ) ;
#3220 = DIRECTION ( 'NONE',  ( -1.000000000000000000, 8.673617379884027583E-16, 0.000000000000000000 ) ) ;
#3221 = ORIENTED_EDGE ( 'NONE', *, *, #2422, .F. ) ;
#3222 = CARTESIAN_POINT ( 'NONE',  ( 23.75000000000003553, -25.99999999999998224, 6.000000000000000000 ) ) ;
#3223 = ADVANCED_FACE ( 'NONE', ( #2997 ), #683, .T. ) ;
#3224 = CARTESIAN_POINT ( 'NONE',  ( 50.55880937064824110, 19.99999999999999289, 8.000000000000000000 ) ) ;
#3225 = AXIS2_PLACEMENT_3D ( 'NONE', #2951, #4010, #2126 ) ;
#3226 = LINE ( 'NONE', #3549, #377 ) ;
#3227 = DIRECTION ( 'NONE',  ( 1.000000000000000000, 0.000000000000000000, 0.000000000000000000 ) ) ;
#3228 = ORIENTED_EDGE ( 'NONE', *, *, #1238, .T. ) ;
#3229 = FACE_OUTER_BOUND ( 'NONE', #2107, .T. ) ;
#3230 = VERTEX_POINT ( 'NONE', #2897 ) ;
#3231 = VECTOR ( 'NONE', #252, 1000.000000000000000 ) ;
#3232 = EDGE_CURVE ( 'NONE', #2202, #3080, #4476, .T. ) ;
#3233 = FACE_OUTER_BOUND ( 'NONE', #4842, .T. ) ;
#3234 = CARTESIAN_POINT ( 'NONE',  ( -80.00000000000000000, 20.00000000000000000, -40.00000000000000000 ) ) ;
#3235 = AXIS2_PLACEMENT_3D ( 'NONE', #2066, #249, #3648 ) ;
#3236 = EDGE_LOOP ( 'NONE', ( #3425, #4347, #4106, #1901 ) ) ;
#3237 =( NAMED_UNIT ( * ) SI_UNIT ( $, .STERADIAN. ) SOLID_ANGLE_UNIT ( ) );
#3238 = VECTOR ( 'NONE', #3577, 1000.000000000000000 ) ;
#3239 = ORIENTED_EDGE ( 'NONE', *, *, #1355, .F. ) ;
#3240 = DIRECTION ( 'NONE',  ( 1.000000000000000000, 0.000000000000000000, 0.000000000000000000 ) ) ;
#3241 = AXIS2_PLACEMENT_3D ( 'NONE', #2041, #3564, #3197 ) ;
#3242 = EDGE_CURVE ( 'NONE', #4474, #1429, #2921, .T. ) ;
#3243 = FACE_BOUND ( 'NONE', #2632, .T. ) ;
#3244 = AXIS2_PLACEMENT_3D ( 'NONE', #1365, #2885, #669 ) ;
#3245 = AXIS2_PLACEMENT_3D ( 'NONE', #3596, #2812, #1339 ) ;
#3246 = CARTESIAN_POINT ( 'NONE',  ( -23.74999999999994316, 34.00000000000002842, -6.634738497811319746 ) ) ;
#3247 = CARTESIAN_POINT ( 'NONE',  ( 89.99999999999995737, -29.99999999999998224, 5.999999999999998224 ) ) ;
#3248 = CIRCLE ( 'NONE', #4279, 4.000000000000003553 ) ;
#3249 = VERTEX_POINT ( 'NONE', #2570 ) ;
#3250 = EDGE_CURVE ( 'NONE', #71, #2835, #4434, .T. ) ;
#3251 = FACE_OUTER_BOUND ( 'NONE', #757, .T. ) ;
#3252 = VECTOR ( 'NONE', #1848, 1000.000000000000000 ) ;
#3253 = DIRECTION ( 'NONE',  ( -1.000000000000000000, 0.000000000000000000, 3.538835890992686473E-15 ) ) ;
#3254 = DIRECTION ( 'NONE',  ( -1.000000000000000000, -0.000000000000000000, -0.000000000000000000 ) ) ;
#3255 = LINE ( 'NONE', #3993, #3319 ) ;
#3256 = VERTEX_POINT ( 'NONE', #1473 ) ;
#3257 = EDGE_CURVE ( 'NONE', #389, #3946, #1107, .T. ) ;
#3258 = DIRECTION ( 'NONE',  ( 0.000000000000000000, 0.000000000000000000, 1.000000000000000000 ) ) ;
#3259 = EDGE_LOOP ( 'NONE', ( #2446, #2578, #951, #4049 ) ) ;
#3260 = CARTESIAN_POINT ( 'NONE',  ( 14.30999999999996497, -43.49999999999997868, -15.00000000000010303 ) ) ;
#3261 = DIRECTION ( 'NONE',  ( -0.000000000000000000, 0.000000000000000000, 1.000000000000000000 ) ) ;
#3262 = ORIENTED_EDGE ( 'NONE', *, *, #3012, .T. ) ;
#3263 = DIRECTION ( 'NONE',  ( 1.000000000000000000, 0.000000000000000000, 0.000000000000000000 ) ) ;
#3264 = DIRECTION ( 'NONE',  ( -0.000000000000000000, -0.000000000000000000, 1.000000000000000000 ) ) ;
#3265 = CARTESIAN_POINT ( 'NONE',  ( -18.74999999999996092, 33.32000000000001450, -15.00000000000000000 ) ) ;
#3266 = EDGE_CURVE ( 'NONE', #4377, #1398, #4079, .T. ) ;
#3267 = DIRECTION ( 'NONE',  ( 0.000000000000000000, 1.000000000000000000, -0.000000000000000000 ) ) ;
#3268 = DIRECTION ( 'NONE',  ( -1.000000000000000000, 3.826595902890015835E-15, 0.000000000000000000 ) ) ;
#3269 = VERTEX_POINT ( 'NONE', #334 ) ;
#3270 = FACE_OUTER_BOUND ( 'NONE', #2841, .T. ) ;
#3271 = CARTESIAN_POINT ( 'NONE',  ( 85.99999999999995737, 30.00000000000001776, 5.999999999999998224 ) ) ;
#3272 = EDGE_CURVE ( 'NONE', #4212, #280, #4040, .T. ) ;
#3273 = CYLINDRICAL_SURFACE ( 'NONE', #1329, 4.000000000000001776 ) ;
#3274 = CARTESIAN_POINT ( 'NONE',  ( -69.19996111249540149, 21.36808057330269506, 8.000000000000000000 ) ) ;
#3275 = VERTEX_POINT ( 'NONE', #1824 ) ;
#3276 = PLANE ( 'NONE',  #3788 ) ;
#3277 = ORIENTED_EDGE ( 'NONE', *, *, #2546, .F. ) ;
#3278 = DIRECTION ( 'NONE',  ( 0.000000000000000000, 0.000000000000000000, 1.000000000000000000 ) ) ;
#3279 = CARTESIAN_POINT ( 'NONE',  ( -13.44119062935175535, 20.00000000000000000, 8.000000000000000000 ) ) ;
#3280 = ORIENTED_EDGE ( 'NONE', *, *, #4220, .T. ) ;
#3281 = EDGE_CURVE ( 'NONE', #1779, #2223, #1349, .T. ) ;
#3282 = CARTESIAN_POINT ( 'NONE',  ( -14.30000000000003091, -43.49999999999997868, -15.00000000000011013 ) ) ;
#3283 = CARTESIAN_POINT ( 'NONE',  ( 46.55880937064824110, 19.99999999999999289, 10.00000000000000000 ) ) ;
#3284 = ORIENTED_EDGE ( 'NONE', *, *, #4403, .F. ) ;
#3285 = PLANE ( 'NONE',  #4505 ) ;
#3286 = CARTESIAN_POINT ( 'NONE',  ( 16.79746115867358114, -6.113775872999933192, 10.00000000000000000 ) ) ;
#3287 = ORIENTED_EDGE ( 'NONE', *, *, #4098, .T. ) ;
#3288 = DIRECTION ( 'NONE',  ( -0.000000000000000000, 0.000000000000000000, 1.000000000000000000 ) ) ;
#3289 = VECTOR ( 'NONE', #2323, 1000.000000000000000 ) ;
#3290 = EDGE_CURVE ( 'NONE', #2099, #4018, #2549, .T. ) ;
#3291 = DIRECTION ( 'NONE',  ( 1.000000000000000000, 0.000000000000000000, 0.000000000000000000 ) ) ;
#3292 = LINE ( 'NONE', #4085, #1724 ) ;
#3293 = CIRCLE ( 'NONE', #1467, 2.500000000000002220 ) ;
#3294 = CARTESIAN_POINT ( 'NONE',  ( -14.30000000000007354, 37.32000000000001450, -17.49999999999999645 ) ) ;
#3295 = ORIENTED_EDGE ( 'NONE', *, *, #604, .F. ) ;
#3296 = CARTESIAN_POINT ( 'NONE',  ( -28.24122951685642846, -21.36808057330270927, 10.00000000000000000 ) ) ;
#3297 = EDGE_LOOP ( 'NONE', ( #713, #1648 ) ) ;
#3298 = EDGE_CURVE ( 'NONE', #4509, #2844, #2521, .T. ) ;
#3299 = CARTESIAN_POINT ( 'NONE',  ( -31.48226705257443925, -28.80650779577193887, 10.00000000000000000 ) ) ;
#3300 = CARTESIAN_POINT ( 'NONE',  ( 35.75877048314357154, -21.36808057330271282, 8.000000000000000000 ) ) ;
#3301 = AXIS2_PLACEMENT_3D ( 'NONE', #1891, #4148, #4550 ) ;
#3302 = VERTEX_POINT ( 'NONE', #3704 ) ;
#3303 = AXIS2_PLACEMENT_3D ( 'NONE', #3401, #3764, #4890 ) ;
#3304 = LINE ( 'NONE', #3670, #1872 ) ;
#3305 = DIRECTION ( 'NONE',  ( -0.000000000000000000, 0.000000000000000000, 1.000000000000000000 ) ) ;
#3306 = DIRECTION ( 'NONE',  ( 1.000000000000000000, -3.826595902890015835E-15, -0.000000000000000000 ) ) ;
#3307 = ADVANCED_FACE ( 'NONE', ( #4456 ), #3752, .T. ) ;
#3308 = VECTOR ( 'NONE', #32, 1000.000000000000000 ) ;
#3309 = ORIENTED_EDGE ( 'NONE', *, *, #2577, .F. ) ;
#3310 = CARTESIAN_POINT ( 'NONE',  ( -70.00000000000000000, 23.00000000000001776, -14.99999999999999467 ) ) ;
#3311 = DIRECTION ( 'NONE',  ( 1.000000000000000000, 0.000000000000000000, 0.000000000000000000 ) ) ;
#3312 = ORIENTED_EDGE ( 'NONE', *, *, #754, .T. ) ;
#3313 = DIRECTION ( 'NONE',  ( -0.000000000000000000, -0.000000000000000000, 1.000000000000000000 ) ) ;
#3314 = AXIS2_PLACEMENT_3D ( 'NONE', #1910, #402, #1955 ) ;
#3315 = AXIS2_PLACEMENT_3D ( 'NONE', #4027, #3335, #1445 ) ;
#3316 = FACE_OUTER_BOUND ( 'NONE', #3396, .T. ) ;
#3317 = CARTESIAN_POINT ( 'NONE',  ( -23.74999999999995026, 33.90118916774341074, -6.792917483962276570 ) ) ;
#3318 = VECTOR ( 'NONE', #3313, 1000.000000000000000 ) ;
#3319 = VECTOR ( 'NONE', #593, 1000.000000000000000 ) ;
#3320 = EDGE_CURVE ( 'NONE', #4325, #4792, #3657, .T. ) ;
#3321 = CARTESIAN_POINT ( 'NONE',  ( 23.75999999999996604, -43.49999999999997868, -12.50000000000010125 ) ) ;
#3322 = EDGE_CURVE ( 'NONE', #1047, #77, #1770, .T. ) ;
#3323 = EDGE_LOOP ( 'NONE', ( #132, #2014, #1695, #467 ) ) ;
#3324 = DIRECTION ( 'NONE',  ( 0.000000000000000000, 0.000000000000000000, -1.000000000000000000 ) ) ;
#3325 = ORIENTED_EDGE ( 'NONE', *, *, #3988, .F. ) ;
#3326 = AXIS2_PLACEMENT_3D ( 'NONE', #2018, #3538, #2449 ) ;
#3327 = CIRCLE ( 'NONE', #1660, 3.999999999999976019 ) ;
#3328 = CARTESIAN_POINT ( 'NONE',  ( -86.00000000000002842, 30.00000000000001776, -40.00000000000000000 ) ) ;
#3329 = CARTESIAN_POINT ( 'NONE',  ( 82.55880937064826242, 19.99999999999999289, 10.00000000000000000 ) ) ;
#3330 = EDGE_CURVE ( 'NONE', #1227, #1717, #282, .T. ) ;
#3331 = AXIS2_PLACEMENT_3D ( 'NONE', #2933, #4413, #2954 ) ;
#3332 = ORIENTED_EDGE ( 'NONE', *, *, #3394, .T. ) ;
#3333 = DIRECTION ( 'NONE',  ( 1.000000000000000000, 0.000000000000000000, 0.000000000000000000 ) ) ;
#3334 = EDGE_CURVE ( 'NONE', #3049, #1727, #1794, .T. ) ;
#3335 = DIRECTION ( 'NONE',  ( -0.000000000000000000, -0.000000000000000000, 1.000000000000000000 ) ) ;
#3336 = CARTESIAN_POINT ( 'NONE',  ( 29.99999999999998579, -43.49999999999997868, -15.00000000000010125 ) ) ;
#3337 = DIRECTION ( 'NONE',  ( 1.000000000000000000, 0.000000000000000000, 0.000000000000000000 ) ) ;
#3338 = EDGE_CURVE ( 'NONE', #788, #517, #1421, .T. ) ;
#3339 = ORIENTED_EDGE ( 'NONE', *, *, #2542, .F. ) ;
#3340 = DIRECTION ( 'NONE',  ( 1.000000000000000000, 0.000000000000000000, 0.000000000000000000 ) ) ;
#3341 = CARTESIAN_POINT ( 'NONE',  ( -67.97267211103714146, 24.74002939195425199, 10.00000000000000000 ) ) ;
#3342 = VERTEX_POINT ( 'NONE', #1133 ) ;
#3343 = DIRECTION ( 'NONE',  ( 1.000000000000000000, 0.000000000000000000, 0.000000000000000000 ) ) ;
#3344 = DIRECTION ( 'NONE',  ( 1.000000000000000000, 0.000000000000000000, 0.000000000000000000 ) ) ;
#3345 = CARTESIAN_POINT ( 'NONE',  ( 0.000000000000000000, 0.000000000000000000, 0.000000000000000000 ) ) ;
#3346 =( NAMED_UNIT ( * ) SI_UNIT ( $, .STERADIAN. ) SOLID_ANGLE_UNIT ( ) );
#3347 = ORIENTED_EDGE ( 'NONE', *, *, #3281, .T. ) ;
#3348 = CARTESIAN_POINT ( 'NONE',  ( -48.00000000000004263, -20.00000000000000355, 10.00000000000000000 ) ) ;
#3349 = ORIENTED_EDGE ( 'NONE', *, *, #4385, .T. ) ;
#3350 = EDGE_CURVE ( 'NONE', #1452, #1795, #1980, .T. ) ;
#3351 = PLANE ( 'NONE',  #4400 ) ;
#3352 = LINE ( 'NONE', #1093, #1249 ) ;
#3353 = ORIENTED_EDGE ( 'NONE', *, *, #912, .T. ) ;
#3354 = CARTESIAN_POINT ( 'NONE',  ( 18.31757985379187659, 18.63191942669730494, 8.000000000000000000 ) ) ;
#3355 = DIRECTION ( 'NONE',  ( 1.000000000000000000, 0.000000000000000000, 0.000000000000000000 ) ) ;
#3356 = PLANE ( 'NONE',  #1740 ) ;
#3357 = DIRECTION ( 'NONE',  ( 0.000000000000000000, -0.000000000000000000, 1.000000000000000000 ) ) ;
#3358 = EDGE_CURVE ( 'NONE', #2818, #2202, #4633, .T. ) ;
#3359 = ORIENTED_EDGE ( 'NONE', *, *, #4771, .F. ) ;
#3360 = CARTESIAN_POINT ( 'NONE',  ( 23.75000000000003553, -52.49999999999997868, 10.00000000000000711 ) ) ;
#3361 = DIRECTION ( 'NONE',  ( -0.000000000000000000, 0.000000000000000000, 1.000000000000000000 ) ) ;
#3362 = EDGE_LOOP ( 'NONE', ( #2301, #1247, #1608, #835 ) ) ;
#3363 = CARTESIAN_POINT ( 'NONE',  ( 33.99999999999987921, -29.99999999999998224, -40.00000000000000000 ) ) ;
#3364 = LINE ( 'NONE', #1455, #3614 ) ;
#3365 = CARTESIAN_POINT ( 'NONE',  ( -23.00133924279940345, 31.66743882586817804, -12.05162289755782012 ) ) ;
#3366 = SURFACE_STYLE_USAGE ( .BOTH. , #4137 ) ;
#3367 = VECTOR ( 'NONE', #2725, 1000.000000000000000 ) ;
#3368 = EDGE_LOOP ( 'NONE', ( #3526, #1471, #4344, #3439 ) ) ;
#3369 = CARTESIAN_POINT ( 'NONE',  ( 29.99999999999997513, -43.49999999999997868, -17.50000000000010303 ) ) ;
#3370 = EDGE_LOOP ( 'NONE', ( #958, #4406 ) ) ;
#3371 = EDGE_CURVE ( 'NONE', #3436, #3694, #2702, .T. ) ;
#3372 = DIRECTION ( 'NONE',  ( 1.000000000000000000, 0.000000000000000000, 0.000000000000000000 ) ) ;
#3373 = VECTOR ( 'NONE', #1069, 1000.000000000000000 ) ;
#3374 = DIRECTION ( 'NONE',  ( 1.000000000000000000, -0.000000000000000000, 0.000000000000000000 ) ) ;
#3375 = ORIENTED_EDGE ( 'NONE', *, *, #3330, .F. ) ;
#3376 = VERTEX_POINT ( 'NONE', #2651 ) ;
#3377 = VECTOR ( 'NONE', #4217, 1000.000000000000000 ) ;
#3378 = CARTESIAN_POINT ( 'NONE',  ( -16.00000000000004263, -20.00000000000000355, 8.000000000000000000 ) ) ;
#3379 = VECTOR ( 'NONE', #301, 1000.000000000000000 ) ;
#3380 = DIRECTION ( 'NONE',  ( 1.000000000000000000, 0.000000000000000000, 0.000000000000000000 ) ) ;
#3381 = CARTESIAN_POINT ( 'NONE',  ( -14.30000000000002558, -19.99999999999998224, -14.99999999999999467 ) ) ;
#3382 = LINE ( 'NONE', #3045, #2974 ) ;
#3383 = CIRCLE ( 'NONE', #3941, 3.999999999999996447 ) ;
#3384 = VERTEX_POINT ( 'NONE', #1604 ) ;
#3385 = LINE ( 'NONE', #1179, #3478 ) ;
#3386 = VECTOR ( 'NONE', #396, 1000.000000000000000 ) ;
#3387 = ORIENTED_EDGE ( 'NONE', *, *, #4076, .F. ) ;
#3388 = ORIENTED_EDGE ( 'NONE', *, *, #4540, .F. ) ;
#3389 = PLANE ( 'NONE',  #3399 ) ;
#3390 = CIRCLE ( 'NONE', #2770, 4.000000000000000000 ) ;
#3391 = CARTESIAN_POINT ( 'NONE',  ( 26.80003888750460916, 21.36808057330268795, 8.000000000000000000 ) ) ;
#3392 = DIRECTION ( 'NONE',  ( 1.000000000000000000, 0.000000000000000000, 0.000000000000000000 ) ) ;
#3393 =( LENGTH_UNIT ( ) NAMED_UNIT ( * ) SI_UNIT ( .MILLI., .METRE. ) );
#3394 = EDGE_CURVE ( 'NONE', #4454, #1519, #4188, .T. ) ;
#3395 = VECTOR ( 'NONE', #4709, 1000.000000000000000 ) ;
#3396 = EDGE_LOOP ( 'NONE', ( #4154, #4556, #787, #3982 ) ) ;
#3397 = LINE ( 'NONE', #4140, #2289 ) ;
#3398 = VERTEX_POINT ( 'NONE', #816 ) ;
#3399 = AXIS2_PLACEMENT_3D ( 'NONE', #4536, #3731, #12 ) ;
#3400 = CARTESIAN_POINT ( 'NONE',  ( 15.99999999999995914, -20.00000000000000711, 8.000000000000000000 ) ) ;
#3401 = CARTESIAN_POINT ( 'NONE',  ( -123.7500000000000426, -43.49999999999997868, -15.00000000000013323 ) ) ;
#3402 = EDGE_CURVE ( 'NONE', #4478, #3072, #257, .T. ) ;
#3403 = EDGE_LOOP ( 'NONE', ( #962, #4702, #1963, #748 ) ) ;
#3404 = AXIS2_PLACEMENT_3D ( 'NONE', #2328, #4311, #4632 ) ;
#3405 = ORIENTED_EDGE ( 'NONE', *, *, #3894, .T. ) ;
#3406 = VECTOR ( 'NONE', #4539, 1000.000000000000000 ) ;
#3407 = CARTESIAN_POINT ( 'NONE',  ( -30.00000000000003197, -19.99999999999998934, 0.000000000000000000 ) ) ;
#3408 = AXIS2_PLACEMENT_3D ( 'NONE', #733, #4132, #2170 ) ;
#3409 = LINE ( 'NONE', #1591, #4675 ) ;
#3410 = DIRECTION ( 'NONE',  ( 1.000000000000000000, -0.000000000000000000, -3.538835890992686473E-15 ) ) ;
#3411 = CARTESIAN_POINT ( 'NONE',  ( 85.99999999999995737, 26.00000000000001776, 10.00000000000000000 ) ) ;
#3412 = ADVANCED_FACE ( 'NONE', ( #66, #3441 ), #3784, .F. ) ;
#3413 = EDGE_CURVE ( 'NONE', #3753, #3759, #2539, .T. ) ;
#3414 = ORIENTED_EDGE ( 'NONE', *, *, #1041, .F. ) ;
#3415 = DIRECTION ( 'NONE',  ( -1.000000000000000000, -0.000000000000000000, -0.000000000000000000 ) ) ;
#3416 = ORIENTED_EDGE ( 'NONE', *, *, #4367, .T. ) ;
#3417 = ORIENTED_EDGE ( 'NONE', *, *, #2004, .T. ) ;
#3418 = DIRECTION ( 'NONE',  ( 1.000000000000000000, 0.000000000000000000, 0.000000000000000000 ) ) ;
#3419 = DIRECTION ( 'NONE',  ( 0.000000000000000000, 1.000000000000000000, -0.000000000000000000 ) ) ;
#3420 = LINE ( 'NONE', #15, #364 ) ;
#3421 = LINE ( 'NONE', #1160, #2684 ) ;
#3422 = CYLINDRICAL_SURFACE ( 'NONE', #1104, 3.500000000000006661 ) ;
#3423 = VERTEX_POINT ( 'NONE', #3103 ) ;
#3424 = CARTESIAN_POINT ( 'NONE',  ( 85.99999999999995737, 26.00000000000001421, -40.00000000000000000 ) ) ;
#3425 = ORIENTED_EDGE ( 'NONE', *, *, #105, .T. ) ;
#3426 = EDGE_CURVE ( 'NONE', #487, #577, #36, .T. ) ;
#3427 = DIRECTION ( 'NONE',  ( -0.000000000000000000, -0.000000000000000000, 1.000000000000000000 ) ) ;
#3428 = DIRECTION ( 'NONE',  ( -1.000000000000000000, -0.000000000000000000, -0.000000000000000000 ) ) ;
#3429 = EDGE_LOOP ( 'NONE', ( #2729, #4494 ) ) ;
#3430 = VERTEX_POINT ( 'NONE', #1186 ) ;
#3431 = ORIENTED_EDGE ( 'NONE', *, *, #2312, .T. ) ;
#3432 = DIRECTION ( 'NONE',  ( -0.000000000000000000, 0.000000000000000000, 1.000000000000000000 ) ) ;
#3433 = FACE_OUTER_BOUND ( 'NONE', #1370, .T. ) ;
#3434 = CARTESIAN_POINT ( 'NONE',  ( 30.55880937064824110, 19.99999999999999645, 8.000000000000000000 ) ) ;
#3435 = EDGE_CURVE ( 'NONE', #4746, #2259, #838, .T. ) ;
#3436 = VERTEX_POINT ( 'NONE', #791 ) ;
#3437 = DIRECTION ( 'NONE',  ( -0.000000000000000000, 0.000000000000000000, 1.000000000000000000 ) ) ;
#3438 = ORIENTED_EDGE ( 'NONE', *, *, #1785, .F. ) ;
#3439 = ORIENTED_EDGE ( 'NONE', *, *, #4403, .T. ) ;
#3440 = LINE ( 'NONE', #1182, #3880 ) ;
#3441 = FACE_BOUND ( 'NONE', #130, .T. ) ;
#3442 = PLANE ( 'NONE',  #1868 ) ;
#3443 = LINE ( 'NONE', #3862, #2843 ) ;
#3444 = PLANE ( 'NONE',  #707 ) ;
#3445 = EDGE_CURVE ( 'NONE', #3959, #4474, #2308, .T. ) ;
#3446 = EDGE_LOOP ( 'NONE', ( #347, #1671, #299, #4181 ) ) ;
#3447 = DIRECTION ( 'NONE',  ( 0.000000000000000000, -1.000000000000000000, 0.000000000000000000 ) ) ;
#3448 = VERTEX_POINT ( 'NONE', #2943 ) ;
#3449 = FACE_OUTER_BOUND ( 'NONE', #2366, .T. ) ;
#3450 = DIRECTION ( 'NONE',  ( -0.000000000000000000, -0.000000000000000000, 1.000000000000000000 ) ) ;
#3451 = ORIENTED_EDGE ( 'NONE', *, *, #717, .F. ) ;
#3452 = ADVANCED_FACE ( 'NONE', ( #1468 ), #2566, .T. ) ;
#3453 = EDGE_LOOP ( 'NONE', ( #579, #23, #49, #731 ) ) ;
#3454 = VECTOR ( 'NONE', #831, 1000.000000000000000 ) ;
#3455 = ORIENTED_EDGE ( 'NONE', *, *, #3527, .F. ) ;
#3456 = UNCERTAINTY_MEASURE_WITH_UNIT (LENGTH_MEASURE( 1.000000000000000082E-05 ), #4824, 'distance_accuracy_value', 'NONE');
#3457 = DIRECTION ( 'NONE',  ( -0.000000000000000000, -1.000000000000000000, 0.000000000000000000 ) ) ;
#3458 = AXIS2_PLACEMENT_3D ( 'NONE', #1632, #3942, #2459 ) ;
#3459 = EDGE_CURVE ( 'NONE', #2236, #4916, #4451, .T. ) ;
#3460 = CARTESIAN_POINT ( 'NONE',  ( 19.75877048314356799, -21.36808057330271282, 8.000000000000000000 ) ) ;
#3461 = AXIS2_PLACEMENT_3D ( 'NONE', #501, #919, #943 ) ;
#3462 = VERTEX_POINT ( 'NONE', #2190 ) ;
#3463 = LINE ( 'NONE', #2325, #1890 ) ;
#3464 = EDGE_LOOP ( 'NONE', ( #859, #2922, #2313, #1541, #4391 ) ) ;
#3465 = AXIS2_PLACEMENT_3D ( 'NONE', #561, #4700, #4393 ) ;
#3466 = ORIENTED_EDGE ( 'NONE', *, *, #4492, .F. ) ;
#3467 = PLANE ( 'NONE',  #1584 ) ;
#3468 = CARTESIAN_POINT ( 'NONE',  ( 33.51482129139647270, -26.48518027700475130, 10.00000000000000178 ) ) ;
#3469 = DIRECTION ( 'NONE',  ( 0.000000000000000000, -0.000000000000000000, -1.000000000000000000 ) ) ;
#3470 = CYLINDRICAL_SURFACE ( 'NONE', #3867, 3.999999999999976019 ) ;
#3471 = DIRECTION ( 'NONE',  ( -1.387778780781445922E-16, 0.000000000000000000, 1.000000000000000000 ) ) ;
#3472 = ORIENTED_EDGE ( 'NONE', *, *, #264, .T. ) ;
#3473 = LINE ( 'NONE', #3081, #162 ) ;
#3474 = CIRCLE ( 'NONE', #1094, 4.000000000000005329 ) ;
#3475 = DIRECTION ( 'NONE',  ( 0.000000000000000000, 0.000000000000000000, -1.000000000000000000 ) ) ;
#3476 = EDGE_CURVE ( 'NONE', #620, #2254, #704, .T. ) ;
#3477 = CARTESIAN_POINT ( 'NONE',  ( -65.44119062935176601, 20.00000000000000355, 8.000000000000000000 ) ) ;
#3478 = VECTOR ( 'NONE', #1973, 1000.000000000000000 ) ;
#3479 = ORIENTED_EDGE ( 'NONE', *, *, #2699, .F. ) ;
#3480 = ORIENTED_EDGE ( 'NONE', *, *, #2593, .T. ) ;
#3481 = VECTOR ( 'NONE', #4463, 1000.000000000000000 ) ;
#3482 = VECTOR ( 'NONE', #5, 1000.000000000000000 ) ;
#3483 = ORIENTED_EDGE ( 'NONE', *, *, #3298, .F. ) ;
#3484 = EDGE_CURVE ( 'NONE', #3072, #1169, #404, .T. ) ;
#3485 = CARTESIAN_POINT ( 'NONE',  ( -23.74999999999994316, 34.00000000000002842, 10.00000000000000178 ) ) ;
#3486 = AXIS2_PLACEMENT_3D ( 'NONE', #359, #1507, #3050 ) ;
#3487 = VECTOR ( 'NONE', #1607, 1000.000000000000000 ) ;
#3488 = DIRECTION ( 'NONE',  ( -1.000000000000000000, 3.826595902890015835E-15, 0.000000000000000000 ) ) ;
#3489 = COLOUR_RGB ( '',0.7921568627450980005, 0.8196078431372548767, 0.9333333333333333481 ) ;
#3490 = VECTOR ( 'NONE', #3044, 1000.000000000000000 ) ;
#3491 = ADVANCED_FACE ( 'NONE', ( #4151 ), #1035, .F. ) ;
#3492 = ORIENTED_EDGE ( 'NONE', *, *, #4398, .F. ) ;
#3493 = LINE ( 'NONE', #1575, #623 ) ;
#3494 = EDGE_LOOP ( 'NONE', ( #2326, #2153, #1860, #1546 ) ) ;
#3495 = DIRECTION ( 'NONE',  ( 1.000000000000000000, 0.000000000000000000, 6.938893903907228378E-17 ) ) ;
#3496 = CARTESIAN_POINT ( 'NONE',  ( 30.59395299721245109, -30.26166518123970661, 10.00000000000000000 ) ) ;
#3497 = ADVANCED_FACE ( 'NONE', ( #1101 ), #3356, .T. ) ;
#3498 = LINE ( 'NONE', #792, #2508 ) ;
#3499 = CARTESIAN_POINT ( 'NONE',  ( -67.97267211103714146, 24.74002939195425199, 8.000000000000000000 ) ) ;
#3500 = DIRECTION ( 'NONE',  ( 0.000000000000000000, 1.000000000000000000, 0.000000000000000000 ) ) ;
#3501 = ORIENTED_EDGE ( 'NONE', *, *, #4605, .F. ) ;
#3502 = DIRECTION ( 'NONE',  ( -0.000000000000000000, -0.000000000000000000, 1.000000000000000000 ) ) ;
#3503 = CARTESIAN_POINT ( 'NONE',  ( -45.68242014620813052, 18.63191942669730850, 8.000000000000000000 ) ) ;
#3504 = CARTESIAN_POINT ( 'NONE',  ( -18.74999999999994671, 37.32000000000001450, -19.00000000000000000 ) ) ;
#3505 = DIRECTION ( 'NONE',  ( -1.000000000000000000, 0.000000000000000000, -0.000000000000000000 ) ) ;
#3506 = ORIENTED_EDGE ( 'NONE', *, *, #3445, .T. ) ;
#3507 = ORIENTED_EDGE ( 'NONE', *, *, #318, .F. ) ;
#3508 = EDGE_CURVE ( 'NONE', #3759, #3753, #4522, .T. ) ;
#3509 = ORIENTED_EDGE ( 'NONE', *, *, #129, .F. ) ;
#3510 = PLANE ( 'NONE',  #3936 ) ;
#3511 = LINE ( 'NONE', #809, #3289 ) ;
#3512 = ORIENTED_EDGE ( 'NONE', *, *, #3156, .F. ) ;
#3513 = DIRECTION ( 'NONE',  ( -0.000000000000000000, 0.000000000000000000, 1.000000000000000000 ) ) ;
#3514 = EDGE_LOOP ( 'NONE', ( #3565, #4673, #4210, #3061 ) ) ;
#3515 = EDGE_CURVE ( 'NONE', #2556, #3913, #2860, .T. ) ;
#3516 = CARTESIAN_POINT ( 'NONE',  ( -70.00000000000000000, 23.00000000000001776, -14.99999999999999467 ) ) ;
#3517 = PLANE ( 'NONE',  #1085 ) ;
#3518 = CARTESIAN_POINT ( 'NONE',  ( -13.44119062935175535, 20.00000000000000000, 10.00000000000000000 ) ) ;
#3519 = DIRECTION ( 'NONE',  ( 4.163336342344336238E-15, 0.000000000000000000, 1.000000000000000000 ) ) ;
#3520 = ORIENTED_EDGE ( 'NONE', *, *, #2186, .F. ) ;
#3521 = EDGE_CURVE ( 'NONE', #4412, #432, #3327, .T. ) ;
#3522 = CARTESIAN_POINT ( 'NONE',  ( -33.99999999999995737, 26.00000000000001776, 10.00000000000000000 ) ) ;
#3523 = DIRECTION ( 'NONE',  ( 1.000000000000000000, 0.000000000000000000, 0.000000000000000000 ) ) ;
#3524 = DIRECTION ( 'NONE',  ( -0.000000000000000000, 0.000000000000000000, 1.000000000000000000 ) ) ;
#3525 = LINE ( 'NONE', #119, #1263 ) ;
#3526 = ORIENTED_EDGE ( 'NONE', *, *, #2755, .F. ) ;
#3527 = EDGE_CURVE ( 'NONE', #828, #4649, #2138, .T. ) ;
#3528 = FACE_OUTER_BOUND ( 'NONE', #4330, .T. ) ;
#3529 = ORIENTED_EDGE ( 'NONE', *, *, #3371, .F. ) ;
#3530 = ORIENTED_EDGE ( 'NONE', *, *, #3164, .T. ) ;
#3531 = CYLINDRICAL_SURFACE ( 'NONE', #1560, 4.000000000000000000 ) ;
#3532 = AXIS2_PLACEMENT_3D ( 'NONE', #3434, #2191, #4179 ) ;
#3533 = CARTESIAN_POINT ( 'NONE',  ( 38.44335766991260783, -13.99223789709769683, 8.000000000000000000 ) ) ;
#3534 = AXIS2_PLACEMENT_3D ( 'NONE', #3400, #1239, #1611 ) ;
#3535 = EDGE_CURVE ( 'NONE', #1128, #4676, #1076, .T. ) ;
#3536 = ORIENTED_EDGE ( 'NONE', *, *, #3690, .F. ) ;
#3537 = ORIENTED_EDGE ( 'NONE', *, *, #1274, .T. ) ;
#3538 = DIRECTION ( 'NONE',  ( 2.168404344971008868E-16, 4.336808689942017736E-16, -1.000000000000000000 ) ) ;
#3539 = VECTOR ( 'NONE', #2401, 1000.000000000000114 ) ;
#3540 = LINE ( 'NONE', #1371, #1006 ) ;
#3541 = FACE_OUTER_BOUND ( 'NONE', #2689, .T. ) ;
#3542 = VECTOR ( 'NONE', #4449, 1000.000000000000000 ) ;
#3543 = CARTESIAN_POINT ( 'NONE',  ( -46.32677559979807569, 16.86156736785652654, 8.000000000000000000 ) ) ;
#3544 = ORIENTED_EDGE ( 'NONE', *, *, #1694, .F. ) ;
#3545 = CARTESIAN_POINT ( 'NONE',  ( -33.03588327494796317, 26.97615571294995007, 10.00000000000000000 ) ) ;
#3546 = VECTOR ( 'NONE', #3374, 1000.000000000000000 ) ;
#3547 = DIRECTION ( 'NONE',  ( 0.000000000000000000, 0.000000000000000000, -1.000000000000000000 ) ) ;
#3548 = EDGE_CURVE ( 'NONE', #433, #418, #235, .T. ) ;
#3549 = CARTESIAN_POINT ( 'NONE',  ( -80.00000000000000000, 20.00000000000000000, 0.000000000000000000 ) ) ;
#3550 = CARTESIAN_POINT ( 'NONE',  ( -64.00000000000004263, -20.00000000000000000, 8.000000000000000000 ) ) ;
#3551 = CIRCLE ( 'NONE', #3160, 3.999999999999976019 ) ;
#3552 = ORIENTED_EDGE ( 'NONE', *, *, #4444, .T. ) ;
#3553 = PLANE ( 'NONE',  #800 ) ;
#3554 = ORIENTED_EDGE ( 'NONE', *, *, #1626, .T. ) ;
#3555 = CIRCLE ( 'NONE', #469, 2.600000000000003197 ) ;
#3556 = DIRECTION ( 'NONE',  ( -1.000000000000000000, 0.000000000000000000, 1.748601263784611454E-14 ) ) ;
#3557 = CARTESIAN_POINT ( 'NONE',  ( 70.00000000000000000, 20.00000000000001776, -17.60000000000001563 ) ) ;
#3558 = VECTOR ( 'NONE', #3645, 1000.000000000000000 ) ;
#3559 = ORIENTED_EDGE ( 'NONE', *, *, #656, .F. ) ;
#3560 = AXIS2_PLACEMENT_3D ( 'NONE', #898, #3771, #2007 ) ;
#3561 = DIRECTION ( 'NONE',  ( -0.000000000000000000, -0.000000000000000000, 1.000000000000000000 ) ) ;
#3562 = CIRCLE ( 'NONE', #1418, 4.000000000000001776 ) ;
#3563 = ORIENTED_EDGE ( 'NONE', *, *, #2625, .F. ) ;
#3564 = DIRECTION ( 'NONE',  ( -0.9396926207859068736, 0.3420201433256729318, 0.000000000000000000 ) ) ;
#3565 = ORIENTED_EDGE ( 'NONE', *, *, #348, .T. ) ;
#3566 = DIRECTION ( 'NONE',  ( 0.000000000000000000, 0.000000000000000000, 1.000000000000000000 ) ) ;
#3567 = AXIS2_PLACEMENT_3D ( 'NONE', #4452, #677, #4851 ) ;
#3568 = EDGE_CURVE ( 'NONE', #1577, #1939, #3672, .T. ) ;
#3569 = LINE ( 'NONE', #4774, #1395 ) ;
#3570 = DIRECTION ( 'NONE',  ( -0.000000000000000000, 0.000000000000000000, 1.000000000000000000 ) ) ;
#3571 = CIRCLE ( 'NONE', #2692, 3.999999999999976019 ) ;
#3572 = PLANE ( 'NONE',  #2211 ) ;
#3573 = ORIENTED_EDGE ( 'NONE', *, *, #992, .T. ) ;
#3574 = FACE_OUTER_BOUND ( 'NONE', #1645, .T. ) ;
#3575 = EDGE_CURVE ( 'NONE', #1484, #4003, #4287, .T. ) ;
#3576 = DIRECTION ( 'NONE',  ( -1.000000000000000000, 0.000000000000000000, 0.000000000000000000 ) ) ;
#3577 = DIRECTION ( 'NONE',  ( -1.000000000000000000, -0.000000000000000000, -0.000000000000000000 ) ) ;
#3578 = LINE ( 'NONE', #4695, #4750 ) ;
#3579 = ORIENTED_EDGE ( 'NONE', *, *, #2639, .T. ) ;
#3580 = LINE ( 'NONE', #3807, #2924 ) ;
#3581 = EDGE_LOOP ( 'NONE', ( #564, #1278, #2147, #187 ) ) ;
#3582 = DIRECTION ( 'NONE',  ( -0.000000000000000000, -0.000000000000000000, 1.000000000000000000 ) ) ;
#3583 = CYLINDRICAL_SURFACE ( 'NONE', #3235, 4.000000000000003553 ) ;
#3584 = ORIENTED_EDGE ( 'NONE', *, *, #3148, .T. ) ;
#3585 = EDGE_CURVE ( 'NONE', #1121, #1962, #1148, .T. ) ;
#3586 = ORIENTED_EDGE ( 'NONE', *, *, #4659, .F. ) ;
#3587 = CARTESIAN_POINT ( 'NONE',  ( 58.80003888750461982, 21.36808057330268795, 8.000000000000000000 ) ) ;
#3588 = ORIENTED_EDGE ( 'NONE', *, *, #4858, .F. ) ;
#3589 = EDGE_CURVE ( 'NONE', #1060, #2703, #1866, .T. ) ;
#3590 = CARTESIAN_POINT ( 'NONE',  ( -90.00000000000004263, 30.00000000000001776, 5.999999999999998224 ) ) ;
#3591 = CARTESIAN_POINT ( 'NONE',  ( 85.99999999999995737, 26.00000000000001776, 6.000000000000000000 ) ) ;
#3592 = ORIENTED_EDGE ( 'NONE', *, *, #2699, .T. ) ;
#3593 = CARTESIAN_POINT ( 'NONE',  ( 85.99999999999995737, 0.000000000000000000, 10.00000000000000000 ) ) ;
#3594 = CYLINDRICAL_SURFACE ( 'NONE', #3458, 3.500000000000006661 ) ;
#3595 = DIRECTION ( 'NONE',  ( 0.3420201433256724322, 0.9396926207859069846, 0.000000000000000000 ) ) ;
#3596 = CARTESIAN_POINT ( 'NONE',  ( 63.99999999999997158, -20.00000000000001066, 10.00000000000000000 ) ) ;
#3597 = EDGE_CURVE ( 'NONE', #3619, #4139, #795, .T. ) ;
#3598 = VERTEX_POINT ( 'NONE', #1125 ) ;
#3599 = FACE_OUTER_BOUND ( 'NONE', #2584, .T. ) ;
#3600 = ORIENTED_EDGE ( 'NONE', *, *, #992, .F. ) ;
#3601 = CARTESIAN_POINT ( 'NONE',  ( -34.00000000000003553, -33.99999999999997868, 5.999999999999998224 ) ) ;
#3602 = CARTESIAN_POINT ( 'NONE',  ( 14.30999999999996497, -43.49999999999997868, -11.00000000000010125 ) ) ;
#3603 = ORIENTED_EDGE ( 'NONE', *, *, #496, .F. ) ;
#3604 = ADVANCED_FACE ( 'NONE', ( #752 ), #1895, .F. ) ;
#3605 = ORIENTED_EDGE ( 'NONE', *, *, #239, .F. ) ;
#3606 = LINE ( 'NONE', #3587, #1258 ) ;
#3607 = CIRCLE ( 'NONE', #4005, 3.999999999999976019 ) ;
#3608 = VECTOR ( 'NONE', #1809, 1000.000000000000000 ) ;
#3609 = CARTESIAN_POINT ( 'NONE',  ( -33.44119062935175890, 20.00000000000000000, 8.000000000000000000 ) ) ;
#3610 = CARTESIAN_POINT ( 'NONE',  ( -64.00000000000004263, -20.00000000000000000, 8.000000000000000000 ) ) ;
#3611 = AXIS2_PLACEMENT_3D ( 'NONE', #1166, #2685, #97 ) ;
#3612 = ORIENTED_EDGE ( 'NONE', *, *, #2631, .F. ) ;
#3613 = CARTESIAN_POINT ( 'NONE',  ( -23.74999999999994671, 32.92820323027553542, 10.00000000000000178 ) ) ;
#3614 = VECTOR ( 'NONE', #2527, 1000.000000000000000 ) ;
#3615 = CARTESIAN_POINT ( 'NONE',  ( 34.55880937064824110, 19.99999999999999645, 10.00000000000000000 ) ) ;
#3616 = DIRECTION ( 'NONE',  ( 1.000000000000000000, 0.000000000000000000, 0.000000000000000000 ) ) ;
#3617 = EDGE_LOOP ( 'NONE', ( #4250, #3028, #426, #2349, #2794 ) ) ;
#3618 = CARTESIAN_POINT ( 'NONE',  ( -1.441190629351760233, 20.00000000000000000, 8.000000000000000000 ) ) ;
#3619 = VERTEX_POINT ( 'NONE', #175 ) ;
#3620 = CIRCLE ( 'NONE', #4177, 4.000000000000003553 ) ;
#3621 = ORIENTED_EDGE ( 'NONE', *, *, #1723, .F. ) ;
#3622 = CARTESIAN_POINT ( 'NONE',  ( -48.00000000000004263, -20.00000000000000355, 8.000000000000000000 ) ) ;
#3623 = ORIENTED_EDGE ( 'NONE', *, *, #25, .F. ) ;
#3624 = ORIENTED_EDGE ( 'NONE', *, *, #2090, .F. ) ;
#3625 = CARTESIAN_POINT ( 'NONE',  ( -14.30000000000007354, 37.32000000000001450, -11.00000000000000000 ) ) ;
#3626 = AXIS2_PLACEMENT_3D ( 'NONE', #2972, #2175, #242 ) ;
#3627 = EDGE_CURVE ( 'NONE', #3694, #3759, #3580, .T. ) ;
#3628 = CARTESIAN_POINT ( 'NONE',  ( 30.00000000000007105, -52.49999999999997868, 9.999999999999896971 ) ) ;
#3629 = AXIS2_PLACEMENT_3D ( 'NONE', #3069, #4234, #465 ) ;
#3630 = SURFACE_STYLE_USAGE ( .BOTH. , #1790 ) ;
#3631 = ADVANCED_FACE ( 'NONE', ( #3599 ), #28, .F. ) ;
#3632 = VECTOR ( 'NONE', #1754, 1000.000000000000000 ) ;
#3633 = AXIS2_PLACEMENT_3D ( 'NONE', #4670, #2619, #328 ) ;
#3634 = CARTESIAN_POINT ( 'NONE',  ( 70.00000000000000000, 23.00000000000001776, -11.50000000000000355 ) ) ;
#3635 = CARTESIAN_POINT ( 'NONE',  ( -30.00000000000003197, -19.99999999999998934, -40.00000000000000000 ) ) ;
#3636 = AXIS2_PLACEMENT_3D ( 'NONE', #1948, #1623, #134 ) ;
#3637 = VECTOR ( 'NONE', #448, 1000.000000000000000 ) ;
#3638 = VERTEX_POINT ( 'NONE', #1690 ) ;
#3639 = DIRECTION ( 'NONE',  ( 0.000000000000000000, 0.000000000000000000, -1.000000000000000000 ) ) ;
#3640 = CIRCLE ( 'NONE', #2618, 4.000000000000003553 ) ;
#3641 = CARTESIAN_POINT ( 'NONE',  ( -19.75000000000003553, -33.99999999999997868, 10.00000000000000178 ) ) ;
#3642 = CARTESIAN_POINT ( 'NONE',  ( 78.55880937064826242, 19.99999999999999289, 8.000000000000000000 ) ) ;
#3643 = FACE_OUTER_BOUND ( 'NONE', #3089, .T. ) ;
#3644 = ORIENTED_EDGE ( 'NONE', *, *, #3476, .F. ) ;
#3645 = DIRECTION ( 'NONE',  ( 1.000000000000000000, 0.000000000000000000, 0.000000000000000000 ) ) ;
#3646 = EDGE_LOOP ( 'NONE', ( #3221, #4392, #1459, #4156 ) ) ;
#3647 = CARTESIAN_POINT ( 'NONE',  ( 80.00000000000000000, 19.99999999999999645, 0.000000000000000000 ) ) ;
#3648 = DIRECTION ( 'NONE',  ( 0.000000000000000000, 0.000000000000000000, -1.000000000000000000 ) ) ;
#3649 = EDGE_LOOP ( 'NONE', ( #1924, #4671 ) ) ;
#3650 = CARTESIAN_POINT ( 'NONE',  ( -1.441190629351760233, 20.00000000000000000, 8.000000000000000000 ) ) ;
#3651 = CARTESIAN_POINT ( 'NONE',  ( -86.00000000000002842, 26.00000000000001776, -40.00000000000000000 ) ) ;
#3652 = DIRECTION ( 'NONE',  ( 1.000000000000000000, 0.000000000000000000, 0.000000000000000000 ) ) ;
#3653 = ADVANCED_FACE ( 'NONE', ( #3528 ), #1296, .F. ) ;
#3654 = CARTESIAN_POINT ( 'NONE',  ( 10.18664658000905021, -3.707636142112955557, 10.00000000000000000 ) ) ;
#3655 = ORIENTED_EDGE ( 'NONE', *, *, #1309, .F. ) ;
#3656 = CARTESIAN_POINT ( 'NONE',  ( 19.75000000000000355, -29.99999999999998224, -40.00000000000000000 ) ) ;
#3657 = LINE ( 'NONE', #260, #1108 ) ;
#3658 = VERTEX_POINT ( 'NONE', #924 ) ;
#3659 = DIRECTION ( 'NONE',  ( 1.000000000000000000, 0.000000000000000000, 0.000000000000000000 ) ) ;
#3660 = CARTESIAN_POINT ( 'NONE',  ( -86.00000000000002842, -25.99999999999998224, -40.00000000000000000 ) ) ;
#3661 = PLANE ( 'NONE',  #861 ) ;
#3662 = DIRECTION ( 'NONE',  ( 1.000000000000000000, 0.000000000000000000, 0.000000000000000000 ) ) ;
#3663 = EDGE_LOOP ( 'NONE', ( #4435, #2562, #2171, #4722 ) ) ;
#3664 = DIRECTION ( 'NONE',  ( -0.000000000000000000, -0.000000000000000000, 1.000000000000000000 ) ) ;
#3665 = ORIENTED_EDGE ( 'NONE', *, *, #687, .T. ) ;
#3666 = FACE_OUTER_BOUND ( 'NONE', #4233, .T. ) ;
#3667 = CARTESIAN_POINT ( 'NONE',  ( -23.75000000000003197, -43.49999999999997868, -15.00000000000011191 ) ) ;
#3668 = EDGE_CURVE ( 'NONE', #4916, #3195, #4511, .T. ) ;
#3669 = ORIENTED_EDGE ( 'NONE', *, *, #3964, .F. ) ;
#3670 = CARTESIAN_POINT ( 'NONE',  ( -11.45924993122999247, 4.170825881984795203, 8.000000000000000000 ) ) ;
#3671 = DIRECTION ( 'NONE',  ( -0.000000000000000000, 1.000000000000000000, -0.000000000000000000 ) ) ;
#3672 = LINE ( 'NONE', #2620, #4917 ) ;
#3673 = DIRECTION ( 'NONE',  ( 1.000000000000000000, 0.000000000000000000, 0.000000000000000000 ) ) ;
#3674 = EDGE_CURVE ( 'NONE', #4003, #1903, #505, .T. ) ;
#3675 = ORIENTED_EDGE ( 'NONE', *, *, #105, .F. ) ;
#3676 = DIRECTION ( 'NONE',  ( -0.000000000000000000, -0.000000000000000000, 1.000000000000000000 ) ) ;
#3677 = DIRECTION ( 'NONE',  ( 0.000000000000000000, -0.000000000000000000, 1.000000000000000000 ) ) ;
#3678 = EDGE_LOOP ( 'NONE', ( #3520, #2339, #4725, #4069 ) ) ;
#3679 = CARTESIAN_POINT ( 'NONE',  ( -70.00000000000000000, 20.00000000000001776, -14.99999999999999467 ) ) ;
#3680 = AXIS2_PLACEMENT_3D ( 'NONE', #3650, #2541, #3263 ) ;
#3681 = ADVANCED_FACE ( 'NONE', ( #2410 ), #3553, .T. ) ;
#3682 = FACE_OUTER_BOUND ( 'NONE', #2442, .T. ) ;
#3683 = CARTESIAN_POINT ( 'NONE',  ( 14.30999999999996497, -43.49999999999997868, -15.00000000000010303 ) ) ;
#3684 = AXIS2_PLACEMENT_3D ( 'NONE', #671, #2180, #371 ) ;
#3685 = DIRECTION ( 'NONE',  ( -0.9396926207859068736, 0.3420201433256729318, 0.000000000000000000 ) ) ;
#3686 = ORIENTED_EDGE ( 'NONE', *, *, #449, .F. ) ;
#3687 = DIRECTION ( 'NONE',  ( -1.000000000000000000, 0.000000000000000000, 0.000000000000000000 ) ) ;
#3688 = EDGE_LOOP ( 'NONE', ( #1427, #3826, #3669, #4257, #2946 ) ) ;
#3689 = CIRCLE ( 'NONE', #4256, 3.999999999999976463 ) ;
#3690 = EDGE_CURVE ( 'NONE', #4412, #4761, #4697, .T. ) ;
#3691 = DIRECTION ( 'NONE',  ( 1.000000000000000000, -0.000000000000000000, 2.081668171172169006E-16 ) ) ;
#3692 = DIRECTION ( 'NONE',  ( -0.000000000000000000, -0.000000000000000000, 1.000000000000000000 ) ) ;
#3693 = AXIS2_PLACEMENT_3D ( 'NONE', #2798, #3457, #3804 ) ;
#3694 = VERTEX_POINT ( 'NONE', #3162 ) ;
#3695 = ADVANCED_FACE ( 'NONE', ( #3433 ), #4717, .T. ) ;
#3696 = AXIS2_PLACEMENT_3D ( 'NONE', #2718, #3038, #3797 ) ;
#3697 = LINE ( 'NONE', #2960, #2511 ) ;
#3698 = CARTESIAN_POINT ( 'NONE',  ( -61.44119062935175890, 20.00000000000000355, 8.000000000000000000 ) ) ;
#3699 = DIRECTION ( 'NONE',  ( 0.9396926207859070956, -0.3420201433256724877, 0.000000000000000000 ) ) ;
#3700 = VECTOR ( 'NONE', #2402, 1000.000000000000000 ) ;
#3701 = DIRECTION ( 'NONE',  ( -0.000000000000000000, 0.000000000000000000, 1.000000000000000000 ) ) ;
#3702 = VERTEX_POINT ( 'NONE', #2031 ) ;
#3703 = CYLINDRICAL_SURFACE ( 'NONE', #1647, 3.999999999999976463 ) ;
#3704 = CARTESIAN_POINT ( 'NONE',  ( -90.00000000000004263, 26.00000000000001421, -40.00000000000000000 ) ) ;
#3705 = EDGE_LOOP ( 'NONE', ( #1666, #2054, #1616, #3810, #3624 ) ) ;
#3706 = CARTESIAN_POINT ( 'NONE',  ( -90.00000000000004263, -29.99999999999998224, -40.00000000000000000 ) ) ;
#3707 = AXIS2_PLACEMENT_3D ( 'NONE', #555, #1341, #4277 ) ;
#3708 = AXIS2_PLACEMENT_3D ( 'NONE', #2893, #3305, #3240 ) ;
#3709 = CARTESIAN_POINT ( 'NONE',  ( -61.68242014620813052, 18.63191942669731205, 8.000000000000000000 ) ) ;
#3710 = CARTESIAN_POINT ( 'NONE',  ( -22.73604837141320090, 31.33851261066670446, -15.75574090096779045 ) ) ;
#3711 = AXIS2_PLACEMENT_3D ( 'NONE', #2858, #969, #4806 ) ;
#3712 = VECTOR ( 'NONE', #2531, 1000.000000000000000 ) ;
#3713 = ORIENTED_EDGE ( 'NONE', *, *, #687, .F. ) ;
#3714 = ADVANCED_FACE ( 'NONE', ( #3229 ), #2085, .T. ) ;
#3715 = CARTESIAN_POINT ( 'NONE',  ( -80.00000000000000000, -20.00000000000000000, 0.000000000000000000 ) ) ;
#3716 = EDGE_LOOP ( 'NONE', ( #2509, #4046, #1630, #4077 ) ) ;
#3717 = VECTOR ( 'NONE', #1997, 1000.000000000000000 ) ;
#3718 = AXIS2_PLACEMENT_3D ( 'NONE', #3591, #186, #3220 ) ;
#3719 = DIRECTION ( 'NONE',  ( -3.538835890992686473E-15, -0.000000000000000000, -1.000000000000000000 ) ) ;
#3720 = DIRECTION ( 'NONE',  ( -3.826595902890015835E-15, -1.000000000000000000, 0.000000000000000000 ) ) ;
#3721 = EDGE_CURVE ( 'NONE', #183, #597, #4303, .T. ) ;
#3722 = EDGE_LOOP ( 'NONE', ( #4430, #3057, #4597, #82 ) ) ;
#3723 = DIRECTION ( 'NONE',  ( -0.3420201433256729318, -0.9396926207859067626, 0.000000000000000000 ) ) ;
#3724 = PLANE ( 'NONE',  #1496 ) ;
#3725 = DIRECTION ( 'NONE',  ( 3.538835890992686473E-15, 0.000000000000000000, 1.000000000000000000 ) ) ;
#3726 = CARTESIAN_POINT ( 'NONE',  ( 29.99999999999996447, -19.99999999999998934, -40.00000000000000000 ) ) ;
#3727 = ORIENTED_EDGE ( 'NONE', *, *, #264, .F. ) ;
#3728 = LINE ( 'NONE', #2947, #2286 ) ;
#3729 = DIRECTION ( 'NONE',  ( -0.3420201433256729318, -0.9396926207859067626, 0.000000000000000000 ) ) ;
#3730 = ORIENTED_EDGE ( 'NONE', *, *, #2945, .F. ) ;
#3731 = DIRECTION ( 'NONE',  ( -0.9396926207859068736, 0.3420201433256730983, 0.000000000000000000 ) ) ;
#3732 = DIRECTION ( 'NONE',  ( -0.000000000000000000, 0.000000000000000000, 1.000000000000000000 ) ) ;
#3733 = CARTESIAN_POINT ( 'NONE',  ( -23.74999999999994316, 34.00000000000002842, -6.634738497811319746 ) ) ;
#3734 = CARTESIAN_POINT ( 'NONE',  ( -14.30000000000003091, -43.49999999999997868, -11.00000000000010836 ) ) ;
#3735 = EDGE_LOOP ( 'NONE', ( #862, #1595, #4811, #4419 ) ) ;
#3736 = DIRECTION ( 'NONE',  ( 1.000000000000000000, 0.000000000000000000, 0.000000000000000000 ) ) ;
#3737 = ORIENTED_EDGE ( 'NONE', *, *, #3809, .F. ) ;
#3738 = DIRECTION ( 'NONE',  ( -1.000000000000000000, 0.000000000000000000, -8.673617379884037937E-17 ) ) ;
#3739 = EDGE_CURVE ( 'NONE', #2730, #1738, #1100, .T. ) ;
#3740 = ADVANCED_FACE ( 'NONE', ( #900 ), #147, .F. ) ;
#3741 = LINE ( 'NONE', #1783, #1168 ) ;
#3742 = EDGE_LOOP ( 'NONE', ( #2469, #3339, #1072, #258 ) ) ;
#3743 = VERTEX_POINT ( 'NONE', #3190 ) ;
#3744 = ADVANCED_FACE ( 'NONE', ( #3947 ), #151, .F. ) ;
#3745 = FACE_OUTER_BOUND ( 'NONE', #4582, .T. ) ;
#3746 = CYLINDRICAL_SURFACE ( 'NONE', #70, 4.000000000000003553 ) ;
#3747 = DIRECTION ( 'NONE',  ( 0.000000000000000000, 1.000000000000000000, 0.000000000000000000 ) ) ;
#3748 = CARTESIAN_POINT ( 'NONE',  ( -70.00000000000000000, 23.00000000000001776, -18.50000000000000355 ) ) ;
#3749 = EDGE_CURVE ( 'NONE', #577, #3968, #1919, .T. ) ;
#3750 = ORIENTED_EDGE ( 'NONE', *, *, #306, .T. ) ;
#3751 = CARTESIAN_POINT ( 'NONE',  ( 20.72042192475794664, -26.97045828684181856, 9.999999999999998224 ) ) ;
#3752 = PLANE ( 'NONE',  #4832 ) ;
#3753 = VERTEX_POINT ( 'NONE', #4045 ) ;
#3754 = CARTESIAN_POINT ( 'NONE',  ( -49.44119062935175890, 20.00000000000000355, 10.00000000000000000 ) ) ;
#3755 = EDGE_CURVE ( 'NONE', #2886, #439, #2610, .T. ) ;
#3756 = DIRECTION ( 'NONE',  ( 0.9396926207859070956, -0.3420201433256724877, 0.000000000000000000 ) ) ;
#3757 = FACE_OUTER_BOUND ( 'NONE', #4172, .T. ) ;
#3758 = LINE ( 'NONE', #1044, #1344 ) ;
#3759 = VERTEX_POINT ( 'NONE', #1832 ) ;
#3760 = PLANE ( 'NONE',  #2064 ) ;
#3761 = ORIENTED_EDGE ( 'NONE', *, *, #694, .F. ) ;
#3762 = CARTESIAN_POINT ( 'NONE',  ( -29.44119062935175890, 20.00000000000000000, 8.000000000000000000 ) ) ;
#3763 = CIRCLE ( 'NONE', #2903, 8.000000000000000000 ) ;
#3764 = DIRECTION ( 'NONE',  ( 1.000000000000000000, -0.000000000000000000, 2.081668171172169006E-16 ) ) ;
#3765 = ORIENTED_EDGE ( 'NONE', *, *, #2017, .T. ) ;
#3766 = VERTEX_POINT ( 'NONE', #647 ) ;
#3767 = AXIS2_PLACEMENT_3D ( 'NONE', #1158, #2309, #3032 ) ;
#3768 = EDGE_CURVE ( 'NONE', #174, #652, #3996, .T. ) ;
#3769 = CARTESIAN_POINT ( 'NONE',  ( 70.00000000000000000, 23.00000000000001776, -15.00000000000001243 ) ) ;
#3770 = VECTOR ( 'NONE', #2941, 1000.000000000000000 ) ;
#3771 = DIRECTION ( 'NONE',  ( 0.000000000000000000, 1.000000000000000000, -0.000000000000000000 ) ) ;
#3772 = DIRECTION ( 'NONE',  ( -0.000000000000000000, -0.000000000000000000, 1.000000000000000000 ) ) ;
#3773 = EDGE_CURVE ( 'NONE', #2760, #2490, #268, .T. ) ;
#3774 = EDGE_CURVE ( 'NONE', #3048, #3039, #2178, .T. ) ;
#3775 = DIRECTION ( 'NONE',  ( 1.000000000000000000, 0.000000000000000000, 0.000000000000000000 ) ) ;
#3776 = ORIENTED_EDGE ( 'NONE', *, *, #680, .T. ) ;
#3777 = CARTESIAN_POINT ( 'NONE',  ( 23.75000000000003553, -32.92820323027549279, 10.00000000000000711 ) ) ;
#3778 = VECTOR ( 'NONE', #498, 1000.000000000000000 ) ;
#3779 = ORIENTED_EDGE ( 'NONE', *, *, #2786, .T. ) ;
#3780 = EDGE_LOOP ( 'NONE', ( #933, #3062, #163, #1601 ) ) ;
#3781 = ADVANCED_FACE ( 'NONE', ( #1734 ), #2866, .F. ) ;
#3782 = CARTESIAN_POINT ( 'NONE',  ( 35.75877048314357154, -21.36808057330271282, 8.000000000000000000 ) ) ;
#3783 = AXIS2_PLACEMENT_3D ( 'NONE', #4608, #1203, #2728 ) ;
#3784 = PLANE ( 'NONE',  #313 ) ;
#3785 = CARTESIAN_POINT ( 'NONE',  ( -19.75877048314366746, -18.63191942669733692, 10.00000000000000000 ) ) ;
#3786 = CARTESIAN_POINT ( 'NONE',  ( -29.99999999999989342, 46.32000000000001450, 10.00000000000000178 ) ) ;
#3787 = CARTESIAN_POINT ( 'NONE',  ( -39.71596102113355187, 14.45542763696952093, 8.000000000000000000 ) ) ;
#3788 = AXIS2_PLACEMENT_3D ( 'NONE', #1435, #4841, #321 ) ;
#3789 = TOROIDAL_SURFACE ( 'NONE', #3633, 8.000000000000000000, 4.000000000000000000 ) ;
#3790 = ORIENTED_EDGE ( 'NONE', *, *, #912, .F. ) ;
#3791 = EDGE_CURVE ( 'NONE', #2640, #4146, #3571, .T. ) ;
#3792 = FACE_OUTER_BOUND ( 'NONE', #3323, .T. ) ;
#3793 = ORIENTED_EDGE ( 'NONE', *, *, #1874, .F. ) ;
#3794 = AXIS2_PLACEMENT_3D ( 'NONE', #2761, #72, #95 ) ;
#3795 = CIRCLE ( 'NONE', #4354, 3.999999999999976019 ) ;
#3796 = DIRECTION ( 'NONE',  ( 0.000000000000000000, 0.000000000000000000, -1.000000000000000000 ) ) ;
#3797 = DIRECTION ( 'NONE',  ( 1.000000000000000000, 0.000000000000000000, 0.000000000000000000 ) ) ;
#3798 = VERTEX_POINT ( 'NONE', #1411 ) ;
#3799 = EDGE_CURVE ( 'NONE', #4454, #456, #2305, .T. ) ;
#3800 = AXIS2_PLACEMENT_3D ( 'NONE', #1373, #2894, #963 ) ;
#3801 = ORIENTED_EDGE ( 'NONE', *, *, #4361, .F. ) ;
#3802 = VECTOR ( 'NONE', #1451, 1000.000000000000114 ) ;
#3803 = EDGE_LOOP ( 'NONE', ( #3210, #3438, #2898, #3188 ) ) ;
#3804 = DIRECTION ( 'NONE',  ( 0.000000000000000000, 0.000000000000000000, -1.000000000000000000 ) ) ;
#3805 = AXIS2_PLACEMENT_3D ( 'NONE', #3336, #4850, #1446 ) ;
#3806 = ADVANCED_FACE ( 'NONE', ( #291 ), #3276, .T. ) ;
#3807 = CARTESIAN_POINT ( 'NONE',  ( 70.00000000000000000, 20.00000000000001776, -12.40000000000000746 ) ) ;
#3808 = CARTESIAN_POINT ( 'NONE',  ( -45.44119062935175890, 20.00000000000000355, 8.000000000000000000 ) ) ;
#3809 = EDGE_CURVE ( 'NONE', #1903, #2061, #4111, .T. ) ;
#3810 = ORIENTED_EDGE ( 'NONE', *, *, #1812, .T. ) ;
#3811 = CARTESIAN_POINT ( 'NONE',  ( -23.75000000000002842, -33.99999999999998579, -39.99999999999999289 ) ) ;
#3812 = ORIENTED_EDGE ( 'NONE', *, *, #4213, .F. ) ;
#3813 = ORIENTED_EDGE ( 'NONE', *, *, #3627, .T. ) ;
#3814 = LINE ( 'NONE', #3706, #1495 ) ;
#3815 = CARTESIAN_POINT ( 'NONE',  ( 30.13157367143794829, -31.56457594234211683, 10.00000000000000000 ) ) ;
#3816 = CARTESIAN_POINT ( 'NONE',  ( 2.669105613721795223, -0.9714749955075695498, 8.000000000000000000 ) ) ;
#3817 = CARTESIAN_POINT ( 'NONE',  ( 10.80003888750460916, 21.36808057330268795, 8.000000000000000000 ) ) ;
#3818 = DIRECTION ( 'NONE',  ( -1.000000000000000000, -0.000000000000000000, -0.000000000000000000 ) ) ;
#3819 = ORIENTED_EDGE ( 'NONE', *, *, #4901, .F. ) ;
#3820 = DIRECTION ( 'NONE',  ( 0.000000000000000000, 0.000000000000000000, 1.000000000000000000 ) ) ;
#3821 = VERTEX_POINT ( 'NONE', #2132 ) ;
#3822 = DIRECTION ( 'NONE',  ( 0.000000000000000000, 4.336808689942017243E-16, 1.000000000000000000 ) ) ;
#3823 = EDGE_CURVE ( 'NONE', #3202, #1105, #3168, .T. ) ;
#3824 = FACE_OUTER_BOUND ( 'NONE', #3663, .T. ) ;
#3825 = ORIENTED_EDGE ( 'NONE', *, *, #907, .T. ) ;
#3826 = ORIENTED_EDGE ( 'NONE', *, *, #2174, .T. ) ;
#3827 = ORIENTED_EDGE ( 'NONE', *, *, #775, .T. ) ;
#3828 = DIRECTION ( 'NONE',  ( -0.000000000000000000, 0.000000000000000000, 1.000000000000000000 ) ) ;
#3829 = CARTESIAN_POINT ( 'NONE',  ( -4.300000000000025580, -19.99999999999998224, -4.999999999999993783 ) ) ;
#3830 = ORIENTED_EDGE ( 'NONE', *, *, #738, .F. ) ;
#3831 = CARTESIAN_POINT ( 'NONE',  ( 23.75000000000004619, -32.23490124103313548, 10.00000000000001066 ) ) ;
#3832 = ORIENTED_EDGE ( 'NONE', *, *, #96, .T. ) ;
#3833 = EDGE_LOOP ( 'NONE', ( #1873, #1674, #4147, #4008 ) ) ;
#3834 = CARTESIAN_POINT ( 'NONE',  ( -23.74999999999994316, 34.00000000000002842, -23.36526150218867670 ) ) ;
#3835 = DIRECTION ( 'NONE',  ( 1.000000000000000000, 0.000000000000000000, 0.000000000000000000 ) ) ;
#3836 = LINE ( 'NONE', #446, #1633 ) ;
#3837 = CARTESIAN_POINT ( 'NONE',  ( -14.30000000000007354, 37.32000000000001450, -12.50000000000000000 ) ) ;
#3838 = DIRECTION ( 'NONE',  ( 1.000000000000000000, 0.000000000000000000, 0.000000000000000000 ) ) ;
#3839 = VERTEX_POINT ( 'NONE', #3296 ) ;
#3840 = CYLINDRICAL_SURFACE ( 'NONE', #3314, 4.000000000000000000 ) ;
#3841 = EDGE_LOOP ( 'NONE', ( #2291, #1965, #1120, #4214, #358, #4521, #4141, #409, #2808, #94, #1856, #3431, #4734, #2160, #1151, #1592, #314, #3765, #3312, #63, #2131, #3612 ) ) ;
#3842 = EDGE_CURVE ( 'NONE', #50, #3743, #551, .T. ) ;
#3843 = CARTESIAN_POINT ( 'NONE',  ( 2.317579853791875255, 18.63191942669730494, 10.00000000000000000 ) ) ;
#3844 = FACE_OUTER_BOUND ( 'NONE', #3362, .T. ) ;
#3845 = VERTEX_POINT ( 'NONE', #2907 ) ;
#3846 = EDGE_LOOP ( 'NONE', ( #3559, #2994, #3192, #3978 ) ) ;
#3847 = EDGE_CURVE ( 'NONE', #4325, #4864, #1021, .T. ) ;
#3848 = VECTOR ( 'NONE', #3903, 1000.000000000000000 ) ;
#3849 = ORIENTED_EDGE ( 'NONE', *, *, #560, .F. ) ;
#3850 = LINE ( 'NONE', #2395, #2673 ) ;
#3851 = EDGE_CURVE ( 'NONE', #1946, #432, #2485, .T. ) ;
#3852 = CYLINDRICAL_SURFACE ( 'NONE', #2101, 4.000000000000003553 ) ;
#3853 = VECTOR ( 'NONE', #4298, 1000.000000000000000 ) ;
#3854 = ORIENTED_EDGE ( 'NONE', *, *, #2916, .F. ) ;
#3855 = CARTESIAN_POINT ( 'NONE',  ( 21.41057414570956041, -27.73272684473835881, 10.00000000000000000 ) ) ;
#3856 = VERTEX_POINT ( 'NONE', #993 ) ;
#3857 = VECTOR ( 'NONE', #1465, 1000.000000000000000 ) ;
#3858 = DIRECTION ( 'NONE',  ( -1.000000000000000000, 3.826595902890015835E-15, 0.000000000000000000 ) ) ;
#3859 = DIRECTION ( 'NONE',  ( -0.000000000000000000, 0.000000000000000000, 1.000000000000000000 ) ) ;
#3860 = CARTESIAN_POINT ( 'NONE',  ( -19.99129765925484037, -26.24129796089160038, 9.999999999999998224 ) ) ;
#3861 = AXIS2_PLACEMENT_3D ( 'NONE', #1167, #2389, #3133 ) ;
#3862 = CARTESIAN_POINT ( 'NONE',  ( 66.31757985379188369, 18.63191942669730494, 8.000000000000000000 ) ) ;
#3863 = ADVANCED_FACE ( 'NONE', ( #2533 ), #1046, .T. ) ;
#3864 = DIRECTION ( 'NONE',  ( -1.000000000000000000, 0.000000000000000000, -1.387778780781445922E-16 ) ) ;
#3865 = ORIENTED_EDGE ( 'NONE', *, *, #2417, .F. ) ;
#3866 = LINE ( 'NONE', #1308, #3957 ) ;
#3867 = AXIS2_PLACEMENT_3D ( 'NONE', #1188, #2712, #4218 ) ;
#3868 = DIRECTION ( 'NONE',  ( -3.826595902890015835E-15, -1.000000000000000000, 0.000000000000000000 ) ) ;
#3869 = CARTESIAN_POINT ( 'NONE',  ( 10.18664658000905021, -3.707636142112955557, 8.000000000000000000 ) ) ;
#3870 = AXIS2_PLACEMENT_3D ( 'NONE', #1725, #167, #3150 ) ;
#3871 = ADVANCED_FACE ( 'NONE', ( #4767, #4065 ), #1805, .T. ) ;
#3872 = CARTESIAN_POINT ( 'NONE',  ( 67.75877048314357864, -21.36808057330271282, 8.000000000000000000 ) ) ;
#3873 = VERTEX_POINT ( 'NONE', #3715 ) ;
#3874 = ORIENTED_EDGE ( 'NONE', *, *, #1381, .F. ) ;
#3875 = VECTOR ( 'NONE', #2314, 1000.000000000000114 ) ;
#3876 = VECTOR ( 'NONE', #922, 1000.000000000000000 ) ;
#3877 = ORIENTED_EDGE ( 'NONE', *, *, #4837, .F. ) ;
#3878 = FACE_BOUND ( 'NONE', #4887, .T. ) ;
#3879 = EDGE_CURVE ( 'NONE', #1265, #4769, #2506, .T. ) ;
#3880 = VECTOR ( 'NONE', #3073, 1000.000000000000114 ) ;
#3881 = AXIS2_PLACEMENT_3D ( 'NONE', #1586, #1628, #1211 ) ;
#3882 = LINE ( 'NONE', #1281, #599 ) ;
#3883 = AXIS2_PLACEMENT_3D ( 'NONE', #4823, #3699, #305 ) ;
#3884 = EDGE_CURVE ( 'NONE', #2884, #828, #1558, .T. ) ;
#3885 = ORIENTED_EDGE ( 'NONE', *, *, #825, .F. ) ;
#3886 = DIRECTION ( 'NONE',  ( 0.000000000000000000, 0.000000000000000000, 1.000000000000000000 ) ) ;
#3887 = EDGE_LOOP ( 'NONE', ( #24, #1994, #2232, #4441, #2359 ) ) ;
#3888 = FACE_OUTER_BOUND ( 'NONE', #3705, .T. ) ;
#3889 = DIRECTION ( 'NONE',  ( -1.000000000000000000, 6.938893903907228378E-15, 0.000000000000000000 ) ) ;
#3890 = ADVANCED_FACE ( 'NONE', ( #2715 ), #3035, .F. ) ;
#3891 = CARTESIAN_POINT ( 'NONE',  ( 30.00000000000005684, -33.99999999999997868, 6.000000000000010658 ) ) ;
#3892 = LINE ( 'NONE', #4219, #3487 ) ;
#3893 = ORIENTED_EDGE ( 'NONE', *, *, #637, .F. ) ;
#3894 = EDGE_CURVE ( 'NONE', #428, #4325, #3473, .T. ) ;
#3895 = DIRECTION ( 'NONE',  ( 3.538835890992686473E-15, 0.000000000000000000, 1.000000000000000000 ) ) ;
#3896 = CARTESIAN_POINT ( 'NONE',  ( 82.55880937064826242, 19.99999999999999289, 8.000000000000000000 ) ) ;
#3897 = CARTESIAN_POINT ( 'NONE',  ( -14.29999999999995630, 20.00000000000001776, -5.000000000000016875 ) ) ;
#3898 = VERTEX_POINT ( 'NONE', #1192 ) ;
#3899 = CARTESIAN_POINT ( 'NONE',  ( 14.55880937064824110, 19.99999999999999645, 8.000000000000000000 ) ) ;
#3900 = VERTEX_POINT ( 'NONE', #451 ) ;
#3901 = ORIENTED_EDGE ( 'NONE', *, *, #907, .F. ) ;
#3902 = DIRECTION ( 'NONE',  ( 0.000000000000000000, 0.000000000000000000, 1.000000000000000000 ) ) ;
#3903 = DIRECTION ( 'NONE',  ( -0.000000000000000000, -0.000000000000000000, 1.000000000000000000 ) ) ;
#3904 = EDGE_CURVE ( 'NONE', #346, #3766, #767, .T. ) ;
#3905 = ORIENTED_EDGE ( 'NONE', *, *, #4504, .T. ) ;
#3906 = FACE_OUTER_BOUND ( 'NONE', #3716, .T. ) ;
#3907 = ORIENTED_EDGE ( 'NONE', *, *, #3515, .T. ) ;
#3908 = CARTESIAN_POINT ( 'NONE',  ( -14.30000000000007354, 37.32000000000001450, -11.00000000000000000 ) ) ;
#3909 = EDGE_CURVE ( 'NONE', #814, #2777, #565, .T. ) ;
#3910 = DIRECTION ( 'NONE',  ( 0.000000000000000000, 0.000000000000000000, -1.000000000000000000 ) ) ;
#3911 = DIRECTION ( 'NONE',  ( 1.000000000000000000, 0.000000000000000000, 0.000000000000000000 ) ) ;
#3912 = FACE_OUTER_BOUND ( 'NONE', #3981, .T. ) ;
#3913 = VERTEX_POINT ( 'NONE', #3369 ) ;
#3914 = DIRECTION ( 'NONE',  ( -0.000000000000000000, 0.000000000000000000, 1.000000000000000000 ) ) ;
#3915 = ADVANCED_FACE ( 'NONE', ( #3792 ), #3760, .T. ) ;
#3916 = DIRECTION ( 'NONE',  ( 0.000000000000000000, -0.000000000000000000, 1.000000000000000000 ) ) ;
#3917 = DIRECTION ( 'NONE',  ( 0.000000000000000000, 0.000000000000000000, -1.000000000000000000 ) ) ;
#3918 = DIRECTION ( 'NONE',  ( 0.000000000000000000, 0.000000000000000000, -1.000000000000000000 ) ) ;
#3919 = ORIENTED_EDGE ( 'NONE', *, *, #1634, .F. ) ;
#3920 = DIRECTION ( 'NONE',  ( -1.000000000000000000, 3.826595902890015835E-15, 0.000000000000000000 ) ) ;
#3921 = ORIENTED_EDGE ( 'NONE', *, *, #3183, .F. ) ;
#3922 = CARTESIAN_POINT ( 'NONE',  ( 58.80003888750461982, 21.36808057330268795, 8.000000000000000000 ) ) ;
#3923 = DIRECTION ( 'NONE',  ( 1.000000000000000000, 0.000000000000000000, 0.000000000000000000 ) ) ;
#3924 = ORIENTED_EDGE ( 'NONE', *, *, #2163, .F. ) ;
#3925 = AXIS2_PLACEMENT_3D ( 'NONE', #1250, #3488, #4626 ) ;
#3926 = DIRECTION ( 'NONE',  ( 1.000000000000000000, 0.000000000000000000, 2.081668171172169006E-16 ) ) ;
#3927 = VECTOR ( 'NONE', #3719, 1000.000000000000000 ) ;
#3928 = ORIENTED_EDGE ( 'NONE', *, *, #524, .F. ) ;
#3929 = FACE_OUTER_BOUND ( 'NONE', #4853, .T. ) ;
#3930 = EDGE_LOOP ( 'NONE', ( #2114, #2662, #1144, #2287 ) ) ;
#3931 = ADVANCED_FACE ( 'NONE', ( #341 ), #3840, .T. ) ;
#3932 = CARTESIAN_POINT ( 'NONE',  ( 18.31757985379187659, 18.63191942669730494, 10.00000000000000000 ) ) ;
#3933 = CIRCLE ( 'NONE', #2108, 4.000000000000003553 ) ;
#3934 = CARTESIAN_POINT ( 'NONE',  ( 34.31757985379187659, 18.63191942669730494, 8.000000000000000000 ) ) ;
#3935 = CARTESIAN_POINT ( 'NONE',  ( -30.00000000000003553, -32.92820323027549279, 10.00000000000000178 ) ) ;
#3936 = AXIS2_PLACEMENT_3D ( 'NONE', #2343, #4253, #1618 ) ;
#3937 = DIRECTION ( 'NONE',  ( -0.000000000000000000, 0.000000000000000000, 1.000000000000000000 ) ) ;
#3938 = ADVANCED_FACE ( 'NONE', ( #1458 ), #4915, .T. ) ;
#3939 = VERTEX_POINT ( 'NONE', #1855 ) ;
#3940 = FACE_BOUND ( 'NONE', #1676, .T. ) ;
#3941 = AXIS2_PLACEMENT_3D ( 'NONE', #1670, #2112, #1693 ) ;
#3942 = DIRECTION ( 'NONE',  ( -0.000000000000000000, 1.000000000000000000, -0.000000000000000000 ) ) ;
#3943 = CARTESIAN_POINT ( 'NONE',  ( -33.99999999999995737, 30.00000000000001776, -40.00000000000000000 ) ) ;
#3944 = CARTESIAN_POINT ( 'NONE',  ( 29.99999999999989342, -52.49999999999997868, -40.00000000000011369 ) ) ;
#3945 = ADVANCED_FACE ( 'NONE', ( #4487 ), #1536, .F. ) ;
#3946 = VERTEX_POINT ( 'NONE', #2682 ) ;
#3947 = FACE_OUTER_BOUND ( 'NONE', #4275, .T. ) ;
#3948 = EDGE_LOOP ( 'NONE', ( #2572, #2077, #85, #3472 ) ) ;
#3949 = CIRCLE ( 'NONE', #2290, 4.000000000000003553 ) ;
#3950 = DIRECTION ( 'NONE',  ( -3.903127820947815962E-15, -1.000000000000000000, 0.000000000000000000 ) ) ;
#3951 = CARTESIAN_POINT ( 'NONE',  ( -30.00000000000003197, -52.49999999999997868, -40.00000000000000000 ) ) ;
#3952 = EDGE_CURVE ( 'NONE', #3743, #788, #3397, .T. ) ;
#3953 = CIRCLE ( 'NONE', #2450, 4.000000000000003553 ) ;
#3954 = ORIENTED_EDGE ( 'NONE', *, *, #2372, .T. ) ;
#3955 = CIRCLE ( 'NONE', #1808, 2.599999999999989431 ) ;
#3956 = CARTESIAN_POINT ( 'NONE',  ( 26.80003888750460916, 21.36808057330268795, 8.000000000000000000 ) ) ;
#3957 = VECTOR ( 'NONE', #477, 1000.000000000000000 ) ;
#3958 = COLOUR_RGB ( '',0.7921568627450980005, 0.8196078431372548767, 0.9333333333333333481 ) ;
#3959 = VERTEX_POINT ( 'NONE', #4564 ) ;
#3960 = CARTESIAN_POINT ( 'NONE',  ( -29.99999999999989342, 46.32000000000001450, 10.00000000000000178 ) ) ;
#3961 = VERTEX_POINT ( 'NONE', #2607 ) ;
#3962 = CARTESIAN_POINT ( 'NONE',  ( -70.00000000000000000, 20.00000000000001776, -17.59999999999998366 ) ) ;
#3963 = CIRCLE ( 'NONE', #3718, 4.000000000000003553 ) ;
#3964 = EDGE_CURVE ( 'NONE', #853, #1434, #3953, .T. ) ;
#3965 = EDGE_CURVE ( 'NONE', #2370, #2429, #4886, .T. ) ;
#3966 = CARTESIAN_POINT ( 'NONE',  ( 39.99999999999999289, -20.00000000000000355, -40.00000000000000000 ) ) ;
#3967 = DIRECTION ( 'NONE',  ( 0.000000000000000000, 1.000000000000000000, 0.000000000000000000 ) ) ;
#3968 = VERTEX_POINT ( 'NONE', #1115 ) ;
#3969 = PLANE ( 'NONE',  #2696 ) ;
#3970 = ADVANCED_FACE ( 'NONE', ( #1483 ), #1931, .F. ) ;
#3971 = CARTESIAN_POINT ( 'NONE',  ( 66.70006875981617611, -24.27683965208245098, 8.000000000000000000 ) ) ;
#3972 = PLANE ( 'NONE',  #61 ) ;
#3973 = B_SPLINE_CURVE_WITH_KNOTS ( 'NONE', 3,
 ( #1043, #2952, #2226, #1112, #3365, #4116, #1087, #2603, #1800, #2902, #2528, #2554, #716, #4460, #3317, #3733 ),
 .UNSPECIFIED., .F., .F.,
 ( 4, 2, 2, 2, 2, 2, 2, 4 ),
 ( -1.620577497515483453E-05, 0.002221855766451331232, 0.003340886537164574482, 0.004459917307877817733, 0.006697978849304300764, 0.007817009620017549218, 0.008376525005374176047, 0.008936040390730801142 ),
 .UNSPECIFIED. ) ;
#3974 = FACE_OUTER_BOUND ( 'NONE', #3780, .T. ) ;
#3975 = ORIENTED_EDGE ( 'NONE', *, *, #3459, .F. ) ;
#3976 = DIRECTION ( 'NONE',  ( 0.3420201433256724877, 0.9396926207859069846, 0.000000000000000000 ) ) ;
#3977 = ORIENTED_EDGE ( 'NONE', *, *, #2987, .T. ) ;
#3978 = ORIENTED_EDGE ( 'NONE', *, *, #902, .F. ) ;
#3979 = CARTESIAN_POINT ( 'NONE',  ( -19.74999999999997513, 30.00000000000001776, -40.00000000000000000 ) ) ;
#3980 = ADVANCED_BREP_SHAPE_REPRESENTATION ( 'Right end cap', ( #2873, #4503, #996 ), #1782 ) ;
#3981 = EDGE_LOOP ( 'NONE', ( #4682, #693, #1197 ) ) ;
#3982 = ORIENTED_EDGE ( 'NONE', *, *, #1185, .T. ) ;
#3983 = CYLINDRICAL_SURFACE ( 'NONE', #1409, 4.000000000000001776 ) ;
#3984 = ORIENTED_EDGE ( 'NONE', *, *, #884, .T. ) ;
#3985 = PRESENTATION_STYLE_ASSIGNMENT (( #3630 ) ) ;
#3986 = CARTESIAN_POINT ( 'NONE',  ( -29.68242014620812697, 18.63191942669730494, 8.000000000000000000 ) ) ;
#3987 = CARTESIAN_POINT ( 'NONE',  ( 23.75999999999996604, -43.49999999999997868, -11.00000000000009948 ) ) ;
#3988 = EDGE_CURVE ( 'NONE', #3845, #1007, #1882, .T. ) ;
#3989 = ORIENTED_EDGE ( 'NONE', *, *, #89, .T. ) ;
#3990 = LINE ( 'NONE', #2551, #3009 ) ;
#3991 = DIRECTION ( 'NONE',  ( 1.000000000000000000, 0.000000000000000000, 0.000000000000000000 ) ) ;
#3992 = CARTESIAN_POINT ( 'NONE',  ( 19.75000000000004263, -25.99999999999998224, 6.000000000000000000 ) ) ;
#3993 = CARTESIAN_POINT ( 'NONE',  ( 18.31757985379187659, 18.63191942669730494, 8.000000000000000000 ) ) ;
#3994 = ORIENTED_EDGE ( 'NONE', *, *, #2887, .T. ) ;
#3995 = EDGE_CURVE ( 'NONE', #3448, #2223, #1683, .T. ) ;
#3996 = LINE ( 'NONE', #4390, #945 ) ;
#3997 = ORIENTED_EDGE ( 'NONE', *, *, #4542, .F. ) ;
#3998 = LINE ( 'NONE', #2065, #202 ) ;
#3999 = FACE_OUTER_BOUND ( 'NONE', #685, .T. ) ;
#4000 = ADVANCED_FACE ( 'NONE', ( #3203 ), #4297, .T. ) ;
#4001 = ORIENTED_EDGE ( 'NONE', *, *, #3879, .F. ) ;
#4002 = PRODUCT_CONTEXT ( 'NONE', #2743, 'mechanical' ) ;
#4003 = VERTEX_POINT ( 'NONE', #872 ) ;
#4004 = DIRECTION ( 'NONE',  ( 0.000000000000000000, 0.000000000000000000, 1.000000000000000000 ) ) ;
#4005 = AXIS2_PLACEMENT_3D ( 'NONE', #4501, #1102, #3775 ) ;
#4006 = DIRECTION ( 'NONE',  ( 0.000000000000000000, 0.000000000000000000, -1.000000000000000000 ) ) ;
#4007 = DIRECTION ( 'NONE',  ( 0.000000000000000000, 0.000000000000000000, -1.000000000000000000 ) ) ;
#4008 = ORIENTED_EDGE ( 'NONE', *, *, #1533, .T. ) ;
#4009 = DIRECTION ( 'NONE',  ( -0.3420201433256729318, -0.9396926207859067626, 0.000000000000000000 ) ) ;
#4010 = DIRECTION ( 'NONE',  ( -1.000000000000000000, 0.000000000000000000, 0.000000000000000000 ) ) ;
#4011 = EDGE_CURVE ( 'NONE', #4382, #4527, #2529, .T. ) ;
#4012 = CARTESIAN_POINT ( 'NONE',  ( 23.75000000000003553, -43.49999999999997868, -12.50000000000010125 ) ) ;
#4013 = FACE_OUTER_BOUND ( 'NONE', #3948, .T. ) ;
#4014 = ORIENTED_EDGE ( 'NONE', *, *, #2987, .F. ) ;
#4015 = DIRECTION ( 'NONE',  ( 0.000000000000000000, 0.000000000000000000, -1.000000000000000000 ) ) ;
#4016 = ORIENTED_EDGE ( 'NONE', *, *, #4816, .F. ) ;
#4017 = AXIS2_PLACEMENT_3D ( 'NONE', #2317, #826, #3085 ) ;
#4018 = VERTEX_POINT ( 'NONE', #2387 ) ;
#4019 = ADVANCED_FACE ( 'NONE', ( #3574 ), #4269, .T. ) ;
#4020 = DIRECTION ( 'NONE',  ( 0.3420201433256724322, 0.9396926207859069846, 0.000000000000000000 ) ) ;
#4021 = VECTOR ( 'NONE', #146, 1000.000000000000000 ) ;
#4022 = ORIENTED_EDGE ( 'NONE', *, *, #986, .F. ) ;
#4023 = DIRECTION ( 'NONE',  ( -1.734723475976807094E-16, 0.000000000000000000, 1.000000000000000000 ) ) ;
#4024 = TOROIDAL_SURFACE ( 'NONE', #2518, 8.000000000000000000, 4.000000000000000000 ) ;
#4025 = EDGE_CURVE ( 'NONE', #3856, #432, #3866, .T. ) ;
#4026 = CARTESIAN_POINT ( 'NONE',  ( 0.000000000000000000, 30.00000000000001776, -5.000000000000016875 ) ) ;
#4027 = CARTESIAN_POINT ( 'NONE',  ( 30.55880937064824110, 19.99999999999999645, 8.000000000000000000 ) ) ;
#4028 = AXIS2_PLACEMENT_3D ( 'NONE', #2557, #3687, #3258 ) ;
#4029 = CARTESIAN_POINT ( 'NONE',  ( 3.758770483143580421, -21.36808057330270216, 10.00000000000000000 ) ) ;
#4030 = AXIS2_PLACEMENT_3D ( 'NONE', #2970, #1850, #1476 ) ;
#4031 = TOROIDAL_SURFACE ( 'NONE', #1894, 8.000000000000000000, 4.000000000000000000 ) ;
#4032 = ORIENTED_EDGE ( 'NONE', *, *, #3690, .T. ) ;
#4033 = CARTESIAN_POINT ( 'NONE',  ( 0.000000000000000000, 0.000000000000000000, 8.000000000000000000 ) ) ;
#4034 = DIRECTION ( 'NONE',  ( -3.469446951953614189E-15, -1.000000000000000000, 0.000000000000000000 ) ) ;
#4035 = AXIS2_PLACEMENT_3D ( 'NONE', #2731, #3199, #836 ) ;
#4036 = STYLED_ITEM ( 'NONE', ( #2973 ), #2873 ) ;
#4037 = ORIENTED_EDGE ( 'NONE', *, *, #1688, .F. ) ;
#4038 = CARTESIAN_POINT ( 'NONE',  ( -45.68242014620813052, 18.63191942669730850, 8.000000000000000000 ) ) ;
#4039 = EDGE_CURVE ( 'NONE', #2721, #4146, #1983, .T. ) ;
#4040 = CIRCLE ( 'NONE', #80, 2.599999999999989431 ) ;
#4041 = CARTESIAN_POINT ( 'NONE',  ( 0.000000000000000000, 20.00000000000001776, -25.00000000000001421 ) ) ;
#4042 = CARTESIAN_POINT ( 'NONE',  ( -23.72190705351388473, 33.51796271124419491, -22.56012956059961638 ) ) ;
#4043 = CARTESIAN_POINT ( 'NONE',  ( -5.199961112495394389, 21.36808057330268795, 8.000000000000000000 ) ) ;
#4044 = ORIENTED_EDGE ( 'NONE', *, *, #679, .T. ) ;
#4045 = CARTESIAN_POINT ( 'NONE',  ( 70.00000000000000000, 23.00000000000001776, -17.60000000000001563 ) ) ;
#4046 = ORIENTED_EDGE ( 'NONE', *, *, #1533, .F. ) ;
#4047 = LINE ( 'NONE', #4524, #4483 ) ;
#4048 = CARTESIAN_POINT ( 'NONE',  ( -3.758770483143663022, -18.63191942669733692, 10.00000000000000000 ) ) ;
#4049 = ORIENTED_EDGE ( 'NONE', *, *, #1597, .T. ) ;
#4050 = EDGE_CURVE ( 'NONE', #3048, #3873, #2003, .T. ) ;
#4051 = DIRECTION ( 'NONE',  ( 1.000000000000000000, 0.000000000000000000, 0.000000000000000000 ) ) ;
#4052 = DIRECTION ( 'NONE',  ( -1.000000000000000000, 0.000000000000000000, 0.000000000000000000 ) ) ;
#4053 = FACE_OUTER_BOUND ( 'NONE', #4549, .T. ) ;
#4054 = CARTESIAN_POINT ( 'NONE',  ( -18.74999999999996447, 28.32000000000001094, -15.00000000000000000 ) ) ;
#4055 = ORIENTED_EDGE ( 'NONE', *, *, #4773, .F. ) ;
#4056 = DIRECTION ( 'NONE',  ( 0.000000000000000000, 1.000000000000000000, 0.000000000000000000 ) ) ;
#4057 = CARTESIAN_POINT ( 'NONE',  ( 70.00000000000000000, 23.00000000000001776, -11.50000000000000533 ) ) ;
#4058 = VERTEX_POINT ( 'NONE', #4338 ) ;
#4059 = EDGE_CURVE ( 'NONE', #4649, #1779, #2526, .T. ) ;
#4060 = CYLINDRICAL_SURFACE ( 'NONE', #3711, 4.000000000000000000 ) ;
#4061 = DIRECTION ( 'NONE',  ( 0.000000000000000000, 0.000000000000000000, 1.000000000000000000 ) ) ;
#4062 = CARTESIAN_POINT ( 'NONE',  ( -23.68252222023283693, 33.24575113828784367, -22.07243979458494465 ) ) ;
#4063 = FACE_OUTER_BOUND ( 'NONE', #2177, .T. ) ;
#4064 = ORIENTED_EDGE ( 'NONE', *, *, #4093, .T. ) ;
#4065 = FACE_BOUND ( 'NONE', #2813, .T. ) ;
#4066 = ORIENTED_EDGE ( 'NONE', *, *, #1061, .T. ) ;
#4067 = CYLINDRICAL_SURFACE ( 'NONE', #3684, 4.000000000000000000 ) ;
#4068 = CYLINDRICAL_SURFACE ( 'NONE', #2365, 4.000000000000000000 ) ;
#4069 = ORIENTED_EDGE ( 'NONE', *, *, #1437, .T. ) ;
#4070 = LINE ( 'NONE', #4819, #3770 ) ;
#4071 = ADVANCED_FACE ( 'NONE', ( #4243, #1657, #3154, #3940, #941, #844, #4664, #2809, #3184, #4692, #2457 ), #3969, .T. ) ;
#4072 = FACE_OUTER_BOUND ( 'NONE', #768, .T. ) ;
#4073 = CARTESIAN_POINT ( 'NONE',  ( 34.00000000000005684, -25.99999999999998224, 6.000000000000000000 ) ) ;
#4074 = CARTESIAN_POINT ( 'NONE',  ( 14.55880937064824110, 19.99999999999999645, 10.00000000000000000 ) ) ;
#4075 = EDGE_CURVE ( 'NONE', #1139, #3048, #546, .T. ) ;
#4076 = EDGE_CURVE ( 'NONE', #3845, #3153, #1654, .T. ) ;
#4077 = ORIENTED_EDGE ( 'NONE', *, *, #4098, .F. ) ;
#4078 = DIRECTION ( 'NONE',  ( 1.000000000000000000, 0.000000000000000000, 0.000000000000000000 ) ) ;
#4079 = LINE ( 'NONE', #1010, #2384 ) ;
#4080 = ORIENTED_EDGE ( 'NONE', *, *, #2625, .T. ) ;
#4081 = DIRECTION ( 'NONE',  ( 0.000000000000000000, 0.000000000000000000, 1.000000000000000000 ) ) ;
#4082 = CIRCLE ( 'NONE', #2980, 3.999999999999976019 ) ;
#4083 = PLANE ( 'NONE',  #3225 ) ;
#4084 = EDGE_CURVE ( 'NONE', #4885, #34, #557, .T. ) ;
#4085 = CARTESIAN_POINT ( 'NONE',  ( -19.74999999999994671, 30.00000000000001776, -40.00000000000000000 ) ) ;
#4086 = CIRCLE ( 'NONE', #3067, 4.000000000000003553 ) ;
#4087 = CARTESIAN_POINT ( 'NONE',  ( -30.00000000000003197, -19.99999999999998934, -40.00000000000000000 ) ) ;
#4088 = ORIENTED_EDGE ( 'NONE', *, *, #781, .T. ) ;
#4089 = DIRECTION ( 'NONE',  ( 1.000000000000000000, 0.000000000000000000, 2.081668171172169006E-16 ) ) ;
#4090 = ORIENTED_EDGE ( 'NONE', *, *, #1840, .F. ) ;
#4091 = AXIS2_PLACEMENT_3D ( 'NONE', #971, #2026, #3991 ) ;
#4092 = CARTESIAN_POINT ( 'NONE',  ( -25.58760547618177483, 9.313126759477157179, 8.000000000000000000 ) ) ;
#4093 = EDGE_CURVE ( 'NONE', #194, #620, #2900, .T. ) ;
#4094 = CYLINDRICAL_SURFACE ( 'NONE', #4894, 4.000000000000000000 ) ;
#4095 = AXIS2_PLACEMENT_3D ( 'NONE', #197, #3193, #1390 ) ;
#4096 = ORIENTED_EDGE ( 'NONE', *, *, #2125, .F. ) ;
#4097 = AXIS2_PLACEMENT_3D ( 'NONE', #345, #1439, #1119 ) ;
#4098 = EDGE_CURVE ( 'NONE', #4754, #4003, #392, .T. ) ;
#4099 = DIRECTION ( 'NONE',  ( 0.000000000000000000, 0.000000000000000000, -1.000000000000000000 ) ) ;
#4100 = CYLINDRICAL_SURFACE ( 'NONE', #3315, 4.000000000000003553 ) ;
#4101 = CARTESIAN_POINT ( 'NONE',  ( -70.00000000000000000, 23.00000000000001776, -14.99999999999999467 ) ) ;
#4102 = CIRCLE ( 'NONE', #3626, 4.999999999999997335 ) ;
#4103 = CARTESIAN_POINT ( 'NONE',  ( -29.99999999999994671, 32.92820323027550700, 10.00000000000000178 ) ) ;
#4104 = EDGE_CURVE ( 'NONE', #589, #3658, #4752, .T. ) ;
#4105 = CIRCLE ( 'NONE', #1174, 2.599999999999989431 ) ;
#4106 = ORIENTED_EDGE ( 'NONE', *, *, #4075, .F. ) ;
#4107 = DIRECTION ( 'NONE',  ( 1.000000000000000000, 0.000000000000000000, 0.000000000000000000 ) ) ;
#4108 = CARTESIAN_POINT ( 'NONE',  ( -53.19996111249539439, 21.36808057330269506, 8.000000000000000000 ) ) ;
#4109 = ORIENTED_EDGE ( 'NONE', *, *, #2336, .F. ) ;
#4110 = CARTESIAN_POINT ( 'NONE',  ( -90.00000000000004263, 26.00000000000001776, 5.999999999999998224 ) ) ;
#4111 = CIRCLE ( 'NONE', #1807, 4.000000000000000000 ) ;
#4112 = CIRCLE ( 'NONE', #1971, 3.999999999999996447 ) ;
#4113 = EDGE_CURVE ( 'NONE', #1939, #1169, #1183, .T. ) ;
#4114 = EDGE_CURVE ( 'NONE', #2867, #832, #4762, .T. ) ;
#4115 = PLANE ( 'NONE',  #458 ) ;
#4116 = CARTESIAN_POINT ( 'NONE',  ( -23.12436745026592178, 31.84925761342266526, -11.33535004018632009 ) ) ;
#4117 = EDGE_LOOP ( 'NONE', ( #4364, #4290, #4064, #1027 ) ) ;
#4118 = CARTESIAN_POINT ( 'NONE',  ( 78.55880937064826242, 19.99999999999999289, 8.000000000000000000 ) ) ;
#4119 = ORIENTED_EDGE ( 'NONE', *, *, #3904, .F. ) ;
#4120 = VECTOR ( 'NONE', #4829, 1000.000000000000000 ) ;
#4121 = CARTESIAN_POINT ( 'NONE',  ( -32.11563796785592473, -27.99253839766835128, 9.999999999999998224 ) ) ;
#4122 = CYLINDRICAL_SURFACE ( 'NONE', #2766, 4.000000000000003553 ) ;
#4123 = ORIENTED_EDGE ( 'NONE', *, *, #3426, .F. ) ;
#4124 = ADVANCED_FACE ( 'NONE', ( #212 ), #4383, .T. ) ;
#4125 = DIRECTION ( 'NONE',  ( -0.000000000000000000, 1.000000000000000000, -0.000000000000000000 ) ) ;
#4126 = CARTESIAN_POINT ( 'NONE',  ( 29.99999999999996447, 20.00000000000001066, -40.00000000000000000 ) ) ;
#4127 = CARTESIAN_POINT ( 'NONE',  ( -23.75000000000003553, -33.99999999999997868, 10.00000000000000178 ) ) ;
#4128 = FACE_OUTER_BOUND ( 'NONE', #611, .T. ) ;
#4129 = ORIENTED_EDGE ( 'NONE', *, *, #3809, .T. ) ;
#4130 = CARTESIAN_POINT ( 'NONE',  ( -23.74999999999989697, 46.32000000000001450, -40.00000000000000000 ) ) ;
#4131 = EDGE_CURVE ( 'NONE', #4382, #4146, #3990, .T. ) ;
#4132 = DIRECTION ( 'NONE',  ( 1.000000000000000000, 0.000000000000000000, 2.081668171172169006E-16 ) ) ;
#4133 = ORIENTED_EDGE ( 'NONE', *, *, #13, .F. ) ;
#4134 = CARTESIAN_POINT ( 'NONE',  ( -80.00000000000004263, -20.00000000000000000, 10.00000000000000000 ) ) ;
#4135 = DIRECTION ( 'NONE',  ( -0.3420201433256729318, -0.9396926207859067626, 0.000000000000000000 ) ) ;
#4136 = DIRECTION ( 'NONE',  ( -1.000000000000000000, -0.000000000000000000, -2.081668171172169253E-16 ) ) ;
#4137 = SURFACE_SIDE_STYLE ('',( #2201 ) ) ;
#4138 = EDGE_CURVE ( 'NONE', #280, #4212, #153, .T. ) ;
#4139 = VERTEX_POINT ( 'NONE', #1379 ) ;
#4140 = CARTESIAN_POINT ( 'NONE',  ( 89.99999999999995737, 26.00000000000001421, -40.00000000000000000 ) ) ;
#4141 = ORIENTED_EDGE ( 'NONE', *, *, #560, .T. ) ;
#4142 = CARTESIAN_POINT ( 'NONE',  ( -31.68697080651848452, -28.52943728756081043, 10.00000000000000000 ) ) ;
#4143 = DIRECTION ( 'NONE',  ( 1.000000000000000000, 0.000000000000000000, 0.000000000000000000 ) ) ;
#4144 = ADVANCED_FACE ( 'NONE', ( #590 ), #1012, .F. ) ;
#4145 = EDGE_CURVE ( 'NONE', #3658, #4727, #188, .T. ) ;
#4146 = VERTEX_POINT ( 'NONE', #1704 ) ;
#4147 = ORIENTED_EDGE ( 'NONE', *, *, #319, .F. ) ;
#4148 = DIRECTION ( 'NONE',  ( -0.000000000000000000, -0.000000000000000000, 1.000000000000000000 ) ) ;
#4149 = EDGE_CURVE ( 'NONE', #1071, #1398, #706, .T. ) ;
#4150 = DIRECTION ( 'NONE',  ( 3.538835890992686473E-15, 0.000000000000000000, 1.000000000000000000 ) ) ;
#4151 = FACE_OUTER_BOUND ( 'NONE', #821, .T. ) ;
#4152 = CARTESIAN_POINT ( 'NONE',  ( -90.00000000000004263, -29.99999999999998224, -40.00000000000000000 ) ) ;
#4153 = EDGE_CURVE ( 'NONE', #2867, #1814, #225, .T. ) ;
#4154 = ORIENTED_EDGE ( 'NONE', *, *, #3521, .T. ) ;
#4155 = LINE ( 'NONE', #1547, #1492 ) ;
#4156 = ORIENTED_EDGE ( 'NONE', *, *, #1004, .T. ) ;
#4157 = ORIENTED_EDGE ( 'NONE', *, *, #1136, .F. ) ;
#4158 = DIRECTION ( 'NONE',  ( -0.000000000000000000, 0.000000000000000000, 1.000000000000000000 ) ) ;
#4159 = CARTESIAN_POINT ( 'NONE',  ( 32.11566199022551871, -27.99250970831463192, 10.00000000000000000 ) ) ;
#4160 = CARTESIAN_POINT ( 'NONE',  ( -22.06300938419773416, -28.52941107859969705, 10.00000000000000178 ) ) ;
#4161 = DIRECTION ( 'NONE',  ( 1.000000000000000000, 0.000000000000000000, 2.081668171172169253E-16 ) ) ;
#4162 = FACE_OUTER_BOUND ( 'NONE', #3887, .T. ) ;
#4163 = VECTOR ( 'NONE', #2344, 1000.000000000000000 ) ;
#4164 = EDGE_LOOP ( 'NONE', ( #2421, #4457, #320, #33 ) ) ;
#4165 = DIRECTION ( 'NONE',  ( -0.000000000000000000, -0.000000000000000000, 1.000000000000000000 ) ) ;
#4166 = EDGE_LOOP ( 'NONE', ( #991, #538 ) ) ;
#4167 = ADVANCED_FACE ( 'NONE', ( #1333 ), #4060, .T. ) ;
#4168 = DIRECTION ( 'NONE',  ( 0.3420201433256724322, 0.9396926207859069846, 0.000000000000000000 ) ) ;
#4169 = CIRCLE ( 'NONE', #2185, 3.500000000000008438 ) ;
#4170 = CARTESIAN_POINT ( 'NONE',  ( 19.75000000000003197, -29.99999999999998224, 5.999999999999998224 ) ) ;
#4171 = ORIENTED_EDGE ( 'NONE', *, *, #2945, .T. ) ;
#4172 = EDGE_LOOP ( 'NONE', ( #4622, #4203 ) ) ;
#4173 = CIRCLE ( 'NONE', #531, 2.500000000000000444 ) ;
#4174 = EDGE_CURVE ( 'NONE', #4593, #1131, #2880, .T. ) ;
#4175 = VERTEX_POINT ( 'NONE', #1403 ) ;
#4176 = FACE_OUTER_BOUND ( 'NONE', #261, .T. ) ;
#4177 = AXIS2_PLACEMENT_3D ( 'NONE', #2587, #4099, #2214 ) ;
#4178 = DIRECTION ( 'NONE',  ( -1.000000000000000000, -0.000000000000000000, -1.387778780781445922E-16 ) ) ;
#4179 = DIRECTION ( 'NONE',  ( 1.000000000000000000, 0.000000000000000000, 0.000000000000000000 ) ) ;
#4180 = CIRCLE ( 'NONE', #2036, 4.000000000000001776 ) ;
#4181 = ORIENTED_EDGE ( 'NONE', *, *, #3515, .F. ) ;
#4182 = DIRECTION ( 'NONE',  ( 1.000000000000000000, 0.000000000000000000, 0.000000000000000000 ) ) ;
#4183 = AXIS2_PLACEMENT_3D ( 'NONE', #1627, #515, #2020 ) ;
#4184 = ORIENTED_EDGE ( 'NONE', *, *, #4659, .T. ) ;
#4185 = EDGE_LOOP ( 'NONE', ( #1526, #1859, #3026, #3675 ) ) ;
#4186 = LINE ( 'NONE', #1925, #2856 ) ;
#4187 = CIRCLE ( 'NONE', #1096, 3.500000000000006661 ) ;
#4188 = LINE ( 'NONE', #1208, #563 ) ;
#4189 = DIRECTION ( 'NONE',  ( -0.000000000000000000, -0.000000000000000000, 1.000000000000000000 ) ) ;
#4190 = LINE ( 'NONE', #2310, #2517 ) ;
#4191 = LINE ( 'NONE', #2332, #3637 ) ;
#4192 = AXIS2_PLACEMENT_3D ( 'NONE', #3618, #246, #1759 ) ;
#4193 = AXIS2_PLACEMENT_3D ( 'NONE', #1892, #483, #99 ) ;
#4194 = ORIENTED_EDGE ( 'NONE', *, *, #233, .F. ) ;
#4195 = DIRECTION ( 'NONE',  ( 0.000000000000000000, 1.000000000000000000, 0.000000000000000000 ) ) ;
#4196 = ORIENTED_EDGE ( 'NONE', *, *, #3211, .F. ) ;
#4197 = AXIS2_PLACEMENT_3D ( 'NONE', #1359, #4735, #642 ) ;
#4198 = VECTOR ( 'NONE', #2826, 1000.000000000000000 ) ;
#4199 = CARTESIAN_POINT ( 'NONE',  ( -29.99999999999992895, 37.32000000000001450, -15.00000000000000000 ) ) ;
#4200 = CARTESIAN_POINT ( 'NONE',  ( -86.00000000000002842, 26.00000000000001776, 5.999999999999998224 ) ) ;
#4201 = ORIENTED_EDGE ( 'NONE', *, *, #2167, .F. ) ;
#4202 = VECTOR ( 'NONE', #307, 1000.000000000000000 ) ;
#4203 = ORIENTED_EDGE ( 'NONE', *, *, #2068, .T. ) ;
#4204 = VECTOR ( 'NONE', #4802, 1000.000000000000114 ) ;
#4205 = ORIENTED_EDGE ( 'NONE', *, *, #630, .T. ) ;
#4206 = VECTOR ( 'NONE', #2795, 1000.000000000000000 ) ;
#4207 = ADVANCED_FACE ( 'NONE', ( #3270 ), #2923, .F. ) ;
#4208 = ADVANCED_FACE ( 'NONE', ( #3251 ), #262, .F. ) ;
#4209 = CARTESIAN_POINT ( 'NONE',  ( -18.07006450989451096, 6.576965612871786604, 10.00000000000000000 ) ) ;
#4210 = ORIENTED_EDGE ( 'NONE', *, *, #2708, .F. ) ;
#4211 = CARTESIAN_POINT ( 'NONE',  ( 22.83556102161199064, -29.66014340331610200, 10.00000000000000355 ) ) ;
#4212 = VERTEX_POINT ( 'NONE', #35 ) ;
#4213 = EDGE_CURVE ( 'NONE', #8, #4746, #4479, .T. ) ;
#4214 = ORIENTED_EDGE ( 'NONE', *, *, #2182, .T. ) ;
#4215 = LINE ( 'NONE', #315, #1343 ) ;
#4216 = CARTESIAN_POINT ( 'NONE',  ( 70.00000000000000000, 20.00000000000001776, -15.00000000000001243 ) ) ;
#4217 = DIRECTION ( 'NONE',  ( -0.000000000000000000, -0.000000000000000000, 1.000000000000000000 ) ) ;
#4218 = DIRECTION ( 'NONE',  ( 1.000000000000000000, 0.000000000000000000, 0.000000000000000000 ) ) ;
#4219 = CARTESIAN_POINT ( 'NONE',  ( -30.00000000000003197, -52.49999999999997868, -40.00000000000000000 ) ) ;
#4220 = EDGE_CURVE ( 'NONE', #506, #2061, #3814, .T. ) ;
#4221 = VERTEX_POINT ( 'NONE', #1551 ) ;
#4222 = DIRECTION ( 'NONE',  ( -0.000000000000000000, -0.000000000000000000, 1.000000000000000000 ) ) ;
#4223 = ORIENTED_EDGE ( 'NONE', *, *, #2283, .F. ) ;
#4224 = DIRECTION ( 'NONE',  ( -1.000000000000000000, 3.826595902890015835E-15, 0.000000000000000000 ) ) ;
#4225 = DIRECTION ( 'NONE',  ( 1.000000000000000000, 0.000000000000000000, 0.000000000000000000 ) ) ;
#4226 = EDGE_CURVE ( 'NONE', #1358, #1565, #626, .T. ) ;
#4227 = ORIENTED_EDGE ( 'NONE', *, *, #679, .F. ) ;
#4228 = EDGE_LOOP ( 'NONE', ( #2707, #3877, #2319, #1720 ) ) ;
#4229 = EDGE_LOOP ( 'NONE', ( #2779, #595, #3353, #107 ) ) ;
#4230 = DIRECTION ( 'NONE',  ( 0.000000000000000000, 0.000000000000000000, 1.000000000000000000 ) ) ;
#4231 = LINE ( 'NONE', #84, #2260 ) ;
#4232 = ADVANCED_FACE ( 'NONE', ( #2198 ), #3389, .T. ) ;
#4233 = EDGE_LOOP ( 'NONE', ( #1760, #2658, #2857, #3592 ) ) ;
#4234 = DIRECTION ( 'NONE',  ( -0.000000000000000000, 0.000000000000000000, 1.000000000000000000 ) ) ;
#4235 = ORIENTED_EDGE ( 'NONE', *, *, #622, .T. ) ;
#4236 = VERTEX_POINT ( 'NONE', #4583 ) ;
#4237 = DIRECTION ( 'NONE',  ( -0.000000000000000000, 0.000000000000000000, 1.000000000000000000 ) ) ;
#4238 = DIRECTION ( 'NONE',  ( -0.000000000000000000, -0.000000000000000000, 1.000000000000000000 ) ) ;
#4239 = CARTESIAN_POINT ( 'NONE',  ( 34.55880937064824110, 19.99999999999999645, 8.000000000000000000 ) ) ;
#4240 = CARTESIAN_POINT ( 'NONE',  ( -60.24122951685644267, -21.36808057330270572, 8.000000000000000000 ) ) ;
#4241 = DIRECTION ( 'NONE',  ( -0.000000000000000000, 1.000000000000000000, -0.000000000000000000 ) ) ;
#4242 = ORIENTED_EDGE ( 'NONE', *, *, #4523, .F. ) ;
#4243 = FACE_BOUND ( 'NONE', #1391, .T. ) ;
#4244 = EDGE_CURVE ( 'NONE', #2429, #1282, #4186, .T. ) ;
#4245 = CARTESIAN_POINT ( 'NONE',  ( -60.24122951685644267, -21.36808057330270572, 8.000000000000000000 ) ) ;
#4246 = DIRECTION ( 'NONE',  ( 1.000000000000000000, 0.000000000000000000, 0.000000000000000000 ) ) ;
#4247 = AXIS2_PLACEMENT_3D ( 'NONE', #3120, #3926, #4575 ) ;
#4248 = CARTESIAN_POINT ( 'NONE',  ( 78.55880937064826242, 19.99999999999999289, 8.000000000000000000 ) ) ;
#4249 = EDGE_LOOP ( 'NONE', ( #4827, #3029, #2204, #1290 ) ) ;
#4250 = ORIENTED_EDGE ( 'NONE', *, *, #4011, .F. ) ;
#4251 = EDGE_CURVE ( 'NONE', #3766, #4376, #3440, .T. ) ;
#4252 = ORIENTED_EDGE ( 'NONE', *, *, #3194, .T. ) ;
#4253 = DIRECTION ( 'NONE',  ( 1.000000000000000000, 0.000000000000000000, 2.081668171172169006E-16 ) ) ;
#4254 = AXIS2_PLACEMENT_3D ( 'NONE', #1827, #1382, #4408 ) ;
#4255 = PLANE ( 'NONE',  #1707 ) ;
#4256 = AXIS2_PLACEMENT_3D ( 'NONE', #4836, #1063, #1755 ) ;
#4257 = ORIENTED_EDGE ( 'NONE', *, *, #4601, .F. ) ;
#4258 = CARTESIAN_POINT ( 'NONE',  ( 0.000000000000000000, -19.99999999999998224, -14.99999999999999467 ) ) ;
#4259 = VERTEX_POINT ( 'NONE', #3363 ) ;
#4260 = AXIS2_PLACEMENT_3D ( 'NONE', #3117, #3065, #1279 ) ;
#4261 = DIRECTION ( 'NONE',  ( -3.826595902890015835E-15, -1.000000000000000000, 0.000000000000000000 ) ) ;
#4262 = CARTESIAN_POINT ( 'NONE',  ( 33.99999999999990052, -33.99999999999997868, -40.00000000000000000 ) ) ;
#4263 = AXIS2_PLACEMENT_3D ( 'NONE', #3642, #1662, #4300 ) ;
#4264 = DIRECTION ( 'NONE',  ( -1.000000000000000000, 0.000000000000000000, 0.000000000000000000 ) ) ;
#4265 = DIRECTION ( 'NONE',  ( 0.9396926207859070956, -0.3420201433256724877, 0.000000000000000000 ) ) ;
#4266 = EDGE_CURVE ( 'NONE', #3376, #3448, #2614, .T. ) ;
#4267 = EDGE_LOOP ( 'NONE', ( #2258, #59, #4541, #1314 ) ) ;
#4268 = ADVANCED_FACE ( 'NONE', ( #336, #1904 ), #714, .F. ) ;
#4269 = PLANE ( 'NONE',  #2052 ) ;
#4270 = AXIS2_PLACEMENT_3D ( 'NONE', #1928, #4587, #4264 ) ;
#4271 = CYLINDRICAL_SURFACE ( 'NONE', #1787, 4.000000000000003553 ) ;
#4272 = PLANE ( 'NONE',  #4017 ) ;
#4273 = AXIS2_PLACEMENT_3D ( 'NONE', #3047, #1152, #440 ) ;
#4274 = LINE ( 'NONE', #1842, #4669 ) ;
#4275 = EDGE_LOOP ( 'NONE', ( #2626, #2320, #1095, #3801, #221 ) ) ;
#4276 = EDGE_CURVE ( 'NONE', #1060, #652, #4215, .T. ) ;
#4277 = DIRECTION ( 'NONE',  ( 0.000000000000000000, 0.000000000000000000, -1.000000000000000000 ) ) ;
#4278 = ORIENTED_EDGE ( 'NONE', *, *, #780, .F. ) ;
#4279 = AXIS2_PLACEMENT_3D ( 'NONE', #3754, #2675, #2307 ) ;
#4280 = VECTOR ( 'NONE', #4871, 1000.000000000000000 ) ;
#4281 = EDGE_LOOP ( 'NONE', ( #4194, #1548, #3984, #1822 ) ) ;
#4282 = FACE_OUTER_BOUND ( 'NONE', #1574, .T. ) ;
#4283 = TOROIDAL_SURFACE ( 'NONE', #4359, 8.000000000000000000, 4.000000000000000000 ) ;
#4284 = VECTOR ( 'NONE', #1261, 1000.000000000000000 ) ;
#4285 = EDGE_CURVE ( 'NONE', #1265, #4570, #478, .T. ) ;
#4286 = LINE ( 'NONE', #228, #354 ) ;
#4287 = CIRCLE ( 'NONE', #2785, 4.000000000000000000 ) ;
#4288 = VERTEX_POINT ( 'NONE', #4110 ) ;
#4289 = DIRECTION ( 'NONE',  ( 0.000000000000000000, -0.000000000000000000, 1.000000000000000000 ) ) ;
#4290 = ORIENTED_EDGE ( 'NONE', *, *, #1126, .F. ) ;
#4291 = CYLINDRICAL_SURFACE ( 'NONE', #3095, 3.500000000000006661 ) ;
#4292 = DIRECTION ( 'NONE',  ( 1.000000000000000000, -0.000000000000000000, 0.000000000000000000 ) ) ;
#4293 = ADVANCED_FACE ( 'NONE', ( #2248 ), #1826, .F. ) ;
#4294 = PLANE ( 'NONE',  #4183 ) ;
#4295 = CARTESIAN_POINT ( 'NONE',  ( 39.99999999999999289, -20.00000000000000355, -40.00000000000000000 ) ) ;
#4296 = ORIENTED_EDGE ( 'NONE', *, *, #651, .F. ) ;
#4297 = PLANE ( 'NONE',  #3794 ) ;
#4298 = DIRECTION ( 'NONE',  ( -0.000000000000000000, -0.000000000000000000, 1.000000000000000000 ) ) ;
#4299 = EDGE_CURVE ( 'NONE', #4236, #3080, #3248, .T. ) ;
#4300 = DIRECTION ( 'NONE',  ( 1.000000000000000000, 0.000000000000000000, 0.000000000000000000 ) ) ;
#4301 = CARTESIAN_POINT ( 'NONE',  ( -17.44119062935175890, 20.00000000000000000, 10.00000000000000000 ) ) ;
#4302 = ORIENTED_EDGE ( 'NONE', *, *, #594, .F. ) ;
#4303 = LINE ( 'NONE', #3208, #4206 ) ;
#4304 = ORIENTED_EDGE ( 'NONE', *, *, #2855, .F. ) ;
#4305 = CARTESIAN_POINT ( 'NONE',  ( -14.30000000000007354, 37.32000000000001450, -19.00000000000000000 ) ) ;
#4306 = DIRECTION ( 'NONE',  ( -1.000000000000000000, -0.000000000000000000, -0.000000000000000000 ) ) ;
#4307 = FACE_OUTER_BOUND ( 'NONE', #2934, .T. ) ;
#4308 = EDGE_LOOP ( 'NONE', ( #4847, #269, #3552, #925 ) ) ;
#4309 = CARTESIAN_POINT ( 'NONE',  ( -23.15605454625772097, 30.26168225143348067, 10.00000000000000000 ) ) ;
#4310 = VERTEX_POINT ( 'NONE', #2650 ) ;
#4311 = DIRECTION ( 'NONE',  ( -1.000000000000000000, -0.000000000000000000, -0.000000000000000000 ) ) ;
#4312 = DIRECTION ( 'NONE',  ( 1.387778780781445922E-16, -0.000000000000000000, -1.000000000000000000 ) ) ;
#4313 = LINE ( 'NONE', #3590, #697 ) ;
#4314 = CARTESIAN_POINT ( 'NONE',  ( 85.99999999999995737, -25.99999999999998224, 6.000000000000000000 ) ) ;
#4315 = EDGE_LOOP ( 'NONE', ( #4001, #2244, #1491, #2063 ) ) ;
#4316 = DIRECTION ( 'NONE',  ( -0.000000000000000000, 0.000000000000000000, 1.000000000000000000 ) ) ;
#4317 = LINE ( 'NONE', #574, #4489 ) ;
#4318 = DIRECTION ( 'NONE',  ( 0.000000000000000000, 0.000000000000000000, 1.000000000000000000 ) ) ;
#4319 = LINE ( 'NONE', #2462, #3876 ) ;
#4320 = ORIENTED_EDGE ( 'NONE', *, *, #2255, .F. ) ;
#4321 = CARTESIAN_POINT ( 'NONE',  ( 63.99999999999997158, -20.00000000000001066, 8.000000000000000000 ) ) ;
#4322 = ORIENTED_EDGE ( 'NONE', *, *, #2726, .F. ) ;
#4323 = CARTESIAN_POINT ( 'NONE',  ( -23.74999999999997158, 26.00000000000002842, 5.999999999999998224 ) ) ;
#4324 = CARTESIAN_POINT ( 'NONE',  ( -19.74999999999994316, 34.00000000000001421, 5.999999999999998224 ) ) ;
#4325 = VERTEX_POINT ( 'NONE', #2272 ) ;
#4326 = EDGE_CURVE ( 'NONE', #1227, #4792, #1103, .T. ) ;
#4327 = VECTOR ( 'NONE', #2284, 1000.000000000000000 ) ;
#4328 = ORIENTED_EDGE ( 'NONE', *, *, #4104, .F. ) ;
#4329 = FACE_OUTER_BOUND ( 'NONE', #181, .T. ) ;
#4330 = EDGE_LOOP ( 'NONE', ( #3621, #4462, #3665, #2091 ) ) ;
#4331 = EDGE_CURVE ( 'NONE', #3230, #3798, #1416, .T. ) ;
#4332 = FILL_AREA_STYLE_COLOUR ( '', #3489 ) ;
#4333 = AXIS2_PLACEMENT_3D ( 'NONE', #896, #3523, #3547 ) ;
#4334 = CARTESIAN_POINT ( 'NONE',  ( -65.44119062935176601, 20.00000000000000355, 8.000000000000000000 ) ) ;
#4335 = CIRCLE ( 'NONE', #54, 3.999999999999976019 ) ;
#4336 = LINE ( 'NONE', #4710, #2053 ) ;
#4337 = ORIENTED_EDGE ( 'NONE', *, *, #4805, .F. ) ;
#4338 = CARTESIAN_POINT ( 'NONE',  ( 70.00000000000000000, 30.00000000000001776, -18.50000000000002132 ) ) ;
#4339 = VECTOR ( 'NONE', #3428, 1000.000000000000000 ) ;
#4340 = DIRECTION ( 'NONE',  ( 0.000000000000000000, 1.000000000000000000, 0.000000000000000000 ) ) ;
#4341 = DIRECTION ( 'NONE',  ( -0.000000000000000000, 0.000000000000000000, 1.000000000000000000 ) ) ;
#4342 = LINE ( 'NONE', #2883, #1338 ) ;
#4343 = AXIS2_PLACEMENT_3D ( 'NONE', #3053, #2355, #363 ) ;
#4344 = ORIENTED_EDGE ( 'NONE', *, *, #1266, .T. ) ;
#4345 = EDGE_CURVE ( 'NONE', #1557, #1170, #4674, .T. ) ;
#4346 = DIRECTION ( 'NONE',  ( -0.000000000000000000, 1.000000000000000000, -0.000000000000000000 ) ) ;
#4347 = ORIENTED_EDGE ( 'NONE', *, *, #4050, .F. ) ;
#4348 = CIRCLE ( 'NONE', #1802, 4.000000000000000000 ) ;
#4349 = LINE ( 'NONE', #4305, #4799 ) ;
#4350 = FACE_OUTER_BOUND ( 'NONE', #3213, .T. ) ;
#4351 = AXIS2_PLACEMENT_3D ( 'NONE', #2836, #3920, #1665 ) ;
#4352 = VERTEX_POINT ( 'NONE', #3782 ) ;
#4353 = AXIS2_PLACEMENT_3D ( 'NONE', #2406, #3914, #4712 ) ;
#4354 = AXIS2_PLACEMENT_3D ( 'NONE', #3610, #2098, #210 ) ;
#4355 = ORIENTED_EDGE ( 'NONE', *, *, #1489, .T. ) ;
#4356 = DIRECTION ( 'NONE',  ( -0.000000000000000000, -0.000000000000000000, 1.000000000000000000 ) ) ;
#4357 = EDGE_LOOP ( 'NONE', ( #3387, #1764, #1018, #4786 ) ) ;
#4358 = FACE_BOUND ( 'NONE', #3581, .T. ) ;
#4359 = AXIS2_PLACEMENT_3D ( 'NONE', #1207, #3495, #2803 ) ;
#4360 = VECTOR ( 'NONE', #2948, 1000.000000000000000 ) ;
#4361 = EDGE_CURVE ( 'NONE', #376, #1128, #1155, .T. ) ;
#4362 = CARTESIAN_POINT ( 'NONE',  ( -4.299999999999957190, 20.00000000000001776, -5.000000000000016875 ) ) ;
#4363 = DIRECTION ( 'NONE',  ( 0.3420201433256724877, 0.9396926207859069846, 0.000000000000000000 ) ) ;
#4364 = ORIENTED_EDGE ( 'NONE', *, *, #1380, .F. ) ;
#4365 = CARTESIAN_POINT ( 'NONE',  ( -48.00000000000004263, -20.00000000000000355, 8.000000000000000000 ) ) ;
#4366 = CYLINDRICAL_SURFACE ( 'NONE', #2748, 4.000000000000000000 ) ;
#4367 = EDGE_CURVE ( 'NONE', #1519, #3209, #1975, .T. ) ;
#4368 = CARTESIAN_POINT ( 'NONE',  ( -49.44119062935175890, 20.00000000000000355, 10.00000000000000000 ) ) ;
#4369 = CARTESIAN_POINT ( 'NONE',  ( 0.000000000000000000, 46.32000000000001450, 10.00000000000000178 ) ) ;
#4370 = VERTEX_POINT ( 'NONE', #3932 ) ;
#4371 = CARTESIAN_POINT ( 'NONE',  ( 14.30999999999996497, -43.49999999999997868, -15.00000000000010303 ) ) ;
#4372 = ORIENTED_EDGE ( 'NONE', *, *, #3109, .T. ) ;
#4373 = CARTESIAN_POINT ( 'NONE',  ( 34.00000000000007105, -33.99999999999997868, 9.999999999999884537 ) ) ;
#4374 = DIRECTION ( 'NONE',  ( -0.000000000000000000, -0.000000000000000000, 1.000000000000000000 ) ) ;
#4375 = B_SPLINE_CURVE_WITH_KNOTS ( 'NONE', 3,
 ( #2671, #388, #3751, #3855, #786, #60, #2704, #4211, #1525, #4554, #3831, #3777 ),
 .UNSPECIFIED., .F., .F.,
 ( 4, 2, 2, 2, 2, 4 ),
 ( -1.264911064068949689E-05, 0.002043893490166225502, 0.003072164790569687030, 0.004100436090973148123, 0.006156978691780061637, 0.008213521292586964742 ),
 .UNSPECIFIED. ) ;
#4376 = VERTEX_POINT ( 'NONE', #1649 ) ;
#4377 = VERTEX_POINT ( 'NONE', #110 ) ;
#4378 = DIRECTION ( 'NONE',  ( -0.000000000000000000, 0.000000000000000000, 1.000000000000000000 ) ) ;
#4379 = CARTESIAN_POINT ( 'NONE',  ( -83.75877048314369233, -18.63191942669732626, 8.000000000000000000 ) ) ;
#4380 = DIRECTION ( 'NONE',  ( 1.000000000000000000, 0.000000000000000000, 0.000000000000000000 ) ) ;
#4381 = CARTESIAN_POINT ( 'NONE',  ( -80.00000000000000000, -20.00000000000000000, -40.00000000000000000 ) ) ;
#4382 = VERTEX_POINT ( 'NONE', #3124 ) ;
#4383 = CYLINDRICAL_SURFACE ( 'NONE', #74, 4.000000000000003553 ) ;
#4384 = ADVANCED_FACE ( 'NONE', ( #64 ), #911, .T. ) ;
#4385 = EDGE_CURVE ( 'NONE', #2615, #4570, #3175, .T. ) ;
#4386 = DIRECTION ( 'NONE',  ( 0.000000000000000000, 0.000000000000000000, 1.000000000000000000 ) ) ;
#4387 = CARTESIAN_POINT ( 'NONE',  ( -17.44119062935175890, 20.00000000000000000, 8.000000000000000000 ) ) ;
#4388 = CARTESIAN_POINT ( 'NONE',  ( -17.44119062935175890, 20.00000000000000000, 8.000000000000000000 ) ) ;
#4389 = ORIENTED_EDGE ( 'NONE', *, *, #4299, .F. ) ;
#4390 = CARTESIAN_POINT ( 'NONE',  ( -4.300000000000026468, -19.99999999999998224, -3.729655473350159412E-16 ) ) ;
#4391 = ORIENTED_EDGE ( 'NONE', *, *, #3394, .F. ) ;
#4392 = ORIENTED_EDGE ( 'NONE', *, *, #256, .F. ) ;
#4393 = DIRECTION ( 'NONE',  ( 1.000000000000000000, 0.000000000000000000, 0.000000000000000000 ) ) ;
#4394 = VERTEX_POINT ( 'NONE', #3834 ) ;
#4395 = APPLICATION_PROTOCOL_DEFINITION ( 'draft international standard', 'automotive_design', 1998, #2743 ) ;
#4396 = CARTESIAN_POINT ( 'NONE',  ( 89.99999999999995737, 26.00000000000001421, 6.000000000000000000 ) ) ;
#4397 = DIRECTION ( 'NONE',  ( 0.000000000000000000, 0.000000000000000000, -1.000000000000000000 ) ) ;
#4398 = EDGE_CURVE ( 'NONE', #2886, #1513, #1228, .T. ) ;
#4399 = LINE ( 'NONE', #2474, #956 ) ;
#4400 = AXIS2_PLACEMENT_3D ( 'NONE', #4865, #3738, #2612 ) ;
#4401 = ORIENTED_EDGE ( 'NONE', *, *, #4879, .T. ) ;
#4402 = CARTESIAN_POINT ( 'NONE',  ( 2.669105613721795223, -0.9714749955075695498, 8.000000000000000000 ) ) ;
#4403 = EDGE_CURVE ( 'NONE', #4817, #2094, #468, .T. ) ;
#4404 = CARTESIAN_POINT ( 'NONE',  ( -12.24122951685643557, -21.36808057330270572, 10.00000000000000000 ) ) ;
#4405 = AXIS2_PLACEMENT_3D ( 'NONE', #2810, #4340, #3916 ) ;
#4406 = ORIENTED_EDGE ( 'NONE', *, *, #4076, .T. ) ;
#4407 = DIRECTION ( 'NONE',  ( -3.469446951953614189E-15, 4.336808689942017736E-16, -1.000000000000000000 ) ) ;
#4408 = DIRECTION ( 'NONE',  ( 1.000000000000000000, 0.000000000000000000, 0.000000000000000000 ) ) ;
#4409 = CARTESIAN_POINT ( 'NONE',  ( -23.73220307550257502, 33.61111850118197708, -22.72200542559677316 ) ) ;
#4410 = ADVANCED_FACE ( 'NONE', ( #4611 ), #4283, .F. ) ;
#4411 = DIRECTION ( 'NONE',  ( -0.000000000000000000, -0.000000000000000000, 1.000000000000000000 ) ) ;
#4412 = VERTEX_POINT ( 'NONE', #540 ) ;
#4413 = DIRECTION ( 'NONE',  ( -0.000000000000000000, 0.000000000000000000, 1.000000000000000000 ) ) ;
#4414 = ORIENTED_EDGE ( 'NONE', *, *, #3965, .F. ) ;
#4415 = CARTESIAN_POINT ( 'NONE',  ( -70.00000000000000000, 23.00000000000001776, -11.49999999999998757 ) ) ;
#4416 = DIRECTION ( 'NONE',  ( 1.000000000000000000, 0.000000000000000000, 0.000000000000000000 ) ) ;
#4417 = VECTOR ( 'NONE', #4161, 1000.000000000000000 ) ;
#4418 = EDGE_CURVE ( 'NONE', #487, #1519, #1419, .T. ) ;
#4419 = ORIENTED_EDGE ( 'NONE', *, *, #1597, .F. ) ;
#4420 =( LENGTH_UNIT ( ) NAMED_UNIT ( * ) SI_UNIT ( .MILLI., .METRE. ) );
#4421 = VECTOR ( 'NONE', #584, 1000.000000000000000 ) ;
#4422 = DIRECTION ( 'NONE',  ( -0.000000000000000000, -0.000000000000000000, 1.000000000000000000 ) ) ;
#4423 = ADVANCED_FACE ( 'NONE', ( #863 ), #4291, .F. ) ;
#4424 = FACE_OUTER_BOUND ( 'NONE', #2271, .T. ) ;
#4425 = AXIS2_PLACEMENT_3D ( 'NONE', #3424, #3820, #3736 ) ;
#4426 = AXIS2_PLACEMENT_3D ( 'NONE', #2082, #3206, #2029 ) ;
#4427 = CARTESIAN_POINT ( 'NONE',  ( -70.00000000000000000, 30.00000000000001776, -14.99999999999999467 ) ) ;
#4428 = AXIS2_PLACEMENT_3D ( 'NONE', #3108, #1430, #4782 ) ;
#4429 = EDGE_CURVE ( 'NONE', #2010, #3821, #631, .T. ) ;
#4430 = ORIENTED_EDGE ( 'NONE', *, *, #2312, .F. ) ;
#4431 = CYLINDRICAL_SURFACE ( 'NONE', #2846, 4.000000000000003553 ) ;
#4432 = CARTESIAN_POINT ( 'NONE',  ( -70.00000000000000000, 20.00000000000001776, -14.99999999999999467 ) ) ;
#4433 = CIRCLE ( 'NONE', #2299, 5.000000000000000888 ) ;
#4434 = CIRCLE ( 'NONE', #3408, 2.500000000000000444 ) ;
#4435 = ORIENTED_EDGE ( 'NONE', *, *, #775, .F. ) ;
#4436 = CARTESIAN_POINT ( 'NONE',  ( 34.00000000000005684, -33.99999999999997868, 5.999999999999996447 ) ) ;
#4437 = VECTOR ( 'NONE', #4165, 1000.000000000000000 ) ;
#4438 = CARTESIAN_POINT ( 'NONE',  ( 85.99999999999995737, -29.99999999999998224, 6.000000000000000000 ) ) ;
#4439 = CARTESIAN_POINT ( 'NONE',  ( -14.29999999999995630, 30.00000000000001776, -5.000000000000016875 ) ) ;
#4440 = DIRECTION ( 'NONE',  ( 1.000000000000000000, 0.000000000000000000, 0.000000000000000000 ) ) ;
#4441 = ORIENTED_EDGE ( 'NONE', *, *, #3322, .F. ) ;
#4442 = CARTESIAN_POINT ( 'NONE',  ( 52.57171321486437421, -19.13453877459007302, 10.00000000000000000 ) ) ;
#4443 = ORIENTED_EDGE ( 'NONE', *, *, #3272, .T. ) ;
#4444 = EDGE_CURVE ( 'NONE', #720, #3968, #1268, .T. ) ;
#4445 = ADVANCED_FACE ( 'NONE', ( #1678, #3888 ), #3467, .T. ) ;
#4446 = CARTESIAN_POINT ( 'NONE',  ( 85.99999999999995737, 26.00000000000001776, 6.000000000000000000 ) ) ;
#4447 = CARTESIAN_POINT ( 'NONE',  ( 39.99999999999999289, 19.99999999999999645, -40.00000000000000000 ) ) ;
#4448 = EDGE_LOOP ( 'NONE', ( #4867, #2512, #758 ) ) ;
#4449 = DIRECTION ( 'NONE',  ( 1.000000000000000000, 0.000000000000000000, 0.000000000000000000 ) ) ;
#4450 = DIRECTION ( 'NONE',  ( -1.000000000000000000, 0.000000000000000000, 0.000000000000000000 ) ) ;
#4451 = LINE ( 'NONE', #4127, #3490 ) ;
#4452 = CARTESIAN_POINT ( 'NONE',  ( -86.00000000000002842, 26.00000000000001776, 6.000000000000000000 ) ) ;
#4453 = EDGE_CURVE ( 'NONE', #828, #2223, #78, .T. ) ;
#4454 = VERTEX_POINT ( 'NONE', #1578 ) ;
#4455 = LINE ( 'NONE', #682, #2124 ) ;
#4456 = FACE_OUTER_BOUND ( 'NONE', #1441, .T. ) ;
#4457 = ORIENTED_EDGE ( 'NONE', *, *, #903, .F. ) ;
#4458 = DIRECTION ( 'NONE',  ( 0.000000000000000000, 0.000000000000000000, -1.000000000000000000 ) ) ;
#4459 = CARTESIAN_POINT ( 'NONE',  ( -19.75877048314366746, -18.63191942669733692, 8.000000000000000000 ) ) ;
#4460 = CARTESIAN_POINT ( 'NONE',  ( -23.74625567613409061, 33.80224739879978557, -6.955231717605780517 ) ) ;
#4461 = CARTESIAN_POINT ( 'NONE',  ( -70.00000000000000000, 23.00000000000001776, -12.40000000000000391 ) ) ;
#4462 = ORIENTED_EDGE ( 'NONE', *, *, #233, .T. ) ;
#4463 = DIRECTION ( 'NONE',  ( 3.538835890992685684E-15, -0.000000000000000000, 1.000000000000000000 ) ) ;
#4464 = ORIENTED_EDGE ( 'NONE', *, *, #25, .T. ) ;
#4465 = EDGE_CURVE ( 'NONE', #2736, #1315, #2134, .T. ) ;
#4466 = PLANE ( 'NONE',  #1235 ) ;
#4467 = DIRECTION ( 'NONE',  ( 0.000000000000000000, 0.000000000000000000, -1.000000000000000000 ) ) ;
#4468 = EDGE_CURVE ( 'NONE', #2736, #443, #495, .T. ) ;
#4469 = VERTEX_POINT ( 'NONE', #3908 ) ;
#4470 = DIRECTION ( 'NONE',  ( 0.3420201433256724877, 0.9396926207859069846, 0.000000000000000000 ) ) ;
#4471 = LINE ( 'NONE', #655, #148 ) ;
#4472 = DIRECTION ( 'NONE',  ( 3.469446951953614189E-15, 0.000000000000000000, 1.000000000000000000 ) ) ;
#4473 = FACE_OUTER_BOUND ( 'NONE', #4448, .T. ) ;
#4474 = VERTEX_POINT ( 'NONE', #513 ) ;
#4475 = DIRECTION ( 'NONE',  ( 1.000000000000000000, 0.000000000000000000, 0.000000000000000000 ) ) ;
#4476 = LINE ( 'NONE', #4108, #4120 ) ;
#4477 = EDGE_CURVE ( 'NONE', #4916, #1193, #1499, .T. ) ;
#4478 = VERTEX_POINT ( 'NONE', #935 ) ;
#4479 = LINE ( 'NONE', #3030, #1893 ) ;
#4480 = AXIS2_PLACEMENT_3D ( 'NONE', #1447, #2944, #2990 ) ;
#4481 = DIRECTION ( 'NONE',  ( -0.000000000000000000, 0.000000000000000000, 1.000000000000000000 ) ) ;
#4482 = DIRECTION ( 'NONE',  ( 1.000000000000000000, 0.000000000000000000, 0.000000000000000000 ) ) ;
#4483 = VECTOR ( 'NONE', #4843, 1000.000000000000000 ) ;
#4484 = LINE ( 'NONE', #1853, #3406 ) ;
#4485 = EDGE_CURVE ( 'NONE', #280, #247, #205, .T. ) ;
#4486 = ORIENTED_EDGE ( 'NONE', *, *, #1840, .T. ) ;
#4487 = FACE_OUTER_BOUND ( 'NONE', #3735, .T. ) ;
#4488 = ORIENTED_EDGE ( 'NONE', *, *, #2218, .T. ) ;
#4489 = VECTOR ( 'NONE', #2080, 1000.000000000000000 ) ;
#4490 = CARTESIAN_POINT ( 'NONE',  ( -80.00000000000000000, -20.00000000000000000, 0.000000000000000000 ) ) ;
#4491 = LINE ( 'NONE', #3300, #613 ) ;
#4492 = EDGE_CURVE ( 'NONE', #389, #4696, #1749, .T. ) ;
#4493 = CIRCLE ( 'NONE', #769, 4.000000000000000000 ) ;
#4494 = ORIENTED_EDGE ( 'NONE', *, *, #4719, .T. ) ;
#4495 = ORIENTED_EDGE ( 'NONE', *, *, #1138, .T. ) ;
#4496 = AXIS2_PLACEMENT_3D ( 'NONE', #2637, #672, #4143 ) ;
#4497 = CARTESIAN_POINT ( 'NONE',  ( -90.00000000000004263, -25.99999999999998224, -40.00000000000000000 ) ) ;
#4498 = CARTESIAN_POINT ( 'NONE',  ( -51.75877048314366391, -18.63191942669734402, 10.00000000000000000 ) ) ;
#4499 = DIRECTION ( 'NONE',  ( -0.000000000000000000, 0.000000000000000000, 1.000000000000000000 ) ) ;
#4500 = AXIS2_PLACEMENT_3D ( 'NONE', #3992, #3254, #3917 ) ;
#4501 = CARTESIAN_POINT ( 'NONE',  ( 15.99999999999995914, -20.00000000000000711, 10.00000000000000000 ) ) ;
#4502 = ADVANCED_FACE ( 'NONE', ( #3243, #1354 ), #658, .F. ) ;
#4503 = MANIFOLD_SOLID_BREP ( 'Cong\X2\00e9\X0\5', #926 ) ;
#4504 = EDGE_CURVE ( 'NONE', #3798, #3230, #397, .T. ) ;
#4505 = AXIS2_PLACEMENT_3D ( 'NONE', #4033, #333, #4107 ) ;
#4506 = ORIENTED_EDGE ( 'NONE', *, *, #4084, .F. ) ;
#4507 = DIRECTION ( 'NONE',  ( -1.000000000000000000, -0.000000000000000000, -0.000000000000000000 ) ) ;
#4508 = CARTESIAN_POINT ( 'NONE',  ( 85.99999999999995737, -25.99999999999998224, -40.00000000000000000 ) ) ;
#4509 = VERTEX_POINT ( 'NONE', #4728 ) ;
#4510 = DIRECTION ( 'NONE',  ( 0.000000000000000000, 0.000000000000000000, 1.000000000000000000 ) ) ;
#4511 = CIRCLE ( 'NONE', #2045, 8.000000000000000000 ) ;
#4512 = CIRCLE ( 'NONE', #4193, 4.000000000000005329 ) ;
#4513 = ADVANCED_FACE ( 'NONE', ( #1328, #2850, #4358 ), #4776, .T. ) ;
#4514 = FACE_OUTER_BOUND ( 'NONE', #4315, .T. ) ;
#4515 = CARTESIAN_POINT ( 'NONE',  ( -14.30000000000003091, -43.49999999999997868, -15.00000000000011013 ) ) ;
#4516 = AXIS2_PLACEMENT_3D ( 'NONE', #2573, #284, #987 ) ;
#4517 = CIRCLE ( 'NONE', #2382, 9.000000000000001776 ) ;
#4518 = DIRECTION ( 'NONE',  ( -0.3420201433256728762, -0.9396926207859067626, 0.000000000000000000 ) ) ;
#4519 = EDGE_LOOP ( 'NONE', ( #2719, #4464, #1916, #2580, #3819 ) ) ;
#4520 = CARTESIAN_POINT ( 'NONE',  ( 46.55880937064824110, 19.99999999999999289, 8.000000000000000000 ) ) ;
#4521 = ORIENTED_EDGE ( 'NONE', *, *, #39, .F. ) ;
#4522 = CIRCLE ( 'NONE', #1189, 2.600000000000003197 ) ;
#4523 = EDGE_CURVE ( 'NONE', #1178, #3198, #4399, .T. ) ;
#4524 = CARTESIAN_POINT ( 'NONE',  ( -90.00000000000004263, -29.99999999999998224, 5.999999999999998224 ) ) ;
#4525 = DIRECTION ( 'NONE',  ( -1.000000000000000000, 3.826595902890015835E-15, 0.000000000000000000 ) ) ;
#4526 = ORIENTED_EDGE ( 'NONE', *, *, #1212, .F. ) ;
#4527 = VERTEX_POINT ( 'NONE', #2876 ) ;
#4528 = CARTESIAN_POINT ( 'NONE',  ( -18.74999999999993250, 41.32000000000000739, -15.00000000000000000 ) ) ;
#4529 = FACE_BOUND ( 'NONE', #2656, .T. ) ;
#4530 = DIRECTION ( 'NONE',  ( -3.469446951953614189E-15, -1.000000000000000000, 0.000000000000000000 ) ) ;
#4531 = DIRECTION ( 'NONE',  ( -0.000000000000000000, 0.000000000000000000, -1.000000000000000000 ) ) ;
#4532 = EDGE_LOOP ( 'NONE', ( #4506, #298, #1378, #4320 ) ) ;
#4533 = LINE ( 'NONE', #4579, #4584 ) ;
#4534 = ORIENTED_EDGE ( 'NONE', *, *, #3674, .F. ) ;
#4535 = ORIENTED_EDGE ( 'NONE', *, *, #3597, .T. ) ;
#4536 = CARTESIAN_POINT ( 'NONE',  ( 52.57171321486437421, -19.13453877459007302, 8.000000000000000000 ) ) ;
#4537 = CARTESIAN_POINT ( 'NONE',  ( -22.26771536872760393, -28.80648303032478452, 10.00000000000000355 ) ) ;
#4538 = CARTESIAN_POINT ( 'NONE',  ( 14.30999999999996497, -43.49999999999997868, -19.00000000000010658 ) ) ;
#4539 = DIRECTION ( 'NONE',  ( -0.000000000000000000, -0.000000000000000000, 1.000000000000000000 ) ) ;
#4540 = EDGE_CURVE ( 'NONE', #3638, #1227, #234, .T. ) ;
#4541 = ORIENTED_EDGE ( 'NONE', *, *, #530, .T. ) ;
#4542 = EDGE_CURVE ( 'NONE', #52, #4555, #4433, .T. ) ;
#4543 = DIRECTION ( 'NONE',  ( 1.000000000000000000, 0.000000000000000000, 0.000000000000000000 ) ) ;
#4544 = ORIENTED_EDGE ( 'NONE', *, *, #306, .F. ) ;
#4545 = CARTESIAN_POINT ( 'NONE',  ( -11.45924993122999247, 4.170825881984795203, 8.000000000000000000 ) ) ;
#4546 = LINE ( 'NONE', #847, #2913 ) ;
#4547 = ORIENTED_EDGE ( 'NONE', *, *, #4226, .F. ) ;
#4548 = ORIENTED_EDGE ( 'NONE', *, *, #2336, .T. ) ;
#4549 = EDGE_LOOP ( 'NONE', ( #2874, #4414, #572, #568 ) ) ;
#4550 = DIRECTION ( 'NONE',  ( 1.000000000000000000, 0.000000000000000000, 0.000000000000000000 ) ) ;
#4551 = CARTESIAN_POINT ( 'NONE',  ( 70.00000000000000000, 23.00000000000001776, -15.00000000000001243 ) ) ;
#4552 = CARTESIAN_POINT ( 'NONE',  ( 23.75000000000003553, -52.49999999999997868, 10.00000000000000711 ) ) ;
#4553 = EDGE_LOOP ( 'NONE', ( #3506, #3182, #1689, #1051 ) ) ;
#4554 = CARTESIAN_POINT ( 'NONE',  ( 23.61842824073925939, -31.56458551673095059, 10.00000000000000178 ) ) ;
#4555 = VERTEX_POINT ( 'NONE', #3265 ) ;
#4556 = ORIENTED_EDGE ( 'NONE', *, *, #4025, .F. ) ;
#4557 = DIRECTION ( 'NONE',  ( 1.000000000000000000, 0.000000000000000000, 0.000000000000000000 ) ) ;
#4558 = CARTESIAN_POINT ( 'NONE',  ( -19.75877048314366746, -18.63191942669733692, 8.000000000000000000 ) ) ;
#4559 = DIRECTION ( 'NONE',  ( 0.000000000000000000, 0.000000000000000000, -1.000000000000000000 ) ) ;
#4560 = FACE_OUTER_BOUND ( 'NONE', #1181, .T. ) ;
#4561 = FACE_OUTER_BOUND ( 'NONE', #4892, .T. ) ;
#4562 = PRODUCT_DEFINITION_FORMATION_WITH_SPECIFIED_SOURCE ( 'ANY', '', #2087, .NOT_KNOWN. ) ;
#4563 = EDGE_LOOP ( 'NONE', ( #3008, #1987 ) ) ;
#4564 = CARTESIAN_POINT ( 'NONE',  ( 39.99999999999999289, 19.99999999999999645, 0.000000000000000000 ) ) ;
#4565 = ORIENTED_EDGE ( 'NONE', *, *, #39, .T. ) ;
#4566 = DIRECTION ( 'NONE',  ( 3.469446951953614189E-15, 0.000000000000000000, 1.000000000000000000 ) ) ;
#4567 = AXIS2_PLACEMENT_3D ( 'NONE', #453, #1958, #3475 ) ;
#4568 = LINE ( 'NONE', #1914, #4339 ) ;
#4569 = ORIENTED_EDGE ( 'NONE', *, *, #3350, .T. ) ;
#4570 = VERTEX_POINT ( 'NONE', #4029 ) ;
#4571 = AXIS2_PLACEMENT_3D ( 'NONE', #4586, #1187, #4559 ) ;
#4572 = VERTEX_POINT ( 'NONE', #635 ) ;
#4573 = CARTESIAN_POINT ( 'NONE',  ( -14.30000000000007354, 37.32000000000001450, -15.00000000000000000 ) ) ;
#4574 = VECTOR ( 'NONE', #2161, 1000.000000000000000 ) ;
#4575 = DIRECTION ( 'NONE',  ( 0.000000000000000000, 0.000000000000000000, -1.000000000000000000 ) ) ;
#4576 = TOROIDAL_SURFACE ( 'NONE', #2678, 8.000000000000000000, 4.000000000000000000 ) ;
#4577 = EDGE_CURVE ( 'NONE', #4370, #4570, #2143, .T. ) ;
#4578 = ORIENTED_EDGE ( 'NONE', *, *, #1804, .T. ) ;
#4579 = CARTESIAN_POINT ( 'NONE',  ( 0.000000000000000000, 26.00000000000001776, 10.00000000000000000 ) ) ;
#4580 = AXIS2_PLACEMENT_3D ( 'NONE', #472, #793, #1555 ) ;
#4581 = ORIENTED_EDGE ( 'NONE', *, *, #4542, .T. ) ;
#4582 = EDGE_LOOP ( 'NONE', ( #3006, #1154, #1116, #4711 ) ) ;
#4583 = CARTESIAN_POINT ( 'NONE',  ( -45.44119062935175890, 20.00000000000000355, 10.00000000000000000 ) ) ;
#4584 = VECTOR ( 'NONE', #2647, 1000.000000000000000 ) ;
#4585 = CARTESIAN_POINT ( 'NONE',  ( 31.48228463127249199, -28.80648303032481294, 10.00000000000000178 ) ) ;
#4586 = CARTESIAN_POINT ( 'NONE',  ( -14.30000000000003091, -43.49999999999997868, -15.00000000000011013 ) ) ;
#4587 = DIRECTION ( 'NONE',  ( 0.000000000000000000, 0.000000000000000000, -1.000000000000000000 ) ) ;
#4588 = CARTESIAN_POINT ( 'NONE',  ( -40.00000000000000711, -20.00000000000000000, -40.00000000000000000 ) ) ;
#4589 = AXIS2_PLACEMENT_3D ( 'NONE', #4863, #3324, #4812 ) ;
#4590 = AXIS2_PLACEMENT_3D ( 'NONE', #4248, #1242, #3355 ) ;
#4591 = ORIENTED_EDGE ( 'NONE', *, *, #3851, .F. ) ;
#4592 = CARTESIAN_POINT ( 'NONE',  ( -18.74999999999994671, 37.32000000000001450, -15.00000000000000000 ) ) ;
#4593 = VERTEX_POINT ( 'NONE', #1767 ) ;
#4594 = CIRCLE ( 'NONE', #2455, 2.500000000000000444 ) ;
#4595 = CARTESIAN_POINT ( 'NONE',  ( -40.00000000000000711, 20.00000000000000000, -40.00000000000000000 ) ) ;
#4596 = CARTESIAN_POINT ( 'NONE',  ( -37.19996111249539439, 21.36808057330269506, 8.000000000000000000 ) ) ;
#4597 = ORIENTED_EDGE ( 'NONE', *, *, #1212, .T. ) ;
#4598 = AXIS2_PLACEMENT_3D ( 'NONE', #1110, #736, #759 ) ;
#4599 = ORIENTED_EDGE ( 'NONE', *, *, #1374, .F. ) ;
#4600 = VECTOR ( 'NONE', #3311, 1000.000000000000000 ) ;
#4601 = EDGE_CURVE ( 'NONE', #4377, #853, #2935, .T. ) ;
#4602 = VERTEX_POINT ( 'NONE', #277 ) ;
#4603 = CARTESIAN_POINT ( 'NONE',  ( 16.79746115867358114, -6.113775872999933192, 8.000000000000000000 ) ) ;
#4604 = ADVANCED_FACE ( 'NONE', ( #4473 ), #7, .T. ) ;
#4605 = EDGE_CURVE ( 'NONE', #4259, #3702, #1522, .T. ) ;
#4606 = DIRECTION ( 'NONE',  ( -0.000000000000000000, -0.000000000000000000, 1.000000000000000000 ) ) ;
#4607 = EDGE_LOOP ( 'NONE', ( #536, #766, #3928, #407, #152 ) ) ;
#4608 = CARTESIAN_POINT ( 'NONE',  ( 0.000000000000000000, 0.000000000000000000, 8.000000000000000000 ) ) ;
#4609 = ORIENTED_EDGE ( 'NONE', *, *, #3358, .T. ) ;
#4610 = ORIENTED_EDGE ( 'NONE', *, *, #1748, .F. ) ;
#4611 = FACE_OUTER_BOUND ( 'NONE', #3803, .T. ) ;
#4612 = CARTESIAN_POINT ( 'NONE',  ( 32.79955764379102590, -27.22451536592704713, 9.999999999999998224 ) ) ;
#4613 = LINE ( 'NONE', #2677, #4803 ) ;
#4614 = LINE ( 'NONE', #2331, #2119 ) ;
#4615 = DIRECTION ( 'NONE',  ( -0.000000000000000000, -0.000000000000000000, 1.000000000000000000 ) ) ;
#4616 = VERTEX_POINT ( 'NONE', #3808 ) ;
#4617 = CARTESIAN_POINT ( 'NONE',  ( -80.00000000000000000, -20.00000000000000000, -40.00000000000000000 ) ) ;
#4618 = LINE ( 'NONE', #2362, #3142 ) ;
#4619 = FACE_OUTER_BOUND ( 'NONE', #2819, .T. ) ;
#4620 = FACE_BOUND ( 'NONE', #1768, .T. ) ;
#4621 = ORIENTED_EDGE ( 'NONE', *, *, #2639, .F. ) ;
#4622 = ORIENTED_EDGE ( 'NONE', *, *, #3548, .T. ) ;
#4623 = ORIENTED_EDGE ( 'NONE', *, *, #2992, .T. ) ;
#4624 = CARTESIAN_POINT ( 'NONE',  ( -30.00000000000003197, -19.99999999999998934, 0.000000000000000000 ) ) ;
#4625 = ADVANCED_FACE ( 'NONE', ( #4128 ), #1844, .F. ) ;
#4626 = DIRECTION ( 'NONE',  ( -4.163336342344333082E-15, -1.000000000000000000, 0.000000000000000000 ) ) ;
#4627 = EDGE_CURVE ( 'NONE', #718, #3961, #1464, .T. ) ;
#4628 = EDGE_CURVE ( 'NONE', #517, #50, #3382, .T. ) ;
#4629 = ORIENTED_EDGE ( 'NONE', *, *, #4276, .T. ) ;
#4630 = DIRECTION ( 'NONE',  ( -0.000000000000000000, -1.000000000000000000, -0.000000000000000000 ) ) ;
#4631 = ORIENTED_EDGE ( 'NONE', *, *, #3768, .F. ) ;
#4632 = DIRECTION ( 'NONE',  ( 0.000000000000000000, 0.000000000000000000, 1.000000000000000000 ) ) ;
#4633 = LINE ( 'NONE', #2710, #2936 ) ;
#4634 = CARTESIAN_POINT ( 'NONE',  ( 29.99999999999996447, -19.99999999999998934, -40.00000000000000000 ) ) ;
#4635 = EDGE_CURVE ( 'NONE', #4175, #4761, #2181, .T. ) ;
#4636 = DIRECTION ( 'NONE',  ( 1.000000000000000000, -0.000000000000000000, -1.998401444325326580E-14 ) ) ;
#4637 = CARTESIAN_POINT ( 'NONE',  ( 29.99999999999998579, -43.49999999999997868, -15.00000000000010125 ) ) ;
#4638 = ORIENTED_EDGE ( 'NONE', *, *, #1773, .T. ) ;
#4639 = CARTESIAN_POINT ( 'NONE',  ( -33.51482129139635902, 26.48518027700475130, 9.999999999999998224 ) ) ;
#4640 = DIRECTION ( 'NONE',  ( 0.000000000000000000, -1.000000000000000000, 4.336808689942017736E-16 ) ) ;
#4641 = ADVANCED_FACE ( 'NONE', ( #1920, #2645 ), #2591, .F. ) ;
#4642 = DIRECTION ( 'NONE',  ( -0.3420201433256729318, -0.9396926207859067626, 0.000000000000000000 ) ) ;
#4643 = AXIS2_PLACEMENT_3D ( 'NONE', #1718, #1744, #2842 ) ;
#4644 = LINE ( 'NONE', #2740, #3482 ) ;
#4645 = ORIENTED_EDGE ( 'NONE', *, *, #3739, .F. ) ;
#4646 = DIRECTION ( 'NONE',  ( 0.000000000000000000, 1.000000000000000000, -0.000000000000000000 ) ) ;
#4647 = ORIENTED_EDGE ( 'NONE', *, *, #1835, .F. ) ;
#4648 = AXIS2_PLACEMENT_3D ( 'NONE', #2157, #270, #4814 ) ;
#4649 = VERTEX_POINT ( 'NONE', #4103 ) ;
#4650 = CARTESIAN_POINT ( 'NONE',  ( -14.30000000000003091, -43.49999999999997868, -12.50000000000011013 ) ) ;
#4651 = VECTOR ( 'NONE', #1877, 1000.000000000000000 ) ;
#4652 = CARTESIAN_POINT ( 'NONE',  ( -14.30000000000007354, 37.32000000000001450, -15.00000000000000000 ) ) ;
#4653 = VECTOR ( 'NONE', #3126, 1000.000000000000114 ) ;
#4654 = ORIENTED_EDGE ( 'NONE', *, *, #4299, .T. ) ;
#4655 = DIRECTION ( 'NONE',  ( -0.000000000000000000, -0.000000000000000000, 1.000000000000000000 ) ) ;
#4656 = VERTEX_POINT ( 'NONE', #1149 ) ;
#4657 = VECTOR ( 'NONE', #1563, 1000.000000000000000 ) ;
#4658 = DIRECTION ( 'NONE',  ( 1.000000000000000000, 0.000000000000000000, 0.000000000000000000 ) ) ;
#4659 = EDGE_CURVE ( 'NONE', #418, #3798, #412, .T. ) ;
#4660 = DIRECTION ( 'NONE',  ( 1.000000000000000000, 0.000000000000000000, 0.000000000000000000 ) ) ;
#4661 = CARTESIAN_POINT ( 'NONE',  ( -90.00000000000004263, -29.99999999999998224, -40.00000000000000000 ) ) ;
#4662 = CARTESIAN_POINT ( 'NONE',  ( 23.75999999999996604, -43.49999999999997868, -15.00000000000010125 ) ) ;
#4663 = ORIENTED_EDGE ( 'NONE', *, *, #2916, .T. ) ;
#4664 = FACE_BOUND ( 'NONE', #2888, .T. ) ;
#4665 = CIRCLE ( 'NONE', #1968, 2.500000000000002220 ) ;
#4666 = EDGE_CURVE ( 'NONE', #3302, #901, #1469, .T. ) ;
#4667 = LINE ( 'NONE', #1661, #1716 ) ;
#4668 = CARTESIAN_POINT ( 'NONE',  ( -39.71596102113355187, 14.45542763696952093, 8.000000000000000000 ) ) ;
#4669 = VECTOR ( 'NONE', #2390, 1000.000000000000000 ) ;
#4670 = CARTESIAN_POINT ( 'NONE',  ( -19.75000000000003553, -25.99999999999998224, 6.000000000000000000 ) ) ;
#4671 = ORIENTED_EDGE ( 'NONE', *, *, #3413, .F. ) ;
#4672 = DIRECTION ( 'NONE',  ( 1.000000000000000000, 0.000000000000000000, 0.000000000000000000 ) ) ;
#4673 = ORIENTED_EDGE ( 'NONE', *, *, #4523, .T. ) ;
#4674 = CIRCLE ( 'NONE', #4598, 4.000000000000000000 ) ;
#4675 = VECTOR ( 'NONE', #2642, 1000.000000000000000 ) ;
#4676 = VERTEX_POINT ( 'NONE', #782 ) ;
#4677 = DIRECTION ( 'NONE',  ( 0.000000000000000000, 1.000000000000000000, -0.000000000000000000 ) ) ;
#4678 = VECTOR ( 'NONE', #868, 1000.000000000000000 ) ;
#4679 = ADVANCED_FACE ( 'NONE', ( #705 ), #2298, .F. ) ;
#4680 = DIRECTION ( 'NONE',  ( -0.3420201433256728762, -0.9396926207859067626, 0.000000000000000000 ) ) ;
#4681 = AXIS2_PLACEMENT_3D ( 'NONE', #4216, #3419, #1977 ) ;
#4682 = ORIENTED_EDGE ( 'NONE', *, *, #4104, .T. ) ;
#4683 = CARTESIAN_POINT ( 'NONE',  ( -19.74999999999994316, 34.00000000000001421, 10.00000000000000178 ) ) ;
#4684 = EDGE_LOOP ( 'NONE', ( #3924, #3347, #2670, #2771 ) ) ;
#4685 = ADVANCED_FACE ( 'NONE', ( #2964 ), #1056, .F. ) ;
#4686 = CARTESIAN_POINT ( 'NONE',  ( -14.30000000000003091, -43.49999999999997868, -11.00000000000010836 ) ) ;
#4687 = LINE ( 'NONE', #4026, #684 ) ;
#4688 = CYLINDRICAL_SURFACE ( 'NONE', #1171, 4.000000000000003553 ) ;
#4689 = EDGE_CURVE ( 'NONE', #4370, #1932, #1312, .T. ) ;
#4690 = CARTESIAN_POINT ( 'NONE',  ( -18.74999999999994671, 37.32000000000001450, -15.00000000000000000 ) ) ;
#4691 = ORIENTED_EDGE ( 'NONE', *, *, #2174, .F. ) ;
#4692 = FACE_BOUND ( 'NONE', #880, .T. ) ;
#4693 = PLANE ( 'NONE',  #4333 ) ;
#4694 = CARTESIAN_POINT ( 'NONE',  ( 23.75000000000003553, -52.49999999999997868, -39.99999999999998579 ) ) ;
#4695 = CARTESIAN_POINT ( 'NONE',  ( -14.30000000000002736, -29.99999999999998224, -2.480654570646838878E-15 ) ) ;
#4696 = VERTEX_POINT ( 'NONE', #1867 ) ;
#4697 = LINE ( 'NONE', #3136, #1970 ) ;
#4698 = ORIENTED_EDGE ( 'NONE', *, *, #1933, .T. ) ;
#4699 = ORIENTED_EDGE ( 'NONE', *, *, #3330, .T. ) ;
#4700 = DIRECTION ( 'NONE',  ( -0.000000000000000000, -0.000000000000000000, 1.000000000000000000 ) ) ;
#4701 = EDGE_CURVE ( 'NONE', #3070, #183, #753, .T. ) ;
#4702 = ORIENTED_EDGE ( 'NONE', *, *, #207, .F. ) ;
#4703 = CARTESIAN_POINT ( 'NONE',  ( 66.55880937064824820, 19.99999999999999289, 8.000000000000000000 ) ) ;
#4704 = VERTEX_POINT ( 'NONE', #2265 ) ;
#4705 = CARTESIAN_POINT ( 'NONE',  ( -60.24122951685644267, -21.36808057330271282, 10.00000000000000000 ) ) ;
#4706 = ORIENTED_EDGE ( 'NONE', *, *, #3508, .T. ) ;
#4707 = CARTESIAN_POINT ( 'NONE',  ( -4.299999999999957190, 20.00000000000001776, -25.00000000000001421 ) ) ;
#4708 = EDGE_CURVE ( 'NONE', #3049, #2463, #3607, .T. ) ;
#4709 = DIRECTION ( 'NONE',  ( -0.000000000000000000, -1.000000000000000000, -0.000000000000000000 ) ) ;
#4710 = CARTESIAN_POINT ( 'NONE',  ( 59.18252779352895487, -21.54067850547703245, 8.000000000000000000 ) ) ;
#4711 = ORIENTED_EDGE ( 'NONE', *, *, #2480, .F. ) ;
#4712 = DIRECTION ( 'NONE',  ( 1.000000000000000000, 0.000000000000000000, 0.000000000000000000 ) ) ;
#4713 = DIRECTION ( 'NONE',  ( 0.000000000000000000, -0.000000000000000000, -1.000000000000000000 ) ) ;
#4714 = CARTESIAN_POINT ( 'NONE',  ( 74.80003888750464114, 21.36808057330268795, 8.000000000000000000 ) ) ;
#4715 = CARTESIAN_POINT ( 'NONE',  ( -4.300000000000025580, -19.99999999999998224, -14.99999999999999467 ) ) ;
#4716 = ORIENTED_EDGE ( 'NONE', *, *, #4444, .F. ) ;
#4717 = SPHERICAL_SURFACE ( 'NONE', #4748, 4.000000000000000000 ) ;
#4718 = ORIENTED_EDGE ( 'NONE', *, *, #2056, .F. ) ;
#4719 = EDGE_CURVE ( 'NONE', #2193, #4469, #2346, .T. ) ;
#4720 = ORIENTED_EDGE ( 'NONE', *, *, #4666, .T. ) ;
#4721 = CARTESIAN_POINT ( 'NONE',  ( 39.99999999999999289, 19.99999999999999645, -40.00000000000000000 ) ) ;
#4722 = ORIENTED_EDGE ( 'NONE', *, *, #2698, .F. ) ;
#4723 = AXIS2_PLACEMENT_3D ( 'NONE', #4074, #3701, #330 ) ;
#4724 = CLOSED_SHELL ( 'NONE', ( #3653, #4124, #1200, #4502, #429, #3 ) ) ;
#4725 = ORIENTED_EDGE ( 'NONE', *, *, #4492, .T. ) ;
#4726 = DIRECTION ( 'NONE',  ( -0.000000000000000000, 1.000000000000000000, 0.000000000000000000 ) ) ;
#4727 = VERTEX_POINT ( 'NONE', #3411 ) ;
#4728 = CARTESIAN_POINT ( 'NONE',  ( -30.00000000000003197, 20.00000000000001066, -40.00000000000000000 ) ) ;
#4729 = CIRCLE ( 'NONE', #4571, 4.000000000000003553 ) ;
#4730 = EDGE_CURVE ( 'NONE', #3342, #3269, #3882, .T. ) ;
#4731 = CARTESIAN_POINT ( 'NONE',  ( -33.44119062935175890, 20.00000000000000000, 8.000000000000000000 ) ) ;
#4732 = AXIS2_PLACEMENT_3D ( 'NONE', #3769, #1444, #1520 ) ;
#4733 = CARTESIAN_POINT ( 'NONE',  ( 82.31757985379189790, 18.63191942669729784, 8.000000000000000000 ) ) ;
#4734 = ORIENTED_EDGE ( 'NONE', *, *, #4361, .T. ) ;
#4735 = DIRECTION ( 'NONE',  ( 1.000000000000000000, 0.000000000000000000, 0.000000000000000000 ) ) ;
#4736 = EDGE_CURVE ( 'NONE', #174, #4746, #885, .T. ) ;
#4737 = VECTOR ( 'NONE', #2538, 1000.000000000000000 ) ;
#4738 = CARTESIAN_POINT ( 'NONE',  ( -40.00000000000000711, 20.00000000000000000, 0.000000000000000000 ) ) ;
#4739 = CARTESIAN_POINT ( 'NONE',  ( -13.68242014620812697, 18.63191942669730494, 8.000000000000000000 ) ) ;
#4740 = CARTESIAN_POINT ( 'NONE',  ( 82.31757985379189790, 18.63191942669729784, 10.00000000000000000 ) ) ;
#4741 = AXIS2_PLACEMENT_3D ( 'NONE', #3683, #16, #38 ) ;
#4742 = EDGE_LOOP ( 'NONE', ( #3644, #2585, #3530, #4638 ) ) ;
#4743 = CARTESIAN_POINT ( 'NONE',  ( -23.75000000000007461, 9.088165269363815455E-14, 10.00000000000000178 ) ) ;
#4744 = ORIENTED_EDGE ( 'NONE', *, *, #4398, .T. ) ;
#4745 = AXIS2_PLACEMENT_3D ( 'NONE', #4683, #909, #1995 ) ;
#4746 = VERTEX_POINT ( 'NONE', #2396 ) ;
#4747 = CARTESIAN_POINT ( 'NONE',  ( -67.97267211103714146, 24.74002939195425199, 8.000000000000000000 ) ) ;
#4748 = AXIS2_PLACEMENT_3D ( 'NONE', #2814, #4646, #950 ) ;
#4749 = ORIENTED_EDGE ( 'NONE', *, *, #2056, .T. ) ;
#4750 = VECTOR ( 'NONE', #2130, 1000.000000000000000 ) ;
#4751 = DIRECTION ( 'NONE',  ( 0.000000000000000000, 0.000000000000000000, 1.000000000000000000 ) ) ;
#4752 = CIRCLE ( 'NONE', #1579, 4.000000000000000000 ) ;
#4753 = PRESENTATION_LAYER_ASSIGNMENT (  '', '', ( #4036 ) ) ;
#4754 = VERTEX_POINT ( 'NONE', #2038 ) ;
#4755 = CARTESIAN_POINT ( 'NONE',  ( 29.99999999999996447, 20.00000000000001066, 0.000000000000000000 ) ) ;
#4756 = EDGE_CURVE ( 'NONE', #2688, #3839, #1201, .T. ) ;
#4757 = AXIS2_PLACEMENT_3D ( 'NONE', #276, #1820, #382 ) ;
#4758 = DIRECTION ( 'NONE',  ( 1.000000000000000000, 0.000000000000000000, 0.000000000000000000 ) ) ;
#4759 = CARTESIAN_POINT ( 'NONE',  ( 62.55880937064824110, 19.99999999999999289, 8.000000000000000000 ) ) ;
#4760 = EDGE_CURVE ( 'NONE', #718, #1358, #2700, .T. ) ;
#4761 = VERTEX_POINT ( 'NONE', #1598 ) ;
#4762 = LINE ( 'NONE', #612, #2454 ) ;
#4763 = FACE_OUTER_BOUND ( 'NONE', #150, .T. ) ;
#4764 = FACE_OUTER_BOUND ( 'NONE', #979, .T. ) ;
#4765 = LINE ( 'NONE', #3274, #2046 ) ;
#4766 = ORIENTED_EDGE ( 'NONE', *, *, #374, .T. ) ;
#4767 = FACE_OUTER_BOUND ( 'NONE', #1020, .T. ) ;
#4768 = ORIENTED_EDGE ( 'NONE', *, *, #3568, .F. ) ;
#4769 = VERTEX_POINT ( 'NONE', #437 ) ;
#4770 = CYLINDRICAL_SURFACE ( 'NONE', #57, 3.999999999999976019 ) ;
#4771 = EDGE_CURVE ( 'NONE', #3153, #3845, #199, .T. ) ;
#4772 = ORIENTED_EDGE ( 'NONE', *, *, #1437, .F. ) ;
#4773 = EDGE_CURVE ( 'NONE', #2379, #4864, #1571, .T. ) ;
#4774 = CARTESIAN_POINT ( 'NONE',  ( -19.75000000000003197, -29.99999999999998224, -39.99999999999999289 ) ) ;
#4775 = CARTESIAN_POINT ( 'NONE',  ( -69.19996111249540149, 21.36808057330269506, 8.000000000000000000 ) ) ;
#4776 = PLANE ( 'NONE',  #3800 ) ;
#4777 = ADVANCED_FACE ( 'NONE', ( #3169 ), #4255, .T. ) ;
#4778 = ORIENTED_EDGE ( 'NONE', *, *, #318, .T. ) ;
#4779 = DIRECTION ( 'NONE',  ( 0.000000000000000000, 0.000000000000000000, -1.000000000000000000 ) ) ;
#4780 = DIRECTION ( 'NONE',  ( 0.000000000000000000, 0.000000000000000000, 1.000000000000000000 ) ) ;
#4781 = ORIENTED_EDGE ( 'NONE', *, *, #856, .T. ) ;
#4782 = DIRECTION ( 'NONE',  ( 0.000000000000000000, 0.000000000000000000, -1.000000000000000000 ) ) ;
#4783 = FACE_OUTER_BOUND ( 'NONE', #2471, .T. ) ;
#4784 = DIRECTION ( 'NONE',  ( 0.000000000000000000, 0.000000000000000000, 1.000000000000000000 ) ) ;
#4785 = DIRECTION ( 'NONE',  ( 1.000000000000000000, 0.000000000000000000, 0.000000000000000000 ) ) ;
#4786 = ORIENTED_EDGE ( 'NONE', *, *, #2084, .F. ) ;
#4787 = CARTESIAN_POINT ( 'NONE',  ( 19.75000000000003553, -33.99999999999997868, -40.00000000000000000 ) ) ;
#4788 = ORIENTED_EDGE ( 'NONE', *, *, #214, .T. ) ;
#4789 = ADVANCED_FACE ( 'NONE', ( #4307 ), #3852, .F. ) ;
#4790 = CARTESIAN_POINT ( 'NONE',  ( -30.59394545374227548, -30.26168225143341672, 9.999999999999996447 ) ) ;
#4791 = CARTESIAN_POINT ( 'NONE',  ( -83.75877048314369233, -18.63191942669732626, 10.00000000000000000 ) ) ;
#4792 = VERTEX_POINT ( 'NONE', #1993 ) ;
#4793 = EDGE_CURVE ( 'NONE', #2703, #2259, #3140, .T. ) ;
#4794 = DIRECTION ( 'NONE',  ( 1.000000000000000000, 0.000000000000000000, 0.000000000000000000 ) ) ;
#4795 = FACE_OUTER_BOUND ( 'NONE', #3099, .T. ) ;
#4796 = CIRCLE ( 'NONE', #1943, 4.000000000000000000 ) ;
#4797 = EDGE_CURVE ( 'NONE', #4469, #2193, #4796, .T. ) ;
#4798 = DIRECTION ( 'NONE',  ( -0.000000000000000000, 0.000000000000000000, 1.000000000000000000 ) ) ;
#4799 = VECTOR ( 'NONE', #2413, 1000.000000000000000 ) ;
#4800 = ORIENTED_EDGE ( 'NONE', *, *, #1549, .T. ) ;
#4801 = DIRECTION ( 'NONE',  ( 1.000000000000000000, 0.000000000000000000, 0.000000000000000000 ) ) ;
#4802 = DIRECTION ( 'NONE',  ( 0.3420201433256724877, 0.9396926207859069846, 0.000000000000000000 ) ) ;
#4803 = VECTOR ( 'NONE', #3052, 1000.000000000000000 ) ;
#4804 = EDGE_LOOP ( 'NONE', ( #1831, #2237, #4744, #2749 ) ) ;
#4805 = EDGE_CURVE ( 'NONE', #3016, #4352, #4082, .T. ) ;
#4806 = DIRECTION ( 'NONE',  ( 0.000000000000000000, 0.000000000000000000, -1.000000000000000000 ) ) ;
#4807 = FACE_OUTER_BOUND ( 'NONE', #3368, .T. ) ;
#4808 = CIRCLE ( 'NONE', #4888, 4.000000000000001776 ) ;
#4809 = CARTESIAN_POINT ( 'NONE',  ( -69.19996111249540149, 21.36808057330269506, 10.00000000000000000 ) ) ;
#4810 = DIRECTION ( 'NONE',  ( 0.000000000000000000, 0.000000000000000000, -1.000000000000000000 ) ) ;
#4811 = ORIENTED_EDGE ( 'NONE', *, *, #434, .T. ) ;
#4812 = DIRECTION ( 'NONE',  ( -1.000000000000000000, 0.000000000000000000, 0.000000000000000000 ) ) ;
#4813 = ORIENTED_EDGE ( 'NONE', *, *, #2849, .F. ) ;
#4814 = DIRECTION ( 'NONE',  ( 0.000000000000000000, 0.000000000000000000, 1.000000000000000000 ) ) ;
#4815 = DIRECTION ( 'NONE',  ( 1.000000000000000000, 0.000000000000000000, 0.000000000000000000 ) ) ;
#4816 = EDGE_CURVE ( 'NONE', #1178, #3900, #2663, .T. ) ;
#4817 = VERTEX_POINT ( 'NONE', #1175 ) ;
#4818 = VECTOR ( 'NONE', #1769, 1000.000000000000000 ) ;
#4819 = CARTESIAN_POINT ( 'NONE',  ( 14.30999999999996497, -43.49999999999997868, -17.50000000000010658 ) ) ;
#4820 = FACE_OUTER_BOUND ( 'NONE', #3494, .T. ) ;
#4821 = AXIS2_PLACEMENT_3D ( 'NONE', #3899, #2436, #1710 ) ;
#4822 = VECTOR ( 'NONE', #1363, 1000.000000000000000 ) ;
#4823 = CARTESIAN_POINT ( 'NONE',  ( 30.92581670362537238, -11.25607675049229961, 8.000000000000000000 ) ) ;
#4824 =( LENGTH_UNIT ( ) NAMED_UNIT ( * ) SI_UNIT ( .MILLI., .METRE. ) );
#4825 = AXIS2_PLACEMENT_3D ( 'NONE', #4520, #2634, #4543 ) ;
#4826 = VECTOR ( 'NONE', #967, 1000.000000000000000 ) ;
#4827 = ORIENTED_EDGE ( 'NONE', *, *, #3842, .F. ) ;
#4828 = DIRECTION ( 'NONE',  ( 0.000000000000000000, 1.000000000000000000, 0.000000000000000000 ) ) ;
#4829 = DIRECTION ( 'NONE',  ( -0.000000000000000000, -0.000000000000000000, 1.000000000000000000 ) ) ;
#4830 = EDGE_CURVE ( 'NONE', #4656, #3839, #1619, .T. ) ;
#4831 = VECTOR ( 'NONE', #3101, 1000.000000000000000 ) ;
#4832 = AXIS2_PLACEMENT_3D ( 'NONE', #2146, #357, #3677 ) ;
#4833 = ORIENTED_EDGE ( 'NONE', *, *, #4730, .F. ) ;
#4834 = DIRECTION ( 'NONE',  ( 1.000000000000000000, 0.000000000000000000, 2.081668171172169253E-16 ) ) ;
#4835 = AXIS2_PLACEMENT_3D ( 'NONE', #657, #1521, #578 ) ;
#4836 = CARTESIAN_POINT ( 'NONE',  ( -4.163336342344337027E-14, -20.00000000000000711, 8.000000000000000000 ) ) ;
#4837 = EDGE_CURVE ( 'NONE', #597, #115, #3511, .T. ) ;
#4838 = CARTESIAN_POINT ( 'NONE',  ( -23.74625017328827781, 33.80212451602456269, -23.04456543916010958 ) ) ;
#4839 = CARTESIAN_POINT ( 'NONE',  ( -16.00000000000004263, -20.00000000000000355, 10.00000000000000000 ) ) ;
#4840 = ORIENTED_EDGE ( 'NONE', *, *, #1309, .T. ) ;
#4841 = DIRECTION ( 'NONE',  ( 0.9396926207859070956, -0.3420201433256724877, 0.000000000000000000 ) ) ;
#4842 = EDGE_LOOP ( 'NONE', ( #3830, #929, #2037, #4768 ) ) ;
#4843 = DIRECTION ( 'NONE',  ( 0.000000000000000000, 1.000000000000000000, 0.000000000000000000 ) ) ;
#4844 = EDGE_CURVE ( 'NONE', #2144, #832, #921, .T. ) ;
#4845 = DIRECTION ( 'NONE',  ( 1.000000000000000000, -0.000000000000000000, 0.000000000000000000 ) ) ;
#4846 = VERTEX_POINT ( 'NONE', #3460 ) ;
#4847 = ORIENTED_EDGE ( 'NONE', *, *, #4919, .F. ) ;
#4848 = DIRECTION ( 'NONE',  ( 0.3420201433256724877, 0.9396926207859069846, 0.000000000000000000 ) ) ;
#4849 = DIRECTION ( 'NONE',  ( -1.000000000000000000, -0.000000000000000000, -0.000000000000000000 ) ) ;
#4850 = DIRECTION ( 'NONE',  ( -1.000000000000000000, 0.000000000000000000, 3.538835890992686473E-15 ) ) ;
#4851 = DIRECTION ( 'NONE',  ( 0.000000000000000000, 0.000000000000000000, 1.000000000000000000 ) ) ;
#4852 = EDGE_CURVE ( 'NONE', #3898, #4754, #56, .T. ) ;
#4853 = EDGE_LOOP ( 'NONE', ( #1057, #3865, #2940, #1972 ) ) ;
#4854 = DIRECTION ( 'NONE',  ( 0.000000000000000000, 0.000000000000000000, -1.000000000000000000 ) ) ;
#4855 = DIRECTION ( 'NONE',  ( 0.000000000000000000, 1.000000000000000000, 0.000000000000000000 ) ) ;
#4856 = EDGE_LOOP ( 'NONE', ( #1088, #1854, #3813, #4706 ) ) ;
#4857 = DIRECTION ( 'NONE',  ( -1.000000000000000000, -0.000000000000000000, -0.000000000000000000 ) ) ;
#4858 = EDGE_CURVE ( 'NONE', #428, #3939, #4231, .T. ) ;
#4859 = CARTESIAN_POINT ( 'NONE',  ( 51.75877048314356443, -21.36808057330271637, 10.00000000000000000 ) ) ;
#4860 = FACE_OUTER_BOUND ( 'NONE', #1297, .T. ) ;
#4861 = CARTESIAN_POINT ( 'NONE',  ( -80.00000000000000000, 20.00000000000000000, -40.00000000000000000 ) ) ;
#4862 = ORIENTED_EDGE ( 'NONE', *, *, #2724, .F. ) ;
#4863 = CARTESIAN_POINT ( 'NONE',  ( 85.99999999999995737, 26.00000000000001421, -40.00000000000000000 ) ) ;
#4864 = VERTEX_POINT ( 'NONE', #2774 ) ;
#4865 = CARTESIAN_POINT ( 'NONE',  ( -4.300000000000026468, -19.99999999999998224, -3.729655473350159412E-16 ) ) ;
#4866 = CARTESIAN_POINT ( 'NONE',  ( 0.000000000000000000, -25.99999999999998224, 6.000000000000000000 ) ) ;
#4867 = ORIENTED_EDGE ( 'NONE', *, *, #4266, .T. ) ;
#4868 = EDGE_CURVE ( 'NONE', #4221, #174, #4286, .T. ) ;
#4869 = EDGE_CURVE ( 'NONE', #3658, #450, #4874, .T. ) ;
#4870 = CARTESIAN_POINT ( 'NONE',  ( -70.00000000000000000, 20.00000000000001776, -12.40000000000000391 ) ) ;
#4871 = DIRECTION ( 'NONE',  ( 0.000000000000000000, 0.000000000000000000, 1.000000000000000000 ) ) ;
#4872 = DIRECTION ( 'NONE',  ( 0.000000000000000000, 0.000000000000000000, -1.000000000000000000 ) ) ;
#4873 = DIRECTION ( 'NONE',  ( 1.000000000000000000, 0.000000000000000000, 0.000000000000000000 ) ) ;
#4874 = CIRCLE ( 'NONE', #4643, 4.000000000000000000 ) ;
#4875 = ORIENTED_EDGE ( 'NONE', *, *, #3774, .F. ) ;
#4876 = CARTESIAN_POINT ( 'NONE',  ( -86.00000000000002842, -29.99999999999998224, -40.00000000000000000 ) ) ;
#4877 = CARTESIAN_POINT ( 'NONE',  ( -65.44119062935176601, 20.00000000000000355, 10.00000000000000000 ) ) ;
#4878 = ORIENTED_EDGE ( 'NONE', *, *, #2218, .F. ) ;
#4879 = EDGE_CURVE ( 'NONE', #641, #1265, #2891, .T. ) ;
#4880 = DIRECTION ( 'NONE',  ( 0.000000000000000000, 1.000000000000000000, 0.000000000000000000 ) ) ;
#4881 = CARTESIAN_POINT ( 'NONE',  ( -14.30000000000003091, -43.49999999999997868, -19.00000000000011369 ) ) ;
#4882 = CARTESIAN_POINT ( 'NONE',  ( -23.64494287673936057, 33.07394371390225984, -21.74456617323426499 ) ) ;
#4883 = AXIS2_PLACEMENT_3D ( 'NONE', #3641, #241, #1799 ) ;
#4884 = PLANE ( 'NONE',  #2135 ) ;
#4885 = VERTEX_POINT ( 'NONE', #4703 ) ;
#4886 = LINE ( 'NONE', #1163, #303 ) ;
#4887 = EDGE_LOOP ( 'NONE', ( #3451, #927 ) ) ;
#4888 = AXIS2_PLACEMENT_3D ( 'NONE', #1966, #830, #2371 ) ;
#4889 = DIRECTION ( 'NONE',  ( 0.000000000000000000, 0.000000000000000000, 1.000000000000000000 ) ) ;
#4890 = DIRECTION ( 'NONE',  ( 0.000000000000000000, 0.000000000000000000, -1.000000000000000000 ) ) ;
#4891 = CIRCLE ( 'NONE', #4095, 4.000000000000003553 ) ;
#4892 = EDGE_LOOP ( 'NONE', ( #4778, #774, #3750, #3600 ) ) ;
#4893 = ORIENTED_EDGE ( 'NONE', *, *, #3320, .T. ) ;
#4894 = AXIS2_PLACEMENT_3D ( 'NONE', #4866, #1858, #1515 ) ;
#4895 = FACE_OUTER_BOUND ( 'NONE', #3453, .T. ) ;
#4896 = LINE ( 'NONE', #2988, #784 ) ;
#4897 = DIRECTION ( 'NONE',  ( 1.000000000000000000, 0.000000000000000000, 0.000000000000000000 ) ) ;
#4898 = VECTOR ( 'NONE', #819, 1000.000000000000000 ) ;
#4899 = CARTESIAN_POINT ( 'NONE',  ( 39.99999999999999289, -20.00000000000000355, -40.00000000000000000 ) ) ;
#4900 = CIRCLE ( 'NONE', #2773, 4.000000000000003553 ) ;
#4901 = EDGE_CURVE ( 'NONE', #4469, #2777, #251, .T. ) ;
#4902 = ORIENTED_EDGE ( 'NONE', *, *, #656, .T. ) ;
#4903 = CARTESIAN_POINT ( 'NONE',  ( 85.99999999999995737, -29.99999999999998224, -40.00000000000000000 ) ) ;
#4904 = ORIENTED_EDGE ( 'NONE', *, *, #4345, .T. ) ;
#4905 = ORIENTED_EDGE ( 'NONE', *, *, #3298, .T. ) ;
#4906 = DIRECTION ( 'NONE',  ( 0.000000000000000000, -0.000000000000000000, 1.000000000000000000 ) ) ;
#4907 = AXIS2_PLACEMENT_3D ( 'NONE', #4365, #2149, #3659 ) ;
#4908 = CIRCLE ( 'NONE', #3560, 3.500000000000008438 ) ;
#4909 = CARTESIAN_POINT ( 'NONE',  ( 46.55880937064824110, 19.99999999999999289, 8.000000000000000000 ) ) ;
#4910 = ADVANCED_FACE ( 'NONE', ( #2491 ), #2513, .F. ) ;
#4911 = LINE ( 'NONE', #1907, #936 ) ;
#4912 = MECHANICAL_DESIGN_GEOMETRIC_PRESENTATION_REPRESENTATION (  '', ( #1348 ), #2535 ) ;
#4913 = AXIS2_PLACEMENT_3D ( 'NONE', #2604, #2176, #4440 ) ;
#4914 = VERTEX_POINT ( 'NONE', #3956 ) ;
#4915 = CYLINDRICAL_SURFACE ( 'NONE', #4425, 4.000000000000003553 ) ;
#4916 = VERTEX_POINT ( 'NONE', #1393 ) ;
#4917 = VECTOR ( 'NONE', #3725, 1000.000000000000000 ) ;
#4918 = DIRECTION ( 'NONE',  ( 0.000000000000000000, 0.000000000000000000, 1.000000000000000000 ) ) ;
#4919 = EDGE_CURVE ( 'NONE', #456, #2905, #1862, .T. ) ;
#4920 = DIRECTION ( 'NONE',  ( -0.000000000000000000, -0.000000000000000000, 1.000000000000000000 ) ) ;
#4921 = ORIENTED_EDGE ( 'NONE', *, *, #1572, .F. ) ;
ENDSEC;
END-ISO-10303-21;
