ISO-10303-21;
HEADER;
FILE_DESCRIPTION (( 'STEP AP214' ),
    '1' );
FILE_NAME ('Copy of Timing belt holder x2.STEP',
    '2026-06-11T15:01:19',
    ( '' ),
    ( '' ),
    'SwSTEP 2.0',
    'SolidWorks 2025',
    '' );
FILE_SCHEMA (( 'AUTOMOTIVE_DESIGN' ));
ENDSEC;

DATA;
#1 = VERTEX_POINT ( 'NONE', #1201 ) ;
#2 = ORIENTED_EDGE ( 'NONE', *, *, #2223, .T. ) ;
#3 = DIRECTION ( 'NONE',  ( 1.000000000000000000, 0.000000000000000000, 0.000000000000000000 ) ) ;
#4 = CARTESIAN_POINT ( 'NONE',  ( 25.87656247006713883, -9.327667429655146947, 586.2536541735638593 ) ) ;
#5 = ORIENTED_EDGE ( 'NONE', *, *, #3095, .T. ) ;
#6 = DIRECTION ( 'NONE',  ( 1.000000000000000000, 0.000000000000000000, 0.000000000000000000 ) ) ;
#7 = DIRECTION ( 'NONE',  ( -0.000000000000000000, 0.000000000000000000, 1.000000000000000000 ) ) ;
#8 = CARTESIAN_POINT ( 'NONE',  ( 1.685726162205709144, 5.672332364581811781, 587.6460073359204443 ) ) ;
#9 = FILL_AREA_STYLE ('',( #2277 ) ) ;
#10 = DIRECTION ( 'NONE',  ( -1.175461362545449852E-16, 1.000000000000000000, -0.000000000000000000 ) ) ;
#11 = DIRECTION ( 'NONE',  ( -1.000000000000000000, 0.000000000000000000, 0.000000000000000000 ) ) ;
#12 =( GEOMETRIC_REPRESENTATION_CONTEXT ( 3 ) GLOBAL_UNCERTAINTY_ASSIGNED_CONTEXT ( ( #1774 ) ) GLOBAL_UNIT_ASSIGNED_CONTEXT ( ( #1329, #1347, #1579 ) ) REPRESENTATION_CONTEXT ( 'NONE', 'WORKASPACE' ) );
#13 = ORIENTED_EDGE ( 'NONE', *, *, #2330, .F. ) ;
#14 = VECTOR ( 'NONE', #2809, 1000.000000000000000 ) ;
#15 = AXIS2_PLACEMENT_3D ( 'NONE', #724, #738, #1004 ) ;
#16 = ORIENTED_EDGE ( 'NONE', *, *, #2572, .F. ) ;
#17 = VECTOR ( 'NONE', #679, 1000.000000000000000 ) ;
#18 = DIRECTION ( 'NONE',  ( 1.175461362545449852E-16, -1.000000000000000000, -0.000000000000000000 ) ) ;
#19 = DIRECTION ( 'NONE',  ( -1.175461362545449852E-16, 1.000000000000000000, 0.000000000000000000 ) ) ;
#20 = VECTOR ( 'NONE', #1325, 1000.000000000000000 ) ;
#21 = ORIENTED_EDGE ( 'NONE', *, *, #2080, .T. ) ;
#22 = EDGE_CURVE ( 'NONE', #1973, #3060, #1226, .T. ) ;
#23 = EDGE_CURVE ( 'NONE', #1304, #3014, #432, .T. ) ;
#24 = CARTESIAN_POINT ( 'NONE',  ( -1.020840149737623381, -0.5776676354181887740, 588.3536541735637684 ) ) ;
#25 = CARTESIAN_POINT ( 'NONE',  ( 23.93545818716621554, -9.213705733401218012, 586.2536541735638593 ) ) ;
#26 = DIRECTION ( 'NONE',  ( -1.000000000000000000, 0.000000000000000000, -0.000000000000000000 ) ) ;
#27 = CARTESIAN_POINT ( 'NONE',  ( -23.36084014973762280, -0.5776676354181914386, 588.2036541735637911 ) ) ;
#28 = CARTESIAN_POINT ( 'NONE',  ( 28.37915983992493807, 2.672332289245519910, 588.2536541735638593 ) ) ;
#29 = ORIENTED_EDGE ( 'NONE', *, *, #832, .F. ) ;
#30 = ORIENTED_EDGE ( 'NONE', *, *, #2654, .T. ) ;
#31 = CYLINDRICAL_SURFACE ( 'NONE', #1714, 0.1499999999999973577 ) ;
#32 = DIRECTION ( 'NONE',  ( -1.175461362545449852E-16, 1.000000000000000000, 0.000000000000000000 ) ) ;
#33 = CARTESIAN_POINT ( 'NONE',  ( -13.88084014973762059, 5.672332364581810005, 588.3536541735637684 ) ) ;
#34 = ORIENTED_EDGE ( 'NONE', *, *, #1478, .F. ) ;
#35 = ORIENTED_EDGE ( 'NONE', *, *, #2822, .T. ) ;
#36 = DIRECTION ( 'NONE',  ( 1.000000000000000000, 0.000000000000000000, 0.000000000000000000 ) ) ;
#37 = DIRECTION ( 'NONE',  ( 1.175461362545449852E-16, -1.000000000000000000, 0.000000000000000000 ) ) ;
#38 = LINE ( 'NONE', #2854, #2232 ) ;
#39 = EDGE_CURVE ( 'NONE', #89, #1899, #2677, .T. ) ;
#40 = LINE ( 'NONE', #795, #2651 ) ;
#41 = CARTESIAN_POINT ( 'NONE',  ( -14.02852980434697194, 5.672332364581810005, 588.2298794651993603 ) ) ;
#42 = VERTEX_POINT ( 'NONE', #152 ) ;
#43 = ORIENTED_EDGE ( 'NONE', *, *, #2159, .F. ) ;
#44 = ORIENTED_EDGE ( 'NONE', *, *, #661, .F. ) ;
#45 = DIRECTION ( 'NONE',  ( 1.000000000000000000, 0.000000000000000000, 0.000000000000000000 ) ) ;
#46 = LINE ( 'NONE', #1306, #1759 ) ;
#47 = ORIENTED_EDGE ( 'NONE', *, *, #2325, .F. ) ;
#48 = VERTEX_POINT ( 'NONE', #1131 ) ;
#49 = CARTESIAN_POINT ( 'NONE',  ( -14.22084014973762045, 5.672332364581810005, 588.3536541735637684 ) ) ;
#50 = ADVANCED_FACE ( 'NONE', ( #443 ), #2460, .F. ) ;
#51 = DIRECTION ( 'NONE',  ( 1.175461362545449852E-16, -1.000000000000000000, -0.000000000000000000 ) ) ;
#52 = CARTESIAN_POINT ( 'NONE',  ( -1.880840149737620148, 5.672332364581810893, 588.2036541735637911 ) ) ;
#53 = DIRECTION ( 'NONE',  ( 1.000000000000000000, 0.000000000000000000, 0.000000000000000000 ) ) ;
#54 = VECTOR ( 'NONE', #2129, 1000.000000000000000 ) ;
#55 = DIRECTION ( 'NONE',  ( 1.175461362545449852E-16, -1.000000000000000000, -0.000000000000000000 ) ) ;
#56 = CIRCLE ( 'NONE', #1966, 0.1499999999999973577 ) ;
#57 = PRESENTATION_LAYER_ASSIGNMENT (  '', '', ( #1435 ) ) ;
#58 = VECTOR ( 'NONE', #3152, 1000.000000000000000 ) ;
#59 = EDGE_LOOP ( 'NONE', ( #2364, #702, #1932, #1026 ) ) ;
#60 = ADVANCED_FACE ( 'NONE', ( #1376 ), #3184, .F. ) ;
#61 = VECTOR ( 'NONE', #2735, 1000.000000000000000 ) ;
#62 = DIRECTION ( 'NONE',  ( 1.000000000000000000, 0.000000000000000000, 0.000000000000000000 ) ) ;
#63 = CARTESIAN_POINT ( 'NONE',  ( -21.02084014973762294, 5.672332364581810005, 588.3536541735637684 ) ) ;
#64 = AXIS2_PLACEMENT_3D ( 'NONE', #259, #2469, #2503 ) ;
#65 = VERTEX_POINT ( 'NONE', #2695 ) ;
#66 = VECTOR ( 'NONE', #2305, 1000.000000000000000 ) ;
#67 = ORIENTED_EDGE ( 'NONE', *, *, #1805, .T. ) ;
#68 = DIRECTION ( 'NONE',  ( 1.175461362545449852E-16, -1.000000000000000000, -0.000000000000000000 ) ) ;
#69 = AXIS2_PLACEMENT_3D ( 'NONE', #2320, #570, #487 ) ;
#70 = DIRECTION ( 'NONE',  ( 1.175461362545449852E-16, -1.000000000000000000, -0.000000000000000000 ) ) ;
#71 = DIRECTION ( 'NONE',  ( 1.000000000000000000, 0.000000000000000000, 0.000000000000000000 ) ) ;
#72 = CARTESIAN_POINT ( 'NONE',  ( -22.22084014973761867, 5.672332364581809117, 588.3536541735637684 ) ) ;
#73 = CARTESIAN_POINT ( 'NONE',  ( -6.620840149737620806, -0.5776676354181894402, 588.1086541735637638 ) ) ;
#74 = ORIENTED_EDGE ( 'NONE', *, *, #2024, .T. ) ;
#75 = ORIENTED_EDGE ( 'NONE', *, *, #1595, .F. ) ;
#76 = ADVANCED_FACE ( 'NONE', ( #1454 ), #624, .T. ) ;
#77 = EDGE_CURVE ( 'NONE', #1584, #1531, #2769, .T. ) ;
#78 = ORIENTED_EDGE ( 'NONE', *, *, #3089, .F. ) ;
#79 = DIRECTION ( 'NONE',  ( 1.000000000000000000, 1.084202172485611547E-16, 0.000000000000000000 ) ) ;
#80 = CARTESIAN_POINT ( 'NONE',  ( -2.028529804346973275, 5.672332364581810893, 588.2298794651993603 ) ) ;
#81 = ORIENTED_EDGE ( 'NONE', *, *, #3052, .T. ) ;
#82 = CIRCLE ( 'NONE', #1831, 0.9999999999999019673 ) ;
#83 = ORIENTED_EDGE ( 'NONE', *, *, #2980, .T. ) ;
#84 = DIRECTION ( 'NONE',  ( -1.175461362545449852E-16, 1.000000000000000000, -0.000000000000000000 ) ) ;
#85 = LINE ( 'NONE', #116, #2552 ) ;
#86 = CYLINDRICAL_SURFACE ( 'NONE', #2823, 0.1499999999999967193 ) ;
#87 = CARTESIAN_POINT ( 'NONE',  ( -1.360840149737623461, -0.5776676354181887740, 588.3536541735637684 ) ) ;
#88 = DIRECTION ( 'NONE',  ( 1.000000000000000000, 0.000000000000000000, 0.000000000000000000 ) ) ;
#89 = VERTEX_POINT ( 'NONE', #1428 ) ;
#90 = ORIENTED_EDGE ( 'NONE', *, *, #1197, .T. ) ;
#91 = CYLINDRICAL_SURFACE ( 'NONE', #2869, 0.9999999999999011902 ) ;
#92 = ORIENTED_EDGE ( 'NONE', *, *, #283, .T. ) ;
#93 = ORIENTED_EDGE ( 'NONE', *, *, #1527, .F. ) ;
#94 = DIRECTION ( 'NONE',  ( 1.175461362545449852E-16, -1.000000000000000000, -0.000000000000000000 ) ) ;
#95 = ADVANCED_FACE ( 'NONE', ( #2138 ), #171, .F. ) ;
#96 = DIRECTION ( 'NONE',  ( 1.175461362545449852E-16, -1.000000000000000000, 0.000000000000000000 ) ) ;
#97 = FACE_OUTER_BOUND ( 'NONE', #3071, .T. ) ;
#98 = DIRECTION ( 'NONE',  ( 1.175461362545449852E-16, -1.000000000000000000, -0.000000000000000000 ) ) ;
#99 = ORIENTED_EDGE ( 'NONE', *, *, #2468, .F. ) ;
#100 = CARTESIAN_POINT ( 'NONE',  ( 0.000000000000000000, 5.922332213909233367, 591.2536541735638593 ) ) ;
#101 = ORIENTED_EDGE ( 'NONE', *, *, #1943, .F. ) ;
#102 = CARTESIAN_POINT ( 'NONE',  ( 0.7868495048718373575, -0.5776676354181885520, 588.2298794651993603 ) ) ;
#103 = ORIENTED_EDGE ( 'NONE', *, *, #183, .F. ) ;
#104 = VECTOR ( 'NONE', #584, 1000.000000000000000 ) ;
#105 = DIRECTION ( 'NONE',  ( 1.175461362545449852E-16, -1.000000000000000000, 0.000000000000000000 ) ) ;
#106 = AXIS2_PLACEMENT_3D ( 'NONE', #1597, #902, #3175 ) ;
#107 = CIRCLE ( 'NONE', #1326, 0.5549999999997765610 ) ;
#108 = ORIENTED_EDGE ( 'NONE', *, *, #1836, .F. ) ;
#109 = AXIS2_PLACEMENT_3D ( 'NONE', #397, #131, #2935 ) ;
#110 = DIRECTION ( 'NONE',  ( 1.175461362545449852E-16, -1.000000000000000000, 0.000000000000000000 ) ) ;
#111 = AXIS2_PLACEMENT_3D ( 'NONE', #787, #547, #2143 ) ;
#112 = CIRCLE ( 'NONE', #1974, 0.1499999999999973577 ) ;
#113 = EDGE_CURVE ( 'NONE', #3074, #459, #3075, .T. ) ;
#114 = ORIENTED_EDGE ( 'NONE', *, *, #39, .F. ) ;
#115 = CARTESIAN_POINT ( 'NONE',  ( -7.213150495128163087, -0.5776676354181895512, 588.2298794651993603 ) ) ;
#116 = CARTESIAN_POINT ( 'NONE',  ( -21.88084014973761882, 5.672332364581809117, 588.3536541735637684 ) ) ;
#117 = CARTESIAN_POINT ( 'NONE',  ( -6.620840149737621694, 5.672332364581810893, 588.1086541735637638 ) ) ;
#118 = EDGE_CURVE ( 'NONE', #1899, #2339, #797, .T. ) ;
#119 = AXIS2_PLACEMENT_3D ( 'NONE', #146, #1156, #1463 ) ;
#120 = VERTEX_POINT ( 'NONE', #387 ) ;
#121 = DIRECTION ( 'NONE',  ( 0.000000000000000000, 0.000000000000000000, -1.000000000000000000 ) ) ;
#122 = CARTESIAN_POINT ( 'NONE',  ( -10.62084014973762081, 5.672332364581810893, 588.1086541735637638 ) ) ;
#123 = VECTOR ( 'NONE', #1675, 1000.000000000000000 ) ;
#124 = DIRECTION ( 'NONE',  ( 1.175461362545449852E-16, -1.000000000000000000, -0.000000000000000000 ) ) ;
#125 = ORIENTED_EDGE ( 'NONE', *, *, #1474, .F. ) ;
#126 = DIRECTION ( 'NONE',  ( 1.175461362545449852E-16, -1.000000000000000000, -0.000000000000000000 ) ) ;
#127 = ORIENTED_EDGE ( 'NONE', *, *, #2618, .F. ) ;
#128 = CARTESIAN_POINT ( 'NONE',  ( -10.92740646168090990, 5.672332364581810893, 587.6460073359205580 ) ) ;
#129 = DIRECTION ( 'NONE',  ( 1.175461362545449852E-16, -1.000000000000000000, -0.000000000000000000 ) ) ;
#130 = DIRECTION ( 'NONE',  ( 1.000000000000000000, 0.000000000000000000, 0.000000000000000000 ) ) ;
#131 = DIRECTION ( 'NONE',  ( 1.175461362545449852E-16, -1.000000000000000000, -0.000000000000000000 ) ) ;
#132 = DIRECTION ( 'NONE',  ( 1.175461362545449852E-16, -1.000000000000000000, -0.000000000000000000 ) ) ;
#133 = EDGE_CURVE ( 'NONE', #2847, #428, #1066, .T. ) ;
#134 = CIRCLE ( 'NONE', #1090, 0.9999999999999003020 ) ;
#135 = EDGE_LOOP ( 'NONE', ( #1631, #1609, #2554, #2881 ) ) ;
#136 = CARTESIAN_POINT ( 'NONE',  ( 25.87656247006713883, -9.327667429655146947, 591.2536541735638593 ) ) ;
#137 = EDGE_LOOP ( 'NONE', ( #2044, #1754, #255, #943 ) ) ;
#138 = DIRECTION ( 'NONE',  ( 1.175461362545449852E-16, -1.000000000000000000, -0.000000000000000000 ) ) ;
#139 = VERTEX_POINT ( 'NONE', #362 ) ;
#140 = VERTEX_POINT ( 'NONE', #1395 ) ;
#141 = EDGE_CURVE ( 'NONE', #1418, #2455, #3028, .T. ) ;
#142 = FACE_OUTER_BOUND ( 'NONE', #2755, .T. ) ;
#143 = ORIENTED_EDGE ( 'NONE', *, *, #2297, .F. ) ;
#144 = DIRECTION ( 'NONE',  ( -1.000000000000000000, 0.000000000000000000, 0.000000000000000000 ) ) ;
#145 = LINE ( 'NONE', #1154, #1807 ) ;
#146 = CARTESIAN_POINT ( 'NONE',  ( 2.119159850262380296, -0.5776676354181884410, 588.2036541735637911 ) ) ;
#147 = LINE ( 'NONE', #1942, #3078 ) ;
#148 = EDGE_CURVE ( 'NONE', #336, #1967, #2915, .T. ) ;
#149 = CARTESIAN_POINT ( 'NONE',  ( 7.039948767139890151, 5.958224389164698209, 586.2536541735638593 ) ) ;
#150 = ORIENTED_EDGE ( 'NONE', *, *, #3094, .T. ) ;
#151 = DIRECTION ( 'NONE',  ( -1.175461362545449852E-16, 1.000000000000000000, -0.000000000000000000 ) ) ;
#152 = CARTESIAN_POINT ( 'NONE',  ( -3.360840149737621907, -0.5776676354181891071, 588.3536541735637684 ) ) ;
#153 = CARTESIAN_POINT ( 'NONE',  ( -15.02084014973762294, 5.672332364581810005, 588.3536541735637684 ) ) ;
#154 = EDGE_CURVE ( 'NONE', #1621, #456, #1749, .T. ) ;
#155 = ORIENTED_EDGE ( 'NONE', *, *, #1296, .T. ) ;
#156 = ORIENTED_EDGE ( 'NONE', *, *, #1603, .F. ) ;
#157 = CARTESIAN_POINT ( 'NONE',  ( -15.88084014973761882, 5.672332364581810005, 588.3536541735637684 ) ) ;
#158 = CARTESIAN_POINT ( 'NONE',  ( 0.7868495048718365803, 5.672332364581810893, 588.2298794651993603 ) ) ;
#159 = AXIS2_PLACEMENT_3D ( 'NONE', #1737, #2233, #2157 ) ;
#160 = ADVANCED_FACE ( 'NONE', ( #2028 ), #3043, .T. ) ;
#161 = ORIENTED_EDGE ( 'NONE', *, *, #215, .T. ) ;
#162 = CARTESIAN_POINT ( 'NONE',  ( 23.93545818716596330, 14.55837031189219388, 591.2536541735638593 ) ) ;
#163 = FACE_OUTER_BOUND ( 'NONE', #59, .T. ) ;
#164 = VERTEX_POINT ( 'NONE', #2766 ) ;
#165 = AXIS2_PLACEMENT_3D ( 'NONE', #1930, #2678, #646 ) ;
#166 = CARTESIAN_POINT ( 'NONE',  ( -6.220840149737619562, -0.5776676354181894402, 588.3536541735637684 ) ) ;
#167 = DIRECTION ( 'NONE',  ( 1.000000000000000000, 1.953517427902596356E-16, 0.000000000000000000 ) ) ;
#168 = AXIS2_PLACEMENT_3D ( 'NONE', #3247, #978, #1992 ) ;
#169 = LINE ( 'NONE', #2733, #1178 ) ;
#170 = CARTESIAN_POINT ( 'NONE',  ( -8.220840149737620450, 5.672332364581810893, 588.3536541735637684 ) ) ;
#171 = CYLINDRICAL_SURFACE ( 'NONE', #843, 0.9999999999999003020 ) ;
#172 = CARTESIAN_POINT ( 'NONE',  ( -7.880840149737619704, 5.672332364581810893, 588.2036541735637911 ) ) ;
#173 = VERTEX_POINT ( 'NONE', #523 ) ;
#174 = AXIS2_PLACEMENT_3D ( 'NONE', #2705, #413, #3227 ) ;
#175 = ORIENTED_EDGE ( 'NONE', *, *, #3094, .F. ) ;
#176 = DIRECTION ( 'NONE',  ( 1.000000000000000000, 0.000000000000000000, 0.000000000000000000 ) ) ;
#177 = CARTESIAN_POINT ( 'NONE',  ( -1.880840149737619704, -0.5776676354181888851, 588.2036541735637911 ) ) ;
#178 = VERTEX_POINT ( 'NONE', #2040 ) ;
#179 = CARTESIAN_POINT ( 'NONE',  ( -23.36084014973762280, -0.5776676354181914386, 588.3536541735637684 ) ) ;
#180 = ORIENTED_EDGE ( 'NONE', *, *, #1133, .F. ) ;
#181 = DIRECTION ( 'NONE',  ( 1.000000000000000000, 0.000000000000000000, 0.000000000000000000 ) ) ;
#182 = DIRECTION ( 'NONE',  ( -1.175461362545449852E-16, 1.000000000000000000, -0.000000000000000000 ) ) ;
#183 = EDGE_CURVE ( 'NONE', #480, #1950, #1310, .T. ) ;
#184 = ORIENTED_EDGE ( 'NONE', *, *, #2740, .F. ) ;
#185 = CARTESIAN_POINT ( 'NONE',  ( 7.624544602761292644, 5.987713551310218207, 591.2536541735638593 ) ) ;
#186 = DIRECTION ( 'NONE',  ( 1.175461362545449852E-16, -1.000000000000000000, 0.000000000000000000 ) ) ;
#187 = DIRECTION ( 'NONE',  ( 1.000000000000000000, 0.000000000000000000, 0.000000000000000000 ) ) ;
#188 = CARTESIAN_POINT ( 'NONE',  ( -9.880840149737620592, 5.672332364581810893, 588.2036541735637911 ) ) ;
#189 = ORIENTED_EDGE ( 'NONE', *, *, #469, .F. ) ;
#190 = ORIENTED_EDGE ( 'NONE', *, *, #394, .T. ) ;
#191 = DIRECTION ( 'NONE',  ( 1.175461362545449852E-16, -1.000000000000000000, -0.000000000000000000 ) ) ;
#192 = ORIENTED_EDGE ( 'NONE', *, *, #2531, .T. ) ;
#193 = DIRECTION ( 'NONE',  ( 1.175461362545449852E-16, -1.000000000000000000, 0.000000000000000000 ) ) ;
#194 = DIRECTION ( 'NONE',  ( 1.175461362545449852E-16, -1.000000000000000000, -0.000000000000000000 ) ) ;
#195 = ORIENTED_EDGE ( 'NONE', *, *, #709, .T. ) ;
#196 = DIRECTION ( 'NONE',  ( 1.175461362545449852E-16, -1.000000000000000000, -0.000000000000000000 ) ) ;
#197 = FACE_OUTER_BOUND ( 'NONE', #1423, .T. ) ;
#198 = EDGE_CURVE ( 'NONE', #906, #1584, #690, .T. ) ;
#199 = ADVANCED_FACE ( 'NONE', ( #2299 ), #202, .F. ) ;
#200 = CARTESIAN_POINT ( 'NONE',  ( 5.886912661604474017, 5.922332213909233367, 586.2536541735638593 ) ) ;
#201 = CARTESIAN_POINT ( 'NONE',  ( 2.379159850262375642, 5.672332364581811781, 588.3536541735637684 ) ) ;
#202 = PLANE ( 'NONE',  #1591 ) ;
#203 = DIRECTION ( 'NONE',  ( -1.175461362545449852E-16, 1.000000000000000000, -0.000000000000000000 ) ) ;
#204 = ORIENTED_EDGE ( 'NONE', *, *, #2886, .T. ) ;
#205 = ORIENTED_EDGE ( 'NONE', *, *, #660, .T. ) ;
#206 = CARTESIAN_POINT ( 'NONE',  ( 25.87656247006680132, 14.67233200814618677, 591.2536541735638593 ) ) ;
#207 = ORIENTED_EDGE ( 'NONE', *, *, #1562, .T. ) ;
#208 = LINE ( 'NONE', #1529, #2342 ) ;
#209 = CARTESIAN_POINT ( 'NONE',  ( 0.9791598502623777289, 5.672332364581810893, 588.3536541735637684 ) ) ;
#210 = AXIS2_PLACEMENT_3D ( 'NONE', #188, #1697, #3238 ) ;
#211 = ORIENTED_EDGE ( 'NONE', *, *, #2063, .F. ) ;
#212 = CARTESIAN_POINT ( 'NONE',  ( -14.31427383779428908, 5.672332364581810005, 587.6460073359204443 ) ) ;
#213 = CIRCLE ( 'NONE', #2066, 0.1499999999999973577 ) ;
#214 = CARTESIAN_POINT ( 'NONE',  ( -13.88084014973762059, -0.5776676354181903283, 588.2036541735637911 ) ) ;
#215 = EDGE_CURVE ( 'NONE', #2732, #272, #1904, .T. ) ;
#216 = AXIS2_PLACEMENT_3D ( 'NONE', #3099, #1359, #868 ) ;
#217 = CARTESIAN_POINT ( 'NONE',  ( 23.93545818716596330, 14.55837031189219388, 586.2536541735638593 ) ) ;
#218 = VECTOR ( 'NONE', #2748, 1000.000000000000000 ) ;
#219 = CARTESIAN_POINT ( 'NONE',  ( -3.360840149737621907, -0.5776676354181891071, 588.2036541735637911 ) ) ;
#220 = CARTESIAN_POINT ( 'NONE',  ( 18.19134521145605987, -6.996072174592034010, 586.2536541735638593 ) ) ;
#221 = ADVANCED_FACE ( 'NONE', ( #497 ), #2798, .F. ) ;
#222 = EDGE_CURVE ( 'NONE', #178, #2788, #1491, .T. ) ;
#223 = DIRECTION ( 'NONE',  ( 1.175461362545449852E-16, -1.000000000000000000, 0.000000000000000000 ) ) ;
#224 = CIRCLE ( 'NONE', #1599, 0.9999999999999003020 ) ;
#225 = AXIS2_PLACEMENT_3D ( 'NONE', #2312, #37, #2055 ) ;
#226 = ORIENTED_EDGE ( 'NONE', *, *, #765, .T. ) ;
#227 = VECTOR ( 'NONE', #2374, 1000.000000000000000 ) ;
#228 = ORIENTED_EDGE ( 'NONE', *, *, #2061, .F. ) ;
#229 = AXIS2_PLACEMENT_3D ( 'NONE', #1126, #328, #2356 ) ;
#230 = CARTESIAN_POINT ( 'NONE',  ( 5.886912661604474017, 5.922332213909233367, 586.2536541735638593 ) ) ;
#231 = DIRECTION ( 'NONE',  ( -1.175461362545449852E-16, 1.000000000000000000, -0.000000000000000000 ) ) ;
#232 = ORIENTED_EDGE ( 'NONE', *, *, #1722, .F. ) ;
#233 = CARTESIAN_POINT ( 'NONE',  ( -9.360840149737622795, 5.672332364581810893, 588.3536541735637684 ) ) ;
#234 = EDGE_CURVE ( 'NONE', #2737, #1040, #267, .T. ) ;
#235 = DIRECTION ( 'NONE',  ( 1.000000000000000000, 2.351549421018650394E-16, 0.000000000000000000 ) ) ;
#236 = DIRECTION ( 'NONE',  ( 1.175461362545449852E-16, -1.000000000000000000, -0.000000000000000000 ) ) ;
#237 = PLANE ( 'NONE',  #840 ) ;
#238 = CARTESIAN_POINT ( 'NONE',  ( 1.685726162205709810, -0.5776676354181884410, 587.6460073359204443 ) ) ;
#239 = ADVANCED_FACE ( 'NONE', ( #1030 ), #1734, .T. ) ;
#240 = EDGE_LOOP ( 'NONE', ( #912, #1829, #710, #2532 ) ) ;
#241 = VECTOR ( 'NONE', #595, 1000.000000000000000 ) ;
#242 = ORIENTED_EDGE ( 'NONE', *, *, #1796, .T. ) ;
#243 = EDGE_CURVE ( 'NONE', #2904, #2293, #107, .T. ) ;
#244 = CARTESIAN_POINT ( 'NONE',  ( 8.192209419069490295, 6.065744996343109818, 586.2536541735638593 ) ) ;
#245 = MANIFOLD_SOLID_BREP ( 'Enl\X2\00e8\X0\v. mat.-Extru.2', #316 ) ;
#246 = CARTESIAN_POINT ( 'NONE',  ( 0.000000000000000000, 0.000000000000000000, 588.2536541735638593 ) ) ;
#247 = ORIENTED_EDGE ( 'NONE', *, *, #725, .T. ) ;
#248 = ORIENTED_EDGE ( 'NONE', *, *, #1047, .T. ) ;
#249 = CARTESIAN_POINT ( 'NONE',  ( -0.2208401497376221156, 5.672332364581810893, 588.3536541735637684 ) ) ;
#250 = LINE ( 'NONE', #1280, #1384 ) ;
#251 = CARTESIAN_POINT ( 'NONE',  ( -13.36084014973762280, 5.672332364581810893, 588.2036541735637911 ) ) ;
#252 = CARTESIAN_POINT ( 'NONE',  ( 0.000000000000000000, 5.922332213909233367, 591.2536541735638593 ) ) ;
#253 = LINE ( 'NONE', #2279, #1730 ) ;
#254 = EDGE_CURVE ( 'NONE', #528, #2850, #1850, .T. ) ;
#255 = ORIENTED_EDGE ( 'NONE', *, *, #2721, .F. ) ;
#256 = EDGE_CURVE ( 'NONE', #3060, #1973, #1116, .T. ) ;
#257 = PRODUCT ( 'Copy of Timing belt holder x2', 'Copy of Timing belt holder x2', '', ( #1183 ) ) ;
#258 = ORIENTED_EDGE ( 'NONE', *, *, #2041, .F. ) ;
#259 = CARTESIAN_POINT ( 'NONE',  ( -7.360840149737622795, 5.672332364581810893, 588.3536541735637684 ) ) ;
#260 = CYLINDRICAL_SURFACE ( 'NONE', #1703, 0.1499999999999973577 ) ;
#261 = ADVANCED_FACE ( 'NONE', ( #97 ), #1793, .T. ) ;
#262 = ORIENTED_EDGE ( 'NONE', *, *, #730, .F. ) ;
#263 = ORIENTED_EDGE ( 'NONE', *, *, #1543, .F. ) ;
#264 = AXIS2_PLACEMENT_3D ( 'NONE', #282, #1295, #1041 ) ;
#265 = CARTESIAN_POINT ( 'NONE',  ( -0.9274064616809114536, 5.672332364581810893, 587.6460073359205580 ) ) ;
#266 = CARTESIAN_POINT ( 'NONE',  ( 8.192209419069419241, -0.7210804178520435759, 586.2536541735638593 ) ) ;
#267 = LINE ( 'NONE', #2541, #2866 ) ;
#268 = AXIS2_PLACEMENT_3D ( 'NONE', #2416, #411, #2950 ) ;
#269 = CARTESIAN_POINT ( 'NONE',  ( 2.379159850262375642, 5.672332364581811781, 589.0536541735638139 ) ) ;
#270 = CARTESIAN_POINT ( 'NONE',  ( -11.88084014973762059, -0.5776676354181901063, 588.3536541735637684 ) ) ;
#271 = AXIS2_PLACEMENT_3D ( 'NONE', #1263, #236, #1251 ) ;
#272 = VERTEX_POINT ( 'NONE', #554 ) ;
#273 = AXIS2_PLACEMENT_3D ( 'NONE', #530, #1542, #279 ) ;
#274 = VECTOR ( 'NONE', #546, 1000.000000000000000 ) ;
#275 = ORIENTED_EDGE ( 'NONE', *, *, #2186, .T. ) ;
#276 = AXIS2_PLACEMENT_3D ( 'NONE', #219, #151, #2476 ) ;
#277 = CARTESIAN_POINT ( 'NONE',  ( -21.88084014973761882, -0.5776676354181913275, 588.3536541735637684 ) ) ;
#278 = ADVANCED_FACE ( 'NONE', ( #2579 ), #2591, .T. ) ;
#279 = DIRECTION ( 'NONE',  ( 1.000000000000000000, 0.000000000000000000, 0.000000000000000000 ) ) ;
#280 = VECTOR ( 'NONE', #1791, 1000.000000000000000 ) ;
#281 = VERTEX_POINT ( 'NONE', #1852 ) ;
#282 = CARTESIAN_POINT ( 'NONE',  ( 25.87915985026242893, 2.672332289245519465, 591.2536541735638593 ) ) ;
#283 = EDGE_CURVE ( 'NONE', #272, #336, #38, .T. ) ;
#284 = CARTESIAN_POINT ( 'NONE',  ( 0.6391598502623774269, 5.672332364581810893, 588.3536541735637684 ) ) ;
#285 = ADVANCED_FACE ( 'NONE', ( #1313 ), #1062, .T. ) ;
#286 = PLANE ( 'NONE',  #2983 ) ;
#287 = DIRECTION ( 'NONE',  ( 1.000000000000000000, 0.000000000000000000, 0.000000000000000000 ) ) ;
#288 = CARTESIAN_POINT ( 'NONE',  ( 28.37915983992493807, 2.672332289245519910, 586.2536541735638593 ) ) ;
#289 = DIRECTION ( 'NONE',  ( 1.000000000000000000, 0.000000000000000000, 0.000000000000000000 ) ) ;
#290 = ORIENTED_EDGE ( 'NONE', *, *, #977, .F. ) ;
#291 = ORIENTED_EDGE ( 'NONE', *, *, #2892, .T. ) ;
#292 = CARTESIAN_POINT ( 'NONE',  ( -13.21315049512816486, 5.672332364581810893, 588.2298794651993603 ) ) ;
#293 = CARTESIAN_POINT ( 'NONE',  ( -9.880840149737620592, 5.672332364581810893, 588.3536541735637684 ) ) ;
#294 = ADVANCED_FACE ( 'NONE', ( #1299 ), #86, .T. ) ;
#295 = VERTEX_POINT ( 'NONE', #2327 ) ;
#296 = CARTESIAN_POINT ( 'NONE',  ( -23.62084014973756041, -0.5776676354181942141, 591.2536541735638593 ) ) ;
#297 = CARTESIAN_POINT ( 'NONE',  ( 6.067297478562686308, -0.5832629384845411380, 586.2536541735638593 ) ) ;
#298 = DIRECTION ( 'NONE',  ( 1.175461362545449852E-16, -1.000000000000000000, -0.000000000000000000 ) ) ;
#299 = DIRECTION ( 'NONE',  ( 1.175461362545449852E-16, -1.000000000000000000, -0.000000000000000000 ) ) ;
#300 = CARTESIAN_POINT ( 'NONE',  ( -10.31427383779428908, 5.672332364581810893, 587.6460073359204443 ) ) ;
#301 = EDGE_LOOP ( 'NONE', ( #865, #2693, #2015, #472 ) ) ;
#302 = ORIENTED_EDGE ( 'NONE', *, *, #2631, .T. ) ;
#303 = VERTEX_POINT ( 'NONE', #2313 ) ;
#304 = LINE ( 'NONE', #2599, #2350 ) ;
#305 = CARTESIAN_POINT ( 'NONE',  ( -12.62084014973762081, 5.672332364581810893, 588.1086541735637638 ) ) ;
#306 = EDGE_LOOP ( 'NONE', ( #1583, #2894, #1393, #2377 ) ) ;
#307 = EDGE_LOOP ( 'NONE', ( #2717, #520, #1727, #2704 ) ) ;
#308 = CYLINDRICAL_SURFACE ( 'NONE', #3246, 0.9999999999999019673 ) ;
#309 = CARTESIAN_POINT ( 'NONE',  ( -15.88084014973761882, 5.672332364581810005, 588.3536541735637684 ) ) ;
#310 = DIRECTION ( 'NONE',  ( 1.175461362545449852E-16, -1.000000000000000000, -0.000000000000000000 ) ) ;
#311 = FACE_OUTER_BOUND ( 'NONE', #916, .T. ) ;
#312 = AXIS2_PLACEMENT_3D ( 'NONE', #390, #2600, #2633 ) ;
#313 = LINE ( 'NONE', #1110, #2626 ) ;
#314 = CIRCLE ( 'NONE', #2166, 0.1499999999999973577 ) ;
#315 = ORIENTED_EDGE ( 'NONE', *, *, #133, .T. ) ;
#316 = CLOSED_SHELL ( 'NONE', ( #1193, #893, #2336, #1067, #1294, #2295, #2246, #900, #1726, #2699, #576, #1032, #474, #3243, #2635, #603, #1054, #597, #2744, #822, #2366, #1072, #377, #2307, #294, #429, #320, #747, #2851, #2178, #261, #863, #516, #2023, #742, #2002, #2205, #199, #784, #1949, #403, #854, #1804, #1914, #1357, #1601, #2646, #2154, #371, #1878, #76, #3259, #50, #3046, #239, #568, #455, #2575, #485, #1096, #1289, #1273, #2489, #667, #1687, #95, #1440, #1739, #1673, #2464, #2803, #3145, #1293, #1705, #2954, #2856, #2592, #1255, #563, #1581, #160, #2185, #2101, #1678, #278, #2911, #285, #2550, #221, #60, #3194, #2999, #2046 ) ) ;
#317 = VECTOR ( 'NONE', #2344, 1000.000000000000000 ) ;
#318 = ORIENTED_EDGE ( 'NONE', *, *, #1078, .F. ) ;
#319 = DIRECTION ( 'NONE',  ( 1.175461362545449852E-16, -1.000000000000000000, -0.000000000000000000 ) ) ;
#320 = ADVANCED_FACE ( 'NONE', ( #1567 ), #344, .T. ) ;
#321 = EDGE_CURVE ( 'NONE', #2136, #3064, #224, .T. ) ;
#322 = CARTESIAN_POINT ( 'NONE',  ( -15.02084014973762294, 5.672332364581810005, 588.3536541735637684 ) ) ;
#323 = AXIS2_PLACEMENT_3D ( 'NONE', #1896, #110, #1955 ) ;
#324 = ORIENTED_EDGE ( 'NONE', *, *, #1870, .F. ) ;
#325 = AXIS2_PLACEMENT_3D ( 'NONE', #2527, #2808, #1550 ) ;
#326 = CIRCLE ( 'NONE', #2242, 0.9999999999999011902 ) ;
#327 = ORIENTED_EDGE ( 'NONE', *, *, #770, .T. ) ;
#328 = DIRECTION ( 'NONE',  ( 1.175461362545449852E-16, -1.000000000000000000, 0.000000000000000000 ) ) ;
#329 = CIRCLE ( 'NONE', #2727, 0.9999999999999011902 ) ;
#330 = FACE_OUTER_BOUND ( 'NONE', #2583, .T. ) ;
#331 = DIRECTION ( 'NONE',  ( 1.000000000000000000, 0.000000000000000000, 0.000000000000000000 ) ) ;
#332 = DIRECTION ( 'NONE',  ( -1.175461362545449852E-16, 1.000000000000000000, -0.000000000000000000 ) ) ;
#333 = DIRECTION ( 'NONE',  ( -1.000000000000000000, 0.000000000000000000, -0.000000000000000000 ) ) ;
#334 = ORIENTED_EDGE ( 'NONE', *, *, #1658, .T. ) ;
#335 = CARTESIAN_POINT ( 'NONE',  ( 18.19134521145605987, -6.996072174592034010, 591.2536541735638593 ) ) ;
#336 = VERTEX_POINT ( 'NONE', #2609 ) ;
#337 = EDGE_CURVE ( 'NONE', #1621, #2687, #2387, .T. ) ;
#338 = VERTEX_POINT ( 'NONE', #2118 ) ;
#339 = CARTESIAN_POINT ( 'NONE',  ( -7.020840149737622937, 5.672332364581810893, 588.3536541735637684 ) ) ;
#340 = EDGE_CURVE ( 'NONE', #637, #3014, #2873, .T. ) ;
#341 = ORIENTED_EDGE ( 'NONE', *, *, #2709, .F. ) ;
#342 = CYLINDRICAL_SURFACE ( 'NONE', #1504, 0.5549999999997778932 ) ;
#343 = CARTESIAN_POINT ( 'NONE',  ( -15.02084014973762294, -0.5776676354181904394, 588.3536541735637684 ) ) ;
#344 = CYLINDRICAL_SURFACE ( 'NONE', #1230, 0.1499999999999969136 ) ;
#345 = DIRECTION ( 'NONE',  ( 1.175461362545449852E-16, -1.000000000000000000, 0.000000000000000000 ) ) ;
#346 = ORIENTED_EDGE ( 'NONE', *, *, #3212, .F. ) ;
#347 = DIRECTION ( 'NONE',  ( 1.000000000000000000, 0.000000000000000000, 0.000000000000000000 ) ) ;
#348 = ORIENTED_EDGE ( 'NONE', *, *, #769, .F. ) ;
#349 = CARTESIAN_POINT ( 'NONE',  ( -11.36084014973762280, 5.672332364581810893, 588.3536541735637684 ) ) ;
#350 = ORIENTED_EDGE ( 'NONE', *, *, #2018, .T. ) ;
#351 = CYLINDRICAL_SURFACE ( 'NONE', #2014, 0.9999999999999003020 ) ;
#352 = ORIENTED_EDGE ( 'NONE', *, *, #770, .F. ) ;
#353 = EDGE_CURVE ( 'NONE', #3047, #1859, #3239, .T. ) ;
#354 = EDGE_CURVE ( 'NONE', #2355, #600, #2772, .T. ) ;
#355 = ORIENTED_EDGE ( 'NONE', *, *, #254, .T. ) ;
#356 = DIRECTION ( 'NONE',  ( -1.175461362545449852E-16, 1.000000000000000000, -0.000000000000000000 ) ) ;
#357 = CARTESIAN_POINT ( 'NONE',  ( -17.88084014973761882, 5.672332364581810005, 588.2036541735637911 ) ) ;
#358 = EDGE_CURVE ( 'NONE', #2268, #2136, #2714, .T. ) ;
#359 = CARTESIAN_POINT ( 'NONE',  ( -1.360840149737624127, 5.672332364581810893, 588.3536541735637684 ) ) ;
#360 = ORIENTED_EDGE ( 'NONE', *, *, #3037, .F. ) ;
#361 = CARTESIAN_POINT ( 'NONE',  ( 9.954485713224210386, -1.394427912087249588, 591.2536541735638593 ) ) ;
#362 = CARTESIAN_POINT ( 'NONE',  ( -18.31427383779429263, -0.5776676354181908835, 587.6460073359204443 ) ) ;
#363 = AXIS2_PLACEMENT_3D ( 'NONE', #3141, #1136, #864 ) ;
#364 = LINE ( 'NONE', #3166, #58 ) ;
#365 = ORIENTED_EDGE ( 'NONE', *, *, #1772, .F. ) ;
#366 = CIRCLE ( 'NONE', #1006, 0.1499999999999973577 ) ;
#367 = CARTESIAN_POINT ( 'NONE',  ( 2.379159850262375642, 5.672332364581811781, 589.0536541735638139 ) ) ;
#368 = AXIS2_PLACEMENT_3D ( 'NONE', #2314, #1551, #2542 ) ;
#369 = AXIS2_PLACEMENT_3D ( 'NONE', #2563, #310, #71 ) ;
#370 = ORIENTED_EDGE ( 'NONE', *, *, #1408, .F. ) ;
#371 = ADVANCED_FACE ( 'NONE', ( #471 ), #2405, .T. ) ;
#372 = VECTOR ( 'NONE', #1612, 1000.000000000000000 ) ;
#373 = LINE ( 'NONE', #2415, #542 ) ;
#374 = AXIS2_PLACEMENT_3D ( 'NONE', #63, #105, #2905 ) ;
#375 = AXIS2_PLACEMENT_3D ( 'NONE', #1138, #1385, #2132 ) ;
#376 = ORIENTED_EDGE ( 'NONE', *, *, #2368, .T. ) ;
#377 = ADVANCED_FACE ( 'NONE', ( #3248 ), #726, .F. ) ;
#378 = LINE ( 'NONE', #1388, #2724 ) ;
#379 = VECTOR ( 'NONE', #416, 1000.000000000000000 ) ;
#380 = DIRECTION ( 'NONE',  ( -0.000000000000000000, 0.000000000000000000, 1.000000000000000000 ) ) ;
#381 = CARTESIAN_POINT ( 'NONE',  ( -19.36084014973762280, -0.5776676354181909945, 588.3536541735637684 ) ) ;
#382 = EDGE_CURVE ( 'NONE', #1516, #1719, #2885, .T. ) ;
#383 = VECTOR ( 'NONE', #2539, 1000.000000000000000 ) ;
#384 = EDGE_CURVE ( 'NONE', #3168, #768, #2977, .T. ) ;
#385 = VERTEX_POINT ( 'NONE', #1244 ) ;
#386 = DIRECTION ( 'NONE',  ( 1.175461362545449852E-16, -1.000000000000000000, -0.000000000000000000 ) ) ;
#387 = CARTESIAN_POINT ( 'NONE',  ( -2.314273837794290412, -0.5776676354181888851, 587.6460073359204443 ) ) ;
#388 = CARTESIAN_POINT ( 'NONE',  ( -20.92740646168090990, 5.672332364581810005, 587.6460073359205580 ) ) ;
#389 = EDGE_LOOP ( 'NONE', ( #1778, #370, #43, #543 ) ) ;
#390 = CARTESIAN_POINT ( 'NONE',  ( -13.36084014973762280, -0.5776676354181902173, 588.2036541735637911 ) ) ;
#391 = ORIENTED_EDGE ( 'NONE', *, *, #2789, .F. ) ;
#392 = DIRECTION ( 'NONE',  ( 1.175461362545449852E-16, -1.000000000000000000, -0.000000000000000000 ) ) ;
#393 = FACE_OUTER_BOUND ( 'NONE', #1104, .T. ) ;
#394 = EDGE_CURVE ( 'NONE', #1967, #2097, #896, .T. ) ;
#395 = ORIENTED_EDGE ( 'NONE', *, *, #704, .T. ) ;
#396 = CARTESIAN_POINT ( 'NONE',  ( -16.62084014973762436, -0.5776676354181906614, 588.1086541735637638 ) ) ;
#397 = CARTESIAN_POINT ( 'NONE',  ( -9.020840149737622937, 5.672332364581810893, 588.3536541735637684 ) ) ;
#398 = CIRCLE ( 'NONE', #2142, 0.5549999999997761169 ) ;
#399 = VECTOR ( 'NONE', #1253, 1000.000000000000000 ) ;
#400 = ORIENTED_EDGE ( 'NONE', *, *, #1439, .F. ) ;
#401 = DIRECTION ( 'NONE',  ( 1.175461362545449852E-16, -1.000000000000000000, 0.000000000000000000 ) ) ;
#402 = ORIENTED_EDGE ( 'NONE', *, *, #1838, .T. ) ;
#403 = ADVANCED_FACE ( 'NONE', ( #1391 ), #2385, .F. ) ;
#404 = DIRECTION ( 'NONE',  ( 1.000000000000000000, 0.000000000000000000, 0.000000000000000000 ) ) ;
#405 = ORIENTED_EDGE ( 'NONE', *, *, #222, .T. ) ;
#406 = ORIENTED_EDGE ( 'NONE', *, *, #1943, .T. ) ;
#407 = CARTESIAN_POINT ( 'NONE',  ( -6.220840149737620450, 5.672332364581810893, 588.3536541735637684 ) ) ;
#408 = DIRECTION ( 'NONE',  ( 1.175461362545449852E-16, -1.000000000000000000, -0.000000000000000000 ) ) ;
#409 = ORIENTED_EDGE ( 'NONE', *, *, #1836, .T. ) ;
#410 = DIRECTION ( 'NONE',  ( 1.175461362545449852E-16, -1.000000000000000000, -0.000000000000000000 ) ) ;
#411 = DIRECTION ( 'NONE',  ( -1.000000000000000000, 0.000000000000000000, 0.000000000000000000 ) ) ;
#412 = ORIENTED_EDGE ( 'NONE', *, *, #2510, .F. ) ;
#413 = DIRECTION ( 'NONE',  ( 1.175461362545449852E-16, -1.000000000000000000, -0.000000000000000000 ) ) ;
#414 = ORIENTED_EDGE ( 'NONE', *, *, #2110, .T. ) ;
#415 = DIRECTION ( 'NONE',  ( -1.000000000000000000, 0.000000000000000000, -0.000000000000000000 ) ) ;
#416 = DIRECTION ( 'NONE',  ( 1.175461362545449852E-16, -1.000000000000000000, -0.000000000000000000 ) ) ;
#417 = EDGE_CURVE ( 'NONE', #2150, #1570, #2470, .T. ) ;
#418 = ORIENTED_EDGE ( 'NONE', *, *, #2893, .F. ) ;
#419 = CARTESIAN_POINT ( 'NONE',  ( -6.220840149737620450, 5.672332364581810893, 588.3536541735637684 ) ) ;
#420 = CARTESIAN_POINT ( 'NONE',  ( -3.880840149737618816, 5.672332364581810893, 588.2036541735637911 ) ) ;
#421 = DIRECTION ( 'NONE',  ( -0.000000000000000000, 0.000000000000000000, 1.000000000000000000 ) ) ;
#422 = ORIENTED_EDGE ( 'NONE', *, *, #1296, .F. ) ;
#423 = EDGE_CURVE ( 'NONE', #2293, #3168, #1070, .T. ) ;
#424 = ORIENTED_EDGE ( 'NONE', *, *, #2325, .T. ) ;
#425 = DIRECTION ( 'NONE',  ( 1.000000000000000000, 0.000000000000000000, 0.000000000000000000 ) ) ;
#426 = CARTESIAN_POINT ( 'NONE',  ( -12.92740646168090990, -0.5776676354181902173, 587.6460073359205580 ) ) ;
#427 = AXIS2_PLACEMENT_3D ( 'NONE', #1151, #1221, #1205 ) ;
#428 = VERTEX_POINT ( 'NONE', #621 ) ;
#429 = ADVANCED_FACE ( 'NONE', ( #1902 ), #2149, .F. ) ;
#430 = CARTESIAN_POINT ( 'NONE',  ( 9.954485713224270782, 6.739092490578319605, 591.2536541735638593 ) ) ;
#431 = AXIS2_PLACEMENT_3D ( 'NONE', #27, #1031, #812 ) ;
#432 = CIRCLE ( 'NONE', #629, 0.9999999999999011902 ) ;
#433 = ORIENTED_EDGE ( 'NONE', *, *, #2315, .T. ) ;
#434 = CIRCLE ( 'NONE', #1011, 0.9999999999999003020 ) ;
#435 = CARTESIAN_POINT ( 'NONE',  ( -0.02852980434697483664, 5.672332364581810893, 588.2298794651993603 ) ) ;
#436 = VECTOR ( 'NONE', #1661, 1000.000000000000000 ) ;
#437 = CARTESIAN_POINT ( 'NONE',  ( -23.62084014973762081, -0.5776676354181915496, 589.0536541735638139 ) ) ;
#438 = AXIS2_PLACEMENT_3D ( 'NONE', #2776, #193, #3 ) ;
#439 = APPLICATION_PROTOCOL_DEFINITION ( 'draft international standard', 'automotive_design', 1998, #3271 ) ;
#440 = DIRECTION ( 'NONE',  ( 1.000000000000000000, 0.000000000000000000, 0.000000000000000000 ) ) ;
#441 = AXIS2_PLACEMENT_3D ( 'NONE', #1961, #967, #1733 ) ;
#442 = CARTESIAN_POINT ( 'NONE',  ( -23.62084014973756041, 5.922332213909233367, 586.2536541735638593 ) ) ;
#443 = FACE_OUTER_BOUND ( 'NONE', #1323, .T. ) ;
#444 = DIRECTION ( 'NONE',  ( -1.175461362545449852E-16, 1.000000000000000000, -0.000000000000000000 ) ) ;
#445 = CIRCLE ( 'NONE', #2296, 0.1499999999999964972 ) ;
#446 = ORIENTED_EDGE ( 'NONE', *, *, #805, .F. ) ;
#447 = VECTOR ( 'NONE', #319, 1000.000000000000000 ) ;
#448 = ORIENTED_EDGE ( 'NONE', *, *, #1077, .T. ) ;
#449 = CARTESIAN_POINT ( 'NONE',  ( -23.62084014973762081, 5.672332364581809117, 589.0536541735638139 ) ) ;
#450 = EDGE_CURVE ( 'NONE', #768, #1587, #1640, .T. ) ;
#451 = DIRECTION ( 'NONE',  ( 1.175461362545449852E-16, -1.000000000000000000, -0.000000000000000000 ) ) ;
#452 = VERTEX_POINT ( 'NONE', #1208 ) ;
#453 = CARTESIAN_POINT ( 'NONE',  ( 23.37915986059991624, 2.672332289245519465, 588.2536541735638593 ) ) ;
#454 = DIRECTION ( 'NONE',  ( 1.000000000000000000, 0.000000000000000000, 0.000000000000000000 ) ) ;
#455 = ADVANCED_FACE ( 'NONE', ( #2504 ), #1371, .T. ) ;
#456 = VERTEX_POINT ( 'NONE', #2987 ) ;
#457 = CARTESIAN_POINT ( 'NONE',  ( -16.62084014973762436, 5.672332364581810005, 588.1086541735637638 ) ) ;
#458 = CARTESIAN_POINT ( 'NONE',  ( -19.36084014973762280, -0.5776676354181909945, 588.3536541735637684 ) ) ;
#459 = VERTEX_POINT ( 'NONE', #712 ) ;
#460 = CARTESIAN_POINT ( 'NONE',  ( 18.19134521145593553, 12.34073675308296814, 591.2536541735638593 ) ) ;
#461 = DIRECTION ( 'NONE',  ( 1.000000000000000000, 0.000000000000000000, 0.000000000000000000 ) ) ;
#462 = DIRECTION ( 'NONE',  ( 1.000000000000000000, 1.084202172485612533E-16, 0.000000000000000000 ) ) ;
#463 = DIRECTION ( 'NONE',  ( 1.000000000000000000, 0.000000000000000000, 0.000000000000000000 ) ) ;
#464 = ORIENTED_EDGE ( 'NONE', *, *, #3149, .T. ) ;
#465 = ORIENTED_EDGE ( 'NONE', *, *, #2381, .F. ) ;
#466 = EDGE_CURVE ( 'NONE', #2687, #2928, #1725, .T. ) ;
#467 = DIRECTION ( 'NONE',  ( 1.175461362545449852E-16, -1.000000000000000000, -0.000000000000000000 ) ) ;
#468 = ORIENTED_EDGE ( 'NONE', *, *, #215, .F. ) ;
#469 = EDGE_CURVE ( 'NONE', #1859, #605, #1277, .T. ) ;
#470 = PLANE ( 'NONE',  #1761 ) ;
#471 = FACE_OUTER_BOUND ( 'NONE', #1456, .T. ) ;
#472 = ORIENTED_EDGE ( 'NONE', *, *, #1317, .T. ) ;
#473 = LINE ( 'NONE', #1479, #2030 ) ;
#474 = ADVANCED_FACE ( 'NONE', ( #856 ), #3017, .F. ) ;
#475 = DIRECTION ( 'NONE',  ( 1.175461362545449852E-16, -1.000000000000000000, -0.000000000000000000 ) ) ;
#476 = CARTESIAN_POINT ( 'NONE',  ( 6.067297478562895030, 5.927927516975583622, 591.2536541735638593 ) ) ;
#477 = CARTESIAN_POINT ( 'NONE',  ( -0.3142738377942926875, 5.672332364581810893, 587.6460073359204443 ) ) ;
#478 = CARTESIAN_POINT ( 'NONE',  ( 23.93545818716621554, -9.213705733401218012, 586.2536541735638593 ) ) ;
#479 = CARTESIAN_POINT ( 'NONE',  ( -8.314273837794289079, -0.5776676354181896622, 587.6460073359204443 ) ) ;
#480 = VERTEX_POINT ( 'NONE', #4 ) ;
#481 = ORIENTED_EDGE ( 'NONE', *, *, #737, .F. ) ;
#482 = FACE_OUTER_BOUND ( 'NONE', #1895, .T. ) ;
#483 = DIRECTION ( 'NONE',  ( 1.000000000000000000, 1.084202172485610684E-16, 0.000000000000000000 ) ) ;
#484 = AXIS2_PLACEMENT_3D ( 'NONE', #1102, #2378, #1650 ) ;
#485 = ADVANCED_FACE ( 'NONE', ( #1269 ), #1005, .F. ) ;
#486 = EDGE_LOOP ( 'NONE', ( #2092, #3119, #3088, #897 ) ) ;
#487 = DIRECTION ( 'NONE',  ( -1.000000000000000000, 0.000000000000000000, 0.000000000000000000 ) ) ;
#488 = CIRCLE ( 'NONE', #431, 0.1499999999999973577 ) ;
#489 = COLOUR_RGB ( '',0.7921568627450980005, 0.8196078431372548767, 0.9333333333333333481 ) ;
#490 = EDGE_CURVE ( 'NONE', #2645, #757, #2570, .T. ) ;
#491 = AXIS2_PLACEMENT_3D ( 'NONE', #2878, #1665, #1861 ) ;
#492 = ORIENTED_EDGE ( 'NONE', *, *, #3040, .F. ) ;
#493 = AXIS2_PLACEMENT_3D ( 'NONE', #2657, #979, #1225 ) ;
#494 = CARTESIAN_POINT ( 'NONE',  ( 6.450014558202235015, 5.939254767353713049, 591.2536541735638593 ) ) ;
#495 = CIRCLE ( 'NONE', #1497, 0.5549999999997778932 ) ;
#496 = CARTESIAN_POINT ( 'NONE',  ( 14.78630183183450164, -4.724157072265519730, 586.2536541735638593 ) ) ;
#497 = FACE_OUTER_BOUND ( 'NONE', #2499, .T. ) ;
#498 = CARTESIAN_POINT ( 'NONE',  ( -13.88084014973762059, -0.5776676354181903283, 588.3536541735637684 ) ) ;
#499 = AXIS2_PLACEMENT_3D ( 'NONE', #2005, #3077, #1777 ) ;
#500 = EDGE_CURVE ( 'NONE', #2462, #3258, #2551, .T. ) ;
#501 = EDGE_CURVE ( 'NONE', #1685, #2835, #46, .T. ) ;
#502 = ORIENTED_EDGE ( 'NONE', *, *, #358, .F. ) ;
#503 = CIRCLE ( 'NONE', #3134, 0.9999999999999003020 ) ;
#504 = ORIENTED_EDGE ( 'NONE', *, *, #2274, .T. ) ;
#505 = VECTOR ( 'NONE', #1191, 1000.000000000000000 ) ;
#506 = DIRECTION ( 'NONE',  ( 0.000000000000000000, 0.000000000000000000, -1.000000000000000000 ) ) ;
#507 = DIRECTION ( 'NONE',  ( 1.175461362545449852E-16, -1.000000000000000000, -0.000000000000000000 ) ) ;
#508 = VERTEX_POINT ( 'NONE', #2035 ) ;
#509 = DIRECTION ( 'NONE',  ( -1.000000000000000000, 0.000000000000000000, 0.000000000000000000 ) ) ;
#510 = LINE ( 'NONE', #1998, #700 ) ;
#511 = DIRECTION ( 'NONE',  ( 1.000000000000000000, 0.000000000000000000, 0.000000000000000000 ) ) ;
#512 = DIRECTION ( 'NONE',  ( 1.175461362545449852E-16, -1.000000000000000000, 0.000000000000000000 ) ) ;
#513 = CARTESIAN_POINT ( 'NONE',  ( 0.6391598502623774269, 5.672332364581810893, 588.3536541735637684 ) ) ;
#514 = EDGE_CURVE ( 'NONE', #2097, #2268, #3263, .T. ) ;
#515 = ORIENTED_EDGE ( 'NONE', *, *, #1235, .T. ) ;
#516 = ADVANCED_FACE ( 'NONE', ( #2065 ), #2535, .T. ) ;
#517 = ORIENTED_EDGE ( 'NONE', *, *, #661, .T. ) ;
#518 = CARTESIAN_POINT ( 'NONE',  ( 8.895094791140619961, 6.274178309292575584, 586.2536541735638593 ) ) ;
#519 = CARTESIAN_POINT ( 'NONE',  ( -3.360840149737622795, 5.672332364581810893, 588.3536541735637684 ) ) ;
#520 = ORIENTED_EDGE ( 'NONE', *, *, #2936, .F. ) ;
#521 = DIRECTION ( 'NONE',  ( -1.175461362545449852E-16, 1.000000000000000000, -0.000000000000000000 ) ) ;
#522 = CARTESIAN_POINT ( 'NONE',  ( 11.97712942669492975, -2.630816167807796369, 586.2536541735638593 ) ) ;
#523 = CARTESIAN_POINT ( 'NONE',  ( -18.31427383779429263, 5.672332364581810005, 587.6460073359204443 ) ) ;
#524 = CARTESIAN_POINT ( 'NONE',  ( -1.020840149737624047, 5.672332364581810893, 588.3536541735637684 ) ) ;
#525 = DIRECTION ( 'NONE',  ( 0.000000000000000000, 0.000000000000000000, -1.000000000000000000 ) ) ;
#526 = EDGE_CURVE ( 'NONE', #452, #1042, #2321, .T. ) ;
#527 = ORIENTED_EDGE ( 'NONE', *, *, #2892, .F. ) ;
#528 = VERTEX_POINT ( 'NONE', #992 ) ;
#529 = LINE ( 'NONE', #100, #66 ) ;
#530 = CARTESIAN_POINT ( 'NONE',  ( -16.62084014973762436, 5.672332364581810005, 588.1086541735637638 ) ) ;
#531 = EDGE_LOOP ( 'NONE', ( #626, #1285, #1220, #1399 ) ) ;
#532 = DIRECTION ( 'NONE',  ( 0.000000000000000000, 0.000000000000000000, -1.000000000000000000 ) ) ;
#533 = AXIS2_PLACEMENT_3D ( 'NONE', #2264, #444, #2496 ) ;
#534 = CARTESIAN_POINT ( 'NONE',  ( -4.314273837794289967, 5.672332364581810893, 587.6460073359204443 ) ) ;
#535 = CARTESIAN_POINT ( 'NONE',  ( 0.1191598502623778949, 5.672332364581810893, 588.3536541735637684 ) ) ;
#536 = CARTESIAN_POINT ( 'NONE',  ( -20.22084014973762223, -0.5776676354181911055, 588.3536541735637684 ) ) ;
#537 = DIRECTION ( 'NONE',  ( -1.000000000000000000, 0.000000000000000000, 0.000000000000000000 ) ) ;
#538 = DIRECTION ( 'NONE',  ( 0.000000000000000000, 0.000000000000000000, -1.000000000000000000 ) ) ;
#539 = AXIS2_PLACEMENT_3D ( 'NONE', #251, #2345, #3085 ) ;
#540 = CIRCLE ( 'NONE', #1642, 0.1499999999999973577 ) ;
#541 = ORIENTED_EDGE ( 'NONE', *, *, #2546, .T. ) ;
#542 = VECTOR ( 'NONE', #2161, 1000.000000000000000 ) ;
#543 = ORIENTED_EDGE ( 'NONE', *, *, #3037, .T. ) ;
#544 = LINE ( 'NONE', #1037, #2301 ) ;
#545 = CIRCLE ( 'NONE', #1916, 0.9999999999999003020 ) ;
#546 = DIRECTION ( 'NONE',  ( 1.000000000000000000, -0.000000000000000000, -0.000000000000000000 ) ) ;
#547 = DIRECTION ( 'NONE',  ( 1.175461362545449852E-16, -1.000000000000000000, -0.000000000000000000 ) ) ;
#548 = AXIS2_PLACEMENT_3D ( 'NONE', #2934, #3177, #2688 ) ;
#549 = VERTEX_POINT ( 'NONE', #519 ) ;
#550 = FACE_OUTER_BOUND ( 'NONE', #569, .T. ) ;
#551 = CIRCLE ( 'NONE', #1451, 0.1499999999999967748 ) ;
#552 = DIRECTION ( 'NONE',  ( 1.000000000000000000, 0.000000000000000000, 0.000000000000000000 ) ) ;
#553 = DIRECTION ( 'NONE',  ( -1.000000000000000000, 0.000000000000000000, 0.000000000000000000 ) ) ;
#554 = CARTESIAN_POINT ( 'NONE',  ( -22.31427383779429263, 5.672332364581809117, 587.6460073359204443 ) ) ;
#555 = CARTESIAN_POINT ( 'NONE',  ( -9.360840149737622795, -0.5776676354181897732, 588.2036541735637911 ) ) ;
#556 = DIRECTION ( 'NONE',  ( 1.175461362545449852E-16, -1.000000000000000000, -0.000000000000000000 ) ) ;
#557 = ORIENTED_EDGE ( 'NONE', *, *, #1212, .T. ) ;
#558 = ORIENTED_EDGE ( 'NONE', *, *, #1747, .T. ) ;
#559 = PLANE ( 'NONE',  #1288 ) ;
#560 = DIRECTION ( 'NONE',  ( 1.000000000000000000, 0.000000000000000000, 0.000000000000000000 ) ) ;
#561 = ORIENTED_EDGE ( 'NONE', *, *, #183, .T. ) ;
#562 = EDGE_CURVE ( 'NONE', #720, #2979, #804, .T. ) ;
#563 = ADVANCED_FACE ( 'NONE', ( #2777 ), #260, .T. ) ;
#564 = DIRECTION ( 'NONE',  ( 1.175461362545449852E-16, -1.000000000000000000, 0.000000000000000000 ) ) ;
#565 = DIRECTION ( 'NONE',  ( 1.000000000000000000, 4.170008355713481588E-16, 0.000000000000000000 ) ) ;
#566 = DIRECTION ( 'NONE',  ( -1.000000000000000000, 0.000000000000000000, 0.000000000000000000 ) ) ;
#567 = CYLINDRICAL_SURFACE ( 'NONE', #1780, 0.9999999999999003020 ) ;
#568 = ADVANCED_FACE ( 'NONE', ( #2820 ), #1788, .F. ) ;
#569 = EDGE_LOOP ( 'NONE', ( #561, #504, #1457, #1352, #406, #2896 ) ) ;
#570 = DIRECTION ( 'NONE',  ( 1.175461362545449852E-16, -1.000000000000000000, 0.000000000000000000 ) ) ;
#571 = CARTESIAN_POINT ( 'NONE',  ( -4.927406461680908123, 5.672332364581810893, 587.6460073359205580 ) ) ;
#572 = ORIENTED_EDGE ( 'NONE', *, *, #2980, .F. ) ;
#573 = DIRECTION ( 'NONE',  ( 1.175461362545449852E-16, -1.000000000000000000, 0.000000000000000000 ) ) ;
#574 = LINE ( 'NONE', #1328, #2438 ) ;
#575 = DIRECTION ( 'NONE',  ( 1.175461362545449852E-16, -1.000000000000000000, 0.000000000000000000 ) ) ;
#576 = ADVANCED_FACE ( 'NONE', ( #1572 ), #2585, .F. ) ;
#577 = CARTESIAN_POINT ( 'NONE',  ( -5.880840149737620592, 5.672332364581810893, 588.2036541735637911 ) ) ;
#578 = AXIS2_PLACEMENT_3D ( 'NONE', #2465, #708, #425 ) ;
#579 = LINE ( 'NONE', #2611, #241 ) ;
#580 = ORIENTED_EDGE ( 'NONE', *, *, #2098, .T. ) ;
#581 = EDGE_CURVE ( 'NONE', #1719, #303, #2443, .T. ) ;
#582 = CIRCLE ( 'NONE', #692, 0.9999999999999011902 ) ;
#583 = EDGE_LOOP ( 'NONE', ( #3231, #829, #673, #934 ) ) ;
#584 = DIRECTION ( 'NONE',  ( 1.000000000000000000, 4.170008355713481588E-16, -0.000000000000000000 ) ) ;
#585 = VECTOR ( 'NONE', #616, 1000.000000000000000 ) ;
#586 = ORIENTED_EDGE ( 'NONE', *, *, #977, .T. ) ;
#587 = VECTOR ( 'NONE', #3135, 1000.000000000000000 ) ;
#588 = CIRCLE ( 'NONE', #2925, 0.9999999999999019673 ) ;
#589 = ORIENTED_EDGE ( 'NONE', *, *, #2180, .F. ) ;
#590 = CYLINDRICAL_SURFACE ( 'NONE', #1448, 0.1499999999999969136 ) ;
#591 = VECTOR ( 'NONE', #960, 1000.000000000000000 ) ;
#592 = EDGE_CURVE ( 'NONE', #1349, #2586, #1172, .T. ) ;
#593 = CARTESIAN_POINT ( 'NONE',  ( -15.36084014973762280, -0.5776676354181905504, 588.3536541735637684 ) ) ;
#594 = CARTESIAN_POINT ( 'NONE',  ( -4.927406461680908123, 5.672332364581810893, 587.6460073359205580 ) ) ;
#595 = DIRECTION ( 'NONE',  ( 1.175461362545449852E-16, -1.000000000000000000, -0.000000000000000000 ) ) ;
#596 = EDGE_CURVE ( 'NONE', #2737, #528, #2306, .T. ) ;
#597 = ADVANCED_FACE ( 'NONE', ( #2050 ), #3063, .F. ) ;
#598 = ORIENTED_EDGE ( 'NONE', *, *, #2672, .T. ) ;
#599 = CARTESIAN_POINT ( 'NONE',  ( -23.62084014973756041, -0.5776676354181942141, 588.3536541735637684 ) ) ;
#600 = VERTEX_POINT ( 'NONE', #614 ) ;
#601 = LINE ( 'NONE', #1363, #2658 ) ;
#602 = ORIENTED_EDGE ( 'NONE', *, *, #3108, .F. ) ;
#603 = ADVANCED_FACE ( 'NONE', ( #3106 ), #91, .F. ) ;
#604 = CARTESIAN_POINT ( 'NONE',  ( -5.880840149737620592, 5.672332364581810893, 588.3536541735637684 ) ) ;
#605 = VERTEX_POINT ( 'NONE', #1120 ) ;
#606 = VERTEX_POINT ( 'NONE', #818 ) ;
#607 = CYLINDRICAL_SURFACE ( 'NONE', #639, 0.5549999999997761169 ) ;
#608 = DIRECTION ( 'NONE',  ( 1.000000000000000000, 1.084202172485611547E-16, 0.000000000000000000 ) ) ;
#609 = DIRECTION ( 'NONE',  ( 1.000000000000000000, -0.000000000000000000, -0.000000000000000000 ) ) ;
#610 = CARTESIAN_POINT ( 'NONE',  ( -15.36084014973762280, 5.672332364581810005, 588.2036541735637911 ) ) ;
#611 = DIRECTION ( 'NONE',  ( -1.000000000000000000, 0.000000000000000000, 0.000000000000000000 ) ) ;
#612 = EDGE_CURVE ( 'NONE', #2732, #459, #1834, .T. ) ;
#613 = EDGE_LOOP ( 'NONE', ( #1165, #232, #1203, #1092 ) ) ;
#614 = CARTESIAN_POINT ( 'NONE',  ( -18.92740646168090990, 5.672332364581810005, 587.6460073359205580 ) ) ;
#615 = EDGE_LOOP ( 'NONE', ( #1931, #1415, #971, #1845 ) ) ;
#616 = DIRECTION ( 'NONE',  ( 1.000000000000000000, 4.170008355713509199E-16, 0.000000000000000000 ) ) ;
#617 = EDGE_CURVE ( 'NONE', #2127, #1908, #2337, .T. ) ;
#618 = ORIENTED_EDGE ( 'NONE', *, *, #834, .F. ) ;
#619 = DIRECTION ( 'NONE',  ( 1.000000000000000000, 0.000000000000000000, 0.000000000000000000 ) ) ;
#620 = DIRECTION ( 'NONE',  ( 1.175461362545449852E-16, -1.000000000000000000, -0.000000000000000000 ) ) ;
#621 = CARTESIAN_POINT ( 'NONE',  ( -2.927406461680909011, -0.5776676354181889961, 587.6460073359205580 ) ) ;
#622 = EDGE_LOOP ( 'NONE', ( #2697, #1789, #2636, #1204 ) ) ;
#623 = PLANE ( 'NONE',  #1709 ) ;
#624 = CYLINDRICAL_SURFACE ( 'NONE', #2069, 0.1499999999999973577 ) ;
#625 = DIRECTION ( 'NONE',  ( 1.175461362545449852E-16, -1.000000000000000000, -0.000000000000000000 ) ) ;
#626 = ORIENTED_EDGE ( 'NONE', *, *, #1873, .T. ) ;
#627 = CARTESIAN_POINT ( 'NONE',  ( -11.36084014973762280, -0.5776676354181899953, 588.3536541735637684 ) ) ;
#628 = AXIS2_PLACEMENT_3D ( 'NONE', #2410, #1148, #888 ) ;
#629 = AXIS2_PLACEMENT_3D ( 'NONE', #3203, #1664, #1929 ) ;
#630 = EDGE_LOOP ( 'NONE', ( #2661, #2351 ) ) ;
#631 = EDGE_CURVE ( 'NONE', #1140, #2627, #3121, .T. ) ;
#632 = AXIS2_PLACEMENT_3D ( 'NONE', #1882, #1671, #1419 ) ;
#633 = CARTESIAN_POINT ( 'NONE',  ( -20.31427383779429263, 5.672332364581810005, 587.6460073359204443 ) ) ;
#634 = AXIS2_PLACEMENT_3D ( 'NONE', #1613, #2075, #331 ) ;
#635 = DIRECTION ( 'NONE',  ( -1.000000000000000000, 0.000000000000000000, 0.000000000000000000 ) ) ;
#636 = AXIS2_PLACEMENT_3D ( 'NONE', #2691, #2710, #2764 ) ;
#637 = VERTEX_POINT ( 'NONE', #571 ) ;
#638 = CARTESIAN_POINT ( 'NONE',  ( -23.62084014973756041, 5.922332213909233367, 591.2536541735638593 ) ) ;
#639 = AXIS2_PLACEMENT_3D ( 'NONE', #1623, #1369, #2383 ) ;
#640 = DIRECTION ( 'NONE',  ( 1.175461362545449852E-16, -1.000000000000000000, -0.000000000000000000 ) ) ;
#641 = CARTESIAN_POINT ( 'NONE',  ( 2.119159850262379408, 5.672332364581811781, 588.3536541735637684 ) ) ;
#642 =( LENGTH_UNIT ( ) NAMED_UNIT ( * ) SI_UNIT ( .MILLI., .METRE. ) );
#643 = ORIENTED_EDGE ( 'NONE', *, *, #417, .T. ) ;
#644 = FACE_OUTER_BOUND ( 'NONE', #1302, .T. ) ;
#645 = ORIENTED_EDGE ( 'NONE', *, *, #1990, .F. ) ;
#646 = DIRECTION ( 'NONE',  ( 1.000000000000000000, 0.000000000000000000, 0.000000000000000000 ) ) ;
#647 = VERTEX_POINT ( 'NONE', #1091 ) ;
#648 = EDGE_LOOP ( 'NONE', ( #433, #13, #2400, #395 ) ) ;
#649 = CYLINDRICAL_SURFACE ( 'NONE', #3228, 0.9999999999999011902 ) ;
#650 = ORIENTED_EDGE ( 'NONE', *, *, #612, .F. ) ;
#651 = CARTESIAN_POINT ( 'NONE',  ( 7.624544602761292644, 5.987713551310218207, 591.2536541735638593 ) ) ;
#652 = CYLINDRICAL_SURFACE ( 'NONE', #1699, 0.1499999999999973577 ) ;
#653 = EDGE_CURVE ( 'NONE', #1863, #164, #1809, .T. ) ;
#654 = EDGE_CURVE ( 'NONE', #2850, #2198, #1846, .T. ) ;
#655 = EDGE_LOOP ( 'NONE', ( #2746, #1913, #2251, #1785 ) ) ;
#656 = DIRECTION ( 'NONE',  ( -1.000000000000000000, 0.000000000000000000, 0.000000000000000000 ) ) ;
#657 = CARTESIAN_POINT ( 'NONE',  ( -15.88084014973761882, 5.672332364581810005, 588.2036541735637911 ) ) ;
#658 = AXIS2_PLACEMENT_3D ( 'NONE', #2625, #538, #333 ) ;
#659 = B_SPLINE_CURVE_WITH_KNOTS ( 'NONE', 3,
 ( #230, #1268, #2269, #772, #2217, #244, #518, #1460, #1514, #1787, #1257, #1724, #1475, #711, #1243 ),
 .UNSPECIFIED., .F., .F.,
 ( 4, 1, 1, 1, 1, 1, 1, 1, 1, 1, 1, 1, 4 ),
 ( -0.0004102706112325673411, 0.03085508810594733003, 0.06212044682312722887, 0.1246511642574870266, 0.1871818816918468520, 0.2497125991262066358, 0.3747740339949262589, 0.4998354688636458265, 0.6248969037323655051, 0.7499583386010850727, 0.8750197734698046403, 0.9375504909041644241, 1.000081208338524208 ),
 .UNSPECIFIED. ) ;
#660 = EDGE_CURVE ( 'NONE', #2127, #1343, #3155, .T. ) ;
#661 = EDGE_CURVE ( 'NONE', #2666, #2281, #2907, .T. ) ;
#662 = DIRECTION ( 'NONE',  ( 1.175461362545449852E-16, -1.000000000000000000, -0.000000000000000000 ) ) ;
#663 = ORIENTED_EDGE ( 'NONE', *, *, #966, .T. ) ;
#664 = LINE ( 'NONE', #1681, #2292 ) ;
#665 = ORIENTED_EDGE ( 'NONE', *, *, #2937, .T. ) ;
#666 = CARTESIAN_POINT ( 'NONE',  ( -8.314273837794289079, 5.672332364581810893, 587.6460073359204443 ) ) ;
#667 = ADVANCED_FACE ( 'NONE', ( #1893 ), #351, .F. ) ;
#668 = EDGE_CURVE ( 'NONE', #3107, #1050, #1381, .T. ) ;
#669 = EDGE_LOOP ( 'NONE', ( #1690, #2702, #3118, #558 ) ) ;
#670 = EDGE_LOOP ( 'NONE', ( #974, #1473, #1695, #2216 ) ) ;
#671 = LINE ( 'NONE', #1458, #1219 ) ;
#672 = DIRECTION ( 'NONE',  ( 1.000000000000000000, 0.000000000000000000, 0.000000000000000000 ) ) ;
#673 = ORIENTED_EDGE ( 'NONE', *, *, #1354, .F. ) ;
#674 = LINE ( 'NONE', #1938, #1068 ) ;
#675 = EDGE_LOOP ( 'NONE', ( #2571, #2032, #290, #2568 ) ) ;
#676 = CARTESIAN_POINT ( 'NONE',  ( -12.31427383779428908, 5.672332364581810893, 587.6460073359204443 ) ) ;
#677 = CARTESIAN_POINT ( 'NONE',  ( -2.620840149737620806, -0.5776676354181889961, 588.1086541735637638 ) ) ;
#678 = DIRECTION ( 'NONE',  ( 1.175461362545449852E-16, -1.000000000000000000, -0.000000000000000000 ) ) ;
#679 = DIRECTION ( 'NONE',  ( 1.000000000000000000, 0.000000000000000000, 0.000000000000000000 ) ) ;
#680 = DIRECTION ( 'NONE',  ( -1.000000000000000000, -1.084202172485611547E-16, 0.000000000000000000 ) ) ;
#681 = DIRECTION ( 'NONE',  ( 1.175461362545449852E-16, -1.000000000000000000, -0.000000000000000000 ) ) ;
#682 = VERTEX_POINT ( 'NONE', #2398 ) ;
#683 = VERTEX_POINT ( 'NONE', #848 ) ;
#684 = DIRECTION ( 'NONE',  ( -1.175461362545449852E-16, 1.000000000000000000, -0.000000000000000000 ) ) ;
#685 = DIRECTION ( 'NONE',  ( -1.175461362545449852E-16, 1.000000000000000000, -0.000000000000000000 ) ) ;
#686 = AXIS2_PLACEMENT_3D ( 'NONE', #743, #2780, #1216 ) ;
#687 = ORIENTED_EDGE ( 'NONE', *, *, #2958, .T. ) ;
#688 = CARTESIAN_POINT ( 'NONE',  ( 14.78630183183445013, 10.06882165075653113, 591.2536541735638593 ) ) ;
#689 = CIRCLE ( 'NONE', #3173, 0.5549999999997778932 ) ;
#690 = CIRCLE ( 'NONE', #2601, 0.9999999999999011902 ) ;
#691 = VERTEX_POINT ( 'NONE', #2668 ) ;
#692 = AXIS2_PLACEMENT_3D ( 'NONE', #1370, #1127, #608 ) ;
#693 = CARTESIAN_POINT ( 'NONE',  ( -6.927406461680909899, 5.672332364581810893, 587.6460073359205580 ) ) ;
#694 = AXIS2_PLACEMENT_3D ( 'NONE', #359, #2726, #2917 ) ;
#695 = DIRECTION ( 'NONE',  ( -0.000000000000000000, -0.000000000000000000, 1.000000000000000000 ) ) ;
#696 = AXIS2_PLACEMENT_3D ( 'NONE', #925, #182, #2953 ) ;
#697 = EDGE_LOOP ( 'NONE', ( #2304, #928, #1982, #2595 ) ) ;
#698 = EDGE_CURVE ( 'NONE', #1050, #880, #1162, .T. ) ;
#699 = CARTESIAN_POINT ( 'NONE',  ( 28.37915983992493807, 2.672332289245519910, 588.2536541735638593 ) ) ;
#700 = VECTOR ( 'NONE', #2831, 1000.000000000000000 ) ;
#701 = CARTESIAN_POINT ( 'NONE',  ( -19.02084014973762294, -0.5776676354181909945, 588.3536541735637684 ) ) ;
#702 = ORIENTED_EDGE ( 'NONE', *, *, #3132, .F. ) ;
#703 = DIRECTION ( 'NONE',  ( 1.000000000000000000, 1.084202172485611793E-16, 0.000000000000000000 ) ) ;
#704 = EDGE_CURVE ( 'NONE', #1584, #3072, #2353, .T. ) ;
#705 = EDGE_CURVE ( 'NONE', #1513, #606, #1372, .T. ) ;
#706 = EDGE_LOOP ( 'NONE', ( #1817, #16, #481, #2144 ) ) ;
#707 = ORIENTED_EDGE ( 'NONE', *, *, #1562, .F. ) ;
#708 = DIRECTION ( 'NONE',  ( 1.175461362545449852E-16, -1.000000000000000000, 0.000000000000000000 ) ) ;
#709 = EDGE_CURVE ( 'NONE', #2750, #2198, #2334, .T. ) ;
#710 = ORIENTED_EDGE ( 'NONE', *, *, #1177, .F. ) ;
#711 = CARTESIAN_POINT ( 'NONE',  ( 25.22665924868977072, 14.67915399464246207, 586.2536541735638593 ) ) ;
#712 = CARTESIAN_POINT ( 'NONE',  ( -22.92740646168090990, -0.5776676354181914386, 587.6460073359205580 ) ) ;
#713 = ORIENTED_EDGE ( 'NONE', *, *, #1177, .T. ) ;
#714 = DIRECTION ( 'NONE',  ( 1.000000000000000000, 1.953517427902597835E-16, 0.000000000000000000 ) ) ;
#715 = CARTESIAN_POINT ( 'NONE',  ( 0.000000000000000000, 0.000000000000000000, 591.2536541735638593 ) ) ;
#716 = CARTESIAN_POINT ( 'NONE',  ( -2.314273837794291300, 5.672332364581810893, 587.6460073359204443 ) ) ;
#717 = DIRECTION ( 'NONE',  ( 1.175461362545449852E-16, -1.000000000000000000, 0.000000000000000000 ) ) ;
#718 = CARTESIAN_POINT ( 'NONE',  ( -9.880840149737620592, -0.5776676354181898843, 588.3536541735637684 ) ) ;
#719 = CIRCLE ( 'NONE', #2091, 0.9999999999999003020 ) ;
#720 = VERTEX_POINT ( 'NONE', #604 ) ;
#721 = FACE_OUTER_BOUND ( 'NONE', #1835, .T. ) ;
#722 = EDGE_CURVE ( 'NONE', #1874, #2847, #1619, .T. ) ;
#723 = ORIENTED_EDGE ( 'NONE', *, *, #148, .F. ) ;
#724 = CARTESIAN_POINT ( 'NONE',  ( -4.220840149737618674, 5.672332364581810893, 588.3536541735637684 ) ) ;
#725 = EDGE_CURVE ( 'NONE', #1867, #1570, #1429, .T. ) ;
#726 = CYLINDRICAL_SURFACE ( 'NONE', #2122, 0.5549999999997765610 ) ;
#727 = ORIENTED_EDGE ( 'NONE', *, *, #987, .F. ) ;
#728 = LINE ( 'NONE', #2007, #2112 ) ;
#729 = DIRECTION ( 'NONE',  ( -1.175461362545449852E-16, 1.000000000000000000, -0.000000000000000000 ) ) ;
#730 = EDGE_CURVE ( 'NONE', #338, #2099, #1880, .T. ) ;
#731 = CARTESIAN_POINT ( 'NONE',  ( 25.87656247006680132, 14.67233200814618677, 591.2536541735638593 ) ) ;
#732 = FACE_OUTER_BOUND ( 'NONE', #1669, .T. ) ;
#733 = CARTESIAN_POINT ( 'NONE',  ( 8.192209419069419241, -0.7210804178520435759, 586.2536541735638593 ) ) ;
#734 = DIRECTION ( 'NONE',  ( 1.175461362545449852E-16, -1.000000000000000000, -0.000000000000000000 ) ) ;
#735 = EDGE_LOOP ( 'NONE', ( #2272, #2879, #2047, #557 ) ) ;
#736 = ORIENTED_EDGE ( 'NONE', *, *, #1217, .F. ) ;
#737 = EDGE_CURVE ( 'NONE', #3163, #683, #952, .T. ) ;
#738 = DIRECTION ( 'NONE',  ( 1.175461362545449852E-16, -1.000000000000000000, -0.000000000000000000 ) ) ;
#739 = CARTESIAN_POINT ( 'NONE',  ( -5.880840149737620592, 5.672332364581810893, 588.3536541735637684 ) ) ;
#740 = VECTOR ( 'NONE', #2199, 1000.000000000000000 ) ;
#741 = VERTEX_POINT ( 'NONE', #157 ) ;
#742 = ADVANCED_FACE ( 'NONE', ( #2481 ), #2756, .F. ) ;
#743 = CARTESIAN_POINT ( 'NONE',  ( 1.779159850262380438, -0.5776676354181884410, 588.3536541735637684 ) ) ;
#744 = CIRCLE ( 'NONE', #890, 0.5549999999997778932 ) ;
#745 = AXIS2_PLACEMENT_3D ( 'NONE', #3237, #3024, #2515 ) ;
#746 = CIRCLE ( 'NONE', #1547, 0.1499999999999973577 ) ;
#747 = ADVANCED_FACE ( 'NONE', ( #2700 ), #1190, .F. ) ;
#748 = AXIS2_PLACEMENT_3D ( 'NONE', #246, #1515, #2287 ) ;
#749 = CARTESIAN_POINT ( 'NONE',  ( -11.88084014973762059, 5.672332364581810893, 588.3536541735637684 ) ) ;
#750 = CARTESIAN_POINT ( 'NONE',  ( 6.450014558202058268, -0.5945901888626745624, 586.2536541735638593 ) ) ;
#751 = CARTESIAN_POINT ( 'NONE',  ( 7.624544602761201162, -0.6430489728191866039, 586.2536541735638593 ) ) ;
#752 = DIRECTION ( 'NONE',  ( 0.000000000000000000, -0.000000000000000000, 1.000000000000000000 ) ) ;
#753 = DIRECTION ( 'NONE',  ( 1.000000000000000000, 0.000000000000000000, 0.000000000000000000 ) ) ;
#754 = CIRCLE ( 'NONE', #2558, 0.1499999999999969136 ) ;
#755 = EDGE_LOOP ( 'NONE', ( #376, #1606, #125, #1604 ) ) ;
#756 = VECTOR ( 'NONE', #2294, 1000.000000000000000 ) ;
#757 = VERTEX_POINT ( 'NONE', #2739 ) ;
#758 = CARTESIAN_POINT ( 'NONE',  ( -2.927406461680909899, 5.672332364581810893, 587.6460073359205580 ) ) ;
#759 = DIRECTION ( 'NONE',  ( 1.175461362545449852E-16, -1.000000000000000000, -0.000000000000000000 ) ) ;
#760 = EDGE_LOOP ( 'NONE', ( #2354, #2908, #1502, #3109 ) ) ;
#761 = EDGE_CURVE ( 'NONE', #1409, #1863, #1803, .T. ) ;
#762 = LINE ( 'NONE', #284, #756 ) ;
#763 = CARTESIAN_POINT ( 'NONE',  ( 6.067297478562686308, -0.5832629384845411380, 591.2536541735638593 ) ) ;
#764 = CARTESIAN_POINT ( 'NONE',  ( -19.88084014973762237, 5.672332364581810005, 588.2036541735637911 ) ) ;
#765 = EDGE_CURVE ( 'NONE', #2362, #2816, #2413, .T. ) ;
#766 = DIRECTION ( 'NONE',  ( -1.000000000000000000, 0.000000000000000000, 0.000000000000000000 ) ) ;
#767 = CARTESIAN_POINT ( 'NONE',  ( -23.36084014973762280, 5.672332364581809117, 588.3536541735637684 ) ) ;
#768 = VERTEX_POINT ( 'NONE', #1436 ) ;
#769 = EDGE_CURVE ( 'NONE', #2669, #1513, #2491, .T. ) ;
#770 = EDGE_CURVE ( 'NONE', #1513, #281, #1989, .T. ) ;
#771 = EDGE_LOOP ( 'NONE', ( #1881, #3193, #2332, #2349 ) ) ;
#772 = CARTESIAN_POINT ( 'NONE',  ( 7.039948767139890151, 5.958224389164698209, 586.2536541735638593 ) ) ;
#773 = CARTESIAN_POINT ( 'NONE',  ( -19.36084014973762280, 5.672332364581810005, 588.2036541735637911 ) ) ;
#774 = ORIENTED_EDGE ( 'NONE', *, *, #857, .T. ) ;
#775 = DIRECTION ( 'NONE',  ( 1.175461362545449852E-16, -1.000000000000000000, 0.000000000000000000 ) ) ;
#776 = VERTEX_POINT ( 'NONE', #449 ) ;
#777 = DIRECTION ( 'NONE',  ( 1.175461362545449852E-16, -1.000000000000000000, -0.000000000000000000 ) ) ;
#778 = CARTESIAN_POINT ( 'NONE',  ( 5.886912661604250196, -0.5776676354181873307, 586.2536541735638593 ) ) ;
#779 = CARTESIAN_POINT ( 'NONE',  ( 5.886912661604250196, -0.5776676354181873307, 586.2536541735638593 ) ) ;
#780 = DIRECTION ( 'NONE',  ( -1.000000000000000000, -1.084202172485610684E-16, 0.000000000000000000 ) ) ;
#781 = CARTESIAN_POINT ( 'NONE',  ( -19.02084014973762294, 5.672332364581810005, 588.3536541735637684 ) ) ;
#782 = ORIENTED_EDGE ( 'NONE', *, *, #1769, .F. ) ;
#783 = VERTEX_POINT ( 'NONE', #2426 ) ;
#784 = ADVANCED_FACE ( 'NONE', ( #721 ), #936, .T. ) ;
#785 = CARTESIAN_POINT ( 'NONE',  ( -2.620840149737621694, 5.672332364581810893, 588.1086541735637638 ) ) ;
#786 = FACE_OUTER_BOUND ( 'NONE', #2617, .T. ) ;
#787 = CARTESIAN_POINT ( 'NONE',  ( 1.779159850262379772, 5.672332364581811781, 588.3536541735637684 ) ) ;
#788 = ORIENTED_EDGE ( 'NONE', *, *, #1501, .F. ) ;
#789 = ORIENTED_EDGE ( 'NONE', *, *, #450, .T. ) ;
#790 = CIRCLE ( 'NONE', #2495, 0.9999999999999009681 ) ;
#791 = LINE ( 'NONE', #2852, #2612 ) ;
#792 = DIRECTION ( 'NONE',  ( 2.351549421018650394E-16, -1.000000000000000000, 0.000000000000000000 ) ) ;
#793 = DIRECTION ( 'NONE',  ( -0.000000000000000000, 0.000000000000000000, 1.000000000000000000 ) ) ;
#794 = AXIS2_PLACEMENT_3D ( 'NONE', #933, #223, #3219 ) ;
#795 = CARTESIAN_POINT ( 'NONE',  ( -18.31427383779429263, 5.672332364581810005, 587.6460073359204443 ) ) ;
#796 = CARTESIAN_POINT ( 'NONE',  ( -11.21315049512816309, 5.672332364581810893, 588.2298794651993603 ) ) ;
#797 = CIRCLE ( 'NONE', #2655, 0.9999999999999019673 ) ;
#798 = ORIENTED_EDGE ( 'NONE', *, *, #612, .T. ) ;
#799 = AXIS2_PLACEMENT_3D ( 'NONE', #209, #1886, #2899 ) ;
#800 = CIRCLE ( 'NONE', #1121, 11.99999999999999645 ) ;
#801 = EDGE_LOOP ( 'NONE', ( #2396, #1806, #3206, #1073 ) ) ;
#802 = CARTESIAN_POINT ( 'NONE',  ( 1.072593538319090545, 5.672332364581810893, 587.6460073359205580 ) ) ;
#803 = AXIS2_PLACEMENT_3D ( 'NONE', #982, #662, #440 ) ;
#804 = LINE ( 'NONE', #739, #847 ) ;
#805 = EDGE_CURVE ( 'NONE', #958, #917, #2544, .T. ) ;
#806 = AXIS2_PLACEMENT_3D ( 'NONE', #3266, #777, #2009 ) ;
#807 = ORIENTED_EDGE ( 'NONE', *, *, #834, .T. ) ;
#808 = ORIENTED_EDGE ( 'NONE', *, *, #1259, .F. ) ;
#809 = DIRECTION ( 'NONE',  ( -0.000000000000000000, -0.000000000000000000, -1.000000000000000000 ) ) ;
#810 = DIRECTION ( 'NONE',  ( 1.000000000000000000, 1.084202172485612533E-16, 0.000000000000000000 ) ) ;
#811 = DIRECTION ( 'NONE',  ( 1.175461362545449852E-16, -1.000000000000000000, -0.000000000000000000 ) ) ;
#812 = DIRECTION ( 'NONE',  ( -1.000000000000000000, 0.000000000000000000, 0.000000000000000000 ) ) ;
#813 = DIRECTION ( 'NONE',  ( -1.000000000000000000, 0.000000000000000000, 0.000000000000000000 ) ) ;
#814 = ORIENTED_EDGE ( 'NONE', *, *, #2518, .T. ) ;
#815 = ORIENTED_EDGE ( 'NONE', *, *, #722, .T. ) ;
#816 = DIRECTION ( 'NONE',  ( 0.000000000000000000, 0.000000000000000000, -1.000000000000000000 ) ) ;
#817 = VECTOR ( 'NONE', #408, 1000.000000000000000 ) ;
#818 = CARTESIAN_POINT ( 'NONE',  ( -6.028529804346972831, 5.672332364581810893, 588.2298794651993603 ) ) ;
#819 = ORIENTED_EDGE ( 'NONE', *, *, #2121, .F. ) ;
#820 = EDGE_CURVE ( 'NONE', #2293, #3051, #671, .T. ) ;
#821 = CARTESIAN_POINT ( 'NONE',  ( -16.31427383779428908, 5.672332364581810005, 587.6460073359204443 ) ) ;
#822 = ADVANCED_FACE ( 'NONE', ( #142 ), #1472, .F. ) ;
#823 = CARTESIAN_POINT ( 'NONE',  ( 0.6391598502623782041, -0.5776676354181885520, 588.3536541735637684 ) ) ;
#824 = CARTESIAN_POINT ( 'NONE',  ( 25.87915985026242893, 2.672332289245519465, 588.2536541735638593 ) ) ;
#825 = CARTESIAN_POINT ( 'NONE',  ( -11.02084014973762294, 5.672332364581810893, 588.3536541735637684 ) ) ;
#826 = DIRECTION ( 'NONE',  ( 1.000000000000000000, 4.170008355713481588E-16, -0.000000000000000000 ) ) ;
#827 = EDGE_LOOP ( 'NONE', ( #884, #2445, #2033, #3188 ) ) ;
#828 = ORIENTED_EDGE ( 'NONE', *, *, #876, .F. ) ;
#829 = ORIENTED_EDGE ( 'NONE', *, *, #340, .F. ) ;
#830 = DIRECTION ( 'NONE',  ( 1.175461362545449852E-16, -1.000000000000000000, -0.000000000000000000 ) ) ;
#831 = DIRECTION ( 'NONE',  ( 1.175461362545449852E-16, -1.000000000000000000, -0.000000000000000000 ) ) ;
#832 = EDGE_CURVE ( 'NONE', #605, #3107, #1270, .T. ) ;
#833 = ORIENTED_EDGE ( 'NONE', *, *, #705, .F. ) ;
#834 = EDGE_CURVE ( 'NONE', #741, #1307, #2998, .T. ) ;
#835 = ORIENTED_EDGE ( 'NONE', *, *, #1008, .F. ) ;
#836 = CARTESIAN_POINT ( 'NONE',  ( -2.028529804346972387, -0.5776676354181888851, 588.2298794651993603 ) ) ;
#837 = DIRECTION ( 'NONE',  ( 1.175461362545449852E-16, -1.000000000000000000, 0.000000000000000000 ) ) ;
#838 = DIRECTION ( 'NONE',  ( 1.000000000000000000, 0.000000000000000000, 0.000000000000000000 ) ) ;
#839 = CARTESIAN_POINT ( 'NONE',  ( -18.92740646168090990, -0.5776676354181908835, 587.6460073359205580 ) ) ;
#840 = AXIS2_PLACEMENT_3D ( 'NONE', #252, #3269, #752 ) ;
#841 = CARTESIAN_POINT ( 'NONE',  ( 7.039948767139770247, -0.6135598106736389612, 591.2536541735638593 ) ) ;
#842 = VERTEX_POINT ( 'NONE', #951 ) ;
#843 = AXIS2_PLACEMENT_3D ( 'NONE', #1186, #2211, #187 ) ;
#844 = ADVANCED_BREP_SHAPE_REPRESENTATION ( 'Copy of Timing belt holder x2', ( #245, #2793 ), #1035 ) ;
#845 = CIRCLE ( 'NONE', #3125, 0.9999999999999011902 ) ;
#846 = VERTEX_POINT ( 'NONE', #2946 ) ;
#847 = VECTOR ( 'NONE', #1757, 1000.000000000000000 ) ;
#848 = CARTESIAN_POINT ( 'NONE',  ( -23.21315049512816131, 5.672332364581809117, 588.2298794651993603 ) ) ;
#849 = ORIENTED_EDGE ( 'NONE', *, *, #2721, .T. ) ;
#850 = AXIS2_PLACEMENT_3D ( 'NONE', #2151, #1616, #347 ) ;
#851 = AXIS2_PLACEMENT_3D ( 'NONE', #1094, #356, #867 ) ;
#852 = ORIENTED_EDGE ( 'NONE', *, *, #1482, .T. ) ;
#853 = CARTESIAN_POINT ( 'NONE',  ( -21.88084014973761882, 5.672332364581809117, 588.3536541735637684 ) ) ;
#854 = ADVANCED_FACE ( 'NONE', ( #1915 ), #649, .F. ) ;
#855 = FACE_OUTER_BOUND ( 'NONE', #486, .T. ) ;
#856 = FACE_OUTER_BOUND ( 'NONE', #3176, .T. ) ;
#857 = EDGE_CURVE ( 'NONE', #691, #2462, #366, .T. ) ;
#858 = EDGE_LOOP ( 'NONE', ( #190, #1179, #736, #2322 ) ) ;
#859 = LINE ( 'NONE', #2804, #2719 ) ;
#860 = ORIENTED_EDGE ( 'NONE', *, *, #3089, .T. ) ;
#861 = DIRECTION ( 'NONE',  ( 1.175461362545449852E-16, -1.000000000000000000, -0.000000000000000000 ) ) ;
#862 = ORIENTED_EDGE ( 'NONE', *, *, #113, .F. ) ;
#863 = ADVANCED_FACE ( 'NONE', ( #918 ), #995, .F. ) ;
#864 = DIRECTION ( 'NONE',  ( 1.000000000000000000, 1.953517427902596356E-16, 0.000000000000000000 ) ) ;
#865 = ORIENTED_EDGE ( 'NONE', *, *, #698, .T. ) ;
#866 = CARTESIAN_POINT ( 'NONE',  ( 21.34281513429014510, 13.86780314205013376, 591.2536541735638593 ) ) ;
#867 = DIRECTION ( 'NONE',  ( 1.000000000000000000, 0.000000000000000000, 0.000000000000000000 ) ) ;
#868 = DIRECTION ( 'NONE',  ( 1.000000000000000000, 1.953517427902597835E-16, 0.000000000000000000 ) ) ;
#869 = DIRECTION ( 'NONE',  ( 1.175461362545449852E-16, -1.000000000000000000, -0.000000000000000000 ) ) ;
#870 = ORIENTED_EDGE ( 'NONE', *, *, #709, .F. ) ;
#871 = LINE ( 'NONE', #2819, #2291 ) ;
#872 = ORIENTED_EDGE ( 'NONE', *, *, #2889, .F. ) ;
#873 = CARTESIAN_POINT ( 'NONE',  ( -4.220840149737618674, 5.672332364581810893, 588.3536541735637684 ) ) ;
#874 = EDGE_LOOP ( 'NONE', ( #1318, #412, #2201, #1434 ) ) ;
#875 = CARTESIAN_POINT ( 'NONE',  ( 2.379159850262375642, 5.672332364581811781, 588.3536541735637684 ) ) ;
#876 = EDGE_CURVE ( 'NONE', #2111, #1140, #1963, .T. ) ;
#877 = ORIENTED_EDGE ( 'NONE', *, *, #1309, .F. ) ;
#878 = DIRECTION ( 'NONE',  ( 1.000000000000000000, -0.000000000000000000, -0.000000000000000000 ) ) ;
#879 = DIRECTION ( 'NONE',  ( 1.175461362545449852E-16, -1.000000000000000000, -0.000000000000000000 ) ) ;
#880 = VERTEX_POINT ( 'NONE', #2507 ) ;
#881 = CARTESIAN_POINT ( 'NONE',  ( -5.360840149737621019, 5.672332364581810893, 588.3536541735637684 ) ) ;
#882 = LINE ( 'NONE', #3215, #1174 ) ;
#883 = DIRECTION ( 'NONE',  ( -1.175461362545449852E-16, 1.000000000000000000, -0.000000000000000000 ) ) ;
#884 = ORIENTED_EDGE ( 'NONE', *, *, #1044, .T. ) ;
#885 = CARTESIAN_POINT ( 'NONE',  ( -19.88084014973762237, 5.672332364581810005, 588.3536541735637684 ) ) ;
#886 = ORIENTED_EDGE ( 'NONE', *, *, #423, .F. ) ;
#887 = AXIS2_PLACEMENT_3D ( 'NONE', #3169, #684, #3244 ) ;
#888 = DIRECTION ( 'NONE',  ( 1.000000000000000000, 1.084202172485612533E-16, 0.000000000000000000 ) ) ;
#889 = ORIENTED_EDGE ( 'NONE', *, *, #1620, .T. ) ;
#890 = AXIS2_PLACEMENT_3D ( 'NONE', #3044, #2580, #2810 ) ;
#891 = ORIENTED_EDGE ( 'NONE', *, *, #1968, .F. ) ;
#892 = AXIS2_PLACEMENT_3D ( 'NONE', #2227, #1999, #511 ) ;
#893 = ADVANCED_FACE ( 'NONE', ( #1246 ), #3005, .T. ) ;
#894 = CARTESIAN_POINT ( 'NONE',  ( -15.88084014973761882, 5.672332364581810005, 588.3536541735637684 ) ) ;
#895 = VECTOR ( 'NONE', #3139, 1000.000000000000000 ) ;
#896 = CIRCLE ( 'NONE', #1333, 0.1499999999999973577 ) ;
#897 = ORIENTED_EDGE ( 'NONE', *, *, #1565, .T. ) ;
#898 = CIRCLE ( 'NONE', #2555, 0.9999999999999003020 ) ;
#899 = CARTESIAN_POINT ( 'NONE',  ( 6.450014558202235015, 5.939254767353713049, 591.2536541735638593 ) ) ;
#900 = ADVANCED_FACE ( 'NONE', ( #1762, #550 ), #1057, .F. ) ;
#901 = EDGE_CURVE ( 'NONE', #385, #1967, #728, .T. ) ;
#902 = DIRECTION ( 'NONE',  ( 1.175461362545449852E-16, -1.000000000000000000, 0.000000000000000000 ) ) ;
#903 = AXIS2_PLACEMENT_3D ( 'NONE', #945, #1716, #3236 ) ;
#904 = ORIENTED_EDGE ( 'NONE', *, *, #501, .T. ) ;
#905 = DIRECTION ( 'NONE',  ( -1.000000000000000000, -1.084202172485611547E-16, 0.000000000000000000 ) ) ;
#906 = VERTEX_POINT ( 'NONE', #2258 ) ;
#907 = VECTOR ( 'NONE', #1711, 1000.000000000000000 ) ;
#908 = CARTESIAN_POINT ( 'NONE',  ( -14.62084014973762081, 5.672332364581810005, 588.1086541735637638 ) ) ;
#909 =( NAMED_UNIT ( * ) PLANE_ANGLE_UNIT ( ) SI_UNIT ( $, .RADIAN. ) );
#910 = CIRCLE ( 'NONE', #3039, 0.5549999999997761169 ) ;
#911 = DIRECTION ( 'NONE',  ( 0.000000000000000000, 0.000000000000000000, -1.000000000000000000 ) ) ;
#912 = ORIENTED_EDGE ( 'NONE', *, *, #358, .T. ) ;
#913 = CARTESIAN_POINT ( 'NONE',  ( -5.360840149737621019, 5.672332364581810893, 588.2036541735637911 ) ) ;
#914 = CARTESIAN_POINT ( 'NONE',  ( -22.22084014973761867, 5.672332364581809117, 588.3536541735637684 ) ) ;
#915 = CARTESIAN_POINT ( 'NONE',  ( -7.360840149737622795, 5.672332364581810893, 588.3536541735637684 ) ) ;
#916 = EDGE_LOOP ( 'NONE', ( #2900, #2290, #1887, #1114 ) ) ;
#917 = VERTEX_POINT ( 'NONE', #3265 ) ;
#918 = FACE_OUTER_BOUND ( 'NONE', #2016, .T. ) ;
#919 = DIRECTION ( 'NONE',  ( 1.175461362545449852E-16, -1.000000000000000000, 0.000000000000000000 ) ) ;
#920 = ORIENTED_EDGE ( 'NONE', *, *, #254, .F. ) ;
#921 = CARTESIAN_POINT ( 'NONE',  ( -5.360840149737620131, -0.5776676354181893291, 588.3536541735637684 ) ) ;
#922 = CARTESIAN_POINT ( 'NONE',  ( -13.36084014973762280, 5.672332364581810893, 588.3536541735637684 ) ) ;
#923 = EDGE_LOOP ( 'NONE', ( #2716, #2131, #2107, #2860 ) ) ;
#924 = DIRECTION ( 'NONE',  ( -1.000000000000000000, 0.000000000000000000, 0.000000000000000000 ) ) ;
#925 = CARTESIAN_POINT ( 'NONE',  ( -5.360840149737620131, -0.5776676354181893291, 588.2036541735637911 ) ) ;
#926 = VECTOR ( 'NONE', #55, 1000.000000000000000 ) ;
#927 = SHAPE_DEFINITION_REPRESENTATION ( #3191, #844 ) ;
#928 = ORIENTED_EDGE ( 'NONE', *, *, #1654, .F. ) ;
#929 = EDGE_CURVE ( 'NONE', #1459, #508, #1109, .T. ) ;
#930 = CARTESIAN_POINT ( 'NONE',  ( 21.34281513429014510, 13.86780314205013376, 591.2536541735638593 ) ) ;
#931 = DIRECTION ( 'NONE',  ( 1.000000000000000000, 1.084202172485612533E-16, 0.000000000000000000 ) ) ;
#932 = CARTESIAN_POINT ( 'NONE',  ( -2.220840149737620006, -0.5776676354181888851, 588.3536541735637684 ) ) ;
#933 = CARTESIAN_POINT ( 'NONE',  ( -16.22084014973761867, 5.672332364581810005, 588.3536541735637684 ) ) ;
#934 = ORIENTED_EDGE ( 'NONE', *, *, #1959, .T. ) ;
#935 = ORIENTED_EDGE ( 'NONE', *, *, #469, .T. ) ;
#936 = CYLINDRICAL_SURFACE ( 'NONE', #1588, 0.1499999999999964972 ) ;
#937 = FACE_OUTER_BOUND ( 'NONE', #615, .T. ) ;
#938 = ORIENTED_EDGE ( 'NONE', *, *, #1994, .T. ) ;
#939 = DIRECTION ( 'NONE',  ( 1.000000000000000000, 0.000000000000000000, 0.000000000000000000 ) ) ;
#940 = VERTEX_POINT ( 'NONE', #2012 ) ;
#941 = FACE_OUTER_BOUND ( 'NONE', #3080, .T. ) ;
#942 = DIRECTION ( 'NONE',  ( -1.000000000000000000, -2.351549421018650394E-16, 0.000000000000000000 ) ) ;
#943 = ORIENTED_EDGE ( 'NONE', *, *, #340, .T. ) ;
#944 = CARTESIAN_POINT ( 'NONE',  ( 8.192209419069490295, 6.065744996343109818, 586.2536541735638593 ) ) ;
#945 = CARTESIAN_POINT ( 'NONE',  ( -2.220840149737620894, 5.672332364581810893, 588.3536541735637684 ) ) ;
#946 = CARTESIAN_POINT ( 'NONE',  ( -22.22084014973761867, -0.5776676354181913275, 588.3536541735637684 ) ) ;
#947 = EDGE_CURVE ( 'NONE', #3207, #2737, #2968, .T. ) ;
#948 = CARTESIAN_POINT ( 'NONE',  ( -18.62084014973762081, 5.672332364581810005, 588.1086541735637638 ) ) ;
#949 = ORIENTED_EDGE ( 'NONE', *, *, #2858, .F. ) ;
#950 = ORIENTED_EDGE ( 'NONE', *, *, #1197, .F. ) ;
#951 = CARTESIAN_POINT ( 'NONE',  ( -23.62084014973756041, -0.5776676354181942141, 586.2536541735638593 ) ) ;
#952 = CIRCLE ( 'NONE', #3120, 0.1499999999999973577 ) ;
#953 = ORIENTED_EDGE ( 'NONE', *, *, #989, .F. ) ;
#954 = CARTESIAN_POINT ( 'NONE',  ( -22.62084014973762081, -0.5776676354181914386, 588.1086541735637638 ) ) ;
#955 = CARTESIAN_POINT ( 'NONE',  ( -21.36084014973762280, -0.5776676354181912165, 588.2036541735637911 ) ) ;
#956 = AXIS2_PLACEMENT_3D ( 'NONE', #2328, #2564, #766 ) ;
#957 = AXIS2_PLACEMENT_3D ( 'NONE', #2409, #3011, #1506 ) ;
#958 = VERTEX_POINT ( 'NONE', #2212 ) ;
#959 = VECTOR ( 'NONE', #124, 1000.000000000000000 ) ;
#960 = DIRECTION ( 'NONE',  ( 1.000000000000000000, 0.000000000000000000, 0.000000000000000000 ) ) ;
#961 = AXIS2_PLACEMENT_3D ( 'NONE', #117, #132, #1143 ) ;
#962 = FACE_OUTER_BOUND ( 'NONE', #2859, .T. ) ;
#963 = AXIS2_PLACEMENT_3D ( 'NONE', #2148, #2690, #415 ) ;
#964 = ORIENTED_EDGE ( 'NONE', *, *, #3136, .F. ) ;
#965 = DIRECTION ( 'NONE',  ( 1.175461362545449852E-16, -1.000000000000000000, -0.000000000000000000 ) ) ;
#966 = EDGE_CURVE ( 'NONE', #2788, #1859, #2713, .T. ) ;
#967 = DIRECTION ( 'NONE',  ( 1.175461362545449852E-16, -1.000000000000000000, 0.000000000000000000 ) ) ;
#968 = DIRECTION ( 'NONE',  ( 1.175461362545449852E-16, -1.000000000000000000, 0.000000000000000000 ) ) ;
#969 = CARTESIAN_POINT ( 'NONE',  ( -21.36084014973762280, 5.672332364581810005, 588.3536541735637684 ) ) ;
#970 = VECTOR ( 'NONE', #2147, 1000.000000000000000 ) ;
#971 = ORIENTED_EDGE ( 'NONE', *, *, #1240, .F. ) ;
#972 = EDGE_CURVE ( 'NONE', #3258, #3245, #1544, .T. ) ;
#973 = AXIS2_PLACEMENT_3D ( 'NONE', #2265, #685, #753 ) ;
#974 = ORIENTED_EDGE ( 'NONE', *, *, #2389, .T. ) ;
#975 = CARTESIAN_POINT ( 'NONE',  ( -3.020840149737622937, 5.672332364581810893, 588.3536541735637684 ) ) ;
#976 = EDGE_LOOP ( 'NONE', ( #2741, #1689, #1995, #3226, #1556, #3252 ) ) ;
#977 = EDGE_CURVE ( 'NONE', #1830, #452, #1638, .T. ) ;
#978 = DIRECTION ( 'NONE',  ( -1.175461362545449852E-16, 1.000000000000000000, -0.000000000000000000 ) ) ;
#979 = DIRECTION ( 'NONE',  ( 1.175461362545449852E-16, -1.000000000000000000, 0.000000000000000000 ) ) ;
#980 = ORIENTED_EDGE ( 'NONE', *, *, #3189, .F. ) ;
#981 = CARTESIAN_POINT ( 'NONE',  ( -22.92740646168090990, 5.672332364581809117, 587.6460073359205580 ) ) ;
#982 = CARTESIAN_POINT ( 'NONE',  ( 0.1191598502623778949, 5.672332364581810893, 588.2036541735637911 ) ) ;
#983 = CARTESIAN_POINT ( 'NONE',  ( -21.36084014973762280, -0.5776676354181912165, 588.3536541735637684 ) ) ;
#984 = CARTESIAN_POINT ( 'NONE',  ( 6.067297478562686308, -0.5832629384845411380, 586.2536541735638593 ) ) ;
#985 = B_SPLINE_CURVE_WITH_KNOTS ( 'NONE', 3,
 ( #136, #1875, #2642, #2408, #335, #1350, #2361, #361, #3117, #1541, #1644, #841, #2875, #2628, #2549 ),
 .UNSPECIFIED., .F., .F.,
 ( 4, 1, 1, 1, 1, 1, 1, 1, 1, 1, 1, 1, 4 ),
 ( -0.0004102706112444343134, 0.06212044682311679278, 0.1246511642574780199, 0.2497125991262003630, 0.3747740339949227062, 0.4998354688636451604, 0.6248969037323675035, 0.7499583386010898467, 0.8124890560354510738, 0.8750197734698123009, 0.9375504909041734170, 0.9688158496213540305, 1.000081208338534644 ),
 .UNSPECIFIED. ) ;
#986 = CYLINDRICAL_SURFACE ( 'NONE', #2382, 0.5549999999997765610 ) ;
#987 = EDGE_CURVE ( 'NONE', #2105, #1349, #2062, .T. ) ;
#988 = ORIENTED_EDGE ( 'NONE', *, *, #2621, .F. ) ;
#989 = EDGE_CURVE ( 'NONE', #3260, #1516, #1750, .T. ) ;
#990 = ORIENTED_EDGE ( 'NONE', *, *, #1414, .T. ) ;
#991 = FACE_OUTER_BOUND ( 'NONE', #583, .T. ) ;
#992 = CARTESIAN_POINT ( 'NONE',  ( -13.36084014973762280, 5.672332364581810893, 588.3536541735637684 ) ) ;
#993 = EDGE_CURVE ( 'NONE', #2051, #1719, #1508, .T. ) ;
#994 = EDGE_LOOP ( 'NONE', ( #1525, #1667, #391, #643 ) ) ;
#995 = PLANE ( 'NONE',  #2863 ) ;
#996 = DIRECTION ( 'NONE',  ( -1.175461362545449852E-16, 1.000000000000000000, -0.000000000000000000 ) ) ;
#997 = CARTESIAN_POINT ( 'NONE',  ( 23.93545818716621554, -9.213705733401218012, 591.2536541735638593 ) ) ;
#998 = CARTESIAN_POINT ( 'NONE',  ( 25.87656247006713883, -9.327667429655146947, 586.2536541735638593 ) ) ;
#999 = CARTESIAN_POINT ( 'NONE',  ( -1.880840149737620148, 5.672332364581810893, 588.3536541735637684 ) ) ;
#1000 = LINE ( 'NONE', #2787, #3205 ) ;
#1001 = ORIENTED_EDGE ( 'NONE', *, *, #514, .T. ) ;
#1002 = ORIENTED_EDGE ( 'NONE', *, *, #654, .F. ) ;
#1003 = EDGE_CURVE ( 'NONE', #1863, #2666, #3026, .T. ) ;
#1004 = DIRECTION ( 'NONE',  ( 1.000000000000000000, 0.000000000000000000, 0.000000000000000000 ) ) ;
#1005 = CYLINDRICAL_SURFACE ( 'NONE', #2341, 0.5549999999997761169 ) ;
#1006 = AXIS2_PLACEMENT_3D ( 'NONE', #1416, #1169, #3190 ) ;
#1007 = ORIENTED_EDGE ( 'NONE', *, *, #2252, .T. ) ;
#1008 = EDGE_CURVE ( 'NONE', #600, #173, #689, .T. ) ;
#1009 = AXIS2_PLACEMENT_3D ( 'NONE', #922, #2431, #635 ) ;
#1010 = MECHANICAL_DESIGN_GEOMETRIC_PRESENTATION_REPRESENTATION (  '', ( #1435 ), #12 ) ;
#1011 = AXIS2_PLACEMENT_3D ( 'NONE', #1826, #2638, #1390 ) ;
#1012 = AXIS2_PLACEMENT_3D ( 'NONE', #2270, #2020, #2805 ) ;
#1013 = DIRECTION ( 'NONE',  ( 1.175461362545449852E-16, -1.000000000000000000, 0.000000000000000000 ) ) ;
#1014 = VECTOR ( 'NONE', #942, 1000.000000000000000 ) ;
#1015 = CARTESIAN_POINT ( 'NONE',  ( 21.34281513429038668, -8.523138563559184533, 591.2536541735638593 ) ) ;
#1016 = DIRECTION ( 'NONE',  ( 1.175461362545449852E-16, -1.000000000000000000, 0.000000000000000000 ) ) ;
#1017 = CYLINDRICAL_SURFACE ( 'NONE', #1059, 0.9999999999999019673 ) ;
#1018 = DIRECTION ( 'NONE',  ( 1.175461362545449852E-16, -1.000000000000000000, -0.000000000000000000 ) ) ;
#1019 = VECTOR ( 'NONE', #2676, 1000.000000000000000 ) ;
#1020 = ORIENTED_EDGE ( 'NONE', *, *, #1573, .T. ) ;
#1021 = CIRCLE ( 'NONE', #1819, 0.5549999999997765610 ) ;
#1022 = ORIENTED_EDGE ( 'NONE', *, *, #500, .T. ) ;
#1023 = CARTESIAN_POINT ( 'NONE',  ( -5.360840149737620131, -0.5776676354181893291, 588.3536541735637684 ) ) ;
#1024 = CARTESIAN_POINT ( 'NONE',  ( -17.88084014973761882, 5.672332364581810005, 588.3536541735637684 ) ) ;
#1025 = EDGE_CURVE ( 'NONE', #3051, #2108, #790, .T. ) ;
#1026 = ORIENTED_EDGE ( 'NONE', *, *, #1722, .T. ) ;
#1027 = ORIENTED_EDGE ( 'NONE', *, *, #1595, .T. ) ;
#1028 = LINE ( 'NONE', #2038, #280 ) ;
#1029 = CARTESIAN_POINT ( 'NONE',  ( 9.954485713224210386, -1.394427912087249588, 591.2536541735638593 ) ) ;
#1030 = FACE_OUTER_BOUND ( 'NONE', #301, .T. ) ;
#1031 = DIRECTION ( 'NONE',  ( -1.175461362545449852E-16, 1.000000000000000000, -0.000000000000000000 ) ) ;
#1032 = ADVANCED_FACE ( 'NONE', ( #1468 ), #2278, .F. ) ;
#1033 = LINE ( 'NONE', #2043, #2260 ) ;
#1034 = ORIENTED_EDGE ( 'NONE', *, *, #3015, .F. ) ;
#1035 =( GEOMETRIC_REPRESENTATION_CONTEXT ( 3 ) GLOBAL_UNCERTAINTY_ASSIGNED_CONTEXT ( ( #1892 ) ) GLOBAL_UNIT_ASSIGNED_CONTEXT ( ( #642, #909, #2640 ) ) REPRESENTATION_CONTEXT ( 'NONE', 'WORKASPACE' ) );
#1036 = VERTEX_POINT ( 'NONE', #969 ) ;
#1037 = CARTESIAN_POINT ( 'NONE',  ( -7.880840149737619704, 5.672332364581810893, 588.3536541735637684 ) ) ;
#1038 = CARTESIAN_POINT ( 'NONE',  ( -5.020840149737621161, 5.672332364581810893, 588.3536541735637684 ) ) ;
#1039 = DIRECTION ( 'NONE',  ( 1.000000000000000000, 0.000000000000000000, 0.000000000000000000 ) ) ;
#1040 = VERTEX_POINT ( 'NONE', #498 ) ;
#1041 = DIRECTION ( 'NONE',  ( -1.000000000000000000, 0.000000000000000000, 0.000000000000000000 ) ) ;
#1042 = VERTEX_POINT ( 'NONE', #718 ) ;
#1043 = CARTESIAN_POINT ( 'NONE',  ( -15.88084014973761882, -0.5776676354181905504, 588.3536541735637684 ) ) ;
#1044 = EDGE_CURVE ( 'NONE', #3030, #2058, #56, .T. ) ;
#1045 = CARTESIAN_POINT ( 'NONE',  ( 25.22665924869009046, -9.334489416151427577, 591.2536541735638593 ) ) ;
#1046 = DIRECTION ( 'NONE',  ( 1.000000000000000000, 0.000000000000000000, 0.000000000000000000 ) ) ;
#1047 = EDGE_CURVE ( 'NONE', #1042, #2267, #2000, .T. ) ;
#1048 = CARTESIAN_POINT ( 'NONE',  ( -12.22084014973762045, -0.5776676354181901063, 588.3536541735637684 ) ) ;
#1049 = CARTESIAN_POINT ( 'NONE',  ( -9.360840149737622795, 5.672332364581810893, 588.2036541735637911 ) ) ;
#1050 = VERTEX_POINT ( 'NONE', #2478 ) ;
#1051 = EDGE_CURVE ( 'NONE', #2281, #1516, #213, .T. ) ;
#1052 = VERTEX_POINT ( 'NONE', #479 ) ;
#1053 = CARTESIAN_POINT ( 'NONE',  ( -5.020840149737620273, -0.5776676354181892181, 588.3536541735637684 ) ) ;
#1054 = ADVANCED_FACE ( 'NONE', ( #2516 ), #986, .F. ) ;
#1055 = DIRECTION ( 'NONE',  ( -0.000000000000000000, -0.000000000000000000, -1.000000000000000000 ) ) ;
#1056 = EDGE_LOOP ( 'NONE', ( #3182, #2760, #2001, #3156 ) ) ;
#1057 = PLANE ( 'NONE',  #1696 ) ;
#1058 = VERTEX_POINT ( 'NONE', #1252 ) ;
#1059 = AXIS2_PLACEMENT_3D ( 'NONE', #1536, #299, #53 ) ;
#1060 = DIRECTION ( 'NONE',  ( 1.175461362545449852E-16, -1.000000000000000000, 0.000000000000000000 ) ) ;
#1061 = LINE ( 'NONE', #2074, #2386 ) ;
#1062 = CYLINDRICAL_SURFACE ( 'NONE', #369, 0.1499999999999973577 ) ;
#1063 = CIRCLE ( 'NONE', #1854, 0.9999999999999003020 ) ;
#1064 = CARTESIAN_POINT ( 'NONE',  ( -7.213150495128163975, 5.672332364581810893, 588.2298794651993603 ) ) ;
#1065 = CARTESIAN_POINT ( 'NONE',  ( -11.02084014973762294, 5.672332364581810893, 588.3536541735637684 ) ) ;
#1066 = CIRCLE ( 'NONE', #2436, 0.9999999999999011902 ) ;
#1067 = ADVANCED_FACE ( 'NONE', ( #2768 ), #237, .T. ) ;
#1068 = VECTOR ( 'NONE', #2949, 1000.000000000000000 ) ;
#1069 = VERTEX_POINT ( 'NONE', #999 ) ;
#1070 = CIRCLE ( 'NONE', #799, 0.9999999999999011902 ) ;
#1071 = CIRCLE ( 'NONE', #325, 0.5549999999997765610 ) ;
#1072 = ADVANCED_FACE ( 'NONE', ( #3057 ), #1386, .F. ) ;
#1073 = ORIENTED_EDGE ( 'NONE', *, *, #2510, .T. ) ;
#1074 = DIRECTION ( 'NONE',  ( -0.000000000000000000, -0.000000000000000000, -1.000000000000000000 ) ) ;
#1075 = CIRCLE ( 'NONE', #119, 0.1499999999999969136 ) ;
#1076 = DIRECTION ( 'NONE',  ( 1.175461362545449852E-16, -1.000000000000000000, -0.000000000000000000 ) ) ;
#1077 = EDGE_CURVE ( 'NONE', #173, #139, #40, .T. ) ;
#1078 = EDGE_CURVE ( 'NONE', #3124, #2774, #1903, .T. ) ;
#1079 = ORIENTED_EDGE ( 'NONE', *, *, #321, .F. ) ;
#1080 = ORIENTED_EDGE ( 'NONE', *, *, #2084, .F. ) ;
#1081 = CARTESIAN_POINT ( 'NONE',  ( -23.02084014973762294, 5.672332364581809117, 588.3536541735637684 ) ) ;
#1082 = CARTESIAN_POINT ( 'NONE',  ( 25.87915985026242893, 2.672332289245519465, 586.2536541735638593 ) ) ;
#1083 = CARTESIAN_POINT ( 'NONE',  ( -3.360840149737622795, 5.672332364581810893, 588.2036541735637911 ) ) ;
#1084 = CARTESIAN_POINT ( 'NONE',  ( -2.028529804346973275, 5.672332364581810893, 588.2298794651993603 ) ) ;
#1085 = DIRECTION ( 'NONE',  ( 1.175461362545449852E-16, -1.000000000000000000, -0.000000000000000000 ) ) ;
#1086 = ORIENTED_EDGE ( 'NONE', *, *, #2406, .F. ) ;
#1087 = EDGE_CURVE ( 'NONE', #2198, #3047, #1222, .T. ) ;
#1088 = ORIENTED_EDGE ( 'NONE', *, *, #698, .F. ) ;
#1089 = LINE ( 'NONE', #1305, #2781 ) ;
#1090 = AXIS2_PLACEMENT_3D ( 'NONE', #2013, #1523, #2530 ) ;
#1091 = CARTESIAN_POINT ( 'NONE',  ( 23.37915986059991624, 2.672332289245519465, 586.2536541735638593 ) ) ;
#1092 = ORIENTED_EDGE ( 'NONE', *, *, #993, .T. ) ;
#1093 = ORIENTED_EDGE ( 'NONE', *, *, #2018, .F. ) ;
#1094 = CARTESIAN_POINT ( 'NONE',  ( -9.880840149737620592, -0.5776676354181898843, 588.2036541735637911 ) ) ;
#1095 = CARTESIAN_POINT ( 'NONE',  ( -23.02084014973762294, 5.672332364581809117, 588.3536541735637684 ) ) ;
#1096 = ADVANCED_FACE ( 'NONE', ( #311 ), #1017, .F. ) ;
#1097 = DIRECTION ( 'NONE',  ( 1.000000000000000000, 4.170008355713537302E-16, 0.000000000000000000 ) ) ;
#1098 = EDGE_LOOP ( 'NONE', ( #1001, #949, #1481, #3007 ) ) ;
#1099 = CYLINDRICAL_SURFACE ( 'NONE', #1707, 0.9999999999999011902 ) ;
#1100 = ORIENTED_EDGE ( 'NONE', *, *, #1860, .T. ) ;
#1101 = ORIENTED_EDGE ( 'NONE', *, *, #1132, .F. ) ;
#1102 = CARTESIAN_POINT ( 'NONE',  ( -21.02084014973762294, -0.5776676354181912165, 588.3536541735637684 ) ) ;
#1103 = EDGE_LOOP ( 'NONE', ( #2003, #2921, #1684, #81 ) ) ;
#1104 = EDGE_LOOP ( 'NONE', ( #3104, #1206, #2634, #275, #2960, #465, #1401, #1093 ) ) ;
#1105 = EDGE_CURVE ( 'NONE', #682, #3074, #488, .T. ) ;
#1106 = FACE_OUTER_BOUND ( 'NONE', #1446, .T. ) ;
#1107 = DIRECTION ( 'NONE',  ( 1.175461362545449852E-16, -1.000000000000000000, 0.000000000000000000 ) ) ;
#1108 = SURFACE_SIDE_STYLE ('',( #2842 ) ) ;
#1109 = CIRCLE ( 'NONE', #686, 0.9999999999999011902 ) ;
#1110 = CARTESIAN_POINT ( 'NONE',  ( -11.88084014973762059, 5.672332364581810893, 588.3536541735637684 ) ) ;
#1111 = EDGE_CURVE ( 'NONE', #3242, #1830, #1324, .T. ) ;
#1112 = CIRCLE ( 'NONE', #368, 0.1499999999999969136 ) ;
#1113 = CARTESIAN_POINT ( 'NONE',  ( -1.880840149737620148, 5.672332364581810893, 588.2036541735637911 ) ) ;
#1114 = ORIENTED_EDGE ( 'NONE', *, *, #654, .T. ) ;
#1115 = CARTESIAN_POINT ( 'NONE',  ( -15.36084014973762280, 5.672332364581810005, 588.3536541735637684 ) ) ;
#1116 = CIRCLE ( 'NONE', #2971, 2.499999989662510913 ) ;
#1117 = VECTOR ( 'NONE', #1134, 1000.000000000000000 ) ;
#1118 = ORIENTED_EDGE ( 'NONE', *, *, #2045, .T. ) ;
#1119 = VECTOR ( 'NONE', #2365, 1000.000000000000000 ) ;
#1120 = CARTESIAN_POINT ( 'NONE',  ( -12.02852980434697194, -0.5776676354181901063, 588.2298794651993603 ) ) ;
#1121 = AXIS2_PLACEMENT_3D ( 'NONE', #2207, #1407, #2419 ) ;
#1122 = ORIENTED_EDGE ( 'NONE', *, *, #2722, .F. ) ;
#1123 = VECTOR ( 'NONE', #911, 1000.000000000000000 ) ;
#1124 = DIRECTION ( 'NONE',  ( 1.000000000000000000, 0.000000000000000000, 0.000000000000000000 ) ) ;
#1125 = AXIS2_PLACEMENT_3D ( 'NONE', #249, #1261, #2275 ) ;
#1126 = CARTESIAN_POINT ( 'NONE',  ( 1.379159850262379416, -0.5776676354181885520, 588.1086541735637638 ) ) ;
#1127 = DIRECTION ( 'NONE',  ( 1.175461362545449852E-16, -1.000000000000000000, 0.000000000000000000 ) ) ;
#1128 = DIRECTION ( 'NONE',  ( 1.175461362545449852E-16, -1.000000000000000000, -0.000000000000000000 ) ) ;
#1129 = ORIENTED_EDGE ( 'NONE', *, *, #1144, .T. ) ;
#1130 = CYLINDRICAL_SURFACE ( 'NONE', #3081, 0.5549999999997778932 ) ;
#1131 = CARTESIAN_POINT ( 'NONE',  ( -5.213150495128162198, 5.672332364581810893, 588.2298794651993603 ) ) ;
#1132 = EDGE_CURVE ( 'NONE', #683, #2732, #2767, .T. ) ;
#1133 = EDGE_CURVE ( 'NONE', #3171, #139, #744, .T. ) ;
#1134 = DIRECTION ( 'NONE',  ( 1.175461362545449852E-16, -1.000000000000000000, -0.000000000000000000 ) ) ;
#1135 = VERTEX_POINT ( 'NONE', #1064 ) ;
#1136 = DIRECTION ( 'NONE',  ( 1.175461362545449852E-16, -1.000000000000000000, 0.000000000000000000 ) ) ;
#1137 = VERTEX_POINT ( 'NONE', #2089 ) ;
#1138 = CARTESIAN_POINT ( 'NONE',  ( -7.880840149737619704, -0.5776676354181896622, 588.2036541735637911 ) ) ;
#1139 = LINE ( 'NONE', #1920, #2435 ) ;
#1140 = VERTEX_POINT ( 'NONE', #1084 ) ;
#1141 = LINE ( 'NONE', #2133, #2985 ) ;
#1142 = CYLINDRICAL_SURFACE ( 'NONE', #1647, 0.5549999999997761169 ) ;
#1143 = DIRECTION ( 'NONE',  ( 1.000000000000000000, 0.000000000000000000, 0.000000000000000000 ) ) ;
#1144 = EDGE_CURVE ( 'NONE', #2267, #1899, #314, .T. ) ;
#1145 = ORIENTED_EDGE ( 'NONE', *, *, #972, .T. ) ;
#1146 = CARTESIAN_POINT ( 'NONE',  ( -17.21315049512816131, -0.5776676354181907724, 588.2298794651993603 ) ) ;
#1147 = CARTESIAN_POINT ( 'NONE',  ( 25.87915985026242893, 2.672332289245519465, 588.2536541735638593 ) ) ;
#1148 = DIRECTION ( 'NONE',  ( 1.175461362545449852E-16, -1.000000000000000000, 0.000000000000000000 ) ) ;
#1149 = ORIENTED_EDGE ( 'NONE', *, *, #1990, .T. ) ;
#1150 = ORIENTED_EDGE ( 'NONE', *, *, #148, .T. ) ;
#1151 = CARTESIAN_POINT ( 'NONE',  ( 0.6391598502623774269, 5.672332364581810893, 588.3536541735637684 ) ) ;
#1152 = ORIENTED_EDGE ( 'NONE', *, *, #1528, .T. ) ;
#1153 = CARTESIAN_POINT ( 'NONE',  ( 5.886912661604474017, 5.922332213909233367, 591.2536541735638593 ) ) ;
#1154 = CARTESIAN_POINT ( 'NONE',  ( 0.1191598502623778949, 5.672332364581810893, 588.3536541735637684 ) ) ;
#1155 = ORIENTED_EDGE ( 'NONE', *, *, #3189, .T. ) ;
#1156 = DIRECTION ( 'NONE',  ( -1.175461362545449852E-16, 1.000000000000000000, -0.000000000000000000 ) ) ;
#1157 = CYLINDRICAL_SURFACE ( 'NONE', #109, 0.9999999999999019673 ) ;
#1158 = CARTESIAN_POINT ( 'NONE',  ( -0.2208401497376221156, 5.672332364581810893, 588.3536541735637684 ) ) ;
#1159 = ORIENTED_EDGE ( 'NONE', *, *, #987, .T. ) ;
#1160 = FACE_OUTER_BOUND ( 'NONE', #801, .T. ) ;
#1161 = DIRECTION ( 'NONE',  ( 1.175461362545449852E-16, -1.000000000000000000, -0.000000000000000000 ) ) ;
#1162 = CIRCLE ( 'NONE', #1322, 0.1499999999999973577 ) ;
#1163 = LINE ( 'NONE', #1187, #959 ) ;
#1164 = EDGE_CURVE ( 'NONE', #549, #1874, #1112, .T. ) ;
#1165 = ORIENTED_EDGE ( 'NONE', *, *, #581, .T. ) ;
#1166 = VECTOR ( 'NONE', #2855, 1000.000000000000000 ) ;
#1167 = ORIENTED_EDGE ( 'NONE', *, *, #1873, .F. ) ;
#1168 = AXIS2_PLACEMENT_3D ( 'NONE', #122, #1161, #2173 ) ;
#1169 = DIRECTION ( 'NONE',  ( -1.175461362545449852E-16, 1.000000000000000000, -0.000000000000000000 ) ) ;
#1170 = VECTOR ( 'NONE', #1617, 1000.000000000000000 ) ;
#1171 = CARTESIAN_POINT ( 'NONE',  ( -12.92740646168090990, 5.672332364581810893, 587.6460073359205580 ) ) ;
#1172 = CIRCLE ( 'NONE', #273, 0.5549999999997778932 ) ;
#1173 = EDGE_LOOP ( 'NONE', ( #207, #2641, #1752, #1682 ) ) ;
#1174 = VECTOR ( 'NONE', #475, 1000.000000000000000 ) ;
#1175 = LINE ( 'NONE', #1443, #585 ) ;
#1176 = FACE_OUTER_BOUND ( 'NONE', #1602, .T. ) ;
#1177 = EDGE_CURVE ( 'NONE', #1036, #2684, #2865, .T. ) ;
#1178 = VECTOR ( 'NONE', #965, 1000.000000000000000 ) ;
#1179 = ORIENTED_EDGE ( 'NONE', *, *, #1538, .F. ) ;
#1180 = CYLINDRICAL_SURFACE ( 'NONE', #1239, 2.499999989662510913 ) ;
#1181 = CIRCLE ( 'NONE', #1341, 0.5549999999997778932 ) ;
#1182 = CARTESIAN_POINT ( 'NONE',  ( 1.358413993608854285E-16, -0.5776676354181886630, 591.2536541735638593 ) ) ;
#1183 = PRODUCT_CONTEXT ( 'NONE', #3271, 'mechanical' ) ;
#1184 = CARTESIAN_POINT ( 'NONE',  ( 9.954485713224270782, 6.739092490578319605, 591.2536541735638593 ) ) ;
#1185 = CYLINDRICAL_SURFACE ( 'NONE', #903, 0.9999999999999011902 ) ;
#1186 = CARTESIAN_POINT ( 'NONE',  ( -14.22084014973762045, 5.672332364581810005, 588.3536541735637684 ) ) ;
#1187 = CARTESIAN_POINT ( 'NONE',  ( 1.072593538319090545, 5.672332364581810893, 587.6460073359205580 ) ) ;
#1188 = ORIENTED_EDGE ( 'NONE', *, *, #2253, .F. ) ;
#1189 = VERTEX_POINT ( 'NONE', #288 ) ;
#1190 = CYLINDRICAL_SURFACE ( 'NONE', #2812, 0.9999999999999011902 ) ;
#1191 = DIRECTION ( 'NONE',  ( 1.175461362545449852E-16, -1.000000000000000000, -0.000000000000000000 ) ) ;
#1192 = VERTEX_POINT ( 'NONE', #2056 ) ;
#1193 = ADVANCED_FACE ( 'NONE', ( #2843 ), #1783, .F. ) ;
#1194 = CARTESIAN_POINT ( 'NONE',  ( -1.360840149737624127, 5.672332364581810893, 588.2036541735637911 ) ) ;
#1195 = EDGE_LOOP ( 'NONE', ( #2093, #2948, #2806, #1700 ) ) ;
#1196 = FACE_OUTER_BOUND ( 'NONE', #2446, .T. ) ;
#1197 = EDGE_CURVE ( 'NONE', #3000, #1, #2815, .T. ) ;
#1198 = LINE ( 'NONE', #1981, #218 ) ;
#1199 = FACE_OUTER_BOUND ( 'NONE', #2471, .T. ) ;
#1200 = CARTESIAN_POINT ( 'NONE',  ( -17.88084014973761882, 5.672332364581810005, 588.3536541735637684 ) ) ;
#1201 = CARTESIAN_POINT ( 'NONE',  ( 0.7868495048718365803, 5.672332364581810893, 588.2298794651993603 ) ) ;
#1202 = DIRECTION ( 'NONE',  ( 1.175461362545449852E-16, -1.000000000000000000, -0.000000000000000000 ) ) ;
#1203 = ORIENTED_EDGE ( 'NONE', *, *, #1860, .F. ) ;
#1204 = ORIENTED_EDGE ( 'NONE', *, *, #154, .T. ) ;
#1205 = DIRECTION ( 'NONE',  ( -1.000000000000000000, 0.000000000000000000, 0.000000000000000000 ) ) ;
#1206 = ORIENTED_EDGE ( 'NONE', *, *, #501, .F. ) ;
#1207 = CARTESIAN_POINT ( 'NONE',  ( -3.213150495128163975, 5.672332364581810893, 588.2298794651993603 ) ) ;
#1208 = CARTESIAN_POINT ( 'NONE',  ( -9.880840149737620592, 5.672332364581810893, 588.3536541735637684 ) ) ;
#1209 = ORIENTED_EDGE ( 'NONE', *, *, #3015, .T. ) ;
#1210 = DIRECTION ( 'NONE',  ( 1.000000000000000000, 0.000000000000000000, 0.000000000000000000 ) ) ;
#1211 = DIRECTION ( 'NONE',  ( 1.175461362545449852E-16, -1.000000000000000000, 0.000000000000000000 ) ) ;
#1212 = EDGE_CURVE ( 'NONE', #1908, #1922, #2799, .T. ) ;
#1213 = FACE_OUTER_BOUND ( 'NONE', #2432, .T. ) ;
#1214 = DIRECTION ( 'NONE',  ( 1.000000000000000000, 0.000000000000000000, 0.000000000000000000 ) ) ;
#1215 = CARTESIAN_POINT ( 'NONE',  ( -5.020840149737621161, 5.672332364581810893, 588.3536541735637684 ) ) ;
#1216 = DIRECTION ( 'NONE',  ( -1.000000000000000000, -1.084202172485611547E-16, 0.000000000000000000 ) ) ;
#1217 = EDGE_CURVE ( 'NONE', #385, #2632, #2282, .T. ) ;
#1218 = ORIENTED_EDGE ( 'NONE', *, *, #1212, .F. ) ;
#1219 = VECTOR ( 'NONE', #191, 1000.000000000000000 ) ;
#1220 = ORIENTED_EDGE ( 'NONE', *, *, #2317, .F. ) ;
#1221 = DIRECTION ( 'NONE',  ( 0.000000000000000000, 0.000000000000000000, -1.000000000000000000 ) ) ;
#1222 = CIRCLE ( 'NONE', #3070, 0.9999999999999019673 ) ;
#1223 = VERTEX_POINT ( 'NONE', #2593 ) ;
#1224 = CARTESIAN_POINT ( 'NONE',  ( -22.02852980434697372, -0.5776676354181913275, 588.2298794651993603 ) ) ;
#1225 = DIRECTION ( 'NONE',  ( 1.000000000000000000, 1.953517427902597835E-16, 0.000000000000000000 ) ) ;
#1226 = CIRCLE ( 'NONE', #2168, 2.499999989662510913 ) ;
#1227 = ORIENTED_EDGE ( 'NONE', *, *, #765, .F. ) ;
#1228 = AXIS2_PLACEMENT_3D ( 'NONE', #1646, #2153, #404 ) ;
#1229 = DIRECTION ( 'NONE',  ( 0.000000000000000000, 0.000000000000000000, -1.000000000000000000 ) ) ;
#1230 = AXIS2_PLACEMENT_3D ( 'NONE', #52, #3131, #1841 ) ;
#1231 = DIRECTION ( 'NONE',  ( 0.000000000000000000, 0.000000000000000000, -1.000000000000000000 ) ) ;
#1232 = AXIS2_PLACEMENT_3D ( 'NONE', #2703, #2909, #2184 ) ;
#1233 = CARTESIAN_POINT ( 'NONE',  ( 8.895094791140619961, 6.274178309292575584, 591.2536541735638593 ) ) ;
#1234 = VECTOR ( 'NONE', #1627, 1000.000000000000000 ) ;
#1235 = EDGE_CURVE ( 'NONE', #606, #720, #2707, .T. ) ;
#1236 = DIRECTION ( 'NONE',  ( 1.175461362545449852E-16, -1.000000000000000000, -0.000000000000000000 ) ) ;
#1237 = CARTESIAN_POINT ( 'NONE',  ( 11.97712942669492975, -2.630816167807796369, 586.2536541735638593 ) ) ;
#1238 = DIRECTION ( 'NONE',  ( 1.175461362545449852E-16, -1.000000000000000000, -0.000000000000000000 ) ) ;
#1239 = AXIS2_PLACEMENT_3D ( 'NONE', #2673, #1229, #656 ) ;
#1240 = EDGE_CURVE ( 'NONE', #3245, #1790, #1589, .T. ) ;
#1241 = ORIENTED_EDGE ( 'NONE', *, *, #1519, .T. ) ;
#1242 = ORIENTED_EDGE ( 'NONE', *, *, #1603, .T. ) ;
#1243 = CARTESIAN_POINT ( 'NONE',  ( 25.87656247006680132, 14.67233200814618677, 586.2536541735638593 ) ) ;
#1244 = CARTESIAN_POINT ( 'NONE',  ( -22.02852980434697372, 5.672332364581809117, 588.2298794651993603 ) ) ;
#1245 = ORIENTED_EDGE ( 'NONE', *, *, #705, .T. ) ;
#1246 = FACE_OUTER_BOUND ( 'NONE', #2939, .T. ) ;
#1247 = CARTESIAN_POINT ( 'NONE',  ( -9.360840149737622795, 5.672332364581810893, 588.3536541735637684 ) ) ;
#1248 = DIRECTION ( 'NONE',  ( -1.000000000000000000, 0.000000000000000000, 0.000000000000000000 ) ) ;
#1249 = VECTOR ( 'NONE', #2057, 1000.000000000000000 ) ;
#1250 = DIRECTION ( 'NONE',  ( 1.175461362545449852E-16, -1.000000000000000000, -0.000000000000000000 ) ) ;
#1251 = DIRECTION ( 'NONE',  ( 1.000000000000000000, 0.000000000000000000, 0.000000000000000000 ) ) ;
#1252 = CARTESIAN_POINT ( 'NONE',  ( -6.927406461680909011, -0.5776676354181894402, 587.6460073359205580 ) ) ;
#1253 = DIRECTION ( 'NONE',  ( 1.175461362545449852E-16, -1.000000000000000000, -0.000000000000000000 ) ) ;
#1254 = ORIENTED_EDGE ( 'NONE', *, *, #3115, .T. ) ;
#1255 = ADVANCED_FACE ( 'NONE', ( #163 ), #1656, .F. ) ;
#1256 = ORIENTED_EDGE ( 'NONE', *, *, #1445, .F. ) ;
#1257 = CARTESIAN_POINT ( 'NONE',  ( 18.19134521145593553, 12.34073675308296814, 586.2536541735638593 ) ) ;
#1258 = DIRECTION ( 'NONE',  ( 1.000000000000000000, 1.175461362545449852E-16, 0.000000000000000000 ) ) ;
#1259 = EDGE_CURVE ( 'NONE', #2525, #3030, #1139, .T. ) ;
#1260 = ORIENTED_EDGE ( 'NONE', *, *, #1397, .T. ) ;
#1261 = DIRECTION ( 'NONE',  ( 1.175461362545449852E-16, -1.000000000000000000, 0.000000000000000000 ) ) ;
#1262 = CARTESIAN_POINT ( 'NONE',  ( 7.039948767139770247, -0.6135598106736389612, 586.2536541735638593 ) ) ;
#1263 = CARTESIAN_POINT ( 'NONE',  ( -11.36084014973762280, 5.672332364581810893, 588.2036541735637911 ) ) ;
#1264 = CARTESIAN_POINT ( 'NONE',  ( -13.88084014973762059, 5.672332364581810005, 588.2036541735637911 ) ) ;
#1265 = CARTESIAN_POINT ( 'NONE',  ( 5.886912661604250196, -0.5776676354181873307, 591.2536541735638593 ) ) ;
#1266 = VERTEX_POINT ( 'NONE', #3196 ) ;
#1267 = ORIENTED_EDGE ( 'NONE', *, *, #500, .F. ) ;
#1268 = CARTESIAN_POINT ( 'NONE',  ( 6.067297478562895030, 5.927927516975583622, 586.2536541735638593 ) ) ;
#1269 = FACE_OUTER_BOUND ( 'NONE', #1103, .T. ) ;
#1270 = CIRCLE ( 'NONE', #159, 0.1499999999999973577 ) ;
#1271 = ORIENTED_EDGE ( 'NONE', *, *, #2388, .F. ) ;
#1272 = AXIS2_PLACEMENT_3D ( 'NONE', #2146, #1420, #2187 ) ;
#1273 = ADVANCED_FACE ( 'NONE', ( #1176 ), #2932, .F. ) ;
#1274 = AXIS2_PLACEMENT_3D ( 'NONE', #914, #1645, #2941 ) ;
#1275 = CIRCLE ( 'NONE', #628, 0.9999999999999003020 ) ;
#1276 = VERTEX_POINT ( 'NONE', #1898 ) ;
#1277 = CIRCLE ( 'NONE', #3178, 0.9999999999999019673 ) ;
#1278 = LINE ( 'NONE', #1764, #2505 ) ;
#1279 = VECTOR ( 'NONE', #878, 1000.000000000000000 ) ;
#1280 = CARTESIAN_POINT ( 'NONE',  ( -11.21315049512816309, 5.672332364581810893, 588.2298794651993603 ) ) ;
#1281 = CARTESIAN_POINT ( 'NONE',  ( 7.039948767139770247, -0.6135598106736389612, 586.2536541735638593 ) ) ;
#1282 = DIRECTION ( 'NONE',  ( 1.175461362545449852E-16, -1.000000000000000000, -0.000000000000000000 ) ) ;
#1283 = DIRECTION ( 'NONE',  ( 1.175461362545449852E-16, -1.000000000000000000, 0.000000000000000000 ) ) ;
#1284 = AXIS2_PLACEMENT_3D ( 'NONE', #2734, #1984, #461 ) ;
#1285 = ORIENTED_EDGE ( 'NONE', *, *, #2556, .F. ) ;
#1286 = AXIS2_PLACEMENT_3D ( 'NONE', #2324, #1311, #2840 ) ;
#1287 = ORIENTED_EDGE ( 'NONE', *, *, #1351, .F. ) ;
#1288 = AXIS2_PLACEMENT_3D ( 'NONE', #2064, #816, #1557 ) ;
#1289 = ADVANCED_FACE ( 'NONE', ( #2402 ), #652, .T. ) ;
#1290 = CARTESIAN_POINT ( 'NONE',  ( -18.02852980434697372, -0.5776676354181907724, 588.2298794651993603 ) ) ;
#1291 = DIRECTION ( 'NONE',  ( 1.175461362545449852E-16, -1.000000000000000000, -0.000000000000000000 ) ) ;
#1292 = ORIENTED_EDGE ( 'NONE', *, *, #2274, .F. ) ;
#1293 = ADVANCED_FACE ( 'NONE', ( #2162 ), #2671, .T. ) ;
#1294 = ADVANCED_FACE ( 'NONE', ( #393 ), #1403, .T. ) ;
#1295 = DIRECTION ( 'NONE',  ( -0.000000000000000000, -0.000000000000000000, -1.000000000000000000 ) ) ;
#1296 = EDGE_CURVE ( 'NONE', #2303, #917, #145, .T. ) ;
#1297 = CARTESIAN_POINT ( 'NONE',  ( -13.02084014973762294, 5.672332364581810893, 588.3536541735637684 ) ) ;
#1298 = CARTESIAN_POINT ( 'NONE',  ( 25.22665924869009046, -9.334489416151427577, 586.2536541735638593 ) ) ;
#1299 = FACE_OUTER_BOUND ( 'NONE', #670, .T. ) ;
#1300 = DIRECTION ( 'NONE',  ( -1.175461362545449852E-16, 1.000000000000000000, -0.000000000000000000 ) ) ;
#1301 = LINE ( 'NONE', #1582, #1404 ) ;
#1302 = EDGE_LOOP ( 'NONE', ( #315, #1374, #1526, #815 ) ) ;
#1303 = VERTEX_POINT ( 'NONE', #1629 ) ;
#1304 = VERTEX_POINT ( 'NONE', #2442 ) ;
#1305 = CARTESIAN_POINT ( 'NONE',  ( 25.87656247006713883, -9.327667429655146947, 591.2536541735638593 ) ) ;
#1306 = CARTESIAN_POINT ( 'NONE',  ( -23.62084014973756041, -0.5776676354181942141, 591.2536541735638593 ) ) ;
#1307 = VERTEX_POINT ( 'NONE', #1115 ) ;
#1308 = DIRECTION ( 'NONE',  ( 1.175461362545449852E-16, -1.000000000000000000, -0.000000000000000000 ) ) ;
#1309 = EDGE_CURVE ( 'NONE', #1587, #1343, #1909, .T. ) ;
#1310 = B_SPLINE_CURVE_WITH_KNOTS ( 'NONE', 3,
 ( #998, #2995, #478, #3056, #220, #2248, #1237, #3255, #2263, #733, #751, #1281, #1782, #984, #779 ),
 .UNSPECIFIED., .F., .F.,
 ( 4, 1, 1, 1, 1, 1, 1, 1, 1, 1, 1, 1, 4 ),
 ( -0.0004102706112444343134, 0.06212044682311679278, 0.1246511642574780199, 0.2497125991262003630, 0.3747740339949227062, 0.4998354688636451604, 0.6248969037323675035, 0.7499583386010898467, 0.8124890560354510738, 0.8750197734698123009, 0.9375504909041734170, 0.9688158496213540305, 1.000081208338534644 ),
 .UNSPECIFIED. ) ;
#1311 = DIRECTION ( 'NONE',  ( 1.175461362545449852E-16, -1.000000000000000000, -0.000000000000000000 ) ) ;
#1312 = LINE ( 'NONE', #535, #1337 ) ;
#1313 = FACE_OUTER_BOUND ( 'NONE', #858, .T. ) ;
#1314 = CARTESIAN_POINT ( 'NONE',  ( 25.87915985026242893, 2.672332289245519465, 588.2536541735638593 ) ) ;
#1315 = FACE_OUTER_BOUND ( 'NONE', #1364, .T. ) ;
#1316 = ORIENTED_EDGE ( 'NONE', *, *, #1633, .T. ) ;
#1317 = EDGE_CURVE ( 'NONE', #3258, #1050, #1876, .T. ) ;
#1318 = ORIENTED_EDGE ( 'NONE', *, *, #1894, .T. ) ;
#1319 = CARTESIAN_POINT ( 'NONE',  ( -19.02084014973762294, 5.672332364581810005, 588.3536541735637684 ) ) ;
#1320 = CARTESIAN_POINT ( 'NONE',  ( -11.88084014973762059, 5.672332364581810893, 588.3536541735637684 ) ) ;
#1321 = ORIENTED_EDGE ( 'NONE', *, *, #1051, .T. ) ;
#1322 = AXIS2_PLACEMENT_3D ( 'NONE', #2619, #1865, #1586 ) ;
#1323 = EDGE_LOOP ( 'NONE', ( #1723, #175, #1738, #30 ) ) ;
#1324 = CIRCLE ( 'NONE', #2338, 0.9999999999999003020 ) ;
#1325 = DIRECTION ( 'NONE',  ( 1.175461362545449852E-16, -1.000000000000000000, -0.000000000000000000 ) ) ;
#1326 = AXIS2_PLACEMENT_3D ( 'NONE', #2784, #1521, #2528 ) ;
#1327 = EDGE_CURVE ( 'NONE', #606, #1192, #1683, .T. ) ;
#1328 = CARTESIAN_POINT ( 'NONE',  ( -0.02852980434697483664, 5.672332364581810893, 588.2298794651993603 ) ) ;
#1329 =( LENGTH_UNIT ( ) NAMED_UNIT ( * ) SI_UNIT ( .MILLI., .METRE. ) );
#1330 = VECTOR ( 'NONE', #1593, 1000.000000000000000 ) ;
#1331 = DIRECTION ( 'NONE',  ( 1.175461362545449852E-16, -1.000000000000000000, 0.000000000000000000 ) ) ;
#1332 = LINE ( 'NONE', #2844, #2577 ) ;
#1333 = AXIS2_PLACEMENT_3D ( 'NONE', #3147, #883, #2484 ) ;
#1334 = CIRCLE ( 'NONE', #2870, 0.1499999999999967193 ) ;
#1335 = ORIENTED_EDGE ( 'NONE', *, *, #1133, .T. ) ;
#1336 = ORIENTED_EDGE ( 'NONE', *, *, #1543, .T. ) ;
#1337 = VECTOR ( 'NONE', #2010, 1000.000000000000000 ) ;
#1338 = ORIENTED_EDGE ( 'NONE', *, *, #769, .T. ) ;
#1339 = EDGE_CURVE ( 'NONE', #2105, #2058, #364, .T. ) ;
#1340 = FACE_OUTER_BOUND ( 'NONE', #1906, .T. ) ;
#1341 = AXIS2_PLACEMENT_3D ( 'NONE', #2052, #1013, #2576 ) ;
#1342 = CARTESIAN_POINT ( 'NONE',  ( 0.9791598502623777289, 5.672332364581810893, 588.3536541735637684 ) ) ;
#1343 = VERTEX_POINT ( 'NONE', #2376 ) ;
#1344 = ORIENTED_EDGE ( 'NONE', *, *, #2709, .T. ) ;
#1345 = DIRECTION ( 'NONE',  ( 1.175461362545449852E-16, -1.000000000000000000, -0.000000000000000000 ) ) ;
#1346 = LINE ( 'NONE', #2102, #2868 ) ;
#1347 =( NAMED_UNIT ( * ) PLANE_ANGLE_UNIT ( ) SI_UNIT ( $, .RADIAN. ) );
#1348 = DIRECTION ( 'NONE',  ( 1.000000000000000000, 1.953517427902597835E-16, 0.000000000000000000 ) ) ;
#1349 = VERTEX_POINT ( 'NONE', #2630 ) ;
#1350 = CARTESIAN_POINT ( 'NONE',  ( 14.78630183183450164, -4.724157072265519730, 591.2536541735638593 ) ) ;
#1351 = EDGE_CURVE ( 'NONE', #65, #3013, #1275, .T. ) ;
#1352 = ORIENTED_EDGE ( 'NONE', *, *, #2749, .T. ) ;
#1353 = DIRECTION ( 'NONE',  ( 1.175461362545449852E-16, -1.000000000000000000, 0.000000000000000000 ) ) ;
#1354 = EDGE_CURVE ( 'NONE', #48, #637, #2973, .T. ) ;
#1355 = EDGE_CURVE ( 'NONE', #2111, #120, #601, .T. ) ;
#1356 = VERTEX_POINT ( 'NONE', #915 ) ;
#1357 = ADVANCED_FACE ( 'NONE', ( #2903 ), #2942, .T. ) ;
#1358 = LINE ( 'NONE', #2637, #970 ) ;
#1359 = DIRECTION ( 'NONE',  ( 1.175461362545449852E-16, -1.000000000000000000, 0.000000000000000000 ) ) ;
#1360 = DIRECTION ( 'NONE',  ( -1.000000000000000000, 0.000000000000000000, 0.000000000000000000 ) ) ;
#1361 = CARTESIAN_POINT ( 'NONE',  ( -12.02852980434697194, 5.672332364581810893, 588.2298794651993603 ) ) ;
#1362 = VERTEX_POINT ( 'NONE', #1377 ) ;
#1363 = CARTESIAN_POINT ( 'NONE',  ( -2.314273837794291300, 5.672332364581810893, 587.6460073359204443 ) ) ;
#1364 = EDGE_LOOP ( 'NONE', ( #1662, #1477, #2375, #789 ) ) ;
#1365 = CARTESIAN_POINT ( 'NONE',  ( -3.213150495128163975, 5.672332364581810893, 588.2298794651993603 ) ) ;
#1366 = ORIENTED_EDGE ( 'NONE', *, *, #2110, .F. ) ;
#1367 = LINE ( 'NONE', #2650, #1279 ) ;
#1368 = ORIENTED_EDGE ( 'NONE', *, *, #1164, .F. ) ;
#1369 = DIRECTION ( 'NONE',  ( 1.175461362545449852E-16, -1.000000000000000000, -0.000000000000000000 ) ) ;
#1370 = CARTESIAN_POINT ( 'NONE',  ( -7.020840149737622049, -0.5776676354181895512, 588.3536541735637684 ) ) ;
#1371 = CYLINDRICAL_SURFACE ( 'NONE', #2919, 0.1499999999999973577 ) ;
#1372 = CIRCLE ( 'NONE', #2380, 0.9999999999999011902 ) ;
#1373 = AXIS2_PLACEMENT_3D ( 'NONE', #2346, #1300, #2076 ) ;
#1374 = ORIENTED_EDGE ( 'NONE', *, *, #3234, .F. ) ;
#1375 = FACE_OUTER_BOUND ( 'NONE', #923, .T. ) ;
#1376 = FACE_OUTER_BOUND ( 'NONE', #3218, .T. ) ;
#1377 = CARTESIAN_POINT ( 'NONE',  ( -3.880840149737617928, -0.5776676354181891071, 588.3536541735637684 ) ) ;
#1378 = CIRCLE ( 'NONE', #2170, 2.499999989662510913 ) ;
#1379 = ORIENTED_EDGE ( 'NONE', *, *, #993, .F. ) ;
#1380 = VECTOR ( 'NONE', #560, 1000.000000000000000 ) ;
#1381 = LINE ( 'NONE', #627, #104 ) ;
#1382 = AXIS2_PLACEMENT_3D ( 'NONE', #657, #640, #2674 ) ;
#1383 = ORIENTED_EDGE ( 'NONE', *, *, #3073, .F. ) ;
#1384 = VECTOR ( 'NONE', #1250, 1000.000000000000000 ) ;
#1385 = DIRECTION ( 'NONE',  ( -1.175461362545449852E-16, 1.000000000000000000, -0.000000000000000000 ) ) ;
#1386 = CYLINDRICAL_SURFACE ( 'NONE', #3122, 0.9999999999999011902 ) ;
#1387 = ORIENTED_EDGE ( 'NONE', *, *, #1051, .F. ) ;
#1388 = CARTESIAN_POINT ( 'NONE',  ( -8.028529804346971943, 5.672332364581810893, 588.2298794651993603 ) ) ;
#1389 = AXIS2_PLACEMENT_3D ( 'NONE', #2418, #2456, #181 ) ;
#1390 = DIRECTION ( 'NONE',  ( -1.000000000000000000, -1.084202172485612533E-16, 0.000000000000000000 ) ) ;
#1391 = FACE_OUTER_BOUND ( 'NONE', #1891, .T. ) ;
#1392 = EDGE_CURVE ( 'NONE', #1040, #2750, #2174, .T. ) ;
#1393 = ORIENTED_EDGE ( 'NONE', *, *, #857, .F. ) ;
#1394 = LINE ( 'NONE', #2887, #1234 ) ;
#1395 = CARTESIAN_POINT ( 'NONE',  ( 25.87656247006713883, -9.327667429655146947, 591.2536541735638593 ) ) ;
#1396 = CARTESIAN_POINT ( 'NONE',  ( -6.028529804346972831, 5.672332364581810893, 588.2298794651993603 ) ) ;
#1397 = EDGE_CURVE ( 'NONE', #647, #1189, #1378, .T. ) ;
#1398 = ORIENTED_EDGE ( 'NONE', *, *, #2158, .T. ) ;
#1399 = ORIENTED_EDGE ( 'NONE', *, *, #1615, .T. ) ;
#1400 = CARTESIAN_POINT ( 'NONE',  ( -5.880840149737620592, 5.672332364581810893, 588.2036541735637911 ) ) ;
#1401 = ORIENTED_EDGE ( 'NONE', *, *, #1615, .F. ) ;
#1402 = CYLINDRICAL_SURFACE ( 'NONE', #2390, 0.1499999999999964972 ) ;
#1403 = PLANE ( 'NONE',  #268 ) ;
#1404 = VECTOR ( 'NONE', #1097, 1000.000000000000000 ) ;
#1405 = ORIENTED_EDGE ( 'NONE', *, *, #1769, .T. ) ;
#1406 = DIRECTION ( 'NONE',  ( 1.175461362545449852E-16, -1.000000000000000000, 0.000000000000000000 ) ) ;
#1407 = DIRECTION ( 'NONE',  ( -0.000000000000000000, 0.000000000000000000, 1.000000000000000000 ) ) ;
#1408 = EDGE_CURVE ( 'NONE', #2904, #508, #1163, .T. ) ;
#1409 = VERTEX_POINT ( 'NONE', #388 ) ;
#1410 = CYLINDRICAL_SURFACE ( 'NONE', #1284, 0.9999999999999003020 ) ;
#1411 = CARTESIAN_POINT ( 'NONE',  ( -9.213150495128164863, 5.672332364581810893, 588.2298794651993603 ) ) ;
#1412 = LINE ( 'NONE', #2423, #2498 ) ;
#1413 = ORIENTED_EDGE ( 'NONE', *, *, #2587, .F. ) ;
#1414 = EDGE_CURVE ( 'NONE', #1790, #3242, #1596, .T. ) ;
#1415 = ORIENTED_EDGE ( 'NONE', *, *, #2654, .F. ) ;
#1416 = CARTESIAN_POINT ( 'NONE',  ( -11.88084014973762059, 5.672332364581810893, 588.2036541735637911 ) ) ;
#1417 = LINE ( 'NONE', #1171, #399 ) ;
#1418 = VERTEX_POINT ( 'NONE', #666 ) ;
#1419 = DIRECTION ( 'NONE',  ( 1.000000000000000000, 1.953517427902597835E-16, 0.000000000000000000 ) ) ;
#1420 = DIRECTION ( 'NONE',  ( 1.175461362545449852E-16, -1.000000000000000000, -0.000000000000000000 ) ) ;
#1421 = ORIENTED_EDGE ( 'NONE', *, *, #2537, .T. ) ;
#1422 = CARTESIAN_POINT ( 'NONE',  ( -0.000000000000000000, 5.922332213909233367, 586.2536541735638593 ) ) ;
#1423 = EDGE_LOOP ( 'NONE', ( #1563, #1256, #618, #1020 ) ) ;
#1424 = DIRECTION ( 'NONE',  ( 1.175461362545449852E-16, -1.000000000000000000, 0.000000000000000000 ) ) ;
#1425 = CYLINDRICAL_SURFACE ( 'NONE', #1553, 0.9999999999999011902 ) ;
#1426 = ORIENTED_EDGE ( 'NONE', *, *, #1132, .T. ) ;
#1427 = DIRECTION ( 'NONE',  ( 1.175461362545449852E-16, -1.000000000000000000, 0.000000000000000000 ) ) ;
#1428 = CARTESIAN_POINT ( 'NONE',  ( -9.213150495128164863, 5.672332364581810893, 588.2298794651993603 ) ) ;
#1429 = CIRCLE ( 'NONE', #363, 0.5549999999997765610 ) ;
#1430 = DIRECTION ( 'NONE',  ( 1.000000000000000000, 0.000000000000000000, 0.000000000000000000 ) ) ;
#1431 = EDGE_CURVE ( 'NONE', #2687, #3207, #2068, .T. ) ;
#1432 = EDGE_LOOP ( 'NONE', ( #1344, #1883, #1488, #580 ) ) ;
#1433 = AXIS2_PLACEMENT_3D ( 'NONE', #577, #3101, #1842 ) ;
#1434 = ORIENTED_EDGE ( 'NONE', *, *, #562, .T. ) ;
#1435 = STYLED_ITEM ( 'NONE', ( #2103 ), #245 ) ;
#1436 = CARTESIAN_POINT ( 'NONE',  ( 2.119159850262379408, 5.672332364581811781, 588.3536541735637684 ) ) ;
#1437 = AXIS2_PLACEMENT_3D ( 'NONE', #2134, #3146, #2656 ) ;
#1438 = DIRECTION ( 'NONE',  ( -1.175461362545449852E-16, 1.000000000000000000, -0.000000000000000000 ) ) ;
#1439 = EDGE_CURVE ( 'NONE', #2058, #2511, #1971, .T. ) ;
#1440 = ADVANCED_FACE ( 'NONE', ( #1890 ), #2664, .T. ) ;
#1441 = ORIENTED_EDGE ( 'NONE', *, *, #2158, .F. ) ;
#1442 = VECTOR ( 'NONE', #2614, 1000.000000000000000 ) ;
#1443 = CARTESIAN_POINT ( 'NONE',  ( -9.880840149737620592, 5.672332364581810893, 588.3536541735637684 ) ) ;
#1444 = AXIS2_PLACEMENT_3D ( 'NONE', #610, #2137, #1858 ) ;
#1445 = EDGE_CURVE ( 'NONE', #1307, #3124, #1412, .T. ) ;
#1446 = EDGE_LOOP ( 'NONE', ( #1150, #1674, #3004, #92 ) ) ;
#1447 = DIRECTION ( 'NONE',  ( 1.175461362545449852E-16, -1.000000000000000000, 0.000000000000000000 ) ) ;
#1448 = AXIS2_PLACEMENT_3D ( 'NONE', #2116, #1611, #2883 ) ;
#1449 = DIRECTION ( 'NONE',  ( 1.175461362545449852E-16, -1.000000000000000000, -0.000000000000000000 ) ) ;
#1450 = APPLICATION_PROTOCOL_DEFINITION ( 'draft international standard', 'automotive_design', 1998, #1524 ) ;
#1451 = AXIS2_PLACEMENT_3D ( 'NONE', #3076, #729, #45 ) ;
#1452 = DIRECTION ( 'NONE',  ( 1.000000000000000000, 0.000000000000000000, 0.000000000000000000 ) ) ;
#1453 = DIRECTION ( 'NONE',  ( 1.000000000000000000, 0.000000000000000000, 0.000000000000000000 ) ) ;
#1454 = FACE_OUTER_BOUND ( 'NONE', #675, .T. ) ;
#1455 = CARTESIAN_POINT ( 'NONE',  ( -19.88084014973762237, 5.672332364581810005, 588.3536541735637684 ) ) ;
#1456 = EDGE_LOOP ( 'NONE', ( #1129, #114, #980, #2882 ) ) ;
#1457 = ORIENTED_EDGE ( 'NONE', *, *, #2141, .T. ) ;
#1458 = CARTESIAN_POINT ( 'NONE',  ( 1.685726162205709144, 5.672332364581811781, 587.6460073359204443 ) ) ;
#1459 = VERTEX_POINT ( 'NONE', #102 ) ;
#1460 = CARTESIAN_POINT ( 'NONE',  ( 9.954485713224270782, 6.739092490578319605, 586.2536541735638593 ) ) ;
#1461 = CARTESIAN_POINT ( 'NONE',  ( -18.22084014973761867, 5.672332364581810005, 588.3536541735637684 ) ) ;
#1462 = ORIENTED_EDGE ( 'NONE', *, *, #2672, .F. ) ;
#1463 = DIRECTION ( 'NONE',  ( 1.000000000000000000, 0.000000000000000000, 0.000000000000000000 ) ) ;
#1464 = FACE_OUTER_BOUND ( 'NONE', #976, .T. ) ;
#1465 = CARTESIAN_POINT ( 'NONE',  ( 9.954485713224270782, 6.739092490578319605, 586.2536541735638593 ) ) ;
#1466 = DIRECTION ( 'NONE',  ( -0.000000000000000000, -0.000000000000000000, -1.000000000000000000 ) ) ;
#1467 = DIRECTION ( 'NONE',  ( 1.000000000000000000, 0.000000000000000000, 0.000000000000000000 ) ) ;
#1468 = FACE_OUTER_BOUND ( 'NONE', #735, .T. ) ;
#1469 = ORIENTED_EDGE ( 'NONE', *, *, #592, .T. ) ;
#1470 = ORIENTED_EDGE ( 'NONE', *, *, #1087, .F. ) ;
#1471 = PRODUCT_DEFINITION_CONTEXT ( 'detailed design', #1524, 'design' ) ;
#1472 = PLANE ( 'NONE',  #427 ) ;
#1473 = ORIENTED_EDGE ( 'NONE', *, *, #2546, .F. ) ;
#1474 = EDGE_CURVE ( 'NONE', #338, #2645, #540, .T. ) ;
#1475 = CARTESIAN_POINT ( 'NONE',  ( 23.93545818716596330, 14.55837031189219388, 586.2536541735638593 ) ) ;
#1476 = DIRECTION ( 'NONE',  ( 1.175461362545449852E-16, -1.000000000000000000, -0.000000000000000000 ) ) ;
#1477 = ORIENTED_EDGE ( 'NONE', *, *, #660, .F. ) ;
#1478 = EDGE_CURVE ( 'NONE', #456, #2928, #2913, .T. ) ;
#1479 = CARTESIAN_POINT ( 'NONE',  ( -7.880840149737619704, 5.672332364581810893, 588.3536541735637684 ) ) ;
#1480 = DIRECTION ( 'NONE',  ( -1.175461362545449852E-16, 1.000000000000000000, -0.000000000000000000 ) ) ;
#1481 = ORIENTED_EDGE ( 'NONE', *, *, #1528, .F. ) ;
#1482 = EDGE_CURVE ( 'NONE', #272, #385, #2340, .T. ) ;
#1483 = CARTESIAN_POINT ( 'NONE',  ( 11.97712942669495106, 7.975480746298845958, 586.2536541735638593 ) ) ;
#1484 = CARTESIAN_POINT ( 'NONE',  ( -23.62084014973756041, 5.922332213909233367, 591.2536541735638593 ) ) ;
#1485 = CARTESIAN_POINT ( 'NONE',  ( -23.02084014973762294, -0.5776676354181914386, 588.3536541735637684 ) ) ;
#1486 = CARTESIAN_POINT ( 'NONE',  ( -12.31427383779428908, 5.672332364581810893, 587.6460073359204443 ) ) ;
#1487 = VECTOR ( 'NONE', #126, 1000.000000000000000 ) ;
#1488 = ORIENTED_EDGE ( 'NONE', *, *, #1994, .F. ) ;
#1489 = AXIS2_PLACEMENT_3D ( 'NONE', #2832, #10, #1568 ) ;
#1490 = ORIENTED_EDGE ( 'NONE', *, *, #243, .T. ) ;
#1491 = CIRCLE ( 'NONE', #2017, 0.5549999999997761169 ) ;
#1492 = CARTESIAN_POINT ( 'NONE',  ( -9.360840149737622795, 5.672332364581810893, 588.3536541735637684 ) ) ;
#1493 = DIRECTION ( 'NONE',  ( -1.000000000000000000, 0.000000000000000000, 0.000000000000000000 ) ) ;
#1494 = AXIS2_PLACEMENT_3D ( 'NONE', #873, #2696, #611 ) ;
#1495 = AXIS2_PLACEMENT_3D ( 'NONE', #1485, #717, #462 ) ;
#1496 = VERTEX_POINT ( 'NONE', #823 ) ;
#1497 = AXIS2_PLACEMENT_3D ( 'NONE', #954, #2791, #3224 ) ;
#1498 = FACE_OUTER_BOUND ( 'NONE', #3103, .T. ) ;
#1499 = VECTOR ( 'NONE', #1039, 1000.000000000000000 ) ;
#1500 = CIRCLE ( 'NONE', #1444, 0.1499999999999973577 ) ;
#1501 = EDGE_CURVE ( 'NONE', #281, #1192, #582, .T. ) ;
#1502 = ORIENTED_EDGE ( 'NONE', *, *, #2822, .F. ) ;
#1503 = CARTESIAN_POINT ( 'NONE',  ( 6.067297478562895030, 5.927927516975583622, 586.2536541735638593 ) ) ;
#1504 = AXIS2_PLACEMENT_3D ( 'NONE', #2606, #1345, #619 ) ;
#1505 = CARTESIAN_POINT ( 'NONE',  ( 5.886912661604250196, -0.5776676354181873307, 591.2536541735638593 ) ) ;
#1506 = DIRECTION ( 'NONE',  ( 1.000000000000000000, 0.000000000000000000, 0.000000000000000000 ) ) ;
#1507 = EDGE_CURVE ( 'NONE', #1189, #647, #2770, .T. ) ;
#1508 = LINE ( 'NONE', #2529, #2547 ) ;
#1509 = AXIS2_PLACEMENT_3D ( 'NONE', #781, #919, #3027 ) ;
#1510 = DIRECTION ( 'NONE',  ( 1.000000000000000000, 0.000000000000000000, 0.000000000000000000 ) ) ;
#1511 = ORIENTED_EDGE ( 'NONE', *, *, #2886, .F. ) ;
#1512 = EDGE_CURVE ( 'NONE', #2757, #958, #574, .T. ) ;
#1513 = VERTEX_POINT ( 'NONE', #2384 ) ;
#1514 = CARTESIAN_POINT ( 'NONE',  ( 11.97712942669495106, 7.975480746298845958, 586.2536541735638593 ) ) ;
#1515 = DIRECTION ( 'NONE',  ( -0.000000000000000000, 0.000000000000000000, 1.000000000000000000 ) ) ;
#1516 = VERTEX_POINT ( 'NONE', #2884 ) ;
#1517 = CARTESIAN_POINT ( 'NONE',  ( -16.92740646168090635, -0.5776676354181906614, 587.6460073359205580 ) ) ;
#1518 = AXIS2_PLACEMENT_3D ( 'NONE', #177, #1784, #1510 ) ;
#1519 = EDGE_CURVE ( 'NONE', #1069, #1911, #1639, .T. ) ;
#1520 = CARTESIAN_POINT ( 'NONE',  ( -20.02852980434697372, -0.5776676354181911055, 588.2298794651993603 ) ) ;
#1521 = DIRECTION ( 'NONE',  ( 1.175461362545449852E-16, -1.000000000000000000, 0.000000000000000000 ) ) ;
#1522 = CARTESIAN_POINT ( 'NONE',  ( -9.360840149737622795, -0.5776676354181897732, 588.3536541735637684 ) ) ;
#1523 = DIRECTION ( 'NONE',  ( 1.175461362545449852E-16, -1.000000000000000000, 0.000000000000000000 ) ) ;
#1524 = APPLICATION_CONTEXT ( 'automotive_design' ) ;
#1525 = ORIENTED_EDGE ( 'NONE', *, *, #2468, .T. ) ;
#1526 = ORIENTED_EDGE ( 'NONE', *, *, #2861, .F. ) ;
#1527 = EDGE_CURVE ( 'NONE', #2928, #2966, #1063, .T. ) ;
#1528 = EDGE_CURVE ( 'NONE', #2632, #1036, #85, .T. ) ;
#1529 = CARTESIAN_POINT ( 'NONE',  ( -5.213150495128162198, 5.672332364581810893, 588.2298794651993603 ) ) ;
#1530 = DIRECTION ( 'NONE',  ( -1.000000000000000000, 0.000000000000000000, 0.000000000000000000 ) ) ;
#1531 = VERTEX_POINT ( 'NONE', #3084 ) ;
#1532 = ORIENTED_EDGE ( 'NONE', *, *, #761, .T. ) ;
#1533 = DIRECTION ( 'NONE',  ( 1.175461362545449852E-16, -1.000000000000000000, -0.000000000000000000 ) ) ;
#1534 = CARTESIAN_POINT ( 'NONE',  ( -7.880840149737619704, 5.672332364581810893, 588.3536541735637684 ) ) ;
#1535 = DIRECTION ( 'NONE',  ( 1.000000000000000000, 0.000000000000000000, 0.000000000000000000 ) ) ;
#1536 = CARTESIAN_POINT ( 'NONE',  ( -12.22084014973762045, 5.672332364581810893, 588.3536541735637684 ) ) ;
#1537 = CARTESIAN_POINT ( 'NONE',  ( -10.02852980434697194, 5.672332364581810893, 588.2298794651993603 ) ) ;
#1538 = EDGE_CURVE ( 'NONE', #2632, #2097, #1624, .T. ) ;
#1539 = ORIENTED_EDGE ( 'NONE', *, *, #1044, .F. ) ;
#1540 = ORIENTED_EDGE ( 'NONE', *, *, #1392, .T. ) ;
#1541 = CARTESIAN_POINT ( 'NONE',  ( 8.192209419069419241, -0.7210804178520435759, 591.2536541735638593 ) ) ;
#1542 = DIRECTION ( 'NONE',  ( 1.175461362545449852E-16, -1.000000000000000000, 0.000000000000000000 ) ) ;
#1543 = EDGE_CURVE ( 'NONE', #783, #741, #746, .T. ) ;
#1544 = CIRCLE ( 'NONE', #533, 0.1499999999999973577 ) ;
#1545 = ORIENTED_EDGE ( 'NONE', *, *, #353, .F. ) ;
#1546 = AXIS2_PLACEMENT_3D ( 'NONE', #1314, #3067, #566 ) ;
#1547 = AXIS2_PLACEMENT_3D ( 'NONE', #1578, #2590, #2608 ) ;
#1548 = LINE ( 'NONE', #233, #383 ) ;
#1549 = AXIS2_PLACEMENT_3D ( 'NONE', #715, #1713, #2969 ) ;
#1550 = DIRECTION ( 'NONE',  ( 1.000000000000000000, 0.000000000000000000, 0.000000000000000000 ) ) ;
#1551 = DIRECTION ( 'NONE',  ( -1.175461362545449852E-16, 1.000000000000000000, -0.000000000000000000 ) ) ;
#1552 = CARTESIAN_POINT ( 'NONE',  ( 1.971470195653026725, 5.672332364581811781, 588.2298794651993603 ) ) ;
#1553 = AXIS2_PLACEMENT_3D ( 'NONE', #1158, #678, #2169 ) ;
#1554 = ORIENTED_EDGE ( 'NONE', *, *, #2587, .T. ) ;
#1555 = CIRCLE ( 'NONE', #2509, 0.5549999999997778932 ) ;
#1556 = ORIENTED_EDGE ( 'NONE', *, *, #2219, .F. ) ;
#1557 = DIRECTION ( 'NONE',  ( -1.000000000000000000, 0.000000000000000000, -0.000000000000000000 ) ) ;
#1558 = DIRECTION ( 'NONE',  ( -1.000000000000000000, -1.175461362545449852E-16, 0.000000000000000000 ) ) ;
#1559 = CARTESIAN_POINT ( 'NONE',  ( -21.36084014973762280, -0.5776676354181912165, 588.3536541735637684 ) ) ;
#1560 = ORIENTED_EDGE ( 'NONE', *, *, #1355, .T. ) ;
#1561 = DIRECTION ( 'NONE',  ( -0.000000000000000000, 0.000000000000000000, 1.000000000000000000 ) ) ;
#1562 = EDGE_CURVE ( 'NONE', #2774, #456, #434, .T. ) ;
#1563 = ORIENTED_EDGE ( 'NONE', *, *, #1592, .T. ) ;
#1564 = DIRECTION ( 'NONE',  ( 1.175461362545449852E-16, -1.000000000000000000, -0.000000000000000000 ) ) ;
#1565 = EDGE_CURVE ( 'NONE', #1418, #1052, #1061, .T. ) ;
#1566 = FACE_OUTER_BOUND ( 'NONE', #2177, .T. ) ;
#1567 = FACE_OUTER_BOUND ( 'NONE', #2779, .T. ) ;
#1568 = DIRECTION ( 'NONE',  ( -1.000000000000000000, 0.000000000000000000, 0.000000000000000000 ) ) ;
#1569 = LINE ( 'NONE', #3087, #1249 ) ;
#1570 = VERTEX_POINT ( 'NONE', #3111 ) ;
#1571 = CARTESIAN_POINT ( 'NONE',  ( -17.88084014973761882, 5.672332364581810005, 588.2036541735637911 ) ) ;
#1572 = FACE_OUTER_BOUND ( 'NONE', #630, .T. ) ;
#1573 = EDGE_CURVE ( 'NONE', #741, #2538, #2841, .T. ) ;
#1574 = EDGE_LOOP ( 'NONE', ( #3241, #2944, #1267, #464 ) ) ;
#1575 = EDGE_CURVE ( 'NONE', #776, #2835, #1346, .T. ) ;
#1576 = EDGE_LOOP ( 'NONE', ( #2310, #2006, #891, #2220 ) ) ;
#1577 = CARTESIAN_POINT ( 'NONE',  ( 5.886912661604250196, -0.5776676354181873307, 591.2536541735638593 ) ) ;
#1578 = CARTESIAN_POINT ( 'NONE',  ( -15.88084014973761882, 5.672332364581810005, 588.2036541735637911 ) ) ;
#1579 =( NAMED_UNIT ( * ) SI_UNIT ( $, .STERADIAN. ) SOLID_ANGLE_UNIT ( ) );
#1580 = DIRECTION ( 'NONE',  ( 1.000000000000000000, 0.000000000000000000, 0.000000000000000000 ) ) ;
#1581 = ADVANCED_FACE ( 'NONE', ( #330 ), #1851, .F. ) ;
#1582 = CARTESIAN_POINT ( 'NONE',  ( 2.119159850262379408, 5.672332364581811781, 588.3536541735637684 ) ) ;
#1583 = ORIENTED_EDGE ( 'NONE', *, *, #832, .T. ) ;
#1584 = VERTEX_POINT ( 'NONE', #2371 ) ;
#1585 = CARTESIAN_POINT ( 'NONE',  ( -3.213150495128163087, -0.5776676354181889961, 588.2298794651993603 ) ) ;
#1586 = DIRECTION ( 'NONE',  ( -1.000000000000000000, 0.000000000000000000, 0.000000000000000000 ) ) ;
#1587 = VERTEX_POINT ( 'NONE', #2357 ) ;
#1588 = AXIS2_PLACEMENT_3D ( 'NONE', #1400, #2962, #1952 ) ;
#1589 = CIRCLE ( 'NONE', #106, 0.9999999999999003020 ) ;
#1590 = DIRECTION ( 'NONE',  ( 1.175461362545449852E-16, -1.000000000000000000, -0.000000000000000000 ) ) ;
#1591 = AXIS2_PLACEMENT_3D ( 'NONE', #2011, #3268, #26 ) ;
#1592 = EDGE_CURVE ( 'NONE', #2538, #3124, #2872, .T. ) ;
#1593 = DIRECTION ( 'NONE',  ( 1.175461362545449852E-16, -1.000000000000000000, -0.000000000000000000 ) ) ;
#1594 = DIRECTION ( 'NONE',  ( -1.000000000000000000, -1.084202172485612533E-16, 0.000000000000000000 ) ) ;
#1595 = EDGE_CURVE ( 'NONE', #1266, #1867, #845, .T. ) ;
#1596 = CIRCLE ( 'NONE', #165, 0.5549999999997761169 ) ;
#1597 = CARTESIAN_POINT ( 'NONE',  ( -10.22084014973762045, 5.672332364581810893, 588.3536541735637684 ) ) ;
#1598 = DIRECTION ( 'NONE',  ( -1.175461362545449852E-16, 1.000000000000000000, -0.000000000000000000 ) ) ;
#1599 = AXIS2_PLACEMENT_3D ( 'NONE', #536, #575, #1594 ) ;
#1600 = CIRCLE ( 'NONE', #168, 0.1499999999999964972 ) ;
#1601 = ADVANCED_FACE ( 'NONE', ( #855 ), #1157, .F. ) ;
#1602 = EDGE_LOOP ( 'NONE', ( #1540, #1034, #2629, #3097 ) ) ;
#1603 = EDGE_CURVE ( 'NONE', #428, #120, #3235, .T. ) ;
#1604 = ORIENTED_EDGE ( 'NONE', *, *, #730, .T. ) ;
#1605 = VECTOR ( 'NONE', #1466, 1000.000000000000000 ) ;
#1606 = ORIENTED_EDGE ( 'NONE', *, *, #490, .F. ) ;
#1607 = CIRCLE ( 'NONE', #2452, 0.9999999999999011902 ) ;
#1608 = CARTESIAN_POINT ( 'NONE',  ( -4.028529804346971055, 5.672332364581810893, 588.2298794651993603 ) ) ;
#1609 = ORIENTED_EDGE ( 'NONE', *, *, #256, .T. ) ;
#1610 = ORIENTED_EDGE ( 'NONE', *, *, #2024, .F. ) ;
#1611 = DIRECTION ( 'NONE',  ( 1.175461362545449852E-16, -1.000000000000000000, -0.000000000000000000 ) ) ;
#1612 = DIRECTION ( 'NONE',  ( 1.000000000000000000, -0.000000000000000000, -0.000000000000000000 ) ) ;
#1613 = CARTESIAN_POINT ( 'NONE',  ( -14.62084014973762081, 5.672332364581810005, 588.1086541735637638 ) ) ;
#1614 = PLANE ( 'NONE',  #658 ) ;
#1615 = EDGE_CURVE ( 'NONE', #2620, #2059, #882, .T. ) ;
#1616 = DIRECTION ( 'NONE',  ( -1.175461362545449852E-16, 1.000000000000000000, -0.000000000000000000 ) ) ;
#1617 = DIRECTION ( 'NONE',  ( 1.000000000000000000, 4.170008355713481588E-16, -0.000000000000000000 ) ) ;
#1618 = ORIENTED_EDGE ( 'NONE', *, *, #423, .T. ) ;
#1619 = LINE ( 'NONE', #1365, #54 ) ;
#1620 = EDGE_CURVE ( 'NONE', #480, #2816, #800, .T. ) ;
#1621 = VERTEX_POINT ( 'NONE', #2165 ) ;
#1622 = ORIENTED_EDGE ( 'NONE', *, *, #668, .F. ) ;
#1623 = CARTESIAN_POINT ( 'NONE',  ( -8.620840149737620806, 5.672332364581810893, 588.1086541735637638 ) ) ;
#1624 = LINE ( 'NONE', #3130, #1330 ) ;
#1625 = DIRECTION ( 'NONE',  ( -1.175461362545449852E-16, 1.000000000000000000, -0.000000000000000000 ) ) ;
#1626 = EDGE_LOOP ( 'NONE', ( #935, #211, #2060, #663 ) ) ;
#1627 = DIRECTION ( 'NONE',  ( 1.175461362545449852E-16, -1.000000000000000000, -0.000000000000000000 ) ) ;
#1628 = EDGE_LOOP ( 'NONE', ( #3116, #2428, #828, #1560 ) ) ;
#1629 = CARTESIAN_POINT ( 'NONE',  ( -15.21315049512816309, 5.672332364581810005, 588.2298794651993603 ) ) ;
#1630 = EDGE_CURVE ( 'NONE', #2961, #1685, #1692, .T. ) ;
#1631 = ORIENTED_EDGE ( 'NONE', *, *, #2363, .F. ) ;
#1632 = DIRECTION ( 'NONE',  ( 1.175461362545449852E-16, -1.000000000000000000, -0.000000000000000000 ) ) ;
#1633 = EDGE_CURVE ( 'NONE', #2684, #1409, #898, .T. ) ;
#1634 = ORIENTED_EDGE ( 'NONE', *, *, #1897, .F. ) ;
#1635 = CARTESIAN_POINT ( 'NONE',  ( -12.31427383779428908, -0.5776676354181901063, 587.6460073359204443 ) ) ;
#1636 = EDGE_CURVE ( 'NONE', #1922, #2835, #2706, .T. ) ;
#1637 = FACE_OUTER_BOUND ( 'NONE', #2424, .T. ) ;
#1638 = CIRCLE ( 'NONE', #210, 0.1499999999999973577 ) ;
#1639 = LINE ( 'NONE', #1885, #317 ) ;
#1640 = LINE ( 'NONE', #641, #436 ) ;
#1641 = AXIS2_PLACEMENT_3D ( 'NONE', #3256, #1948, #2976 ) ;
#1642 = AXIS2_PLACEMENT_3D ( 'NONE', #357, #2087, #1871 ) ;
#1643 = ORIENTED_EDGE ( 'NONE', *, *, #2363, .T. ) ;
#1644 = CARTESIAN_POINT ( 'NONE',  ( 7.624544602761201162, -0.6430489728191866039, 591.2536541735638593 ) ) ;
#1645 = DIRECTION ( 'NONE',  ( 1.175461362545449852E-16, -1.000000000000000000, -0.000000000000000000 ) ) ;
#1646 = CARTESIAN_POINT ( 'NONE',  ( -15.36084014973762280, 5.672332364581810005, 588.2036541735637911 ) ) ;
#1647 = AXIS2_PLACEMENT_3D ( 'NONE', #908, #1449, #2457 ) ;
#1648 = ORIENTED_EDGE ( 'NONE', *, *, #2613, .T. ) ;
#1649 = VECTOR ( 'NONE', #609, 1000.000000000000000 ) ;
#1650 = DIRECTION ( 'NONE',  ( 1.000000000000000000, 1.084202172485612533E-16, 0.000000000000000000 ) ) ;
#1651 = CIRCLE ( 'NONE', #632, 0.5549999999997761169 ) ;
#1652 = ORIENTED_EDGE ( 'NONE', *, *, #1474, .T. ) ;
#1653 = CIRCLE ( 'NONE', #2920, 0.9999999999999011902 ) ;
#1654 = EDGE_CURVE ( 'NONE', #1409, #3064, #1924, .T. ) ;
#1655 = LINE ( 'NONE', #2725, #1857 ) ;
#1656 = CYLINDRICAL_SURFACE ( 'NONE', #1272, 0.9999999999999003020 ) ;
#1657 = CIRCLE ( 'NONE', #2830, 0.1499999999999967193 ) ;
#1658 = EDGE_CURVE ( 'NONE', #1343, #1922, #147, .T. ) ;
#1659 = CARTESIAN_POINT ( 'NONE',  ( -12.22084014973762045, 5.672332364581810893, 588.3536541735637684 ) ) ;
#1660 = DIRECTION ( 'NONE',  ( -1.000000000000000000, -1.209302423156908887E-16, -0.000000000000000000 ) ) ;
#1661 = DIRECTION ( 'NONE',  ( 1.175461362545449852E-16, -1.000000000000000000, -0.000000000000000000 ) ) ;
#1662 = ORIENTED_EDGE ( 'NONE', *, *, #1309, .T. ) ;
#1663 = CARTESIAN_POINT ( 'NONE',  ( -21.21315049512816486, -0.5776676354181912165, 588.2298794651993603 ) ) ;
#1664 = DIRECTION ( 'NONE',  ( 1.175461362545449852E-16, -1.000000000000000000, 0.000000000000000000 ) ) ;
#1665 = DIRECTION ( 'NONE',  ( 1.175461362545449852E-16, -1.000000000000000000, 0.000000000000000000 ) ) ;
#1666 = ORIENTED_EDGE ( 'NONE', *, *, #3095, .F. ) ;
#1667 = ORIENTED_EDGE ( 'NONE', *, *, #1512, .F. ) ;
#1668 = DIRECTION ( 'NONE',  ( 1.000000000000000000, 0.000000000000000000, 0.000000000000000000 ) ) ;
#1669 = EDGE_LOOP ( 'NONE', ( #2197, #2257, #877, #2533, #2548, #3186, #2867, #1666, #1122, #446, #99, #2451, #75, #2391, #964, #492, #2930, #156, #2970, #2698, #1610, #2189, #872, #2689, #2794, #2081, #1844, #3059, #788, #3038, #184, #341, #346, #108, #2156, #2728, #2079, #2482, #2333, #988, #1287, #143, #589, #1088, #1622, #29, #189, #1545, #1470, #870, #2802, #2596, #93, #34, #707, #318, #2506, #228, #365, #1462, #400, #1539, #1823, #2420, #2486, #180, #602, #1680, #1731, #1387, #44, #1086, #1079, #502, #2738, #2846, #723, #1634, #862, #2559, #1167, #2114, #1292, #127, #1927, #904 ) ) ;
#1670 = AXIS2_PLACEMENT_3D ( 'NONE', #1843, #1598, #1360 ) ;
#1671 = DIRECTION ( 'NONE',  ( 1.175461362545449852E-16, -1.000000000000000000, 0.000000000000000000 ) ) ;
#1672 = CARTESIAN_POINT ( 'NONE',  ( -13.36084014973762280, 5.672332364581810893, 588.2036541735637911 ) ) ;
#1673 = ADVANCED_FACE ( 'NONE', ( #962 ), #2434, .T. ) ;
#1674 = ORIENTED_EDGE ( 'NONE', *, *, #901, .F. ) ;
#1675 = DIRECTION ( 'NONE',  ( 1.000000000000000000, 4.170008355713482575E-16, -0.000000000000000000 ) ) ;
#1676 = ORIENTED_EDGE ( 'NONE', *, *, #2202, .T. ) ;
#1677 = CYLINDRICAL_SURFACE ( 'NONE', #1910, 0.9999999999999003020 ) ;
#1678 = ADVANCED_FACE ( 'NONE', ( #3161 ), #1677, .F. ) ;
#1679 = CARTESIAN_POINT ( 'NONE',  ( 11.97712942669495106, 7.975480746298845958, 591.2536541735638593 ) ) ;
#1680 = ORIENTED_EDGE ( 'NONE', *, *, #581, .F. ) ;
#1681 = CARTESIAN_POINT ( 'NONE',  ( -23.62084014973756041, 0.000000000000000000, 591.2536541735638593 ) ) ;
#1682 = ORIENTED_EDGE ( 'NONE', *, *, #2536, .T. ) ;
#1683 = LINE ( 'NONE', #1396, #1758 ) ;
#1684 = ORIENTED_EDGE ( 'NONE', *, *, #222, .F. ) ;
#1685 = VERTEX_POINT ( 'NONE', #2474 ) ;
#1686 = CARTESIAN_POINT ( 'NONE',  ( -4.620840149737619917, 5.672332364581810893, 588.1086541735637638 ) ) ;
#1687 = ADVANCED_FACE ( 'NONE', ( #2731 ), #1142, .F. ) ;
#1688 = CYLINDRICAL_SURFACE ( 'NONE', #2742, 0.9999999999999003020 ) ;
#1689 = ORIENTED_EDGE ( 'NONE', *, *, #2449, .T. ) ;
#1690 = ORIENTED_EDGE ( 'NONE', *, *, #2692, .T. ) ;
#1691 = FACE_OUTER_BOUND ( 'NONE', #135, .T. ) ;
#1692 = LINE ( 'NONE', #1182, #1014 ) ;
#1693 = FACE_OUTER_BOUND ( 'NONE', #2213, .T. ) ;
#1694 = DIRECTION ( 'NONE',  ( -0.000000000000000000, -0.000000000000000000, -1.000000000000000000 ) ) ;
#1695 = ORIENTED_EDGE ( 'NONE', *, *, #1824, .F. ) ;
#1696 = AXIS2_PLACEMENT_3D ( 'NONE', #2826, #1561, #2573 ) ;
#1697 = DIRECTION ( 'NONE',  ( -1.175461362545449852E-16, 1.000000000000000000, -0.000000000000000000 ) ) ;
#1698 = ORIENTED_EDGE ( 'NONE', *, *, #3234, .T. ) ;
#1699 = AXIS2_PLACEMENT_3D ( 'NONE', #1672, #2686, #3158 ) ;
#1700 = ORIENTED_EDGE ( 'NONE', *, *, #1408, .T. ) ;
#1701 = DIRECTION ( 'NONE',  ( -1.175461362545449852E-16, 1.000000000000000000, -0.000000000000000000 ) ) ;
#1702 = LINE ( 'NONE', #1771, #505 ) ;
#1703 = AXIS2_PLACEMENT_3D ( 'NONE', #773, #507, #3035 ) ;
#1704 = ORIENTED_EDGE ( 'NONE', *, *, #3138, .T. ) ;
#1705 = ADVANCED_FACE ( 'NONE', ( #2191 ), #3199, .F. ) ;
#1706 = EDGE_CURVE ( 'NONE', #1868, #1304, #2978, .T. ) ;
#1707 = AXIS2_PLACEMENT_3D ( 'NONE', #1038, #2049, #88 ) ;
#1708 = CARTESIAN_POINT ( 'NONE',  ( -7.360840149737622795, 5.672332364581810893, 588.2036541735637911 ) ) ;
#1709 = AXIS2_PLACEMENT_3D ( 'NONE', #3164, #32, #1558 ) ;
#1710 = EDGE_LOOP ( 'NONE', ( #2524, #2490, #2992, #150 ) ) ;
#1711 = DIRECTION ( 'NONE',  ( 1.175461362545449852E-16, -1.000000000000000000, -0.000000000000000000 ) ) ;
#1712 = CIRCLE ( 'NONE', #229, 0.5549999999997765610 ) ;
#1713 = DIRECTION ( 'NONE',  ( -0.000000000000000000, 0.000000000000000000, 1.000000000000000000 ) ) ;
#1714 = AXIS2_PLACEMENT_3D ( 'NONE', #1571, #2584, #672 ) ;
#1715 = LINE ( 'NONE', #3253, #1816 ) ;
#1716 = DIRECTION ( 'NONE',  ( 1.175461362545449852E-16, -1.000000000000000000, -0.000000000000000000 ) ) ;
#1717 = DIRECTION ( 'NONE',  ( -1.175461362545449852E-16, 1.000000000000000000, -0.000000000000000000 ) ) ;
#1718 = DIRECTION ( 'NONE',  ( -1.175461362545449852E-16, 1.000000000000000000, -0.000000000000000000 ) ) ;
#1719 = VERTEX_POINT ( 'NONE', #458 ) ;
#1720 = ORIENTED_EDGE ( 'NONE', *, *, #876, .T. ) ;
#1721 = DIRECTION ( 'NONE',  ( 1.175461362545449852E-16, -1.000000000000000000, -0.000000000000000000 ) ) ;
#1722 = EDGE_CURVE ( 'NONE', #2355, #303, #1198, .T. ) ;
#1723 = ORIENTED_EDGE ( 'NONE', *, *, #2297, .T. ) ;
#1724 = CARTESIAN_POINT ( 'NONE',  ( 21.34281513429014510, 13.86780314205013376, 586.2536541735638593 ) ) ;
#1725 = LINE ( 'NONE', #2745, #2175 ) ;
#1726 = ADVANCED_FACE ( 'NONE', ( #1464 ), #1958, .T. ) ;
#1727 = ORIENTED_EDGE ( 'NONE', *, *, #2223, .F. ) ;
#1728 = CARTESIAN_POINT ( 'NONE',  ( 25.87656247006680132, 14.67233200814618677, 586.2536541735638593 ) ) ;
#1729 = CARTESIAN_POINT ( 'NONE',  ( -20.92740646168090990, 5.672332364581810005, 587.6460073359205580 ) ) ;
#1730 = VECTOR ( 'NONE', #1018, 1000.000000000000000 ) ;
#1731 = ORIENTED_EDGE ( 'NONE', *, *, #382, .F. ) ;
#1732 = LINE ( 'NONE', #1746, #379 ) ;
#1733 = DIRECTION ( 'NONE',  ( -1.000000000000000000, -1.084202172485612533E-16, 0.000000000000000000 ) ) ;
#1734 = CYLINDRICAL_SURFACE ( 'NONE', #271, 0.1499999999999973577 ) ;
#1735 = DIRECTION ( 'NONE',  ( -1.175461362545449852E-16, 1.000000000000000000, -0.000000000000000000 ) ) ;
#1736 = ORIENTED_EDGE ( 'NONE', *, *, #592, .F. ) ;
#1737 = CARTESIAN_POINT ( 'NONE',  ( -11.88084014973762059, -0.5776676354181901063, 588.2036541735637911 ) ) ;
#1738 = ORIENTED_EDGE ( 'NONE', *, *, #1414, .F. ) ;
#1739 = ADVANCED_FACE ( 'NONE', ( #197 ), #2991, .F. ) ;
#1740 = PRODUCT_DEFINITION ( 'UNKNOWN', '', #2360, #1471 ) ;
#1741 = CARTESIAN_POINT ( 'NONE',  ( -9.213150495128164863, -0.5776676354181897732, 588.2298794651993603 ) ) ;
#1742 = CARTESIAN_POINT ( 'NONE',  ( -0.3142738377942926875, 5.672332364581810893, 587.6460073359204443 ) ) ;
#1743 = EDGE_LOOP ( 'NONE', ( #1321, #953, #782, #291 ) ) ;
#1744 = DIRECTION ( 'NONE',  ( 1.175461362545449852E-16, -1.000000000000000000, -0.000000000000000000 ) ) ;
#1745 = EDGE_CURVE ( 'NONE', #2966, #1040, #2825, .T. ) ;
#1746 = CARTESIAN_POINT ( 'NONE',  ( -3.360840149737622795, 5.672332364581810893, 588.3536541735637684 ) ) ;
#1747 = EDGE_CURVE ( 'NONE', #3168, #2108, #1655, .T. ) ;
#1748 = CARTESIAN_POINT ( 'NONE',  ( 25.87656247006714594, -9.327667429655148723, 586.2536541735638593 ) ) ;
#1749 = LINE ( 'NONE', #2494, #61 ) ;
#1750 = LINE ( 'NONE', #1455, #2910 ) ;
#1751 = VECTOR ( 'NONE', #467, 1000.000000000000000 ) ;
#1752 = ORIENTED_EDGE ( 'NONE', *, *, #2473, .F. ) ;
#1753 = AXIS2_PLACEMENT_3D ( 'NONE', #72, #1331, #1794 ) ;
#1754 = ORIENTED_EDGE ( 'NONE', *, *, #2513, .F. ) ;
#1755 = AXIS2_PLACEMENT_3D ( 'NONE', #946, #3151, #2195 ) ;
#1756 = CARTESIAN_POINT ( 'NONE',  ( -7.020840149737622937, 5.672332364581810893, 588.3536541735637684 ) ) ;
#1757 = DIRECTION ( 'NONE',  ( 1.175461362545449852E-16, -1.000000000000000000, -0.000000000000000000 ) ) ;
#1758 = VECTOR ( 'NONE', #861, 1000.000000000000000 ) ;
#1759 = VECTOR ( 'NONE', #1055, 1000.000000000000000 ) ;
#1760 = ORIENTED_EDGE ( 'NONE', *, *, #2861, .T. ) ;
#1761 = AXIS2_PLACEMENT_3D ( 'NONE', #1492, #506, #3049 ) ;
#1762 = FACE_BOUND ( 'NONE', #2615, .T. ) ;
#1763 = VECTOR ( 'NONE', #2276, 1000.000000000000000 ) ;
#1764 = CARTESIAN_POINT ( 'NONE',  ( -5.360840149737621019, 5.672332364581810893, 588.3536541735637684 ) ) ;
#1765 = VECTOR ( 'NONE', #552, 1000.000000000000000 ) ;
#1766 = CARTESIAN_POINT ( 'NONE',  ( -7.213150495128163975, 5.672332364581810893, 588.2298794651993603 ) ) ;
#1767 = DIRECTION ( 'NONE',  ( 1.175461362545449852E-16, -1.000000000000000000, -0.000000000000000000 ) ) ;
#1768 = DIRECTION ( 'NONE',  ( 1.000000000000000000, 0.000000000000000000, 0.000000000000000000 ) ) ;
#1769 = EDGE_CURVE ( 'NONE', #164, #3260, #112, .T. ) ;
#1770 = AXIS2_PLACEMENT_3D ( 'NONE', #166, #1406, #905 ) ;
#1771 = CARTESIAN_POINT ( 'NONE',  ( -13.36084014973762280, 5.672332364581810893, 588.3536541735637684 ) ) ;
#1772 = EDGE_CURVE ( 'NONE', #2235, #2888, #2070, .T. ) ;
#1773 = ORIENTED_EDGE ( 'NONE', *, *, #1327, .F. ) ;
#1774 = UNCERTAINTY_MEASURE_WITH_UNIT (LENGTH_MEASURE( 1.000000000000000082E-05 ), #1329, 'distance_accuracy_value', 'NONE');
#1775 = EDGE_LOOP ( 'NONE', ( #517, #527, #1956, #3264 ) ) ;
#1776 = CARTESIAN_POINT ( 'NONE',  ( 2.379159850262375642, 5.672332364581811781, 589.0536541735638139 ) ) ;
#1777 = DIRECTION ( 'NONE',  ( 1.000000000000000000, 0.000000000000000000, 0.000000000000000000 ) ) ;
#1778 = ORIENTED_EDGE ( 'NONE', *, *, #929, .T. ) ;
#1779 = LINE ( 'NONE', #3065, #1765 ) ;
#1780 = AXIS2_PLACEMENT_3D ( 'NONE', #2077, #2594, #289 ) ;
#1781 = CARTESIAN_POINT ( 'NONE',  ( 21.34281513429038668, -8.523138563559184533, 586.2536541735638593 ) ) ;
#1782 = CARTESIAN_POINT ( 'NONE',  ( 6.450014558202058268, -0.5945901888626745624, 586.2536541735638593 ) ) ;
#1783 = CYLINDRICAL_SURFACE ( 'NONE', #1546, 2.499999989662510913 ) ;
#1784 = DIRECTION ( 'NONE',  ( -1.175461362545449852E-16, 1.000000000000000000, -0.000000000000000000 ) ) ;
#1785 = ORIENTED_EDGE ( 'NONE', *, *, #39, .T. ) ;
#1786 = ORIENTED_EDGE ( 'NONE', *, *, #1824, .T. ) ;
#1787 = CARTESIAN_POINT ( 'NONE',  ( 14.78630183183445013, 10.06882165075653113, 586.2536541735638593 ) ) ;
#1788 = PLANE ( 'NONE',  #3126 ) ;
#1789 = ORIENTED_EDGE ( 'NONE', *, *, #466, .F. ) ;
#1790 = VERTEX_POINT ( 'NONE', #128 ) ;
#1791 = DIRECTION ( 'NONE',  ( 1.175461362545449852E-16, -1.000000000000000000, -0.000000000000000000 ) ) ;
#1792 = DIRECTION ( 'NONE',  ( 1.175461362545449852E-16, -1.000000000000000000, -0.000000000000000000 ) ) ;
#1793 = CYLINDRICAL_SURFACE ( 'NONE', #2817, 0.1499999999999969136 ) ;
#1794 = DIRECTION ( 'NONE',  ( -1.000000000000000000, 0.000000000000000000, 0.000000000000000000 ) ) ;
#1795 = CARTESIAN_POINT ( 'NONE',  ( -23.36084014973762280, 5.672332364581809117, 588.2036541735637911 ) ) ;
#1796 = EDGE_CURVE ( 'NONE', #757, #3030, #1367, .T. ) ;
#1797 = EDGE_LOOP ( 'NONE', ( #3053, #324, #2466, #1149 ) ) ;
#1798 = ORIENTED_EDGE ( 'NONE', *, *, #737, .T. ) ;
#1799 = AXIS2_PLACEMENT_3D ( 'NONE', #2309, #775, #6 ) ;
#1800 = DIRECTION ( 'NONE',  ( 1.000000000000000000, 0.000000000000000000, 0.000000000000000000 ) ) ;
#1801 = DIRECTION ( 'NONE',  ( 1.000000000000000000, 0.000000000000000000, 0.000000000000000000 ) ) ;
#1802 = CARTESIAN_POINT ( 'NONE',  ( 2.379159850262375642, 5.672332364581811781, 589.0536541735638139 ) ) ;
#1803 = CIRCLE ( 'NONE', #578, 0.5549999999997778932 ) ;
#1804 = ADVANCED_FACE ( 'NONE', ( #3211 ), #1402, .T. ) ;
#1805 = EDGE_CURVE ( 'NONE', #1908, #776, #373, .T. ) ;
#1806 = ORIENTED_EDGE ( 'NONE', *, *, #1959, .F. ) ;
#1807 = VECTOR ( 'NONE', #138, 1000.000000000000000 ) ;
#1808 = ORIENTED_EDGE ( 'NONE', *, *, #2121, .T. ) ;
#1809 = CIRCLE ( 'NONE', #374, 0.9999999999999003020 ) ;
#1810 = CYLINDRICAL_SURFACE ( 'NONE', #1286, 0.9999999999999003020 ) ;
#1811 = CIRCLE ( 'NONE', #2126, 0.1499999999999969136 ) ;
#1812 = CARTESIAN_POINT ( 'NONE',  ( 25.87656247006714594, -9.327667429655148723, 591.2536541735638593 ) ) ;
#1813 = DIRECTION ( 'NONE',  ( 1.175461362545449852E-16, -1.000000000000000000, -0.000000000000000000 ) ) ;
#1814 = DIRECTION ( 'NONE',  ( 1.175461362545449852E-16, -1.000000000000000000, 0.000000000000000000 ) ) ;
#1815 = CARTESIAN_POINT ( 'NONE',  ( -11.36084014973762280, 5.672332364581810893, 588.3536541735637684 ) ) ;
#1816 = VECTOR ( 'NONE', #2437, 1000.000000000000000 ) ;
#1817 = ORIENTED_EDGE ( 'NONE', *, *, #1105, .T. ) ;
#1818 = ORIENTED_EDGE ( 'NONE', *, *, #3040, .T. ) ;
#1819 = AXIS2_PLACEMENT_3D ( 'NONE', #1839, #573, #2100 ) ;
#1820 = ORIENTED_EDGE ( 'NONE', *, *, #1897, .T. ) ;
#1821 = LINE ( 'NONE', #2761, #3137 ) ;
#1822 = CARTESIAN_POINT ( 'NONE',  ( -11.36084014973762280, 5.672332364581810893, 588.3536541735637684 ) ) ;
#1823 = ORIENTED_EDGE ( 'NONE', *, *, #1796, .F. ) ;
#1824 = EDGE_CURVE ( 'NONE', #1911, #295, #1334, .T. ) ;
#1825 = FACE_OUTER_BOUND ( 'NONE', #2414, .T. ) ;
#1826 = CARTESIAN_POINT ( 'NONE',  ( -14.22084014973762045, -0.5776676354181903283, 588.3536541735637684 ) ) ;
#1827 = DIRECTION ( 'NONE',  ( -1.175461362545449852E-16, 1.000000000000000000, -0.000000000000000000 ) ) ;
#1828 = DIRECTION ( 'NONE',  ( 1.175461362545449852E-16, -1.000000000000000000, 0.000000000000000000 ) ) ;
#1829 = ORIENTED_EDGE ( 'NONE', *, *, #2008, .F. ) ;
#1830 = VERTEX_POINT ( 'NONE', #3172 ) ;
#1831 = AXIS2_PLACEMENT_3D ( 'NONE', #2090, #345, #1855 ) ;
#1832 = ORIENTED_EDGE ( 'NONE', *, *, #382, .T. ) ;
#1833 = CARTESIAN_POINT ( 'NONE',  ( -23.62084014973762081, -0.5776676354181915496, 589.0536541735638139 ) ) ;
#1834 = LINE ( 'NONE', #2849, #2553 ) ;
#1835 = EDGE_LOOP ( 'NONE', ( #1648, #2163, #2319, #1944 ) ) ;
#1836 = EDGE_CURVE ( 'NONE', #1951, #940, #2660, .T. ) ;
#1837 = EDGE_CURVE ( 'NONE', #2339, #1052, #1651, .T. ) ;
#1838 = EDGE_CURVE ( 'NONE', #3159, #2362, #1935, .T. ) ;
#1839 = CARTESIAN_POINT ( 'NONE',  ( -2.620840149737621694, 5.672332364581810893, 588.1086541735637638 ) ) ;
#1840 = DIRECTION ( 'NONE',  ( 1.000000000000000000, 0.000000000000000000, 0.000000000000000000 ) ) ;
#1841 = DIRECTION ( 'NONE',  ( 1.000000000000000000, 0.000000000000000000, 0.000000000000000000 ) ) ;
#1842 = DIRECTION ( 'NONE',  ( 1.000000000000000000, 0.000000000000000000, 0.000000000000000000 ) ) ;
#1843 = CARTESIAN_POINT ( 'NONE',  ( -5.360840149737621019, 5.672332364581810893, 588.2036541735637911 ) ) ;
#1844 = ORIENTED_EDGE ( 'NONE', *, *, #1894, .F. ) ;
#1845 = ORIENTED_EDGE ( 'NONE', *, *, #2266, .T. ) ;
#1846 = LINE ( 'NONE', #2096, #2280 ) ;
#1847 = ORIENTED_EDGE ( 'NONE', *, *, #2789, .T. ) ;
#1848 = AXIS2_PLACEMENT_3D ( 'NONE', #2929, #2718, #2179 ) ;
#1849 = CARTESIAN_POINT ( 'NONE',  ( -23.21315049512816131, 5.672332364581809117, 588.2298794651993603 ) ) ;
#1850 = CIRCLE ( 'NONE', #539, 0.1499999999999973577 ) ;
#1851 = PLANE ( 'NONE',  #1437 ) ;
#1852 = CARTESIAN_POINT ( 'NONE',  ( -6.314273837794290856, -0.5776676354181894402, 587.6460073359204443 ) ) ;
#1853 = EDGE_CURVE ( 'NONE', #452, #2933, #1175, .T. ) ;
#1854 = AXIS2_PLACEMENT_3D ( 'NONE', #343, #96, #810 ) ;
#1855 = DIRECTION ( 'NONE',  ( 1.000000000000000000, 1.084202172485610684E-16, 0.000000000000000000 ) ) ;
#1856 = AXIS2_PLACEMENT_3D ( 'NONE', #1461, #2639, #1493 ) ;
#1857 = VECTOR ( 'NONE', #410, 1000.000000000000000 ) ;
#1858 = DIRECTION ( 'NONE',  ( -1.000000000000000000, 0.000000000000000000, 0.000000000000000000 ) ) ;
#1859 = VERTEX_POINT ( 'NONE', #1635 ) ;
#1860 = EDGE_CURVE ( 'NONE', #2051, #2355, #2236, .T. ) ;
#1861 = DIRECTION ( 'NONE',  ( -1.000000000000000000, -1.084202172485612533E-16, 0.000000000000000000 ) ) ;
#1862 = AXIS2_PLACEMENT_3D ( 'NONE', #170, #1236, #1453 ) ;
#1863 = VERTEX_POINT ( 'NONE', #633 ) ;
#1864 = CIRCLE ( 'NONE', #1125, 0.9999999999999011902 ) ;
#1865 = DIRECTION ( 'NONE',  ( -1.175461362545449852E-16, 1.000000000000000000, -0.000000000000000000 ) ) ;
#1866 = AXIS2_PLACEMENT_3D ( 'NONE', #1053, #2848, #79 ) ;
#1867 = VERTEX_POINT ( 'NONE', #3157 ) ;
#1868 = VERTEX_POINT ( 'NONE', #921 ) ;
#1869 = DIRECTION ( 'NONE',  ( 1.000000000000000000, 1.084202172485611547E-16, 0.000000000000000000 ) ) ;
#1870 = EDGE_CURVE ( 'NONE', #1911, #3210, #674, .T. ) ;
#1871 = DIRECTION ( 'NONE',  ( 1.000000000000000000, 0.000000000000000000, 0.000000000000000000 ) ) ;
#1872 = CARTESIAN_POINT ( 'NONE',  ( -9.360840149737622795, 5.672332364581810893, 588.2036541735637911 ) ) ;
#1873 = EDGE_CURVE ( 'NONE', #2059, #682, #2453, .T. ) ;
#1874 = VERTEX_POINT ( 'NONE', #1207 ) ;
#1875 = CARTESIAN_POINT ( 'NONE',  ( 25.22665924869009046, -9.334489416151427577, 591.2536541735638593 ) ) ;
#1876 = LINE ( 'NONE', #349, #1117 ) ;
#1877 = ORIENTED_EDGE ( 'NONE', *, *, #2473, .T. ) ;
#1878 = ADVANCED_FACE ( 'NONE', ( #482 ), #470, .F. ) ;
#1879 = AXIS2_PLACEMENT_3D ( 'NONE', #1795, #556, #2834 ) ;
#1880 = LINE ( 'NONE', #2891, #3020 ) ;
#1881 = ORIENTED_EDGE ( 'NONE', *, *, #2889, .T. ) ;
#1882 = CARTESIAN_POINT ( 'NONE',  ( -8.620840149737620806, -0.5776676354181896622, 588.1086541735637638 ) ) ;
#1883 = ORIENTED_EDGE ( 'NONE', *, *, #2271, .F. ) ;
#1884 = FACE_OUTER_BOUND ( 'NONE', #1576, .T. ) ;
#1885 = CARTESIAN_POINT ( 'NONE',  ( -1.880840149737620148, 5.672332364581810893, 588.3536541735637684 ) ) ;
#1886 = DIRECTION ( 'NONE',  ( 1.175461362545449852E-16, -1.000000000000000000, 0.000000000000000000 ) ) ;
#1887 = ORIENTED_EDGE ( 'NONE', *, *, #2785, .F. ) ;
#1888 = FACE_OUTER_BOUND ( 'NONE', #771, .T. ) ;
#1889 = DIRECTION ( 'NONE',  ( 1.000000000000000000, 0.000000000000000000, 0.000000000000000000 ) ) ;
#1890 = FACE_OUTER_BOUND ( 'NONE', #2231, .T. ) ;
#1891 = EDGE_LOOP ( 'NONE', ( #1254, #352, #348, #2824 ) ) ;
#1892 = UNCERTAINTY_MEASURE_WITH_UNIT (LENGTH_MEASURE( 1.000000000000000082E-05 ), #642, 'distance_accuracy_value', 'NONE');
#1893 = FACE_OUTER_BOUND ( 'NONE', #2367, .T. ) ;
#1894 = EDGE_CURVE ( 'NONE', #2979, #1868, #2004, .T. ) ;
#1895 = EDGE_LOOP ( 'NONE', ( #248, #1271, #2602, #1954 ) ) ;
#1896 = CARTESIAN_POINT ( 'NONE',  ( -17.02084014973761938, -0.5776676354181906614, 588.3536541735637684 ) ) ;
#1897 = EDGE_CURVE ( 'NONE', #459, #336, #495, .T. ) ;
#1898 = CARTESIAN_POINT ( 'NONE',  ( -4.314273837794289079, -0.5776676354181891071, 587.6460073359204443 ) ) ;
#1899 = VERTEX_POINT ( 'NONE', #1741 ) ;
#1900 = DIRECTION ( 'NONE',  ( -0.000000000000000000, -0.000000000000000000, -1.000000000000000000 ) ) ;
#1901 = DIRECTION ( 'NONE',  ( 1.175461362545449852E-16, -1.000000000000000000, -0.000000000000000000 ) ) ;
#1902 = FACE_OUTER_BOUND ( 'NONE', #1797, .T. ) ;
#1903 = CIRCLE ( 'NONE', #1489, 0.1499999999999973577 ) ;
#1904 = CIRCLE ( 'NONE', #892, 0.5549999999997778932 ) ;
#1905 = AXIS2_PLACEMENT_3D ( 'NONE', #172, #625, #1430 ) ;
#1906 = EDGE_LOOP ( 'NONE', ( #1242, #2681, #1413, #1698 ) ) ;
#1907 = CARTESIAN_POINT ( 'NONE',  ( 5.886912661604474017, 5.922332213909233367, 591.2536541735638593 ) ) ;
#1908 = VERTEX_POINT ( 'NONE', #1776 ) ;
#1909 = LINE ( 'NONE', #2125, #895 ) ;
#1910 = AXIS2_PLACEMENT_3D ( 'NONE', #3229, #3179, #2404 ) ;
#1911 = VERTEX_POINT ( 'NONE', #3034 ) ;
#1912 = VECTOR ( 'NONE', #2522, 1000.000000000000000 ) ;
#1913 = ORIENTED_EDGE ( 'NONE', *, *, #3114, .F. ) ;
#1914 = ADVANCED_FACE ( 'NONE', ( #2034 ), #2534, .F. ) ;
#1915 = FACE_OUTER_BOUND ( 'NONE', #307, .T. ) ;
#1916 = AXIS2_PLACEMENT_3D ( 'NONE', #701, #186, #931 ) ;
#1917 = ORIENTED_EDGE ( 'NONE', *, *, #1501, .T. ) ;
#1918 = AXIS2_PLACEMENT_3D ( 'NONE', #2190, #2164, #1210 ) ;
#1919 = CARTESIAN_POINT ( 'NONE',  ( 7.039948767139890151, 5.958224389164698209, 591.2536541735638593 ) ) ;
#1920 = CARTESIAN_POINT ( 'NONE',  ( -17.36084014973761924, 5.672332364581810005, 588.3536541735637684 ) ) ;
#1921 = AXIS2_PLACEMENT_3D ( 'NONE', #767, #525, #11 ) ;
#1922 = VERTEX_POINT ( 'NONE', #2758 ) ;
#1923 = DIRECTION ( 'NONE',  ( 1.000000000000000000, 1.953517427902591672E-16, 0.000000000000000000 ) ) ;
#1924 = LINE ( 'NONE', #1729, #2500 ) ;
#1925 = DIRECTION ( 'NONE',  ( 0.000000000000000000, 0.000000000000000000, 1.000000000000000000 ) ) ;
#1926 = CARTESIAN_POINT ( 'NONE',  ( 25.87656247006680843, 14.67233200814618499, 591.2536541735638593 ) ) ;
#1927 = ORIENTED_EDGE ( 'NONE', *, *, #1630, .T. ) ;
#1928 = FACE_OUTER_BOUND ( 'NONE', #1775, .T. ) ;
#1929 = DIRECTION ( 'NONE',  ( -1.000000000000000000, -1.084202172485611547E-16, 0.000000000000000000 ) ) ;
#1930 = CARTESIAN_POINT ( 'NONE',  ( -10.62084014973762081, 5.672332364581810893, 588.1086541735637638 ) ) ;
#1931 = ORIENTED_EDGE ( 'NONE', *, *, #2180, .T. ) ;
#1932 = ORIENTED_EDGE ( 'NONE', *, *, #354, .F. ) ;
#1933 = DIRECTION ( 'NONE',  ( 1.175461362545449852E-16, -1.000000000000000000, -0.000000000000000000 ) ) ;
#1934 = FACE_OUTER_BOUND ( 'NONE', #531, .T. ) ;
#1935 = B_SPLINE_CURVE_WITH_KNOTS ( 'NONE', 3,
 ( #1153, #2401, #899, #1919, #651, #3143, #2145, #430, #2685, #688, #2430, #866, #162, #2895, #3195 ),
 .UNSPECIFIED., .F., .F.,
 ( 4, 1, 1, 1, 1, 1, 1, 1, 1, 1, 1, 1, 4 ),
 ( -0.0004102706112325673411, 0.03085508810594733003, 0.06212044682312722887, 0.1246511642574870266, 0.1871818816918468520, 0.2497125991262066358, 0.3747740339949262589, 0.4998354688636458265, 0.6248969037323655051, 0.7499583386010850727, 0.8750197734698046403, 0.9375504909041644241, 1.000081208338524208 ),
 .UNSPECIFIED. ) ;
#1936 = ORIENTED_EDGE ( 'NONE', *, *, #2715, .F. ) ;
#1937 = AXIS2_PLACEMENT_3D ( 'NONE', #1065, #98, #2811 ) ;
#1938 = CARTESIAN_POINT ( 'NONE',  ( -1.360840149737624127, 5.672332364581810893, 588.3536541735637684 ) ) ;
#1939 = CARTESIAN_POINT ( 'NONE',  ( -17.36084014973761924, 5.672332364581810005, 588.2036541735637911 ) ) ;
#1940 = ORIENTED_EDGE ( 'NONE', *, *, #2749, .F. ) ;
#1941 = CARTESIAN_POINT ( 'NONE',  ( -13.88084014973762059, 5.672332364581810005, 588.3536541735637684 ) ) ;
#1942 = CARTESIAN_POINT ( 'NONE',  ( 2.379159850262376530, -0.5776676354181883299, 589.0536541735638139 ) ) ;
#1943 = EDGE_CURVE ( 'NONE', #1223, #2816, #659, .T. ) ;
#1944 = ORIENTED_EDGE ( 'NONE', *, *, #1327, .T. ) ;
#1945 = CARTESIAN_POINT ( 'NONE',  ( 21.34281513429014510, 13.86780314205013376, 586.2536541735638593 ) ) ;
#1946 = LINE ( 'NONE', #2210, #1019 ) ;
#1947 = DIRECTION ( 'NONE',  ( 1.175461362545449852E-16, -1.000000000000000000, 0.000000000000000000 ) ) ;
#1948 = DIRECTION ( 'NONE',  ( 0.000000000000000000, -0.000000000000000000, 1.000000000000000000 ) ) ;
#1949 = ADVANCED_FACE ( 'NONE', ( #2285 ), #2254, .F. ) ;
#1950 = VERTEX_POINT ( 'NONE', #3016 ) ;
#1951 = VERTEX_POINT ( 'NONE', #3262 ) ;
#1952 = DIRECTION ( 'NONE',  ( 1.000000000000000000, 0.000000000000000000, 0.000000000000000000 ) ) ;
#1953 = DIRECTION ( 'NONE',  ( 1.175461362545449852E-16, -1.000000000000000000, -0.000000000000000000 ) ) ;
#1954 = ORIENTED_EDGE ( 'NONE', *, *, #526, .T. ) ;
#1955 = DIRECTION ( 'NONE',  ( 1.000000000000000000, 1.084202172485612533E-16, 0.000000000000000000 ) ) ;
#1956 = ORIENTED_EDGE ( 'NONE', *, *, #653, .F. ) ;
#1957 = CARTESIAN_POINT ( 'NONE',  ( -21.21315049512816486, 5.672332364581810005, 588.2298794651993603 ) ) ;
#1958 = PLANE ( 'NONE',  #1549 ) ;
#1959 = EDGE_CURVE ( 'NONE', #48, #1304, #208, .T. ) ;
#1960 = CARTESIAN_POINT ( 'NONE',  ( 14.78630183183445013, 10.06882165075653113, 591.2536541735638593 ) ) ;
#1961 = CARTESIAN_POINT ( 'NONE',  ( -10.22084014973762045, -0.5776676354181898843, 588.3536541735637684 ) ) ;
#1962 = CARTESIAN_POINT ( 'NONE',  ( -8.220840149737620450, -0.5776676354181896622, 588.3536541735637684 ) ) ;
#1963 = CIRCLE ( 'NONE', #1799, 0.9999999999999011902 ) ;
#1964 = CARTESIAN_POINT ( 'NONE',  ( -20.31427383779429263, 5.672332364581810005, 587.6460073359204443 ) ) ;
#1965 = EDGE_LOOP ( 'NONE', ( #409, #3093, #2862, #302 ) ) ;
#1966 = AXIS2_PLACEMENT_3D ( 'NONE', #2736, #1735, #2786 ) ;
#1967 = VERTEX_POINT ( 'NONE', #1224 ) ;
#1968 = EDGE_CURVE ( 'NONE', #1137, #1418, #2773, .T. ) ;
#1969 = VECTOR ( 'NONE', #2422, 1000.000000000000000 ) ;
#1970 = DIRECTION ( 'NONE',  ( 1.000000000000000000, 0.000000000000000000, 0.000000000000000000 ) ) ;
#1971 = CIRCLE ( 'NONE', #491, 0.9999999999999003020 ) ;
#1972 = VECTOR ( 'NONE', #1076, 1000.000000000000000 ) ;
#1973 = VERTEX_POINT ( 'NONE', #453 ) ;
#1974 = AXIS2_PLACEMENT_3D ( 'NONE', #2670, #2931, #1124 ) ;
#1975 = DIRECTION ( 'NONE',  ( 1.000000000000000000, 0.000000000000000000, 0.000000000000000000 ) ) ;
#1976 = CARTESIAN_POINT ( 'NONE',  ( 2.119159850262379408, 5.672332364581811781, 588.2036541735637911 ) ) ;
#1977 = CIRCLE ( 'NONE', #276, 0.1499999999999969136 ) ;
#1978 = ORIENTED_EDGE ( 'NONE', *, *, #1747, .F. ) ;
#1979 = DIRECTION ( 'NONE',  ( 1.000000000000000000, 0.000000000000000000, 0.000000000000000000 ) ) ;
#1980 = CIRCLE ( 'NONE', #548, 0.1499999999999964972 ) ;
#1981 = CARTESIAN_POINT ( 'NONE',  ( -19.21315049512816131, 5.672332364581810005, 588.2298794651993603 ) ) ;
#1982 = ORIENTED_EDGE ( 'NONE', *, *, #1633, .F. ) ;
#1983 = CYLINDRICAL_SURFACE ( 'NONE', #803, 0.1499999999999967748 ) ;
#1984 = DIRECTION ( 'NONE',  ( 1.175461362545449852E-16, -1.000000000000000000, -0.000000000000000000 ) ) ;
#1985 = DIRECTION ( 'NONE',  ( 1.175461362545449852E-16, -1.000000000000000000, -0.000000000000000000 ) ) ;
#1986 = DIRECTION ( 'NONE',  ( 1.175461362545449852E-16, -1.000000000000000000, -0.000000000000000000 ) ) ;
#1987 = ORIENTED_EDGE ( 'NONE', *, *, #2722, .T. ) ;
#1988 = VERTEX_POINT ( 'NONE', #758 ) ;
#1989 = LINE ( 'NONE', #3208, #1751 ) ;
#1990 = EDGE_CURVE ( 'NONE', #1069, #2176, #2521, .T. ) ;
#1991 = ORIENTED_EDGE ( 'NONE', *, *, #2084, .T. ) ;
#1992 = DIRECTION ( 'NONE',  ( -1.000000000000000000, 0.000000000000000000, 0.000000000000000000 ) ) ;
#1993 = DIRECTION ( 'NONE',  ( 1.000000000000000000, 0.000000000000000000, 0.000000000000000000 ) ) ;
#1994 = EDGE_CURVE ( 'NONE', #1356, #1135, #1600, .T. ) ;
#1995 = ORIENTED_EDGE ( 'NONE', *, *, #1838, .F. ) ;
#1996 = LINE ( 'NONE', #1422, #591 ) ;
#1997 = CARTESIAN_POINT ( 'NONE',  ( 23.93545818716596330, 14.55837031189219388, 591.2536541735638593 ) ) ;
#1998 = CARTESIAN_POINT ( 'NONE',  ( 1.358413993608854285E-16, -0.5776676354181886630, 586.2536541735638593 ) ) ;
#1999 = DIRECTION ( 'NONE',  ( 1.175461362545449852E-16, -1.000000000000000000, 0.000000000000000000 ) ) ;
#2000 = LINE ( 'NONE', #1522, #3230 ) ;
#2001 = ORIENTED_EDGE ( 'NONE', *, *, #947, .F. ) ;
#2002 = ADVANCED_FACE ( 'NONE', ( #991 ), #3002, .F. ) ;
#2003 = ORIENTED_EDGE ( 'NONE', *, *, #353, .T. ) ;
#2004 = LINE ( 'NONE', #1023, #2123 ) ;
#2005 = CARTESIAN_POINT ( 'NONE',  ( -3.880840149737618816, 5.672332364581810893, 588.2036541735637911 ) ) ;
#2006 = ORIENTED_EDGE ( 'NONE', *, *, #1565, .F. ) ;
#2007 = CARTESIAN_POINT ( 'NONE',  ( -22.02852980434697372, 5.672332364581809117, 588.2298794651993603 ) ) ;
#2008 = EDGE_CURVE ( 'NONE', #2684, #2136, #2019, .T. ) ;
#2009 = DIRECTION ( 'NONE',  ( 1.000000000000000000, 0.000000000000000000, 0.000000000000000000 ) ) ;
#2010 = DIRECTION ( 'NONE',  ( 1.000000000000000000, 0.000000000000000000, 0.000000000000000000 ) ) ;
#2011 = CARTESIAN_POINT ( 'NONE',  ( -5.360840149737621019, 5.672332364581810893, 588.3536541735637684 ) ) ;
#2012 = CARTESIAN_POINT ( 'NONE',  ( -7.880840149737619704, -0.5776676354181896622, 588.3536541735637684 ) ) ;
#2013 = CARTESIAN_POINT ( 'NONE',  ( -17.02084014973761938, 5.672332364581810005, 588.3536541735637684 ) ) ;
#2014 = AXIS2_PLACEMENT_3D ( 'NONE', #322, #2109, #2083 ) ;
#2015 = ORIENTED_EDGE ( 'NONE', *, *, #972, .F. ) ;
#2016 = EDGE_LOOP ( 'NONE', ( #74, #47, #1366, #2605 ) ) ;
#2017 = AXIS2_PLACEMENT_3D ( 'NONE', #2753, #968, #1535 ) ;
#2018 = EDGE_CURVE ( 'NONE', #776, #2620, #871, .T. ) ;
#2019 = LINE ( 'NONE', #3150, #1442 ) ;
#2020 = DIRECTION ( 'NONE',  ( -1.175461362545449852E-16, 1.000000000000000000, -0.000000000000000000 ) ) ;
#2021 = AXIS2_PLACEMENT_3D ( 'NONE', #1802, #1258, #19 ) ;
#2022 = ORIENTED_EDGE ( 'NONE', *, *, #3148, .T. ) ;
#2023 = ADVANCED_FACE ( 'NONE', ( #1888 ), #1099, .F. ) ;
#2024 = EDGE_CURVE ( 'NONE', #1362, #42, #2901, .T. ) ;
#2025 = LINE ( 'NONE', #534, #2183 ) ;
#2026 = AXIS2_PLACEMENT_3D ( 'NONE', #3021, #521, #509 ) ;
#2027 = CARTESIAN_POINT ( 'NONE',  ( 18.19134521145605987, -6.996072174592034010, 591.2536541735638593 ) ) ;
#2028 = FACE_OUTER_BOUND ( 'NONE', #1743, .T. ) ;
#2029 = DIRECTION ( 'NONE',  ( 1.000000000000000000, 0.000000000000000000, 0.000000000000000000 ) ) ;
#2030 = VECTOR ( 'NONE', #2487, 1000.000000000000000 ) ;
#2031 = DIRECTION ( 'NONE',  ( -1.000000000000000000, 0.000000000000000000, 0.000000000000000000 ) ) ;
#2032 = ORIENTED_EDGE ( 'NONE', *, *, #526, .F. ) ;
#2033 = ORIENTED_EDGE ( 'NONE', *, *, #2497, .F. ) ;
#2034 = FACE_OUTER_BOUND ( 'NONE', #760, .T. ) ;
#2035 = CARTESIAN_POINT ( 'NONE',  ( 1.072593538319091211, -0.5776676354181885520, 587.6460073359205580 ) ) ;
#2036 = ORIENTED_EDGE ( 'NONE', *, *, #113, .T. ) ;
#2037 = ORIENTED_EDGE ( 'NONE', *, *, #2715, .T. ) ;
#2038 = CARTESIAN_POINT ( 'NONE',  ( -15.21315049512816309, 5.672332364581810005, 588.2298794651993603 ) ) ;
#2039 = CARTESIAN_POINT ( 'NONE',  ( 11.97712942669492975, -2.630816167807796369, 591.2536541735638593 ) ) ;
#2040 = CARTESIAN_POINT ( 'NONE',  ( -12.92740646168090990, 5.672332364581810893, 587.6460073359205580 ) ) ;
#2041 = EDGE_CURVE ( 'NONE', #1140, #1069, #1811, .T. ) ;
#2042 = DIRECTION ( 'NONE',  ( 1.175461362545449852E-16, -1.000000000000000000, 0.000000000000000000 ) ) ;
#2043 = CARTESIAN_POINT ( 'NONE',  ( -8.927406461680909899, 5.672332364581810893, 587.6460073359205580 ) ) ;
#2044 = ORIENTED_EDGE ( 'NONE', *, *, #2814, .T. ) ;
#2045 = EDGE_CURVE ( 'NONE', #1307, #1303, #1500, .T. ) ;
#2046 = ADVANCED_FACE ( 'NONE', ( #786 ), #623, .F. ) ;
#2047 = ORIENTED_EDGE ( 'NONE', *, *, #1805, .F. ) ;
#2048 = LINE ( 'NONE', #2082, #447 ) ;
#2049 = DIRECTION ( 'NONE',  ( 1.175461362545449852E-16, -1.000000000000000000, -0.000000000000000000 ) ) ;
#2050 = FACE_OUTER_BOUND ( 'NONE', #389, .T. ) ;
#2051 = VERTEX_POINT ( 'NONE', #3062 ) ;
#2052 = CARTESIAN_POINT ( 'NONE',  ( -20.62084014973762081, -0.5776676354181911055, 588.1086541735637638 ) ) ;
#2053 = EDGE_CURVE ( 'NONE', #140, #2961, #985, .T. ) ;
#2054 = B_SPLINE_SURFACE_WITH_KNOTS ( 'NONE', 3, 1, ( 
 ( #2209, #200 ),
 ( #476, #1503 ),
 ( #494, #2193 ),
 ( #2972, #149 ),
 ( #185, #2993 ),
 ( #3216, #944 ),
 ( #1233, #2751 ),
 ( #1184, #1465 ),
 ( #1679, #1483 ),
 ( #1960, #3201 ),
 ( #460, #2492 ),
 ( #930, #1945 ),
 ( #1997, #217 ),
 ( #2475, #2225 ),
 ( #1926, #3233 ) ),
 .UNSPECIFIED., .F., .F., .F.,
 ( 4, 1, 1, 1, 1, 1, 1, 1, 1, 1, 1, 1, 4 ),
 ( 2, 2 ),
 ( -0.0004102706112325673411, 0.03085508810594733350, 0.06212044682312723581, 0.1246511642574870404, 0.1871818816918468520, 0.2497125991262066358, 0.3747740339949262589, 0.4998354688636458265, 0.6248969037323655051, 0.7499583386010850727, 0.8750197734698046403, 0.9375504909041644241, 1.000081208338524208 ),
 ( 0.000000000000000000, 1.000000000000000000 ),
 .UNSPECIFIED. ) ;
#2055 = DIRECTION ( 'NONE',  ( 1.000000000000000000, 1.953517427902597835E-16, 0.000000000000000000 ) ) ;
#2056 = CARTESIAN_POINT ( 'NONE',  ( -6.028529804346971943, -0.5776676354181893291, 588.2298794651993603 ) ) ;
#2057 = DIRECTION ( 'NONE',  ( 1.000000000000000000, -0.000000000000000000, -0.000000000000000000 ) ) ;
#2058 = VERTEX_POINT ( 'NONE', #1146 ) ;
#2059 = VERTEX_POINT ( 'NONE', #599 ) ;
#2060 = ORIENTED_EDGE ( 'NONE', *, *, #2537, .F. ) ;
#2061 = EDGE_CURVE ( 'NONE', #2888, #2538, #2665, .T. ) ;
#2062 = CIRCLE ( 'NONE', #794, 0.9999999999999003020 ) ;
#2063 = EDGE_CURVE ( 'NONE', #691, #605, #2662, .T. ) ;
#2064 = CARTESIAN_POINT ( 'NONE',  ( -21.36084014973762280, 5.672332364581810005, 588.3536541735637684 ) ) ;
#2065 = FACE_OUTER_BOUND ( 'NONE', #648, .T. ) ;
#2066 = AXIS2_PLACEMENT_3D ( 'NONE', #2959, #203, #2754 ) ;
#2067 = ORIENTED_EDGE ( 'NONE', *, *, #2572, .T. ) ;
#2068 = CIRCLE ( 'NONE', #2119, 0.9999999999999003020 ) ;
#2069 = AXIS2_PLACEMENT_3D ( 'NONE', #2712, #2663, #2441 ) ;
#2070 = CIRCLE ( 'NONE', #323, 0.9999999999999003020 ) ;
#2071 = VECTOR ( 'NONE', #869, 1000.000000000000000 ) ;
#2072 = DIRECTION ( 'NONE',  ( 1.000000000000000000, 0.000000000000000000, 0.000000000000000000 ) ) ;
#2073 = CIRCLE ( 'NONE', #636, 0.1499999999999973577 ) ;
#2074 = CARTESIAN_POINT ( 'NONE',  ( -8.314273837794289079, 5.672332364581810893, 587.6460073359204443 ) ) ;
#2075 = DIRECTION ( 'NONE',  ( 1.175461362545449852E-16, -1.000000000000000000, 0.000000000000000000 ) ) ;
#2076 = DIRECTION ( 'NONE',  ( -1.000000000000000000, 0.000000000000000000, 0.000000000000000000 ) ) ;
#2077 = CARTESIAN_POINT ( 'NONE',  ( -16.22084014973761867, 5.672332364581810005, 588.3536541735637684 ) ) ;
#2078 = AXIS2_PLACEMENT_3D ( 'NONE', #913, #2194, #2940 ) ;
#2079 = ORIENTED_EDGE ( 'NONE', *, *, #118, .F. ) ;
#2080 = EDGE_CURVE ( 'NONE', #2762, #3159, #529, .T. ) ;
#2081 = ORIENTED_EDGE ( 'NONE', *, *, #1706, .F. ) ;
#2082 = CARTESIAN_POINT ( 'NONE',  ( -21.36084014973762280, 5.672332364581810005, 588.3536541735637684 ) ) ;
#2083 = DIRECTION ( 'NONE',  ( 1.000000000000000000, 0.000000000000000000, 0.000000000000000000 ) ) ;
#2084 = EDGE_CURVE ( 'NONE', #3260, #2051, #2124, .T. ) ;
#2085 = ORIENTED_EDGE ( 'NONE', *, *, #490, .T. ) ;
#2086 = DIRECTION ( 'NONE',  ( 1.175461362545449852E-16, -1.000000000000000000, 0.000000000000000000 ) ) ;
#2087 = DIRECTION ( 'NONE',  ( -1.175461362545449852E-16, 1.000000000000000000, -0.000000000000000000 ) ) ;
#2088 = CARTESIAN_POINT ( 'NONE',  ( -1.360840149737624127, 5.672332364581810893, 588.2036541735637911 ) ) ;
#2089 = CARTESIAN_POINT ( 'NONE',  ( -8.927406461680909899, 5.672332364581810893, 587.6460073359205580 ) ) ;
#2090 = CARTESIAN_POINT ( 'NONE',  ( -9.020840149737622937, -0.5776676354181897732, 588.3536541735637684 ) ) ;
#2091 = AXIS2_PLACEMENT_3D ( 'NONE', #2800, #1283, #2302 ) ;
#2092 = ORIENTED_EDGE ( 'NONE', *, *, #3174, .T. ) ;
#2093 = ORIENTED_EDGE ( 'NONE', *, *, #2597, .T. ) ;
#2094 = DIRECTION ( 'NONE',  ( 1.175461362545449852E-16, -1.000000000000000000, -0.000000000000000000 ) ) ;
#2095 = EDGE_CURVE ( 'NONE', #3207, #2966, #859, .T. ) ;
#2096 = CARTESIAN_POINT ( 'NONE',  ( -13.21315049512816486, 5.672332364581810893, 588.2298794651993603 ) ) ;
#2097 = VERTEX_POINT ( 'NONE', #277 ) ;
#2098 = EDGE_CURVE ( 'NONE', #1356, #2675, #1394, .T. ) ;
#2099 = VERTEX_POINT ( 'NONE', #1290 ) ;
#2100 = DIRECTION ( 'NONE',  ( 1.000000000000000000, 0.000000000000000000, 0.000000000000000000 ) ) ;
#2101 = ADVANCED_FACE ( 'NONE', ( #1375 ), #1130, .F. ) ;
#2102 = CARTESIAN_POINT ( 'NONE',  ( -23.62084014973762081, 5.672332364581809117, 589.0536541735638139 ) ) ;
#2103 = PRESENTATION_STYLE_ASSIGNMENT (( #2372 ) ) ;
#2104 = LINE ( 'NONE', #87, #2523 ) ;
#2105 = VERTEX_POINT ( 'NONE', #2956 ) ;
#2106 = CARTESIAN_POINT ( 'NONE',  ( -3.360840149737621907, -0.5776676354181891071, 588.3536541735637684 ) ) ;
#2107 = ORIENTED_EDGE ( 'NONE', *, *, #761, .F. ) ;
#2108 = VERTEX_POINT ( 'NONE', #3202 ) ;
#2109 = DIRECTION ( 'NONE',  ( 1.175461362545449852E-16, -1.000000000000000000, -0.000000000000000000 ) ) ;
#2110 = EDGE_CURVE ( 'NONE', #1531, #549, #2994, .T. ) ;
#2111 = VERTEX_POINT ( 'NONE', #716 ) ;
#2112 = VECTOR ( 'NONE', #1308, 1000.000000000000000 ) ;
#2113 = EDGE_CURVE ( 'NONE', #139, #2099, #545, .T. ) ;
#2114 = ORIENTED_EDGE ( 'NONE', *, *, #2381, .T. ) ;
#2115 = AXIS2_PLACEMENT_3D ( 'NONE', #1939, #879, #2912 ) ;
#2116 = CARTESIAN_POINT ( 'NONE',  ( 2.119159850262379408, 5.672332364581811781, 588.2036541735637911 ) ) ;
#2117 = DIRECTION ( 'NONE',  ( -1.000000000000000000, -1.084202172485611547E-16, 0.000000000000000000 ) ) ;
#2118 = CARTESIAN_POINT ( 'NONE',  ( -18.02852980434697372, 5.672332364581810005, 588.2298794651993603 ) ) ;
#2119 = AXIS2_PLACEMENT_3D ( 'NONE', #153, #3204, #2139 ) ;
#2120 = CARTESIAN_POINT ( 'NONE',  ( 5.886912661604474017, 5.922332213909233367, 591.2536541735638593 ) ) ;
#2121 = EDGE_CURVE ( 'NONE', #3159, #1223, #2711, .T. ) ;
#2122 = AXIS2_PLACEMENT_3D ( 'NONE', #3225, #1128, #1993 ) ;
#2123 = VECTOR ( 'NONE', #2743, 1000.000000000000000 ) ;
#2124 = LINE ( 'NONE', #885, #587 ) ;
#2125 = CARTESIAN_POINT ( 'NONE',  ( 2.119159850262380296, -0.5776676354181884410, 588.3536541735637684 ) ) ;
#2126 = AXIS2_PLACEMENT_3D ( 'NONE', #1113, #2392, #1801 ) ;
#2127 = VERTEX_POINT ( 'NONE', #201 ) ;
#2128 = VECTOR ( 'NONE', #1900, 1000.000000000000000 ) ;
#2129 = DIRECTION ( 'NONE',  ( 1.175461362545449852E-16, -1.000000000000000000, -0.000000000000000000 ) ) ;
#2130 = CIRCLE ( 'NONE', #2565, 0.9999999999999019673 ) ;
#2131 = ORIENTED_EDGE ( 'NONE', *, *, #1003, .F. ) ;
#2132 = DIRECTION ( 'NONE',  ( 1.000000000000000000, 0.000000000000000000, 0.000000000000000000 ) ) ;
#2133 = CARTESIAN_POINT ( 'NONE',  ( -10.92740646168090990, 5.672332364581810893, 587.6460073359205580 ) ) ;
#2134 = CARTESIAN_POINT ( 'NONE',  ( -19.36084014973762280, 5.672332364581810005, 588.3536541735637684 ) ) ;
#2135 = DIRECTION ( 'NONE',  ( 1.000000000000000000, 0.000000000000000000, 0.000000000000000000 ) ) ;
#2136 = VERTEX_POINT ( 'NONE', #1663 ) ;
#2137 = DIRECTION ( 'NONE',  ( -1.175461362545449852E-16, 1.000000000000000000, -0.000000000000000000 ) ) ;
#2138 = FACE_OUTER_BOUND ( 'NONE', #1173, .T. ) ;
#2139 = DIRECTION ( 'NONE',  ( 1.000000000000000000, 0.000000000000000000, 0.000000000000000000 ) ) ;
#2140 = VERTEX_POINT ( 'NONE', #442 ) ;
#2141 = EDGE_CURVE ( 'NONE', #842, #2140, #1946, .T. ) ;
#2142 = AXIS2_PLACEMENT_3D ( 'NONE', #73, #1828, #1348 ) ;
#2143 = DIRECTION ( 'NONE',  ( 1.000000000000000000, 0.000000000000000000, 0.000000000000000000 ) ) ;
#2144 = ORIENTED_EDGE ( 'NONE', *, *, #2556, .T. ) ;
#2145 = CARTESIAN_POINT ( 'NONE',  ( 8.895094791140619961, 6.274178309292575584, 591.2536541735638593 ) ) ;
#2146 = CARTESIAN_POINT ( 'NONE',  ( -18.22084014973761867, 5.672332364581810005, 588.3536541735637684 ) ) ;
#2147 = DIRECTION ( 'NONE',  ( 1.175461362545449852E-16, -1.000000000000000000, -0.000000000000000000 ) ) ;
#2148 = CARTESIAN_POINT ( 'NONE',  ( -17.36084014973761924, 5.672332364581810005, 588.3536541735637684 ) ) ;
#2149 = PLANE ( 'NONE',  #694 ) ;
#2150 = VERTEX_POINT ( 'NONE', #477 ) ;
#2151 = CARTESIAN_POINT ( 'NONE',  ( -15.88084014973761882, -0.5776676354181905504, 588.2036541735637911 ) ) ;
#2152 = ORIENTED_EDGE ( 'NONE', *, *, #1164, .T. ) ;
#2153 = DIRECTION ( 'NONE',  ( 1.175461362545449852E-16, -1.000000000000000000, -0.000000000000000000 ) ) ;
#2154 = ADVANCED_FACE ( 'NONE', ( #2974 ), #2440, .F. ) ;
#2155 = ORIENTED_EDGE ( 'NONE', *, *, #1431, .F. ) ;
#2156 = ORIENTED_EDGE ( 'NONE', *, *, #3174, .F. ) ;
#2157 = DIRECTION ( 'NONE',  ( 1.000000000000000000, 0.000000000000000000, 0.000000000000000000 ) ) ;
#2158 = EDGE_CURVE ( 'NONE', #2645, #2525, #2493, .T. ) ;
#2159 = EDGE_CURVE ( 'NONE', #1, #2904, #3181, .T. ) ;
#2160 = ORIENTED_EDGE ( 'NONE', *, *, #1077, .F. ) ;
#2161 = DIRECTION ( 'NONE',  ( -1.000000000000000000, -1.209302423156908887E-16, -0.000000000000000000 ) ) ;
#2162 = FACE_OUTER_BOUND ( 'NONE', #827, .T. ) ;
#2163 = ORIENTED_EDGE ( 'NONE', *, *, #562, .F. ) ;
#2164 = DIRECTION ( 'NONE',  ( 1.175461362545449852E-16, -1.000000000000000000, 0.000000000000000000 ) ) ;
#2165 = CARTESIAN_POINT ( 'NONE',  ( -14.92740646168090990, 5.672332364581810005, 587.6460073359205580 ) ) ;
#2166 = AXIS2_PLACEMENT_3D ( 'NONE', #555, #332, #537 ) ;
#2167 = CARTESIAN_POINT ( 'NONE',  ( 0.000000000000000000, 0.000000000000000000, 0.000000000000000000 ) ) ;
#2168 = AXIS2_PLACEMENT_3D ( 'NONE', #1147, #2923, #2393 ) ;
#2169 = DIRECTION ( 'NONE',  ( 1.000000000000000000, 0.000000000000000000, 0.000000000000000000 ) ) ;
#2170 = AXIS2_PLACEMENT_3D ( 'NONE', #2644, #421, #2924 ) ;
#2171 = ORIENTED_EDGE ( 'NONE', *, *, #1008, .T. ) ;
#2172 = CARTESIAN_POINT ( 'NONE',  ( -3.880840149737618816, 5.672332364581810893, 588.3536541735637684 ) ) ;
#2173 = DIRECTION ( 'NONE',  ( 1.000000000000000000, 0.000000000000000000, 0.000000000000000000 ) ) ;
#2174 = LINE ( 'NONE', #2196, #1170 ) ;
#2175 = VECTOR ( 'NONE', #1476, 1000.000000000000000 ) ;
#2176 = VERTEX_POINT ( 'NONE', #3217 ) ;
#2177 = EDGE_LOOP ( 'NONE', ( #103, #418, #2545, #3128 ) ) ;
#2178 = ADVANCED_FACE ( 'NONE', ( #644 ), #1185, .F. ) ;
#2179 = DIRECTION ( 'NONE',  ( 1.000000000000000000, 0.000000000000000000, 0.000000000000000000 ) ) ;
#2180 = EDGE_CURVE ( 'NONE', #880, #846, #2775, .T. ) ;
#2181 = CARTESIAN_POINT ( 'NONE',  ( 0.6391598502623782041, -0.5776676354181885520, 588.2036541735637911 ) ) ;
#2182 = ORIENTED_EDGE ( 'NONE', *, *, #2045, .F. ) ;
#2183 = VECTOR ( 'NONE', #1533, 1000.000000000000000 ) ;
#2184 = DIRECTION ( 'NONE',  ( -1.000000000000000000, 0.000000000000000000, 0.000000000000000000 ) ) ;
#2185 = ADVANCED_FACE ( 'NONE', ( #1928 ), #1410, .F. ) ;
#2186 = EDGE_CURVE ( 'NONE', #2762, #2140, #2752, .T. ) ;
#2187 = DIRECTION ( 'NONE',  ( 1.000000000000000000, 0.000000000000000000, 0.000000000000000000 ) ) ;
#2188 = CIRCLE ( 'NONE', #1866, 0.9999999999999011902 ) ;
#2189 = ORIENTED_EDGE ( 'NONE', *, *, #2315, .F. ) ;
#2190 = CARTESIAN_POINT ( 'NONE',  ( -4.620840149737619917, 5.672332364581810893, 588.1086541735637638 ) ) ;
#2191 = FACE_OUTER_BOUND ( 'NONE', #2790, .T. ) ;
#2192 = DIRECTION ( 'NONE',  ( 1.000000000000000000, 0.000000000000000000, 0.000000000000000000 ) ) ;
#2193 = CARTESIAN_POINT ( 'NONE',  ( 6.450014558202235015, 5.939254767353713049, 586.2536541735638593 ) ) ;
#2194 = DIRECTION ( 'NONE',  ( 1.175461362545449852E-16, -1.000000000000000000, -0.000000000000000000 ) ) ;
#2195 = DIRECTION ( 'NONE',  ( -1.000000000000000000, -1.084202172485612533E-16, 0.000000000000000000 ) ) ;
#2196 = CARTESIAN_POINT ( 'NONE',  ( -13.36084014973762280, -0.5776676354181902173, 588.3536541735637684 ) ) ;
#2197 = ORIENTED_EDGE ( 'NONE', *, *, #1636, .F. ) ;
#2198 = VERTEX_POINT ( 'NONE', #2421 ) ;
#2199 = DIRECTION ( 'NONE',  ( -0.000000000000000000, -0.000000000000000000, -1.000000000000000000 ) ) ;
#2200 = DIRECTION ( 'NONE',  ( 1.175461362545449852E-16, -1.000000000000000000, -0.000000000000000000 ) ) ;
#2201 = ORIENTED_EDGE ( 'NONE', *, *, #2429, .F. ) ;
#2202 = EDGE_CURVE ( 'NONE', #42, #2847, #1977, .T. ) ;
#2203 = DIRECTION ( 'NONE',  ( 1.000000000000000000, 4.170008355713481588E-16, -0.000000000000000000 ) ) ;
#2204 = ORIENTED_EDGE ( 'NONE', *, *, #631, .T. ) ;
#2205 = ADVANCED_FACE ( 'NONE', ( #1160 ), #3183, .T. ) ;
#2206 = CARTESIAN_POINT ( 'NONE',  ( -7.360840149737621907, -0.5776676354181895512, 588.3536541735637684 ) ) ;
#2207 = CARTESIAN_POINT ( 'NONE',  ( 25.87915985026242893, 2.672332289245519465, 586.2536541735638593 ) ) ;
#2208 = CARTESIAN_POINT ( 'NONE',  ( -19.88084014973762237, 5.672332364581810005, 588.3536541735637684 ) ) ;
#2209 = CARTESIAN_POINT ( 'NONE',  ( 5.886912661604474017, 5.922332213909233367, 591.2536541735638593 ) ) ;
#2210 = CARTESIAN_POINT ( 'NONE',  ( -23.62084014973756041, 0.000000000000000000, 586.2536541735638593 ) ) ;
#2211 = DIRECTION ( 'NONE',  ( 1.175461362545449852E-16, -1.000000000000000000, -0.000000000000000000 ) ) ;
#2212 = CARTESIAN_POINT ( 'NONE',  ( -0.02852980434697410111, -0.5776676354181886630, 588.2298794651993603 ) ) ;
#2213 = EDGE_LOOP ( 'NONE', ( #2588, #422, #1511, #3048 ) ) ;
#2214 = ORIENTED_EDGE ( 'NONE', *, *, #2497, .T. ) ;
#2215 = CARTESIAN_POINT ( 'NONE',  ( -23.36084014973762280, 5.672332364581809117, 588.2036541735637911 ) ) ;
#2216 = ORIENTED_EDGE ( 'NONE', *, *, #1870, .T. ) ;
#2217 = CARTESIAN_POINT ( 'NONE',  ( 7.624544602761292644, 5.987713551310218207, 586.2536541735638593 ) ) ;
#2218 = DIRECTION ( 'NONE',  ( 1.000000000000000000, 0.000000000000000000, 0.000000000000000000 ) ) ;
#2219 = EDGE_CURVE ( 'NONE', #1685, #2762, #664, .T. ) ;
#2220 = ORIENTED_EDGE ( 'NONE', *, *, #3114, .T. ) ;
#2221 = CARTESIAN_POINT ( 'NONE',  ( -4.620840149737619029, -0.5776676354181892181, 588.1086541735637638 ) ) ;
#2222 = DIRECTION ( 'NONE',  ( -1.000000000000000000, 0.000000000000000000, 0.000000000000000000 ) ) ;
#2223 = EDGE_CURVE ( 'NONE', #1135, #2669, #1653, .T. ) ;
#2224 = AXIS2_PLACEMENT_3D ( 'NONE', #1686, #2682, #176 ) ;
#2225 = CARTESIAN_POINT ( 'NONE',  ( 25.22665924868977072, 14.67915399464246207, 586.2536541735638593 ) ) ;
#2226 = CARTESIAN_POINT ( 'NONE',  ( -20.62084014973762081, 5.672332364581810005, 588.1086541735637638 ) ) ;
#2227 = CARTESIAN_POINT ( 'NONE',  ( -22.62084014973762081, 5.672332364581809117, 588.1086541735637638 ) ) ;
#2228 = VECTOR ( 'NONE', #1986, 1000.000000000000000 ) ;
#2229 = CARTESIAN_POINT ( 'NONE',  ( 0.9791598502623783951, -0.5776676354181885520, 588.3536541735637684 ) ) ;
#2230 = VERTEX_POINT ( 'NONE', #1534 ) ;
#2231 = EDGE_LOOP ( 'NONE', ( #2813, #2957, #2182, #3140 ) ) ;
#2232 = VECTOR ( 'NONE', #298, 1000.000000000000000 ) ;
#2233 = DIRECTION ( 'NONE',  ( -1.175461362545449852E-16, 1.000000000000000000, -0.000000000000000000 ) ) ;
#2234 = AXIS2_PLACEMENT_3D ( 'NONE', #677, #1424, #167 ) ;
#2235 = VERTEX_POINT ( 'NONE', #2262 ) ;
#2236 = CIRCLE ( 'NONE', #1232, 0.1499999999999973577 ) ;
#2237 = DIRECTION ( 'NONE',  ( 1.175461362545449852E-16, -1.000000000000000000, -0.000000000000000000 ) ) ;
#2238 = DIRECTION ( 'NONE',  ( -1.000000000000000000, 0.000000000000000000, 0.000000000000000000 ) ) ;
#2239 = VECTOR ( 'NONE', #809, 1000.000000000000000 ) ;
#2240 = ORIENTED_EDGE ( 'NONE', *, *, #2893, .T. ) ;
#2241 = LINE ( 'NONE', #3250, #907 ) ;
#2242 = AXIS2_PLACEMENT_3D ( 'NONE', #24, #564, #2829 ) ;
#2243 = CARTESIAN_POINT ( 'NONE',  ( -15.36084014973762280, 5.672332364581810005, 588.3536541735637684 ) ) ;
#2244 = EDGE_LOOP ( 'NONE', ( #2480, #1643, #2425, #1188 ) ) ;
#2245 = CARTESIAN_POINT ( 'NONE',  ( -8.927406461680909899, -0.5776676354181896622, 587.6460073359205580 ) ) ;
#2246 = ADVANCED_FACE ( 'NONE', ( #1566 ), #2729, .T. ) ;
#2247 = CARTESIAN_POINT ( 'NONE',  ( 1.779159850262379772, 5.672332364581811781, 588.3536541735637684 ) ) ;
#2248 = CARTESIAN_POINT ( 'NONE',  ( 14.78630183183450164, -4.724157072265519730, 586.2536541735638593 ) ) ;
#2249 = DIRECTION ( 'NONE',  ( 1.000000000000000000, 0.000000000000000000, 0.000000000000000000 ) ) ;
#2250 = ORIENTED_EDGE ( 'NONE', *, *, #1025, .T. ) ;
#2251 = ORIENTED_EDGE ( 'NONE', *, *, #2937, .F. ) ;
#2252 = EDGE_CURVE ( 'NONE', #2303, #3000, #1312, .T. ) ;
#2253 = EDGE_CURVE ( 'NONE', #1973, #647, #2783, .T. ) ;
#2254 = CYLINDRICAL_SURFACE ( 'NONE', #2444, 0.9999999999999011902 ) ;
#2255 = CARTESIAN_POINT ( 'NONE',  ( -11.88084014973762059, 5.672332364581810893, 588.2036541735637911 ) ) ;
#2256 = CIRCLE ( 'NONE', #2943, 0.1499999999999967193 ) ;
#2257 = ORIENTED_EDGE ( 'NONE', *, *, #1658, .F. ) ;
#2258 = CARTESIAN_POINT ( 'NONE',  ( -4.314273837794289967, 5.672332364581810893, 587.6460073359204443 ) ) ;
#2259 = FACE_OUTER_BOUND ( 'NONE', #755, .T. ) ;
#2260 = VECTOR ( 'NONE', #2329, 1000.000000000000000 ) ;
#2261 = CYLINDRICAL_SURFACE ( 'NONE', #806, 0.1499999999999973577 ) ;
#2262 = CARTESIAN_POINT ( 'NONE',  ( -16.31427383779428908, -0.5776676354181905504, 587.6460073359204443 ) ) ;
#2263 = CARTESIAN_POINT ( 'NONE',  ( 8.895094791140571999, -0.9295137308015164468, 586.2536541735638593 ) ) ;
#2264 = CARTESIAN_POINT ( 'NONE',  ( -11.36084014973762280, 5.672332364581810893, 588.2036541735637911 ) ) ;
#2265 = CARTESIAN_POINT ( 'NONE',  ( -7.880840149737619704, 5.672332364581810893, 588.2036541735637911 ) ) ;
#2266 = EDGE_CURVE ( 'NONE', #3245, #880, #250, .T. ) ;
#2267 = VERTEX_POINT ( 'NONE', #3066 ) ;
#2268 = VERTEX_POINT ( 'NONE', #983 ) ;
#2269 = CARTESIAN_POINT ( 'NONE',  ( 6.450014558202235015, 5.939254767353713049, 586.2536541735638593 ) ) ;
#2270 = CARTESIAN_POINT ( 'NONE',  ( -19.36084014973762280, -0.5776676354181909945, 588.2036541735637911 ) ) ;
#2271 = EDGE_CURVE ( 'NONE', #1135, #2649, #3023, .T. ) ;
#2272 = ORIENTED_EDGE ( 'NONE', *, *, #1636, .T. ) ;
#2273 = DIRECTION ( 'NONE',  ( -1.000000000000000000, 0.000000000000000000, -0.000000000000000000 ) ) ;
#2274 = EDGE_CURVE ( 'NONE', #1950, #842, #510, .T. ) ;
#2275 = DIRECTION ( 'NONE',  ( -1.000000000000000000, 0.000000000000000000, 0.000000000000000000 ) ) ;
#2276 = DIRECTION ( 'NONE',  ( 0.000000000000000000, 0.000000000000000000, -1.000000000000000000 ) ) ;
#2277 = FILL_AREA_STYLE_COLOUR ( '', #489 ) ;
#2278 = PLANE ( 'NONE',  #1641 ) ;
#2279 = CARTESIAN_POINT ( 'NONE',  ( -10.31427383779428908, 5.672332364581810893, 587.6460073359204443 ) ) ;
#2280 = VECTOR ( 'NONE', #2864, 1000.000000000000000 ) ;
#2281 = VERTEX_POINT ( 'NONE', #1520 ) ;
#2282 = CIRCLE ( 'NONE', #3025, 0.1499999999999973577 ) ;
#2283 = ORIENTED_EDGE ( 'NONE', *, *, #417, .F. ) ;
#2284 = AXIS2_PLACEMENT_3D ( 'NONE', #420, #1717, #1889 ) ;
#2285 = FACE_OUTER_BOUND ( 'NONE', #3165, .T. ) ;
#2286 = EDGE_CURVE ( 'NONE', #2984, #2150, #1071, .T. ) ;
#2287 = DIRECTION ( 'NONE',  ( 1.000000000000000000, 0.000000000000000000, 0.000000000000000000 ) ) ;
#2288 = VECTOR ( 'NONE', #620, 1000.000000000000000 ) ;
#2289 = VECTOR ( 'NONE', #1291, 1000.000000000000000 ) ;
#2290 = ORIENTED_EDGE ( 'NONE', *, *, #3052, .F. ) ;
#2291 = VECTOR ( 'NONE', #121, 1000.000000000000000 ) ;
#2292 = VECTOR ( 'NONE', #2694, 1000.000000000000000 ) ;
#2293 = VERTEX_POINT ( 'NONE', #8 ) ;
#2294 = DIRECTION ( 'NONE',  ( 1.175461362545449852E-16, -1.000000000000000000, -0.000000000000000000 ) ) ;
#2295 = ADVANCED_FACE ( 'NONE', ( #732 ), #286, .T. ) ;
#2296 = AXIS2_PLACEMENT_3D ( 'NONE', #2343, #84, #2623 ) ;
#2297 = EDGE_CURVE ( 'NONE', #846, #65, #2395, .T. ) ;
#2298 = CARTESIAN_POINT ( 'NONE',  ( 23.37915986059991624, 2.672332289245519465, 588.2536541735638593 ) ) ;
#2299 = FACE_OUTER_BOUND ( 'NONE', #874, .T. ) ;
#2300 = DIRECTION ( 'NONE',  ( 1.175461362545449852E-16, -1.000000000000000000, -0.000000000000000000 ) ) ;
#2301 = VECTOR ( 'NONE', #1744, 1000.000000000000000 ) ;
#2302 = DIRECTION ( 'NONE',  ( -1.000000000000000000, -1.084202172485612533E-16, 0.000000000000000000 ) ) ;
#2303 = VERTEX_POINT ( 'NONE', #2955 ) ;
#2304 = ORIENTED_EDGE ( 'NONE', *, *, #321, .T. ) ;
#2305 = DIRECTION ( 'NONE',  ( 1.000000000000000000, 0.000000000000000000, 0.000000000000000000 ) ) ;
#2306 = LINE ( 'NONE', #33, #1499 ) ;
#2307 = ADVANCED_FACE ( 'NONE', ( #1213 ), #1425, .F. ) ;
#2308 = ORIENTED_EDGE ( 'NONE', *, *, #1573, .F. ) ;
#2309 = CARTESIAN_POINT ( 'NONE',  ( -3.020840149737622937, 5.672332364581810893, 588.3536541735637684 ) ) ;
#2310 = ORIENTED_EDGE ( 'NONE', *, *, #1837, .T. ) ;
#2311 = DIRECTION ( 'NONE',  ( 1.175461362545449852E-16, -1.000000000000000000, 0.000000000000000000 ) ) ;
#2312 = CARTESIAN_POINT ( 'NONE',  ( -10.62084014973762081, -0.5776676354181899953, 588.1086541735637638 ) ) ;
#2313 = CARTESIAN_POINT ( 'NONE',  ( -19.21315049512816131, -0.5776676354181909945, 588.2298794651993603 ) ) ;
#2314 = CARTESIAN_POINT ( 'NONE',  ( -3.360840149737622795, 5.672332364581810893, 588.2036541735637911 ) ) ;
#2315 = EDGE_CURVE ( 'NONE', #3072, #1362, #754, .T. ) ;
#2316 = DIRECTION ( 'NONE',  ( -1.175461362545449852E-16, 1.000000000000000000, -0.000000000000000000 ) ) ;
#2317 = EDGE_CURVE ( 'NONE', #2620, #3163, #1715, .T. ) ;
#2318 = EDGE_LOOP ( 'NONE', ( #247, #2283, #2945, #2407 ) ) ;
#2319 = ORIENTED_EDGE ( 'NONE', *, *, #1235, .F. ) ;
#2320 = CARTESIAN_POINT ( 'NONE',  ( -8.220840149737620450, 5.672332364581810893, 588.3536541735637684 ) ) ;
#2321 = LINE ( 'NONE', #293, #2289 ) ;
#2322 = ORIENTED_EDGE ( 'NONE', *, *, #901, .T. ) ;
#2323 = ORIENTED_EDGE ( 'NONE', *, *, #653, .T. ) ;
#2324 = CARTESIAN_POINT ( 'NONE',  ( -17.02084014973761938, 5.672332364581810005, 588.3536541735637684 ) ) ;
#2325 = EDGE_CURVE ( 'NONE', #549, #42, #1732, .T. ) ;
#2326 = CARTESIAN_POINT ( 'NONE',  ( 7.624544602761201162, -0.6430489728191866039, 586.2536541735638593 ) ) ;
#2327 = CARTESIAN_POINT ( 'NONE',  ( -1.213150495128165085, 5.672332364581810893, 588.2298794651993603 ) ) ;
#2328 = CARTESIAN_POINT ( 'NONE',  ( -21.36084014973762280, 5.672332364581810005, 588.2036541735637911 ) ) ;
#2329 = DIRECTION ( 'NONE',  ( 1.175461362545449852E-16, -1.000000000000000000, -0.000000000000000000 ) ) ;
#2330 = EDGE_CURVE ( 'NONE', #1531, #1362, #169, .T. ) ;
#2331 = ORIENTED_EDGE ( 'NONE', *, *, #617, .T. ) ;
#2332 = ORIENTED_EDGE ( 'NONE', *, *, #198, .F. ) ;
#2333 = ORIENTED_EDGE ( 'NONE', *, *, #1047, .F. ) ;
#2334 = CIRCLE ( 'NONE', #312, 0.1499999999999973577 ) ;
#2335 = CARTESIAN_POINT ( 'NONE',  ( -2.220840149737620894, 5.672332364581810893, 588.3536541735637684 ) ) ;
#2336 = ADVANCED_FACE ( 'NONE', ( #1199 ), #2054, .T. ) ;
#2337 = LINE ( 'NONE', #367, #1119 ) ;
#2338 = AXIS2_PLACEMENT_3D ( 'NONE', #825, #2042, #2029 ) ;
#2339 = VERTEX_POINT ( 'NONE', #2245 ) ;
#2340 = CIRCLE ( 'NONE', #3029, 0.9999999999999003020 ) ;
#2341 = AXIS2_PLACEMENT_3D ( 'NONE', #305, #759, #2792 ) ;
#2342 = VECTOR ( 'NONE', #18, 1000.000000000000000 ) ;
#2343 = CARTESIAN_POINT ( 'NONE',  ( -5.880840149737619704, -0.5776676354181893291, 588.2036541735637911 ) ) ;
#2344 = DIRECTION ( 'NONE',  ( 1.000000000000000000, 0.000000000000000000, 0.000000000000000000 ) ) ;
#2345 = DIRECTION ( 'NONE',  ( -1.175461362545449852E-16, 1.000000000000000000, -0.000000000000000000 ) ) ;
#2346 = CARTESIAN_POINT ( 'NONE',  ( 0.6391598502623774269, 5.672332364581810893, 588.2036541735637911 ) ) ;
#2347 = CARTESIAN_POINT ( 'NONE',  ( -23.36084014973762280, 5.672332364581809117, 588.3536541735637684 ) ) ;
#2348 = CIRCLE ( 'NONE', #2561, 11.99999999999999645 ) ;
#2349 = ORIENTED_EDGE ( 'NONE', *, *, #2513, .T. ) ;
#2350 = VECTOR ( 'NONE', #830, 1000.000000000000000 ) ;
#2351 = ORIENTED_EDGE ( 'NONE', *, *, #256, .F. ) ;
#2352 = DIRECTION ( 'NONE',  ( 1.175461362545449852E-16, -1.000000000000000000, 0.000000000000000000 ) ) ;
#2353 = LINE ( 'NONE', #1608, #1487 ) ;
#2354 = ORIENTED_EDGE ( 'NONE', *, *, #3212, .T. ) ;
#2355 = VERTEX_POINT ( 'NONE', #2938 ) ;
#2356 = DIRECTION ( 'NONE',  ( 1.000000000000000000, 1.953517427902596356E-16, 0.000000000000000000 ) ) ;
#2357 = CARTESIAN_POINT ( 'NONE',  ( 2.119159850262380296, -0.5776676354181884410, 588.3536541735637684 ) ) ;
#2358 = CARTESIAN_POINT ( 'NONE',  ( -21.36084014973762280, 5.672332364581810005, 588.2036541735637911 ) ) ;
#2359 = CARTESIAN_POINT ( 'NONE',  ( -16.31427383779428908, 5.672332364581810005, 587.6460073359204443 ) ) ;
#2360 = PRODUCT_DEFINITION_FORMATION_WITH_SPECIFIED_SOURCE ( 'ANY', '', #257, .NOT_KNOWN. ) ;
#2361 = CARTESIAN_POINT ( 'NONE',  ( 11.97712942669492975, -2.630816167807796369, 591.2536541735638593 ) ) ;
#2362 = VERTEX_POINT ( 'NONE', #731 ) ;
#2363 = EDGE_CURVE ( 'NONE', #3060, #1189, #3009, .T. ) ;
#2364 = ORIENTED_EDGE ( 'NONE', *, *, #3108, .T. ) ;
#2365 = DIRECTION ( 'NONE',  ( -0.000000000000000000, -0.000000000000000000, 1.000000000000000000 ) ) ;
#2366 = ADVANCED_FACE ( 'NONE', ( #1693 ), #1983, .T. ) ;
#2367 = EDGE_LOOP ( 'NONE', ( #3090, #2890, #2155, #2801 ) ) ;
#2368 = EDGE_CURVE ( 'NONE', #2099, #757, #2073, .T. ) ;
#2369 = ORIENTED_EDGE ( 'NONE', *, *, #3132, .T. ) ;
#2370 = FACE_OUTER_BOUND ( 'NONE', #1626, .T. ) ;
#2371 = CARTESIAN_POINT ( 'NONE',  ( -4.028529804346971055, 5.672332364581810893, 588.2298794651993603 ) ) ;
#2372 = SURFACE_STYLE_USAGE ( .BOTH. , #1108 ) ;
#2373 = FACE_OUTER_BOUND ( 'NONE', #1710, .T. ) ;
#2374 = DIRECTION ( 'NONE',  ( 1.175461362545449852E-16, -1.000000000000000000, -0.000000000000000000 ) ) ;
#2375 = ORIENTED_EDGE ( 'NONE', *, *, #3138, .F. ) ;
#2376 = CARTESIAN_POINT ( 'NONE',  ( 2.379159850262376530, -0.5776676354181883299, 588.3536541735637684 ) ) ;
#2377 = ORIENTED_EDGE ( 'NONE', *, *, #2063, .T. ) ;
#2378 = DIRECTION ( 'NONE',  ( 1.175461362545449852E-16, -1.000000000000000000, 0.000000000000000000 ) ) ;
#2379 = ORIENTED_EDGE ( 'NONE', *, *, #2531, .F. ) ;
#2380 = AXIS2_PLACEMENT_3D ( 'NONE', #339, #1353, #3092 ) ;
#2381 = EDGE_CURVE ( 'NONE', #2059, #842, #2526, .T. ) ;
#2382 = AXIS2_PLACEMENT_3D ( 'NONE', #3012, #734, #1768 ) ;
#2383 = DIRECTION ( 'NONE',  ( 1.000000000000000000, 0.000000000000000000, 0.000000000000000000 ) ) ;
#2384 = CARTESIAN_POINT ( 'NONE',  ( -6.314273837794291744, 5.672332364581810893, 587.6460073359204443 ) ) ;
#2385 = CYLINDRICAL_SURFACE ( 'NONE', #961, 0.5549999999997770050 ) ;
#2386 = VECTOR ( 'NONE', #70, 1000.000000000000000 ) ;
#2387 = CIRCLE ( 'NONE', #634, 0.5549999999997761169 ) ;
#2388 = EDGE_CURVE ( 'NONE', #2933, #2267, #1548, .T. ) ;
#2389 = EDGE_CURVE ( 'NONE', #3210, #1266, #1657, .T. ) ;
#2390 = AXIS2_PLACEMENT_3D ( 'NONE', #1708, #392, #939 ) ;
#2391 = ORIENTED_EDGE ( 'NONE', *, *, #2389, .F. ) ;
#2392 = DIRECTION ( 'NONE',  ( -1.175461362545449852E-16, 1.000000000000000000, -0.000000000000000000 ) ) ;
#2393 = DIRECTION ( 'NONE',  ( 1.000000000000000000, 0.000000000000000000, 0.000000000000000000 ) ) ;
#2394 = DIRECTION ( 'NONE',  ( 1.175461362545449852E-16, -1.000000000000000000, -0.000000000000000000 ) ) ;
#2395 = CIRCLE ( 'NONE', #225, 0.5549999999997761169 ) ;
#2396 = ORIENTED_EDGE ( 'NONE', *, *, #1706, .T. ) ;
#2397 = CIRCLE ( 'NONE', #2026, 0.1499999999999973577 ) ;
#2398 = CARTESIAN_POINT ( 'NONE',  ( -23.36084014973762280, -0.5776676354181914386, 588.3536541735637684 ) ) ;
#2399 = CIRCLE ( 'NONE', #973, 0.1499999999999964972 ) ;
#2400 = ORIENTED_EDGE ( 'NONE', *, *, #77, .F. ) ;
#2401 = CARTESIAN_POINT ( 'NONE',  ( 6.067297478562895030, 5.927927516975583622, 591.2536541735638593 ) ) ;
#2402 = FACE_OUTER_BOUND ( 'NONE', #3249, .T. ) ;
#2403 = CARTESIAN_POINT ( 'NONE',  ( -17.88084014973761882, 5.672332364581810005, 588.3536541735637684 ) ) ;
#2404 = DIRECTION ( 'NONE',  ( 1.000000000000000000, 0.000000000000000000, 0.000000000000000000 ) ) ;
#2405 = CYLINDRICAL_SURFACE ( 'NONE', #2659, 0.1499999999999973577 ) ;
#2406 = EDGE_CURVE ( 'NONE', #3064, #2666, #1181, .T. ) ;
#2407 = ORIENTED_EDGE ( 'NONE', *, *, #2485, .T. ) ;
#2408 = CARTESIAN_POINT ( 'NONE',  ( 21.34281513429038668, -8.523138563559184533, 591.2536541735638593 ) ) ;
#2409 = CARTESIAN_POINT ( 'NONE',  ( -9.020840149737622937, 5.672332364581810893, 588.3536541735637684 ) ) ;
#2410 = CARTESIAN_POINT ( 'NONE',  ( -11.02084014973762294, -0.5776676354181899953, 588.3536541735637684 ) ) ;
#2411 = ORIENTED_EDGE ( 'NONE', *, *, #3073, .T. ) ;
#2412 = ORIENTED_EDGE ( 'NONE', *, *, #3148, .F. ) ;
#2413 = LINE ( 'NONE', #206, #740 ) ;
#2414 = EDGE_LOOP ( 'NONE', ( #2723, #1936, #78, #2022 ) ) ;
#2415 = CARTESIAN_POINT ( 'NONE',  ( -23.62084014973762081, 5.672332364581809117, 589.0536541735638139 ) ) ;
#2416 = CARTESIAN_POINT ( 'NONE',  ( -23.62084014973756041, 0.000000000000000000, 591.2536541735638593 ) ) ;
#2417 = EDGE_LOOP ( 'NONE', ( #2250, #1978, #886, #2502 ) ) ;
#2418 = CARTESIAN_POINT ( 'NONE',  ( -1.020840149737624047, 5.672332364581810893, 588.3536541735637684 ) ) ;
#2419 = DIRECTION ( 'NONE',  ( 1.000000000000000000, 0.000000000000000000, 0.000000000000000000 ) ) ;
#2420 = ORIENTED_EDGE ( 'NONE', *, *, #2368, .F. ) ;
#2421 = CARTESIAN_POINT ( 'NONE',  ( -13.21315049512816486, -0.5776676354181902173, 588.2298794651993603 ) ) ;
#2422 = DIRECTION ( 'NONE',  ( 1.175461362545449852E-16, -1.000000000000000000, -0.000000000000000000 ) ) ;
#2423 = CARTESIAN_POINT ( 'NONE',  ( -15.36084014973762280, 5.672332364581810005, 588.3536541735637684 ) ) ;
#2424 = EDGE_LOOP ( 'NONE', ( #1335, #2160, #835, #2369 ) ) ;
#2425 = ORIENTED_EDGE ( 'NONE', *, *, #1397, .F. ) ;
#2426 = CARTESIAN_POINT ( 'NONE',  ( -16.02852980434697017, 5.672332364581810005, 588.2298794651993603 ) ) ;
#2427 = CARTESIAN_POINT ( 'NONE',  ( -20.92740646168090990, -0.5776676354181911055, 587.6460073359205580 ) ) ;
#2428 = ORIENTED_EDGE ( 'NONE', *, *, #631, .F. ) ;
#2429 = EDGE_CURVE ( 'NONE', #720, #2582, #1779, .T. ) ;
#2430 = CARTESIAN_POINT ( 'NONE',  ( 18.19134521145593553, 12.34073675308296814, 591.2536541735638593 ) ) ;
#2431 = DIRECTION ( 'NONE',  ( 0.000000000000000000, 0.000000000000000000, -1.000000000000000000 ) ) ;
#2432 = EDGE_LOOP ( 'NONE', ( #1027, #2828, #2926, #541 ) ) ;
#2433 = CARTESIAN_POINT ( 'NONE',  ( -15.21315049512816309, -0.5776676354181904394, 588.2298794651993603 ) ) ;
#2434 = CYLINDRICAL_SURFACE ( 'NONE', #1382, 0.1499999999999973577 ) ;
#2435 = VECTOR ( 'NONE', #129, 1000.000000000000000 ) ;
#2436 = AXIS2_PLACEMENT_3D ( 'NONE', #932, #1947, #680 ) ;
#2437 = DIRECTION ( 'NONE',  ( 1.000000000000000000, 4.170008355713481588E-16, -0.000000000000000000 ) ) ;
#2438 = VECTOR ( 'NONE', #51, 1000.000000000000000 ) ;
#2439 = ORIENTED_EDGE ( 'NONE', *, *, #596, .T. ) ;
#2440 = CYLINDRICAL_SURFACE ( 'NONE', #1862, 0.9999999999999011902 ) ;
#2441 = DIRECTION ( 'NONE',  ( 1.000000000000000000, 0.000000000000000000, 0.000000000000000000 ) ) ;
#2442 = CARTESIAN_POINT ( 'NONE',  ( -5.213150495128161310, -0.5776676354181893291, 588.2298794651993603 ) ) ;
#2443 = CIRCLE ( 'NONE', #1012, 0.1499999999999973577 ) ;
#2444 = AXIS2_PLACEMENT_3D ( 'NONE', #1756, #2483, #1975 ) ;
#2445 = ORIENTED_EDGE ( 'NONE', *, *, #1339, .F. ) ;
#2446 = EDGE_LOOP ( 'NONE', ( #598, #2412, #1736, #2411 ) ) ;
#2447 = DIRECTION ( 'NONE',  ( -1.000000000000000000, 0.000000000000000000, 0.000000000000000000 ) ) ;
#2448 = VECTOR ( 'NONE', #1694, 1000.000000000000000 ) ;
#2449 = EDGE_CURVE ( 'NONE', #140, #2362, #2348, .T. ) ;
#2450 = CARTESIAN_POINT ( 'NONE',  ( -14.02852980434697194, -0.5776676354181903283, 588.2298794651993603 ) ) ;
#2451 = ORIENTED_EDGE ( 'NONE', *, *, #725, .F. ) ;
#2452 = AXIS2_PLACEMENT_3D ( 'NONE', #2914, #2086, #1869 ) ;
#2453 = LINE ( 'NONE', #179, #2918 ) ;
#2454 = AXIS2_PLACEMENT_3D ( 'NONE', #785, #2818, #1800 ) ;
#2455 = VERTEX_POINT ( 'NONE', #3082 ) ;
#2456 = DIRECTION ( 'NONE',  ( 1.175461362545449852E-16, -1.000000000000000000, 0.000000000000000000 ) ) ;
#2457 = DIRECTION ( 'NONE',  ( 1.000000000000000000, 0.000000000000000000, 0.000000000000000000 ) ) ;
#2458 = DIRECTION ( 'NONE',  ( -1.175461362545449852E-16, 1.000000000000000000, -0.000000000000000000 ) ) ;
#2459 = DIRECTION ( 'NONE',  ( 1.000000000000000000, 0.000000000000000000, 0.000000000000000000 ) ) ;
#2460 = CYLINDRICAL_SURFACE ( 'NONE', #1168, 0.5549999999997761169 ) ;
#2461 = DIRECTION ( 'NONE',  ( 1.175461362545449852E-16, -1.000000000000000000, 0.000000000000000000 ) ) ;
#2462 = VERTEX_POINT ( 'NONE', #749 ) ;
#2463 = ORIENTED_EDGE ( 'NONE', *, *, #3154, .T. ) ;
#2464 = ADVANCED_FACE ( 'NONE', ( #1825 ), #1810, .F. ) ;
#2465 = CARTESIAN_POINT ( 'NONE',  ( -20.62084014973762081, 5.672332364581810005, 588.1086541735637638 ) ) ;
#2466 = ORIENTED_EDGE ( 'NONE', *, *, #1519, .F. ) ;
#2467 = VECTOR ( 'NONE', #451, 1000.000000000000000 ) ;
#2468 = EDGE_CURVE ( 'NONE', #1570, #958, #326, .T. ) ;
#2469 = DIRECTION ( 'NONE',  ( 0.000000000000000000, 0.000000000000000000, -1.000000000000000000 ) ) ;
#2470 = LINE ( 'NONE', #1742, #2071 ) ;
#2471 = EDGE_LOOP ( 'NONE', ( #101, #819, #402, #226 ) ) ;
#2472 = DIRECTION ( 'NONE',  ( 1.175461362545449852E-16, -1.000000000000000000, 0.000000000000000000 ) ) ;
#2473 = EDGE_CURVE ( 'NONE', #1303, #1621, #503, .T. ) ;
#2474 = CARTESIAN_POINT ( 'NONE',  ( -23.62084014973756041, -0.5776676354181942141, 591.2536541735638593 ) ) ;
#2475 = CARTESIAN_POINT ( 'NONE',  ( 25.22665924868977072, 14.67915399464246207, 591.2536541735638593 ) ) ;
#2476 = DIRECTION ( 'NONE',  ( -1.000000000000000000, 0.000000000000000000, 0.000000000000000000 ) ) ;
#2477 = DIRECTION ( 'NONE',  ( 1.000000000000000000, 0.000000000000000000, 0.000000000000000000 ) ) ;
#2478 = CARTESIAN_POINT ( 'NONE',  ( -11.36084014973762280, -0.5776676354181899953, 588.3536541735637684 ) ) ;
#2479 = ORIENTED_EDGE ( 'NONE', *, *, #2429, .T. ) ;
#2480 = ORIENTED_EDGE ( 'NONE', *, *, #22, .T. ) ;
#2481 = FACE_OUTER_BOUND ( 'NONE', #137, .T. ) ;
#2482 = ORIENTED_EDGE ( 'NONE', *, *, #1144, .F. ) ;
#2483 = DIRECTION ( 'NONE',  ( 1.175461362545449852E-16, -1.000000000000000000, -0.000000000000000000 ) ) ;
#2484 = DIRECTION ( 'NONE',  ( 1.000000000000000000, 0.000000000000000000, 0.000000000000000000 ) ) ;
#2485 = EDGE_CURVE ( 'NONE', #2984, #1867, #3054, .T. ) ;
#2486 = ORIENTED_EDGE ( 'NONE', *, *, #2113, .F. ) ;
#2487 = DIRECTION ( 'NONE',  ( 1.000000000000000000, 4.170008355713509199E-16, 0.000000000000000000 ) ) ;
#2488 = DIRECTION ( 'NONE',  ( 1.000000000000000000, 0.000000000000000000, 0.000000000000000000 ) ) ;
#2489 = ADVANCED_FACE ( 'NONE', ( #2512 ), #2261, .T. ) ;
#2490 = ORIENTED_EDGE ( 'NONE', *, *, #3022, .F. ) ;
#2491 = CIRCLE ( 'NONE', #1848, 0.5549999999997770050 ) ;
#2492 = CARTESIAN_POINT ( 'NONE',  ( 18.19134521145593553, 12.34073675308296814, 586.2536541735638593 ) ) ;
#2493 = LINE ( 'NONE', #1200, #3033 ) ;
#2494 = CARTESIAN_POINT ( 'NONE',  ( -14.92740646168090990, 5.672332364581810005, 587.6460073359205580 ) ) ;
#2495 = AXIS2_PLACEMENT_3D ( 'NONE', #2229, #512, #703 ) ;
#2496 = DIRECTION ( 'NONE',  ( -1.000000000000000000, 0.000000000000000000, 0.000000000000000000 ) ) ;
#2497 = EDGE_CURVE ( 'NONE', #2525, #2105, #2397, .T. ) ;
#2498 = VECTOR ( 'NONE', #3185, 1000.000000000000000 ) ;
#2499 = EDGE_LOOP ( 'NONE', ( #1820, #2680, #468, #798 ) ) ;
#2500 = VECTOR ( 'NONE', #1901, 1000.000000000000000 ) ;
#2501 = VECTOR ( 'NONE', #3050, 1000.000000000000000 ) ;
#2502 = ORIENTED_EDGE ( 'NONE', *, *, #820, .T. ) ;
#2503 = DIRECTION ( 'NONE',  ( -1.000000000000000000, 0.000000000000000000, -0.000000000000000000 ) ) ;
#2504 = FACE_OUTER_BOUND ( 'NONE', #306, .T. ) ;
#2505 = VECTOR ( 'NONE', #2782, 1000.000000000000000 ) ;
#2506 = ORIENTED_EDGE ( 'NONE', *, *, #1592, .F. ) ;
#2507 = CARTESIAN_POINT ( 'NONE',  ( -11.21315049512816309, -0.5776676354181899953, 588.2298794651993603 ) ) ;
#2508 = CARTESIAN_POINT ( 'NONE',  ( -14.31427383779428908, -0.5776676354181903283, 587.6460073359204443 ) ) ;
#2509 = AXIS2_PLACEMENT_3D ( 'NONE', #396, #2472, #1923 ) ;
#2510 = EDGE_CURVE ( 'NONE', #2582, #1868, #1278, .T. ) ;
#2511 = VERTEX_POINT ( 'NONE', #1517 ) ;
#2512 = FACE_OUTER_BOUND ( 'NONE', #1056, .T. ) ;
#2513 = EDGE_CURVE ( 'NONE', #906, #1276, #2025, .T. ) ;
#2514 = CARTESIAN_POINT ( 'NONE',  ( 1.358413993608854285E-16, -0.5776676354181886630, 591.2536541735638593 ) ) ;
#2515 = DIRECTION ( 'NONE',  ( 1.000000000000000000, 0.000000000000000000, 0.000000000000000000 ) ) ;
#2516 = FACE_OUTER_BOUND ( 'NONE', #1195, .T. ) ;
#2517 = PLANE ( 'NONE',  #1921 ) ;
#2518 = EDGE_CURVE ( 'NONE', #295, #2984, #1864, .T. ) ;
#2519 = ORIENTED_EDGE ( 'NONE', *, *, #384, .T. ) ;
#2520 = ORIENTED_EDGE ( 'NONE', *, *, #1431, .T. ) ;
#2521 = LINE ( 'NONE', #2986, #3031 ) ;
#2522 = DIRECTION ( 'NONE',  ( 1.175461362545449852E-16, -1.000000000000000000, -0.000000000000000000 ) ) ;
#2523 = VECTOR ( 'NONE', #826, 1000.000000000000000 ) ;
#2524 = ORIENTED_EDGE ( 'NONE', *, *, #1351, .T. ) ;
#2525 = VERTEX_POINT ( 'NONE', #3041 ) ;
#2526 = LINE ( 'NONE', #296, #2239 ) ;
#2527 = CARTESIAN_POINT ( 'NONE',  ( -0.6208401497376232481, 5.672332364581810893, 588.1086541735637638 ) ) ;
#2528 = DIRECTION ( 'NONE',  ( 1.000000000000000000, 0.000000000000000000, 0.000000000000000000 ) ) ;
#2529 = CARTESIAN_POINT ( 'NONE',  ( -19.36084014973762280, 5.672332364581810005, 588.3536541735637684 ) ) ;
#2530 = DIRECTION ( 'NONE',  ( 1.000000000000000000, 0.000000000000000000, 0.000000000000000000 ) ) ;
#2531 = EDGE_CURVE ( 'NONE', #3000, #1496, #762, .T. ) ;
#2532 = ORIENTED_EDGE ( 'NONE', *, *, #2858, .T. ) ;
#2533 = ORIENTED_EDGE ( 'NONE', *, *, #2692, .F. ) ;
#2534 = PLANE ( 'NONE',  #64 ) ;
#2535 = CYLINDRICAL_SURFACE ( 'NONE', #499, 0.1499999999999969136 ) ;
#2536 = EDGE_CURVE ( 'NONE', #1303, #2774, #1028, .T. ) ;
#2537 = EDGE_CURVE ( 'NONE', #2788, #691, #588, .T. ) ;
#2538 = VERTEX_POINT ( 'NONE', #1043 ) ;
#2539 = DIRECTION ( 'NONE',  ( 1.175461362545449852E-16, -1.000000000000000000, -0.000000000000000000 ) ) ;
#2540 = CARTESIAN_POINT ( 'NONE',  ( 8.895094791140571999, -0.9295137308015164468, 591.2536541735638593 ) ) ;
#2541 = CARTESIAN_POINT ( 'NONE',  ( -13.88084014973762059, 5.672332364581810005, 588.3536541735637684 ) ) ;
#2542 = DIRECTION ( 'NONE',  ( -1.000000000000000000, 0.000000000000000000, 0.000000000000000000 ) ) ;
#2543 = LINE ( 'NONE', #158, #2467 ) ;
#2544 = CIRCLE ( 'NONE', #887, 0.1499999999999967470 ) ;
#2545 = ORIENTED_EDGE ( 'NONE', *, *, #2053, .T. ) ;
#2546 = EDGE_CURVE ( 'NONE', #295, #1266, #791, .T. ) ;
#2547 = VECTOR ( 'NONE', #1202, 1000.000000000000000 ) ;
#2548 = ORIENTED_EDGE ( 'NONE', *, *, #1025, .F. ) ;
#2549 = CARTESIAN_POINT ( 'NONE',  ( 5.886912661604250196, -0.5776676354181873307, 591.2536541735638593 ) ) ;
#2550 = ADVANCED_FACE ( 'NONE', ( #1106 ), #2897, .F. ) ;
#2551 = LINE ( 'NONE', #1320, #1380 ) ;
#2552 = VECTOR ( 'NONE', #565, 1000.000000000000000 ) ;
#2553 = VECTOR ( 'NONE', #831, 1000.000000000000000 ) ;
#2554 = ORIENTED_EDGE ( 'NONE', *, *, #2253, .T. ) ;
#2555 = AXIS2_PLACEMENT_3D ( 'NONE', #2916, #1211, #2222 ) ;
#2556 = EDGE_CURVE ( 'NONE', #3163, #682, #1358, .T. ) ;
#2557 = EDGE_CURVE ( 'NONE', #120, #2627, #1607, .T. ) ;
#2558 = AXIS2_PLACEMENT_3D ( 'NONE', #3180, #2458, #1452 ) ;
#2559 = ORIENTED_EDGE ( 'NONE', *, *, #1105, .F. ) ;
#2560 = DIRECTION ( 'NONE',  ( -1.000000000000000000, 0.000000000000000000, 0.000000000000000000 ) ) ;
#2561 = AXIS2_PLACEMENT_3D ( 'NONE', #2807, #7, #2072 ) ;
#2562 = CARTESIAN_POINT ( 'NONE',  ( 7.624544602761201162, -0.6430489728191866039, 591.2536541735638593 ) ) ;
#2563 = CARTESIAN_POINT ( 'NONE',  ( -21.88084014973761882, 5.672332364581809117, 588.2036541735637911 ) ) ;
#2564 = DIRECTION ( 'NONE',  ( -1.175461362545449852E-16, 1.000000000000000000, -0.000000000000000000 ) ) ;
#2565 = AXIS2_PLACEMENT_3D ( 'NONE', #1659, #1447, #924 ) ;
#2566 = FACE_OUTER_BOUND ( 'NONE', #3200, .T. ) ;
#2567 = ORIENTED_EDGE ( 'NONE', *, *, #2159, .T. ) ;
#2568 = ORIENTED_EDGE ( 'NONE', *, *, #3022, .T. ) ;
#2569 = DIRECTION ( 'NONE',  ( -1.000000000000000000, 0.000000000000000000, 0.000000000000000000 ) ) ;
#2570 = LINE ( 'NONE', #1024, #1912 ) ;
#2571 = ORIENTED_EDGE ( 'NONE', *, *, #2621, .T. ) ;
#2572 = EDGE_CURVE ( 'NONE', #683, #3074, #3110, .T. ) ;
#2573 = DIRECTION ( 'NONE',  ( 1.000000000000000000, 0.000000000000000000, 0.000000000000000000 ) ) ;
#2574 = ORIENTED_EDGE ( 'NONE', *, *, #1968, .T. ) ;
#2575 = ADVANCED_FACE ( 'NONE', ( #2370 ), #308, .F. ) ;
#2576 = DIRECTION ( 'NONE',  ( 1.000000000000000000, 1.953517427902591672E-16, 0.000000000000000000 ) ) ;
#2577 = VECTOR ( 'NONE', #1085, 1000.000000000000000 ) ;
#2578 = CARTESIAN_POINT ( 'NONE',  ( 8.895094791140571999, -0.9295137308015164468, 586.2536541735638593 ) ) ;
#2579 = FACE_OUTER_BOUND ( 'NONE', #240, .T. ) ;
#2580 = DIRECTION ( 'NONE',  ( 1.175461362545449852E-16, -1.000000000000000000, 0.000000000000000000 ) ) ;
#2581 = CYLINDRICAL_SURFACE ( 'NONE', #1937, 0.9999999999999003020 ) ;
#2582 = VERTEX_POINT ( 'NONE', #881 ) ;
#2583 = EDGE_LOOP ( 'NONE', ( #1832, #1379, #1080, #3223 ) ) ;
#2584 = DIRECTION ( 'NONE',  ( 1.175461362545449852E-16, -1.000000000000000000, -0.000000000000000000 ) ) ;
#2585 = PLANE ( 'NONE',  #748 ) ;
#2586 = VERTEX_POINT ( 'NONE', #821 ) ;
#2587 = EDGE_CURVE ( 'NONE', #1988, #2111, #1021, .T. ) ;
#2588 = ORIENTED_EDGE ( 'NONE', *, *, #805, .T. ) ;
#2589 = LINE ( 'NONE', #1577, #2128 ) ;
#2590 = DIRECTION ( 'NONE',  ( -1.175461362545449852E-16, 1.000000000000000000, -0.000000000000000000 ) ) ;
#2591 = CYLINDRICAL_SURFACE ( 'NONE', #3232, 0.1499999999999973577 ) ;
#2592 = ADVANCED_FACE ( 'NONE', ( #1637 ), #342, .F. ) ;
#2593 = CARTESIAN_POINT ( 'NONE',  ( 5.886912661604474017, 5.922332213909233367, 586.2536541735638593 ) ) ;
#2594 = DIRECTION ( 'NONE',  ( 1.175461362545449852E-16, -1.000000000000000000, -0.000000000000000000 ) ) ;
#2595 = ORIENTED_EDGE ( 'NONE', *, *, #2008, .T. ) ;
#2596 = ORIENTED_EDGE ( 'NONE', *, *, #1745, .F. ) ;
#2597 = EDGE_CURVE ( 'NONE', #508, #3051, #1712, .T. ) ;
#2598 = ORIENTED_EDGE ( 'NONE', *, *, #198, .T. ) ;
#2599 = CARTESIAN_POINT ( 'NONE',  ( -20.02852980434697372, 5.672332364581810005, 588.2298794651993603 ) ) ;
#2600 = DIRECTION ( 'NONE',  ( -1.175461362545449852E-16, 1.000000000000000000, -0.000000000000000000 ) ) ;
#2601 = AXIS2_PLACEMENT_3D ( 'NONE', #1215, #1016, #1467 ) ;
#2602 = ORIENTED_EDGE ( 'NONE', *, *, #1853, .F. ) ;
#2603 = AXIS2_PLACEMENT_3D ( 'NONE', #1976, #1625, #2135 ) ;
#2604 = AXIS2_PLACEMENT_3D ( 'NONE', #2243, #1231, #3251 ) ;
#2605 = ORIENTED_EDGE ( 'NONE', *, *, #2330, .T. ) ;
#2606 = CARTESIAN_POINT ( 'NONE',  ( -18.62084014973762081, 5.672332364581810005, 588.1086541735637638 ) ) ;
#2607 = AXIS2_PLACEMENT_3D ( 'NONE', #2247, #401, #2922 ) ;
#2608 = DIRECTION ( 'NONE',  ( 1.000000000000000000, 0.000000000000000000, 0.000000000000000000 ) ) ;
#2609 = CARTESIAN_POINT ( 'NONE',  ( -22.31427383779429263, -0.5776676354181913275, 587.6460073359204443 ) ) ;
#2610 = DIRECTION ( 'NONE',  ( 1.000000000000000000, 0.000000000000000000, 0.000000000000000000 ) ) ;
#2611 = CARTESIAN_POINT ( 'NONE',  ( -2.927406461680909899, 5.672332364581810893, 587.6460073359205580 ) ) ;
#2612 = VECTOR ( 'NONE', #68, 1000.000000000000000 ) ;
#2613 = EDGE_CURVE ( 'NONE', #1192, #2979, #445, .T. ) ;
#2614 = DIRECTION ( 'NONE',  ( 1.175461362545449852E-16, -1.000000000000000000, -0.000000000000000000 ) ) ;
#2615 = EDGE_LOOP ( 'NONE', ( #1260, #3220 ) ) ;
#2616 = CIRCLE ( 'NONE', #1389, 0.9999999999999011902 ) ;
#2617 = EDGE_LOOP ( 'NONE', ( #350, #3142, #1798, #1426, #161, #852, #2771, #1152, #713, #1316, #1532, #2323, #1405, #1991, #1100, #2795, #2171, #83, #1652, #1398, #2214, #1159, #1469, #860, #1336, #807, #1118, #1877, #2981, #2520, #2839, #2439, #355, #2643, #405, #1421, #774, #1022, #1145, #2989, #990, #3008, #586, #3167, #1155, #665, #2574, #2964, #687, #35, #938, #2, #1338, #1245, #515, #2479, #2463, #3213, #849, #2598, #3197, #414, #2152, #1760, #1554, #1720, #2838, #1241, #1786, #814, #3018, #1847, #204, #1007, #90, #2567, #1490, #1618, #2519, #1704, #2331, #67 ) ) ;
#2618 = EDGE_CURVE ( 'NONE', #2961, #1950, #2589, .T. ) ;
#2619 = CARTESIAN_POINT ( 'NONE',  ( -11.36084014973762280, -0.5776676354181899953, 588.2036541735637911 ) ) ;
#2620 = VERTEX_POINT ( 'NONE', #2653 ) ;
#2621 = EDGE_CURVE ( 'NONE', #3013, #1042, #2667, .T. ) ;
#2622 = EDGE_LOOP ( 'NONE', ( #1940, #2652, #21, #1808 ) ) ;
#2623 = DIRECTION ( 'NONE',  ( 1.000000000000000000, 0.000000000000000000, 0.000000000000000000 ) ) ;
#2624 = CARTESIAN_POINT ( 'NONE',  ( -0.2208401497376213940, -0.5776676354181886630, 588.3536541735637684 ) ) ;
#2625 = CARTESIAN_POINT ( 'NONE',  ( 2.119159850262379408, 5.672332364581811781, 588.3536541735637684 ) ) ;
#2626 = VECTOR ( 'NONE', #3113, 1000.000000000000000 ) ;
#2627 = VERTEX_POINT ( 'NONE', #836 ) ;
#2628 = CARTESIAN_POINT ( 'NONE',  ( 6.067297478562686308, -0.5832629384845411380, 591.2536541735638593 ) ) ;
#2629 = ORIENTED_EDGE ( 'NONE', *, *, #596, .F. ) ;
#2630 = CARTESIAN_POINT ( 'NONE',  ( -16.92740646168090635, 5.672332364581810005, 587.6460073359205580 ) ) ;
#2631 = EDGE_CURVE ( 'NONE', #2455, #1951, #378, .T. ) ;
#2632 = VERTEX_POINT ( 'NONE', #853 ) ;
#2633 = DIRECTION ( 'NONE',  ( -1.000000000000000000, 0.000000000000000000, 0.000000000000000000 ) ) ;
#2634 = ORIENTED_EDGE ( 'NONE', *, *, #2219, .T. ) ;
#2635 = ADVANCED_FACE ( 'NONE', ( #2871 ), #590, .T. ) ;
#2636 = ORIENTED_EDGE ( 'NONE', *, *, #337, .F. ) ;
#2637 = CARTESIAN_POINT ( 'NONE',  ( -23.36084014973762280, 5.672332364581809117, 588.3536541735637684 ) ) ;
#2638 = DIRECTION ( 'NONE',  ( 1.175461362545449852E-16, -1.000000000000000000, 0.000000000000000000 ) ) ;
#2639 = DIRECTION ( 'NONE',  ( 1.175461362545449852E-16, -1.000000000000000000, 0.000000000000000000 ) ) ;
#2640 =( NAMED_UNIT ( * ) SI_UNIT ( $, .STERADIAN. ) SOLID_ANGLE_UNIT ( ) );
#2641 = ORIENTED_EDGE ( 'NONE', *, *, #154, .F. ) ;
#2642 = CARTESIAN_POINT ( 'NONE',  ( 23.93545818716621554, -9.213705733401218012, 591.2536541735638593 ) ) ;
#2643 = ORIENTED_EDGE ( 'NONE', *, *, #2785, .T. ) ;
#2644 = CARTESIAN_POINT ( 'NONE',  ( 25.87915985026242893, 2.672332289245519465, 586.2536541735638593 ) ) ;
#2645 = VERTEX_POINT ( 'NONE', #2403 ) ;
#2646 = ADVANCED_FACE ( 'NONE', ( #1884 ), #607, .F. ) ;
#2647 = DIRECTION ( 'NONE',  ( 1.000000000000000000, 0.000000000000000000, 0.000000000000000000 ) ) ;
#2648 = AXIS2_PLACEMENT_3D ( 'NONE', #1264, #1718, #463 ) ;
#2649 = VERTEX_POINT ( 'NONE', #115 ) ;
#2650 = CARTESIAN_POINT ( 'NONE',  ( -17.36084014973761924, -0.5776676354181907724, 588.3536541735637684 ) ) ;
#2651 = VECTOR ( 'NONE', #2300, 1000.000000000000000 ) ;
#2652 = ORIENTED_EDGE ( 'NONE', *, *, #2186, .F. ) ;
#2653 = CARTESIAN_POINT ( 'NONE',  ( -23.62084014973762081, 5.672332364581809117, 588.3536541735637684 ) ) ;
#2654 = EDGE_CURVE ( 'NONE', #1790, #846, #1141, .T. ) ;
#2655 = AXIS2_PLACEMENT_3D ( 'NONE', #1962, #2902, #2975 ) ;
#2656 = DIRECTION ( 'NONE',  ( -1.000000000000000000, 0.000000000000000000, -0.000000000000000000 ) ) ;
#2657 = CARTESIAN_POINT ( 'NONE',  ( -12.62084014973762081, -0.5776676354181902173, 588.1086541735637638 ) ) ;
#2658 = VECTOR ( 'NONE', #2394, 1000.000000000000000 ) ;
#2659 = AXIS2_PLACEMENT_3D ( 'NONE', #1872, #194, #454 ) ;
#2660 = CIRCLE ( 'NONE', #375, 0.1499999999999964972 ) ;
#2661 = ORIENTED_EDGE ( 'NONE', *, *, #22, .F. ) ;
#2662 = LINE ( 'NONE', #1361, #227 ) ;
#2663 = DIRECTION ( 'NONE',  ( 1.175461362545449852E-16, -1.000000000000000000, -0.000000000000000000 ) ) ;
#2664 = CYLINDRICAL_SURFACE ( 'NONE', #1228, 0.1499999999999973577 ) ;
#2665 = CIRCLE ( 'NONE', #850, 0.1499999999999973577 ) ;
#2666 = VERTEX_POINT ( 'NONE', #2967 ) ;
#2667 = CIRCLE ( 'NONE', #851, 0.1499999999999973577 ) ;
#2668 = CARTESIAN_POINT ( 'NONE',  ( -12.02852980434697194, 5.672332364581810893, 588.2298794651993603 ) ) ;
#2669 = VERTEX_POINT ( 'NONE', #693 ) ;
#2670 = CARTESIAN_POINT ( 'NONE',  ( -19.88084014973762237, 5.672332364581810005, 588.2036541735637911 ) ) ;
#2671 = CYLINDRICAL_SURFACE ( 'NONE', #2115, 0.1499999999999973577 ) ;
#2672 = EDGE_CURVE ( 'NONE', #2511, #2235, #1555, .T. ) ;
#2673 = CARTESIAN_POINT ( 'NONE',  ( 25.87915985026242893, 2.672332289245519465, 588.2536541735638593 ) ) ;
#2674 = DIRECTION ( 'NONE',  ( 1.000000000000000000, 0.000000000000000000, 0.000000000000000000 ) ) ;
#2675 = VERTEX_POINT ( 'NONE', #2206 ) ;
#2676 = DIRECTION ( 'NONE',  ( 0.000000000000000000, 1.000000000000000000, -0.000000000000000000 ) ) ;
#2677 = LINE ( 'NONE', #1411, #1969 ) ;
#2678 = DIRECTION ( 'NONE',  ( 1.175461362545449852E-16, -1.000000000000000000, 0.000000000000000000 ) ) ;
#2679 = AXIS2_PLACEMENT_3D ( 'NONE', #1049, #2316, #813 ) ;
#2680 = ORIENTED_EDGE ( 'NONE', *, *, #283, .F. ) ;
#2681 = ORIENTED_EDGE ( 'NONE', *, *, #1355, .F. ) ;
#2682 = DIRECTION ( 'NONE',  ( 1.175461362545449852E-16, -1.000000000000000000, -0.000000000000000000 ) ) ;
#2683 = CARTESIAN_POINT ( 'NONE',  ( -10.02852980434697194, -0.5776676354181898843, 588.2298794651993603 ) ) ;
#2684 = VERTEX_POINT ( 'NONE', #1957 ) ;
#2685 = CARTESIAN_POINT ( 'NONE',  ( 11.97712942669495106, 7.975480746298845958, 591.2536541735638593 ) ) ;
#2686 = DIRECTION ( 'NONE',  ( 1.175461362545449852E-16, -1.000000000000000000, -0.000000000000000000 ) ) ;
#2687 = VERTEX_POINT ( 'NONE', #212 ) ;
#2688 = DIRECTION ( 'NONE',  ( -1.000000000000000000, 0.000000000000000000, 0.000000000000000000 ) ) ;
#2689 = ORIENTED_EDGE ( 'NONE', *, *, #2814, .F. ) ;
#2690 = DIRECTION ( 'NONE',  ( 0.000000000000000000, 0.000000000000000000, -1.000000000000000000 ) ) ;
#2691 = CARTESIAN_POINT ( 'NONE',  ( -17.88084014973761882, -0.5776676354181907724, 588.2036541735637911 ) ) ;
#2692 = EDGE_CURVE ( 'NONE', #2108, #1587, #1075, .T. ) ;
#2693 = ORIENTED_EDGE ( 'NONE', *, *, #2266, .F. ) ;
#2694 = DIRECTION ( 'NONE',  ( 0.000000000000000000, 1.000000000000000000, -0.000000000000000000 ) ) ;
#2695 = CARTESIAN_POINT ( 'NONE',  ( -10.31427383779428908, -0.5776676354181898843, 587.6460073359204443 ) ) ;
#2696 = DIRECTION ( 'NONE',  ( 1.175461362545449852E-16, -1.000000000000000000, 0.000000000000000000 ) ) ;
#2697 = ORIENTED_EDGE ( 'NONE', *, *, #1478, .T. ) ;
#2698 = ORIENTED_EDGE ( 'NONE', *, *, #2202, .F. ) ;
#2699 = ADVANCED_FACE ( 'NONE', ( #1691 ), #1180, .F. ) ;
#2700 = FACE_OUTER_BOUND ( 'NONE', #1628, .T. ) ;
#2701 = CARTESIAN_POINT ( 'NONE',  ( -10.22084014973762045, 5.672332364581810893, 588.3536541735637684 ) ) ;
#2702 = ORIENTED_EDGE ( 'NONE', *, *, #450, .F. ) ;
#2703 = CARTESIAN_POINT ( 'NONE',  ( -19.36084014973762280, 5.672332364581810005, 588.2036541735637911 ) ) ;
#2704 = ORIENTED_EDGE ( 'NONE', *, *, #2271, .T. ) ;
#2705 = CARTESIAN_POINT ( 'NONE',  ( 0.6391598502623774269, 5.672332364581810893, 588.2036541735637911 ) ) ;
#2706 = LINE ( 'NONE', #437, #3127 ) ;
#2707 = CIRCLE ( 'NONE', #1433, 0.1499999999999964972 ) ;
#2708 = ORIENTED_EDGE ( 'NONE', *, *, #722, .F. ) ;
#2709 = EDGE_CURVE ( 'NONE', #2675, #2649, #1980, .T. ) ;
#2710 = DIRECTION ( 'NONE',  ( -1.175461362545449852E-16, 1.000000000000000000, -0.000000000000000000 ) ) ;
#2711 = LINE ( 'NONE', #1907, #2448 ) ;
#2712 = CARTESIAN_POINT ( 'NONE',  ( -9.880840149737620592, 5.672332364581810893, 588.2036541735637911 ) ) ;
#2713 = LINE ( 'NONE', #1486, #3068 ) ;
#2714 = CIRCLE ( 'NONE', #3079, 0.1499999999999973577 ) ;
#2715 = EDGE_CURVE ( 'NONE', #783, #2888, #2241, .T. ) ;
#2716 = ORIENTED_EDGE ( 'NONE', *, *, #2406, .T. ) ;
#2717 = ORIENTED_EDGE ( 'NONE', *, *, #2740, .T. ) ;
#2718 = DIRECTION ( 'NONE',  ( 1.175461362545449852E-16, -1.000000000000000000, 0.000000000000000000 ) ) ;
#2719 = VECTOR ( 'NONE', #386, 1000.000000000000000 ) ;
#2720 = CARTESIAN_POINT ( 'NONE',  ( -4.927406461680907235, -0.5776676354181892181, 587.6460073359205580 ) ) ;
#2721 = EDGE_CURVE ( 'NONE', #637, #906, #3083, .T. ) ;
#2722 = EDGE_CURVE ( 'NONE', #917, #1496, #3214, .T. ) ;
#2723 = ORIENTED_EDGE ( 'NONE', *, *, #1772, .T. ) ;
#2724 = VECTOR ( 'NONE', #94, 1000.000000000000000 ) ;
#2725 = CARTESIAN_POINT ( 'NONE',  ( 1.971470195653026725, 5.672332364581811781, 588.2298794651993603 ) ) ;
#2726 = DIRECTION ( 'NONE',  ( 0.000000000000000000, 0.000000000000000000, -1.000000000000000000 ) ) ;
#2727 = AXIS2_PLACEMENT_3D ( 'NONE', #2335, #2352, #2569 ) ;
#2728 = ORIENTED_EDGE ( 'NONE', *, *, #1837, .F. ) ;
#2729 = B_SPLINE_SURFACE_WITH_KNOTS ( 'NONE', 3, 1, ( 
 ( #1812, #1748 ),
 ( #1045, #1298 ),
 ( #997, #25 ),
 ( #1015, #1781 ),
 ( #2027, #2797 ),
 ( #3010, #496 ),
 ( #2039, #522 ),
 ( #1029, #3267 ),
 ( #2540, #2578 ),
 ( #3055, #266 ),
 ( #2562, #2326 ),
 ( #3042, #1262 ),
 ( #2765, #750 ),
 ( #763, #297 ),
 ( #1505, #778 ) ),
 .UNSPECIFIED., .F., .F., .F.,
 ( 4, 1, 1, 1, 1, 1, 1, 1, 1, 1, 1, 1, 4 ),
 ( 2, 2 ),
 ( -0.0004102706112444343134, 0.06212044682311679278, 0.1246511642574780199, 0.2497125991262003630, 0.3747740339949227062, 0.4998354688636451049, 0.6248969037323675035, 0.7499583386010898467, 0.8124890560354510738, 0.8750197734698123009, 0.9375504909041734170, 0.9688158496213540305, 1.000081208338534644 ),
 ( 0.000000000000000000, 1.000000000000000000 ),
 .UNSPECIFIED. ) ;
#2730 = CYLINDRICAL_SURFACE ( 'NONE', #3187, 0.5549999999997778932 ) ;
#2731 = FACE_OUTER_BOUND ( 'NONE', #622, .T. ) ;
#2732 = VERTEX_POINT ( 'NONE', #981 ) ;
#2733 = CARTESIAN_POINT ( 'NONE',  ( -3.880840149737618816, 5.672332364581810893, 588.3536541735637684 ) ) ;
#2734 = CARTESIAN_POINT ( 'NONE',  ( -21.02084014973762294, 5.672332364581810005, 588.3536541735637684 ) ) ;
#2735 = DIRECTION ( 'NONE',  ( 1.175461362545449852E-16, -1.000000000000000000, -0.000000000000000000 ) ) ;
#2736 = CARTESIAN_POINT ( 'NONE',  ( -17.36084014973761924, -0.5776676354181907724, 588.2036541735637911 ) ) ;
#2737 = VERTEX_POINT ( 'NONE', #1941 ) ;
#2738 = ORIENTED_EDGE ( 'NONE', *, *, #514, .F. ) ;
#2739 = CARTESIAN_POINT ( 'NONE',  ( -17.88084014973761882, -0.5776676354181907724, 588.3536541735637684 ) ) ;
#2740 = EDGE_CURVE ( 'NONE', #2649, #1058, #2877, .T. ) ;
#2741 = ORIENTED_EDGE ( 'NONE', *, *, #2053, .F. ) ;
#2742 = AXIS2_PLACEMENT_3D ( 'NONE', #2701, #1953, #2963 ) ;
#2743 = DIRECTION ( 'NONE',  ( 1.000000000000000000, -0.000000000000000000, -0.000000000000000000 ) ) ;
#2744 = ADVANCED_FACE ( 'NONE', ( #941 ), #2952, .T. ) ;
#2745 = CARTESIAN_POINT ( 'NONE',  ( -14.31427383779428908, 5.672332364581810005, 587.6460073359204443 ) ) ;
#2746 = ORIENTED_EDGE ( 'NONE', *, *, #118, .T. ) ;
#2747 = CARTESIAN_POINT ( 'NONE',  ( 0.6391598502623782041, -0.5776676354181885520, 588.3536541735637684 ) ) ;
#2748 = DIRECTION ( 'NONE',  ( 1.175461362545449852E-16, -1.000000000000000000, -0.000000000000000000 ) ) ;
#2749 = EDGE_CURVE ( 'NONE', #2140, #1223, #1996, .T. ) ;
#2750 = VERTEX_POINT ( 'NONE', #3198 ) ;
#2751 = CARTESIAN_POINT ( 'NONE',  ( 8.895094791140619961, 6.274178309292575584, 586.2536541735638593 ) ) ;
#2752 = LINE ( 'NONE', #1484, #1605 ) ;
#2753 = CARTESIAN_POINT ( 'NONE',  ( -12.62084014973762081, 5.672332364581810893, 588.1086541735637638 ) ) ;
#2754 = DIRECTION ( 'NONE',  ( 1.000000000000000000, 0.000000000000000000, 0.000000000000000000 ) ) ;
#2755 = EDGE_LOOP ( 'NONE', ( #1987, #2379, #2951, #155 ) ) ;
#2756 = CYLINDRICAL_SURFACE ( 'NONE', #2224, 0.5549999999997770050 ) ;
#2757 = VERTEX_POINT ( 'NONE', #435 ) ;
#2758 = CARTESIAN_POINT ( 'NONE',  ( 2.379159850262376530, -0.5776676354181883299, 589.0536541735638139 ) ) ;
#2759 = DIRECTION ( 'NONE',  ( 1.175461362545449852E-16, -1.000000000000000000, 0.000000000000000000 ) ) ;
#2760 = ORIENTED_EDGE ( 'NONE', *, *, #234, .F. ) ;
#2761 = CARTESIAN_POINT ( 'NONE',  ( -6.927406461680909899, 5.672332364581810893, 587.6460073359205580 ) ) ;
#2762 = VERTEX_POINT ( 'NONE', #638 ) ;
#2763 = VECTOR ( 'NONE', #3222, 1000.000000000000000 ) ;
#2764 = DIRECTION ( 'NONE',  ( 1.000000000000000000, 0.000000000000000000, 0.000000000000000000 ) ) ;
#2765 = CARTESIAN_POINT ( 'NONE',  ( 6.450014558202058268, -0.5945901888626745624, 591.2536541735638593 ) ) ;
#2766 = CARTESIAN_POINT ( 'NONE',  ( -20.02852980434697372, 5.672332364581810005, 588.2298794651993603 ) ) ;
#2767 = CIRCLE ( 'NONE', #1753, 0.9999999999999003020 ) ;
#2768 = FACE_OUTER_BOUND ( 'NONE', #2622, .T. ) ;
#2769 = CIRCLE ( 'NONE', #2284, 0.1499999999999969136 ) ;
#2770 = CIRCLE ( 'NONE', #2821, 2.499999989662510913 ) ;
#2771 = ORIENTED_EDGE ( 'NONE', *, *, #1217, .T. ) ;
#2772 = CIRCLE ( 'NONE', #1856, 0.9999999999999003020 ) ;
#2773 = CIRCLE ( 'NONE', #438, 0.5549999999997761169 ) ;
#2774 = VERTEX_POINT ( 'NONE', #2433 ) ;
#2775 = CIRCLE ( 'NONE', #441, 0.9999999999999003020 ) ;
#2776 = CARTESIAN_POINT ( 'NONE',  ( -8.620840149737620806, 5.672332364581810893, 588.1086541735637638 ) ) ;
#2777 = FACE_OUTER_BOUND ( 'NONE', #613, .T. ) ;
#2778 = VECTOR ( 'NONE', #1564, 1000.000000000000000 ) ;
#2779 = EDGE_LOOP ( 'NONE', ( #1818, #645, #258, #2204 ) ) ;
#2780 = DIRECTION ( 'NONE',  ( 1.175461362545449852E-16, -1.000000000000000000, 0.000000000000000000 ) ) ;
#2781 = VECTOR ( 'NONE', #1074, 1000.000000000000000 ) ;
#2782 = DIRECTION ( 'NONE',  ( 1.175461362545449852E-16, -1.000000000000000000, -0.000000000000000000 ) ) ;
#2783 = LINE ( 'NONE', #2298, #1763 ) ;
#2784 = CARTESIAN_POINT ( 'NONE',  ( 1.379159850262378750, 5.672332364581810893, 588.1086541735637638 ) ) ;
#2785 = EDGE_CURVE ( 'NONE', #2850, #178, #2130, .T. ) ;
#2786 = DIRECTION ( 'NONE',  ( -1.000000000000000000, 0.000000000000000000, 0.000000000000000000 ) ) ;
#2787 = CARTESIAN_POINT ( 'NONE',  ( -16.92740646168090635, 5.672332364581810005, 587.6460073359205580 ) ) ;
#2788 = VERTEX_POINT ( 'NONE', #676 ) ;
#2789 = EDGE_CURVE ( 'NONE', #2150, #2757, #2616, .T. ) ;
#2790 = EDGE_LOOP ( 'NONE', ( #242, #808, #1441, #2085 ) ) ;
#2791 = DIRECTION ( 'NONE',  ( 1.175461362545449852E-16, -1.000000000000000000, 0.000000000000000000 ) ) ;
#2792 = DIRECTION ( 'NONE',  ( 1.000000000000000000, 0.000000000000000000, 0.000000000000000000 ) ) ;
#2793 = AXIS2_PLACEMENT_3D ( 'NONE', #2167, #1925, #2192 ) ;
#2794 = ORIENTED_EDGE ( 'NONE', *, *, #23, .F. ) ;
#2795 = ORIENTED_EDGE ( 'NONE', *, *, #354, .T. ) ;
#2796 = CARTESIAN_POINT ( 'NONE',  ( -1.360840149737623461, -0.5776676354181887740, 588.2036541735637911 ) ) ;
#2797 = CARTESIAN_POINT ( 'NONE',  ( 18.19134521145605987, -6.996072174592034010, 586.2536541735638593 ) ) ;
#2798 = CYLINDRICAL_SURFACE ( 'NONE', #745, 0.5549999999997778932 ) ;
#2799 = LINE ( 'NONE', #269, #1166 ) ;
#2800 = CARTESIAN_POINT ( 'NONE',  ( -18.22084014973761867, -0.5776676354181908835, 588.3536541735637684 ) ) ;
#2801 = ORIENTED_EDGE ( 'NONE', *, *, #466, .T. ) ;
#2802 = ORIENTED_EDGE ( 'NONE', *, *, #1392, .F. ) ;
#2803 = ADVANCED_FACE ( 'NONE', ( #1196 ), #2730, .F. ) ;
#2804 = CARTESIAN_POINT ( 'NONE',  ( -14.02852980434697194, 5.672332364581810005, 588.2298794651993603 ) ) ;
#2805 = DIRECTION ( 'NONE',  ( -1.000000000000000000, 0.000000000000000000, 0.000000000000000000 ) ) ;
#2806 = ORIENTED_EDGE ( 'NONE', *, *, #243, .F. ) ;
#2807 = CARTESIAN_POINT ( 'NONE',  ( 25.87915985026242893, 2.672332289245519465, 591.2536541735638593 ) ) ;
#2808 = DIRECTION ( 'NONE',  ( 1.175461362545449852E-16, -1.000000000000000000, 0.000000000000000000 ) ) ;
#2809 = DIRECTION ( 'NONE',  ( 1.175461362545449852E-16, -1.000000000000000000, -0.000000000000000000 ) ) ;
#2810 = DIRECTION ( 'NONE',  ( 1.000000000000000000, 1.953517427902591672E-16, 0.000000000000000000 ) ) ;
#2811 = DIRECTION ( 'NONE',  ( 1.000000000000000000, 0.000000000000000000, 0.000000000000000000 ) ) ;
#2812 = AXIS2_PLACEMENT_3D ( 'NONE', #975, #2982, #1668 ) ;
#2813 = ORIENTED_EDGE ( 'NONE', *, *, #1078, .T. ) ;
#2814 = EDGE_CURVE ( 'NONE', #3014, #1276, #910, .T. ) ;
#2815 = CIRCLE ( 'NONE', #1373, 0.1499999999999967193 ) ;
#2816 = VERTEX_POINT ( 'NONE', #1728 ) ;
#2817 = AXIS2_PLACEMENT_3D ( 'NONE', #1083, #1813, #1046 ) ;
#2818 = DIRECTION ( 'NONE',  ( 1.175461362545449852E-16, -1.000000000000000000, -0.000000000000000000 ) ) ;
#2819 = CARTESIAN_POINT ( 'NONE',  ( -23.62084014973762081, 5.672332364581809117, 589.0536541735638139 ) ) ;
#2820 = FACE_OUTER_BOUND ( 'NONE', #1574, .T. ) ;
#2821 = AXIS2_PLACEMENT_3D ( 'NONE', #1082, #380, #1840 ) ;
#2822 = EDGE_CURVE ( 'NONE', #2230, #1356, #473, .T. ) ;
#2823 = AXIS2_PLACEMENT_3D ( 'NONE', #2088, #3100, #287 ) ;
#2824 = ORIENTED_EDGE ( 'NONE', *, *, #2936, .T. ) ;
#2825 = CIRCLE ( 'NONE', #3240, 0.1499999999999973577 ) ;
#2826 = CARTESIAN_POINT ( 'NONE',  ( 0.000000000000000000, 0.000000000000000000, 586.2536541735638593 ) ) ;
#2827 = VECTOR ( 'NONE', #1792, 1000.000000000000000 ) ;
#2828 = ORIENTED_EDGE ( 'NONE', *, *, #2485, .F. ) ;
#2829 = DIRECTION ( 'NONE',  ( 1.000000000000000000, 1.084202172485611547E-16, 0.000000000000000000 ) ) ;
#2830 = AXIS2_PLACEMENT_3D ( 'NONE', #2796, #996, #2560 ) ;
#2831 = DIRECTION ( 'NONE',  ( -1.000000000000000000, -2.351549421018650394E-16, 0.000000000000000000 ) ) ;
#2832 = CARTESIAN_POINT ( 'NONE',  ( -15.36084014973762280, -0.5776676354181905504, 588.2036541735637911 ) ) ;
#2833 = CIRCLE ( 'NONE', #1509, 0.9999999999999003020 ) ;
#2834 = DIRECTION ( 'NONE',  ( 1.000000000000000000, 0.000000000000000000, 0.000000000000000000 ) ) ;
#2835 = VERTEX_POINT ( 'NONE', #1833 ) ;
#2836 = DIRECTION ( 'NONE',  ( 1.175461362545449852E-16, -1.000000000000000000, -0.000000000000000000 ) ) ;
#2837 = DIRECTION ( 'NONE',  ( 0.000000000000000000, 0.000000000000000000, -1.000000000000000000 ) ) ;
#2838 = ORIENTED_EDGE ( 'NONE', *, *, #2041, .T. ) ;
#2839 = ORIENTED_EDGE ( 'NONE', *, *, #947, .T. ) ;
#2840 = DIRECTION ( 'NONE',  ( 1.000000000000000000, 0.000000000000000000, 0.000000000000000000 ) ) ;
#2841 = LINE ( 'NONE', #309, #2288 ) ;
#2842 = SURFACE_STYLE_FILL_AREA ( #9 ) ;
#2843 = FACE_OUTER_BOUND ( 'NONE', #2244, .T. ) ;
#2844 = CARTESIAN_POINT ( 'NONE',  ( -18.92740646168090990, 5.672332364581810005, 587.6460073359205580 ) ) ;
#2845 = ORIENTED_EDGE ( 'NONE', *, *, #2449, .F. ) ;
#2846 = ORIENTED_EDGE ( 'NONE', *, *, #394, .F. ) ;
#2847 = VERTEX_POINT ( 'NONE', #1585 ) ;
#2848 = DIRECTION ( 'NONE',  ( 1.175461362545449852E-16, -1.000000000000000000, 0.000000000000000000 ) ) ;
#2849 = CARTESIAN_POINT ( 'NONE',  ( -22.92740646168090990, 5.672332364581809117, 587.6460073359205580 ) ) ;
#2850 = VERTEX_POINT ( 'NONE', #292 ) ;
#2851 = ADVANCED_FACE ( 'NONE', ( #1340 ), #3105, .F. ) ;
#2852 = CARTESIAN_POINT ( 'NONE',  ( -1.213150495128165085, 5.672332364581810893, 588.2298794651993603 ) ) ;
#2853 = DIRECTION ( 'NONE',  ( 1.000000000000000000, 0.000000000000000000, 0.000000000000000000 ) ) ;
#2854 = CARTESIAN_POINT ( 'NONE',  ( -22.31427383779429263, 5.672332364581809117, 587.6460073359204443 ) ) ;
#2855 = DIRECTION ( 'NONE',  ( 1.175461362545449852E-16, -1.000000000000000000, -0.000000000000000000 ) ) ;
#2856 = ADVANCED_FACE ( 'NONE', ( #1498 ), #3006, .F. ) ;
#2857 = CYLINDRICAL_SURFACE ( 'NONE', #1879, 0.1499999999999973577 ) ;
#2858 = EDGE_CURVE ( 'NONE', #1036, #2268, #2048, .T. ) ;
#2859 = EDGE_LOOP ( 'NONE', ( #3032, #2308, #263, #2037 ) ) ;
#2860 = ORIENTED_EDGE ( 'NONE', *, *, #1654, .T. ) ;
#2861 = EDGE_CURVE ( 'NONE', #1874, #1988, #329, .T. ) ;
#2862 = ORIENTED_EDGE ( 'NONE', *, *, #2958, .F. ) ;
#2863 = AXIS2_PLACEMENT_3D ( 'NONE', #3019, #532, #2273 ) ;
#2864 = DIRECTION ( 'NONE',  ( 1.175461362545449852E-16, -1.000000000000000000, -0.000000000000000000 ) ) ;
#2865 = CIRCLE ( 'NONE', #956, 0.1499999999999973577 ) ;
#2866 = VECTOR ( 'NONE', #1767, 1000.000000000000000 ) ;
#2867 = ORIENTED_EDGE ( 'NONE', *, *, #929, .F. ) ;
#2868 = VECTOR ( 'NONE', #2898, 1000.000000000000000 ) ;
#2869 = AXIS2_PLACEMENT_3D ( 'NONE', #1342, #1632, #2647 ) ;
#2870 = AXIS2_PLACEMENT_3D ( 'NONE', #1194, #2965, #144 ) ;
#2871 = FACE_OUTER_BOUND ( 'NONE', #669, .T. ) ;
#2872 = LINE ( 'NONE', #593, #372 ) ;
#2873 = LINE ( 'NONE', #594, #14 ) ;
#2874 = CARTESIAN_POINT ( 'NONE',  ( -1.360840149737623461, -0.5776676354181887740, 588.3536541735637684 ) ) ;
#2875 = CARTESIAN_POINT ( 'NONE',  ( 6.450014558202058268, -0.5945901888626745624, 591.2536541735638593 ) ) ;
#2876 = ORIENTED_EDGE ( 'NONE', *, *, #1439, .T. ) ;
#2877 = CIRCLE ( 'NONE', #1770, 0.9999999999999011902 ) ;
#2878 = CARTESIAN_POINT ( 'NONE',  ( -16.22084014973761867, -0.5776676354181906614, 588.3536541735637684 ) ) ;
#2879 = ORIENTED_EDGE ( 'NONE', *, *, #1575, .F. ) ;
#2880 = DIRECTION ( 'NONE',  ( 1.175461362545449852E-16, -1.000000000000000000, -0.000000000000000000 ) ) ;
#2881 = ORIENTED_EDGE ( 'NONE', *, *, #1507, .F. ) ;
#2882 = ORIENTED_EDGE ( 'NONE', *, *, #2388, .T. ) ;
#2883 = DIRECTION ( 'NONE',  ( 1.000000000000000000, 0.000000000000000000, 0.000000000000000000 ) ) ;
#2884 = CARTESIAN_POINT ( 'NONE',  ( -19.88084014973762237, -0.5776676354181911055, 588.3536541735637684 ) ) ;
#2885 = LINE ( 'NONE', #381, #1649 ) ;
#2886 = EDGE_CURVE ( 'NONE', #2757, #2303, #551, .T. ) ;
#2887 = CARTESIAN_POINT ( 'NONE',  ( -7.360840149737622795, 5.672332364581810893, 588.3536541735637684 ) ) ;
#2888 = VERTEX_POINT ( 'NONE', #3091 ) ;
#2889 = EDGE_CURVE ( 'NONE', #1276, #3072, #2188, .T. ) ;
#2890 = ORIENTED_EDGE ( 'NONE', *, *, #2095, .F. ) ;
#2891 = CARTESIAN_POINT ( 'NONE',  ( -18.02852980434697372, 5.672332364581810005, 588.2298794651993603 ) ) ;
#2892 = EDGE_CURVE ( 'NONE', #164, #2281, #304, .T. ) ;
#2893 = EDGE_CURVE ( 'NONE', #140, #480, #1089, .T. ) ;
#2894 = ORIENTED_EDGE ( 'NONE', *, *, #3149, .F. ) ;
#2895 = CARTESIAN_POINT ( 'NONE',  ( 25.22665924868977072, 14.67915399464246207, 591.2536541735638593 ) ) ;
#2896 = ORIENTED_EDGE ( 'NONE', *, *, #1620, .F. ) ;
#2897 = CYLINDRICAL_SURFACE ( 'NONE', #3036, 0.9999999999999003020 ) ;
#2898 = DIRECTION ( 'NONE',  ( 1.175461362545449852E-16, -1.000000000000000000, -0.000000000000000000 ) ) ;
#2899 = DIRECTION ( 'NONE',  ( 1.000000000000000000, 0.000000000000000000, 0.000000000000000000 ) ) ;
#2900 = ORIENTED_EDGE ( 'NONE', *, *, #1087, .T. ) ;
#2901 = LINE ( 'NONE', #2106, #274 ) ;
#2902 = DIRECTION ( 'NONE',  ( 1.175461362545449852E-16, -1.000000000000000000, 0.000000000000000000 ) ) ;
#2903 = FACE_OUTER_BOUND ( 'NONE', #1965, .T. ) ;
#2904 = VERTEX_POINT ( 'NONE', #802 ) ;
#2905 = DIRECTION ( 'NONE',  ( 1.000000000000000000, 0.000000000000000000, 0.000000000000000000 ) ) ;
#2906 = EDGE_CURVE ( 'NONE', #2230, #940, #544, .T. ) ;
#2907 = CIRCLE ( 'NONE', #484, 0.9999999999999003020 ) ;
#2908 = ORIENTED_EDGE ( 'NONE', *, *, #2098, .F. ) ;
#2909 = DIRECTION ( 'NONE',  ( -1.175461362545449852E-16, 1.000000000000000000, -0.000000000000000000 ) ) ;
#2910 = VECTOR ( 'NONE', #1238, 1000.000000000000000 ) ;
#2911 = ADVANCED_FACE ( 'NONE', ( #3061 ), #559, .F. ) ;
#2912 = DIRECTION ( 'NONE',  ( 1.000000000000000000, 0.000000000000000000, 0.000000000000000000 ) ) ;
#2913 = CIRCLE ( 'NONE', #216, 0.5549999999997761169 ) ;
#2914 = CARTESIAN_POINT ( 'NONE',  ( -3.020840149737622049, -0.5776676354181889961, 588.3536541735637684 ) ) ;
#2915 = CIRCLE ( 'NONE', #1495, 0.9999999999999003020 ) ;
#2916 = CARTESIAN_POINT ( 'NONE',  ( -20.22084014973762223, 5.672332364581810005, 588.3536541735637684 ) ) ;
#2917 = DIRECTION ( 'NONE',  ( -1.000000000000000000, 0.000000000000000000, 0.000000000000000000 ) ) ;
#2918 = VECTOR ( 'NONE', #2203, 1000.000000000000000 ) ;
#2919 = AXIS2_PLACEMENT_3D ( 'NONE', #2255, #3162, #2218 ) ;
#2920 = AXIS2_PLACEMENT_3D ( 'NONE', #419, #1427, #553 ) ;
#2921 = ORIENTED_EDGE ( 'NONE', *, *, #966, .F. ) ;
#2922 = DIRECTION ( 'NONE',  ( -1.000000000000000000, 0.000000000000000000, 0.000000000000000000 ) ) ;
#2923 = DIRECTION ( 'NONE',  ( -0.000000000000000000, 0.000000000000000000, 1.000000000000000000 ) ) ;
#2924 = DIRECTION ( 'NONE',  ( 1.000000000000000000, 0.000000000000000000, 0.000000000000000000 ) ) ;
#2925 = AXIS2_PLACEMENT_3D ( 'NONE', #1297, #2311, #36 ) ;
#2926 = ORIENTED_EDGE ( 'NONE', *, *, #2518, .F. ) ;
#2927 = AXIS2_PLACEMENT_3D ( 'NONE', #1319, #2094, #62 ) ;
#2928 = VERTEX_POINT ( 'NONE', #2508 ) ;
#2929 = CARTESIAN_POINT ( 'NONE',  ( -6.620840149737621694, 5.672332364581810893, 588.1086541735637638 ) ) ;
#2930 = ORIENTED_EDGE ( 'NONE', *, *, #2557, .F. ) ;
#2931 = DIRECTION ( 'NONE',  ( -1.175461362545449852E-16, 1.000000000000000000, -0.000000000000000000 ) ) ;
#2932 = PLANE ( 'NONE',  #1009 ) ;
#2933 = VERTEX_POINT ( 'NONE', #1247 ) ;
#2934 = CARTESIAN_POINT ( 'NONE',  ( -7.360840149737621907, -0.5776676354181895512, 588.2036541735637911 ) ) ;
#2935 = DIRECTION ( 'NONE',  ( 1.000000000000000000, 0.000000000000000000, 0.000000000000000000 ) ) ;
#2936 = EDGE_CURVE ( 'NONE', #2669, #1058, #1821, .T. ) ;
#2937 = EDGE_CURVE ( 'NONE', #89, #1137, #2988, .T. ) ;
#2938 = CARTESIAN_POINT ( 'NONE',  ( -19.21315049512816131, 5.672332364581810005, 588.2298794651993603 ) ) ;
#2939 = EDGE_LOOP ( 'NONE', ( #889, #1227, #2845, #2240 ) ) ;
#2940 = DIRECTION ( 'NONE',  ( 1.000000000000000000, 0.000000000000000000, 0.000000000000000000 ) ) ;
#2941 = DIRECTION ( 'NONE',  ( 1.000000000000000000, 0.000000000000000000, 0.000000000000000000 ) ) ;
#2942 = CYLINDRICAL_SURFACE ( 'NONE', #1905, 0.1499999999999964972 ) ;
#2943 = AXIS2_PLACEMENT_3D ( 'NONE', #2181, #1438, #2031 ) ;
#2944 = ORIENTED_EDGE ( 'NONE', *, *, #1317, .F. ) ;
#2945 = ORIENTED_EDGE ( 'NONE', *, *, #2286, .F. ) ;
#2946 = CARTESIAN_POINT ( 'NONE',  ( -10.92740646168090990, -0.5776676354181899953, 587.6460073359205580 ) ) ;
#2947 = LINE ( 'NONE', #1537, #817 ) ;
#2948 = ORIENTED_EDGE ( 'NONE', *, *, #820, .F. ) ;
#2949 = DIRECTION ( 'NONE',  ( 1.175461362545449852E-16, -1.000000000000000000, -0.000000000000000000 ) ) ;
#2950 = DIRECTION ( 'NONE',  ( 0.000000000000000000, 0.000000000000000000, 1.000000000000000000 ) ) ;
#2951 = ORIENTED_EDGE ( 'NONE', *, *, #2252, .F. ) ;
#2952 = CYLINDRICAL_SURFACE ( 'NONE', #174, 0.1499999999999967193 ) ;
#2953 = DIRECTION ( 'NONE',  ( -1.000000000000000000, 0.000000000000000000, 0.000000000000000000 ) ) ;
#2954 = ADVANCED_FACE ( 'NONE', ( #2259 ), #31, .T. ) ;
#2955 = CARTESIAN_POINT ( 'NONE',  ( 0.1191598502623778949, 5.672332364581810893, 588.3536541735637684 ) ) ;
#2956 = CARTESIAN_POINT ( 'NONE',  ( -17.21315049512816131, 5.672332364581810005, 588.2298794651993603 ) ) ;
#2957 = ORIENTED_EDGE ( 'NONE', *, *, #2536, .F. ) ;
#2958 = EDGE_CURVE ( 'NONE', #2455, #2230, #2399, .T. ) ;
#2959 = CARTESIAN_POINT ( 'NONE',  ( -19.88084014973762237, -0.5776676354181911055, 588.2036541735637911 ) ) ;
#2960 = ORIENTED_EDGE ( 'NONE', *, *, #2141, .F. ) ;
#2961 = VERTEX_POINT ( 'NONE', #1265 ) ;
#2962 = DIRECTION ( 'NONE',  ( 1.175461362545449852E-16, -1.000000000000000000, -0.000000000000000000 ) ) ;
#2963 = DIRECTION ( 'NONE',  ( 1.000000000000000000, 0.000000000000000000, 0.000000000000000000 ) ) ;
#2964 = ORIENTED_EDGE ( 'NONE', *, *, #141, .T. ) ;
#2965 = DIRECTION ( 'NONE',  ( -1.175461362545449852E-16, 1.000000000000000000, -0.000000000000000000 ) ) ;
#2966 = VERTEX_POINT ( 'NONE', #2450 ) ;
#2967 = CARTESIAN_POINT ( 'NONE',  ( -20.31427383779429263, -0.5776676354181911055, 587.6460073359204443 ) ) ;
#2968 = CIRCLE ( 'NONE', #2648, 0.1499999999999973577 ) ;
#2969 = DIRECTION ( 'NONE',  ( 1.000000000000000000, 0.000000000000000000, 0.000000000000000000 ) ) ;
#2970 = ORIENTED_EDGE ( 'NONE', *, *, #133, .F. ) ;
#2971 = AXIS2_PLACEMENT_3D ( 'NONE', #824, #793, #838 ) ;
#2972 = CARTESIAN_POINT ( 'NONE',  ( 7.039948767139890151, 5.958224389164698209, 591.2536541735638593 ) ) ;
#2973 = CIRCLE ( 'NONE', #1494, 0.9999999999999011902 ) ;
#2974 = FACE_OUTER_BOUND ( 'NONE', #655, .T. ) ;
#2975 = DIRECTION ( 'NONE',  ( -1.000000000000000000, -1.084202172485610684E-16, 0.000000000000000000 ) ) ;
#2976 = DIRECTION ( 'NONE',  ( 1.000000000000000000, 0.000000000000000000, -0.000000000000000000 ) ) ;
#2977 = CIRCLE ( 'NONE', #2603, 0.1499999999999969136 ) ;
#2978 = CIRCLE ( 'NONE', #696, 0.1499999999999964972 ) ;
#2979 = VERTEX_POINT ( 'NONE', #3192 ) ;
#2980 = EDGE_CURVE ( 'NONE', #173, #338, #2833, .T. ) ;
#2981 = ORIENTED_EDGE ( 'NONE', *, *, #337, .T. ) ;
#2982 = DIRECTION ( 'NONE',  ( 1.175461362545449852E-16, -1.000000000000000000, -0.000000000000000000 ) ) ;
#2983 = AXIS2_PLACEMENT_3D ( 'NONE', #2514, #792, #235 ) ;
#2984 = VERTEX_POINT ( 'NONE', #3058 ) ;
#2985 = VECTOR ( 'NONE', #3144, 1000.000000000000000 ) ;
#2986 = CARTESIAN_POINT ( 'NONE',  ( -1.880840149737620148, 5.672332364581810893, 588.3536541735637684 ) ) ;
#2987 = CARTESIAN_POINT ( 'NONE',  ( -14.92740646168090990, -0.5776676354181904394, 587.6460073359205580 ) ) ;
#2988 = CIRCLE ( 'NONE', #69, 0.9999999999999019673 ) ;
#2989 = ORIENTED_EDGE ( 'NONE', *, *, #1240, .T. ) ;
#2990 = DIRECTION ( 'NONE',  ( 1.175461362545449852E-16, -1.000000000000000000, 0.000000000000000000 ) ) ;
#2991 = PLANE ( 'NONE',  #2604 ) ;
#2992 = ORIENTED_EDGE ( 'NONE', *, *, #1111, .F. ) ;
#2993 = CARTESIAN_POINT ( 'NONE',  ( 7.624544602761292644, 5.987713551310218207, 586.2536541735638593 ) ) ;
#2994 = LINE ( 'NONE', #2172, #17 ) ;
#2995 = CARTESIAN_POINT ( 'NONE',  ( 25.22665924869009046, -9.334489416151427577, 586.2536541735638593 ) ) ;
#2996 = DIRECTION ( 'NONE',  ( 1.000000000000000000, -0.000000000000000000, -0.000000000000000000 ) ) ;
#2997 = ORIENTED_EDGE ( 'NONE', *, *, #2113, .T. ) ;
#2998 = LINE ( 'NONE', #894, #2763 ) ;
#2999 = ADVANCED_FACE ( 'NONE', ( #1934 ), #2517, .F. ) ;
#3000 = VERTEX_POINT ( 'NONE', #513 ) ;
#3001 = CIRCLE ( 'NONE', #2679, 0.1499999999999973577 ) ;
#3002 = CYLINDRICAL_SURFACE ( 'NONE', #15, 0.9999999999999011902 ) ;
#3003 = CARTESIAN_POINT ( 'NONE',  ( -13.02084014973762294, -0.5776676354181902173, 588.3536541735637684 ) ) ;
#3004 = ORIENTED_EDGE ( 'NONE', *, *, #1482, .F. ) ;
#3005 = CYLINDRICAL_SURFACE ( 'NONE', #264, 12.00000000000000000 ) ;
#3006 = CYLINDRICAL_SURFACE ( 'NONE', #2927, 0.9999999999999003020 ) ;
#3007 = ORIENTED_EDGE ( 'NONE', *, *, #1538, .T. ) ;
#3008 = ORIENTED_EDGE ( 'NONE', *, *, #1111, .T. ) ;
#3009 = LINE ( 'NONE', #699, #1123 ) ;
#3010 = CARTESIAN_POINT ( 'NONE',  ( 14.78630183183450164, -4.724157072265519730, 591.2536541735638593 ) ) ;
#3011 = DIRECTION ( 'NONE',  ( 1.175461362545449852E-16, -1.000000000000000000, 0.000000000000000000 ) ) ;
#3012 = CARTESIAN_POINT ( 'NONE',  ( 1.379159850262378750, 5.672332364581810893, 588.1086541735637638 ) ) ;
#3013 = VERTEX_POINT ( 'NONE', #2683 ) ;
#3014 = VERTEX_POINT ( 'NONE', #2720 ) ;
#3015 = EDGE_CURVE ( 'NONE', #528, #2750, #1702, .T. ) ;
#3016 = CARTESIAN_POINT ( 'NONE',  ( 5.886912661604250196, -0.5776676354181873307, 586.2536541735638593 ) ) ;
#3017 = PLANE ( 'NONE',  #2021 ) ;
#3018 = ORIENTED_EDGE ( 'NONE', *, *, #2286, .T. ) ;
#3019 = CARTESIAN_POINT ( 'NONE',  ( -3.360840149737622795, 5.672332364581810893, 588.3536541735637684 ) ) ;
#3020 = VECTOR ( 'NONE', #1721, 1000.000000000000000 ) ;
#3021 = CARTESIAN_POINT ( 'NONE',  ( -17.36084014973761924, 5.672332364581810005, 588.2036541735637911 ) ) ;
#3022 = EDGE_CURVE ( 'NONE', #1830, #3013, #2947, .T. ) ;
#3023 = LINE ( 'NONE', #1766, #2827 ) ;
#3024 = DIRECTION ( 'NONE',  ( 1.175461362545449852E-16, -1.000000000000000000, -0.000000000000000000 ) ) ;
#3025 = AXIS2_PLACEMENT_3D ( 'NONE', #3086, #1827, #1580 ) ;
#3026 = LINE ( 'NONE', #1964, #2228 ) ;
#3027 = DIRECTION ( 'NONE',  ( 1.000000000000000000, 0.000000000000000000, 0.000000000000000000 ) ) ;
#3028 = CIRCLE ( 'NONE', #957, 0.9999999999999019673 ) ;
#3029 = AXIS2_PLACEMENT_3D ( 'NONE', #1095, #837, #2853 ) ;
#3030 = VERTEX_POINT ( 'NONE', #3209 ) ;
#3031 = VECTOR ( 'NONE', #2237, 1000.000000000000000 ) ;
#3032 = ORIENTED_EDGE ( 'NONE', *, *, #2061, .T. ) ;
#3033 = VECTOR ( 'NONE', #1214, 1000.000000000000000 ) ;
#3034 = CARTESIAN_POINT ( 'NONE',  ( -1.360840149737624127, 5.672332364581810893, 588.3536541735637684 ) ) ;
#3035 = DIRECTION ( 'NONE',  ( 1.000000000000000000, 0.000000000000000000, 0.000000000000000000 ) ) ;
#3036 = AXIS2_PLACEMENT_3D ( 'NONE', #1081, #3129, #130 ) ;
#3037 = EDGE_CURVE ( 'NONE', #1, #1459, #2543, .T. ) ;
#3038 = ORIENTED_EDGE ( 'NONE', *, *, #3115, .F. ) ;
#3039 = AXIS2_PLACEMENT_3D ( 'NONE', #2221, #2990, #714 ) ;
#3040 = EDGE_CURVE ( 'NONE', #2627, #2176, #3096, .T. ) ;
#3041 = CARTESIAN_POINT ( 'NONE',  ( -17.36084014973761924, 5.672332364581810005, 588.3536541735637684 ) ) ;
#3042 = CARTESIAN_POINT ( 'NONE',  ( 7.039948767139770247, -0.6135598106736389612, 591.2536541735638593 ) ) ;
#3043 = CYLINDRICAL_SURFACE ( 'NONE', #3123, 0.1499999999999973577 ) ;
#3044 = CARTESIAN_POINT ( 'NONE',  ( -18.62084014973762081, -0.5776676354181908835, 588.1086541735637638 ) ) ;
#3045 = CARTESIAN_POINT ( 'NONE',  ( -23.21315049512816131, -0.5776676354181914386, 588.2298794651993603 ) ) ;
#3046 = ADVANCED_FACE ( 'NONE', ( #937 ), #1688, .F. ) ;
#3047 = VERTEX_POINT ( 'NONE', #426 ) ;
#3048 = ORIENTED_EDGE ( 'NONE', *, *, #1512, .T. ) ;
#3049 = DIRECTION ( 'NONE',  ( -1.000000000000000000, 0.000000000000000000, -0.000000000000000000 ) ) ;
#3050 = DIRECTION ( 'NONE',  ( 1.000000000000000000, -0.000000000000000000, -0.000000000000000000 ) ) ;
#3051 = VERTEX_POINT ( 'NONE', #238 ) ;
#3052 = EDGE_CURVE ( 'NONE', #178, #3047, #1417, .T. ) ;
#3053 = ORIENTED_EDGE ( 'NONE', *, *, #3136, .T. ) ;
#3054 = LINE ( 'NONE', #265, #2778 ) ;
#3055 = CARTESIAN_POINT ( 'NONE',  ( 8.192209419069419241, -0.7210804178520435759, 591.2536541735638593 ) ) ;
#3056 = CARTESIAN_POINT ( 'NONE',  ( 21.34281513429038668, -8.523138563559184533, 586.2536541735638593 ) ) ;
#3057 = FACE_OUTER_BOUND ( 'NONE', #994, .T. ) ;
#3058 = CARTESIAN_POINT ( 'NONE',  ( -0.9274064616809114536, 5.672332364581810893, 587.6460073359205580 ) ) ;
#3059 = ORIENTED_EDGE ( 'NONE', *, *, #2613, .F. ) ;
#3060 = VERTEX_POINT ( 'NONE', #28 ) ;
#3061 = FACE_OUTER_BOUND ( 'NONE', #1098, .T. ) ;
#3062 = CARTESIAN_POINT ( 'NONE',  ( -19.36084014973762280, 5.672332364581810005, 588.3536541735637684 ) ) ;
#3063 = CYLINDRICAL_SURFACE ( 'NONE', #111, 0.9999999999999011902 ) ;
#3064 = VERTEX_POINT ( 'NONE', #2427 ) ;
#3065 = CARTESIAN_POINT ( 'NONE',  ( -5.880840149737620592, 5.672332364581810893, 588.3536541735637684 ) ) ;
#3066 = CARTESIAN_POINT ( 'NONE',  ( -9.360840149737622795, -0.5776676354181897732, 588.3536541735637684 ) ) ;
#3067 = DIRECTION ( 'NONE',  ( 0.000000000000000000, 0.000000000000000000, -1.000000000000000000 ) ) ;
#3068 = VECTOR ( 'NONE', #681, 1000.000000000000000 ) ;
#3069 = LINE ( 'NONE', #2359, #926 ) ;
#3070 = AXIS2_PLACEMENT_3D ( 'NONE', #1048, #1814, #780 ) ;
#3071 = EDGE_LOOP ( 'NONE', ( #1676, #2708, #1368, #424 ) ) ;
#3072 = VERTEX_POINT ( 'NONE', #3270 ) ;
#3073 = EDGE_CURVE ( 'NONE', #1349, #2511, #1000, .T. ) ;
#3074 = VERTEX_POINT ( 'NONE', #3045 ) ;
#3075 = CIRCLE ( 'NONE', #1755, 0.9999999999999003020 ) ;
#3076 = CARTESIAN_POINT ( 'NONE',  ( 0.1191598502623778949, 5.672332364581810893, 588.2036541735637911 ) ) ;
#3077 = DIRECTION ( 'NONE',  ( 1.175461362545449852E-16, -1.000000000000000000, -0.000000000000000000 ) ) ;
#3078 = VECTOR ( 'NONE', #695, 1000.000000000000000 ) ;
#3079 = AXIS2_PLACEMENT_3D ( 'NONE', #955, #231, #2238 ) ;
#3080 = EDGE_LOOP ( 'NONE', ( #5, #360, #950, #192 ) ) ;
#3081 = AXIS2_PLACEMENT_3D ( 'NONE', #2226, #3254, #2459 ) ;
#3082 = CARTESIAN_POINT ( 'NONE',  ( -8.028529804346971943, 5.672332364581810893, 588.2298794651993603 ) ) ;
#3083 = CIRCLE ( 'NONE', #1918, 0.5549999999997770050 ) ;
#3084 = CARTESIAN_POINT ( 'NONE',  ( -3.880840149737618816, 5.672332364581810893, 588.3536541735637684 ) ) ;
#3085 = DIRECTION ( 'NONE',  ( -1.000000000000000000, 0.000000000000000000, 0.000000000000000000 ) ) ;
#3086 = CARTESIAN_POINT ( 'NONE',  ( -21.88084014973761882, 5.672332364581809117, 588.2036541735637911 ) ) ;
#3087 = CARTESIAN_POINT ( 'NONE',  ( -7.360840149737621907, -0.5776676354181895512, 588.3536541735637684 ) ) ;
#3088 = ORIENTED_EDGE ( 'NONE', *, *, #141, .F. ) ;
#3089 = EDGE_CURVE ( 'NONE', #2586, #783, #134, .T. ) ;
#3090 = ORIENTED_EDGE ( 'NONE', *, *, #1527, .T. ) ;
#3091 = CARTESIAN_POINT ( 'NONE',  ( -16.02852980434697017, -0.5776676354181905504, 588.2298794651993603 ) ) ;
#3092 = DIRECTION ( 'NONE',  ( 1.000000000000000000, 0.000000000000000000, 0.000000000000000000 ) ) ;
#3093 = ORIENTED_EDGE ( 'NONE', *, *, #2906, .F. ) ;
#3094 = EDGE_CURVE ( 'NONE', #3242, #65, #253, .T. ) ;
#3095 = EDGE_CURVE ( 'NONE', #1496, #1459, #2256, .T. ) ;
#3096 = CIRCLE ( 'NONE', #1518, 0.1499999999999967193 ) ;
#3097 = ORIENTED_EDGE ( 'NONE', *, *, #234, .T. ) ;
#3098 = DIRECTION ( 'NONE',  ( 1.000000000000000000, 0.000000000000000000, 0.000000000000000000 ) ) ;
#3099 = CARTESIAN_POINT ( 'NONE',  ( -14.62084014973762081, -0.5776676354181904394, 588.1086541735637638 ) ) ;
#3100 = DIRECTION ( 'NONE',  ( 1.175461362545449852E-16, -1.000000000000000000, -0.000000000000000000 ) ) ;
#3101 = DIRECTION ( 'NONE',  ( -1.175461362545449852E-16, 1.000000000000000000, -0.000000000000000000 ) ) ;
#3102 = CARTESIAN_POINT ( 'NONE',  ( -15.36084014973762280, -0.5776676354181905504, 588.3536541735637684 ) ) ;
#3103 = EDGE_LOOP ( 'NONE', ( #2997, #262, #572, #448 ) ) ;
#3104 = ORIENTED_EDGE ( 'NONE', *, *, #1575, .T. ) ;
#3105 = CYLINDRICAL_SURFACE ( 'NONE', #2454, 0.5549999999997765610 ) ;
#3106 = FACE_OUTER_BOUND ( 'NONE', #2417, .T. ) ;
#3107 = VERTEX_POINT ( 'NONE', #270 ) ;
#3108 = EDGE_CURVE ( 'NONE', #303, #3171, #719, .T. ) ;
#3109 = ORIENTED_EDGE ( 'NONE', *, *, #2906, .T. ) ;
#3110 = LINE ( 'NONE', #1849, #20 ) ;
#3111 = CARTESIAN_POINT ( 'NONE',  ( -0.3142738377942919659, -0.5776676354181886630, 587.6460073359204443 ) ) ;
#3112 = DIRECTION ( 'NONE',  ( 1.000000000000000000, 0.000000000000000000, 0.000000000000000000 ) ) ;
#3113 = DIRECTION ( 'NONE',  ( 1.175461362545449852E-16, -1.000000000000000000, -0.000000000000000000 ) ) ;
#3114 = EDGE_CURVE ( 'NONE', #1137, #2339, #1033, .T. ) ;
#3115 = EDGE_CURVE ( 'NONE', #1058, #281, #398, .T. ) ;
#3116 = ORIENTED_EDGE ( 'NONE', *, *, #2557, .T. ) ;
#3117 = CARTESIAN_POINT ( 'NONE',  ( 8.895094791140571999, -0.9295137308015164468, 591.2536541735638593 ) ) ;
#3118 = ORIENTED_EDGE ( 'NONE', *, *, #384, .F. ) ;
#3119 = ORIENTED_EDGE ( 'NONE', *, *, #2631, .F. ) ;
#3120 = AXIS2_PLACEMENT_3D ( 'NONE', #2215, #1701, #2447 ) ;
#3121 = LINE ( 'NONE', #80, #1972 ) ;
#3122 = AXIS2_PLACEMENT_3D ( 'NONE', #524, #1282, #2610 ) ;
#3123 = AXIS2_PLACEMENT_3D ( 'NONE', #764, #1985, #2477 ) ;
#3124 = VERTEX_POINT ( 'NONE', #3102 ) ;
#3125 = AXIS2_PLACEMENT_3D ( 'NONE', #2624, #1107, #2117 ) ;
#3126 = AXIS2_PLACEMENT_3D ( 'NONE', #1822, #2837, #1530 ) ;
#3127 = VECTOR ( 'NONE', #1660, 1000.000000000000000 ) ;
#3128 = ORIENTED_EDGE ( 'NONE', *, *, #2618, .T. ) ;
#3129 = DIRECTION ( 'NONE',  ( 1.175461362545449852E-16, -1.000000000000000000, -0.000000000000000000 ) ) ;
#3130 = CARTESIAN_POINT ( 'NONE',  ( -21.88084014973761882, 5.672332364581809117, 588.3536541735637684 ) ) ;
#3131 = DIRECTION ( 'NONE',  ( 1.175461362545449852E-16, -1.000000000000000000, -0.000000000000000000 ) ) ;
#3132 = EDGE_CURVE ( 'NONE', #600, #3171, #1332, .T. ) ;
#3133 = FACE_OUTER_BOUND ( 'NONE', #706, .T. ) ;
#3134 = AXIS2_PLACEMENT_3D ( 'NONE', #49, #1060, #1248 ) ;
#3135 = DIRECTION ( 'NONE',  ( 1.000000000000000000, 4.170008355713481588E-16, 0.000000000000000000 ) ) ;
#3136 = EDGE_CURVE ( 'NONE', #2176, #3210, #2104, .T. ) ;
#3137 = VECTOR ( 'NONE', #2836, 1000.000000000000000 ) ;
#3138 = EDGE_CURVE ( 'NONE', #768, #2127, #1301, .T. ) ;
#3139 = DIRECTION ( 'NONE',  ( 1.000000000000000000, 4.170008355713537302E-16, 0.000000000000000000 ) ) ;
#3140 = ORIENTED_EDGE ( 'NONE', *, *, #1445, .T. ) ;
#3141 = CARTESIAN_POINT ( 'NONE',  ( -0.6208401497376224709, -0.5776676354181887740, 588.1086541735637638 ) ) ;
#3142 = ORIENTED_EDGE ( 'NONE', *, *, #2317, .T. ) ;
#3143 = CARTESIAN_POINT ( 'NONE',  ( 8.192209419069490295, 6.065744996343109818, 591.2536541735638593 ) ) ;
#3144 = DIRECTION ( 'NONE',  ( 1.175461362545449852E-16, -1.000000000000000000, -0.000000000000000000 ) ) ;
#3145 = ADVANCED_FACE ( 'NONE', ( #2566 ), #567, .F. ) ;
#3146 = DIRECTION ( 'NONE',  ( 0.000000000000000000, 0.000000000000000000, -1.000000000000000000 ) ) ;
#3147 = CARTESIAN_POINT ( 'NONE',  ( -21.88084014973761882, -0.5776676354181913275, 588.2036541735637911 ) ) ;
#3148 = EDGE_CURVE ( 'NONE', #2586, #2235, #3069, .T. ) ;
#3149 = EDGE_CURVE ( 'NONE', #2462, #3107, #313, .T. ) ;
#3150 = CARTESIAN_POINT ( 'NONE',  ( -21.21315049512816486, 5.672332364581810005, 588.2298794651993603 ) ) ;
#3151 = DIRECTION ( 'NONE',  ( 1.175461362545449852E-16, -1.000000000000000000, 0.000000000000000000 ) ) ;
#3152 = DIRECTION ( 'NONE',  ( 1.175461362545449852E-16, -1.000000000000000000, -0.000000000000000000 ) ) ;
#3153 = ORIENTED_EDGE ( 'NONE', *, *, #617, .F. ) ;
#3154 = EDGE_CURVE ( 'NONE', #2582, #48, #3261, .T. ) ;
#3155 = LINE ( 'NONE', #875, #3170 ) ;
#3156 = ORIENTED_EDGE ( 'NONE', *, *, #2095, .T. ) ;
#3157 = CARTESIAN_POINT ( 'NONE',  ( -0.9274064616809106765, -0.5776676354181887740, 587.6460073359205580 ) ) ;
#3158 = DIRECTION ( 'NONE',  ( 1.000000000000000000, 0.000000000000000000, 0.000000000000000000 ) ) ;
#3159 = VERTEX_POINT ( 'NONE', #2120 ) ;
#3160 = CARTESIAN_POINT ( 'NONE',  ( -13.02084014973762294, 5.672332364581810893, 588.3536541735637684 ) ) ;
#3161 = FACE_OUTER_BOUND ( 'NONE', #697, .T. ) ;
#3162 = DIRECTION ( 'NONE',  ( 1.175461362545449852E-16, -1.000000000000000000, -0.000000000000000000 ) ) ;
#3163 = VERTEX_POINT ( 'NONE', #2347 ) ;
#3164 = CARTESIAN_POINT ( 'NONE',  ( -23.36084014973762280, 5.672332364581809117, 588.2036541735637911 ) ) ;
#3165 = EDGE_LOOP ( 'NONE', ( #1917, #1773, #833, #327 ) ) ;
#3166 = CARTESIAN_POINT ( 'NONE',  ( -17.21315049512816131, 5.672332364581810005, 588.2298794651993603 ) ) ;
#3167 = ORIENTED_EDGE ( 'NONE', *, *, #1853, .T. ) ;
#3168 = VERTEX_POINT ( 'NONE', #1552 ) ;
#3169 = CARTESIAN_POINT ( 'NONE',  ( 0.1191598502623786304, -0.5776676354181886630, 588.2036541735637911 ) ) ;
#3170 = VECTOR ( 'NONE', #2880, 1000.000000000000000 ) ;
#3171 = VERTEX_POINT ( 'NONE', #839 ) ;
#3172 = CARTESIAN_POINT ( 'NONE',  ( -10.02852980434697194, 5.672332364581810893, 588.2298794651993603 ) ) ;
#3173 = AXIS2_PLACEMENT_3D ( 'NONE', #948, #2461, #2249 ) ;
#3174 = EDGE_CURVE ( 'NONE', #1052, #1951, #82, .T. ) ;
#3175 = DIRECTION ( 'NONE',  ( -1.000000000000000000, 0.000000000000000000, 0.000000000000000000 ) ) ;
#3176 = EDGE_LOOP ( 'NONE', ( #334, #1218, #3153, #205 ) ) ;
#3177 = DIRECTION ( 'NONE',  ( -1.175461362545449852E-16, 1.000000000000000000, -0.000000000000000000 ) ) ;
#3178 = AXIS2_PLACEMENT_3D ( 'NONE', #3003, #2759, #483 ) ;
#3179 = DIRECTION ( 'NONE',  ( 1.175461362545449852E-16, -1.000000000000000000, -0.000000000000000000 ) ) ;
#3180 = CARTESIAN_POINT ( 'NONE',  ( -3.880840149737617928, -0.5776676354181891071, 588.2036541735637911 ) ) ;
#3181 = CIRCLE ( 'NONE', #2607, 0.9999999999999011902 ) ;
#3182 = ORIENTED_EDGE ( 'NONE', *, *, #1745, .T. ) ;
#3183 = CYLINDRICAL_SURFACE ( 'NONE', #2078, 0.1499999999999964972 ) ;
#3184 = CYLINDRICAL_SURFACE ( 'NONE', #1274, 0.9999999999999003020 ) ;
#3185 = DIRECTION ( 'NONE',  ( 1.175461362545449852E-16, -1.000000000000000000, -0.000000000000000000 ) ) ;
#3186 = ORIENTED_EDGE ( 'NONE', *, *, #2597, .F. ) ;
#3187 = AXIS2_PLACEMENT_3D ( 'NONE', #457, #196, #1979 ) ;
#3188 = ORIENTED_EDGE ( 'NONE', *, *, #1259, .T. ) ;
#3189 = EDGE_CURVE ( 'NONE', #2933, #89, #3001, .T. ) ;
#3190 = DIRECTION ( 'NONE',  ( 1.000000000000000000, 0.000000000000000000, 0.000000000000000000 ) ) ;
#3191 = PRODUCT_DEFINITION_SHAPE ( 'NONE', 'NONE',  #1740 ) ;
#3192 = CARTESIAN_POINT ( 'NONE',  ( -5.880840149737619704, -0.5776676354181893291, 588.3536541735637684 ) ) ;
#3193 = ORIENTED_EDGE ( 'NONE', *, *, #704, .F. ) ;
#3194 = ADVANCED_FACE ( 'NONE', ( #3133 ), #2857, .T. ) ;
#3195 = CARTESIAN_POINT ( 'NONE',  ( 25.87656247006680132, 14.67233200814618677, 591.2536541735638593 ) ) ;
#3196 = CARTESIAN_POINT ( 'NONE',  ( -1.213150495128164419, -0.5776676354181887740, 588.2298794651993603 ) ) ;
#3197 = ORIENTED_EDGE ( 'NONE', *, *, #77, .T. ) ;
#3198 = CARTESIAN_POINT ( 'NONE',  ( -13.36084014973762280, -0.5776676354181902173, 588.3536541735637684 ) ) ;
#3199 = PLANE ( 'NONE',  #963 ) ;
#3200 = EDGE_LOOP ( 'NONE', ( #2876, #1383, #727, #3221 ) ) ;
#3201 = CARTESIAN_POINT ( 'NONE',  ( 14.78630183183445013, 10.06882165075653113, 586.2536541735638593 ) ) ;
#3202 = CARTESIAN_POINT ( 'NONE',  ( 1.971470195653027613, -0.5776676354181884410, 588.2298794651993603 ) ) ;
#3203 = CARTESIAN_POINT ( 'NONE',  ( -4.220840149737617786, -0.5776676354181892181, 588.3536541735637684 ) ) ;
#3204 = DIRECTION ( 'NONE',  ( 1.175461362545449852E-16, -1.000000000000000000, 0.000000000000000000 ) ) ;
#3205 = VECTOR ( 'NONE', #2200, 1000.000000000000000 ) ;
#3206 = ORIENTED_EDGE ( 'NONE', *, *, #3154, .F. ) ;
#3207 = VERTEX_POINT ( 'NONE', #41 ) ;
#3208 = CARTESIAN_POINT ( 'NONE',  ( -6.314273837794291744, 5.672332364581810893, 587.6460073359204443 ) ) ;
#3209 = CARTESIAN_POINT ( 'NONE',  ( -17.36084014973761924, -0.5776676354181907724, 588.3536541735637684 ) ) ;
#3210 = VERTEX_POINT ( 'NONE', #2874 ) ;
#3211 = FACE_OUTER_BOUND ( 'NONE', #1432, .T. ) ;
#3212 = EDGE_CURVE ( 'NONE', #940, #2675, #1569, .T. ) ;
#3213 = ORIENTED_EDGE ( 'NONE', *, *, #1354, .T. ) ;
#3214 = LINE ( 'NONE', #2747, #123 ) ;
#3215 = CARTESIAN_POINT ( 'NONE',  ( -23.62084014973762081, 5.672332364581809117, 588.3536541735637684 ) ) ;
#3216 = CARTESIAN_POINT ( 'NONE',  ( 8.192209419069490295, 6.065744996343109818, 591.2536541735638593 ) ) ;
#3217 = CARTESIAN_POINT ( 'NONE',  ( -1.880840149737619704, -0.5776676354181888851, 588.3536541735637684 ) ) ;
#3218 = EDGE_LOOP ( 'NONE', ( #2036, #650, #1101, #2067 ) ) ;
#3219 = DIRECTION ( 'NONE',  ( -1.000000000000000000, 0.000000000000000000, 0.000000000000000000 ) ) ;
#3220 = ORIENTED_EDGE ( 'NONE', *, *, #1507, .T. ) ;
#3221 = ORIENTED_EDGE ( 'NONE', *, *, #1339, .T. ) ;
#3222 = DIRECTION ( 'NONE',  ( 1.000000000000000000, 0.000000000000000000, 0.000000000000000000 ) ) ;
#3223 = ORIENTED_EDGE ( 'NONE', *, *, #989, .T. ) ;
#3224 = DIRECTION ( 'NONE',  ( 1.000000000000000000, 1.953517427902591672E-16, 0.000000000000000000 ) ) ;
#3225 = CARTESIAN_POINT ( 'NONE',  ( -0.6208401497376232481, 5.672332364581810893, 588.1086541735637638 ) ) ;
#3226 = ORIENTED_EDGE ( 'NONE', *, *, #2080, .F. ) ;
#3227 = DIRECTION ( 'NONE',  ( 1.000000000000000000, 0.000000000000000000, 0.000000000000000000 ) ) ;
#3228 = AXIS2_PLACEMENT_3D ( 'NONE', #407, #1933, #1970 ) ;
#3229 = CARTESIAN_POINT ( 'NONE',  ( -20.22084014973762223, 5.672332364581810005, 588.3536541735637684 ) ) ;
#3230 = VECTOR ( 'NONE', #2996, 1000.000000000000000 ) ;
#3231 = ORIENTED_EDGE ( 'NONE', *, *, #23, .T. ) ;
#3232 = AXIS2_PLACEMENT_3D ( 'NONE', #2358, #811, #3112 ) ;
#3233 = CARTESIAN_POINT ( 'NONE',  ( 25.87656247006680843, 14.67233200814618499, 586.2536541735638593 ) ) ;
#3234 = EDGE_CURVE ( 'NONE', #1988, #428, #579, .T. ) ;
#3235 = CIRCLE ( 'NONE', #2234, 0.5549999999997765610 ) ;
#3236 = DIRECTION ( 'NONE',  ( 1.000000000000000000, 0.000000000000000000, 0.000000000000000000 ) ) ;
#3237 = CARTESIAN_POINT ( 'NONE',  ( -22.62084014973762081, 5.672332364581809117, 588.1086541735637638 ) ) ;
#3238 = DIRECTION ( 'NONE',  ( 1.000000000000000000, 0.000000000000000000, 0.000000000000000000 ) ) ;
#3239 = CIRCLE ( 'NONE', #493, 0.5549999999997761169 ) ;
#3240 = AXIS2_PLACEMENT_3D ( 'NONE', #214, #1480, #2488 ) ;
#3241 = ORIENTED_EDGE ( 'NONE', *, *, #668, .T. ) ;
#3242 = VERTEX_POINT ( 'NONE', #300 ) ;
#3243 = ADVANCED_FACE ( 'NONE', ( #1315 ), #1614, .F. ) ;
#3244 = DIRECTION ( 'NONE',  ( 1.000000000000000000, 0.000000000000000000, 0.000000000000000000 ) ) ;
#3245 = VERTEX_POINT ( 'NONE', #796 ) ;
#3246 = AXIS2_PLACEMENT_3D ( 'NONE', #3160, #1590, #3098 ) ;
#3247 = CARTESIAN_POINT ( 'NONE',  ( -7.360840149737622795, 5.672332364581810893, 588.2036541735637911 ) ) ;
#3248 = FACE_OUTER_BOUND ( 'NONE', #2318, .T. ) ;
#3249 = EDGE_LOOP ( 'NONE', ( #195, #1002, #920, #1209 ) ) ;
#3250 = CARTESIAN_POINT ( 'NONE',  ( -16.02852980434697017, 5.672332364581810005, 588.2298794651993603 ) ) ;
#3251 = DIRECTION ( 'NONE',  ( -1.000000000000000000, 0.000000000000000000, -0.000000000000000000 ) ) ;
#3252 = ORIENTED_EDGE ( 'NONE', *, *, #1630, .F. ) ;
#3253 = CARTESIAN_POINT ( 'NONE',  ( -23.36084014973762280, 5.672332364581809117, 588.3536541735637684 ) ) ;
#3254 = DIRECTION ( 'NONE',  ( 1.175461362545449852E-16, -1.000000000000000000, -0.000000000000000000 ) ) ;
#3255 = CARTESIAN_POINT ( 'NONE',  ( 9.954485713224210386, -1.394427912087249588, 586.2536541735638593 ) ) ;
#3256 = CARTESIAN_POINT ( 'NONE',  ( -23.62084014973762081, 5.672332364581809117, 589.0536541735638139 ) ) ;
#3257 = PRODUCT_RELATED_PRODUCT_CATEGORY ( 'part', '', ( #257 ) ) ;
#3258 = VERTEX_POINT ( 'NONE', #1815 ) ;
#3259 = ADVANCED_FACE ( 'NONE', ( #2373 ), #2581, .F. ) ;
#3260 = VERTEX_POINT ( 'NONE', #2208 ) ;
#3261 = CIRCLE ( 'NONE', #1670, 0.1499999999999964972 ) ;
#3262 = CARTESIAN_POINT ( 'NONE',  ( -8.028529804346971943, -0.5776676354181896622, 588.2298794651993603 ) ) ;
#3263 = LINE ( 'NONE', #1559, #2501 ) ;
#3264 = ORIENTED_EDGE ( 'NONE', *, *, #1003, .T. ) ;
#3265 = CARTESIAN_POINT ( 'NONE',  ( 0.1191598502623786304, -0.5776676354181886630, 588.3536541735637684 ) ) ;
#3266 = CARTESIAN_POINT ( 'NONE',  ( -13.88084014973762059, 5.672332364581810005, 588.2036541735637911 ) ) ;
#3267 = CARTESIAN_POINT ( 'NONE',  ( 9.954485713224210386, -1.394427912087249588, 586.2536541735638593 ) ) ;
#3268 = DIRECTION ( 'NONE',  ( 0.000000000000000000, 0.000000000000000000, -1.000000000000000000 ) ) ;
#3269 = DIRECTION ( 'NONE',  ( 0.000000000000000000, 1.000000000000000000, 0.000000000000000000 ) ) ;
#3270 = CARTESIAN_POINT ( 'NONE',  ( -4.028529804346970167, -0.5776676354181891071, 588.2298794651993603 ) ) ;
#3271 = APPLICATION_CONTEXT ( 'automotive_design' ) ;
ENDSEC;
END-ISO-10303-21;
