ISO-10303-21;
HEADER;
FILE_DESCRIPTION (( 'STEP AP214' ),
    '1' );
FILE_NAME ('Gear A.STEP',
    '2026-06-12T13:35:12',
    ( '' ),
    ( '' ),
    'SwSTEP 2.0',
    'SolidWorks 2025',
    '' );
FILE_SCHEMA (( 'AUTOMOTIVE_DESIGN' ));
ENDSEC;

DATA;
#1 = EDGE_CURVE ( 'NONE', #4092, #3439, #2267, .T. ) ;
#2 = EDGE_LOOP ( 'NONE', ( #511, #288, #3936, #533 ) ) ;
#3 = DIRECTION ( 'NONE',  ( -0.2710357666310572733, -0.9625692770947528176, 0.000000000000000000 ) ) ;
#4 = LINE ( 'NONE', #3649, #3108 ) ;
#5 = CARTESIAN_POINT ( 'NONE',  ( -6.385651232246003950, -1.086378002196557224, 11.00000000000000000 ) ) ;
#6 = DIRECTION ( 'NONE',  ( -0.3158481056732381775, 0.9488097670990888188, 0.000000000000000000 ) ) ;
#7 = DIRECTION ( 'NONE',  ( 0.3735189887589037694, 0.9276225337045914676, 0.000000000000000000 ) ) ;
#8 = ORIENTED_EDGE ( 'NONE', *, *, #3356, .F. ) ;
#9 = CARTESIAN_POINT ( 'NONE',  ( -2.500000000000000000, 3.061616997868383141E-16, -22.00000000000000000 ) ) ;
#10 = VECTOR ( 'NONE', #3324, 1000.000000000000000 ) ;
#11 = ADVANCED_FACE ( 'NONE', ( #1549 ), #3456, .T. ) ;
#12 = ORIENTED_EDGE ( 'NONE', *, *, #4203, .F. ) ;
#13 = VERTEX_POINT ( 'NONE', #3158 ) ;
#14 = ORIENTED_EDGE ( 'NONE', *, *, #3826, .F. ) ;
#15 = VECTOR ( 'NONE', #991, 1000.000000000000114 ) ;
#16 = CIRCLE ( 'NONE', #2475, 10.50000000000000000 ) ;
#17 = AXIS2_PLACEMENT_3D ( 'NONE', #3914, #2489, #4217 ) ;
#18 = ORIENTED_EDGE ( 'NONE', *, *, #4161, .T. ) ;
#19 = ORIENTED_EDGE ( 'NONE', *, *, #1471, .F. ) ;
#20 = CARTESIAN_POINT ( 'NONE',  ( 0.000000000000000000, 0.000000000000000000, 11.00000000000000000 ) ) ;
#21 = CARTESIAN_POINT ( 'NONE',  ( 0.000000000000000000, 0.000000000000000000, 11.00000000000000000 ) ) ;
#22 = LINE ( 'NONE', #111, #1569 ) ;
#23 = VECTOR ( 'NONE', #1137, 1000.000000000000114 ) ;
#24 = ORIENTED_EDGE ( 'NONE', *, *, #25, .F. ) ;
#25 = EDGE_CURVE ( 'NONE', #3271, #1528, #1630, .T. ) ;
#26 = VERTEX_POINT ( 'NONE', #3140 ) ;
#27 = CARTESIAN_POINT ( 'NONE',  ( 4.954567246654685952, -10.16022678691545877, 11.00000000000000000 ) ) ;
#28 = CARTESIAN_POINT ( 'NONE',  ( 11.20131120659796409, 1.519398636342918385, 5.000000000000000000 ) ) ;
#29 = DIRECTION ( 'NONE',  ( 0.9050319475970136640, 0.4253435950249589981, 0.000000000000000000 ) ) ;
#30 = AXIS2_PLACEMENT_3D ( 'NONE', #1958, #456, #3638 ) ;
#31 = FACE_OUTER_BOUND ( 'NONE', #473, .T. ) ;
#32 = VECTOR ( 'NONE', #3874, 1000.000000000000227 ) ;
#33 = EDGE_CURVE ( 'NONE', #2535, #1737, #4181, .T. ) ;
#34 = VECTOR ( 'NONE', #876, 1000.000000000000227 ) ;
#35 = VERTEX_POINT ( 'NONE', #1805 ) ;
#36 = ORIENTED_EDGE ( 'NONE', *, *, #67, .F. ) ;
#37 = ORIENTED_EDGE ( 'NONE', *, *, #1026, .T. ) ;
#38 = AXIS2_PLACEMENT_3D ( 'NONE', #2998, #2623, #4014 ) ;
#39 = CIRCLE ( 'NONE', #2216, 10.50000000000000000 ) ;
#40 = ORIENTED_EDGE ( 'NONE', *, *, #2951, .T. ) ;
#41 = EDGE_LOOP ( 'NONE', ( #1840, #986, #3794, #2154 ) ) ;
#42 = EDGE_CURVE ( 'NONE', #2024, #3178, #487, .T. ) ;
#43 = DIRECTION ( 'NONE',  ( 0.9926118128115598571, -0.1213333798546334247, 0.000000000000000000 ) ) ;
#44 = CARTESIAN_POINT ( 'NONE',  ( 4.724036929421081332, 9.377285059624981045, 11.00000000000000000 ) ) ;
#45 = DIRECTION ( 'NONE',  ( -0.000000000000000000, -0.000000000000000000, -1.000000000000000000 ) ) ;
#46 = ORIENTED_EDGE ( 'NONE', *, *, #2203, .T. ) ;
#47 = DIRECTION ( 'NONE',  ( -0.9338180713409593992, -0.3577482489643396546, 0.000000000000000000 ) ) ;
#48 = LINE ( 'NONE', #1064, #2328 ) ;
#49 = LINE ( 'NONE', #1133, #1220 ) ;
#50 = CARTESIAN_POINT ( 'NONE',  ( -7.000000000000000000, 0.000000000000000000, 1.000000000000000000 ) ) ;
#51 = LINE ( 'NONE', #3111, #1094 ) ;
#52 = CARTESIAN_POINT ( 'NONE',  ( 7.604739771919065916, 8.363365229653085819, 11.00000000000000000 ) ) ;
#53 = VERTEX_POINT ( 'NONE', #835 ) ;
#54 = CARTESIAN_POINT ( 'NONE',  ( 3.904381720551783452, 10.60819251066830660, 11.00000000000000000 ) ) ;
#55 = VERTEX_POINT ( 'NONE', #1529 ) ;
#56 = EDGE_LOOP ( 'NONE', ( #1551, #2067, #3524, #3647 ) ) ;
#57 = EDGE_CURVE ( 'NONE', #3597, #3296, #3672, .T. ) ;
#58 = ORIENTED_EDGE ( 'NONE', *, *, #838, .F. ) ;
#59 = ORIENTED_EDGE ( 'NONE', *, *, #1166, .T. ) ;
#60 = PLANE ( 'NONE',  #2558 ) ;
#61 = DIRECTION ( 'NONE',  ( 0.9090986164355365773, 0.4165809712348768623, 0.000000000000000000 ) ) ;
#62 = CARTESIAN_POINT ( 'NONE',  ( 6.589195711599447058, -9.184794218566759483, 11.00000000000000000 ) ) ;
#63 = EDGE_LOOP ( 'NONE', ( #1658, #2543, #816, #3539 ) ) ;
#64 = VERTEX_POINT ( 'NONE', #3867 ) ;
#65 = CARTESIAN_POINT ( 'NONE',  ( 10.87763592925548117, -3.062873980476187530, 11.00000000000000000 ) ) ;
#66 = DIRECTION ( 'NONE',  ( -0.9945251283238637496, -0.1044976991727672583, 0.000000000000000000 ) ) ;
#67 = EDGE_CURVE ( 'NONE', #3692, #4019, #4225, .T. ) ;
#68 = DIRECTION ( 'NONE',  ( -0.000000000000000000, -0.000000000000000000, -1.000000000000000000 ) ) ;
#69 = ORIENTED_EDGE ( 'NONE', *, *, #2091, .F. ) ;
#70 = CARTESIAN_POINT ( 'NONE',  ( 9.836787055698852811, -5.569162000158855541, 11.00000000000000000 ) ) ;
#71 = DIRECTION ( 'NONE',  ( 1.000000000000000000, 0.000000000000000000, 0.000000000000000000 ) ) ;
#72 = DIRECTION ( 'NONE',  ( 0.9130804469446885951, 0.4077794715373589951, 0.000000000000000000 ) ) ;
#73 = DIRECTION ( 'NONE',  ( -1.000000000000000000, 0.000000000000000000, 0.000000000000000000 ) ) ;
#74 = EDGE_CURVE ( 'NONE', #156, #1807, #309, .T. ) ;
#75 = ORIENTED_EDGE ( 'NONE', *, *, #4294, .T. ) ;
#76 = ORIENTED_EDGE ( 'NONE', *, *, #1092, .T. ) ;
#77 = VECTOR ( 'NONE', #4015, 1000.000000000000114 ) ;
#78 = EDGE_CURVE ( 'NONE', #1957, #55, #3227, .T. ) ;
#79 = VERTEX_POINT ( 'NONE', #2450 ) ;
#80 = VECTOR ( 'NONE', #3966, 1000.000000000000000 ) ;
#81 = ORIENTED_EDGE ( 'NONE', *, *, #665, .F. ) ;
#82 = CARTESIAN_POINT ( 'NONE',  ( 10.09300390059634012, -5.090109745941135522, 11.00000000000000000 ) ) ;
#83 = CARTESIAN_POINT ( 'NONE',  ( -1.482567108891095664, -10.39480614382174650, 5.000000000000000000 ) ) ;
#84 = ORIENTED_EDGE ( 'NONE', *, *, #67, .T. ) ;
#85 = VECTOR ( 'NONE', #1429, 1000.000000000000114 ) ;
#86 = EDGE_CURVE ( 'NONE', #1204, #1940, #3795, .T. ) ;
#87 = VERTEX_POINT ( 'NONE', #4160 ) ;
#88 = LINE ( 'NONE', #1436, #887 ) ;
#89 = CARTESIAN_POINT ( 'NONE',  ( 5.110407255347202415, -9.172444477046164835, 5.000000000000000000 ) ) ;
#90 = AXIS2_PLACEMENT_3D ( 'NONE', #2377, #1416, #3745 ) ;
#91 = ADVANCED_FACE ( 'NONE', ( #3823 ), #2157, .T. ) ;
#92 = AXIS2_PLACEMENT_3D ( 'NONE', #2819, #4137, #1509 ) ;
#93 = DIRECTION ( 'NONE',  ( -0.000000000000000000, -0.000000000000000000, -1.000000000000000000 ) ) ;
#94 = ADVANCED_FACE ( 'NONE', ( #2135 ), #1825, .T. ) ;
#95 = CIRCLE ( 'NONE', #4035, 4.000000000000000000 ) ;
#96 = ORIENTED_EDGE ( 'NONE', *, *, #960, .F. ) ;
#97 = PLANE ( 'NONE',  #3457 ) ;
#98 = LINE ( 'NONE', #1801, #3952 ) ;
#99 = LINE ( 'NONE', #832, #2478 ) ;
#100 = VERTEX_POINT ( 'NONE', #2231 ) ;
#101 = AXIS2_PLACEMENT_3D ( 'NONE', #2672, #2718, #2303 ) ;
#102 = ORIENTED_EDGE ( 'NONE', *, *, #427, .F. ) ;
#103 = ORIENTED_EDGE ( 'NONE', *, *, #2367, .F. ) ;
#104 = AXIS2_PLACEMENT_3D ( 'NONE', #2840, #1222, #3881 ) ;
#105 = ORIENTED_EDGE ( 'NONE', *, *, #2290, .T. ) ;
#106 = AXIS2_PLACEMENT_3D ( 'NONE', #4276, #4334, #640 ) ;
#107 = ORIENTED_EDGE ( 'NONE', *, *, #1257, .F. ) ;
#108 = CARTESIAN_POINT ( 'NONE',  ( 10.29929669993096830, -2.043156256087886646, 5.000000000000000000 ) ) ;
#109 = EDGE_CURVE ( 'NONE', #55, #64, #1893, .T. ) ;
#110 = DIRECTION ( 'NONE',  ( 0.000000000000000000, 0.000000000000000000, -1.000000000000000000 ) ) ;
#111 = CARTESIAN_POINT ( 'NONE',  ( -7.019795305816823650, -7.808487296809292211, 11.00000000000000000 ) ) ;
#112 = EDGE_CURVE ( 'NONE', #577, #2505, #238, .T. ) ;
#113 = VECTOR ( 'NONE', #262, 1000.000000000000000 ) ;
#114 = VERTEX_POINT ( 'NONE', #3593 ) ;
#115 = EDGE_CURVE ( 'NONE', #1724, #2655, #1595, .T. ) ;
#116 = LINE ( 'NONE', #3805, #2630 ) ;
#117 = CARTESIAN_POINT ( 'NONE',  ( -6.048716639856849042, -2.317279835121281995, 5.000000000000000000 ) ) ;
#118 = EDGE_CURVE ( 'NONE', #4046, #4001, #266, .T. ) ;
#119 = DIRECTION ( 'NONE',  ( 0.9999933680726833529, -0.003641951489370385837, 0.000000000000000000 ) ) ;
#120 = EDGE_CURVE ( 'NONE', #2406, #1697, #3446, .T. ) ;
#121 = ORIENTED_EDGE ( 'NONE', *, *, #768, .T. ) ;
#122 = LINE ( 'NONE', #1478, #3531 ) ;
#123 = CARTESIAN_POINT ( 'NONE',  ( -9.649692386282916701, -4.139255591300632808, 5.000000000000000000 ) ) ;
#124 = CARTESIAN_POINT ( 'NONE',  ( -0.04115633369574200895, -11.30055160538212178, 11.00000000000000000 ) ) ;
#125 = PLANE ( 'NONE',  #1104 ) ;
#126 = ORIENTED_EDGE ( 'NONE', *, *, #1, .F. ) ;
#127 = DIRECTION ( 'NONE',  ( 1.000000000000000000, 0.000000000000000000, 0.000000000000000000 ) ) ;
#128 = LINE ( 'NONE', #488, #1787 ) ;
#129 = ORIENTED_EDGE ( 'NONE', *, *, #3939, .T. ) ;
#130 = ORIENTED_EDGE ( 'NONE', *, *, #2378, .T. ) ;
#131 = ORIENTED_EDGE ( 'NONE', *, *, #1982, .F. ) ;
#132 = CARTESIAN_POINT ( 'NONE',  ( 0.000000000000000000, 0.000000000000000000, 1.000000000000000000 ) ) ;
#133 = VERTEX_POINT ( 'NONE', #2934 ) ;
#134 = ORIENTED_EDGE ( 'NONE', *, *, #3005, .F. ) ;
#135 = CARTESIAN_POINT ( 'NONE',  ( 0.000000000000000000, 0.000000000000000000, 11.00000000000000000 ) ) ;
#136 = LINE ( 'NONE', #424, #863 ) ;
#137 = DIRECTION ( 'NONE',  ( 0.9060401849579424738, -0.4231916625376465069, 0.000000000000000000 ) ) ;
#138 = EDGE_CURVE ( 'NONE', #2092, #3336, #600, .T. ) ;
#139 = ORIENTED_EDGE ( 'NONE', *, *, #1324, .T. ) ;
#140 = CARTESIAN_POINT ( 'NONE',  ( 2.797748923831675949, 5.842033873809643119, 11.00000000000000000 ) ) ;
#141 = LINE ( 'NONE', #2776, #3027 ) ;
#142 = LINE ( 'NONE', #1158, #2044 ) ;
#143 = DIRECTION ( 'NONE',  ( -1.000000000000000000, 0.000000000000000000, 0.000000000000000000 ) ) ;
#144 = ADVANCED_FACE ( 'NONE', ( #1230 ), #4249, .T. ) ;
#145 = EDGE_CURVE ( 'NONE', #204, #2519, #1838, .T. ) ;
#146 = VERTEX_POINT ( 'NONE', #804 ) ;
#147 = ORIENTED_EDGE ( 'NONE', *, *, #478, .T. ) ;
#148 = ADVANCED_FACE ( 'NONE', ( #4263 ), #2462, .T. ) ;
#149 = ORIENTED_EDGE ( 'NONE', *, *, #2853, .T. ) ;
#150 = VERTEX_POINT ( 'NONE', #3809 ) ;
#151 = CARTESIAN_POINT ( 'NONE',  ( 0.000000000000000000, 0.000000000000000000, 11.00000000000000000 ) ) ;
#152 = ORIENTED_EDGE ( 'NONE', *, *, #3233, .F. ) ;
#153 = CARTESIAN_POINT ( 'NONE',  ( 0.000000000000000000, 0.000000000000000000, 5.000000000000000000 ) ) ;
#154 = DIRECTION ( 'NONE',  ( -0.000000000000000000, 0.000000000000000000, 1.000000000000000000 ) ) ;
#155 = VECTOR ( 'NONE', #2039, 1000.000000000000114 ) ;
#156 = VERTEX_POINT ( 'NONE', #3150 ) ;
#157 = CARTESIAN_POINT ( 'NONE',  ( -3.950920986310968885, 5.132931149301463769, 11.00000000000000000 ) ) ;
#158 = DIRECTION ( 'NONE',  ( 0.9778966340309797056, -0.2090889120706310167, 0.000000000000000000 ) ) ;
#159 = CARTESIAN_POINT ( 'NONE',  ( 0.000000000000000000, 0.000000000000000000, 11.00000000000000000 ) ) ;
#160 = VECTOR ( 'NONE', #652, 1000.000000000000000 ) ;
#161 = EDGE_CURVE ( 'NONE', #3738, #1681, #1562, .T. ) ;
#162 = ORIENTED_EDGE ( 'NONE', *, *, #1467, .F. ) ;
#163 = AXIS2_PLACEMENT_3D ( 'NONE', #153, #110, #4142 ) ;
#164 = VECTOR ( 'NONE', #1001, 1000.000000000000000 ) ;
#165 = CARTESIAN_POINT ( 'NONE',  ( -4.961979117955872987, 4.163594847786154851, 11.00000000000000000 ) ) ;
#166 = DIRECTION ( 'NONE',  ( -1.000000000000000000, 0.000000000000000000, 0.000000000000000000 ) ) ;
#167 = DIRECTION ( 'NONE',  ( -0.000000000000000000, -0.000000000000000000, -1.000000000000000000 ) ) ;
#168 = AXIS2_PLACEMENT_3D ( 'NONE', #4307, #2907, #2643 ) ;
#169 = LINE ( 'NONE', #214, #3399 ) ;
#170 = ORIENTED_EDGE ( 'NONE', *, *, #1925, .F. ) ;
#171 = AXIS2_PLACEMENT_3D ( 'NONE', #3670, #2352, #2697 ) ;
#172 = VERTEX_POINT ( 'NONE', #4171 ) ;
#173 = FACE_OUTER_BOUND ( 'NONE', #4293, .T. ) ;
#174 = AXIS2_PLACEMENT_3D ( 'NONE', #1533, #287, #3621 ) ;
#175 = ADVANCED_FACE ( 'NONE', ( #2837 ), #3877, .T. ) ;
#176 = ORIENTED_EDGE ( 'NONE', *, *, #2473, .T. ) ;
#177 = EDGE_LOOP ( 'NONE', ( #1086, #4301, #2037, #3578 ) ) ;
#178 = ORIENTED_EDGE ( 'NONE', *, *, #2110, .T. ) ;
#179 = CARTESIAN_POINT ( 'NONE',  ( 0.000000000000000000, 0.000000000000000000, 5.000000000000000000 ) ) ;
#180 = VECTOR ( 'NONE', #3, 1000.000000000000114 ) ;
#181 = EDGE_CURVE ( 'NONE', #853, #1676, #1485, .T. ) ;
#182 = AXIS2_PLACEMENT_3D ( 'NONE', #3775, #2779, #3070 ) ;
#183 = ORIENTED_EDGE ( 'NONE', *, *, #969, .F. ) ;
#184 = CARTESIAN_POINT ( 'NONE',  ( 1.406813522612568867, -10.40532919770414999, 11.00000000000000000 ) ) ;
#185 = DIRECTION ( 'NONE',  ( -1.000000000000000000, 0.000000000000000000, 0.000000000000000000 ) ) ;
#186 = LINE ( 'NONE', #1521, #2336 ) ;
#187 = CIRCLE ( 'NONE', #327, 10.50000000000000000 ) ;
#188 = ORIENTED_EDGE ( 'NONE', *, *, #821, .F. ) ;
#189 = VECTOR ( 'NONE', #3405, 1000.000000000000114 ) ;
#190 = EDGE_CURVE ( 'NONE', #3296, #307, #1994, .T. ) ;
#191 = LINE ( 'NONE', #1774, #2126 ) ;
#192 = CARTESIAN_POINT ( 'NONE',  ( 7.000000000000000000, 8.572527594031473190E-16, 1.000000000000000000 ) ) ;
#193 = DIRECTION ( 'NONE',  ( -0.9999933680726833529, 0.003641951489370385403, 0.000000000000000000 ) ) ;
#194 = ORIENTED_EDGE ( 'NONE', *, *, #4076, .F. ) ;
#195 = CARTESIAN_POINT ( 'NONE',  ( 2.500000000000000000, 0.000000000000000000, -22.00000000000000000 ) ) ;
#196 = ORIENTED_EDGE ( 'NONE', *, *, #2758, .T. ) ;
#197 = CARTESIAN_POINT ( 'NONE',  ( 0.000000000000000000, 0.000000000000000000, 12.00000000000000000 ) ) ;
#198 = PLANE ( 'NONE',  #4275 ) ;
#199 = ADVANCED_FACE ( 'NONE', ( #2030, #758 ), #4007, .T. ) ;
#200 = VERTEX_POINT ( 'NONE', #4115 ) ;
#201 = EDGE_CURVE ( 'NONE', #1960, #2490, #2293, .T. ) ;
#202 = ORIENTED_EDGE ( 'NONE', *, *, #2889, .T. ) ;
#203 = CARTESIAN_POINT ( 'NONE',  ( -3.827009614007169436, 10.63635004959288288, 11.00000000000000000 ) ) ;
#204 = VERTEX_POINT ( 'NONE', #599 ) ;
#205 = DIRECTION ( 'NONE',  ( -0.000000000000000000, 0.000000000000000000, 1.000000000000000000 ) ) ;
#206 = ORIENTED_EDGE ( 'NONE', *, *, #3666, .F. ) ;
#207 = LINE ( 'NONE', #3192, #3393 ) ;
#208 = DIRECTION ( 'NONE',  ( -1.000000000000000000, 0.000000000000000000, 0.000000000000000000 ) ) ;
#209 = LINE ( 'NONE', #3876, #3896 ) ;
#210 = ORIENTED_EDGE ( 'NONE', *, *, #583, .T. ) ;
#211 = PLANE ( 'NONE',  #1848 ) ;
#212 = LINE ( 'NONE', #2531, #4166 ) ;
#213 = CARTESIAN_POINT ( 'NONE',  ( -6.251618380275175468, 1.695295387520142416, 11.00000000000000000 ) ) ;
#214 = CARTESIAN_POINT ( 'NONE',  ( -8.639495681600477539, -7.284454323922589403, 5.000000000000000000 ) ) ;
#215 = ORIENTED_EDGE ( 'NONE', *, *, #2517, .T. ) ;
#216 = DIRECTION ( 'NONE',  ( -0.8599444367698223513, 0.5103876621438188099, 0.000000000000000000 ) ) ;
#217 = DIRECTION ( 'NONE',  ( -0.9464840057326158185, 0.3227507194296265203, 0.000000000000000000 ) ) ;
#218 = EDGE_LOOP ( 'NONE', ( #2229, #2114, #683, #2828 ) ) ;
#219 = ORIENTED_EDGE ( 'NONE', *, *, #1738, .T. ) ;
#220 = DIRECTION ( 'NONE',  ( -1.000000000000000000, 0.000000000000000000, 0.000000000000000000 ) ) ;
#221 = DIRECTION ( 'NONE',  ( 0.1581869493028067453, -0.9874091801630523468, 0.000000000000000000 ) ) ;
#222 = ORIENTED_EDGE ( 'NONE', *, *, #3522, .T. ) ;
#223 = DIRECTION ( 'NONE',  ( -1.000000000000000000, 0.000000000000000000, 0.000000000000000000 ) ) ;
#224 = ORIENTED_EDGE ( 'NONE', *, *, #3216, .F. ) ;
#225 = LINE ( 'NONE', #251, #1510 ) ;
#226 = LINE ( 'NONE', #615, #80 ) ;
#227 = CARTESIAN_POINT ( 'NONE',  ( -2.500000000000000000, 0.000000000000000000, 17.00000000000000000 ) ) ;
#228 = EDGE_CURVE ( 'NONE', #4218, #1694, #265, .T. ) ;
#229 = VECTOR ( 'NONE', #3343, 1000.000000000000000 ) ;
#230 = ORIENTED_EDGE ( 'NONE', *, *, #3864, .T. ) ;
#231 = DIRECTION ( 'NONE',  ( -0.04085172356835942153, 0.9991652199118493671, 0.000000000000000000 ) ) ;
#232 = DIRECTION ( 'NONE',  ( 0.000000000000000000, 0.000000000000000000, 1.000000000000000000 ) ) ;
#233 = VECTOR ( 'NONE', #158, 1000.000000000000114 ) ;
#234 = CARTESIAN_POINT ( 'NONE',  ( -3.682481566408342122, -9.833073248637109742, 5.000000000000000000 ) ) ;
#235 = CARTESIAN_POINT ( 'NONE',  ( 10.40241735493286868, -1.428185272922069649, 11.00000000000000000 ) ) ;
#236 = VECTOR ( 'NONE', #1109, 1000.000000000000000 ) ;
#237 = ORIENTED_EDGE ( 'NONE', *, *, #1928, .F. ) ;
#238 = LINE ( 'NONE', #2913, #2751 ) ;
#239 = CIRCLE ( 'NONE', #2268, 2.500000000000000000 ) ;
#240 = VECTOR ( 'NONE', #2246, 1000.000000000000000 ) ;
#241 = CIRCLE ( 'NONE', #3529, 10.50000000000000000 ) ;
#242 = EDGE_LOOP ( 'NONE', ( #2536, #4280, #4118, #776 ) ) ;
#243 = ORIENTED_EDGE ( 'NONE', *, *, #228, .T. ) ;
#244 = PLANE ( 'NONE',  #881 ) ;
#245 = ADVANCED_FACE ( 'NONE', ( #3994 ), #300, .T. ) ;
#246 = ORIENTED_EDGE ( 'NONE', *, *, #4049, .T. ) ;
#247 = LINE ( 'NONE', #3255, #3445 ) ;
#248 = VECTOR ( 'NONE', #3667, 1000.000000000000000 ) ;
#249 = CIRCLE ( 'NONE', #1772, 10.50000000000000000 ) ;
#250 = EDGE_LOOP ( 'NONE', ( #2912, #4057, #393, #1148 ) ) ;
#251 = CARTESIAN_POINT ( 'NONE',  ( -0.03898322043091653755, 6.477286401886701128, 5.000000000000000000 ) ) ;
#252 = CYLINDRICAL_SURFACE ( 'NONE', #3443, 2.500000000000000000 ) ;
#253 = DIRECTION ( 'NONE',  ( -0.000000000000000000, -0.000000000000000000, -1.000000000000000000 ) ) ;
#254 = CIRCLE ( 'NONE', #2422, 10.50000000000000000 ) ;
#255 = EDGE_CURVE ( 'NONE', #2594, #1613, #3958, .T. ) ;
#256 = EDGE_CURVE ( 'NONE', #133, #3798, #2603, .T. ) ;
#257 = DIRECTION ( 'NONE',  ( -1.000000000000000000, 0.000000000000000000, 0.000000000000000000 ) ) ;
#258 = DIRECTION ( 'NONE',  ( 0.000000000000000000, 0.000000000000000000, -1.000000000000000000 ) ) ;
#259 = AXIS2_PLACEMENT_3D ( 'NONE', #1227, #2514, #3865 ) ;
#260 = CARTESIAN_POINT ( 'NONE',  ( -10.38125571741597142, 4.472971572992187284, 11.00000000000000000 ) ) ;
#261 = ADVANCED_FACE ( 'NONE', ( #903 ), #2230, .T. ) ;
#262 = DIRECTION ( 'NONE',  ( -0.7938837709399408915, 0.6080695340486805822, 0.000000000000000000 ) ) ;
#263 =( GEOMETRIC_REPRESENTATION_CONTEXT ( 3 ) GLOBAL_UNCERTAINTY_ASSIGNED_CONTEXT ( ( #2011 ) ) GLOBAL_UNIT_ASSIGNED_CONTEXT ( ( #4155, #1283, #2239 ) ) REPRESENTATION_CONTEXT ( 'NONE', 'WORKASPACE' ) );
#264 = ORIENTED_EDGE ( 'NONE', *, *, #3728, .T. ) ;
#265 = LINE ( 'NONE', #4248, #3380 ) ;
#266 = LINE ( 'NONE', #1918, #3890 ) ;
#267 = PLANE ( 'NONE',  #2060 ) ;
#268 = ORIENTED_EDGE ( 'NONE', *, *, #2390, .T. ) ;
#269 = ORIENTED_EDGE ( 'NONE', *, *, #2389, .T. ) ;
#270 = FACE_OUTER_BOUND ( 'NONE', #3467, .T. ) ;
#271 = LINE ( 'NONE', #1362, #3691 ) ;
#272 = FACE_OUTER_BOUND ( 'NONE', #1143, .T. ) ;
#273 = EDGE_LOOP ( 'NONE', ( #126, #4264, #1706, #442 ) ) ;
#274 = CARTESIAN_POINT ( 'NONE',  ( 6.031677452238120019, -2.361276336158873779, 5.000000000000000000 ) ) ;
#275 = CARTESIAN_POINT ( 'NONE',  ( 4.391559839379030272, -4.761403259617265071, 11.00000000000000000 ) ) ;
#276 = LINE ( 'NONE', #2898, #3604 ) ;
#277 = DIRECTION ( 'NONE',  ( -0.000000000000000000, -0.000000000000000000, -1.000000000000000000 ) ) ;
#278 = CARTESIAN_POINT ( 'NONE',  ( 0.000000000000000000, 0.000000000000000000, 5.000000000000000000 ) ) ;
#279 = DIRECTION ( 'NONE',  ( -0.000000000000000000, 0.000000000000000000, 1.000000000000000000 ) ) ;
#280 = EDGE_CURVE ( 'NONE', #2449, #3788, #3247, .T. ) ;
#281 = CARTESIAN_POINT ( 'NONE',  ( -0.2735527422333570713, 10.49643600929461584, 11.00000000000000000 ) ) ;
#282 = ORIENTED_EDGE ( 'NONE', *, *, #3911, .F. ) ;
#283 = EDGE_CURVE ( 'NONE', #2574, #146, #3681, .T. ) ;
#284 = DIRECTION ( 'NONE',  ( 0.8537388795565222788, 0.5207013784632932296, 0.000000000000000000 ) ) ;
#285 = ORIENTED_EDGE ( 'NONE', *, *, #2889, .F. ) ;
#286 = VERTEX_POINT ( 'NONE', #3068 ) ;
#287 = DIRECTION ( 'NONE',  ( -0.9267322782868311348, -0.3757223501221340634, 0.000000000000000000 ) ) ;
#288 = ORIENTED_EDGE ( 'NONE', *, *, #1785, .T. ) ;
#289 = EDGE_CURVE ( 'NONE', #791, #2263, #2706, .T. ) ;
#290 = ORIENTED_EDGE ( 'NONE', *, *, #3537, .T. ) ;
#291 = DIRECTION ( 'NONE',  ( -0.000000000000000000, -0.000000000000000000, -1.000000000000000000 ) ) ;
#292 = LINE ( 'NONE', #44, #2817 ) ;
#293 = DIRECTION ( 'NONE',  ( -0.000000000000000000, 0.000000000000000000, 1.000000000000000000 ) ) ;
#294 = DIRECTION ( 'NONE',  ( -1.000000000000000000, 0.000000000000000000, 0.000000000000000000 ) ) ;
#295 = CARTESIAN_POINT ( 'NONE',  ( -0.8629151939367378787, -10.46448170565905933, 11.00000000000000000 ) ) ;
#296 = CYLINDRICAL_SURFACE ( 'NONE', #168, 10.50000000000000000 ) ;
#297 = EDGE_CURVE ( 'NONE', #2283, #1880, #2726, .T. ) ;
#298 = CARTESIAN_POINT ( 'NONE',  ( 10.41356080228726100, 4.397237357733170704, 11.00000000000000000 ) ) ;
#299 = AXIS2_PLACEMENT_3D ( 'NONE', #824, #1132, #2507 ) ;
#300 = PLANE ( 'NONE',  #2337 ) ;
#301 = CARTESIAN_POINT ( 'NONE',  ( -2.734546706114576509, -10.96814475083438900, 11.00000000000000000 ) ) ;
#302 = AXIS2_PLACEMENT_3D ( 'NONE', #4079, #2657, #996 ) ;
#303 = LINE ( 'NONE', #3328, #959 ) ;
#304 = EDGE_LOOP ( 'NONE', ( #2106, #3460 ) ) ;
#305 = EDGE_CURVE ( 'NONE', #455, #3422, #326, .T. ) ;
#306 = COLOUR_RGB ( '',0.7921568627450980005, 0.8196078431372548767, 0.9333333333333333481 ) ;
#307 = VERTEX_POINT ( 'NONE', #680 ) ;
#308 = FACE_OUTER_BOUND ( 'NONE', #1272, .T. ) ;
#309 = CIRCLE ( 'NONE', #1493, 10.50000000000000000 ) ;
#310 = EDGE_CURVE ( 'NONE', #3810, #1196, #4041, .T. ) ;
#311 = CARTESIAN_POINT ( 'NONE',  ( -3.682481566408342566, -9.833073248637111519, 11.00000000000000000 ) ) ;
#312 = CARTESIAN_POINT ( 'NONE',  ( -1.482567108891096330, -10.39480614382175006, 11.00000000000000000 ) ) ;
#313 = AXIS2_PLACEMENT_3D ( 'NONE', #3884, #2200, #4199 ) ;
#314 = EDGE_CURVE ( 'NONE', #2708, #1186, #437, .T. ) ;
#315 = ORIENTED_EDGE ( 'NONE', *, *, #3259, .F. ) ;
#316 = LINE ( 'NONE', #1645, #4262 ) ;
#317 = LINE ( 'NONE', #3338, #723 ) ;
#318 = VECTOR ( 'NONE', #1621, 1000.000000000000000 ) ;
#319 = DIRECTION ( 'NONE',  ( 0.9934692558870669155, 0.1141001209780145298, 0.000000000000000000 ) ) ;
#320 = DIRECTION ( 'NONE',  ( -0.3577482489643396546, 0.9338180713409593992, 0.000000000000000000 ) ) ;
#321 = PLANE ( 'NONE',  #3374 ) ;
#322 = CYLINDRICAL_SURFACE ( 'NONE', #1564, 10.50000000000000000 ) ;
#323 = AXIS2_PLACEMENT_3D ( 'NONE', #1996, #713, #1725 ) ;
#324 = CARTESIAN_POINT ( 'NONE',  ( 10.87763592925548117, -3.062873980476187530, 5.000000000000000000 ) ) ;
#325 = VECTOR ( 'NONE', #1299, 1000.000000000000114 ) ;
#326 = LINE ( 'NONE', #4084, #77 ) ;
#327 = AXIS2_PLACEMENT_3D ( 'NONE', #4000, #4224, #3888 ) ;
#328 = EDGE_CURVE ( 'NONE', #1372, #3715, #2683, .T. ) ;
#329 = ORIENTED_EDGE ( 'NONE', *, *, #3295, .F. ) ;
#330 = ORIENTED_EDGE ( 'NONE', *, *, #1026, .F. ) ;
#331 = CARTESIAN_POINT ( 'NONE',  ( 0.000000000000000000, 0.000000000000000000, 11.00000000000000000 ) ) ;
#332 = PLANE ( 'NONE',  #2540 ) ;
#333 = PLANE ( 'NONE',  #3404 ) ;
#334 = EDGE_CURVE ( 'NONE', #2712, #1750, #2400, .T. ) ;
#335 = ORIENTED_EDGE ( 'NONE', *, *, #2959, .T. ) ;
#336 = PLANE ( 'NONE',  #4310 ) ;
#337 = CARTESIAN_POINT ( 'NONE',  ( 0.000000000000000000, 0.000000000000000000, 11.00000000000000000 ) ) ;
#338 = ORIENTED_EDGE ( 'NONE', *, *, #613, .F. ) ;
#339 = LINE ( 'NONE', #1519, #3133 ) ;
#340 = CARTESIAN_POINT ( 'NONE',  ( -4.782330937545314242, -10.23882176978898073, 11.00000000000000000 ) ) ;
#341 = DIRECTION ( 'NONE',  ( -0.1748943541949495861, -0.9845872053153704728, 0.000000000000000000 ) ) ;
#342 = LINE ( 'NONE', #1669, #4317 ) ;
#343 = FACE_OUTER_BOUND ( 'NONE', #4229, .T. ) ;
#344 = CARTESIAN_POINT ( 'NONE',  ( -2.149713431733061064, -6.110277488377058752, 11.00000000000000000 ) ) ;
#345 = EDGE_LOOP ( 'NONE', ( #746, #3719, #3898, #2207 ) ) ;
#346 = ORIENTED_EDGE ( 'NONE', *, *, #2824, .T. ) ;
#347 = ORIENTED_EDGE ( 'NONE', *, *, #2438, .F. ) ;
#348 = ORIENTED_EDGE ( 'NONE', *, *, #740, .T. ) ;
#349 = CARTESIAN_POINT ( 'NONE',  ( -2.755122180479451011, 5.862257295118626033, 11.00000000000000000 ) ) ;
#350 = CARTESIAN_POINT ( 'NONE',  ( -10.48271583305354682, 4.220998601416067864, 5.000000000000000000 ) ) ;
#351 = VERTEX_POINT ( 'NONE', #3749 ) ;
#352 = ORIENTED_EDGE ( 'NONE', *, *, #3173, .F. ) ;
#353 = LINE ( 'NONE', #2419, #3538 ) ;
#354 = LINE ( 'NONE', #2995, #160 ) ;
#355 = EDGE_CURVE ( 'NONE', #3185, #834, #3653, .T. ) ;
#356 = CARTESIAN_POINT ( 'NONE',  ( 10.49772306630076635, 0.2186559472250231284, 11.00000000000000000 ) ) ;
#357 = EDGE_CURVE ( 'NONE', #843, #1816, #2661, .T. ) ;
#358 = CARTESIAN_POINT ( 'NONE',  ( -3.569281488838021321, 10.72214484527913925, 11.00000000000000000 ) ) ;
#359 = PRODUCT ( 'Gear A', 'Gear A', '', ( #920 ) ) ;
#360 = DIRECTION ( 'NONE',  ( -0.000000000000000000, -0.000000000000000000, -1.000000000000000000 ) ) ;
#361 = DIRECTION ( 'NONE',  ( -1.000000000000000000, 0.000000000000000000, 0.000000000000000000 ) ) ;
#362 = AXIS2_PLACEMENT_3D ( 'NONE', #1887, #3265, #2929 ) ;
#363 = ORIENTED_EDGE ( 'NONE', *, *, #2012, .T. ) ;
#364 = ORIENTED_EDGE ( 'NONE', *, *, #3858, .T. ) ;
#365 = AXIS2_PLACEMENT_3D ( 'NONE', #4030, #1309, #1017 ) ;
#366 = VECTOR ( 'NONE', #1466, 1000.000000000000114 ) ;
#367 = ORIENTED_EDGE ( 'NONE', *, *, #3595, .T. ) ;
#368 = EDGE_CURVE ( 'NONE', #1960, #2021, #657, .T. ) ;
#369 = CARTESIAN_POINT ( 'NONE',  ( -3.950920986310968885, 5.132931149301463769, 11.00000000000000000 ) ) ;
#370 = ORIENTED_EDGE ( 'NONE', *, *, #3858, .F. ) ;
#371 = LINE ( 'NONE', #752, #248 ) ;
#372 = FACE_OUTER_BOUND ( 'NONE', #1105, .T. ) ;
#373 = CARTESIAN_POINT ( 'NONE',  ( -3.311553363668787942, 10.80793964096542403, 5.000000000000000000 ) ) ;
#374 = VECTOR ( 'NONE', #3632, 1000.000000000000000 ) ;
#375 = VERTEX_POINT ( 'NONE', #1689 ) ;
#376 = AXIS2_PLACEMENT_3D ( 'NONE', #617, #3901, #3283 ) ;
#377 = EDGE_LOOP ( 'NONE', ( #3511, #2521, #2254, #2463 ) ) ;
#378 = DIRECTION ( 'NONE',  ( 0.5721472539541644364, 0.8201509128158723794, 0.000000000000000000 ) ) ;
#379 = CARTESIAN_POINT ( 'NONE',  ( 10.20528756947152615, 2.470244041464316087, 5.000000000000000000 ) ) ;
#380 = CARTESIAN_POINT ( 'NONE',  ( 9.964895478147619556, -5.329635873049950234, 11.00000000000000000 ) ) ;
#381 = AXIS2_PLACEMENT_3D ( 'NONE', #1552, #557, #220 ) ;
#382 = ADVANCED_FACE ( 'NONE', ( #3724 ), #1051, .T. ) ;
#383 = EDGE_CURVE ( 'NONE', #1676, #204, #2338, .T. ) ;
#384 = ORIENTED_EDGE ( 'NONE', *, *, #2312, .T. ) ;
#385 = DIRECTION ( 'NONE',  ( -0.000000000000000000, -0.000000000000000000, -1.000000000000000000 ) ) ;
#386 = VECTOR ( 'NONE', #3359, 1000.000000000000227 ) ;
#387 = DIRECTION ( 'NONE',  ( -0.000000000000000000, -0.000000000000000000, -1.000000000000000000 ) ) ;
#388 = AXIS2_PLACEMENT_3D ( 'NONE', #4260, #3602, #1946 ) ;
#389 = EDGE_LOOP ( 'NONE', ( #2876, #2408, #2156, #246 ) ) ;
#390 = ORIENTED_EDGE ( 'NONE', *, *, #1798, .T. ) ;
#391 = VECTOR ( 'NONE', #2910, 1000.000000000000000 ) ;
#392 = VECTOR ( 'NONE', #1411, 1000.000000000000114 ) ;
#393 = ORIENTED_EDGE ( 'NONE', *, *, #2800, .F. ) ;
#394 = ORIENTED_EDGE ( 'NONE', *, *, #3615, .T. ) ;
#395 = DIRECTION ( 'NONE',  ( 0.9934692558870669155, 0.1141001209780145298, 0.000000000000000000 ) ) ;
#396 = DIRECTION ( 'NONE',  ( 1.000000000000000000, 0.000000000000000000, 0.000000000000000000 ) ) ;
#397 = CYLINDRICAL_SURFACE ( 'NONE', #1759, 10.50000000000000000 ) ;
#398 = DIRECTION ( 'NONE',  ( -0.3735189887589037694, -0.9276225337045914676, 0.000000000000000000 ) ) ;
#399 = UNCERTAINTY_MEASURE_WITH_UNIT (LENGTH_MEASURE( 1.000000000000000082E-05 ), #2280, 'distance_accuracy_value', 'NONE');
#400 = APPLICATION_CONTEXT ( 'automotive_design' ) ;
#401 = VERTEX_POINT ( 'NONE', #717 ) ;
#402 = DIRECTION ( 'NONE',  ( -0.000000000000000000, -0.000000000000000000, -1.000000000000000000 ) ) ;
#403 = CARTESIAN_POINT ( 'NONE',  ( -7.771669198173492887, 7.060535239920653794, 5.000000000000000000 ) ) ;
#404 = CARTESIAN_POINT ( 'NONE',  ( 4.724036929421080444, 9.377285059624979269, 5.000000000000000000 ) ) ;
#405 = LINE ( 'NONE', #1686, #2915 ) ;
#406 = ORIENTED_EDGE ( 'NONE', *, *, #3173, .T. ) ;
#407 = CARTESIAN_POINT ( 'NONE',  ( -3.092294955078914942, -10.03432667949342694, 11.00000000000000000 ) ) ;
#408 = DIRECTION ( 'NONE',  ( 0.000000000000000000, 0.000000000000000000, -1.000000000000000000 ) ) ;
#409 = EDGE_CURVE ( 'NONE', #3439, #4092, #801, .T. ) ;
#410 = ORIENTED_EDGE ( 'NONE', *, *, #2500, .F. ) ;
#411 = ADVANCED_FACE ( 'NONE', ( #343 ), #3706, .T. ) ;
#412 = CARTESIAN_POINT ( 'NONE',  ( 4.000000000000000000, 4.898587196589412829E-16, 0.000000000000000000 ) ) ;
#413 = VERTEX_POINT ( 'NONE', #698 ) ;
#414 = ORIENTED_EDGE ( 'NONE', *, *, #1110, .T. ) ;
#415 = EDGE_CURVE ( 'NONE', #434, #3640, #3088, .T. ) ;
#416 = ORIENTED_EDGE ( 'NONE', *, *, #4005, .T. ) ;
#417 = ORIENTED_EDGE ( 'NONE', *, *, #679, .T. ) ;
#418 = DIRECTION ( 'NONE',  ( 1.000000000000000000, 0.000000000000000000, -0.000000000000000000 ) ) ;
#419 = DIRECTION ( 'NONE',  ( 0.7167835481864553993, -0.6972957371511999680, 0.000000000000000000 ) ) ;
#420 = CARTESIAN_POINT ( 'NONE',  ( 0.3500000000000021427, 10.49416504539546580, 11.00000000000000000 ) ) ;
#421 = EDGE_LOOP ( 'NONE', ( #1102, #668, #102, #584 ) ) ;
#422 = EDGE_LOOP ( 'NONE', ( #2827, #121, #4254, #4068 ) ) ;
#423 = DIRECTION ( 'NONE',  ( 0.7982918012086476223, 0.6022708693960326931, 0.000000000000000000 ) ) ;
#424 = CARTESIAN_POINT ( 'NONE',  ( -1.180889473718712779, 11.23875707009312386, 5.000000000000000000 ) ) ;
#425 = CARTESIAN_POINT ( 'NONE',  ( -11.28620653191068079, -0.5707035559417356074, 11.00000000000000000 ) ) ;
#426 = ORIENTED_EDGE ( 'NONE', *, *, #3101, .F. ) ;
#427 = EDGE_CURVE ( 'NONE', #3725, #2071, #938, .T. ) ;
#428 = DIRECTION ( 'NONE',  ( -0.3318788712185775647, -0.9433220101527807211, 0.000000000000000000 ) ) ;
#429 = DIRECTION ( 'NONE',  ( 0.9303185841168196690, 0.3667524124622439929, -0.000000000000000000 ) ) ;
#430 = CARTESIAN_POINT ( 'NONE',  ( 2.500000000000000000, 3.061616997868383141E-16, 17.00000000000000000 ) ) ;
#431 = ORIENTED_EDGE ( 'NONE', *, *, #3412, .F. ) ;
#432 = PLANE ( 'NONE',  #3466 ) ;
#433 = ADVANCED_FACE ( 'NONE', ( #31 ), #1380, .T. ) ;
#434 = VERTEX_POINT ( 'NONE', #3513 ) ;
#435 = EDGE_CURVE ( 'NONE', #3756, #1196, #141, .T. ) ;
#436 = ORIENTED_EDGE ( 'NONE', *, *, #1558, .F. ) ;
#437 = CIRCLE ( 'NONE', #3803, 10.50000000000000000 ) ;
#438 = EDGE_CURVE ( 'NONE', #2753, #2021, #850, .T. ) ;
#439 = EDGE_CURVE ( 'NONE', #100, #1344, #2427, .T. ) ;
#440 = ORIENTED_EDGE ( 'NONE', *, *, #4347, .F. ) ;
#441 = AXIS2_PLACEMENT_3D ( 'NONE', #2696, #631, #690 ) ;
#442 = ORIENTED_EDGE ( 'NONE', *, *, #2772, .F. ) ;
#443 = DIRECTION ( 'NONE',  ( 0.9518166464392330273, 0.3066676891378875003, 0.000000000000000000 ) ) ;
#444 = CARTESIAN_POINT ( 'NONE',  ( 0.000000000000000000, 0.000000000000000000, 11.00000000000000000 ) ) ;
#445 = CARTESIAN_POINT ( 'NONE',  ( 0.000000000000000000, 0.000000000000000000, 11.00000000000000000 ) ) ;
#446 = EDGE_CURVE ( 'NONE', #3810, #2201, #1157, .T. ) ;
#447 = STYLED_ITEM ( 'NONE', ( #1657 ), #1406 ) ;
#448 = ORIENTED_EDGE ( 'NONE', *, *, #4065, .T. ) ;
#449 = DIRECTION ( 'NONE',  ( -0.000000000000000000, -0.000000000000000000, -1.000000000000000000 ) ) ;
#450 = CYLINDRICAL_SURFACE ( 'NONE', #3739, 10.50000000000000000 ) ;
#451 = VECTOR ( 'NONE', #2791, 1000.000000000000000 ) ;
#452 = AXIS2_PLACEMENT_3D ( 'NONE', #3571, #573, #1892 ) ;
#453 = CARTESIAN_POINT ( 'NONE',  ( 11.29744385889069846, -0.3817161489781013550, 5.000000000000000000 ) ) ;
#454 = AXIS2_PLACEMENT_3D ( 'NONE', #471, #4125, #2414 ) ;
#455 = VERTEX_POINT ( 'NONE', #4220 ) ;
#456 = DIRECTION ( 'NONE',  ( -0.9645179275566623245, -0.2640173619703848340, 0.000000000000000000 ) ) ;
#457 = CARTESIAN_POINT ( 'NONE',  ( -4.000000000000000000, 0.000000000000000000, 1.000000000000000000 ) ) ;
#458 = DIRECTION ( 'NONE',  ( 0.9433220101527806101, -0.3318788712185775092, 0.000000000000000000 ) ) ;
#459 = DIRECTION ( 'NONE',  ( -0.9019097983202266633, 0.4319244328513589526, 0.000000000000000000 ) ) ;
#460 = CIRCLE ( 'NONE', #1021, 10.50000000000000000 ) ;
#461 = EDGE_LOOP ( 'NONE', ( #4136, #3160, #1753, #769 ) ) ;
#462 = DIRECTION ( 'NONE',  ( 0.9495576741272737653, -0.3135924481010377018, 0.000000000000000000 ) ) ;
#463 = ORIENTED_EDGE ( 'NONE', *, *, #3639, .F. ) ;
#464 = CIRCLE ( 'NONE', #744, 10.50000000000000000 ) ;
#465 = CARTESIAN_POINT ( 'NONE',  ( 7.997785301068243591, 7.988327437029275835, 11.00000000000000000 ) ) ;
#466 = EDGE_LOOP ( 'NONE', ( #806, #3394, #536, #2916, #3196, #1022, #370, #1861, #2233, #2759, #2675, #950, #949, #2983, #813, #626, #3050, #1799, #3921, #2435, #2074, #463, #1447, #1920, #1956, #1321, #1408, #107, #37, #612, #629, #3226, #3104, #1644, #3959, #3357, #2767, #3947, #3326, #3209, #2353, #2539, #3712, #96, #839, #3228, #4047, #3519, #2329, #206, #3709, #4273, #2054, #3575, #1202, #3642, #1173, #3675, #2002, #2710, #2062, #1792, #725, #3904, #1874, #2792, #3482, #285, #2921, #1487, #2940, #3164, #1548, #3002, #3560, #282, #3778, #329, #1808, #3956, #911, #194, #3007, #2713, #210, #3872, #2626, #1155, #2664, #2871, #1849, #3889, #2846, #3432, #1537, #3091, #2957, #468, #3026, #1890, #1407, #3179, #2364, #604, #1593, #3423, #3665, #2945, #590, #3144, #2719, #2571, #290, #1921, #4052, #2966 ) ) ;
#467 = AXIS2_PLACEMENT_3D ( 'NONE', #358, #6, #3705 ) ;
#468 = ORIENTED_EDGE ( 'NONE', *, *, #4282, .F. ) ;
#469 = CARTESIAN_POINT ( 'NONE',  ( 11.15834239737638178, 1.787611639204794933, 11.00000000000000000 ) ) ;
#470 = CARTESIAN_POINT ( 'NONE',  ( -7.939387322721387363, 8.046370231538492845, 5.000000000000000000 ) ) ;
#471 = CARTESIAN_POINT ( 'NONE',  ( 0.000000000000000000, 0.000000000000000000, 11.00000000000000000 ) ) ;
#472 = ADVANCED_FACE ( 'NONE', ( #1525 ), #2084, .T. ) ;
#473 = EDGE_LOOP ( 'NONE', ( #3250, #688, #4140, #1992 ) ) ;
#474 = ORIENTED_EDGE ( 'NONE', *, *, #3932, .T. ) ;
#475 = CARTESIAN_POINT ( 'NONE',  ( -6.655921622195174692, -9.136555823852473779, 11.00000000000000000 ) ) ;
#476 = CIRCLE ( 'NONE', #3698, 10.50000000000000000 ) ;
#477 = LINE ( 'NONE', #802, #1359 ) ;
#478 = EDGE_CURVE ( 'NONE', #1162, #1218, #2466, .T. ) ;
#479 = ADVANCED_FACE ( 'NONE', ( #2794 ), #3816, .T. ) ;
#480 = ADVANCED_FACE ( 'NONE', ( #3773 ), #2129, .T. ) ;
#481 = EDGE_LOOP ( 'NONE', ( #130, #3868 ) ) ;
#482 = CARTESIAN_POINT ( 'NONE',  ( -4.880614574191747046, 4.258680570520386510, 11.00000000000000000 ) ) ;
#483 = DIRECTION ( 'NONE',  ( -0.000000000000000000, -0.000000000000000000, -1.000000000000000000 ) ) ;
#484 = DIRECTION ( 'NONE',  ( 1.000000000000000000, 0.000000000000000000, 0.000000000000000000 ) ) ;
#485 = CARTESIAN_POINT ( 'NONE',  ( 10.80401364751906002, -3.324339643808949418, 5.000000000000000000 ) ) ;
#486 = ORIENTED_EDGE ( 'NONE', *, *, #201, .T. ) ;
#487 = LINE ( 'NONE', #2516, #3452 ) ;
#488 = CARTESIAN_POINT ( 'NONE',  ( -4.088734135651274748, 9.671207430717222664, 11.00000000000000000 ) ) ;
#489 = ORIENTED_EDGE ( 'NONE', *, *, #3729, .F. ) ;
#490 = ORIENTED_EDGE ( 'NONE', *, *, #310, .T. ) ;
#491 = EDGE_CURVE ( 'NONE', #1824, #3454, #98, .T. ) ;
#492 = DIRECTION ( 'NONE',  ( -0.4566146066608867682, 0.8896646002758138438, 0.000000000000000000 ) ) ;
#493 = ORIENTED_EDGE ( 'NONE', *, *, #3615, .F. ) ;
#494 = DIRECTION ( 'NONE',  ( 1.000000000000000000, 0.000000000000000000, 0.000000000000000000 ) ) ;
#495 = DIRECTION ( 'NONE',  ( -0.000000000000000000, -0.000000000000000000, -1.000000000000000000 ) ) ;
#496 = CARTESIAN_POINT ( 'NONE',  ( -4.782330937545314242, -10.23882176978898073, 5.000000000000000000 ) ) ;
#497 = ORIENTED_EDGE ( 'NONE', *, *, #3295, .T. ) ;
#498 = PRODUCT_DEFINITION ( 'UNKNOWN', '', #2361, #3740 ) ;
#499 = DIRECTION ( 'NONE',  ( 0.000000000000000000, 0.000000000000000000, 1.000000000000000000 ) ) ;
#500 = DIRECTION ( 'NONE',  ( -1.000000000000000000, 0.000000000000000000, 0.000000000000000000 ) ) ;
#501 = EDGE_CURVE ( 'NONE', #1724, #4356, #1442, .T. ) ;
#502 = CARTESIAN_POINT ( 'NONE',  ( 0.000000000000000000, 0.000000000000000000, 5.000000000000000000 ) ) ;
#503 = DIRECTION ( 'NONE',  ( -0.7284952452422109870, -0.6850508577175060676, 0.000000000000000000 ) ) ;
#504 = VERTEX_POINT ( 'NONE', #192 ) ;
#505 = DIRECTION ( 'NONE',  ( -0.9999818896254263345, -0.006018340399281654242, 0.000000000000000000 ) ) ;
#506 = ADVANCED_FACE ( 'NONE', ( #4198 ), #3170, .T. ) ;
#507 = CARTESIAN_POINT ( 'NONE',  ( 5.984933101081354678, -2.477364446164797229, 5.000000000000000000 ) ) ;
#508 = ORIENTED_EDGE ( 'NONE', *, *, #2517, .F. ) ;
#509 = ORIENTED_EDGE ( 'NONE', *, *, #2547, .F. ) ;
#510 = CARTESIAN_POINT ( 'NONE',  ( -0.2735527422333570713, 10.49643600929461584, 11.00000000000000000 ) ) ;
#511 = ORIENTED_EDGE ( 'NONE', *, *, #665, .T. ) ;
#512 = LINE ( 'NONE', #3215, #1355 ) ;
#513 = EDGE_CURVE ( 'NONE', #1617, #375, #3153, .T. ) ;
#514 = VECTOR ( 'NONE', #4354, 1000.000000000000227 ) ;
#515 = VERTEX_POINT ( 'NONE', #3449 ) ;
#516 = CARTESIAN_POINT ( 'NONE',  ( -8.882320425793317042, -5.599498535898982610, 11.00000000000000000 ) ) ;
#517 = DIRECTION ( 'NONE',  ( -0.000000000000000000, -0.000000000000000000, -1.000000000000000000 ) ) ;
#518 = DIRECTION ( 'NONE',  ( -0.7234861091053902404, 0.6903389384436773302, 0.000000000000000000 ) ) ;
#519 = AXIS2_PLACEMENT_3D ( 'NONE', #2896, #936, #1882 ) ;
#520 = ORIENTED_EDGE ( 'NONE', *, *, #3288, .T. ) ;
#521 = VECTOR ( 'NONE', #3922, 1000.000000000000114 ) ;
#522 = AXIS2_PLACEMENT_3D ( 'NONE', #904, #2251, #3935 ) ;
#523 = DIRECTION ( 'NONE',  ( -0.000000000000000000, -0.000000000000000000, -1.000000000000000000 ) ) ;
#524 = DIRECTION ( 'NONE',  ( 0.9457143435305384038, 0.3249990468302988433, 0.000000000000000000 ) ) ;
#525 = CARTESIAN_POINT ( 'NONE',  ( 11.15834239737638178, 1.787611639204794933, 5.000000000000000000 ) ) ;
#526 = EDGE_CURVE ( 'NONE', #3312, #4226, #1479, .T. ) ;
#527 = VECTOR ( 'NONE', #1248, 1000.000000000000000 ) ;
#528 = DIRECTION ( 'NONE',  ( 0.000000000000000000, 0.000000000000000000, 1.000000000000000000 ) ) ;
#529 = ORIENTED_EDGE ( 'NONE', *, *, #2824, .F. ) ;
#530 = VERTEX_POINT ( 'NONE', #1180 ) ;
#531 = AXIS2_PLACEMENT_3D ( 'NONE', #3733, #4360, #1367 ) ;
#532 = EDGE_CURVE ( 'NONE', #401, #3493, #3135, .T. ) ;
#533 = ORIENTED_EDGE ( 'NONE', *, *, #4139, .T. ) ;
#534 = VERTEX_POINT ( 'NONE', #123 ) ;
#535 = DIRECTION ( 'NONE',  ( -1.000000000000000000, 0.000000000000000000, 0.000000000000000000 ) ) ;
#536 = ORIENTED_EDGE ( 'NONE', *, *, #4150, .F. ) ;
#537 = DIRECTION ( 'NONE',  ( -0.000000000000000000, 0.000000000000000000, 1.000000000000000000 ) ) ;
#538 = AXIS2_PLACEMENT_3D ( 'NONE', #1961, #291, #1264 ) ;
#539 = ORIENTED_EDGE ( 'NONE', *, *, #112, .T. ) ;
#540 = LINE ( 'NONE', #3507, #1853 ) ;
#541 = LINE ( 'NONE', #1863, #1687 ) ;
#542 = DIRECTION ( 'NONE',  ( 1.000000000000000000, 0.000000000000000000, 0.000000000000000000 ) ) ;
#543 = AXIS2_PLACEMENT_3D ( 'NONE', #2659, #3244, #999 ) ;
#544 = ORIENTED_EDGE ( 'NONE', *, *, #1915, .T. ) ;
#545 = VECTOR ( 'NONE', #2345, 1000.000000000000000 ) ;
#546 = FACE_OUTER_BOUND ( 'NONE', #3829, .T. ) ;
#547 = DIRECTION ( 'NONE',  ( -1.000000000000000000, 0.000000000000000000, 0.000000000000000000 ) ) ;
#548 = LINE ( 'NONE', #2861, #2405 ) ;
#549 = PLANE ( 'NONE',  #1378 ) ;
#550 = ORIENTED_EDGE ( 'NONE', *, *, #2235, .F. ) ;
#551 = PLANE ( 'NONE',  #1583 ) ;
#552 = ADVANCED_FACE ( 'NONE', ( #4175 ), #3841, .T. ) ;
#553 = CARTESIAN_POINT ( 'NONE',  ( -3.305986936356658301, -5.570207285207684045, 11.00000000000000000 ) ) ;
#554 = DIRECTION ( 'NONE',  ( -0.000000000000000000, -0.000000000000000000, -1.000000000000000000 ) ) ;
#555 = VERTEX_POINT ( 'NONE', #2582 ) ;
#556 = ORIENTED_EDGE ( 'NONE', *, *, #1955, .F. ) ;
#557 = DIRECTION ( 'NONE',  ( -0.000000000000000000, -0.000000000000000000, -1.000000000000000000 ) ) ;
#558 = EDGE_CURVE ( 'NONE', #53, #3983, #2289, .T. ) ;
#559 = LINE ( 'NONE', #2852, #3038 ) ;
#560 = CARTESIAN_POINT ( 'NONE',  ( 9.836787055698852811, -5.569162000158855541, 11.00000000000000000 ) ) ;
#561 = EDGE_CURVE ( 'NONE', #2988, #2655, #3588, .T. ) ;
#562 = VERTEX_POINT ( 'NONE', #295 ) ;
#563 = DIRECTION ( 'NONE',  ( 0.3645405538764153741, 0.9311875131140215922, 0.000000000000000000 ) ) ;
#564 = PLANE ( 'NONE',  #519 ) ;
#565 = CARTESIAN_POINT ( 'NONE',  ( 3.904381720551783452, 10.60819251066830660, 11.00000000000000000 ) ) ;
#566 = ORIENTED_EDGE ( 'NONE', *, *, #2148, .T. ) ;
#567 = DIRECTION ( 'NONE',  ( -0.000000000000000000, 0.000000000000000000, 1.000000000000000000 ) ) ;
#568 = CYLINDRICAL_SURFACE ( 'NONE', #362, 2.500000000000000000 ) ;
#569 = CARTESIAN_POINT ( 'NONE',  ( -7.543620499357020392, 8.418535188787801715, 11.00000000000000000 ) ) ;
#570 = CARTESIAN_POINT ( 'NONE',  ( 1.476474515149202693, 6.306883686073168072, 5.000000000000000000 ) ) ;
#571 = EDGE_CURVE ( 'NONE', #4356, #2988, #3285, .T. ) ;
#572 = ORIENTED_EDGE ( 'NONE', *, *, #1403, .T. ) ;
#573 = DIRECTION ( 'NONE',  ( -0.000000000000000000, -0.000000000000000000, -1.000000000000000000 ) ) ;
#574 = DIRECTION ( 'NONE',  ( -0.7924365037341237761, -0.6099544143209704172, 0.000000000000000000 ) ) ;
#575 = CARTESIAN_POINT ( 'NONE',  ( 0.000000000000000000, 0.000000000000000000, 5.000000000000000000 ) ) ;
#576 = EDGE_CURVE ( 'NONE', #200, #1518, #1198, .T. ) ;
#577 = VERTEX_POINT ( 'NONE', #635 ) ;
#578 = ORIENTED_EDGE ( 'NONE', *, *, #3654, .F. ) ;
#579 = CARTESIAN_POINT ( 'NONE',  ( -5.741020620888816595, 2.999573478691762940, 5.000000000000000000 ) ) ;
#580 = ORIENTED_EDGE ( 'NONE', *, *, #3330, .T. ) ;
#581 = CARTESIAN_POINT ( 'NONE',  ( -2.500000000000000000, 3.061616997868383141E-16, 0.000000000000000000 ) ) ;
#582 = EDGE_CURVE ( 'NONE', #2917, #3684, #1826, .T. ) ;
#583 = EDGE_CURVE ( 'NONE', #1055, #351, #4309, .T. ) ;
#584 = ORIENTED_EDGE ( 'NONE', *, *, #3545, .T. ) ;
#585 = ORIENTED_EDGE ( 'NONE', *, *, #1350, .F. ) ;
#586 = CARTESIAN_POINT ( 'NONE',  ( -1.451035403539996382, 11.21037203757535394, 11.00000000000000000 ) ) ;
#587 = DIRECTION ( 'NONE',  ( -0.06741651380573475405, -0.9977249188359891274, 0.000000000000000000 ) ) ;
#588 = LINE ( 'NONE', #1948, #318 ) ;
#589 = VECTOR ( 'NONE', #483, 1000.000000000000000 ) ;
#590 = ORIENTED_EDGE ( 'NONE', *, *, #3787, .T. ) ;
#591 = DIRECTION ( 'NONE',  ( 1.000000000000000000, 0.000000000000000000, 0.000000000000000000 ) ) ;
#592 = DIRECTION ( 'NONE',  ( -1.000000000000000000, 0.000000000000000000, 0.000000000000000000 ) ) ;
#593 = CIRCLE ( 'NONE', #1965, 10.50000000000000000 ) ;
#594 = CARTESIAN_POINT ( 'NONE',  ( -2.204410643328152286, -11.08686243617911771, 11.00000000000000000 ) ) ;
#595 = DIRECTION ( 'NONE',  ( 0.2710357666310572733, 0.9625692770947528176, 0.000000000000000000 ) ) ;
#596 = VECTOR ( 'NONE', #3163, 1000.000000000000000 ) ;
#597 = CLOSED_SHELL ( 'NONE', ( #1037, #1923, #767, #2823 ) ) ;
#598 = VERTEX_POINT ( 'NONE', #2199 ) ;
#599 = CARTESIAN_POINT ( 'NONE',  ( -5.177082440960597332, -9.134977690147772833, 5.000000000000000000 ) ) ;
#600 = LINE ( 'NONE', #3272, #2546 ) ;
#601 = CARTESIAN_POINT ( 'NONE',  ( -5.681998954616807040, 3.109927121859024091, 11.00000000000000000 ) ) ;
#602 = CIRCLE ( 'NONE', #3451, 10.50000000000000000 ) ;
#603 = CIRCLE ( 'NONE', #3046, 10.50000000000000000 ) ;
#604 = ORIENTED_EDGE ( 'NONE', *, *, #973, .F. ) ;
#605 = ORIENTED_EDGE ( 'NONE', *, *, #3657, .F. ) ;
#606 = LINE ( 'NONE', #2570, #4333 ) ;
#607 = ORIENTED_EDGE ( 'NONE', *, *, #409, .F. ) ;
#608 = DIRECTION ( 'NONE',  ( -0.000000000000000000, -0.000000000000000000, -1.000000000000000000 ) ) ;
#609 = STYLED_ITEM ( 'NONE', ( #2399 ), #2831 ) ;
#610 = CARTESIAN_POINT ( 'NONE',  ( -7.470930045010132581, -7.378021703855643487, 11.00000000000000000 ) ) ;
#611 = VECTOR ( 'NONE', #2465, 1000.000000000000114 ) ;
#612 = ORIENTED_EDGE ( 'NONE', *, *, #1688, .F. ) ;
#613 = EDGE_CURVE ( 'NONE', #4092, #2917, #212, .T. ) ;
#614 = CYLINDRICAL_SURFACE ( 'NONE', #538, 10.50000000000000000 ) ;
#615 = CARTESIAN_POINT ( 'NONE',  ( -9.330245834751153211, 6.375788037005039932, 11.00000000000000000 ) ) ;
#616 = DIRECTION ( 'NONE',  ( 0.3645405538764153741, 0.9311875131140215922, 0.000000000000000000 ) ) ;
#617 = CARTESIAN_POINT ( 'NONE',  ( 0.000000000000000000, 0.000000000000000000, 11.00000000000000000 ) ) ;
#618 = ORIENTED_EDGE ( 'NONE', *, *, #582, .F. ) ;
#619 = LINE ( 'NONE', #1935, #3391 ) ;
#620 = CARTESIAN_POINT ( 'NONE',  ( 4.391559839379030272, -4.761403259617265071, 11.00000000000000000 ) ) ;
#621 = VECTOR ( 'NONE', #2805, 1000.000000000000000 ) ;
#622 = EDGE_CURVE ( 'NONE', #3597, #2029, #1589, .T. ) ;
#623 = CARTESIAN_POINT ( 'NONE',  ( 1.989266238428814004, 10.30984092179153322, 11.00000000000000000 ) ) ;
#624 = DIRECTION ( 'NONE',  ( -0.000000000000000000, -0.000000000000000000, -1.000000000000000000 ) ) ;
#625 = ORIENTED_EDGE ( 'NONE', *, *, #2772, .T. ) ;
#626 = ORIENTED_EDGE ( 'NONE', *, *, #768, .F. ) ;
#627 = PLANE ( 'NONE',  #4113 ) ;
#628 =( NAMED_UNIT ( * ) SI_UNIT ( $, .STERADIAN. ) SOLID_ANGLE_UNIT ( ) );
#629 = ORIENTED_EDGE ( 'NONE', *, *, #2973, .F. ) ;
#630 = DIRECTION ( 'NONE',  ( -0.000000000000000000, -0.000000000000000000, -1.000000000000000000 ) ) ;
#631 = DIRECTION ( 'NONE',  ( 0.9877823098692932735, -0.1558400086925160744, 0.000000000000000000 ) ) ;
#632 = DIRECTION ( 'NONE',  ( 1.000000000000000000, 0.000000000000000000, 0.000000000000000000 ) ) ;
#633 = EDGE_CURVE ( 'NONE', #204, #3454, #3656, .T. ) ;
#634 = DIRECTION ( 'NONE',  ( -0.000000000000000000, -0.000000000000000000, -1.000000000000000000 ) ) ;
#635 = CARTESIAN_POINT ( 'NONE',  ( -8.534270344115173046, -6.116880715982316197, 11.00000000000000000 ) ) ;
#636 = CARTESIAN_POINT ( 'NONE',  ( -8.177079533846059789, 6.586757191301037651, 11.00000000000000000 ) ) ;
#637 = PLANE ( 'NONE',  #2354 ) ;
#638 = DIRECTION ( 'NONE',  ( 0.2114122098552737861, -0.9773969907484418851, 0.000000000000000000 ) ) ;
#639 = ADVANCED_FACE ( 'NONE', ( #3882 ), #1223, .T. ) ;
#640 = DIRECTION ( 'NONE',  ( 0.5501275755810399737, -0.8350806252005414931, 0.000000000000000000 ) ) ;
#641 = EDGE_CURVE ( 'NONE', #3860, #702, #2258, .T. ) ;
#642 = EDGE_LOOP ( 'NONE', ( #2277, #1557, #4036, #2452 ) ) ;
#643 = EDGE_LOOP ( 'NONE', ( #4131, #2783 ) ) ;
#644 = FILL_AREA_STYLE ('',( #2648 ) ) ;
#645 = DIRECTION ( 'NONE',  ( 0.1653748979498468052, 0.9862307757964551280, 0.000000000000000000 ) ) ;
#646 = VERTEX_POINT ( 'NONE', #3301 ) ;
#647 = LINE ( 'NONE', #890, #3757 ) ;
#648 = CARTESIAN_POINT ( 'NONE',  ( -4.961979117955872987, 4.163594847786154851, 11.00000000000000000 ) ) ;
#649 = DIRECTION ( 'NONE',  ( -0.000000000000000000, 0.000000000000000000, 1.000000000000000000 ) ) ;
#650 = VERTEX_POINT ( 'NONE', #1936 ) ;
#651 = DIRECTION ( 'NONE',  ( -0.000000000000000000, -0.000000000000000000, -1.000000000000000000 ) ) ;
#652 = DIRECTION ( 'NONE',  ( -0.000000000000000000, -0.000000000000000000, -1.000000000000000000 ) ) ;
#653 = CARTESIAN_POINT ( 'NONE',  ( -3.311553363668787942, 10.80793964096542403, 11.00000000000000000 ) ) ;
#654 = VECTOR ( 'NONE', #3223, 1000.000000000000000 ) ;
#655 = CARTESIAN_POINT ( 'NONE',  ( 10.40241735493286868, -1.428185272922069649, 11.00000000000000000 ) ) ;
#656 = CIRCLE ( 'NONE', #1210, 2.500000000000000000 ) ;
#657 = LINE ( 'NONE', #1333, #2112 ) ;
#658 = EDGE_CURVE ( 'NONE', #661, #3307, #2270, .T. ) ;
#659 = VECTOR ( 'NONE', #645, 1000.000000000000114 ) ;
#660 = DIRECTION ( 'NONE',  ( -0.000000000000000000, 0.000000000000000000, 1.000000000000000000 ) ) ;
#661 = VERTEX_POINT ( 'NONE', #1545 ) ;
#662 = VECTOR ( 'NONE', #3589, 1000.000000000000114 ) ;
#663 = ORIENTED_EDGE ( 'NONE', *, *, #710, .F. ) ;
#664 = LINE ( 'NONE', #4338, #1439 ) ;
#665 = EDGE_CURVE ( 'NONE', #1927, #2072, #2878, .T. ) ;
#666 = DIRECTION ( 'NONE',  ( -0.000000000000000000, -0.000000000000000000, -1.000000000000000000 ) ) ;
#667 = AXIS2_PLACEMENT_3D ( 'NONE', #445, #1083, #1453 ) ;
#668 = ORIENTED_EDGE ( 'NONE', *, *, #2389, .F. ) ;
#669 = CARTESIAN_POINT ( 'NONE',  ( -4.088734135651274748, 9.671207430717222664, 5.000000000000000000 ) ) ;
#670 = VECTOR ( 'NONE', #3334, 1000.000000000000000 ) ;
#671 = DIRECTION ( 'NONE',  ( 0.7938837709399408915, -0.6080695340486804712, 0.000000000000000000 ) ) ;
#672 = ADVANCED_FACE ( 'NONE', ( #3906 ), #963, .T. ) ;
#673 = VERTEX_POINT ( 'NONE', #2619 ) ;
#674 = CARTESIAN_POINT ( 'NONE',  ( 2.654583792703834710, -10.98777183284636827, 5.000000000000000000 ) ) ;
#675 = LINE ( 'NONE', #4062, #2181 ) ;
#676 = CARTESIAN_POINT ( 'NONE',  ( 2.123597070799023712, -11.10262493485535273, 11.00000000000000000 ) ) ;
#677 = AXIS2_PLACEMENT_3D ( 'NONE', #1950, #4327, #2905 ) ;
#678 = AXIS2_PLACEMENT_3D ( 'NONE', #3925, #3899, #3281 ) ;
#679 = EDGE_CURVE ( 'NONE', #1666, #3185, #3567, .T. ) ;
#680 = CARTESIAN_POINT ( 'NONE',  ( 1.406813522612569312, -10.40532919770415354, 5.000000000000000000 ) ) ;
#681 = VECTOR ( 'NONE', #1653, 1000.000000000000000 ) ;
#682 = EDGE_LOOP ( 'NONE', ( #24, #1145, #822, #580 ) ) ;
#683 = ORIENTED_EDGE ( 'NONE', *, *, #2236, .F. ) ;
#684 = EDGE_LOOP ( 'NONE', ( #1360, #202, #762, #40 ) ) ;
#685 = DIRECTION ( 'NONE',  ( -0.000000000000000000, -0.000000000000000000, -1.000000000000000000 ) ) ;
#686 = ADVANCED_FACE ( 'NONE', ( #923 ), #568, .T. ) ;
#687 = EDGE_LOOP ( 'NONE', ( #1191, #3221, #410, #3942 ) ) ;
#688 = ORIENTED_EDGE ( 'NONE', *, *, #283, .F. ) ;
#689 = DIRECTION ( 'NONE',  ( 1.000000000000000000, 0.000000000000000000, 0.000000000000000000 ) ) ;
#690 = DIRECTION ( 'NONE',  ( 0.1558400086925160744, 0.9877823098692932735, 0.000000000000000000 ) ) ;
#691 = CARTESIAN_POINT ( 'NONE',  ( 10.80401364751906002, -3.324339643808949418, 11.00000000000000000 ) ) ;
#692 = EDGE_LOOP ( 'NONE', ( #3892, #3102 ) ) ;
#693 = ORIENTED_EDGE ( 'NONE', *, *, #4287, .F. ) ;
#694 = CARTESIAN_POINT ( 'NONE',  ( 0.000000000000000000, 0.000000000000000000, 5.000000000000000000 ) ) ;
#695 = FACE_OUTER_BOUND ( 'NONE', #4187, .T. ) ;
#696 = LINE ( 'NONE', #3856, #233 ) ;
#697 = CARTESIAN_POINT ( 'NONE',  ( -2.755122180479451011, 5.862257295118626033, 11.00000000000000000 ) ) ;
#698 = CARTESIAN_POINT ( 'NONE',  ( 10.49772306630076635, 0.2186559472250231284, 11.00000000000000000 ) ) ;
#699 = DIRECTION ( 'NONE',  ( 0.000000000000000000, 0.000000000000000000, -1.000000000000000000 ) ) ;
#700 = CARTESIAN_POINT ( 'NONE',  ( 0.000000000000000000, 0.000000000000000000, 5.000000000000000000 ) ) ;
#701 = EDGE_CURVE ( 'NONE', #1789, #759, #941, .T. ) ;
#702 = VERTEX_POINT ( 'NONE', #403 ) ;
#703 = VERTEX_POINT ( 'NONE', #3743 ) ;
#704 = ADVANCED_FACE ( 'NONE', ( #1047 ), #3403, .T. ) ;
#705 = ORIENTED_EDGE ( 'NONE', *, *, #3412, .T. ) ;
#706 = ORIENTED_EDGE ( 'NONE', *, *, #190, .T. ) ;
#707 = CARTESIAN_POINT ( 'NONE',  ( 2.389090431751494492, -11.04519838385084718, 11.00000000000000000 ) ) ;
#708 = FACE_OUTER_BOUND ( 'NONE', #1422, .T. ) ;
#709 = FACE_OUTER_BOUND ( 'NONE', #2189, .T. ) ;
#710 = EDGE_CURVE ( 'NONE', #1580, #2071, #714, .T. ) ;
#711 = ORIENTED_EDGE ( 'NONE', *, *, #2963, .F. ) ;
#712 = ORIENTED_EDGE ( 'NONE', *, *, #1536, .F. ) ;
#713 = DIRECTION ( 'NONE',  ( -0.2185258192301071933, -0.9758311669186481296, 0.000000000000000000 ) ) ;
#714 = LINE ( 'NONE', #1726, #1555 ) ;
#715 = CARTESIAN_POINT ( 'NONE',  ( -6.024037108339064694, 9.564984154745461709, 11.00000000000000000 ) ) ;
#716 = ORIENTED_EDGE ( 'NONE', *, *, #3126, .F. ) ;
#717 = CARTESIAN_POINT ( 'NONE',  ( -1.914118084957140198, 10.32405695242137078, 11.00000000000000000 ) ) ;
#718 = CARTESIAN_POINT ( 'NONE',  ( 10.40241735493286868, -1.428185272922069649, 5.000000000000000000 ) ) ;
#719 = LINE ( 'NONE', #54, #1648 ) ;
#720 = VECTOR ( 'NONE', #2000, 1000.000000000000000 ) ;
#721 = ORIENTED_EDGE ( 'NONE', *, *, #2249, .F. ) ;
#722 = EDGE_LOOP ( 'NONE', ( #1484, #1069, #2894, #4172 ) ) ;
#723 = VECTOR ( 'NONE', #2990, 1000.000000000000227 ) ;
#724 = VECTOR ( 'NONE', #1099, 1000.000000000000000 ) ;
#725 = ORIENTED_EDGE ( 'NONE', *, *, #3477, .F. ) ;
#726 = EDGE_LOOP ( 'NONE', ( #2848, #3730, #2240, #196 ) ) ;
#727 = PLANE ( 'NONE',  #3388 ) ;
#728 = CARTESIAN_POINT ( 'NONE',  ( -2.641352261836299675, 5.914390674653902558, 5.000000000000000000 ) ) ;
#729 = DIRECTION ( 'NONE',  ( -0.9276225337045914676, 0.3735189887589037694, 0.000000000000000000 ) ) ;
#730 = VECTOR ( 'NONE', #2360, 1000.000000000000000 ) ;
#731 = ORIENTED_EDGE ( 'NONE', *, *, #4295, .F. ) ;
#732 = EDGE_CURVE ( 'NONE', #1232, #702, #3677, .T. ) ;
#733 = VECTOR ( 'NONE', #45, 1000.000000000000000 ) ;
#734 = VERTEX_POINT ( 'NONE', #28 ) ;
#735 = CYLINDRICAL_SURFACE ( 'NONE', #4042, 4.000000000000000000 ) ;
#736 = CARTESIAN_POINT ( 'NONE',  ( 2.684361755194011767, 5.894994553923964986, 11.00000000000000000 ) ) ;
#737 = DIRECTION ( 'NONE',  ( -1.000000000000000000, 0.000000000000000000, 0.000000000000000000 ) ) ;
#738 = VECTOR ( 'NONE', #1040, 1000.000000000000000 ) ;
#739 = ORIENTED_EDGE ( 'NONE', *, *, #1467, .T. ) ;
#740 = EDGE_CURVE ( 'NONE', #172, #4159, #2015, .T. ) ;
#741 = DIRECTION ( 'NONE',  ( -1.000000000000000000, 0.000000000000000000, 0.000000000000000000 ) ) ;
#742 = VECTOR ( 'NONE', #1156, 1000.000000000000114 ) ;
#743 = LINE ( 'NONE', #2069, #1582 ) ;
#744 = AXIS2_PLACEMENT_3D ( 'NONE', #1382, #1420, #73 ) ;
#745 = ORIENTED_EDGE ( 'NONE', *, *, #2909, .T. ) ;
#746 = ORIENTED_EDGE ( 'NONE', *, *, #633, .F. ) ;
#747 = VECTOR ( 'NONE', #1130, 1000.000000000000000 ) ;
#748 = CARTESIAN_POINT ( 'NONE',  ( 5.645873701446666892, -8.852915347348179864, 11.00000000000000000 ) ) ;
#749 = VECTOR ( 'NONE', #4236, 1000.000000000000000 ) ;
#750 = VERTEX_POINT ( 'NONE', #2307 ) ;
#751 = VERTEX_POINT ( 'NONE', #379 ) ;
#752 = CARTESIAN_POINT ( 'NONE',  ( -11.29992452953361237, -0.2994170837185202161, 11.00000000000000000 ) ) ;
#753 = LINE ( 'NONE', #3099, #1831 ) ;
#754 = CARTESIAN_POINT ( 'NONE',  ( -2.755122180479451011, 5.862257295118626033, 5.000000000000000000 ) ) ;
#755 = CARTESIAN_POINT ( 'NONE',  ( 0.000000000000000000, 0.000000000000000000, 5.000000000000000000 ) ) ;
#756 = ORIENTED_EDGE ( 'NONE', *, *, #1324, .F. ) ;
#757 = ADVANCED_FACE ( 'NONE', ( #3360 ), #1708, .T. ) ;
#758 = FACE_OUTER_BOUND ( 'NONE', #466, .T. ) ;
#759 = VERTEX_POINT ( 'NONE', #2642 ) ;
#760 = DIRECTION ( 'NONE',  ( 0.4566146066608867682, -0.8896646002758138438, 0.000000000000000000 ) ) ;
#761 = CARTESIAN_POINT ( 'NONE',  ( -11.28620653191068079, -0.5707035559417356074, 11.00000000000000000 ) ) ;
#762 = ORIENTED_EDGE ( 'NONE', *, *, #1796, .F. ) ;
#763 = DIRECTION ( 'NONE',  ( 1.000000000000000000, 0.000000000000000000, 0.000000000000000000 ) ) ;
#764 = CARTESIAN_POINT ( 'NONE',  ( 6.230760147890386236, 1.770419951029237549, 5.000000000000000000 ) ) ;
#765 = CARTESIAN_POINT ( 'NONE',  ( -1.180889473718712779, 11.23875707009312386, 11.00000000000000000 ) ) ;
#766 = EDGE_CURVE ( 'NONE', #3389, #2574, #675, .T. ) ;
#767 = ADVANCED_FACE ( 'NONE', ( #1683 ), #321, .F. ) ;
#768 = EDGE_CURVE ( 'NONE', #862, #2159, #4, .T. ) ;
#769 = ORIENTED_EDGE ( 'NONE', *, *, #1907, .T. ) ;
#770 = ORIENTED_EDGE ( 'NONE', *, *, #2312, .F. ) ;
#771 = CARTESIAN_POINT ( 'NONE',  ( -6.469897412374667311, 0.3117471682135856126, 11.00000000000000000 ) ) ;
#772 = ORIENTED_EDGE ( 'NONE', *, *, #558, .F. ) ;
#773 = ORIENTED_EDGE ( 'NONE', *, *, #658, .F. ) ;
#774 = LINE ( 'NONE', #2076, #1492 ) ;
#775 = DIRECTION ( 'NONE',  ( 0.1486410118346872533, -0.9888912223297162685, 0.000000000000000000 ) ) ;
#776 = ORIENTED_EDGE ( 'NONE', *, *, #415, .T. ) ;
#777 = CARTESIAN_POINT ( 'NONE',  ( 4.911504713468676009, 4.223017910584396795, 5.000000000000000000 ) ) ;
#778 = CARTESIAN_POINT ( 'NONE',  ( 7.416991421146180485, -7.432243151205697451, 5.000000000000000000 ) ) ;
#779 = LINE ( 'NONE', #1797, #2272 ) ;
#780 = EDGE_LOOP ( 'NONE', ( #14, #2150, #693, #4191 ) ) ;
#781 = DIRECTION ( 'NONE',  ( -0.000000000000000000, 0.000000000000000000, 1.000000000000000000 ) ) ;
#782 = CARTESIAN_POINT ( 'NONE',  ( -4.516665994855982191, -4.642896414357357671, 11.00000000000000000 ) ) ;
#783 = CARTESIAN_POINT ( 'NONE',  ( 0.000000000000000000, 0.000000000000000000, 11.00000000000000000 ) ) ;
#784 = CARTESIAN_POINT ( 'NONE',  ( -4.000000000000000000, 0.000000000000000000, 11.00000000000000000 ) ) ;
#785 = ORIENTED_EDGE ( 'NONE', *, *, #561, .T. ) ;
#786 = EDGE_CURVE ( 'NONE', #3548, #4069, #354, .T. ) ;
#787 = DIRECTION ( 'NONE',  ( 1.000000000000000000, 0.000000000000000000, 0.000000000000000000 ) ) ;
#788 = AXIS2_PLACEMENT_3D ( 'NONE', #3345, #3045, #71 ) ;
#789 = EDGE_LOOP ( 'NONE', ( #539, #2294, #2355, #3022 ) ) ;
#790 = AXIS2_PLACEMENT_3D ( 'NONE', #1700, #2026, #1678 ) ;
#791 = VERTEX_POINT ( 'NONE', #4038 ) ;
#792 = CARTESIAN_POINT ( 'NONE',  ( 0.000000000000000000, 0.000000000000000000, 11.00000000000000000 ) ) ;
#793 = CARTESIAN_POINT ( 'NONE',  ( 2.105150031715640413, -6.125773597473963328, 11.00000000000000000 ) ) ;
#794 = CARTESIAN_POINT ( 'NONE',  ( 5.704500481897842867, 3.068457768255702156, 5.000000000000000000 ) ) ;
#795 = CIRCLE ( 'NONE', #3664, 10.50000000000000000 ) ;
#796 = ORIENTED_EDGE ( 'NONE', *, *, #2962, .F. ) ;
#797 = ORIENTED_EDGE ( 'NONE', *, *, #3864, .F. ) ;
#798 = DIRECTION ( 'NONE',  ( -0.6519615110608887321, 0.7582520610556905405, 0.000000000000000000 ) ) ;
#799 = LINE ( 'NONE', #2080, #3517 ) ;
#800 = VECTOR ( 'NONE', #3243, 1000.000000000000000 ) ;
#801 = CIRCLE ( 'NONE', #788, 4.000000000000000000 ) ;
#802 = CARTESIAN_POINT ( 'NONE',  ( -6.655921622195174692, -9.136555823852473779, 11.00000000000000000 ) ) ;
#803 = EDGE_CURVE ( 'NONE', #286, #3109, #2395, .T. ) ;
#804 = CARTESIAN_POINT ( 'NONE',  ( 7.822890946873293672, 7.003740231713902809, 5.000000000000000000 ) ) ;
#805 = AXIS2_PLACEMENT_3D ( 'NONE', #3697, #729, #398 ) ;
#806 = ORIENTED_EDGE ( 'NONE', *, *, #2438, .T. ) ;
#807 = DIRECTION ( 'NONE',  ( -0.8040726009977303690, -0.5945311197277605153, 0.000000000000000000 ) ) ;
#808 = DIRECTION ( 'NONE',  ( -0.2733224653375057045, 0.9619224656602152201, 0.000000000000000000 ) ) ;
#809 = DIRECTION ( 'NONE',  ( -0.6574672138906290098, -0.7534831535335704267, 0.000000000000000000 ) ) ;
#810 = VECTOR ( 'NONE', #1659, 1000.000000000000000 ) ;
#811 = LINE ( 'NONE', #195, #4126 ) ;
#812 = VECTOR ( 'NONE', #2486, 1000.000000000000000 ) ;
#813 = ORIENTED_EDGE ( 'NONE', *, *, #2765, .F. ) ;
#814 = CARTESIAN_POINT ( 'NONE',  ( -0.03898322043091653755, 6.477286401886701128, 11.00000000000000000 ) ) ;
#815 = VECTOR ( 'NONE', #1483, 1000.000000000000227 ) ;
#816 = ORIENTED_EDGE ( 'NONE', *, *, #2579, .F. ) ;
#817 = VECTOR ( 'NONE', #2494, 1000.000000000000000 ) ;
#818 = ORIENTED_EDGE ( 'NONE', *, *, #877, .F. ) ;
#819 = ORIENTED_EDGE ( 'NONE', *, *, #4146, .T. ) ;
#820 = LINE ( 'NONE', #793, #85 ) ;
#821 = EDGE_CURVE ( 'NONE', #3080, #734, #48, .T. ) ;
#822 = ORIENTED_EDGE ( 'NONE', *, *, #3522, .F. ) ;
#823 = LINE ( 'NONE', #3785, #812 ) ;
#824 = CARTESIAN_POINT ( 'NONE',  ( 0.000000000000000000, 0.000000000000000000, 11.00000000000000000 ) ) ;
#825 = EDGE_CURVE ( 'NONE', #3229, #4218, #1650, .T. ) ;
#826 = DIRECTION ( 'NONE',  ( -0.9987239629288556797, -0.05050193928634644919, 0.000000000000000000 ) ) ;
#827 = CARTESIAN_POINT ( 'NONE',  ( -5.741020620888816595, 2.999573478691762940, 11.00000000000000000 ) ) ;
#828 = ORIENTED_EDGE ( 'NONE', *, *, #3290, .T. ) ;
#829 = DIRECTION ( 'NONE',  ( -0.000000000000000000, -0.000000000000000000, -1.000000000000000000 ) ) ;
#830 = CARTESIAN_POINT ( 'NONE',  ( 0.000000000000000000, 0.000000000000000000, 11.00000000000000000 ) ) ;
#831 = ADVANCED_FACE ( 'NONE', ( #2058 ), #4350, .T. ) ;
#832 = CARTESIAN_POINT ( 'NONE',  ( -2.149713431733061064, -6.110277488377058752, 5.000000000000000000 ) ) ;
#833 = DIRECTION ( 'NONE',  ( 1.000000000000000000, 0.000000000000000000, -0.000000000000000000 ) ) ;
#834 = VERTEX_POINT ( 'NONE', #3014 ) ;
#835 = CARTESIAN_POINT ( 'NONE',  ( -11.29992452953361237, -0.2994170837185202161, 11.00000000000000000 ) ) ;
#836 = CARTESIAN_POINT ( 'NONE',  ( -0.9107435438973024988, 11.26714210261090621, 5.000000000000000000 ) ) ;
#837 = ORIENTED_EDGE ( 'NONE', *, *, #112, .F. ) ;
#838 = EDGE_CURVE ( 'NONE', #3280, #100, #2332, .T. ) ;
#839 = ORIENTED_EDGE ( 'NONE', *, *, #314, .T. ) ;
#840 = EDGE_LOOP ( 'NONE', ( #3434, #2851, #3120, #4164 ) ) ;
#841 = VERTEX_POINT ( 'NONE', #2357 ) ;
#842 = PLANE ( 'NONE',  #1906 ) ;
#843 = VERTEX_POINT ( 'NONE', #3703 ) ;
#844 = EDGE_CURVE ( 'NONE', #2867, #2206, #696, .T. ) ;
#845 = CARTESIAN_POINT ( 'NONE',  ( -7.087211819622559084, -8.806212215645281560, 11.00000000000000000 ) ) ;
#846 = DIRECTION ( 'NONE',  ( 0.4651876262429072151, -0.8852121058766024841, 0.000000000000000000 ) ) ;
#847 = LINE ( 'NONE', #1116, #2681 ) ;
#848 = ORIENTED_EDGE ( 'NONE', *, *, #1212, .T. ) ;
#849 = DIRECTION ( 'NONE',  ( 0.8297273250521235433, 0.5581689404309843061, -0.000000000000000000 ) ) ;
#850 = LINE ( 'NONE', #764, #3819 ) ;
#851 = CARTESIAN_POINT ( 'NONE',  ( -4.880614574191747046, 4.258680570520386510, 11.00000000000000000 ) ) ;
#852 = CARTESIAN_POINT ( 'NONE',  ( 0.000000000000000000, 0.000000000000000000, 5.000000000000000000 ) ) ;
#853 = VERTEX_POINT ( 'NONE', #1175 ) ;
#854 = EDGE_LOOP ( 'NONE', ( #3763, #1768, #1307, #2020 ) ) ;
#855 = EDGE_CURVE ( 'NONE', #1112, #2024, #2741, .T. ) ;
#856 = DIRECTION ( 'NONE',  ( 0.3824625663372169804, 0.9239709872884266373, 0.000000000000000000 ) ) ;
#857 = ORIENTED_EDGE ( 'NONE', *, *, #4132, .T. ) ;
#858 = ORIENTED_EDGE ( 'NONE', *, *, #4070, .F. ) ;
#859 = DIRECTION ( 'NONE',  ( -0.000000000000000000, -0.000000000000000000, -1.000000000000000000 ) ) ;
#860 = ORIENTED_EDGE ( 'NONE', *, *, #2959, .F. ) ;
#861 = DIRECTION ( 'NONE',  ( 0.000000000000000000, 0.000000000000000000, -1.000000000000000000 ) ) ;
#862 = VERTEX_POINT ( 'NONE', #778 ) ;
#863 = VECTOR ( 'NONE', #66, 1000.000000000000227 ) ;
#864 = ORIENTED_EDGE ( 'NONE', *, *, #1814, .F. ) ;
#865 = CARTESIAN_POINT ( 'NONE',  ( 6.093547259491241874, 9.520852207629564745, 11.00000000000000000 ) ) ;
#866 = DIRECTION ( 'NONE',  ( -0.000000000000000000, -0.000000000000000000, -1.000000000000000000 ) ) ;
#867 = LINE ( 'NONE', #2191, #2105 ) ;
#868 = CARTESIAN_POINT ( 'NONE',  ( -7.939387322721387363, 8.046370231538492845, 11.00000000000000000 ) ) ;
#869 = AXIS2_PLACEMENT_3D ( 'NONE', #2891, #2943, #4299 ) ;
#870 = EDGE_CURVE ( 'NONE', #1489, #562, #2746, .T. ) ;
#871 = DIRECTION ( 'NONE',  ( -0.6371908016639442618, 0.7707060933162913630, 0.000000000000000000 ) ) ;
#872 = ADVANCED_FACE ( 'NONE', ( #3490 ), #4103, .T. ) ;
#873 = ORIENTED_EDGE ( 'NONE', *, *, #1735, .F. ) ;
#874 = DIRECTION ( 'NONE',  ( -0.5581689404309843061, 0.8297273250521235433, 0.000000000000000000 ) ) ;
#875 = DIRECTION ( 'NONE',  ( 0.7350789718722195998, 0.6779814931923145993, 0.000000000000000000 ) ) ;
#876 = DIRECTION ( 'NONE',  ( -0.6446062341312276400, 0.7645147499683422332, 0.000000000000000000 ) ) ;
#877 = EDGE_CURVE ( 'NONE', #1750, #1259, #3441, .T. ) ;
#878 = ORIENTED_EDGE ( 'NONE', *, *, #3043, .F. ) ;
#879 = VECTOR ( 'NONE', #2528, 1000.000000000000000 ) ;
#880 = DIRECTION ( 'NONE',  ( 1.000000000000000000, 0.000000000000000000, 0.000000000000000000 ) ) ;
#881 = AXIS2_PLACEMENT_3D ( 'NONE', #2888, #3919, #910 ) ;
#882 = ORIENTED_EDGE ( 'NONE', *, *, #435, .T. ) ;
#883 = ORIENTED_EDGE ( 'NONE', *, *, #939, .T. ) ;
#884 = CYLINDRICAL_SURFACE ( 'NONE', #381, 10.50000000000000000 ) ;
#885 = ORIENTED_EDGE ( 'NONE', *, *, #821, .T. ) ;
#886 = CARTESIAN_POINT ( 'NONE',  ( 5.645873701446666892, -8.852915347348179864, 11.00000000000000000 ) ) ;
#887 = VECTOR ( 'NONE', #1114, 999.9999999999998863 ) ;
#888 = VECTOR ( 'NONE', #563, 1000.000000000000114 ) ;
#889 = ORIENTED_EDGE ( 'NONE', *, *, #2217, .F. ) ;
#890 = CARTESIAN_POINT ( 'NONE',  ( -4.426124711122669808, -4.729289467259409463, 5.000000000000000000 ) ) ;
#891 = LINE ( 'NONE', #2286, #2538 ) ;
#892 = DIRECTION ( 'NONE',  ( -0.000000000000000000, -0.000000000000000000, -1.000000000000000000 ) ) ;
#893 = VECTOR ( 'NONE', #3098, 1000.000000000000000 ) ;
#894 = ADVANCED_FACE ( 'NONE', ( #1812 ), #450, .T. ) ;
#895 = DIRECTION ( 'NONE',  ( -0.8863150851539804975, 0.4630826814171441486, 0.000000000000000000 ) ) ;
#896 = VERTEX_POINT ( 'NONE', #2459 ) ;
#897 = FACE_OUTER_BOUND ( 'NONE', #421, .T. ) ;
#898 = CARTESIAN_POINT ( 'NONE',  ( 9.964895478147619556, -5.329635873049950234, 11.00000000000000000 ) ) ;
#899 = CARTESIAN_POINT ( 'NONE',  ( -5.710207278664634956, -8.811556777022174103, 11.00000000000000000 ) ) ;
#900 = ADVANCED_FACE ( 'NONE', ( #2169 ), #4193, .T. ) ;
#901 = CARTESIAN_POINT ( 'NONE',  ( -8.639495681600477539, -7.284454323922589403, 11.00000000000000000 ) ) ;
#902 = ORIENTED_EDGE ( 'NONE', *, *, #1822, .T. ) ;
#903 = FACE_OUTER_BOUND ( 'NONE', #1468, .T. ) ;
#904 = CARTESIAN_POINT ( 'NONE',  ( 0.000000000000000000, 0.000000000000000000, 17.00000000000000000 ) ) ;
#905 = EDGE_CURVE ( 'NONE', #4183, #3748, #136, .T. ) ;
#906 = EDGE_CURVE ( 'NONE', #650, #3271, #1091, .T. ) ;
#907 = EDGE_CURVE ( 'NONE', #1189, #750, #799, .T. ) ;
#908 = ORIENTED_EDGE ( 'NONE', *, *, #2299, .F. ) ;
#909 = ORIENTED_EDGE ( 'NONE', *, *, #1413, .F. ) ;
#910 = DIRECTION ( 'NONE',  ( 0.8599444367698223513, -0.5103876621438188099, 0.000000000000000000 ) ) ;
#911 = ORIENTED_EDGE ( 'NONE', *, *, #4013, .T. ) ;
#912 = DIRECTION ( 'NONE',  ( -0.000000000000000000, -0.000000000000000000, -1.000000000000000000 ) ) ;
#913 = DIRECTION ( 'NONE',  ( 1.000000000000000000, 0.000000000000000000, 0.000000000000000000 ) ) ;
#914 = ADVANCED_FACE ( 'NONE', ( #1747 ), #2441, .T. ) ;
#915 = VERTEX_POINT ( 'NONE', #89 ) ;
#916 = CARTESIAN_POINT ( 'NONE',  ( -9.877091075793407171, -5.497364536180957550, 11.00000000000000000 ) ) ;
#917 = CARTESIAN_POINT ( 'NONE',  ( 0.9927876096865427824, 11.26020948851444459, 11.00000000000000000 ) ) ;
#918 = CARTESIAN_POINT ( 'NONE',  ( 0.000000000000000000, 0.000000000000000000, 5.000000000000000000 ) ) ;
#919 = CARTESIAN_POINT ( 'NONE',  ( 0.000000000000000000, 0.000000000000000000, 11.00000000000000000 ) ) ;
#920 = PRODUCT_CONTEXT ( 'NONE', #1281, 'mechanical' ) ;
#921 = ORIENTED_EDGE ( 'NONE', *, *, #4233, .F. ) ;
#922 = DIRECTION ( 'NONE',  ( 0.000000000000000000, 0.000000000000000000, -1.000000000000000000 ) ) ;
#923 = FACE_OUTER_BOUND ( 'NONE', #2043, .T. ) ;
#924 = CARTESIAN_POINT ( 'NONE',  ( 0.000000000000000000, 0.000000000000000000, 1.000000000000000000 ) ) ;
#925 = CARTESIAN_POINT ( 'NONE',  ( 5.861308068254630577, 9.661740431139776319, 11.00000000000000000 ) ) ;
#926 = VERTEX_POINT ( 'NONE', #1770 ) ;
#927 = CARTESIAN_POINT ( 'NONE',  ( 3.647285349120042319, 10.69586228463148458, 11.00000000000000000 ) ) ;
#928 = EDGE_CURVE ( 'NONE', #3738, #2988, #3130, .T. ) ;
#929 = ORIENTED_EDGE ( 'NONE', *, *, #310, .F. ) ;
#930 = ORIENTED_EDGE ( 'NONE', *, *, #3787, .F. ) ;
#931 = PLANE ( 'NONE',  #174 ) ;
#932 = CARTESIAN_POINT ( 'NONE',  ( -8.464399300897200717, -7.492121824833659183, 5.000000000000000000 ) ) ;
#933 = EDGE_CURVE ( 'NONE', #146, #1523, #593, .T. ) ;
#934 = ORIENTED_EDGE ( 'NONE', *, *, #1249, .F. ) ;
#935 = PLANE ( 'NONE',  #388 ) ;
#936 = DIRECTION ( 'NONE',  ( 0.7597992510802257238, -0.6501577485948529800, 0.000000000000000000 ) ) ;
#937 = CARTESIAN_POINT ( 'NONE',  ( 4.707625983893290567, -10.27338396174700108, 5.000000000000000000 ) ) ;
#938 = CIRCLE ( 'NONE', #1623, 10.50000000000000000 ) ;
#939 = EDGE_CURVE ( 'NONE', #2219, #1896, #226, .T. ) ;
#940 = DIRECTION ( 'NONE',  ( -0.000000000000000000, -0.000000000000000000, -1.000000000000000000 ) ) ;
#941 = LINE ( 'NONE', #3971, #2881 ) ;
#942 = AXIS2_PLACEMENT_3D ( 'NONE', #2324, #2671, #4321 ) ;
#943 = DIRECTION ( 'NONE',  ( -0.2640173619703847785, 0.9645179275566622135, 0.000000000000000000 ) ) ;
#944 = DIRECTION ( 'NONE',  ( -0.8549738714150826313, 0.5186710703302295222, 0.000000000000000000 ) ) ;
#945 = VECTOR ( 'NONE', #2868, 1000.000000000000000 ) ;
#946 = VECTOR ( 'NONE', #4080, 1000.000000000000114 ) ;
#947 = EDGE_CURVE ( 'NONE', #2250, #4094, #891, .T. ) ;
#948 = VECTOR ( 'NONE', #2947, 1000.000000000000000 ) ;
#949 = ORIENTED_EDGE ( 'NONE', *, *, #966, .T. ) ;
#950 = ORIENTED_EDGE ( 'NONE', *, *, #86, .F. ) ;
#951 = DIRECTION ( 'NONE',  ( -0.000000000000000000, -0.000000000000000000, -1.000000000000000000 ) ) ;
#952 = DIRECTION ( 'NONE',  ( -1.000000000000000000, 0.000000000000000000, 0.000000000000000000 ) ) ;
#953 = CARTESIAN_POINT ( 'NONE',  ( -4.426124711122669808, -4.729289467259409463, 11.00000000000000000 ) ) ;
#954 = VECTOR ( 'NONE', #1313, 1000.000000000000227 ) ;
#955 = ORIENTED_EDGE ( 'NONE', *, *, #2392, .T. ) ;
#956 = DIRECTION ( 'NONE',  ( -0.000000000000000000, 0.000000000000000000, 1.000000000000000000 ) ) ;
#957 = CARTESIAN_POINT ( 'NONE',  ( 6.377568816620962089, -1.132861338736877999, 5.000000000000000000 ) ) ;
#958 = DIRECTION ( 'NONE',  ( 0.7218435344370552897, 0.6920562923573629899, 0.000000000000000000 ) ) ;
#959 = VECTOR ( 'NONE', #2955, 1000.000000000000000 ) ;
#960 = EDGE_CURVE ( 'NONE', #2708, #1636, #541, .T. ) ;
#961 = ORIENTED_EDGE ( 'NONE', *, *, #368, .F. ) ;
#962 = CYLINDRICAL_SURFACE ( 'NONE', #1986, 10.50000000000000000 ) ;
#963 = PLANE ( 'NONE',  #1349 ) ;
#964 = VECTOR ( 'NONE', #4200, 999.9999999999998863 ) ;
#965 = CARTESIAN_POINT ( 'NONE',  ( 6.134398983059601740, 8.521686987717711048, 5.000000000000000000 ) ) ;
#966 = EDGE_CURVE ( 'NONE', #1204, #2021, #1488, .T. ) ;
#967 = FACE_OUTER_BOUND ( 'NONE', #3554, .T. ) ;
#968 = CIRCLE ( 'NONE', #1931, 10.50000000000000000 ) ;
#969 = EDGE_CURVE ( 'NONE', #2689, #1393, #656, .T. ) ;
#970 = ORIENTED_EDGE ( 'NONE', *, *, #4311, .T. ) ;
#971 = ORIENTED_EDGE ( 'NONE', *, *, #966, .F. ) ;
#972 = DIRECTION ( 'NONE',  ( -0.1581869493028067175, 0.9874091801630523468, 0.000000000000000000 ) ) ;
#973 = EDGE_CURVE ( 'NONE', #146, #87, #2596, .T. ) ;
#974 = ORIENTED_EDGE ( 'NONE', *, *, #1558, .T. ) ;
#975 = CARTESIAN_POINT ( 'NONE',  ( 7.000000000000000000, 8.572527594031473190E-16, 5.000000000000000000 ) ) ;
#976 = DIRECTION ( 'NONE',  ( -0.9050319475970136640, -0.4253435950249589426, 0.000000000000000000 ) ) ;
#977 = FACE_OUTER_BOUND ( 'NONE', #2047, .T. ) ;
#978 = EDGE_CURVE ( 'NONE', #3725, #555, #867, .T. ) ;
#979 = CARTESIAN_POINT ( 'NONE',  ( 1.354353294785856532, 6.334231285360856667, 5.000000000000000000 ) ) ;
#980 = DIRECTION ( 'NONE',  ( 0.06741651380573475405, 0.9977249188359891274, 0.000000000000000000 ) ) ;
#981 = CARTESIAN_POINT ( 'NONE',  ( 4.954567246654685952, -10.16022678691545877, 5.000000000000000000 ) ) ;
#982 = LINE ( 'NONE', #3652, #391 ) ;
#983 = DIRECTION ( 'NONE',  ( -0.9937375998835075164, 0.1117389036001600611, 0.000000000000000000 ) ) ;
#984 = DIRECTION ( 'NONE',  ( -1.000000000000000000, 0.000000000000000000, 0.000000000000000000 ) ) ;
#985 = ORIENTED_EDGE ( 'NONE', *, *, #3189, .F. ) ;
#986 = ORIENTED_EDGE ( 'NONE', *, *, #4076, .T. ) ;
#987 = LINE ( 'NONE', #4083, #3325 ) ;
#988 = CARTESIAN_POINT ( 'NONE',  ( -0.3127876183556987932, -11.29956233085959738, 5.000000000000000000 ) ) ;
#989 = ORIENTED_EDGE ( 'NONE', *, *, #4127, .F. ) ;
#990 = CARTESIAN_POINT ( 'NONE',  ( 8.762811945377075418, -7.140803300269144671, 11.00000000000000000 ) ) ;
#991 = DIRECTION ( 'NONE',  ( -0.9954881903120640363, -0.09488552549894935240, 0.000000000000000000 ) ) ;
#992 = DIRECTION ( 'NONE',  ( 0.3824625663372169804, 0.9239709872884266373, 0.000000000000000000 ) ) ;
#993 = ORIENTED_EDGE ( 'NONE', *, *, #622, .T. ) ;
#994 = ORIENTED_EDGE ( 'NONE', *, *, #3550, .T. ) ;
#995 = DIRECTION ( 'NONE',  ( -0.000000000000000000, 0.000000000000000000, 1.000000000000000000 ) ) ;
#996 = DIRECTION ( 'NONE',  ( 0.1748943541949495584, 0.9845872053153704728, 0.000000000000000000 ) ) ;
#997 = DIRECTION ( 'NONE',  ( -0.000000000000000000, -0.000000000000000000, -1.000000000000000000 ) ) ;
#998 = AXIS2_PLACEMENT_3D ( 'NONE', #2033, #4328, #3037 ) ;
#999 = DIRECTION ( 'NONE',  ( 0.7982918012086476223, 0.6022708693960326931, 0.000000000000000000 ) ) ;
#1000 = AXIS2_PLACEMENT_3D ( 'NONE', #3806, #517, #3083 ) ;
#1001 = DIRECTION ( 'NONE',  ( -0.000000000000000000, -0.000000000000000000, -1.000000000000000000 ) ) ;
#1002 = ORIENTED_EDGE ( 'NONE', *, *, #1338, .T. ) ;
#1003 = CIRCLE ( 'NONE', #2971, 10.50000000000000000 ) ;
#1004 = EDGE_CURVE ( 'NONE', #4046, #3431, #2964, .T. ) ;
#1005 = ADVANCED_FACE ( 'NONE', ( #3875 ), #3926, .T. ) ;
#1006 = DIRECTION ( 'NONE',  ( -0.05777515979386498024, -0.9983296203713447614, 0.000000000000000000 ) ) ;
#1007 = ORIENTED_EDGE ( 'NONE', *, *, #1611, .F. ) ;
#1008 = CIRCLE ( 'NONE', #3746, 10.50000000000000000 ) ;
#1009 = ORIENTED_EDGE ( 'NONE', *, *, #2142, .T. ) ;
#1010 = CARTESIAN_POINT ( 'NONE',  ( 0.000000000000000000, 0.000000000000000000, 11.00000000000000000 ) ) ;
#1011 = AXIS2_PLACEMENT_3D ( 'NONE', #761, #826, #3149 ) ;
#1012 = VERTEX_POINT ( 'NONE', #1835 ) ;
#1013 = FACE_OUTER_BOUND ( 'NONE', #1932, .T. ) ;
#1014 = VERTEX_POINT ( 'NONE', #1214 ) ;
#1015 = CARTESIAN_POINT ( 'NONE',  ( 0.7390725469451834284, -6.435101443947368161, 5.000000000000000000 ) ) ;
#1016 = CARTESIAN_POINT ( 'NONE',  ( 0.000000000000000000, 0.000000000000000000, 11.00000000000000000 ) ) ;
#1017 = DIRECTION ( 'NONE',  ( -0.8040726009977303690, -0.5945311197277605153, 0.000000000000000000 ) ) ;
#1018 = AXIS2_PLACEMENT_3D ( 'NONE', #2764, #1111, #775 ) ;
#1019 = DIRECTION ( 'NONE',  ( 0.1141001209780145298, -0.9934692558870669155, 0.000000000000000000 ) ) ;
#1020 = ORIENTED_EDGE ( 'NONE', *, *, #4294, .F. ) ;
#1021 = AXIS2_PLACEMENT_3D ( 'NONE', #2872, #4168, #494 ) ;
#1022 = ORIENTED_EDGE ( 'NONE', *, *, #3238, .F. ) ;
#1023 = DIRECTION ( 'NONE',  ( -0.000000000000000000, -0.000000000000000000, -1.000000000000000000 ) ) ;
#1024 = CARTESIAN_POINT ( 'NONE',  ( 0.000000000000000000, 0.000000000000000000, -22.00000000000000000 ) ) ;
#1025 = LINE ( 'NONE', #715, #4250 ) ;
#1026 = EDGE_CURVE ( 'NONE', #307, #2029, #3663, .T. ) ;
#1027 = VECTOR ( 'NONE', #3142, 1000.000000000000000 ) ;
#1028 = AXIS2_PLACEMENT_3D ( 'NONE', #1296, #3993, #1591 ) ;
#1029 = DIRECTION ( 'NONE',  ( -0.000000000000000000, -0.000000000000000000, -1.000000000000000000 ) ) ;
#1030 = CYLINDRICAL_SURFACE ( 'NONE', #182, 10.50000000000000000 ) ;
#1031 = ORIENTED_EDGE ( 'NONE', *, *, #3189, .T. ) ;
#1032 = EDGE_CURVE ( 'NONE', #3146, #915, #3900, .T. ) ;
#1033 = ORIENTED_EDGE ( 'NONE', *, *, #2799, .F. ) ;
#1034 = PRODUCT_DEFINITION_SHAPE ( 'NONE', 'NONE',  #498 ) ;
#1035 = ADVANCED_FACE ( 'NONE', ( #3562 ), #564, .T. ) ;
#1036 = VERTEX_POINT ( 'NONE', #2576 ) ;
#1037 = ADVANCED_FACE ( 'NONE', ( #1265 ), #252, .T. ) ;
#1038 = EDGE_LOOP ( 'NONE', ( #1302, #566, #3139, #4259 ) ) ;
#1039 = ORIENTED_EDGE ( 'NONE', *, *, #1318, .T. ) ;
#1040 = DIRECTION ( 'NONE',  ( -0.000000000000000000, -0.000000000000000000, -1.000000000000000000 ) ) ;
#1041 = FACE_OUTER_BOUND ( 'NONE', #422, .T. ) ;
#1042 = DIRECTION ( 'NONE',  ( -0.9599061070290932918, 0.2803217181886750731, 0.000000000000000000 ) ) ;
#1043 = PLANE ( 'NONE',  #2195 ) ;
#1044 = ORIENTED_EDGE ( 'NONE', *, *, #1633, .T. ) ;
#1045 = EDGE_LOOP ( 'NONE', ( #490, #46, #716, #3753 ) ) ;
#1046 = CARTESIAN_POINT ( 'NONE',  ( -6.569945865453195921, 8.190592855527281557, 11.00000000000000000 ) ) ;
#1047 = FACE_OUTER_BOUND ( 'NONE', #41, .T. ) ;
#1048 = LINE ( 'NONE', #2396, #3182 ) ;
#1049 = DIRECTION ( 'NONE',  ( -0.000000000000000000, -0.000000000000000000, -1.000000000000000000 ) ) ;
#1050 = ORIENTED_EDGE ( 'NONE', *, *, #2004, .T. ) ;
#1051 = PLANE ( 'NONE',  #2608 ) ;
#1052 = EDGE_LOOP ( 'NONE', ( #930, #3917, #2942, #3483 ) ) ;
#1053 = ORIENTED_EDGE ( 'NONE', *, *, #3201, .T. ) ;
#1054 = EDGE_CURVE ( 'NONE', #3080, #150, #2265, .T. ) ;
#1055 = VERTEX_POINT ( 'NONE', #4055 ) ;
#1056 = VERTEX_POINT ( 'NONE', #3696 ) ;
#1057 = CARTESIAN_POINT ( 'NONE',  ( -9.878383375456515125, -3.559149039799314185, 11.00000000000000000 ) ) ;
#1058 = CARTESIAN_POINT ( 'NONE',  ( 0.000000000000000000, 0.000000000000000000, 11.00000000000000000 ) ) ;
#1059 = PLANE ( 'NONE',  #3387 ) ;
#1060 = ADVANCED_FACE ( 'NONE', ( #3057 ), #4074, .T. ) ;
#1061 = ORIENTED_EDGE ( 'NONE', *, *, #928, .T. ) ;
#1062 = CARTESIAN_POINT ( 'NONE',  ( -5.339301813680878084, -3.667235330049811726, 11.00000000000000000 ) ) ;
#1063 = DIRECTION ( 'NONE',  ( -1.000000000000000000, 0.000000000000000000, 0.000000000000000000 ) ) ;
#1064 = CARTESIAN_POINT ( 'NONE',  ( 11.20131120659796409, 1.519398636342918163, 11.00000000000000000 ) ) ;
#1065 = PLANE ( 'NONE',  #1432 ) ;
#1066 = ORIENTED_EDGE ( 'NONE', *, *, #1735, .T. ) ;
#1067 = CARTESIAN_POINT ( 'NONE',  ( 7.416991421146181374, -7.432243151205697451, 11.00000000000000000 ) ) ;
#1068 = CARTESIAN_POINT ( 'NONE',  ( -8.814592062303846731, -7.076786823011409489, 11.00000000000000000 ) ) ;
#1069 = ORIENTED_EDGE ( 'NONE', *, *, #2869, .T. ) ;
#1070 = CARTESIAN_POINT ( 'NONE',  ( 4.992174508239074271, 4.127342062735865902, 11.00000000000000000 ) ) ;
#1071 = AXIS2_PLACEMENT_3D ( 'NONE', #3476, #1843, #166 ) ;
#1072 = ORIENTED_EDGE ( 'NONE', *, *, #115, .T. ) ;
#1073 = VERTEX_POINT ( 'NONE', #1327 ) ;
#1074 = AXIS2_PLACEMENT_3D ( 'NONE', #1193, #2873, #4235 ) ;
#1075 = LINE ( 'NONE', #3006, #545 ) ;
#1076 = ADVANCED_FACE ( 'NONE', ( #1947 ), #1646, .T. ) ;
#1077 = CIRCLE ( 'NONE', #3251, 2.500000000000000000 ) ;
#1078 = AXIS2_PLACEMENT_3D ( 'NONE', #694, #3332, #3659 ) ;
#1079 = ORIENTED_EDGE ( 'NONE', *, *, #2986, .T. ) ;
#1080 = ORIENTED_EDGE ( 'NONE', *, *, #2537, .T. ) ;
#1081 = LINE ( 'NONE', #2412, #2040 ) ;
#1082 = ADVANCED_FACE ( 'NONE', ( #2008 ), #3644, .T. ) ;
#1083 = DIRECTION ( 'NONE',  ( -0.000000000000000000, 0.000000000000000000, 1.000000000000000000 ) ) ;
#1084 = EDGE_CURVE ( 'NONE', #862, #2137, #2674, .T. ) ;
#1085 = VECTOR ( 'NONE', #1709, 1000.000000000000114 ) ;
#1086 = ORIENTED_EDGE ( 'NONE', *, *, #1979, .T. ) ;
#1087 = AXIS2_PLACEMENT_3D ( 'NONE', #159, #1498, #1474 ) ;
#1088 = ORIENTED_EDGE ( 'NONE', *, *, #2694, .T. ) ;
#1089 = ADVANCED_FACE ( 'NONE', ( #2302 ), #2717, .T. ) ;
#1090 = FACE_OUTER_BOUND ( 'NONE', #389, .T. ) ;
#1091 = LINE ( 'NONE', #2420, #1421 ) ;
#1092 = EDGE_CURVE ( 'NONE', #2295, #1899, #292, .T. ) ;
#1093 = CARTESIAN_POINT ( 'NONE',  ( -1.180889473718712779, 11.23875707009312386, 11.00000000000000000 ) ) ;
#1094 = VECTOR ( 'NONE', #1637, 1000.000000000000000 ) ;
#1095 = ADVANCED_FACE ( 'NONE', ( #708 ), #3986, .T. ) ;
#1096 = EDGE_LOOP ( 'NONE', ( #3191, #243, #3928, #4101 ) ) ;
#1097 = DIRECTION ( 'NONE',  ( -0.000000000000000000, 0.000000000000000000, 1.000000000000000000 ) ) ;
#1098 = AXIS2_PLACEMENT_3D ( 'NONE', #4349, #995, #4008 ) ;
#1099 = DIRECTION ( 'NONE',  ( -0.000000000000000000, -0.000000000000000000, -1.000000000000000000 ) ) ;
#1100 = DIRECTION ( 'NONE',  ( -0.000000000000000000, -0.000000000000000000, -1.000000000000000000 ) ) ;
#1101 = AXIS2_PLACEMENT_3D ( 'NONE', #3995, #3655, #984 ) ;
#1102 = ORIENTED_EDGE ( 'NONE', *, *, #314, .F. ) ;
#1103 = ORIENTED_EDGE ( 'NONE', *, *, #1054, .F. ) ;
#1104 = AXIS2_PLACEMENT_3D ( 'NONE', #1527, #2155, #503 ) ;
#1105 = EDGE_LOOP ( 'NONE', ( #1169, #2563, #2604, #4060 ) ) ;
#1106 = EDGE_LOOP ( 'NONE', ( #2887, #1007 ) ) ;
#1107 = FACE_OUTER_BOUND ( 'NONE', #682, .T. ) ;
#1108 = DIRECTION ( 'NONE',  ( -1.000000000000000000, 0.000000000000000000, 0.000000000000000000 ) ) ;
#1109 = DIRECTION ( 'NONE',  ( -0.000000000000000000, -0.000000000000000000, -1.000000000000000000 ) ) ;
#1110 = EDGE_CURVE ( 'NONE', #4296, #2523, #3314, .T. ) ;
#1111 = DIRECTION ( 'NONE',  ( -0.9888912223297162685, -0.1486410118346872533, 0.000000000000000000 ) ) ;
#1112 = VERTEX_POINT ( 'NONE', #3008 ) ;
#1113 = CARTESIAN_POINT ( 'NONE',  ( 4.000000000000000000, 4.898587196589412829E-16, 12.00000000000000000 ) ) ;
#1114 = DIRECTION ( 'NONE',  ( -0.5661582161900647892, 0.8242965936120831838, 0.000000000000000000 ) ) ;
#1115 = DIRECTION ( 'NONE',  ( -0.000000000000000000, -0.000000000000000000, -1.000000000000000000 ) ) ;
#1116 = CARTESIAN_POINT ( 'NONE',  ( -9.483500609888489308, 6.151516979202971136, 11.00000000000000000 ) ) ;
#1117 = EDGE_CURVE ( 'NONE', #3246, #577, #2471, .T. ) ;
#1118 = ADVANCED_FACE ( 'NONE', ( #372 ), #3353, .T. ) ;
#1119 = FACE_OUTER_BOUND ( 'NONE', #3398, .T. ) ;
#1120 = PLANE ( 'NONE',  #2832 ) ;
#1121 = DIRECTION ( 'NONE',  ( -0.000000000000000000, -0.000000000000000000, -1.000000000000000000 ) ) ;
#1122 = DIRECTION ( 'NONE',  ( 0.000000000000000000, 0.000000000000000000, -1.000000000000000000 ) ) ;
#1123 = FACE_OUTER_BOUND ( 'NONE', #3996, .T. ) ;
#1124 = ORIENTED_EDGE ( 'NONE', *, *, #3693, .T. ) ;
#1125 = DIRECTION ( 'NONE',  ( -0.000000000000000000, 0.000000000000000000, 1.000000000000000000 ) ) ;
#1126 = ORIENTED_EDGE ( 'NONE', *, *, #513, .T. ) ;
#1127 = ORIENTED_EDGE ( 'NONE', *, *, #3961, .T. ) ;
#1128 = CARTESIAN_POINT ( 'NONE',  ( 8.841298865386789885, -5.664047525657804449, 5.000000000000000000 ) ) ;
#1129 = CARTESIAN_POINT ( 'NONE',  ( 2.654583792703834710, -10.98777183284636827, 11.00000000000000000 ) ) ;
#1130 = DIRECTION ( 'NONE',  ( -0.000000000000000000, -0.000000000000000000, -1.000000000000000000 ) ) ;
#1131 = CARTESIAN_POINT ( 'NONE',  ( -6.469897412374667311, 0.3117471682135856126, 5.000000000000000000 ) ) ;
#1132 = DIRECTION ( 'NONE',  ( -0.000000000000000000, 0.000000000000000000, 1.000000000000000000 ) ) ;
#1133 = CARTESIAN_POINT ( 'NONE',  ( -7.741503911039226082, 8.232452710163125076, 5.000000000000000000 ) ) ;
#1134 = EDGE_CURVE ( 'NONE', #3673, #4255, #4170, .T. ) ;
#1135 = DIRECTION ( 'NONE',  ( -0.7660444431189767922, 0.6427876096865408062, 0.000000000000000000 ) ) ;
#1136 = CARTESIAN_POINT ( 'NONE',  ( -4.655608830362115924, 9.411445501019187532, 11.00000000000000000 ) ) ;
#1137 = DIRECTION ( 'NONE',  ( -0.1581869493028067175, 0.9874091801630523468, 0.000000000000000000 ) ) ;
#1138 = LINE ( 'NONE', #3479, #4267 ) ;
#1139 = ORIENTED_EDGE ( 'NONE', *, *, #4138, .T. ) ;
#1140 = DIRECTION ( 'NONE',  ( 0.000000000000000000, 0.000000000000000000, 1.000000000000000000 ) ) ;
#1141 = EDGE_CURVE ( 'NONE', #1450, #3501, #2634, .T. ) ;
#1142 = VECTOR ( 'NONE', #3199, 1000.000000000000000 ) ;
#1143 = EDGE_LOOP ( 'NONE', ( #908, #1513, #3530, #1850 ) ) ;
#1144 = AXIS2_PLACEMENT_3D ( 'NONE', #349, #2969, #976 ) ;
#1145 = ORIENTED_EDGE ( 'NONE', *, *, #906, .F. ) ;
#1146 = DIRECTION ( 'NONE',  ( -0.000000000000000000, -0.000000000000000000, -1.000000000000000000 ) ) ;
#1147 = MECHANICAL_DESIGN_GEOMETRIC_PRESENTATION_REPRESENTATION (  '', ( #447 ), #2886 ) ;
#1148 = ORIENTED_EDGE ( 'NONE', *, *, #532, .T. ) ;
#1149 = CARTESIAN_POINT ( 'NONE',  ( 8.224839597520867684, 6.527021801331200024, 11.00000000000000000 ) ) ;
#1150 = DIRECTION ( 'NONE',  ( 0.000000000000000000, 0.000000000000000000, -1.000000000000000000 ) ) ;
#1151 = CIRCLE ( 'NONE', #313, 4.000000000000000000 ) ;
#1152 = LINE ( 'NONE', #2146, #3275 ) ;
#1153 = FACE_OUTER_BOUND ( 'NONE', #56, .T. ) ;
#1154 = VECTOR ( 'NONE', #137, 1000.000000000000000 ) ;
#1155 = ORIENTED_EDGE ( 'NONE', *, *, #3769, .F. ) ;
#1156 = DIRECTION ( 'NONE',  ( 0.9019097983202266633, -0.4319244328513589526, 0.000000000000000000 ) ) ;
#1157 = LINE ( 'NONE', #3495, #1901 ) ;
#1158 = CARTESIAN_POINT ( 'NONE',  ( 5.861308068254630577, 9.661740431139776319, 11.00000000000000000 ) ) ;
#1159 =( GEOMETRIC_REPRESENTATION_CONTEXT ( 3 ) GLOBAL_UNCERTAINTY_ASSIGNED_CONTEXT ( ( #3700 ) ) GLOBAL_UNIT_ASSIGNED_CONTEXT ( ( #3980, #2747, #3087 ) ) REPRESENTATION_CONTEXT ( 'NONE', 'WORKASPACE' ) );
#1160 = LINE ( 'NONE', #3820, #817 ) ;
#1161 = AXIS2_PLACEMENT_3D ( 'NONE', #4219, #4152, #1197 ) ;
#1162 = VERTEX_POINT ( 'NONE', #2351 ) ;
#1163 = CARTESIAN_POINT ( 'NONE',  ( 0.000000000000000000, 0.000000000000000000, 11.00000000000000000 ) ) ;
#1164 = CIRCLE ( 'NONE', #3975, 2.500000000000000000 ) ;
#1165 = EDGE_CURVE ( 'NONE', #1276, #2250, #317, .T. ) ;
#1166 = EDGE_CURVE ( 'NONE', #1553, #1855, #2653, .T. ) ;
#1167 = VERTEX_POINT ( 'NONE', #669 ) ;
#1168 = VECTOR ( 'NONE', #1387, 999.9999999999998863 ) ;
#1169 = ORIENTED_EDGE ( 'NONE', *, *, #3657, .T. ) ;
#1170 = DIRECTION ( 'NONE',  ( -1.000000000000000000, 0.000000000000000000, 0.000000000000000000 ) ) ;
#1171 = ORIENTED_EDGE ( 'NONE', *, *, #161, .F. ) ;
#1172 = CARTESIAN_POINT ( 'NONE',  ( 4.707625983893290567, -10.27338396174700108, 11.00000000000000000 ) ) ;
#1173 = ORIENTED_EDGE ( 'NONE', *, *, #1695, .T. ) ;
#1174 = CARTESIAN_POINT ( 'NONE',  ( 1.989266238428814892, 10.30984092179153322, 5.000000000000000000 ) ) ;
#1175 = CARTESIAN_POINT ( 'NONE',  ( -5.028441429125909856, -10.12386891247748721, 11.00000000000000000 ) ) ;
#1176 = PLANE ( 'NONE',  #4322 ) ;
#1177 = CARTESIAN_POINT ( 'NONE',  ( 4.992174508239074271, 4.127342062735865902, 11.00000000000000000 ) ) ;
#1178 = ORIENTED_EDGE ( 'NONE', *, *, #2504, .F. ) ;
#1179 = CARTESIAN_POINT ( 'NONE',  ( 0.08616179912191765378, 6.476830626773633526, 5.000000000000000000 ) ) ;
#1180 = CARTESIAN_POINT ( 'NONE',  ( -10.12981177686724088, -5.016458743817161725, 5.000000000000000000 ) ) ;
#1181 = CARTESIAN_POINT ( 'NONE',  ( -7.087211819622559084, -8.806212215645281560, 5.000000000000000000 ) ) ;
#1182 = CARTESIAN_POINT ( 'NONE',  ( -1.451035403539998159, 11.21037203757535217, 5.000000000000000000 ) ) ;
#1183 = ORIENTED_EDGE ( 'NONE', *, *, #368, .T. ) ;
#1184 = EDGE_LOOP ( 'NONE', ( #3847, #224, #4364, #76 ) ) ;
#1185 = ADVANCED_FACE ( 'NONE', ( #1990 ), #336, .T. ) ;
#1186 = VERTEX_POINT ( 'NONE', #3420 ) ;
#1187 = ORIENTED_EDGE ( 'NONE', *, *, #3101, .T. ) ;
#1188 = CYLINDRICAL_SURFACE ( 'NONE', #2484, 10.50000000000000000 ) ;
#1189 = VERTEX_POINT ( 'NONE', #3077 ) ;
#1190 = DIRECTION ( 'NONE',  ( -0.9862307757964552390, 0.1653748979498468330, 0.000000000000000000 ) ) ;
#1191 = ORIENTED_EDGE ( 'NONE', *, *, #3685, .F. ) ;
#1192 = DIRECTION ( 'NONE',  ( -0.000000000000000000, -0.000000000000000000, -1.000000000000000000 ) ) ;
#1193 = CARTESIAN_POINT ( 'NONE',  ( 2.105150031715640413, -6.125773597473963328, 11.00000000000000000 ) ) ;
#1194 = DIRECTION ( 'NONE',  ( -0.003641951489370385837, -0.9999933680726833529, 0.000000000000000000 ) ) ;
#1195 = ADVANCED_FACE ( 'NONE', ( #1452 ), #1470, .T. ) ;
#1196 = VERTEX_POINT ( 'NONE', #2803 ) ;
#1197 = DIRECTION ( 'NONE',  ( 1.000000000000000000, 0.000000000000000000, 0.000000000000000000 ) ) ;
#1198 = LINE ( 'NONE', #1867, #240 ) ;
#1199 = DIRECTION ( 'NONE',  ( 0.2710357666310572733, 0.9625692770947528176, 0.000000000000000000 ) ) ;
#1200 = ADVANCED_FACE ( 'NONE', ( #3396 ), #1722, .T. ) ;
#1201 = FACE_BOUND ( 'NONE', #1435, .T. ) ;
#1202 = ORIENTED_EDGE ( 'NONE', *, *, #2986, .F. ) ;
#1203 = CARTESIAN_POINT ( 'NONE',  ( 0.000000000000000000, 0.000000000000000000, 11.00000000000000000 ) ) ;
#1204 = VERTEX_POINT ( 'NONE', #1128 ) ;
#1205 = ORIENTED_EDGE ( 'NONE', *, *, #1633, .F. ) ;
#1206 = CARTESIAN_POINT ( 'NONE',  ( 4.000000000000000000, 4.898587196589412829E-16, 1.000000000000000000 ) ) ;
#1207 = ORIENTED_EDGE ( 'NONE', *, *, #1663, .T. ) ;
#1208 = CARTESIAN_POINT ( 'NONE',  ( 9.528055790867218988, 6.082277353861754499, 11.00000000000000000 ) ) ;
#1209 = AXIS2_PLACEMENT_3D ( 'NONE', #1973, #1714, #3410 ) ;
#1210 = AXIS2_PLACEMENT_3D ( 'NONE', #1540, #4303, #2527 ) ;
#1211 = ORIENTED_EDGE ( 'NONE', *, *, #907, .F. ) ;
#1212 = EDGE_CURVE ( 'NONE', #1816, #2137, #1764, .T. ) ;
#1213 = DIRECTION ( 'NONE',  ( -0.000000000000000000, -0.000000000000000000, -1.000000000000000000 ) ) ;
#1214 = CARTESIAN_POINT ( 'NONE',  ( 11.29744385889069846, -0.3817161489780996342, 11.00000000000000000 ) ) ;
#1215 = CYLINDRICAL_SURFACE ( 'NONE', #376, 10.50000000000000000 ) ;
#1216 = VECTOR ( 'NONE', #3462, 1000.000000000000114 ) ;
#1217 = DIRECTION ( 'NONE',  ( 1.000000000000000000, 0.000000000000000000, 0.000000000000000000 ) ) ;
#1218 = VERTEX_POINT ( 'NONE', #4095 ) ;
#1219 = EDGE_CURVE ( 'NONE', #3349, #1112, #774, .T. ) ;
#1220 = VECTOR ( 'NONE', #1813, 1000.000000000000227 ) ;
#1221 = EDGE_CURVE ( 'NONE', #3349, #64, #795, .T. ) ;
#1222 = DIRECTION ( 'NONE',  ( -0.000000000000000000, -0.000000000000000000, -1.000000000000000000 ) ) ;
#1223 = PLANE ( 'NONE',  #1752 ) ;
#1224 = ADVANCED_FACE ( 'NONE', ( #3801 ), #397, .T. ) ;
#1225 = CARTESIAN_POINT ( 'NONE',  ( 6.962733200663834943, -7.859411325053140551, 11.00000000000000000 ) ) ;
#1226 = VECTOR ( 'NONE', #2118, 1000.000000000000000 ) ;
#1227 = CARTESIAN_POINT ( 'NONE',  ( 0.000000000000000000, 0.000000000000000000, 5.000000000000000000 ) ) ;
#1228 = ORIENTED_EDGE ( 'NONE', *, *, #658, .T. ) ;
#1229 = CARTESIAN_POINT ( 'NONE',  ( 0.000000000000000000, 0.000000000000000000, 5.000000000000000000 ) ) ;
#1230 = FACE_OUTER_BOUND ( 'NONE', #1490, .T. ) ;
#1231 = VECTOR ( 'NONE', #499, 1000.000000000000000 ) ;
#1232 = VERTEX_POINT ( 'NONE', #470 ) ;
#1233 = VERTEX_POINT ( 'NONE', #3145 ) ;
#1234 = FACE_OUTER_BOUND ( 'NONE', #3758, .T. ) ;
#1235 = ORIENTED_EDGE ( 'NONE', *, *, #438, .T. ) ;
#1236 = CYLINDRICAL_SURFACE ( 'NONE', #869, 7.000000000000000000 ) ;
#1237 = VECTOR ( 'NONE', #1192, 1000.000000000000000 ) ;
#1238 = AXIS2_PLACEMENT_3D ( 'NONE', #3236, #4320, #2241 ) ;
#1239 = ORIENTED_EDGE ( 'NONE', *, *, #3259, .T. ) ;
#1240 = LINE ( 'NONE', #2549, #1311 ) ;
#1241 = DIRECTION ( 'NONE',  ( -1.000000000000000000, 0.000000000000000000, 0.000000000000000000 ) ) ;
#1242 = LINE ( 'NONE', #3564, #948 ) ;
#1243 = VECTOR ( 'NONE', #1898, 1000.000000000000114 ) ;
#1244 = EDGE_CURVE ( 'NONE', #2704, #3701, #4124, .T. ) ;
#1245 = ORIENTED_EDGE ( 'NONE', *, *, #571, .F. ) ;
#1246 = CARTESIAN_POINT ( 'NONE',  ( -10.89965690040262380, -2.983561610426931576, 5.000000000000000000 ) ) ;
#1247 = DIRECTION ( 'NONE',  ( -0.000000000000000000, -0.000000000000000000, -1.000000000000000000 ) ) ;
#1248 = DIRECTION ( 'NONE',  ( -0.000000000000000000, -0.000000000000000000, -1.000000000000000000 ) ) ;
#1249 = EDGE_CURVE ( 'NONE', #1014, #2092, #2736, .T. ) ;
#1250 = FACE_OUTER_BOUND ( 'NONE', #2296, .T. ) ;
#1251 = ORIENTED_EDGE ( 'NONE', *, *, #3852, .T. ) ;
#1252 = CARTESIAN_POINT ( 'NONE',  ( 1.986410427387735878, -6.165300676974809768, 5.000000000000000000 ) ) ;
#1253 = DIRECTION ( 'NONE',  ( -0.000000000000000000, -0.000000000000000000, -1.000000000000000000 ) ) ;
#1254 = FACE_OUTER_BOUND ( 'NONE', #2171, .T. ) ;
#1255 = LINE ( 'NONE', #2590, #4120 ) ;
#1256 = EDGE_CURVE ( 'NONE', #1908, #734, #1081, .T. ) ;
#1257 = EDGE_CURVE ( 'NONE', #307, #2072, #753, .T. ) ;
#1258 = ORIENTED_EDGE ( 'NONE', *, *, #1357, .F. ) ;
#1259 = VERTEX_POINT ( 'NONE', #1809 ) ;
#1260 = CARTESIAN_POINT ( 'NONE',  ( 1.354353294785856532, 6.334231285360856667, 11.00000000000000000 ) ) ;
#1261 = VERTEX_POINT ( 'NONE', #82 ) ;
#1262 = CARTESIAN_POINT ( 'NONE',  ( 0.000000000000000000, 0.000000000000000000, 11.00000000000000000 ) ) ;
#1263 = ORIENTED_EDGE ( 'NONE', *, *, #3174, .T. ) ;
#1264 = DIRECTION ( 'NONE',  ( -1.000000000000000000, 0.000000000000000000, 0.000000000000000000 ) ) ;
#1265 = FACE_OUTER_BOUND ( 'NONE', #2739, .T. ) ;
#1266 = DIRECTION ( 'NONE',  ( 0.9090986164355365773, 0.4165809712348768623, 0.000000000000000000 ) ) ;
#1267 = FACE_OUTER_BOUND ( 'NONE', #2006, .T. ) ;
#1268 = DIRECTION ( 'NONE',  ( 0.9758311669186481296, -0.2185258192301071933, 0.000000000000000000 ) ) ;
#1269 = CARTESIAN_POINT ( 'NONE',  ( 5.383055571824837848, -3.602703364723089052, 5.000000000000000000 ) ) ;
#1270 = EDGE_CURVE ( 'NONE', #3376, #2652, #2829, .T. ) ;
#1271 = DIRECTION ( 'NONE',  ( 0.6519615110608886210, -0.7582520610556905405, 0.000000000000000000 ) ) ;
#1272 = EDGE_LOOP ( 'NONE', ( #139, #2480, #770, #367 ) ) ;
#1273 = DIRECTION ( 'NONE',  ( -0.8772031525165289167, 0.4801193905843246235, 0.000000000000000000 ) ) ;
#1274 = ORIENTED_EDGE ( 'NONE', *, *, #2305, .F. ) ;
#1275 = VERTEX_POINT ( 'NONE', #2436 ) ;
#1276 = VERTEX_POINT ( 'NONE', #2482 ) ;
#1277 = DIRECTION ( 'NONE',  ( -0.8587291156910730194, -0.5124298057923911687, 0.000000000000000000 ) ) ;
#1278 = EDGE_CURVE ( 'NONE', #2866, #3810, #3436, .T. ) ;
#1279 = EDGE_CURVE ( 'NONE', #2733, #3240, #820, .T. ) ;
#1280 = SURFACE_STYLE_USAGE ( .BOTH. , #4357 ) ;
#1281 = APPLICATION_CONTEXT ( 'automotive_design' ) ;
#1282 = EDGE_CURVE ( 'NONE', #534, #1737, #3886, .T. ) ;
#1283 =( NAMED_UNIT ( * ) PLANE_ANGLE_UNIT ( ) SI_UNIT ( $, .RADIAN. ) );
#1284 = ORIENTED_EDGE ( 'NONE', *, *, #622, .F. ) ;
#1285 = EDGE_CURVE ( 'NONE', #841, #3254, #2117, .T. ) ;
#1286 = CARTESIAN_POINT ( 'NONE',  ( -9.483500609888489308, 6.151516979202969360, 5.000000000000000000 ) ) ;
#1287 = PLANE ( 'NONE',  #3978 ) ;
#1288 = CARTESIAN_POINT ( 'NONE',  ( -4.516665994855982191, -4.642896414357357671, 11.00000000000000000 ) ) ;
#1289 = APPLICATION_PROTOCOL_DEFINITION ( 'draft international standard', 'automotive_design', 1998, #400 ) ;
#1290 = VECTOR ( 'NONE', #385, 1000.000000000000000 ) ;
#1291 = ORIENTED_EDGE ( 'NONE', *, *, #973, .T. ) ;
#1292 = FACE_OUTER_BOUND ( 'NONE', #1455, .T. ) ;
#1293 = DIRECTION ( 'NONE',  ( 1.000000000000000000, 0.000000000000000000, 0.000000000000000000 ) ) ;
#1294 = VECTOR ( 'NONE', #1968, 1000.000000000000000 ) ;
#1295 = DIRECTION ( 'NONE',  ( 0.9773969907484417741, 0.2114122098552737583, 0.000000000000000000 ) ) ;
#1296 = CARTESIAN_POINT ( 'NONE',  ( -6.871566720908822035, -8.971384019748914085, 11.00000000000000000 ) ) ;
#1297 = ADVANCED_FACE ( 'NONE', ( #3599 ), #2185, .T. ) ;
#1298 = VECTOR ( 'NONE', #3172, 1000.000000000000114 ) ;
#1299 = DIRECTION ( 'NONE',  ( -0.9433220101527806101, 0.3318788712185775092, 0.000000000000000000 ) ) ;
#1300 = VECTOR ( 'NONE', #1266, 999.9999999999998863 ) ;
#1301 = ORIENTED_EDGE ( 'NONE', *, *, #1732, .F. ) ;
#1302 = ORIENTED_EDGE ( 'NONE', *, *, #3574, .T. ) ;
#1303 = EDGE_LOOP ( 'NONE', ( #1829, #3804, #1448, #3625 ) ) ;
#1304 = FILL_AREA_STYLE_COLOUR ( '', #306 ) ;
#1305 = ADVANCED_FACE ( 'NONE', ( #2503 ), #2238, .T. ) ;
#1306 = CIRCLE ( 'NONE', #3682, 10.50000000000000000 ) ;
#1307 = ORIENTED_EDGE ( 'NONE', *, *, #3488, .F. ) ;
#1308 = CARTESIAN_POINT ( 'NONE',  ( -5.409154339901689923, -3.563398399093701929, 11.00000000000000000 ) ) ;
#1309 = DIRECTION ( 'NONE',  ( -0.5945311197277605153, 0.8040726009977303690, 0.000000000000000000 ) ) ;
#1310 = LINE ( 'NONE', #1288, #3750 ) ;
#1311 = VECTOR ( 'NONE', #1213, 1000.000000000000000 ) ;
#1312 = ADVANCED_FACE ( 'NONE', ( #3941 ), #3895, .T. ) ;
#1313 = DIRECTION ( 'NONE',  ( 0.2640173619703847785, -0.9645179275566622135, 0.000000000000000000 ) ) ;
#1314 = DIRECTION ( 'NONE',  ( 0.1677181245478933103, -0.9858349916178352768, 0.000000000000000000 ) ) ;
#1315 = VECTOR ( 'NONE', #221, 1000.000000000000000 ) ;
#1316 = CARTESIAN_POINT ( 'NONE',  ( 4.159069340692823857, 9.641169131350670440, 5.000000000000000000 ) ) ;
#1317 = LINE ( 'NONE', #324, #3618 ) ;
#1318 = EDGE_CURVE ( 'NONE', #3637, #35, #1077, .T. ) ;
#1319 = FACE_OUTER_BOUND ( 'NONE', #687, .T. ) ;
#1320 = ORIENTED_EDGE ( 'NONE', *, *, #3607, .F. ) ;
#1321 = ORIENTED_EDGE ( 'NONE', *, *, #3385, .F. ) ;
#1322 = LINE ( 'NONE', #2083, #670 ) ;
#1323 =( NAMED_UNIT ( * ) PLANE_ANGLE_UNIT ( ) SI_UNIT ( $, .RADIAN. ) );
#1324 = EDGE_CURVE ( 'NONE', #4335, #2330, #4230, .T. ) ;
#1325 = ORIENTED_EDGE ( 'NONE', *, *, #3920, .T. ) ;
#1326 = ADVANCED_FACE ( 'NONE', ( #2257 ), #1236, .T. ) ;
#1327 = CARTESIAN_POINT ( 'NONE',  ( 6.589195711599447058, -9.184794218566759483, 5.000000000000000000 ) ) ;
#1328 = LINE ( 'NONE', #2654, #1975 ) ;
#1329 = FACE_OUTER_BOUND ( 'NONE', #3556, .T. ) ;
#1330 = EDGE_CURVE ( 'NONE', #1789, #4210, #512, .T. ) ;
#1331 = CARTESIAN_POINT ( 'NONE',  ( -6.655921622195174692, -9.136555823852473779, 5.000000000000000000 ) ) ;
#1332 = FACE_OUTER_BOUND ( 'NONE', #1941, .T. ) ;
#1333 = CARTESIAN_POINT ( 'NONE',  ( 8.489489480039569713, -6.178880834608928119, 11.00000000000000000 ) ) ;
#1334 = LINE ( 'NONE', #2662, #1779 ) ;
#1335 = ORIENTED_EDGE ( 'NONE', *, *, #526, .F. ) ;
#1336 = ORIENTED_EDGE ( 'NONE', *, *, #1979, .F. ) ;
#1337 = FACE_OUTER_BOUND ( 'NONE', #3157, .T. ) ;
#1338 = EDGE_CURVE ( 'NONE', #1543, #64, #559, .T. ) ;
#1339 = EDGE_LOOP ( 'NONE', ( #971, #134, #889, #1183 ) ) ;
#1340 = DIRECTION ( 'NONE',  ( -0.8256396929150991992, 0.5641977467901309051, 0.000000000000000000 ) ) ;
#1341 = CARTESIAN_POINT ( 'NONE',  ( -0.7859252848286594206, -6.429547438988828745, 11.00000000000000000 ) ) ;
#1342 = DIRECTION ( 'NONE',  ( -0.2803217181886750176, -0.9599061070290931807, 0.000000000000000000 ) ) ;
#1343 = CARTESIAN_POINT ( 'NONE',  ( 0.000000000000000000, 0.000000000000000000, 11.00000000000000000 ) ) ;
#1344 = VERTEX_POINT ( 'NONE', #1208 ) ;
#1345 = ORIENTED_EDGE ( 'NONE', *, *, #3992, .T. ) ;
#1346 = CARTESIAN_POINT ( 'NONE',  ( 8.762811945377075418, -7.140803300269144671, 11.00000000000000000 ) ) ;
#1347 = CARTESIAN_POINT ( 'NONE',  ( -0.03898322043091653755, 6.477286401886701128, 11.00000000000000000 ) ) ;
#1348 = CARTESIAN_POINT ( 'NONE',  ( -3.827009614007169436, 10.63635004959288288, 5.000000000000000000 ) ) ;
#1349 = AXIS2_PLACEMENT_3D ( 'NONE', #898, #1607, #2950 ) ;
#1350 = EDGE_CURVE ( 'NONE', #3597, #3066, #1924, .T. ) ;
#1351 = EDGE_CURVE ( 'NONE', #2449, #1720, #1003, .T. ) ;
#1352 = AXIS2_PLACEMENT_3D ( 'NONE', #4362, #1390, #3029 ) ;
#1353 = CARTESIAN_POINT ( 'NONE',  ( 0.000000000000000000, 0.000000000000000000, 11.00000000000000000 ) ) ;
#1354 = ADVANCED_FACE ( 'NONE', ( #272 ), #3557, .T. ) ;
#1355 = VECTOR ( 'NONE', #608, 1000.000000000000000 ) ;
#1356 = CARTESIAN_POINT ( 'NONE',  ( -10.38125571741597142, 4.472971572992187284, 11.00000000000000000 ) ) ;
#1357 = EDGE_CURVE ( 'NONE', #1036, #3254, #247, .T. ) ;
#1358 = ORIENTED_EDGE ( 'NONE', *, *, #4138, .F. ) ;
#1359 = VECTOR ( 'NONE', #93, 1000.000000000000000 ) ;
#1360 = ORIENTED_EDGE ( 'NONE', *, *, #906, .T. ) ;
#1361 = VECTOR ( 'NONE', #2362, 1000.000000000000000 ) ;
#1362 = CARTESIAN_POINT ( 'NONE',  ( 10.95125821099185792, -2.801408317143577964, 11.00000000000000000 ) ) ;
#1363 = CARTESIAN_POINT ( 'NONE',  ( 11.28175021393535182, -0.6528955047153024438, 11.00000000000000000 ) ) ;
#1364 = VECTOR ( 'NONE', #2437, 1000.000000000000114 ) ;
#1365 = VERTEX_POINT ( 'NONE', #932 ) ;
#1366 = ORIENTED_EDGE ( 'NONE', *, *, #4358, .F. ) ;
#1367 = DIRECTION ( 'NONE',  ( -1.000000000000000000, 0.000000000000000000, 0.000000000000000000 ) ) ;
#1368 = CARTESIAN_POINT ( 'NONE',  ( 3.372793040709284984, -5.530011385891059561, 11.00000000000000000 ) ) ;
#1369 = DIRECTION ( 'NONE',  ( -0.000000000000000000, -0.000000000000000000, -1.000000000000000000 ) ) ;
#1370 = AXIS2_PLACEMENT_3D ( 'NONE', #1858, #4228, #1277 ) ;
#1371 = DIRECTION ( 'NONE',  ( -0.000000000000000000, -0.000000000000000000, -1.000000000000000000 ) ) ;
#1372 = VERTEX_POINT ( 'NONE', #3579 ) ;
#1373 = VECTOR ( 'NONE', #760, 1000.000000000000000 ) ;
#1374 = EDGE_LOOP ( 'NONE', ( #147, #2515, #1655, #2210 ) ) ;
#1375 = LINE ( 'NONE', #3702, #1643 ) ;
#1376 = DIRECTION ( 'NONE',  ( -0.7234861091053902404, 0.6903389384436773302, 0.000000000000000000 ) ) ;
#1377 = CARTESIAN_POINT ( 'NONE',  ( -9.176991059613770929, 6.600059094807169124, 11.00000000000000000 ) ) ;
#1378 = AXIS2_PLACEMENT_3D ( 'NONE', #3137, #528, #833 ) ;
#1379 = AXIS2_PLACEMENT_3D ( 'NONE', #3633, #2602, #3269 ) ;
#1380 = CYLINDRICAL_SURFACE ( 'NONE', #1071, 10.50000000000000000 ) ;
#1381 = EDGE_CURVE ( 'NONE', #562, #2745, #3851, .T. ) ;
#1382 = CARTESIAN_POINT ( 'NONE',  ( 0.000000000000000000, 0.000000000000000000, 5.000000000000000000 ) ) ;
#1383 = ORIENTED_EDGE ( 'NONE', *, *, #3377, .F. ) ;
#1384 = ORIENTED_EDGE ( 'NONE', *, *, #2311, .F. ) ;
#1385 = ADVANCED_FACE ( 'NONE', ( #1581 ), #842, .T. ) ;
#1386 = ORIENTED_EDGE ( 'NONE', *, *, #446, .F. ) ;
#1387 = DIRECTION ( 'NONE',  ( 0.7924365037341237761, 0.6099544143209704172, 0.000000000000000000 ) ) ;
#1388 = EDGE_LOOP ( 'NONE', ( #2801, #268, #3085, #1739 ) ) ;
#1389 = FACE_OUTER_BOUND ( 'NONE', #3168, .T. ) ;
#1390 = DIRECTION ( 'NONE',  ( 0.8896646002758138438, 0.4566146066608867682, -0.000000000000000000 ) ) ;
#1391 = CARTESIAN_POINT ( 'NONE',  ( 10.04065772760449349, 3.071675828777541639, 5.000000000000000000 ) ) ;
#1392 = ORIENTED_EDGE ( 'NONE', *, *, #181, .F. ) ;
#1393 = VERTEX_POINT ( 'NONE', #581 ) ;
#1394 = CARTESIAN_POINT ( 'NONE',  ( 0.000000000000000000, 0.000000000000000000, 1.000000000000000000 ) ) ;
#1395 = DIRECTION ( 'NONE',  ( 0.9100860186832910870, -0.4144193993977555168, 0.000000000000000000 ) ) ;
#1396 = DIRECTION ( 'NONE',  ( -0.9858349916178352768, -0.1677181245478933103, 0.000000000000000000 ) ) ;
#1397 = LINE ( 'NONE', #2423, #3547 ) ;
#1398 = EDGE_CURVE ( 'NONE', #3280, #2574, #16, .T. ) ;
#1399 = DIRECTION ( 'NONE',  ( 1.000000000000000000, 0.000000000000000000, 0.000000000000000000 ) ) ;
#1400 = CARTESIAN_POINT ( 'NONE',  ( 7.822890946873291895, 7.003740231713902809, 11.00000000000000000 ) ) ;
#1401 = DIRECTION ( 'NONE',  ( 0.1558400086925160744, 0.9877823098692932735, 0.000000000000000000 ) ) ;
#1402 = ORIENTED_EDGE ( 'NONE', *, *, #1460, .T. ) ;
#1403 = EDGE_CURVE ( 'NONE', #2867, #13, #3744, .T. ) ;
#1404 = ORIENTED_EDGE ( 'NONE', *, *, #328, .T. ) ;
#1405 = ADVANCED_FACE ( 'NONE', ( #2749 ), #3999, .T. ) ;
#1406 = MANIFOLD_SOLID_BREP ( 'Enl\X2\00e8\X0\v. mat.-Extru.1', #3181 ) ;
#1407 = ORIENTED_EDGE ( 'NONE', *, *, #3030, .T. ) ;
#1408 = ORIENTED_EDGE ( 'NONE', *, *, #1785, .F. ) ;
#1409 = FACE_OUTER_BOUND ( 'NONE', #1987, .T. ) ;
#1410 = DIRECTION ( 'NONE',  ( -1.000000000000000000, 0.000000000000000000, 0.000000000000000000 ) ) ;
#1411 = DIRECTION ( 'NONE',  ( -0.3757223501221340078, 0.9267322782868310238, 0.000000000000000000 ) ) ;
#1412 = CARTESIAN_POINT ( 'NONE',  ( 3.019124346580250418, -10.05658431973234102, 5.000000000000000000 ) ) ;
#1413 = EDGE_CURVE ( 'NONE', #2406, #4255, #1674, .T. ) ;
#1414 = EDGE_LOOP ( 'NONE', ( #448, #1757, #188, #3918 ) ) ;
#1415 = FACE_OUTER_BOUND ( 'NONE', #377, .T. ) ;
#1416 = DIRECTION ( 'NONE',  ( 0.000000000000000000, 0.000000000000000000, 1.000000000000000000 ) ) ;
#1417 = DIRECTION ( 'NONE',  ( 1.000000000000000000, 0.000000000000000000, 0.000000000000000000 ) ) ;
#1418 = DIRECTION ( 'NONE',  ( -0.000000000000000000, -0.000000000000000000, -1.000000000000000000 ) ) ;
#1419 = DIRECTION ( 'NONE',  ( -0.1044976991727672722, 0.9945251283238638607, 0.000000000000000000 ) ) ;
#1420 = DIRECTION ( 'NONE',  ( 0.000000000000000000, 0.000000000000000000, -1.000000000000000000 ) ) ;
#1421 = VECTOR ( 'NONE', #1115, 1000.000000000000000 ) ;
#1422 = EDGE_LOOP ( 'NONE', ( #390, #1531, #3258, #1053 ) ) ;
#1423 = ORIENTED_EDGE ( 'NONE', *, *, #3510, .F. ) ;
#1424 = VECTOR ( 'NONE', #1146, 1000.000000000000000 ) ;
#1425 = AXIS2_PLACEMENT_3D ( 'NONE', #783, #1444, #484 ) ;
#1426 = AXIS2_PLACEMENT_3D ( 'NONE', #814, #3500, #505 ) ;
#1427 = ORIENTED_EDGE ( 'NONE', *, *, #766, .F. ) ;
#1428 = VERTEX_POINT ( 'NONE', #988 ) ;
#1429 = DIRECTION ( 'NONE',  ( -0.9457143435305384038, -0.3249990468302988433, 0.000000000000000000 ) ) ;
#1430 = PLANE ( 'NONE',  #1018 ) ;
#1431 = ADVANCED_FACE ( 'NONE', ( #1337 ), #2649, .T. ) ;
#1432 = AXIS2_PLACEMENT_3D ( 'NONE', #4351, #1396, #3017 ) ;
#1433 = ORIENTED_EDGE ( 'NONE', *, *, #1767, .T. ) ;
#1434 = CIRCLE ( 'NONE', #101, 10.50000000000000000 ) ;
#1435 = EDGE_LOOP ( 'NONE', ( #3060, #1358 ) ) ;
#1436 = CARTESIAN_POINT ( 'NONE',  ( -5.339301813680878084, -3.667235330049811726, 11.00000000000000000 ) ) ;
#1437 = CARTESIAN_POINT ( 'NONE',  ( 3.265326656026316776, -5.594139849251596353, 11.00000000000000000 ) ) ;
#1438 = CARTESIAN_POINT ( 'NONE',  ( 0.08616179912191765378, 6.476830626773633526, 11.00000000000000000 ) ) ;
#1439 = VECTOR ( 'NONE', #1441, 1000.000000000000000 ) ;
#1440 = ORIENTED_EDGE ( 'NONE', *, *, #3939, .F. ) ;
#1441 = DIRECTION ( 'NONE',  ( -0.3824625663372170359, -0.9239709872884266373, 0.000000000000000000 ) ) ;
#1442 = LINE ( 'NONE', #4134, #1142 ) ;
#1443 = AXIS2_PLACEMENT_3D ( 'NONE', #1818, #4240, #2224 ) ;
#1444 = DIRECTION ( 'NONE',  ( -0.000000000000000000, 0.000000000000000000, 1.000000000000000000 ) ) ;
#1445 = EDGE_CURVE ( 'NONE', #1036, #2666, #2321, .T. ) ;
#1446 = VECTOR ( 'NONE', #1904, 999.9999999999998863 ) ;
#1447 = ORIENTED_EDGE ( 'NONE', *, *, #2203, .F. ) ;
#1448 = ORIENTED_EDGE ( 'NONE', *, *, #1032, .F. ) ;
#1449 = VECTOR ( 'NONE', #1628, 1000.000000000000000 ) ;
#1450 = VERTEX_POINT ( 'NONE', #2960 ) ;
#1451 = ORIENTED_EDGE ( 'NONE', *, *, #2113, .T. ) ;
#1452 = FACE_OUTER_BOUND ( 'NONE', #3118, .T. ) ;
#1453 = DIRECTION ( 'NONE',  ( 1.000000000000000000, 0.000000000000000000, 0.000000000000000000 ) ) ;
#1454 = ORIENTED_EDGE ( 'NONE', *, *, #803, .T. ) ;
#1455 = EDGE_LOOP ( 'NONE', ( #2797, #3893, #3658, #3873 ) ) ;
#1456 = CARTESIAN_POINT ( 'NONE',  ( -9.401862051407428922, 4.674932081464389988, 5.000000000000000000 ) ) ;
#1457 = DIRECTION ( 'NONE',  ( -0.4651876262429072151, 0.8852121058766024841, 0.000000000000000000 ) ) ;
#1458 = PLANE ( 'NONE',  #1011 ) ;
#1459 = ORIENTED_EDGE ( 'NONE', *, *, #289, .F. ) ;
#1460 = EDGE_CURVE ( 'NONE', #555, #1365, #3294, .T. ) ;
#1461 = CYLINDRICAL_SURFACE ( 'NONE', #104, 10.50000000000000000 ) ;
#1462 = DIRECTION ( 'NONE',  ( 0.4630826814171442596, 0.8863150851539804975, 0.000000000000000000 ) ) ;
#1463 = CARTESIAN_POINT ( 'NONE',  ( 6.629430668458032194, 8.142521047692055092, 11.00000000000000000 ) ) ;
#1464 = LINE ( 'NONE', #2559, #3273 ) ;
#1465 = ORIENTED_EDGE ( 'NONE', *, *, #74, .T. ) ;
#1466 = DIRECTION ( 'NONE',  ( 0.9954881903120640363, 0.09488552549894935240, 0.000000000000000000 ) ) ;
#1467 = EDGE_CURVE ( 'NONE', #3109, #703, #3774, .T. ) ;
#1468 = EDGE_LOOP ( 'NONE', ( #3274, #1440, #878, #2780 ) ) ;
#1469 = EDGE_LOOP ( 'NONE', ( #1966, #1291, #2768, #4162 ) ) ;
#1470 = PLANE ( 'NONE',  #1629 ) ;
#1471 = EDGE_CURVE ( 'NONE', #3498, #2782, #4110, .T. ) ;
#1472 = ORIENTED_EDGE ( 'NONE', *, *, #115, .F. ) ;
#1473 = DIRECTION ( 'NONE',  ( -0.000000000000000000, -0.000000000000000000, -1.000000000000000000 ) ) ;
#1474 = DIRECTION ( 'NONE',  ( 1.000000000000000000, 0.000000000000000000, 0.000000000000000000 ) ) ;
#1475 = CARTESIAN_POINT ( 'NONE',  ( 0.000000000000000000, 0.000000000000000000, 5.000000000000000000 ) ) ;
#1476 = ORIENTED_EDGE ( 'NONE', *, *, #4127, .T. ) ;
#1477 = DIRECTION ( 'NONE',  ( -0.5269060754212157027, -0.8499235187263688429, 0.000000000000000000 ) ) ;
#1478 = CARTESIAN_POINT ( 'NONE',  ( -3.851018080690994161, 5.208302848887711001, 5.000000000000000000 ) ) ;
#1479 = LINE ( 'NONE', #457, #3591 ) ;
#1480 = DIRECTION ( 'NONE',  ( 0.8549738714150826313, -0.5186710703302295222, 0.000000000000000000 ) ) ;
#1481 = ADVANCED_FACE ( 'NONE', ( #3430 ), #332, .T. ) ;
#1482 = EDGE_CURVE ( 'NONE', #1489, #2443, #1615, .T. ) ;
#1483 = DIRECTION ( 'NONE',  ( -0.2803217181886750176, -0.9599061070290931807, 0.000000000000000000 ) ) ;
#1484 = ORIENTED_EDGE ( 'NONE', *, *, #3151, .T. ) ;
#1485 = LINE ( 'NONE', #2992, #1690 ) ;
#1486 = AXIS2_PLACEMENT_3D ( 'NONE', #830, #2152, #500 ) ;
#1487 = ORIENTED_EDGE ( 'NONE', *, *, #4271, .F. ) ;
#1488 = CIRCLE ( 'NONE', #2262, 10.50000000000000000 ) ;
#1489 = VERTEX_POINT ( 'NONE', #4021 ) ;
#1490 = EDGE_LOOP ( 'NONE', ( #2586, #2178, #4116, #3252 ) ) ;
#1491 = CARTESIAN_POINT ( 'NONE',  ( 0.000000000000000000, 0.000000000000000000, 5.000000000000000000 ) ) ;
#1492 = VECTOR ( 'NONE', #492, 1000.000000000000000 ) ;
#1493 = AXIS2_PLACEMENT_3D ( 'NONE', #1203, #1125, #880 ) ;
#1494 = ORIENTED_EDGE ( 'NONE', *, *, #2259, .F. ) ;
#1495 = LINE ( 'NONE', #4192, #1993 ) ;
#1496 = DIRECTION ( 'NONE',  ( -1.000000000000000000, 0.000000000000000000, 0.000000000000000000 ) ) ;
#1497 = VECTOR ( 'NONE', #193, 1000.000000000000000 ) ;
#1498 = DIRECTION ( 'NONE',  ( -0.000000000000000000, 0.000000000000000000, 1.000000000000000000 ) ) ;
#1499 = CIRCLE ( 'NONE', #171, 10.50000000000000000 ) ;
#1500 = ORIENTED_EDGE ( 'NONE', *, *, #2367, .T. ) ;
#1501 = LINE ( 'NONE', #1179, #3124 ) ;
#1502 = DIRECTION ( 'NONE',  ( -0.3667524124622439374, 0.9303185841168195580, 0.000000000000000000 ) ) ;
#1503 = DIRECTION ( 'NONE',  ( 0.000000000000000000, 0.000000000000000000, -1.000000000000000000 ) ) ;
#1504 = CARTESIAN_POINT ( 'NONE',  ( 4.460684721131805475, -10.38654113657858247, 11.00000000000000000 ) ) ;
#1505 = AXIS2_PLACEMENT_3D ( 'NONE', #2641, #651, #3988 ) ;
#1506 = ORIENTED_EDGE ( 'NONE', *, *, #427, .T. ) ;
#1507 = DIRECTION ( 'NONE',  ( 0.1117389036001600611, 0.9937375998835075164, -0.000000000000000000 ) ) ;
#1508 = ADVANCED_FACE ( 'NONE', ( #2086 ), #3113, .T. ) ;
#1509 = DIRECTION ( 'NONE',  ( -1.000000000000000000, 0.000000000000000000, 0.000000000000000000 ) ) ;
#1510 = VECTOR ( 'NONE', #2575, 1000.000000000000114 ) ;
#1511 = ORIENTED_EDGE ( 'NONE', *, *, #2252, .T. ) ;
#1512 = VECTOR ( 'NONE', #3546, 1000.000000000000000 ) ;
#1513 = ORIENTED_EDGE ( 'NONE', *, *, #4100, .F. ) ;
#1514 = CYLINDRICAL_SURFACE ( 'NONE', #4257, 10.50000000000000000 ) ;
#1515 = EDGE_CURVE ( 'NONE', #2826, #1036, #2298, .T. ) ;
#1516 = DIRECTION ( 'NONE',  ( -0.000000000000000000, -0.000000000000000000, -1.000000000000000000 ) ) ;
#1517 = DIRECTION ( 'NONE',  ( 1.000000000000000000, 0.000000000000000000, 0.000000000000000000 ) ) ;
#1518 = VERTEX_POINT ( 'NONE', #1639 ) ;
#1519 = CARTESIAN_POINT ( 'NONE',  ( -0.6615631487002909816, -6.443531099003349638, 11.00000000000000000 ) ) ;
#1520 = DIRECTION ( 'NONE',  ( -0.2733224653375057045, 0.9619224656602152201, 0.000000000000000000 ) ) ;
#1521 = CARTESIAN_POINT ( 'NONE',  ( 8.409603233957739121, -7.553576531060332222, 11.00000000000000000 ) ) ;
#1522 = CARTESIAN_POINT ( 'NONE',  ( -6.405447672397989400, -0.9628078415301438708, 5.000000000000000000 ) ) ;
#1523 = VERTEX_POINT ( 'NONE', #3689 ) ;
#1524 = CARTESIAN_POINT ( 'NONE',  ( 9.852197001079828098, -3.631007332946834421, 11.00000000000000000 ) ) ;
#1525 = FACE_OUTER_BOUND ( 'NONE', #1698, .T. ) ;
#1526 = PLANE ( 'NONE',  #3382 ) ;
#1527 = CARTESIAN_POINT ( 'NONE',  ( -7.741503911039226082, 8.232452710163125076, 11.00000000000000000 ) ) ;
#1528 = VERTEX_POINT ( 'NONE', #3515 ) ;
#1529 = CARTESIAN_POINT ( 'NONE',  ( 3.390188977688464611, 10.78353205859460218, 5.000000000000000000 ) ) ;
#1530 = ADVANCED_FACE ( 'NONE', ( #4135 ), #3817, .T. ) ;
#1531 = ORIENTED_EDGE ( 'NONE', *, *, #1219, .T. ) ;
#1532 = EDGE_LOOP ( 'NONE', ( #338, #607, #625, #705 ) ) ;
#1533 = CARTESIAN_POINT ( 'NONE',  ( -6.002819097639133794, -2.433705344646408530, 11.00000000000000000 ) ) ;
#1534 = DIRECTION ( 'NONE',  ( 1.000000000000000000, 0.000000000000000000, 0.000000000000000000 ) ) ;
#1535 = EDGE_CURVE ( 'NONE', #2502, #4019, #4105, .T. ) ;
#1536 = EDGE_CURVE ( 'NONE', #3066, #2048, #3478, .T. ) ;
#1537 = ORIENTED_EDGE ( 'NONE', *, *, #78, .F. ) ;
#1538 = ORIENTED_EDGE ( 'NONE', *, *, #120, .F. ) ;
#1539 = DIRECTION ( 'NONE',  ( -0.000000000000000000, -0.000000000000000000, -1.000000000000000000 ) ) ;
#1540 = CARTESIAN_POINT ( 'NONE',  ( 0.000000000000000000, 0.000000000000000000, 0.000000000000000000 ) ) ;
#1541 = EDGE_CURVE ( 'NONE', #1577, #172, #2493, .T. ) ;
#1542 = FACE_OUTER_BOUND ( 'NONE', #2472, .T. ) ;
#1543 = VERTEX_POINT ( 'NONE', #3543 ) ;
#1544 = CARTESIAN_POINT ( 'NONE',  ( 2.684361755194011767, 5.894994553923964986, 11.00000000000000000 ) ) ;
#1545 = CARTESIAN_POINT ( 'NONE',  ( 10.80401364751906002, -3.324339643808949418, 11.00000000000000000 ) ) ;
#1546 = FACE_OUTER_BOUND ( 'NONE', #304, .T. ) ;
#1547 = CARTESIAN_POINT ( 'NONE',  ( -6.217699379012231908, 1.815756937415276662, 5.000000000000000000 ) ) ;
#1548 = ORIENTED_EDGE ( 'NONE', *, *, #641, .T. ) ;
#1549 = FACE_OUTER_BOUND ( 'NONE', #3214, .T. ) ;
#1550 = EDGE_LOOP ( 'NONE', ( #149, #3121, #2914, #4278 ) ) ;
#1551 = ORIENTED_EDGE ( 'NONE', *, *, #4233, .T. ) ;
#1552 = CARTESIAN_POINT ( 'NONE',  ( 0.000000000000000000, 0.000000000000000000, 11.00000000000000000 ) ) ;
#1553 = VERTEX_POINT ( 'NONE', #1463 ) ;
#1554 = CARTESIAN_POINT ( 'NONE',  ( -0.8629151939367378787, -10.46448170565905933, 11.00000000000000000 ) ) ;
#1555 = VECTOR ( 'NONE', #980, 1000.000000000000114 ) ;
#1556 = VECTOR ( 'NONE', #3148, 1000.000000000000114 ) ;
#1557 = ORIENTED_EDGE ( 'NONE', *, *, #576, .T. ) ;
#1558 = EDGE_CURVE ( 'NONE', #133, #1577, #2192, .T. ) ;
#1559 = DIRECTION ( 'NONE',  ( -1.000000000000000000, 0.000000000000000000, 0.000000000000000000 ) ) ;
#1560 = DIRECTION ( 'NONE',  ( 0.6920562923573629899, -0.7218435344370552897, 0.000000000000000000 ) ) ;
#1561 = VECTOR ( 'NONE', #1983, 999.9999999999998863 ) ;
#1562 = CIRCLE ( 'NONE', #4024, 10.50000000000000000 ) ;
#1563 = ORIENTED_EDGE ( 'NONE', *, *, #1004, .T. ) ;
#1564 = AXIS2_PLACEMENT_3D ( 'NONE', #2743, #997, #1727 ) ;
#1565 = VECTOR ( 'NONE', #462, 1000.000000000000114 ) ;
#1566 = CARTESIAN_POINT ( 'NONE',  ( 0.000000000000000000, 0.000000000000000000, 11.00000000000000000 ) ) ;
#1567 = CARTESIAN_POINT ( 'NONE',  ( 1.986410427387735878, -6.165300676974809768, 11.00000000000000000 ) ) ;
#1568 = CARTESIAN_POINT ( 'NONE',  ( -11.29992452953361237, -0.2994170837185202716, 5.000000000000000000 ) ) ;
#1569 = VECTOR ( 'NONE', #3802, 1000.000000000000000 ) ;
#1570 = LINE ( 'NONE', #235, #1783 ) ;
#1571 = ORIENTED_EDGE ( 'NONE', *, *, #334, .T. ) ;
#1572 = DIRECTION ( 'NONE',  ( -0.8587291156910729084, -0.5124298057923912797, 0.000000000000000000 ) ) ;
#1573 = AXIS2_PLACEMENT_3D ( 'NONE', #2411, #3369, #3352 ) ;
#1574 = DIRECTION ( 'NONE',  ( 0.3227507194296265758, 0.9464840057326159295, -0.000000000000000000 ) ) ;
#1575 = LINE ( 'NONE', #2208, #2637 ) ;
#1576 = EDGE_CURVE ( 'NONE', #734, #703, #2446, .T. ) ;
#1577 = VERTEX_POINT ( 'NONE', #3154 ) ;
#1578 = ORIENTED_EDGE ( 'NONE', *, *, #138, .T. ) ;
#1579 = CARTESIAN_POINT ( 'NONE',  ( -0.8629151939367369906, -10.46448170565906111, 5.000000000000000000 ) ) ;
#1580 = VERTEX_POINT ( 'NONE', #3791 ) ;
#1581 = FACE_OUTER_BOUND ( 'NONE', #3977, .T. ) ;
#1582 = VECTOR ( 'NONE', #3413, 1000.000000000000114 ) ;
#1583 = AXIS2_PLACEMENT_3D ( 'NONE', #3499, #1507, #983 ) ;
#1584 = ORIENTED_EDGE ( 'NONE', *, *, #1270, .F. ) ;
#1585 = PLANE ( 'NONE',  #3053 ) ;
#1586 = LINE ( 'NONE', #2874, #3322 ) ;
#1587 = DIRECTION ( 'NONE',  ( -0.000000000000000000, -0.000000000000000000, -1.000000000000000000 ) ) ;
#1588 = CARTESIAN_POINT ( 'NONE',  ( 6.471996502454001821, 0.2646131058054299601, 11.00000000000000000 ) ) ;
#1589 = LINE ( 'NONE', #4241, #2961 ) ;
#1590 = LINE ( 'NONE', #1912, #662 ) ;
#1591 = DIRECTION ( 'NONE',  ( 0.7938837709399408915, -0.6080695340486804712, 0.000000000000000000 ) ) ;
#1592 = EDGE_CURVE ( 'NONE', #3066, #3779, #548, .T. ) ;
#1593 = ORIENTED_EDGE ( 'NONE', *, *, #933, .T. ) ;
#1594 = DIRECTION ( 'NONE',  ( 0.000000000000000000, 0.000000000000000000, -1.000000000000000000 ) ) ;
#1595 = LINE ( 'NONE', #3572, #1761 ) ;
#1596 = DIRECTION ( 'NONE',  ( 0.5207013784632933406, -0.8537388795565223898, 0.000000000000000000 ) ) ;
#1597 = ORIENTED_EDGE ( 'NONE', *, *, #1894, .F. ) ;
#1598 = VERTEX_POINT ( 'NONE', #4221 ) ;
#1599 = CARTESIAN_POINT ( 'NONE',  ( -5.710207278664634956, -8.811556777022174103, 11.00000000000000000 ) ) ;
#1600 = DIRECTION ( 'NONE',  ( 1.000000000000000000, 0.000000000000000000, 0.000000000000000000 ) ) ;
#1601 = ADVANCED_FACE ( 'NONE', ( #2777 ), #1526, .T. ) ;
#1602 = CARTESIAN_POINT ( 'NONE',  ( 11.26605656897999452, -0.9240748604526773935, 11.00000000000000000 ) ) ;
#1603 = ORIENTED_EDGE ( 'NONE', *, *, #3238, .T. ) ;
#1604 = DIRECTION ( 'NONE',  ( -0.000000000000000000, -0.000000000000000000, -1.000000000000000000 ) ) ;
#1605 = DIRECTION ( 'NONE',  ( 1.000000000000000000, 0.000000000000000000, 0.000000000000000000 ) ) ;
#1606 = CARTESIAN_POINT ( 'NONE',  ( 0.000000000000000000, 0.000000000000000000, 5.000000000000000000 ) ) ;
#1607 = DIRECTION ( 'NONE',  ( 0.8818002642401218116, -0.4716230422552011858, 0.000000000000000000 ) ) ;
#1608 = LINE ( 'NONE', #3991, #527 ) ;
#1609 = CARTESIAN_POINT ( 'NONE',  ( -7.771669198173493776, 7.060535239920654682, 11.00000000000000000 ) ) ;
#1610 = ADVANCED_FACE ( 'NONE', ( #1868 ), #2468, .T. ) ;
#1611 = EDGE_CURVE ( 'NONE', #3431, #4046, #3962, .T. ) ;
#1612 = ORIENTED_EDGE ( 'NONE', *, *, #2149, .T. ) ;
#1613 = VERTEX_POINT ( 'NONE', #1844 ) ;
#1614 = CARTESIAN_POINT ( 'NONE',  ( -7.019795305816823650, -7.808487296809292211, 5.000000000000000000 ) ) ;
#1615 = LINE ( 'NONE', #312, #2820 ) ;
#1616 = EDGE_CURVE ( 'NONE', #1712, #1617, #142, .T. ) ;
#1617 = VERTEX_POINT ( 'NONE', #4154 ) ;
#1618 = FACE_OUTER_BOUND ( 'NONE', #4253, .T. ) ;
#1619 = DIRECTION ( 'NONE',  ( 1.000000000000000000, 0.000000000000000000, 0.000000000000000000 ) ) ;
#1620 = DIRECTION ( 'NONE',  ( 0.9311875131140217032, -0.3645405538764154296, 0.000000000000000000 ) ) ;
#1621 = DIRECTION ( 'NONE',  ( -0.000000000000000000, -0.000000000000000000, -1.000000000000000000 ) ) ;
#1622 = EDGE_CURVE ( 'NONE', #1697, #2406, #239, .T. ) ;
#1623 = AXIS2_PLACEMENT_3D ( 'NONE', #1353, #1097, #4109 ) ;
#1624 = LINE ( 'NONE', #2975, #2055 ) ;
#1625 = CARTESIAN_POINT ( 'NONE',  ( 0.000000000000000000, 0.000000000000000000, 5.000000000000000000 ) ) ;
#1626 = AXIS2_PLACEMENT_3D ( 'NONE', #1437, #3425, #2124 ) ;
#1627 = CARTESIAN_POINT ( 'NONE',  ( 0.000000000000000000, 0.000000000000000000, 5.000000000000000000 ) ) ;
#1628 = DIRECTION ( 'NONE',  ( -0.000000000000000000, -0.000000000000000000, -1.000000000000000000 ) ) ;
#1629 = AXIS2_PLACEMENT_3D ( 'NONE', #3735, #2454, #443 ) ;
#1630 = CIRCLE ( 'NONE', #92, 10.50000000000000000 ) ;
#1631 = AXIS2_PLACEMENT_3D ( 'NONE', #924, #3931, #3302 ) ;
#1632 = CARTESIAN_POINT ( 'NONE',  ( 3.372793040709284984, -5.530011385891059561, 11.00000000000000000 ) ) ;
#1633 = EDGE_CURVE ( 'NONE', #3701, #4226, #1151, .T. ) ;
#1634 = AXIS2_PLACEMENT_3D ( 'NONE', #2808, #1194, #119 ) ;
#1635 = ORIENTED_EDGE ( 'NONE', *, *, #2311, .T. ) ;
#1636 = VERTEX_POINT ( 'NONE', #1181 ) ;
#1637 = DIRECTION ( 'NONE',  ( -0.000000000000000000, -0.000000000000000000, -1.000000000000000000 ) ) ;
#1638 = ORIENTED_EDGE ( 'NONE', *, *, #2061, .F. ) ;
#1639 = CARTESIAN_POINT ( 'NONE',  ( -10.41254409751792487, -1.352377690308677272, 5.000000000000000000 ) ) ;
#1640 = VECTOR ( 'NONE', #1006, 1000.000000000000000 ) ;
#1641 = LINE ( 'NONE', #610, #2565 ) ;
#1642 = EDGE_CURVE ( 'NONE', #2330, #1073, #99, .T. ) ;
#1643 = VECTOR ( 'NONE', #3766, 1000.000000000000000 ) ;
#1644 = ORIENTED_EDGE ( 'NONE', *, *, #3792, .F. ) ;
#1645 = CARTESIAN_POINT ( 'NONE',  ( -3.827009614007169436, 10.63635004959288288, 11.00000000000000000 ) ) ;
#1646 = PLANE ( 'NONE',  #365 ) ;
#1647 = LINE ( 'NONE', #350, #2483 ) ;
#1648 = VECTOR ( 'NONE', #4086, 1000.000000000000000 ) ;
#1649 = CYLINDRICAL_SURFACE ( 'NONE', #3127, 10.50000000000000000 ) ;
#1650 = LINE ( 'NONE', #1668, #1294 ) ;
#1651 = AXIS2_PLACEMENT_3D ( 'NONE', #852, #2470, #143 ) ;
#1652 = DIRECTION ( 'NONE',  ( 0.4737172338778156133, -0.8806770022699303979, 0.000000000000000000 ) ) ;
#1653 = DIRECTION ( 'NONE',  ( -0.000000000000000000, -0.000000000000000000, -1.000000000000000000 ) ) ;
#1654 = CARTESIAN_POINT ( 'NONE',  ( -3.569281488838021321, 10.72214484527913925, 11.00000000000000000 ) ) ;
#1655 = ORIENTED_EDGE ( 'NONE', *, *, #825, .F. ) ;
#1656 = ORIENTED_EDGE ( 'NONE', *, *, #2028, .F. ) ;
#1657 = PRESENTATION_STYLE_ASSIGNMENT (( #1280 ) ) ;
#1658 = ORIENTED_EDGE ( 'NONE', *, *, #4013, .F. ) ;
#1659 = DIRECTION ( 'NONE',  ( -0.000000000000000000, -0.000000000000000000, -1.000000000000000000 ) ) ;
#1660 = CARTESIAN_POINT ( 'NONE',  ( 4.707625983893290567, -10.27338396174700108, 11.00000000000000000 ) ) ;
#1661 = DIRECTION ( 'NONE',  ( 1.000000000000000000, 0.000000000000000000, 0.000000000000000000 ) ) ;
#1662 = EDGE_CURVE ( 'NONE', #843, #3915, #2153, .T. ) ;
#1663 = EDGE_CURVE ( 'NONE', #3146, #4335, #1909, .T. ) ;
#1664 = ORIENTED_EDGE ( 'NONE', *, *, #1279, .F. ) ;
#1665 = ADVANCED_FACE ( 'NONE', ( #2620, #1546 ), #2977, .F. ) ;
#1666 = VERTEX_POINT ( 'NONE', #965 ) ;
#1667 = LINE ( 'NONE', #27, #2488 ) ;
#1668 = CARTESIAN_POINT ( 'NONE',  ( -5.557518628682342587, 9.843369933870551591, 11.00000000000000000 ) ) ;
#1669 = CARTESIAN_POINT ( 'NONE',  ( -5.681998954616807040, 3.109927121859024091, 11.00000000000000000 ) ) ;
#1670 = DIRECTION ( 'NONE',  ( -0.2546876201410405716, 0.9670233793176322701, 0.000000000000000000 ) ) ;
#1671 = CARTESIAN_POINT ( 'NONE',  ( -6.072165522463966347, 8.566142998327771707, 11.00000000000000000 ) ) ;
#1672 = ORIENTED_EDGE ( 'NONE', *, *, #3923, .F. ) ;
#1673 = VERTEX_POINT ( 'NONE', #1568 ) ;
#1674 = LINE ( 'NONE', #430, #3180 ) ;
#1675 = ORIENTED_EDGE ( 'NONE', *, *, #2142, .F. ) ;
#1676 = VERTEX_POINT ( 'NONE', #2226 ) ;
#1677 = CARTESIAN_POINT ( 'NONE',  ( -10.49585192853588111, 0.2951140360092380788, 5.000000000000000000 ) ) ;
#1678 = DIRECTION ( 'NONE',  ( -1.000000000000000000, 0.000000000000000000, 0.000000000000000000 ) ) ;
#1679 = DIRECTION ( 'NONE',  ( 0.06014744209411388570, -0.9981895036562622447, 0.000000000000000000 ) ) ;
#1680 = VERTEX_POINT ( 'NONE', #1316 ) ;
#1681 = VERTEX_POINT ( 'NONE', #234 ) ;
#1682 = CARTESIAN_POINT ( 'NONE',  ( -4.536220445964864290, -10.35377462710040852, 5.000000000000000000 ) ) ;
#1683 = FACE_OUTER_BOUND ( 'NONE', #2404, .T. ) ;
#1684 = DIRECTION ( 'NONE',  ( 0.000000000000000000, 0.000000000000000000, -1.000000000000000000 ) ) ;
#1685 = AXIS2_PLACEMENT_3D ( 'NONE', #278, #3949, #592 ) ;
#1686 = CARTESIAN_POINT ( 'NONE',  ( -11.18994698359957596, 1.600947053280854737, 11.00000000000000000 ) ) ;
#1687 = VECTOR ( 'NONE', #587, 1000.000000000000114 ) ;
#1688 = EDGE_CURVE ( 'NONE', #3779, #2029, #2879, .T. ) ;
#1689 = CARTESIAN_POINT ( 'NONE',  ( 6.134398983059601740, 8.521686987717711048, 11.00000000000000000 ) ) ;
#1690 = VECTOR ( 'NONE', #3011, 999.9999999999998863 ) ;
#1691 = LINE ( 'NONE', #2707, #3200 ) ;
#1692 = ORIENTED_EDGE ( 'NONE', *, *, #2560, .F. ) ;
#1693 = VECTOR ( 'NONE', #29, 1000.000000000000000 ) ;
#1694 = VERTEX_POINT ( 'NONE', #2247 ) ;
#1695 = EDGE_CURVE ( 'NONE', #172, #1518, #602, .T. ) ;
#1696 = AXIS2_PLACEMENT_3D ( 'NONE', #919, #1864, #1605 ) ;
#1697 = VERTEX_POINT ( 'NONE', #2952 ) ;
#1698 = EDGE_LOOP ( 'NONE', ( #1773, #4027, #1672, #2184 ) ) ;
#1699 = CARTESIAN_POINT ( 'NONE',  ( 6.263800824939760759, 1.649714535616611633, 5.000000000000000000 ) ) ;
#1700 = CARTESIAN_POINT ( 'NONE',  ( 0.000000000000000000, 0.000000000000000000, 5.000000000000000000 ) ) ;
#1701 = PRESENTATION_LAYER_ASSIGNMENT (  '', '', ( #609 ) ) ;
#1702 = CARTESIAN_POINT ( 'NONE',  ( -6.002819097639133794, -2.433705344646408530, 11.00000000000000000 ) ) ;
#1703 = CARTESIAN_POINT ( 'NONE',  ( -1.430496923587078584, 6.317470805247103804, 11.00000000000000000 ) ) ;
#1704 = ORIENTED_EDGE ( 'NONE', *, *, #1851, .F. ) ;
#1705 = VECTOR ( 'NONE', #3284, 1000.000000000000114 ) ;
#1706 = ORIENTED_EDGE ( 'NONE', *, *, #582, .T. ) ;
#1707 = LINE ( 'NONE', #3061, #3329 ) ;
#1708 = PLANE ( 'NONE',  #2667 ) ;
#1709 = DIRECTION ( 'NONE',  ( -0.4716230422552011858, -0.8818002642401218116, 0.000000000000000000 ) ) ;
#1710 = AXIS2_PLACEMENT_3D ( 'NONE', #1834, #4234, #1520 ) ;
#1711 = FACE_OUTER_BOUND ( 'NONE', #3770, .T. ) ;
#1712 = VERTEX_POINT ( 'NONE', #3650 ) ;
#1713 = AXIS2_PLACEMENT_3D ( 'NONE', #2049, #1721, #689 ) ;
#1714 = DIRECTION ( 'NONE',  ( -0.6833177163598981307, -0.7301211533086093830, 0.000000000000000000 ) ) ;
#1715 = PRODUCT_RELATED_PRODUCT_CATEGORY ( 'part', '', ( #359 ) ) ;
#1716 = ORIENTED_EDGE ( 'NONE', *, *, #1285, .T. ) ;
#1717 = ORIENTED_EDGE ( 'NONE', *, *, #1611, .T. ) ;
#1718 = ORIENTED_EDGE ( 'NONE', *, *, #3216, .T. ) ;
#1719 = DIRECTION ( 'NONE',  ( -0.4737172338778156133, 0.8806770022699303979, 0.000000000000000000 ) ) ;
#1720 = VERTEX_POINT ( 'NONE', #4291 ) ;
#1721 = DIRECTION ( 'NONE',  ( 0.000000000000000000, 0.000000000000000000, 1.000000000000000000 ) ) ;
#1722 = CYLINDRICAL_SURFACE ( 'NONE', #2109, 4.000000000000000000 ) ;
#1723 = DIRECTION ( 'NONE',  ( -0.000000000000000000, -0.000000000000000000, -1.000000000000000000 ) ) ;
#1724 = VERTEX_POINT ( 'NONE', #594 ) ;
#1725 = DIRECTION ( 'NONE',  ( 0.9758311669186481296, -0.2185258192301071933, 0.000000000000000000 ) ) ;
#1726 = CARTESIAN_POINT ( 'NONE',  ( -6.462667090921570434, 0.4366839766468764705, 11.00000000000000000 ) ) ;
#1727 = DIRECTION ( 'NONE',  ( -1.000000000000000000, 0.000000000000000000, 0.000000000000000000 ) ) ;
#1728 = ADVANCED_FACE ( 'NONE', ( #2601 ), #296, .T. ) ;
#1729 = ORIENTED_EDGE ( 'NONE', *, *, #1852, .T. ) ;
#1730 = SURFACE_STYLE_FILL_AREA ( #644 ) ;
#1731 = CARTESIAN_POINT ( 'NONE',  ( 0.000000000000000000, 0.000000000000000000, 5.000000000000000000 ) ) ;
#1732 = EDGE_CURVE ( 'NONE', #2782, #862, #1608, .T. ) ;
#1733 = DIRECTION ( 'NONE',  ( 0.09488552549894935240, -0.9954881903120640363, 0.000000000000000000 ) ) ;
#1734 = ORIENTED_EDGE ( 'NONE', *, *, #1084, .F. ) ;
#1735 = EDGE_CURVE ( 'NONE', #1598, #2451, #1590, .T. ) ;
#1736 = VERTEX_POINT ( 'NONE', #981 ) ;
#1737 = VERTEX_POINT ( 'NONE', #2308 ) ;
#1738 = EDGE_CURVE ( 'NONE', #515, #3072, #2583, .T. ) ;
#1739 = ORIENTED_EDGE ( 'NONE', *, *, #907, .T. ) ;
#1740 = CARTESIAN_POINT ( 'NONE',  ( 3.265326656026316776, -5.594139849251596353, 5.000000000000000000 ) ) ;
#1741 = LINE ( 'NONE', #1368, #2341 ) ;
#1742 = CARTESIAN_POINT ( 'NONE',  ( 6.465676394360115431, 0.3895992645730865789, 5.000000000000000000 ) ) ;
#1743 = DIRECTION ( 'NONE',  ( -0.000000000000000000, -0.000000000000000000, -1.000000000000000000 ) ) ;
#1744 = ORIENTED_EDGE ( 'NONE', *, *, #3992, .F. ) ;
#1745 = ORIENTED_EDGE ( 'NONE', *, *, #571, .T. ) ;
#1746 = CARTESIAN_POINT ( 'NONE',  ( 5.110407255347202415, -9.172444477046164835, 11.00000000000000000 ) ) ;
#1747 = FACE_OUTER_BOUND ( 'NONE', #3723, .T. ) ;
#1748 = CARTESIAN_POINT ( 'NONE',  ( -7.543620499357020392, 8.418535188787801715, 5.000000000000000000 ) ) ;
#1749 = CARTESIAN_POINT ( 'NONE',  ( 0.08616179912191765378, 6.476830626773633526, 11.00000000000000000 ) ) ;
#1750 = VERTEX_POINT ( 'NONE', #653 ) ;
#1751 = CARTESIAN_POINT ( 'NONE',  ( 0.000000000000000000, 0.000000000000000000, 17.00000000000000000 ) ) ;
#1752 = AXIS2_PLACEMENT_3D ( 'NONE', #620, #4290, #875 ) ;
#1753 = ORIENTED_EDGE ( 'NONE', *, *, #4216, .F. ) ;
#1754 = PLANE ( 'NONE',  #2348 ) ;
#1755 = AXIS2_PLACEMENT_3D ( 'NONE', #2923, #2550, #3193 ) ;
#1756 = VERTEX_POINT ( 'NONE', #1225 ) ;
#1757 = ORIENTED_EDGE ( 'NONE', *, *, #1256, .T. ) ;
#1758 = ORIENTED_EDGE ( 'NONE', *, *, #3814, .T. ) ;
#1759 = AXIS2_PLACEMENT_3D ( 'NONE', #2761, #3123, #2785 ) ;
#1760 = VECTOR ( 'NONE', #518, 1000.000000000000114 ) ;
#1761 = VECTOR ( 'NONE', #1253, 1000.000000000000000 ) ;
#1762 = ORIENTED_EDGE ( 'NONE', *, *, #844, .F. ) ;
#1763 = ORIENTED_EDGE ( 'NONE', *, *, #3290, .F. ) ;
#1764 = LINE ( 'NONE', #1742, #1216 ) ;
#1765 = DIRECTION ( 'NONE',  ( -1.000000000000000000, 0.000000000000000000, 0.000000000000000000 ) ) ;
#1766 = VECTOR ( 'NONE', #3464, 1000.000000000000114 ) ;
#1767 = EDGE_CURVE ( 'NONE', #3184, #3576, #3224, .T. ) ;
#1768 = ORIENTED_EDGE ( 'NONE', *, *, #3069, .T. ) ;
#1769 = DIRECTION ( 'NONE',  ( -0.6099544143209704172, 0.7924365037341237761, 0.000000000000000000 ) ) ;
#1770 = CARTESIAN_POINT ( 'NONE',  ( 9.145593224530003340, 5.158306366573331303, 5.000000000000000000 ) ) ;
#1771 = FACE_OUTER_BOUND ( 'NONE', #3459, .T. ) ;
#1772 = AXIS2_PLACEMENT_3D ( 'NONE', #2599, #567, #591 ) ;
#1773 = ORIENTED_EDGE ( 'NONE', *, *, #2085, .T. ) ;
#1774 = CARTESIAN_POINT ( 'NONE',  ( -1.308179746870341331, 6.343928165846387301, 11.00000000000000000 ) ) ;
#1775 = DIRECTION ( 'NONE',  ( -0.000000000000000000, -0.000000000000000000, -1.000000000000000000 ) ) ;
#1776 = VECTOR ( 'NONE', #1604, 1000.000000000000000 ) ;
#1777 = DIRECTION ( 'NONE',  ( -1.000000000000000000, 0.000000000000000000, 0.000000000000000000 ) ) ;
#1778 = LINE ( 'NONE', #2796, #2211 ) ;
#1779 = VECTOR ( 'NONE', #4017, 1000.000000000000000 ) ;
#1780 = ADVANCED_BREP_SHAPE_REPRESENTATION ( 'Gear A', ( #2831, #1406, #2573 ), #263 ) ;
#1781 = EDGE_LOOP ( 'NONE', ( #3934, #4297, #4312, #2541 ) ) ;
#1782 = ORIENTED_EDGE ( 'NONE', *, *, #1925, .T. ) ;
#1783 = VECTOR ( 'NONE', #4292, 1000.000000000000000 ) ;
#1784 = DIRECTION ( 'NONE',  ( 0.04812841412490155568, 0.9988411564176867818, 0.000000000000000000 ) ) ;
#1785 = EDGE_CURVE ( 'NONE', #2072, #3162, #3611, .T. ) ;
#1786 = EDGE_CURVE ( 'NONE', #2591, #2712, #3972, .T. ) ;
#1787 = VECTOR ( 'NONE', #2158, 1000.000000000000000 ) ;
#1788 = ORIENTED_EDGE ( 'NONE', *, *, #355, .T. ) ;
#1789 = VERTEX_POINT ( 'NONE', #569 ) ;
#1790 = CARTESIAN_POINT ( 'NONE',  ( 11.29744385889069846, -0.3817161489780996342, 11.00000000000000000 ) ) ;
#1791 = CARTESIAN_POINT ( 'NONE',  ( -5.681998954616807040, 3.109927121859024091, 5.000000000000000000 ) ) ;
#1792 = ORIENTED_EDGE ( 'NONE', *, *, #3465, .F. ) ;
#1793 = FACE_OUTER_BOUND ( 'NONE', #3623, .T. ) ;
#1794 = DIRECTION ( 'NONE',  ( -0.9937375998835075164, 0.1117389036001600611, 0.000000000000000000 ) ) ;
#1795 = CARTESIAN_POINT ( 'NONE',  ( -4.000000000000000000, 0.000000000000000000, 0.000000000000000000 ) ) ;
#1796 = EDGE_CURVE ( 'NONE', #3640, #4141, #3286, .T. ) ;
#1797 = CARTESIAN_POINT ( 'NONE',  ( 3.390188977688465499, 10.78353205859460395, 11.00000000000000000 ) ) ;
#1798 = EDGE_CURVE ( 'NONE', #1012, #3349, #2557, .T. ) ;
#1799 = ORIENTED_EDGE ( 'NONE', *, *, #1212, .F. ) ;
#1800 = CARTESIAN_POINT ( 'NONE',  ( 9.435664168256280959, 4.606326269803799889, 11.00000000000000000 ) ) ;
#1801 = CARTESIAN_POINT ( 'NONE',  ( 2.105150031715640413, -6.125773597473963328, 5.000000000000000000 ) ) ;
#1802 = CARTESIAN_POINT ( 'NONE',  ( -10.31390553733085547, -1.968083475621895895, 11.00000000000000000 ) ) ;
#1803 = CARTESIAN_POINT ( 'NONE',  ( 0.000000000000000000, 0.000000000000000000, -22.00000000000000000 ) ) ;
#1804 = ORIENTED_EDGE ( 'NONE', *, *, #3151, .F. ) ;
#1805 = CARTESIAN_POINT ( 'NONE',  ( 2.500000000000000000, 0.000000000000000000, -22.00000000000000000 ) ) ;
#1806 = ORIENTED_EDGE ( 'NONE', *, *, #1738, .F. ) ;
#1807 = VERTEX_POINT ( 'NONE', #636 ) ;
#1808 = ORIENTED_EDGE ( 'NONE', *, *, #228, .F. ) ;
#1809 = CARTESIAN_POINT ( 'NONE',  ( -2.523580700700867929, 10.19222941495382884, 11.00000000000000000 ) ) ;
#1810 = ORIENTED_EDGE ( 'NONE', *, *, #2685, .F. ) ;
#1811 = CYLINDRICAL_SURFACE ( 'NONE', #4045, 7.000000000000000000 ) ;
#1812 = FACE_OUTER_BOUND ( 'NONE', #780, .T. ) ;
#1813 = DIRECTION ( 'NONE',  ( -0.7284952452422109870, -0.6850508577175060676, 0.000000000000000000 ) ) ;
#1814 = EDGE_CURVE ( 'NONE', #2733, #3454, #3908, .T. ) ;
#1815 = DIRECTION ( 'NONE',  ( 0.000000000000000000, 0.000000000000000000, -1.000000000000000000 ) ) ;
#1816 = VERTEX_POINT ( 'NONE', #1952 ) ;
#1817 = CARTESIAN_POINT ( 'NONE',  ( 11.26605656897999452, -0.9240748604526773935, 5.000000000000000000 ) ) ;
#1818 = CARTESIAN_POINT ( 'NONE',  ( 0.000000000000000000, 0.000000000000000000, 5.000000000000000000 ) ) ;
#1819 = DIRECTION ( 'NONE',  ( -1.000000000000000000, 0.000000000000000000, 0.000000000000000000 ) ) ;
#1820 = CARTESIAN_POINT ( 'NONE',  ( 6.806038177178730386, -9.021197523638058158, 11.00000000000000000 ) ) ;
#1821 = LINE ( 'NONE', #901, #34 ) ;
#1822 = EDGE_CURVE ( 'NONE', #1756, #2782, #1008, .T. ) ;
#1823 = ADVANCED_FACE ( 'NONE', ( #3040 ), #322, .T. ) ;
#1824 = VERTEX_POINT ( 'NONE', #1331 ) ;
#1825 = PLANE ( 'NONE',  #2402 ) ;
#1826 = CIRCLE ( 'NONE', #2682, 4.000000000000000000 ) ;
#1827 = ORIENTED_EDGE ( 'NONE', *, *, #4311, .F. ) ;
#1828 = ORIENTED_EDGE ( 'NONE', *, *, #2410, .T. ) ;
#1829 = ORIENTED_EDGE ( 'NONE', *, *, #3126, .T. ) ;
#1830 = CARTESIAN_POINT ( 'NONE',  ( -11.14502568970421059, 1.868839962527845122, 11.00000000000000000 ) ) ;
#1831 = VECTOR ( 'NONE', #419, 1000.000000000000000 ) ;
#1832 = AXIS2_PLACEMENT_3D ( 'NONE', #197, #1140, #787 ) ;
#1833 = ORIENTED_EDGE ( 'NONE', *, *, #1515, .F. ) ;
#1834 = CARTESIAN_POINT ( 'NONE',  ( 6.230760147890386236, 1.770419951029237549, 11.00000000000000000 ) ) ;
#1835 = CARTESIAN_POINT ( 'NONE',  ( 1.989266238428814004, 10.30984092179153322, 11.00000000000000000 ) ) ;
#1836 = CIRCLE ( 'NONE', #4176, 7.000000000000000000 ) ;
#1837 = CARTESIAN_POINT ( 'NONE',  ( 8.489489480039567937, -6.178880834608927231, 5.000000000000000000 ) ) ;
#1838 = LINE ( 'NONE', #1522, #4251 ) ;
#1839 = CIRCLE ( 'NONE', #2621, 10.50000000000000000 ) ;
#1840 = ORIENTED_EDGE ( 'NONE', *, *, #3510, .T. ) ;
#1841 = CARTESIAN_POINT ( 'NONE',  ( 10.46623223472574438, 0.8414171431506022314, 11.00000000000000000 ) ) ;
#1842 = FACE_OUTER_BOUND ( 'NONE', #2864, .T. ) ;
#1843 = DIRECTION ( 'NONE',  ( -0.000000000000000000, -0.000000000000000000, -1.000000000000000000 ) ) ;
#1844 = CARTESIAN_POINT ( 'NONE',  ( -6.072165522463966347, 8.566142998327771707, 5.000000000000000000 ) ) ;
#1845 = AXIS2_PLACEMENT_3D ( 'NONE', #1016, #3734, #396 ) ;
#1846 = ADVANCED_FACE ( 'NONE', ( #2723 ), #1065, .T. ) ;
#1847 = DIRECTION ( 'NONE',  ( -0.000000000000000000, 0.000000000000000000, 1.000000000000000000 ) ) ;
#1848 = AXIS2_PLACEMENT_3D ( 'NONE', #1544, #3815, #2555 ) ;
#1849 = ORIENTED_EDGE ( 'NONE', *, *, #855, .F. ) ;
#1850 = ORIENTED_EDGE ( 'NONE', *, *, #2018, .T. ) ;
#1851 = EDGE_CURVE ( 'NONE', #413, #3336, #3704, .T. ) ;
#1852 = EDGE_CURVE ( 'NONE', #1872, #1261, #1048, .T. ) ;
#1853 = VECTOR ( 'NONE', #2098, 1000.000000000000000 ) ;
#1854 = EDGE_CURVE ( 'NONE', #156, #1056, #4104, .T. ) ;
#1855 = VERTEX_POINT ( 'NONE', #1999 ) ;
#1856 = VECTOR ( 'NONE', #1587, 1000.000000000000000 ) ;
#1857 = ORIENTED_EDGE ( 'NONE', *, *, #3266, .T. ) ;
#1858 = CARTESIAN_POINT ( 'NONE',  ( -5.790777868510789794, 9.704177044307956024, 11.00000000000000000 ) ) ;
#1859 = ORIENTED_EDGE ( 'NONE', *, *, #4050, .T. ) ;
#1860 = DIRECTION ( 'NONE',  ( 1.000000000000000000, 0.000000000000000000, 0.000000000000000000 ) ) ;
#1861 = ORIENTED_EDGE ( 'NONE', *, *, #280, .F. ) ;
#1862 = CARTESIAN_POINT ( 'NONE',  ( 1.532651631767926848, 11.19950552206734784, 11.00000000000000000 ) ) ;
#1863 = CARTESIAN_POINT ( 'NONE',  ( -6.462667090921570434, 0.4366839766468764705, 5.000000000000000000 ) ) ;
#1864 = DIRECTION ( 'NONE',  ( -0.000000000000000000, 0.000000000000000000, 1.000000000000000000 ) ) ;
#1865 = ORIENTED_EDGE ( 'NONE', *, *, #513, .F. ) ;
#1866 = CARTESIAN_POINT ( 'NONE',  ( 10.09300390059634012, -5.090109745941135522, 5.000000000000000000 ) ) ;
#1867 = CARTESIAN_POINT ( 'NONE',  ( -3.305986936356658301, -5.570207285207684045, 5.000000000000000000 ) ) ;
#1868 = FACE_OUTER_BOUND ( 'NONE', #3502, .T. ) ;
#1869 = CARTESIAN_POINT ( 'NONE',  ( 4.992174508239074271, 4.127342062735865902, 5.000000000000000000 ) ) ;
#1870 = EDGE_LOOP ( 'NONE', ( #4071, #1603, #1584, #1251 ) ) ;
#1871 = DIRECTION ( 'NONE',  ( 0.2733224653375057045, -0.9619224656602152201, 0.000000000000000000 ) ) ;
#1872 = VERTEX_POINT ( 'NONE', #3344 ) ;
#1873 = EDGE_CURVE ( 'NONE', #2295, #1712, #3361, .T. ) ;
#1874 = ORIENTED_EDGE ( 'NONE', *, *, #2299, .T. ) ;
#1875 = EDGE_LOOP ( 'NONE', ( #2700, #848, #2056, #1500 ) ) ;
#1876 = FACE_OUTER_BOUND ( 'NONE', #642, .T. ) ;
#1877 = ORIENTED_EDGE ( 'NONE', *, *, #786, .T. ) ;
#1878 = DIRECTION ( 'NONE',  ( -1.000000000000000000, 0.000000000000000000, 0.000000000000000000 ) ) ;
#1879 = LINE ( 'NONE', #953, #2136 ) ;
#1880 = VERTEX_POINT ( 'NONE', #1348 ) ;
#1881 = CARTESIAN_POINT ( 'NONE',  ( 9.435664168256280959, 4.606326269803799889, 11.00000000000000000 ) ) ;
#1882 = DIRECTION ( 'NONE',  ( 0.6501577485948529800, 0.7597992510802257238, 0.000000000000000000 ) ) ;
#1883 = CARTESIAN_POINT ( 'NONE',  ( 0.000000000000000000, 0.000000000000000000, 11.00000000000000000 ) ) ;
#1884 = ORIENTED_EDGE ( 'NONE', *, *, #1515, .T. ) ;
#1885 = LINE ( 'NONE', #2993, #3976 ) ;
#1886 = FACE_OUTER_BOUND ( 'NONE', #1339, .T. ) ;
#1887 = CARTESIAN_POINT ( 'NONE',  ( 0.000000000000000000, 0.000000000000000000, 17.00000000000000000 ) ) ;
#1888 = CARTESIAN_POINT ( 'NONE',  ( 9.376438639006734022, 6.307658747796153875, 5.000000000000000000 ) ) ;
#1889 = CARTESIAN_POINT ( 'NONE',  ( -8.177079533846059789, 6.586757191301039427, 5.000000000000000000 ) ) ;
#1890 = ORIENTED_EDGE ( 'NONE', *, *, #679, .F. ) ;
#1891 = FACE_OUTER_BOUND ( 'NONE', #840, .T. ) ;
#1892 = DIRECTION ( 'NONE',  ( -1.000000000000000000, 0.000000000000000000, 0.000000000000000000 ) ) ;
#1893 = LINE ( 'NONE', #3248, #2679 ) ;
#1894 = EDGE_CURVE ( 'NONE', #4001, #504, #1836, .T. ) ;
#1895 = ORIENTED_EDGE ( 'NONE', *, *, #1928, .T. ) ;
#1896 = VERTEX_POINT ( 'NONE', #1377 ) ;
#1897 = PLANE ( 'NONE',  #2052 ) ;
#1898 = DIRECTION ( 'NONE',  ( -0.4630826814171441486, -0.8863150851539804975, 0.000000000000000000 ) ) ;
#1899 = VERTEX_POINT ( 'NONE', #404 ) ;
#1900 = DIRECTION ( 'NONE',  ( -0.1653748979498468330, -0.9862307757964552390, 0.000000000000000000 ) ) ;
#1901 = VECTOR ( 'NONE', #4153, 999.9999999999998863 ) ;
#1902 = AXIS2_PLACEMENT_3D ( 'NONE', #1058, #2371, #3298 ) ;
#1903 = EDGE_LOOP ( 'NONE', ( #3052, #985, #2456, #3473 ) ) ;
#1904 = DIRECTION ( 'NONE',  ( -0.1653748979498468330, -0.9862307757964552390, 0.000000000000000000 ) ) ;
#1905 = CARTESIAN_POINT ( 'NONE',  ( -0.2735527422333570713, 10.49643600929461584, 5.000000000000000000 ) ) ;
#1906 = AXIS2_PLACEMENT_3D ( 'NONE', #4256, #4208, #2920 ) ;
#1907 = EDGE_CURVE ( 'NONE', #3493, #1233, #2334, .T. ) ;
#1908 = VERTEX_POINT ( 'NONE', #3321 ) ;
#1909 = CIRCLE ( 'NONE', #2892, 10.50000000000000000 ) ;
#1910 = CARTESIAN_POINT ( 'NONE',  ( -0.9107435438973024988, 11.26714210261090621, 11.00000000000000000 ) ) ;
#1911 = DIRECTION ( 'NONE',  ( -1.000000000000000000, 0.000000000000000000, 0.000000000000000000 ) ) ;
#1912 = CARTESIAN_POINT ( 'NONE',  ( 6.031677452238120019, -2.361276336158873779, 11.00000000000000000 ) ) ;
#1913 = CIRCLE ( 'NONE', #454, 10.50000000000000000 ) ;
#1914 = CARTESIAN_POINT ( 'NONE',  ( -6.024037108339064694, 9.564984154745461709, 11.00000000000000000 ) ) ;
#1915 = EDGE_CURVE ( 'NONE', #413, #1014, #2703, .T. ) ;
#1916 = ORIENTED_EDGE ( 'NONE', *, *, #86, .T. ) ;
#1917 = VECTOR ( 'NONE', #2984, 1000.000000000000114 ) ;
#1918 = CARTESIAN_POINT ( 'NONE',  ( -7.000000000000000000, 0.000000000000000000, 5.000000000000000000 ) ) ;
#1919 = VECTOR ( 'NONE', #449, 1000.000000000000000 ) ;
#1920 = ORIENTED_EDGE ( 'NONE', *, *, #435, .F. ) ;
#1921 = ORIENTED_EDGE ( 'NONE', *, *, #2903, .F. ) ;
#1922 = FACE_OUTER_BOUND ( 'NONE', #1875, .T. ) ;
#1923 = ADVANCED_FACE ( 'NONE', ( #2421 ), #2996, .T. ) ;
#1924 = LINE ( 'NONE', #3279, #521 ) ;
#1925 = EDGE_CURVE ( 'NONE', #2031, #3128, #3084, .T. ) ;
#1926 = AXIS2_PLACEMENT_3D ( 'NONE', #3447, #1477, #2464 ) ;
#1927 = VERTEX_POINT ( 'NONE', #676 ) ;
#1928 = EDGE_CURVE ( 'NONE', #750, #3028, #342, .T. ) ;
#1929 = CYLINDRICAL_SURFACE ( 'NONE', #3614, 10.50000000000000000 ) ;
#1930 = PLANE ( 'NONE',  #1696 ) ;
#1931 = AXIS2_PLACEMENT_3D ( 'NONE', #3782, #154, #1517 ) ;
#1932 = EDGE_LOOP ( 'NONE', ( #1612, #1828, #2379, #1729 ) ) ;
#1933 = EDGE_CURVE ( 'NONE', #375, #1666, #3768, .T. ) ;
#1934 = EDGE_CURVE ( 'NONE', #3954, #1694, #1025, .T. ) ;
#1935 = CARTESIAN_POINT ( 'NONE',  ( 6.962733200663834943, -7.859411325053140551, 11.00000000000000000 ) ) ;
#1936 = CARTESIAN_POINT ( 'NONE',  ( -9.401862051407428922, 4.674932081464388212, 11.00000000000000000 ) ) ;
#1937 = CARTESIAN_POINT ( 'NONE',  ( 2.389090431751494492, -11.04519838385084718, 5.000000000000000000 ) ) ;
#1938 = CARTESIAN_POINT ( 'NONE',  ( -10.49585192853588111, 0.2951140360092389670, 11.00000000000000000 ) ) ;
#1939 = CARTESIAN_POINT ( 'NONE',  ( -10.45982583029096169, 0.9176293369209559403, 5.000000000000000000 ) ) ;
#1940 = VERTEX_POINT ( 'NONE', #2035 ) ;
#1941 = EDGE_LOOP ( 'NONE', ( #384, #3390, #2100, #3480 ) ) ;
#1942 = DIRECTION ( 'NONE',  ( -0.06014744209411387876, 0.9981895036562622447, 0.000000000000000000 ) ) ;
#1943 = DIRECTION ( 'NONE',  ( -0.06741651380573475405, -0.9977249188359891274, 0.000000000000000000 ) ) ;
#1944 = FACE_OUTER_BOUND ( 'NONE', #2598, .T. ) ;
#1945 = ORIENTED_EDGE ( 'NONE', *, *, #109, .T. ) ;
#1946 = DIRECTION ( 'NONE',  ( 0.9495576741272737653, -0.3135924481010377018, 0.000000000000000000 ) ) ;
#1947 = FACE_OUTER_BOUND ( 'NONE', #722, .T. ) ;
#1948 = CARTESIAN_POINT ( 'NONE',  ( -10.82794104958379222, -3.245556591698276261, 11.00000000000000000 ) ) ;
#1949 = FACE_OUTER_BOUND ( 'NONE', #1038, .T. ) ;
#1950 = CARTESIAN_POINT ( 'NONE',  ( 0.000000000000000000, 0.000000000000000000, 5.000000000000000000 ) ) ;
#1951 = CARTESIAN_POINT ( 'NONE',  ( 0.000000000000000000, 0.000000000000000000, 5.000000000000000000 ) ) ;
#1952 = CARTESIAN_POINT ( 'NONE',  ( 7.022880642757947989, -8.857600828709404794, 5.000000000000000000 ) ) ;
#1953 = LINE ( 'NONE', #3951, #3838 ) ;
#1954 = DIRECTION ( 'NONE',  ( 0.9773969907484417741, 0.2114122098552737583, 0.000000000000000000 ) ) ;
#1955 = EDGE_CURVE ( 'NONE', #1261, #4296, #3381, .T. ) ;
#1956 = ORIENTED_EDGE ( 'NONE', *, *, #3826, .T. ) ;
#1957 = VERTEX_POINT ( 'NONE', #1970 ) ;
#1958 = CARTESIAN_POINT ( 'NONE',  ( -10.89965690040262380, -2.983561610426931576, 11.00000000000000000 ) ) ;
#1959 = SURFACE_STYLE_FILL_AREA ( #2607 ) ;
#1960 = VERTEX_POINT ( 'NONE', #3064 ) ;
#1961 = CARTESIAN_POINT ( 'NONE',  ( 0.000000000000000000, 0.000000000000000000, 11.00000000000000000 ) ) ;
#1962 = DIRECTION ( 'NONE',  ( 0.6427876096865408062, 0.7660444431189767922, 0.000000000000000000 ) ) ;
#1963 = CARTESIAN_POINT ( 'NONE',  ( 2.500000000000000000, 3.061616997868383141E-16, 12.00000000000000000 ) ) ;
#1964 = CARTESIAN_POINT ( 'NONE',  ( 7.604739771919064140, 8.363365229653085819, 5.000000000000000000 ) ) ;
#1965 = AXIS2_PLACEMENT_3D ( 'NONE', #3469, #1150, #1241 ) ;
#1966 = ORIENTED_EDGE ( 'NONE', *, *, #283, .T. ) ;
#1967 = PLANE ( 'NONE',  #2276 ) ;
#1968 = DIRECTION ( 'NONE',  ( -0.000000000000000000, -0.000000000000000000, -1.000000000000000000 ) ) ;
#1969 = AXIS2_PLACEMENT_3D ( 'NONE', #1010, #2003, #952 ) ;
#1970 = CARTESIAN_POINT ( 'NONE',  ( 3.904381720551783452, 10.60819251066830660, 5.000000000000000000 ) ) ;
#1971 = CARTESIAN_POINT ( 'NONE',  ( -6.871566720908822035, -8.971384019748914085, 11.00000000000000000 ) ) ;
#1972 = VECTOR ( 'NONE', #1295, 1000.000000000000227 ) ;
#1973 = CARTESIAN_POINT ( 'NONE',  ( -4.426124711122669808, -4.729289467259409463, 11.00000000000000000 ) ) ;
#1974 = EDGE_CURVE ( 'NONE', #4210, #1232, #49, .T. ) ;
#1975 = VECTOR ( 'NONE', #1679, 1000.000000000000114 ) ;
#1976 = PLANE ( 'NONE',  #106 ) ;
#1977 = AXIS2_PLACEMENT_3D ( 'NONE', #337, #3737, #3987 ) ;
#1978 = ORIENTED_EDGE ( 'NONE', *, *, #1622, .T. ) ;
#1979 = EDGE_CURVE ( 'NONE', #2219, #3422, #847, .T. ) ;
#1980 = ORIENTED_EDGE ( 'NONE', *, *, #3728, .F. ) ;
#1981 = FACE_OUTER_BOUND ( 'NONE', #2001, .T. ) ;
#1982 = EDGE_CURVE ( 'NONE', #3798, #53, #3167, .T. ) ;
#1983 = DIRECTION ( 'NONE',  ( -0.9926118128115599681, 0.1213333798546334386, 0.000000000000000000 ) ) ;
#1984 = VECTOR ( 'NONE', #2859, 1000.000000000000000 ) ;
#1985 = ADVANCED_FACE ( 'NONE', ( #2170 ), #3194, .T. ) ;
#1986 = AXIS2_PLACEMENT_3D ( 'NONE', #1566, #2245, #257 ) ;
#1987 = EDGE_LOOP ( 'NONE', ( #347, #4314, #4247, #2933 ) ) ;
#1988 = CYLINDRICAL_SURFACE ( 'NONE', #531, 10.50000000000000000 ) ;
#1989 = LINE ( 'NONE', #4029, #810 ) ;
#1990 = FACE_OUTER_BOUND ( 'NONE', #1045, .T. ) ;
#1991 = DIRECTION ( 'NONE',  ( 0.000000000000000000, 0.000000000000000000, 1.000000000000000000 ) ) ;
#1992 = ORIENTED_EDGE ( 'NONE', *, *, #2547, .T. ) ;
#1993 = VECTOR ( 'NONE', #3218, 1000.000000000000227 ) ;
#1994 = LINE ( 'NONE', #4288, #3039 ) ;
#1995 = ORIENTED_EDGE ( 'NONE', *, *, #2800, .T. ) ;
#1996 = CARTESIAN_POINT ( 'NONE',  ( -2.469478674721313993, -11.02750359350676312, 11.00000000000000000 ) ) ;
#1997 = DIRECTION ( 'NONE',  ( 0.9736746339038261366, -0.2279423332605203800, 0.000000000000000000 ) ) ;
#1998 = CIRCLE ( 'NONE', #2430, 10.50000000000000000 ) ;
#1999 = CARTESIAN_POINT ( 'NONE',  ( 6.629430668458031306, 8.142521047692053315, 5.000000000000000000 ) ) ;
#2000 = DIRECTION ( 'NONE',  ( -0.000000000000000000, -0.000000000000000000, -1.000000000000000000 ) ) ;
#2001 = EDGE_LOOP ( 'NONE', ( #2010, #1079, #2082, #219 ) ) ;
#2002 = ORIENTED_EDGE ( 'NONE', *, *, #4214, .F. ) ;
#2003 = DIRECTION ( 'NONE',  ( -0.000000000000000000, -0.000000000000000000, -1.000000000000000000 ) ) ;
#2004 = EDGE_CURVE ( 'NONE', #87, #2263, #3807, .T. ) ;
#2005 = ORIENTED_EDGE ( 'NONE', *, *, #33, .T. ) ;
#2006 = EDGE_LOOP ( 'NONE', ( #4106, #1716, #1258, #3532 ) ) ;
#2007 = LINE ( 'NONE', #707, #4195 ) ;
#2008 = FACE_OUTER_BOUND ( 'NONE', #789, .T. ) ;
#2009 = FACE_OUTER_BOUND ( 'NONE', #2349, .T. ) ;
#2010 = ORIENTED_EDGE ( 'NONE', *, *, #2809, .T. ) ;
#2011 = UNCERTAINTY_MEASURE_WITH_UNIT (LENGTH_MEASURE( 1.000000000000000082E-05 ), #4155, 'distance_accuracy_value', 'NONE');
#2012 = EDGE_CURVE ( 'NONE', #3498, #2159, #186, .T. ) ;
#2013 = EDGE_LOOP ( 'NONE', ( #3741, #2811, #1744, #1884 ) ) ;
#2014 = PLANE ( 'NONE',  #323 ) ;
#2015 = LINE ( 'NONE', #3320, #229 ) ;
#2016 = DIRECTION ( 'NONE',  ( -0.1677181245478932825, 0.9858349916178352768, 0.000000000000000000 ) ) ;
#2017 = DIRECTION ( 'NONE',  ( 0.9518166464392330273, 0.3066676891378875003, 0.000000000000000000 ) ) ;
#2018 = EDGE_CURVE ( 'NONE', #3799, #896, #3857, .T. ) ;
#2019 = DIRECTION ( 'NONE',  ( 0.000000000000000000, 0.000000000000000000, -1.000000000000000000 ) ) ;
#2020 = ORIENTED_EDGE ( 'NONE', *, *, #844, .T. ) ;
#2021 = VERTEX_POINT ( 'NONE', #1837 ) ;
#2022 = LINE ( 'NONE', #507, #3690 ) ;
#2023 = EDGE_LOOP ( 'NONE', ( #4088, #2885, #1366, #3997 ) ) ;
#2024 = VERTEX_POINT ( 'NONE', #3837 ) ;
#2025 = LINE ( 'NONE', #3351, #738 ) ;
#2026 = DIRECTION ( 'NONE',  ( 0.000000000000000000, 0.000000000000000000, -1.000000000000000000 ) ) ;
#2027 = CARTESIAN_POINT ( 'NONE',  ( 0.7390725469451834284, -6.435101443947368161, 11.00000000000000000 ) ) ;
#2028 = EDGE_CURVE ( 'NONE', #3240, #1824, #477, .T. ) ;
#2029 = VERTEX_POINT ( 'NONE', #2856 ) ;
#2030 = FACE_BOUND ( 'NONE', #1106, .T. ) ;
#2031 = VERTEX_POINT ( 'NONE', #4215 ) ;
#2032 = LINE ( 'NONE', #3013, #386 ) ;
#2033 = CARTESIAN_POINT ( 'NONE',  ( -6.251618380275175468, 1.695295387520142416, 11.00000000000000000 ) ) ;
#2034 = ADVANCED_FACE ( 'NONE', ( #1153 ), #2125, .T. ) ;
#2035 = CARTESIAN_POINT ( 'NONE',  ( 9.836787055698852811, -5.569162000158855541, 5.000000000000000000 ) ) ;
#2036 = VECTOR ( 'NONE', #1462, 1000.000000000000000 ) ;
#2037 = ORIENTED_EDGE ( 'NONE', *, *, #3330, .F. ) ;
#2038 = VECTOR ( 'NONE', #1962, 1000.000000000000000 ) ;
#2039 = DIRECTION ( 'NONE',  ( 0.9488097670990887078, 0.3158481056732381775, 0.000000000000000000 ) ) ;
#2040 = VECTOR ( 'NONE', #3760, 1000.000000000000000 ) ;
#2041 = VECTOR ( 'NONE', #2017, 1000.000000000000000 ) ;
#2042 = DIRECTION ( 'NONE',  ( 0.9954881903120640363, 0.09488552549894935240, 0.000000000000000000 ) ) ;
#2043 = EDGE_LOOP ( 'NONE', ( #1538, #2854, #1139, #2045 ) ) ;
#2044 = VECTOR ( 'NONE', #1480, 999.9999999999998863 ) ;
#2045 = ORIENTED_EDGE ( 'NONE', *, *, #2252, .F. ) ;
#2046 = DIRECTION ( 'NONE',  ( 0.9983296203713448724, -0.05777515979386498718, 0.000000000000000000 ) ) ;
#2047 = EDGE_LOOP ( 'NONE', ( #4319, #4283, #1274, #346 ) ) ;
#2048 = VERTEX_POINT ( 'NONE', #3442 ) ;
#2049 = CARTESIAN_POINT ( 'NONE',  ( 0.000000000000000000, 0.000000000000000000, 12.00000000000000000 ) ) ;
#2050 = DIRECTION ( 'NONE',  ( 1.000000000000000000, 0.000000000000000000, 0.000000000000000000 ) ) ;
#2051 = DIRECTION ( 'NONE',  ( 0.4165809712348768623, -0.9090986164355365773, 0.000000000000000000 ) ) ;
#2052 = AXIS2_PLACEMENT_3D ( 'NONE', #3555, #3211, #1942 ) ;
#2053 = LINE ( 'NONE', #3397, #4111 ) ;
#2054 = ORIENTED_EDGE ( 'NONE', *, *, #1282, .T. ) ;
#2055 = VECTOR ( 'NONE', #320, 999.9999999999998863 ) ;
#2056 = ORIENTED_EDGE ( 'NONE', *, *, #3019, .F. ) ;
#2057 = DIRECTION ( 'NONE',  ( 0.3577482489643396546, -0.9338180713409593992, 0.000000000000000000 ) ) ;
#2058 = FACE_OUTER_BOUND ( 'NONE', #1469, .T. ) ;
#2059 = CARTESIAN_POINT ( 'NONE',  ( 0.000000000000000000, 0.000000000000000000, 1.000000000000000000 ) ) ;
#2060 = AXIS2_PLACEMENT_3D ( 'NONE', #1632, #1596, #284 ) ;
#2061 = EDGE_CURVE ( 'NONE', #3798, #200, #2773, .T. ) ;
#2062 = ORIENTED_EDGE ( 'NONE', *, *, #1535, .T. ) ;
#2063 = VECTOR ( 'NONE', #3974, 1000.000000000000000 ) ;
#2064 = CARTESIAN_POINT ( 'NONE',  ( 4.482727995709595348, -4.675671988070067009, 11.00000000000000000 ) ) ;
#2065 = CARTESIAN_POINT ( 'NONE',  ( 4.911504713468676009, 4.223017910584396795, 11.00000000000000000 ) ) ;
#2066 = CARTESIAN_POINT ( 'NONE',  ( 6.263800824939760759, 1.649714535616611633, 11.00000000000000000 ) ) ;
#2067 = ORIENTED_EDGE ( 'NONE', *, *, #2973, .T. ) ;
#2068 = CIRCLE ( 'NONE', #2778, 4.000000000000000000 ) ;
#2069 = CARTESIAN_POINT ( 'NONE',  ( 3.988203702310366250, 5.104017050561130198, 5.000000000000000000 ) ) ;
#2070 = EDGE_CURVE ( 'NONE', #1896, #1807, #4130, .T. ) ;
#2071 = VERTEX_POINT ( 'NONE', #3492 ) ;
#2072 = VERTEX_POINT ( 'NONE', #2442 ) ;
#2073 = CARTESIAN_POINT ( 'NONE',  ( 0.000000000000000000, 0.000000000000000000, 11.00000000000000000 ) ) ;
#2074 = ORIENTED_EDGE ( 'NONE', *, *, #4348, .T. ) ;
#2075 = ORIENTED_EDGE ( 'NONE', *, *, #2822, .T. ) ;
#2076 = CARTESIAN_POINT ( 'NONE',  ( 5.762716782565939333, 2.957677147268384932, 5.000000000000000000 ) ) ;
#2077 = DIRECTION ( 'NONE',  ( 0.000000000000000000, 0.000000000000000000, -1.000000000000000000 ) ) ;
#2078 = ORIENTED_EDGE ( 'NONE', *, *, #2909, .F. ) ;
#2079 = LINE ( 'NONE', #3402, #3832 ) ;
#2080 = CARTESIAN_POINT ( 'NONE',  ( -10.00345142633030804, -5.256911639999092500, 11.00000000000000000 ) ) ;
#2081 = DIRECTION ( 'NONE',  ( 0.01330190350612960384, 0.9999115257677119173, -0.000000000000000000 ) ) ;
#2082 = ORIENTED_EDGE ( 'NONE', *, *, #2164, .F. ) ;
#2083 = CARTESIAN_POINT ( 'NONE',  ( 8.586207589667441908, -7.347189915664696258, 5.000000000000000000 ) ) ;
#2084 = PLANE ( 'NONE',  #2814 ) ;
#2085 = EDGE_CURVE ( 'NONE', #4121, #2127, #4149, .T. ) ;
#2086 = FACE_OUTER_BOUND ( 'NONE', #4201, .T. ) ;
#2087 = LINE ( 'NONE', #2728, #2911 ) ;
#2088 = ORIENTED_EDGE ( 'NONE', *, *, #2164, .T. ) ;
#2089 = EDGE_LOOP ( 'NONE', ( #2097, #1916, #3291, #414 ) ) ;
#2090 = PLANE ( 'NONE',  #3208 ) ;
#2091 = EDGE_CURVE ( 'NONE', #1276, #55, #779, .T. ) ;
#2092 = VERTEX_POINT ( 'NONE', #453 ) ;
#2093 = EDGE_LOOP ( 'NONE', ( #909, #3844, #1511, #4211 ) ) ;
#2094 = DIRECTION ( 'NONE',  ( 0.000000000000000000, 0.000000000000000000, -1.000000000000000000 ) ) ;
#2095 = FACE_OUTER_BOUND ( 'NONE', #2548, .T. ) ;
#2096 = ADVANCED_FACE ( 'NONE', ( #1771 ), #1458, .T. ) ;
#2097 = ORIENTED_EDGE ( 'NONE', *, *, #3005, .T. ) ;
#2098 = DIRECTION ( 'NONE',  ( -0.000000000000000000, -0.000000000000000000, -1.000000000000000000 ) ) ;
#2099 = DIRECTION ( 'NONE',  ( -0.000000000000000000, -0.000000000000000000, -1.000000000000000000 ) ) ;
#2100 = ORIENTED_EDGE ( 'NONE', *, *, #357, .F. ) ;
#2101 = CARTESIAN_POINT ( 'NONE',  ( -10.97137275122148736, -2.721566629155466988, 11.00000000000000000 ) ) ;
#2102 = DIRECTION ( 'NONE',  ( 0.04085172356835942847, -0.9991652199118493671, 0.000000000000000000 ) ) ;
#2103 = VECTOR ( 'NONE', #1314, 1000.000000000000000 ) ;
#2104 = DIRECTION ( 'NONE',  ( -0.000000000000000000, -0.000000000000000000, -1.000000000000000000 ) ) ;
#2105 = VECTOR ( 'NONE', #3282, 1000.000000000000000 ) ;
#2106 = ORIENTED_EDGE ( 'NONE', *, *, #1894, .T. ) ;
#2107 = CARTESIAN_POINT ( 'NONE',  ( 3.647285349120042319, 10.69586228463148458, 5.000000000000000000 ) ) ;
#2108 = DIRECTION ( 'NONE',  ( -0.000000000000000000, 0.000000000000000000, 1.000000000000000000 ) ) ;
#2109 = AXIS2_PLACEMENT_3D ( 'NONE', #132, #3485, #3781 ) ;
#2110 = EDGE_CURVE ( 'NONE', #2519, #3128, #2147, .T. ) ;
#2111 = AXIS2_PLACEMENT_3D ( 'NONE', #3450, #3136, #1199 ) ;
#2112 = VECTOR ( 'NONE', #360, 1000.000000000000000 ) ;
#2113 = EDGE_CURVE ( 'NONE', #401, #1259, #2119, .T. ) ;
#2114 = ORIENTED_EDGE ( 'NONE', *, *, #1974, .T. ) ;
#2115 = ORIENTED_EDGE ( 'NONE', *, *, #1338, .F. ) ;
#2116 = DIRECTION ( 'NONE',  ( 0.4716230422552011858, 0.8818002642401218116, 0.000000000000000000 ) ) ;
#2117 = LINE ( 'NONE', #728, #3811 ) ;
#2118 = DIRECTION ( 'NONE',  ( -0.4737172338778156133, 0.8806770022699303979, 0.000000000000000000 ) ) ;
#2119 = CIRCLE ( 'NONE', #1087, 10.50000000000000000 ) ;
#2120 = ADVANCED_FACE ( 'NONE', ( #4194 ), #1176, .T. ) ;
#2121 = VECTOR ( 'NONE', #2735, 1000.000000000000000 ) ;
#2122 = ORIENTED_EDGE ( 'NONE', *, *, #1244, .T. ) ;
#2123 = DIRECTION ( 'NONE',  ( -0.000000000000000000, -0.000000000000000000, -1.000000000000000000 ) ) ;
#2124 = DIRECTION ( 'NONE',  ( 0.8636392140471258472, 0.5041104124693942534, 0.000000000000000000 ) ) ;
#2125 = PLANE ( 'NONE',  #1634 ) ;
#2126 = VECTOR ( 'NONE', #3134, 1000.000000000000000 ) ;
#2127 = VERTEX_POINT ( 'NONE', #2577 ) ;
#2128 = CARTESIAN_POINT ( 'NONE',  ( 3.610761202405437853, -9.859635061157366209, 11.00000000000000000 ) ) ;
#2129 = CYLINDRICAL_SURFACE ( 'NONE', #3731, 2.500000000000000000 ) ;
#2130 = CIRCLE ( 'NONE', #3683, 10.50000000000000000 ) ;
#2131 = DIRECTION ( 'NONE',  ( 0.9060401849579424738, -0.4231916625376465069, 0.000000000000000000 ) ) ;
#2132 = DIRECTION ( 'NONE',  ( 1.000000000000000000, 0.000000000000000000, 0.000000000000000000 ) ) ;
#2133 = AXIS2_PLACEMENT_3D ( 'NONE', #3771, #2705, #1417 ) ;
#2134 = ORIENTED_EDGE ( 'NONE', *, *, #3411, .T. ) ;
#2135 = FACE_OUTER_BOUND ( 'NONE', #4167, .T. ) ;
#2136 = VECTOR ( 'NONE', #3624, 1000.000000000000000 ) ;
#2137 = VERTEX_POINT ( 'NONE', #3629 ) ;
#2138 = ORIENTED_EDGE ( 'NONE', *, *, #1798, .F. ) ;
#2139 = DIRECTION ( 'NONE',  ( 0.000000000000000000, 0.000000000000000000, 1.000000000000000000 ) ) ;
#2140 = ORIENTED_EDGE ( 'NONE', *, *, #4049, .F. ) ;
#2141 = DIRECTION ( 'NONE',  ( -0.9130804469446885951, -0.4077794715373589951, 0.000000000000000000 ) ) ;
#2142 = EDGE_CURVE ( 'NONE', #646, #2849, #2978, .T. ) ;
#2143 = ORIENTED_EDGE ( 'NONE', *, *, #2236, .T. ) ;
#2144 = FACE_OUTER_BOUND ( 'NONE', #2439, .T. ) ;
#2145 = CARTESIAN_POINT ( 'NONE',  ( 1.262719620727173364, 11.22985750529090154, 5.000000000000000000 ) ) ;
#2146 = CARTESIAN_POINT ( 'NONE',  ( -0.3127876183556987932, -11.29956233085959738, 11.00000000000000000 ) ) ;
#2147 = LINE ( 'NONE', #496, #1154 ) ;
#2148 = EDGE_CURVE ( 'NONE', #2382, #896, #276, .T. ) ;
#2149 = EDGE_CURVE ( 'NONE', #1261, #2863, #1242, .T. ) ;
#2150 = ORIENTED_EDGE ( 'NONE', *, *, #2953, .F. ) ;
#2151 = LINE ( 'NONE', #140, #742 ) ;
#2152 = DIRECTION ( 'NONE',  ( -0.000000000000000000, -0.000000000000000000, -1.000000000000000000 ) ) ;
#2153 = LINE ( 'NONE', #1820, #1298 ) ;
#2154 = ORIENTED_EDGE ( 'NONE', *, *, #1786, .T. ) ;
#2155 = DIRECTION ( 'NONE',  ( -0.6850508577175061786, 0.7284952452422110980, 0.000000000000000000 ) ) ;
#2156 = ORIENTED_EDGE ( 'NONE', *, *, #526, .T. ) ;
#2157 = PLANE ( 'NONE',  #1426 ) ;
#2158 = DIRECTION ( 'NONE',  ( -0.000000000000000000, -0.000000000000000000, -1.000000000000000000 ) ) ;
#2159 = VERTEX_POINT ( 'NONE', #2597 ) ;
#2160 = ORIENTED_EDGE ( 'NONE', *, *, #4348, .F. ) ;
#2161 = LINE ( 'NONE', #3759, #3679 ) ;
#2162 = ADVANCED_FACE ( 'NONE', ( #2552, #1542 ), #1930, .T. ) ;
#2163 = DIRECTION ( 'NONE',  ( -0.000000000000000000, -0.000000000000000000, -1.000000000000000000 ) ) ;
#2164 = EDGE_CURVE ( 'NONE', #515, #2535, #588, .T. ) ;
#2165 = VERTEX_POINT ( 'NONE', #1905 ) ;
#2166 = ADVANCED_FACE ( 'NONE', ( #2266 ), #2243, .T. ) ;
#2167 = EDGE_CURVE ( 'NONE', #504, #4001, #3967, .T. ) ;
#2168 = CARTESIAN_POINT ( 'NONE',  ( 0.000000000000000000, 0.000000000000000000, 5.000000000000000000 ) ) ;
#2169 = FACE_OUTER_BOUND ( 'NONE', #273, .T. ) ;
#2170 = FACE_OUTER_BOUND ( 'NONE', #2023, .T. ) ;
#2171 = EDGE_LOOP ( 'NONE', ( #1263, #2882, #731, #1895 ) ) ;
#2172 = EDGE_CURVE ( 'NONE', #3616, #1613, #209, .T. ) ;
#2173 = CARTESIAN_POINT ( 'NONE',  ( -0.04115633369574200895, -11.30055160538212178, 5.000000000000000000 ) ) ;
#2174 = CARTESIAN_POINT ( 'NONE',  ( 9.376438639006734022, 6.307658747796153875, 11.00000000000000000 ) ) ;
#2175 = CARTESIAN_POINT ( 'NONE',  ( -4.782330937545314242, -10.23882176978898073, 11.00000000000000000 ) ) ;
#2176 = EDGE_CURVE ( 'NONE', #2322, #2127, #1586, .T. ) ;
#2177 = CARTESIAN_POINT ( 'NONE',  ( -7.470930045010132581, -7.378021703855643487, 11.00000000000000000 ) ) ;
#2178 = ORIENTED_EDGE ( 'NONE', *, *, #3827, .T. ) ;
#2179 = CARTESIAN_POINT ( 'NONE',  ( -2.031264886787171875, -6.150668401340384506, 5.000000000000000000 ) ) ;
#2180 = ORIENTED_EDGE ( 'NONE', *, *, #1032, .T. ) ;
#2181 = VECTOR ( 'NONE', #341, 1000.000000000000000 ) ;
#2182 = ORIENTED_EDGE ( 'NONE', *, *, #1279, .T. ) ;
#2183 = FACE_OUTER_BOUND ( 'NONE', #854, .T. ) ;
#2184 = ORIENTED_EDGE ( 'NONE', *, *, #2799, .T. ) ;
#2185 = CYLINDRICAL_SURFACE ( 'NONE', #4313, 4.000000000000000000 ) ;
#2186 = DIRECTION ( 'NONE',  ( -1.000000000000000000, 0.000000000000000000, 0.000000000000000000 ) ) ;
#2187 = AXIS2_PLACEMENT_3D ( 'NONE', #1163, #2474, #127 ) ;
#2188 = ORIENTED_EDGE ( 'NONE', *, *, #501, .T. ) ;
#2189 = EDGE_LOOP ( 'NONE', ( #1402, #3544, #3527, #2850 ) ) ;
#2190 = CARTESIAN_POINT ( 'NONE',  ( 9.852197001079828098, -3.631007332946834421, 11.00000000000000000 ) ) ;
#2191 = CARTESIAN_POINT ( 'NONE',  ( 0.7390725469451834284, -6.435101443947368161, 11.00000000000000000 ) ) ;
#2192 = CIRCLE ( 'NONE', #1425, 10.50000000000000000 ) ;
#2193 = FACE_OUTER_BOUND ( 'NONE', #3924, .T. ) ;
#2194 = DIRECTION ( 'NONE',  ( -0.4630826814171441486, -0.8863150851539804975, 0.000000000000000000 ) ) ;
#2195 = AXIS2_PLACEMENT_3D ( 'NONE', #4056, #2326, #992 ) ;
#2196 = ORIENTED_EDGE ( 'NONE', *, *, #701, .F. ) ;
#2197 = DIRECTION ( 'NONE',  ( -0.000000000000000000, -0.000000000000000000, -1.000000000000000000 ) ) ;
#2198 = LINE ( 'NONE', #3840, #1231 ) ;
#2199 = CARTESIAN_POINT ( 'NONE',  ( -11.18994698359957596, 1.600947053280854737, 5.000000000000000000 ) ) ;
#2200 = DIRECTION ( 'NONE',  ( 0.000000000000000000, 0.000000000000000000, 1.000000000000000000 ) ) ;
#2201 = VERTEX_POINT ( 'NONE', #2924 ) ;
#2202 = VECTOR ( 'NONE', #3169, 1000.000000000000000 ) ;
#2203 = EDGE_CURVE ( 'NONE', #1196, #1736, #4285, .T. ) ;
#2204 = CARTESIAN_POINT ( 'NONE',  ( 1.262719620727173364, 11.22985750529090154, 11.00000000000000000 ) ) ;
#2205 = VECTOR ( 'NONE', #3720, 1000.000000000000000 ) ;
#2206 = VERTEX_POINT ( 'NONE', #3946 ) ;
#2207 = ORIENTED_EDGE ( 'NONE', *, *, #1814, .T. ) ;
#2208 = CARTESIAN_POINT ( 'NONE',  ( 10.04065772760449349, 3.071675828777542971, 11.00000000000000000 ) ) ;
#2209 = VECTOR ( 'NONE', #3910, 1000.000000000000227 ) ;
#2210 = ORIENTED_EDGE ( 'NONE', *, *, #2962, .T. ) ;
#2211 = VECTOR ( 'NONE', #2997, 1000.000000000000114 ) ;
#2212 = ORIENTED_EDGE ( 'NONE', *, *, #870, .T. ) ;
#2213 = PLANE ( 'NONE',  #1370 ) ;
#2214 = ORIENTED_EDGE ( 'NONE', *, *, #501, .F. ) ;
#2215 = DIRECTION ( 'NONE',  ( -1.000000000000000000, 0.000000000000000000, 0.000000000000000000 ) ) ;
#2216 = AXIS2_PLACEMENT_3D ( 'NONE', #575, #699, #3327 ) ;
#2217 = EDGE_CURVE ( 'NONE', #1960, #2523, #2897, .T. ) ;
#2218 = ORIENTED_EDGE ( 'NONE', *, *, #3201, .F. ) ;
#2219 = VERTEX_POINT ( 'NONE', #3605 ) ;
#2220 = DIRECTION ( 'NONE',  ( 0.7301211533086093830, -0.6833177163598981307, 0.000000000000000000 ) ) ;
#2221 = DIRECTION ( 'NONE',  ( -0.000000000000000000, -0.000000000000000000, -1.000000000000000000 ) ) ;
#2222 = CARTESIAN_POINT ( 'NONE',  ( 0.000000000000000000, 0.000000000000000000, 11.00000000000000000 ) ) ;
#2223 = ORIENTED_EDGE ( 'NONE', *, *, #1786, .F. ) ;
#2224 = DIRECTION ( 'NONE',  ( -1.000000000000000000, 0.000000000000000000, 0.000000000000000000 ) ) ;
#2225 = DIRECTION ( 'NONE',  ( -0.000000000000000000, -0.000000000000000000, -1.000000000000000000 ) ) ;
#2226 = CARTESIAN_POINT ( 'NONE',  ( -5.177082440960597332, -9.134977690147771057, 11.00000000000000000 ) ) ;
#2227 = ADVANCED_FACE ( 'NONE', ( #2193 ), #1215, .T. ) ;
#2228 = DIRECTION ( 'NONE',  ( 0.6446062341312276400, -0.7645147499683422332, 0.000000000000000000 ) ) ;
#2229 = ORIENTED_EDGE ( 'NONE', *, *, #1330, .T. ) ;
#2230 = CYLINDRICAL_SURFACE ( 'NONE', #452, 10.50000000000000000 ) ;
#2231 = CARTESIAN_POINT ( 'NONE',  ( 9.224821487146297017, 6.533040141730482198, 11.00000000000000000 ) ) ;
#2232 = ORIENTED_EDGE ( 'NONE', *, *, #3094, .F. ) ;
#2233 = ORIENTED_EDGE ( 'NONE', *, *, #1351, .T. ) ;
#2234 = FACE_OUTER_BOUND ( 'NONE', #177, .T. ) ;
#2235 = EDGE_CURVE ( 'NONE', #1927, #3296, #1310, .T. ) ;
#2236 = EDGE_CURVE ( 'NONE', #1056, #1232, #3968, .T. ) ;
#2237 = ORIENTED_EDGE ( 'NONE', *, *, #491, .T. ) ;
#2238 = CYLINDRICAL_SURFACE ( 'NONE', #4023, 10.50000000000000000 ) ;
#2239 =( NAMED_UNIT ( * ) SI_UNIT ( $, .STERADIAN. ) SOLID_ANGLE_UNIT ( ) );
#2240 = ORIENTED_EDGE ( 'NONE', *, *, #3266, .F. ) ;
#2241 = DIRECTION ( 'NONE',  ( -0.7879726629679192351, 0.6157102260115921988, 0.000000000000000000 ) ) ;
#2242 = CARTESIAN_POINT ( 'NONE',  ( 5.110407255347202415, -9.172444477046164835, 11.00000000000000000 ) ) ;
#2243 = CYLINDRICAL_SURFACE ( 'NONE', #2407, 10.50000000000000000 ) ;
#2244 = ORIENTED_EDGE ( 'NONE', *, *, #3688, .F. ) ;
#2245 = DIRECTION ( 'NONE',  ( -0.000000000000000000, -0.000000000000000000, -1.000000000000000000 ) ) ;
#2246 = DIRECTION ( 'NONE',  ( 0.8599444367698223513, -0.5103876621438188099, 0.000000000000000000 ) ) ;
#2247 = CARTESIAN_POINT ( 'NONE',  ( -6.024037108339064694, 9.564984154745461709, 5.000000000000000000 ) ) ;
#2248 = DIRECTION ( 'NONE',  ( 0.5186710703302295222, 0.8549738714150826313, -0.000000000000000000 ) ) ;
#2249 = EDGE_CURVE ( 'NONE', #1275, #3028, #241, .T. ) ;
#2250 = VERTEX_POINT ( 'NONE', #565 ) ;
#2251 = DIRECTION ( 'NONE',  ( -0.000000000000000000, 0.000000000000000000, 1.000000000000000000 ) ) ;
#2252 = EDGE_CURVE ( 'NONE', #1697, #3673, #3239, .T. ) ;
#2253 = ADVANCED_FACE ( 'NONE', ( #709 ), #1059, .T. ) ;
#2254 = ORIENTED_EDGE ( 'NONE', *, *, #2085, .F. ) ;
#2255 = ORIENTED_EDGE ( 'NONE', *, *, #1460, .F. ) ;
#2256 = FACE_OUTER_BOUND ( 'NONE', #3780, .T. ) ;
#2257 = FACE_OUTER_BOUND ( 'NONE', #4128, .T. ) ;
#2258 = CIRCLE ( 'NONE', #4033, 10.50000000000000000 ) ;
#2259 = EDGE_CURVE ( 'NONE', #3146, #2866, #3354, .T. ) ;
#2260 = ADVANCED_FACE ( 'NONE', ( #2388 ), #3372, .T. ) ;
#2261 = DIRECTION ( 'NONE',  ( 1.000000000000000000, 0.000000000000000000, 0.000000000000000000 ) ) ;
#2262 = AXIS2_PLACEMENT_3D ( 'NONE', #3535, #3628, #185 ) ;
#2263 = VERTEX_POINT ( 'NONE', #1964 ) ;
#2264 = LINE ( 'NONE', #1308, #2281 ) ;
#2265 = LINE ( 'NONE', #275, #3953 ) ;
#2266 = FACE_OUTER_BOUND ( 'NONE', #1184, .T. ) ;
#2267 = CIRCLE ( 'NONE', #1832, 4.000000000000000000 ) ;
#2268 = AXIS2_PLACEMENT_3D ( 'NONE', #2532, #3842, #2843 ) ;
#2269 = LINE ( 'NONE', #1246, #954 ) ;
#2270 = LINE ( 'NONE', #1567, #654 ) ;
#2271 = DIRECTION ( 'NONE',  ( -0.000000000000000000, -0.000000000000000000, -1.000000000000000000 ) ) ;
#2272 = VECTOR ( 'NONE', #2099, 1000.000000000000000 ) ;
#2273 = CARTESIAN_POINT ( 'NONE',  ( 4.911504713468676009, 4.223017910584396795, 11.00000000000000000 ) ) ;
#2274 = AXIS2_PLACEMENT_3D ( 'NONE', #331, #781, #1399 ) ;
#2275 = CARTESIAN_POINT ( 'NONE',  ( 9.224821487146297017, 6.533040141730482198, 5.000000000000000000 ) ) ;
#2276 = AXIS2_PLACEMENT_3D ( 'NONE', #1588, #3948, #231 ) ;
#2277 = ORIENTED_EDGE ( 'NONE', *, *, #2061, .T. ) ;
#2278 = ORIENTED_EDGE ( 'NONE', *, *, #583, .F. ) ;
#2279 = LINE ( 'NONE', #4206, #2624 ) ;
#2280 =( LENGTH_UNIT ( ) NAMED_UNIT ( * ) SI_UNIT ( .MILLI., .METRE. ) );
#2281 = VECTOR ( 'NONE', #2285, 1000.000000000000000 ) ;
#2282 = CIRCLE ( 'NONE', #259, 10.50000000000000000 ) ;
#2283 = VERTEX_POINT ( 'NONE', #373 ) ;
#2284 = ADVANCED_FACE ( 'NONE', ( #977 ), #1043, .T. ) ;
#2285 = DIRECTION ( 'NONE',  ( -0.5501275755810399737, 0.8350806252005414931, 0.000000000000000000 ) ) ;
#2286 = CARTESIAN_POINT ( 'NONE',  ( 6.263800824939760759, 1.649714535616611633, 11.00000000000000000 ) ) ;
#2287 = DIRECTION ( 'NONE',  ( -0.000000000000000000, 0.000000000000000000, 1.000000000000000000 ) ) ;
#2288 = LINE ( 'NONE', #979, #1705 ) ;
#2289 = LINE ( 'NONE', #3242, #3171 ) ;
#2290 = EDGE_CURVE ( 'NONE', #1636, #1824, #2053, .T. ) ;
#2291 = DIRECTION ( 'NONE',  ( -0.000000000000000000, -0.000000000000000000, -1.000000000000000000 ) ) ;
#2292 = CARTESIAN_POINT ( 'NONE',  ( 0.000000000000000000, 0.000000000000000000, 17.00000000000000000 ) ) ;
#2293 = LINE ( 'NONE', #3634, #4173 ) ;
#2294 = ORIENTED_EDGE ( 'NONE', *, *, #3710, .T. ) ;
#2295 = VERTEX_POINT ( 'NONE', #3339 ) ;
#2296 = EDGE_LOOP ( 'NONE', ( #3433, #1788, #605, #3012 ) ) ;
#2297 = FACE_OUTER_BOUND ( 'NONE', #1870, .T. ) ;
#2298 = LINE ( 'NONE', #3641, #659 ) ;
#2299 = EDGE_CURVE ( 'NONE', #841, #896, #1499, .T. ) ;
#2300 = ORIENTED_EDGE ( 'NONE', *, *, #960, .T. ) ;
#2301 = FACE_OUTER_BOUND ( 'NONE', #1052, .T. ) ;
#2302 = FACE_OUTER_BOUND ( 'NONE', #345, .T. ) ;
#2303 = DIRECTION ( 'NONE',  ( -1.000000000000000000, 0.000000000000000000, 0.000000000000000000 ) ) ;
#2304 = EDGE_CURVE ( 'NONE', #1553, #791, #2991, .T. ) ;
#2305 = EDGE_CURVE ( 'NONE', #1344, #3184, #2635, .T. ) ;
#2306 = DIRECTION ( 'NONE',  ( -0.4077794715373589951, 0.9130804469446885951, 0.000000000000000000 ) ) ;
#2307 = CARTESIAN_POINT ( 'NONE',  ( -10.12981177686724088, -5.016458743817161725, 11.00000000000000000 ) ) ;
#2308 = CARTESIAN_POINT ( 'NONE',  ( -9.878383375456513349, -3.559149039799313741, 5.000000000000000000 ) ) ;
#2309 = EDGE_CURVE ( 'NONE', #2733, #1676, #1839, .T. ) ;
#2310 = DIRECTION ( 'NONE',  ( -0.9736746339038261366, 0.2279423332605203523, 0.000000000000000000 ) ) ;
#2311 = EDGE_CURVE ( 'NONE', #661, #3788, #3645, .T. ) ;
#2312 = EDGE_CURVE ( 'NONE', #3915, #1073, #3078, .T. ) ;
#2313 = CARTESIAN_POINT ( 'NONE',  ( 2.389090431751494492, -11.04519838385084718, 11.00000000000000000 ) ) ;
#2314 = CARTESIAN_POINT ( 'NONE',  ( -9.176991059613770929, 6.600059094807169124, 11.00000000000000000 ) ) ;
#2315 = CARTESIAN_POINT ( 'NONE',  ( 0.000000000000000000, 0.000000000000000000, 0.000000000000000000 ) ) ;
#2316 = ADVANCED_FACE ( 'NONE', ( #2009 ), #2372, .T. ) ;
#2317 = ORIENTED_EDGE ( 'NONE', *, *, #2305, .T. ) ;
#2318 = ORIENTED_EDGE ( 'NONE', *, *, #3095, .T. ) ;
#2319 = CARTESIAN_POINT ( 'NONE',  ( -2.149713431733061064, -6.110277488377058752, 11.00000000000000000 ) ) ;
#2320 = CARTESIAN_POINT ( 'NONE',  ( -10.97137275122148736, -2.721566629155466988, 5.000000000000000000 ) ) ;
#2321 = LINE ( 'NONE', #3960, #3379 ) ;
#2322 = VERTEX_POINT ( 'NONE', #1391 ) ;
#2323 = CARTESIAN_POINT ( 'NONE',  ( -5.028441429125909856, -10.12386891247748721, 5.000000000000000000 ) ) ;
#2324 = CARTESIAN_POINT ( 'NONE',  ( 0.000000000000000000, 0.000000000000000000, 12.00000000000000000 ) ) ;
#2325 = CARTESIAN_POINT ( 'NONE',  ( -6.002819097639133794, -2.433705344646408530, 5.000000000000000000 ) ) ;
#2326 = DIRECTION ( 'NONE',  ( 0.9239709872884266373, -0.3824625663372169804, 0.000000000000000000 ) ) ;
#2327 = ORIENTED_EDGE ( 'NONE', *, *, #2416, .T. ) ;
#2328 = VECTOR ( 'NONE', #2721, 1000.000000000000000 ) ;
#2329 = ORIENTED_EDGE ( 'NONE', *, *, #3654, .T. ) ;
#2330 = VERTEX_POINT ( 'NONE', #4075 ) ;
#2331 = LINE ( 'NONE', #340, #2908 ) ;
#2332 = LINE ( 'NONE', #1347, #3594 ) ;
#2333 = AXIS2_PLACEMENT_3D ( 'NONE', #3232, #2163, #223 ) ;
#2334 = LINE ( 'NONE', #1093, #3042 ) ;
#2335 = DIRECTION ( 'NONE',  ( 1.000000000000000000, 0.000000000000000000, 0.000000000000000000 ) ) ;
#2336 = VECTOR ( 'NONE', #3131, 1000.000000000000000 ) ;
#2337 = AXIS2_PLACEMENT_3D ( 'NONE', #2313, #638, #1954 ) ;
#2338 = LINE ( 'NONE', #3018, #720 ) ;
#2339 = EDGE_CURVE ( 'NONE', #1680, #1899, #1434, .T. ) ;
#2340 = VECTOR ( 'NONE', #4363, 1000.000000000000000 ) ;
#2341 = VECTOR ( 'NONE', #2370, 1000.000000000000000 ) ;
#2342 = ORIENTED_EDGE ( 'NONE', *, *, #3197, .F. ) ;
#2343 = EDGE_LOOP ( 'NONE', ( #2140, #1205 ) ) ;
#2344 = CARTESIAN_POINT ( 'NONE',  ( -0.7859252848286594206, -6.429547438988828745, 11.00000000000000000 ) ) ;
#2345 = DIRECTION ( 'NONE',  ( 0.5501275755810399737, -0.8350806252005414931, 0.000000000000000000 ) ) ;
#2346 = VECTOR ( 'NONE', #2526, 1000.000000000000000 ) ;
#2347 = ORIENTED_EDGE ( 'NONE', *, *, #2113, .F. ) ;
#2348 = AXIS2_PLACEMENT_3D ( 'NONE', #2363, #1733, #2042 ) ;
#2349 = EDGE_LOOP ( 'NONE', ( #1734, #1301, #2693, #3981 ) ) ;
#2350 = CARTESIAN_POINT ( 'NONE',  ( -4.088734135651274748, 9.671207430717222664, 11.00000000000000000 ) ) ;
#2351 = CARTESIAN_POINT ( 'NONE',  ( -4.655608830362115924, 9.411445501019187532, 11.00000000000000000 ) ) ;
#2352 = DIRECTION ( 'NONE',  ( 0.000000000000000000, 0.000000000000000000, -1.000000000000000000 ) ) ;
#2353 = ORIENTED_EDGE ( 'NONE', *, *, #633, .T. ) ;
#2354 = AXIS2_PLACEMENT_3D ( 'NONE', #2292, #4012, #2335 ) ;
#2355 = ORIENTED_EDGE ( 'NONE', *, *, #328, .F. ) ;
#2356 = LINE ( 'NONE', #3742, #1373 ) ;
#2357 = CARTESIAN_POINT ( 'NONE',  ( -10.18702394886413565, 2.544512343312286706, 5.000000000000000000 ) ) ;
#2358 = VECTOR ( 'NONE', #2197, 1000.000000000000000 ) ;
#2359 = LINE ( 'NONE', #2722, #189 ) ;
#2360 = DIRECTION ( 'NONE',  ( -0.000000000000000000, -0.000000000000000000, -1.000000000000000000 ) ) ;
#2361 = PRODUCT_DEFINITION_FORMATION_WITH_SPECIFIED_SOURCE ( 'ANY', '', #359, .NOT_KNOWN. ) ;
#2362 = DIRECTION ( 'NONE',  ( -0.9488097670990887078, -0.3158481056732381220, 0.000000000000000000 ) ) ;
#2363 = CARTESIAN_POINT ( 'NONE',  ( 0.6146118549011230225, -6.448178897282227595, 11.00000000000000000 ) ) ;
#2364 = ORIENTED_EDGE ( 'NONE', *, *, #2004, .F. ) ;
#2365 = EDGE_CURVE ( 'NONE', #4141, #2382, #1647, .T. ) ;
#2366 = ORIENTED_EDGE ( 'NONE', *, *, #3687, .T. ) ;
#2367 = EDGE_CURVE ( 'NONE', #1756, #843, #1328, .T. ) ;
#2368 = ORIENTED_EDGE ( 'NONE', *, *, #1934, .T. ) ;
#2369 = ORIENTED_EDGE ( 'NONE', *, *, #439, .T. ) ;
#2370 = DIRECTION ( 'NONE',  ( -0.8537388795565222788, -0.5207013784632932296, 0.000000000000000000 ) ) ;
#2371 = DIRECTION ( 'NONE',  ( -0.000000000000000000, -0.000000000000000000, -1.000000000000000000 ) ) ;
#2372 = CYLINDRICAL_SURFACE ( 'NONE', #1977, 10.50000000000000000 ) ;
#2373 = ORIENTED_EDGE ( 'NONE', *, *, #2953, .T. ) ;
#2374 = ORIENTED_EDGE ( 'NONE', *, *, #3814, .F. ) ;
#2375 = FACE_OUTER_BOUND ( 'NONE', #3708, .T. ) ;
#2376 = DIRECTION ( 'NONE',  ( -0.000000000000000000, 0.000000000000000000, 1.000000000000000000 ) ) ;
#2377 = CARTESIAN_POINT ( 'NONE',  ( 0.000000000000000000, 0.000000000000000000, -22.00000000000000000 ) ) ;
#2378 = EDGE_CURVE ( 'NONE', #3312, #2704, #95, .T. ) ;
#2379 = ORIENTED_EDGE ( 'NONE', *, *, #2758, .F. ) ;
#2380 = CARTESIAN_POINT ( 'NONE',  ( 5.861308068254630577, 9.661740431139776319, 5.000000000000000000 ) ) ;
#2381 = ORIENTED_EDGE ( 'NONE', *, *, #1852, .F. ) ;
#2382 = VERTEX_POINT ( 'NONE', #3031 ) ;
#2383 = ORIENTED_EDGE ( 'NONE', *, *, #1982, .T. ) ;
#2384 = CARTESIAN_POINT ( 'NONE',  ( 5.704500481897842867, 3.068457768255702156, 11.00000000000000000 ) ) ;
#2385 = EDGE_LOOP ( 'NONE', ( #431, #618 ) ) ;
#2386 = CARTESIAN_POINT ( 'NONE',  ( 8.841298865386789885, -5.664047525657804449, 11.00000000000000000 ) ) ;
#2387 = CARTESIAN_POINT ( 'NONE',  ( -6.217699379012231908, 1.815756937415276662, 11.00000000000000000 ) ) ;
#2388 = FACE_OUTER_BOUND ( 'NONE', #242, .T. ) ;
#2389 = EDGE_CURVE ( 'NONE', #2071, #2708, #22, .T. ) ;
#2390 = EDGE_CURVE ( 'NONE', #530, #114, #2455, .T. ) ;
#2391 = ORIENTED_EDGE ( 'NONE', *, *, #3716, .F. ) ;
#2392 = EDGE_CURVE ( 'NONE', #2295, #4094, #2551, .T. ) ;
#2393 = EDGE_LOOP ( 'NONE', ( #1088, #3726, #1810, #1066 ) ) ;
#2394 = DIRECTION ( 'NONE',  ( 0.8201509128158724904, -0.5721472539541645475, 0.000000000000000000 ) ) ;
#2395 = LINE ( 'NONE', #736, #4099 ) ;
#2396 = CARTESIAN_POINT ( 'NONE',  ( 5.704500481897842867, 3.068457768255702156, 11.00000000000000000 ) ) ;
#2397 = VECTOR ( 'NONE', #3429, 1000.000000000000227 ) ;
#2398 = AXIS2_PLACEMENT_3D ( 'NONE', #918, #4213, #208 ) ;
#2399 = PRESENTATION_STYLE_ASSIGNMENT (( #2628 ) ) ;
#2400 = LINE ( 'NONE', #1654, #155 ) ;
#2401 = AXIS2_PLACEMENT_3D ( 'NONE', #1830, #1190, #1900 ) ;
#2402 = AXIS2_PLACEMENT_3D ( 'NONE', #927, #1574, #2564 ) ;
#2403 = DIRECTION ( 'NONE',  ( 0.6371908016639443728, -0.7707060933162913630, 0.000000000000000000 ) ) ;
#2404 = EDGE_LOOP ( 'NONE', ( #2391, #2926 ) ) ;
#2405 = VECTOR ( 'NONE', #2104, 1000.000000000000000 ) ;
#2406 = VERTEX_POINT ( 'NONE', #4096 ) ;
#2407 = AXIS2_PLACEMENT_3D ( 'NONE', #2970, #4304, #3584 ) ;
#2408 = ORIENTED_EDGE ( 'NONE', *, *, #2378, .F. ) ;
#2409 = ORIENTED_EDGE ( 'NONE', *, *, #3792, .T. ) ;
#2410 = EDGE_CURVE ( 'NONE', #2863, #1720, #2737, .T. ) ;
#2411 = CARTESIAN_POINT ( 'NONE',  ( -0.6615631487002909816, -6.443531099003349638, 11.00000000000000000 ) ) ;
#2412 = CARTESIAN_POINT ( 'NONE',  ( 4.391559839379030272, -4.761403259617265071, 5.000000000000000000 ) ) ;
#2413 = VECTOR ( 'NONE', #2606, 1000.000000000000000 ) ;
#2414 = DIRECTION ( 'NONE',  ( 1.000000000000000000, 0.000000000000000000, 0.000000000000000000 ) ) ;
#2415 = VECTOR ( 'NONE', #3609, 1000.000000000000000 ) ;
#2416 = EDGE_CURVE ( 'NONE', #286, #3408, #1913, .T. ) ;
#2417 = ORIENTED_EDGE ( 'NONE', *, *, #118, .F. ) ;
#2418 = DIRECTION ( 'NONE',  ( -0.8242965936120831838, -0.5661582161900647892, 0.000000000000000000 ) ) ;
#2419 = CARTESIAN_POINT ( 'NONE',  ( -10.49585192853588111, 0.2951140360092389670, 11.00000000000000000 ) ) ;
#2420 = CARTESIAN_POINT ( 'NONE',  ( -9.401862051407428922, 4.674932081464388212, 11.00000000000000000 ) ) ;
#2421 = FACE_OUTER_BOUND ( 'NONE', #4207, .T. ) ;
#2422 = AXIS2_PLACEMENT_3D ( 'NONE', #700, #2019, #361 ) ;
#2423 = CARTESIAN_POINT ( 'NONE',  ( 2.797748923831675949, 5.842033873809643119, 5.000000000000000000 ) ) ;
#2424 = VECTOR ( 'NONE', #4339, 1000.000000000000000 ) ;
#2425 = EDGE_CURVE ( 'NONE', #4121, #3408, #3762, .T. ) ;
#2426 = DIRECTION ( 'NONE',  ( -0.000000000000000000, -0.000000000000000000, -1.000000000000000000 ) ) ;
#2427 = LINE ( 'NONE', #2174, #2397 ) ;
#2428 = EDGE_CURVE ( 'NONE', #534, #530, #3125, .T. ) ;
#2429 = CARTESIAN_POINT ( 'NONE',  ( 11.11537358815481724, 2.055824642066559793, 11.00000000000000000 ) ) ;
#2430 = AXIS2_PLACEMENT_3D ( 'NONE', #2073, #2108, #2498 ) ;
#2431 = CARTESIAN_POINT ( 'NONE',  ( 6.398264798712729906, -1.009438650486008227, 5.000000000000000000 ) ) ;
#2432 = VERTEX_POINT ( 'NONE', #1412 ) ;
#2433 = ORIENTED_EDGE ( 'NONE', *, *, #2304, .F. ) ;
#2434 = ORIENTED_EDGE ( 'NONE', *, *, #532, .F. ) ;
#2435 = ORIENTED_EDGE ( 'NONE', *, *, #1642, .F. ) ;
#2436 = CARTESIAN_POINT ( 'NONE',  ( -9.878383375456515125, -3.559149039799314185, 11.00000000000000000 ) ) ;
#2437 = DIRECTION ( 'NONE',  ( -0.4801193905843246235, -0.8772031525165289167, 0.000000000000000000 ) ) ;
#2438 = EDGE_CURVE ( 'NONE', #1908, #3336, #603, .T. ) ;
#2439 = EDGE_LOOP ( 'NONE', ( #1563, #3711, #1597, #2417 ) ) ;
#2440 = PLANE ( 'NONE',  #3907 ) ;
#2441 = PLANE ( 'NONE',  #1626 ) ;
#2442 = CARTESIAN_POINT ( 'NONE',  ( 2.123597070799023712, -11.10262493485535273, 5.000000000000000000 ) ) ;
#2443 = VERTEX_POINT ( 'NONE', #83 ) ;
#2444 = FACE_OUTER_BOUND ( 'NONE', #643, .T. ) ;
#2445 = DIRECTION ( 'NONE',  ( 0.6003720962031224850, 0.7997207925899318948, -0.000000000000000000 ) ) ;
#2446 = LINE ( 'NONE', #525, #23 ) ;
#2447 = EDGE_CURVE ( 'NONE', #1450, #3178, #3421, .T. ) ;
#2448 = ADVANCED_FACE ( 'NONE', ( #2095 ), #1430, .T. ) ;
#2449 = VERTEX_POINT ( 'NONE', #2787 ) ;
#2450 = CARTESIAN_POINT ( 'NONE',  ( 10.95125821099185792, -2.801408317143577964, 11.00000000000000000 ) ) ;
#2451 = VERTEX_POINT ( 'NONE', #1129 ) ;
#2452 = ORIENTED_EDGE ( 'NONE', *, *, #256, .T. ) ;
#2453 = DIRECTION ( 'NONE',  ( -0.000000000000000000, -0.000000000000000000, -1.000000000000000000 ) ) ;
#2454 = DIRECTION ( 'NONE',  ( 0.3066676891378875003, -0.9518166464392330273, 0.000000000000000000 ) ) ;
#2455 = LINE ( 'NONE', #3100, #3261 ) ;
#2456 = ORIENTED_EDGE ( 'NONE', *, *, #4179, .F. ) ;
#2457 = CARTESIAN_POINT ( 'NONE',  ( 10.61280498155865715, 3.891826741593415129, 11.00000000000000000 ) ) ;
#2458 = PLANE ( 'NONE',  #1710 ) ;
#2459 = CARTESIAN_POINT ( 'NONE',  ( -10.01801773250103089, 3.144729036227912555, 5.000000000000000000 ) ) ;
#2460 = CARTESIAN_POINT ( 'NONE',  ( -1.451035403539996382, 11.21037203757535394, 11.00000000000000000 ) ) ;
#2461 = DIRECTION ( 'NONE',  ( -0.9999115257677118063, 0.01330190350612960211, 0.000000000000000000 ) ) ;
#2462 = PLANE ( 'NONE',  #2972 ) ;
#2463 = ORIENTED_EDGE ( 'NONE', *, *, #2425, .T. ) ;
#2464 = DIRECTION ( 'NONE',  ( 0.8499235187263688429, -0.5269060754212157027, 0.000000000000000000 ) ) ;
#2465 = DIRECTION ( 'NONE',  ( -0.9100860186832909760, 0.4144193993977555168, 0.000000000000000000 ) ) ;
#2466 = LINE ( 'NONE', #1136, #589 ) ;
#2467 = VECTOR ( 'NONE', #1029, 1000.000000000000000 ) ;
#2468 = PLANE ( 'NONE',  #2111 ) ;
#2469 = ORIENTED_EDGE ( 'NONE', *, *, #2070, .F. ) ;
#2470 = DIRECTION ( 'NONE',  ( 0.000000000000000000, 0.000000000000000000, -1.000000000000000000 ) ) ;
#2471 = CIRCLE ( 'NONE', #3033, 10.50000000000000000 ) ;
#2472 = EDGE_LOOP ( 'NONE', ( #2075, #1103, #3619, #3350, #2327, #3159, #1033, #1762, #572, #529, #3117, #58, #3115, #1427, #2788, #2433, #75, #1865, #2730, #3210, #955, #3549, #2647, #2890, #745, #2218, #4178, #3848, #2663, #2244, #3520, #2434, #1451, #818, #3784, #2223, #3292, #796, #489, #4342, #4205, #2196, #3096, #2501, #1465, #2469, #2611, #4114, #222, #4231, #2939, #152, #3401, #3913, #1833, #1827, #2318, #772, #131, #2727, #974, #860, #1806, #493, #4089, #237, #1211, #3340, #3235, #3937, #1980, #3565, #1506, #663, #797, #1664, #4025, #1392, #426, #1178, #1009, #2232, #2214, #2580, #2212, #4064, #712, #585, #4020, #550, #4151, #873, #3694, #1386, #3363, #1494, #1207, #3487, #4077, #103, #902, #19, #3231, #3754, #3075, #2901, #556, #2381, #1857, #773, #352, #2688, #3010, #2374, #2566, #4081 ) ) ;
#2473 = EDGE_CURVE ( 'NONE', #1014, #3548, #4143, .T. ) ;
#2474 = DIRECTION ( 'NONE',  ( -0.000000000000000000, 0.000000000000000000, 1.000000000000000000 ) ) ;
#2475 = AXIS2_PLACEMENT_3D ( 'NONE', #1262, #205, #1534 ) ;
#2476 = FACE_OUTER_BOUND ( 'NONE', #684, .T. ) ;
#2477 = AXIS2_PLACEMENT_3D ( 'NONE', #1177, #3195, #871 ) ;
#2478 = VECTOR ( 'NONE', #458, 1000.000000000000227 ) ;
#2479 = ORIENTED_EDGE ( 'NONE', *, *, #3776, .T. ) ;
#2480 = ORIENTED_EDGE ( 'NONE', *, *, #1642, .T. ) ;
#2481 = ADVANCED_FACE ( 'NONE', ( #3021 ), #4353, .T. ) ;
#2482 = CARTESIAN_POINT ( 'NONE',  ( 3.390188977688465499, 10.78353205859460395, 11.00000000000000000 ) ) ;
#2483 = VECTOR ( 'NONE', #4345, 1000.000000000000000 ) ;
#2484 = AXIS2_PLACEMENT_3D ( 'NONE', #3870, #4279, #3577 ) ;
#2485 = ORIENTED_EDGE ( 'NONE', *, *, #297, .T. ) ;
#2486 = DIRECTION ( 'NONE',  ( -0.000000000000000000, -0.000000000000000000, -1.000000000000000000 ) ) ;
#2487 = DIRECTION ( 'NONE',  ( -0.000000000000000000, -0.000000000000000000, -1.000000000000000000 ) ) ;
#2488 = VECTOR ( 'NONE', #3424, 1000.000000000000000 ) ;
#2489 = DIRECTION ( 'NONE',  ( -0.2208441819610289791, 0.9753091034610330556, 0.000000000000000000 ) ) ;
#2490 = VERTEX_POINT ( 'NONE', #990 ) ;
#2491 = FACE_OUTER_BOUND ( 'NONE', #1781, .T. ) ;
#2492 = CARTESIAN_POINT ( 'NONE',  ( 10.51318289192295907, 4.144532049663293805, 11.00000000000000000 ) ) ;
#2493 = LINE ( 'NONE', #1802, #3114 ) ;
#2494 = DIRECTION ( 'NONE',  ( 0.7218435344370552897, 0.6920562923573629899, 0.000000000000000000 ) ) ;
#2495 = AXIS2_PLACEMENT_3D ( 'NONE', #1062, #2418, #2769 ) ;
#2496 = ORIENTED_EDGE ( 'NONE', *, *, #1221, .F. ) ;
#2497 = CARTESIAN_POINT ( 'NONE',  ( -10.45982583029096347, 0.9176293369209560513, 11.00000000000000000 ) ) ;
#2498 = DIRECTION ( 'NONE',  ( 1.000000000000000000, 0.000000000000000000, 0.000000000000000000 ) ) ;
#2499 = VECTOR ( 'NONE', #387, 1000.000000000000000 ) ;
#2500 = EDGE_CURVE ( 'NONE', #1450, #2627, #2762, .T. ) ;
#2501 = ORIENTED_EDGE ( 'NONE', *, *, #1854, .F. ) ;
#2502 = VERTEX_POINT ( 'NONE', #1677 ) ;
#2503 = FACE_OUTER_BOUND ( 'NONE', #2529, .T. ) ;
#2504 = EDGE_CURVE ( 'NONE', #646, #2031, #1741, .T. ) ;
#2505 = VERTEX_POINT ( 'NONE', #3337 ) ;
#2506 = LINE ( 'NONE', #516, #2346 ) ;
#2507 = DIRECTION ( 'NONE',  ( 1.000000000000000000, 0.000000000000000000, 0.000000000000000000 ) ) ;
#2508 = CARTESIAN_POINT ( 'NONE',  ( 10.61280498155865715, 3.891826741593415129, 11.00000000000000000 ) ) ;
#2509 = EDGE_LOOP ( 'NONE', ( #2632, #348, #3348, #335 ) ) ;
#2510 = LINE ( 'NONE', #2904, #1856 ) ;
#2511 = DIRECTION ( 'NONE',  ( -0.9999115257677118063, 0.01330190350612960211, 0.000000000000000000 ) ) ;
#2512 = CARTESIAN_POINT ( 'NONE',  ( -5.741020620888816595, 2.999573478691762940, 11.00000000000000000 ) ) ;
#2513 = DIRECTION ( 'NONE',  ( -0.4231916625376465624, -0.9060401849579425848, 0.000000000000000000 ) ) ;
#2514 = DIRECTION ( 'NONE',  ( 0.000000000000000000, 0.000000000000000000, -1.000000000000000000 ) ) ;
#2515 = ORIENTED_EDGE ( 'NONE', *, *, #4003, .T. ) ;
#2516 = CARTESIAN_POINT ( 'NONE',  ( -4.961979117955872987, 4.163594847786154851, 5.000000000000000000 ) ) ;
#2517 = EDGE_CURVE ( 'NONE', #1275, #1737, #2716, .T. ) ;
#2518 = ORIENTED_EDGE ( 'NONE', *, *, #786, .F. ) ;
#2519 = VERTEX_POINT ( 'NONE', #2323 ) ;
#2520 = DIRECTION ( 'NONE',  ( -0.000000000000000000, -0.000000000000000000, -1.000000000000000000 ) ) ;
#2521 = ORIENTED_EDGE ( 'NONE', *, *, #2176, .T. ) ;
#2522 = DIRECTION ( 'NONE',  ( -0.000000000000000000, -0.000000000000000000, -1.000000000000000000 ) ) ;
#2523 = VERTEX_POINT ( 'NONE', #2386 ) ;
#2524 = LINE ( 'NONE', #865, #747 ) ;
#2525 = EDGE_CURVE ( 'NONE', #53, #1673, #371, .T. ) ;
#2526 = DIRECTION ( 'NONE',  ( -0.000000000000000000, -0.000000000000000000, -1.000000000000000000 ) ) ;
#2527 = DIRECTION ( 'NONE',  ( 1.000000000000000000, 0.000000000000000000, 0.000000000000000000 ) ) ;
#2528 = DIRECTION ( 'NONE',  ( -0.000000000000000000, -0.000000000000000000, -1.000000000000000000 ) ) ;
#2529 = EDGE_LOOP ( 'NONE', ( #578, #837, #3830, #1239 ) ) ;
#2530 = PLANE ( 'NONE',  #3612 ) ;
#2531 = CARTESIAN_POINT ( 'NONE',  ( 4.000000000000000000, 4.898587196589412829E-16, 12.00000000000000000 ) ) ;
#2532 = CARTESIAN_POINT ( 'NONE',  ( 0.000000000000000000, 0.000000000000000000, 17.00000000000000000 ) ) ;
#2533 = CARTESIAN_POINT ( 'NONE',  ( -8.814592062303846731, -7.076786823011409489, 5.000000000000000000 ) ) ;
#2534 = VECTOR ( 'NONE', #1268, 1000.000000000000000 ) ;
#2535 = VERTEX_POINT ( 'NONE', #3395 ) ;
#2536 = ORIENTED_EDGE ( 'NONE', *, *, #1796, .T. ) ;
#2537 = EDGE_CURVE ( 'NONE', #1680, #1957, #3076, .T. ) ;
#2538 = VECTOR ( 'NONE', #3603, 999.9999999999998863 ) ;
#2539 = ORIENTED_EDGE ( 'NONE', *, *, #491, .F. ) ;
#2540 = AXIS2_PLACEMENT_3D ( 'NONE', #765, #1419, #3004 ) ;
#2541 = ORIENTED_EDGE ( 'NONE', *, *, #1141, .T. ) ;
#2542 = CYLINDRICAL_SURFACE ( 'NONE', #2553, 10.50000000000000000 ) ;
#2543 = ORIENTED_EDGE ( 'NONE', *, *, #478, .F. ) ;
#2544 = DIRECTION ( 'NONE',  ( -1.000000000000000000, 0.000000000000000000, 0.000000000000000000 ) ) ;
#2545 = VECTOR ( 'NONE', #3722, 1000.000000000000000 ) ;
#2546 = VECTOR ( 'NONE', #2883, 999.9999999999998863 ) ;
#2547 = EDGE_CURVE ( 'NONE', #3280, #1523, #1989, .T. ) ;
#2548 = EDGE_LOOP ( 'NONE', ( #2833, #4337, #1763, #2781 ) ) ;
#2549 = CARTESIAN_POINT ( 'NONE',  ( -3.092294955078914942, -10.03432667949342694, 11.00000000000000000 ) ) ;
#2550 = DIRECTION ( 'NONE',  ( 0.000000000000000000, 0.000000000000000000, -1.000000000000000000 ) ) ;
#2551 = CIRCLE ( 'NONE', #667, 10.50000000000000000 ) ;
#2552 = FACE_BOUND ( 'NONE', #2385, .T. ) ;
#2553 = AXIS2_PLACEMENT_3D ( 'NONE', #3957, #951, #535 ) ;
#2554 = ORIENTED_EDGE ( 'NONE', *, *, #4341, .T. ) ;
#2555 = DIRECTION ( 'NONE',  ( -0.9100860186832909760, 0.4144193993977555168, 0.000000000000000000 ) ) ;
#2556 = CARTESIAN_POINT ( 'NONE',  ( 2.123597070799023712, -11.10262493485535273, 11.00000000000000000 ) ) ;
#2557 = LINE ( 'NONE', #623, #3318 ) ;
#2558 = AXIS2_PLACEMENT_3D ( 'NONE', #1341, #3056, #43 ) ;
#2559 = CARTESIAN_POINT ( 'NONE',  ( -1.430496923587078584, 6.317470805247103804, 5.000000000000000000 ) ) ;
#2560 = EDGE_CURVE ( 'NONE', #1750, #2283, #2695, .T. ) ;
#2561 = AXIS2_PLACEMENT_3D ( 'NONE', #3676, #2394, #378 ) ;
#2562 = ADVANCED_FACE ( 'NONE', ( #1041 ), #60, .T. ) ;
#2563 = ORIENTED_EDGE ( 'NONE', *, *, #4282, .T. ) ;
#2564 = DIRECTION ( 'NONE',  ( -0.9464840057326158185, 0.3227507194296265203, 0.000000000000000000 ) ) ;
#2565 = VECTOR ( 'NONE', #666, 1000.000000000000000 ) ;
#2566 = ORIENTED_EDGE ( 'NONE', *, *, #2473, .F. ) ;
#2567 = AXIS2_PLACEMENT_3D ( 'NONE', #2384, #2651, #1719 ) ;
#2568 = EDGE_LOOP ( 'NONE', ( #3183, #105, #1656, #230 ) ) ;
#2569 = FACE_OUTER_BOUND ( 'NONE', #1096, .T. ) ;
#2570 = CARTESIAN_POINT ( 'NONE',  ( 11.28175021393535182, -0.6528955047153024438, 5.000000000000000000 ) ) ;
#2571 = ORIENTED_EDGE ( 'NONE', *, *, #2176, .F. ) ;
#2572 = DIRECTION ( 'NONE',  ( -0.000000000000000000, 0.000000000000000000, 1.000000000000000000 ) ) ;
#2573 = AXIS2_PLACEMENT_3D ( 'NONE', #4286, #2925, #1217 ) ;
#2574 = VERTEX_POINT ( 'NONE', #2670 ) ;
#2575 = DIRECTION ( 'NONE',  ( -0.9999818896254263345, -0.006018340399281654242, 0.000000000000000000 ) ) ;
#2576 = CARTESIAN_POINT ( 'NONE',  ( -11.10010439580882569, 2.136732871774928100, 11.00000000000000000 ) ) ;
#2577 = CARTESIAN_POINT ( 'NONE',  ( 10.61280498155865715, 3.891826741593415129, 5.000000000000000000 ) ) ;
#2578 = APPLICATION_PROTOCOL_DEFINITION ( 'draft international standard', 'automotive_design', 1998, #1281 ) ;
#2579 = EDGE_CURVE ( 'NONE', #2591, #1162, #2980, .T. ) ;
#2580 = ORIENTED_EDGE ( 'NONE', *, *, #4050, .F. ) ;
#2581 = CARTESIAN_POINT ( 'NONE',  ( -2.734546706114576509, -10.96814475083438900, 5.000000000000000000 ) ) ;
#2582 = CARTESIAN_POINT ( 'NONE',  ( -8.464399300897200717, -7.492121824833658295, 11.00000000000000000 ) ) ;
#2583 = LINE ( 'NONE', #3950, #2617 ) ;
#2584 = ADVANCED_FACE ( 'NONE', ( #1409 ), #1988, .T. ) ;
#2585 = PLANE ( 'NONE',  #4048 ) ;
#2586 = ORIENTED_EDGE ( 'NONE', *, *, #289, .T. ) ;
#2587 = DIRECTION ( 'NONE',  ( -0.000000000000000000, -0.000000000000000000, -1.000000000000000000 ) ) ;
#2588 = ADVANCED_FACE ( 'NONE', ( #1389 ), #727, .T. ) ;
#2589 = EDGE_CURVE ( 'NONE', #1365, #1186, #4028, .T. ) ;
#2590 = CARTESIAN_POINT ( 'NONE',  ( 9.145593224530003340, 5.158306366573330415, 11.00000000000000000 ) ) ;
#2591 = VERTEX_POINT ( 'NONE', #2350 ) ;
#2592 = ORIENTED_EDGE ( 'NONE', *, *, #3095, .F. ) ;
#2593 = DIRECTION ( 'NONE',  ( -0.000000000000000000, -0.000000000000000000, -1.000000000000000000 ) ) ;
#2594 = VERTEX_POINT ( 'NONE', #3695 ) ;
#2595 = DIRECTION ( 'NONE',  ( 0.5561955879187775453, 0.8310514231861257928, 0.000000000000000000 ) ) ;
#2596 = LINE ( 'NONE', #957, #4022 ) ;
#2597 = CARTESIAN_POINT ( 'NONE',  ( 8.409603233957739121, -7.553576531060332222, 5.000000000000000000 ) ) ;
#2598 = EDGE_LOOP ( 'NONE', ( #1877, #3699, #934, #176 ) ) ;
#2599 = CARTESIAN_POINT ( 'NONE',  ( 0.000000000000000000, 0.000000000000000000, 11.00000000000000000 ) ) ;
#2600 = DIRECTION ( 'NONE',  ( -0.04085172356835942153, 0.9991652199118493671, 0.000000000000000000 ) ) ;
#2601 = FACE_OUTER_BOUND ( 'NONE', #63, .T. ) ;
#2602 = DIRECTION ( 'NONE',  ( 0.2279423332605203523, 0.9736746339038261366, -0.000000000000000000 ) ) ;
#2603 = LINE ( 'NONE', #553, #2821 ) ;
#2604 = ORIENTED_EDGE ( 'NONE', *, *, #1092, .F. ) ;
#2605 = ORIENTED_EDGE ( 'NONE', *, *, #1695, .F. ) ;
#2606 = DIRECTION ( 'NONE',  ( -0.000000000000000000, -0.000000000000000000, -1.000000000000000000 ) ) ;
#2607 = FILL_AREA_STYLE ('',( #1304 ) ) ;
#2608 = AXIS2_PLACEMENT_3D ( 'NONE', #2066, #2999, #1670 ) ;
#2609 = LINE ( 'NONE', #2650, #4051 ) ;
#2610 = EDGE_CURVE ( 'NONE', #3501, #2024, #2025, .T. ) ;
#2611 = ORIENTED_EDGE ( 'NONE', *, *, #939, .F. ) ;
#2612 = CARTESIAN_POINT ( 'NONE',  ( -2.523580700700867929, 10.19222941495382884, 11.00000000000000000 ) ) ;
#2613 = FACE_OUTER_BOUND ( 'NONE', #2838, .T. ) ;
#2614 = DIRECTION ( 'NONE',  ( -0.7167835481864553993, 0.6972957371511999680, 0.000000000000000000 ) ) ;
#2615 = AXIS2_PLACEMENT_3D ( 'NONE', #3528, #537, #1860 ) ;
#2616 = AXIS2_PLACEMENT_3D ( 'NONE', #1229, #1594, #3304 ) ;
#2617 = VECTOR ( 'NONE', #943, 1000.000000000000227 ) ;
#2618 = CYLINDRICAL_SURFACE ( 'NONE', #1505, 10.50000000000000000 ) ;
#2619 = CARTESIAN_POINT ( 'NONE',  ( -9.107778259766353912, 5.224784700916140778, 11.00000000000000000 ) ) ;
#2620 = FACE_BOUND ( 'NONE', #481, .T. ) ;
#2621 = AXIS2_PLACEMENT_3D ( 'NONE', #1343, #649, #3058 ) ;
#2622 = FACE_OUTER_BOUND ( 'NONE', #3023, .T. ) ;
#2623 = DIRECTION ( 'NONE',  ( -0.000000000000000000, 0.000000000000000000, 1.000000000000000000 ) ) ;
#2624 = VECTOR ( 'NONE', #2520, 1000.000000000000000 ) ;
#2625 = AXIS2_PLACEMENT_3D ( 'NONE', #2677, #47, #2057 ) ;
#2626 = ORIENTED_EDGE ( 'NONE', *, *, #905, .F. ) ;
#2627 = VERTEX_POINT ( 'NONE', #510 ) ;
#2628 = SURFACE_STYLE_USAGE ( .BOTH. , #4108 ) ;
#2629 = DIRECTION ( 'NONE',  ( -0.000000000000000000, -0.000000000000000000, -1.000000000000000000 ) ) ;
#2630 = VECTOR ( 'NONE', #2123, 1000.000000000000000 ) ;
#2631 = VECTOR ( 'NONE', #4107, 1000.000000000000000 ) ;
#2632 = ORIENTED_EDGE ( 'NONE', *, *, #1541, .T. ) ;
#2633 = CARTESIAN_POINT ( 'NONE',  ( 0.000000000000000000, 0.000000000000000000, 11.00000000000000000 ) ) ;
#2634 = LINE ( 'NONE', #648, #2038 ) ;
#2635 = LINE ( 'NONE', #4031, #3455 ) ;
#2636 = ADVANCED_FACE ( 'NONE', ( #3849 ), #4122, .F. ) ;
#2637 = VECTOR ( 'NONE', #2884, 1000.000000000000000 ) ;
#2638 = ADVANCED_FACE ( 'NONE', ( #1107 ), #1514, .T. ) ;
#2639 = EDGE_CURVE ( 'NONE', #1940, #2863, #2161, .T. ) ;
#2640 = EDGE_CURVE ( 'NONE', #4355, #4069, #3418, .T. ) ;
#2641 = CARTESIAN_POINT ( 'NONE',  ( 0.000000000000000000, 0.000000000000000000, 11.00000000000000000 ) ) ;
#2642 = CARTESIAN_POINT ( 'NONE',  ( -6.569945865453195921, 8.190592855527281557, 11.00000000000000000 ) ) ;
#2643 = DIRECTION ( 'NONE',  ( -1.000000000000000000, 0.000000000000000000, 0.000000000000000000 ) ) ;
#2644 = FACE_OUTER_BOUND ( 'NONE', #2568, .T. ) ;
#2645 = CYLINDRICAL_SURFACE ( 'NONE', #1101, 10.50000000000000000 ) ;
#2646 = ORIENTED_EDGE ( 'NONE', *, *, #2963, .T. ) ;
#2647 = ORIENTED_EDGE ( 'NONE', *, *, #1165, .F. ) ;
#2648 = FILL_AREA_STYLE_COLOUR ( '', #3897 ) ;
#2649 = PLANE ( 'NONE',  #3316 ) ;
#2650 = CARTESIAN_POINT ( 'NONE',  ( -10.12981177686724088, -5.016458743817161725, 11.00000000000000000 ) ) ;
#2651 = DIRECTION ( 'NONE',  ( 0.8806770022699303979, 0.4737172338778156133, -0.000000000000000000 ) ) ;
#2652 = VERTEX_POINT ( 'NONE', #108 ) ;
#2653 = LINE ( 'NONE', #4002, #3176 ) ;
#2654 = CARTESIAN_POINT ( 'NONE',  ( 6.465676394360115431, 0.3895992645730865789, 11.00000000000000000 ) ) ;
#2655 = VERTEX_POINT ( 'NONE', #2918 ) ;
#2656 = LINE ( 'NONE', #3648, #2690 ) ;
#2657 = DIRECTION ( 'NONE',  ( 0.9845872053153705838, -0.1748943541949495861, 0.000000000000000000 ) ) ;
#2658 = CARTESIAN_POINT ( 'NONE',  ( 3.888852443383111090, 5.180114428961465123, 11.00000000000000000 ) ) ;
#2659 = CARTESIAN_POINT ( 'NONE',  ( 6.806038177178730386, -9.021197523638058158, 11.00000000000000000 ) ) ;
#2660 = ADVANCED_FACE ( 'NONE', ( #2234 ), #931, .T. ) ;
#2661 = LINE ( 'NONE', #3386, #1290 ) ;
#2662 = CARTESIAN_POINT ( 'NONE',  ( -2.031264886787171875, -6.150668401340384506, 11.00000000000000000 ) ) ;
#2663 = ORIENTED_EDGE ( 'NONE', *, *, #2500, .T. ) ;
#2664 = ORIENTED_EDGE ( 'NONE', *, *, #3685, .T. ) ;
#2665 = DIRECTION ( 'NONE',  ( -0.000000000000000000, -0.000000000000000000, -1.000000000000000000 ) ) ;
#2666 = VERTEX_POINT ( 'NONE', #3598 ) ;
#2667 = AXIS2_PLACEMENT_3D ( 'NONE', #3989, #2702, #1376 ) ;
#2668 = ORIENTED_EDGE ( 'NONE', *, *, #2640, .T. ) ;
#2669 = DIRECTION ( 'NONE',  ( -0.5641977467901309051, -0.8256396929150991992, 0.000000000000000000 ) ) ;
#2670 = CARTESIAN_POINT ( 'NONE',  ( 7.822890946873291895, 7.003740231713902809, 11.00000000000000000 ) ) ;
#2671 = DIRECTION ( 'NONE',  ( 0.000000000000000000, 0.000000000000000000, 1.000000000000000000 ) ) ;
#2672 = CARTESIAN_POINT ( 'NONE',  ( 0.000000000000000000, 0.000000000000000000, 5.000000000000000000 ) ) ;
#2673 = ADVANCED_FACE ( 'NONE', ( #2569 ), #2213, .T. ) ;
#2674 = CIRCLE ( 'NONE', #790, 10.50000000000000000 ) ;
#2675 = ORIENTED_EDGE ( 'NONE', *, *, #2639, .F. ) ;
#2676 = ADVANCED_FACE ( 'NONE', ( #1234 ), #1188, .T. ) ;
#2677 = CARTESIAN_POINT ( 'NONE',  ( -6.048716639856849042, -2.317279835121281995, 11.00000000000000000 ) ) ;
#2678 = DIRECTION ( 'NONE',  ( 0.9999818896254263345, 0.006018340399281654242, 0.000000000000000000 ) ) ;
#2679 = VECTOR ( 'NONE', #574, 1000.000000000000000 ) ;
#2680 = DIRECTION ( 'NONE',  ( 0.4801193905843246790, 0.8772031525165289167, 0.000000000000000000 ) ) ;
#2681 = VECTOR ( 'NONE', #4169, 1000.000000000000000 ) ;
#2682 = AXIS2_PLACEMENT_3D ( 'NONE', #3610, #232, #1293 ) ;
#2683 = LINE ( 'NONE', #1068, #2467 ) ;
#2684 = AXIS2_PLACEMENT_3D ( 'NONE', #1883, #4261, #4237 ) ;
#2685 = EDGE_CURVE ( 'NONE', #1598, #2432, #3253, .T. ) ;
#2686 = FACE_OUTER_BOUND ( 'NONE', #1374, .T. ) ;
#2687 = VECTOR ( 'NONE', #1743, 1000.000000000000000 ) ;
#2688 = ORIENTED_EDGE ( 'NONE', *, *, #3852, .F. ) ;
#2689 = VERTEX_POINT ( 'NONE', #3293 ) ;
#2690 = VECTOR ( 'NONE', #634, 1000.000000000000000 ) ;
#2691 = ORIENTED_EDGE ( 'NONE', *, *, #446, .T. ) ;
#2692 = AXIS2_PLACEMENT_3D ( 'NONE', #3944, #956, #2261 ) ;
#2693 = ORIENTED_EDGE ( 'NONE', *, *, #1822, .F. ) ;
#2694 = EDGE_CURVE ( 'NONE', #2451, #3162, #2279, .T. ) ;
#2695 = LINE ( 'NONE', #4361, #2900 ) ;
#2696 = CARTESIAN_POINT ( 'NONE',  ( 6.398264798712729906, -1.009438650486008227, 11.00000000000000000 ) ) ;
#2697 = DIRECTION ( 'NONE',  ( -1.000000000000000000, 0.000000000000000000, 0.000000000000000000 ) ) ;
#2698 = EDGE_LOOP ( 'NONE', ( #3553, #1804, #2592, #84 ) ) ;
#2699 = CIRCLE ( 'NONE', #1651, 10.50000000000000000 ) ;
#2700 = ORIENTED_EDGE ( 'NONE', *, *, #357, .T. ) ;
#2701 = CARTESIAN_POINT ( 'NONE',  ( 11.11537358815481724, 2.055824642066559793, 11.00000000000000000 ) ) ;
#2702 = DIRECTION ( 'NONE',  ( 0.6903389384436773302, 0.7234861091053902404, -0.000000000000000000 ) ) ;
#2703 = LINE ( 'NONE', #2658, #946 ) ;
#2704 = VERTEX_POINT ( 'NONE', #1206 ) ;
#2705 = DIRECTION ( 'NONE',  ( 0.000000000000000000, 0.000000000000000000, 1.000000000000000000 ) ) ;
#2706 = LINE ( 'NONE', #52, #164 ) ;
#2707 = CARTESIAN_POINT ( 'NONE',  ( 5.629068877018092998, 9.802628654649941708, 11.00000000000000000 ) ) ;
#2708 = VERTEX_POINT ( 'NONE', #1614 ) ;
#2709 = ADVANCED_FACE ( 'NONE', ( #2183 ), #627, .T. ) ;
#2710 = ORIENTED_EDGE ( 'NONE', *, *, #2869, .F. ) ;
#2711 = ADVANCED_FACE ( 'NONE', ( #1922 ), #1897, .T. ) ;
#2712 = VERTEX_POINT ( 'NONE', #203 ) ;
#2713 = ORIENTED_EDGE ( 'NONE', *, *, #3693, .F. ) ;
#2714 = PLANE ( 'NONE',  #2567 ) ;
#2715 = ORIENTED_EDGE ( 'NONE', *, *, #701, .T. ) ;
#2716 = LINE ( 'NONE', #1057, #2121 ) ;
#2717 = CYLINDRICAL_SURFACE ( 'NONE', #1902, 10.50000000000000000 ) ;
#2718 = DIRECTION ( 'NONE',  ( 0.000000000000000000, 0.000000000000000000, -1.000000000000000000 ) ) ;
#2719 = ORIENTED_EDGE ( 'NONE', *, *, #3132, .F. ) ;
#2720 = CARTESIAN_POINT ( 'NONE',  ( 9.528055790867218988, 6.082277353861754499, 5.000000000000000000 ) ) ;
#2721 = DIRECTION ( 'NONE',  ( -0.000000000000000000, -0.000000000000000000, -1.000000000000000000 ) ) ;
#2722 = CARTESIAN_POINT ( 'NONE',  ( -11.28620653191068079, -0.5707035559417356074, 5.000000000000000000 ) ) ;
#2723 = FACE_OUTER_BOUND ( 'NONE', #3333, .T. ) ;
#2724 = DIRECTION ( 'NONE',  ( -0.9019097983202266633, 0.4319244328513589526, 0.000000000000000000 ) ) ;
#2725 = CARTESIAN_POINT ( 'NONE',  ( 0.000000000000000000, 0.000000000000000000, 0.000000000000000000 ) ) ;
#2726 = LINE ( 'NONE', #4066, #1361 ) ;
#2727 = ORIENTED_EDGE ( 'NONE', *, *, #256, .F. ) ;
#2728 = CARTESIAN_POINT ( 'NONE',  ( -0.6615631487002909816, -6.443531099003349638, 5.000000000000000000 ) ) ;
#2729 = ADVANCED_FACE ( 'NONE', ( #2256 ), #2542, .T. ) ;
#2730 = ORIENTED_EDGE ( 'NONE', *, *, #1616, .F. ) ;
#2731 = ORIENTED_EDGE ( 'NONE', *, *, #3769, .T. ) ;
#2732 = ADVANCED_FACE ( 'NONE', ( #270 ), #884, .T. ) ;
#2733 = VERTEX_POINT ( 'NONE', #1599 ) ;
#2734 = ORIENTED_EDGE ( 'NONE', *, *, #305, .T. ) ;
#2735 = DIRECTION ( 'NONE',  ( -0.000000000000000000, -0.000000000000000000, -1.000000000000000000 ) ) ;
#2736 = LINE ( 'NONE', #1790, #236 ) ;
#2737 = LINE ( 'NONE', #794, #1226 ) ;
#2738 = ADVANCED_FACE ( 'NONE', ( #1876 ), #244, .T. ) ;
#2739 = EDGE_LOOP ( 'NONE', ( #3417, #2646, #183, #4072 ) ) ;
#2740 = PLANE ( 'NONE',  #2561 ) ;
#2741 = LINE ( 'NONE', #2145, #3310 ) ;
#2742 = LINE ( 'NONE', #2460, #749 ) ;
#2743 = CARTESIAN_POINT ( 'NONE',  ( 0.000000000000000000, 0.000000000000000000, 11.00000000000000000 ) ) ;
#2744 = AXIS2_PLACEMENT_3D ( 'NONE', #3767, #2771, #846 ) ;
#2745 = VERTEX_POINT ( 'NONE', #1579 ) ;
#2746 = CIRCLE ( 'NONE', #299, 10.50000000000000000 ) ;
#2747 =( NAMED_UNIT ( * ) PLANE_ANGLE_UNIT ( ) SI_UNIT ( $, .RADIAN. ) );
#2748 = CARTESIAN_POINT ( 'NONE',  ( -10.48271583305354682, 4.220998601416067864, 11.00000000000000000 ) ) ;
#2749 = FACE_OUTER_BOUND ( 'NONE', #3097, .T. ) ;
#2750 = PRESENTATION_LAYER_ASSIGNMENT (  '', '', ( #447 ) ) ;
#2751 = VECTOR ( 'NONE', #4274, 1000.000000000000000 ) ;
#2752 = LINE ( 'NONE', #1070, #2985 ) ;
#2753 = VERTEX_POINT ( 'NONE', #3938 ) ;
#2754 = VECTOR ( 'NONE', #2016, 1000.000000000000114 ) ;
#2755 = EDGE_LOOP ( 'NONE', ( #3435, #4053, #1284, #3636 ) ) ;
#2756 = LINE ( 'NONE', #465, #1027 ) ;
#2757 = VECTOR ( 'NONE', #2487, 1000.000000000000000 ) ;
#2758 = EDGE_CURVE ( 'NONE', #1872, #1720, #2941, .T. ) ;
#2759 = ORIENTED_EDGE ( 'NONE', *, *, #2410, .F. ) ;
#2760 = ORIENTED_EDGE ( 'NONE', *, *, #3030, .F. ) ;
#2761 = CARTESIAN_POINT ( 'NONE',  ( 0.000000000000000000, 0.000000000000000000, 11.00000000000000000 ) ) ;
#2762 = CIRCLE ( 'NONE', #4182, 10.50000000000000000 ) ;
#2763 = DIRECTION ( 'NONE',  ( -0.9050319475970136640, -0.4253435950249589426, 0.000000000000000000 ) ) ;
#2764 = CARTESIAN_POINT ( 'NONE',  ( -6.405447672397989400, -0.9628078415301438708, 11.00000000000000000 ) ) ;
#2765 = EDGE_CURVE ( 'NONE', #2159, #2753, #1322, .T. ) ;
#2766 = ADVANCED_FACE ( 'NONE', ( #308 ), #97, .T. ) ;
#2767 = ORIENTED_EDGE ( 'NONE', *, *, #161, .T. ) ;
#2768 = ORIENTED_EDGE ( 'NONE', *, *, #3550, .F. ) ;
#2769 = DIRECTION ( 'NONE',  ( 0.5661582161900647892, -0.8242965936120831838, 0.000000000000000000 ) ) ;
#2770 = DIRECTION ( 'NONE',  ( -0.9060401849579424738, 0.4231916625376465069, 0.000000000000000000 ) ) ;
#2771 = DIRECTION ( 'NONE',  ( -0.8852121058766024841, -0.4651876262429072151, 0.000000000000000000 ) ) ;
#2772 = EDGE_CURVE ( 'NONE', #3439, #3684, #51, .T. ) ;
#2773 = LINE ( 'NONE', #3786, #2757 ) ;
#2774 = VECTOR ( 'NONE', #3626, 1000.000000000000000 ) ;
#2775 = CARTESIAN_POINT ( 'NONE',  ( 10.51318289192295907, 4.144532049663293805, 11.00000000000000000 ) ) ;
#2776 = CARTESIAN_POINT ( 'NONE',  ( -3.412983367804507839, -5.505297753494418522, 5.000000000000000000 ) ) ;
#2777 = FACE_OUTER_BOUND ( 'NONE', #2509, .T. ) ;
#2778 = AXIS2_PLACEMENT_3D ( 'NONE', #3306, #3916, #3573 ) ;
#2779 = DIRECTION ( 'NONE',  ( -0.000000000000000000, -0.000000000000000000, -1.000000000000000000 ) ) ;
#2780 = ORIENTED_EDGE ( 'NONE', *, *, #1270, .T. ) ;
#2781 = ORIENTED_EDGE ( 'NONE', *, *, #181, .T. ) ;
#2782 = VERTEX_POINT ( 'NONE', #1067 ) ;
#2783 = ORIENTED_EDGE ( 'NONE', *, *, #3607, .T. ) ;
#2784 = FACE_OUTER_BOUND ( 'NONE', #4239, .T. ) ;
#2785 = DIRECTION ( 'NONE',  ( -1.000000000000000000, 0.000000000000000000, 0.000000000000000000 ) ) ;
#2786 = DIRECTION ( 'NONE',  ( -0.000000000000000000, 0.000000000000000000, 1.000000000000000000 ) ) ;
#2787 = CARTESIAN_POINT ( 'NONE',  ( 9.852197001079828098, -3.631007332946835753, 5.000000000000000000 ) ) ;
#2788 = ORIENTED_EDGE ( 'NONE', *, *, #3833, .F. ) ;
#2789 = EDGE_LOOP ( 'NONE', ( #1171, #4204, #1675, #18 ) ) ;
#2790 = CARTESIAN_POINT ( 'NONE',  ( -5.028441429125909856, -10.12386891247748721, 11.00000000000000000 ) ) ;
#2791 = DIRECTION ( 'NONE',  ( -0.000000000000000000, -0.000000000000000000, -1.000000000000000000 ) ) ;
#2792 = ORIENTED_EDGE ( 'NONE', *, *, #2148, .F. ) ;
#2793 = CARTESIAN_POINT ( 'NONE',  ( 2.684361755194011767, 5.894994553923964986, 5.000000000000000000 ) ) ;
#2794 = FACE_OUTER_BOUND ( 'NONE', #3373, .T. ) ;
#2795 = DIRECTION ( 'NONE',  ( -0.7534831535335704267, 0.6574672138906290098, 0.000000000000000000 ) ) ;
#2796 = CARTESIAN_POINT ( 'NONE',  ( 7.801262536493612565, 8.175846333341221239, 11.00000000000000000 ) ) ;
#2797 = ORIENTED_EDGE ( 'NONE', *, *, #3079, .F. ) ;
#2798 = CARTESIAN_POINT ( 'NONE',  ( -6.469897412374667311, 0.3117471682135856126, 11.00000000000000000 ) ) ;
#2799 = EDGE_CURVE ( 'NONE', #2206, #4121, #3772, .T. ) ;
#2800 = EDGE_CURVE ( 'NONE', #401, #351, #987, .T. ) ;
#2801 = ORIENTED_EDGE ( 'NONE', *, *, #4295, .T. ) ;
#2802 = ORIENTED_EDGE ( 'NONE', *, *, #4070, .T. ) ;
#2803 = CARTESIAN_POINT ( 'NONE',  ( 4.460684721131805475, -10.38654113657858247, 5.000000000000000000 ) ) ;
#2804 = ORIENTED_EDGE ( 'NONE', *, *, #947, .T. ) ;
#2805 = DIRECTION ( 'NONE',  ( -0.000000000000000000, -0.000000000000000000, -1.000000000000000000 ) ) ;
#2806 = DIRECTION ( 'NONE',  ( -1.000000000000000000, 0.000000000000000000, 0.000000000000000000 ) ) ;
#2807 = DIRECTION ( 'NONE',  ( 0.3577482489643396546, -0.9338180713409593992, 0.000000000000000000 ) ) ;
#2808 = CARTESIAN_POINT ( 'NONE',  ( -0.04115633369574200895, -11.30055160538212178, 11.00000000000000000 ) ) ;
#2809 = EDGE_CURVE ( 'NONE', #3072, #4159, #3067, .T. ) ;
#2810 = DIRECTION ( 'NONE',  ( -1.000000000000000000, 0.000000000000000000, 0.000000000000000000 ) ) ;
#2811 = ORIENTED_EDGE ( 'NONE', *, *, #3477, .T. ) ;
#2812 = CARTESIAN_POINT ( 'NONE',  ( 9.376438639006734022, 6.307658747796153875, 11.00000000000000000 ) ) ;
#2813 = DIRECTION ( 'NONE',  ( 0.7167835481864553993, -0.6972957371511999680, 0.000000000000000000 ) ) ;
#2814 = AXIS2_PLACEMENT_3D ( 'NONE', #2492, #429, #1502 ) ;
#2815 = DIRECTION ( 'NONE',  ( -1.000000000000000000, 0.000000000000000000, 0.000000000000000000 ) ) ;
#2816 = DIRECTION ( 'NONE',  ( 0.9937375998835075164, -0.1117389036001600749, 0.000000000000000000 ) ) ;
#2817 = VECTOR ( 'NONE', #1369, 1000.000000000000000 ) ;
#2818 = ORIENTED_EDGE ( 'NONE', *, *, #3911, .T. ) ;
#2819 = CARTESIAN_POINT ( 'NONE',  ( 0.000000000000000000, 0.000000000000000000, 5.000000000000000000 ) ) ;
#2820 = VECTOR ( 'NONE', #2629, 1000.000000000000000 ) ;
#2821 = VECTOR ( 'NONE', #216, 1000.000000000000000 ) ;
#2822 = EDGE_CURVE ( 'NONE', #413, #150, #3119, .T. ) ;
#2823 = ADVANCED_FACE ( 'NONE', ( #2444 ), #1120, .T. ) ;
#2824 = EDGE_CURVE ( 'NONE', #1344, #13, #664, .T. ) ;
#2825 = ADVANCED_FACE ( 'NONE', ( #1981 ), #3789, .T. ) ;
#2826 = VERTEX_POINT ( 'NONE', #3428 ) ;
#2827 = ORIENTED_EDGE ( 'NONE', *, *, #1732, .T. ) ;
#2828 = ORIENTED_EDGE ( 'NONE', *, *, #3718, .T. ) ;
#2829 = LINE ( 'NONE', #4165, #596 ) ;
#2830 = VECTOR ( 'NONE', #3714, 1000.000000000000000 ) ;
#2831 = MANIFOLD_SOLID_BREP ( 'Boss.-Extru.4', #597 ) ;
#2832 = AXIS2_PLACEMENT_3D ( 'NONE', #2725, #3448, #763 ) ;
#2833 = ORIENTED_EDGE ( 'NONE', *, *, #383, .T. ) ;
#2834 = CARTESIAN_POINT ( 'NONE',  ( 10.49772306630076635, 0.2186559472250231284, 5.000000000000000000 ) ) ;
#2835 = DIRECTION ( 'NONE',  ( 0.9999115257677118063, -0.01330190350612960037, 0.000000000000000000 ) ) ;
#2836 = VECTOR ( 'NONE', #3512, 1000.000000000000000 ) ;
#2837 = FACE_OUTER_BOUND ( 'NONE', #3559, .T. ) ;
#2838 = EDGE_LOOP ( 'NONE', ( #2088, #2005, #508, #394 ) ) ;
#2839 = ADVANCED_FACE ( 'NONE', ( #2297 ), #3661, .T. ) ;
#2840 = CARTESIAN_POINT ( 'NONE',  ( 0.000000000000000000, 0.000000000000000000, 11.00000000000000000 ) ) ;
#2841 = DIRECTION ( 'NONE',  ( -0.7997207925899318948, 0.6003720962031224850, 0.000000000000000000 ) ) ;
#2842 = CIRCLE ( 'NONE', #2692, 10.50000000000000000 ) ;
#2843 = DIRECTION ( 'NONE',  ( 1.000000000000000000, 0.000000000000000000, 0.000000000000000000 ) ) ;
#2844 = CARTESIAN_POINT ( 'NONE',  ( 3.265326656026316776, -5.594139849251596353, 11.00000000000000000 ) ) ;
#2845 = VECTOR ( 'NONE', #2816, 1000.000000000000000 ) ;
#2846 = ORIENTED_EDGE ( 'NONE', *, *, #1221, .T. ) ;
#2847 = DIRECTION ( 'NONE',  ( -0.04812841412490154874, -0.9988411564176867818, 0.000000000000000000 ) ) ;
#2848 = ORIENTED_EDGE ( 'NONE', *, *, #1351, .F. ) ;
#2849 = VERTEX_POINT ( 'NONE', #407 ) ;
#2850 = ORIENTED_EDGE ( 'NONE', *, *, #978, .T. ) ;
#2851 = ORIENTED_EDGE ( 'NONE', *, *, #855, .T. ) ;
#2852 = CARTESIAN_POINT ( 'NONE',  ( 2.597752473954340502, 10.17357764427362810, 11.00000000000000000 ) ) ;
#2853 = EDGE_CURVE ( 'NONE', #4296, #1940, #3998, .T. ) ;
#2854 = ORIENTED_EDGE ( 'NONE', *, *, #1413, .T. ) ;
#2855 = CARTESIAN_POINT ( 'NONE',  ( 10.29929669993097008, -2.043156256087887090, 11.00000000000000000 ) ) ;
#2856 = CARTESIAN_POINT ( 'NONE',  ( 0.7866705388829042800, -10.47048945671851961, 5.000000000000000000 ) ) ;
#2857 = SHAPE_DEFINITION_REPRESENTATION ( #1034, #1780 ) ;
#2858 = EDGE_LOOP ( 'NONE', ( #994, #1050, #1459, #3205 ) ) ;
#2859 = DIRECTION ( 'NONE',  ( -0.9793936660085408308, -0.2019605084722033428, 0.000000000000000000 ) ) ;
#2860 = CARTESIAN_POINT ( 'NONE',  ( 3.888852443383111090, 5.180114428961465123, 11.00000000000000000 ) ) ;
#2861 = CARTESIAN_POINT ( 'NONE',  ( 0.2304749509641247640, -11.30154087990464618, 11.00000000000000000 ) ) ;
#2862 = CARTESIAN_POINT ( 'NONE',  ( -10.01801773250103267, 3.144729036227912999, 11.00000000000000000 ) ) ;
#2863 = VERTEX_POINT ( 'NONE', #1866 ) ;
#2864 = EDGE_LOOP ( 'NONE', ( #2317, #1433, #3383, #2369 ) ) ;
#2865 = ORIENTED_EDGE ( 'NONE', *, *, #732, .T. ) ;
#2866 = VERTEX_POINT ( 'NONE', #3222 ) ;
#2867 = VERTEX_POINT ( 'NONE', #1800 ) ;
#2868 = DIRECTION ( 'NONE',  ( -0.000000000000000000, -0.000000000000000000, -1.000000000000000000 ) ) ;
#2869 = EDGE_CURVE ( 'NONE', #2502, #1673, #122, .T. ) ;
#2870 = ORIENTED_EDGE ( 'NONE', *, *, #3688, .T. ) ;
#2871 = ORIENTED_EDGE ( 'NONE', *, *, #42, .F. ) ;
#2872 = CARTESIAN_POINT ( 'NONE',  ( 0.000000000000000000, 0.000000000000000000, 11.00000000000000000 ) ) ;
#2873 = DIRECTION ( 'NONE',  ( 0.3249990468302988988, -0.9457143435305385148, 0.000000000000000000 ) ) ;
#2874 = CARTESIAN_POINT ( 'NONE',  ( 5.312448565510607956, -3.706028745482865538, 5.000000000000000000 ) ) ;
#2875 = EDGE_CURVE ( 'NONE', #3307, #2449, #3566, .T. ) ;
#2876 = ORIENTED_EDGE ( 'NONE', *, *, #1244, .F. ) ;
#2877 = LINE ( 'NONE', #3905, #1984 ) ;
#2878 = LINE ( 'NONE', #2556, #3103 ) ;
#2879 = LINE ( 'NONE', #1269, #3600 ) ;
#2880 = CARTESIAN_POINT ( 'NONE',  ( -11.27248853428774922, -0.8419900281648583507, 11.00000000000000000 ) ) ;
#2881 = VECTOR ( 'NONE', #1997, 1000.000000000000000 ) ;
#2882 = ORIENTED_EDGE ( 'NONE', *, *, #2428, .T. ) ;
#2883 = DIRECTION ( 'NONE',  ( -0.7997207925899318948, 0.6003720962031224850, 0.000000000000000000 ) ) ;
#2884 = DIRECTION ( 'NONE',  ( -0.000000000000000000, -0.000000000000000000, -1.000000000000000000 ) ) ;
#2885 = ORIENTED_EDGE ( 'NONE', *, *, #2965, .T. ) ;
#2886 =( GEOMETRIC_REPRESENTATION_CONTEXT ( 3 ) GLOBAL_UNCERTAINTY_ASSIGNED_CONTEXT ( ( #399 ) ) GLOBAL_UNIT_ASSIGNED_CONTEXT ( ( #2280, #1323, #628 ) ) REPRESENTATION_CONTEXT ( 'NONE', 'WORKASPACE' ) );
#2887 = ORIENTED_EDGE ( 'NONE', *, *, #1004, .F. ) ;
#2888 = CARTESIAN_POINT ( 'NONE',  ( -3.305986936356658301, -5.570207285207684045, 11.00000000000000000 ) ) ;
#2889 = EDGE_CURVE ( 'NONE', #3271, #4141, #2877, .T. ) ;
#2890 = ORIENTED_EDGE ( 'NONE', *, *, #4005, .F. ) ;
#2891 = CARTESIAN_POINT ( 'NONE',  ( 0.000000000000000000, 0.000000000000000000, 5.000000000000000000 ) ) ;
#2892 = AXIS2_PLACEMENT_3D ( 'NONE', #3202, #3863, #4268 ) ;
#2893 = VECTOR ( 'NONE', #1418, 1000.000000000000000 ) ;
#2894 = ORIENTED_EDGE ( 'NONE', *, *, #2525, .F. ) ;
#2895 = FACE_OUTER_BOUND ( 'NONE', #2755, .T. ) ;
#2896 = CARTESIAN_POINT ( 'NONE',  ( 8.586207589667441908, -7.347189915664696258, 11.00000000000000000 ) ) ;
#2897 = CIRCLE ( 'NONE', #3822, 10.50000000000000000 ) ;
#2898 = CARTESIAN_POINT ( 'NONE',  ( -5.339301813680878084, -3.667235330049811726, 5.000000000000000000 ) ) ;
#2899 = DIRECTION ( 'NONE',  ( 0.1486410118346872533, -0.9888912223297162685, 0.000000000000000000 ) ) ;
#2900 = VECTOR ( 'NONE', #4054, 1000.000000000000000 ) ;
#2901 = ORIENTED_EDGE ( 'NONE', *, *, #1110, .F. ) ;
#2902 = ADVANCED_FACE ( 'NONE', ( #897 ), #1461, .T. ) ;
#2903 = EDGE_CURVE ( 'NONE', #703, #751, #3540, .T. ) ;
#2904 = CARTESIAN_POINT ( 'NONE',  ( 10.20528756947152615, 2.470244041464316087, 11.00000000000000000 ) ) ;
#2905 = DIRECTION ( 'NONE',  ( -1.000000000000000000, 0.000000000000000000, 0.000000000000000000 ) ) ;
#2906 = CARTESIAN_POINT ( 'NONE',  ( -2.469478674721313993, -11.02750359350676312, 5.000000000000000000 ) ) ;
#2907 = DIRECTION ( 'NONE',  ( -0.000000000000000000, -0.000000000000000000, -1.000000000000000000 ) ) ;
#2908 = VECTOR ( 'NONE', #2770, 1000.000000000000114 ) ;
#2909 = EDGE_CURVE ( 'NONE', #1543, #1012, #3755, .T. ) ;
#2910 = DIRECTION ( 'NONE',  ( -0.6501577485948529800, -0.7597992510802257238, 0.000000000000000000 ) ) ;
#2911 = VECTOR ( 'NONE', #3707, 1000.000000000000000 ) ;
#2912 = ORIENTED_EDGE ( 'NONE', *, *, #4216, .T. ) ;
#2913 = CARTESIAN_POINT ( 'NONE',  ( -8.534270344115173046, -6.116880715982316197, 11.00000000000000000 ) ) ;
#2914 = ORIENTED_EDGE ( 'NONE', *, *, #2149, .F. ) ;
#2915 = VECTOR ( 'NONE', #1049, 1000.000000000000000 ) ;
#2916 = ORIENTED_EDGE ( 'NONE', *, *, #2640, .F. ) ;
#2917 = VERTEX_POINT ( 'NONE', #4197 ) ;
#2918 = CARTESIAN_POINT ( 'NONE',  ( -2.204410643328152286, -11.08686243617911771, 5.000000000000000000 ) ) ;
#2919 = ORIENTED_EDGE ( 'NONE', *, *, #4214, .T. ) ;
#2920 = DIRECTION ( 'NONE',  ( 0.6446062341312276400, -0.7645147499683422332, 0.000000000000000000 ) ) ;
#2921 = ORIENTED_EDGE ( 'NONE', *, *, #25, .T. ) ;
#2922 = CARTESIAN_POINT ( 'NONE',  ( -4.000000000000000000, 0.000000000000000000, 12.00000000000000000 ) ) ;
#2923 = CARTESIAN_POINT ( 'NONE',  ( 0.000000000000000000, 0.000000000000000000, 5.000000000000000000 ) ) ;
#2924 = CARTESIAN_POINT ( 'NONE',  ( 3.610761202405437853, -9.859635061157366209, 11.00000000000000000 ) ) ;
#2925 = DIRECTION ( 'NONE',  ( 0.000000000000000000, 0.000000000000000000, 1.000000000000000000 ) ) ;
#2926 = ORIENTED_EDGE ( 'NONE', *, *, #1318, .F. ) ;
#2927 = DIRECTION ( 'NONE',  ( -0.2617245216441049238, -0.9651426188756584423, 0.000000000000000000 ) ) ;
#2928 = CARTESIAN_POINT ( 'NONE',  ( 8.841298865386789885, -5.664047525657804449, 11.00000000000000000 ) ) ;
#2929 = DIRECTION ( 'NONE',  ( -1.000000000000000000, 0.000000000000000000, 0.000000000000000000 ) ) ;
#2930 = CARTESIAN_POINT ( 'NONE',  ( 0.000000000000000000, 0.000000000000000000, 11.00000000000000000 ) ) ;
#2931 = ADVANCED_FACE ( 'NONE', ( #2491 ), #2530, .T. ) ;
#2932 = LINE ( 'NONE', #1609, #681 ) ;
#2933 = ORIENTED_EDGE ( 'NONE', *, *, #1851, .T. ) ;
#2934 = CARTESIAN_POINT ( 'NONE',  ( -10.41254409751792664, -1.352377690308677494, 11.00000000000000000 ) ) ;
#2935 = DIRECTION ( 'NONE',  ( -0.9793936660085408308, -0.2019605084722033428, 0.000000000000000000 ) ) ;
#2936 = ADVANCED_FACE ( 'NONE', ( #546 ), #211, .T. ) ;
#2937 = CARTESIAN_POINT ( 'NONE',  ( 0.7866705388829042800, -10.47048945671851961, 11.00000000000000000 ) ) ;
#2938 = ADVANCED_FACE ( 'NONE', ( #1842 ), #3198, .T. ) ;
#2939 = ORIENTED_EDGE ( 'NONE', *, *, #415, .F. ) ;
#2940 = ORIENTED_EDGE ( 'NONE', *, *, #305, .F. ) ;
#2941 = LINE ( 'NONE', #4298, #2413 ) ;
#2942 = ORIENTED_EDGE ( 'NONE', *, *, #1403, .F. ) ;
#2943 = DIRECTION ( 'NONE',  ( -0.000000000000000000, -0.000000000000000000, -1.000000000000000000 ) ) ;
#2944 = EDGE_CURVE ( 'NONE', #4355, #2652, #3973, .T. ) ;
#2945 = ORIENTED_EDGE ( 'NONE', *, *, #3551, .F. ) ;
#2946 = CARTESIAN_POINT ( 'NONE',  ( 8.409603233957739121, -7.553576531060332222, 11.00000000000000000 ) ) ;
#2947 = DIRECTION ( 'NONE',  ( -0.000000000000000000, -0.000000000000000000, -1.000000000000000000 ) ) ;
#2948 = ORIENTED_EDGE ( 'NONE', *, *, #120, .T. ) ;
#2949 = LINE ( 'NONE', #2928, #2415 ) ;
#2950 = DIRECTION ( 'NONE',  ( 0.4716230422552011858, 0.8818002642401218116, 0.000000000000000000 ) ) ;
#2951 = EDGE_CURVE ( 'NONE', #3640, #650, #191, .T. ) ;
#2952 = CARTESIAN_POINT ( 'NONE',  ( -2.500000000000000000, 0.000000000000000000, 17.00000000000000000 ) ) ;
#2953 = EDGE_CURVE ( 'NONE', #2201, #3756, #4174, .T. ) ;
#2954 = CARTESIAN_POINT ( 'NONE',  ( 9.224821487146297017, 6.533040141730482198, 11.00000000000000000 ) ) ;
#2955 = DIRECTION ( 'NONE',  ( -0.000000000000000000, -0.000000000000000000, -1.000000000000000000 ) ) ;
#2956 = ORIENTED_EDGE ( 'NONE', *, *, #3797, .T. ) ;
#2957 = ORIENTED_EDGE ( 'NONE', *, *, #2339, .T. ) ;
#2958 = DIRECTION ( 'NONE',  ( 0.9433220101527807211, -0.3318788712185775647, 0.000000000000000000 ) ) ;
#2959 = EDGE_CURVE ( 'NONE', #3072, #1577, #3475, .T. ) ;
#2960 = CARTESIAN_POINT ( 'NONE',  ( 0.3500000000000021427, 10.49416504539546580, 11.00000000000000000 ) ) ;
#2961 = VECTOR ( 'NONE', #2976, 1000.000000000000000 ) ;
#2962 = EDGE_CURVE ( 'NONE', #3229, #1162, #2151, .T. ) ;
#2963 = EDGE_CURVE ( 'NONE', #3637, #1393, #2198, .T. ) ;
#2964 = CIRCLE ( 'NONE', #2398, 7.000000000000000000 ) ;
#2965 = EDGE_CURVE ( 'NONE', #3860, #455, #1501, .T. ) ;
#2966 = ORIENTED_EDGE ( 'NONE', *, *, #1256, .F. ) ;
#2967 = LINE ( 'NONE', #916, #893 ) ;
#2968 = PLANE ( 'NONE',  #1238 ) ;
#2969 = DIRECTION ( 'NONE',  ( -0.4253435950249589426, 0.9050319475970136640, 0.000000000000000000 ) ) ;
#2970 = CARTESIAN_POINT ( 'NONE',  ( 0.000000000000000000, 0.000000000000000000, 11.00000000000000000 ) ) ;
#2971 = AXIS2_PLACEMENT_3D ( 'NONE', #179, #861, #2215 ) ;
#2972 = AXIS2_PLACEMENT_3D ( 'NONE', #827, #895, #2194 ) ;
#2973 = EDGE_CURVE ( 'NONE', #1428, #3779, #3861, .T. ) ;
#2974 = VECTOR ( 'NONE', #2271, 1000.000000000000000 ) ;
#2975 = CARTESIAN_POINT ( 'NONE',  ( -6.048716639856849042, -2.317279835121281995, 11.00000000000000000 ) ) ;
#2976 = DIRECTION ( 'NONE',  ( -0.000000000000000000, -0.000000000000000000, -1.000000000000000000 ) ) ;
#2977 = PLANE ( 'NONE',  #1631 ) ;
#2978 = CIRCLE ( 'NONE', #2684, 10.50000000000000000 ) ;
#2979 = PLANE ( 'NONE',  #1379 ) ;
#2980 = CIRCLE ( 'NONE', #1845, 10.50000000000000000 ) ;
#2981 = CIRCLE ( 'NONE', #1098, 10.50000000000000000 ) ;
#2982 = ORIENTED_EDGE ( 'NONE', *, *, #3687, .F. ) ;
#2983 = ORIENTED_EDGE ( 'NONE', *, *, #438, .F. ) ;
#2984 = DIRECTION ( 'NONE',  ( 0.3667524124622439374, -0.9303185841168195580, 0.000000000000000000 ) ) ;
#2985 = VECTOR ( 'NONE', #2403, 999.9999999999998863 ) ;
#2986 = EDGE_CURVE ( 'NONE', #4159, #2535, #2269, .T. ) ;
#2987 = VECTOR ( 'NONE', #624, 1000.000000000000000 ) ;
#2988 = VERTEX_POINT ( 'NONE', #2581 ) ;
#2989 = DIRECTION ( 'NONE',  ( -0.000000000000000000, -0.000000000000000000, -1.000000000000000000 ) ) ;
#2990 = DIRECTION ( 'NONE',  ( 0.9464840057326158185, -0.3227507194296265203, 0.000000000000000000 ) ) ;
#2991 = LINE ( 'NONE', #1703, #3116 ) ;
#2992 = CARTESIAN_POINT ( 'NONE',  ( -6.405447672397989400, -0.9628078415301438708, 11.00000000000000000 ) ) ;
#2993 = CARTESIAN_POINT ( 'NONE',  ( -6.251618380275175468, 1.695295387520142416, 5.000000000000000000 ) ) ;
#2994 = CARTESIAN_POINT ( 'NONE',  ( -2.641352261836299675, 5.914390674653902558, 11.00000000000000000 ) ) ;
#2995 = CARTESIAN_POINT ( 'NONE',  ( 11.26605656897999452, -0.9240748604526773935, 11.00000000000000000 ) ) ;
#2996 = CYLINDRICAL_SURFACE ( 'NONE', #90, 2.500000000000000000 ) ;
#2997 = DIRECTION ( 'NONE',  ( 0.7234861091053902404, -0.6903389384436773302, 0.000000000000000000 ) ) ;
#2998 = CARTESIAN_POINT ( 'NONE',  ( 0.000000000000000000, 0.000000000000000000, 11.00000000000000000 ) ) ;
#2999 = DIRECTION ( 'NONE',  ( 0.9670233793176322701, 0.2546876201410405716, -0.000000000000000000 ) ) ;
#3000 = DIRECTION ( 'NONE',  ( 1.000000000000000000, 0.000000000000000000, 0.000000000000000000 ) ) ;
#3001 = CARTESIAN_POINT ( 'NONE',  ( 11.28175021393535182, -0.6528955047153024438, 11.00000000000000000 ) ) ;
#3002 = ORIENTED_EDGE ( 'NONE', *, *, #732, .F. ) ;
#3003 = ORIENTED_EDGE ( 'NONE', *, *, #4157, .F. ) ;
#3004 = DIRECTION ( 'NONE',  ( -0.9945251283238637496, -0.1044976991727672583, 0.000000000000000000 ) ) ;
#3005 = EDGE_CURVE ( 'NONE', #2523, #1204, #2949, .T. ) ;
#3006 = CARTESIAN_POINT ( 'NONE',  ( -5.409154339901689923, -3.563398399093701929, 5.000000000000000000 ) ) ;
#3007 = ORIENTED_EDGE ( 'NONE', *, *, #297, .F. ) ;
#3008 = CARTESIAN_POINT ( 'NONE',  ( 1.532651631767926848, 11.19950552206734784, 5.000000000000000000 ) ) ;
#3009 = CARTESIAN_POINT ( 'NONE',  ( 6.398264798712729906, -1.009438650486008227, 11.00000000000000000 ) ) ;
#3010 = ORIENTED_EDGE ( 'NONE', *, *, #3043, .T. ) ;
#3011 = DIRECTION ( 'NONE',  ( -0.1486410118346872811, 0.9888912223297163795, 0.000000000000000000 ) ) ;
#3012 = ORIENTED_EDGE ( 'NONE', *, *, #1616, .T. ) ;
#3013 = CARTESIAN_POINT ( 'NONE',  ( 10.51318289192295907, 4.144532049663293805, 5.000000000000000000 ) ) ;
#3014 = CARTESIAN_POINT ( 'NONE',  ( 5.629068877018091221, 9.802628654649939932, 5.000000000000000000 ) ) ;
#3015 = DIRECTION ( 'NONE',  ( -0.4801193905843246235, -0.8772031525165289167, 0.000000000000000000 ) ) ;
#3016 = ADVANCED_FACE ( 'NONE', ( #1267 ), #3587, .T. ) ;
#3017 = DIRECTION ( 'NONE',  ( 0.1677181245478933103, -0.9858349916178352768, 0.000000000000000000 ) ) ;
#3018 = CARTESIAN_POINT ( 'NONE',  ( -5.177082440960597332, -9.134977690147771057, 11.00000000000000000 ) ) ;
#3019 = EDGE_CURVE ( 'NONE', #1756, #2137, #619, .T. ) ;
#3020 = CARTESIAN_POINT ( 'NONE',  ( 2.797748923831675949, 5.842033873809643119, 11.00000000000000000 ) ) ;
#3021 = FACE_OUTER_BOUND ( 'NONE', #3427, .T. ) ;
#3022 = ORIENTED_EDGE ( 'NONE', *, *, #3355, .T. ) ;
#3023 = EDGE_LOOP ( 'NONE', ( #1978, #2948 ) ) ;
#3024 = ORIENTED_EDGE ( 'NONE', *, *, #2416, .F. ) ;
#3025 = ADVANCED_FACE ( 'NONE', ( #1292 ), #2618, .T. ) ;
#3026 = ORIENTED_EDGE ( 'NONE', *, *, #355, .F. ) ;
#3027 = VECTOR ( 'NONE', #3862, 1000.000000000000000 ) ;
#3028 = VERTEX_POINT ( 'NONE', #4265 ) ;
#3029 = DIRECTION ( 'NONE',  ( -0.4566146066608867682, 0.8896646002758138438, 0.000000000000000000 ) ) ;
#3030 = EDGE_CURVE ( 'NONE', #1666, #1855, #1306, .T. ) ;
#3031 = CARTESIAN_POINT ( 'NONE',  ( -10.58417594869109912, 3.969025629839998182, 5.000000000000000000 ) ) ;
#3032 = ORIENTED_EDGE ( 'NONE', *, *, #2765, .T. ) ;
#3033 = AXIS2_PLACEMENT_3D ( 'NONE', #21, #3370, #1619 ) ;
#3034 = EDGE_CURVE ( 'NONE', #1233, #4183, #3929, .T. ) ;
#3035 = ORIENTED_EDGE ( 'NONE', *, *, #190, .F. ) ;
#3036 = PLANE ( 'NONE',  #2625 ) ;
#3037 = DIRECTION ( 'NONE',  ( -0.2617245216441049238, -0.9651426188756584423, 0.000000000000000000 ) ) ;
#3038 = VECTOR ( 'NONE', #2593, 1000.000000000000000 ) ;
#3039 = VECTOR ( 'NONE', #4058, 1000.000000000000000 ) ;
#3040 = FACE_OUTER_BOUND ( 'NONE', #4145, .T. ) ;
#3041 = ADVANCED_FACE ( 'NONE', ( #1886 ), #962, .T. ) ;
#3042 = VECTOR ( 'NONE', #3406, 1000.000000000000114 ) ;
#3043 = EDGE_CURVE ( 'NONE', #3376, #3839, #249, .T. ) ;
#3044 = PLANE ( 'NONE',  #1926 ) ;
#3045 = DIRECTION ( 'NONE',  ( 0.000000000000000000, 0.000000000000000000, 1.000000000000000000 ) ) ;
#3046 = AXIS2_PLACEMENT_3D ( 'NONE', #755, #2077, #1765 ) ;
#3047 = LINE ( 'NONE', #2431, #4332 ) ;
#3048 = MECHANICAL_DESIGN_GEOMETRIC_PRESENTATION_REPRESENTATION (  '', ( #609 ), #1159 ) ;
#3049 = ORIENTED_EDGE ( 'NONE', *, *, #710, .T. ) ;
#3050 = ORIENTED_EDGE ( 'NONE', *, *, #1084, .T. ) ;
#3051 = AXIS2_PLACEMENT_3D ( 'NONE', #2812, #849, #874 ) ;
#3052 = ORIENTED_EDGE ( 'NONE', *, *, #255, .F. ) ;
#3053 = AXIS2_PLACEMENT_3D ( 'NONE', #3965, #4284, #2595 ) ;
#3054 = EDGE_LOOP ( 'NONE', ( #1072, #2409, #3979, #1859 ) ) ;
#3055 = DIRECTION ( 'NONE',  ( -0.9773969907484417741, -0.2114122098552737583, 0.000000000000000000 ) ) ;
#3056 = DIRECTION ( 'NONE',  ( -0.1213333798546334386, -0.9926118128115599681, 0.000000000000000000 ) ) ;
#3057 = FACE_OUTER_BOUND ( 'NONE', #1303, .T. ) ;
#3058 = DIRECTION ( 'NONE',  ( 1.000000000000000000, 0.000000000000000000, 0.000000000000000000 ) ) ;
#3059 = CIRCLE ( 'NONE', #1713, 2.500000000000000000 ) ;
#3060 = ORIENTED_EDGE ( 'NONE', *, *, #1134, .F. ) ;
#3061 = CARTESIAN_POINT ( 'NONE',  ( 6.806038177178730386, -9.021197523638058158, 5.000000000000000000 ) ) ;
#3062 = DIRECTION ( 'NONE',  ( 0.9926118128115598571, -0.1213333798546334247, 0.000000000000000000 ) ) ;
#3063 = VECTOR ( 'NONE', #3736, 1000.000000000000114 ) ;
#3064 = CARTESIAN_POINT ( 'NONE',  ( 8.489489480039569713, -6.178880834608928119, 11.00000000000000000 ) ) ;
#3065 = PLANE ( 'NONE',  #467 ) ;
#3066 = VERTEX_POINT ( 'NONE', #3630 ) ;
#3067 = LINE ( 'NONE', #2101, #3825 ) ;
#3068 = CARTESIAN_POINT ( 'NONE',  ( 10.20528756947152615, 2.470244041464316087, 11.00000000000000000 ) ) ;
#3069 = EDGE_CURVE ( 'NONE', #3686, #3415, #2288, .T. ) ;
#3070 = DIRECTION ( 'NONE',  ( -1.000000000000000000, 0.000000000000000000, 0.000000000000000000 ) ) ;
#3071 = ORIENTED_EDGE ( 'NONE', *, *, #3094, .T. ) ;
#3072 = VERTEX_POINT ( 'NONE', #3264 ) ;
#3073 = EDGE_CURVE ( 'NONE', #3347, #1112, #2656, .T. ) ;
#3074 = ORIENTED_EDGE ( 'NONE', *, *, #3174, .F. ) ;
#3075 = ORIENTED_EDGE ( 'NONE', *, *, #2217, .T. ) ;
#3076 = LINE ( 'NONE', #1699, #4324 ) ;
#3077 = CARTESIAN_POINT ( 'NONE',  ( -9.877091075793407171, -5.497364536180957550, 11.00000000000000000 ) ) ;
#3078 = LINE ( 'NONE', #62, #733 ) ;
#3079 = EDGE_CURVE ( 'NONE', #2745, #2443, #4189, .T. ) ;
#3080 = VERTEX_POINT ( 'NONE', #3241 ) ;
#3081 = ORIENTED_EDGE ( 'NONE', *, *, #4358, .T. ) ;
#3082 = DIRECTION ( 'NONE',  ( -0.000000000000000000, -0.000000000000000000, -1.000000000000000000 ) ) ;
#3083 = DIRECTION ( 'NONE',  ( -1.000000000000000000, 0.000000000000000000, 0.000000000000000000 ) ) ;
#3084 = LINE ( 'NONE', #4010, #3256 ) ;
#3085 = ORIENTED_EDGE ( 'NONE', *, *, #4132, .F. ) ;
#3086 = ADVANCED_FACE ( 'NONE', ( #1329 ), #1967, .T. ) ;
#3087 =( NAMED_UNIT ( * ) SI_UNIT ( $, .STERADIAN. ) SOLID_ANGLE_UNIT ( ) );
#3088 = LINE ( 'NONE', #2748, #3245 ) ;
#3089 = DIRECTION ( 'NONE',  ( -0.9977249188359892385, 0.06741651380573476793, 0.000000000000000000 ) ) ;
#3090 = DIRECTION ( 'NONE',  ( -0.000000000000000000, -0.000000000000000000, -1.000000000000000000 ) ) ;
#3091 = ORIENTED_EDGE ( 'NONE', *, *, #2537, .F. ) ;
#3092 = ADVANCED_FACE ( 'NONE', ( #3300 ), #1649, .T. ) ;
#3093 = ORIENTED_EDGE ( 'NONE', *, *, #3465, .T. ) ;
#3094 = EDGE_CURVE ( 'NONE', #4356, #2849, #1624, .T. ) ;
#3095 = EDGE_CURVE ( 'NONE', #3692, #3983, #2981, .T. ) ;
#3096 = ORIENTED_EDGE ( 'NONE', *, *, #3718, .F. ) ;
#3097 = EDGE_LOOP ( 'NONE', ( #2278, #989, #2347, #1995 ) ) ;
#3098 = DIRECTION ( 'NONE',  ( -0.000000000000000000, -0.000000000000000000, -1.000000000000000000 ) ) ;
#3099 = CARTESIAN_POINT ( 'NONE',  ( -4.516665994855982191, -4.642896414357357671, 5.000000000000000000 ) ) ;
#3100 = CARTESIAN_POINT ( 'NONE',  ( -10.00345142633030804, -5.256911639999092500, 5.000000000000000000 ) ) ;
#3101 = EDGE_CURVE ( 'NONE', #2031, #853, #2331, .T. ) ;
#3102 = ORIENTED_EDGE ( 'NONE', *, *, #1, .T. ) ;
#3103 = VECTOR ( 'NONE', #1247, 1000.000000000000000 ) ;
#3104 = ORIENTED_EDGE ( 'NONE', *, *, #3079, .T. ) ;
#3105 = CARTESIAN_POINT ( 'NONE',  ( -5.557518628682342587, 9.843369933870551591, 11.00000000000000000 ) ) ;
#3106 = CARTESIAN_POINT ( 'NONE',  ( 3.988203702310366250, 5.104017050561130198, 11.00000000000000000 ) ) ;
#3107 = CARTESIAN_POINT ( 'NONE',  ( -10.01801773250103267, 3.144729036227912999, 11.00000000000000000 ) ) ;
#3108 = VECTOR ( 'NONE', #3062, 1000.000000000000114 ) ;
#3109 = VERTEX_POINT ( 'NONE', #2701 ) ;
#3110 = AXIS2_PLACEMENT_3D ( 'NONE', #2175, #2513, #2131 ) ;
#3111 = CARTESIAN_POINT ( 'NONE',  ( -4.000000000000000000, 0.000000000000000000, 12.00000000000000000 ) ) ;
#3112 = DIRECTION ( 'NONE',  ( -0.6972957371511999680, -0.7167835481864553993, 0.000000000000000000 ) ) ;
#3113 = PLANE ( 'NONE',  #3955 ) ;
#3114 = VECTOR ( 'NONE', #167, 1000.000000000000000 ) ;
#3115 = ORIENTED_EDGE ( 'NONE', *, *, #1398, .T. ) ;
#3116 = VECTOR ( 'NONE', #3315, 999.9999999999998863 ) ;
#3117 = ORIENTED_EDGE ( 'NONE', *, *, #439, .F. ) ;
#3118 = EDGE_LOOP ( 'NONE', ( #3276, #3866, #1384, #1228 ) ) ;
#3119 = CIRCLE ( 'NONE', #2274, 10.50000000000000000 ) ;
#3120 = ORIENTED_EDGE ( 'NONE', *, *, #2610, .F. ) ;
#3121 = ORIENTED_EDGE ( 'NONE', *, *, #2639, .T. ) ;
#3122 = DIRECTION ( 'NONE',  ( 0.8636392140471258472, 0.5041104124693942534, 0.000000000000000000 ) ) ;
#3123 = DIRECTION ( 'NONE',  ( -0.000000000000000000, -0.000000000000000000, -1.000000000000000000 ) ) ;
#3124 = VECTOR ( 'NONE', #2511, 1000.000000000000227 ) ;
#3125 = LINE ( 'NONE', #1791, #1364 ) ;
#3126 = EDGE_CURVE ( 'NONE', #2866, #1736, #1667, .T. ) ;
#3127 = AXIS2_PLACEMENT_3D ( 'NONE', #3319, #940, #294 ) ;
#3128 = VERTEX_POINT ( 'NONE', #1682 ) ;
#3129 = DIRECTION ( 'NONE',  ( -0.7924365037341237761, -0.6099544143209704172, 0.000000000000000000 ) ) ;
#3130 = LINE ( 'NONE', #117, #3883 ) ;
#3131 = DIRECTION ( 'NONE',  ( -0.000000000000000000, -0.000000000000000000, -1.000000000000000000 ) ) ;
#3132 = EDGE_CURVE ( 'NONE', #2127, #3686, #2032, .T. ) ;
#3133 = VECTOR ( 'NONE', #3533, 1000.000000000000000 ) ;
#3134 = DIRECTION ( 'NONE',  ( 0.9793936660085408308, 0.2019605084722033428, 0.000000000000000000 ) ) ;
#3135 = LINE ( 'NONE', #2512, #2036 ) ;
#3136 = DIRECTION ( 'NONE',  ( 0.9625692770947528176, -0.2710357666310572733, 0.000000000000000000 ) ) ;
#3137 = CARTESIAN_POINT ( 'NONE',  ( 0.000000000000000000, 0.000000000000000000, 12.00000000000000000 ) ) ;
#3138 = EDGE_CURVE ( 'NONE', #1073, #1816, #1707, .T. ) ;
#3139 = ORIENTED_EDGE ( 'NONE', *, *, #2018, .F. ) ;
#3140 = CARTESIAN_POINT ( 'NONE',  ( -8.882320425793317042, -5.599498535898982610, 5.000000000000000000 ) ) ;
#3141 = ORIENTED_EDGE ( 'NONE', *, *, #3407, .T. ) ;
#3142 = DIRECTION ( 'NONE',  ( -0.000000000000000000, -0.000000000000000000, -1.000000000000000000 ) ) ;
#3143 = ORIENTED_EDGE ( 'NONE', *, *, #4097, .T. ) ;
#3144 = ORIENTED_EDGE ( 'NONE', *, *, #3069, .F. ) ;
#3145 = CARTESIAN_POINT ( 'NONE',  ( -0.9107435438973024988, 11.26714210261090621, 11.00000000000000000 ) ) ;
#3146 = VERTEX_POINT ( 'NONE', #1746 ) ;
#3147 = CYLINDRICAL_SURFACE ( 'NONE', #4190, 10.50000000000000000 ) ;
#3148 = DIRECTION ( 'NONE',  ( 0.7879726629679192351, -0.6157102260115921988, 0.000000000000000000 ) ) ;
#3149 = DIRECTION ( 'NONE',  ( 0.05050193928634644225, -0.9987239629288555687, 0.000000000000000000 ) ) ;
#3150 = CARTESIAN_POINT ( 'NONE',  ( -7.771669198173493776, 7.060535239920654682, 11.00000000000000000 ) ) ;
#3151 = EDGE_CURVE ( 'NONE', #3983, #2502, #353, .T. ) ;
#3152 = DIRECTION ( 'NONE',  ( 0.6574672138906290098, 0.7534831535335704267, 0.000000000000000000 ) ) ;
#3153 = LINE ( 'NONE', #3790, #4018 ) ;
#3154 = CARTESIAN_POINT ( 'NONE',  ( -10.31390553733085547, -1.968083475621895895, 11.00000000000000000 ) ) ;
#3155 = ADVANCED_FACE ( 'NONE', ( #1415 ), #2740, .T. ) ;
#3156 = LINE ( 'NONE', #3885, #2209 ) ;
#3157 = EDGE_LOOP ( 'NONE', ( #269, #2300, #3416, #3049 ) ) ;
#3158 = CARTESIAN_POINT ( 'NONE',  ( 9.145593224530003340, 5.158306366573330415, 11.00000000000000000 ) ) ;
#3159 = ORIENTED_EDGE ( 'NONE', *, *, #2425, .F. ) ;
#3160 = ORIENTED_EDGE ( 'NONE', *, *, #905, .T. ) ;
#3161 = CARTESIAN_POINT ( 'NONE',  ( 0.000000000000000000, 0.000000000000000000, 0.000000000000000000 ) ) ;
#3162 = VERTEX_POINT ( 'NONE', #674 ) ;
#3163 = DIRECTION ( 'NONE',  ( -0.000000000000000000, -0.000000000000000000, -1.000000000000000000 ) ) ;
#3164 = ORIENTED_EDGE ( 'NONE', *, *, #2965, .F. ) ;
#3165 = FACE_OUTER_BOUND ( 'NONE', #3257, .T. ) ;
#3166 = DIRECTION ( 'NONE',  ( -0.000000000000000000, -0.000000000000000000, -1.000000000000000000 ) ) ;
#3167 = LINE ( 'NONE', #425, #3818 ) ;
#3168 = EDGE_LOOP ( 'NONE', ( #3081, #2734, #1336, #883 ) ) ;
#3169 = DIRECTION ( 'NONE',  ( -0.000000000000000000, -0.000000000000000000, -1.000000000000000000 ) ) ;
#3170 = PLANE ( 'NONE',  #3438 ) ;
#3171 = VECTOR ( 'NONE', #3541, 1000.000000000000000 ) ;
#3172 = DIRECTION ( 'NONE',  ( -0.7982918012086476223, -0.6022708693960326931, 0.000000000000000000 ) ) ;
#3173 = EDGE_CURVE ( 'NONE', #79, #661, #4037, .T. ) ;
#3174 = EDGE_CURVE ( 'NONE', #3028, #534, #1375, .T. ) ;
#3175 = DIRECTION ( 'NONE',  ( 0.8587291156910729084, 0.5124298057923912797, 0.000000000000000000 ) ) ;
#3176 = VECTOR ( 'NONE', #3668, 1000.000000000000000 ) ;
#3177 = ADVANCED_FACE ( 'NONE', ( #695 ), #3036, .T. ) ;
#3178 = VERTEX_POINT ( 'NONE', #4102 ) ;
#3179 = ORIENTED_EDGE ( 'NONE', *, *, #3827, .F. ) ;
#3180 = VECTOR ( 'NONE', #685, 1000.000000000000000 ) ;
#3181 = CLOSED_SHELL ( 'NONE', ( #1200, #3305, #686, #900, #2584, #639, #1508, #2936, #4144, #3155, #472, #2709, #3458, #2284, #2938, #91, #433, #831, #757, #144, #2676, #3086, #3963, #1118, #2166, #382, #94, #3335, #1823, #1095, #4016, #2931, #3606, #175, #1481, #148, #1405, #3491, #3990, #704, #1728, #3635, #2673, #11, #1224, #3879, #3796, #1846, #2729, #1985, #2588, #2660, #2638, #4346, #2260, #4087, #1354, #3016, #1312, #411, #552, #1076, #2096, #2738, #2732, #1601, #2825, #3472, #3092, #4209, #872, #2481, #1305, #1082, #1385, #2253, #2902, #1431, #3880, #1005, #1089, #2448, #1530, #3586, #3384, #3177, #3206, #2120, #3025, #3552, #2034, #3518, #2227, #479, #245, #4244, #894, #4059, #1185, #1060, #3646, #2766, #3909, #2711, #2316, #2562, #1035, #3375, #3041, #3651, #672, #4011, #3486, #1195, #1610, #2839, #261, #914, #4318, #506, #2162, #3717, #1297, #3903, #480, #199, #1326, #2636, #3212, #1665 ) ) ;
#3182 = VECTOR ( 'NONE', #1652, 1000.000000000000000 ) ;
#3183 = ORIENTED_EDGE ( 'NONE', *, *, #3234, .T. ) ;
#3184 = VERTEX_POINT ( 'NONE', #2720 ) ;
#3185 = VERTEX_POINT ( 'NONE', #3378 ) ;
#3186 = CARTESIAN_POINT ( 'NONE',  ( 0.000000000000000000, 0.000000000000000000, 12.00000000000000000 ) ) ;
#3187 = AXIS2_PLACEMENT_3D ( 'NONE', #3536, #3262, #3220 ) ;
#3188 = DIRECTION ( 'NONE',  ( 0.000000000000000000, 0.000000000000000000, -1.000000000000000000 ) ) ;
#3189 = EDGE_CURVE ( 'NONE', #759, #2594, #4061, .T. ) ;
#3190 = VECTOR ( 'NONE', #859, 1000.000000000000000 ) ;
#3191 = ORIENTED_EDGE ( 'NONE', *, *, #825, .T. ) ;
#3192 = CARTESIAN_POINT ( 'NONE',  ( 7.000000000000000000, 8.572527594031473190E-16, 5.000000000000000000 ) ) ;
#3193 = DIRECTION ( 'NONE',  ( -1.000000000000000000, 0.000000000000000000, 0.000000000000000000 ) ) ;
#3194 = PLANE ( 'NONE',  #3671 ) ;
#3195 = DIRECTION ( 'NONE',  ( 0.7707060933162913630, 0.6371908016639442618, -0.000000000000000000 ) ) ;
#3196 = ORIENTED_EDGE ( 'NONE', *, *, #2944, .T. ) ;
#3197 = EDGE_CURVE ( 'NONE', #2490, #2753, #4129, .T. ) ;
#3198 = PLANE ( 'NONE',  #3051 ) ;
#3199 = DIRECTION ( 'NONE',  ( -0.9758311669186481296, 0.2185258192301071933, 0.000000000000000000 ) ) ;
#3200 = VECTOR ( 'NONE', #3090, 1000.000000000000000 ) ;
#3201 = EDGE_CURVE ( 'NONE', #3347, #1012, #2356, .T. ) ;
#3202 = CARTESIAN_POINT ( 'NONE',  ( 0.000000000000000000, 0.000000000000000000, 11.00000000000000000 ) ) ;
#3203 = CARTESIAN_POINT ( 'NONE',  ( 3.610761202405437409, -9.859635061157366209, 5.000000000000000000 ) ) ;
#3204 = VECTOR ( 'NONE', #2310, 1000.000000000000114 ) ;
#3205 = ORIENTED_EDGE ( 'NONE', *, *, #3833, .T. ) ;
#3206 = ADVANCED_FACE ( 'NONE', ( #2375 ), #2014, .T. ) ;
#3207 = DIRECTION ( 'NONE',  ( -0.9988411564176868929, 0.04812841412490155568, 0.000000000000000000 ) ) ;
#3208 = AXIS2_PLACEMENT_3D ( 'NONE', #3824, #3617, #2935 ) ;
#3209 = ORIENTED_EDGE ( 'NONE', *, *, #145, .F. ) ;
#3210 = ORIENTED_EDGE ( 'NONE', *, *, #1873, .F. ) ;
#3211 = DIRECTION ( 'NONE',  ( 0.9981895036562622447, 0.06014744209411387876, -0.000000000000000000 ) ) ;
#3212 = ADVANCED_FACE ( 'NONE', ( #1090 ), #735, .T. ) ;
#3213 = DIRECTION ( 'NONE',  ( 0.05777515979386498024, 0.9983296203713447614, 0.000000000000000000 ) ) ;
#3214 = EDGE_LOOP ( 'NONE', ( #2368, #497, #4196, #2554 ) ) ;
#3215 = CARTESIAN_POINT ( 'NONE',  ( -7.543620499357020392, 8.418535188787801715, 11.00000000000000000 ) ) ;
#3216 = EDGE_CURVE ( 'NONE', #4094, #1680, #2079, .T. ) ;
#3217 = ORIENTED_EDGE ( 'NONE', *, *, #1249, .T. ) ;
#3218 = DIRECTION ( 'NONE',  ( 0.2803217181886750176, 0.9599061070290931807, 0.000000000000000000 ) ) ;
#3219 = DIRECTION ( 'NONE',  ( 0.1748943541949495584, 0.9845872053153704728, 0.000000000000000000 ) ) ;
#3220 = DIRECTION ( 'NONE',  ( -1.000000000000000000, 0.000000000000000000, 0.000000000000000000 ) ) ;
#3221 = ORIENTED_EDGE ( 'NONE', *, *, #3984, .F. ) ;
#3222 = CARTESIAN_POINT ( 'NONE',  ( 4.954567246654685952, -10.16022678691545877, 11.00000000000000000 ) ) ;
#3223 = DIRECTION ( 'NONE',  ( -0.9518166464392330273, -0.3066676891378875003, 0.000000000000000000 ) ) ;
#3224 = LINE ( 'NONE', #1888, #3891 ) ;
#3225 = CARTESIAN_POINT ( 'NONE',  ( 0.2304749509641247640, -11.30154087990464618, 5.000000000000000000 ) ) ;
#3226 = ORIENTED_EDGE ( 'NONE', *, *, #4325, .F. ) ;
#3227 = LINE ( 'NONE', #2107, #3812 ) ;
#3228 = ORIENTED_EDGE ( 'NONE', *, *, #2589, .F. ) ;
#3229 = VERTEX_POINT ( 'NONE', #3105 ) ;
#3230 = DIRECTION ( 'NONE',  ( 0.2090889120706310444, 0.9778966340309797056, -0.000000000000000000 ) ) ;
#3231 = ORIENTED_EDGE ( 'NONE', *, *, #3961, .F. ) ;
#3232 = CARTESIAN_POINT ( 'NONE',  ( 0.000000000000000000, 0.000000000000000000, 11.00000000000000000 ) ) ;
#3233 = EDGE_CURVE ( 'NONE', #3799, #434, #88, .T. ) ;
#3234 = EDGE_CURVE ( 'NONE', #1580, #1636, #3342, .T. ) ;
#3235 = ORIENTED_EDGE ( 'NONE', *, *, #1117, .T. ) ;
#3236 = CARTESIAN_POINT ( 'NONE',  ( 3.988203702310366250, 5.104017050561130198, 11.00000000000000000 ) ) ;
#3237 = CARTESIAN_POINT ( 'NONE',  ( 0.000000000000000000, 0.000000000000000000, -22.00000000000000000 ) ) ;
#3238 = EDGE_CURVE ( 'NONE', #4202, #2652, #3855, .T. ) ;
#3239 = LINE ( 'NONE', #227, #2340 ) ;
#3240 = VERTEX_POINT ( 'NONE', #475 ) ;
#3241 = CARTESIAN_POINT ( 'NONE',  ( 11.20131120659796409, 1.519398636342918163, 11.00000000000000000 ) ) ;
#3242 = CARTESIAN_POINT ( 'NONE',  ( -3.851018080690994161, 5.208302848887711001, 11.00000000000000000 ) ) ;
#3243 = DIRECTION ( 'NONE',  ( 0.2617245216441049238, 0.9651426188756584423, 0.000000000000000000 ) ) ;
#3244 = DIRECTION ( 'NONE',  ( 0.6022708693960326931, -0.7982918012086476223, 0.000000000000000000 ) ) ;
#3245 = VECTOR ( 'NONE', #7, 1000.000000000000000 ) ;
#3246 = VERTEX_POINT ( 'NONE', #4212 ) ;
#3247 = LINE ( 'NONE', #1252, #2041 ) ;
#3248 = CARTESIAN_POINT ( 'NONE',  ( -3.950920986310968885, 5.132931149301463769, 5.000000000000000000 ) ) ;
#3249 = CARTESIAN_POINT ( 'NONE',  ( 10.95125821099185970, -2.801408317143578852, 5.000000000000000000 ) ) ;
#3250 = ORIENTED_EDGE ( 'NONE', *, *, #933, .F. ) ;
#3251 = AXIS2_PLACEMENT_3D ( 'NONE', #3871, #2572, #1600 ) ;
#3252 = ORIENTED_EDGE ( 'NONE', *, *, #2304, .T. ) ;
#3253 = LINE ( 'NONE', #3277, #3190 ) ;
#3254 = VERTEX_POINT ( 'NONE', #3440 ) ;
#3255 = CARTESIAN_POINT ( 'NONE',  ( -11.10010439580882569, 2.136732871774928100, 11.00000000000000000 ) ) ;
#3256 = VECTOR ( 'NONE', #3678, 1000.000000000000000 ) ;
#3257 = EDGE_LOOP ( 'NONE', ( #3620, #1945, #2115, #416 ) ) ;
#3258 = ORIENTED_EDGE ( 'NONE', *, *, #3073, .F. ) ;
#3259 = EDGE_CURVE ( 'NONE', #3246, #26, #2506, .T. ) ;
#3260 = CARTESIAN_POINT ( 'NONE',  ( -11.14502568970421059, 1.868839962527845122, 5.000000000000000000 ) ) ;
#3261 = VECTOR ( 'NONE', #3437, 1000.000000000000000 ) ;
#3262 = DIRECTION ( 'NONE',  ( 0.000000000000000000, 0.000000000000000000, -1.000000000000000000 ) ) ;
#3263 = VECTOR ( 'NONE', #395, 1000.000000000000114 ) ;
#3264 = CARTESIAN_POINT ( 'NONE',  ( -10.97137275122148736, -2.721566629155466988, 11.00000000000000000 ) ) ;
#3265 = DIRECTION ( 'NONE',  ( -0.000000000000000000, -0.000000000000000000, -1.000000000000000000 ) ) ;
#3266 = EDGE_CURVE ( 'NONE', #1872, #3307, #460, .T. ) ;
#3267 = DIRECTION ( 'NONE',  ( -0.5581689404309843061, 0.8297273250521235433, 0.000000000000000000 ) ) ;
#3268 = VECTOR ( 'NONE', #277, 1000.000000000000000 ) ;
#3269 = DIRECTION ( 'NONE',  ( -0.9736746339038261366, 0.2279423332605203523, 0.000000000000000000 ) ) ;
#3270 = CIRCLE ( 'NONE', #3542, 2.500000000000000000 ) ;
#3271 = VERTEX_POINT ( 'NONE', #1456 ) ;
#3272 = CARTESIAN_POINT ( 'NONE',  ( 3.888852443383111090, 5.180114428961465123, 5.000000000000000000 ) ) ;
#3273 = VECTOR ( 'NONE', #3569, 1000.000000000000114 ) ;
#3274 = ORIENTED_EDGE ( 'NONE', *, *, #2944, .F. ) ;
#3275 = VECTOR ( 'NONE', #495, 1000.000000000000000 ) ;
#3276 = ORIENTED_EDGE ( 'NONE', *, *, #2875, .T. ) ;
#3277 = CARTESIAN_POINT ( 'NONE',  ( 3.019124346580250418, -10.05658431973234102, 11.00000000000000000 ) ) ;
#3278 = LINE ( 'NONE', #579, #1243 ) ;
#3279 = CARTESIAN_POINT ( 'NONE',  ( 5.383055571824837848, -3.602703364723089052, 11.00000000000000000 ) ) ;
#3280 = VERTEX_POINT ( 'NONE', #1149 ) ;
#3281 = DIRECTION ( 'NONE',  ( 1.000000000000000000, 0.000000000000000000, 0.000000000000000000 ) ) ;
#3282 = DIRECTION ( 'NONE',  ( -0.9934692558870669155, -0.1141001209780145298, 0.000000000000000000 ) ) ;
#3283 = DIRECTION ( 'NONE',  ( -1.000000000000000000, 0.000000000000000000, 0.000000000000000000 ) ) ;
#3284 = DIRECTION ( 'NONE',  ( -0.9778966340309797056, 0.2090889120706310444, 0.000000000000000000 ) ) ;
#3285 = LINE ( 'NONE', #4306, #3514 ) ;
#3286 = LINE ( 'NONE', #260, #2974 ) ;
#3287 = LINE ( 'NONE', #2273, #3471 ) ;
#3288 = EDGE_CURVE ( 'NONE', #133, #1518, #823, .T. ) ;
#3289 = FACE_OUTER_BOUND ( 'NONE', #3414, .T. ) ;
#3290 = EDGE_CURVE ( 'NONE', #853, #2519, #3836, .T. ) ;
#3291 = ORIENTED_EDGE ( 'NONE', *, *, #2853, .F. ) ;
#3292 = ORIENTED_EDGE ( 'NONE', *, *, #2579, .T. ) ;
#3293 = CARTESIAN_POINT ( 'NONE',  ( 2.500000000000000000, 0.000000000000000000, 0.000000000000000000 ) ) ;
#3294 = LINE ( 'NONE', #3662, #724 ) ;
#3295 = EDGE_CURVE ( 'NONE', #1694, #1613, #4148, .T. ) ;
#3296 = VERTEX_POINT ( 'NONE', #184 ) ;
#3297 = FACE_OUTER_BOUND ( 'NONE', #726, .T. ) ;
#3298 = DIRECTION ( 'NONE',  ( -1.000000000000000000, 0.000000000000000000, 0.000000000000000000 ) ) ;
#3299 = DIRECTION ( 'NONE',  ( 0.5721472539541644364, 0.8201509128158723794, 0.000000000000000000 ) ) ;
#3300 = FACE_OUTER_BOUND ( 'NONE', #3869, .T. ) ;
#3301 = CARTESIAN_POINT ( 'NONE',  ( -3.682481566408342566, -9.833073248637111519, 11.00000000000000000 ) ) ;
#3302 = DIRECTION ( 'NONE',  ( 1.000000000000000000, 0.000000000000000000, 0.000000000000000000 ) ) ;
#3303 = DIRECTION ( 'NONE',  ( 0.8537388795565223898, 0.5207013784632932296, 0.000000000000000000 ) ) ;
#3304 = DIRECTION ( 'NONE',  ( -1.000000000000000000, 0.000000000000000000, 0.000000000000000000 ) ) ;
#3305 = ADVANCED_FACE ( 'NONE', ( #2144 ), #1811, .T. ) ;
#3306 = CARTESIAN_POINT ( 'NONE',  ( 0.000000000000000000, 0.000000000000000000, 1.000000000000000000 ) ) ;
#3307 = VERTEX_POINT ( 'NONE', #2190 ) ;
#3308 = EDGE_LOOP ( 'NONE', ( #828, #178, #170, #1187 ) ) ;
#3309 = DIRECTION ( 'NONE',  ( 0.7582520610556905405, 0.6519615110608887321, -0.000000000000000000 ) ) ;
#3310 = VECTOR ( 'NONE', #1794, 1000.000000000000000 ) ;
#3311 = VECTOR ( 'NONE', #2665, 1000.000000000000000 ) ;
#3312 = VERTEX_POINT ( 'NONE', #3534 ) ;
#3313 = LINE ( 'NONE', #274, #888 ) ;
#3314 = LINE ( 'NONE', #3713, #15 ) ;
#3315 = DIRECTION ( 'NONE',  ( 0.9753091034610330556, 0.2208441819610289514, 0.000000000000000000 ) ) ;
#3316 = AXIS2_PLACEMENT_3D ( 'NONE', #4340, #3089, #1943 ) ;
#3317 = AXIS2_PLACEMENT_3D ( 'NONE', #2798, #3207, #2847 ) ;
#3318 = VECTOR ( 'NONE', #2291, 1000.000000000000000 ) ;
#3319 = CARTESIAN_POINT ( 'NONE',  ( 0.000000000000000000, 0.000000000000000000, 11.00000000000000000 ) ) ;
#3320 = CARTESIAN_POINT ( 'NONE',  ( -4.880614574191747046, 4.258680570520386510, 5.000000000000000000 ) ) ;
#3321 = CARTESIAN_POINT ( 'NONE',  ( 10.46623223472574438, 0.8414171431506021204, 5.000000000000000000 ) ) ;
#3322 = VECTOR ( 'NONE', #3299, 1000.000000000000114 ) ;
#3323 = PLANE ( 'NONE',  #543 ) ;
#3324 = DIRECTION ( 'NONE',  ( -0.000000000000000000, -0.000000000000000000, -1.000000000000000000 ) ) ;
#3325 = VECTOR ( 'NONE', #4133, 1000.000000000000000 ) ;
#3326 = ORIENTED_EDGE ( 'NONE', *, *, #2110, .F. ) ;
#3327 = DIRECTION ( 'NONE',  ( -1.000000000000000000, 0.000000000000000000, 0.000000000000000000 ) ) ;
#3328 = CARTESIAN_POINT ( 'NONE',  ( -10.58417594869109912, 3.969025629839998182, 11.00000000000000000 ) ) ;
#3329 = VECTOR ( 'NONE', #423, 1000.000000000000114 ) ;
#3330 = EDGE_CURVE ( 'NONE', #673, #1528, #540, .T. ) ;
#3331 = EDGE_LOOP ( 'NONE', ( #440, #2122, #1044, #1335 ) ) ;
#3332 = DIRECTION ( 'NONE',  ( 0.000000000000000000, 0.000000000000000000, -1.000000000000000000 ) ) ;
#3333 = EDGE_LOOP ( 'NONE', ( #2143, #2865, #3367, #3358 ) ) ;
#3334 = DIRECTION ( 'NONE',  ( 0.6501577485948529800, 0.7597992510802257238, 0.000000000000000000 ) ) ;
#3335 = ADVANCED_FACE ( 'NONE', ( #3165 ), #2440, .T. ) ;
#3336 = VERTEX_POINT ( 'NONE', #2834 ) ;
#3337 = CARTESIAN_POINT ( 'NONE',  ( -8.534270344115173046, -6.116880715982316197, 5.000000000000000000 ) ) ;
#3338 = CARTESIAN_POINT ( 'NONE',  ( 3.647285349120042319, 10.69586228463148458, 11.00000000000000000 ) ) ;
#3339 = CARTESIAN_POINT ( 'NONE',  ( 4.724036929421081332, 9.377285059624981045, 11.00000000000000000 ) ) ;
#3340 = ORIENTED_EDGE ( 'NONE', *, *, #4097, .F. ) ;
#3341 = CARTESIAN_POINT ( 'NONE',  ( 4.159069340692822969, 9.641169131350670440, 11.00000000000000000 ) ) ;
#3342 = LINE ( 'NONE', #845, #1237 ) ;
#3343 = DIRECTION ( 'NONE',  ( -0.6574672138906290098, -0.7534831535335704267, 0.000000000000000000 ) ) ;
#3344 = CARTESIAN_POINT ( 'NONE',  ( 9.619286666718521062, -4.209432743671203347, 11.00000000000000000 ) ) ;
#3345 = CARTESIAN_POINT ( 'NONE',  ( 0.000000000000000000, 0.000000000000000000, 12.00000000000000000 ) ) ;
#3346 = LINE ( 'NONE', #344, #325 ) ;
#3347 = VERTEX_POINT ( 'NONE', #1862 ) ;
#3348 = ORIENTED_EDGE ( 'NONE', *, *, #2809, .F. ) ;
#3349 = VERTEX_POINT ( 'NONE', #1174 ) ;
#3350 = ORIENTED_EDGE ( 'NONE', *, *, #803, .F. ) ;
#3351 = CARTESIAN_POINT ( 'NONE',  ( 0.9927876096865427824, 11.26020948851444459, 11.00000000000000000 ) ) ;
#3352 = DIRECTION ( 'NONE',  ( 0.9947706500000884633, -0.1021339997180250314, 0.000000000000000000 ) ) ;
#3353 = PLANE ( 'NONE',  #1144 ) ;
#3354 = LINE ( 'NONE', #3009, #2830 ) ;
#3355 = EDGE_CURVE ( 'NONE', #1372, #577, #1495, .T. ) ;
#3356 = EDGE_CURVE ( 'NONE', #3431, #504, #207, .T. ) ;
#3357 = ORIENTED_EDGE ( 'NONE', *, *, #928, .F. ) ;
#3358 = ORIENTED_EDGE ( 'NONE', *, *, #1854, .T. ) ;
#3359 = DIRECTION ( 'NONE',  ( -0.3667524124622439374, 0.9303185841168195580, 0.000000000000000000 ) ) ;
#3360 = FACE_OUTER_BOUND ( 'NONE', #2858, .T. ) ;
#3361 = LINE ( 'NONE', #697, #1693 ) ;
#3362 = CARTESIAN_POINT ( 'NONE',  ( 4.460684721131805475, -10.38654113657858247, 11.00000000000000000 ) ) ;
#3363 = ORIENTED_EDGE ( 'NONE', *, *, #1278, .F. ) ;
#3364 = ORIENTED_EDGE ( 'NONE', *, *, #838, .T. ) ;
#3365 = ORIENTED_EDGE ( 'NONE', *, *, #78, .T. ) ;
#3366 = AXIS2_PLACEMENT_3D ( 'NONE', #782, #3112, #2813 ) ;
#3367 = ORIENTED_EDGE ( 'NONE', *, *, #3859, .F. ) ;
#3368 = CARTESIAN_POINT ( 'NONE',  ( -9.330245834751153211, 6.375788037005039932, 11.00000000000000000 ) ) ;
#3369 = DIRECTION ( 'NONE',  ( -0.1021339997180250314, -0.9947706500000884633, 0.000000000000000000 ) ) ;
#3370 = DIRECTION ( 'NONE',  ( -0.000000000000000000, 0.000000000000000000, 1.000000000000000000 ) ) ;
#3371 = LINE ( 'NONE', #1702, #392 ) ;
#3372 = PLANE ( 'NONE',  #805 ) ;
#3373 = EDGE_LOOP ( 'NONE', ( #706, #3854, #81, #4277 ) ) ;
#3374 = AXIS2_PLACEMENT_3D ( 'NONE', #1024, #2376, #3721 ) ;
#3375 = ADVANCED_FACE ( 'NONE', ( #1793 ), #2458, .T. ) ;
#3376 = VERTEX_POINT ( 'NONE', #2855 ) ;
#3377 = EDGE_CURVE ( 'NONE', #1807, #3860, #116, .T. ) ;
#3378 = CARTESIAN_POINT ( 'NONE',  ( 6.093547259491241874, 9.520852207629564745, 5.000000000000000000 ) ) ;
#3379 = VECTOR ( 'NONE', #72, 1000.000000000000000 ) ;
#3380 = VECTOR ( 'NONE', #1572, 1000.000000000000000 ) ;
#3381 = LINE ( 'NONE', #380, #1085 ) ;
#3382 = AXIS2_PLACEMENT_3D ( 'NONE', #851, #2795, #809 ) ;
#3383 = ORIENTED_EDGE ( 'NONE', *, *, #3932, .F. ) ;
#3384 = ADVANCED_FACE ( 'NONE', ( #3468 ), #3147, .T. ) ;
#3385 = EDGE_CURVE ( 'NONE', #3162, #2432, #3313, .T. ) ;
#3386 = CARTESIAN_POINT ( 'NONE',  ( 7.022880642757947989, -8.857600828709404794, 11.00000000000000000 ) ) ;
#3387 = AXIS2_PLACEMENT_3D ( 'NONE', #2027, #1019, #319 ) ;
#3388 = AXIS2_PLACEMENT_3D ( 'NONE', #3368, #1340, #2669 ) ;
#3389 = VERTEX_POINT ( 'NONE', #4302 ) ;
#3390 = ORIENTED_EDGE ( 'NONE', *, *, #3138, .T. ) ;
#3391 = VECTOR ( 'NONE', #4305, 1000.000000000000000 ) ;
#3392 = ORIENTED_EDGE ( 'NONE', *, *, #4325, .T. ) ;
#3393 = VECTOR ( 'NONE', #1539, 1000.000000000000000 ) ;
#3394 = ORIENTED_EDGE ( 'NONE', *, *, #138, .F. ) ;
#3395 = CARTESIAN_POINT ( 'NONE',  ( -10.82794104958379222, -3.245556591698276261, 5.000000000000000000 ) ) ;
#3396 = FACE_OUTER_BOUND ( 'NONE', #3331, .T. ) ;
#3397 = CARTESIAN_POINT ( 'NONE',  ( -6.871566720908822035, -8.971384019748914085, 5.000000000000000000 ) ) ;
#3398 = EDGE_LOOP ( 'NONE', ( #2373, #882, #929, #2691 ) ) ;
#3399 = VECTOR ( 'NONE', #2228, 1000.000000000000227 ) ;
#3400 = EDGE_CURVE ( 'NONE', #2849, #3738, #1240, .T. ) ;
#3401 = ORIENTED_EDGE ( 'NONE', *, *, #4043, .T. ) ;
#3402 = CARTESIAN_POINT ( 'NONE',  ( 4.159069340692822969, 9.641169131350670440, 11.00000000000000000 ) ) ;
#3403 = PLANE ( 'NONE',  #998 ) ;
#3404 = AXIS2_PLACEMENT_3D ( 'NONE', #1363, #2046, #4091 ) ;
#3405 = DIRECTION ( 'NONE',  ( 0.05050193928634644225, -0.9987239629288555687, 0.000000000000000000 ) ) ;
#3406 = DIRECTION ( 'NONE',  ( 0.9945251283238637496, 0.1044976991727672722, 0.000000000000000000 ) ) ;
#3407 = EDGE_CURVE ( 'NONE', #3576, #1523, #225, .T. ) ;
#3408 = VERTEX_POINT ( 'NONE', #3581 ) ;
#3409 = DIRECTION ( 'NONE',  ( -0.6519615110608887321, 0.7582520610556905405, 0.000000000000000000 ) ) ;
#3410 = DIRECTION ( 'NONE',  ( 0.7301211533086093830, -0.6833177163598981307, 0.000000000000000000 ) ) ;
#3411 = EDGE_CURVE ( 'NONE', #2048, #562, #2264, .T. ) ;
#3412 = EDGE_CURVE ( 'NONE', #3684, #2917, #3834, .T. ) ;
#3413 = DIRECTION ( 'NONE',  ( -0.7879726629679192351, 0.6157102260115921988, 0.000000000000000000 ) ) ;
#3414 = EDGE_LOOP ( 'NONE', ( #1782, #1325, #3596, #3505 ) ) ;
#3415 = VERTEX_POINT ( 'NONE', #3627 ) ;
#3416 = ORIENTED_EDGE ( 'NONE', *, *, #3234, .F. ) ;
#3417 = ORIENTED_EDGE ( 'NONE', *, *, #3716, .T. ) ;
#3418 = LINE ( 'NONE', #1740, #3752 ) ;
#3419 = DIRECTION ( 'NONE',  ( -0.000000000000000000, 0.000000000000000000, 1.000000000000000000 ) ) ;
#3420 = CARTESIAN_POINT ( 'NONE',  ( -7.470930045010132581, -7.378021703855643487, 5.000000000000000000 ) ) ;
#3421 = LINE ( 'NONE', #420, #2687 ) ;
#3422 = VERTEX_POINT ( 'NONE', #1286 ) ;
#3423 = ORIENTED_EDGE ( 'NONE', *, *, #3407, .F. ) ;
#3424 = DIRECTION ( 'NONE',  ( -0.000000000000000000, -0.000000000000000000, -1.000000000000000000 ) ) ;
#3425 = DIRECTION ( 'NONE',  ( 0.5041104124693942534, -0.8636392140471258472, 0.000000000000000000 ) ) ;
#3426 = CARTESIAN_POINT ( 'NONE',  ( 4.482727995709595348, -4.675671988070067009, 11.00000000000000000 ) ) ;
#3427 = EDGE_LOOP ( 'NONE', ( #857, #4184, #315, #3143 ) ) ;
#3428 = CARTESIAN_POINT ( 'NONE',  ( -11.18994698359957596, 1.600947053280854737, 11.00000000000000000 ) ) ;
#3429 = DIRECTION ( 'NONE',  ( 0.5581689404309843061, -0.8297273250521234322, 0.000000000000000000 ) ) ;
#3430 = FACE_OUTER_BOUND ( 'NONE', #461, .T. ) ;
#3431 = VERTEX_POINT ( 'NONE', #975 ) ;
#3432 = ORIENTED_EDGE ( 'NONE', *, *, #109, .F. ) ;
#3433 = ORIENTED_EDGE ( 'NONE', *, *, #4119, .T. ) ;
#3434 = ORIENTED_EDGE ( 'NONE', *, *, #3073, .T. ) ;
#3435 = ORIENTED_EDGE ( 'NONE', *, *, #1592, .T. ) ;
#3436 = LINE ( 'NONE', #1172, #4246 ) ;
#3437 = DIRECTION ( 'NONE',  ( 0.4651876262429072151, -0.8852121058766024841, 0.000000000000000000 ) ) ;
#3438 = AXIS2_PLACEMENT_3D ( 'NONE', #2860, #2445, #2841 ) ;
#3439 = VERTEX_POINT ( 'NONE', #2922 ) ;
#3440 = CARTESIAN_POINT ( 'NONE',  ( -11.10010439580882569, 2.136732871774928100, 5.000000000000000000 ) ) ;
#3441 = LINE ( 'NONE', #3106, #1556 ) ;
#3442 = CARTESIAN_POINT ( 'NONE',  ( -0.3127876183556987932, -11.29956233085959738, 11.00000000000000000 ) ) ;
#3443 = AXIS2_PLACEMENT_3D ( 'NONE', #3237, #3582, #3945 ) ;
#3444 = EDGE_LOOP ( 'NONE', ( #3585, #2237, #864, #2182 ) ) ;
#3445 = VECTOR ( 'NONE', #4281, 1000.000000000000000 ) ;
#3446 = CIRCLE ( 'NONE', #522, 2.500000000000000000 ) ;
#3447 = CARTESIAN_POINT ( 'NONE',  ( -3.412983367804507839, -5.505297753494418522, 11.00000000000000000 ) ) ;
#3448 = DIRECTION ( 'NONE',  ( -0.000000000000000000, 0.000000000000000000, 1.000000000000000000 ) ) ;
#3449 = CARTESIAN_POINT ( 'NONE',  ( -10.82794104958379222, -3.245556591698276261, 11.00000000000000000 ) ) ;
#3450 = CARTESIAN_POINT ( 'NONE',  ( 10.87763592925548117, -3.062873980476187530, 11.00000000000000000 ) ) ;
#3451 = AXIS2_PLACEMENT_3D ( 'NONE', #1627, #4329, #4243 ) ;
#3452 = VECTOR ( 'NONE', #3481, 1000.000000000000000 ) ;
#3453 = DIRECTION ( 'NONE',  ( 0.4319244328513589526, 0.9019097983202266633, -0.000000000000000000 ) ) ;
#3454 = VERTEX_POINT ( 'NONE', #3643 ) ;
#3455 = VECTOR ( 'NONE', #1723, 1000.000000000000000 ) ;
#3456 = PLANE ( 'NONE',  #3317 ) ;
#3457 = AXIS2_PLACEMENT_3D ( 'NONE', #2319, #428, #2958 ) ;
#3458 = ADVANCED_FACE ( 'NONE', ( #2301 ), #1929, .T. ) ;
#3459 = EDGE_LOOP ( 'NONE', ( #3765, #2919, #1638, #2383 ) ) ;
#3460 = ORIENTED_EDGE ( 'NONE', *, *, #2167, .T. ) ;
#3461 = LINE ( 'NONE', #469, #1315 ) ;
#3462 = DIRECTION ( 'NONE',  ( -0.06014744209411387876, 0.9981895036562622447, 0.000000000000000000 ) ) ;
#3463 = VECTOR ( 'NONE', #829, 1000.000000000000000 ) ;
#3464 = DIRECTION ( 'NONE',  ( -0.5721472539541644364, -0.8201509128158723794, 0.000000000000000000 ) ) ;
#3465 = EDGE_CURVE ( 'NONE', #598, #4019, #647, .T. ) ;
#3466 = AXIS2_PLACEMENT_3D ( 'NONE', #3020, #3453, #459 ) ;
#3467 = EDGE_LOOP ( 'NONE', ( #2605, #3940, #436, #520 ) ) ;
#3468 = FACE_OUTER_BOUND ( 'NONE', #2789, .T. ) ;
#3469 = CARTESIAN_POINT ( 'NONE',  ( 0.000000000000000000, 0.000000000000000000, 5.000000000000000000 ) ) ;
#3470 = DIRECTION ( 'NONE',  ( -0.05050193928634644919, 0.9987239629288555687, 0.000000000000000000 ) ) ;
#3471 = VECTOR ( 'NONE', #1271, 1000.000000000000114 ) ;
#3472 = ADVANCED_FACE ( 'NONE', ( #2613 ), #935, .T. ) ;
#3473 = ORIENTED_EDGE ( 'NONE', *, *, #2172, .T. ) ;
#3474 = VECTOR ( 'NONE', #1784, 1000.000000000000227 ) ;
#3475 = LINE ( 'NONE', #482, #4330 ) ;
#3476 = CARTESIAN_POINT ( 'NONE',  ( 0.000000000000000000, 0.000000000000000000, 11.00000000000000000 ) ) ;
#3477 = EDGE_CURVE ( 'NONE', #3254, #598, #3985, .T. ) ;
#3478 = LINE ( 'NONE', #124, #1497 ) ;
#3479 = CARTESIAN_POINT ( 'NONE',  ( -5.790777868510789794, 9.704177044307956024, 11.00000000000000000 ) ) ;
#3480 = ORIENTED_EDGE ( 'NONE', *, *, #1662, .T. ) ;
#3481 = DIRECTION ( 'NONE',  ( -0.6427876096865408062, -0.7660444431189767922, 0.000000000000000000 ) ) ;
#3482 = ORIENTED_EDGE ( 'NONE', *, *, #2365, .F. ) ;
#3483 = ORIENTED_EDGE ( 'NONE', *, *, #3488, .T. ) ;
#3484 = ORIENTED_EDGE ( 'NONE', *, *, #3859, .T. ) ;
#3485 = DIRECTION ( 'NONE',  ( -0.000000000000000000, -0.000000000000000000, -1.000000000000000000 ) ) ;
#3486 = ADVANCED_FACE ( 'NONE', ( #3297 ), #614, .T. ) ;
#3487 = ORIENTED_EDGE ( 'NONE', *, *, #3595, .F. ) ;
#3488 = EDGE_CURVE ( 'NONE', #2867, #3415, #3561, .T. ) ;
#3489 = DIRECTION ( 'NONE',  ( -1.000000000000000000, 0.000000000000000000, 0.000000000000000000 ) ) ;
#3490 = FACE_OUTER_BOUND ( 'NONE', #1388, .T. ) ;
#3491 = ADVANCED_FACE ( 'NONE', ( #1618 ), #2968, .T. ) ;
#3492 = CARTESIAN_POINT ( 'NONE',  ( -7.019795305816823650, -7.808487296809292211, 11.00000000000000000 ) ) ;
#3493 = VERTEX_POINT ( 'NONE', #586 ) ;
#3494 = DIRECTION ( 'NONE',  ( -0.6427876096865408062, -0.7660444431189767922, 0.000000000000000000 ) ) ;
#3495 = CARTESIAN_POINT ( 'NONE',  ( -3.412983367804507839, -5.505297753494418522, 11.00000000000000000 ) ) ;
#3496 = CARTESIAN_POINT ( 'NONE',  ( 0.000000000000000000, 0.000000000000000000, 5.000000000000000000 ) ) ;
#3497 = CARTESIAN_POINT ( 'NONE',  ( -3.092294955078917162, -10.03432667949342694, 5.000000000000000000 ) ) ;
#3498 = VERTEX_POINT ( 'NONE', #2946 ) ;
#3499 = CARTESIAN_POINT ( 'NONE',  ( 1.262719620727173364, 11.22985750529090154, 11.00000000000000000 ) ) ;
#3500 = DIRECTION ( 'NONE',  ( -0.006018340399281655109, 0.9999818896254264455, 0.000000000000000000 ) ) ;
#3501 = VERTEX_POINT ( 'NONE', #917 ) ;
#3502 = EDGE_LOOP ( 'NONE', ( #1635, #364, #3003, #406 ) ) ;
#3503 = ORIENTED_EDGE ( 'NONE', *, *, #877, .T. ) ;
#3504 = CARTESIAN_POINT ( 'NONE',  ( 0.000000000000000000, 0.000000000000000000, 11.00000000000000000 ) ) ;
#3505 = ORIENTED_EDGE ( 'NONE', *, *, #2504, .T. ) ;
#3506 = EDGE_LOOP ( 'NONE', ( #474, #3141, #509, #3364 ) ) ;
#3507 = CARTESIAN_POINT ( 'NONE',  ( -9.107778259766353912, 5.224784700916140778, 11.00000000000000000 ) ) ;
#3508 = CARTESIAN_POINT ( 'NONE',  ( 0.000000000000000000, 0.000000000000000000, 11.00000000000000000 ) ) ;
#3509 = CARTESIAN_POINT ( 'NONE',  ( 7.801262536493612565, 8.175846333341221239, 5.000000000000000000 ) ) ;
#3510 = EDGE_CURVE ( 'NONE', #2712, #1880, #316, .T. ) ;
#3511 = ORIENTED_EDGE ( 'NONE', *, *, #4203, .T. ) ;
#3512 = DIRECTION ( 'NONE',  ( 0.9999933680726833529, -0.003641951489370385837, 0.000000000000000000 ) ) ;
#3513 = CARTESIAN_POINT ( 'NONE',  ( -10.58417594869109912, 3.969025629839998182, 11.00000000000000000 ) ) ;
#3514 = VECTOR ( 'NONE', #2225, 1000.000000000000000 ) ;
#3515 = CARTESIAN_POINT ( 'NONE',  ( -9.107778259766353912, 5.224784700916140778, 5.000000000000000000 ) ) ;
#3516 = FACE_OUTER_BOUND ( 'NONE', #692, .T. ) ;
#3517 = VECTOR ( 'NONE', #1457, 1000.000000000000000 ) ;
#3518 = ADVANCED_FACE ( 'NONE', ( #2895 ), #1585, .T. ) ;
#3519 = ORIENTED_EDGE ( 'NONE', *, *, #3710, .F. ) ;
#3520 = ORIENTED_EDGE ( 'NONE', *, *, #1907, .F. ) ;
#3521 = VECTOR ( 'NONE', #912, 1000.000000000000000 ) ;
#3522 = EDGE_CURVE ( 'NONE', #673, #650, #2842, .T. ) ;
#3523 = AXIS2_PLACEMENT_3D ( 'NONE', #3496, #1122, #1777 ) ;
#3524 = ORIENTED_EDGE ( 'NONE', *, *, #1592, .F. ) ;
#3525 = ORIENTED_EDGE ( 'NONE', *, *, #1576, .T. ) ;
#3526 = DIRECTION ( 'NONE',  ( -0.9778966340309797056, 0.2090889120706310444, 0.000000000000000000 ) ) ;
#3527 = ORIENTED_EDGE ( 'NONE', *, *, #3545, .F. ) ;
#3528 = CARTESIAN_POINT ( 'NONE',  ( 0.000000000000000000, 0.000000000000000000, 11.00000000000000000 ) ) ;
#3529 = AXIS2_PLACEMENT_3D ( 'NONE', #2222, #2287, #632 ) ;
#3530 = ORIENTED_EDGE ( 'NONE', *, *, #4043, .F. ) ;
#3531 = VECTOR ( 'NONE', #807, 999.9999999999998863 ) ;
#3532 = ORIENTED_EDGE ( 'NONE', *, *, #1445, .T. ) ;
#3533 = DIRECTION ( 'NONE',  ( -0.9947706500000884633, 0.1021339997180250314, 0.000000000000000000 ) ) ;
#3534 = CARTESIAN_POINT ( 'NONE',  ( -4.000000000000000000, 0.000000000000000000, 1.000000000000000000 ) ) ;
#3535 = CARTESIAN_POINT ( 'NONE',  ( 0.000000000000000000, 0.000000000000000000, 5.000000000000000000 ) ) ;
#3536 = CARTESIAN_POINT ( 'NONE',  ( 0.000000000000000000, 0.000000000000000000, 1.000000000000000000 ) ) ;
#3537 = EDGE_CURVE ( 'NONE', #2322, #751, #2130, .T. ) ;
#3538 = VECTOR ( 'NONE', #3082, 1000.000000000000000 ) ;
#3539 = ORIENTED_EDGE ( 'NONE', *, *, #4185, .T. ) ;
#3540 = LINE ( 'NONE', #2793, #611 ) ;
#3541 = DIRECTION ( 'NONE',  ( 0.8040726009977304800, 0.5945311197277605153, 0.000000000000000000 ) ) ;
#3542 = AXIS2_PLACEMENT_3D ( 'NONE', #1803, #1847, #2132 ) ;
#3543 = CARTESIAN_POINT ( 'NONE',  ( 2.597752473954340502, 10.17357764427362810, 11.00000000000000000 ) ) ;
#3544 = ORIENTED_EDGE ( 'NONE', *, *, #2589, .T. ) ;
#3545 = EDGE_CURVE ( 'NONE', #3725, #1186, #1641, .T. ) ;
#3546 = DIRECTION ( 'NONE',  ( -0.6371908016639442618, 0.7707060933162913630, 0.000000000000000000 ) ) ;
#3547 = VECTOR ( 'NONE', #2724, 1000.000000000000000 ) ;
#3548 = VERTEX_POINT ( 'NONE', #1602 ) ;
#3549 = ORIENTED_EDGE ( 'NONE', *, *, #947, .F. ) ;
#3550 = EDGE_CURVE ( 'NONE', #3389, #87, #2756, .T. ) ;
#3551 = EDGE_CURVE ( 'NONE', #926, #3184, #2022, .T. ) ;
#3552 = ADVANCED_FACE ( 'NONE', ( #173 ), #1976, .T. ) ;
#3553 = ORIENTED_EDGE ( 'NONE', *, *, #1535, .F. ) ;
#3554 = EDGE_LOOP ( 'NONE', ( #1031, #2818, #3894, #2715 ) ) ;
#3555 = CARTESIAN_POINT ( 'NONE',  ( 6.465676394360115431, 0.3895992645730865789, 11.00000000000000000 ) ) ;
#3556 = EDGE_LOOP ( 'NONE', ( #3964, #417, #3878, #1126 ) ) ;
#3557 = CYLINDRICAL_SURFACE ( 'NONE', #2333, 10.50000000000000000 ) ;
#3558 = DIRECTION ( 'NONE',  ( -0.000000000000000000, -0.000000000000000000, -1.000000000000000000 ) ) ;
#3559 = EDGE_LOOP ( 'NONE', ( #4163, #2731, #3777, #2870 ) ) ;
#3560 = ORIENTED_EDGE ( 'NONE', *, *, #1974, .F. ) ;
#3561 = LINE ( 'NONE', #1881, #1776 ) ;
#3562 = FACE_OUTER_BOUND ( 'NONE', #4359, .T. ) ;
#3563 = CARTESIAN_POINT ( 'NONE',  ( -5.557518628682342587, 9.843369933870551591, 5.000000000000000000 ) ) ;
#3564 = CARTESIAN_POINT ( 'NONE',  ( 10.09300390059634012, -5.090109745941135522, 11.00000000000000000 ) ) ;
#3565 = ORIENTED_EDGE ( 'NONE', *, *, #978, .F. ) ;
#3566 = LINE ( 'NONE', #1524, #2202 ) ;
#3567 = LINE ( 'NONE', #3930, #4238 ) ;
#3568 = DIRECTION ( 'NONE',  ( 0.5561955879187775453, 0.8310514231861257928, 0.000000000000000000 ) ) ;
#3569 = DIRECTION ( 'NONE',  ( -0.9753091034610329446, -0.2208441819610289514, 0.000000000000000000 ) ) ;
#3570 = ORIENTED_EDGE ( 'NONE', *, *, #57, .F. ) ;
#3571 = CARTESIAN_POINT ( 'NONE',  ( 0.000000000000000000, 0.000000000000000000, 11.00000000000000000 ) ) ;
#3572 = CARTESIAN_POINT ( 'NONE',  ( -2.204410643328152286, -11.08686243617911771, 11.00000000000000000 ) ) ;
#3573 = DIRECTION ( 'NONE',  ( 1.000000000000000000, 0.000000000000000000, 0.000000000000000000 ) ) ;
#3574 = EDGE_CURVE ( 'NONE', #434, #2382, #303, .T. ) ;
#3575 = ORIENTED_EDGE ( 'NONE', *, *, #33, .F. ) ;
#3576 = VERTEX_POINT ( 'NONE', #2275 ) ;
#3577 = DIRECTION ( 'NONE',  ( -1.000000000000000000, 0.000000000000000000, 0.000000000000000000 ) ) ;
#3578 = ORIENTED_EDGE ( 'NONE', *, *, #4272, .T. ) ;
#3579 = CARTESIAN_POINT ( 'NONE',  ( -8.814592062303846731, -7.076786823011409489, 11.00000000000000000 ) ) ;
#3580 = ORIENTED_EDGE ( 'NONE', *, *, #74, .F. ) ;
#3581 = CARTESIAN_POINT ( 'NONE',  ( 10.04065772760449349, 3.071675828777542971, 11.00000000000000000 ) ) ;
#3582 = DIRECTION ( 'NONE',  ( 0.000000000000000000, 0.000000000000000000, 1.000000000000000000 ) ) ;
#3583 = CARTESIAN_POINT ( 'NONE',  ( 6.031677452238120019, -2.361276336158873779, 11.00000000000000000 ) ) ;
#3584 = DIRECTION ( 'NONE',  ( -1.000000000000000000, 0.000000000000000000, 0.000000000000000000 ) ) ;
#3585 = ORIENTED_EDGE ( 'NONE', *, *, #2028, .T. ) ;
#3586 = ADVANCED_FACE ( 'NONE', ( #3289 ), #267, .T. ) ;
#3587 = PLANE ( 'NONE',  #3902 ) ;
#3588 = LINE ( 'NONE', #2906, #2534 ) ;
#3589 = DIRECTION ( 'NONE',  ( -0.3645405538764153741, -0.9311875131140215922, 0.000000000000000000 ) ) ;
#3590 = LINE ( 'NONE', #570, #3204 ) ;
#3591 = VECTOR ( 'NONE', #1775, 1000.000000000000000 ) ;
#3592 = ORIENTED_EDGE ( 'NONE', *, *, #641, .F. ) ;
#3593 = CARTESIAN_POINT ( 'NONE',  ( -9.877091075793407171, -5.497364536180957550, 5.000000000000000000 ) ) ;
#3594 = VECTOR ( 'NONE', #2678, 1000.000000000000114 ) ;
#3595 = EDGE_CURVE ( 'NONE', #3915, #4335, #3346, .T. ) ;
#3596 = ORIENTED_EDGE ( 'NONE', *, *, #4161, .F. ) ;
#3597 = VERTEX_POINT ( 'NONE', #2937 ) ;
#3598 = CARTESIAN_POINT ( 'NONE',  ( -10.18702394886413565, 2.544512343312286262, 11.00000000000000000 ) ) ;
#3599 = FACE_OUTER_BOUND ( 'NONE', #1532, .T. ) ;
#3600 = VECTOR ( 'NONE', #3568, 1000.000000000000114 ) ;
#3601 = ORIENTED_EDGE ( 'NONE', *, *, #1282, .F. ) ;
#3602 = DIRECTION ( 'NONE',  ( -0.3135924481010377574, -0.9495576741272738763, 0.000000000000000000 ) ) ;
#3603 = DIRECTION ( 'NONE',  ( 0.2546876201410405716, -0.9670233793176322701, 0.000000000000000000 ) ) ;
#3604 = VECTOR ( 'NONE', #3927, 999.9999999999998863 ) ;
#3605 = CARTESIAN_POINT ( 'NONE',  ( -9.483500609888489308, 6.151516979202971136, 11.00000000000000000 ) ) ;
#3606 = ADVANCED_FACE ( 'NONE', ( #1319 ), #2645, .T. ) ;
#3607 = EDGE_CURVE ( 'NONE', #1393, #2689, #1164, .T. ) ;
#3608 = AXIS2_PLACEMENT_3D ( 'NONE', #2065, #3309, #3409 ) ;
#3609 = DIRECTION ( 'NONE',  ( -0.000000000000000000, -0.000000000000000000, -1.000000000000000000 ) ) ;
#3610 = CARTESIAN_POINT ( 'NONE',  ( 0.000000000000000000, 0.000000000000000000, 11.00000000000000000 ) ) ;
#3611 = LINE ( 'NONE', #1937, #1972 ) ;
#3612 = AXIS2_PLACEMENT_3D ( 'NONE', #165, #1135, #3494 ) ;
#3613 = CARTESIAN_POINT ( 'NONE',  ( 6.589195711599447058, -9.184794218566759483, 11.00000000000000000 ) ) ;
#3614 = AXIS2_PLACEMENT_3D ( 'NONE', #2633, #630, #1559 ) ;
#3615 = EDGE_CURVE ( 'NONE', #1275, #515, #1334, .T. ) ;
#3616 = VERTEX_POINT ( 'NONE', #1671 ) ;
#3617 = DIRECTION ( 'NONE',  ( -0.2019605084722033428, 0.9793936660085408308, 0.000000000000000000 ) ) ;
#3618 = VECTOR ( 'NONE', #595, 1000.000000000000114 ) ;
#3619 = ORIENTED_EDGE ( 'NONE', *, *, #4146, .F. ) ;
#3620 = ORIENTED_EDGE ( 'NONE', *, *, #2091, .T. ) ;
#3621 = DIRECTION ( 'NONE',  ( 0.3757223501221340078, -0.9267322782868310238, 0.000000000000000000 ) ) ;
#3622 = EDGE_CURVE ( 'NONE', #13, #926, #1255, .T. ) ;
#3623 = EDGE_LOOP ( 'NONE', ( #3732, #1235, #961, #486 ) ) ;
#3624 = DIRECTION ( 'NONE',  ( -0.7301211533086093830, 0.6833177163598981307, 0.000000000000000000 ) ) ;
#3625 = ORIENTED_EDGE ( 'NONE', *, *, #2259, .T. ) ;
#3626 = DIRECTION ( 'NONE',  ( -0.000000000000000000, -0.000000000000000000, -1.000000000000000000 ) ) ;
#3627 = CARTESIAN_POINT ( 'NONE',  ( 9.435664168256277406, 4.606326269803798112, 5.000000000000000000 ) ) ;
#3628 = DIRECTION ( 'NONE',  ( 0.000000000000000000, 0.000000000000000000, -1.000000000000000000 ) ) ;
#3629 = CARTESIAN_POINT ( 'NONE',  ( 6.962733200663834943, -7.859411325053140551, 5.000000000000000000 ) ) ;
#3630 = CARTESIAN_POINT ( 'NONE',  ( 0.2304749509641247640, -11.30154087990464618, 11.00000000000000000 ) ) ;
#3631 = DIRECTION ( 'NONE',  ( -0.000000000000000000, -0.000000000000000000, -1.000000000000000000 ) ) ;
#3632 = DIRECTION ( 'NONE',  ( -0.000000000000000000, -0.000000000000000000, -1.000000000000000000 ) ) ;
#3633 = CARTESIAN_POINT ( 'NONE',  ( 1.476474515149202693, 6.306883686073168072, 11.00000000000000000 ) ) ;
#3634 = CARTESIAN_POINT ( 'NONE',  ( 6.230760147890386236, 1.770419951029237549, 11.00000000000000000 ) ) ;
#3635 = ADVANCED_FACE ( 'NONE', ( #2686 ), #432, .T. ) ;
#3636 = ORIENTED_EDGE ( 'NONE', *, *, #1350, .T. ) ;
#3637 = VERTEX_POINT ( 'NONE', #9 ) ;
#3638 = DIRECTION ( 'NONE',  ( 0.2640173619703847785, -0.9645179275566622135, 0.000000000000000000 ) ) ;
#3639 = EDGE_CURVE ( 'NONE', #1736, #915, #3047, .T. ) ;
#3640 = VERTEX_POINT ( 'NONE', #1356 ) ;
#3641 = CARTESIAN_POINT ( 'NONE',  ( -11.14502568970421059, 1.868839962527845122, 11.00000000000000000 ) ) ;
#3642 = ORIENTED_EDGE ( 'NONE', *, *, #740, .F. ) ;
#3643 = CARTESIAN_POINT ( 'NONE',  ( -5.710207278664635844, -8.811556777022175879, 5.000000000000000000 ) ) ;
#3644 = PLANE ( 'NONE',  #3808 ) ;
#3645 = LINE ( 'NONE', #691, #4252 ) ;
#3646 = ADVANCED_FACE ( 'NONE', ( #1123 ), #1030, .T. ) ;
#3647 = ORIENTED_EDGE ( 'NONE', *, *, #1536, .T. ) ;
#3648 = CARTESIAN_POINT ( 'NONE',  ( 1.532651631767926848, 11.19950552206734784, 11.00000000000000000 ) ) ;
#3649 = CARTESIAN_POINT ( 'NONE',  ( -0.7859252848286594206, -6.429547438988828745, 5.000000000000000000 ) ) ;
#3650 = CARTESIAN_POINT ( 'NONE',  ( 5.629068877018092998, 9.802628654649941708, 11.00000000000000000 ) ) ;
#3651 = ADVANCED_FACE ( 'NONE', ( #4044 ), #1754, .T. ) ;
#3652 = CARTESIAN_POINT ( 'NONE',  ( 8.586207589667441908, -7.347189915664696258, 11.00000000000000000 ) ) ;
#3653 = LINE ( 'NONE', #2380, #514 ) ;
#3654 = EDGE_CURVE ( 'NONE', #2505, #26, #464, .T. ) ;
#3655 = DIRECTION ( 'NONE',  ( -0.000000000000000000, -0.000000000000000000, -1.000000000000000000 ) ) ;
#3656 = CIRCLE ( 'NONE', #4093, 10.50000000000000000 ) ;
#3657 = EDGE_CURVE ( 'NONE', #1712, #834, #1691, .T. ) ;
#3658 = ORIENTED_EDGE ( 'NONE', *, *, #870, .F. ) ;
#3659 = DIRECTION ( 'NONE',  ( -1.000000000000000000, 0.000000000000000000, -0.000000000000000000 ) ) ;
#3660 = ORIENTED_EDGE ( 'NONE', *, *, #3537, .F. ) ;
#3661 = PLANE ( 'NONE',  #3608 ) ;
#3662 = CARTESIAN_POINT ( 'NONE',  ( -8.464399300897200717, -7.492121824833658295, 11.00000000000000000 ) ) ;
#3663 = CIRCLE ( 'NONE', #1755, 10.50000000000000000 ) ;
#3664 = AXIS2_PLACEMENT_3D ( 'NONE', #1491, #2094, #1410 ) ;
#3665 = ORIENTED_EDGE ( 'NONE', *, *, #1767, .F. ) ;
#3666 = EDGE_CURVE ( 'NONE', #114, #26, #2087, .T. ) ;
#3667 = DIRECTION ( 'NONE',  ( -0.000000000000000000, -0.000000000000000000, -1.000000000000000000 ) ) ;
#3668 = DIRECTION ( 'NONE',  ( -0.000000000000000000, -0.000000000000000000, -1.000000000000000000 ) ) ;
#3669 = FACE_OUTER_BOUND ( 'NONE', #2393, .T. ) ;
#3670 = CARTESIAN_POINT ( 'NONE',  ( 0.000000000000000000, 0.000000000000000000, 5.000000000000000000 ) ) ;
#3671 = AXIS2_PLACEMENT_3D ( 'NONE', #1438, #2081, #2461 ) ;
#3672 = CIRCLE ( 'NONE', #2187, 10.50000000000000000 ) ;
#3673 = VERTEX_POINT ( 'NONE', #3793 ) ;
#3674 = VECTOR ( 'NONE', #892, 1000.000000000000000 ) ;
#3675 = ORIENTED_EDGE ( 'NONE', *, *, #576, .F. ) ;
#3676 = CARTESIAN_POINT ( 'NONE',  ( 5.312448565510607956, -3.706028745482865538, 11.00000000000000000 ) ) ;
#3677 = LINE ( 'NONE', #4009, #2103 ) ;
#3678 = DIRECTION ( 'NONE',  ( -0.000000000000000000, -0.000000000000000000, -1.000000000000000000 ) ) ;
#3679 = VECTOR ( 'NONE', #2116, 1000.000000000000114 ) ;
#3680 = CARTESIAN_POINT ( 'NONE',  ( -7.000000000000000000, 0.000000000000000000, 5.000000000000000000 ) ) ;
#3681 = LINE ( 'NONE', #1400, #2893 ) ;
#3682 = AXIS2_PLACEMENT_3D ( 'NONE', #1606, #922, #3970 ) ;
#3683 = AXIS2_PLACEMENT_3D ( 'NONE', #4300, #3188, #2186 ) ;
#3684 = VERTEX_POINT ( 'NONE', #784 ) ;
#3685 = EDGE_CURVE ( 'NONE', #2165, #3178, #254, .T. ) ;
#3686 = VERTEX_POINT ( 'NONE', #4067 ) ;
#3687 = EDGE_CURVE ( 'NONE', #2250, #1957, #719, .T. ) ;
#3688 = EDGE_CURVE ( 'NONE', #1233, #2627, #2752, .T. ) ;
#3689 = CARTESIAN_POINT ( 'NONE',  ( 8.224839597520867684, 6.527021801331200024, 5.000000000000000000 ) ) ;
#3690 = VECTOR ( 'NONE', #856, 1000.000000000000114 ) ;
#3691 = VECTOR ( 'NONE', #4090, 1000.000000000000000 ) ;
#3692 = VERTEX_POINT ( 'NONE', #3751 ) ;
#3693 = EDGE_CURVE ( 'NONE', #1055, #2283, #743, .T. ) ;
#3694 = ORIENTED_EDGE ( 'NONE', *, *, #4287, .T. ) ;
#3695 = CARTESIAN_POINT ( 'NONE',  ( -6.569945865453195921, 8.190592855527283334, 5.000000000000000000 ) ) ;
#3696 = CARTESIAN_POINT ( 'NONE',  ( -7.939387322721387363, 8.046370231538492845, 11.00000000000000000 ) ) ;
#3697 = CARTESIAN_POINT ( 'NONE',  ( -10.48271583305354682, 4.220998601416067864, 11.00000000000000000 ) ) ;
#3698 = AXIS2_PLACEMENT_3D ( 'NONE', #444, #2786, #913 ) ;
#3699 = ORIENTED_EDGE ( 'NONE', *, *, #4150, .T. ) ;
#3700 = UNCERTAINTY_MEASURE_WITH_UNIT (LENGTH_MEASURE( 1.000000000000000082E-05 ), #3980, 'distance_accuracy_value', 'NONE');
#3701 = VERTEX_POINT ( 'NONE', #412 ) ;
#3702 = CARTESIAN_POINT ( 'NONE',  ( -9.649692386282916701, -4.139255591300632808, 11.00000000000000000 ) ) ;
#3703 = CARTESIAN_POINT ( 'NONE',  ( 7.022880642757947989, -8.857600828709404794, 11.00000000000000000 ) ) ;
#3704 = LINE ( 'NONE', #356, #730 ) ;
#3705 = DIRECTION ( 'NONE',  ( -0.9488097670990887078, -0.3158481056732381220, 0.000000000000000000 ) ) ;
#3706 = PLANE ( 'NONE',  #1209 ) ;
#3707 = DIRECTION ( 'NONE',  ( 0.9947706500000884633, -0.1021339997180250314, 0.000000000000000000 ) ) ;
#3708 = EDGE_LOOP ( 'NONE', ( #1745, #785, #1472, #2188 ) ) ;
#3709 = ORIENTED_EDGE ( 'NONE', *, *, #2390, .F. ) ;
#3710 = EDGE_CURVE ( 'NONE', #2505, #3715, #4112, .T. ) ;
#3711 = ORIENTED_EDGE ( 'NONE', *, *, #3356, .T. ) ;
#3712 = ORIENTED_EDGE ( 'NONE', *, *, #2290, .F. ) ;
#3713 = CARTESIAN_POINT ( 'NONE',  ( 0.6146118549011230225, -6.448178897282227595, 11.00000000000000000 ) ) ;
#3714 = DIRECTION ( 'NONE',  ( -0.1558400086925160744, -0.9877823098692932735, 0.000000000000000000 ) ) ;
#3715 = VERTEX_POINT ( 'NONE', #2533 ) ;
#3716 = EDGE_CURVE ( 'NONE', #35, #3637, #3270, .T. ) ;
#3717 = ADVANCED_FACE ( 'NONE', ( #3516, #1201 ), #549, .T. ) ;
#3718 = EDGE_CURVE ( 'NONE', #1056, #1789, #3156, .T. ) ;
#3719 = ORIENTED_EDGE ( 'NONE', *, *, #383, .F. ) ;
#3720 = DIRECTION ( 'NONE',  ( -0.000000000000000000, -0.000000000000000000, -1.000000000000000000 ) ) ;
#3721 = DIRECTION ( 'NONE',  ( 1.000000000000000000, 0.000000000000000000, 0.000000000000000000 ) ) ;
#3722 = DIRECTION ( 'NONE',  ( -0.000000000000000000, -0.000000000000000000, -1.000000000000000000 ) ) ;
#3723 = EDGE_LOOP ( 'NONE', ( #129, #2668, #2518, #1758 ) ) ;
#3724 = FACE_OUTER_BOUND ( 'NONE', #3853, .T. ) ;
#3725 = VERTEX_POINT ( 'NONE', #2177 ) ;
#3726 = ORIENTED_EDGE ( 'NONE', *, *, #3385, .T. ) ;
#3727 = LINE ( 'NONE', #311, #2424 ) ;
#3728 = EDGE_CURVE ( 'NONE', #555, #1372, #1821, .T. ) ;
#3729 = EDGE_CURVE ( 'NONE', #3954, #3229, #1138, .T. ) ;
#3730 = ORIENTED_EDGE ( 'NONE', *, *, #2875, .F. ) ;
#3731 = AXIS2_PLACEMENT_3D ( 'NONE', #1751, #1121, #1819 ) ;
#3732 = ORIENTED_EDGE ( 'NONE', *, *, #3197, .T. ) ;
#3733 = CARTESIAN_POINT ( 'NONE',  ( 0.000000000000000000, 0.000000000000000000, 11.00000000000000000 ) ) ;
#3734 = DIRECTION ( 'NONE',  ( -0.000000000000000000, 0.000000000000000000, 1.000000000000000000 ) ) ;
#3735 = CARTESIAN_POINT ( 'NONE',  ( 1.986410427387735878, -6.165300676974809768, 11.00000000000000000 ) ) ;
#3736 = DIRECTION ( 'NONE',  ( 0.3757223501221340078, -0.9267322782868310238, 0.000000000000000000 ) ) ;
#3737 = DIRECTION ( 'NONE',  ( -0.000000000000000000, -0.000000000000000000, -1.000000000000000000 ) ) ;
#3738 = VERTEX_POINT ( 'NONE', #3497 ) ;
#3739 = AXIS2_PLACEMENT_3D ( 'NONE', #3508, #3166, #1496 ) ;
#3740 = PRODUCT_DEFINITION_CONTEXT ( 'detailed design', #400, 'design' ) ;
#3741 = ORIENTED_EDGE ( 'NONE', *, *, #1357, .T. ) ;
#3742 = CARTESIAN_POINT ( 'NONE',  ( 5.762716782565939333, 2.957677147268384932, 11.00000000000000000 ) ) ;
#3743 = CARTESIAN_POINT ( 'NONE',  ( 11.11537358815481724, 2.055824642066559349, 5.000000000000000000 ) ) ;
#3744 = CIRCLE ( 'NONE', #2615, 10.50000000000000000 ) ;
#3745 = DIRECTION ( 'NONE',  ( 1.000000000000000000, 0.000000000000000000, 0.000000000000000000 ) ) ;
#3746 = AXIS2_PLACEMENT_3D ( 'NONE', #2930, #279, #4063 ) ;
#3747 = EDGE_CURVE ( 'NONE', #3501, #3347, #4158, .T. ) ;
#3748 = VERTEX_POINT ( 'NONE', #1182 ) ;
#3749 = CARTESIAN_POINT ( 'NONE',  ( -1.914118084957140198, 10.32405695242137078, 5.000000000000000000 ) ) ;
#3750 = VECTOR ( 'NONE', #2614, 1000.000000000000000 ) ;
#3751 = CARTESIAN_POINT ( 'NONE',  ( -10.45982583029096347, 0.9176293369209560513, 11.00000000000000000 ) ) ;
#3752 = VECTOR ( 'NONE', #3122, 999.9999999999998863 ) ;
#3753 = ORIENTED_EDGE ( 'NONE', *, *, #1278, .T. ) ;
#3754 = ORIENTED_EDGE ( 'NONE', *, *, #201, .F. ) ;
#3755 = CIRCLE ( 'NONE', #1161, 10.50000000000000000 ) ;
#3756 = VERTEX_POINT ( 'NONE', #3203 ) ;
#3757 = VECTOR ( 'NONE', #2220, 1000.000000000000000 ) ;
#3758 = EDGE_LOOP ( 'NONE', ( #2760, #3821, #1020, #59 ) ) ;
#3759 = CARTESIAN_POINT ( 'NONE',  ( 9.964895478147619556, -5.329635873049950234, 5.000000000000000000 ) ) ;
#3760 = DIRECTION ( 'NONE',  ( 0.7350789718722195998, 0.6779814931923145993, 0.000000000000000000 ) ) ;
#3761 = LINE ( 'NONE', #754, #4336 ) ;
#3762 = LINE ( 'NONE', #3783, #1766 ) ;
#3763 = ORIENTED_EDGE ( 'NONE', *, *, #3923, .T. ) ;
#3764 = AXIS2_PLACEMENT_3D ( 'NONE', #792, #4123, #1108 ) ;
#3765 = ORIENTED_EDGE ( 'NONE', *, *, #2525, .T. ) ;
#3766 = DIRECTION ( 'NONE',  ( -0.000000000000000000, -0.000000000000000000, -1.000000000000000000 ) ) ;
#3767 = CARTESIAN_POINT ( 'NONE',  ( -10.00345142633030804, -5.256911639999092500, 11.00000000000000000 ) ) ;
#3768 = LINE ( 'NONE', #4039, #2545 ) ;
#3769 = EDGE_CURVE ( 'NONE', #2165, #4183, #4245, .T. ) ;
#3770 = EDGE_LOOP ( 'NONE', ( #3828, #2485, #1423, #1571 ) ) ;
#3771 = CARTESIAN_POINT ( 'NONE',  ( 0.000000000000000000, 0.000000000000000000, 0.000000000000000000 ) ) ;
#3772 = LINE ( 'NONE', #2775, #1917 ) ;
#3773 = FACE_OUTER_BOUND ( 'NONE', #2093, .T. ) ;
#3774 = LINE ( 'NONE', #2429, #3311 ) ;
#3775 = CARTESIAN_POINT ( 'NONE',  ( 0.000000000000000000, 0.000000000000000000, 11.00000000000000000 ) ) ;
#3776 = EDGE_CURVE ( 'NONE', #35, #2689, #811, .T. ) ;
#3777 = ORIENTED_EDGE ( 'NONE', *, *, #3034, .F. ) ;
#3778 = ORIENTED_EDGE ( 'NONE', *, *, #255, .T. ) ;
#3779 = VERTEX_POINT ( 'NONE', #3225 ) ;
#3780 = EDGE_LOOP ( 'NONE', ( #3592, #1383, #3580, #3484 ) ) ;
#3781 = DIRECTION ( 'NONE',  ( -1.000000000000000000, 0.000000000000000000, 0.000000000000000000 ) ) ;
#3782 = CARTESIAN_POINT ( 'NONE',  ( 0.000000000000000000, 0.000000000000000000, 11.00000000000000000 ) ) ;
#3783 = CARTESIAN_POINT ( 'NONE',  ( 5.312448565510607956, -3.706028745482865538, 11.00000000000000000 ) ) ;
#3784 = ORIENTED_EDGE ( 'NONE', *, *, #334, .F. ) ;
#3785 = CARTESIAN_POINT ( 'NONE',  ( -10.41254409751792664, -1.352377690308677494, 11.00000000000000000 ) ) ;
#3786 = CARTESIAN_POINT ( 'NONE',  ( -11.27248853428774922, -0.8419900281648583507, 11.00000000000000000 ) ) ;
#3787 = EDGE_CURVE ( 'NONE', #926, #3415, #2699, .T. ) ;
#3788 = VERTEX_POINT ( 'NONE', #485 ) ;
#3789 = PLANE ( 'NONE',  #30 ) ;
#3790 = CARTESIAN_POINT ( 'NONE',  ( 6.471996502454001821, 0.2646131058054299601, 11.00000000000000000 ) ) ;
#3791 = CARTESIAN_POINT ( 'NONE',  ( -7.087211819622559084, -8.806212215645281560, 11.00000000000000000 ) ) ;
#3792 = EDGE_CURVE ( 'NONE', #2655, #2443, #1160, .T. ) ;
#3793 = CARTESIAN_POINT ( 'NONE',  ( -2.500000000000000000, 0.000000000000000000, 12.00000000000000000 ) ) ;
#3794 = ORIENTED_EDGE ( 'NONE', *, *, #4185, .F. ) ;
#3795 = LINE ( 'NONE', #3845, #366 ) ;
#3796 = ADVANCED_FACE ( 'NONE', ( #3843 ), #125, .T. ) ;
#3797 = EDGE_CURVE ( 'NONE', #3715, #1365, #169, .T. ) ;
#3798 = VERTEX_POINT ( 'NONE', #2880 ) ;
#3799 = VERTEX_POINT ( 'NONE', #2862 ) ;
#3800 = CARTESIAN_POINT ( 'NONE',  ( -10.38125571741597142, 4.472971572992187284, 5.000000000000000000 ) ) ;
#3801 = FACE_OUTER_BOUND ( 'NONE', #1903, .T. ) ;
#3802 = DIRECTION ( 'NONE',  ( -0.000000000000000000, -0.000000000000000000, -1.000000000000000000 ) ) ;
#3803 = AXIS2_PLACEMENT_3D ( 'NONE', #1731, #408, #741 ) ;
#3804 = ORIENTED_EDGE ( 'NONE', *, *, #3639, .T. ) ;
#3805 = CARTESIAN_POINT ( 'NONE',  ( -8.177079533846059789, 6.586757191301037651, 11.00000000000000000 ) ) ;
#3806 = CARTESIAN_POINT ( 'NONE',  ( 0.000000000000000000, 0.000000000000000000, 12.00000000000000000 ) ) ;
#3807 = LINE ( 'NONE', #3509, #1760 ) ;
#3808 = AXIS2_PLACEMENT_3D ( 'NONE', #2387, #1042, #1342 ) ;
#3809 = CARTESIAN_POINT ( 'NONE',  ( 10.46623223472574438, 0.8414171431506022314, 11.00000000000000000 ) ) ;
#3810 = VERTEX_POINT ( 'NONE', #1504 ) ;
#3811 = VECTOR ( 'NONE', #2141, 1000.000000000000114 ) ;
#3812 = VECTOR ( 'NONE', #217, 1000.000000000000227 ) ;
#3813 = LINE ( 'NONE', #1841, #2358 ) ;
#3814 = EDGE_CURVE ( 'NONE', #3548, #3839, #4222, .T. ) ;
#3815 = DIRECTION ( 'NONE',  ( 0.4144193993977555723, 0.9100860186832910870, -0.000000000000000000 ) ) ;
#3816 = PLANE ( 'NONE',  #3366 ) ;
#3817 = PLANE ( 'NONE',  #3110 ) ;
#3818 = VECTOR ( 'NONE', #3470, 1000.000000000000114 ) ;
#3819 = VECTOR ( 'NONE', #808, 1000.000000000000114 ) ;
#3820 = CARTESIAN_POINT ( 'NONE',  ( 4.482727995709595348, -4.675671988070067009, 5.000000000000000000 ) ) ;
#3821 = ORIENTED_EDGE ( 'NONE', *, *, #1933, .F. ) ;
#3822 = AXIS2_PLACEMENT_3D ( 'NONE', #4323, #293, #542 ) ;
#3823 = FACE_OUTER_BOUND ( 'NONE', #3506, .T. ) ;
#3824 = CARTESIAN_POINT ( 'NONE',  ( -1.308179746870341331, 6.343928165846387301, 11.00000000000000000 ) ) ;
#3825 = VECTOR ( 'NONE', #2426, 1000.000000000000000 ) ;
#3826 = EDGE_CURVE ( 'NONE', #3756, #2432, #2282, .T. ) ;
#3827 = EDGE_CURVE ( 'NONE', #2263, #1855, #1464, .T. ) ;
#3828 = ORIENTED_EDGE ( 'NONE', *, *, #2560, .T. ) ;
#3829 = EDGE_LOOP ( 'NONE', ( #739, #4006, #858, #1454 ) ) ;
#3830 = ORIENTED_EDGE ( 'NONE', *, *, #1117, .F. ) ;
#3831 = DIRECTION ( 'NONE',  ( -0.9090986164355365773, -0.4165809712348768623, 0.000000000000000000 ) ) ;
#3832 = VECTOR ( 'NONE', #402, 1000.000000000000000 ) ;
#3833 = EDGE_CURVE ( 'NONE', #791, #3389, #1778, .T. ) ;
#3834 = CIRCLE ( 'NONE', #678, 4.000000000000000000 ) ;
#3835 = ORIENTED_EDGE ( 'NONE', *, *, #3400, .T. ) ;
#3836 = LINE ( 'NONE', #2790, #1919 ) ;
#3837 = CARTESIAN_POINT ( 'NONE',  ( 0.9927876096865427824, 11.26020948851444459, 5.000000000000000000 ) ) ;
#3838 = VECTOR ( 'NONE', #3303, 1000.000000000000227 ) ;
#3839 = VERTEX_POINT ( 'NONE', #655 ) ;
#3840 = CARTESIAN_POINT ( 'NONE',  ( -2.500000000000000000, 3.061616997868383141E-16, -22.00000000000000000 ) ) ;
#3841 = CYLINDRICAL_SURFACE ( 'NONE', #1486, 10.50000000000000000 ) ;
#3842 = DIRECTION ( 'NONE',  ( -0.000000000000000000, 0.000000000000000000, 1.000000000000000000 ) ) ;
#3843 = FACE_OUTER_BOUND ( 'NONE', #218, .T. ) ;
#3844 = ORIENTED_EDGE ( 'NONE', *, *, #1622, .F. ) ;
#3845 = CARTESIAN_POINT ( 'NONE',  ( 0.6146118549011230225, -6.448178897282227595, 5.000000000000000000 ) ) ;
#3846 = LINE ( 'NONE', #771, #3474 ) ;
#3847 = ORIENTED_EDGE ( 'NONE', *, *, #2339, .F. ) ;
#3848 = ORIENTED_EDGE ( 'NONE', *, *, #1141, .F. ) ;
#3849 = FACE_OUTER_BOUND ( 'NONE', #2343, .T. ) ;
#3850 = ORIENTED_EDGE ( 'NONE', *, *, #1165, .T. ) ;
#3851 = LINE ( 'NONE', #1554, #3521 ) ;
#3852 = EDGE_CURVE ( 'NONE', #3376, #79, #3287, .T. ) ;
#3853 = EDGE_LOOP ( 'NONE', ( #1718, #1080, #2982, #2804 ) ) ;
#3854 = ORIENTED_EDGE ( 'NONE', *, *, #1257, .T. ) ;
#3855 = LINE ( 'NONE', #777, #4258 ) ;
#3856 = CARTESIAN_POINT ( 'NONE',  ( 1.354353294785856532, 6.334231285360856667, 11.00000000000000000 ) ) ;
#3857 = LINE ( 'NONE', #3107, #451 ) ;
#3858 = EDGE_CURVE ( 'NONE', #3788, #4202, #1317, .T. ) ;
#3859 = EDGE_CURVE ( 'NONE', #156, #702, #2932, .T. ) ;
#3860 = VERTEX_POINT ( 'NONE', #1889 ) ;
#3861 = LINE ( 'NONE', #2173, #2836 ) ;
#3862 = DIRECTION ( 'NONE',  ( 0.8499235187263688429, -0.5269060754212157027, 0.000000000000000000 ) ) ;
#3863 = DIRECTION ( 'NONE',  ( -0.000000000000000000, 0.000000000000000000, 1.000000000000000000 ) ) ;
#3864 = EDGE_CURVE ( 'NONE', #3240, #1580, #4352, .T. ) ;
#3865 = DIRECTION ( 'NONE',  ( -1.000000000000000000, 0.000000000000000000, 0.000000000000000000 ) ) ;
#3866 = ORIENTED_EDGE ( 'NONE', *, *, #280, .T. ) ;
#3867 = CARTESIAN_POINT ( 'NONE',  ( 2.597752473954340058, 10.17357764427362632, 5.000000000000000000 ) ) ;
#3868 = ORIENTED_EDGE ( 'NONE', *, *, #4347, .T. ) ;
#3869 = EDGE_LOOP ( 'NONE', ( #3601, #3074, #721, #215 ) ) ;
#3870 = CARTESIAN_POINT ( 'NONE',  ( 0.000000000000000000, 0.000000000000000000, 11.00000000000000000 ) ) ;
#3871 = CARTESIAN_POINT ( 'NONE',  ( 0.000000000000000000, 0.000000000000000000, -22.00000000000000000 ) ) ;
#3872 = ORIENTED_EDGE ( 'NONE', *, *, #4156, .F. ) ;
#3873 = ORIENTED_EDGE ( 'NONE', *, *, #1482, .T. ) ;
#3874 = DIRECTION ( 'NONE',  ( -0.04812841412490154874, -0.9988411564176867818, 0.000000000000000000 ) ) ;
#3875 = FACE_OUTER_BOUND ( 'NONE', #3444, .T. ) ;
#3876 = CARTESIAN_POINT ( 'NONE',  ( -6.072165522463966347, 8.566142998327771707, 11.00000000000000000 ) ) ;
#3877 = PLANE ( 'NONE',  #2477 ) ;
#3878 = ORIENTED_EDGE ( 'NONE', *, *, #4119, .F. ) ;
#3879 = ADVANCED_FACE ( 'NONE', ( #967 ), #2979, .T. ) ;
#3880 = ADVANCED_FACE ( 'NONE', ( #2644 ), #4269, .T. ) ;
#3881 = DIRECTION ( 'NONE',  ( -1.000000000000000000, 0.000000000000000000, 0.000000000000000000 ) ) ;
#3882 = FACE_OUTER_BOUND ( 'NONE', #1414, .T. ) ;
#3883 = VECTOR ( 'NONE', #2807, 999.9999999999998863 ) ;
#3884 = CARTESIAN_POINT ( 'NONE',  ( 0.000000000000000000, 0.000000000000000000, 0.000000000000000000 ) ) ;
#3885 = CARTESIAN_POINT ( 'NONE',  ( -7.741503911039226082, 8.232452710163125076, 11.00000000000000000 ) ) ;
#3886 = CIRCLE ( 'NONE', #163, 10.50000000000000000 ) ;
#3887 = ORIENTED_EDGE ( 'NONE', *, *, #2167, .F. ) ;
#3888 = DIRECTION ( 'NONE',  ( -1.000000000000000000, 0.000000000000000000, 0.000000000000000000 ) ) ;
#3889 = ORIENTED_EDGE ( 'NONE', *, *, #1219, .F. ) ;
#3890 = VECTOR ( 'NONE', #2587, 1000.000000000000000 ) ;
#3891 = VECTOR ( 'NONE', #3267, 1000.000000000000000 ) ;
#3892 = ORIENTED_EDGE ( 'NONE', *, *, #409, .T. ) ;
#3893 = ORIENTED_EDGE ( 'NONE', *, *, #1381, .F. ) ;
#3894 = ORIENTED_EDGE ( 'NONE', *, *, #1330, .F. ) ;
#3895 = PLANE ( 'NONE',  #2401 ) ;
#3896 = VECTOR ( 'NONE', #253, 1000.000000000000000 ) ;
#3897 = COLOUR_RGB ( '',0.7921568627450980005, 0.8196078431372548767, 0.9333333333333333481 ) ;
#3898 = ORIENTED_EDGE ( 'NONE', *, *, #2309, .F. ) ;
#3899 = DIRECTION ( 'NONE',  ( 0.000000000000000000, 0.000000000000000000, 1.000000000000000000 ) ) ;
#3900 = LINE ( 'NONE', #2242, #4242 ) ;
#3901 = DIRECTION ( 'NONE',  ( -0.000000000000000000, -0.000000000000000000, -1.000000000000000000 ) ) ;
#3902 = AXIS2_PLACEMENT_3D ( 'NONE', #2994, #2306, #4289 ) ;
#3903 = ADVANCED_FACE ( 'NONE', ( #2622 ), #637, .T. ) ;
#3904 = ORIENTED_EDGE ( 'NONE', *, *, #1285, .F. ) ;
#3905 = CARTESIAN_POINT ( 'NONE',  ( -1.308179746870341331, 6.343928165846387301, 5.000000000000000000 ) ) ;
#3906 = FACE_OUTER_BOUND ( 'NONE', #1550, .T. ) ;
#3907 = AXIS2_PLACEMENT_3D ( 'NONE', #157, #1769, #3129 ) ;
#3908 = LINE ( 'NONE', #899, #374 ) ;
#3909 = ADVANCED_FACE ( 'NONE', ( #1332 ), #3323, .T. ) ;
#3910 = DIRECTION ( 'NONE',  ( 0.7284952452422109870, 0.6850508577175060676, 0.000000000000000000 ) ) ;
#3911 = EDGE_CURVE ( 'NONE', #2594, #4210, #3590, .T. ) ;
#3912 = CIRCLE ( 'NONE', #2133, 4.000000000000000000 ) ;
#3913 = ORIENTED_EDGE ( 'NONE', *, *, #1445, .F. ) ;
#3914 = CARTESIAN_POINT ( 'NONE',  ( -1.430496923587078584, 6.317470805247103804, 11.00000000000000000 ) ) ;
#3915 = VERTEX_POINT ( 'NONE', #3613 ) ;
#3916 = DIRECTION ( 'NONE',  ( 0.000000000000000000, 0.000000000000000000, 1.000000000000000000 ) ) ;
#3917 = ORIENTED_EDGE ( 'NONE', *, *, #3622, .F. ) ;
#3918 = ORIENTED_EDGE ( 'NONE', *, *, #1054, .T. ) ;
#3919 = DIRECTION ( 'NONE',  ( -0.5103876621438188099, -0.8599444367698223513, 0.000000000000000000 ) ) ;
#3920 = EDGE_CURVE ( 'NONE', #3128, #1681, #1953, .T. ) ;
#3921 = ORIENTED_EDGE ( 'NONE', *, *, #3138, .F. ) ;
#3922 = DIRECTION ( 'NONE',  ( -0.5561955879187775453, -0.8310514231861257928, 0.000000000000000000 ) ) ;
#3923 = EDGE_CURVE ( 'NONE', #2206, #3686, #3933, .T. ) ;
#3924 = EDGE_LOOP ( 'NONE', ( #330, #3035, #3570, #993 ) ) ;
#3925 = CARTESIAN_POINT ( 'NONE',  ( 0.000000000000000000, 0.000000000000000000, 11.00000000000000000 ) ) ;
#3926 = PLANE ( 'NONE',  #1074 ) ;
#3927 = DIRECTION ( 'NONE',  ( 0.5661582161900647892, -0.8242965936120831838, 0.000000000000000000 ) ) ;
#3928 = ORIENTED_EDGE ( 'NONE', *, *, #1934, .F. ) ;
#3929 = LINE ( 'NONE', #1910, #3268 ) ;
#3930 = CARTESIAN_POINT ( 'NONE',  ( 6.471996502454001821, 0.2646131058054299601, 5.000000000000000000 ) ) ;
#3931 = DIRECTION ( 'NONE',  ( -0.000000000000000000, 0.000000000000000000, 1.000000000000000000 ) ) ;
#3932 = EDGE_CURVE ( 'NONE', #100, #3576, #4331, .T. ) ;
#3933 = LINE ( 'NONE', #298, #1449 ) ;
#3934 = ORIENTED_EDGE ( 'NONE', *, *, #2610, .T. ) ;
#3935 = DIRECTION ( 'NONE',  ( 1.000000000000000000, 0.000000000000000000, 0.000000000000000000 ) ) ;
#3936 = ORIENTED_EDGE ( 'NONE', *, *, #2694, .F. ) ;
#3937 = ORIENTED_EDGE ( 'NONE', *, *, #3355, .F. ) ;
#3938 = CARTESIAN_POINT ( 'NONE',  ( 8.762811945377075418, -7.140803300269144671, 5.000000000000000000 ) ) ;
#3939 = EDGE_CURVE ( 'NONE', #3839, #4355, #1570, .T. ) ;
#3940 = ORIENTED_EDGE ( 'NONE', *, *, #1541, .F. ) ;
#3941 = FACE_OUTER_BOUND ( 'NONE', #2013, .T. ) ;
#3942 = ORIENTED_EDGE ( 'NONE', *, *, #2447, .T. ) ;
#3943 = LINE ( 'NONE', #2612, #2774 ) ;
#3944 = CARTESIAN_POINT ( 'NONE',  ( 0.000000000000000000, 0.000000000000000000, 11.00000000000000000 ) ) ;
#3945 = DIRECTION ( 'NONE',  ( 1.000000000000000000, 0.000000000000000000, 0.000000000000000000 ) ) ;
#3946 = CARTESIAN_POINT ( 'NONE',  ( 10.41356080228726100, 4.397237357733170704, 11.00000000000000000 ) ) ;
#3947 = ORIENTED_EDGE ( 'NONE', *, *, #3920, .F. ) ;
#3948 = DIRECTION ( 'NONE',  ( 0.9991652199118493671, 0.04085172356835942153, -0.000000000000000000 ) ) ;
#3949 = DIRECTION ( 'NONE',  ( 0.000000000000000000, 0.000000000000000000, -1.000000000000000000 ) ) ;
#3950 = CARTESIAN_POINT ( 'NONE',  ( -10.89965690040262380, -2.983561610426931576, 11.00000000000000000 ) ) ;
#3951 = CARTESIAN_POINT ( 'NONE',  ( 3.372793040709284984, -5.530011385891059561, 5.000000000000000000 ) ) ;
#3952 = VECTOR ( 'NONE', #524, 1000.000000000000114 ) ;
#3953 = VECTOR ( 'NONE', #4343, 1000.000000000000000 ) ;
#3954 = VERTEX_POINT ( 'NONE', #1914 ) ;
#3955 = AXIS2_PLACEMENT_3D ( 'NONE', #4316, #3982, #972 ) ;
#3956 = ORIENTED_EDGE ( 'NONE', *, *, #4003, .F. ) ;
#3957 = CARTESIAN_POINT ( 'NONE',  ( 0.000000000000000000, 0.000000000000000000, 11.00000000000000000 ) ) ;
#3958 = CIRCLE ( 'NONE', #2616, 10.50000000000000000 ) ;
#3959 = ORIENTED_EDGE ( 'NONE', *, *, #561, .F. ) ;
#3960 = CARTESIAN_POINT ( 'NONE',  ( -2.641352261836299675, 5.914390674653902558, 11.00000000000000000 ) ) ;
#3961 = EDGE_CURVE ( 'NONE', #2490, #3498, #982, .T. ) ;
#3962 = CIRCLE ( 'NONE', #4032, 7.000000000000000000 ) ;
#3963 = ADVANCED_FACE ( 'NONE', ( #1250 ), #2585, .T. ) ;
#3964 = ORIENTED_EDGE ( 'NONE', *, *, #1933, .T. ) ;
#3965 = CARTESIAN_POINT ( 'NONE',  ( 5.383055571824837848, -3.602703364723089052, 11.00000000000000000 ) ) ;
#3966 = DIRECTION ( 'NONE',  ( 0.5641977467901309051, 0.8256396929150991992, 0.000000000000000000 ) ) ;
#3967 = CIRCLE ( 'NONE', #3187, 7.000000000000000000 ) ;
#3968 = LINE ( 'NONE', #868, #3674 ) ;
#3969 = VECTOR ( 'NONE', #523, 1000.000000000000000 ) ;
#3970 = DIRECTION ( 'NONE',  ( -1.000000000000000000, 0.000000000000000000, 0.000000000000000000 ) ) ;
#3971 = CARTESIAN_POINT ( 'NONE',  ( 1.476474515149202693, 6.306883686073168072, 11.00000000000000000 ) ) ;
#3972 = LINE ( 'NONE', #213, #800 ) ;
#3973 = CIRCLE ( 'NONE', #1443, 10.50000000000000000 ) ;
#3974 = DIRECTION ( 'NONE',  ( -0.000000000000000000, -0.000000000000000000, -1.000000000000000000 ) ) ;
#3975 = AXIS2_PLACEMENT_3D ( 'NONE', #2315, #660, #3000 ) ;
#3976 = VECTOR ( 'NONE', #2927, 1000.000000000000000 ) ;
#3977 = EDGE_LOOP ( 'NONE', ( #1404, #2956, #2255, #264 ) ) ;
#3978 = AXIS2_PLACEMENT_3D ( 'NONE', #3583, #1620, #616 ) ;
#3979 = ORIENTED_EDGE ( 'NONE', *, *, #1482, .F. ) ;
#3980 =( LENGTH_UNIT ( ) NAMED_UNIT ( * ) SI_UNIT ( .MILLI., .METRE. ) );
#3981 = ORIENTED_EDGE ( 'NONE', *, *, #3019, .T. ) ;
#3982 = DIRECTION ( 'NONE',  ( 0.9874091801630524579, 0.1581869493028067453, -0.000000000000000000 ) ) ;
#3983 = VERTEX_POINT ( 'NONE', #1938 ) ;
#3984 = EDGE_CURVE ( 'NONE', #2627, #2165, #4308, .T. ) ;
#3985 = LINE ( 'NONE', #3260, #1446 ) ;
#3986 = PLANE ( 'NONE',  #1352 ) ;
#3987 = DIRECTION ( 'NONE',  ( -1.000000000000000000, 0.000000000000000000, 0.000000000000000000 ) ) ;
#3988 = DIRECTION ( 'NONE',  ( -1.000000000000000000, 0.000000000000000000, 0.000000000000000000 ) ) ;
#3989 = CARTESIAN_POINT ( 'NONE',  ( 7.801262536493612565, 8.175846333341221239, 11.00000000000000000 ) ) ;
#3990 = ADVANCED_FACE ( 'NONE', ( #1711 ), #3065, .T. ) ;
#3991 = CARTESIAN_POINT ( 'NONE',  ( 7.416991421146181374, -7.432243151205697451, 11.00000000000000000 ) ) ;
#3992 = EDGE_CURVE ( 'NONE', #2826, #598, #405, .T. ) ;
#3993 = DIRECTION ( 'NONE',  ( -0.6080695340486804712, -0.7938837709399408915, 0.000000000000000000 ) ) ;
#3994 = FACE_OUTER_BOUND ( 'NONE', #2, .T. ) ;
#3995 = CARTESIAN_POINT ( 'NONE',  ( 0.000000000000000000, 0.000000000000000000, 11.00000000000000000 ) ) ;
#3996 = EDGE_LOOP ( 'NONE', ( #2160, #756, #4098, #2180 ) ) ;
#3997 = ORIENTED_EDGE ( 'NONE', *, *, #2070, .T. ) ;
#3998 = LINE ( 'NONE', #70, #3969 ) ;
#3999 = CYLINDRICAL_SURFACE ( 'NONE', #1969, 10.50000000000000000 ) ;
#4000 = CARTESIAN_POINT ( 'NONE',  ( 0.000000000000000000, 0.000000000000000000, 5.000000000000000000 ) ) ;
#4001 = VERTEX_POINT ( 'NONE', #50 ) ;
#4002 = CARTESIAN_POINT ( 'NONE',  ( 6.629430668458032194, 8.142521047692055092, 11.00000000000000000 ) ) ;
#4003 = EDGE_CURVE ( 'NONE', #1218, #4218, #1397, .T. ) ;
#4004 = CARTESIAN_POINT ( 'NONE',  ( 0.000000000000000000, 0.000000000000000000, 1.000000000000000000 ) ) ;
#4005 = EDGE_CURVE ( 'NONE', #1543, #1276, #4026, .T. ) ;
#4006 = ORIENTED_EDGE ( 'NONE', *, *, #2903, .T. ) ;
#4007 = PLANE ( 'NONE',  #1078 ) ;
#4008 = DIRECTION ( 'NONE',  ( 1.000000000000000000, 0.000000000000000000, 0.000000000000000000 ) ) ;
#4009 = CARTESIAN_POINT ( 'NONE',  ( -6.385651232246003950, -1.086378002196557224, 5.000000000000000000 ) ) ;
#4010 = CARTESIAN_POINT ( 'NONE',  ( -4.536220445964864290, -10.35377462710040675, 11.00000000000000000 ) ) ;
#4011 = ADVANCED_FACE ( 'NONE', ( #1013 ), #2714, .T. ) ;
#4012 = DIRECTION ( 'NONE',  ( -0.000000000000000000, 0.000000000000000000, 1.000000000000000000 ) ) ;
#4013 = EDGE_CURVE ( 'NONE', #1218, #1167, #187, .T. ) ;
#4014 = DIRECTION ( 'NONE',  ( 1.000000000000000000, 0.000000000000000000, 0.000000000000000000 ) ) ;
#4015 = DIRECTION ( 'NONE',  ( -0.5641977467901309051, -0.8256396929150991992, 0.000000000000000000 ) ) ;
#4016 = ADVANCED_FACE ( 'NONE', ( #1891 ), #551, .T. ) ;
#4017 = DIRECTION ( 'NONE',  ( -0.9495576741272737653, 0.3135924481010377574, 0.000000000000000000 ) ) ;
#4018 = VECTOR ( 'NONE', #2102, 1000.000000000000000 ) ;
#4019 = VERTEX_POINT ( 'NONE', #1939 ) ;
#4020 = ORIENTED_EDGE ( 'NONE', *, *, #57, .T. ) ;
#4021 = CARTESIAN_POINT ( 'NONE',  ( -1.482567108891096330, -10.39480614382175006, 11.00000000000000000 ) ) ;
#4022 = VECTOR ( 'NONE', #3219, 1000.000000000000114 ) ;
#4023 = AXIS2_PLACEMENT_3D ( 'NONE', #3504, #1516, #1878 ) ;
#4024 = AXIS2_PLACEMENT_3D ( 'NONE', #1475, #1815, #2810 ) ;
#4025 = ORIENTED_EDGE ( 'NONE', *, *, #2309, .T. ) ;
#4026 = LINE ( 'NONE', #369, #1168 ) ;
#4027 = ORIENTED_EDGE ( 'NONE', *, *, #3132, .T. ) ;
#4028 = LINE ( 'NONE', #1015, #3263 ) ;
#4029 = CARTESIAN_POINT ( 'NONE',  ( 8.224839597520867684, 6.527021801331200024, 11.00000000000000000 ) ) ;
#4030 = CARTESIAN_POINT ( 'NONE',  ( -3.851018080690994161, 5.208302848887711001, 11.00000000000000000 ) ) ;
#4031 = CARTESIAN_POINT ( 'NONE',  ( 9.528055790867218988, 6.082277353861754499, 11.00000000000000000 ) ) ;
#4032 = AXIS2_PLACEMENT_3D ( 'NONE', #502, #1503, #2815 ) ;
#4033 = AXIS2_PLACEMENT_3D ( 'NONE', #1625, #4266, #1911 ) ;
#4034 = ORIENTED_EDGE ( 'NONE', *, *, #1381, .T. ) ;
#4035 = AXIS2_PLACEMENT_3D ( 'NONE', #4004, #1991, #1661 ) ;
#4036 = ORIENTED_EDGE ( 'NONE', *, *, #3288, .F. ) ;
#4037 = LINE ( 'NONE', #65, #180 ) ;
#4038 = CARTESIAN_POINT ( 'NONE',  ( 7.604739771919065916, 8.363365229653085819, 11.00000000000000000 ) ) ;
#4039 = CARTESIAN_POINT ( 'NONE',  ( 6.134398983059601740, 8.521686987717711048, 11.00000000000000000 ) ) ;
#4040 = AXIS2_PLACEMENT_3D ( 'NONE', #3161, #2139, #418 ) ;
#4041 = LINE ( 'NONE', #3362, #10 ) ;
#4042 = AXIS2_PLACEMENT_3D ( 'NONE', #1394, #4078, #1063 ) ;
#4043 = EDGE_CURVE ( 'NONE', #3799, #2666, #4270, .T. ) ;
#4044 = FACE_OUTER_BOUND ( 'NONE', #2089, .T. ) ;
#4045 = AXIS2_PLACEMENT_3D ( 'NONE', #2168, #866, #3489 ) ;
#4046 = VERTEX_POINT ( 'NONE', #3680 ) ;
#4047 = ORIENTED_EDGE ( 'NONE', *, *, #3797, .F. ) ;
#4048 = AXIS2_PLACEMENT_3D ( 'NONE', #925, #2248, #944 ) ;
#4049 = EDGE_CURVE ( 'NONE', #4226, #3701, #3912, .T. ) ;
#4050 = EDGE_CURVE ( 'NONE', #1489, #1724, #4082, .T. ) ;
#4051 = VECTOR ( 'NONE', #3558, 1000.000000000000000 ) ;
#4052 = ORIENTED_EDGE ( 'NONE', *, *, #1576, .F. ) ;
#4053 = ORIENTED_EDGE ( 'NONE', *, *, #1688, .T. ) ;
#4054 = DIRECTION ( 'NONE',  ( -0.000000000000000000, -0.000000000000000000, -1.000000000000000000 ) ) ;
#4055 = CARTESIAN_POINT ( 'NONE',  ( -2.523580700700866153, 10.19222941495382884, 5.000000000000000000 ) ) ;
#4056 = CARTESIAN_POINT ( 'NONE',  ( 5.984933101081354678, -2.477364446164797229, 11.00000000000000000 ) ) ;
#4057 = ORIENTED_EDGE ( 'NONE', *, *, #4156, .T. ) ;
#4058 = DIRECTION ( 'NONE',  ( -0.000000000000000000, -0.000000000000000000, -1.000000000000000000 ) ) ;
#4059 = ADVANCED_FACE ( 'NONE', ( #1119 ), #3044, .T. ) ;
#4060 = ORIENTED_EDGE ( 'NONE', *, *, #1873, .T. ) ;
#4061 = LINE ( 'NONE', #1046, #4117 ) ;
#4062 = CARTESIAN_POINT ( 'NONE',  ( 6.377568816620962089, -1.132861338736877999, 11.00000000000000000 ) ) ;
#4063 = DIRECTION ( 'NONE',  ( 1.000000000000000000, 0.000000000000000000, 0.000000000000000000 ) ) ;
#4064 = ORIENTED_EDGE ( 'NONE', *, *, #3411, .F. ) ;
#4065 = EDGE_CURVE ( 'NONE', #150, #1908, #3813, .T. ) ;
#4066 = CARTESIAN_POINT ( 'NONE',  ( -3.569281488838021321, 10.72214484527913925, 5.000000000000000000 ) ) ;
#4067 = CARTESIAN_POINT ( 'NONE',  ( 10.41356080228726100, 4.397237357733169816, 5.000000000000000000 ) ) ;
#4068 = ORIENTED_EDGE ( 'NONE', *, *, #1471, .T. ) ;
#4069 = VERTEX_POINT ( 'NONE', #1817 ) ;
#4070 = EDGE_CURVE ( 'NONE', #286, #751, #2510, .T. ) ;
#4071 = ORIENTED_EDGE ( 'NONE', *, *, #4157, .T. ) ;
#4072 = ORIENTED_EDGE ( 'NONE', *, *, #3776, .F. ) ;
#4073 = DIRECTION ( 'NONE',  ( -0.2546876201410405716, 0.9670233793176322701, 0.000000000000000000 ) ) ;
#4074 = PLANE ( 'NONE',  #441 ) ;
#4075 = CARTESIAN_POINT ( 'NONE',  ( 5.645873701446667781, -8.852915347348179864, 5.000000000000000000 ) ) ;
#4076 = EDGE_CURVE ( 'NONE', #1880, #1167, #1885, .T. ) ;
#4077 = ORIENTED_EDGE ( 'NONE', *, *, #1662, .F. ) ;
#4078 = DIRECTION ( 'NONE',  ( -0.000000000000000000, -0.000000000000000000, -1.000000000000000000 ) ) ;
#4079 = CARTESIAN_POINT ( 'NONE',  ( 6.377568816620962089, -1.132861338736877999, 11.00000000000000000 ) ) ;
#4080 = DIRECTION ( 'NONE',  ( 0.7997207925899317837, -0.6003720962031223740, 0.000000000000000000 ) ) ;
#4081 = ORIENTED_EDGE ( 'NONE', *, *, #1915, .F. ) ;
#4082 = LINE ( 'NONE', #2064, #2631 ) ;
#4083 = CARTESIAN_POINT ( 'NONE',  ( -1.914118084957140198, 10.32405695242137078, 11.00000000000000000 ) ) ;
#4084 = CARTESIAN_POINT ( 'NONE',  ( -9.330245834751153211, 6.375788037005039932, 5.000000000000000000 ) ) ;
#4085 = LINE ( 'NONE', #2314, #2499 ) ;
#4086 = DIRECTION ( 'NONE',  ( -0.000000000000000000, -0.000000000000000000, -1.000000000000000000 ) ) ;
#4087 = ADVANCED_FACE ( 'NONE', ( #1949 ), #4326, .T. ) ;
#4088 = ORIENTED_EDGE ( 'NONE', *, *, #3377, .T. ) ;
#4089 = ORIENTED_EDGE ( 'NONE', *, *, #2249, .T. ) ;
#4090 = DIRECTION ( 'NONE',  ( -0.000000000000000000, -0.000000000000000000, -1.000000000000000000 ) ) ;
#4091 = DIRECTION ( 'NONE',  ( 0.05777515979386498024, 0.9983296203713447614, 0.000000000000000000 ) ) ;
#4092 = VERTEX_POINT ( 'NONE', #1113 ) ;
#4093 = AXIS2_PLACEMENT_3D ( 'NONE', #1951, #258, #547 ) ;
#4094 = VERTEX_POINT ( 'NONE', #3341 ) ;
#4095 = CARTESIAN_POINT ( 'NONE',  ( -4.655608830362115924, 9.411445501019187532, 5.000000000000000000 ) ) ;
#4096 = CARTESIAN_POINT ( 'NONE',  ( 2.500000000000000000, 3.061616997868383141E-16, 17.00000000000000000 ) ) ;
#4097 = EDGE_CURVE ( 'NONE', #3246, #1189, #339, .T. ) ;
#4098 = ORIENTED_EDGE ( 'NONE', *, *, #1663, .F. ) ;
#4099 = VECTOR ( 'NONE', #1395, 1000.000000000000000 ) ;
#4100 = EDGE_CURVE ( 'NONE', #2666, #841, #4232, .T. ) ;
#4101 = ORIENTED_EDGE ( 'NONE', *, *, #3729, .T. ) ;
#4102 = CARTESIAN_POINT ( 'NONE',  ( 0.3500000000000020872, 10.49416504539546580, 5.000000000000000000 ) ) ;
#4103 = PLANE ( 'NONE',  #2744 ) ;
#4104 = LINE ( 'NONE', #5, #2754 ) ;
#4105 = CIRCLE ( 'NONE', #3523, 10.50000000000000000 ) ;
#4106 = ORIENTED_EDGE ( 'NONE', *, *, #4100, .T. ) ;
#4107 = DIRECTION ( 'NONE',  ( -0.7218435344370552897, -0.6920562923573629899, 0.000000000000000000 ) ) ;
#4108 = SURFACE_SIDE_STYLE ('',( #1730 ) ) ;
#4109 = DIRECTION ( 'NONE',  ( 1.000000000000000000, 0.000000000000000000, 0.000000000000000000 ) ) ;
#4110 = LINE ( 'NONE', #2344, #1561 ) ;
#4111 = VECTOR ( 'NONE', #671, 1000.000000000000114 ) ;
#4112 = LINE ( 'NONE', #1547, #815 ) ;
#4113 = AXIS2_PLACEMENT_3D ( 'NONE', #1260, #3230, #3526 ) ;
#4114 = ORIENTED_EDGE ( 'NONE', *, *, #4272, .F. ) ;
#4115 = CARTESIAN_POINT ( 'NONE',  ( -11.27248853428774922, -0.8419900281648583507, 5.000000000000000000 ) ) ;
#4116 = ORIENTED_EDGE ( 'NONE', *, *, #1166, .F. ) ;
#4117 = VECTOR ( 'NONE', #1023, 1000.000000000000000 ) ;
#4118 = ORIENTED_EDGE ( 'NONE', *, *, #3574, .F. ) ;
#4119 = EDGE_CURVE ( 'NONE', #1617, #3185, #2524, .T. ) ;
#4120 = VECTOR ( 'NONE', #1100, 1000.000000000000000 ) ;
#4121 = VERTEX_POINT ( 'NONE', #2457 ) ;
#4122 = PLANE ( 'NONE',  #4040 ) ;
#4123 = DIRECTION ( 'NONE',  ( -0.000000000000000000, -0.000000000000000000, -1.000000000000000000 ) ) ;
#4124 = LINE ( 'NONE', #4188, #1424 ) ;
#4125 = DIRECTION ( 'NONE',  ( -0.000000000000000000, 0.000000000000000000, 1.000000000000000000 ) ) ;
#4126 = VECTOR ( 'NONE', #4177, 1000.000000000000000 ) ;
#4127 = EDGE_CURVE ( 'NONE', #1259, #1055, #3943, .T. ) ;
#4128 = EDGE_LOOP ( 'NONE', ( #8, #1717, #4227, #3887 ) ) ;
#4129 = LINE ( 'NONE', #1346, #2205 ) ;
#4130 = LINE ( 'NONE', #1749, #4180 ) ;
#4131 = ORIENTED_EDGE ( 'NONE', *, *, #969, .T. ) ;
#4132 = EDGE_CURVE ( 'NONE', #1189, #114, #2967, .T. ) ;
#4133 = DIRECTION ( 'NONE',  ( -0.000000000000000000, -0.000000000000000000, -1.000000000000000000 ) ) ;
#4134 = CARTESIAN_POINT ( 'NONE',  ( -2.469478674721313993, -11.02750359350676312, 11.00000000000000000 ) ) ;
#4135 = FACE_OUTER_BOUND ( 'NONE', #3308, .T. ) ;
#4136 = ORIENTED_EDGE ( 'NONE', *, *, #3034, .T. ) ;
#4137 = DIRECTION ( 'NONE',  ( 0.000000000000000000, 0.000000000000000000, -1.000000000000000000 ) ) ;
#4138 = EDGE_CURVE ( 'NONE', #4255, #3673, #3059, .T. ) ;
#4139 = EDGE_CURVE ( 'NONE', #2451, #1927, #2007, .T. ) ;
#4140 = ORIENTED_EDGE ( 'NONE', *, *, #1398, .F. ) ;
#4141 = VERTEX_POINT ( 'NONE', #3800 ) ;
#4142 = DIRECTION ( 'NONE',  ( -1.000000000000000000, 0.000000000000000000, 0.000000000000000000 ) ) ;
#4143 = LINE ( 'NONE', #3001, #1640 ) ;
#4144 = ADVANCED_FACE ( 'NONE', ( #2784 ), #4186, .T. ) ;
#4145 = EDGE_LOOP ( 'NONE', ( #2496, #2138, #2078, #1002 ) ) ;
#4146 = EDGE_CURVE ( 'NONE', #3109, #3080, #3461, .T. ) ;
#4147 = CARTESIAN_POINT ( 'NONE',  ( -10.18702394886413565, 2.544512343312286262, 11.00000000000000000 ) ) ;
#4148 = LINE ( 'NONE', #1131, #32 ) ;
#4149 = LINE ( 'NONE', #2508, #879 ) ;
#4150 = EDGE_CURVE ( 'NONE', #4069, #2092, #606, .T. ) ;
#4151 = ORIENTED_EDGE ( 'NONE', *, *, #4139, .F. ) ;
#4152 = DIRECTION ( 'NONE',  ( -0.000000000000000000, 0.000000000000000000, 1.000000000000000000 ) ) ;
#4153 = DIRECTION ( 'NONE',  ( -0.8499235187263687319, 0.5269060754212158137, 0.000000000000000000 ) ) ;
#4154 = CARTESIAN_POINT ( 'NONE',  ( 6.093547259491241874, 9.520852207629564745, 11.00000000000000000 ) ) ;
#4155 =( LENGTH_UNIT ( ) NAMED_UNIT ( * ) SI_UNIT ( .MILLI., .METRE. ) );
#4156 = EDGE_CURVE ( 'NONE', #3748, #351, #3278, .T. ) ;
#4157 = EDGE_CURVE ( 'NONE', #79, #4202, #271, .T. ) ;
#4158 = LINE ( 'NONE', #2204, #2845 ) ;
#4159 = VERTEX_POINT ( 'NONE', #2320 ) ;
#4160 = CARTESIAN_POINT ( 'NONE',  ( 7.997785301068243591, 7.988327437029275835, 5.000000000000000000 ) ) ;
#4161 = EDGE_CURVE ( 'NONE', #646, #1681, #3727, .T. ) ;
#4162 = ORIENTED_EDGE ( 'NONE', *, *, #766, .T. ) ;
#4163 = ORIENTED_EDGE ( 'NONE', *, *, #3984, .T. ) ;
#4164 = ORIENTED_EDGE ( 'NONE', *, *, #3747, .T. ) ;
#4165 = CARTESIAN_POINT ( 'NONE',  ( 10.29929669993097008, -2.043156256087887090, 11.00000000000000000 ) ) ;
#4166 = VECTOR ( 'NONE', #3631, 1000.000000000000000 ) ;
#4167 = EDGE_LOOP ( 'NONE', ( #2366, #3365, #69, #3850 ) ) ;
#4168 = DIRECTION ( 'NONE',  ( -0.000000000000000000, 0.000000000000000000, 1.000000000000000000 ) ) ;
#4169 = DIRECTION ( 'NONE',  ( -0.000000000000000000, -0.000000000000000000, -1.000000000000000000 ) ) ;
#4170 = CIRCLE ( 'NONE', #942, 2.500000000000000000 ) ;
#4171 = CARTESIAN_POINT ( 'NONE',  ( -10.31390553733085724, -1.968083475621895895, 5.000000000000000000 ) ) ;
#4172 = ORIENTED_EDGE ( 'NONE', *, *, #558, .T. ) ;
#4173 = VECTOR ( 'NONE', #1871, 1000.000000000000114 ) ;
#4174 = LINE ( 'NONE', #2128, #3463 ) ;
#4175 = FACE_OUTER_BOUND ( 'NONE', #2698, .T. ) ;
#4176 = AXIS2_PLACEMENT_3D ( 'NONE', #2059, #1684, #737 ) ;
#4177 = DIRECTION ( 'NONE',  ( 0.000000000000000000, 0.000000000000000000, 1.000000000000000000 ) ) ;
#4178 = ORIENTED_EDGE ( 'NONE', *, *, #3747, .F. ) ;
#4179 = EDGE_CURVE ( 'NONE', #3616, #759, #1998, .T. ) ;
#4180 = VECTOR ( 'NONE', #2835, 1000.000000000000114 ) ;
#4181 = LINE ( 'NONE', #2179, #1565 ) ;
#4182 = AXIS2_PLACEMENT_3D ( 'NONE', #20, #3419, #2050 ) ;
#4183 = VERTEX_POINT ( 'NONE', #836 ) ;
#4184 = ORIENTED_EDGE ( 'NONE', *, *, #3666, .T. ) ;
#4185 = EDGE_CURVE ( 'NONE', #2591, #1167, #128, .T. ) ;
#4186 = CYLINDRICAL_SURFACE ( 'NONE', #3764, 10.50000000000000000 ) ;
#4187 = EDGE_LOOP ( 'NONE', ( #3835, #1061, #1245, #3071 ) ) ;
#4188 = CARTESIAN_POINT ( 'NONE',  ( 4.000000000000000000, 4.898587196589412829E-16, 1.000000000000000000 ) ) ;
#4189 = CIRCLE ( 'NONE', #677, 10.50000000000000000 ) ;
#4190 = AXIS2_PLACEMENT_3D ( 'NONE', #135, #1473, #2806 ) ;
#4191 = ORIENTED_EDGE ( 'NONE', *, *, #2685, .T. ) ;
#4192 = CARTESIAN_POINT ( 'NONE',  ( -6.217699379012231908, 1.815756937415276662, 11.00000000000000000 ) ) ;
#4193 = CYLINDRICAL_SURFACE ( 'NONE', #1000, 4.000000000000000000 ) ;
#4194 = FACE_OUTER_BOUND ( 'NONE', #3054, .T. ) ;
#4195 = VECTOR ( 'NONE', #3055, 1000.000000000000114 ) ;
#4196 = ORIENTED_EDGE ( 'NONE', *, *, #2172, .F. ) ;
#4197 = CARTESIAN_POINT ( 'NONE',  ( 4.000000000000000000, 4.898587196589412829E-16, 11.00000000000000000 ) ) ;
#4198 = FACE_OUTER_BOUND ( 'NONE', #4223, .T. ) ;
#4199 = DIRECTION ( 'NONE',  ( 1.000000000000000000, 0.000000000000000000, 0.000000000000000000 ) ) ;
#4200 = DIRECTION ( 'NONE',  ( -0.8636392140471258472, -0.5041104124693942534, 0.000000000000000000 ) ) ;
#4201 = EDGE_LOOP ( 'NONE', ( #885, #3525, #162, #819 ) ) ;
#4202 = VERTEX_POINT ( 'NONE', #3249 ) ;
#4203 = EDGE_CURVE ( 'NONE', #3408, #2322, #1575, .T. ) ;
#4204 = ORIENTED_EDGE ( 'NONE', *, *, #3400, .F. ) ;
#4205 = ORIENTED_EDGE ( 'NONE', *, *, #4179, .T. ) ;
#4206 = CARTESIAN_POINT ( 'NONE',  ( 2.654583792703834710, -10.98777183284636827, 11.00000000000000000 ) ) ;
#4207 = EDGE_LOOP ( 'NONE', ( #711, #1039, #2479, #1320 ) ) ;
#4208 = DIRECTION ( 'NONE',  ( -0.7645147499683422332, -0.6446062341312276400, 0.000000000000000000 ) ) ;
#4209 = ADVANCED_FACE ( 'NONE', ( #1254 ), #198, .T. ) ;
#4210 = VERTEX_POINT ( 'NONE', #1748 ) ;
#4211 = ORIENTED_EDGE ( 'NONE', *, *, #1134, .T. ) ;
#4212 = CARTESIAN_POINT ( 'NONE',  ( -8.882320425793317042, -5.599498535898982610, 11.00000000000000000 ) ) ;
#4213 = DIRECTION ( 'NONE',  ( 0.000000000000000000, 0.000000000000000000, -1.000000000000000000 ) ) ;
#4214 = EDGE_CURVE ( 'NONE', #1673, #200, #2359, .T. ) ;
#4215 = CARTESIAN_POINT ( 'NONE',  ( -4.536220445964864290, -10.35377462710040675, 11.00000000000000000 ) ) ;
#4216 = EDGE_CURVE ( 'NONE', #3493, #3748, #2742, .T. ) ;
#4217 = DIRECTION ( 'NONE',  ( -0.9753091034610329446, -0.2208441819610289514, 0.000000000000000000 ) ) ;
#4218 = VERTEX_POINT ( 'NONE', #3563 ) ;
#4219 = CARTESIAN_POINT ( 'NONE',  ( 0.000000000000000000, 0.000000000000000000, 11.00000000000000000 ) ) ;
#4220 = CARTESIAN_POINT ( 'NONE',  ( -9.176991059613770929, 6.600059094807169124, 5.000000000000000000 ) ) ;
#4221 = CARTESIAN_POINT ( 'NONE',  ( 3.019124346580250418, -10.05658431973234102, 11.00000000000000000 ) ) ;
#4222 = LINE ( 'NONE', #2844, #964 ) ;
#4223 = EDGE_LOOP ( 'NONE', ( #3217, #1578, #1704, #544 ) ) ;
#4224 = DIRECTION ( 'NONE',  ( 0.000000000000000000, 0.000000000000000000, -1.000000000000000000 ) ) ;
#4225 = LINE ( 'NONE', #2497, #4315 ) ;
#4226 = VERTEX_POINT ( 'NONE', #1795 ) ;
#4227 = ORIENTED_EDGE ( 'NONE', *, *, #118, .T. ) ;
#4228 = DIRECTION ( 'NONE',  ( -0.5124298057923911687, 0.8587291156910730194, 0.000000000000000000 ) ) ;
#4229 = EDGE_LOOP ( 'NONE', ( #1345, #3093, #36, #970 ) ) ;
#4230 = LINE ( 'NONE', #886, #945 ) ;
#4231 = ORIENTED_EDGE ( 'NONE', *, *, #2951, .F. ) ;
#4232 = LINE ( 'NONE', #4147, #621 ) ;
#4233 = EDGE_CURVE ( 'NONE', #2048, #1428, #1152, .T. ) ;
#4234 = DIRECTION ( 'NONE',  ( 0.9619224656602153312, 0.2733224653375057600, -0.000000000000000000 ) ) ;
#4235 = DIRECTION ( 'NONE',  ( 0.9457143435305384038, 0.3249990468302988433, 0.000000000000000000 ) ) ;
#4236 = DIRECTION ( 'NONE',  ( -0.000000000000000000, -0.000000000000000000, -1.000000000000000000 ) ) ;
#4237 = DIRECTION ( 'NONE',  ( 1.000000000000000000, 0.000000000000000000, 0.000000000000000000 ) ) ;
#4238 = VECTOR ( 'NONE', #2600, 1000.000000000000114 ) ;
#4239 = EDGE_LOOP ( 'NONE', ( #3660, #12, #3024, #2802 ) ) ;
#4240 = DIRECTION ( 'NONE',  ( 0.000000000000000000, 0.000000000000000000, -1.000000000000000000 ) ) ;
#4241 = CARTESIAN_POINT ( 'NONE',  ( 0.7866705388829042800, -10.47048945671851961, 11.00000000000000000 ) ) ;
#4242 = VECTOR ( 'NONE', #2221, 1000.000000000000000 ) ;
#4243 = DIRECTION ( 'NONE',  ( -1.000000000000000000, 0.000000000000000000, 0.000000000000000000 ) ) ;
#4244 = ADVANCED_FACE ( 'NONE', ( #3669 ), #1287, .T. ) ;
#4245 = LINE ( 'NONE', #1869, #1512 ) ;
#4246 = VECTOR ( 'NONE', #3831, 999.9999999999998863 ) ;
#4247 = ORIENTED_EDGE ( 'NONE', *, *, #2822, .F. ) ;
#4248 = CARTESIAN_POINT ( 'NONE',  ( -5.790777868510789794, 9.704177044307956024, 5.000000000000000000 ) ) ;
#4249 = PLANE ( 'NONE',  #17 ) ;
#4250 = VECTOR ( 'NONE', #68, 1000.000000000000000 ) ;
#4251 = VECTOR ( 'NONE', #2899, 1000.000000000000114 ) ;
#4252 = VECTOR ( 'NONE', #1371, 1000.000000000000000 ) ;
#4253 = EDGE_LOOP ( 'NONE', ( #1476, #1124, #1692, #3503 ) ) ;
#4254 = ORIENTED_EDGE ( 'NONE', *, *, #2012, .F. ) ;
#4255 = VERTEX_POINT ( 'NONE', #1963 ) ;
#4256 = CARTESIAN_POINT ( 'NONE',  ( -8.639495681600477539, -7.284454323922589403, 11.00000000000000000 ) ) ;
#4257 = AXIS2_PLACEMENT_3D ( 'NONE', #151, #2453, #1170 ) ;
#4258 = VECTOR ( 'NONE', #798, 1000.000000000000000 ) ;
#4259 = ORIENTED_EDGE ( 'NONE', *, *, #3233, .T. ) ;
#4260 = CARTESIAN_POINT ( 'NONE',  ( -2.031264886787171875, -6.150668401340384506, 11.00000000000000000 ) ) ;
#4261 = DIRECTION ( 'NONE',  ( -0.000000000000000000, 0.000000000000000000, 1.000000000000000000 ) ) ;
#4262 = VECTOR ( 'NONE', #2989, 1000.000000000000000 ) ;
#4263 = FACE_OUTER_BOUND ( 'NONE', #250, .T. ) ;
#4264 = ORIENTED_EDGE ( 'NONE', *, *, #613, .T. ) ;
#4265 = CARTESIAN_POINT ( 'NONE',  ( -9.649692386282916701, -4.139255591300632808, 11.00000000000000000 ) ) ;
#4266 = DIRECTION ( 'NONE',  ( 0.000000000000000000, 0.000000000000000000, -1.000000000000000000 ) ) ;
#4267 = VECTOR ( 'NONE', #3175, 1000.000000000000114 ) ;
#4268 = DIRECTION ( 'NONE',  ( 1.000000000000000000, 0.000000000000000000, 0.000000000000000000 ) ) ;
#4269 = PLANE ( 'NONE',  #1028 ) ;
#4270 = CIRCLE ( 'NONE', #38, 10.50000000000000000 ) ;
#4271 = EDGE_CURVE ( 'NONE', #3422, #1528, #4344, .T. ) ;
#4272 = EDGE_CURVE ( 'NONE', #673, #2219, #3371, .T. ) ;
#4273 = ORIENTED_EDGE ( 'NONE', *, *, #2428, .F. ) ;
#4274 = DIRECTION ( 'NONE',  ( -0.000000000000000000, -0.000000000000000000, -1.000000000000000000 ) ) ;
#4275 = AXIS2_PLACEMENT_3D ( 'NONE', #601, #1273, #3015 ) ;
#4276 = CARTESIAN_POINT ( 'NONE',  ( -5.409154339901689923, -3.563398399093701929, 11.00000000000000000 ) ) ;
#4277 = ORIENTED_EDGE ( 'NONE', *, *, #2235, .T. ) ;
#4278 = ORIENTED_EDGE ( 'NONE', *, *, #1955, .T. ) ;
#4279 = DIRECTION ( 'NONE',  ( -0.000000000000000000, -0.000000000000000000, -1.000000000000000000 ) ) ;
#4280 = ORIENTED_EDGE ( 'NONE', *, *, #2365, .T. ) ;
#4281 = DIRECTION ( 'NONE',  ( -0.000000000000000000, -0.000000000000000000, -1.000000000000000000 ) ) ;
#4282 = EDGE_CURVE ( 'NONE', #834, #1899, #3761, .T. ) ;
#4283 = ORIENTED_EDGE ( 'NONE', *, *, #3551, .T. ) ;
#4284 = DIRECTION ( 'NONE',  ( 0.8310514231861259038, -0.5561955879187776564, 0.000000000000000000 ) ) ;
#4285 = LINE ( 'NONE', #937, #1300 ) ;
#4286 = CARTESIAN_POINT ( 'NONE',  ( 0.000000000000000000, 0.000000000000000000, 0.000000000000000000 ) ) ;
#4287 = EDGE_CURVE ( 'NONE', #1598, #2201, #968, .T. ) ;
#4288 = CARTESIAN_POINT ( 'NONE',  ( 1.406813522612568867, -10.40532919770414999, 11.00000000000000000 ) ) ;
#4289 = DIRECTION ( 'NONE',  ( -0.9130804469446885951, -0.4077794715373589951, 0.000000000000000000 ) ) ;
#4290 = DIRECTION ( 'NONE',  ( 0.6779814931923145993, -0.7350789718722195998, 0.000000000000000000 ) ) ;
#4291 = CARTESIAN_POINT ( 'NONE',  ( 9.619286666718521062, -4.209432743671203347, 5.000000000000000000 ) ) ;
#4292 = DIRECTION ( 'NONE',  ( -0.000000000000000000, -0.000000000000000000, -1.000000000000000000 ) ) ;
#4293 = EDGE_LOOP ( 'NONE', ( #4034, #3392, #921, #2134 ) ) ;
#4294 = EDGE_CURVE ( 'NONE', #1553, #375, #476, .T. ) ;
#4295 = EDGE_CURVE ( 'NONE', #750, #530, #2609, .T. ) ;
#4296 = VERTEX_POINT ( 'NONE', #560 ) ;
#4297 = ORIENTED_EDGE ( 'NONE', *, *, #42, .T. ) ;
#4298 = CARTESIAN_POINT ( 'NONE',  ( 9.619286666718521062, -4.209432743671203347, 11.00000000000000000 ) ) ;
#4299 = DIRECTION ( 'NONE',  ( -1.000000000000000000, 0.000000000000000000, 0.000000000000000000 ) ) ;
#4300 = CARTESIAN_POINT ( 'NONE',  ( 0.000000000000000000, 0.000000000000000000, 5.000000000000000000 ) ) ;
#4301 = ORIENTED_EDGE ( 'NONE', *, *, #4271, .T. ) ;
#4302 = CARTESIAN_POINT ( 'NONE',  ( 7.997785301068243591, 7.988327437029275835, 11.00000000000000000 ) ) ;
#4303 = DIRECTION ( 'NONE',  ( -0.000000000000000000, 0.000000000000000000, 1.000000000000000000 ) ) ;
#4304 = DIRECTION ( 'NONE',  ( -0.000000000000000000, -0.000000000000000000, -1.000000000000000000 ) ) ;
#4305 = DIRECTION ( 'NONE',  ( -0.000000000000000000, -0.000000000000000000, -1.000000000000000000 ) ) ;
#4306 = CARTESIAN_POINT ( 'NONE',  ( -2.734546706114576509, -10.96814475083438900, 11.00000000000000000 ) ) ;
#4307 = CARTESIAN_POINT ( 'NONE',  ( 0.000000000000000000, 0.000000000000000000, 11.00000000000000000 ) ) ;
#4308 = LINE ( 'NONE', #281, #2063 ) ;
#4309 = CIRCLE ( 'NONE', #1685, 10.50000000000000000 ) ;
#4310 = AXIS2_PLACEMENT_3D ( 'NONE', #1660, #2051, #61 ) ;
#4311 = EDGE_CURVE ( 'NONE', #3692, #2826, #1879, .T. ) ;
#4312 = ORIENTED_EDGE ( 'NONE', *, *, #2447, .F. ) ;
#4313 = AXIS2_PLACEMENT_3D ( 'NONE', #3186, #2522, #2544 ) ;
#4314 = ORIENTED_EDGE ( 'NONE', *, *, #4065, .F. ) ;
#4315 = VECTOR ( 'NONE', #554, 1000.000000000000000 ) ;
#4316 = CARTESIAN_POINT ( 'NONE',  ( 11.15834239737638178, 1.787611639204794933, 11.00000000000000000 ) ) ;
#4317 = VECTOR ( 'NONE', #2680, 1000.000000000000114 ) ;
#4318 = ADVANCED_FACE ( 'NONE', ( #1944 ), #333, .T. ) ;
#4319 = ORIENTED_EDGE ( 'NONE', *, *, #3622, .T. ) ;
#4320 = DIRECTION ( 'NONE',  ( 0.6157102260115921988, 0.7879726629679192351, -0.000000000000000000 ) ) ;
#4321 = DIRECTION ( 'NONE',  ( 1.000000000000000000, 0.000000000000000000, 0.000000000000000000 ) ) ;
#4322 = AXIS2_PLACEMENT_3D ( 'NONE', #3426, #1560, #958 ) ;
#4323 = CARTESIAN_POINT ( 'NONE',  ( 0.000000000000000000, 0.000000000000000000, 11.00000000000000000 ) ) ;
#4324 = VECTOR ( 'NONE', #4073, 999.9999999999998863 ) ;
#4325 = EDGE_CURVE ( 'NONE', #2745, #1428, #1075, .T. ) ;
#4326 = PLANE ( 'NONE',  #2495 ) ;
#4327 = DIRECTION ( 'NONE',  ( 0.000000000000000000, 0.000000000000000000, -1.000000000000000000 ) ) ;
#4328 = DIRECTION ( 'NONE',  ( -0.9651426188756584423, 0.2617245216441049238, 0.000000000000000000 ) ) ;
#4329 = DIRECTION ( 'NONE',  ( 0.000000000000000000, 0.000000000000000000, -1.000000000000000000 ) ) ;
#4330 = VECTOR ( 'NONE', #3152, 1000.000000000000000 ) ;
#4331 = LINE ( 'NONE', #2954, #2987 ) ;
#4332 = VECTOR ( 'NONE', #1401, 1000.000000000000000 ) ;
#4333 = VECTOR ( 'NONE', #3213, 1000.000000000000114 ) ;
#4334 = DIRECTION ( 'NONE',  ( -0.8350806252005414931, -0.5501275755810399737, 0.000000000000000000 ) ) ;
#4335 = VERTEX_POINT ( 'NONE', #748 ) ;
#4336 = VECTOR ( 'NONE', #2763, 1000.000000000000114 ) ;
#4337 = ORIENTED_EDGE ( 'NONE', *, *, #145, .T. ) ;
#4338 = CARTESIAN_POINT ( 'NONE',  ( 5.984933101081354678, -2.477364446164797229, 11.00000000000000000 ) ) ;
#4339 = DIRECTION ( 'NONE',  ( -0.000000000000000000, -0.000000000000000000, -1.000000000000000000 ) ) ;
#4340 = CARTESIAN_POINT ( 'NONE',  ( -6.462667090921570434, 0.4366839766468764705, 11.00000000000000000 ) ) ;
#4341 = EDGE_CURVE ( 'NONE', #3616, #3954, #3846, .T. ) ;
#4342 = ORIENTED_EDGE ( 'NONE', *, *, #4341, .F. ) ;
#4343 = DIRECTION ( 'NONE',  ( -0.7350789718722195998, -0.6779814931923145993, 0.000000000000000000 ) ) ;
#4344 = LINE ( 'NONE', #2325, #3063 ) ;
#4345 = DIRECTION ( 'NONE',  ( -0.3735189887589037694, -0.9276225337045914676, 0.000000000000000000 ) ) ;
#4346 = ADVANCED_FACE ( 'NONE', ( #2476 ), #2090, .T. ) ;
#4347 = EDGE_CURVE ( 'NONE', #2704, #3312, #2068, .T. ) ;
#4348 = EDGE_CURVE ( 'NONE', #2330, #915, #39, .T. ) ;
#4349 = CARTESIAN_POINT ( 'NONE',  ( 0.000000000000000000, 0.000000000000000000, 11.00000000000000000 ) ) ;
#4350 = PLANE ( 'NONE',  #302 ) ;
#4351 = CARTESIAN_POINT ( 'NONE',  ( -6.385651232246003950, -1.086378002196557224, 11.00000000000000000 ) ) ;
#4352 = LINE ( 'NONE', #1971, #113 ) ;
#4353 = PLANE ( 'NONE',  #1573 ) ;
#4354 = DIRECTION ( 'NONE',  ( -0.8549738714150825203, 0.5186710703302294112, 0.000000000000000000 ) ) ;
#4355 = VERTEX_POINT ( 'NONE', #718 ) ;
#4356 = VERTEX_POINT ( 'NONE', #301 ) ;
#4357 = SURFACE_SIDE_STYLE ('',( #1959 ) ) ;
#4358 = EDGE_CURVE ( 'NONE', #1896, #455, #4085, .T. ) ;
#4359 = EDGE_LOOP ( 'NONE', ( #363, #3032, #2342, #1127 ) ) ;
#4360 = DIRECTION ( 'NONE',  ( -0.000000000000000000, -0.000000000000000000, -1.000000000000000000 ) ) ;
#4361 = CARTESIAN_POINT ( 'NONE',  ( -3.311553363668787942, 10.80793964096542403, 11.00000000000000000 ) ) ;
#4362 = CARTESIAN_POINT ( 'NONE',  ( 5.762716782565939333, 2.957677147268384932, 11.00000000000000000 ) ) ;
#4363 = DIRECTION ( 'NONE',  ( -0.000000000000000000, -0.000000000000000000, -1.000000000000000000 ) ) ;
#4364 = ORIENTED_EDGE ( 'NONE', *, *, #2392, .F. ) ;
ENDSEC;
END-ISO-10303-21;
