ISO-10303-21;
HEADER;
FILE_DESCRIPTION (( 'STEP AP214' ),
    '1' );
FILE_NAME ('Left End cap.STEP',
    '2026-06-11T14:52:36',
    ( '' ),
    ( '' ),
    'SwSTEP 2.0',
    'SolidWorks 2025',
    '' );
FILE_SCHEMA (( 'AUTOMOTIVE_DESIGN' ));
ENDSEC;

DATA;
#1 = EDGE_CURVE ( 'NONE', #5061, #6564, #3266, .T. ) ;
#2 = ORIENTED_EDGE ( 'NONE', *, *, #837, .F. ) ;
#3 = ORIENTED_EDGE ( 'NONE', *, *, #6437, .T. ) ;
#4 = ORIENTED_EDGE ( 'NONE', *, *, #12778, .F. ) ;
#5 = ORIENTED_EDGE ( 'NONE', *, *, #587, .F. ) ;
#6 = CARTESIAN_POINT ( 'NONE',  ( 23.75000000000000000, -13.49999999999991473, 67.51000000000001933 ) ) ;
#7 = CARTESIAN_POINT ( 'NONE',  ( -28.74999999999999645, -20.49999999999991473, 52.00000000000000711 ) ) ;
#8 = EDGE_CURVE ( 'NONE', #12543, #11673, #7307, .T. ) ;
#9 = DIRECTION ( 'NONE',  ( 1.000000000000000000, 0.000000000000000000, -0.000000000000000000 ) ) ;
#10 =( LENGTH_UNIT ( ) NAMED_UNIT ( * ) SI_UNIT ( .MILLI., .METRE. ) );
#11 = FACE_OUTER_BOUND ( 'NONE', #4030, .T. ) ;
#12 = DIRECTION ( 'NONE',  ( 0.000000000000000000, 0.000000000000000000, -1.000000000000000000 ) ) ;
#13 = ORIENTED_EDGE ( 'NONE', *, *, #10323, .F. ) ;
#14 = DIRECTION ( 'NONE',  ( 0.000000000000000000, 0.000000000000000000, 1.000000000000000000 ) ) ;
#15 = EDGE_CURVE ( 'NONE', #4641, #11008, #11254, .T. ) ;
#16 = DIRECTION ( 'NONE',  ( -0.000000000000000000, -1.000000000000000000, 0.000000000000000000 ) ) ;
#17 = EDGE_CURVE ( 'NONE', #4653, #2414, #3211, .T. ) ;
#18 = EDGE_LOOP ( 'NONE', ( #2840, #466 ) ) ;
#19 = ORIENTED_EDGE ( 'NONE', *, *, #9564, .T. ) ;
#20 = ORIENTED_EDGE ( 'NONE', *, *, #150, .F. ) ;
#21 = CARTESIAN_POINT ( 'NONE',  ( 14.30000000000000426, 37.53999999999999204, 51.00000000000000711 ) ) ;
#22 = CARTESIAN_POINT ( 'NONE',  ( 40.00000000000000711, -20.00000000000000711, -40.00000000000000000 ) ) ;
#23 = DIRECTION ( 'NONE',  ( -0.000000000000000000, -1.000000000000000000, 0.000000000000000000 ) ) ;
#24 = LINE ( 'NONE', #7312, #5877 ) ;
#25 = ORIENTED_EDGE ( 'NONE', *, *, #1357, .T. ) ;
#26 = ORIENTED_EDGE ( 'NONE', *, *, #6002, .F. ) ;
#27 = DIRECTION ( 'NONE',  ( 0.000000000000000000, -1.000000000000000000, 4.336808689942017736E-16 ) ) ;
#28 = DIRECTION ( 'NONE',  ( 0.000000000000000000, 1.000000000000000000, 0.000000000000000000 ) ) ;
#29 = ORIENTED_EDGE ( 'NONE', *, *, #9130, .T. ) ;
#30 = LINE ( 'NONE', #4963, #8610 ) ;
#31 = EDGE_CURVE ( 'NONE', #5916, #10579, #7531, .T. ) ;
#32 = ORIENTED_EDGE ( 'NONE', *, *, #7540, .T. ) ;
#33 = ORIENTED_EDGE ( 'NONE', *, *, #672, .T. ) ;
#34 = DIRECTION ( 'NONE',  ( 0.000000000000000000, 0.4224229034221534396, -0.9063988584858202469 ) ) ;
#35 = DIRECTION ( 'NONE',  ( 0.000000000000000000, 0.000000000000000000, -1.000000000000000000 ) ) ;
#36 = CARTESIAN_POINT ( 'NONE',  ( 44.00000000000003553, 26.99999999999999289, 18.19999999999999574 ) ) ;
#37 = LINE ( 'NONE', #10148, #7374 ) ;
#38 = FACE_OUTER_BOUND ( 'NONE', #3712, .T. ) ;
#39 = ORIENTED_EDGE ( 'NONE', *, *, #9527, .T. ) ;
#40 = DIRECTION ( 'NONE',  ( 1.000000000000000000, -0.000000000000000000, 0.000000000000000000 ) ) ;
#41 = EDGE_LOOP ( 'NONE', ( #12225, #2867, #10782, #2903, #5784, #8909 ) ) ;
#42 = ORIENTED_EDGE ( 'NONE', *, *, #7880, .T. ) ;
#43 = VERTEX_POINT ( 'NONE', #2671 ) ;
#44 = DIRECTION ( 'NONE',  ( -0.000000000000000000, 1.000000000000000000, -0.000000000000000000 ) ) ;
#45 = DIRECTION ( 'NONE',  ( -1.000000000000000000, 0.000000000000000000, 0.000000000000000000 ) ) ;
#46 = DIRECTION ( 'NONE',  ( 0.000000000000000000, 0.000000000000000000, 1.000000000000000000 ) ) ;
#47 = CARTESIAN_POINT ( 'NONE',  ( 62.90000000000004121, 26.99999999999999289, 56.00000000000000000 ) ) ;
#48 = PLANE ( 'NONE',  #952 ) ;
#49 = LINE ( 'NONE', #6179, #3965 ) ;
#50 = CARTESIAN_POINT ( 'NONE',  ( -31.99999999999997158, 1.000000000000000000, -40.00000000000000000 ) ) ;
#51 = LINE ( 'NONE', #9163, #351 ) ;
#52 = ORIENTED_EDGE ( 'NONE', *, *, #3041, .T. ) ;
#53 = VERTEX_POINT ( 'NONE', #10710 ) ;
#54 = ORIENTED_EDGE ( 'NONE', *, *, #2533, .T. ) ;
#55 = ORIENTED_EDGE ( 'NONE', *, *, #2447, .T. ) ;
#56 = VERTEX_POINT ( 'NONE', #8719 ) ;
#57 = ORIENTED_EDGE ( 'NONE', *, *, #552, .T. ) ;
#58 = DIRECTION ( 'NONE',  ( 0.000000000000000000, 0.000000000000000000, -1.000000000000000000 ) ) ;
#59 = DIRECTION ( 'NONE',  ( -1.000000000000000000, 0.000000000000000000, 0.000000000000000000 ) ) ;
#60 = LINE ( 'NONE', #827, #12001 ) ;
#61 = CARTESIAN_POINT ( 'NONE',  ( -44.00000000000004263, 29.99999999999999289, 20.19999999999999574 ) ) ;
#62 = DIRECTION ( 'NONE',  ( 0.000000000000000000, 0.000000000000000000, -1.000000000000000000 ) ) ;
#63 = CARTESIAN_POINT ( 'NONE',  ( -33.00000000000004263, 29.99999999999999289, -0.000000000000000000 ) ) ;
#64 = FACE_OUTER_BOUND ( 'NONE', #7755, .T. ) ;
#65 = ORIENTED_EDGE ( 'NONE', *, *, #7466, .T. ) ;
#66 = ORIENTED_EDGE ( 'NONE', *, *, #7678, .T. ) ;
#67 = VERTEX_POINT ( 'NONE', #2545 ) ;
#68 = EDGE_LOOP ( 'NONE', ( #2043, #1162, #12917, #9646 ) ) ;
#69 = EDGE_CURVE ( 'NONE', #1584, #1810, #744, .T. ) ;
#70 = DIRECTION ( 'NONE',  ( -1.000000000000000000, 0.000000000000000000, -1.416100796715761603E-16 ) ) ;
#71 = DIRECTION ( 'NONE',  ( 0.000000000000000000, 1.000000000000000000, 0.000000000000000000 ) ) ;
#72 = DIRECTION ( 'NONE',  ( 0.000000000000000000, 0.000000000000000000, 1.000000000000000000 ) ) ;
#73 = LINE ( 'NONE', #4328, #2743 ) ;
#74 = CARTESIAN_POINT ( 'NONE',  ( 0.000000000000000000, 0.000000000000000000, 10.00000000000000000 ) ) ;
#75 = ORIENTED_EDGE ( 'NONE', *, *, #8764, .F. ) ;
#76 = DIRECTION ( 'NONE',  ( 1.416100796715761603E-16, 0.000000000000000000, 1.000000000000000000 ) ) ;
#77 = VERTEX_POINT ( 'NONE', #10857 ) ;
#78 = VECTOR ( 'NONE', #461, 1000.000000000000000 ) ;
#79 = CARTESIAN_POINT ( 'NONE',  ( 0.000000000000000000, 25.99999999999999289, 56.00000000000000711 ) ) ;
#80 = EDGE_CURVE ( 'NONE', #289, #11008, #11569, .T. ) ;
#81 = EDGE_LOOP ( 'NONE', ( #2789, #11494, #1120, #3276 ) ) ;
#82 = DIRECTION ( 'NONE',  ( 1.000000000000000000, -0.000000000000000000, -1.387778780781444492E-15 ) ) ;
#83 = ORIENTED_EDGE ( 'NONE', *, *, #9053, .F. ) ;
#84 = ORIENTED_EDGE ( 'NONE', *, *, #12678, .F. ) ;
#85 = DIRECTION ( 'NONE',  ( -1.000000000000000000, 0.000000000000000000, 0.000000000000000000 ) ) ;
#86 = EDGE_CURVE ( 'NONE', #2411, #6277, #9785, .T. ) ;
#87 = DIRECTION ( 'NONE',  ( 0.000000000000000000, 0.000000000000000000, -1.000000000000000000 ) ) ;
#88 = VECTOR ( 'NONE', #8574, 1000.000000000000000 ) ;
#89 = LINE ( 'NONE', #2304, #5881 ) ;
#90 = DIRECTION ( 'NONE',  ( 1.000000000000000000, -0.000000000000000000, 0.000000000000000000 ) ) ;
#91 = DIRECTION ( 'NONE',  ( -1.000000000000000000, 0.000000000000000000, 0.000000000000000000 ) ) ;
#92 = ORIENTED_EDGE ( 'NONE', *, *, #11069, .T. ) ;
#93 = EDGE_CURVE ( 'NONE', #1839, #1320, #5433, .T. ) ;
#94 = ADVANCED_FACE ( 'NONE', ( #5590 ), #6727, .T. ) ;
#95 = FACE_OUTER_BOUND ( 'NONE', #4338, .T. ) ;
#96 = EDGE_CURVE ( 'NONE', #890, #7842, #540, .T. ) ;
#97 = ORIENTED_EDGE ( 'NONE', *, *, #80, .F. ) ;
#98 = VERTEX_POINT ( 'NONE', #4739 ) ;
#99 = VECTOR ( 'NONE', #2742, 1000.000000000000000 ) ;
#100 = ORIENTED_EDGE ( 'NONE', *, *, #3420, .F. ) ;
#101 = LINE ( 'NONE', #8776, #12880 ) ;
#102 = CARTESIAN_POINT ( 'NONE',  ( 23.75000000000000000, 19.99999999999998934, 44.85000000000000142 ) ) ;
#103 = VECTOR ( 'NONE', #2673, 1000.000000000000000 ) ;
#104 = DIRECTION ( 'NONE',  ( -1.000000000000000000, 0.000000000000000000, 0.000000000000000000 ) ) ;
#105 = AXIS2_PLACEMENT_3D ( 'NONE', #11713, #3668, #7587 ) ;
#106 = DIRECTION ( 'NONE',  ( 0.000000000000000000, -1.000000000000000000, 0.000000000000000000 ) ) ;
#107 = AXIS2_PLACEMENT_3D ( 'NONE', #674, #729, #5577 ) ;
#108 = DIRECTION ( 'NONE',  ( 1.000000000000000000, -2.434699615406045218E-16, 0.000000000000000000 ) ) ;
#109 = EDGE_CURVE ( 'NONE', #12509, #10433, #9578, .T. ) ;
#110 = DIRECTION ( 'NONE',  ( -0.000000000000000000, 0.000000000000000000, -1.000000000000000000 ) ) ;
#111 = FACE_OUTER_BOUND ( 'NONE', #1789, .T. ) ;
#112 = CARTESIAN_POINT ( 'NONE',  ( 0.000000000000000000, 29.99999999999999289, 6.000000000000006217 ) ) ;
#113 = PLANE ( 'NONE',  #9956 ) ;
#114 = ORIENTED_EDGE ( 'NONE', *, *, #8417, .T. ) ;
#115 = VERTEX_POINT ( 'NONE', #7787 ) ;
#116 = ORIENTED_EDGE ( 'NONE', *, *, #3789, .T. ) ;
#117 = EDGE_CURVE ( 'NONE', #12303, #9752, #8778, .T. ) ;
#118 = VECTOR ( 'NONE', #8209, 1000.000000000000000 ) ;
#119 = AXIS2_PLACEMENT_3D ( 'NONE', #5236, #11280, #4358 ) ;
#120 = AXIS2_PLACEMENT_3D ( 'NONE', #12572, #5611, #9662 ) ;
#121 = ORIENTED_EDGE ( 'NONE', *, *, #1153, .F. ) ;
#122 = CARTESIAN_POINT ( 'NONE',  ( 44.00000000000003553, 26.99999999999999289, 20.19999999999999574 ) ) ;
#123 = CARTESIAN_POINT ( 'NONE',  ( -28.74999999999999645, 10.50000000000008527, 50.50000000000000000 ) ) ;
#124 = VECTOR ( 'NONE', #12777, 1000.000000000000000 ) ;
#125 = CARTESIAN_POINT ( 'NONE',  ( 38.24999999999982947, -5.000000000000004441, -22.50000000000000355 ) ) ;
#126 = AXIS2_PLACEMENT_3D ( 'NONE', #8393, #12429, #353 ) ;
#127 = VECTOR ( 'NONE', #920, 1000.000000000000000 ) ;
#128 = LINE ( 'NONE', #2203, #9704 ) ;
#129 = PLANE ( 'NONE',  #10494 ) ;
#130 = EDGE_CURVE ( 'NONE', #1913, #8809, #6069, .T. ) ;
#131 = VECTOR ( 'NONE', #7110, 1000.000000000000000 ) ;
#132 = CARTESIAN_POINT ( 'NONE',  ( 44.00000000000003553, 26.99999999999999289, 5.999999999999999112 ) ) ;
#133 = AXIS2_PLACEMENT_3D ( 'NONE', #3465, #3539, #7508 ) ;
#134 = EDGE_CURVE ( 'NONE', #758, #10850, #6653, .T. ) ;
#135 = VECTOR ( 'NONE', #1486, 1000.000000000000000 ) ;
#136 = AXIS2_PLACEMENT_3D ( 'NONE', #11245, #10106, #13092 ) ;
#137 = EDGE_LOOP ( 'NONE', ( #6880, #12787, #4290, #4637 ) ) ;
#138 = ORIENTED_EDGE ( 'NONE', *, *, #687, .F. ) ;
#139 = VECTOR ( 'NONE', #10869, 1000.000000000000000 ) ;
#140 = ORIENTED_EDGE ( 'NONE', *, *, #4883, .T. ) ;
#141 = EDGE_LOOP ( 'NONE', ( #11481, #4846, #8659, #12445 ) ) ;
#142 = AXIS2_PLACEMENT_3D ( 'NONE', #1329, #10575, #9569 ) ;
#143 = EDGE_CURVE ( 'NONE', #1012, #8056, #6532, .T. ) ;
#144 = PLANE ( 'NONE',  #959 ) ;
#145 = CARTESIAN_POINT ( 'NONE',  ( 0.000000000000000000, 5.749999999999992895, -33.25000000000000000 ) ) ;
#146 = CARTESIAN_POINT ( 'NONE',  ( 28.74999999999982947, 10.50000000000008527, 18.00000000000000355 ) ) ;
#147 = VECTOR ( 'NONE', #7830, 1000.000000000000000 ) ;
#148 = CARTESIAN_POINT ( 'NONE',  ( 36.00000000000002842, 29.99999999999999289, 18.20000000000000284 ) ) ;
#149 = CIRCLE ( 'NONE', #9480, 2.000000000000002665 ) ;
#150 = EDGE_CURVE ( 'NONE', #11394, #11308, #1675, .T. ) ;
#151 = CARTESIAN_POINT ( 'NONE',  ( 70.00000000000000000, 19.99999999999998934, -15.00000000000002309 ) ) ;
#152 = ORIENTED_EDGE ( 'NONE', *, *, #12670, .F. ) ;
#153 = FACE_OUTER_BOUND ( 'NONE', #6144, .T. ) ;
#154 = CARTESIAN_POINT ( 'NONE',  ( 46.00000000000004263, 29.99999999999999289, -0.000000000000000000 ) ) ;
#155 = VERTEX_POINT ( 'NONE', #1742 ) ;
#156 = AXIS2_PLACEMENT_3D ( 'NONE', #1176, #8551, #3643 ) ;
#157 = VECTOR ( 'NONE', #7897, 1000.000000000000000 ) ;
#158 = DIRECTION ( 'NONE',  ( 0.000000000000000000, 1.000000000000000000, 0.000000000000000000 ) ) ;
#159 = EDGE_CURVE ( 'NONE', #525, #9929, #4361, .T. ) ;
#160 = ORIENTED_EDGE ( 'NONE', *, *, #8530, .F. ) ;
#161 = CYLINDRICAL_SURFACE ( 'NONE', #8472, 2.000000000000003109 ) ;
#162 = CARTESIAN_POINT ( 'NONE',  ( -44.00000000000004263, 29.99999999999999289, 18.19999999999999574 ) ) ;
#163 = AXIS2_PLACEMENT_3D ( 'NONE', #357, #8477, #4281 ) ;
#164 = ORIENTED_EDGE ( 'NONE', *, *, #9656, .T. ) ;
#165 = VERTEX_POINT ( 'NONE', #9845 ) ;
#166 = CARTESIAN_POINT ( 'NONE',  ( -23.74999999999998934, 4.999999999999990230, 60.00000000000000711 ) ) ;
#167 = EDGE_CURVE ( 'NONE', #115, #4935, #473, .T. ) ;
#168 = CIRCLE ( 'NONE', #7601, 1.500000000000001332 ) ;
#169 = DIRECTION ( 'NONE',  ( 0.000000000000000000, 1.000000000000000000, -0.000000000000000000 ) ) ;
#170 = VECTOR ( 'NONE', #8865, 1000.000000000000000 ) ;
#171 = PLANE ( 'NONE',  #2905 ) ;
#172 = EDGE_CURVE ( 'NONE', #8377, #6504, #8854, .T. ) ;
#173 = CARTESIAN_POINT ( 'NONE',  ( 44.00000000000003553, 26.99999999999999289, -6.230843505549355095E-15 ) ) ;
#174 = DIRECTION ( 'NONE',  ( 1.000000000000000000, 0.000000000000000000, -0.000000000000000000 ) ) ;
#175 = EDGE_LOOP ( 'NONE', ( #12029, #2109, #8532, #1396 ) ) ;
#176 = AXIS2_PLACEMENT_3D ( 'NONE', #10484, #12468, #7284 ) ;
#177 = ORIENTED_EDGE ( 'NONE', *, *, #837, .T. ) ;
#178 = VECTOR ( 'NONE', #4270, 1000.000000000000000 ) ;
#179 = ADVANCED_FACE ( 'NONE', ( #2471 ), #1472, .F. ) ;
#180 = ORIENTED_EDGE ( 'NONE', *, *, #5851, .F. ) ;
#181 = CARTESIAN_POINT ( 'NONE',  ( 36.00000000000002842, 29.99999999999999289, -5.097962868176746799E-15 ) ) ;
#182 = ORIENTED_EDGE ( 'NONE', *, *, #12711, .T. ) ;
#183 = AXIS2_PLACEMENT_3D ( 'NONE', #8486, #9601, #4557 ) ;
#184 = CARTESIAN_POINT ( 'NONE',  ( -60.90000000000003411, 26.99999999999999289, 56.00000000000000000 ) ) ;
#185 = EDGE_CURVE ( 'NONE', #9548, #289, #10036, .T. ) ;
#186 = DIRECTION ( 'NONE',  ( 0.000000000000000000, 0.000000000000000000, 1.000000000000000000 ) ) ;
#187 = PLANE ( 'NONE',  #13070 ) ;
#188 = EDGE_CURVE ( 'NONE', #8569, #5738, #7051, .T. ) ;
#189 = CARTESIAN_POINT ( 'NONE',  ( 85.99999999999994316, 25.99999999999998934, 56.00000000000000711 ) ) ;
#190 = DIRECTION ( 'NONE',  ( -0.000000000000000000, 1.000000000000000000, -0.000000000000000000 ) ) ;
#191 = LINE ( 'NONE', #8105, #6520 ) ;
#192 = DIRECTION ( 'NONE',  ( 0.3162277660168377191, 0.9486832980505138790, 0.000000000000000000 ) ) ;
#193 = VECTOR ( 'NONE', #9191, 1000.000000000000000 ) ;
#194 = CYLINDRICAL_SURFACE ( 'NONE', #3162, 4.000000000000000000 ) ;
#195 = ORIENTED_EDGE ( 'NONE', *, *, #8904, .T. ) ;
#196 = VERTEX_POINT ( 'NONE', #1005 ) ;
#197 = ORIENTED_EDGE ( 'NONE', *, *, #6361, .F. ) ;
#198 = ORIENTED_EDGE ( 'NONE', *, *, #1822, .T. ) ;
#199 = ADVANCED_FACE ( 'NONE', ( #4058 ), #7859, .T. ) ;
#200 = DIRECTION ( 'NONE',  ( 0.000000000000000000, 0.000000000000000000, -1.000000000000000000 ) ) ;
#201 = CARTESIAN_POINT ( 'NONE',  ( -23.75000000000000000, 4.999999999999990230, 44.85000000000000142 ) ) ;
#202 = CARTESIAN_POINT ( 'NONE',  ( 0.000000000000000000, -5.000000000000004441, -23.00000000000000355 ) ) ;
#203 = DIRECTION ( 'NONE',  ( -0.3162277660168377746, 0.9486832980505138790, 0.000000000000000000 ) ) ;
#204 = CARTESIAN_POINT ( 'NONE',  ( 46.00000000000004974, 29.99999999999999289, 42.59999999999999432 ) ) ;
#205 = CYLINDRICAL_SURFACE ( 'NONE', #1407, 4.000000000000003553 ) ;
#206 = LINE ( 'NONE', #6444, #5272 ) ;
#207 = ORIENTED_EDGE ( 'NONE', *, *, #2449, .F. ) ;
#208 = PLANE ( 'NONE',  #7606 ) ;
#209 = ORIENTED_EDGE ( 'NONE', *, *, #3648, .T. ) ;
#210 = ORIENTED_EDGE ( 'NONE', *, *, #3167, .F. ) ;
#211 = ORIENTED_EDGE ( 'NONE', *, *, #7743, .T. ) ;
#212 = ORIENTED_EDGE ( 'NONE', *, *, #3008, .T. ) ;
#213 = FACE_OUTER_BOUND ( 'NONE', #1208, .T. ) ;
#214 = LINE ( 'NONE', #5087, #3785 ) ;
#215 = DIRECTION ( 'NONE',  ( 0.000000000000000000, 0.000000000000000000, 1.000000000000000000 ) ) ;
#216 = LINE ( 'NONE', #7201, #3950 ) ;
#217 = ORIENTED_EDGE ( 'NONE', *, *, #3404, .F. ) ;
#218 = CYLINDRICAL_SURFACE ( 'NONE', #383, 1.500000000000001332 ) ;
#219 = CARTESIAN_POINT ( 'NONE',  ( -44.00000000000004263, 26.99999999999999289, 44.59999999999999432 ) ) ;
#220 = EDGE_LOOP ( 'NONE', ( #9013, #6121, #7516, #683, #4596 ) ) ;
#221 = PLANE ( 'NONE',  #6786 ) ;
#222 = CARTESIAN_POINT ( 'NONE',  ( -14.29999999999999005, -45.50000000000000711, 55.00000000000000711 ) ) ;
#223 = EDGE_LOOP ( 'NONE', ( #2051, #9165, #2143, #13080 ) ) ;
#224 = ORIENTED_EDGE ( 'NONE', *, *, #6668, .F. ) ;
#225 = PLANE ( 'NONE',  #163 ) ;
#226 = LINE ( 'NONE', #12439, #1858 ) ;
#227 = CARTESIAN_POINT ( 'NONE',  ( 23.75000000000000000, -30.00000000000001421, 13.85000000000000142 ) ) ;
#228 = EDGE_CURVE ( 'NONE', #12207, #12724, #5869, .T. ) ;
#229 = CARTESIAN_POINT ( 'NONE',  ( -23.74999999999999645, -36.93951938890104714, 17.21548839695788402 ) ) ;
#230 = LINE ( 'NONE', #2368, #5435 ) ;
#231 = VERTEX_POINT ( 'NONE', #6 ) ;
#232 = FACE_OUTER_BOUND ( 'NONE', #8739, .T. ) ;
#233 = ORIENTED_EDGE ( 'NONE', *, *, #2857, .F. ) ;
#234 = EDGE_LOOP ( 'NONE', ( #3996, #6646 ) ) ;
#235 = DIRECTION ( 'NONE',  ( 1.000000000000000000, 0.000000000000000000, 0.000000000000000000 ) ) ;
#236 = VERTEX_POINT ( 'NONE', #9981 ) ;
#237 = ADVANCED_FACE ( 'NONE', ( #9919 ), #2874, .F. ) ;
#238 = EDGE_CURVE ( 'NONE', #4474, #12363, #4885, .T. ) ;
#239 = DIRECTION ( 'NONE',  ( 1.000000000000000000, 0.000000000000000000, -0.000000000000000000 ) ) ;
#240 = CARTESIAN_POINT ( 'NONE',  ( 23.75000000000000000, -30.00000000000001421, 56.15000000000000568 ) ) ;
#241 = LINE ( 'NONE', #3118, #8198 ) ;
#242 = DIRECTION ( 'NONE',  ( 0.000000000000000000, 0.000000000000000000, 1.000000000000000000 ) ) ;
#243 = EDGE_CURVE ( 'NONE', #1094, #6620, #6993, .T. ) ;
#244 = CARTESIAN_POINT ( 'NONE',  ( 38.74384609504078725, -30.00000000000000711, -11.42179492079920600 ) ) ;
#245 = ORIENTED_EDGE ( 'NONE', *, *, #3654, .T. ) ;
#246 = DIRECTION ( 'NONE',  ( -1.000000000000000000, 0.000000000000000000, 1.416100796715761356E-16 ) ) ;
#247 = DIRECTION ( 'NONE',  ( 0.000000000000000000, -1.000000000000000000, 0.000000000000000000 ) ) ;
#248 = DIRECTION ( 'NONE',  ( -0.000000000000000000, 1.000000000000000000, -0.000000000000000000 ) ) ;
#249 = ORIENTED_EDGE ( 'NONE', *, *, #2528, .T. ) ;
#250 = ORIENTED_EDGE ( 'NONE', *, *, #13084, .F. ) ;
#251 = ORIENTED_EDGE ( 'NONE', *, *, #2311, .T. ) ;
#252 = VERTEX_POINT ( 'NONE', #3998 ) ;
#253 = DIRECTION ( 'NONE',  ( 1.416100796715761356E-16, 0.000000000000000000, 1.000000000000000000 ) ) ;
#254 = CARTESIAN_POINT ( 'NONE',  ( 33.24999999999983658, -5.000000000000004441, -23.00000000000000355 ) ) ;
#255 = DIRECTION ( 'NONE',  ( -0.000000000000000000, -0.000000000000000000, -1.000000000000000000 ) ) ;
#256 = EDGE_CURVE ( 'NONE', #8098, #11001, #8059, .T. ) ;
#257 = FACE_OUTER_BOUND ( 'NONE', #7062, .T. ) ;
#258 = CARTESIAN_POINT ( 'NONE',  ( -3.000000000000000000, -24.00000000000000000, -31.75000000000000000 ) ) ;
#259 = LINE ( 'NONE', #7056, #2901 ) ;
#260 = ADVANCED_FACE ( 'NONE', ( #8926 ), #881, .F. ) ;
#261 = CARTESIAN_POINT ( 'NONE',  ( -90.00000000000005684, -30.00000000000000711, -40.00000000000000000 ) ) ;
#262 = EDGE_CURVE ( 'NONE', #7173, #5122, #6856, .T. ) ;
#263 = DIRECTION ( 'NONE',  ( -0.000000000000000000, 1.000000000000000000, -0.000000000000000000 ) ) ;
#264 = EDGE_CURVE ( 'NONE', #4838, #8891, #12151, .T. ) ;
#265 = EDGE_LOOP ( 'NONE', ( #8012, #12771, #4286, #3774, #2621, #12625, #5095, #13046, #11163, #2771, #12560, #55 ) ) ;
#266 = VERTEX_POINT ( 'NONE', #7104 ) ;
#267 = ORIENTED_EDGE ( 'NONE', *, *, #9362, .F. ) ;
#268 = EDGE_LOOP ( 'NONE', ( #4036, #6843, #1333, #11737, #11393 ) ) ;
#269 = CYLINDRICAL_SURFACE ( 'NONE', #1582, 0.5000000000000004441 ) ;
#270 = DIRECTION ( 'NONE',  ( 0.000000000000000000, 0.000000000000000000, 1.000000000000000000 ) ) ;
#271 = CARTESIAN_POINT ( 'NONE',  ( 28.74999999999982947, 10.50000000000008527, 49.00000000000000000 ) ) ;
#272 = LINE ( 'NONE', #1597, #13122 ) ;
#273 = CYLINDRICAL_SURFACE ( 'NONE', #5224, 2.500000000000002220 ) ;
#274 = EDGE_LOOP ( 'NONE', ( #10011, #10058, #5573, #4498 ) ) ;
#275 = LINE ( 'NONE', #7316, #5912 ) ;
#276 = CARTESIAN_POINT ( 'NONE',  ( 36.00000000000002842, 26.99999999999999289, 6.000000000000006217 ) ) ;
#277 = CARTESIAN_POINT ( 'NONE',  ( 0.000000000000000000, 29.99999999999999289, 5.000000000000003553 ) ) ;
#278 = ORIENTED_EDGE ( 'NONE', *, *, #10028, .T. ) ;
#279 = VERTEX_POINT ( 'NONE', #11166 ) ;
#280 = CARTESIAN_POINT ( 'NONE',  ( 32.75615390495888590, -28.00000000000000355, -22.57820507920079223 ) ) ;
#281 = DIRECTION ( 'NONE',  ( -0.9486832980505138790, -0.3162277660168377191, 0.000000000000000000 ) ) ;
#282 = DIRECTION ( 'NONE',  ( -0.9486832980505138790, -0.3162277660168377191, 0.000000000000000000 ) ) ;
#283 = DIRECTION ( 'NONE',  ( -1.000000000000000000, 0.000000000000000000, 0.000000000000000000 ) ) ;
#284 = DIRECTION ( 'NONE',  ( -0.3162277660168377746, 0.9486832980505138790, 0.000000000000000000 ) ) ;
#285 = VERTEX_POINT ( 'NONE', #2077 ) ;
#286 = LINE ( 'NONE', #7412, #12482 ) ;
#287 = ADVANCED_FACE ( 'NONE', ( #6127 ), #1069, .F. ) ;
#288 = DIRECTION ( 'NONE',  ( -0.000000000000000000, 0.000000000000000000, 1.000000000000000000 ) ) ;
#289 = VERTEX_POINT ( 'NONE', #3810 ) ;
#290 = ORIENTED_EDGE ( 'NONE', *, *, #6866, .T. ) ;
#291 = AXIS2_PLACEMENT_3D ( 'NONE', #912, #4972, #10073 ) ;
#292 = DIRECTION ( 'NONE',  ( -1.000000000000000000, 0.000000000000000000, -0.000000000000000000 ) ) ;
#293 = ADVANCED_FACE ( 'NONE', ( #11055 ), #10916, .T. ) ;
#294 = EDGE_LOOP ( 'NONE', ( #9842, #854, #972, #6033 ) ) ;
#295 = ORIENTED_EDGE ( 'NONE', *, *, #6981, .F. ) ;
#296 = AXIS2_PLACEMENT_3D ( 'NONE', #3260, #2267, #62 ) ;
#297 = CARTESIAN_POINT ( 'NONE',  ( -29.99999999999997158, 1.000000000000000888, 0.000000000000000000 ) ) ;
#298 = DIRECTION ( 'NONE',  ( -1.000000000000000000, 0.000000000000000000, 1.387778780781445676E-16 ) ) ;
#299 = LINE ( 'NONE', #1254, #11387 ) ;
#300 = PLANE ( 'NONE',  #8229 ) ;
#301 = EDGE_CURVE ( 'NONE', #1134, #1495, #3919, .T. ) ;
#302 = FACE_OUTER_BOUND ( 'NONE', #2464, .T. ) ;
#303 = ORIENTED_EDGE ( 'NONE', *, *, #568, .T. ) ;
#304 = DIRECTION ( 'NONE',  ( -0.000000000000000000, 1.000000000000000000, -0.000000000000000000 ) ) ;
#305 = CIRCLE ( 'NONE', #11555, 2.000000000000008882 ) ;
#306 = DIRECTION ( 'NONE',  ( -1.000000000000000000, -0.000000000000000000, -0.000000000000000000 ) ) ;
#307 = DIRECTION ( 'NONE',  ( 0.3162277660168377191, 0.9486832980505138790, 0.000000000000000000 ) ) ;
#308 = ORIENTED_EDGE ( 'NONE', *, *, #3619, .F. ) ;
#309 = ORIENTED_EDGE ( 'NONE', *, *, #7211, .T. ) ;
#310 = ORIENTED_EDGE ( 'NONE', *, *, #5602, .F. ) ;
#311 = ADVANCED_FACE ( 'NONE', ( #1940 ), #5993, .F. ) ;
#312 = VECTOR ( 'NONE', #5805, 1000.000000000000000 ) ;
#313 = ORIENTED_EDGE ( 'NONE', *, *, #2747, .T. ) ;
#314 = CARTESIAN_POINT ( 'NONE',  ( 35.74999999999983658, -10.00000000000000533, -25.50000000000000355 ) ) ;
#315 = CARTESIAN_POINT ( 'NONE',  ( -14.30000000000000782, -31.75000000000000000, 22.60434383594886754 ) ) ;
#316 = VECTOR ( 'NONE', #6900, 1000.000000000000000 ) ;
#317 = ORIENTED_EDGE ( 'NONE', *, *, #8007, .T. ) ;
#318 = EDGE_CURVE ( 'NONE', #5302, #9797, #6439, .T. ) ;
#319 = CARTESIAN_POINT ( 'NONE',  ( -31.00000000000004974, 29.99999999999999289, -5.377642775528110828E-14 ) ) ;
#320 = DIRECTION ( 'NONE',  ( -1.000000000000000000, 0.000000000000000000, 1.387778780781445676E-16 ) ) ;
#321 = EDGE_CURVE ( 'NONE', #5734, #2659, #4381, .T. ) ;
#322 = LINE ( 'NONE', #11556, #78 ) ;
#323 = CARTESIAN_POINT ( 'NONE',  ( 28.74999999999982947, -20.49999999999991473, 19.50000000000000355 ) ) ;
#324 = AXIS2_PLACEMENT_3D ( 'NONE', #12682, #2531, #6641 ) ;
#325 = EDGE_CURVE ( 'NONE', #5720, #4653, #9035, .T. ) ;
#326 = VECTOR ( 'NONE', #8573, 1000.000000000000000 ) ;
#327 = CARTESIAN_POINT ( 'NONE',  ( -14.30000000000000782, -31.75000000000000000, 22.60434383594886754 ) ) ;
#328 = VERTEX_POINT ( 'NONE', #4253 ) ;
#329 = AXIS2_PLACEMENT_3D ( 'NONE', #12517, #2629, #7468 ) ;
#330 = DIRECTION ( 'NONE',  ( -2.434699615406045218E-16, -1.000000000000000000, 0.000000000000000000 ) ) ;
#331 = VERTEX_POINT ( 'NONE', #8251 ) ;
#332 = VECTOR ( 'NONE', #363, 1000.000000000000000 ) ;
#333 = VECTOR ( 'NONE', #9816, 1000.000000000000000 ) ;
#334 = ORIENTED_EDGE ( 'NONE', *, *, #11786, .T. ) ;
#335 = VECTOR ( 'NONE', #10417, 1000.000000000000000 ) ;
#336 = ORIENTED_EDGE ( 'NONE', *, *, #8545, .F. ) ;
#337 = VECTOR ( 'NONE', #11420, 1000.000000000000000 ) ;
#338 = EDGE_CURVE ( 'NONE', #12543, #9017, #1381, .T. ) ;
#339 = CARTESIAN_POINT ( 'NONE',  ( 28.74999999999982947, 19.99999999999998934, 56.00000000000000711 ) ) ;
#340 = PLANE ( 'NONE',  #11412 ) ;
#341 = AXIS2_PLACEMENT_3D ( 'NONE', #11116, #10188, #4197 ) ;
#342 = LINE ( 'NONE', #2549, #3758 ) ;
#343 = CARTESIAN_POINT ( 'NONE',  ( -86.00000000000004263, 0.000000000000000000, 10.00000000000000000 ) ) ;
#344 = LINE ( 'NONE', #1342, #5652 ) ;
#345 = ORIENTED_EDGE ( 'NONE', *, *, #2935, .F. ) ;
#346 = AXIS2_PLACEMENT_3D ( 'NONE', #10195, #3158, #7199 ) ;
#347 = CYLINDRICAL_SURFACE ( 'NONE', #829, 1.500000000000001332 ) ;
#348 = DIRECTION ( 'NONE',  ( 0.000000000000000000, 0.000000000000000000, 1.000000000000000000 ) ) ;
#349 = VECTOR ( 'NONE', #7213, 1000.000000000000000 ) ;
#350 = AXIS2_PLACEMENT_3D ( 'NONE', #1943, #1679, #884 ) ;
#351 = VECTOR ( 'NONE', #3055, 1000.000000000000000 ) ;
#352 = AXIS2_PLACEMENT_3D ( 'NONE', #9355, #11490, #6498 ) ;
#353 = DIRECTION ( 'NONE',  ( 1.000000000000000000, 0.000000000000000000, -0.000000000000000000 ) ) ;
#354 = ORIENTED_EDGE ( 'NONE', *, *, #13016, .F. ) ;
#355 = ORIENTED_EDGE ( 'NONE', *, *, #11200, .T. ) ;
#356 = CIRCLE ( 'NONE', #6317, 3.999999999999996447 ) ;
#357 = CARTESIAN_POINT ( 'NONE',  ( -90.00000000000005684, -30.00000000000000711, -40.00000000000000000 ) ) ;
#358 = EDGE_CURVE ( 'NONE', #11075, #3313, #10236, .T. ) ;
#359 = AXIS2_PLACEMENT_3D ( 'NONE', #8750, #5625, #588 ) ;
#360 = ADVANCED_FACE ( 'NONE', ( #12284 ), #3255, .T. ) ;
#361 = LINE ( 'NONE', #4693, #9703 ) ;
#362 = PLANE ( 'NONE',  #2279 ) ;
#363 = DIRECTION ( 'NONE',  ( 0.000000000000000000, 0.000000000000000000, 1.000000000000000000 ) ) ;
#364 = CARTESIAN_POINT ( 'NONE',  ( -34.00000000000002842, 29.99999999999999289, 18.20000000000000284 ) ) ;
#365 = AXIS2_PLACEMENT_3D ( 'NONE', #8161, #6731, #3121 ) ;
#366 = ADVANCED_FACE ( 'NONE', ( #2199 ), #4191, .F. ) ;
#367 = DIRECTION ( 'NONE',  ( 1.000000000000000000, -0.000000000000000000, 0.000000000000000000 ) ) ;
#368 = VECTOR ( 'NONE', #11722, 1000.000000000000000 ) ;
#369 = ORIENTED_EDGE ( 'NONE', *, *, #6108, .T. ) ;
#370 = CARTESIAN_POINT ( 'NONE',  ( 0.000000000000000000, 23.99999999999998934, 56.00000000000000711 ) ) ;
#371 = AXIS2_PLACEMENT_3D ( 'NONE', #6959, #11027, #6159 ) ;
#372 = ORIENTED_EDGE ( 'NONE', *, *, #3864, .T. ) ;
#373 = CIRCLE ( 'NONE', #12235, 1.500000000000001332 ) ;
#374 = VERTEX_POINT ( 'NONE', #8174 ) ;
#375 = LINE ( 'NONE', #4440, #2254 ) ;
#376 = CIRCLE ( 'NONE', #3791, 2.000000000000001776 ) ;
#377 = ORIENTED_EDGE ( 'NONE', *, *, #4080, .T. ) ;
#378 = AXIS2_PLACEMENT_3D ( 'NONE', #12687, #4668, #4394 ) ;
#379 = LINE ( 'NONE', #7541, #10555 ) ;
#380 = ADVANCED_FACE ( 'NONE', ( #11496 ), #3319, .F. ) ;
#381 = DIRECTION ( 'NONE',  ( -1.000000000000000000, 0.000000000000000000, 0.000000000000000000 ) ) ;
#382 = LINE ( 'NONE', #4447, #9901 ) ;
#383 = AXIS2_PLACEMENT_3D ( 'NONE', #1223, #1089, #9190 ) ;
#384 = DIRECTION ( 'NONE',  ( 0.000000000000000000, -0.000000000000000000, -1.000000000000000000 ) ) ;
#385 = VECTOR ( 'NONE', #10408, 1000.000000000000000 ) ;
#386 = DIRECTION ( 'NONE',  ( 0.000000000000000000, 0.000000000000000000, 1.000000000000000000 ) ) ;
#387 = AXIS2_PLACEMENT_3D ( 'NONE', #12278, #12199, #4050 ) ;
#388 = CARTESIAN_POINT ( 'NONE',  ( 28.74999999999982947, 10.50000000000008527, 52.00000000000000711 ) ) ;
#389 = LINE ( 'NONE', #11546, #1032 ) ;
#390 = ORIENTED_EDGE ( 'NONE', *, *, #1532, .F. ) ;
#391 = ORIENTED_EDGE ( 'NONE', *, *, #3427, .F. ) ;
#392 = ORIENTED_EDGE ( 'NONE', *, *, #13068, .F. ) ;
#393 = AXIS2_PLACEMENT_3D ( 'NONE', #370, #7740, #6480 ) ;
#394 = EDGE_CURVE ( 'NONE', #12651, #3773, #9419, .T. ) ;
#395 = EDGE_CURVE ( 'NONE', #2375, #530, #5382, .T. ) ;
#396 = VECTOR ( 'NONE', #5595, 1000.000000000000114 ) ;
#397 = EDGE_CURVE ( 'NONE', #4265, #8683, #5177, .T. ) ;
#398 = CARTESIAN_POINT ( 'NONE',  ( 0.000000000000000000, 26.99999999999999289, 48.00000000000000000 ) ) ;
#399 = DIRECTION ( 'NONE',  ( 0.000000000000000000, 0.000000000000000000, 1.000000000000000000 ) ) ;
#400 = LINE ( 'NONE', #5384, #7529 ) ;
#401 = AXIS2_PLACEMENT_3D ( 'NONE', #7603, #3470, #8663 ) ;
#402 = CARTESIAN_POINT ( 'NONE',  ( 19.30228474983062625, -28.34314575050762386, 9.999999999999998224 ) ) ;
#403 = FACE_OUTER_BOUND ( 'NONE', #12578, .T. ) ;
#404 = DIRECTION ( 'NONE',  ( -1.000000000000000000, 4.336808689942013792E-16, 0.000000000000000000 ) ) ;
#405 = ORIENTED_EDGE ( 'NONE', *, *, #12554, .T. ) ;
#406 = CARTESIAN_POINT ( 'NONE',  ( 0.000000000000000000, -24.00000000000000000, -31.75000000000000000 ) ) ;
#407 = EDGE_LOOP ( 'NONE', ( #4248, #8431, #3018, #736 ) ) ;
#408 = ADVANCED_FACE ( 'NONE', ( #7434 ), #8439, .F. ) ;
#409 = ORIENTED_EDGE ( 'NONE', *, *, #9181, .F. ) ;
#410 = ORIENTED_EDGE ( 'NONE', *, *, #2310, .F. ) ;
#411 = PRODUCT_DEFINITION_FORMATION_WITH_SPECIFIED_SOURCE ( 'ANY', '', #2341, .NOT_KNOWN. ) ;
#412 = EDGE_CURVE ( 'NONE', #11972, #7148, #11296, .T. ) ;
#413 = FACE_OUTER_BOUND ( 'NONE', #8095, .T. ) ;
#414 = VERTEX_POINT ( 'NONE', #1267 ) ;
#415 = VERTEX_POINT ( 'NONE', #5257 ) ;
#416 = DIRECTION ( 'NONE',  ( 0.1564101584015871182, 0.000000000000000000, 0.9876921900819052302 ) ) ;
#417 = DIRECTION ( 'NONE',  ( -1.000000000000000000, -0.000000000000000000, -1.387778780781445676E-16 ) ) ;
#418 = DIRECTION ( 'NONE',  ( 0.3162277660168377746, 0.9486832980505138790, 4.388541835720877640E-16 ) ) ;
#419 = PLANE ( 'NONE',  #10165 ) ;
#420 = LINE ( 'NONE', #7668, #3317 ) ;
#421 = EDGE_LOOP ( 'NONE', ( #6725, #10898 ) ) ;
#422 = CARTESIAN_POINT ( 'NONE',  ( 18.75000000000000355, 19.99999999999998934, 60.00000000000000711 ) ) ;
#423 = ORIENTED_EDGE ( 'NONE', *, *, #130, .T. ) ;
#424 = CARTESIAN_POINT ( 'NONE',  ( -28.00000000000003197, 14.24999999999999822, 3.000000000000009770 ) ) ;
#425 = VERTEX_POINT ( 'NONE', #2334 ) ;
#426 = DIRECTION ( 'NONE',  ( -0.000000000000000000, -1.000000000000000000, -0.000000000000000000 ) ) ;
#427 = ORIENTED_EDGE ( 'NONE', *, *, #3497, .F. ) ;
#428 = VERTEX_POINT ( 'NONE', #1191 ) ;
#429 = LINE ( 'NONE', #12308, #12448 ) ;
#430 = FACE_OUTER_BOUND ( 'NONE', #12810, .T. ) ;
#431 = CARTESIAN_POINT ( 'NONE',  ( 33.71929988493746322, -28.00000000000000355, -5.339761809553717598 ) ) ;
#432 = PLANE ( 'NONE',  #1840 ) ;
#433 = DIRECTION ( 'NONE',  ( 1.265545314620288785E-16, -0.4103646773287998317, 0.9119215051751055068 ) ) ;
#434 = EDGE_CURVE ( 'NONE', #11343, #1413, #5327, .T. ) ;
#435 = CARTESIAN_POINT ( 'NONE',  ( 68.37499999999990052, -30.00000000000000711, -14.00000000000000178 ) ) ;
#436 = ORIENTED_EDGE ( 'NONE', *, *, #86, .F. ) ;
#437 = CARTESIAN_POINT ( 'NONE',  ( 0.000000000000000000, -24.00000000000000000, -36.75000000000000000 ) ) ;
#438 = FACE_BOUND ( 'NONE', #234, .T. ) ;
#439 = VERTEX_POINT ( 'NONE', #2390 ) ;
#440 = ORIENTED_EDGE ( 'NONE', *, *, #3108, .F. ) ;
#441 = EDGE_CURVE ( 'NONE', #3421, #3293, #4311, .T. ) ;
#442 = FACE_OUTER_BOUND ( 'NONE', #4188, .T. ) ;
#443 = ADVANCED_FACE ( 'NONE', ( #6706 ), #6581, .F. ) ;
#444 = ORIENTED_EDGE ( 'NONE', *, *, #1723, .F. ) ;
#445 = LINE ( 'NONE', #2318, #2285 ) ;
#446 = CARTESIAN_POINT ( 'NONE',  ( -18.75000000000000355, 46.53999999999999204, 10.00000000000000355 ) ) ;
#447 = PLANE ( 'NONE',  #12859 ) ;
#448 = LINE ( 'NONE', #7546, #1867 ) ;
#449 = CARTESIAN_POINT ( 'NONE',  ( 34.00000000000002842, 29.99999999999999289, 32.39999999999999858 ) ) ;
#450 = ORIENTED_EDGE ( 'NONE', *, *, #4960, .F. ) ;
#451 = CARTESIAN_POINT ( 'NONE',  ( 28.00000000000003197, 14.24999999999999822, 3.000000000000002665 ) ) ;
#452 = CARTESIAN_POINT ( 'NONE',  ( 36.00000000000002842, 29.99999999999999289, -5.097962868176746799E-15 ) ) ;
#453 = CARTESIAN_POINT ( 'NONE',  ( -18.75000000000000355, 0.000000000000000000, 60.00000000000000711 ) ) ;
#454 = ORIENTED_EDGE ( 'NONE', *, *, #12988, .T. ) ;
#455 = EDGE_LOOP ( 'NONE', ( #9697, #8204, #4936, #9912 ) ) ;
#456 = EDGE_LOOP ( 'NONE', ( #9908, #9710 ) ) ;
#457 = DIRECTION ( 'NONE',  ( -0.000000000000000000, 1.000000000000000000, -0.000000000000000000 ) ) ;
#458 = CARTESIAN_POINT ( 'NONE',  ( -29.99999999999997158, -0.9999999999999995559, -40.00000000000000000 ) ) ;
#459 = LINE ( 'NONE', #12744, #5423 ) ;
#460 = DIRECTION ( 'NONE',  ( 0.000000000000000000, 0.000000000000000000, -1.000000000000000000 ) ) ;
#461 = DIRECTION ( 'NONE',  ( -0.000000000000000000, -0.000000000000000000, -1.000000000000000000 ) ) ;
#462 = DIRECTION ( 'NONE',  ( 0.000000000000000000, 0.000000000000000000, 1.000000000000000000 ) ) ;
#463 = DIRECTION ( 'NONE',  ( 0.000000000000000000, 0.000000000000000000, -1.000000000000000000 ) ) ;
#464 = ORIENTED_EDGE ( 'NONE', *, *, #7641, .T. ) ;
#465 = CARTESIAN_POINT ( 'NONE',  ( 47.40000000000004832, 26.99999999999999289, 45.99999999999999289 ) ) ;
#466 = ORIENTED_EDGE ( 'NONE', *, *, #13146, .F. ) ;
#467 = ORIENTED_EDGE ( 'NONE', *, *, #4477, .F. ) ;
#468 = ORIENTED_EDGE ( 'NONE', *, *, #687, .T. ) ;
#469 = EDGE_CURVE ( 'NONE', #56, #7972, #8703, .T. ) ;
#470 = EDGE_CURVE ( 'NONE', #4946, #3806, #5522, .T. ) ;
#471 = DIRECTION ( 'NONE',  ( 0.000000000000000000, 0.000000000000000000, 1.000000000000000000 ) ) ;
#472 = ORIENTED_EDGE ( 'NONE', *, *, #3415, .F. ) ;
#473 = LINE ( 'NONE', #4801, #6705 ) ;
#474 = CARTESIAN_POINT ( 'NONE',  ( 24.00000000000002842, 18.09999999999996589, -34.75000000000000000 ) ) ;
#475 = LINE ( 'NONE', #12618, #8181 ) ;
#476 = LINE ( 'NONE', #2474, #3971 ) ;
#477 = DIRECTION ( 'NONE',  ( -1.000000000000000000, 0.000000000000000000, 3.469446951953613696E-16 ) ) ;
#478 = FACE_OUTER_BOUND ( 'NONE', #11094, .T. ) ;
#479 = FACE_BOUND ( 'NONE', #12364, .T. ) ;
#480 = DIRECTION ( 'NONE',  ( -0.000000000000000000, 1.000000000000000000, -0.000000000000000000 ) ) ;
#481 = ORIENTED_EDGE ( 'NONE', *, *, #8147, .T. ) ;
#482 = CARTESIAN_POINT ( 'NONE',  ( -23.75000000000000711, -28.66460947456753061, 25.15000000000000568 ) ) ;
#483 = LINE ( 'NONE', #11662, #1044 ) ;
#484 = DIRECTION ( 'NONE',  ( 0.000000000000000000, 0.000000000000000000, -1.000000000000000000 ) ) ;
#485 = ADVANCED_FACE ( 'NONE', ( #7490, #11552 ), #9771, .F. ) ;
#486 = ORIENTED_EDGE ( 'NONE', *, *, #130, .F. ) ;
#487 = ORIENTED_EDGE ( 'NONE', *, *, #2294, .F. ) ;
#488 = DIRECTION ( 'NONE',  ( -0.000000000000000000, 1.000000000000000000, -0.000000000000000000 ) ) ;
#489 = CARTESIAN_POINT ( 'NONE',  ( 85.99999999999994316, 25.99999999999999289, 56.00000000000000711 ) ) ;
#490 = CYLINDRICAL_SURFACE ( 'NONE', #12210, 1.500000000000001332 ) ;
#491 = EDGE_CURVE ( 'NONE', #11117, #11763, #4168, .T. ) ;
#492 = FACE_OUTER_BOUND ( 'NONE', #1586, .T. ) ;
#493 = FACE_BOUND ( 'NONE', #2940, .T. ) ;
#494 = ORIENTED_EDGE ( 'NONE', *, *, #7913, .T. ) ;
#495 = CARTESIAN_POINT ( 'NONE',  ( -29.99999999999997158, -19.99999999999999289, 0.000000000000000000 ) ) ;
#496 = EDGE_CURVE ( 'NONE', #4764, #11374, #4662, .T. ) ;
#497 = DIRECTION ( 'NONE',  ( -0.000000000000000000, 1.000000000000000000, -0.000000000000000000 ) ) ;
#498 = EDGE_LOOP ( 'NONE', ( #8923, #10628, #164, #3861 ) ) ;
#499 = VERTEX_POINT ( 'NONE', #3510 ) ;
#500 = DIRECTION ( 'NONE',  ( 0.000000000000000000, 0.000000000000000000, -1.000000000000000000 ) ) ;
#501 = EDGE_CURVE ( 'NONE', #2819, #11051, #6512, .T. ) ;
#502 = ORIENTED_EDGE ( 'NONE', *, *, #11728, .F. ) ;
#503 = DIRECTION ( 'NONE',  ( -1.000000000000000000, 0.000000000000000000, 1.621669098212715511E-16 ) ) ;
#504 = DIRECTION ( 'NONE',  ( -0.000000000000000000, 1.000000000000000000, -0.000000000000000000 ) ) ;
#505 = CARTESIAN_POINT ( 'NONE',  ( 70.00000000000000000, 22.99999999999999289, -18.50000000000003197 ) ) ;
#506 = LINE ( 'NONE', #2724, #5684 ) ;
#507 = LINE ( 'NONE', #4506, #13100 ) ;
#508 = EDGE_CURVE ( 'NONE', #6259, #9822, #2741, .T. ) ;
#509 = ORIENTED_EDGE ( 'NONE', *, *, #5975, .F. ) ;
#510 = DIRECTION ( 'NONE',  ( -1.000000000000000000, 0.000000000000000000, 0.000000000000000000 ) ) ;
#511 = DIRECTION ( 'NONE',  ( 1.000000000000000000, 0.000000000000000000, -1.445602896647348038E-16 ) ) ;
#512 = DIRECTION ( 'NONE',  ( -0.000000000000000000, 0.000000000000000000, 1.000000000000000000 ) ) ;
#513 = ORIENTED_EDGE ( 'NONE', *, *, #2144, .T. ) ;
#514 = ORIENTED_EDGE ( 'NONE', *, *, #2432, .F. ) ;
#515 = AXIS2_PLACEMENT_3D ( 'NONE', #1989, #10282, #3052 ) ;
#516 = CARTESIAN_POINT ( 'NONE',  ( -28.74999999999999645, -20.49999999999991473, 19.50000000000000355 ) ) ;
#517 = DIRECTION ( 'NONE',  ( -0.000000000000000000, -0.000000000000000000, 1.000000000000000000 ) ) ;
#518 = DIRECTION ( 'NONE',  ( 0.000000000000000000, 1.000000000000000000, -0.000000000000000000 ) ) ;
#519 = AXIS2_PLACEMENT_3D ( 'NONE', #7739, #3631, #5314 ) ;
#520 = CARTESIAN_POINT ( 'NONE',  ( 33.24999999999983658, -28.00000000000000355, -11.00000000000000178 ) ) ;
#521 = EDGE_CURVE ( 'NONE', #10789, #3421, #6787, .T. ) ;
#522 = DIRECTION ( 'NONE',  ( 0.000000000000000000, -1.000000000000000000, 3.469446951953615767E-15 ) ) ;
#523 = DIRECTION ( 'NONE',  ( -0.000000000000000000, -1.000000000000000000, -0.000000000000000000 ) ) ;
#524 = ORIENTED_EDGE ( 'NONE', *, *, #6608, .T. ) ;
#525 = VERTEX_POINT ( 'NONE', #4515 ) ;
#526 = VECTOR ( 'NONE', #1215, 1000.000000000000000 ) ;
#527 = DIRECTION ( 'NONE',  ( -3.469446951953614189E-16, -1.000000000000000000, 0.000000000000000000 ) ) ;
#528 = VERTEX_POINT ( 'NONE', #8629 ) ;
#529 = VECTOR ( 'NONE', #10769, 1000.000000000000000 ) ;
#530 = VERTEX_POINT ( 'NONE', #7701 ) ;
#531 = ORIENTED_EDGE ( 'NONE', *, *, #6272, .T. ) ;
#532 = CARTESIAN_POINT ( 'NONE',  ( -36.00000000000003553, 26.99999999999999289, 44.60000000000000142 ) ) ;
#533 = ORIENTED_EDGE ( 'NONE', *, *, #7913, .F. ) ;
#534 = CARTESIAN_POINT ( 'NONE',  ( -28.74999999999999645, 23.99999999999998934, 60.00000000000000711 ) ) ;
#535 = LINE ( 'NONE', #9579, #88 ) ;
#536 = CARTESIAN_POINT ( 'NONE',  ( 44.00000000000003553, 26.99999999999999289, 18.19999999999999574 ) ) ;
#537 = EDGE_CURVE ( 'NONE', #7501, #1954, #13062, .T. ) ;
#538 = CARTESIAN_POINT ( 'NONE',  ( 47.40000000000004121, 26.99999999999999289, 56.00000000000000000 ) ) ;
#539 = AXIS2_PLACEMENT_3D ( 'NONE', #5578, #7568, #1461 ) ;
#540 = CIRCLE ( 'NONE', #105, 2.500000000000002220 ) ;
#541 = CARTESIAN_POINT ( 'NONE',  ( -34.00000000000003553, 26.99999999999999289, 42.60000000000000142 ) ) ;
#542 = DIRECTION ( 'NONE',  ( -1.000000000000000000, 0.000000000000000000, 0.000000000000000000 ) ) ;
#543 = LINE ( 'NONE', #1341, #5714 ) ;
#544 = LINE ( 'NONE', #3675, #982 ) ;
#545 = VECTOR ( 'NONE', #2121, 1000.000000000000000 ) ;
#546 = ORIENTED_EDGE ( 'NONE', *, *, #10518, .F. ) ;
#547 = PLANE ( 'NONE',  #3563 ) ;
#548 = PLANE ( 'NONE',  #401 ) ;
#549 = VECTOR ( 'NONE', #2712, 1000.000000000000000 ) ;
#550 = VECTOR ( 'NONE', #1459, 1000.000000000000000 ) ;
#551 = CARTESIAN_POINT ( 'NONE',  ( -18.74999999999999645, 19.99999999999998579, 10.00000000000000000 ) ) ;
#552 = EDGE_CURVE ( 'NONE', #415, #12829, #8559, .T. ) ;
#553 = ORIENTED_EDGE ( 'NONE', *, *, #994, .F. ) ;
#554 = ORIENTED_EDGE ( 'NONE', *, *, #10202, .T. ) ;
#555 = AXIS2_PLACEMENT_3D ( 'NONE', #9928, #831, #5999 ) ;
#556 = LINE ( 'NONE', #6411, #3334 ) ;
#557 = DIRECTION ( 'NONE',  ( 1.000000000000000000, 0.000000000000000000, 0.000000000000000000 ) ) ;
#558 = CARTESIAN_POINT ( 'NONE',  ( -86.00000000000004263, -26.00000000000000711, 6.000000000000000000 ) ) ;
#559 = AXIS2_PLACEMENT_3D ( 'NONE', #6873, #8877, #4900 ) ;
#560 = DIRECTION ( 'NONE',  ( 1.000000000000000000, -0.000000000000000000, -0.000000000000000000 ) ) ;
#561 = AXIS2_PLACEMENT_3D ( 'NONE', #4850, #12994, #1846 ) ;
#562 = VECTOR ( 'NONE', #8071, 1000.000000000000000 ) ;
#563 = DIRECTION ( 'NONE',  ( -0.000000000000000000, 1.000000000000000000, -0.000000000000000000 ) ) ;
#564 = ORIENTED_EDGE ( 'NONE', *, *, #10057, .F. ) ;
#565 = VECTOR ( 'NONE', #11746, 1000.000000000000000 ) ;
#566 = SHAPE_DEFINITION_REPRESENTATION ( #12606, #5112 ) ;
#567 = DIRECTION ( 'NONE',  ( 0.000000000000000000, -0.4224229034221534951, -0.9063988584858202469 ) ) ;
#568 = EDGE_CURVE ( 'NONE', #8589, #8991, #10839, .T. ) ;
#569 = EDGE_CURVE ( 'NONE', #13149, #1469, #11628, .T. ) ;
#570 = VECTOR ( 'NONE', #3192, 1000.000000000000000 ) ;
#571 = CARTESIAN_POINT ( 'NONE',  ( 0.000000000000000000, 26.99999999999999289, -7.000000000000000000 ) ) ;
#572 = ORIENTED_EDGE ( 'NONE', *, *, #9631, .F. ) ;
#573 = EDGE_LOOP ( 'NONE', ( #177, #8245, #7700, #5887 ) ) ;
#574 = CARTESIAN_POINT ( 'NONE',  ( -60.90000000000003411, 26.99999999999999289, 0.000000000000000000 ) ) ;
#575 = VECTOR ( 'NONE', #7121, 1000.000000000000000 ) ;
#576 = EDGE_CURVE ( 'NONE', #9383, #8414, #3592, .T. ) ;
#577 = VECTOR ( 'NONE', #7143, 1000.000000000000000 ) ;
#578 = VECTOR ( 'NONE', #7376, 1000.000000000000000 ) ;
#579 = ORIENTED_EDGE ( 'NONE', *, *, #1636, .T. ) ;
#580 = ORIENTED_EDGE ( 'NONE', *, *, #10411, .F. ) ;
#581 = LINE ( 'NONE', #4564, #7808 ) ;
#582 = EDGE_CURVE ( 'NONE', #5157, #3722, #7335, .T. ) ;
#583 = CIRCLE ( 'NONE', #1861, 2.000000000000002665 ) ;
#584 = CARTESIAN_POINT ( 'NONE',  ( 0.000000000000000000, -26.00000000000000711, 6.000000000000000000 ) ) ;
#585 = CARTESIAN_POINT ( 'NONE',  ( 0.000000000000000000, 29.99999999999999289, 56.00000000000000000 ) ) ;
#586 = VECTOR ( 'NONE', #6461, 1000.000000000000000 ) ;
#587 = EDGE_CURVE ( 'NONE', #3222, #6294, #6638, .T. ) ;
#588 = DIRECTION ( 'NONE',  ( 0.000000000000000000, 0.000000000000000000, -1.000000000000000000 ) ) ;
#589 = DIRECTION ( 'NONE',  ( -1.416100796715761603E-16, 0.000000000000000000, 1.000000000000000000 ) ) ;
#590 = DIRECTION ( 'NONE',  ( 0.000000000000000000, 0.000000000000000000, -1.000000000000000000 ) ) ;
#591 = CARTESIAN_POINT ( 'NONE',  ( -29.99999999999997158, -19.99999999999999289, 0.000000000000000000 ) ) ;
#592 = AXIS2_PLACEMENT_3D ( 'NONE', #3730, #9154, #5800 ) ;
#593 = AXIS2_PLACEMENT_3D ( 'NONE', #7751, #6630, #1559 ) ;
#594 = ORIENTED_EDGE ( 'NONE', *, *, #5808, .T. ) ;
#595 = CARTESIAN_POINT ( 'NONE',  ( -44.00000000000004263, 26.99999999999999289, 18.19999999999999574 ) ) ;
#596 = LINE ( 'NONE', #10625, #11434 ) ;
#597 = DIRECTION ( 'NONE',  ( -1.387778780781445676E-16, -0.000000000000000000, 1.000000000000000000 ) ) ;
#598 = ORIENTED_EDGE ( 'NONE', *, *, #12050, .T. ) ;
#599 = AXIS2_PLACEMENT_3D ( 'NONE', #2581, #12587, #6776 ) ;
#600 = ORIENTED_EDGE ( 'NONE', *, *, #10794, .T. ) ;
#601 = AXIS2_PLACEMENT_3D ( 'NONE', #2007, #10111, #3744 ) ;
#602 = CARTESIAN_POINT ( 'NONE',  ( 3.000000000000000000, -24.00000000000000000, -36.75000000000000000 ) ) ;
#603 =( GEOMETRIC_REPRESENTATION_CONTEXT ( 3 ) GLOBAL_UNCERTAINTY_ASSIGNED_CONTEXT ( ( #10166 ) ) GLOBAL_UNIT_ASSIGNED_CONTEXT ( ( #4967, #12176, #7026 ) ) REPRESENTATION_CONTEXT ( 'NONE', 'WORKASPACE' ) );
#604 = CARTESIAN_POINT ( 'NONE',  ( 34.00000000000002842, 29.99999999999999289, 30.39999999999999858 ) ) ;
#605 = CARTESIAN_POINT ( 'NONE',  ( -86.00000000000004263, -30.00000000000000711, -40.00000000000000000 ) ) ;
#606 = CIRCLE ( 'NONE', #2944, 2.000000000000003109 ) ;
#607 = AXIS2_PLACEMENT_3D ( 'NONE', #5782, #2854, #7841 ) ;
#608 = DIRECTION ( 'NONE',  ( 0.000000000000000000, 0.000000000000000000, 1.000000000000000000 ) ) ;
#609 = CARTESIAN_POINT ( 'NONE',  ( 32.00000000000000000, -0.9999999999999583666, 0.000000000000000000 ) ) ;
#610 = AXIS2_PLACEMENT_3D ( 'NONE', #5584, #9629, #527 ) ;
#611 = DIRECTION ( 'NONE',  ( 1.000000000000000000, -0.000000000000000000, -0.000000000000000000 ) ) ;
#612 = ORIENTED_EDGE ( 'NONE', *, *, #6207, .F. ) ;
#613 = EDGE_LOOP ( 'NONE', ( #12407, #12946, #8939, #3589 ) ) ;
#614 = ORIENTED_EDGE ( 'NONE', *, *, #3852, .T. ) ;
#615 = LINE ( 'NONE', #5862, #5062 ) ;
#616 = ORIENTED_EDGE ( 'NONE', *, *, #7061, .T. ) ;
#617 = CIRCLE ( 'NONE', #3584, 1.500000000000001332 ) ;
#618 = ORIENTED_EDGE ( 'NONE', *, *, #5496, .F. ) ;
#619 = ORIENTED_EDGE ( 'NONE', *, *, #3894, .T. ) ;
#620 = LINE ( 'NONE', #3606, #4612 ) ;
#621 = ADVANCED_FACE ( 'NONE', ( #5448 ), #5637, .T. ) ;
#622 = ORIENTED_EDGE ( 'NONE', *, *, #11841, .T. ) ;
#623 = DIRECTION ( 'NONE',  ( 0.000000000000000000, 1.000000000000000000, -0.000000000000000000 ) ) ;
#624 = DIRECTION ( 'NONE',  ( 1.000000000000000000, -0.000000000000000000, -0.000000000000000000 ) ) ;
#625 = VECTOR ( 'NONE', #3181, 1000.000000000000000 ) ;
#626 = LINE ( 'NONE', #10918, #1847 ) ;
#627 = FACE_OUTER_BOUND ( 'NONE', #9872, .T. ) ;
#628 = DIRECTION ( 'NONE',  ( 0.000000000000000000, 0.000000000000000000, 1.000000000000000000 ) ) ;
#629 = FACE_OUTER_BOUND ( 'NONE', #9712, .T. ) ;
#630 = CARTESIAN_POINT ( 'NONE',  ( 18.75000000000000355, 37.53999999999999204, 51.00000000000000711 ) ) ;
#631 = CARTESIAN_POINT ( 'NONE',  ( 23.75000000000000000, 19.99999999999998934, 56.15000000000000568 ) ) ;
#632 = VERTEX_POINT ( 'NONE', #604 ) ;
#633 = CARTESIAN_POINT ( 'NONE',  ( 35.74999999999983658, -28.00000000000000355, -25.50000000000000355 ) ) ;
#634 = ORIENTED_EDGE ( 'NONE', *, *, #10411, .T. ) ;
#635 = EDGE_CURVE ( 'NONE', #11801, #8991, #3447, .T. ) ;
#636 = LINE ( 'NONE', #8791, #12643 ) ;
#637 = EDGE_LOOP ( 'NONE', ( #10853, #2526, #878, #8546 ) ) ;
#638 = EDGE_LOOP ( 'NONE', ( #11644, #10878, #7178, #8075 ) ) ;
#639 = DIRECTION ( 'NONE',  ( 0.000000000000000000, 1.000000000000000000, 0.000000000000000000 ) ) ;
#640 = CARTESIAN_POINT ( 'NONE',  ( 0.000000000000000000, 29.99999999999999289, 18.19999999999999574 ) ) ;
#641 = DIRECTION ( 'NONE',  ( 0.000000000000000000, -1.000000000000000000, -0.000000000000000000 ) ) ;
#642 = CARTESIAN_POINT ( 'NONE',  ( -58.25000000000019185, -20.49999999999991473, 50.50000000000000000 ) ) ;
#643 = DIRECTION ( 'NONE',  ( 0.000000000000000000, 0.000000000000000000, -1.000000000000000000 ) ) ;
#644 = DIRECTION ( 'NONE',  ( 0.000000000000000000, 0.000000000000000000, -1.000000000000000000 ) ) ;
#645 = ORIENTED_EDGE ( 'NONE', *, *, #4661, .T. ) ;
#646 = CARTESIAN_POINT ( 'NONE',  ( -30.00000000000003553, 14.24999999999999822, -2.999999999999992006 ) ) ;
#647 = DIRECTION ( 'NONE',  ( -1.000000000000000000, 0.000000000000000000, 0.000000000000000000 ) ) ;
#648 = ORIENTED_EDGE ( 'NONE', *, *, #4280, .T. ) ;
#649 = ORIENTED_EDGE ( 'NONE', *, *, #2583, .T. ) ;
#650 = FACE_OUTER_BOUND ( 'NONE', #11018, .T. ) ;
#651 = ORIENTED_EDGE ( 'NONE', *, *, #5135, .F. ) ;
#652 = ORIENTED_EDGE ( 'NONE', *, *, #10186, .T. ) ;
#653 = EDGE_CURVE ( 'NONE', #6814, #12688, #12014, .T. ) ;
#654 = DIRECTION ( 'NONE',  ( -0.000000000000000000, -1.000000000000000000, -0.000000000000000000 ) ) ;
#655 = ADVANCED_FACE ( 'NONE', ( #5927 ), #3979, .F. ) ;
#656 = DIRECTION ( 'NONE',  ( 0.000000000000000000, 0.000000000000000000, -1.000000000000000000 ) ) ;
#657 = LINE ( 'NONE', #11684, #8836 ) ;
#658 = LINE ( 'NONE', #6571, #5905 ) ;
#659 = PLANE ( 'NONE',  #820 ) ;
#660 = FACE_OUTER_BOUND ( 'NONE', #1347, .T. ) ;
#661 = VERTEX_POINT ( 'NONE', #5049 ) ;
#662 = CARTESIAN_POINT ( 'NONE',  ( -90.00000000000005684, 29.99999999999999289, 3.000000000000037303 ) ) ;
#663 = EDGE_CURVE ( 'NONE', #3722, #2506, #801, .T. ) ;
#664 = VERTEX_POINT ( 'NONE', #4781 ) ;
#665 = CARTESIAN_POINT ( 'NONE',  ( 18.74999999999983658, -30.00000000000001066, 60.00000000000000711 ) ) ;
#666 = CARTESIAN_POINT ( 'NONE',  ( -18.74999999999998934, 46.53999999999999204, 60.00000000000000711 ) ) ;
#667 = ADVANCED_FACE ( 'NONE', ( #13139 ), #11042, .F. ) ;
#668 = LINE ( 'NONE', #3710, #8893 ) ;
#669 = ORIENTED_EDGE ( 'NONE', *, *, #9159, .F. ) ;
#670 = ORIENTED_EDGE ( 'NONE', *, *, #4525, .T. ) ;
#671 = EDGE_CURVE ( 'NONE', #4529, #5833, #7844, .T. ) ;
#672 = EDGE_CURVE ( 'NONE', #7972, #4733, #4924, .T. ) ;
#673 = DIRECTION ( 'NONE',  ( 1.000000000000000000, -0.000000000000000000, -0.000000000000000000 ) ) ;
#674 = CARTESIAN_POINT ( 'NONE',  ( -70.00000000000000000, 19.99999999999998934, -15.00000000000000711 ) ) ;
#675 = CARTESIAN_POINT ( 'NONE',  ( -46.00000000000004263, 26.99999999999999289, 48.00000000000000000 ) ) ;
#676 = CARTESIAN_POINT ( 'NONE',  ( 28.74999999999982947, -67.42203742203743388, 43.16008316008306878 ) ) ;
#677 = EDGE_CURVE ( 'NONE', #1323, #1320, #5786, .T. ) ;
#678 = DIRECTION ( 'NONE',  ( 1.000000000000000000, 0.000000000000000000, -0.000000000000000000 ) ) ;
#679 = ORIENTED_EDGE ( 'NONE', *, *, #2141, .T. ) ;
#680 = EDGE_LOOP ( 'NONE', ( #6460, #5502, #7869, #10702 ) ) ;
#681 = ORIENTED_EDGE ( 'NONE', *, *, #11277, .F. ) ;
#682 = CARTESIAN_POINT ( 'NONE',  ( 62.90000000000005542, 26.99999999999999289, 48.00000000000000000 ) ) ;
#683 = ORIENTED_EDGE ( 'NONE', *, *, #2744, .T. ) ;
#684 = EDGE_LOOP ( 'NONE', ( #5760, #7499, #1023, #8602 ) ) ;
#685 = ORIENTED_EDGE ( 'NONE', *, *, #799, .F. ) ;
#686 = CARTESIAN_POINT ( 'NONE',  ( -18.75000000000000355, -30.00000000000001421, 44.85000000000000142 ) ) ;
#687 = EDGE_CURVE ( 'NONE', #11349, #9202, #12214, .T. ) ;
#688 = ORIENTED_EDGE ( 'NONE', *, *, #9167, .T. ) ;
#689 = CARTESIAN_POINT ( 'NONE',  ( -28.74999999999999645, -45.50000000000000711, 51.00000000000000000 ) ) ;
#690 = CARTESIAN_POINT ( 'NONE',  ( -14.30000000000000426, 38.26999999999998892, 47.00000000000000000 ) ) ;
#691 = CARTESIAN_POINT ( 'NONE',  ( 20.08333333333316872, -26.00000000000001066, 10.00000000000000000 ) ) ;
#692 = CARTESIAN_POINT ( 'NONE',  ( 28.46680676024487511, -28.00000000000000355, 4.507981129412502952 ) ) ;
#693 = CARTESIAN_POINT ( 'NONE',  ( 23.00000000000002842, 16.99999999999996803, -34.75000000000000000 ) ) ;
#694 = EDGE_CURVE ( 'NONE', #10096, #2152, #8972, .T. ) ;
#695 = LINE ( 'NONE', #6056, #3805 ) ;
#696 = CARTESIAN_POINT ( 'NONE',  ( 34.00000000000002842, 26.99999999999999289, 0.000000000000000000 ) ) ;
#697 = ORIENTED_EDGE ( 'NONE', *, *, #9851, .T. ) ;
#698 = DIRECTION ( 'NONE',  ( -2.775557561562891351E-16, -0.000000000000000000, -1.000000000000000000 ) ) ;
#699 = ADVANCED_FACE ( 'NONE', ( #9022 ), #2806, .T. ) ;
#700 = DIRECTION ( 'NONE',  ( 1.000000000000000000, 0.000000000000000000, 0.000000000000000000 ) ) ;
#701 = VERTEX_POINT ( 'NONE', #4043 ) ;
#702 = ORIENTED_EDGE ( 'NONE', *, *, #10909, .F. ) ;
#703 = CARTESIAN_POINT ( 'NONE',  ( 85.99999999999994316, 25.99999999999999289, 60.00000000000000711 ) ) ;
#704 = CARTESIAN_POINT ( 'NONE',  ( 0.000000000000000000, 6.749999999999995559, -33.25000000000000000 ) ) ;
#705 = CARTESIAN_POINT ( 'NONE',  ( -58.25000000000019185, -20.49999999999991473, 52.00000000000000711 ) ) ;
#706 = ADVANCED_FACE ( 'NONE', ( #11096 ), #4865, .T. ) ;
#707 = CARTESIAN_POINT ( 'NONE',  ( 31.00000000000004619, 26.99999999999999289, 5.377642775528110197E-14 ) ) ;
#708 = EDGE_LOOP ( 'NONE', ( #7101, #11493, #11721, #2827 ) ) ;
#709 = CARTESIAN_POINT ( 'NONE',  ( -28.00000000000003197, 19.99999999999999289, -4.999999999999993783 ) ) ;
#710 = CARTESIAN_POINT ( 'NONE',  ( 4.336808689942059151E-16, 26.99999999999999289, 3.000000000000010658 ) ) ;
#711 = ORIENTED_EDGE ( 'NONE', *, *, #13055, .F. ) ;
#712 = ORIENTED_EDGE ( 'NONE', *, *, #2990, .F. ) ;
#713 = CARTESIAN_POINT ( 'NONE',  ( 0.000000000000000000, 26.99999999999999289, 5.999999999999999112 ) ) ;
#714 = ORIENTED_EDGE ( 'NONE', *, *, #4830, .T. ) ;
#715 = VERTEX_POINT ( 'NONE', #2992 ) ;
#716 = ORIENTED_EDGE ( 'NONE', *, *, #10537, .F. ) ;
#717 = CARTESIAN_POINT ( 'NONE',  ( -23.74999999999998934, 4.999999999999990230, 60.00000000000000711 ) ) ;
#718 = DIRECTION ( 'NONE',  ( 0.3162277660168377746, 0.9486832980505138790, -0.000000000000000000 ) ) ;
#719 = DIRECTION ( 'NONE',  ( 1.000000000000000000, -0.000000000000000000, -0.000000000000000000 ) ) ;
#720 = DIRECTION ( 'NONE',  ( -1.000000000000000000, 0.000000000000000000, -1.416100796715761603E-16 ) ) ;
#721 = DIRECTION ( 'NONE',  ( -1.000000000000000000, 0.000000000000000000, 0.000000000000000000 ) ) ;
#722 = CARTESIAN_POINT ( 'NONE',  ( 0.000000000000000000, 29.99999999999999289, 32.39999999999999858 ) ) ;
#723 = ORIENTED_EDGE ( 'NONE', *, *, #4174, .F. ) ;
#724 = CARTESIAN_POINT ( 'NONE',  ( 20.00000000000003197, 19.99999999999999289, -2.999999999999996003 ) ) ;
#725 = CARTESIAN_POINT ( 'NONE',  ( -34.00000000000003553, 26.99999999999999289, 0.000000000000000000 ) ) ;
#726 = ORIENTED_EDGE ( 'NONE', *, *, #1966, .T. ) ;
#727 = ORIENTED_EDGE ( 'NONE', *, *, #7879, .T. ) ;
#728 = DIRECTION ( 'NONE',  ( -0.000000000000000000, 0.000000000000000000, -1.000000000000000000 ) ) ;
#729 = DIRECTION ( 'NONE',  ( 0.000000000000000000, 1.000000000000000000, 0.000000000000000000 ) ) ;
#730 = DIRECTION ( 'NONE',  ( -3.469446951953614189E-16, -1.000000000000000000, 0.000000000000000000 ) ) ;
#731 = CARTESIAN_POINT ( 'NONE',  ( 66.00000000000002842, 26.99999999999999289, 58.00000000000001421 ) ) ;
#732 = EDGE_CURVE ( 'NONE', #1964, #1546, #11952, .T. ) ;
#733 = DIRECTION ( 'NONE',  ( -0.000000000000000000, 1.000000000000000000, -0.000000000000000000 ) ) ;
#734 = ORIENTED_EDGE ( 'NONE', *, *, #10173, .F. ) ;
#735 = ORIENTED_EDGE ( 'NONE', *, *, #3021, .T. ) ;
#736 = ORIENTED_EDGE ( 'NONE', *, *, #1868, .T. ) ;
#737 = CARTESIAN_POINT ( 'NONE',  ( 46.00000000000004263, 26.99999999999999289, 48.00000000000000000 ) ) ;
#738 = ORIENTED_EDGE ( 'NONE', *, *, #4830, .F. ) ;
#739 = EDGE_LOOP ( 'NONE', ( #10523, #771, #12161, #8361 ) ) ;
#740 = ORIENTED_EDGE ( 'NONE', *, *, #12480, .F. ) ;
#741 = EDGE_CURVE ( 'NONE', #4923, #8759, #2859, .T. ) ;
#742 = CARTESIAN_POINT ( 'NONE',  ( -86.00000000000004263, 19.99999999999998934, 10.00000000000000000 ) ) ;
#743 = EDGE_LOOP ( 'NONE', ( #12533, #3406, #4251, #11083, #12714 ) ) ;
#744 = LINE ( 'NONE', #3532, #4806 ) ;
#745 = CARTESIAN_POINT ( 'NONE',  ( -58.25000000000019185, 10.50000000000008527, 49.00000000000000000 ) ) ;
#746 = CIRCLE ( 'NONE', #4783, 2.500000000000002220 ) ;
#747 = LINE ( 'NONE', #6730, #10094 ) ;
#748 = LINE ( 'NONE', #3738, #11398 ) ;
#749 = DIRECTION ( 'NONE',  ( -0.000000000000000000, 0.000000000000000000, 1.000000000000000000 ) ) ;
#750 = FACE_OUTER_BOUND ( 'NONE', #5586, .T. ) ;
#751 = CARTESIAN_POINT ( 'NONE',  ( 0.000000000000000000, 6.749999999999995559, -40.00000000000000000 ) ) ;
#752 = ORIENTED_EDGE ( 'NONE', *, *, #2686, .F. ) ;
#753 = DIRECTION ( 'NONE',  ( -0.000000000000000000, 1.000000000000000000, -0.000000000000000000 ) ) ;
#754 = AXIS2_PLACEMENT_3D ( 'NONE', #7069, #2546, #11915 ) ;
#755 = CARTESIAN_POINT ( 'NONE',  ( -88.34314575050767360, 19.99999999999998579, 9.999999999999998224 ) ) ;
#756 = EDGE_CURVE ( 'NONE', #8276, #2139, #7039, .T. ) ;
#757 = AXIS2_PLACEMENT_3D ( 'NONE', #12286, #1326, #7492 ) ;
#758 = VERTEX_POINT ( 'NONE', #3049 ) ;
#759 = ORIENTED_EDGE ( 'NONE', *, *, #8072, .T. ) ;
#760 = DIRECTION ( 'NONE',  ( 2.618450529776313247E-16, 1.000000000000000000, 0.000000000000000000 ) ) ;
#761 = VECTOR ( 'NONE', #4114, 1000.000000000000000 ) ;
#762 = CARTESIAN_POINT ( 'NONE',  ( 28.74999999999982947, -20.49999999999991473, 49.00000000000000000 ) ) ;
#763 = DIRECTION ( 'NONE',  ( -0.000000000000000000, -1.000000000000000000, 0.000000000000000000 ) ) ;
#764 = DIRECTION ( 'NONE',  ( 1.000000000000000000, 0.000000000000000000, -1.469412826709782956E-14 ) ) ;
#765 = CARTESIAN_POINT ( 'NONE',  ( 20.00000000000003197, 14.24999999999999822, -2.999999999999996003 ) ) ;
#766 = EDGE_LOOP ( 'NONE', ( #9841, #7778 ) ) ;
#767 = DIRECTION ( 'NONE',  ( 0.000000000000000000, 0.000000000000000000, 1.000000000000000000 ) ) ;
#768 = AXIS2_PLACEMENT_3D ( 'NONE', #9344, #4500, #7536 ) ;
#769 = DIRECTION ( 'NONE',  ( 0.000000000000000000, -0.000000000000000000, -1.000000000000000000 ) ) ;
#770 = ORIENTED_EDGE ( 'NONE', *, *, #10116, .F. ) ;
#771 = ORIENTED_EDGE ( 'NONE', *, *, #8263, .F. ) ;
#772 = VECTOR ( 'NONE', #12181, 1000.000000000000000 ) ;
#773 = DIRECTION ( 'NONE',  ( -8.673617379884035472E-16, -0.000000000000000000, -1.000000000000000000 ) ) ;
#774 = EDGE_CURVE ( 'NONE', #11291, #3273, #6899, .T. ) ;
#775 = EDGE_LOOP ( 'NONE', ( #12360, #4766, #9301, #6798 ) ) ;
#776 = ORIENTED_EDGE ( 'NONE', *, *, #394, .T. ) ;
#777 = EDGE_LOOP ( 'NONE', ( #13114, #1873 ) ) ;
#778 = VECTOR ( 'NONE', #5821, 1000.000000000000000 ) ;
#779 = DIRECTION ( 'NONE',  ( 0.000000000000000000, -0.000000000000000000, 1.000000000000000000 ) ) ;
#780 = VECTOR ( 'NONE', #9476, 1000.000000000000000 ) ;
#781 = EDGE_CURVE ( 'NONE', #9448, #1810, #9097, .T. ) ;
#782 = CARTESIAN_POINT ( 'NONE',  ( 33.00000000000004263, 29.99999999999999289, 0.000000000000000000 ) ) ;
#783 = VECTOR ( 'NONE', #2092, 1000.000000000000000 ) ;
#784 = CARTESIAN_POINT ( 'NONE',  ( 12.74999999999983480, -16.00000000000000711, -11.50000000000000000 ) ) ;
#785 = AXIS2_PLACEMENT_3D ( 'NONE', #12597, #10768, #2450 ) ;
#786 = LINE ( 'NONE', #2982, #2731 ) ;
#787 = VECTOR ( 'NONE', #367, 1000.000000000000000 ) ;
#788 = DIRECTION ( 'NONE',  ( -1.000000000000000000, 0.000000000000000000, 0.000000000000000000 ) ) ;
#789 = CYLINDRICAL_SURFACE ( 'NONE', #1849, 4.000000000000010658 ) ;
#790 = DIRECTION ( 'NONE',  ( 0.000000000000000000, 1.000000000000000000, 0.000000000000000000 ) ) ;
#791 = CYLINDRICAL_SURFACE ( 'NONE', #7186, 3.000000000000000000 ) ;
#792 = VECTOR ( 'NONE', #6148, 1000.000000000000000 ) ;
#793 = CARTESIAN_POINT ( 'NONE',  ( -28.75000000000000355, -31.75000000000000000, 20.10434383594887109 ) ) ;
#794 = ORIENTED_EDGE ( 'NONE', *, *, #2686, .T. ) ;
#795 = VECTOR ( 'NONE', #6871, 1000.000000000000000 ) ;
#796 = ORIENTED_EDGE ( 'NONE', *, *, #5188, .F. ) ;
#797 = AXIS2_PLACEMENT_3D ( 'NONE', #1642, #7694, #3582 ) ;
#798 = VECTOR ( 'NONE', #8535, 1000.000000000000000 ) ;
#799 = EDGE_CURVE ( 'NONE', #2281, #10939, #7963, .T. ) ;
#800 = AXIS2_PLACEMENT_3D ( 'NONE', #10775, #11047, #12884 ) ;
#801 = LINE ( 'NONE', #10900, #12013 ) ;
#802 = FACE_OUTER_BOUND ( 'NONE', #3790, .T. ) ;
#803 = CIRCLE ( 'NONE', #8224, 4.000000000000017764 ) ;
#804 = EDGE_CURVE ( 'NONE', #3222, #1034, #3117, .T. ) ;
#805 = VECTOR ( 'NONE', #12497, 1000.000000000000000 ) ;
#806 = CARTESIAN_POINT ( 'NONE',  ( -29.99999999999997158, -19.99999999999999289, -40.00000000000000000 ) ) ;
#807 = AXIS2_PLACEMENT_3D ( 'NONE', #7082, #3963, #9883 ) ;
#808 = DIRECTION ( 'NONE',  ( 0.000000000000000000, 0.000000000000000000, 1.000000000000000000 ) ) ;
#809 = VECTOR ( 'NONE', #12076, 1000.000000000000000 ) ;
#810 = EDGE_CURVE ( 'NONE', #5248, #5254, #12190, .T. ) ;
#811 = CARTESIAN_POINT ( 'NONE',  ( -70.00000000000000000, 22.99999999999999289, -15.00000000000000711 ) ) ;
#812 = ORIENTED_EDGE ( 'NONE', *, *, #1737, .T. ) ;
#813 = ORIENTED_EDGE ( 'NONE', *, *, #2276, .T. ) ;
#814 = ORIENTED_EDGE ( 'NONE', *, *, #8936, .T. ) ;
#815 = CARTESIAN_POINT ( 'NONE',  ( 24.00000000000002487, -6.284281271463158103E-15, -40.00000000000000000 ) ) ;
#816 = ORIENTED_EDGE ( 'NONE', *, *, #9492, .F. ) ;
#817 = VECTOR ( 'NONE', #1156, 1000.000000000000000 ) ;
#818 = ORIENTED_EDGE ( 'NONE', *, *, #7305, .F. ) ;
#819 = ORIENTED_EDGE ( 'NONE', *, *, #5642, .T. ) ;
#820 = AXIS2_PLACEMENT_3D ( 'NONE', #1502, #11749, #2643 ) ;
#821 = ORIENTED_EDGE ( 'NONE', *, *, #9130, .F. ) ;
#822 = CARTESIAN_POINT ( 'NONE',  ( 14.30000000000000782, -43.50000000000000711, 51.00000000000000000 ) ) ;
#823 = CARTESIAN_POINT ( 'NONE',  ( -23.75000000000000000, -20.49999999999991473, 18.00000000000000355 ) ) ;
#824 = VECTOR ( 'NONE', #2999, 1000.000000000000000 ) ;
#825 = EDGE_CURVE ( 'NONE', #1954, #7501, #10105, .T. ) ;
#826 = ADVANCED_FACE ( 'NONE', ( #4098 ), #1055, .F. ) ;
#827 = CARTESIAN_POINT ( 'NONE',  ( 80.00000000000000000, 19.99999999999999289, -40.00000000000000000 ) ) ;
#828 = DIRECTION ( 'NONE',  ( -1.000000000000000000, 0.000000000000000000, 0.000000000000000000 ) ) ;
#829 = AXIS2_PLACEMENT_3D ( 'NONE', #10658, #1729, #992 ) ;
#830 = CARTESIAN_POINT ( 'NONE',  ( -14.30000000000000426, 38.26999999999998892, 20.10434383594887109 ) ) ;
#831 = DIRECTION ( 'NONE',  ( 0.000000000000000000, 1.000000000000000000, -0.000000000000000000 ) ) ;
#832 = EDGE_LOOP ( 'NONE', ( #11348, #6104, #902, #1345 ) ) ;
#833 = EDGE_CURVE ( 'NONE', #8715, #1359, #7348, .T. ) ;
#834 = CARTESIAN_POINT ( 'NONE',  ( -62.90000000000004121, 29.99999999999999289, 58.00000000000000000 ) ) ;
#835 = VECTOR ( 'NONE', #433, 1000.000000000000114 ) ;
#836 = AXIS2_PLACEMENT_3D ( 'NONE', #9357, #5172, #2064 ) ;
#837 = EDGE_CURVE ( 'NONE', #12645, #5907, #2319, .T. ) ;
#838 = FACE_OUTER_BOUND ( 'NONE', #9400, .T. ) ;
#839 = AXIS2_PLACEMENT_3D ( 'NONE', #12447, #1163, #9203 ) ;
#840 = ORIENTED_EDGE ( 'NONE', *, *, #7405, .T. ) ;
#841 = ORIENTED_EDGE ( 'NONE', *, *, #8540, .T. ) ;
#842 = FACE_OUTER_BOUND ( 'NONE', #13085, .T. ) ;
#843 = CARTESIAN_POINT ( 'NONE',  ( 0.000000000000000000, 29.99999999999999289, 30.39999999999999858 ) ) ;
#844 = FACE_OUTER_BOUND ( 'NONE', #5350, .T. ) ;
#845 = CARTESIAN_POINT ( 'NONE',  ( -28.00000000000003197, 26.99999999999999289, -4.999999999999992006 ) ) ;
#846 = CARTESIAN_POINT ( 'NONE',  ( 23.75000000000000000, 25.43769491959958273, 11.85511747251642767 ) ) ;
#847 = ORIENTED_EDGE ( 'NONE', *, *, #10445, .T. ) ;
#848 = DIRECTION ( 'NONE',  ( -1.000000000000000000, 0.000000000000000000, 1.387778780781445676E-16 ) ) ;
#849 = EDGE_CURVE ( 'NONE', #9124, #4142, #12323, .T. ) ;
#850 = VERTEX_POINT ( 'NONE', #6369 ) ;
#851 = DIRECTION ( 'NONE',  ( -0.000000000000000000, -1.000000000000000000, -0.000000000000000000 ) ) ;
#852 = VERTEX_POINT ( 'NONE', #102 ) ;
#853 = CARTESIAN_POINT ( 'NONE',  ( 70.00000000000000000, 22.99999999999999289, -18.50000000000003197 ) ) ;
#854 = ORIENTED_EDGE ( 'NONE', *, *, #12803, .T. ) ;
#855 = ORIENTED_EDGE ( 'NONE', *, *, #5769, .T. ) ;
#856 = LINE ( 'NONE', #8089, #3149 ) ;
#857 = LINE ( 'NONE', #6771, #2704 ) ;
#858 = PLANE ( 'NONE',  #4165 ) ;
#859 = CARTESIAN_POINT ( 'NONE',  ( 74.00000000000004263, 26.99999999999999289, 0.000000000000000000 ) ) ;
#860 = DIRECTION ( 'NONE',  ( 1.000000000000000000, 0.000000000000000000, 0.000000000000000000 ) ) ;
#861 = EDGE_CURVE ( 'NONE', #8414, #5834, #7132, .T. ) ;
#862 = EDGE_CURVE ( 'NONE', #7979, #4939, #7561, .T. ) ;
#863 = CARTESIAN_POINT ( 'NONE',  ( -47.40000000000004121, 26.99999999999999289, 56.00000000000000000 ) ) ;
#864 = DIRECTION ( 'NONE',  ( 0.000000000000000000, 0.000000000000000000, -1.000000000000000000 ) ) ;
#865 = DIRECTION ( 'NONE',  ( -1.000000000000000000, 0.000000000000000000, 0.000000000000000000 ) ) ;
#866 = EDGE_CURVE ( 'NONE', #5735, #3313, #6230, .T. ) ;
#867 = VERTEX_POINT ( 'NONE', #10279 ) ;
#868 = ORIENTED_EDGE ( 'NONE', *, *, #9259, .T. ) ;
#869 = EDGE_CURVE ( 'NONE', #9828, #7116, #7278, .T. ) ;
#870 = DIRECTION ( 'NONE',  ( -1.000000000000000000, -0.000000000000000000, -0.000000000000000000 ) ) ;
#871 = CARTESIAN_POINT ( 'NONE',  ( -20.00000000000003197, 29.99999999999999289, -2.999999999999991562 ) ) ;
#872 = DIRECTION ( 'NONE',  ( 0.000000000000000000, 0.000000000000000000, -1.000000000000000000 ) ) ;
#873 = LINE ( 'NONE', #676, #1421 ) ;
#874 = CARTESIAN_POINT ( 'NONE',  ( 0.000000000000000000, 0.000000000000000000, 60.00000000000000711 ) ) ;
#875 = CYLINDRICAL_SURFACE ( 'NONE', #1227, 3.500000000000008438 ) ;
#876 = ORIENTED_EDGE ( 'NONE', *, *, #3355, .F. ) ;
#877 = ORIENTED_EDGE ( 'NONE', *, *, #4821, .T. ) ;
#878 = ORIENTED_EDGE ( 'NONE', *, *, #7953, .F. ) ;
#879 = ORIENTED_EDGE ( 'NONE', *, *, #10098, .F. ) ;
#880 = ORIENTED_EDGE ( 'NONE', *, *, #5163, .T. ) ;
#881 = PLANE ( 'NONE',  #13054 ) ;
#882 = DIRECTION ( 'NONE',  ( -0.000000000000000000, -1.000000000000000000, -0.000000000000000000 ) ) ;
#883 = DIRECTION ( 'NONE',  ( 0.000000000000000000, 0.000000000000000000, 1.000000000000000000 ) ) ;
#884 = DIRECTION ( 'NONE',  ( 0.000000000000000000, 0.000000000000000000, -1.000000000000000000 ) ) ;
#885 = CARTESIAN_POINT ( 'NONE',  ( 14.30000000000000782, -43.50000000000000711, 48.50000000000000000 ) ) ;
#886 = DIRECTION ( 'NONE',  ( 0.000000000000000000, 0.000000000000000000, 1.000000000000000000 ) ) ;
#887 = EDGE_LOOP ( 'NONE', ( #6721, #3224, #10308, #391 ) ) ;
#888 = FACE_BOUND ( 'NONE', #8842, .T. ) ;
#889 = LINE ( 'NONE', #3931, #2062 ) ;
#890 = VERTEX_POINT ( 'NONE', #1172 ) ;
#891 = VERTEX_POINT ( 'NONE', #3188 ) ;
#892 = CARTESIAN_POINT ( 'NONE',  ( 18.74999999999982947, 19.99999999999998934, 25.15000000000000568 ) ) ;
#893 = LINE ( 'NONE', #12840, #5466 ) ;
#894 = CARTESIAN_POINT ( 'NONE',  ( 3.097720492815727659E-16, 26.99999999999999289, -4.999999999999997335 ) ) ;
#895 = DIRECTION ( 'NONE',  ( -0.000000000000000000, 1.000000000000000000, -0.000000000000000000 ) ) ;
#896 = ADVANCED_FACE ( 'NONE', ( #10221 ), #7224, .F. ) ;
#897 = FACE_OUTER_BOUND ( 'NONE', #573, .T. ) ;
#898 = ORIENTED_EDGE ( 'NONE', *, *, #10851, .F. ) ;
#899 = DIRECTION ( 'NONE',  ( 0.000000000000000000, 0.000000000000000000, 1.000000000000000000 ) ) ;
#900 = FACE_OUTER_BOUND ( 'NONE', #11645, .T. ) ;
#901 = EDGE_CURVE ( 'NONE', #2140, #10487, #9288, .T. ) ;
#902 = ORIENTED_EDGE ( 'NONE', *, *, #1843, .T. ) ;
#903 = DIRECTION ( 'NONE',  ( -1.416100796715761603E-16, 0.000000000000000000, 1.000000000000000000 ) ) ;
#904 = ORIENTED_EDGE ( 'NONE', *, *, #11826, .F. ) ;
#905 = ORIENTED_EDGE ( 'NONE', *, *, #10934, .F. ) ;
#906 = SURFACE_STYLE_FILL_AREA ( #9007 ) ;
#907 = LINE ( 'NONE', #13050, #10977 ) ;
#908 = LINE ( 'NONE', #6834, #5444 ) ;
#909 = DIRECTION ( 'NONE',  ( -0.000000000000000000, -1.000000000000000000, -0.000000000000000000 ) ) ;
#910 = LINE ( 'NONE', #3037, #11417 ) ;
#911 = EDGE_CURVE ( 'NONE', #6047, #3834, #12459, .T. ) ;
#912 = CARTESIAN_POINT ( 'NONE',  ( -44.00000000000003553, 26.99999999999999289, -6.230843505549355095E-15 ) ) ;
#913 = ORIENTED_EDGE ( 'NONE', *, *, #12563, .F. ) ;
#914 = CARTESIAN_POINT ( 'NONE',  ( 23.74999999999999289, -20.49999999999991473, 19.50000000000000355 ) ) ;
#915 = VERTEX_POINT ( 'NONE', #1110 ) ;
#916 = ADVANCED_FACE ( 'NONE', ( #3239 ), #11338, .F. ) ;
#917 = ORIENTED_EDGE ( 'NONE', *, *, #4125, .T. ) ;
#918 = ORIENTED_EDGE ( 'NONE', *, *, #5321, .F. ) ;
#919 = EDGE_CURVE ( 'NONE', #6022, #9206, #10357, .T. ) ;
#920 = DIRECTION ( 'NONE',  ( 4.163336342344333240E-14, 0.000000000000000000, 1.000000000000000000 ) ) ;
#921 = CARTESIAN_POINT ( 'NONE',  ( -47.40000000000004121, 26.99999999999999289, 58.00000000000000000 ) ) ;
#922 = EDGE_CURVE ( 'NONE', #5702, #12720, #10329, .T. ) ;
#923 = EDGE_CURVE ( 'NONE', #6990, #3902, #2578, .T. ) ;
#924 = CYLINDRICAL_SURFACE ( 'NONE', #4554, 1.099999999999998535 ) ;
#925 = CARTESIAN_POINT ( 'NONE',  ( -34.00000000000002842, 29.99999999999999289, 20.20000000000000284 ) ) ;
#926 = CARTESIAN_POINT ( 'NONE',  ( 74.00000000000004263, 26.99999999999999289, 50.00000000000000000 ) ) ;
#927 = ORIENTED_EDGE ( 'NONE', *, *, #12159, .F. ) ;
#928 = ORIENTED_EDGE ( 'NONE', *, *, #12369, .F. ) ;
#929 = ORIENTED_EDGE ( 'NONE', *, *, #10405, .T. ) ;
#930 = ORIENTED_EDGE ( 'NONE', *, *, #8931, .F. ) ;
#931 = ORIENTED_EDGE ( 'NONE', *, *, #3696, .T. ) ;
#932 = EDGE_CURVE ( 'NONE', #9318, #11107, #10618, .T. ) ;
#933 = DIRECTION ( 'NONE',  ( -0.000000000000000000, 1.000000000000000000, -0.000000000000000000 ) ) ;
#934 = CYLINDRICAL_SURFACE ( 'NONE', #10088, 1.500000000000001332 ) ;
#935 = DIRECTION ( 'NONE',  ( 0.000000000000000000, 0.000000000000000000, -1.000000000000000000 ) ) ;
#936 =( NAMED_UNIT ( * ) PLANE_ANGLE_UNIT ( ) SI_UNIT ( $, .RADIAN. ) );
#937 = DIRECTION ( 'NONE',  ( 0.000000000000000000, 0.000000000000000000, -1.000000000000000000 ) ) ;
#938 = CARTESIAN_POINT ( 'NONE',  ( 35.74999999999983658, -10.00000000000000533, -23.99999999999999645 ) ) ;
#939 = PLANE ( 'NONE',  #9262 ) ;
#940 = ORIENTED_EDGE ( 'NONE', *, *, #7256, .T. ) ;
#941 = CYLINDRICAL_SURFACE ( 'NONE', #8027, 4.000000000000000000 ) ;
#942 = VECTOR ( 'NONE', #12684, 1000.000000000000000 ) ;
#943 = FACE_OUTER_BOUND ( 'NONE', #7655, .T. ) ;
#944 = EDGE_CURVE ( 'NONE', #5764, #8293, #6425, .T. ) ;
#945 = EDGE_LOOP ( 'NONE', ( #2889, #877 ) ) ;
#946 = ORIENTED_EDGE ( 'NONE', *, *, #9992, .F. ) ;
#947 = LINE ( 'NONE', #5755, #11605 ) ;
#948 = DIRECTION ( 'NONE',  ( 0.000000000000000000, 0.000000000000000000, -1.000000000000000000 ) ) ;
#949 = CARTESIAN_POINT ( 'NONE',  ( -29.99999999999997158, 1.000000000000000888, 0.000000000000000000 ) ) ;
#950 = CARTESIAN_POINT ( 'NONE',  ( 23.74999999999982947, -15.00000000000001066, 60.00000000000000711 ) ) ;
#951 = CARTESIAN_POINT ( 'NONE',  ( 47.40000000000004121, 26.99999999999999289, 0.000000000000000000 ) ) ;
#952 = AXIS2_PLACEMENT_3D ( 'NONE', #8162, #12194, #3123 ) ;
#953 = ORIENTED_EDGE ( 'NONE', *, *, #9501, .F. ) ;
#954 = LINE ( 'NONE', #3827, #9019 ) ;
#955 = CARTESIAN_POINT ( 'NONE',  ( 31.00000000000004974, 26.99999999999999289, -5.377642775528110828E-14 ) ) ;
#956 = EDGE_LOOP ( 'NONE', ( #11789, #10812, #4708, #5100 ) ) ;
#957 = CARTESIAN_POINT ( 'NONE',  ( 46.37499999999988631, -30.00000000000000711, -40.00000000000000000 ) ) ;
#958 = ORIENTED_EDGE ( 'NONE', *, *, #10489, .F. ) ;
#959 = AXIS2_PLACEMENT_3D ( 'NONE', #2283, #4207, #10392 ) ;
#960 = CARTESIAN_POINT ( 'NONE',  ( -14.30000000000000426, 38.26999999999998892, 48.49999999999999289 ) ) ;
#961 = ORIENTED_EDGE ( 'NONE', *, *, #11283, .T. ) ;
#962 = EDGE_LOOP ( 'NONE', ( #11639, #4965, #11365, #4514 ) ) ;
#963 = VECTOR ( 'NONE', #4254, 1000.000000000000000 ) ;
#964 = CARTESIAN_POINT ( 'NONE',  ( 0.000000000000000000, 26.99999999999999289, 48.00000000000000000 ) ) ;
#965 = CARTESIAN_POINT ( 'NONE',  ( -47.40000000000004121, 29.99999999999999289, 58.00000000000000000 ) ) ;
#966 = LINE ( 'NONE', #5970, #2507 ) ;
#967 = LINE ( 'NONE', #5034, #12454 ) ;
#968 = ORIENTED_EDGE ( 'NONE', *, *, #395, .T. ) ;
#969 = VECTOR ( 'NONE', #12336, 1000.000000000000000 ) ;
#970 = VECTOR ( 'NONE', #11930, 1000.000000000000000 ) ;
#971 = CARTESIAN_POINT ( 'NONE',  ( -28.75000000000000000, 29.99999999999999289, 60.00000000000000711 ) ) ;
#972 = ORIENTED_EDGE ( 'NONE', *, *, #1749, .T. ) ;
#973 = ORIENTED_EDGE ( 'NONE', *, *, #781, .T. ) ;
#974 = VERTEX_POINT ( 'NONE', #2514 ) ;
#975 = EDGE_CURVE ( 'NONE', #12535, #8710, #2911, .T. ) ;
#976 = AXIS2_PLACEMENT_3D ( 'NONE', #5618, #6685, #500 ) ;
#977 = AXIS2_PLACEMENT_3D ( 'NONE', #12949, #8042, #12083 ) ;
#978 = EDGE_CURVE ( 'NONE', #3602, #530, #4710, .T. ) ;
#979 = CARTESIAN_POINT ( 'NONE',  ( 70.00000000000000000, 22.99999999999999289, -15.00000000000002309 ) ) ;
#980 = DIRECTION ( 'NONE',  ( 0.3162277660168377746, -0.9486832980505138790, 0.000000000000000000 ) ) ;
#981 = DIRECTION ( 'NONE',  ( 0.000000000000000000, -1.000000000000000000, 0.000000000000000000 ) ) ;
#982 = VECTOR ( 'NONE', #11656, 1000.000000000000000 ) ;
#983 = PLANE ( 'NONE',  #11840 ) ;
#984 = UNCERTAINTY_MEASURE_WITH_UNIT (LENGTH_MEASURE( 1.000000000000000082E-05 ), #3290, 'distance_accuracy_value', 'NONE');
#985 = EDGE_CURVE ( 'NONE', #6736, #11630, #10478, .T. ) ;
#986 = AXIS2_PLACEMENT_3D ( 'NONE', #4327, #12499, #10450 ) ;
#987 = LINE ( 'NONE', #12326, #8376 ) ;
#988 = AXIS2_PLACEMENT_3D ( 'NONE', #4645, #11812, #9759 ) ;
#989 = LINE ( 'NONE', #6375, #6098 ) ;
#990 = AXIS2_PLACEMENT_3D ( 'NONE', #4012, #16, #6004 ) ;
#991 = DIRECTION ( 'NONE',  ( 0.000000000000000000, 0.000000000000000000, 1.000000000000000000 ) ) ;
#992 = DIRECTION ( 'NONE',  ( 0.000000000000000000, 0.000000000000000000, -1.000000000000000000 ) ) ;
#993 = AXIS2_PLACEMENT_3D ( 'NONE', #12936, #9245, #2846 ) ;
#994 = EDGE_CURVE ( 'NONE', #6434, #4917, #1367, .T. ) ;
#995 = DIRECTION ( 'NONE',  ( -0.000000000000000000, 1.000000000000000000, -0.000000000000000000 ) ) ;
#996 = EDGE_LOOP ( 'NONE', ( #734, #9917, #4875, #409 ) ) ;
#997 = EDGE_LOOP ( 'NONE', ( #8129, #440, #5947, #3970 ) ) ;
#998 = VERTEX_POINT ( 'NONE', #8548 ) ;
#999 = VECTOR ( 'NONE', #11955, 1000.000000000000000 ) ;
#1000 = ADVANCED_FACE ( 'NONE', ( #12731 ), #8609, .T. ) ;
#1001 = ORIENTED_EDGE ( 'NONE', *, *, #4005, .T. ) ;
#1002 = VERTEX_POINT ( 'NONE', #8690 ) ;
#1003 = VECTOR ( 'NONE', #7810, 1000.000000000000000 ) ;
#1004 = AXIS2_PLACEMENT_3D ( 'NONE', #12339, #5996, #590 ) ;
#1005 = CARTESIAN_POINT ( 'NONE',  ( -23.74999999999999645, -15.00000000000001066, 44.85000000000000142 ) ) ;
#1006 = CARTESIAN_POINT ( 'NONE',  ( 40.00000000000000711, -20.00000000000000711, 0.000000000000000000 ) ) ;
#1007 = PLANE ( 'NONE',  #7111 ) ;
#1008 = AXIS2_PLACEMENT_3D ( 'NONE', #725, #865, #4776 ) ;
#1009 = LINE ( 'NONE', #8064, #5675 ) ;
#1010 = CARTESIAN_POINT ( 'NONE',  ( 18.75000000000001066, -30.00000000000000711, 60.00000000000000711 ) ) ;
#1011 = FACE_OUTER_BOUND ( 'NONE', #6988, .T. ) ;
#1012 = VERTEX_POINT ( 'NONE', #7690 ) ;
#1013 = AXIS2_PLACEMENT_3D ( 'NONE', #6328, #10385, #8567 ) ;
#1014 = EDGE_CURVE ( 'NONE', #12524, #5748, #12659, .T. ) ;
#1015 = CARTESIAN_POINT ( 'NONE',  ( 18.75000000000000355, 46.53999999999999204, 10.00000000000000000 ) ) ;
#1016 = AXIS2_PLACEMENT_3D ( 'NONE', #4852, #2795, #6835 ) ;
#1017 = EDGE_CURVE ( 'NONE', #3004, #8872, #8625, .T. ) ;
#1018 = VECTOR ( 'NONE', #8401, 1000.000000000000000 ) ;
#1019 = EDGE_CURVE ( 'NONE', #9612, #5697, #5707, .T. ) ;
#1020 = AXIS2_PLACEMENT_3D ( 'NONE', #8069, #8788, #11920 ) ;
#1021 = CARTESIAN_POINT ( 'NONE',  ( 42.00000000000001421, 26.99999999999999289, -5.000000000000000000 ) ) ;
#1022 = ORIENTED_EDGE ( 'NONE', *, *, #11458, .F. ) ;
#1023 = ORIENTED_EDGE ( 'NONE', *, *, #3069, .F. ) ;
#1024 = ORIENTED_EDGE ( 'NONE', *, *, #9602, .F. ) ;
#1025 = AXIS2_PLACEMENT_3D ( 'NONE', #1260, #11428, #7169 ) ;
#1026 = LINE ( 'NONE', #8132, #1206 ) ;
#1027 = CARTESIAN_POINT ( 'NONE',  ( 0.000000000000000000, 29.99999999999999289, 44.60000000000000142 ) ) ;
#1028 = CARTESIAN_POINT ( 'NONE',  ( 62.90000000000005542, 26.99999999999999289, 45.99999999999999289 ) ) ;
#1029 = LINE ( 'NONE', #1282, #7609 ) ;
#1030 = VECTOR ( 'NONE', #7467, 1000.000000000000000 ) ;
#1031 = CARTESIAN_POINT ( 'NONE',  ( 23.74999999999982947, -15.00000000000001066, 60.00000000000000711 ) ) ;
#1032 = VECTOR ( 'NONE', #307, 999.9999999999998863 ) ;
#1033 = DIRECTION ( 'NONE',  ( 0.000000000000000000, 0.000000000000000000, 1.000000000000000000 ) ) ;
#1034 = VERTEX_POINT ( 'NONE', #1446 ) ;
#1035 = ORIENTED_EDGE ( 'NONE', *, *, #5187, .F. ) ;
#1036 = CARTESIAN_POINT ( 'NONE',  ( 23.74999999999982947, -15.00000000000001066, 44.85000000000000142 ) ) ;
#1037 = AXIS2_PLACEMENT_3D ( 'NONE', #11091, #3042, #864 ) ;
#1038 = ORIENTED_EDGE ( 'NONE', *, *, #8154, .T. ) ;
#1039 = DIRECTION ( 'NONE',  ( -0.000000000000000000, 1.000000000000000000, -0.000000000000000000 ) ) ;
#1040 = CIRCLE ( 'NONE', #3374, 3.999999999999996447 ) ;
#1041 = ORIENTED_EDGE ( 'NONE', *, *, #1365, .F. ) ;
#1042 = ORIENTED_EDGE ( 'NONE', *, *, #6919, .T. ) ;
#1043 = LINE ( 'NONE', #3173, #7129 ) ;
#1044 = VECTOR ( 'NONE', #2555, 1000.000000000000000 ) ;
#1045 = FACE_OUTER_BOUND ( 'NONE', #12185, .T. ) ;
#1046 = DIRECTION ( 'NONE',  ( -0.000000000000000000, -1.000000000000000000, -0.000000000000000000 ) ) ;
#1047 = ORIENTED_EDGE ( 'NONE', *, *, #11337, .F. ) ;
#1048 = CARTESIAN_POINT ( 'NONE',  ( 0.000000000000000000, 0.000000000000000000, 0.000000000000000000 ) ) ;
#1049 = ORIENTED_EDGE ( 'NONE', *, *, #6469, .F. ) ;
#1050 = ORIENTED_EDGE ( 'NONE', *, *, #7888, .T. ) ;
#1051 = EDGE_CURVE ( 'NONE', #8570, #1538, #2640, .T. ) ;
#1052 = EDGE_CURVE ( 'NONE', #11343, #2251, #9677, .T. ) ;
#1053 = ORIENTED_EDGE ( 'NONE', *, *, #6416, .F. ) ;
#1054 = DIRECTION ( 'NONE',  ( 0.000000000000000000, -0.000000000000000000, 1.000000000000000000 ) ) ;
#1055 = PLANE ( 'NONE',  #2054 ) ;
#1056 = CARTESIAN_POINT ( 'NONE',  ( -70.00000000000000000, 19.99999999999998934, -12.40000000000001634 ) ) ;
#1057 = CARTESIAN_POINT ( 'NONE',  ( 34.00000000000002842, 26.99999999999999289, 20.20000000000000284 ) ) ;
#1058 = DIRECTION ( 'NONE',  ( 1.416100796715761603E-16, 0.000000000000000000, 1.000000000000000000 ) ) ;
#1059 = DIRECTION ( 'NONE',  ( -3.469446951953614189E-16, 1.000000000000000000, 0.000000000000000000 ) ) ;
#1060 = FACE_OUTER_BOUND ( 'NONE', #12728, .T. ) ;
#1061 = EDGE_CURVE ( 'NONE', #6746, #7774, #3495, .T. ) ;
#1062 = DIRECTION ( 'NONE',  ( 0.000000000000000000, 0.000000000000000000, -1.000000000000000000 ) ) ;
#1063 = ORIENTED_EDGE ( 'NONE', *, *, #2744, .F. ) ;
#1064 = ORIENTED_EDGE ( 'NONE', *, *, #6347, .T. ) ;
#1065 = ORIENTED_EDGE ( 'NONE', *, *, #3070, .T. ) ;
#1066 = EDGE_CURVE ( 'NONE', #3660, #9577, #4644, .T. ) ;
#1067 = ORIENTED_EDGE ( 'NONE', *, *, #774, .F. ) ;
#1068 = EDGE_LOOP ( 'NONE', ( #6065, #3693, #9716, #6379 ) ) ;
#1069 = CYLINDRICAL_SURFACE ( 'NONE', #5863, 2.500000000000002220 ) ;
#1070 = CARTESIAN_POINT ( 'NONE',  ( 0.000000000000000000, 26.99999999999999289, 5.000000000000003553 ) ) ;
#1071 = LINE ( 'NONE', #11058, #5636 ) ;
#1072 = FACE_OUTER_BOUND ( 'NONE', #10289, .T. ) ;
#1073 = FACE_OUTER_BOUND ( 'NONE', #10325, .T. ) ;
#1074 = ADVANCED_FACE ( 'NONE', ( #7423 ), #7629, .F. ) ;
#1075 = CARTESIAN_POINT ( 'NONE',  ( 7.500000000000015099, -24.00000000000001776, -40.00000000000000000 ) ) ;
#1076 = PLANE ( 'NONE',  #7563 ) ;
#1077 = CARTESIAN_POINT ( 'NONE',  ( 22.00000000000003197, 29.99999999999999289, -4.999999999999997335 ) ) ;
#1078 = ORIENTED_EDGE ( 'NONE', *, *, #338, .F. ) ;
#1079 = ORIENTED_EDGE ( 'NONE', *, *, #8163, .F. ) ;
#1080 = VERTEX_POINT ( 'NONE', #1637 ) ;
#1081 = ADVANCED_FACE ( 'NONE', ( #5623 ), #11483, .T. ) ;
#1082 = EDGE_CURVE ( 'NONE', #10091, #6793, #6204, .T. ) ;
#1083 = CARTESIAN_POINT ( 'NONE',  ( -36.00000000000002842, 26.99999999999999289, -5.097962868176746799E-15 ) ) ;
#1084 = LINE ( 'NONE', #6206, #10759 ) ;
#1085 = LINE ( 'NONE', #5279, #1881 ) ;
#1086 = EDGE_CURVE ( 'NONE', #1264, #11574, #9696, .T. ) ;
#1087 = PLANE ( 'NONE',  #10109 ) ;
#1088 = ORIENTED_EDGE ( 'NONE', *, *, #4310, .F. ) ;
#1089 = DIRECTION ( 'NONE',  ( 1.000000000000000000, -0.000000000000000000, -0.000000000000000000 ) ) ;
#1090 = EDGE_LOOP ( 'NONE', ( #3289, #8601 ) ) ;
#1091 = DIRECTION ( 'NONE',  ( -1.000000000000000000, 0.000000000000000000, 0.000000000000000000 ) ) ;
#1092 = ORIENTED_EDGE ( 'NONE', *, *, #7624, .T. ) ;
#1093 = DIRECTION ( 'NONE',  ( 0.000000000000000000, 0.000000000000000000, 1.000000000000000000 ) ) ;
#1094 = VERTEX_POINT ( 'NONE', #6833 ) ;
#1095 = ORIENTED_EDGE ( 'NONE', *, *, #6812, .T. ) ;
#1096 = EDGE_CURVE ( 'NONE', #10766, #10503, #11996, .T. ) ;
#1097 = ADVANCED_FACE ( 'NONE', ( #1708 ), #6961, .F. ) ;
#1098 = DIRECTION ( 'NONE',  ( -0.000000000000000000, -0.000000000000000000, -1.000000000000000000 ) ) ;
#1099 = LINE ( 'NONE', #5154, #9455 ) ;
#1100 = CARTESIAN_POINT ( 'NONE',  ( -60.90000000000004121, 26.99999999999999289, 45.99999999999999289 ) ) ;
#1101 = EDGE_CURVE ( 'NONE', #2414, #12224, #7197, .T. ) ;
#1102 = LINE ( 'NONE', #10409, #1177 ) ;
#1103 = VERTEX_POINT ( 'NONE', #10887 ) ;
#1104 = CARTESIAN_POINT ( 'NONE',  ( -19.19513017514416120, -28.66460947456753061, 25.15000000000000568 ) ) ;
#1105 = ORIENTED_EDGE ( 'NONE', *, *, #5816, .F. ) ;
#1106 = VERTEX_POINT ( 'NONE', #2155 ) ;
#1107 = ORIENTED_EDGE ( 'NONE', *, *, #1291, .F. ) ;
#1108 = CARTESIAN_POINT ( 'NONE',  ( 89.99999999999994316, -26.00000000000000711, -40.00000000000000000 ) ) ;
#1109 = EDGE_CURVE ( 'NONE', #12934, #7779, #10725, .T. ) ;
#1110 = CARTESIAN_POINT ( 'NONE',  ( -18.00000000000000355, 19.99999999999999289, -36.75000000000000000 ) ) ;
#1111 = CARTESIAN_POINT ( 'NONE',  ( -86.00000000000004263, -30.00000000000000711, 5.999999999999998224 ) ) ;
#1112 = DIRECTION ( 'NONE',  ( 0.000000000000000000, 1.000000000000000000, 0.000000000000000000 ) ) ;
#1113 = ADVANCED_FACE ( 'NONE', ( #10013 ), #5836, .T. ) ;
#1114 = EDGE_CURVE ( 'NONE', #8668, #3487, #907, .T. ) ;
#1115 = DIRECTION ( 'NONE',  ( -0.000000000000000000, -1.000000000000000000, 0.000000000000000000 ) ) ;
#1116 = DIRECTION ( 'NONE',  ( 0.000000000000000000, 0.000000000000000000, -1.000000000000000000 ) ) ;
#1117 = CARTESIAN_POINT ( 'NONE',  ( -22.00000000000003197, 19.99999999999999289, -2.999999999999991562 ) ) ;
#1118 = CARTESIAN_POINT ( 'NONE',  ( 23.00000000000002842, 18.09999999999996589, -34.75000000000000000 ) ) ;
#1119 = DIRECTION ( 'NONE',  ( -0.000000000000000000, 1.000000000000000000, -0.000000000000000000 ) ) ;
#1120 = ORIENTED_EDGE ( 'NONE', *, *, #172, .T. ) ;
#1121 = ORIENTED_EDGE ( 'NONE', *, *, #6038, .F. ) ;
#1122 = VERTEX_POINT ( 'NONE', #4769 ) ;
#1123 = ORIENTED_EDGE ( 'NONE', *, *, #6487, .T. ) ;
#1124 = EDGE_CURVE ( 'NONE', #12148, #1688, #12069, .T. ) ;
#1125 = DIRECTION ( 'NONE',  ( 0.000000000000000000, 0.000000000000000000, 1.000000000000000000 ) ) ;
#1126 = CARTESIAN_POINT ( 'NONE',  ( -47.40000000000004121, 26.99999999999999289, 56.00000000000000000 ) ) ;
#1127 = LINE ( 'NONE', #7239, #4793 ) ;
#1128 = DIRECTION ( 'NONE',  ( 0.000000000000000000, -1.000000000000000000, 0.000000000000000000 ) ) ;
#1129 = ADVANCED_FACE ( 'NONE', ( #12860 ), #2980, .T. ) ;
#1130 = DIRECTION ( 'NONE',  ( 0.000000000000000000, 0.000000000000000000, 1.000000000000000000 ) ) ;
#1131 = DIRECTION ( 'NONE',  ( -1.000000000000000000, 0.000000000000000000, 0.000000000000000000 ) ) ;
#1132 = LINE ( 'NONE', #5185, #3987 ) ;
#1133 = ADVANCED_FACE ( 'NONE', ( #10949 ), #3837, .T. ) ;
#1134 = VERTEX_POINT ( 'NONE', #11939 ) ;
#1135 = VERTEX_POINT ( 'NONE', #10250 ) ;
#1136 = VERTEX_POINT ( 'NONE', #5195 ) ;
#1137 = EDGE_CURVE ( 'NONE', #5349, #12423, #10765, .T. ) ;
#1138 = DIRECTION ( 'NONE',  ( -0.000000000000000000, -0.000000000000000000, -1.000000000000000000 ) ) ;
#1139 = DIRECTION ( 'NONE',  ( 0.000000000000000000, 0.000000000000000000, 1.000000000000000000 ) ) ;
#1140 = DIRECTION ( 'NONE',  ( 0.3162277660168377191, 0.9486832980505138790, 4.388541835720879120E-16 ) ) ;
#1141 = DIRECTION ( 'NONE',  ( 0.000000000000000000, 0.000000000000000000, 1.000000000000000000 ) ) ;
#1142 = ADVANCED_FACE ( 'NONE', ( #11810 ), #6884, .F. ) ;
#1143 = CARTESIAN_POINT ( 'NONE',  ( -14.29999999999999005, -45.50000000000000711, 55.00000000000000711 ) ) ;
#1144 = ORIENTED_EDGE ( 'NONE', *, *, #7678, .F. ) ;
#1145 = AXIS2_PLACEMENT_3D ( 'NONE', #12002, #11034, #1920 ) ;
#1146 = CARTESIAN_POINT ( 'NONE',  ( 36.00000000000002842, 26.99999999999999289, -5.097962868176746799E-15 ) ) ;
#1147 = DIRECTION ( 'NONE',  ( 0.000000000000000000, 0.000000000000000000, 1.000000000000000000 ) ) ;
#1148 = CIRCLE ( 'NONE', #7097, 10.00000000000000000 ) ;
#1149 = CARTESIAN_POINT ( 'NONE',  ( -70.00000000000000000, 29.99999999999999289, -15.00000000000000711 ) ) ;
#1150 = EDGE_CURVE ( 'NONE', #7586, #1264, #857, .T. ) ;
#1151 = VERTEX_POINT ( 'NONE', #8958 ) ;
#1152 = CARTESIAN_POINT ( 'NONE',  ( 80.00000000000000000, -20.00000000000000711, 0.000000000000000000 ) ) ;
#1153 = EDGE_CURVE ( 'NONE', #10514, #8871, #12993, .T. ) ;
#1154 = ORIENTED_EDGE ( 'NONE', *, *, #4511, .F. ) ;
#1155 = ORIENTED_EDGE ( 'NONE', *, *, #8284, .T. ) ;
#1156 = DIRECTION ( 'NONE',  ( -1.000000000000000000, 0.000000000000000000, -6.195440985631457782E-17 ) ) ;
#1157 = LINE ( 'NONE', #2227, #5894 ) ;
#1158 = VECTOR ( 'NONE', #8424, 1000.000000000000000 ) ;
#1159 = DIRECTION ( 'NONE',  ( 1.000000000000000000, -0.000000000000000000, -1.387778780781445676E-16 ) ) ;
#1160 = LINE ( 'NONE', #229, #385 ) ;
#1161 = CARTESIAN_POINT ( 'NONE',  ( 23.74999999999982947, -15.00000000000001066, 60.00000000000000711 ) ) ;
#1162 = ORIENTED_EDGE ( 'NONE', *, *, #9310, .F. ) ;
#1163 = DIRECTION ( 'NONE',  ( -1.000000000000000000, 0.000000000000000000, -1.416100796715761603E-16 ) ) ;
#1164 = EDGE_CURVE ( 'NONE', #6746, #4529, #1405, .T. ) ;
#1165 = ORIENTED_EDGE ( 'NONE', *, *, #7540, .F. ) ;
#1166 = EDGE_LOOP ( 'NONE', ( #1751, #1666, #2773, #8168 ) ) ;
#1167 = CIRCLE ( 'NONE', #9026, 1.500000000000001332 ) ;
#1168 = DIRECTION ( 'NONE',  ( 0.000000000000000000, -1.000000000000000000, 0.000000000000000000 ) ) ;
#1169 = ORIENTED_EDGE ( 'NONE', *, *, #8951, .T. ) ;
#1170 = EDGE_CURVE ( 'NONE', #11769, #5978, #2211, .T. ) ;
#1171 = LINE ( 'NONE', #1445, #5904 ) ;
#1172 = CARTESIAN_POINT ( 'NONE',  ( -28.75000000000000355, 38.26999999999998892, 25.10434383594887464 ) ) ;
#1173 = VECTOR ( 'NONE', #8653, 1000.000000000000000 ) ;
#1174 = LINE ( 'NONE', #3302, #9255 ) ;
#1175 = AXIS2_PLACEMENT_3D ( 'NONE', #3199, #12476, #9170 ) ;
#1176 = CARTESIAN_POINT ( 'NONE',  ( -72.00000000000002842, 26.99999999999999289, 50.00000000000000000 ) ) ;
#1177 = VECTOR ( 'NONE', #3230, 1000.000000000000000 ) ;
#1178 = DIRECTION ( 'NONE',  ( -0.000000000000000000, 1.000000000000000000, -0.000000000000000000 ) ) ;
#1179 = DIRECTION ( 'NONE',  ( -0.000000000000000000, -0.000000000000000000, -1.000000000000000000 ) ) ;
#1180 = DIRECTION ( 'NONE',  ( 0.000000000000000000, 0.000000000000000000, 1.000000000000000000 ) ) ;
#1181 = CYLINDRICAL_SURFACE ( 'NONE', #8248, 4.000000000000003553 ) ;
#1182 = LINE ( 'NONE', #10368, #8253 ) ;
#1183 = VERTEX_POINT ( 'NONE', #10588 ) ;
#1184 = ORIENTED_EDGE ( 'NONE', *, *, #12038, .T. ) ;
#1185 = EDGE_LOOP ( 'NONE', ( #9854, #12615, #8484, #3807 ) ) ;
#1186 = VECTOR ( 'NONE', #9753, 1000.000000000000000 ) ;
#1187 = VECTOR ( 'NONE', #2056, 1000.000000000000000 ) ;
#1188 = VECTOR ( 'NONE', #1131, 1000.000000000000000 ) ;
#1189 = ORIENTED_EDGE ( 'NONE', *, *, #8184, .F. ) ;
#1190 = EDGE_CURVE ( 'NONE', #4128, #8606, #6338, .T. ) ;
#1191 = CARTESIAN_POINT ( 'NONE',  ( -18.75000000000000355, 38.26999999999998892, 47.00000000000000000 ) ) ;
#1192 = DIRECTION ( 'NONE',  ( 1.000000000000000000, 0.000000000000000000, -0.000000000000000000 ) ) ;
#1193 = VECTOR ( 'NONE', #9941, 1000.000000000000000 ) ;
#1194 = LINE ( 'NONE', #8312, #11798 ) ;
#1195 = VECTOR ( 'NONE', #12125, 1000.000000000000000 ) ;
#1196 = VECTOR ( 'NONE', #477, 1000.000000000000000 ) ;
#1197 = VECTOR ( 'NONE', #3438, 1000.000000000000000 ) ;
#1198 = SURFACE_SIDE_STYLE ('',( #10040 ) ) ;
#1199 = ADVANCED_FACE ( 'NONE', ( #6260 ), #4476, .T. ) ;
#1200 = LINE ( 'NONE', #10299, #1894 ) ;
#1201 = DIRECTION ( 'NONE',  ( 0.000000000000000000, 0.000000000000000000, 1.000000000000000000 ) ) ;
#1202 = AXIS2_PLACEMENT_3D ( 'NONE', #12020, #1931, #8915 ) ;
#1203 = CARTESIAN_POINT ( 'NONE',  ( -34.00000000000002842, 26.99999999999999289, 5.000000000000005329 ) ) ;
#1204 = DIRECTION ( 'NONE',  ( 1.000000000000000000, 0.000000000000000000, -1.445602896647348038E-16 ) ) ;
#1205 = AXIS2_PLACEMENT_3D ( 'NONE', #1409, #2475, #8579 ) ;
#1206 = VECTOR ( 'NONE', #5086, 1000.000000000000000 ) ;
#1207 = AXIS2_PLACEMENT_3D ( 'NONE', #10685, #7634, #4314 ) ;
#1208 = EDGE_LOOP ( 'NONE', ( #6863, #12123, #7517, #7533 ) ) ;
#1209 = EDGE_CURVE ( 'NONE', #8172, #43, #10313, .T. ) ;
#1210 = EDGE_CURVE ( 'NONE', #4469, #3487, #1473, .T. ) ;
#1211 = CIRCLE ( 'NONE', #8013, 2.000000000000001776 ) ;
#1212 = VERTEX_POINT ( 'NONE', #5537 ) ;
#1213 = ORIENTED_EDGE ( 'NONE', *, *, #11315, .F. ) ;
#1214 = AXIS2_PLACEMENT_3D ( 'NONE', #3218, #7257, #10018 ) ;
#1215 = DIRECTION ( 'NONE',  ( -0.000000000000000000, -0.000000000000000000, -1.000000000000000000 ) ) ;
#1216 = DIRECTION ( 'NONE',  ( -0.000000000000000000, 1.000000000000000000, -0.000000000000000000 ) ) ;
#1217 = LINE ( 'NONE', #4131, #2698 ) ;
#1218 = VECTOR ( 'NONE', #3493, 1000.000000000000000 ) ;
#1219 = LINE ( 'NONE', #9133, #5922 ) ;
#1220 = AXIS2_PLACEMENT_3D ( 'NONE', #12662, #720, #8692 ) ;
#1221 = CARTESIAN_POINT ( 'NONE',  ( 44.00000000000003553, 26.99999999999999289, -6.230843505549355095E-15 ) ) ;
#1222 = ORIENTED_EDGE ( 'NONE', *, *, #7604, .T. ) ;
#1223 = CARTESIAN_POINT ( 'NONE',  ( -58.25000000000019185, -20.49999999999991473, 19.50000000000000355 ) ) ;
#1224 = ADVANCED_FACE ( 'NONE', ( #5277 ), #7308, .T. ) ;
#1225 = DIRECTION ( 'NONE',  ( -1.000000000000000000, -0.000000000000000000, -0.000000000000000000 ) ) ;
#1226 = AXIS2_PLACEMENT_3D ( 'NONE', #8093, #860, #4916 ) ;
#1227 = AXIS2_PLACEMENT_3D ( 'NONE', #811, #733, #4933 ) ;
#1228 = CARTESIAN_POINT ( 'NONE',  ( 42.00000000000001421, 29.99999999999999289, -5.000000000000000000 ) ) ;
#1229 = ADVANCED_FACE ( 'NONE', ( #213 ), #144, .F. ) ;
#1230 = CARTESIAN_POINT ( 'NONE',  ( 44.00000000000003553, 29.99999999999999289, 8.000000000000000000 ) ) ;
#1231 = VECTOR ( 'NONE', #12067, 1000.000000000000000 ) ;
#1232 = ORIENTED_EDGE ( 'NONE', *, *, #6601, .T. ) ;
#1233 = VERTEX_POINT ( 'NONE', #1279 ) ;
#1234 = DIRECTION ( 'NONE',  ( -0.000000000000000000, 1.000000000000000000, -0.000000000000000000 ) ) ;
#1235 = AXIS2_PLACEMENT_3D ( 'NONE', #7268, #1353, #4344 ) ;
#1236 = CARTESIAN_POINT ( 'NONE',  ( -28.74999999999999645, -20.49999999999991473, 50.50000000000000000 ) ) ;
#1237 = AXIS2_PLACEMENT_3D ( 'NONE', #4259, #10304, #6197 ) ;
#1238 = CARTESIAN_POINT ( 'NONE',  ( -14.30000000000000426, 0.000000000000000000, 0.000000000000000000 ) ) ;
#1239 = CARTESIAN_POINT ( 'NONE',  ( 34.00000000000002842, 26.99999999999999289, 8.000000000000007105 ) ) ;
#1240 = LINE ( 'NONE', #1300, #1393 ) ;
#1241 = ORIENTED_EDGE ( 'NONE', *, *, #1703, .T. ) ;
#1242 = AXIS2_PLACEMENT_3D ( 'NONE', #10578, #6445, #9371 ) ;
#1243 = EDGE_CURVE ( 'NONE', #9560, #5649, #5340, .T. ) ;
#1244 = DIRECTION ( 'NONE',  ( 0.000000000000000000, 0.000000000000000000, 1.000000000000000000 ) ) ;
#1245 = VERTEX_POINT ( 'NONE', #9319 ) ;
#1246 = AXIS2_PLACEMENT_3D ( 'NONE', #9437, #10716, #9584 ) ;
#1247 = ORIENTED_EDGE ( 'NONE', *, *, #1978, .T. ) ;
#1248 = PLANE ( 'NONE',  #768 ) ;
#1249 = ORIENTED_EDGE ( 'NONE', *, *, #10565, .T. ) ;
#1250 = EDGE_CURVE ( 'NONE', #7049, #7045, #9653, .T. ) ;
#1251 = VECTOR ( 'NONE', #40, 1000.000000000000000 ) ;
#1252 = DIRECTION ( 'NONE',  ( -1.416100796715761356E-16, 0.000000000000000000, 1.000000000000000000 ) ) ;
#1253 = DIRECTION ( 'NONE',  ( 0.000000000000000000, 1.000000000000000000, 0.000000000000000000 ) ) ;
#1254 = CARTESIAN_POINT ( 'NONE',  ( 0.000000000000000000, -5.000000000000004441, -23.00000000000000355 ) ) ;
#1255 = ADVANCED_FACE ( 'NONE', ( #2404 ), #269, .F. ) ;
#1256 = DIRECTION ( 'NONE',  ( 1.000000000000000000, 0.000000000000000000, 0.000000000000000000 ) ) ;
#1257 = CARTESIAN_POINT ( 'NONE',  ( 18.75000000000000355, 0.000000000000000000, 10.00000000000000000 ) ) ;
#1258 = ORIENTED_EDGE ( 'NONE', *, *, #5961, .T. ) ;
#1259 = CARTESIAN_POINT ( 'NONE',  ( -18.74999999999999645, 19.99999999999998934, 60.00000000000000711 ) ) ;
#1260 = CARTESIAN_POINT ( 'NONE',  ( -70.00000000000000000, 22.99999999999999289, -15.00000000000000711 ) ) ;
#1261 = CIRCLE ( 'NONE', #12080, 2.499999999999995115 ) ;
#1262 = DIRECTION ( 'NONE',  ( 0.000000000000000000, 0.000000000000000000, -1.000000000000000000 ) ) ;
#1263 = ORIENTED_EDGE ( 'NONE', *, *, #10941, .F. ) ;
#1264 = VERTEX_POINT ( 'NONE', #11452 ) ;
#1265 = VERTEX_POINT ( 'NONE', #5397 ) ;
#1266 = VERTEX_POINT ( 'NONE', #2349 ) ;
#1267 = CARTESIAN_POINT ( 'NONE',  ( 30.00000000000002842, -16.00000000000000711, -11.50000000000000000 ) ) ;
#1268 = DIRECTION ( 'NONE',  ( 1.000000000000000000, -0.000000000000000000, -0.000000000000000000 ) ) ;
#1269 = EDGE_CURVE ( 'NONE', #3170, #10419, #6395, .T. ) ;
#1270 = FACE_OUTER_BOUND ( 'NONE', #10799, .T. ) ;
#1271 = DIRECTION ( 'NONE',  ( 1.000000000000000000, -0.000000000000000000, -0.000000000000000000 ) ) ;
#1272 = LINE ( 'NONE', #5333, #1188 ) ;
#1273 = DIRECTION ( 'NONE',  ( -0.000000000000000000, 1.000000000000000000, -0.000000000000000000 ) ) ;
#1274 = ORIENTED_EDGE ( 'NONE', *, *, #12320, .T. ) ;
#1275 = CARTESIAN_POINT ( 'NONE',  ( -31.00000000000003553, 29.99999999999999289, -7.000000000000000000 ) ) ;
#1276 = VERTEX_POINT ( 'NONE', #11310 ) ;
#1277 = VERTEX_POINT ( 'NONE', #339 ) ;
#1278 = ORIENTED_EDGE ( 'NONE', *, *, #1828, .F. ) ;
#1279 = CARTESIAN_POINT ( 'NONE',  ( -44.00000000000004263, 29.99999999999999289, 42.59999999999999432 ) ) ;
#1280 = CARTESIAN_POINT ( 'NONE',  ( -18.75000000000001066, -30.00000000000000711, 60.00000000000000711 ) ) ;
#1281 = DIRECTION ( 'NONE',  ( 1.000000000000000000, 0.000000000000000000, 0.000000000000000000 ) ) ;
#1282 = CARTESIAN_POINT ( 'NONE',  ( 32.00000000000000000, 1.000000000000041744, -40.00000000000000000 ) ) ;
#1283 = CARTESIAN_POINT ( 'NONE',  ( -80.00000000000000000, -20.00000000000000711, -40.00000000000000000 ) ) ;
#1284 = ORIENTED_EDGE ( 'NONE', *, *, #1190, .T. ) ;
#1285 = EDGE_CURVE ( 'NONE', #7657, #9711, #6695, .T. ) ;
#1286 = EDGE_CURVE ( 'NONE', #12490, #1516, #4349, .T. ) ;
#1287 = FACE_OUTER_BOUND ( 'NONE', #11206, .T. ) ;
#1288 = EDGE_LOOP ( 'NONE', ( #6778, #9415, #4082, #8933, #9373, #11681 ) ) ;
#1289 = CARTESIAN_POINT ( 'NONE',  ( -34.00000000000002842, 26.99999999999999289, 0.000000000000000000 ) ) ;
#1290 = CARTESIAN_POINT ( 'NONE',  ( -46.00000000000004263, 26.99999999999999289, 20.19999999999999574 ) ) ;
#1291 = EDGE_CURVE ( 'NONE', #11705, #2557, #11510, .T. ) ;
#1292 = EDGE_LOOP ( 'NONE', ( #4121, #11350, #8590, #12306 ) ) ;
#1293 = ORIENTED_EDGE ( 'NONE', *, *, #109, .T. ) ;
#1294 = CARTESIAN_POINT ( 'NONE',  ( 35.74999999999983658, -10.00000000000000533, -27.00000000000000711 ) ) ;
#1295 = EDGE_CURVE ( 'NONE', #12724, #1233, #12552, .T. ) ;
#1296 = EDGE_CURVE ( 'NONE', #9031, #8700, #12701, .T. ) ;
#1297 = FACE_OUTER_BOUND ( 'NONE', #7876, .T. ) ;
#1298 = CARTESIAN_POINT ( 'NONE',  ( 34.00000000000002842, 29.99999999999999289, -0.000000000000000000 ) ) ;
#1299 = DIRECTION ( 'NONE',  ( 1.000000000000000000, -0.000000000000000000, 0.000000000000000000 ) ) ;
#1300 = CARTESIAN_POINT ( 'NONE',  ( 0.000000000000000000, 26.99999999999999289, 5.999999999999999112 ) ) ;
#1301 = ORIENTED_EDGE ( 'NONE', *, *, #9594, .F. ) ;
#1302 = CARTESIAN_POINT ( 'NONE',  ( 14.30000000000000782, -43.50000000000000711, 51.00000000000000000 ) ) ;
#1303 = EDGE_CURVE ( 'NONE', #8362, #12147, #6804, .T. ) ;
#1304 = EDGE_CURVE ( 'NONE', #3699, #8293, #626, .T. ) ;
#1305 = CARTESIAN_POINT ( 'NONE',  ( 72.00000000000002842, 29.99999999999999289, 48.00000000000000000 ) ) ;
#1306 = ORIENTED_EDGE ( 'NONE', *, *, #8729, .F. ) ;
#1307 = VERTEX_POINT ( 'NONE', #3610 ) ;
#1308 = CARTESIAN_POINT ( 'NONE',  ( 23.75000000000000000, 4.999999999999997335, 25.15000000000000568 ) ) ;
#1309 = VERTEX_POINT ( 'NONE', #7861 ) ;
#1310 = ORIENTED_EDGE ( 'NONE', *, *, #11942, .T. ) ;
#1311 = CARTESIAN_POINT ( 'NONE',  ( 28.46680676024487511, -30.00000000000000711, 4.507981129412502952 ) ) ;
#1312 = DIRECTION ( 'NONE',  ( 0.000000000000000000, 1.000000000000000000, -3.469446951953616161E-15 ) ) ;
#1313 = DIRECTION ( 'NONE',  ( 1.000000000000000000, -0.000000000000000000, -0.000000000000000000 ) ) ;
#1314 = DIRECTION ( 'NONE',  ( 0.000000000000000000, 1.000000000000000000, 0.000000000000000000 ) ) ;
#1315 = LINE ( 'NONE', #3306, #4122 ) ;
#1316 = VERTEX_POINT ( 'NONE', #12762 ) ;
#1317 = PLANE ( 'NONE',  #2282 ) ;
#1318 = CARTESIAN_POINT ( 'NONE',  ( -36.00000000000002842, 26.99999999999999289, 8.000000000000007105 ) ) ;
#1319 = LINE ( 'NONE', #5633, #9474 ) ;
#1320 = VERTEX_POINT ( 'NONE', #3671 ) ;
#1321 = ORIENTED_EDGE ( 'NONE', *, *, #11168, .T. ) ;
#1322 = ORIENTED_EDGE ( 'NONE', *, *, #10202, .F. ) ;
#1323 = VERTEX_POINT ( 'NONE', #2608 ) ;
#1324 = DIRECTION ( 'NONE',  ( 1.000000000000000000, -0.000000000000000000, -0.000000000000000000 ) ) ;
#1325 = CARTESIAN_POINT ( 'NONE',  ( -58.25000000000019185, -4.999999999999913847, 25.00000000000000000 ) ) ;
#1326 = DIRECTION ( 'NONE',  ( 2.891205793294679312E-16, 0.000000000000000000, -1.000000000000000000 ) ) ;
#1327 = CARTESIAN_POINT ( 'NONE',  ( 30.00000000000002842, -19.99999999999999289, 0.000000000000000000 ) ) ;
#1328 = LINE ( 'NONE', #10637, #6042 ) ;
#1329 = CARTESIAN_POINT ( 'NONE',  ( -28.74999999999999645, 10.50000000000008527, 50.50000000000000000 ) ) ;
#1330 = LINE ( 'NONE', #9426, #5483 ) ;
#1331 = CARTESIAN_POINT ( 'NONE',  ( 64.00000000000002842, 26.99999999999999289, 58.00000000000000000 ) ) ;
#1332 = EDGE_LOOP ( 'NONE', ( #12784, #4636, #3336, #11909 ) ) ;
#1333 = ORIENTED_EDGE ( 'NONE', *, *, #11069, .F. ) ;
#1334 = ADVANCED_FACE ( 'NONE', ( #7663 ), #9639, .F. ) ;
#1335 = EDGE_CURVE ( 'NONE', #5834, #8645, #12903, .T. ) ;
#1336 = ORIENTED_EDGE ( 'NONE', *, *, #2032, .T. ) ;
#1337 = ORIENTED_EDGE ( 'NONE', *, *, #10142, .F. ) ;
#1338 = DIRECTION ( 'NONE',  ( 0.000000000000000000, 0.000000000000000000, 1.000000000000000000 ) ) ;
#1339 = CYLINDRICAL_SURFACE ( 'NONE', #8643, 3.500000000000006661 ) ;
#1340 = FACE_OUTER_BOUND ( 'NONE', #6560, .T. ) ;
#1341 = CARTESIAN_POINT ( 'NONE',  ( 7.500000000000000000, -20.00000000000000000, -36.75000000000000000 ) ) ;
#1342 = CARTESIAN_POINT ( 'NONE',  ( 30.00000000000002842, 0.000000000000000000, -40.00000000000000000 ) ) ;
#1343 = ORIENTED_EDGE ( 'NONE', *, *, #262, .T. ) ;
#1344 = FACE_OUTER_BOUND ( 'NONE', #4735, .T. ) ;
#1345 = ORIENTED_EDGE ( 'NONE', *, *, #3483, .F. ) ;
#1346 = LINE ( 'NONE', #12508, #4587 ) ;
#1347 = EDGE_LOOP ( 'NONE', ( #2622, #5964, #97, #11275 ) ) ;
#1348 = ORIENTED_EDGE ( 'NONE', *, *, #2594, .T. ) ;
#1349 = FACE_BOUND ( 'NONE', #4320, .T. ) ;
#1350 = FACE_OUTER_BOUND ( 'NONE', #3553, .T. ) ;
#1351 = DIRECTION ( 'NONE',  ( -0.000000000000000000, 0.000000000000000000, 1.000000000000000000 ) ) ;
#1352 = CARTESIAN_POINT ( 'NONE',  ( -18.75000000000001066, -45.50000000000000711, 51.00000000000000000 ) ) ;
#1353 = DIRECTION ( 'NONE',  ( 0.000000000000000000, 1.000000000000000000, 0.000000000000000000 ) ) ;
#1354 = DIRECTION ( 'NONE',  ( -0.000000000000000000, 1.000000000000000000, -0.000000000000000000 ) ) ;
#1355 = VERTEX_POINT ( 'NONE', #11715 ) ;
#1356 = CARTESIAN_POINT ( 'NONE',  ( -28.74999999999999645, -30.00000000000000711, -40.00000000000000000 ) ) ;
#1357 = EDGE_CURVE ( 'NONE', #1277, #9548, #9233, .T. ) ;
#1358 = DIRECTION ( 'NONE',  ( 0.000000000000000000, -0.000000000000000000, 1.000000000000000000 ) ) ;
#1359 = VERTEX_POINT ( 'NONE', #8721 ) ;
#1360 = VERTEX_POINT ( 'NONE', #1805 ) ;
#1361 = CARTESIAN_POINT ( 'NONE',  ( 34.00000000000003553, 26.99999999999999289, 42.60000000000000142 ) ) ;
#1362 = ORIENTED_EDGE ( 'NONE', *, *, #4261, .F. ) ;
#1363 = EDGE_LOOP ( 'NONE', ( #2105, #11993, #2868, #2710, #11273, #711, #2126, #9241 ) ) ;
#1364 = VECTOR ( 'NONE', #4585, 1000.000000000000000 ) ;
#1365 = EDGE_CURVE ( 'NONE', #13081, #3458, #6858, .T. ) ;
#1366 = LINE ( 'NONE', #12581, #4398 ) ;
#1367 = LINE ( 'NONE', #9475, #565 ) ;
#1368 = CARTESIAN_POINT ( 'NONE',  ( 70.00000000000000000, 22.99999999999999289, -15.00000000000002309 ) ) ;
#1369 = CYLINDRICAL_SURFACE ( 'NONE', #13090, 1.099999999999998535 ) ;
#1370 = ADVANCED_FACE ( 'NONE', ( #5592 ), #11916, .T. ) ;
#1371 = ORIENTED_EDGE ( 'NONE', *, *, #3207, .F. ) ;
#1372 = DIRECTION ( 'NONE',  ( -0.000000000000000000, 1.000000000000000000, -0.000000000000000000 ) ) ;
#1373 = VECTOR ( 'NONE', #2763, 1000.000000000000000 ) ;
#1374 = DIRECTION ( 'NONE',  ( -0.3162277660168377191, -0.9486832980505138790, 4.388541835720877640E-16 ) ) ;
#1375 = FACE_OUTER_BOUND ( 'NONE', #12957, .T. ) ;
#1376 = EDGE_LOOP ( 'NONE', ( #634, #4938, #7725, #11239 ) ) ;
#1377 = ORIENTED_EDGE ( 'NONE', *, *, #635, .T. ) ;
#1378 = EDGE_LOOP ( 'NONE', ( #1092, #2693, #4908 ) ) ;
#1379 = VECTOR ( 'NONE', #3514, 1000.000000000000000 ) ;
#1380 = EDGE_CURVE ( 'NONE', #9031, #2198, #2765, .T. ) ;
#1381 = LINE ( 'NONE', #122, #969 ) ;
#1382 = DIRECTION ( 'NONE',  ( 0.000000000000000000, 0.000000000000000000, 1.000000000000000000 ) ) ;
#1383 = AXIS2_PLACEMENT_3D ( 'NONE', #12139, #4982, #46 ) ;
#1384 = DIRECTION ( 'NONE',  ( 1.000000000000000000, 0.000000000000000000, 0.000000000000000000 ) ) ;
#1385 = EDGE_CURVE ( 'NONE', #11135, #7274, #10859, .T. ) ;
#1386 = LINE ( 'NONE', #11442, #3480 ) ;
#1387 = CARTESIAN_POINT ( 'NONE',  ( 18.74999999999983658, -30.00000000000001066, 60.00000000000000711 ) ) ;
#1388 = VECTOR ( 'NONE', #773, 1000.000000000000000 ) ;
#1389 = AXIS2_PLACEMENT_3D ( 'NONE', #10375, #7369, #7292 ) ;
#1390 = EDGE_CURVE ( 'NONE', #8712, #1034, #1744, .T. ) ;
#1391 = DIRECTION ( 'NONE',  ( 1.000000000000000000, 0.000000000000000000, -1.469412826709765917E-14 ) ) ;
#1392 = EDGE_LOOP ( 'NONE', ( #600, #5437 ) ) ;
#1393 = VECTOR ( 'NONE', #91, 1000.000000000000000 ) ;
#1394 = LINE ( 'NONE', #5391, #6550 ) ;
#1395 = ORIENTED_EDGE ( 'NONE', *, *, #8456, .T. ) ;
#1396 = ORIENTED_EDGE ( 'NONE', *, *, #7405, .F. ) ;
#1397 = ORIENTED_EDGE ( 'NONE', *, *, #3974, .T. ) ;
#1398 = AXIS2_PLACEMENT_3D ( 'NONE', #1614, #6614, #12717 ) ;
#1399 = PLANE ( 'NONE',  #3333 ) ;
#1400 = ADVANCED_FACE ( 'NONE', ( #9580 ), #3734, .T. ) ;
#1401 = ORIENTED_EDGE ( 'NONE', *, *, #5404, .F. ) ;
#1402 = AXIS2_PLACEMENT_3D ( 'NONE', #12630, #9652, #5817 ) ;
#1403 = CARTESIAN_POINT ( 'NONE',  ( 0.000000000000000000, 26.99999999999999289, 20.19999999999999574 ) ) ;
#1404 = VECTOR ( 'NONE', #10084, 1000.000000000000000 ) ;
#1405 = LINE ( 'NONE', #12350, #4387 ) ;
#1406 = FACE_OUTER_BOUND ( 'NONE', #6124, .T. ) ;
#1407 = AXIS2_PLACEMENT_3D ( 'NONE', #12289, #12155, #12 ) ;
#1408 = DIRECTION ( 'NONE',  ( 0.000000000000000000, 1.000000000000000000, 0.000000000000000000 ) ) ;
#1409 = CARTESIAN_POINT ( 'NONE',  ( 14.30000000000000782, -43.50000000000000711, 51.00000000000000000 ) ) ;
#1410 = CARTESIAN_POINT ( 'NONE',  ( -70.00000000000000000, 29.99999999999999289, -18.50000000000001776 ) ) ;
#1411 = EDGE_CURVE ( 'NONE', #1106, #1122, #6599, .T. ) ;
#1412 = DIRECTION ( 'NONE',  ( 0.000000000000000000, -0.000000000000000000, -1.000000000000000000 ) ) ;
#1413 = VERTEX_POINT ( 'NONE', #536 ) ;
#1414 = VECTOR ( 'NONE', #1140, 999.9999999999998863 ) ;
#1415 = EDGE_CURVE ( 'NONE', #5846, #12109, #475, .T. ) ;
#1416 = CARTESIAN_POINT ( 'NONE',  ( -44.00000000000004263, 26.99999999999999289, 8.000000000000000000 ) ) ;
#1417 = AXIS2_PLACEMENT_3D ( 'NONE', #5296, #169, #87 ) ;
#1418 = VECTOR ( 'NONE', #3169, 1000.000000000000000 ) ;
#1419 = DIRECTION ( 'NONE',  ( 0.000000000000000000, 0.000000000000000000, -1.000000000000000000 ) ) ;
#1420 = VECTOR ( 'NONE', #597, 1000.000000000000000 ) ;
#1421 = VECTOR ( 'NONE', #8975, 1000.000000000000000 ) ;
#1422 = DIRECTION ( 'NONE',  ( 1.000000000000000000, -0.000000000000000000, 0.000000000000000000 ) ) ;
#1423 = ORIENTED_EDGE ( 'NONE', *, *, #10026, .T. ) ;
#1424 = ORIENTED_EDGE ( 'NONE', *, *, #9617, .F. ) ;
#1425 = AXIS2_PLACEMENT_3D ( 'NONE', #12525, #11419, #5429 ) ;
#1426 = DIRECTION ( 'NONE',  ( -1.000000000000000000, 0.000000000000000000, 0.000000000000000000 ) ) ;
#1427 = VECTOR ( 'NONE', #11998, 1000.000000000000000 ) ;
#1428 = LINE ( 'NONE', #10603, #5452 ) ;
#1429 = DIRECTION ( 'NONE',  ( 0.000000000000000000, 0.000000000000000000, 1.000000000000000000 ) ) ;
#1430 = FACE_OUTER_BOUND ( 'NONE', #8641, .T. ) ;
#1431 = CARTESIAN_POINT ( 'NONE',  ( -23.74999999999999645, -15.00000000000001066, 60.00000000000000711 ) ) ;
#1432 = VECTOR ( 'NONE', #9799, 1000.000000000000000 ) ;
#1433 = CARTESIAN_POINT ( 'NONE',  ( -36.00000000000002842, 26.99999999999999289, 20.20000000000000284 ) ) ;
#1434 = AXIS2_PLACEMENT_3D ( 'NONE', #9731, #12626, #4687 ) ;
#1435 = ORIENTED_EDGE ( 'NONE', *, *, #12503, .T. ) ;
#1436 = CARTESIAN_POINT ( 'NONE',  ( 44.00000000000003553, 26.99999999999999289, 20.19999999999999574 ) ) ;
#1437 = VECTOR ( 'NONE', #654, 1000.000000000000000 ) ;
#1438 = ORIENTED_EDGE ( 'NONE', *, *, #2388, .F. ) ;
#1439 = AXIS2_PLACEMENT_3D ( 'NONE', #6281, #12440, #11211 ) ;
#1440 = EDGE_LOOP ( 'NONE', ( #7608, #5147 ) ) ;
#1441 = FACE_OUTER_BOUND ( 'NONE', #1967, .T. ) ;
#1442 = CIRCLE ( 'NONE', #599, 4.000000000000003553 ) ;
#1443 = ORIENTED_EDGE ( 'NONE', *, *, #12649, .T. ) ;
#1444 = VECTOR ( 'NONE', #12290, 1000.000000000000000 ) ;
#1445 = CARTESIAN_POINT ( 'NONE',  ( 89.99999999999994316, -30.00000000000000711, 56.00000000000000000 ) ) ;
#1446 = CARTESIAN_POINT ( 'NONE',  ( -80.00000000000000000, -20.00000000000000711, 0.000000000000000000 ) ) ;
#1447 = LINE ( 'NONE', #8549, #6723 ) ;
#1448 = CARTESIAN_POINT ( 'NONE',  ( -46.00000000000004263, 26.99999999999999289, 0.000000000000000000 ) ) ;
#1449 = DIRECTION ( 'NONE',  ( -0.000000000000000000, 1.000000000000000000, -0.000000000000000000 ) ) ;
#1450 = EDGE_LOOP ( 'NONE', ( #1734, #2372, #3045, #1042 ) ) ;
#1451 = FACE_OUTER_BOUND ( 'NONE', #2752, .T. ) ;
#1452 = CIRCLE ( 'NONE', #4214, 0.5000000000000004441 ) ;
#1453 = EDGE_CURVE ( 'NONE', #8142, #4401, #747, .T. ) ;
#1454 = CARTESIAN_POINT ( 'NONE',  ( 32.74999999999983658, -5.000000000000004441, 0.000000000000000000 ) ) ;
#1455 = ORIENTED_EDGE ( 'NONE', *, *, #5270, .F. ) ;
#1456 = VERTEX_POINT ( 'NONE', #10793 ) ;
#1457 = EDGE_LOOP ( 'NONE', ( #714, #3833, #4405, #3570 ) ) ;
#1458 = CIRCLE ( 'NONE', #5933, 1.500000000000004885 ) ;
#1459 = DIRECTION ( 'NONE',  ( -0.000000000000000000, 1.000000000000000000, -0.000000000000000000 ) ) ;
#1460 = CARTESIAN_POINT ( 'NONE',  ( -14.30000000000000426, 38.26999999999998892, 25.10434383594887464 ) ) ;
#1461 = DIRECTION ( 'NONE',  ( 0.000000000000000000, -0.000000000000000000, -1.000000000000000000 ) ) ;
#1462 = VECTOR ( 'NONE', #10536, 1000.000000000000000 ) ;
#1463 = CARTESIAN_POINT ( 'NONE',  ( 18.75000000000000355, 46.49999999999983658, 10.00000000000000000 ) ) ;
#1464 = DIRECTION ( 'NONE',  ( 0.000000000000000000, 1.000000000000000000, -0.000000000000000000 ) ) ;
#1465 = FACE_OUTER_BOUND ( 'NONE', #7915, .T. ) ;
#1466 = CYLINDRICAL_SURFACE ( 'NONE', #4864, 1.500000000000001332 ) ;
#1467 = ORIENTED_EDGE ( 'NONE', *, *, #6757, .T. ) ;
#1468 = ORIENTED_EDGE ( 'NONE', *, *, #8321, .F. ) ;
#1469 = VERTEX_POINT ( 'NONE', #1678 ) ;
#1470 = DIRECTION ( 'NONE',  ( -0.000000000000000000, 1.000000000000000000, -0.000000000000000000 ) ) ;
#1471 = ORIENTED_EDGE ( 'NONE', *, *, #5048, .T. ) ;
#1472 = PLANE ( 'NONE',  #1820 ) ;
#1473 = LINE ( 'NONE', #3268, #526 ) ;
#1474 = CARTESIAN_POINT ( 'NONE',  ( -18.75000000000000355, 25.06926070038922560, 0.9081712062257509821 ) ) ;
#1475 = DIRECTION ( 'NONE',  ( -1.000000000000000000, 0.000000000000000000, 0.000000000000000000 ) ) ;
#1476 = DIRECTION ( 'NONE',  ( -1.000000000000000000, 0.000000000000000000, 4.336808689942018722E-16 ) ) ;
#1477 = ORIENTED_EDGE ( 'NONE', *, *, #12577, .T. ) ;
#1478 = CARTESIAN_POINT ( 'NONE',  ( 40.00000000000000711, 19.99999999999999289, 0.000000000000000000 ) ) ;
#1479 = DIRECTION ( 'NONE',  ( 0.000000000000000000, 1.000000000000000000, 0.000000000000000000 ) ) ;
#1480 = CARTESIAN_POINT ( 'NONE',  ( 0.000000000000000000, 19.99999999999999289, -40.00000000000000000 ) ) ;
#1481 = VERTEX_POINT ( 'NONE', #691 ) ;
#1482 = ORIENTED_EDGE ( 'NONE', *, *, #2628, .T. ) ;
#1483 = PLANE ( 'NONE',  #13105 ) ;
#1484 = EDGE_CURVE ( 'NONE', #10092, #5306, #5995, .T. ) ;
#1485 = EDGE_CURVE ( 'NONE', #252, #1276, #1071, .T. ) ;
#1486 = DIRECTION ( 'NONE',  ( -1.000000000000000000, 0.000000000000000000, 0.000000000000000000 ) ) ;
#1487 = DIRECTION ( 'NONE',  ( 0.000000000000000000, 0.000000000000000000, 1.000000000000000000 ) ) ;
#1488 = CARTESIAN_POINT ( 'NONE',  ( -29.99999999999997158, -19.99999999999999289, -40.00000000000000000 ) ) ;
#1489 = DIRECTION ( 'NONE',  ( -1.000000000000000000, 0.000000000000000000, -1.445602896647348038E-16 ) ) ;
#1490 = DIRECTION ( 'NONE',  ( 1.000000000000000000, 0.000000000000000000, -0.000000000000000000 ) ) ;
#1491 = ORIENTED_EDGE ( 'NONE', *, *, #1822, .F. ) ;
#1492 = CARTESIAN_POINT ( 'NONE',  ( 33.00000000000004263, 26.99999999999999289, 0.000000000000000000 ) ) ;
#1493 = LINE ( 'NONE', #5558, #9748 ) ;
#1494 = EDGE_LOOP ( 'NONE', ( #3904, #7952, #3318 ) ) ;
#1495 = VERTEX_POINT ( 'NONE', #11169 ) ;
#1496 = LINE ( 'NONE', #1766, #13061 ) ;
#1497 = ORIENTED_EDGE ( 'NONE', *, *, #8782, .F. ) ;
#1498 = CARTESIAN_POINT ( 'NONE',  ( 28.75000000000000355, -43.50000000000000711, 51.00000000000000000 ) ) ;
#1499 = ADVANCED_FACE ( 'NONE', ( #1942 ), #7920, .F. ) ;
#1500 = DIRECTION ( 'NONE',  ( -0.000000000000000000, 1.000000000000000000, -0.000000000000000000 ) ) ;
#1501 = CARTESIAN_POINT ( 'NONE',  ( 60.90000000000003411, 29.99999999999999289, 58.00000000000000000 ) ) ;
#1502 = CARTESIAN_POINT ( 'NONE',  ( -90.00000000000005684, -30.00000000000000711, -40.00000000000000000 ) ) ;
#1503 = CARTESIAN_POINT ( 'NONE',  ( 28.74999999999980460, -30.00000000000000711, -40.00000000000000000 ) ) ;
#1504 = DIRECTION ( 'NONE',  ( 1.000000000000000000, 0.000000000000000000, 1.387778780781445676E-16 ) ) ;
#1505 = EDGE_LOOP ( 'NONE', ( #4423, #9112 ) ) ;
#1506 = VERTEX_POINT ( 'NONE', #2079 ) ;
#1507 = DIRECTION ( 'NONE',  ( -1.000000000000000000, -2.168404344971006896E-16, 0.000000000000000000 ) ) ;
#1508 = DIRECTION ( 'NONE',  ( 1.000000000000000000, -0.000000000000000000, -0.000000000000000000 ) ) ;
#1509 = CARTESIAN_POINT ( 'NONE',  ( 23.75000000000000000, 19.99999999999998934, 56.15000000000000568 ) ) ;
#1510 = CARTESIAN_POINT ( 'NONE',  ( -34.00000000000003553, 29.99999999999999289, 0.000000000000000000 ) ) ;
#1511 = LINE ( 'NONE', #9425, #9924 ) ;
#1512 = EDGE_CURVE ( 'NONE', #10514, #1481, #9922, .T. ) ;
#1513 = CARTESIAN_POINT ( 'NONE',  ( 36.00000000000002842, 26.99999999999999289, 18.20000000000000284 ) ) ;
#1514 = VERTEX_POINT ( 'NONE', #4942 ) ;
#1515 = LINE ( 'NONE', #815, #10372 ) ;
#1516 = VERTEX_POINT ( 'NONE', #9118 ) ;
#1517 = ORIENTED_EDGE ( 'NONE', *, *, #5491, .F. ) ;
#1518 = ORIENTED_EDGE ( 'NONE', *, *, #5354, .T. ) ;
#1519 = DIRECTION ( 'NONE',  ( 1.000000000000000000, 0.000000000000000000, 0.000000000000000000 ) ) ;
#1520 = ORIENTED_EDGE ( 'NONE', *, *, #5490, .T. ) ;
#1521 = CARTESIAN_POINT ( 'NONE',  ( -72.00000000000002842, 29.99999999999999289, 50.00000000000000000 ) ) ;
#1522 = CARTESIAN_POINT ( 'NONE',  ( 0.000000000000000000, 26.99999999999999289, 42.60000000000000142 ) ) ;
#1523 = EDGE_CURVE ( 'NONE', #10370, #1704, #60, .T. ) ;
#1524 = EDGE_CURVE ( 'NONE', #9372, #1122, #4115, .T. ) ;
#1525 = DIRECTION ( 'NONE',  ( 0.000000000000000000, 0.000000000000000000, -1.000000000000000000 ) ) ;
#1526 = CARTESIAN_POINT ( 'NONE',  ( 34.00000000000002842, 26.99999999999999289, 0.000000000000000000 ) ) ;
#1527 = LINE ( 'NONE', #5667, #7345 ) ;
#1528 = PLANE ( 'NONE',  #6304 ) ;
#1529 = LINE ( 'NONE', #343, #9306 ) ;
#1530 = DIRECTION ( 'NONE',  ( 1.000000000000000000, 0.000000000000000000, -0.000000000000000000 ) ) ;
#1531 = ORIENTED_EDGE ( 'NONE', *, *, #6799, .F. ) ;
#1532 = EDGE_CURVE ( 'NONE', #374, #12120, #13023, .T. ) ;
#1533 = DIRECTION ( 'NONE',  ( -0.000000000000000000, 1.000000000000000000, -0.000000000000000000 ) ) ;
#1534 = DIRECTION ( 'NONE',  ( -1.000000000000000000, 0.000000000000000000, 4.336808689942018722E-16 ) ) ;
#1535 = ADVANCED_FACE ( 'NONE', ( #3867 ), #3922, .F. ) ;
#1536 = PLANE ( 'NONE',  #5659 ) ;
#1537 = ORIENTED_EDGE ( 'NONE', *, *, #10173, .T. ) ;
#1538 = VERTEX_POINT ( 'NONE', #6996 ) ;
#1539 = DIRECTION ( 'NONE',  ( 0.000000000000000000, 0.000000000000000000, 1.000000000000000000 ) ) ;
#1540 = EDGE_CURVE ( 'NONE', #6294, #7998, #7184, .T. ) ;
#1541 = CARTESIAN_POINT ( 'NONE',  ( 38.24999999999982947, -5.000000000000004441, -11.00000000000000178 ) ) ;
#1542 = SPHERICAL_SURFACE ( 'NONE', #6518, 4.000000000000000000 ) ;
#1543 = DIRECTION ( 'NONE',  ( 0.000000000000000000, 0.000000000000000000, 1.000000000000000000 ) ) ;
#1544 = CARTESIAN_POINT ( 'NONE',  ( -22.00000000000003197, 29.99999999999999289, 1.000000000000008660 ) ) ;
#1545 = FACE_OUTER_BOUND ( 'NONE', #175, .T. ) ;
#1546 = VERTEX_POINT ( 'NONE', #4060 ) ;
#1547 = DIRECTION ( 'NONE',  ( -2.434699615406045218E-16, -1.000000000000000000, 0.000000000000000000 ) ) ;
#1548 = LINE ( 'NONE', #11736, #2750 ) ;
#1549 = EDGE_CURVE ( 'NONE', #4594, #9548, #12211, .T. ) ;
#1550 = ORIENTED_EDGE ( 'NONE', *, *, #9405, .F. ) ;
#1551 = VERTEX_POINT ( 'NONE', #6920 ) ;
#1552 = EDGE_LOOP ( 'NONE', ( #10444, #3513, #12334, #29 ) ) ;
#1553 = CARTESIAN_POINT ( 'NONE',  ( 23.74999999999999289, 10.50000000000008527, 18.00000000000000355 ) ) ;
#1554 = ORIENTED_EDGE ( 'NONE', *, *, #9505, .F. ) ;
#1555 = ORIENTED_EDGE ( 'NONE', *, *, #3379, .F. ) ;
#1556 = DIRECTION ( 'NONE',  ( 1.000000000000000000, -0.000000000000000000, -0.000000000000000000 ) ) ;
#1557 = DIRECTION ( 'NONE',  ( -1.000000000000000000, 0.000000000000000000, -0.000000000000000000 ) ) ;
#1558 = LINE ( 'NONE', #9679, #4373 ) ;
#1559 = DIRECTION ( 'NONE',  ( 0.000000000000000000, 0.000000000000000000, -1.000000000000000000 ) ) ;
#1560 = LINE ( 'NONE', #8614, #8647 ) ;
#1561 = CARTESIAN_POINT ( 'NONE',  ( 0.000000000000000000, 0.000000000000000000, 60.00000000000000711 ) ) ;
#1562 = LINE ( 'NONE', #8755, #7152 ) ;
#1563 = ADVANCED_FACE ( 'NONE', ( #10991 ), #1886, .F. ) ;
#1564 = CARTESIAN_POINT ( 'NONE',  ( 0.000000000000000000, 29.99999999999999289, 20.20000000000000284 ) ) ;
#1565 = CARTESIAN_POINT ( 'NONE',  ( -62.90000000000005542, 26.99999999999999289, 45.99999999999999289 ) ) ;
#1566 = FACE_OUTER_BOUND ( 'NONE', #2649, .T. ) ;
#1567 = EDGE_CURVE ( 'NONE', #6855, #67, #6273, .T. ) ;
#1568 = ORIENTED_EDGE ( 'NONE', *, *, #12131, .T. ) ;
#1569 = VERTEX_POINT ( 'NONE', #4001 ) ;
#1570 = EDGE_CURVE ( 'NONE', #5193, #9358, #8062, .T. ) ;
#1571 = VECTOR ( 'NONE', #3597, 1000.000000000000000 ) ;
#1572 = DIRECTION ( 'NONE',  ( 1.000000000000000000, 0.000000000000000000, 0.000000000000000000 ) ) ;
#1573 = CARTESIAN_POINT ( 'NONE',  ( -29.99999999999997158, -19.99999999999999289, -40.00000000000000000 ) ) ;
#1574 = DIRECTION ( 'NONE',  ( 0.000000000000000000, 0.000000000000000000, -1.000000000000000000 ) ) ;
#1575 = VECTOR ( 'NONE', #11735, 1000.000000000000000 ) ;
#1576 = FACE_OUTER_BOUND ( 'NONE', #8793, .T. ) ;
#1577 = DIRECTION ( 'NONE',  ( 0.000000000000000000, 0.000000000000000000, 1.000000000000000000 ) ) ;
#1578 = PLANE ( 'NONE',  #13101 ) ;
#1579 = ORIENTED_EDGE ( 'NONE', *, *, #11235, .F. ) ;
#1580 = ORIENTED_EDGE ( 'NONE', *, *, #11414, .T. ) ;
#1581 = VERTEX_POINT ( 'NONE', #7053 ) ;
#1582 = AXIS2_PLACEMENT_3D ( 'NONE', #12414, #3342, #7390 ) ;
#1583 = CYLINDRICAL_SURFACE ( 'NONE', #10150, 1.500000000000004885 ) ;
#1584 = VERTEX_POINT ( 'NONE', #2002 ) ;
#1585 = VECTOR ( 'NONE', #4580, 1000.000000000000000 ) ;
#1586 = EDGE_LOOP ( 'NONE', ( #12566, #10048, #3249 ) ) ;
#1587 = ORIENTED_EDGE ( 'NONE', *, *, #3202, .F. ) ;
#1588 = PLANE ( 'NONE',  #1615 ) ;
#1589 = ORIENTED_EDGE ( 'NONE', *, *, #8945, .F. ) ;
#1590 = DIRECTION ( 'NONE',  ( -0.000000000000000000, 1.000000000000000000, -0.000000000000000000 ) ) ;
#1591 = LINE ( 'NONE', #2672, #5189 ) ;
#1592 = DIRECTION ( 'NONE',  ( 0.000000000000000000, 0.000000000000000000, 1.000000000000000000 ) ) ;
#1593 = DIRECTION ( 'NONE',  ( 0.000000000000000000, 0.000000000000000000, -1.000000000000000000 ) ) ;
#1594 = AXIS2_PLACEMENT_3D ( 'NONE', #3813, #7719, #8781 ) ;
#1595 = AXIS2_PLACEMENT_3D ( 'NONE', #6049, #11965, #3865 ) ;
#1596 = CARTESIAN_POINT ( 'NONE',  ( -18.75000000000000711, -31.75000000000000000, 26.60434383594886754 ) ) ;
#1597 = CARTESIAN_POINT ( 'NONE',  ( 0.000000000000000000, 29.99999999999999289, 48.00000000000000000 ) ) ;
#1598 = CARTESIAN_POINT ( 'NONE',  ( -36.00000000000002842, 29.99999999999999289, 8.000000000000007105 ) ) ;
#1599 = VECTOR ( 'NONE', #5824, 1000.000000000000000 ) ;
#1600 = EDGE_LOOP ( 'NONE', ( #6937, #7708, #2446 ) ) ;
#1601 = LINE ( 'NONE', #5673, #4617 ) ;
#1602 = ADVANCED_FACE ( 'NONE', ( #10102 ), #1007, .F. ) ;
#1603 = EDGE_CURVE ( 'NONE', #10471, #11846, #11568, .T. ) ;
#1604 = AXIS2_PLACEMENT_3D ( 'NONE', #9605, #6828, #5831 ) ;
#1605 = VECTOR ( 'NONE', #45, 1000.000000000000000 ) ;
#1606 = DIRECTION ( 'NONE',  ( -1.000000000000000000, 0.000000000000000000, 1.416100796715761603E-16 ) ) ;
#1607 = ORIENTED_EDGE ( 'NONE', *, *, #6541, .F. ) ;
#1608 = VERTEX_POINT ( 'NONE', #6130 ) ;
#1609 = VECTOR ( 'NONE', #12766, 1000.000000000000000 ) ;
#1610 = DIRECTION ( 'NONE',  ( 0.000000000000000000, 0.000000000000000000, 1.000000000000000000 ) ) ;
#1611 = ADVANCED_FACE ( 'NONE', ( #10297 ), #9498, .T. ) ;
#1612 = DIRECTION ( 'NONE',  ( -0.000000000000000000, -1.000000000000000000, -0.000000000000000000 ) ) ;
#1613 = LINE ( 'NONE', #431, #6312 ) ;
#1614 = CARTESIAN_POINT ( 'NONE',  ( -86.00000000000004263, -26.00000000000000711, -40.00000000000000000 ) ) ;
#1615 = AXIS2_PLACEMENT_3D ( 'NONE', #2669, #3528, #2604 ) ;
#1616 = CARTESIAN_POINT ( 'NONE',  ( 18.75000000000001066, -71.21101871101875247, 51.58004158004151662 ) ) ;
#1617 = AXIS2_PLACEMENT_3D ( 'NONE', #5567, #1638, #9609 ) ;
#1618 = CIRCLE ( 'NONE', #12425, 2.000000000000001776 ) ;
#1619 = CARTESIAN_POINT ( 'NONE',  ( 20.00000000000006750, 19.99999999999999289, -39.99999999999995737 ) ) ;
#1620 = ORIENTED_EDGE ( 'NONE', *, *, #143, .T. ) ;
#1621 = VECTOR ( 'NONE', #11611, 1000.000000000000000 ) ;
#1622 = EDGE_CURVE ( 'NONE', #10503, #9487, #3090, .T. ) ;
#1623 = DIRECTION ( 'NONE',  ( 0.000000000000000000, -0.4224229034221534396, 0.9063988584858203579 ) ) ;
#1624 = VECTOR ( 'NONE', #3986, 1000.000000000000000 ) ;
#1625 = CARTESIAN_POINT ( 'NONE',  ( -14.30000000000000782, -31.75000000000000000, 20.10434383594887109 ) ) ;
#1626 = ORIENTED_EDGE ( 'NONE', *, *, #7207, .F. ) ;
#1627 = EDGE_CURVE ( 'NONE', #12655, #7855, #1194, .T. ) ;
#1628 = VERTEX_POINT ( 'NONE', #9365 ) ;
#1629 = CARTESIAN_POINT ( 'NONE',  ( -23.75000000000000000, -30.00000000000001421, 44.85000000000000142 ) ) ;
#1630 = VECTOR ( 'NONE', #3381, 1000.000000000000000 ) ;
#1631 = VECTOR ( 'NONE', #5606, 1000.000000000000000 ) ;
#1632 = AXIS2_PLACEMENT_3D ( 'NONE', #2644, #3325, #6777 ) ;
#1633 = VERTEX_POINT ( 'NONE', #5259 ) ;
#1634 = ORIENTED_EDGE ( 'NONE', *, *, #2715, .F. ) ;
#1635 = FACE_OUTER_BOUND ( 'NONE', #3059, .T. ) ;
#1636 = EDGE_CURVE ( 'NONE', #12120, #12655, #9421, .T. ) ;
#1637 = CARTESIAN_POINT ( 'NONE',  ( 23.74999999999982947, -12.99999999999991473, 60.00000000000000711 ) ) ;
#1638 = DIRECTION ( 'NONE',  ( 0.000000000000000000, 1.000000000000000000, -0.000000000000000000 ) ) ;
#1639 = VECTOR ( 'NONE', #7455, 1000.000000000000000 ) ;
#1640 = DIRECTION ( 'NONE',  ( 0.000000000000000000, 0.4224229034221534951, 0.9063988584858202469 ) ) ;
#1641 = LINE ( 'NONE', #7548, #3352 ) ;
#1642 = CARTESIAN_POINT ( 'NONE',  ( 0.000000000000000000, 23.99999999999998934, 56.00000000000000711 ) ) ;
#1643 = VECTOR ( 'NONE', #12635, 1000.000000000000000 ) ;
#1644 = VECTOR ( 'NONE', #2135, 1000.000000000000000 ) ;
#1645 = CARTESIAN_POINT ( 'NONE',  ( 23.00000000000002487, 5.749999999999992895, -33.25000000000000000 ) ) ;
#1646 = ORIENTED_EDGE ( 'NONE', *, *, #7562, .F. ) ;
#1647 = VECTOR ( 'NONE', #7215, 1000.000000000000000 ) ;
#1648 = EDGE_CURVE ( 'NONE', #10179, #7939, #2393, .T. ) ;
#1649 = ORIENTED_EDGE ( 'NONE', *, *, #11370, .T. ) ;
#1650 = VECTOR ( 'NONE', #14, 1000.000000000000000 ) ;
#1651 = ORIENTED_EDGE ( 'NONE', *, *, #10249, .T. ) ;
#1652 = CARTESIAN_POINT ( 'NONE',  ( 0.000000000000000000, 26.99999999999999289, 58.00000000000000000 ) ) ;
#1653 = MECHANICAL_DESIGN_GEOMETRIC_PRESENTATION_REPRESENTATION (  '', ( #2296 ), #603 ) ;
#1654 = ADVANCED_FACE ( 'NONE', ( #4462 ), #12481, .F. ) ;
#1655 = EDGE_CURVE ( 'NONE', #1469, #5654, #400, .T. ) ;
#1656 = DIRECTION ( 'NONE',  ( -1.000000000000000000, 0.000000000000000000, 1.387778780781445676E-16 ) ) ;
#1657 = LINE ( 'NONE', #10634, #7966 ) ;
#1658 = EDGE_CURVE ( 'NONE', #13095, #11755, #3451, .T. ) ;
#1659 = VECTOR ( 'NONE', #1489, 1000.000000000000000 ) ;
#1660 = CARTESIAN_POINT ( 'NONE',  ( 70.00000000000000000, 22.99999999999999289, -12.40000000000003411 ) ) ;
#1661 = CARTESIAN_POINT ( 'NONE',  ( 30.00000000000002842, -16.00000000000000711, -40.00000000000000000 ) ) ;
#1662 = CIRCLE ( 'NONE', #12260, 3.000000000000000000 ) ;
#1663 = DIRECTION ( 'NONE',  ( 0.000000000000000000, 0.000000000000000000, -1.000000000000000000 ) ) ;
#1664 = ORIENTED_EDGE ( 'NONE', *, *, #653, .T. ) ;
#1665 = ORIENTED_EDGE ( 'NONE', *, *, #491, .T. ) ;
#1666 = ORIENTED_EDGE ( 'NONE', *, *, #3070, .F. ) ;
#1667 = CARTESIAN_POINT ( 'NONE',  ( -86.00000000000004263, 25.99999999999999289, 60.00000000000000711 ) ) ;
#1668 = ORIENTED_EDGE ( 'NONE', *, *, #6668, .T. ) ;
#1669 = VECTOR ( 'NONE', #6458, 1000.000000000000000 ) ;
#1670 = ORIENTED_EDGE ( 'NONE', *, *, #397, .T. ) ;
#1671 = EDGE_LOOP ( 'NONE', ( #2603, #9168, #444, #6617, #8894, #4108, #9238, #11413, #8037, #3281, #3221, #2193, #6854, #4718, #11450, #5251, #8347, #6449, #2958, #2685, #6624 ) ) ;
#1672 = DIRECTION ( 'NONE',  ( 0.000000000000000000, 0.000000000000000000, 1.000000000000000000 ) ) ;
#1673 = ADVANCED_FACE ( 'NONE', ( #3201 ), #5329, .F. ) ;
#1674 = ORIENTED_EDGE ( 'NONE', *, *, #172, .F. ) ;
#1675 = LINE ( 'NONE', #3608, #8600 ) ;
#1676 = DIRECTION ( 'NONE',  ( 1.000000000000000000, 0.000000000000000000, -0.000000000000000000 ) ) ;
#1677 = AXIS2_PLACEMENT_3D ( 'NONE', #11475, #6166, #2124 ) ;
#1678 = CARTESIAN_POINT ( 'NONE',  ( 23.75000000000000000, -15.00000000000001954, 13.85000000000000853 ) ) ;
#1679 = DIRECTION ( 'NONE',  ( 1.000000000000000000, 0.000000000000000000, 0.000000000000000000 ) ) ;
#1680 = CARTESIAN_POINT ( 'NONE',  ( -9.500000000000000000, 23.24999999999999289, -36.75000000000000000 ) ) ;
#1681 = CARTESIAN_POINT ( 'NONE',  ( -31.00000000000003908, 29.99999999999999289, 5.000000000000003553 ) ) ;
#1682 = ORIENTED_EDGE ( 'NONE', *, *, #537, .T. ) ;
#1683 = CARTESIAN_POINT ( 'NONE',  ( 28.00000000000003197, 14.24999999999999822, 3.000000000000005329 ) ) ;
#1684 = AXIS2_PLACEMENT_3D ( 'NONE', #6271, #3085, #158 ) ;
#1685 = EDGE_LOOP ( 'NONE', ( #5173, #1682 ) ) ;
#1686 = DIRECTION ( 'NONE',  ( -1.000000000000000000, 0.000000000000000000, 0.000000000000000000 ) ) ;
#1687 = EDGE_CURVE ( 'NONE', #196, #7151, #1127, .T. ) ;
#1688 = VERTEX_POINT ( 'NONE', #3396 ) ;
#1689 = ORIENTED_EDGE ( 'NONE', *, *, #5724, .F. ) ;
#1690 = CARTESIAN_POINT ( 'NONE',  ( 33.24999999999983658, -5.000000000000004441, -11.00000000000000178 ) ) ;
#1691 = LINE ( 'NONE', #7010, #1432 ) ;
#1692 = FACE_OUTER_BOUND ( 'NONE', #2209, .T. ) ;
#1693 = EDGE_CURVE ( 'NONE', #3385, #4474, #7436, .T. ) ;
#1694 = EDGE_CURVE ( 'NONE', #10419, #4025, #4576, .T. ) ;
#1695 = DIRECTION ( 'NONE',  ( 0.1564101584015872848, 0.000000000000000000, -0.9876921900819052302 ) ) ;
#1696 = LINE ( 'NONE', #9540, #7550 ) ;
#1697 = ORIENTED_EDGE ( 'NONE', *, *, #5475, .F. ) ;
#1698 = CARTESIAN_POINT ( 'NONE',  ( -44.00000000000003553, 26.99999999999999289, -6.230843505549355095E-15 ) ) ;
#1699 = DIRECTION ( 'NONE',  ( 0.000000000000000000, 0.000000000000000000, 1.000000000000000000 ) ) ;
#1700 = ORIENTED_EDGE ( 'NONE', *, *, #4839, .F. ) ;
#1701 = ORIENTED_EDGE ( 'NONE', *, *, #11783, .F. ) ;
#1702 = PLANE ( 'NONE',  #9042 ) ;
#1703 = EDGE_CURVE ( 'NONE', #3375, #6851, #7373, .T. ) ;
#1704 = VERTEX_POINT ( 'NONE', #10493 ) ;
#1705 = ORIENTED_EDGE ( 'NONE', *, *, #7798, .T. ) ;
#1706 = ORIENTED_EDGE ( 'NONE', *, *, #9016, .F. ) ;
#1707 = CARTESIAN_POINT ( 'NONE',  ( -0.000000000000000000, 19.99999999999998934, 10.00000000000000000 ) ) ;
#1708 = FACE_OUTER_BOUND ( 'NONE', #9715, .T. ) ;
#1709 = CARTESIAN_POINT ( 'NONE',  ( -23.75000000000000000, 10.50000000000008527, 49.00000000000000000 ) ) ;
#1710 = CARTESIAN_POINT ( 'NONE',  ( 44.00000000000003553, 29.99999999999999289, -2.999999999999986233 ) ) ;
#1711 = EDGE_CURVE ( 'NONE', #8539, #7431, #11439, .T. ) ;
#1712 = CARTESIAN_POINT ( 'NONE',  ( 18.74999999999982947, 19.99999999999998579, 10.00000000000000000 ) ) ;
#1713 = ADVANCED_FACE ( 'NONE', ( #10438 ), #9229, .F. ) ;
#1714 = CARTESIAN_POINT ( 'NONE',  ( 35.74999999999983658, -28.00000000000000355, -28.00000000000000355 ) ) ;
#1715 = ORIENTED_EDGE ( 'NONE', *, *, #4126, .T. ) ;
#1716 = ORIENTED_EDGE ( 'NONE', *, *, #8141, .F. ) ;
#1717 = DIRECTION ( 'NONE',  ( -1.000000000000000000, 0.000000000000000000, 0.000000000000000000 ) ) ;
#1718 = LINE ( 'NONE', #452, #8449 ) ;
#1719 = EDGE_CURVE ( 'NONE', #11374, #7615, #6066, .T. ) ;
#1720 = LINE ( 'NONE', #8824, #10581 ) ;
#1721 = ORIENTED_EDGE ( 'NONE', *, *, #7735, .T. ) ;
#1722 = ORIENTED_EDGE ( 'NONE', *, *, #325, .T. ) ;
#1723 = EDGE_CURVE ( 'NONE', #852, #2025, #6514, .T. ) ;
#1724 = DIRECTION ( 'NONE',  ( -8.673617379884035472E-16, 0.000000000000000000, 1.000000000000000000 ) ) ;
#1725 = LINE ( 'NONE', #1460, #529 ) ;
#1726 = ADVANCED_FACE ( 'NONE', ( #4583 ), #10570, .T. ) ;
#1727 = DIRECTION ( 'NONE',  ( -0.000000000000000000, -0.000000000000000000, -1.000000000000000000 ) ) ;
#1728 = PLANE ( 'NONE',  #12229 ) ;
#1729 = DIRECTION ( 'NONE',  ( 1.000000000000000000, -0.000000000000000000, -0.000000000000000000 ) ) ;
#1730 = ADVANCED_FACE ( 'NONE', ( #11554 ), #2592, .F. ) ;
#1731 = DIRECTION ( 'NONE',  ( 0.000000000000000000, 0.000000000000000000, 1.000000000000000000 ) ) ;
#1732 = ORIENTED_EDGE ( 'NONE', *, *, #4843, .T. ) ;
#1733 = VERTEX_POINT ( 'NONE', #8561 ) ;
#1734 = ORIENTED_EDGE ( 'NONE', *, *, #8398, .F. ) ;
#1735 = CARTESIAN_POINT ( 'NONE',  ( 23.74999999999982236, 3.000000000000092815, 60.00000000000000711 ) ) ;
#1736 = ORIENTED_EDGE ( 'NONE', *, *, #756, .F. ) ;
#1737 = EDGE_CURVE ( 'NONE', #5292, #285, #12601, .T. ) ;
#1738 = ORIENTED_EDGE ( 'NONE', *, *, #10265, .T. ) ;
#1739 = EDGE_LOOP ( 'NONE', ( #12874, #3032, #7757, #7441 ) ) ;
#1740 = DIRECTION ( 'NONE',  ( 0.000000000000000000, 0.000000000000000000, -1.000000000000000000 ) ) ;
#1741 = ORIENTED_EDGE ( 'NONE', *, *, #6627, .F. ) ;
#1742 = CARTESIAN_POINT ( 'NONE',  ( 33.00000000000004263, 26.99999999999999289, -4.999999999999999112 ) ) ;
#1743 = CARTESIAN_POINT ( 'NONE',  ( -36.00000000000003553, 26.99999999999999289, 44.60000000000000142 ) ) ;
#1744 = LINE ( 'NONE', #10713, #1173 ) ;
#1745 = CARTESIAN_POINT ( 'NONE',  ( 23.75000000000000000, 7.000000000000093259, 60.00000000000000711 ) ) ;
#1746 = DIRECTION ( 'NONE',  ( 1.000000000000000000, 0.000000000000000000, -0.000000000000000000 ) ) ;
#1747 = DIRECTION ( 'NONE',  ( -1.000000000000000000, 0.000000000000000000, 0.000000000000000000 ) ) ;
#1748 = ORIENTED_EDGE ( 'NONE', *, *, #6637, .F. ) ;
#1749 = EDGE_CURVE ( 'NONE', #2711, #9844, #7648, .T. ) ;
#1750 = DIRECTION ( 'NONE',  ( -1.000000000000000000, -0.000000000000000000, -0.000000000000000000 ) ) ;
#1751 = ORIENTED_EDGE ( 'NONE', *, *, #9793, .F. ) ;
#1752 = EDGE_CURVE ( 'NONE', #10913, #7607, #1817, .T. ) ;
#1753 = PLANE ( 'NONE',  #8838 ) ;
#1754 = ORIENTED_EDGE ( 'NONE', *, *, #8971, .F. ) ;
#1755 = ORIENTED_EDGE ( 'NONE', *, *, #6272, .F. ) ;
#1756 = DIRECTION ( 'NONE',  ( 1.000000000000000000, 0.000000000000000000, -0.000000000000000000 ) ) ;
#1757 = LINE ( 'NONE', #6750, #7802 ) ;
#1758 = CARTESIAN_POINT ( 'NONE',  ( -36.00000000000003553, 29.99999999999999289, 54.00000000000000000 ) ) ;
#1759 = DIRECTION ( 'NONE',  ( -1.000000000000000000, 0.000000000000000000, 0.000000000000000000 ) ) ;
#1760 = CARTESIAN_POINT ( 'NONE',  ( -3.499999999999999556, -24.00000000000000355, -36.75000000000000000 ) ) ;
#1761 = ORIENTED_EDGE ( 'NONE', *, *, #11044, .T. ) ;
#1762 = CARTESIAN_POINT ( 'NONE',  ( -18.75000000000000711, -30.00000000000000711, 19.00747019346432509 ) ) ;
#1763 = CARTESIAN_POINT ( 'NONE',  ( 28.75000000000001066, 46.53999999999999204, 60.00000000000000711 ) ) ;
#1764 = ORIENTED_EDGE ( 'NONE', *, *, #8086, .F. ) ;
#1765 = ORIENTED_EDGE ( 'NONE', *, *, #2339, .T. ) ;
#1766 = CARTESIAN_POINT ( 'NONE',  ( -28.74999999999999645, 28.72393048225720946, 13.38665202235689122 ) ) ;
#1767 = ADVANCED_FACE ( 'NONE', ( #11631 ), #11698, .F. ) ;
#1768 = EDGE_LOOP ( 'NONE', ( #12395, #3953 ) ) ;
#1769 = ORIENTED_EDGE ( 'NONE', *, *, #4725, .F. ) ;
#1770 = EDGE_LOOP ( 'NONE', ( #4110, #11992, #6842, #12116, #12547, #6970, #8308, #6048, #702, #6155, #4659, #7653, #6256, #8882, #7282, #10818, #2343, #509, #2660, #2247, #13, #9140, #4395, #13058, #5338, #10446, #83, #5754, #11907, #4833, #3524, #4707, #2298, #2491, #9057, #7021, #5076, #8111, #6523, #8802, #116, #5698, #4669, #2257, #12489, #3520, #10963, #8718, #12174, #5379, #7206, #2225, #7417, #9980, #12262, #11464, #6184, #4039, #9389, #3992, #10881, #1362, #3155, #4794, #2755, #9511, #11035, #855, #12799, #11829, #2732, #9094, #5981, #6382, #2234, #8847, #5763, #2033, #5953, #11050, #9180, #8978, #3373, #4215, #813, #3574 ) ) ;
#1771 = LINE ( 'NONE', #8895, #8864 ) ;
#1772 = DIRECTION ( 'NONE',  ( -1.734723475976807094E-15, 0.000000000000000000, 1.000000000000000000 ) ) ;
#1773 = LINE ( 'NONE', #9009, #12642 ) ;
#1774 = CARTESIAN_POINT ( 'NONE',  ( -28.74999999999999645, -52.49999999999997158, 10.00000000000000000 ) ) ;
#1775 = LINE ( 'NONE', #12996, #10354 ) ;
#1776 = ADVANCED_FACE ( 'NONE', ( #442, #4354 ), #2315, .T. ) ;
#1777 = DIRECTION ( 'NONE',  ( 0.000000000000000000, 0.000000000000000000, -1.000000000000000000 ) ) ;
#1778 = ORIENTED_EDGE ( 'NONE', *, *, #11626, .F. ) ;
#1779 = CYLINDRICAL_SURFACE ( 'NONE', #10344, 1.500000000000004885 ) ;
#1780 = CARTESIAN_POINT ( 'NONE',  ( 44.00000000000004263, 26.99999999999999289, 42.59999999999999432 ) ) ;
#1781 = DIRECTION ( 'NONE',  ( 0.000000000000000000, 1.000000000000000000, -0.000000000000000000 ) ) ;
#1782 = ORIENTED_EDGE ( 'NONE', *, *, #8761, .T. ) ;
#1783 = EDGE_LOOP ( 'NONE', ( #1401, #2424, #10273, #5322 ) ) ;
#1784 = ADVANCED_FACE ( 'NONE', ( #11415 ), #11333, .T. ) ;
#1785 = ADVANCED_FACE ( 'NONE', ( #1441 ), #11478, .F. ) ;
#1786 = EDGE_CURVE ( 'NONE', #1276, #5249, #6365, .T. ) ;
#1787 = DIRECTION ( 'NONE',  ( 0.000000000000000000, 1.000000000000000000, 0.000000000000000000 ) ) ;
#1788 = LINE ( 'NONE', #5850, #7558 ) ;
#1789 = EDGE_LOOP ( 'NONE', ( #12305, #13002, #1232, #10623 ) ) ;
#1790 = EDGE_CURVE ( 'NONE', #8434, #1355, #3435, .T. ) ;
#1791 = LINE ( 'NONE', #3853, #12379 ) ;
#1792 = PLANE ( 'NONE',  #1202 ) ;
#1793 = CARTESIAN_POINT ( 'NONE',  ( 0.000000000000000000, 26.99999999999999289, 56.00000000000000000 ) ) ;
#1794 = LINE ( 'NONE', #7850, #5069 ) ;
#1795 = EDGE_LOOP ( 'NONE', ( #3390, #3340, #9778 ) ) ;
#1796 = ORIENTED_EDGE ( 'NONE', *, *, #7967, .F. ) ;
#1797 = ORIENTED_EDGE ( 'NONE', *, *, #4334, .F. ) ;
#1798 = ORIENTED_EDGE ( 'NONE', *, *, #6898, .F. ) ;
#1799 = EDGE_LOOP ( 'NONE', ( #6621, #8113, #7074, #11883 ) ) ;
#1800 = ORIENTED_EDGE ( 'NONE', *, *, #6469, .T. ) ;
#1801 = EDGE_LOOP ( 'NONE', ( #11084, #3542, #11782, #6910 ) ) ;
#1802 = DIRECTION ( 'NONE',  ( 0.000000000000000000, 0.000000000000000000, 1.000000000000000000 ) ) ;
#1803 = CARTESIAN_POINT ( 'NONE',  ( 36.00000000000003553, 26.99999999999999289, 42.60000000000000142 ) ) ;
#1804 = AXIS2_PLACEMENT_3D ( 'NONE', #6728, #3733, #4531 ) ;
#1805 = CARTESIAN_POINT ( 'NONE',  ( 23.75000000000000000, -16.99999999999991473, 60.00000000000000711 ) ) ;
#1806 = LINE ( 'NONE', #2950, #7786 ) ;
#1807 = ADVANCED_FACE ( 'NONE', ( #8348 ), #1248, .F. ) ;
#1808 = CARTESIAN_POINT ( 'NONE',  ( 0.000000000000000000, 26.99999999999999289, 6.000000000000006217 ) ) ;
#1809 = FACE_OUTER_BOUND ( 'NONE', #3061, .T. ) ;
#1810 = VERTEX_POINT ( 'NONE', #1308 ) ;
#1811 = CLOSED_SHELL ( 'NONE', ( #7718, #443, #7847, #9535, #6486, #5855, #9387, #10914, #1074, #1370, #8962, #6169 ) ) ;
#1812 = CARTESIAN_POINT ( 'NONE',  ( 44.00000000000003553, 26.99999999999999289, -6.230843505549355095E-15 ) ) ;
#1813 = ORIENTED_EDGE ( 'NONE', *, *, #6658, .T. ) ;
#1814 = VECTOR ( 'NONE', #10376, 1000.000000000000000 ) ;
#1815 = EDGE_CURVE ( 'NONE', #11008, #1277, #7475, .T. ) ;
#1816 = DIRECTION ( 'NONE',  ( -0.000000000000000000, 1.000000000000000000, -0.000000000000000000 ) ) ;
#1817 = CIRCLE ( 'NONE', #8818, 2.599999999999987654 ) ;
#1818 = ORIENTED_EDGE ( 'NONE', *, *, #3207, .T. ) ;
#1819 = ORIENTED_EDGE ( 'NONE', *, *, #2311, .F. ) ;
#1820 = AXIS2_PLACEMENT_3D ( 'NONE', #10586, #8982, #2945 ) ;
#1821 = EDGE_CURVE ( 'NONE', #2527, #5655, #9467, .T. ) ;
#1822 = EDGE_CURVE ( 'NONE', #8323, #1581, #8410, .T. ) ;
#1823 = CARTESIAN_POINT ( 'NONE',  ( -44.00000000000004263, 26.99999999999999289, 44.59999999999999432 ) ) ;
#1824 = CIRCLE ( 'NONE', #10959, 1.500000000000001332 ) ;
#1825 = CARTESIAN_POINT ( 'NONE',  ( 33.24999999999983658, -28.00000000000000355, -11.50000000000000355 ) ) ;
#1826 = DIRECTION ( 'NONE',  ( -1.000000000000000000, 0.000000000000000000, -6.195440985631457782E-17 ) ) ;
#1827 = PLANE ( 'NONE',  #9089 ) ;
#1828 = EDGE_CURVE ( 'NONE', #7501, #7854, #9546, .T. ) ;
#1829 = CARTESIAN_POINT ( 'NONE',  ( -28.74999999999999645, 10.50000000000008527, 19.50000000000000355 ) ) ;
#1830 = ORIENTED_EDGE ( 'NONE', *, *, #4445, .T. ) ;
#1831 = CARTESIAN_POINT ( 'NONE',  ( -28.00000000000003197, 26.99999999999999289, 1.000000000000009548 ) ) ;
#1832 = AXIS2_PLACEMENT_3D ( 'NONE', #2373, #6420, #5424 ) ;
#1833 = LINE ( 'NONE', #13118, #7399 ) ;
#1834 = AXIS2_PLACEMENT_3D ( 'NONE', #516, #10568, #3652 ) ;
#1835 = EDGE_LOOP ( 'NONE', ( #7576, #9533, #7209, #3887 ) ) ;
#1836 = AXIS2_PLACEMENT_3D ( 'NONE', #12443, #9337, #12258 ) ;
#1837 = LINE ( 'NONE', #2975, #3517 ) ;
#1838 = ORIENTED_EDGE ( 'NONE', *, *, #911, .T. ) ;
#1839 = VERTEX_POINT ( 'NONE', #10352 ) ;
#1840 = AXIS2_PLACEMENT_3D ( 'NONE', #6676, #9660, #7612 ) ;
#1841 = FILL_AREA_STYLE_COLOUR ( '', #10359 ) ;
#1842 = CIRCLE ( 'NONE', #2467, 4.000000000000010658 ) ;
#1843 = EDGE_CURVE ( 'NONE', #11488, #6006, #8829, .T. ) ;
#1844 = CARTESIAN_POINT ( 'NONE',  ( 0.000000000000000000, 26.99999999999999289, 56.00000000000000000 ) ) ;
#1845 = VECTOR ( 'NONE', #8127, 1000.000000000000000 ) ;
#1846 = DIRECTION ( 'NONE',  ( 1.000000000000000000, 0.000000000000000000, -0.000000000000000000 ) ) ;
#1847 = VECTOR ( 'NONE', #7590, 1000.000000000000000 ) ;
#1848 = PLANE ( 'NONE',  #1016 ) ;
#1849 = AXIS2_PLACEMENT_3D ( 'NONE', #12074, #2984, #4854 ) ;
#1850 = DIRECTION ( 'NONE',  ( -1.000000000000000000, 2.312964634635742957E-16, 0.000000000000000000 ) ) ;
#1851 = VECTOR ( 'NONE', #5596, 1000.000000000000000 ) ;
#1852 = ORIENTED_EDGE ( 'NONE', *, *, #869, .F. ) ;
#1853 = CARTESIAN_POINT ( 'NONE',  ( 28.75000000000000000, 7.000000000000093259, 60.00000000000000711 ) ) ;
#1854 = PLANE ( 'NONE',  #10804 ) ;
#1855 = AXIS2_PLACEMENT_3D ( 'NONE', #12677, #3591, #7645 ) ;
#1856 = CARTESIAN_POINT ( 'NONE',  ( 0.000000000000000000, 29.99999999999999289, 8.000000000000000000 ) ) ;
#1857 = VERTEX_POINT ( 'NONE', #5229 ) ;
#1858 = VECTOR ( 'NONE', #7329, 1000.000000000000000 ) ;
#1859 = ORIENTED_EDGE ( 'NONE', *, *, #7488, .T. ) ;
#1860 = CIRCLE ( 'NONE', #10128, 2.500000000000002220 ) ;
#1861 = AXIS2_PLACEMENT_3D ( 'NONE', #11151, #10087, #3735 ) ;
#1862 = VECTOR ( 'NONE', #6983, 1000.000000000000000 ) ;
#1863 = ADVANCED_FACE ( 'NONE', ( #10473 ), #7341, .T. ) ;
#1864 = DIRECTION ( 'NONE',  ( 1.000000000000000000, -0.000000000000000000, -0.000000000000000000 ) ) ;
#1865 = DIRECTION ( 'NONE',  ( 0.000000000000000000, 0.000000000000000000, 1.000000000000000000 ) ) ;
#1866 = VECTOR ( 'NONE', #11609, 1000.000000000000114 ) ;
#1867 = VECTOR ( 'NONE', #4567, 1000.000000000000000 ) ;
#1868 = EDGE_CURVE ( 'NONE', #252, #8041, #375, .T. ) ;
#1869 = DIRECTION ( 'NONE',  ( 0.000000000000000000, -1.000000000000000000, 3.469446951953615767E-15 ) ) ;
#1870 = AXIS2_PLACEMENT_3D ( 'NONE', #189, #8354, #1256 ) ;
#1871 = LINE ( 'NONE', #13010, #999 ) ;
#1872 = PLANE ( 'NONE',  #6129 ) ;
#1873 = ORIENTED_EDGE ( 'NONE', *, *, #93, .T. ) ;
#1874 = ORIENTED_EDGE ( 'NONE', *, *, #12292, .T. ) ;
#1875 = ORIENTED_EDGE ( 'NONE', *, *, #8275, .T. ) ;
#1876 = AXIS2_PLACEMENT_3D ( 'NONE', #12511, #7462, #8339 ) ;
#1877 = EDGE_CURVE ( 'NONE', #7779, #2345, #8292, .T. ) ;
#1878 = ORIENTED_EDGE ( 'NONE', *, *, #9405, .T. ) ;
#1879 = ORIENTED_EDGE ( 'NONE', *, *, #4964, .F. ) ;
#1880 = ADVANCED_FACE ( 'NONE', ( #11536 ), #2429, .F. ) ;
#1881 = VECTOR ( 'NONE', #2159, 1000.000000000000000 ) ;
#1882 = DIRECTION ( 'NONE',  ( 0.000000000000000000, 0.000000000000000000, -1.000000000000000000 ) ) ;
#1883 = CARTESIAN_POINT ( 'NONE',  ( 28.75000000000000000, -13.49999999999991473, 67.51000000000001933 ) ) ;
#1884 = AXIS2_PLACEMENT_3D ( 'NONE', #11502, #611, #463 ) ;
#1885 = EDGE_CURVE ( 'NONE', #4529, #7699, #9282, .T. ) ;
#1886 = CYLINDRICAL_SURFACE ( 'NONE', #7319, 2.000000000000000888 ) ;
#1887 = DIRECTION ( 'NONE',  ( -1.000000000000000000, 0.000000000000000000, 0.000000000000000000 ) ) ;
#1888 = ADVANCED_FACE ( 'NONE', ( #11935 ), #8889, .F. ) ;
#1889 = DIRECTION ( 'NONE',  ( 0.000000000000000000, 0.000000000000000000, 1.000000000000000000 ) ) ;
#1890 = EDGE_CURVE ( 'NONE', #12348, #9416, #3571, .T. ) ;
#1891 = CARTESIAN_POINT ( 'NONE',  ( -18.75000000000000355, -30.00000000000001066, 60.00000000000000711 ) ) ;
#1892 = ORIENTED_EDGE ( 'NONE', *, *, #6447, .T. ) ;
#1893 = DIRECTION ( 'NONE',  ( 1.000000000000000000, -0.000000000000000000, -0.000000000000000000 ) ) ;
#1894 = VECTOR ( 'NONE', #11246, 1000.000000000000000 ) ;
#1895 = DIRECTION ( 'NONE',  ( -1.000000000000000000, 0.000000000000000000, 0.000000000000000000 ) ) ;
#1896 = VECTOR ( 'NONE', #5695, 1000.000000000000000 ) ;
#1897 = EDGE_LOOP ( 'NONE', ( #8888, #468 ) ) ;
#1898 = EDGE_CURVE ( 'NONE', #155, #10191, #5765, .T. ) ;
#1899 = ORIENTED_EDGE ( 'NONE', *, *, #7801, .T. ) ;
#1900 = CARTESIAN_POINT ( 'NONE',  ( -47.40000000000004832, 26.99999999999999289, 48.00000000000000000 ) ) ;
#1901 = DIRECTION ( 'NONE',  ( -0.000000000000000000, 1.000000000000000000, -0.000000000000000000 ) ) ;
#1902 = LINE ( 'NONE', #9864, #4163 ) ;
#1903 = DIRECTION ( 'NONE',  ( 0.1564101584015912261, 0.000000000000000000, 0.9876921900819046751 ) ) ;
#1904 = EDGE_CURVE ( 'NONE', #428, #12025, #11373, .T. ) ;
#1905 = DIRECTION ( 'NONE',  ( 0.000000000000000000, 1.000000000000000000, 0.000000000000000000 ) ) ;
#1906 = ORIENTED_EDGE ( 'NONE', *, *, #321, .T. ) ;
#1907 = FACE_OUTER_BOUND ( 'NONE', #9243, .T. ) ;
#1908 = VECTOR ( 'NONE', #3482, 1000.000000000000000 ) ;
#1909 = CARTESIAN_POINT ( 'NONE',  ( -47.40000000000004832, 29.99999999999999289, 45.99999999999999289 ) ) ;
#1910 = ORIENTED_EDGE ( 'NONE', *, *, #12369, .T. ) ;
#1911 = DIRECTION ( 'NONE',  ( 1.000000000000000000, -0.000000000000000000, -0.000000000000000000 ) ) ;
#1912 = EDGE_CURVE ( 'NONE', #6259, #10217, #3635, .T. ) ;
#1913 = VERTEX_POINT ( 'NONE', #3832 ) ;
#1914 = ORIENTED_EDGE ( 'NONE', *, *, #5019, .F. ) ;
#1915 = CARTESIAN_POINT ( 'NONE',  ( 0.000000000000000000, 26.99999999999999289, 32.39999999999999858 ) ) ;
#1916 = DIRECTION ( 'NONE',  ( 0.000000000000000000, 0.000000000000000000, 1.000000000000000000 ) ) ;
#1917 = LINE ( 'NONE', #2038, #333 ) ;
#1918 = DIRECTION ( 'NONE',  ( -0.000000000000000000, -0.000000000000000000, -1.000000000000000000 ) ) ;
#1919 = DIRECTION ( 'NONE',  ( 0.000000000000000000, 0.9063988584858202469, -0.4224229034221534951 ) ) ;
#1920 = DIRECTION ( 'NONE',  ( -1.000000000000000000, 0.000000000000000000, 0.000000000000000000 ) ) ;
#1921 = VERTEX_POINT ( 'NONE', #11739 ) ;
#1922 = CARTESIAN_POINT ( 'NONE',  ( -18.74999999999999645, 19.99999999999998934, 13.85000000000000142 ) ) ;
#1923 = CARTESIAN_POINT ( 'NONE',  ( 30.00000000000002842, -5.000000000000004441, -22.50000000000000355 ) ) ;
#1924 = ADVANCED_FACE ( 'NONE', ( #10879 ), #6565, .F. ) ;
#1925 = ORIENTED_EDGE ( 'NONE', *, *, #2076, .T. ) ;
#1926 = ORIENTED_EDGE ( 'NONE', *, *, #6248, .F. ) ;
#1927 = ORIENTED_EDGE ( 'NONE', *, *, #1485, .F. ) ;
#1928 = DIRECTION ( 'NONE',  ( -1.000000000000000000, 0.000000000000000000, 0.000000000000000000 ) ) ;
#1929 = DIRECTION ( 'NONE',  ( 0.000000000000000000, -0.000000000000000000, -1.000000000000000000 ) ) ;
#1930 = CARTESIAN_POINT ( 'NONE',  ( 33.24999999999983658, -28.00000000000000355, -22.50000000000000355 ) ) ;
#1931 = DIRECTION ( 'NONE',  ( -1.000000000000000000, 0.000000000000000000, 0.000000000000000000 ) ) ;
#1932 = CARTESIAN_POINT ( 'NONE',  ( -28.74999999999999645, -0.4999999999999015787, 67.51000000000000512 ) ) ;
#1933 = ORIENTED_EDGE ( 'NONE', *, *, #5575, .T. ) ;
#1934 = ORIENTED_EDGE ( 'NONE', *, *, #5841, .T. ) ;
#1935 = EDGE_LOOP ( 'NONE', ( #8112, #12521, #1105, #9891 ) ) ;
#1936 = ORIENTED_EDGE ( 'NONE', *, *, #12577, .F. ) ;
#1937 = ORIENTED_EDGE ( 'NONE', *, *, #8896, .T. ) ;
#1938 = EDGE_CURVE ( 'NONE', #5160, #9612, #4763, .T. ) ;
#1939 = EDGE_LOOP ( 'NONE', ( #12550, #612, #2953, #9370 ) ) ;
#1940 = FACE_OUTER_BOUND ( 'NONE', #10506, .T. ) ;
#1941 = CARTESIAN_POINT ( 'NONE',  ( -46.00000000000004263, 26.99999999999999289, 20.19999999999999574 ) ) ;
#1942 = FACE_OUTER_BOUND ( 'NONE', #10540, .T. ) ;
#1943 = CARTESIAN_POINT ( 'NONE',  ( 80.00000000000000000, -20.00000000000000711, -40.00000000000000000 ) ) ;
#1944 = FACE_OUTER_BOUND ( 'NONE', #3897, .T. ) ;
#1945 = EDGE_CURVE ( 'NONE', #5337, #8683, #8682, .T. ) ;
#1946 = CARTESIAN_POINT ( 'NONE',  ( -70.00000000000000000, 22.99999999999999289, -18.50000000000001421 ) ) ;
#1947 = FACE_OUTER_BOUND ( 'NONE', #4822, .T. ) ;
#1948 = ORIENTED_EDGE ( 'NONE', *, *, #5288, .F. ) ;
#1949 = DIRECTION ( 'NONE',  ( -1.000000000000000000, 0.000000000000000000, -0.000000000000000000 ) ) ;
#1950 = LINE ( 'NONE', #6063, #12213 ) ;
#1951 = ADVANCED_FACE ( 'NONE', ( #650 ), #7883, .T. ) ;
#1952 = EDGE_CURVE ( 'NONE', #11406, #1514, #8744, .T. ) ;
#1953 = ADVANCED_FACE ( 'NONE', ( #3695 ), #4705, .T. ) ;
#1954 = VERTEX_POINT ( 'NONE', #1553 ) ;
#1955 = ORIENTED_EDGE ( 'NONE', *, *, #10006, .T. ) ;
#1956 = CARTESIAN_POINT ( 'NONE',  ( 28.74999999999999645, -52.49999999999997158, 10.00000000000000000 ) ) ;
#1957 = CARTESIAN_POINT ( 'NONE',  ( 28.75000000000000000, -12.99999999999991473, 60.00000000000000711 ) ) ;
#1958 = CARTESIAN_POINT ( 'NONE',  ( 46.00000000000004263, 26.99999999999999289, 0.000000000000000000 ) ) ;
#1959 = EDGE_CURVE ( 'NONE', #12224, #2784, #1496, .T. ) ;
#1960 = CARTESIAN_POINT ( 'NONE',  ( 46.00000000000004263, 29.99999999999999289, 18.19999999999999574 ) ) ;
#1961 = DIRECTION ( 'NONE',  ( -0.000000000000000000, -0.000000000000000000, -1.000000000000000000 ) ) ;
#1962 = ORIENTED_EDGE ( 'NONE', *, *, #12546, .T. ) ;
#1963 = CARTESIAN_POINT ( 'NONE',  ( 30.00000000000003553, 26.99999999999999289, -2.999999999999998224 ) ) ;
#1964 = VERTEX_POINT ( 'NONE', #4561 ) ;
#1965 = DIRECTION ( 'NONE',  ( 0.000000000000000000, 0.000000000000000000, -1.000000000000000000 ) ) ;
#1966 = EDGE_CURVE ( 'NONE', #9929, #525, #8402, .T. ) ;
#1967 = EDGE_LOOP ( 'NONE', ( #5597, #7853, #3633, #11093 ) ) ;
#1968 = LINE ( 'NONE', #4028, #4154 ) ;
#1969 = ADVANCED_FACE ( 'NONE', ( #8604 ), #9672, .T. ) ;
#1970 = EDGE_LOOP ( 'NONE', ( #10780, #572, #5587, #2329 ) ) ;
#1971 = ORIENTED_EDGE ( 'NONE', *, *, #5113, .T. ) ;
#1972 = DIRECTION ( 'NONE',  ( 0.000000000000000000, -1.000000000000000000, 0.000000000000000000 ) ) ;
#1973 = PLANE ( 'NONE',  #3771 ) ;
#1974 = ADVANCED_FACE ( 'NONE', ( #10819 ), #1702, .F. ) ;
#1975 = DIRECTION ( 'NONE',  ( 1.000000000000000000, -0.000000000000000000, -0.000000000000000000 ) ) ;
#1976 = CARTESIAN_POINT ( 'NONE',  ( -28.74999999999999645, 3.000000000000092815, 60.00000000000000711 ) ) ;
#1977 = ORIENTED_EDGE ( 'NONE', *, *, #6763, .F. ) ;
#1978 = EDGE_CURVE ( 'NONE', #4474, #5364, #2456, .T. ) ;
#1979 = DIRECTION ( 'NONE',  ( -0.000000000000000000, 1.000000000000000000, -0.000000000000000000 ) ) ;
#1980 = EDGE_LOOP ( 'NONE', ( #5733, #4674, #2923, #2520 ) ) ;
#1981 = ORIENTED_EDGE ( 'NONE', *, *, #5851, .T. ) ;
#1982 = EDGE_LOOP ( 'NONE', ( #1336, #11827, #9490, #8173 ) ) ;
#1983 = CARTESIAN_POINT ( 'NONE',  ( -23.75000000000000000, 19.99999999999998934, 56.15000000000000568 ) ) ;
#1984 = DIRECTION ( 'NONE',  ( 0.000000000000000000, 0.000000000000000000, -1.000000000000000000 ) ) ;
#1985 = CARTESIAN_POINT ( 'NONE',  ( 80.00000000000000000, -20.00000000000000711, -40.00000000000000000 ) ) ;
#1986 = EDGE_CURVE ( 'NONE', #5110, #11291, #3314, .T. ) ;
#1987 = DIRECTION ( 'NONE',  ( -0.000000000000000000, 1.000000000000000000, -0.000000000000000000 ) ) ;
#1988 = ADVANCED_FACE ( 'NONE', ( #7135 ), #11022, .F. ) ;
#1989 = CARTESIAN_POINT ( 'NONE',  ( 0.000000000000000000, -24.00000000000000000, -36.75000000000000000 ) ) ;
#1990 = EDGE_CURVE ( 'NONE', #3618, #12465, #2111, .T. ) ;
#1991 = EDGE_CURVE ( 'NONE', #12872, #1080, #30, .T. ) ;
#1992 = CARTESIAN_POINT ( 'NONE',  ( -23.75000000000000000, 19.99999999999998934, 25.15000000000000568 ) ) ;
#1993 = CARTESIAN_POINT ( 'NONE',  ( -58.25000000000019185, -20.49999999999991473, 52.00000000000000711 ) ) ;
#1994 = CARTESIAN_POINT ( 'NONE',  ( 23.75000000000000000, 4.999999999999990230, 56.14999999999999858 ) ) ;
#1995 = ORIENTED_EDGE ( 'NONE', *, *, #12038, .F. ) ;
#1996 = ORIENTED_EDGE ( 'NONE', *, *, #12540, .T. ) ;
#1997 = ORIENTED_EDGE ( 'NONE', *, *, #11543, .F. ) ;
#1998 = ORIENTED_EDGE ( 'NONE', *, *, #11637, .F. ) ;
#1999 = VERTEX_POINT ( 'NONE', #5024 ) ;
#2000 = CARTESIAN_POINT ( 'NONE',  ( -44.00000000000004263, 26.99999999999999289, 32.39999999999999858 ) ) ;
#2001 = CARTESIAN_POINT ( 'NONE',  ( -18.00000000000000355, 23.24999999999999289, -39.25000000000000000 ) ) ;
#2002 = CARTESIAN_POINT ( 'NONE',  ( 23.75000000000000000, 19.99999999999998934, 25.15000000000000568 ) ) ;
#2003 = DIRECTION ( 'NONE',  ( -1.000000000000000000, 0.000000000000000000, 1.621669098212715511E-16 ) ) ;
#2004 = LINE ( 'NONE', #4196, #4116 ) ;
#2005 = CARTESIAN_POINT ( 'NONE',  ( 44.00000000000003553, 26.99999999999999289, -6.230843505549355095E-15 ) ) ;
#2006 = EDGE_LOOP ( 'NONE', ( #11560, #7036 ) ) ;
#2007 = CARTESIAN_POINT ( 'NONE',  ( 33.24999999999983658, -5.000000000000004441, -22.50000000000000355 ) ) ;
#2008 = ORIENTED_EDGE ( 'NONE', *, *, #6333, .F. ) ;
#2009 = VECTOR ( 'NONE', #1869, 1000.000000000000000 ) ;
#2010 = ORIENTED_EDGE ( 'NONE', *, *, #8808, .T. ) ;
#2011 = ORIENTED_EDGE ( 'NONE', *, *, #4843, .F. ) ;
#2012 = ORIENTED_EDGE ( 'NONE', *, *, #10961, .F. ) ;
#2013 = ORIENTED_EDGE ( 'NONE', *, *, #6761, .T. ) ;
#2014 = LINE ( 'NONE', #1027, #2470 ) ;
#2015 = CARTESIAN_POINT ( 'NONE',  ( 0.000000000000000000, 29.99999999999999289, 45.99999999999999289 ) ) ;
#2016 = LINE ( 'NONE', #10000, #8250 ) ;
#2017 = CARTESIAN_POINT ( 'NONE',  ( 74.00000000000004263, 29.99999999999999289, -0.000000000000000000 ) ) ;
#2018 = VECTOR ( 'NONE', #6014, 1000.000000000000000 ) ;
#2019 = DIRECTION ( 'NONE',  ( 0.000000000000000000, 0.000000000000000000, 1.000000000000000000 ) ) ;
#2020 = ORIENTED_EDGE ( 'NONE', *, *, #6940, .F. ) ;
#2021 = LINE ( 'NONE', #3943, #6472 ) ;
#2022 = EDGE_CURVE ( 'NONE', #10007, #3930, #13044, .T. ) ;
#2023 = PLANE ( 'NONE',  #5486 ) ;
#2024 = ADVANCED_FACE ( 'NONE', ( #4079 ), #3888, .F. ) ;
#2025 = VERTEX_POINT ( 'NONE', #8018 ) ;
#2026 = ADVANCED_FACE ( 'NONE', ( #6156 ), #7940, .F. ) ;
#2027 = DIRECTION ( 'NONE',  ( -0.000000000000000000, 1.000000000000000000, -0.000000000000000000 ) ) ;
#2028 = CARTESIAN_POINT ( 'NONE',  ( 0.000000000000000000, 26.99999999999999289, 56.00000000000000000 ) ) ;
#2029 = ORIENTED_EDGE ( 'NONE', *, *, #17, .T. ) ;
#2030 = VECTOR ( 'NONE', #4741, 1000.000000000000000 ) ;
#2031 = CARTESIAN_POINT ( 'NONE',  ( -72.00000000000002842, 26.99999999999999289, 48.00000000000000000 ) ) ;
#2032 = EDGE_CURVE ( 'NONE', #5203, #11322, #1837, .T. ) ;
#2033 = ORIENTED_EDGE ( 'NONE', *, *, #11152, .T. ) ;
#2034 = ORIENTED_EDGE ( 'NONE', *, *, #11820, .T. ) ;
#2035 = AXIS2_PLACEMENT_3D ( 'NONE', #9420, #8252, #1192 ) ;
#2036 = DIRECTION ( 'NONE',  ( -0.000000000000000000, -1.000000000000000000, -0.000000000000000000 ) ) ;
#2037 = EDGE_CURVE ( 'NONE', #2169, #3723, #5903, .T. ) ;
#2038 = CARTESIAN_POINT ( 'NONE',  ( 0.000000000000000000, 26.99999999999999289, -7.000000000000000000 ) ) ;
#2039 = DIRECTION ( 'NONE',  ( -0.000000000000000000, 1.000000000000000000, -0.000000000000000000 ) ) ;
#2040 = DIRECTION ( 'NONE',  ( 0.000000000000000000, 0.4224229034221534951, 0.9063988584858202469 ) ) ;
#2041 = AXIS2_PLACEMENT_3D ( 'NONE', #8576, #11651, #9847 ) ;
#2042 = DIRECTION ( 'NONE',  ( 0.000000000000000000, 0.000000000000000000, -1.000000000000000000 ) ) ;
#2043 = ORIENTED_EDGE ( 'NONE', *, *, #1295, .T. ) ;
#2044 = VECTOR ( 'NONE', #8518, 1000.000000000000000 ) ;
#2045 = EDGE_CURVE ( 'NONE', #10709, #3834, #9141, .T. ) ;
#2046 = EDGE_CURVE ( 'NONE', #12294, #8058, #1968, .T. ) ;
#2047 = VECTOR ( 'NONE', #3272, 1000.000000000000000 ) ;
#2048 = ORIENTED_EDGE ( 'NONE', *, *, #1658, .T. ) ;
#2049 = ORIENTED_EDGE ( 'NONE', *, *, #919, .T. ) ;
#2050 = AXIS2_PLACEMENT_3D ( 'NONE', #6161, #12367, #10210 ) ;
#2051 = ORIENTED_EDGE ( 'NONE', *, *, #12512, .F. ) ;
#2052 = VECTOR ( 'NONE', #2722, 1000.000000000000000 ) ;
#2053 = VECTOR ( 'NONE', #10205, 1000.000000000000000 ) ;
#2054 = AXIS2_PLACEMENT_3D ( 'NONE', #9212, #8297, #1312 ) ;
#2055 = CARTESIAN_POINT ( 'NONE',  ( -33.00000000000004263, 26.99999999999999289, 0.000000000000000000 ) ) ;
#2056 = DIRECTION ( 'NONE',  ( 0.000000000000000000, 0.000000000000000000, -1.000000000000000000 ) ) ;
#2057 = CARTESIAN_POINT ( 'NONE',  ( 0.000000000000000000, 26.99999999999999289, 44.60000000000000142 ) ) ;
#2058 = CIRCLE ( 'NONE', #9463, 0.5000000000000004441 ) ;
#2059 = AXIS2_PLACEMENT_3D ( 'NONE', #693, #11061, #5874 ) ;
#2060 = LINE ( 'NONE', #9160, #3071 ) ;
#2061 = LINE ( 'NONE', #4245, #2915 ) ;
#2062 = VECTOR ( 'NONE', #5951, 1000.000000000000000 ) ;
#2063 = CARTESIAN_POINT ( 'NONE',  ( 23.74999999999982236, 4.999999999999990230, 60.00000000000000711 ) ) ;
#2064 = DIRECTION ( 'NONE',  ( 0.000000000000000000, 0.000000000000000000, 1.000000000000000000 ) ) ;
#2065 = VERTEX_POINT ( 'NONE', #10063 ) ;
#2066 = ORIENTED_EDGE ( 'NONE', *, *, #3989, .F. ) ;
#2067 = AXIS2_PLACEMENT_3D ( 'NONE', #6848, #8976, #1663 ) ;
#2068 = ORIENTED_EDGE ( 'NONE', *, *, #5575, .F. ) ;
#2069 = AXIS2_PLACEMENT_3D ( 'NONE', #2596, #4464, #8508 ) ;
#2070 = EDGE_CURVE ( 'NONE', #12956, #8956, #8085, .T. ) ;
#2071 = ORIENTED_EDGE ( 'NONE', *, *, #11119, .T. ) ;
#2072 = VERTEX_POINT ( 'NONE', #7075 ) ;
#2073 = AXIS2_PLACEMENT_3D ( 'NONE', #7158, #11853, #3187 ) ;
#2074 = EDGE_CURVE ( 'NONE', #2253, #5916, #11133, .T. ) ;
#2075 = VECTOR ( 'NONE', #417, 1000.000000000000000 ) ;
#2076 = EDGE_CURVE ( 'NONE', #4415, #1633, #5099, .T. ) ;
#2077 = CARTESIAN_POINT ( 'NONE',  ( -49.40000000000004121, 29.99999999999999289, 56.00000000000000000 ) ) ;
#2078 = LINE ( 'NONE', #1006, #4796 ) ;
#2079 = CARTESIAN_POINT ( 'NONE',  ( -42.00000000000001421, 26.99999999999999289, -5.000000000000000000 ) ) ;
#2080 = AXIS2_PLACEMENT_3D ( 'NONE', #1825, #10932, #948 ) ;
#2081 = VECTOR ( 'NONE', #11822, 1000.000000000000000 ) ;
#2082 = CARTESIAN_POINT ( 'NONE',  ( -9.500000000000103029, 23.24999999999999289, -39.25000000000000000 ) ) ;
#2083 = LINE ( 'NONE', #7055, #10277 ) ;
#2084 = FACE_OUTER_BOUND ( 'NONE', #5812, .T. ) ;
#2085 = VECTOR ( 'NONE', #10948, 1000.000000000000000 ) ;
#2086 = CARTESIAN_POINT ( 'NONE',  ( 28.75000000000000355, 29.99999999999999289, 3.000000000000002665 ) ) ;
#2087 = VECTOR ( 'NONE', #8133, 1000.000000000000000 ) ;
#2088 = EDGE_CURVE ( 'NONE', #7445, #12266, #3091, .T. ) ;
#2089 = AXIS2_PLACEMENT_3D ( 'NONE', #3581, #5775, #9819 ) ;
#2090 = EDGE_CURVE ( 'NONE', #9222, #12220, #9194, .T. ) ;
#2091 = CIRCLE ( 'NONE', #3575, 2.500000000000002220 ) ;
#2092 = DIRECTION ( 'NONE',  ( -0.000000000000000000, 1.000000000000000000, -0.000000000000000000 ) ) ;
#2093 = ORIENTED_EDGE ( 'NONE', *, *, #9952, .F. ) ;
#2094 = VERTEX_POINT ( 'NONE', #853 ) ;
#2095 = ORIENTED_EDGE ( 'NONE', *, *, #11500, .F. ) ;
#2096 = AXIS2_PLACEMENT_3D ( 'NONE', #10171, #10976, #8916 ) ;
#2097 = LINE ( 'NONE', #6146, #8006 ) ;
#2098 = DIRECTION ( 'NONE',  ( 1.416100796715761603E-16, 0.000000000000000000, 1.000000000000000000 ) ) ;
#2099 = DIRECTION ( 'NONE',  ( 0.000000000000000000, 0.000000000000000000, -1.000000000000000000 ) ) ;
#2100 = AXIS2_PLACEMENT_3D ( 'NONE', #7874, #8944, #4956 ) ;
#2101 = PLANE ( 'NONE',  #8396 ) ;
#2102 = AXIS2_PLACEMENT_3D ( 'NONE', #9775, #12022, #678 ) ;
#2103 = ORIENTED_EDGE ( 'NONE', *, *, #3120, .F. ) ;
#2104 = DIRECTION ( 'NONE',  ( 1.000000000000000000, 0.000000000000000000, 0.000000000000000000 ) ) ;
#2105 = ORIENTED_EDGE ( 'NONE', *, *, #8727, .F. ) ;
#2106 = LINE ( 'NONE', #6153, #193 ) ;
#2107 = CYLINDRICAL_SURFACE ( 'NONE', #8262, 10.00000000000000178 ) ;
#2108 = VECTOR ( 'NONE', #2783, 1000.000000000000000 ) ;
#2109 = ORIENTED_EDGE ( 'NONE', *, *, #9101, .T. ) ;
#2110 = FACE_OUTER_BOUND ( 'NONE', #7124, .T. ) ;
#2111 = LINE ( 'NONE', #10008, #10104 ) ;
#2112 = CIRCLE ( 'NONE', #5280, 1.500000000000001332 ) ;
#2113 = ORIENTED_EDGE ( 'NONE', *, *, #11597, .F. ) ;
#2114 = EDGE_LOOP ( 'NONE', ( #5843, #4029, #3721, #4731 ) ) ;
#2115 = EDGE_CURVE ( 'NONE', #9586, #331, #4144, .T. ) ;
#2116 = DIRECTION ( 'NONE',  ( 0.000000000000000000, 0.000000000000000000, 1.000000000000000000 ) ) ;
#2117 = DIRECTION ( 'NONE',  ( 0.000000000000000000, 1.000000000000000000, 0.000000000000000000 ) ) ;
#2118 = CIRCLE ( 'NONE', #9529, 4.000000000000000000 ) ;
#2119 = DIRECTION ( 'NONE',  ( -0.000000000000000000, -0.000000000000000000, -1.000000000000000000 ) ) ;
#2120 = LINE ( 'NONE', #1239, #10155 ) ;
#2121 = DIRECTION ( 'NONE',  ( -0.000000000000000000, 1.000000000000000000, -0.000000000000000000 ) ) ;
#2122 = ORIENTED_EDGE ( 'NONE', *, *, #9291, .T. ) ;
#2123 = EDGE_CURVE ( 'NONE', #2065, #8041, #9447, .T. ) ;
#2124 = DIRECTION ( 'NONE',  ( -8.673617379884035472E-16, 0.000000000000000000, 1.000000000000000000 ) ) ;
#2125 = VERTEX_POINT ( 'NONE', #3223 ) ;
#2126 = ORIENTED_EDGE ( 'NONE', *, *, #4238, .F. ) ;
#2127 = ORIENTED_EDGE ( 'NONE', *, *, #5785, .F. ) ;
#2128 = EDGE_CURVE ( 'NONE', #10661, #9955, #10521, .T. ) ;
#2129 = DIRECTION ( 'NONE',  ( 0.000000000000000000, -1.000000000000000000, -4.625929269271485914E-16 ) ) ;
#2130 = CARTESIAN_POINT ( 'NONE',  ( 14.30000000000000782, -43.50000000000000711, 51.00000000000000000 ) ) ;
#2131 = DIRECTION ( 'NONE',  ( -0.000000000000000000, 0.000000000000000000, -1.000000000000000000 ) ) ;
#2132 = DIRECTION ( 'NONE',  ( 1.734723475976807094E-15, 0.000000000000000000, -1.000000000000000000 ) ) ;
#2133 = FACE_OUTER_BOUND ( 'NONE', #8568, .T. ) ;
#2134 = CARTESIAN_POINT ( 'NONE',  ( 38.24999999999982947, -5.000000000000004441, -11.50000000000000355 ) ) ;
#2135 = DIRECTION ( 'NONE',  ( 0.000000000000000000, 0.000000000000000000, -1.000000000000000000 ) ) ;
#2136 = DIRECTION ( 'NONE',  ( 0.000000000000000000, 0.4224229034221526069, -0.9063988584858206909 ) ) ;
#2137 = CYLINDRICAL_SURFACE ( 'NONE', #7183, 2.000000000000000888 ) ;
#2138 = VERTEX_POINT ( 'NONE', #2295 ) ;
#2139 = VERTEX_POINT ( 'NONE', #1290 ) ;
#2140 = VERTEX_POINT ( 'NONE', #7262 ) ;
#2141 = EDGE_CURVE ( 'NONE', #1266, #9323, #11321, .T. ) ;
#2142 = EDGE_LOOP ( 'NONE', ( #4746, #11847, #9377, #10546 ) ) ;
#2143 = ORIENTED_EDGE ( 'NONE', *, *, #1303, .T. ) ;
#2144 = EDGE_CURVE ( 'NONE', #10287, #2065, #1346, .T. ) ;
#2145 = CARTESIAN_POINT ( 'NONE',  ( -0.000000000000000000, 19.99999999999998934, 10.00000000000000000 ) ) ;
#2146 = LINE ( 'NONE', #3395, #6902 ) ;
#2147 = PRESENTATION_STYLE_ASSIGNMENT (( #12215 ) ) ;
#2148 = EDGE_CURVE ( 'NONE', #6793, #10218, #8473, .T. ) ;
#2149 = DIRECTION ( 'NONE',  ( 1.000000000000000000, 0.000000000000000000, 0.000000000000000000 ) ) ;
#2150 = FACE_OUTER_BOUND ( 'NONE', #2718, .T. ) ;
#2151 = DIRECTION ( 'NONE',  ( 0.000000000000000000, 0.000000000000000000, -1.000000000000000000 ) ) ;
#2152 = VERTEX_POINT ( 'NONE', #1152 ) ;
#2153 = ORIENTED_EDGE ( 'NONE', *, *, #3743, .F. ) ;
#2154 = CARTESIAN_POINT ( 'NONE',  ( 85.99999999999994316, 19.99999999999998934, 60.00000000000000711 ) ) ;
#2155 = CARTESIAN_POINT ( 'NONE',  ( -44.00000000000004263, 29.99999999999999289, 30.39999999999999147 ) ) ;
#2156 = LINE ( 'NONE', #2213, #10327 ) ;
#2157 = FACE_OUTER_BOUND ( 'NONE', #68, .T. ) ;
#2158 = EDGE_CURVE ( 'NONE', #7272, #6785, #7459, .T. ) ;
#2159 = DIRECTION ( 'NONE',  ( 0.000000000000000000, 0.000000000000000000, 1.000000000000000000 ) ) ;
#2160 = CARTESIAN_POINT ( 'NONE',  ( -44.00000000000004263, 29.99999999999999289, 8.000000000000000000 ) ) ;
#2161 = ORIENTED_EDGE ( 'NONE', *, *, #4543, .F. ) ;
#2162 = LINE ( 'NONE', #955, #5709 ) ;
#2163 = CARTESIAN_POINT ( 'NONE',  ( -46.00000000000004263, 26.99999999999999289, 46.00000000000000000 ) ) ;
#2164 = ORIENTED_EDGE ( 'NONE', *, *, #8423, .F. ) ;
#2165 = LINE ( 'NONE', #6212, #6567 ) ;
#2166 = VERTEX_POINT ( 'NONE', #7208 ) ;
#2167 = CARTESIAN_POINT ( 'NONE',  ( -28.74999999999999645, -45.50000000000000711, 51.00000000000000000 ) ) ;
#2168 = ORIENTED_EDGE ( 'NONE', *, *, #4177, .F. ) ;
#2169 = VERTEX_POINT ( 'NONE', #6405 ) ;
#2170 = LINE ( 'NONE', #4340, #8234 ) ;
#2171 = DIRECTION ( 'NONE',  ( 1.000000000000000000, 0.000000000000000000, 0.000000000000000000 ) ) ;
#2172 = CARTESIAN_POINT ( 'NONE',  ( -14.29999999999999005, -45.50000000000000711, 46.99999999999998579 ) ) ;
#2173 = LINE ( 'NONE', #7331, #10571 ) ;
#2174 = EDGE_CURVE ( 'NONE', #9909, #10176, #5485, .T. ) ;
#2175 = LINE ( 'NONE', #1161, #6913 ) ;
#2176 = ORIENTED_EDGE ( 'NONE', *, *, #10884, .T. ) ;
#2177 = DIRECTION ( 'NONE',  ( -0.000000000000000000, 1.000000000000000000, -0.000000000000000000 ) ) ;
#2178 = ORIENTED_EDGE ( 'NONE', *, *, #5555, .T. ) ;
#2179 = ORIENTED_EDGE ( 'NONE', *, *, #4787, .T. ) ;
#2180 = ORIENTED_EDGE ( 'NONE', *, *, #1693, .F. ) ;
#2181 = EDGE_CURVE ( 'NONE', #12674, #7990, #6283, .T. ) ;
#2182 = CARTESIAN_POINT ( 'NONE',  ( -86.00000000000004263, -26.00000000000000711, 6.000000000000000000 ) ) ;
#2183 = DIRECTION ( 'NONE',  ( -1.000000000000000000, -0.000000000000000000, -0.000000000000000000 ) ) ;
#2184 = EDGE_CURVE ( 'NONE', #12200, #4025, #4337, .T. ) ;
#2185 = DIRECTION ( 'NONE',  ( 0.000000000000000000, 0.000000000000000000, 1.000000000000000000 ) ) ;
#2186 = CARTESIAN_POINT ( 'NONE',  ( 24.00000000000002842, 9.999999999999969802, -34.75000000000000000 ) ) ;
#2187 = CARTESIAN_POINT ( 'NONE',  ( -23.75000000000000000, 19.99999999999998934, 56.15000000000000568 ) ) ;
#2188 = DIRECTION ( 'NONE',  ( 1.000000000000000000, -0.000000000000000000, 0.000000000000000000 ) ) ;
#2189 = FACE_BOUND ( 'NONE', #8084, .T. ) ;
#2190 = CARTESIAN_POINT ( 'NONE',  ( 46.00000000000004974, 26.99999999999999289, 42.59999999999999432 ) ) ;
#2191 = EDGE_CURVE ( 'NONE', #3461, #3762, #6466, .T. ) ;
#2192 = CARTESIAN_POINT ( 'NONE',  ( 23.74999999999982947, 4.999999999999971578, 13.85000000000000853 ) ) ;
#2193 = ORIENTED_EDGE ( 'NONE', *, *, #3431, .F. ) ;
#2194 = VERTEX_POINT ( 'NONE', #162 ) ;
#2195 = ADVANCED_FACE ( 'NONE', ( #9328 ), #10458, .T. ) ;
#2196 = ORIENTED_EDGE ( 'NONE', *, *, #985, .T. ) ;
#2197 = DIRECTION ( 'NONE',  ( 0.000000000000000000, -0.000000000000000000, 1.000000000000000000 ) ) ;
#2198 = VERTEX_POINT ( 'NONE', #6274 ) ;
#2199 = FACE_OUTER_BOUND ( 'NONE', #11411, .T. ) ;
#2200 = DIRECTION ( 'NONE',  ( 1.000000000000000000, 0.000000000000000000, -0.000000000000000000 ) ) ;
#2201 = EDGE_CURVE ( 'NONE', #1151, #6715, #12246, .T. ) ;
#2202 = CARTESIAN_POINT ( 'NONE',  ( -44.00000000000003553, 29.99999999999999289, -6.230843505549355095E-15 ) ) ;
#2203 = CARTESIAN_POINT ( 'NONE',  ( -36.00000000000002842, 29.99999999999999289, -5.097962868176746799E-15 ) ) ;
#2204 = CYLINDRICAL_SURFACE ( 'NONE', #8575, 2.500000000000002220 ) ;
#2205 = CARTESIAN_POINT ( 'NONE',  ( 23.74999999999982236, 4.999999999999990230, 60.00000000000000711 ) ) ;
#2206 = DIRECTION ( 'NONE',  ( 0.000000000000000000, 1.000000000000000000, -0.000000000000000000 ) ) ;
#2207 = CARTESIAN_POINT ( 'NONE',  ( 0.000000000000000000, -30.00000000000000711, 0.000000000000000000 ) ) ;
#2208 = VERTEX_POINT ( 'NONE', #12362 ) ;
#2209 = EDGE_LOOP ( 'NONE', ( #12413, #5965, #12279, #1518 ) ) ;
#2210 = ORIENTED_EDGE ( 'NONE', *, *, #11286, .T. ) ;
#2211 = LINE ( 'NONE', #4325, #13043 ) ;
#2212 = CYLINDRICAL_SURFACE ( 'NONE', #8425, 2.500000000000002220 ) ;
#2213 = CARTESIAN_POINT ( 'NONE',  ( 36.00000000000002842, 26.99999999999999289, 8.000000000000007105 ) ) ;
#2214 = DIRECTION ( 'NONE',  ( -0.000000000000000000, 1.000000000000000000, -0.000000000000000000 ) ) ;
#2215 = DIRECTION ( 'NONE',  ( -0.000000000000000000, 1.000000000000000000, -0.000000000000000000 ) ) ;
#2216 = CARTESIAN_POINT ( 'NONE',  ( 0.000000000000000000, 26.99999999999999289, 42.60000000000000142 ) ) ;
#2217 = VERTEX_POINT ( 'NONE', #11265 ) ;
#2218 = CARTESIAN_POINT ( 'NONE',  ( -33.00000000000004263, 26.99999999999999289, 5.000000000000003553 ) ) ;
#2219 = ORIENTED_EDGE ( 'NONE', *, *, #10500, .T. ) ;
#2220 = CARTESIAN_POINT ( 'NONE',  ( -29.99999999999997158, 19.99999999999999289, -40.00000000000000000 ) ) ;
#2221 = AXIS2_PLACEMENT_3D ( 'NONE', #1930, #7905, #4869 ) ;
#2222 = FACE_OUTER_BOUND ( 'NONE', #11237, .T. ) ;
#2223 = DIRECTION ( 'NONE',  ( 0.000000000000000000, 0.000000000000000000, -1.000000000000000000 ) ) ;
#2224 = VERTEX_POINT ( 'NONE', #11461 ) ;
#2225 = ORIENTED_EDGE ( 'NONE', *, *, #1124, .F. ) ;
#2226 = DIRECTION ( 'NONE',  ( 1.000000000000000000, -0.000000000000000000, -0.000000000000000000 ) ) ;
#2227 = CARTESIAN_POINT ( 'NONE',  ( -28.74999999999999645, -67.42203742203743388, 43.16008316008306878 ) ) ;
#2228 = VECTOR ( 'NONE', #567, 1000.000000000000000 ) ;
#2229 = DIRECTION ( 'NONE',  ( -1.000000000000000000, -0.000000000000000000, -0.000000000000000000 ) ) ;
#2230 = FACE_OUTER_BOUND ( 'NONE', #3083, .T. ) ;
#2231 = CARTESIAN_POINT ( 'NONE',  ( -23.75000000000000000, -30.00000000000001421, 25.15000000000000568 ) ) ;
#2232 = ORIENTED_EDGE ( 'NONE', *, *, #6981, .T. ) ;
#2233 = VECTOR ( 'NONE', #3463, 1000.000000000000000 ) ;
#2234 = ORIENTED_EDGE ( 'NONE', *, *, #3983, .F. ) ;
#2235 = VERTEX_POINT ( 'NONE', #4421 ) ;
#2236 = VECTOR ( 'NONE', #8175, 1000.000000000000000 ) ;
#2237 = DIRECTION ( 'NONE',  ( 0.000000000000000000, 0.000000000000000000, -1.000000000000000000 ) ) ;
#2238 = ORIENTED_EDGE ( 'NONE', *, *, #5583, .F. ) ;
#2239 = CARTESIAN_POINT ( 'NONE',  ( 33.00000000000004263, 29.99999999999999289, -0.000000000000000000 ) ) ;
#2240 = DIRECTION ( 'NONE',  ( 0.000000000000000000, 0.9063988584858206909, 0.4224229034221526069 ) ) ;
#2241 = AXIS2_PLACEMENT_3D ( 'NONE', #6484, #1168, #12452 ) ;
#2242 = DIRECTION ( 'NONE',  ( -0.000000000000000000, -1.000000000000000000, -0.000000000000000000 ) ) ;
#2243 = VECTOR ( 'NONE', #933, 1000.000000000000000 ) ;
#2244 = CARTESIAN_POINT ( 'NONE',  ( -23.75000000000000000, 19.99999999999998934, 56.15000000000000568 ) ) ;
#2245 = VECTOR ( 'NONE', #4697, 1000.000000000000000 ) ;
#2246 = DIRECTION ( 'NONE',  ( 1.000000000000000000, -0.000000000000000000, 0.000000000000000000 ) ) ;
#2247 = ORIENTED_EDGE ( 'NONE', *, *, #8445, .T. ) ;
#2248 = PLANE ( 'NONE',  #11834 ) ;
#2249 = LINE ( 'NONE', #8554, #2516 ) ;
#2250 = LINE ( 'NONE', #3194, #4868 ) ;
#2251 = VERTEX_POINT ( 'NONE', #1230 ) ;
#2252 = VERTEX_POINT ( 'NONE', #7321 ) ;
#2253 = VERTEX_POINT ( 'NONE', #5348 ) ;
#2254 = VECTOR ( 'NONE', #3489, 1000.000000000000000 ) ;
#2255 = AXIS2_PLACEMENT_3D ( 'NONE', #7237, #1324, #200 ) ;
#2256 = VECTOR ( 'NONE', #3516, 1000.000000000000000 ) ;
#2257 = ORIENTED_EDGE ( 'NONE', *, *, #5496, .T. ) ;
#2258 = DIRECTION ( 'NONE',  ( 0.000000000000000000, 0.000000000000000000, 1.000000000000000000 ) ) ;
#2259 = DIRECTION ( 'NONE',  ( 0.000000000000000000, -0.000000000000000000, 1.000000000000000000 ) ) ;
#2260 = AXIS2_PLACEMENT_3D ( 'NONE', #3880, #7065, #11981 ) ;
#2261 = EDGE_CURVE ( 'NONE', #1320, #1839, #4601, .T. ) ;
#2262 = DIRECTION ( 'NONE',  ( -1.000000000000000000, 0.000000000000000000, -0.000000000000000000 ) ) ;
#2263 = VECTOR ( 'NONE', #10950, 1000.000000000000000 ) ;
#2264 = AXIS2_PLACEMENT_3D ( 'NONE', #6602, #1408, #11512 ) ;
#2265 = AXIS2_PLACEMENT_3D ( 'NONE', #11683, #10681, #1557 ) ;
#2266 = CARTESIAN_POINT ( 'NONE',  ( 24.00000000000002842, 8.899999999999970157, -34.75000000000000000 ) ) ;
#2267 = DIRECTION ( 'NONE',  ( 1.000000000000000000, 0.000000000000000000, 0.000000000000000000 ) ) ;
#2268 = CARTESIAN_POINT ( 'NONE',  ( -49.40000000000004832, 29.99999999999999289, 45.99999999999999289 ) ) ;
#2269 = CIRCLE ( 'NONE', #13079, 1.500000000000001332 ) ;
#2270 = DIRECTION ( 'NONE',  ( 0.000000000000000000, 0.000000000000000000, 1.000000000000000000 ) ) ;
#2271 = CARTESIAN_POINT ( 'NONE',  ( 36.00000000000002842, 26.99999999999999289, 5.000000000000020428 ) ) ;
#2272 = CIRCLE ( 'NONE', #2918, 2.499999999999998668 ) ;
#2273 = ADVANCED_FACE ( 'NONE', ( #10260 ), #2359, .T. ) ;
#2274 = AXIS2_PLACEMENT_3D ( 'NONE', #145, #11311, #5398 ) ;
#2275 = CIRCLE ( 'NONE', #1004, 10.00000000000000178 ) ;
#2276 = EDGE_CURVE ( 'NONE', #8365, #3889, #3357, .T. ) ;
#2277 = ORIENTED_EDGE ( 'NONE', *, *, #9656, .F. ) ;
#2278 = ORIENTED_EDGE ( 'NONE', *, *, #11458, .T. ) ;
#2279 = AXIS2_PLACEMENT_3D ( 'NONE', #4429, #641, #6556 ) ;
#2280 = ORIENTED_EDGE ( 'NONE', *, *, #5510, .F. ) ;
#2281 = VERTEX_POINT ( 'NONE', #4690 ) ;
#2282 = AXIS2_PLACEMENT_3D ( 'NONE', #451, #4449, #8497 ) ;
#2283 = CARTESIAN_POINT ( 'NONE',  ( -46.00000000000004263, 26.99999999999999289, 0.000000000000000000 ) ) ;
#2284 = CARTESIAN_POINT ( 'NONE',  ( -23.75000000000000000, 19.99999999999998934, 44.85000000000000142 ) ) ;
#2285 = VECTOR ( 'NONE', #3238, 1000.000000000000000 ) ;
#2286 = CARTESIAN_POINT ( 'NONE',  ( 18.74999999999983658, -30.00000000000001421, 56.15000000000000568 ) ) ;
#2287 = VECTOR ( 'NONE', #3839, 1000.000000000000000 ) ;
#2288 = FACE_OUTER_BOUND ( 'NONE', #3768, .T. ) ;
#2289 = VERTEX_POINT ( 'NONE', #9590 ) ;
#2290 = DIRECTION ( 'NONE',  ( -0.000000000000000000, 1.000000000000000000, -0.000000000000000000 ) ) ;
#2291 = AXIS2_PLACEMENT_3D ( 'NONE', #8693, #7633, #11686 ) ;
#2292 = VECTOR ( 'NONE', #8374, 1000.000000000000000 ) ;
#2293 = LINE ( 'NONE', #9139, #7627 ) ;
#2294 = EDGE_CURVE ( 'NONE', #8079, #6485, #7605, .T. ) ;
#2295 = CARTESIAN_POINT ( 'NONE',  ( -23.74999999999998934, 4.999999999999990230, 56.15000000000000568 ) ) ;
#2296 = STYLED_ITEM ( 'NONE', ( #5908 ), #11382 ) ;
#2297 = ORIENTED_EDGE ( 'NONE', *, *, #4784, .F. ) ;
#2298 = ORIENTED_EDGE ( 'NONE', *, *, #2076, .F. ) ;
#2299 = DIRECTION ( 'NONE',  ( -0.000000000000000000, 1.000000000000000000, -0.000000000000000000 ) ) ;
#2300 = VECTOR ( 'NONE', #1759, 1000.000000000000000 ) ;
#2301 = EDGE_CURVE ( 'NONE', #11624, #9385, #636, .T. ) ;
#2302 = CARTESIAN_POINT ( 'NONE',  ( -4.336808689942059151E-16, 26.99999999999999289, 3.000000000000010658 ) ) ;
#2303 = CIRCLE ( 'NONE', #387, 2.500000000000002220 ) ;
#2304 = CARTESIAN_POINT ( 'NONE',  ( 0.000000000000000000, 19.99999999999999289, -33.25000000000000000 ) ) ;
#2305 = DIRECTION ( 'NONE',  ( 1.000000000000000000, -0.000000000000000000, 0.000000000000000000 ) ) ;
#2306 = LINE ( 'NONE', #6222, #10744 ) ;
#2307 = VERTEX_POINT ( 'NONE', #4545 ) ;
#2308 = LINE ( 'NONE', #1356, #1462 ) ;
#2309 = VECTOR ( 'NONE', #1374, 999.9999999999998863 ) ;
#2310 = EDGE_CURVE ( 'NONE', #4594, #10789, #11581, .T. ) ;
#2311 = EDGE_CURVE ( 'NONE', #5825, #11075, #2910, .T. ) ;
#2312 = ORIENTED_EDGE ( 'NONE', *, *, #9936, .T. ) ;
#2313 = CIRCLE ( 'NONE', #4010, 4.000000000000003553 ) ;
#2314 = ORIENTED_EDGE ( 'NONE', *, *, #2037, .T. ) ;
#2315 = PLANE ( 'NONE',  #12620 ) ;
#2316 = ORIENTED_EDGE ( 'NONE', *, *, #12929, .T. ) ;
#2317 = AXIS2_PLACEMENT_3D ( 'NONE', #6224, #7149, #7271 ) ;
#2318 = CARTESIAN_POINT ( 'NONE',  ( 60.90000000000004121, 29.99999999999999289, 0.000000000000000000 ) ) ;
#2319 = LINE ( 'NONE', #12269, #12863 ) ;
#2320 = CARTESIAN_POINT ( 'NONE',  ( -46.00000000000004263, 26.99999999999999289, 0.000000000000000000 ) ) ;
#2321 = CARTESIAN_POINT ( 'NONE',  ( 0.000000000000000000, 26.99999999999999289, 32.39999999999999858 ) ) ;
#2322 = FACE_OUTER_BOUND ( 'NONE', #5799, .T. ) ;
#2323 = ORIENTED_EDGE ( 'NONE', *, *, #12761, .T. ) ;
#2324 = LINE ( 'NONE', #8358, #10331 ) ;
#2325 = DIRECTION ( 'NONE',  ( -1.000000000000000000, 0.000000000000000000, 0.000000000000000000 ) ) ;
#2326 = VECTOR ( 'NONE', #11531, 1000.000000000000000 ) ;
#2327 = DIRECTION ( 'NONE',  ( -1.000000000000000000, -0.000000000000000000, -1.387778780781445676E-16 ) ) ;
#2328 = EDGE_CURVE ( 'NONE', #3860, #9560, #7804, .T. ) ;
#2329 = ORIENTED_EDGE ( 'NONE', *, *, #10346, .T. ) ;
#2330 = EDGE_LOOP ( 'NONE', ( #712, #11446, #1471, #10906 ) ) ;
#2331 = EDGE_LOOP ( 'NONE', ( #879, #2445 ) ) ;
#2332 = LINE ( 'NONE', #11551, #3969 ) ;
#2333 = EDGE_LOOP ( 'NONE', ( #9776, #8774, #2955, #7674 ) ) ;
#2334 = CARTESIAN_POINT ( 'NONE',  ( -23.75000000000000000, -30.00000000000001421, 44.85000000000000142 ) ) ;
#2335 = DIRECTION ( 'NONE',  ( 0.000000000000000000, 1.000000000000000000, 0.000000000000000000 ) ) ;
#2336 = CARTESIAN_POINT ( 'NONE',  ( -90.00000000000005684, -30.00000000000000711, -40.00000000000000000 ) ) ;
#2337 = DIRECTION ( 'NONE',  ( -1.000000000000000000, -0.000000000000000000, -0.000000000000000000 ) ) ;
#2338 = DIRECTION ( 'NONE',  ( 1.000000000000000000, -0.000000000000000000, -0.000000000000000000 ) ) ;
#2339 = EDGE_CURVE ( 'NONE', #5582, #8675, #4749, .T. ) ;
#2340 = DIRECTION ( 'NONE',  ( 0.000000000000000000, 0.000000000000000000, 1.000000000000000000 ) ) ;
#2341 = PRODUCT ( 'Left End cap', 'Left End cap', '', ( #3630 ) ) ;
#2342 = FACE_OUTER_BOUND ( 'NONE', #10154, .T. ) ;
#2343 = ORIENTED_EDGE ( 'NONE', *, *, #10075, .F. ) ;
#2344 = DIRECTION ( 'NONE',  ( 1.000000000000000000, -0.000000000000000000, -0.000000000000000000 ) ) ;
#2345 = VERTEX_POINT ( 'NONE', #8587 ) ;
#2346 = ORIENTED_EDGE ( 'NONE', *, *, #6447, .F. ) ;
#2347 = EDGE_LOOP ( 'NONE', ( #5868, #9618, #4762, #7822 ) ) ;
#2348 = ORIENTED_EDGE ( 'NONE', *, *, #8286, .T. ) ;
#2349 = CARTESIAN_POINT ( 'NONE',  ( -18.75000000000000355, -30.00000000000001066, 5.999999999999998224 ) ) ;
#2350 = CARTESIAN_POINT ( 'NONE',  ( 89.99999999999994316, 25.99999999999998934, 56.00000000000000711 ) ) ;
#2351 = ADVANCED_FACE ( 'NONE', ( #10660 ), #10597, .T. ) ;
#2352 = CARTESIAN_POINT ( 'NONE',  ( -44.00000000000003553, 26.99999999999999289, -6.230843505549355095E-15 ) ) ;
#2353 = PLANE ( 'NONE',  #11632 ) ;
#2354 = CARTESIAN_POINT ( 'NONE',  ( -36.00000000000002842, 29.99999999999999289, 30.39999999999999858 ) ) ;
#2355 = ORIENTED_EDGE ( 'NONE', *, *, #7380, .T. ) ;
#2356 = DIRECTION ( 'NONE',  ( 0.000000000000000000, 0.000000000000000000, -1.000000000000000000 ) ) ;
#2357 = FACE_BOUND ( 'NONE', #10112, .T. ) ;
#2358 = EDGE_CURVE ( 'NONE', #10939, #8947, #12712, .T. ) ;
#2359 = PLANE ( 'NONE',  #126 ) ;
#2360 = ORIENTED_EDGE ( 'NONE', *, *, #3719, .F. ) ;
#2361 = ORIENTED_EDGE ( 'NONE', *, *, #9155, .F. ) ;
#2362 = LINE ( 'NONE', #5489, #817 ) ;
#2363 = DIRECTION ( 'NONE',  ( 0.000000000000000000, 0.000000000000000000, 1.000000000000000000 ) ) ;
#2364 = FACE_OUTER_BOUND ( 'NONE', #8922, .T. ) ;
#2365 = CARTESIAN_POINT ( 'NONE',  ( 33.24999999999983658, -28.00000000000000355, -23.00000000000000355 ) ) ;
#2366 = EDGE_CURVE ( 'NONE', #8506, #6972, #7130, .T. ) ;
#2367 = CARTESIAN_POINT ( 'NONE',  ( 32.74999999999983658, -5.000000000000004441, -11.50000000000000355 ) ) ;
#2368 = CARTESIAN_POINT ( 'NONE',  ( -60.90000000000004121, 26.99999999999999289, 48.00000000000000000 ) ) ;
#2369 = ORIENTED_EDGE ( 'NONE', *, *, #7371, .F. ) ;
#2370 = PLANE ( 'NONE',  #11441 ) ;
#2371 = EDGE_LOOP ( 'NONE', ( #2938, #7639, #1998, #4402 ) ) ;
#2372 = ORIENTED_EDGE ( 'NONE', *, *, #3186, .F. ) ;
#2373 = CARTESIAN_POINT ( 'NONE',  ( 0.000000000000000000, 26.99999999999999289, 5.000000000000003553 ) ) ;
#2374 = ORIENTED_EDGE ( 'NONE', *, *, #3076, .T. ) ;
#2375 = VERTEX_POINT ( 'NONE', #551 ) ;
#2376 = DIRECTION ( 'NONE',  ( 1.000000000000000000, -0.000000000000000000, -0.000000000000000000 ) ) ;
#2377 = CARTESIAN_POINT ( 'NONE',  ( -18.75000000000000355, 29.99999999999999289, -40.00000000000000000 ) ) ;
#2378 = CARTESIAN_POINT ( 'NONE',  ( 40.00000000000000711, -20.00000000000000711, -40.00000000000000000 ) ) ;
#2379 = ADVANCED_FACE ( 'NONE', ( #3751 ), #1536, .T. ) ;
#2380 = CYLINDRICAL_SURFACE ( 'NONE', #12045, 2.500000000000002220 ) ;
#2381 = ORIENTED_EDGE ( 'NONE', *, *, #4722, .T. ) ;
#2382 = DIRECTION ( 'NONE',  ( 1.000000000000000000, 0.000000000000000000, 1.387778780781445676E-16 ) ) ;
#2383 = DIRECTION ( 'NONE',  ( 0.000000000000000000, 0.000000000000000000, -1.000000000000000000 ) ) ;
#2384 = DIRECTION ( 'NONE',  ( 0.000000000000000000, 0.000000000000000000, -1.000000000000000000 ) ) ;
#2385 = ORIENTED_EDGE ( 'NONE', *, *, #901, .F. ) ;
#2386 = ORIENTED_EDGE ( 'NONE', *, *, #13063, .F. ) ;
#2387 = ORIENTED_EDGE ( 'NONE', *, *, #1966, .F. ) ;
#2388 = EDGE_CURVE ( 'NONE', #9803, #1913, #8665, .T. ) ;
#2389 = EDGE_CURVE ( 'NONE', #10560, #9627, #7672, .T. ) ;
#2390 = CARTESIAN_POINT ( 'NONE',  ( 60.90000000000004121, 29.99999999999999289, 45.99999999999999289 ) ) ;
#2391 = DIRECTION ( 'NONE',  ( -1.000000000000000000, 0.000000000000000000, 0.000000000000000000 ) ) ;
#2392 = ADVANCED_FACE ( 'NONE', ( #6670 ), #1753, .F. ) ;
#2393 = LINE ( 'NONE', #2202, #12191 ) ;
#2394 = CARTESIAN_POINT ( 'NONE',  ( -34.00000000000002842, 26.99999999999999289, 30.39999999999999858 ) ) ;
#2395 = DIRECTION ( 'NONE',  ( -1.000000000000000000, 0.000000000000000000, 0.000000000000000000 ) ) ;
#2396 = LINE ( 'NONE', #8509, #10792 ) ;
#2397 = CARTESIAN_POINT ( 'NONE',  ( 7.500000000000000000, -20.00000000000000000, -36.75000000000000000 ) ) ;
#2398 = ORIENTED_EDGE ( 'NONE', *, *, #11100, .F. ) ;
#2399 = ORIENTED_EDGE ( 'NONE', *, *, #12355, .F. ) ;
#2400 = FACE_OUTER_BOUND ( 'NONE', #638, .T. ) ;
#2401 = EDGE_CURVE ( 'NONE', #11805, #1080, #5678, .T. ) ;
#2402 = EDGE_LOOP ( 'NONE', ( #9179, #11726, #1748, #1668 ) ) ;
#2403 = EDGE_LOOP ( 'NONE', ( #8940, #8408, #1517, #3659, #310, #2360, #12813 ) ) ;
#2404 = FACE_OUTER_BOUND ( 'NONE', #5753, .T. ) ;
#2405 = CARTESIAN_POINT ( 'NONE',  ( 70.00000000000000000, 22.99999999999999289, -15.00000000000002309 ) ) ;
#2406 = DIRECTION ( 'NONE',  ( -0.000000000000000000, 0.000000000000000000, 1.000000000000000000 ) ) ;
#2407 = CARTESIAN_POINT ( 'NONE',  ( 22.00000000000003197, 29.99999999999999289, 3.000000000000004885 ) ) ;
#2408 = LINE ( 'NONE', #8658, #1609 ) ;
#2409 = ORIENTED_EDGE ( 'NONE', *, *, #5295, .T. ) ;
#2410 = DIRECTION ( 'NONE',  ( 1.387778780781445429E-16, 0.000000000000000000, 1.000000000000000000 ) ) ;
#2411 = VERTEX_POINT ( 'NONE', #12770 ) ;
#2412 = DIRECTION ( 'NONE',  ( 1.000000000000000000, 0.000000000000000000, 0.000000000000000000 ) ) ;
#2413 = VERTEX_POINT ( 'NONE', #3678 ) ;
#2414 = VERTEX_POINT ( 'NONE', #7728 ) ;
#2415 = DIRECTION ( 'NONE',  ( -1.000000000000000000, 0.000000000000000000, 0.000000000000000000 ) ) ;
#2416 = DIRECTION ( 'NONE',  ( -0.000000000000000000, 1.000000000000000000, -0.000000000000000000 ) ) ;
#2417 = CYLINDRICAL_SURFACE ( 'NONE', #4835, 4.000000000000000000 ) ;
#2418 = FACE_OUTER_BOUND ( 'NONE', #10065, .T. ) ;
#2419 = ADVANCED_FACE ( 'NONE', ( #11787 ), #2689, .T. ) ;
#2420 = DIRECTION ( 'NONE',  ( 0.000000000000000000, -0.000000000000000000, 1.000000000000000000 ) ) ;
#2421 = ADVANCED_FACE ( 'NONE', ( #838 ), #11182, .T. ) ;
#2422 = CARTESIAN_POINT ( 'NONE',  ( 23.75000000000000000, -30.00000000000001421, 44.85000000000000142 ) ) ;
#2423 = AXIS2_PLACEMENT_3D ( 'NONE', #9624, #12604, #12483 ) ;
#2424 = ORIENTED_EDGE ( 'NONE', *, *, #4661, .F. ) ;
#2425 = CARTESIAN_POINT ( 'NONE',  ( 23.74999999999982236, 4.999999999999990230, 60.00000000000000711 ) ) ;
#2426 = CYLINDRICAL_SURFACE ( 'NONE', #393, 4.000000000000003553 ) ;
#2427 = ORIENTED_EDGE ( 'NONE', *, *, #6207, .T. ) ;
#2428 = ORIENTED_EDGE ( 'NONE', *, *, #10650, .F. ) ;
#2429 = PLANE ( 'NONE',  #3945 ) ;
#2430 = ORIENTED_EDGE ( 'NONE', *, *, #2115, .F. ) ;
#2431 = VECTOR ( 'NONE', #7968, 1000.000000000000000 ) ;
#2432 = EDGE_CURVE ( 'NONE', #9323, #10583, #9125, .T. ) ;
#2433 = LINE ( 'NONE', #10477, #9063 ) ;
#2434 = DIRECTION ( 'NONE',  ( 0.000000000000000000, 0.000000000000000000, 1.000000000000000000 ) ) ;
#2435 = CARTESIAN_POINT ( 'NONE',  ( 33.28076952479507611, -28.00000000000000355, -25.89102539600397890 ) ) ;
#2436 = EDGE_CURVE ( 'NONE', #9612, #12348, #13102, .T. ) ;
#2437 = DIRECTION ( 'NONE',  ( 1.000000000000000000, 0.000000000000000000, -0.000000000000000000 ) ) ;
#2438 = ORIENTED_EDGE ( 'NONE', *, *, #6254, .T. ) ;
#2439 = PLANE ( 'NONE',  #352 ) ;
#2440 = AXIS2_PLACEMENT_3D ( 'NONE', #9846, #12901, #5068 ) ;
#2441 = FACE_OUTER_BOUND ( 'NONE', #1166, .T. ) ;
#2442 = ADVANCED_FACE ( 'NONE', ( #943 ), #10928, .F. ) ;
#2443 = DIRECTION ( 'NONE',  ( 0.000000000000000000, 0.000000000000000000, 1.000000000000000000 ) ) ;
#2444 = VERTEX_POINT ( 'NONE', #8989 ) ;
#2445 = ORIENTED_EDGE ( 'NONE', *, *, #11578, .F. ) ;
#2446 = ORIENTED_EDGE ( 'NONE', *, *, #5950, .F. ) ;
#2447 = EDGE_CURVE ( 'NONE', #2166, #12591, #889, .T. ) ;
#2448 = VECTOR ( 'NONE', #2877, 1000.000000000000000 ) ;
#2449 = EDGE_CURVE ( 'NONE', #7272, #1012, #11121, .T. ) ;
#2450 = DIRECTION ( 'NONE',  ( 0.000000000000000000, -1.000000000000000000, 0.000000000000000000 ) ) ;
#2451 = LINE ( 'NONE', #12802, #11791 ) ;
#2452 = AXIS2_PLACEMENT_3D ( 'NONE', #7565, #11629, #12879 ) ;
#2453 = DIRECTION ( 'NONE',  ( -0.000000000000000000, -1.000000000000000000, -0.000000000000000000 ) ) ;
#2454 = CARTESIAN_POINT ( 'NONE',  ( 23.75000000000000000, 0.000000000000000000, 60.00000000000000711 ) ) ;
#2455 = DIRECTION ( 'NONE',  ( 1.000000000000000000, -0.000000000000000000, -0.000000000000000000 ) ) ;
#2456 = CIRCLE ( 'NONE', #2687, 2.000000000000008882 ) ;
#2457 = VECTOR ( 'NONE', #12033, 1000.000000000000000 ) ;
#2458 = DIRECTION ( 'NONE',  ( 0.000000000000000000, 0.000000000000000000, 1.000000000000000000 ) ) ;
#2459 = EDGE_LOOP ( 'NONE', ( #4347, #9606, #6019, #7527, #8476 ) ) ;
#2460 = CIRCLE ( 'NONE', #4363, 10.00000000000000000 ) ;
#2461 = DIRECTION ( 'NONE',  ( -1.000000000000000000, 0.000000000000000000, 0.000000000000000000 ) ) ;
#2462 = ORIENTED_EDGE ( 'NONE', *, *, #1296, .T. ) ;
#2463 = EDGE_CURVE ( 'NONE', #10191, #12788, #12106, .T. ) ;
#2464 = EDGE_LOOP ( 'NONE', ( #7325, #6389, #2323, #3872 ) ) ;
#2465 = ORIENTED_EDGE ( 'NONE', *, *, #8562, .T. ) ;
#2466 = VECTOR ( 'NONE', #3757, 1000.000000000000000 ) ;
#2467 = AXIS2_PLACEMENT_3D ( 'NONE', #5369, #12382, #4099 ) ;
#2468 = DIRECTION ( 'NONE',  ( 0.000000000000000000, 1.000000000000000000, 0.000000000000000000 ) ) ;
#2469 = ORIENTED_EDGE ( 'NONE', *, *, #4299, .T. ) ;
#2470 = VECTOR ( 'NONE', #9379, 1000.000000000000000 ) ;
#2471 = FACE_OUTER_BOUND ( 'NONE', #2554, .T. ) ;
#2472 = VECTOR ( 'NONE', #2183, 1000.000000000000000 ) ;
#2473 = DIRECTION ( 'NONE',  ( 0.000000000000000000, 1.000000000000000000, 0.000000000000000000 ) ) ;
#2474 = CARTESIAN_POINT ( 'NONE',  ( 9.499999999999905853, 23.24999999999999289, -39.25000000000014211 ) ) ;
#2475 = DIRECTION ( 'NONE',  ( -1.000000000000000000, 0.000000000000000000, 1.387778780781445676E-16 ) ) ;
#2476 = FACE_BOUND ( 'NONE', #777, .T. ) ;
#2477 = CARTESIAN_POINT ( 'NONE',  ( 36.00000000000003553, 29.99999999999999289, 54.00000000000000000 ) ) ;
#2478 = ORIENTED_EDGE ( 'NONE', *, *, #6438, .F. ) ;
#2479 = AXIS2_PLACEMENT_3D ( 'NONE', #5253, #457, #5323 ) ;
#2480 = EDGE_CURVE ( 'NONE', #12632, #11723, #4817, .T. ) ;
#2481 = PLANE ( 'NONE',  #1434 ) ;
#2482 = VERTEX_POINT ( 'NONE', #4066 ) ;
#2483 = CIRCLE ( 'NONE', #13083, 1.500000000000001332 ) ;
#2484 = AXIS2_PLACEMENT_3D ( 'NONE', #10995, #1887, #628 ) ;
#2485 = LINE ( 'NONE', #6548, #6355 ) ;
#2486 = CIRCLE ( 'NONE', #10343, 4.000000000000003553 ) ;
#2487 = EDGE_CURVE ( 'NONE', #8743, #11574, #6935, .T. ) ;
#2488 = AXIS2_PLACEMENT_3D ( 'NONE', #10029, #2657, #6905 ) ;
#2489 = DIRECTION ( 'NONE',  ( -1.734723475976807094E-15, 0.000000000000000000, 1.000000000000000000 ) ) ;
#2490 = ORIENTED_EDGE ( 'NONE', *, *, #10883, .T. ) ;
#2491 = ORIENTED_EDGE ( 'NONE', *, *, #3952, .T. ) ;
#2492 = VECTOR ( 'NONE', #4169, 1000.000000000000000 ) ;
#2493 = VECTOR ( 'NONE', #4181, 1000.000000000000000 ) ;
#2494 = CARTESIAN_POINT ( 'NONE',  ( 18.75000000000001066, -52.50000000000000711, 60.00000000000000711 ) ) ;
#2495 = CARTESIAN_POINT ( 'NONE',  ( -64.00000000000002842, 29.99999999999999289, 58.00000000000000000 ) ) ;
#2496 = LINE ( 'NONE', #3559, #6500 ) ;
#2497 = CARTESIAN_POINT ( 'NONE',  ( -74.00000000000004263, 26.99999999999999289, 50.00000000000000000 ) ) ;
#2498 = CIRCLE ( 'NONE', #2291, 4.000000000000003553 ) ;
#2499 = FACE_OUTER_BOUND ( 'NONE', #4958, .T. ) ;
#2500 = VECTOR ( 'NONE', #11659, 1000.000000000000000 ) ;
#2501 = ORIENTED_EDGE ( 'NONE', *, *, #12050, .F. ) ;
#2502 = DIRECTION ( 'NONE',  ( -0.000000000000000000, 1.000000000000000000, -0.000000000000000000 ) ) ;
#2503 = ADVANCED_FACE ( 'NONE', ( #12158 ), #11005, .T. ) ;
#2504 = DIRECTION ( 'NONE',  ( 1.000000000000000000, 0.000000000000000000, 0.000000000000000000 ) ) ;
#2505 = VECTOR ( 'NONE', #10404, 1000.000000000000000 ) ;
#2506 = VERTEX_POINT ( 'NONE', #3874 ) ;
#2507 = VECTOR ( 'NONE', #1918, 1000.000000000000000 ) ;
#2508 = ORIENTED_EDGE ( 'NONE', *, *, #5706, .F. ) ;
#2509 = DIRECTION ( 'NONE',  ( 1.000000000000000000, 0.000000000000000000, -0.000000000000000000 ) ) ;
#2510 = VECTOR ( 'NONE', #2834, 1000.000000000000000 ) ;
#2511 = ORIENTED_EDGE ( 'NONE', *, *, #8562, .F. ) ;
#2512 = AXIS2_PLACEMENT_3D ( 'NONE', #4893, #1893, #8934 ) ;
#2513 = FACE_OUTER_BOUND ( 'NONE', #5507, .T. ) ;
#2514 = CARTESIAN_POINT ( 'NONE',  ( -46.00000000000004974, 29.99999999999999289, 42.59999999999999432 ) ) ;
#2515 = CARTESIAN_POINT ( 'NONE',  ( -34.00000000000003553, 26.99999999999999289, 0.000000000000000000 ) ) ;
#2516 = VECTOR ( 'NONE', #10558, 1000.000000000000000 ) ;
#2517 = DIRECTION ( 'NONE',  ( 0.000000000000000000, 0.000000000000000000, -1.000000000000000000 ) ) ;
#2518 = DIRECTION ( 'NONE',  ( 0.000000000000000000, 0.4224229034221526069, -0.9063988584858206909 ) ) ;
#2519 = AXIS2_PLACEMENT_3D ( 'NONE', #7253, #9381, #215 ) ;
#2520 = ORIENTED_EDGE ( 'NONE', *, *, #7013, .T. ) ;
#2521 = DIRECTION ( 'NONE',  ( 0.000000000000000000, 0.000000000000000000, 1.000000000000000000 ) ) ;
#2522 = EDGE_CURVE ( 'NONE', #1506, #1633, #1950, .T. ) ;
#2523 = VECTOR ( 'NONE', #10030, 999.9999999999998863 ) ;
#2524 = CARTESIAN_POINT ( 'NONE',  ( 33.00000000000004263, 29.99999999999999289, -4.999999999999999112 ) ) ;
#2525 = DIRECTION ( 'NONE',  ( 0.000000000000000000, 1.000000000000000000, -0.000000000000000000 ) ) ;
#2526 = ORIENTED_EDGE ( 'NONE', *, *, #4582, .F. ) ;
#2527 = VERTEX_POINT ( 'NONE', #9990 ) ;
#2528 = EDGE_CURVE ( 'NONE', #9281, #266, #2959, .T. ) ;
#2529 = DIRECTION ( 'NONE',  ( -0.000000000000000000, 1.000000000000000000, -0.000000000000000000 ) ) ;
#2530 = CYLINDRICAL_SURFACE ( 'NONE', #12839, 1.500000000000001332 ) ;
#2531 = DIRECTION ( 'NONE',  ( -1.000000000000000000, 0.000000000000000000, 0.000000000000000000 ) ) ;
#2532 = AXIS2_PLACEMENT_3D ( 'NONE', #1289, #12243, #6154 ) ;
#2533 = EDGE_CURVE ( 'NONE', #5254, #7936, #4950, .T. ) ;
#2534 = DIRECTION ( 'NONE',  ( -1.416100796715761356E-16, 0.000000000000000000, 1.000000000000000000 ) ) ;
#2535 = DIRECTION ( 'NONE',  ( 0.000000000000000000, -0.000000000000000000, 1.000000000000000000 ) ) ;
#2536 = EDGE_CURVE ( 'NONE', #11872, #7635, #8938, .T. ) ;
#2537 = DIRECTION ( 'NONE',  ( 0.000000000000000000, 0.000000000000000000, 1.000000000000000000 ) ) ;
#2538 = ORIENTED_EDGE ( 'NONE', *, *, #12754, .F. ) ;
#2539 = CARTESIAN_POINT ( 'NONE',  ( 44.00000000000003553, 29.99999999999999289, 18.19999999999999574 ) ) ;
#2540 = ORIENTED_EDGE ( 'NONE', *, *, #1210, .F. ) ;
#2541 = ORIENTED_EDGE ( 'NONE', *, *, #11414, .F. ) ;
#2542 = EDGE_LOOP ( 'NONE', ( #2692, #4595, #3075, #11049 ) ) ;
#2543 = PLANE ( 'NONE',  #4621 ) ;
#2544 = EDGE_LOOP ( 'NONE', ( #12313, #8265, #4881, #12690 ) ) ;
#2545 = CARTESIAN_POINT ( 'NONE',  ( -66.00000000000002842, 25.99999999999999289, 60.00000000000000711 ) ) ;
#2546 = DIRECTION ( 'NONE',  ( -0.000000000000000000, 0.000000000000000000, 1.000000000000000000 ) ) ;
#2547 = DIRECTION ( 'NONE',  ( -0.000000000000000000, 1.000000000000000000, -0.000000000000000000 ) ) ;
#2548 = CARTESIAN_POINT ( 'NONE',  ( -23.75000000000000000, -30.00000000000001421, 13.85000000000000142 ) ) ;
#2549 = CARTESIAN_POINT ( 'NONE',  ( -18.00000000000000355, 23.24999999999999289, -36.75000000000000000 ) ) ;
#2550 = CARTESIAN_POINT ( 'NONE',  ( -34.00000000000002842, 29.99999999999999289, 8.000000000000007105 ) ) ;
#2551 = DIRECTION ( 'NONE',  ( 0.000000000000000000, 1.000000000000000000, -0.000000000000000000 ) ) ;
#2552 = ORIENTED_EDGE ( 'NONE', *, *, #2844, .T. ) ;
#2553 = FACE_OUTER_BOUND ( 'NONE', #11665, .T. ) ;
#2554 = EDGE_LOOP ( 'NONE', ( #2989, #11768, #11160, #10396, #9784, #1738 ) ) ;
#2555 = DIRECTION ( 'NONE',  ( -1.000000000000000000, 0.000000000000000000, 0.000000000000000000 ) ) ;
#2556 = CARTESIAN_POINT ( 'NONE',  ( -23.75000000000000000, -30.00000000000001421, 13.85000000000000142 ) ) ;
#2557 = VERTEX_POINT ( 'NONE', #10119 ) ;
#2558 = EDGE_LOOP ( 'NONE', ( #3087, #8866, #7469, #3073 ) ) ;
#2559 = EDGE_CURVE ( 'NONE', #9532, #5613, #10190, .T. ) ;
#2560 = ADVANCED_FACE ( 'NONE', ( #5005 ), #12914, .F. ) ;
#2561 = CARTESIAN_POINT ( 'NONE',  ( -23.75000000000000000, 19.99999999999998934, 44.85000000000000142 ) ) ;
#2562 = CARTESIAN_POINT ( 'NONE',  ( 0.000000000000000000, 29.99999999999999289, 42.59999999999999432 ) ) ;
#2563 = CARTESIAN_POINT ( 'NONE',  ( -3.000000000000000000, -24.00000000000000000, -36.75000000000000000 ) ) ;
#2564 = EDGE_CURVE ( 'NONE', #3902, #4022, #2014, .T. ) ;
#2565 = PLANE ( 'NONE',  #4639 ) ;
#2566 = FACE_BOUND ( 'NONE', #11964, .T. ) ;
#2567 = ORIENTED_EDGE ( 'NONE', *, *, #9484, .F. ) ;
#2568 = DIRECTION ( 'NONE',  ( -1.000000000000000000, 0.000000000000000000, 0.000000000000000000 ) ) ;
#2569 = DIRECTION ( 'NONE',  ( 0.000000000000000000, 1.000000000000000000, -0.000000000000000000 ) ) ;
#2570 = CARTESIAN_POINT ( 'NONE',  ( -14.30000000000000426, 38.26999999999998892, 25.10434383594887464 ) ) ;
#2571 = ORIENTED_EDGE ( 'NONE', *, *, #4667, .T. ) ;
#2572 = ORIENTED_EDGE ( 'NONE', *, *, #6623, .F. ) ;
#2573 = DIRECTION ( 'NONE',  ( 1.416100796715761603E-16, 0.000000000000000000, 1.000000000000000000 ) ) ;
#2574 = VERTEX_POINT ( 'NONE', #4209 ) ;
#2575 = ORIENTED_EDGE ( 'NONE', *, *, #9978, .F. ) ;
#2576 = CARTESIAN_POINT ( 'NONE',  ( -31.00000000000004619, 26.99999999999999289, 5.377642775528110197E-14 ) ) ;
#2577 = EDGE_CURVE ( 'NONE', #10806, #3954, #11312, .T. ) ;
#2578 = LINE ( 'NONE', #5430, #7346 ) ;
#2579 = LINE ( 'NONE', #2515, #12424 ) ;
#2580 = LINE ( 'NONE', #7834, #6318 ) ;
#2581 = CARTESIAN_POINT ( 'NONE',  ( 85.99999999999994316, 23.99999999999998934, 56.00000000000000711 ) ) ;
#2582 = DIRECTION ( 'NONE',  ( -0.000000000000000000, 0.000000000000000000, 1.000000000000000000 ) ) ;
#2583 = EDGE_CURVE ( 'NONE', #3004, #5307, #12163, .T. ) ;
#2584 = ORIENTED_EDGE ( 'NONE', *, *, #11898, .F. ) ;
#2585 = FACE_OUTER_BOUND ( 'NONE', #6687, .T. ) ;
#2586 = FACE_OUTER_BOUND ( 'NONE', #12948, .T. ) ;
#2587 = LINE ( 'NONE', #10485, #6097 ) ;
#2588 = EDGE_LOOP ( 'NONE', ( #2179, #11594, #8952, #10476, #10882, #9512 ) ) ;
#2589 = ORIENTED_EDGE ( 'NONE', *, *, #4918, .F. ) ;
#2590 = DIRECTION ( 'NONE',  ( 0.000000000000000000, 0.000000000000000000, 1.000000000000000000 ) ) ;
#2591 = LINE ( 'NONE', #7702, #6700 ) ;
#2592 = PLANE ( 'NONE',  #324 ) ;
#2593 = ADVANCED_FACE ( 'NONE', ( #6147 ), #10316, .T. ) ;
#2594 = EDGE_CURVE ( 'NONE', #9946, #11694, #3531, .T. ) ;
#2595 = LINE ( 'NONE', #10696, #9422 ) ;
#2596 = CARTESIAN_POINT ( 'NONE',  ( 34.00000000000002842, 26.99999999999999289, 0.000000000000000000 ) ) ;
#2597 = CARTESIAN_POINT ( 'NONE',  ( -7.500000000000000000, -19.99999999999999289, -36.75000000000000000 ) ) ;
#2598 = ORIENTED_EDGE ( 'NONE', *, *, #10142, .T. ) ;
#2599 = EDGE_LOOP ( 'NONE', ( #8844, #8211, #5362, #9877, #308, #6876 ) ) ;
#2600 = EDGE_LOOP ( 'NONE', ( #13028, #11025, #898, #7306 ) ) ;
#2601 = EDGE_CURVE ( 'NONE', #1456, #8849, #2156, .T. ) ;
#2602 = ORIENTED_EDGE ( 'NONE', *, *, #5145, .T. ) ;
#2603 = ORIENTED_EDGE ( 'NONE', *, *, #8321, .T. ) ;
#2604 = DIRECTION ( 'NONE',  ( 0.000000000000000000, 0.000000000000000000, -1.000000000000000000 ) ) ;
#2605 = ORIENTED_EDGE ( 'NONE', *, *, #3494, .F. ) ;
#2606 = DIRECTION ( 'NONE',  ( -0.000000000000000000, 1.000000000000000000, -0.000000000000000000 ) ) ;
#2607 = CARTESIAN_POINT ( 'NONE',  ( 18.74999999999983302, -30.00000000000001421, 13.85000000000000142 ) ) ;
#2608 = CARTESIAN_POINT ( 'NONE',  ( -14.29999999999999005, -45.50000000000000711, 53.50000000000000000 ) ) ;
#2609 = CARTESIAN_POINT ( 'NONE',  ( -62.90000000000005542, 26.99999999999999289, 0.000000000000000000 ) ) ;
#2610 = CARTESIAN_POINT ( 'NONE',  ( -28.74999999999999645, -26.00000000000000711, 10.00000000000000000 ) ) ;
#2611 = PLANE ( 'NONE',  #11179 ) ;
#2612 = FACE_OUTER_BOUND ( 'NONE', #4301, .T. ) ;
#2613 = EDGE_CURVE ( 'NONE', #6331, #10766, #6726, .T. ) ;
#2614 = DIRECTION ( 'NONE',  ( 1.000000000000000000, -0.000000000000000000, -0.000000000000000000 ) ) ;
#2615 = ORIENTED_EDGE ( 'NONE', *, *, #10883, .F. ) ;
#2616 = FACE_OUTER_BOUND ( 'NONE', #9183, .T. ) ;
#2617 = EDGE_LOOP ( 'NONE', ( #3312, #7776, #2427, #3019 ) ) ;
#2618 = EDGE_CURVE ( 'NONE', #9913, #11618, #8464, .T. ) ;
#2619 = DIRECTION ( 'NONE',  ( -0.000000000000000000, 1.000000000000000000, -0.000000000000000000 ) ) ;
#2620 = EDGE_CURVE ( 'NONE', #1999, #12227, #9642, .T. ) ;
#2621 = ORIENTED_EDGE ( 'NONE', *, *, #9833, .T. ) ;
#2622 = ORIENTED_EDGE ( 'NONE', *, *, #1357, .F. ) ;
#2623 = CARTESIAN_POINT ( 'NONE',  ( 14.30000000000000426, 37.53999999999999204, 51.00000000000000711 ) ) ;
#2624 = CARTESIAN_POINT ( 'NONE',  ( 46.00000000000004263, 26.99999999999999289, 48.00000000000000000 ) ) ;
#2625 = DIRECTION ( 'NONE',  ( -0.000000000000000000, 1.000000000000000000, -0.000000000000000000 ) ) ;
#2626 = DIRECTION ( 'NONE',  ( 1.000000000000000000, 0.000000000000000000, 0.000000000000000000 ) ) ;
#2627 = CARTESIAN_POINT ( 'NONE',  ( 0.000000000000000000, 26.99999999999999289, 42.59999999999999432 ) ) ;
#2628 = EDGE_CURVE ( 'NONE', #7421, #10262, #11653, .T. ) ;
#2629 = DIRECTION ( 'NONE',  ( -1.000000000000000000, 0.000000000000000000, 0.000000000000000000 ) ) ;
#2630 = VERTEX_POINT ( 'NONE', #4535 ) ;
#2631 = DIRECTION ( 'NONE',  ( -0.000000000000000000, 1.000000000000000000, -0.000000000000000000 ) ) ;
#2632 = CARTESIAN_POINT ( 'NONE',  ( -36.00000000000003553, 26.99999999999999289, 54.00000000000000000 ) ) ;
#2633 = EDGE_LOOP ( 'NONE', ( #3057, #1306, #10911, #6703 ) ) ;
#2634 = ORIENTED_EDGE ( 'NONE', *, *, #12600, .F. ) ;
#2635 = EDGE_CURVE ( 'NONE', #3217, #10908, #8578, .T. ) ;
#2636 = DIRECTION ( 'NONE',  ( -1.000000000000000000, 0.000000000000000000, -0.000000000000000000 ) ) ;
#2637 = EDGE_LOOP ( 'NONE', ( #9995, #5866, #5989, #10275, #25, #12420, #6421, #1222, #6016, #12961, #7500, #7117, #3003, #1977, #5421, #12891 ) ) ;
#2638 = VERTEX_POINT ( 'NONE', #7450 ) ;
#2639 = LINE ( 'NONE', #7748, #11849 ) ;
#2640 = LINE ( 'NONE', #446, #3324 ) ;
#2641 = DIRECTION ( 'NONE',  ( -0.000000000000000000, -0.000000000000000000, -1.000000000000000000 ) ) ;
#2642 = CARTESIAN_POINT ( 'NONE',  ( -44.00000000000003553, 26.99999999999999289, -2.999999999999986233 ) ) ;
#2643 = DIRECTION ( 'NONE',  ( 0.000000000000000000, -0.000000000000000000, -1.000000000000000000 ) ) ;
#2644 = CARTESIAN_POINT ( 'NONE',  ( 46.00000000000004263, 26.99999999999999289, 46.00000000000000000 ) ) ;
#2645 = CARTESIAN_POINT ( 'NONE',  ( -23.75000000000000000, -20.49999999999991473, 19.50000000000000355 ) ) ;
#2646 = DIRECTION ( 'NONE',  ( -0.000000000000000000, 1.000000000000000000, -0.000000000000000000 ) ) ;
#2647 = DIRECTION ( 'NONE',  ( 0.000000000000000000, 0.000000000000000000, -1.000000000000000000 ) ) ;
#2648 = FACE_OUTER_BOUND ( 'NONE', #5767, .T. ) ;
#2649 = EDGE_LOOP ( 'NONE', ( #1079, #4040, #3133, #7851 ) ) ;
#2650 = ORIENTED_EDGE ( 'NONE', *, *, #5458, .T. ) ;
#2651 = EDGE_CURVE ( 'NONE', #11184, #5315, #5030, .T. ) ;
#2652 = CIRCLE ( 'NONE', #10712, 2.599999999999987654 ) ;
#2653 = DIRECTION ( 'NONE',  ( 0.000000000000000000, 0.000000000000000000, 1.000000000000000000 ) ) ;
#2654 = CARTESIAN_POINT ( 'NONE',  ( 40.00000000000000711, -20.00000000000000711, -40.00000000000000000 ) ) ;
#2655 = CIRCLE ( 'NONE', #4563, 2.500000000000002220 ) ;
#2656 = CARTESIAN_POINT ( 'NONE',  ( -23.75000000000000000, -30.00000000000001421, 13.85000000000000142 ) ) ;
#2657 = DIRECTION ( 'NONE',  ( -1.000000000000000000, 0.000000000000000000, 0.000000000000000000 ) ) ;
#2658 = DIRECTION ( 'NONE',  ( -1.000000000000000000, -0.000000000000000000, -0.000000000000000000 ) ) ;
#2659 = VERTEX_POINT ( 'NONE', #2610 ) ;
#2660 = ORIENTED_EDGE ( 'NONE', *, *, #1295, .F. ) ;
#2661 = ORIENTED_EDGE ( 'NONE', *, *, #1655, .F. ) ;
#2662 = EDGE_CURVE ( 'NONE', #9486, #2557, #9695, .T. ) ;
#2663 = LINE ( 'NONE', #737, #6337 ) ;
#2664 = ORIENTED_EDGE ( 'NONE', *, *, #5541, .T. ) ;
#2665 = VECTOR ( 'NONE', #4866, 1000.000000000000000 ) ;
#2666 = ORIENTED_EDGE ( 'NONE', *, *, #2141, .F. ) ;
#2667 = ORIENTED_EDGE ( 'NONE', *, *, #7207, .T. ) ;
#2668 = EDGE_CURVE ( 'NONE', #10370, #1135, #1527, .T. ) ;
#2669 = CARTESIAN_POINT ( 'NONE',  ( 0.000000000000000000, 19.99999999999999289, -33.25000000000000000 ) ) ;
#2670 = ORIENTED_EDGE ( 'NONE', *, *, #10330, .T. ) ;
#2671 = CARTESIAN_POINT ( 'NONE',  ( 28.75000000000000000, -9.499999999999914735, 67.51000000000000512 ) ) ;
#2672 = CARTESIAN_POINT ( 'NONE',  ( 31.00000000000003908, 26.99999999999999289, 5.000000000000003553 ) ) ;
#2673 = DIRECTION ( 'NONE',  ( -1.000000000000000000, 0.000000000000000000, 0.000000000000000000 ) ) ;
#2674 = DIRECTION ( 'NONE',  ( 0.000000000000000000, -0.000000000000000000, 1.000000000000000000 ) ) ;
#2675 = VECTOR ( 'NONE', #6657, 1000.000000000000000 ) ;
#2676 = VECTOR ( 'NONE', #6383, 1000.000000000000000 ) ;
#2677 = CARTESIAN_POINT ( 'NONE',  ( 24.00000000000002842, 15.89999999999996660, -34.75000000000000000 ) ) ;
#2678 = FACE_OUTER_BOUND ( 'NONE', #7076, .T. ) ;
#2679 = EDGE_CURVE ( 'NONE', #12160, #5468, #4326, .T. ) ;
#2680 = DIRECTION ( 'NONE',  ( -1.000000000000000000, 0.000000000000000000, 0.000000000000000000 ) ) ;
#2681 = PLANE ( 'NONE',  #3521 ) ;
#2682 = CIRCLE ( 'NONE', #11366, 2.500000000000002220 ) ;
#2683 = EDGE_LOOP ( 'NONE', ( #4698, #4909, #679, #9376 ) ) ;
#2684 = DIRECTION ( 'NONE',  ( -1.000000000000000000, 0.000000000000000000, 0.000000000000000000 ) ) ;
#2685 = ORIENTED_EDGE ( 'NONE', *, *, #521, .F. ) ;
#2686 = EDGE_CURVE ( 'NONE', #12509, #13081, #1618, .T. ) ;
#2687 = AXIS2_PLACEMENT_3D ( 'NONE', #7824, #2787, #1093 ) ;
#2688 = VECTOR ( 'NONE', #6036, 1000.000000000000000 ) ;
#2689 = PLANE ( 'NONE',  #10117 ) ;
#2690 = ADVANCED_FACE ( 'NONE', ( #10795 ), #7921, .F. ) ;
#2691 = ADVANCED_FACE ( 'NONE', ( #8929 ), #8783, .T. ) ;
#2692 = ORIENTED_EDGE ( 'NONE', *, *, #1285, .T. ) ;
#2693 = ORIENTED_EDGE ( 'NONE', *, *, #69, .T. ) ;
#2694 = VECTOR ( 'NONE', #6807, 1000.000000000000000 ) ;
#2695 = LINE ( 'NONE', #7009, #4614 ) ;
#2696 = DIRECTION ( 'NONE',  ( -0.000000000000000000, -0.000000000000000000, -1.000000000000000000 ) ) ;
#2697 = DIRECTION ( 'NONE',  ( 0.000000000000000000, 0.000000000000000000, 1.000000000000000000 ) ) ;
#2698 = VECTOR ( 'NONE', #2098, 1000.000000000000000 ) ;
#2699 = EDGE_CURVE ( 'NONE', #8701, #3954, #1806, .T. ) ;
#2700 = DIRECTION ( 'NONE',  ( 0.000000000000000000, 0.000000000000000000, 1.000000000000000000 ) ) ;
#2701 = VECTOR ( 'NONE', #11664, 1000.000000000000000 ) ;
#2702 = CARTESIAN_POINT ( 'NONE',  ( 74.00000000000004263, 25.99999999999999289, 56.00000000000000711 ) ) ;
#2703 = ORIENTED_EDGE ( 'NONE', *, *, #11745, .F. ) ;
#2704 = VECTOR ( 'NONE', #4912, 1000.000000000000000 ) ;
#2705 = CARTESIAN_POINT ( 'NONE',  ( 28.75000000000000355, 46.49999999999983658, 10.00000000000000000 ) ) ;
#2706 = EDGE_CURVE ( 'NONE', #8645, #3056, #748, .T. ) ;
#2707 = VECTOR ( 'NONE', #11344, 1000.000000000000000 ) ;
#2708 = DIRECTION ( 'NONE',  ( 1.000000000000000000, -0.000000000000000000, -0.000000000000000000 ) ) ;
#2709 = ADVANCED_FACE ( 'NONE', ( #12965 ), #8859, .T. ) ;
#2710 = ORIENTED_EDGE ( 'NONE', *, *, #7488, .F. ) ;
#2711 = VERTEX_POINT ( 'NONE', #2677 ) ;
#2712 = DIRECTION ( 'NONE',  ( 1.000000000000000000, 0.000000000000000000, -6.195440985631457782E-17 ) ) ;
#2713 = VECTOR ( 'NONE', #2760, 1000.000000000000000 ) ;
#2714 = AXIS2_PLACEMENT_3D ( 'NONE', #1083, #70, #4129 ) ;
#2715 = EDGE_CURVE ( 'NONE', #10661, #5160, #6859, .T. ) ;
#2716 = CIRCLE ( 'NONE', #4400, 4.000000000000000000 ) ;
#2717 = ORIENTED_EDGE ( 'NONE', *, *, #1061, .T. ) ;
#2718 = EDGE_LOOP ( 'NONE', ( #3690, #11738, #2888, #5766, #5268, #3339, #11505, #5867, #10669, #1800, #10761, #1646, #2830, #752, #4949, #12610, #9670, #11161, #10334, #7823, #12971, #11936, #2093, #8228, #4692, #1189, #197, #10373, #1154, #1927, #7775, #9755, #3804, #372, #11910, #9128, #11089, #11911, #1955, #1001, #2670, #8892, #12169, #11767, #9207, #2650, #8777, #2374, #12135, #13134, #6074, #5988, #7015, #1736, #211, #12818, #9628, #6185, #10705, #7396, #5025, #3792, #7999, #3473, #6497, #7640, #11985, #6593, #11331, #7482, #5737, #8032, #727, #7567 ) ) ;
#2719 = DIRECTION ( 'NONE',  ( 1.000000000000000000, 0.000000000000000000, 0.000000000000000000 ) ) ;
#2720 = AXIS2_PLACEMENT_3D ( 'NONE', #7676, #12716, #9537 ) ;
#2721 = DIRECTION ( 'NONE',  ( 1.000000000000000000, 0.000000000000000000, -0.000000000000000000 ) ) ;
#2722 = DIRECTION ( 'NONE',  ( 0.000000000000000000, 0.000000000000000000, 1.000000000000000000 ) ) ;
#2723 = AXIS2_PLACEMENT_3D ( 'NONE', #5515, #246, #3501 ) ;
#2724 = CARTESIAN_POINT ( 'NONE',  ( 0.000000000000000000, 29.99999999999999289, 42.60000000000000142 ) ) ;
#2725 = ADVANCED_FACE ( 'NONE', ( #9925 ), #2878, .F. ) ;
#2726 = CARTESIAN_POINT ( 'NONE',  ( -30.00000000000003197, 26.99999999999999289, -2.999999999999991118 ) ) ;
#2727 = CARTESIAN_POINT ( 'NONE',  ( 29.75000000000002487, 11.09999999999996589, -34.75000000000000000 ) ) ;
#2728 = ORIENTED_EDGE ( 'NONE', *, *, #3040, .F. ) ;
#2729 = VECTOR ( 'NONE', #2036, 1000.000000000000000 ) ;
#2730 = ADVANCED_FACE ( 'NONE', ( #8722 ), #12763, .F. ) ;
#2731 = VECTOR ( 'NONE', #4970, 1000.000000000000000 ) ;
#2732 = ORIENTED_EDGE ( 'NONE', *, *, #5366, .T. ) ;
#2733 = EDGE_CURVE ( 'NONE', #5203, #10433, #128, .T. ) ;
#2734 = CARTESIAN_POINT ( 'NONE',  ( 30.00000000000000000, -0.9999999999999579225, -40.00000000000000000 ) ) ;
#2735 = DIRECTION ( 'NONE',  ( 1.416100796715761603E-16, 0.000000000000000000, 1.000000000000000000 ) ) ;
#2736 = DIRECTION ( 'NONE',  ( 0.000000000000000000, 0.000000000000000000, -1.000000000000000000 ) ) ;
#2737 = EDGE_LOOP ( 'NONE', ( #11709, #4750, #12756, #12534, #11725, #11657, #3742, #11386 ) ) ;
#2738 = AXIS2_PLACEMENT_3D ( 'NONE', #4448, #8496, #6232 ) ;
#2739 = ORIENTED_EDGE ( 'NONE', *, *, #69, .F. ) ;
#2740 = AXIS2_PLACEMENT_3D ( 'NONE', #4450, #5780, #3709 ) ;
#2741 = LINE ( 'NONE', #458, #6508 ) ;
#2742 = DIRECTION ( 'NONE',  ( 0.000000000000000000, 1.000000000000000000, 0.000000000000000000 ) ) ;
#2743 = VECTOR ( 'NONE', #5088, 1000.000000000000000 ) ;
#2744 = EDGE_CURVE ( 'NONE', #5959, #7272, #1009, .T. ) ;
#2745 = VECTOR ( 'NONE', #1119, 1000.000000000000000 ) ;
#2746 = DIRECTION ( 'NONE',  ( 0.000000000000000000, 0.000000000000000000, 1.000000000000000000 ) ) ;
#2747 = EDGE_CURVE ( 'NONE', #5063, #2025, #10185, .T. ) ;
#2748 = ADVANCED_FACE ( 'NONE', ( #1073 ), #9311, .T. ) ;
#2749 = DIRECTION ( 'NONE',  ( -0.000000000000000000, -1.000000000000000000, -0.000000000000000000 ) ) ;
#2750 = VECTOR ( 'NONE', #6681, 1000.000000000000000 ) ;
#2751 = DIRECTION ( 'NONE',  ( 0.000000000000000000, 0.000000000000000000, -1.000000000000000000 ) ) ;
#2752 = EDGE_LOOP ( 'NONE', ( #9037, #1078, #12145, #11534 ) ) ;
#2753 = EDGE_LOOP ( 'NONE', ( #6213, #9738, #9754, #1293 ) ) ;
#2754 = ORIENTED_EDGE ( 'NONE', *, *, #6818, .F. ) ;
#2755 = ORIENTED_EDGE ( 'NONE', *, *, #4728, .T. ) ;
#2756 = AXIS2_PLACEMENT_3D ( 'NONE', #8861, #12967, #11861 ) ;
#2757 = MANIFOLD_SOLID_BREP ( 'Enl\X2\00e8\X0\v. mat.-Extru.24', #12405 ) ;
#2758 = ORIENTED_EDGE ( 'NONE', *, *, #10961, .T. ) ;
#2759 = EDGE_LOOP ( 'NONE', ( #11122, #9950 ) ) ;
#2760 = DIRECTION ( 'NONE',  ( 1.000000000000000000, -0.000000000000000000, -0.000000000000000000 ) ) ;
#2761 = ORIENTED_EDGE ( 'NONE', *, *, #13078, .F. ) ;
#2762 = CARTESIAN_POINT ( 'NONE',  ( 30.00000000000000000, -0.9999999999999579225, 0.000000000000000000 ) ) ;
#2763 = DIRECTION ( 'NONE',  ( -0.000000000000000000, -1.000000000000000000, -0.000000000000000000 ) ) ;
#2764 = AXIS2_PLACEMENT_3D ( 'NONE', #437, #4556, #2568 ) ;
#2765 = LINE ( 'NONE', #10651, #2675 ) ;
#2766 = DIRECTION ( 'NONE',  ( -0.000000000000000000, -0.000000000000000000, -1.000000000000000000 ) ) ;
#2767 = DIRECTION ( 'NONE',  ( -0.000000000000000000, 1.000000000000000000, -0.000000000000000000 ) ) ;
#2768 = DIRECTION ( 'NONE',  ( 1.000000000000000000, -0.000000000000000000, -0.000000000000000000 ) ) ;
#2769 = ORIENTED_EDGE ( 'NONE', *, *, #12096, .F. ) ;
#2770 = LINE ( 'NONE', #11364, #8241 ) ;
#2771 = ORIENTED_EDGE ( 'NONE', *, *, #741, .T. ) ;
#2772 = DIRECTION ( 'NONE',  ( 2.636779683484744575E-14, -0.000000000000000000, -1.000000000000000000 ) ) ;
#2773 = ORIENTED_EDGE ( 'NONE', *, *, #3483, .T. ) ;
#2774 = VERTEX_POINT ( 'NONE', #3010 ) ;
#2775 = CARTESIAN_POINT ( 'NONE',  ( 38.24999999999982947, -28.00000000000000355, -23.00000000000000355 ) ) ;
#2776 = LINE ( 'NONE', #843, #139 ) ;
#2777 = DIRECTION ( 'NONE',  ( -1.000000000000000000, 0.000000000000000000, -6.195440985631457782E-17 ) ) ;
#2778 = CARTESIAN_POINT ( 'NONE',  ( 35.74999999999983658, -30.00000000000000711, -25.50000000000000355 ) ) ;
#2779 = DIRECTION ( 'NONE',  ( -3.469446951953614189E-16, 1.000000000000000000, 0.000000000000000000 ) ) ;
#2780 = ORIENTED_EDGE ( 'NONE', *, *, #7155, .T. ) ;
#2781 = DIRECTION ( 'NONE',  ( -0.000000000000000000, -1.000000000000000000, -0.000000000000000000 ) ) ;
#2782 = EDGE_CURVE ( 'NONE', #8188, #9449, #7185, .T. ) ;
#2783 = DIRECTION ( 'NONE',  ( 0.000000000000000000, 1.000000000000000000, -0.000000000000000000 ) ) ;
#2784 = VERTEX_POINT ( 'NONE', #7296 ) ;
#2785 = EDGE_LOOP ( 'NONE', ( #9541, #9859, #13124, #2791, #11871 ) ) ;
#2786 = ORIENTED_EDGE ( 'NONE', *, *, #4507, .F. ) ;
#2787 = DIRECTION ( 'NONE',  ( -0.000000000000000000, -1.000000000000000000, 0.000000000000000000 ) ) ;
#2788 = EDGE_CURVE ( 'NONE', #3474, #2345, #10988, .T. ) ;
#2789 = ORIENTED_EDGE ( 'NONE', *, *, #7235, .F. ) ;
#2790 = ORIENTED_EDGE ( 'NONE', *, *, #3355, .T. ) ;
#2791 = ORIENTED_EDGE ( 'NONE', *, *, #10875, .F. ) ;
#2792 = CARTESIAN_POINT ( 'NONE',  ( 88.34314575050755991, 19.99999999999998579, 9.999999999999998224 ) ) ;
#2793 = DIRECTION ( 'NONE',  ( 0.000000000000000000, 0.000000000000000000, -1.000000000000000000 ) ) ;
#2794 = FACE_OUTER_BOUND ( 'NONE', #7001, .T. ) ;
#2795 = DIRECTION ( 'NONE',  ( 0.000000000000000000, -0.000000000000000000, 1.000000000000000000 ) ) ;
#2796 = CARTESIAN_POINT ( 'NONE',  ( 0.000000000000000000, 29.99999999999999289, 58.00000000000000000 ) ) ;
#2797 = ADVANCED_FACE ( 'NONE', ( #7108 ), #5262, .F. ) ;
#2798 = CARTESIAN_POINT ( 'NONE',  ( 0.000000000000000000, 26.99999999999999289, 0.000000000000000000 ) ) ;
#2799 = CARTESIAN_POINT ( 'NONE',  ( 23.74999999999982947, -15.00000000000001066, 60.00000000000000711 ) ) ;
#2800 = CARTESIAN_POINT ( 'NONE',  ( 30.00000000000002842, 14.24999999999999467, 0.000000000000000000 ) ) ;
#2801 = ORIENTED_EDGE ( 'NONE', *, *, #5813, .T. ) ;
#2802 = ORIENTED_EDGE ( 'NONE', *, *, #10739, .F. ) ;
#2803 = VERTEX_POINT ( 'NONE', #10241 ) ;
#2804 = ADVANCED_FACE ( 'NONE', ( #4998 ), #11173, .F. ) ;
#2805 = LINE ( 'NONE', #1652, #7566 ) ;
#2806 = PLANE ( 'NONE',  #4377 ) ;
#2807 = CARTESIAN_POINT ( 'NONE',  ( 66.00000000000002842, 26.99999999999999289, 59.87298334620741969 ) ) ;
#2808 = ORIENTED_EDGE ( 'NONE', *, *, #1978, .F. ) ;
#2809 = CARTESIAN_POINT ( 'NONE',  ( -29.99999999999997158, 1.000000000000000888, 0.000000000000000000 ) ) ;
#2810 = LINE ( 'NONE', #10903, #5035 ) ;
#2811 = CARTESIAN_POINT ( 'NONE',  ( -66.00000000000002842, 26.99999999999999289, 58.00000000000001421 ) ) ;
#2812 = ORIENTED_EDGE ( 'NONE', *, *, #9134, .T. ) ;
#2813 = VERTEX_POINT ( 'NONE', #11113 ) ;
#2814 = VERTEX_POINT ( 'NONE', #5131 ) ;
#2815 = ORIENTED_EDGE ( 'NONE', *, *, #7190, .F. ) ;
#2816 = EDGE_CURVE ( 'NONE', #8459, #1551, #9173, .T. ) ;
#2817 = ORIENTED_EDGE ( 'NONE', *, *, #810, .T. ) ;
#2818 = VERTEX_POINT ( 'NONE', #4002 ) ;
#2819 = VERTEX_POINT ( 'NONE', #7240 ) ;
#2820 = DIRECTION ( 'NONE',  ( 0.000000000000000000, 0.000000000000000000, 1.000000000000000000 ) ) ;
#2821 = LINE ( 'NONE', #7788, #1373 ) ;
#2822 = CARTESIAN_POINT ( 'NONE',  ( -46.00000000000004263, 26.99999999999999289, 32.39999999999999858 ) ) ;
#2823 = DIRECTION ( 'NONE',  ( 1.000000000000000000, -0.000000000000000000, -0.000000000000000000 ) ) ;
#2824 = DIRECTION ( 'NONE',  ( -1.387778780781445676E-16, 0.000000000000000000, 1.000000000000000000 ) ) ;
#2825 = ORIENTED_EDGE ( 'NONE', *, *, #12374, .F. ) ;
#2826 = CARTESIAN_POINT ( 'NONE',  ( -70.00000000000000000, 19.99999999999998934, -17.59999999999999432 ) ) ;
#2827 = ORIENTED_EDGE ( 'NONE', *, *, #7961, .T. ) ;
#2828 = CARTESIAN_POINT ( 'NONE',  ( -23.74999999999998934, 4.999999999999990230, 60.00000000000000711 ) ) ;
#2829 = VERTEX_POINT ( 'NONE', #61 ) ;
#2830 = ORIENTED_EDGE ( 'NONE', *, *, #11480, .F. ) ;
#2831 = DIRECTION ( 'NONE',  ( 0.000000000000000000, 0.000000000000000000, 1.000000000000000000 ) ) ;
#2832 = LINE ( 'NONE', #10051, #6106 ) ;
#2833 = CARTESIAN_POINT ( 'NONE',  ( 0.000000000000000000, 29.99999999999999289, 10.00000000000000000 ) ) ;
#2834 = DIRECTION ( 'NONE',  ( -1.000000000000000000, 2.434699615406045218E-16, -0.000000000000000000 ) ) ;
#2835 = DIRECTION ( 'NONE',  ( -0.000000000000000000, 1.000000000000000000, -0.000000000000000000 ) ) ;
#2836 = ORIENTED_EDGE ( 'NONE', *, *, #2662, .F. ) ;
#2837 = FACE_BOUND ( 'NONE', #5044, .T. ) ;
#2838 = PRODUCT_RELATED_PRODUCT_CATEGORY ( 'part', '', ( #2341 ) ) ;
#2839 = LINE ( 'NONE', #5021, #2960 ) ;
#2840 = ORIENTED_EDGE ( 'NONE', *, *, #7793, .F. ) ;
#2841 = CARTESIAN_POINT ( 'NONE',  ( 18.75000000000000355, 0.000000000000000000, 60.00000000000000711 ) ) ;
#2842 = VERTEX_POINT ( 'NONE', #8314 ) ;
#2843 = EDGE_LOOP ( 'NONE', ( #1670, #2178, #10078, #8513 ) ) ;
#2844 = EDGE_CURVE ( 'NONE', #9449, #3622, #2275, .T. ) ;
#2845 = CYLINDRICAL_SURFACE ( 'NONE', #3568, 2.000000000000003109 ) ;
#2846 = DIRECTION ( 'NONE',  ( 0.000000000000000000, 0.000000000000000000, -1.000000000000000000 ) ) ;
#2847 = DIRECTION ( 'NONE',  ( -1.000000000000000000, 0.000000000000000000, 0.000000000000000000 ) ) ;
#2848 = LINE ( 'NONE', #9146, #5463 ) ;
#2849 = CARTESIAN_POINT ( 'NONE',  ( -20.00000000000003197, 14.24999999999999822, -2.999999999999991562 ) ) ;
#2850 = DIRECTION ( 'NONE',  ( -0.000000000000000000, -0.000000000000000000, -1.000000000000000000 ) ) ;
#2851 = ORIENTED_EDGE ( 'NONE', *, *, #6623, .T. ) ;
#2852 = DIRECTION ( 'NONE',  ( -1.000000000000000000, 0.000000000000000000, 0.000000000000000000 ) ) ;
#2853 = EDGE_CURVE ( 'NONE', #2217, #5302, #2716, .T. ) ;
#2854 = DIRECTION ( 'NONE',  ( 1.000000000000000000, 3.469446951953614189E-16, -0.000000000000000000 ) ) ;
#2855 = ORIENTED_EDGE ( 'NONE', *, *, #1512, .T. ) ;
#2856 = VERTEX_POINT ( 'NONE', #5628 ) ;
#2857 = EDGE_CURVE ( 'NONE', #9383, #9281, #12032, .T. ) ;
#2858 = EDGE_CURVE ( 'NONE', #7625, #5777, #11687, .T. ) ;
#2859 = LINE ( 'NONE', #8101, #6082 ) ;
#2860 = DIRECTION ( 'NONE',  ( 0.000000000000000000, 0.9063988584858202469, -0.4224229034221534951 ) ) ;
#2861 = LINE ( 'NONE', #12805, #6886 ) ;
#2862 = PLANE ( 'NONE',  #2488 ) ;
#2863 = VECTOR ( 'NONE', #7109, 1000.000000000000000 ) ;
#2864 = EDGE_CURVE ( 'NONE', #3889, #9780, #12794, .T. ) ;
#2865 = LINE ( 'NONE', #7971, #824 ) ;
#2866 = ORIENTED_EDGE ( 'NONE', *, *, #2436, .T. ) ;
#2867 = ORIENTED_EDGE ( 'NONE', *, *, #6577, .T. ) ;
#2868 = ORIENTED_EDGE ( 'NONE', *, *, #2858, .T. ) ;
#2869 = EDGE_CURVE ( 'NONE', #4339, #9577, #5776, .T. ) ;
#2870 = VERTEX_POINT ( 'NONE', #2266 ) ;
#2871 = ORIENTED_EDGE ( 'NONE', *, *, #5270, .T. ) ;
#2872 = EDGE_LOOP ( 'NONE', ( #5751, #13032, #13015, #6202 ) ) ;
#2873 = EDGE_CURVE ( 'NONE', #2444, #3995, #1860, .T. ) ;
#2874 = PLANE ( 'NONE',  #6912 ) ;
#2875 = LINE ( 'NONE', #6128, #2236 ) ;
#2876 = CIRCLE ( 'NONE', #8585, 2.000000000000002665 ) ;
#2877 = DIRECTION ( 'NONE',  ( 0.000000000000000000, 1.000000000000000000, 0.000000000000000000 ) ) ;
#2878 = PLANE ( 'NONE',  #2484 ) ;
#2879 = CARTESIAN_POINT ( 'NONE',  ( 14.30000000000000782, -43.50000000000000711, 51.00000000000000000 ) ) ;
#2880 = CARTESIAN_POINT ( 'NONE',  ( 85.99999999999991473, -30.00000000000000711, -17.00000000000000000 ) ) ;
#2881 = ORIENTED_EDGE ( 'NONE', *, *, #6975, .T. ) ;
#2882 = LINE ( 'NONE', #5949, #6117 ) ;
#2883 = EDGE_LOOP ( 'NONE', ( #2812, #3044, #5409, #5561 ) ) ;
#2884 = ADVANCED_FACE ( 'NONE', ( #257 ), #6385, .F. ) ;
#2885 = VECTOR ( 'NONE', #4192, 1000.000000000000000 ) ;
#2886 = DIRECTION ( 'NONE',  ( -0.3162277660168377746, -0.9486832980505138790, 0.000000000000000000 ) ) ;
#2887 = AXIS2_PLACEMENT_3D ( 'NONE', #11967, #8177, #935 ) ;
#2888 = ORIENTED_EDGE ( 'NONE', *, *, #10070, .F. ) ;
#2889 = ORIENTED_EDGE ( 'NONE', *, *, #922, .T. ) ;
#2890 = DIRECTION ( 'NONE',  ( -0.000000000000000000, 1.000000000000000000, -0.000000000000000000 ) ) ;
#2891 = AXIS2_PLACEMENT_3D ( 'NONE', #4832, #6073, #8800 ) ;
#2892 = DIRECTION ( 'NONE',  ( -1.040834085586083310E-14, 0.000000000000000000, 1.000000000000000000 ) ) ;
#2893 = DIRECTION ( 'NONE',  ( -0.9876921900819046751, 0.000000000000000000, 0.1564101584015912261 ) ) ;
#2894 = DIRECTION ( 'NONE',  ( -1.000000000000000000, 0.000000000000000000, -2.891205793294679312E-16 ) ) ;
#2895 = ORIENTED_EDGE ( 'NONE', *, *, #3376, .T. ) ;
#2896 = DIRECTION ( 'NONE',  ( 1.387778780781445676E-16, 0.000000000000000000, -1.000000000000000000 ) ) ;
#2897 = VECTOR ( 'NONE', #3235, 1000.000000000000000 ) ;
#2898 = DIRECTION ( 'NONE',  ( 0.000000000000000000, 0.000000000000000000, -1.000000000000000000 ) ) ;
#2899 = VECTOR ( 'NONE', #1253, 1000.000000000000000 ) ;
#2900 = VERTEX_POINT ( 'NONE', #5331 ) ;
#2901 = VECTOR ( 'NONE', #12403, 1000.000000000000000 ) ;
#2902 = DIRECTION ( 'NONE',  ( -1.000000000000000000, 0.000000000000000000, 0.000000000000000000 ) ) ;
#2903 = ORIENTED_EDGE ( 'NONE', *, *, #5736, .T. ) ;
#2904 = ORIENTED_EDGE ( 'NONE', *, *, #11633, .T. ) ;
#2905 = AXIS2_PLACEMENT_3D ( 'NONE', #5218, #282, #9199 ) ;
#2906 = AXIS2_PLACEMENT_3D ( 'NONE', #8749, #12732, #6570 ) ;
#2907 = CARTESIAN_POINT ( 'NONE',  ( 14.30000000000000782, -43.50000000000000711, 51.00000000000000000 ) ) ;
#2908 = VECTOR ( 'NONE', #12498, 1000.000000000000000 ) ;
#2909 = DIRECTION ( 'NONE',  ( -0.000000000000000000, 0.000000000000000000, -1.000000000000000000 ) ) ;
#2910 =( BOUNDED_CURVE ( )  B_SPLINE_CURVE ( 3, ( #6811, #5752, #755, #3551 ),
 .UNSPECIFIED., .F., .T. ) 
 B_SPLINE_CURVE_WITH_KNOTS ( ( 4, 4 ),
 ( 4.712388980384689674, 6.283185307179586232 ),
 .UNSPECIFIED. ) 
 CURVE ( )  GEOMETRIC_REPRESENTATION_ITEM ( )  RATIONAL_B_SPLINE_CURVE ( ( 1.000000000000000000, 0.8047378541243649375, 0.8047378541243649375, 1.000000000000000000 ) ) 
 REPRESENTATION_ITEM ( '' )  );
#2911 = CIRCLE ( 'NONE', #5032, 4.000000000000010658 ) ;
#2912 = DIRECTION ( 'NONE',  ( 0.000000000000000000, 0.000000000000000000, -1.000000000000000000 ) ) ;
#2913 = PLANE ( 'NONE',  #4629 ) ;
#2914 = ADVANCED_FACE ( 'NONE', ( #660 ), #9821, .T. ) ;
#2915 = VECTOR ( 'NONE', #2188, 1000.000000000000000 ) ;
#2916 = DIRECTION ( 'NONE',  ( 0.000000000000000000, 0.000000000000000000, -1.000000000000000000 ) ) ;
#2917 = CARTESIAN_POINT ( 'NONE',  ( 0.000000000000000000, 25.99999999999999289, 60.00000000000000711 ) ) ;
#2918 = AXIS2_PLACEMENT_3D ( 'NONE', #6661, #10715, #8465 ) ;
#2919 = ORIENTED_EDGE ( 'NONE', *, *, #1210, .T. ) ;
#2920 = AXIS2_PLACEMENT_3D ( 'NONE', #4752, #9798, #760 ) ;
#2921 = ORIENTED_EDGE ( 'NONE', *, *, #1567, .T. ) ;
#2922 = CIRCLE ( 'NONE', #6308, 1.500000000000004885 ) ;
#2923 = ORIENTED_EDGE ( 'NONE', *, *, #7176, .F. ) ;
#2924 = CIRCLE ( 'NONE', #4616, 2.599999999999987654 ) ;
#2925 = AXIS2_PLACEMENT_3D ( 'NONE', #914, #9014, #8390 ) ;
#2926 = CARTESIAN_POINT ( 'NONE',  ( 30.00000000000002842, -19.99999999999999289, -40.00000000000000000 ) ) ;
#2927 = CARTESIAN_POINT ( 'NONE',  ( -23.74999999999998934, 4.999999999999990230, 25.15000000000000568 ) ) ;
#2928 = AXIS2_PLACEMENT_3D ( 'NONE', #6451, #4676, #1672 ) ;
#2929 = VECTOR ( 'NONE', #12795, 1000.000000000000000 ) ;
#2930 = LINE ( 'NONE', #11954, #2009 ) ;
#2931 = VECTOR ( 'NONE', #4971, 1000.000000000000227 ) ;
#2932 = DIRECTION ( 'NONE',  ( 1.000000000000000000, 0.000000000000000000, 0.000000000000000000 ) ) ;
#2933 = VECTOR ( 'NONE', #3873, 1000.000000000000000 ) ;
#2934 = CARTESIAN_POINT ( 'NONE',  ( -46.00000000000004263, 26.99999999999999289, 8.000000000000000000 ) ) ;
#2935 = EDGE_CURVE ( 'NONE', #1265, #1266, #10755, .T. ) ;
#2936 = ADVANCED_FACE ( 'NONE', ( #11816 ), #4389, .F. ) ;
#2937 = PLANE ( 'NONE',  #3153 ) ;
#2938 = ORIENTED_EDGE ( 'NONE', *, *, #10075, .T. ) ;
#2939 = EDGE_LOOP ( 'NONE', ( #6045, #7658, #11053, #7673 ) ) ;
#2940 = EDGE_LOOP ( 'NONE', ( #6853, #7511 ) ) ;
#2941 = AXIS2_PLACEMENT_3D ( 'NONE', #9451, #4487, #11396 ) ;
#2942 = ORIENTED_EDGE ( 'NONE', *, *, #10920, .T. ) ;
#2943 = VERTEX_POINT ( 'NONE', #8444 ) ;
#2944 = AXIS2_PLACEMENT_3D ( 'NONE', #1544, #9539, #643 ) ;
#2945 = DIRECTION ( 'NONE',  ( 0.3162277660168377191, -0.9486832980505138790, 0.000000000000000000 ) ) ;
#2946 = LINE ( 'NONE', #10037, #12187 ) ;
#2947 = CIRCLE ( 'NONE', #607, 10.00000000000000000 ) ;
#2948 = CARTESIAN_POINT ( 'NONE',  ( -14.30000000000000426, 38.26999999999998892, 51.00000000000000000 ) ) ;
#2949 = ADVANCED_FACE ( 'NONE', ( #12866 ), #6323, .F. ) ;
#2950 = CARTESIAN_POINT ( 'NONE',  ( -60.90000000000003411, 29.99999999999999289, 0.000000000000000000 ) ) ;
#2951 = LINE ( 'NONE', #1808, #6341 ) ;
#2952 = CARTESIAN_POINT ( 'NONE',  ( 23.75000000000000000, -30.00000000000001421, 44.85000000000000142 ) ) ;
#2953 = ORIENTED_EDGE ( 'NONE', *, *, #7126, .F. ) ;
#2954 = DIRECTION ( 'NONE',  ( -1.000000000000000000, 0.000000000000000000, 0.000000000000000000 ) ) ;
#2955 = ORIENTED_EDGE ( 'NONE', *, *, #13140, .F. ) ;
#2956 = VECTOR ( 'NONE', #6340, 999.9999999999998863 ) ;
#2957 = ADVANCED_FACE ( 'NONE', ( #1270 ), #12735, .T. ) ;
#2958 = ORIENTED_EDGE ( 'NONE', *, *, #441, .F. ) ;
#2959 = LINE ( 'NONE', #10046, #562 ) ;
#2960 = VECTOR ( 'NONE', #7821, 1000.000000000000000 ) ;
#2961 = ORIENTED_EDGE ( 'NONE', *, *, #9547, .T. ) ;
#2962 = VERTEX_POINT ( 'NONE', #4650 ) ;
#2963 = EDGE_CURVE ( 'NONE', #11143, #3506, #2922, .T. ) ;
#2964 = PLANE ( 'NONE',  #12222 ) ;
#2965 = DIRECTION ( 'NONE',  ( -1.000000000000000000, 0.000000000000000000, 0.000000000000000000 ) ) ;
#2966 = DIRECTION ( 'NONE',  ( 1.416100796715761603E-16, 0.000000000000000000, 1.000000000000000000 ) ) ;
#2967 = DIRECTION ( 'NONE',  ( -1.000000000000000000, -0.000000000000000000, -1.387778780781445676E-16 ) ) ;
#2968 = CARTESIAN_POINT ( 'NONE',  ( -18.00000000000000355, 19.99999999999999289, -39.25000000000000000 ) ) ;
#2969 = ORIENTED_EDGE ( 'NONE', *, *, #4141, .F. ) ;
#2970 = DIRECTION ( 'NONE',  ( 1.000000000000000000, 0.000000000000000000, 1.387778780781445676E-16 ) ) ;
#2971 = AXIS2_PLACEMENT_3D ( 'NONE', #4615, #12709, #3089 ) ;
#2972 = DIRECTION ( 'NONE',  ( -0.000000000000000000, 1.000000000000000000, -0.000000000000000000 ) ) ;
#2973 = CARTESIAN_POINT ( 'NONE',  ( 0.000000000000000000, -10.00000000000000533, 0.000000000000000000 ) ) ;
#2974 = ORIENTED_EDGE ( 'NONE', *, *, #12374, .T. ) ;
#2975 = CARTESIAN_POINT ( 'NONE',  ( 0.000000000000000000, 29.99999999999999289, 44.60000000000000142 ) ) ;
#2976 = VERTEX_POINT ( 'NONE', #11750 ) ;
#2977 = ORIENTED_EDGE ( 'NONE', *, *, #11658, .F. ) ;
#2978 = FACE_OUTER_BOUND ( 'NONE', #6467, .T. ) ;
#2979 = EDGE_CURVE ( 'NONE', #9573, #4274, #5712, .T. ) ;
#2980 = CYLINDRICAL_SURFACE ( 'NONE', #6934, 3.999999999999996447 ) ;
#2981 = CARTESIAN_POINT ( 'NONE',  ( 29.75000000000002487, 16.99999999999996803, -34.75000000000000000 ) ) ;
#2982 = CARTESIAN_POINT ( 'NONE',  ( -23.74999999999999645, -15.00000000000001066, 60.00000000000000711 ) ) ;
#2983 = DIRECTION ( 'NONE',  ( 1.000000000000000000, 0.000000000000000000, 0.000000000000000000 ) ) ;
#2984 = DIRECTION ( 'NONE',  ( -1.000000000000000000, -0.000000000000000000, -0.000000000000000000 ) ) ;
#2985 = EDGE_LOOP ( 'NONE', ( #7911, #3729, #1721, #9403 ) ) ;
#2986 = CARTESIAN_POINT ( 'NONE',  ( 35.74999999999983658, -10.00000000000000533, -25.50000000000000355 ) ) ;
#2987 = VERTEX_POINT ( 'NONE', #7754 ) ;
#2988 = ORIENTED_EDGE ( 'NONE', *, *, #6289, .F. ) ;
#2989 = ORIENTED_EDGE ( 'NONE', *, *, #5096, .T. ) ;
#2990 = EDGE_CURVE ( 'NONE', #7654, #7045, #4773, .T. ) ;
#2991 = LINE ( 'NONE', #5047, #6955 ) ;
#2992 = CARTESIAN_POINT ( 'NONE',  ( -66.00000000000002842, 26.99999999999999289, 58.00000000000001421 ) ) ;
#2993 = CARTESIAN_POINT ( 'NONE',  ( -60.90000000000003411, 29.99999999999999289, 56.00000000000000000 ) ) ;
#2994 = DIRECTION ( 'NONE',  ( 1.000000000000000000, -0.000000000000000000, -0.000000000000000000 ) ) ;
#2995 = UNCERTAINTY_MEASURE_WITH_UNIT (LENGTH_MEASURE( 1.000000000000000082E-05 ), #10, 'distance_accuracy_value', 'NONE');
#2996 = PLANE ( 'NONE',  #6255 ) ;
#2997 = CARTESIAN_POINT ( 'NONE',  ( 32.74999999999983658, -5.000000000000004441, -22.50000000000000355 ) ) ;
#2998 = DIRECTION ( 'NONE',  ( 0.000000000000000000, 0.9063988584858206909, 0.4224229034221526069 ) ) ;
#2999 = DIRECTION ( 'NONE',  ( -0.000000000000000000, 1.000000000000000000, -0.000000000000000000 ) ) ;
#3000 = ORIENTED_EDGE ( 'NONE', *, *, #5985, .F. ) ;
#3001 = ORIENTED_EDGE ( 'NONE', *, *, #7891, .F. ) ;
#3002 = ORIENTED_EDGE ( 'NONE', *, *, #9693, .T. ) ;
#3003 = ORIENTED_EDGE ( 'NONE', *, *, #6465, .F. ) ;
#3004 = VERTEX_POINT ( 'NONE', #1714 ) ;
#3005 = DIRECTION ( 'NONE',  ( 1.000000000000000000, -0.000000000000000000, -0.000000000000000000 ) ) ;
#3006 = DIRECTION ( 'NONE',  ( 0.000000000000000000, 1.000000000000000000, 0.000000000000000000 ) ) ;
#3007 = ADVANCED_FACE ( 'NONE', ( #10955 ), #5842, .T. ) ;
#3008 = EDGE_CURVE ( 'NONE', #53, #891, #4180, .T. ) ;
#3009 = DIRECTION ( 'NONE',  ( -0.000000000000000000, -1.000000000000000000, -0.000000000000000000 ) ) ;
#3010 = CARTESIAN_POINT ( 'NONE',  ( 24.00000000000002842, 6.749999999999995559, -33.25000000000000000 ) ) ;
#3011 = FACE_OUTER_BOUND ( 'NONE', #12695, .T. ) ;
#3012 = DIRECTION ( 'NONE',  ( 0.9486832980505138790, 0.3162277660168377746, -0.000000000000000000 ) ) ;
#3013 = ORIENTED_EDGE ( 'NONE', *, *, #9208, .T. ) ;
#3014 = LINE ( 'NONE', #7925, #4201 ) ;
#3015 = ADVANCED_FACE ( 'NONE', ( #38 ), #13131, .F. ) ;
#3016 = ADVANCED_FACE ( 'NONE', ( #4088 ), #5972, .F. ) ;
#3017 = DIRECTION ( 'NONE',  ( -1.000000000000000000, 0.000000000000000000, -0.000000000000000000 ) ) ;
#3018 = ORIENTED_EDGE ( 'NONE', *, *, #12654, .T. ) ;
#3019 = ORIENTED_EDGE ( 'NONE', *, *, #7480, .T. ) ;
#3020 = ORIENTED_EDGE ( 'NONE', *, *, #6448, .F. ) ;
#3021 = EDGE_CURVE ( 'NONE', #9448, #2411, #7894, .T. ) ;
#3022 = DIRECTION ( 'NONE',  ( -1.000000000000000000, 0.000000000000000000, 0.000000000000000000 ) ) ;
#3023 = CARTESIAN_POINT ( 'NONE',  ( 23.74999999999982947, -15.00000000000001066, 60.00000000000000711 ) ) ;
#3024 = CARTESIAN_POINT ( 'NONE',  ( -23.74999999999999645, -13.49999999999991473, 67.51000000000001933 ) ) ;
#3025 = VERTEX_POINT ( 'NONE', #1976 ) ;
#3026 = PLANE ( 'NONE',  #4996 ) ;
#3027 = ORIENTED_EDGE ( 'NONE', *, *, #2046, .T. ) ;
#3028 = PLANE ( 'NONE',  #2532 ) ;
#3029 = EDGE_CURVE ( 'NONE', #8455, #4791, #4035, .T. ) ;
#3030 = ORIENTED_EDGE ( 'NONE', *, *, #7241, .F. ) ;
#3031 = DIRECTION ( 'NONE',  ( -1.000000000000000000, -0.000000000000000000, -0.000000000000000000 ) ) ;
#3032 = ORIENTED_EDGE ( 'NONE', *, *, #2463, .F. ) ;
#3033 = ORIENTED_EDGE ( 'NONE', *, *, #4488, .T. ) ;
#3034 = CARTESIAN_POINT ( 'NONE',  ( -60.90000000000003411, 26.99999999999999289, 0.000000000000000000 ) ) ;
#3035 = FACE_OUTER_BOUND ( 'NONE', #5126, .T. ) ;
#3036 = CARTESIAN_POINT ( 'NONE',  ( 0.000000000000000000, 29.99999999999999289, 58.00000000000000000 ) ) ;
#3037 = CARTESIAN_POINT ( 'NONE',  ( -23.75000000000000000, -30.00000000000001421, 25.15000000000000568 ) ) ;
#3038 = CARTESIAN_POINT ( 'NONE',  ( 23.75000000000000000, 19.99999999999998934, 13.85000000000000142 ) ) ;
#3039 = ORIENTED_EDGE ( 'NONE', *, *, #2301, .F. ) ;
#3040 = EDGE_CURVE ( 'NONE', #998, #5504, #8031, .T. ) ;
#3041 = EDGE_CURVE ( 'NONE', #1516, #12490, #3752, .T. ) ;
#3042 = DIRECTION ( 'NONE',  ( 1.000000000000000000, 0.000000000000000000, 0.000000000000000000 ) ) ;
#3043 = ADVANCED_FACE ( 'NONE', ( #9885 ), #789, .T. ) ;
#3044 = ORIENTED_EDGE ( 'NONE', *, *, #11044, .F. ) ;
#3045 = ORIENTED_EDGE ( 'NONE', *, *, #9952, .T. ) ;
#3046 = ORIENTED_EDGE ( 'NONE', *, *, #10475, .T. ) ;
#3047 = VERTEX_POINT ( 'NONE', #8902 ) ;
#3048 = CARTESIAN_POINT ( 'NONE',  ( -58.25000000000019185, -20.49999999999991473, 18.00000000000000355 ) ) ;
#3049 = CARTESIAN_POINT ( 'NONE',  ( 30.00000000000002842, -0.9999999999999592548, 0.000000000000000000 ) ) ;
#3050 = CARTESIAN_POINT ( 'NONE',  ( -60.90000000000004121, 26.99999999999999289, 0.000000000000000000 ) ) ;
#3051 = LINE ( 'NONE', #47, #5676 ) ;
#3052 = DIRECTION ( 'NONE',  ( -1.000000000000000000, 0.000000000000000000, 0.000000000000000000 ) ) ;
#3053 = DIRECTION ( 'NONE',  ( 0.000000000000000000, 1.000000000000000000, 4.625929269271487886E-16 ) ) ;
#3054 = PLANE ( 'NONE',  #12450 ) ;
#3055 = DIRECTION ( 'NONE',  ( -0.000000000000000000, 1.000000000000000000, -0.000000000000000000 ) ) ;
#3056 = VERTEX_POINT ( 'NONE', #12941 ) ;
#3057 = ORIENTED_EDGE ( 'NONE', *, *, #5770, .T. ) ;
#3058 = EDGE_LOOP ( 'NONE', ( #1121, #12985, #4558, #3621, #5619, #9856, #7709 ) ) ;
#3059 = EDGE_LOOP ( 'NONE', ( #8152, #6716, #6378, #7180, #3093, #92, #8074, #1491, #6023, #10674, #9544, #2988, #2176, #42, #8307, #7829, #9591, #12251, #1531, #13018, #9090 ) ) ;
#3060 = EDGE_LOOP ( 'NONE', ( #2538, #12729, #6407, #9078 ) ) ;
#3061 = EDGE_LOOP ( 'NONE', ( #4307, #3636, #1247, #5545 ) ) ;
#3062 = ORIENTED_EDGE ( 'NONE', *, *, #6673, .T. ) ;
#3063 = DIRECTION ( 'NONE',  ( -0.000000000000000000, 1.000000000000000000, -0.000000000000000000 ) ) ;
#3064 = LINE ( 'NONE', #4995, #10513 ) ;
#3065 = CARTESIAN_POINT ( 'NONE',  ( 0.000000000000000000, 26.99999999999999289, 58.00000000000000000 ) ) ;
#3066 = LINE ( 'NONE', #258, #3713 ) ;
#3067 = CARTESIAN_POINT ( 'NONE',  ( -60.90000000000003411, 29.99999999999999289, 58.00000000000000000 ) ) ;
#3068 = CARTESIAN_POINT ( 'NONE',  ( -18.75000000000001066, -30.00000000000000711, 60.00000000000000711 ) ) ;
#3069 = EDGE_CURVE ( 'NONE', #1245, #8589, #3841, .T. ) ;
#3070 = EDGE_CURVE ( 'NONE', #1921, #5361, #9260, .T. ) ;
#3071 = VECTOR ( 'NONE', #9293, 1000.000000000000000 ) ;
#3072 = CARTESIAN_POINT ( 'NONE',  ( 36.03151427300072385, -28.00000000000000355, 5.705922261490953495 ) ) ;
#3073 = ORIENTED_EDGE ( 'NONE', *, *, #238, .T. ) ;
#3074 = ORIENTED_EDGE ( 'NONE', *, *, #11100, .T. ) ;
#3075 = ORIENTED_EDGE ( 'NONE', *, *, #5700, .T. ) ;
#3076 = EDGE_CURVE ( 'NONE', #2813, #12303, #1240, .T. ) ;
#3077 = DIRECTION ( 'NONE',  ( 0.000000000000000000, 0.000000000000000000, -1.000000000000000000 ) ) ;
#3078 = LINE ( 'NONE', #11378, #575 ) ;
#3079 = EDGE_CURVE ( 'NONE', #6826, #4015, #2175, .T. ) ;
#3080 = CARTESIAN_POINT ( 'NONE',  ( 0.000000000000000000, 26.99999999999999289, 56.00000000000000000 ) ) ;
#3081 = CARTESIAN_POINT ( 'NONE',  ( -18.74999999999999645, 19.99999999999998934, 25.15000000000000568 ) ) ;
#3082 = AXIS2_PLACEMENT_3D ( 'NONE', #8949, #9069, #6950 ) ;
#3083 = EDGE_LOOP ( 'NONE', ( #11264, #4223, #12751, #303 ) ) ;
#3084 = CARTESIAN_POINT ( 'NONE',  ( 49.40000000000004832, 26.99999999999999289, 0.000000000000000000 ) ) ;
#3085 = DIRECTION ( 'NONE',  ( 1.000000000000000000, -2.618450529776313247E-16, 0.000000000000000000 ) ) ;
#3086 = EDGE_CURVE ( 'NONE', #5504, #1584, #1102, .T. ) ;
#3087 = ORIENTED_EDGE ( 'NONE', *, *, #6509, .F. ) ;
#3088 = ADVANCED_FACE ( 'NONE', ( #9274 ), #11272, .F. ) ;
#3089 = DIRECTION ( 'NONE',  ( 0.000000000000000000, 0.000000000000000000, 1.000000000000000000 ) ) ;
#3090 = CIRCLE ( 'NONE', #9884, 1.500000000000004885 ) ;
#3091 = LINE ( 'NONE', #11202, #2053 ) ;
#3092 = ORIENTED_EDGE ( 'NONE', *, *, #13055, .T. ) ;
#3093 = ORIENTED_EDGE ( 'NONE', *, *, #1687, .T. ) ;
#3094 = LINE ( 'NONE', #4911, #11627 ) ;
#3095 = EDGE_CURVE ( 'NONE', #2819, #11977, #5156, .T. ) ;
#3096 = DIRECTION ( 'NONE',  ( 1.734723475976807094E-15, 0.000000000000000000, -1.000000000000000000 ) ) ;
#3097 = DIRECTION ( 'NONE',  ( -1.000000000000000000, 0.000000000000000000, 0.000000000000000000 ) ) ;
#3098 = EDGE_CURVE ( 'NONE', #1413, #8144, #8220, .T. ) ;
#3099 = DIRECTION ( 'NONE',  ( -0.000000000000000000, 1.000000000000000000, -0.000000000000000000 ) ) ;
#3100 = AXIS2_PLACEMENT_3D ( 'NONE', #6292, #3296, #12318 ) ;
#3101 = FACE_OUTER_BOUND ( 'NONE', #2347, .T. ) ;
#3102 = ORIENTED_EDGE ( 'NONE', *, *, #5967, .T. ) ;
#3103 = VECTOR ( 'NONE', #7181, 1000.000000000000000 ) ;
#3104 = ADVANCED_FACE ( 'NONE', ( #7216 ), #12370, .T. ) ;
#3105 = VECTOR ( 'NONE', #6754, 1000.000000000000000 ) ;
#3106 = CARTESIAN_POINT ( 'NONE',  ( 14.30000000000000782, -43.50000000000000711, 55.00000000000000711 ) ) ;
#3107 = ORIENTED_EDGE ( 'NONE', *, *, #7992, .F. ) ;
#3108 = EDGE_CURVE ( 'NONE', #9302, #1360, #7410, .T. ) ;
#3109 = EDGE_LOOP ( 'NONE', ( #3667, #7068, #7643, #10852 ) ) ;
#3110 = AXIS2_PLACEMENT_3D ( 'NONE', #7733, #9742, #8481 ) ;
#3111 = ORIENTED_EDGE ( 'NONE', *, *, #4839, .T. ) ;
#3112 = VECTOR ( 'NONE', #4150, 1000.000000000000000 ) ;
#3113 = AXIS2_PLACEMENT_3D ( 'NONE', #13031, #9935, #3017 ) ;
#3114 = VECTOR ( 'NONE', #9349, 1000.000000000000000 ) ;
#3115 = AXIS2_PLACEMENT_3D ( 'NONE', #6891, #10891, #1777 ) ;
#3116 = PLANE ( 'NONE',  #9713 ) ;
#3117 = LINE ( 'NONE', #3382, #8201 ) ;
#3118 = CARTESIAN_POINT ( 'NONE',  ( -23.75000000000000000, 19.99999999999998934, 56.15000000000000568 ) ) ;
#3119 = VECTOR ( 'NONE', #4271, 1000.000000000000000 ) ;
#3120 = EDGE_CURVE ( 'NONE', #7615, #12451, #2306, .T. ) ;
#3121 = DIRECTION ( 'NONE',  ( 0.000000000000000000, 0.000000000000000000, -1.000000000000000000 ) ) ;
#3122 = AXIS2_PLACEMENT_3D ( 'NONE', #7593, #4536, #5473 ) ;
#3123 = DIRECTION ( 'NONE',  ( 0.000000000000000000, 0.000000000000000000, -1.000000000000000000 ) ) ;
#3124 = AXIS2_PLACEMENT_3D ( 'NONE', #3284, #12254, #3096 ) ;
#3125 = LINE ( 'NONE', #8303, #4836 ) ;
#3126 = VECTOR ( 'NONE', #3203, 1000.000000000000000 ) ;
#3127 = CARTESIAN_POINT ( 'NONE',  ( 85.99999999999994316, -26.00000000000000711, 10.00000000000000000 ) ) ;
#3128 = CARTESIAN_POINT ( 'NONE',  ( -23.74999999999999645, -0.4999999999999015787, 67.51000000000000512 ) ) ;
#3129 = CARTESIAN_POINT ( 'NONE',  ( 23.75000000000000000, 19.99999999999998934, 13.85000000000000142 ) ) ;
#3130 = VERTEX_POINT ( 'NONE', #10269 ) ;
#3131 = ORIENTED_EDGE ( 'NONE', *, *, #5113, .F. ) ;
#3132 = CIRCLE ( 'NONE', #10366, 1.500000000000001332 ) ;
#3133 = ORIENTED_EDGE ( 'NONE', *, *, #8664, .T. ) ;
#3134 = VECTOR ( 'NONE', #1179, 1000.000000000000000 ) ;
#3135 = ORIENTED_EDGE ( 'NONE', *, *, #7598, .F. ) ;
#3136 = ORIENTED_EDGE ( 'NONE', *, *, #8256, .F. ) ;
#3137 = VECTOR ( 'NONE', #7585, 1000.000000000000000 ) ;
#3138 = AXIS2_PLACEMENT_3D ( 'NONE', #7591, #10589, #3409 ) ;
#3139 = ORIENTED_EDGE ( 'NONE', *, *, #9492, .T. ) ;
#3140 = CARTESIAN_POINT ( 'NONE',  ( -18.75000000000000355, 0.000000000000000000, 10.00000000000000000 ) ) ;
#3141 = LINE ( 'NONE', #1941, #5865 ) ;
#3142 = ADVANCED_FACE ( 'NONE', ( #6358 ), #10212, .T. ) ;
#3143 = CARTESIAN_POINT ( 'NONE',  ( -46.00000000000004263, 26.99999999999999289, 30.39999999999999147 ) ) ;
#3144 = AXIS2_PLACEMENT_3D ( 'NONE', #9061, #11980, #11792 ) ;
#3145 = EDGE_CURVE ( 'NONE', #8459, #852, #4229, .T. ) ;
#3146 = AXIS2_PLACEMENT_3D ( 'NONE', #2163, #5403, #1147 ) ;
#3147 = CARTESIAN_POINT ( 'NONE',  ( 33.00000000000004263, 26.99999999999999289, 5.000000000000003553 ) ) ;
#3148 = DIRECTION ( 'NONE',  ( 1.416100796715761356E-16, 0.000000000000000000, 1.000000000000000000 ) ) ;
#3149 = VECTOR ( 'NONE', #2116, 1000.000000000000000 ) ;
#3150 = DIRECTION ( 'NONE',  ( -1.387778780781445676E-16, -0.000000000000000000, 1.000000000000000000 ) ) ;
#3151 = VECTOR ( 'NONE', #2229, 1000.000000000000000 ) ;
#3152 = VECTOR ( 'NONE', #6027, 1000.000000000000000 ) ;
#3153 = AXIS2_PLACEMENT_3D ( 'NONE', #13012, #12809, #7908 ) ;
#3154 = ORIENTED_EDGE ( 'NONE', *, *, #1912, .F. ) ;
#3155 = ORIENTED_EDGE ( 'NONE', *, *, #9240, .T. ) ;
#3156 = VECTOR ( 'NONE', #8304, 1000.000000000000000 ) ;
#3157 = FACE_OUTER_BOUND ( 'NONE', #7314, .T. ) ;
#3158 = DIRECTION ( 'NONE',  ( -0.000000000000000000, -1.000000000000000000, 0.000000000000000000 ) ) ;
#3159 = CARTESIAN_POINT ( 'NONE',  ( 46.00000000000004263, 26.99999999999999289, 0.000000000000000000 ) ) ;
#3160 = AXIS2_PLACEMENT_3D ( 'NONE', #9394, #10466, #283 ) ;
#3161 = DIRECTION ( 'NONE',  ( -1.000000000000000000, 0.000000000000000000, 0.000000000000000000 ) ) ;
#3162 = AXIS2_PLACEMENT_3D ( 'NONE', #8305, #6119, #1062 ) ;
#3163 = ORIENTED_EDGE ( 'NONE', *, *, #6812, .F. ) ;
#3164 = DIRECTION ( 'NONE',  ( -1.000000000000000000, 0.000000000000000000, -0.000000000000000000 ) ) ;
#3165 = LINE ( 'NONE', #1036, #3388 ) ;
#3166 = VECTOR ( 'NONE', #7031, 1000.000000000000000 ) ;
#3167 = EDGE_CURVE ( 'NONE', #1546, #2818, #230, .T. ) ;
#3168 = ORIENTED_EDGE ( 'NONE', *, *, #5679, .T. ) ;
#3169 = DIRECTION ( 'NONE',  ( 1.000000000000000000, -0.000000000000000000, 0.000000000000000000 ) ) ;
#3170 = VERTEX_POINT ( 'NONE', #7147 ) ;
#3171 = ORIENTED_EDGE ( 'NONE', *, *, #4261, .T. ) ;
#3172 = CARTESIAN_POINT ( 'NONE',  ( -74.00000000000004263, 26.99999999999999289, 59.87298334620741969 ) ) ;
#3173 = CARTESIAN_POINT ( 'NONE',  ( 0.000000000000000000, 29.99999999999999289, 32.39999999999999858 ) ) ;
#3174 = LINE ( 'NONE', #12310, #5230 ) ;
#3175 = EDGE_CURVE ( 'NONE', #5284, #12490, #8287, .T. ) ;
#3176 = ADVANCED_FACE ( 'NONE', ( #4285 ), #8344, .F. ) ;
#3177 = LINE ( 'NONE', #173, #9081 ) ;
#3178 = EDGE_CURVE ( 'NONE', #4142, #8956, #2682, .T. ) ;
#3179 = CARTESIAN_POINT ( 'NONE',  ( 23.75000000000000000, 19.99999999999998934, 44.85000000000000142 ) ) ;
#3180 = ORIENTED_EDGE ( 'NONE', *, *, #4011, .F. ) ;
#3181 = DIRECTION ( 'NONE',  ( -1.000000000000000000, 0.000000000000000000, 0.000000000000000000 ) ) ;
#3182 = ADVANCED_FACE ( 'NONE', ( #3101 ), #11214, .T. ) ;
#3183 = EDGE_LOOP ( 'NONE', ( #454, #5979, #7047, #8302 ) ) ;
#3184 = ORIENTED_EDGE ( 'NONE', *, *, #9134, .F. ) ;
#3185 = ORIENTED_EDGE ( 'NONE', *, *, #6136, .F. ) ;
#3186 = EDGE_CURVE ( 'NONE', #8843, #2943, #3479, .T. ) ;
#3187 = DIRECTION ( 'NONE',  ( -3.469446951953614189E-16, -1.000000000000000000, 0.000000000000000000 ) ) ;
#3188 = CARTESIAN_POINT ( 'NONE',  ( -3.499999999999999556, -24.00000000000000355, -40.00000000000000000 ) ) ;
#3189 = PLANE ( 'NONE',  #5029 ) ;
#3190 = FACE_OUTER_BOUND ( 'NONE', #10272, .T. ) ;
#3191 = DIRECTION ( 'NONE',  ( 2.434699615406045218E-16, 1.000000000000000000, 0.000000000000000000 ) ) ;
#3192 = DIRECTION ( 'NONE',  ( 1.000000000000000000, -0.000000000000000000, 0.000000000000000000 ) ) ;
#3193 = CARTESIAN_POINT ( 'NONE',  ( -28.74999999999999645, 25.43769491959958273, 11.85511747251642767 ) ) ;
#3194 = CARTESIAN_POINT ( 'NONE',  ( -23.75000000000000711, -30.00000000000000711, 19.00747019346432509 ) ) ;
#3195 = ORIENTED_EDGE ( 'NONE', *, *, #8205, .T. ) ;
#3196 = ORIENTED_EDGE ( 'NONE', *, *, #4067, .F. ) ;
#3197 = ORIENTED_EDGE ( 'NONE', *, *, #5644, .T. ) ;
#3198 = ORIENTED_EDGE ( 'NONE', *, *, #4331, .F. ) ;
#3199 = CARTESIAN_POINT ( 'NONE',  ( -38.00000000000004263, 26.99999999999999289, 54.00000000000000000 ) ) ;
#3200 = DIRECTION ( 'NONE',  ( 0.000000000000000000, 0.000000000000000000, 1.000000000000000000 ) ) ;
#3201 = FACE_OUTER_BOUND ( 'NONE', #3522, .T. ) ;
#3202 = EDGE_CURVE ( 'NONE', #4471, #5802, #7614, .T. ) ;
#3203 = DIRECTION ( 'NONE',  ( 1.000000000000000000, -0.000000000000000000, -0.000000000000000000 ) ) ;
#3204 = PLANE ( 'NONE',  #8369 ) ;
#3205 = LINE ( 'NONE', #6135, #131 ) ;
#3206 = FACE_OUTER_BOUND ( 'NONE', #11295, .T. ) ;
#3207 = EDGE_CURVE ( 'NONE', #4555, #10627, #8833, .T. ) ;
#3208 = EDGE_CURVE ( 'NONE', #10785, #13135, #11593, .T. ) ;
#3209 = EDGE_LOOP ( 'NONE', ( #796, #5524, #4263, #6720 ) ) ;
#3210 = ORIENTED_EDGE ( 'NONE', *, *, #1243, .F. ) ;
#3211 = LINE ( 'NONE', #534, #4157 ) ;
#3212 = DIRECTION ( 'NONE',  ( 1.000000000000000000, 0.000000000000000000, -0.000000000000000000 ) ) ;
#3213 = DIRECTION ( 'NONE',  ( 1.000000000000000000, -0.000000000000000000, -0.000000000000000000 ) ) ;
#3214 = DIRECTION ( 'NONE',  ( -1.000000000000000000, -0.000000000000000000, -0.000000000000000000 ) ) ;
#3215 = LINE ( 'NONE', #3159, #6553 ) ;
#3216 = DIRECTION ( 'NONE',  ( 0.000000000000000000, 0.000000000000000000, 1.000000000000000000 ) ) ;
#3217 = VERTEX_POINT ( 'NONE', #7526 ) ;
#3218 = CARTESIAN_POINT ( 'NONE',  ( -23.75000000000000000, -30.00000000000001421, 56.15000000000000568 ) ) ;
#3219 = ADVANCED_FACE ( 'NONE', ( #7680 ), #11733, .F. ) ;
#3220 = CARTESIAN_POINT ( 'NONE',  ( -58.25000000000019185, 10.50000000000008527, 19.50000000000000355 ) ) ;
#3221 = ORIENTED_EDGE ( 'NONE', *, *, #3376, .F. ) ;
#3222 = VERTEX_POINT ( 'NONE', #6559 ) ;
#3223 = CARTESIAN_POINT ( 'NONE',  ( 23.74999999999982236, 4.999999999999990230, 60.00000000000000711 ) ) ;
#3224 = ORIENTED_EDGE ( 'NONE', *, *, #672, .F. ) ;
#3225 = EDGE_LOOP ( 'NONE', ( #12694, #12697, #11666, #12283 ) ) ;
#3226 = LINE ( 'NONE', #6409, #2505 ) ;
#3227 = DIRECTION ( 'NONE',  ( 1.000000000000000000, -0.000000000000000000, 0.000000000000000000 ) ) ;
#3228 = FACE_OUTER_BOUND ( 'NONE', #6392, .T. ) ;
#3229 = CARTESIAN_POINT ( 'NONE',  ( -14.30000000000000426, 38.26999999999998892, 51.00000000000000000 ) ) ;
#3230 = DIRECTION ( 'NONE',  ( 0.000000000000000000, 0.000000000000000000, 1.000000000000000000 ) ) ;
#3231 = ORIENTED_EDGE ( 'NONE', *, *, #1694, .F. ) ;
#3232 = CARTESIAN_POINT ( 'NONE',  ( -18.75000000000000355, 38.26999999999998892, 18.60434383594887109 ) ) ;
#3233 = VERTEX_POINT ( 'NONE', #4493 ) ;
#3234 = VERTEX_POINT ( 'NONE', #11794 ) ;
#3235 = DIRECTION ( 'NONE',  ( 0.000000000000000000, 1.000000000000000000, 0.000000000000000000 ) ) ;
#3236 = EDGE_CURVE ( 'NONE', #5302, #4094, #1696, .T. ) ;
#3237 = VERTEX_POINT ( 'NONE', #10811 ) ;
#3238 = DIRECTION ( 'NONE',  ( 0.000000000000000000, 0.000000000000000000, -1.000000000000000000 ) ) ;
#3239 = FACE_OUTER_BOUND ( 'NONE', #9338, .T. ) ;
#3240 = DIRECTION ( 'NONE',  ( -1.387778780781445429E-16, 0.000000000000000000, -1.000000000000000000 ) ) ;
#3241 = EDGE_CURVE ( 'NONE', #8079, #10091, #4553, .T. ) ;
#3242 = CARTESIAN_POINT ( 'NONE',  ( -70.00000000000000000, 22.99999999999999289, -12.40000000000001634 ) ) ;
#3243 = FACE_BOUND ( 'NONE', #9006, .T. ) ;
#3244 = EDGE_LOOP ( 'NONE', ( #11123, #3676, #1301, #11754 ) ) ;
#3245 = DIRECTION ( 'NONE',  ( 1.000000000000000000, 0.000000000000000000, 0.000000000000000000 ) ) ;
#3246 = ADVANCED_FACE ( 'NONE', ( #1545 ), #5759, .F. ) ;
#3247 = PLANE ( 'NONE',  #176 ) ;
#3248 = DIRECTION ( 'NONE',  ( 0.000000000000000000, 0.000000000000000000, -1.000000000000000000 ) ) ;
#3249 = ORIENTED_EDGE ( 'NONE', *, *, #6254, .F. ) ;
#3250 = ORIENTED_EDGE ( 'NONE', *, *, #1066, .F. ) ;
#3251 = ORIENTED_EDGE ( 'NONE', *, *, #11136, .F. ) ;
#3252 = ADVANCED_FACE ( 'NONE', ( #2499 ), #10608, .T. ) ;
#3253 = EDGE_CURVE ( 'NONE', #4573, #3375, #5556, .T. ) ;
#3254 = ORIENTED_EDGE ( 'NONE', *, *, #8141, .T. ) ;
#3255 = CYLINDRICAL_SURFACE ( 'NONE', #8830, 4.000000000000000000 ) ;
#3256 = DIRECTION ( 'NONE',  ( -0.000000000000000000, -0.000000000000000000, -1.000000000000000000 ) ) ;
#3257 = EDGE_CURVE ( 'NONE', #12758, #5764, #11672, .T. ) ;
#3258 = DIRECTION ( 'NONE',  ( 0.000000000000000000, 0.000000000000000000, -1.000000000000000000 ) ) ;
#3259 = DIRECTION ( 'NONE',  ( -0.000000000000000000, -0.000000000000000000, -1.000000000000000000 ) ) ;
#3260 = CARTESIAN_POINT ( 'NONE',  ( -14.29999999999999005, -45.50000000000000711, 51.00000000000000000 ) ) ;
#3261 = PLANE ( 'NONE',  #7777 ) ;
#3262 = DIRECTION ( 'NONE',  ( 0.000000000000000000, 0.000000000000000000, 1.000000000000000000 ) ) ;
#3263 = DIRECTION ( 'NONE',  ( 0.000000000000000000, -0.000000000000000000, 1.000000000000000000 ) ) ;
#3264 = ORIENTED_EDGE ( 'NONE', *, *, #7258, .T. ) ;
#3265 = EDGE_LOOP ( 'NONE', ( #313, #4220, #9088 ) ) ;
#3266 = LINE ( 'NONE', #6453, #2044 ) ;
#3267 = EDGE_CURVE ( 'NONE', #10583, #1265, #9598, .T. ) ;
#3268 = CARTESIAN_POINT ( 'NONE',  ( -18.75000000000000355, 19.99999999999998934, 60.00000000000000711 ) ) ;
#3269 = CARTESIAN_POINT ( 'NONE',  ( 32.74999999999983658, -30.00000000000000711, -11.50000000000000355 ) ) ;
#3270 = PLANE ( 'NONE',  #4200 ) ;
#3271 = ADVANCED_FACE ( 'NONE', ( #493, #2566, #12719, #6616, #10668, #6678, #8674 ), #8483, .F. ) ;
#3272 = DIRECTION ( 'NONE',  ( 0.000000000000000000, 0.000000000000000000, -1.000000000000000000 ) ) ;
#3273 = VERTEX_POINT ( 'NONE', #435 ) ;
#3274 = FACE_OUTER_BOUND ( 'NONE', #12133, .T. ) ;
#3275 = CARTESIAN_POINT ( 'NONE',  ( -62.90000000000004121, 26.99999999999999289, 58.00000000000000000 ) ) ;
#3276 = ORIENTED_EDGE ( 'NONE', *, *, #3337, .T. ) ;
#3277 = VECTOR ( 'NONE', #6642, 1000.000000000000000 ) ;
#3278 = DIRECTION ( 'NONE',  ( 0.000000000000000000, 0.000000000000000000, -1.000000000000000000 ) ) ;
#3279 = CARTESIAN_POINT ( 'NONE',  ( -36.00000000000002842, 29.99999999999999289, -5.097962868176746799E-15 ) ) ;
#3280 = ORIENTED_EDGE ( 'NONE', *, *, #804, .F. ) ;
#3281 = ORIENTED_EDGE ( 'NONE', *, *, #911, .F. ) ;
#3282 = CARTESIAN_POINT ( 'NONE',  ( -28.74999999999999645, -20.49999999999991473, 49.00000000000000000 ) ) ;
#3283 = EDGE_CURVE ( 'NONE', #3834, #5007, #10735, .T. ) ;
#3284 = CARTESIAN_POINT ( 'NONE',  ( -31.00000000000004974, 26.99999999999999289, -5.377642775528110828E-14 ) ) ;
#3285 = VECTOR ( 'NONE', #2631, 1000.000000000000000 ) ;
#3286 = CARTESIAN_POINT ( 'NONE',  ( -44.00000000000004263, 29.99999999999999289, 44.59999999999999432 ) ) ;
#3287 = PLANE ( 'NONE',  #3160 ) ;
#3288 = CARTESIAN_POINT ( 'NONE',  ( 23.74999999999982236, 4.999999999999990230, 60.00000000000000711 ) ) ;
#3289 = ORIENTED_EDGE ( 'NONE', *, *, #6401, .F. ) ;
#3290 =( LENGTH_UNIT ( ) NAMED_UNIT ( * ) SI_UNIT ( .MILLI., .METRE. ) );
#3291 = VECTOR ( 'NONE', #1500, 1000.000000000000000 ) ;
#3292 = CARTESIAN_POINT ( 'NONE',  ( -46.00000000000004263, 29.99999999999999289, 48.00000000000000000 ) ) ;
#3293 = VERTEX_POINT ( 'NONE', #7816 ) ;
#3294 = EDGE_LOOP ( 'NONE', ( #450, #11205, #12502, #11818 ) ) ;
#3295 = AXIS2_PLACEMENT_3D ( 'NONE', #3320, #1268, #5328 ) ;
#3296 = DIRECTION ( 'NONE',  ( -0.000000000000000000, 1.000000000000000000, -0.000000000000000000 ) ) ;
#3297 = ORIENTED_EDGE ( 'NONE', *, *, #4441, .F. ) ;
#3298 = PLANE ( 'NONE',  #11409 ) ;
#3299 = ADVANCED_FACE ( 'NONE', ( #897 ), #4903, .F. ) ;
#3300 = DIRECTION ( 'NONE',  ( -0.000000000000000000, 1.000000000000000000, -0.000000000000000000 ) ) ;
#3301 = VECTOR ( 'NONE', #4517, 1000.000000000000000 ) ;
#3302 = CARTESIAN_POINT ( 'NONE',  ( 0.000000000000000000, 29.99999999999999289, 60.00000000000000711 ) ) ;
#3303 = PLANE ( 'NONE',  #10144 ) ;
#3304 = CIRCLE ( 'NONE', #12205, 4.000000000000010658 ) ;
#3305 = EDGE_CURVE ( 'NONE', #3629, #8377, #1824, .T. ) ;
#3306 = CARTESIAN_POINT ( 'NONE',  ( 33.24999999999983658, -5.000000000000004441, -23.00000000000000355 ) ) ;
#3307 = EDGE_LOOP ( 'NONE', ( #1555, #11712 ) ) ;
#3308 = CARTESIAN_POINT ( 'NONE',  ( 0.000000000000000000, 5.749999999999992895, -40.00000000000000000 ) ) ;
#3309 = FACE_OUTER_BOUND ( 'NONE', #1897, .T. ) ;
#3310 = CARTESIAN_POINT ( 'NONE',  ( 89.99999999999994316, 25.99999999999998934, -40.00000000000000000 ) ) ;
#3311 = ORIENTED_EDGE ( 'NONE', *, *, #3929, .F. ) ;
#3312 = ORIENTED_EDGE ( 'NONE', *, *, #4331, .T. ) ;
#3313 = VERTEX_POINT ( 'NONE', #4757 ) ;
#3314 = CIRCLE ( 'NONE', #9893, 2.999999999999999112 ) ;
#3315 = AXIS2_PLACEMENT_3D ( 'NONE', #7564, #673, #2590 ) ;
#3316 = EDGE_CURVE ( 'NONE', #1359, #9828, #4957, .T. ) ;
#3317 = VECTOR ( 'NONE', #480, 1000.000000000000000 ) ;
#3318 = ORIENTED_EDGE ( 'NONE', *, *, #9129, .F. ) ;
#3319 = PLANE ( 'NONE',  #1389 ) ;
#3320 = CARTESIAN_POINT ( 'NONE',  ( 14.30000000000000426, 37.53999999999999204, 51.00000000000000711 ) ) ;
#3321 = VECTOR ( 'NONE', #8723, 1000.000000000000000 ) ;
#3322 = AXIS2_PLACEMENT_3D ( 'NONE', #12270, #8160, #2185 ) ;
#3323 = VECTOR ( 'NONE', #7060, 1000.000000000000000 ) ;
#3324 = VECTOR ( 'NONE', #4503, 1000.000000000000000 ) ;
#3325 = DIRECTION ( 'NONE',  ( 0.000000000000000000, 1.000000000000000000, -0.000000000000000000 ) ) ;
#3326 = EDGE_CURVE ( 'NONE', #1307, #10627, #7875, .T. ) ;
#3327 = CARTESIAN_POINT ( 'NONE',  ( 30.00000000000003553, 14.24999999999999822, -2.999999999999998224 ) ) ;
#3328 = CARTESIAN_POINT ( 'NONE',  ( 38.74999999999983658, -30.00000000000000711, -22.50000000000000355 ) ) ;
#3329 = VECTOR ( 'NONE', #1577, 1000.000000000000000 ) ;
#3330 = LINE ( 'NONE', #12344, #6547 ) ;
#3331 = ORIENTED_EDGE ( 'NONE', *, *, #4734, .F. ) ;
#3332 = LINE ( 'NONE', #12609, #10137 ) ;
#3333 = AXIS2_PLACEMENT_3D ( 'NONE', #4473, #12817, #12082 ) ;
#3334 = VECTOR ( 'NONE', #10664, 1000.000000000000000 ) ;
#3335 = VECTOR ( 'NONE', #11358, 1000.000000000000000 ) ;
#3336 = ORIENTED_EDGE ( 'NONE', *, *, #8269, .F. ) ;
#3337 = EDGE_CURVE ( 'NONE', #6504, #7688, #4581, .T. ) ;
#3338 = VECTOR ( 'NONE', #2965, 1000.000000000000000 ) ;
#3339 = ORIENTED_EDGE ( 'NONE', *, *, #6064, .T. ) ;
#3340 = ORIENTED_EDGE ( 'NONE', *, *, #8782, .T. ) ;
#3341 = VECTOR ( 'NONE', #12737, 1000.000000000000000 ) ;
#3342 = DIRECTION ( 'NONE',  ( -0.000000000000000000, -1.000000000000000000, -0.000000000000000000 ) ) ;
#3343 = DIRECTION ( 'NONE',  ( 1.416100796715761356E-16, 0.000000000000000000, 1.000000000000000000 ) ) ;
#3344 = DIRECTION ( 'NONE',  ( 0.000000000000000000, 0.000000000000000000, 1.000000000000000000 ) ) ;
#3345 = CIRCLE ( 'NONE', #9939, 3.000000000000000000 ) ;
#3346 = DIRECTION ( 'NONE',  ( 1.000000000000000000, -0.000000000000000000, 0.000000000000000000 ) ) ;
#3347 = AXIS2_PLACEMENT_3D ( 'NONE', #859, #9083, #13128 ) ;
#3348 = ADVANCED_FACE ( 'NONE', ( #13038 ), #4021, .F. ) ;
#3349 = DIRECTION ( 'NONE',  ( -1.000000000000000000, -0.000000000000000000, -0.000000000000000000 ) ) ;
#3350 = ORIENTED_EDGE ( 'NONE', *, *, #2618, .T. ) ;
#3351 = PLANE ( 'NONE',  #12037 ) ;
#3352 = VECTOR ( 'NONE', #9553, 1000.000000000000000 ) ;
#3353 = AXIS2_PLACEMENT_3D ( 'NONE', #1812, #10863, #4814 ) ;
#3354 = CARTESIAN_POINT ( 'NONE',  ( 34.00000000000003553, 29.99999999999999289, -0.000000000000000000 ) ) ;
#3355 = EDGE_CURVE ( 'NONE', #11508, #3949, #3940, .T. ) ;
#3356 = EDGE_LOOP ( 'NONE', ( #1497, #7806, #6422, #5768 ) ) ;
#3357 = LINE ( 'NONE', #7401, #9256 ) ;
#3358 = CIRCLE ( 'NONE', #2740, 3.500000000000006661 ) ;
#3359 = EDGE_CURVE ( 'NONE', #4573, #3722, #8009, .T. ) ;
#3360 = ORIENTED_EDGE ( 'NONE', *, *, #4236, .T. ) ;
#3361 = ORIENTED_EDGE ( 'NONE', *, *, #5694, .T. ) ;
#3362 = CARTESIAN_POINT ( 'NONE',  ( -33.00000000000004263, 26.99999999999999289, -4.999999999999999112 ) ) ;
#3363 = VECTOR ( 'NONE', #8737, 1000.000000000000000 ) ;
#3364 = DIRECTION ( 'NONE',  ( 0.000000000000000000, -0.4103646773287998317, 0.9119215051751055068 ) ) ;
#3365 = DIRECTION ( 'NONE',  ( 1.000000000000000000, 0.000000000000000000, 0.000000000000000000 ) ) ;
#3366 = CARTESIAN_POINT ( 'NONE',  ( 0.000000000000000000, 26.99999999999999289, 45.99999999999999289 ) ) ;
#3367 = CARTESIAN_POINT ( 'NONE',  ( 23.74999999999999289, -20.49999999999991473, 50.50000000000000000 ) ) ;
#3368 = ORIENTED_EDGE ( 'NONE', *, *, #6489, .T. ) ;
#3369 = DIRECTION ( 'NONE',  ( -3.469446951953614189E-16, 1.000000000000000000, 0.000000000000000000 ) ) ;
#3370 = VECTOR ( 'NONE', #6431, 1000.000000000000000 ) ;
#3371 = PLANE ( 'NONE',  #8257 ) ;
#3372 = EDGE_CURVE ( 'NONE', #9532, #7941, #5896, .T. ) ;
#3373 = ORIENTED_EDGE ( 'NONE', *, *, #3326, .T. ) ;
#3374 = AXIS2_PLACEMENT_3D ( 'NONE', #6398, #9248, #8134 ) ;
#3375 = VERTEX_POINT ( 'NONE', #8078 ) ;
#3376 = EDGE_CURVE ( 'NONE', #7738, #6047, #11073, .T. ) ;
#3377 = DIRECTION ( 'NONE',  ( -0.000000000000000000, -0.000000000000000000, -1.000000000000000000 ) ) ;
#3378 = ORIENTED_EDGE ( 'NONE', *, *, #6944, .T. ) ;
#3379 = EDGE_CURVE ( 'NONE', #3762, #2900, #3304, .T. ) ;
#3380 = ORIENTED_EDGE ( 'NONE', *, *, #7953, .T. ) ;
#3381 = DIRECTION ( 'NONE',  ( 0.000000000000000000, -1.000000000000000000, 3.469446951953615767E-15 ) ) ;
#3382 = CARTESIAN_POINT ( 'NONE',  ( -80.00000000000000000, -20.00000000000000711, -40.00000000000000000 ) ) ;
#3383 = CARTESIAN_POINT ( 'NONE',  ( 35.74999999999983658, -10.00000000000000533, -10.00000000000000711 ) ) ;
#3384 = LINE ( 'NONE', #8421, #5054 ) ;
#3385 = VERTEX_POINT ( 'NONE', #11016 ) ;
#3386 = CARTESIAN_POINT ( 'NONE',  ( -23.74999999999999645, -9.499999999999914735, 67.51000000000000512 ) ) ;
#3387 = CARTESIAN_POINT ( 'NONE',  ( -74.00000000000004263, 29.99999999999999289, 56.00000000000000711 ) ) ;
#3388 = VECTOR ( 'NONE', #5097, 999.9999999999998863 ) ;
#3389 = CARTESIAN_POINT ( 'NONE',  ( -31.00000000000004263, 26.99999999999999289, -4.999999999999999112 ) ) ;
#3390 = ORIENTED_EDGE ( 'NONE', *, *, #5303, .F. ) ;
#3391 = ORIENTED_EDGE ( 'NONE', *, *, #12708, .T. ) ;
#3392 = ORIENTED_EDGE ( 'NONE', *, *, #1017, .T. ) ;
#3393 = EDGE_CURVE ( 'NONE', #3293, #11805, #6875, .T. ) ;
#3394 = DIRECTION ( 'NONE',  ( 0.000000000000000000, -1.000000000000000000, 3.469446951953615767E-15 ) ) ;
#3395 = CARTESIAN_POINT ( 'NONE',  ( -90.00000000000005684, -30.00000000000000711, 56.00000000000000000 ) ) ;
#3396 = CARTESIAN_POINT ( 'NONE',  ( 33.00000000000004263, 29.99999999999999289, -7.000000000000000000 ) ) ;
#3397 = CYLINDRICAL_SURFACE ( 'NONE', #6246, 10.00000000000000178 ) ;
#3398 = DIRECTION ( 'NONE',  ( 0.000000000000000000, 0.000000000000000000, 1.000000000000000000 ) ) ;
#3399 = FACE_OUTER_BOUND ( 'NONE', #9525, .T. ) ;
#3400 = VERTEX_POINT ( 'NONE', #3024 ) ;
#3401 = CARTESIAN_POINT ( 'NONE',  ( 18.75000000000001066, -52.50000000000000711, 60.00000000000000711 ) ) ;
#3402 = VERTEX_POINT ( 'NONE', #7067 ) ;
#3403 = ORIENTED_EDGE ( 'NONE', *, *, #8284, .F. ) ;
#3404 = EDGE_CURVE ( 'NONE', #12591, #4573, #9450, .T. ) ;
#3405 = FACE_OUTER_BOUND ( 'NONE', #8099, .T. ) ;
#3406 = ORIENTED_EDGE ( 'NONE', *, *, #9902, .F. ) ;
#3407 = ORIENTED_EDGE ( 'NONE', *, *, #2201, .T. ) ;
#3408 = DIRECTION ( 'NONE',  ( 0.000000000000000000, 1.000000000000000000, -0.000000000000000000 ) ) ;
#3409 = DIRECTION ( 'NONE',  ( -1.000000000000000000, 0.000000000000000000, 0.000000000000000000 ) ) ;
#3410 = CARTESIAN_POINT ( 'NONE',  ( 0.000000000000000000, 26.99999999999999289, 56.00000000000000000 ) ) ;
#3411 = LINE ( 'NONE', #4682, #3321 ) ;
#3412 = CARTESIAN_POINT ( 'NONE',  ( 30.00000000000000000, 1.000000000000042633, -40.00000000000000000 ) ) ;
#3413 = CARTESIAN_POINT ( 'NONE',  ( 28.74999999999982947, -4.999999999999912959, 45.00000000000000711 ) ) ;
#3414 = ORIENTED_EDGE ( 'NONE', *, *, #11410, .F. ) ;
#3415 = EDGE_CURVE ( 'NONE', #8956, #4142, #7326, .T. ) ;
#3416 = LINE ( 'NONE', #3677, #9286 ) ;
#3417 = FACE_OUTER_BOUND ( 'NONE', #4904, .T. ) ;
#3418 = EDGE_CURVE ( 'NONE', #10488, #891, #5958, .T. ) ;
#3419 = CARTESIAN_POINT ( 'NONE',  ( -18.75000000000000355, -30.00000000000000711, -39.99999999999999289 ) ) ;
#3420 = EDGE_CURVE ( 'NONE', #5959, #8188, #2460, .T. ) ;
#3421 = VERTEX_POINT ( 'NONE', #11983 ) ;
#3422 = VERTEX_POINT ( 'NONE', #6948 ) ;
#3423 = DIRECTION ( 'NONE',  ( -1.000000000000000000, 3.469446951953614189E-16, 0.000000000000000000 ) ) ;
#3424 = DIRECTION ( 'NONE',  ( -0.000000000000000000, 0.000000000000000000, -1.000000000000000000 ) ) ;
#3425 = LINE ( 'NONE', #9453, #12240 ) ;
#3426 = DIRECTION ( 'NONE',  ( 0.000000000000000000, 1.000000000000000000, 0.000000000000000000 ) ) ;
#3427 = EDGE_CURVE ( 'NONE', #915, #56, #9866, .T. ) ;
#3428 = DIRECTION ( 'NONE',  ( -0.3162277660168376081, 0.9486832980505138790, -0.000000000000000000 ) ) ;
#3429 = CARTESIAN_POINT ( 'NONE',  ( -29.99999999999997158, -19.99999999999999289, 0.000000000000000000 ) ) ;
#3430 = ORIENTED_EDGE ( 'NONE', *, *, #6350, .F. ) ;
#3431 = EDGE_CURVE ( 'NONE', #6826, #7738, #6012, .T. ) ;
#3432 = LINE ( 'NONE', #7620, #1896 ) ;
#3433 = EDGE_LOOP ( 'NONE', ( #4279, #3972, #19, #4962 ) ) ;
#3434 = ORIENTED_EDGE ( 'NONE', *, *, #8515, .F. ) ;
#3435 = LINE ( 'NONE', #1361, #4376 ) ;
#3436 = EDGE_LOOP ( 'NONE', ( #598, #12470, #3616, #12239 ) ) ;
#3437 = CARTESIAN_POINT ( 'NONE',  ( 28.00000000000003197, 26.99999999999999289, -2.999999999999998224 ) ) ;
#3438 = DIRECTION ( 'NONE',  ( 0.000000000000000000, -0.000000000000000000, 1.000000000000000000 ) ) ;
#3439 = FACE_OUTER_BOUND ( 'NONE', #9430, .T. ) ;
#3440 = DIRECTION ( 'NONE',  ( -0.3162277660168377191, 0.9486832980505138790, -4.388541835720877640E-16 ) ) ;
#3441 = PLANE ( 'NONE',  #2723 ) ;
#3442 = CYLINDRICAL_SURFACE ( 'NONE', #12071, 1.500000000000001332 ) ;
#3443 = CARTESIAN_POINT ( 'NONE',  ( 85.99999999999994316, -26.00000000000000711, 6.000000000000000000 ) ) ;
#3444 = ORIENTED_EDGE ( 'NONE', *, *, #552, .F. ) ;
#3445 = ORIENTED_EDGE ( 'NONE', *, *, #11262, .F. ) ;
#3446 = ORIENTED_EDGE ( 'NONE', *, *, #7191, .T. ) ;
#3447 = LINE ( 'NONE', #5849, #10752 ) ;
#3448 = FACE_OUTER_BOUND ( 'NONE', #7288, .T. ) ;
#3449 = EDGE_LOOP ( 'NONE', ( #11131, #9276, #11332, #13075 ) ) ;
#3450 = EDGE_CURVE ( 'NONE', #3605, #974, #24, .T. ) ;
#3451 = LINE ( 'NONE', #319, #9445 ) ;
#3452 = CARTESIAN_POINT ( 'NONE',  ( 23.74999999999999289, 10.50000000000008527, 21.00000000000000355 ) ) ;
#3453 = CARTESIAN_POINT ( 'NONE',  ( 32.74999999999983658, -30.00000000000000711, 0.000000000000000000 ) ) ;
#3454 = DIRECTION ( 'NONE',  ( -1.000000000000000000, -0.000000000000000000, -1.387778780781445676E-16 ) ) ;
#3455 = VERTEX_POINT ( 'NONE', #9188 ) ;
#3456 = FACE_OUTER_BOUND ( 'NONE', #9668, .T. ) ;
#3457 = ORIENTED_EDGE ( 'NONE', *, *, #1, .F. ) ;
#3458 = VERTEX_POINT ( 'NONE', #8194 ) ;
#3459 = ORIENTED_EDGE ( 'NONE', *, *, #11518, .F. ) ;
#3460 = CYLINDRICAL_SURFACE ( 'NONE', #7342, 4.000000000000003553 ) ;
#3461 = VERTEX_POINT ( 'NONE', #1143 ) ;
#3462 = CARTESIAN_POINT ( 'NONE',  ( -58.25000000000019185, 10.50000000000008527, 18.00000000000000355 ) ) ;
#3463 = DIRECTION ( 'NONE',  ( 0.000000000000000000, 1.000000000000000000, 4.625929269271487886E-16 ) ) ;
#3464 = CARTESIAN_POINT ( 'NONE',  ( 62.90000000000005542, 29.99999999999999289, 45.99999999999999289 ) ) ;
#3465 = CARTESIAN_POINT ( 'NONE',  ( 70.00000000000000000, 22.99999999999999289, -15.00000000000002309 ) ) ;
#3466 = LINE ( 'NONE', #7595, #7838 ) ;
#3467 = CARTESIAN_POINT ( 'NONE',  ( -9.500000000000000000, 19.99999999999999289, -36.75000000000000000 ) ) ;
#3468 = ORIENTED_EDGE ( 'NONE', *, *, #7093, .T. ) ;
#3469 = CARTESIAN_POINT ( 'NONE',  ( 28.74999999999982947, -20.49999999999991473, 18.00000000000000355 ) ) ;
#3470 = DIRECTION ( 'NONE',  ( 0.000000000000000000, 1.000000000000000000, 0.000000000000000000 ) ) ;
#3471 =( BOUNDED_CURVE ( )  B_SPLINE_CURVE ( 3, ( #5055, #6575, #9555, #8427 ),
 .UNSPECIFIED., .F., .T. ) 
 B_SPLINE_CURVE_WITH_KNOTS ( ( 4, 4 ),
 ( 0.000000000000000000, 1.570796326794895670 ),
 .UNSPECIFIED. ) 
 CURVE ( )  GEOMETRIC_REPRESENTATION_ITEM ( )  RATIONAL_B_SPLINE_CURVE ( ( 1.000000000000000000, 0.8047378541243652705, 0.8047378541243652705, 1.000000000000000000 ) ) 
 REPRESENTATION_ITEM ( '' )  );
#3472 = DIRECTION ( 'NONE',  ( -0.000000000000000000, 1.000000000000000000, -0.000000000000000000 ) ) ;
#3473 = ORIENTED_EDGE ( 'NONE', *, *, #1719, .T. ) ;
#3474 = VERTEX_POINT ( 'NONE', #6209 ) ;
#3475 = CARTESIAN_POINT ( 'NONE',  ( 36.00000000000002842, 29.99999999999999289, -5.097962868176746799E-15 ) ) ;
#3476 = FACE_OUTER_BOUND ( 'NONE', #6189, .T. ) ;
#3477 = DIRECTION ( 'NONE',  ( -0.000000000000000000, 1.000000000000000000, -4.625929269271487886E-16 ) ) ;
#3478 = CARTESIAN_POINT ( 'NONE',  ( -23.74999999999999645, -12.99999999999991473, 60.00000000000000711 ) ) ;
#3479 = LINE ( 'NONE', #1433, #7977 ) ;
#3480 = VECTOR ( 'NONE', #7571, 1000.000000000000000 ) ;
#3481 = ORIENTED_EDGE ( 'NONE', *, *, #8530, .T. ) ;
#3482 = DIRECTION ( 'NONE',  ( 0.000000000000000000, 0.000000000000000000, 1.000000000000000000 ) ) ;
#3483 = EDGE_CURVE ( 'NONE', #1921, #6006, #6342, .T. ) ;
#3484 = ADVANCED_FACE ( 'NONE', ( #11194 ), #2101, .T. ) ;
#3485 = EDGE_CURVE ( 'NONE', #8172, #231, #12236, .T. ) ;
#3486 = LINE ( 'NONE', #7530, #10379 ) ;
#3487 = VERTEX_POINT ( 'NONE', #3081 ) ;
#3488 = ORIENTED_EDGE ( 'NONE', *, *, #11077, .F. ) ;
#3489 = DIRECTION ( 'NONE',  ( -0.000000000000000000, 1.000000000000000000, -0.000000000000000000 ) ) ;
#3490 = ADVANCED_FACE ( 'NONE', ( #11456 ), #12419, .F. ) ;
#3491 = ORIENTED_EDGE ( 'NONE', *, *, #7023, .F. ) ;
#3492 = VECTOR ( 'NONE', #11111, 1000.000000000000000 ) ;
#3493 = DIRECTION ( 'NONE',  ( 1.000000000000000000, -0.000000000000000000, -0.000000000000000000 ) ) ;
#3494 = EDGE_CURVE ( 'NONE', #1546, #6649, #6265, .T. ) ;
#3495 = LINE ( 'NONE', #5566, #11390 ) ;
#3496 = DIRECTION ( 'NONE',  ( 1.000000000000000000, 0.000000000000000000, 0.000000000000000000 ) ) ;
#3497 = EDGE_CURVE ( 'NONE', #7622, #9383, #11381, .T. ) ;
#3498 = CARTESIAN_POINT ( 'NONE',  ( -36.00000000000002842, 26.99999999999999289, -5.097962868176746799E-15 ) ) ;
#3499 = LINE ( 'NONE', #10684, #6115 ) ;
#3500 = EDGE_LOOP ( 'NONE', ( #9574, #6380, #2312, #12969 ) ) ;
#3501 = DIRECTION ( 'NONE',  ( 1.416100796715761356E-16, 0.000000000000000000, 1.000000000000000000 ) ) ;
#3502 = AXIS2_PLACEMENT_3D ( 'NONE', #3050, #13065, #10901 ) ;
#3503 = DIRECTION ( 'NONE',  ( 1.000000000000000000, 0.000000000000000000, 0.000000000000000000 ) ) ;
#3504 = EDGE_LOOP ( 'NONE', ( #6227, #1722, #11522 ) ) ;
#3505 = ORIENTED_EDGE ( 'NONE', *, *, #10421, .F. ) ;
#3506 = VERTEX_POINT ( 'NONE', #8271 ) ;
#3507 = EDGE_CURVE ( 'NONE', #12062, #5393, #216, .T. ) ;
#3508 = AXIS2_PLACEMENT_3D ( 'NONE', #8632, #5641, #5525 ) ;
#3509 = AXIS2_PLACEMENT_3D ( 'NONE', #10490, #8310, #1125 ) ;
#3510 = CARTESIAN_POINT ( 'NONE',  ( -86.00000000000004263, -30.00000000000000711, 6.000000000000000000 ) ) ;
#3511 = FACE_OUTER_BOUND ( 'NONE', #10031, .T. ) ;
#3512 = AXIS2_PLACEMENT_3D ( 'NONE', #12644, #4630, #1490 ) ;
#3513 = ORIENTED_EDGE ( 'NONE', *, *, #2128, .F. ) ;
#3514 = DIRECTION ( 'NONE',  ( -1.000000000000000000, 2.434699615406045218E-16, -0.000000000000000000 ) ) ;
#3515 = DIRECTION ( 'NONE',  ( 0.000000000000000000, 0.000000000000000000, -1.000000000000000000 ) ) ;
#3516 = DIRECTION ( 'NONE',  ( -1.387778780781445676E-16, -0.000000000000000000, -1.000000000000000000 ) ) ;
#3517 = VECTOR ( 'NONE', #13121, 1000.000000000000000 ) ;
#3518 = VECTOR ( 'NONE', #2653, 1000.000000000000000 ) ;
#3519 = DIRECTION ( 'NONE',  ( 0.000000000000000000, -8.673617379884027583E-16, -1.000000000000000000 ) ) ;
#3520 = ORIENTED_EDGE ( 'NONE', *, *, #6658, .F. ) ;
#3521 = AXIS2_PLACEMENT_3D ( 'NONE', #9790, #3815, #4007 ) ;
#3522 = EDGE_LOOP ( 'NONE', ( #4897, #11159, #2969, #8525, #5226, #4655 ) ) ;
#3523 = ADVANCED_FACE ( 'NONE', ( #7123 ), #1087, .F. ) ;
#3524 = ORIENTED_EDGE ( 'NONE', *, *, #12851, .F. ) ;
#3525 = VERTEX_POINT ( 'NONE', #2160 ) ;
#3526 = VECTOR ( 'NONE', #4955, 1000.000000000000000 ) ;
#3527 = AXIS2_PLACEMENT_3D ( 'NONE', #4297, #1313, #4241 ) ;
#3528 = DIRECTION ( 'NONE',  ( 0.000000000000000000, -1.000000000000000000, -0.000000000000000000 ) ) ;
#3529 = EDGE_CURVE ( 'NONE', #2289, #8712, #10254, .T. ) ;
#3530 = ORIENTED_EDGE ( 'NONE', *, *, #11057, .F. ) ;
#3531 = CIRCLE ( 'NONE', #10975, 4.000000000000016875 ) ;
#3532 = CARTESIAN_POINT ( 'NONE',  ( 23.75000000000000000, 19.99999999999998934, 25.15000000000000568 ) ) ;
#3533 = LINE ( 'NONE', #4679, #7959 ) ;
#3534 = AXIS2_PLACEMENT_3D ( 'NONE', #584, #6691, #10749 ) ;
#3535 = DIRECTION ( 'NONE',  ( 0.000000000000000000, 0.000000000000000000, 1.000000000000000000 ) ) ;
#3536 = FACE_OUTER_BOUND ( 'NONE', #11039, .T. ) ;
#3537 = AXIS2_PLACEMENT_3D ( 'NONE', #10717, #2551, #8524 ) ;
#3538 = CARTESIAN_POINT ( 'NONE',  ( -18.75000000000000355, 46.49999999999983658, 10.00000000000000355 ) ) ;
#3539 = DIRECTION ( 'NONE',  ( -0.000000000000000000, 1.000000000000000000, -0.000000000000000000 ) ) ;
#3540 = LINE ( 'NONE', #10655, #8669 ) ;
#3541 = FACE_OUTER_BOUND ( 'NONE', #2617, .T. ) ;
#3542 = ORIENTED_EDGE ( 'NONE', *, *, #12973, .F. ) ;
#3543 = VECTOR ( 'NONE', #1470, 1000.000000000000000 ) ;
#3544 = CARTESIAN_POINT ( 'NONE',  ( -33.00000000000004263, 29.99999999999999289, 5.000000000000003553 ) ) ;
#3545 = VECTOR ( 'NONE', #9334, 1000.000000000000000 ) ;
#3546 = AXIS2_PLACEMENT_3D ( 'NONE', #7054, #2003, #6055 ) ;
#3547 = DIRECTION ( 'NONE',  ( -1.000000000000000000, 0.000000000000000000, 0.000000000000000000 ) ) ;
#3548 = AXIS2_PLACEMENT_3D ( 'NONE', #10463, #1351, #12569 ) ;
#3549 = EDGE_CURVE ( 'NONE', #10471, #12118, #5281, .T. ) ;
#3550 = AXIS2_PLACEMENT_3D ( 'NONE', #12807, #9903, #808 ) ;
#3551 = CARTESIAN_POINT ( 'NONE',  ( -86.00000000000004263, 19.99999999999998934, 10.00000000000000000 ) ) ;
#3552 = ORIENTED_EDGE ( 'NONE', *, *, #4374, .T. ) ;
#3553 = EDGE_LOOP ( 'NONE', ( #3831, #5519, #8338, #1620, #4844, #6087, #1467, #6031, #334 ) ) ;
#3554 = VECTOR ( 'NONE', #7443, 1000.000000000000000 ) ;
#3555 = CARTESIAN_POINT ( 'NONE',  ( -28.74999999999999645, -12.99999999999991473, 60.00000000000000711 ) ) ;
#3556 = VECTOR ( 'NONE', #10226, 1000.000000000000000 ) ;
#3557 = DIRECTION ( 'NONE',  ( -0.000000000000000000, 1.000000000000000000, -0.000000000000000000 ) ) ;
#3558 = CARTESIAN_POINT ( 'NONE',  ( 85.99999999999994316, -26.00000000000000711, 6.000000000000000000 ) ) ;
#3559 = CARTESIAN_POINT ( 'NONE',  ( 85.99999999999994316, 0.000000000000000000, 10.00000000000000000 ) ) ;
#3560 = CARTESIAN_POINT ( 'NONE',  ( -23.75000000000000000, -30.00000000000001421, 56.15000000000000568 ) ) ;
#3561 = CIRCLE ( 'NONE', #1226, 1.500000000000001332 ) ;
#3562 = DIRECTION ( 'NONE',  ( -8.673617379884035472E-16, 0.000000000000000000, 1.000000000000000000 ) ) ;
#3563 = AXIS2_PLACEMENT_3D ( 'NONE', #8660, #12707, #3617 ) ;
#3564 = EDGE_LOOP ( 'NONE', ( #11688, #2438, #4070, #4124 ) ) ;
#3565 = LINE ( 'NONE', #646, #3285 ) ;
#3566 = EDGE_CURVE ( 'NONE', #3801, #7421, #11316, .T. ) ;
#3567 = DIRECTION ( 'NONE',  ( 1.000000000000000000, -0.000000000000000000, -0.000000000000000000 ) ) ;
#3568 = AXIS2_PLACEMENT_3D ( 'NONE', #7265, #2299, #9331 ) ;
#3569 = ORIENTED_EDGE ( 'NONE', *, *, #8436, .T. ) ;
#3570 = ORIENTED_EDGE ( 'NONE', *, *, #13063, .T. ) ;
#3571 = LINE ( 'NONE', #4638, #9678 ) ;
#3572 = VECTOR ( 'NONE', #4696, 1000.000000000000000 ) ;
#3573 = ORIENTED_EDGE ( 'NONE', *, *, #6805, .F. ) ;
#3574 = ORIENTED_EDGE ( 'NONE', *, *, #2864, .T. ) ;
#3575 = AXIS2_PLACEMENT_3D ( 'NONE', #8709, #3657, #7706 ) ;
#3576 = DIRECTION ( 'NONE',  ( 0.000000000000000000, 0.000000000000000000, -1.000000000000000000 ) ) ;
#3577 = CARTESIAN_POINT ( 'NONE',  ( 35.74999999999983658, -28.00000000000000355, -25.50000000000000355 ) ) ;
#3578 = CARTESIAN_POINT ( 'NONE',  ( 3.081487911019577365E-30, -24.00000000000000000, -36.75000000000000000 ) ) ;
#3579 = VECTOR ( 'NONE', #4656, 1000.000000000000000 ) ;
#3580 = CARTESIAN_POINT ( 'NONE',  ( 0.000000000000000000, 26.99999999999999289, 58.00000000000000000 ) ) ;
#3581 = CARTESIAN_POINT ( 'NONE',  ( 24.00000000000002842, 9.999999999999969802, -34.75000000000000000 ) ) ;
#3582 = DIRECTION ( 'NONE',  ( 0.000000000000000000, 0.000000000000000000, 1.000000000000000000 ) ) ;
#3583 = ADVANCED_FACE ( 'NONE', ( #2288 ), #10395, .F. ) ;
#3584 = AXIS2_PLACEMENT_3D ( 'NONE', #4744, #12101, #1889 ) ;
#3585 = EDGE_LOOP ( 'NONE', ( #1424, #10505, #3168, #7497 ) ) ;
#3586 = CARTESIAN_POINT ( 'NONE',  ( -23.74999999999999645, 2.342223637263885949E-13, 67.51000000000000512 ) ) ;
#3587 = CARTESIAN_POINT ( 'NONE',  ( -23.74999999999999645, 25.43769491959958273, 11.85511747251642767 ) ) ;
#3588 = LINE ( 'NONE', #10896, #4642 ) ;
#3589 = ORIENTED_EDGE ( 'NONE', *, *, #2601, .T. ) ;
#3590 = VECTOR ( 'NONE', #10611, 1000.000000000000000 ) ;
#3591 = DIRECTION ( 'NONE',  ( 0.000000000000000000, 0.000000000000000000, -1.000000000000000000 ) ) ;
#3592 = LINE ( 'NONE', #7765, #7985 ) ;
#3593 = CARTESIAN_POINT ( 'NONE',  ( -58.25000000000019185, -20.49999999999991473, 19.50000000000000355 ) ) ;
#3594 = CARTESIAN_POINT ( 'NONE',  ( -49.40000000000004121, 26.99999999999999289, 56.00000000000000000 ) ) ;
#3595 = CIRCLE ( 'NONE', #12277, 4.000000000000003553 ) ;
#3596 = ADVANCED_FACE ( 'NONE', ( #9135 ), #273, .F. ) ;
#3597 = DIRECTION ( 'NONE',  ( -0.000000000000000000, -0.000000000000000000, -1.000000000000000000 ) ) ;
#3598 = PLANE ( 'NONE',  #2069 ) ;
#3599 = CARTESIAN_POINT ( 'NONE',  ( -23.75000000000000000, 19.99999999999998934, 56.15000000000000568 ) ) ;
#3600 = VERTEX_POINT ( 'NONE', #2354 ) ;
#3601 = ORIENTED_EDGE ( 'NONE', *, *, #6108, .F. ) ;
#3602 = VERTEX_POINT ( 'NONE', #10129 ) ;
#3603 = ORIENTED_EDGE ( 'NONE', *, *, #8931, .T. ) ;
#3604 = ORIENTED_EDGE ( 'NONE', *, *, #3415, .T. ) ;
#3605 = VERTEX_POINT ( 'NONE', #5090 ) ;
#3606 = CARTESIAN_POINT ( 'NONE',  ( -23.74999999999999645, 0.000000000000000000, 60.00000000000000711 ) ) ;
#3607 = ORIENTED_EDGE ( 'NONE', *, *, #11517, .F. ) ;
#3608 = CARTESIAN_POINT ( 'NONE',  ( -22.00000000000003197, 14.24999999999999822, 3.000000000000011990 ) ) ;
#3609 = DIRECTION ( 'NONE',  ( 0.000000000000000000, 0.000000000000000000, 1.000000000000000000 ) ) ;
#3610 = CARTESIAN_POINT ( 'NONE',  ( 74.00000000000004263, 29.99999999999999289, 50.00000000000000000 ) ) ;
#3611 = FACE_OUTER_BOUND ( 'NONE', #223, .T. ) ;
#3612 = CARTESIAN_POINT ( 'NONE',  ( -23.75000000000000000, 19.99999999999998934, 13.85000000000000142 ) ) ;
#3613 = CARTESIAN_POINT ( 'NONE',  ( 85.99999999999994316, -26.00000000000000711, 6.000000000000000000 ) ) ;
#3614 = ADVANCED_FACE ( 'NONE', ( #11781 ), #8469, .F. ) ;
#3615 = CARTESIAN_POINT ( 'NONE',  ( -42.00000000000002842, 29.99999999999999289, -3.000000000000000000 ) ) ;
#3616 = ORIENTED_EDGE ( 'NONE', *, *, #8086, .T. ) ;
#3617 = DIRECTION ( 'NONE',  ( -2.636779683484744890E-14, 0.000000000000000000, 1.000000000000000000 ) ) ;
#3618 = VERTEX_POINT ( 'NONE', #1598 ) ;
#3619 = EDGE_CURVE ( 'NONE', #77, #5402, #344, .T. ) ;
#3620 = CARTESIAN_POINT ( 'NONE',  ( -58.25000000000019185, 10.50000000000008527, 52.00000000000000711 ) ) ;
#3621 = ORIENTED_EDGE ( 'NONE', *, *, #6584, .F. ) ;
#3622 = VERTEX_POINT ( 'NONE', #3413 ) ;
#3623 = CARTESIAN_POINT ( 'NONE',  ( 28.74999999999982947, -16.99999999999991829, 60.00000000000000711 ) ) ;
#3624 = CARTESIAN_POINT ( 'NONE',  ( 49.40000000000004832, 29.99999999999999289, 48.00000000000000000 ) ) ;
#3625 = LINE ( 'NONE', #5687, #7993 ) ;
#3626 = LINE ( 'NONE', #4552, #5271 ) ;
#3627 = ADVANCED_FACE ( 'NONE', ( #3541, #6459, #4684, #7724 ), #4610, .T. ) ;
#3628 = DIRECTION ( 'NONE',  ( 0.000000000000000000, 0.000000000000000000, 1.000000000000000000 ) ) ;
#3629 = VERTEX_POINT ( 'NONE', #12557 ) ;
#3630 = PRODUCT_CONTEXT ( 'NONE', #9345, 'mechanical' ) ;
#3631 = DIRECTION ( 'NONE',  ( -0.000000000000000000, 0.000000000000000000, -1.000000000000000000 ) ) ;
#3632 = DIRECTION ( 'NONE',  ( 0.000000000000000000, 0.000000000000000000, 1.000000000000000000 ) ) ;
#3633 = ORIENTED_EDGE ( 'NONE', *, *, #4250, .F. ) ;
#3634 = ORIENTED_EDGE ( 'NONE', *, *, #11059, .F. ) ;
#3635 = LINE ( 'NONE', #12931, #5646 ) ;
#3636 = ORIENTED_EDGE ( 'NONE', *, *, #238, .F. ) ;
#3637 = ORIENTED_EDGE ( 'NONE', *, *, #6741, .T. ) ;
#3638 = CARTESIAN_POINT ( 'NONE',  ( 33.24999999999983658, -5.000000000000004441, -11.50000000000000355 ) ) ;
#3639 = DIRECTION ( 'NONE',  ( -1.000000000000000000, 0.000000000000000000, -0.000000000000000000 ) ) ;
#3640 = EDGE_CURVE ( 'NONE', #3723, #2413, #13066, .T. ) ;
#3641 = DIRECTION ( 'NONE',  ( 1.416100796715761356E-16, 0.000000000000000000, 1.000000000000000000 ) ) ;
#3642 = DIRECTION ( 'NONE',  ( -1.000000000000000000, 0.000000000000000000, 0.000000000000000000 ) ) ;
#3643 = DIRECTION ( 'NONE',  ( 0.000000000000000000, 0.000000000000000000, 1.000000000000000000 ) ) ;
#3644 = DIRECTION ( 'NONE',  ( 0.000000000000000000, 0.000000000000000000, -1.000000000000000000 ) ) ;
#3645 = VERTEX_POINT ( 'NONE', #7453 ) ;
#3646 = DIRECTION ( 'NONE',  ( 0.000000000000000000, 0.000000000000000000, -1.000000000000000000 ) ) ;
#3647 = DIRECTION ( 'NONE',  ( 1.000000000000000000, 0.000000000000000000, -3.469446951953613696E-16 ) ) ;
#3648 = EDGE_CURVE ( 'NONE', #1633, #10176, #6717, .T. ) ;
#3649 = LINE ( 'NONE', #10962, #5899 ) ;
#3650 = ORIENTED_EDGE ( 'NONE', *, *, #412, .F. ) ;
#3651 = ORIENTED_EDGE ( 'NONE', *, *, #8300, .F. ) ;
#3652 = DIRECTION ( 'NONE',  ( 0.000000000000000000, 0.000000000000000000, -1.000000000000000000 ) ) ;
#3653 = DIRECTION ( 'NONE',  ( -0.000000000000000000, -1.000000000000000000, -0.000000000000000000 ) ) ;
#3654 = EDGE_CURVE ( 'NONE', #4733, #915, #5401, .T. ) ;
#3655 = DIRECTION ( 'NONE',  ( 0.000000000000000000, -1.000000000000000000, 0.000000000000000000 ) ) ;
#3656 = CARTESIAN_POINT ( 'NONE',  ( 30.00000000000002842, -19.99999999999999289, -40.00000000000000000 ) ) ;
#3657 = DIRECTION ( 'NONE',  ( 0.000000000000000000, -1.000000000000000000, 0.000000000000000000 ) ) ;
#3658 = ORIENTED_EDGE ( 'NONE', *, *, #1484, .F. ) ;
#3659 = ORIENTED_EDGE ( 'NONE', *, *, #2679, .T. ) ;
#3660 = VERTEX_POINT ( 'NONE', #9645 ) ;
#3661 = DIRECTION ( 'NONE',  ( 0.000000000000000000, -0.9205817818752560777, -0.3905498468561707792 ) ) ;
#3662 = ORIENTED_EDGE ( 'NONE', *, *, #5739, .T. ) ;
#3663 = EDGE_LOOP ( 'NONE', ( #6468, #12576, #2567, #5442 ) ) ;
#3664 = ORIENTED_EDGE ( 'NONE', *, *, #4993, .T. ) ;
#3665 = ADVANCED_FACE ( 'NONE', ( #10452 ), #4480, .F. ) ;
#3666 = CARTESIAN_POINT ( 'NONE',  ( 0.000000000000000000, 29.99999999999999289, 18.20000000000000284 ) ) ;
#3667 = ORIENTED_EDGE ( 'NONE', *, *, #12711, .F. ) ;
#3668 = DIRECTION ( 'NONE',  ( -1.000000000000000000, 0.000000000000000000, -0.000000000000000000 ) ) ;
#3669 = DIRECTION ( 'NONE',  ( 0.000000000000000000, 0.000000000000000000, 1.000000000000000000 ) ) ;
#3670 = EDGE_CURVE ( 'NONE', #7990, #6158, #7510, .T. ) ;
#3671 = CARTESIAN_POINT ( 'NONE',  ( -28.74999999999999645, -45.50000000000000711, 53.50000000000000000 ) ) ;
#3672 = CARTESIAN_POINT ( 'NONE',  ( 36.00000000000002842, 26.99999999999999289, -5.097962868176746799E-15 ) ) ;
#3673 = LINE ( 'NONE', #7721, #10985 ) ;
#3674 = CARTESIAN_POINT ( 'NONE',  ( -23.74999999999999645, -15.00000000000001066, 35.00000000000000000 ) ) ;
#3675 = CARTESIAN_POINT ( 'NONE',  ( -28.00000000000003197, 29.99999999999999289, -4.999999999999992006 ) ) ;
#3676 = ORIENTED_EDGE ( 'NONE', *, *, #6655, .F. ) ;
#3677 = CARTESIAN_POINT ( 'NONE',  ( -20.00000000000006750, 19.99999999999999289, -40.00000000000000711 ) ) ;
#3678 = CARTESIAN_POINT ( 'NONE',  ( 38.00000000000003553, 29.99999999999999289, 56.00000000000000000 ) ) ;
#3679 = EDGE_CURVE ( 'NONE', #5613, #13095, #544, .T. ) ;
#3680 = ORIENTED_EDGE ( 'NONE', *, *, #7781, .F. ) ;
#3681 = ORIENTED_EDGE ( 'NONE', *, *, #5491, .T. ) ;
#3682 = LINE ( 'NONE', #9593, #1643 ) ;
#3683 = EDGE_CURVE ( 'NONE', #2025, #5560, #9585, .T. ) ;
#3684 = EDGE_CURVE ( 'NONE', #4081, #2072, #2408, .T. ) ;
#3685 = LINE ( 'NONE', #1541, #10337 ) ;
#3686 = DIRECTION ( 'NONE',  ( 0.000000000000000000, 0.000000000000000000, -1.000000000000000000 ) ) ;
#3687 = FACE_OUTER_BOUND ( 'NONE', #1494, .T. ) ;
#3688 = DIRECTION ( 'NONE',  ( -0.000000000000000000, 1.000000000000000000, -0.000000000000000000 ) ) ;
#3689 = CARTESIAN_POINT ( 'NONE',  ( 18.75000000000000355, -30.00000000000000711, -40.00000000000001421 ) ) ;
#3690 = ORIENTED_EDGE ( 'NONE', *, *, #1415, .T. ) ;
#3691 = LINE ( 'NONE', #1698, #1575 ) ;
#3692 = CARTESIAN_POINT ( 'NONE',  ( -36.00000000000002842, 29.99999999999999289, 32.39999999999999858 ) ) ;
#3693 = ORIENTED_EDGE ( 'NONE', *, *, #6919, .F. ) ;
#3694 = ORIENTED_EDGE ( 'NONE', *, *, #2564, .T. ) ;
#3695 = FACE_OUTER_BOUND ( 'NONE', #10384, .T. ) ;
#3696 = EDGE_CURVE ( 'NONE', #5248, #7033, #420, .T. ) ;
#3697 = ADVANCED_FACE ( 'NONE', ( #12623 ), #10656, .T. ) ;
#3698 = ORIENTED_EDGE ( 'NONE', *, *, #5194, .F. ) ;
#3699 = VERTEX_POINT ( 'NONE', #12705 ) ;
#3700 = LINE ( 'NONE', #5565, #8422 ) ;
#3701 = DIRECTION ( 'NONE',  ( 0.000000000000000000, 0.000000000000000000, 1.000000000000000000 ) ) ;
#3702 = CARTESIAN_POINT ( 'NONE',  ( -23.75000000000000000, -20.49999999999991473, 21.00000000000000355 ) ) ;
#3703 = FACE_OUTER_BOUND ( 'NONE', #2753, .T. ) ;
#3704 = CARTESIAN_POINT ( 'NONE',  ( -23.74999999999999645, 7.000000000000093259, 60.00000000000000711 ) ) ;
#3705 = CARTESIAN_POINT ( 'NONE',  ( 12.74999999999983480, -5.000000000000004441, -22.50000000000000355 ) ) ;
#3706 = ORIENTED_EDGE ( 'NONE', *, *, #4456, .F. ) ;
#3707 = ORIENTED_EDGE ( 'NONE', *, *, #2088, .F. ) ;
#3708 = FACE_OUTER_BOUND ( 'NONE', #5935, .T. ) ;
#3709 = DIRECTION ( 'NONE',  ( 0.000000000000000000, 0.000000000000000000, -1.000000000000000000 ) ) ;
#3710 = CARTESIAN_POINT ( 'NONE',  ( 0.000000000000000000, 26.99999999999999289, 18.19999999999999574 ) ) ;
#3711 = VERTEX_POINT ( 'NONE', #5670 ) ;
#3712 = EDGE_LOOP ( 'NONE', ( #4845, #12958, #10350, #1649 ) ) ;
#3713 = VECTOR ( 'NONE', #5132, 1000.000000000000000 ) ;
#3714 = CARTESIAN_POINT ( 'NONE',  ( -18.75000000000001066, -52.50000000000000711, 60.00000000000000711 ) ) ;
#3715 = CARTESIAN_POINT ( 'NONE',  ( -23.75000000000000000, 19.99999999999998934, 56.15000000000000568 ) ) ;
#3716 = VECTOR ( 'NONE', #6654, 1000.000000000000000 ) ;
#3717 = CARTESIAN_POINT ( 'NONE',  ( -23.75000000000000000, 19.99999999999998934, 25.15000000000000568 ) ) ;
#3718 = CARTESIAN_POINT ( 'NONE',  ( 30.00000000000003197, 14.24999999999999822, -2.999999999999998224 ) ) ;
#3719 = EDGE_CURVE ( 'NONE', #10199, #9358, #6399, .T. ) ;
#3720 = DIRECTION ( 'NONE',  ( -1.416100796715761603E-16, 0.000000000000000000, 1.000000000000000000 ) ) ;
#3721 = ORIENTED_EDGE ( 'NONE', *, *, #6410, .F. ) ;
#3722 = VERTEX_POINT ( 'NONE', #9439 ) ;
#3723 = VERTEX_POINT ( 'NONE', #2477 ) ;
#3724 = AXIS2_PLACEMENT_3D ( 'NONE', #125, #2453, #1574 ) ;
#3725 = VERTEX_POINT ( 'NONE', #6542 ) ;
#3726 = VECTOR ( 'NONE', #2850, 1000.000000000000000 ) ;
#3727 = AXIS2_PLACEMENT_3D ( 'NONE', #5449, #399, #2200 ) ;
#3728 = ORIENTED_EDGE ( 'NONE', *, *, #8948, .F. ) ;
#3729 = ORIENTED_EDGE ( 'NONE', *, *, #4883, .F. ) ;
#3730 = CARTESIAN_POINT ( 'NONE',  ( -14.30000000000000426, 38.26999999999998892, 22.60434383594887109 ) ) ;
#3731 = ORIENTED_EDGE ( 'NONE', *, *, #8, .T. ) ;
#3732 = DIRECTION ( 'NONE',  ( 1.000000000000000000, 0.000000000000000000, -0.000000000000000000 ) ) ;
#3733 = DIRECTION ( 'NONE',  ( 1.000000000000000000, 0.000000000000000000, 0.000000000000000000 ) ) ;
#3734 = PLANE ( 'NONE',  #2041 ) ;
#3735 = DIRECTION ( 'NONE',  ( 0.000000000000000000, 0.000000000000000000, -1.000000000000000000 ) ) ;
#3736 = AXIS2_PLACEMENT_3D ( 'NONE', #6245, #8368, #12399 ) ;
#3737 = VECTOR ( 'NONE', #6319, 1000.000000000000000 ) ;
#3738 = CARTESIAN_POINT ( 'NONE',  ( 47.40000000000004832, 29.99999999999999289, 0.000000000000000000 ) ) ;
#3739 = DIRECTION ( 'NONE',  ( 0.000000000000000000, 0.000000000000000000, 1.000000000000000000 ) ) ;
#3740 = DIRECTION ( 'NONE',  ( 3.469446951953614189E-16, 1.000000000000000000, -0.000000000000000000 ) ) ;
#3741 = AXIS2_PLACEMENT_3D ( 'NONE', #3367, #11472, #9201 ) ;
#3742 = ORIENTED_EDGE ( 'NONE', *, *, #11433, .F. ) ;
#3743 = EDGE_CURVE ( 'NONE', #8871, #98, #4538, .T. ) ;
#3744 = DIRECTION ( 'NONE',  ( 0.000000000000000000, 0.000000000000000000, -1.000000000000000000 ) ) ;
#3745 = VERTEX_POINT ( 'NONE', #6735 ) ;
#3746 = VECTOR ( 'NONE', #3477, 1000.000000000000000 ) ;
#3747 = ADVANCED_FACE ( 'NONE', ( #8932 ), #6862, .T. ) ;
#3748 = VECTOR ( 'NONE', #6370, 1000.000000000000000 ) ;
#3749 = VECTOR ( 'NONE', #4484, 1000.000000000000000 ) ;
#3750 = VECTOR ( 'NONE', #3300, 1000.000000000000000 ) ;
#3751 = FACE_OUTER_BOUND ( 'NONE', #3225, .T. ) ;
#3752 = CIRCLE ( 'NONE', #3115, 3.500000000000006661 ) ;
#3753 = ORIENTED_EDGE ( 'NONE', *, *, #576, .F. ) ;
#3754 = ORIENTED_EDGE ( 'NONE', *, *, #3108, .T. ) ;
#3755 = AXIS2_PLACEMENT_3D ( 'NONE', #696, #9853, #4745 ) ;
#3756 = CARTESIAN_POINT ( 'NONE',  ( 0.000000000000000000, 26.99999999999999289, 20.20000000000000284 ) ) ;
#3757 = DIRECTION ( 'NONE',  ( 1.000000000000000000, 0.000000000000000000, 0.000000000000000000 ) ) ;
#3758 = VECTOR ( 'NONE', #9726, 1000.000000000000000 ) ;
#3759 = FACE_OUTER_BOUND ( 'NONE', #220, .T. ) ;
#3760 = VECTOR ( 'NONE', #4894, 1000.000000000000000 ) ;
#3761 = CARTESIAN_POINT ( 'NONE',  ( 23.74999999999982592, -4.999999999999913847, 35.00000000000000000 ) ) ;
#3762 = VERTEX_POINT ( 'NONE', #11862 ) ;
#3763 = CARTESIAN_POINT ( 'NONE',  ( 0.000000000000000000, 26.99999999999999289, 48.00000000000000000 ) ) ;
#3764 = CIRCLE ( 'NONE', #5455, 4.000000000000003553 ) ;
#3765 = AXIS2_PLACEMENT_3D ( 'NONE', #4570, #2382, #6430 ) ;
#3766 = DIRECTION ( 'NONE',  ( 0.000000000000000000, 0.000000000000000000, -1.000000000000000000 ) ) ;
#3767 = EDGE_LOOP ( 'NONE', ( #3154, #1554, #12486, #160 ) ) ;
#3768 = EDGE_LOOP ( 'NONE', ( #2490, #12755, #5, #8713 ) ) ;
#3769 = DIRECTION ( 'NONE',  ( 0.000000000000000000, 1.000000000000000000, 4.625929269271487886E-16 ) ) ;
#3770 = CIRCLE ( 'NONE', #2073, 10.00000000000000000 ) ;
#3771 = AXIS2_PLACEMENT_3D ( 'NONE', #1774, #8900, #10071 ) ;
#3772 = ORIENTED_EDGE ( 'NONE', *, *, #11449, .T. ) ;
#3773 = VERTEX_POINT ( 'NONE', #12968 ) ;
#3774 = ORIENTED_EDGE ( 'NONE', *, *, #4918, .T. ) ;
#3775 = CARTESIAN_POINT ( 'NONE',  ( -58.25000000000019185, 10.50000000000008527, 50.50000000000000000 ) ) ;
#3776 = ADVANCED_FACE ( 'NONE', ( #1947, #10861 ), #12040, .F. ) ;
#3777 = DIRECTION ( 'NONE',  ( 0.000000000000000000, 0.000000000000000000, -1.000000000000000000 ) ) ;
#3778 = LINE ( 'NONE', #10888, #5882 ) ;
#3779 = VECTOR ( 'NONE', #3646, 1000.000000000000000 ) ;
#3780 = DIRECTION ( 'NONE',  ( -1.416100796715761603E-16, 0.000000000000000000, 1.000000000000000000 ) ) ;
#3781 = LINE ( 'NONE', #11815, #9499 ) ;
#3782 = CARTESIAN_POINT ( 'NONE',  ( -40.00000000000000711, -20.00000000000000711, -40.00000000000000000 ) ) ;
#3783 = ORIENTED_EDGE ( 'NONE', *, *, #861, .F. ) ;
#3784 = CIRCLE ( 'NONE', #371, 10.00000000000000000 ) ;
#3785 = VECTOR ( 'NONE', #10317, 1000.000000000000000 ) ;
#3786 = ADVANCED_FACE ( 'NONE', ( #5001 ), #939, .F. ) ;
#3787 = CYLINDRICAL_SURFACE ( 'NONE', #8636, 4.000000000000003553 ) ;
#3788 = CARTESIAN_POINT ( 'NONE',  ( -23.75000000000000000, -15.00000000000001954, 25.15000000000000568 ) ) ;
#3789 = EDGE_CURVE ( 'NONE', #11308, #3602, #9987, .T. ) ;
#3790 = EDGE_LOOP ( 'NONE', ( #968, #10246, #5864, #11317, #10371, #7324, #9361, #9205, #2919, #670, #9465 ) ) ;
#3791 = AXIS2_PLACEMENT_3D ( 'NONE', #5711, #10829, #6694 ) ;
#3792 = ORIENTED_EDGE ( 'NONE', *, *, #6864, .F. ) ;
#3793 = AXIS2_PLACEMENT_3D ( 'NONE', #7652, #11702, #404 ) ;
#3794 = VECTOR ( 'NONE', #12198, 1000.000000000000000 ) ;
#3795 = CARTESIAN_POINT ( 'NONE',  ( 80.00000000000000000, -20.00000000000000711, 0.000000000000000000 ) ) ;
#3796 = CARTESIAN_POINT ( 'NONE',  ( -80.00000000000000000, -20.00000000000000711, -40.00000000000000000 ) ) ;
#3797 = DIRECTION ( 'NONE',  ( -1.000000000000000000, 3.469446951953614189E-16, 0.000000000000000000 ) ) ;
#3798 = DIRECTION ( 'NONE',  ( 0.000000000000000000, 0.000000000000000000, 1.000000000000000000 ) ) ;
#3799 = AXIS2_PLACEMENT_3D ( 'NONE', #8804, #11799, #5762 ) ;
#3800 = CARTESIAN_POINT ( 'NONE',  ( 23.74999999999999289, -20.49999999999991473, 52.00000000000000711 ) ) ;
#3801 = VERTEX_POINT ( 'NONE', #12908 ) ;
#3802 = ORIENTED_EDGE ( 'NONE', *, *, #11716, .F. ) ;
#3803 = EDGE_LOOP ( 'NONE', ( #195, #12986, #6831, #9151 ) ) ;
#3804 = ORIENTED_EDGE ( 'NONE', *, *, #9184, .F. ) ;
#3805 = VECTOR ( 'NONE', #1271, 1000.000000000000000 ) ;
#3806 = VERTEX_POINT ( 'NONE', #1891 ) ;
#3807 = ORIENTED_EDGE ( 'NONE', *, *, #6655, .T. ) ;
#3808 = DIRECTION ( 'NONE',  ( -0.000000000000000000, 1.000000000000000000, -0.000000000000000000 ) ) ;
#3809 = VERTEX_POINT ( 'NONE', #1681 ) ;
#3810 = CARTESIAN_POINT ( 'NONE',  ( 85.99999999999994316, 23.99999999999998934, 60.00000000000000711 ) ) ;
#3811 = DIRECTION ( 'NONE',  ( -0.000000000000000000, -1.000000000000000000, -0.000000000000000000 ) ) ;
#3812 = VECTOR ( 'NONE', #11933, 1000.000000000000000 ) ;
#3813 = CARTESIAN_POINT ( 'NONE',  ( 28.74999999999982947, 23.99999999999998934, 56.00000000000000711 ) ) ;
#3814 = CARTESIAN_POINT ( 'NONE',  ( -14.30000000000000426, 38.26999999999998892, 47.00000000000000000 ) ) ;
#3815 = DIRECTION ( 'NONE',  ( -1.000000000000000000, 0.000000000000000000, -1.416100796715761603E-16 ) ) ;
#3816 = ORIENTED_EDGE ( 'NONE', *, *, #10405, .F. ) ;
#3817 = CYLINDRICAL_SURFACE ( 'NONE', #2512, 1.500000000000001332 ) ;
#3818 = CARTESIAN_POINT ( 'NONE',  ( 46.37499999999989342, -30.00000000000000711, -14.00000000000000178 ) ) ;
#3819 = ORIENTED_EDGE ( 'NONE', *, *, #2480, .T. ) ;
#3820 = EDGE_LOOP ( 'NONE', ( #9254, #11240, #10149, #11132 ) ) ;
#3821 = ADVANCED_FACE ( 'NONE', ( #5747 ), #5811, .F. ) ;
#3822 = LINE ( 'NONE', #1823, #8214 ) ;
#3823 = CARTESIAN_POINT ( 'NONE',  ( 0.000000000000000000, 26.99999999999999289, 6.000000000000006217 ) ) ;
#3824 = DIRECTION ( 'NONE',  ( -0.000000000000000000, 1.000000000000000000, -0.000000000000000000 ) ) ;
#3825 = DIRECTION ( 'NONE',  ( -0.000000000000000000, -1.000000000000000000, -0.000000000000000000 ) ) ;
#3826 = CARTESIAN_POINT ( 'NONE',  ( 32.75615390495888590, -28.00000000000000355, -22.57820507920079223 ) ) ;
#3827 = CARTESIAN_POINT ( 'NONE',  ( 49.40000000000004832, 26.99999999999999289, 0.000000000000000000 ) ) ;
#3828 = DIRECTION ( 'NONE',  ( 1.000000000000000000, 0.000000000000000000, -1.445602896647347791E-16 ) ) ;
#3829 = ORIENTED_EDGE ( 'NONE', *, *, #9174, .T. ) ;
#3830 = ADVANCED_FACE ( 'NONE', ( #7988 ), #2681, .T. ) ;
#3831 = ORIENTED_EDGE ( 'NONE', *, *, #5816, .T. ) ;
#3832 = CARTESIAN_POINT ( 'NONE',  ( -23.75000000000000000, 10.50000000000008527, 52.00000000000000711 ) ) ;
#3833 = ORIENTED_EDGE ( 'NONE', *, *, #7537, .T. ) ;
#3834 = VERTEX_POINT ( 'NONE', #2952 ) ;
#3835 = ORIENTED_EDGE ( 'NONE', *, *, #2522, .F. ) ;
#3836 = DIRECTION ( 'NONE',  ( 1.000000000000000000, -0.000000000000000000, -0.000000000000000000 ) ) ;
#3837 = SPHERICAL_SURFACE ( 'NONE', #13073, 4.000000000000000000 ) ;
#3838 = LINE ( 'NONE', #10068, #2263 ) ;
#3839 = DIRECTION ( 'NONE',  ( 1.000000000000000000, -0.000000000000000000, 0.000000000000000000 ) ) ;
#3840 = CARTESIAN_POINT ( 'NONE',  ( 33.24999999999983658, -5.000000000000004441, -11.00000000000000178 ) ) ;
#3841 = LINE ( 'NONE', #11944, #787 ) ;
#3842 = VERTEX_POINT ( 'NONE', #11918 ) ;
#3843 = CARTESIAN_POINT ( 'NONE',  ( 74.00000000000004263, 26.99999999999999289, 59.87298334620741969 ) ) ;
#3844 = CARTESIAN_POINT ( 'NONE',  ( -28.74999999999999645, -9.499999999999914735, 67.51000000000000512 ) ) ;
#3845 = CARTESIAN_POINT ( 'NONE',  ( -18.75000000000000711, -31.75000000000000000, 18.60434383594886754 ) ) ;
#3846 = VERTEX_POINT ( 'NONE', #9046 ) ;
#3847 = ADVANCED_FACE ( 'NONE', ( #10922 ), #7000, .F. ) ;
#3848 = ORIENTED_EDGE ( 'NONE', *, *, #9926, .T. ) ;
#3849 = ADVANCED_FACE ( 'NONE', ( #1809 ), #5946, .F. ) ;
#3850 = DIRECTION ( 'NONE',  ( 0.000000000000000000, 0.000000000000000000, 1.000000000000000000 ) ) ;
#3851 = CARTESIAN_POINT ( 'NONE',  ( 35.74999999999983658, -28.00000000000000355, -8.500000000000001776 ) ) ;
#3852 = EDGE_CURVE ( 'NONE', #5402, #5417, #8862, .T. ) ;
#3853 = CARTESIAN_POINT ( 'NONE',  ( -23.75000000000000000, 19.99999999999998934, 25.15000000000000568 ) ) ;
#3854 = DIRECTION ( 'NONE',  ( -1.000000000000000000, 0.000000000000000000, 0.000000000000000000 ) ) ;
#3855 = FACE_OUTER_BOUND ( 'NONE', #12065, .T. ) ;
#3856 = FACE_OUTER_BOUND ( 'NONE', #3504, .T. ) ;
#3857 = EDGE_LOOP ( 'NONE', ( #11435, #1107, #9769, #12201 ) ) ;
#3858 = EDGE_LOOP ( 'NONE', ( #11105, #10459, #8684, #11854 ) ) ;
#3859 = ORIENTED_EDGE ( 'NONE', *, *, #12536, .T. ) ;
#3860 = VERTEX_POINT ( 'NONE', #8786 ) ;
#3861 = ORIENTED_EDGE ( 'NONE', *, *, #10994, .F. ) ;
#3862 = ORIENTED_EDGE ( 'NONE', *, *, #7446, .F. ) ;
#3863 = EDGE_CURVE ( 'NONE', #7386, #2065, #9685, .T. ) ;
#3864 = EDGE_CURVE ( 'NONE', #3846, #3237, #3871, .T. ) ;
#3865 = DIRECTION ( 'NONE',  ( 0.000000000000000000, 0.000000000000000000, 1.000000000000000000 ) ) ;
#3866 = CARTESIAN_POINT ( 'NONE',  ( -23.74999999999999645, -15.00000000000001066, 60.00000000000000711 ) ) ;
#3867 = FACE_OUTER_BOUND ( 'NONE', #7046, .T. ) ;
#3868 = ADVANCED_FACE ( 'NONE', ( #11971 ), #12828, .F. ) ;
#3869 = DIRECTION ( 'NONE',  ( -1.000000000000000000, 0.000000000000000000, 0.000000000000000000 ) ) ;
#3870 = LINE ( 'NONE', #938, #12064 ) ;
#3871 = LINE ( 'NONE', #7923, #11817 ) ;
#3872 = ORIENTED_EDGE ( 'NONE', *, *, #5077, .T. ) ;
#3873 = DIRECTION ( 'NONE',  ( -1.000000000000000000, 2.434699615406045218E-16, -0.000000000000000000 ) ) ;
#3874 = CARTESIAN_POINT ( 'NONE',  ( 20.00000000000002842, 29.99999999999999289, 1.000000000000003553 ) ) ;
#3875 = ADVANCED_FACE ( 'NONE', ( #2150 ), #9231, .T. ) ;
#3876 = ORIENTED_EDGE ( 'NONE', *, *, #12495, .F. ) ;
#3877 = ORIENTED_EDGE ( 'NONE', *, *, #6131, .F. ) ;
#3878 = CARTESIAN_POINT ( 'NONE',  ( -9.500000000000103029, 23.24999999999999289, -39.25000000000000000 ) ) ;
#3879 = LINE ( 'NONE', #7932, #4403 ) ;
#3880 = CARTESIAN_POINT ( 'NONE',  ( 23.74999999999982947, -15.00000000000001066, 60.00000000000000711 ) ) ;
#3881 = CARTESIAN_POINT ( 'NONE',  ( -14.30000000000000782, -31.75000000000000000, 22.60434383594886754 ) ) ;
#3882 = CARTESIAN_POINT ( 'NONE',  ( -28.75000000000000355, 38.26999999999998892, 51.00000000000000000 ) ) ;
#3883 = ORIENTED_EDGE ( 'NONE', *, *, #7805, .F. ) ;
#3884 = LINE ( 'NONE', #7937, #2018 ) ;
#3885 = LINE ( 'NONE', #4837, #10172 ) ;
#3886 = ADVANCED_FACE ( 'NONE', ( #1011 ), #3261, .T. ) ;
#3887 = ORIENTED_EDGE ( 'NONE', *, *, #3236, .F. ) ;
#3888 = PLANE ( 'NONE',  #10310 ) ;
#3889 = VERTEX_POINT ( 'NONE', #7188 ) ;
#3890 = ORIENTED_EDGE ( 'NONE', *, *, #11470, .T. ) ;
#3891 = CARTESIAN_POINT ( 'NONE',  ( -23.74999999999999645, -15.00000000000001066, 10.00000000000000000 ) ) ;
#3892 = LINE ( 'NONE', #7947, #4598 ) ;
#3893 = DIRECTION ( 'NONE',  ( 1.000000000000000000, 0.000000000000000000, 0.000000000000000000 ) ) ;
#3894 = EDGE_CURVE ( 'NONE', #5193, #12200, #2058, .T. ) ;
#3895 = CARTESIAN_POINT ( 'NONE',  ( -23.75000000000000000, 10.50000000000008527, 18.00000000000000355 ) ) ;
#3896 = DIRECTION ( 'NONE',  ( -1.000000000000000000, -0.000000000000000000, -0.000000000000000000 ) ) ;
#3897 = EDGE_LOOP ( 'NONE', ( #26, #1936, #9443, #2348 ) ) ;
#3898 = DIRECTION ( 'NONE',  ( 0.000000000000000000, 0.000000000000000000, 1.000000000000000000 ) ) ;
#3899 = LINE ( 'NONE', #2917, #3166 ) ;
#3900 = ADVANCED_FACE ( 'NONE', ( #2084 ), #11175, .F. ) ;
#3901 = LINE ( 'NONE', #4717, #8040 ) ;
#3902 = VERTEX_POINT ( 'NONE', #8259 ) ;
#3903 = ORIENTED_EDGE ( 'NONE', *, *, #8896, .F. ) ;
#3904 = ORIENTED_EDGE ( 'NONE', *, *, #13017, .T. ) ;
#3905 =( BOUNDED_CURVE ( )  B_SPLINE_CURVE ( 3, ( #11682, #2792, #4643, #8688 ),
 .UNSPECIFIED., .F., .T. ) 
 B_SPLINE_CURVE_WITH_KNOTS ( ( 4, 4 ),
 ( 0.000000000000000000, 1.570796326794896558 ),
 .UNSPECIFIED. ) 
 CURVE ( )  GEOMETRIC_REPRESENTATION_ITEM ( )  RATIONAL_B_SPLINE_CURVE ( ( 1.000000000000000000, 0.8047378541243649375, 0.8047378541243649375, 1.000000000000000000 ) ) 
 REPRESENTATION_ITEM ( '' )  );
#3906 = ADVANCED_FACE ( 'NONE', ( #8180 ), #205, .T. ) ;
#3907 = CARTESIAN_POINT ( 'NONE',  ( 23.74999999999982236, 4.999999999999990230, 25.15000000000000568 ) ) ;
#3908 = DIRECTION ( 'NONE',  ( 0.000000000000000000, -0.4224229034221534951, -0.9063988584858202469 ) ) ;
#3909 = LINE ( 'NONE', #10841, #5405 ) ;
#3910 = FACE_OUTER_BOUND ( 'NONE', #743, .T. ) ;
#3911 = CIRCLE ( 'NONE', #11335, 4.000000000000003553 ) ;
#3912 = CARTESIAN_POINT ( 'NONE',  ( -46.00000000000004263, 26.99999999999999289, 0.000000000000000000 ) ) ;
#3913 = VERTEX_POINT ( 'NONE', #8316 ) ;
#3914 = VERTEX_POINT ( 'NONE', #5265 ) ;
#3915 = ORIENTED_EDGE ( 'NONE', *, *, #9921, .F. ) ;
#3916 = EDGE_CURVE ( 'NONE', #231, #12872, #12342, .T. ) ;
#3917 = EDGE_LOOP ( 'NONE', ( #2048, #3573, #6949, #9770 ) ) ;
#3918 = ORIENTED_EDGE ( 'NONE', *, *, #4534, .T. ) ;
#3919 = LINE ( 'NONE', #13021, #2457 ) ;
#3920 = CARTESIAN_POINT ( 'NONE',  ( 85.99999999999991473, -30.00000000000000711, -20.00000000000000000 ) ) ;
#3921 = AXIS2_PLACEMENT_3D ( 'NONE', #11987, #11019, #5960 ) ;
#3922 = CYLINDRICAL_SURFACE ( 'NONE', #6704, 2.500000000000002220 ) ;
#3923 = CARTESIAN_POINT ( 'NONE',  ( 28.74999999999982947, -20.49999999999991473, 19.50000000000000355 ) ) ;
#3924 = DIRECTION ( 'NONE',  ( -0.9486832980505138790, 0.3162277660168377746, 0.000000000000000000 ) ) ;
#3925 = AXIS2_PLACEMENT_3D ( 'NONE', #10507, #4267, #9378 ) ;
#3926 = ORIENTED_EDGE ( 'NONE', *, *, #7723, .T. ) ;
#3927 = FACE_OUTER_BOUND ( 'NONE', #7102, .T. ) ;
#3928 = VECTOR ( 'NONE', #12397, 1000.000000000000000 ) ;
#3929 = EDGE_CURVE ( 'NONE', #9466, #12524, #6927, .T. ) ;
#3930 = VERTEX_POINT ( 'NONE', #8122 ) ;
#3931 = CARTESIAN_POINT ( 'NONE',  ( -29.99999999999995737, 19.99999999999999289, -4.999999999999969802 ) ) ;
#3932 = ORIENTED_EDGE ( 'NONE', *, *, #7190, .T. ) ;
#3933 = VERTEX_POINT ( 'NONE', #6251 ) ;
#3934 = VECTOR ( 'NONE', #11110, 1000.000000000000000 ) ;
#3935 = DIRECTION ( 'NONE',  ( 0.000000000000000000, -0.9063988584858202469, -0.4224229034221534396 ) ) ;
#3936 = VECTOR ( 'NONE', #5015, 1000.000000000000000 ) ;
#3937 = CARTESIAN_POINT ( 'NONE',  ( 36.00000000000003553, 26.99999999999999289, 30.39999999999999858 ) ) ;
#3938 = CARTESIAN_POINT ( 'NONE',  ( 38.00000000000003553, 26.99999999999999289, 56.00000000000000000 ) ) ;
#3939 = DIRECTION ( 'NONE',  ( 1.000000000000000000, -0.000000000000000000, -0.000000000000000000 ) ) ;
#3940 = LINE ( 'NONE', #3826, #970 ) ;
#3941 = DIRECTION ( 'NONE',  ( 0.000000000000000000, 0.000000000000000000, -1.000000000000000000 ) ) ;
#3942 = VERTEX_POINT ( 'NONE', #2268 ) ;
#3943 = CARTESIAN_POINT ( 'NONE',  ( -62.90000000000005542, 26.99999999999999289, 45.99999999999999289 ) ) ;
#3944 = ORIENTED_EDGE ( 'NONE', *, *, #11487, .T. ) ;
#3945 = AXIS2_PLACEMENT_3D ( 'NONE', #10542, #2509, #10274 ) ;
#3946 = DIRECTION ( 'NONE',  ( 0.000000000000000000, -0.000000000000000000, 1.000000000000000000 ) ) ;
#3947 = LINE ( 'NONE', #8885, #10814 ) ;
#3948 = AXIS2_PLACEMENT_3D ( 'NONE', #4457, #1656, #9621 ) ;
#3949 = VERTEX_POINT ( 'NONE', #4316 ) ;
#3950 = VECTOR ( 'NONE', #8135, 1000.000000000000000 ) ;
#3951 = CARTESIAN_POINT ( 'NONE',  ( -23.75000000000000000, 19.99999999999998934, 25.15000000000000568 ) ) ;
#3952 = EDGE_CURVE ( 'NONE', #4415, #4186, #6325, .T. ) ;
#3953 = ORIENTED_EDGE ( 'NONE', *, *, #7007, .F. ) ;
#3954 = VERTEX_POINT ( 'NONE', #3067 ) ;
#3955 = AXIS2_PLACEMENT_3D ( 'NONE', #2352, #12164, #7392 ) ;
#3956 = SURFACE_SIDE_STYLE ('',( #906 ) ) ;
#3957 = VECTOR ( 'NONE', #8353, 1000.000000000000000 ) ;
#3958 = DIRECTION ( 'NONE',  ( 1.000000000000000000, 0.000000000000000000, 0.000000000000000000 ) ) ;
#3959 = VECTOR ( 'NONE', #2772, 1000.000000000000000 ) ;
#3960 = DIRECTION ( 'NONE',  ( -1.000000000000000000, 0.000000000000000000, 0.000000000000000000 ) ) ;
#3961 = AXIS2_PLACEMENT_3D ( 'NONE', #8025, #1916, #7749 ) ;
#3962 = DIRECTION ( 'NONE',  ( 0.000000000000000000, -0.000000000000000000, -1.000000000000000000 ) ) ;
#3963 = DIRECTION ( 'NONE',  ( -1.000000000000000000, 0.000000000000000000, 0.000000000000000000 ) ) ;
#3964 = DIRECTION ( 'NONE',  ( -1.000000000000000000, 0.000000000000000000, 0.000000000000000000 ) ) ;
#3965 = VECTOR ( 'NONE', #1058, 1000.000000000000000 ) ;
#3966 = ORIENTED_EDGE ( 'NONE', *, *, #7048, .T. ) ;
#3967 = CARTESIAN_POINT ( 'NONE',  ( 0.000000000000000000, 26.99999999999999289, 8.000000000000007105 ) ) ;
#3968 = DIRECTION ( 'NONE',  ( 0.000000000000000000, 0.000000000000000000, -1.000000000000000000 ) ) ;
#3969 = VECTOR ( 'NONE', #6381, 1000.000000000000000 ) ;
#3970 = ORIENTED_EDGE ( 'NONE', *, *, #3485, .T. ) ;
#3971 = VECTOR ( 'NONE', #10652, 1000.000000000000000 ) ;
#3972 = ORIENTED_EDGE ( 'NONE', *, *, #2990, .T. ) ;
#3973 = VECTOR ( 'NONE', #4714, 1000.000000000000000 ) ;
#3974 = EDGE_CURVE ( 'NONE', #2482, #13076, #3205, .T. ) ;
#3975 = ADVANCED_FACE ( 'NONE', ( #9177 ), #1076, .F. ) ;
#3976 = VECTOR ( 'NONE', #9767, 1000.000000000000000 ) ;
#3977 = ADVANCED_FACE ( 'NONE', ( #10300 ), #4118, .F. ) ;
#3978 = VECTOR ( 'NONE', #2290, 1000.000000000000000 ) ;
#3979 = CYLINDRICAL_SURFACE ( 'NONE', #6712, 10.00000000000000178 ) ;
#3980 = FACE_OUTER_BOUND ( 'NONE', #997, .T. ) ;
#3981 = EDGE_CURVE ( 'NONE', #115, #12844, #1272, .T. ) ;
#3982 = CIRCLE ( 'NONE', #7800, 4.000000000000000000 ) ;
#3983 = EDGE_CURVE ( 'NONE', #5060, #3056, #5183, .T. ) ;
#3984 = CARTESIAN_POINT ( 'NONE',  ( -74.00000000000004263, 25.99999999999999289, 56.00000000000000711 ) ) ;
#3985 = CIRCLE ( 'NONE', #7165, 4.000000000000003553 ) ;
#3986 = DIRECTION ( 'NONE',  ( -1.000000000000000000, -0.000000000000000000, -0.000000000000000000 ) ) ;
#3987 = VECTOR ( 'NONE', #9235, 1000.000000000000000 ) ;
#3988 = CARTESIAN_POINT ( 'NONE',  ( -23.74999999999999645, 25.43769491959958273, 11.85511747251642767 ) ) ;
#3989 = EDGE_CURVE ( 'NONE', #10351, #9385, #259, .T. ) ;
#3990 = CARTESIAN_POINT ( 'NONE',  ( 24.00000000000002842, 6.749999999999995559, -40.00000000000000000 ) ) ;
#3991 = VERTEX_POINT ( 'NONE', #7573 ) ;
#3992 = ORIENTED_EDGE ( 'NONE', *, *, #12340, .T. ) ;
#3993 = ORIENTED_EDGE ( 'NONE', *, *, #8884, .T. ) ;
#3994 = PRESENTATION_LAYER_ASSIGNMENT (  '', '', ( #2296 ) ) ;
#3995 = VERTEX_POINT ( 'NONE', #12541 ) ;
#3996 = ORIENTED_EDGE ( 'NONE', *, *, #1286, .F. ) ;
#3997 = AXIS2_PLACEMENT_3D ( 'NONE', #11982, #2893, #1903 ) ;
#3998 = CARTESIAN_POINT ( 'NONE',  ( -36.00000000000002842, 26.99999999999999289, 6.000000000000006217 ) ) ;
#3999 = DIRECTION ( 'NONE',  ( -0.000000000000000000, 0.000000000000000000, 1.000000000000000000 ) ) ;
#4000 = AXIS2_PLACEMENT_3D ( 'NONE', #1454, #3503, #5376 ) ;
#4001 = CARTESIAN_POINT ( 'NONE',  ( -62.90000000000004121, 29.99999999999999289, 56.00000000000000000 ) ) ;
#4002 = CARTESIAN_POINT ( 'NONE',  ( -60.90000000000004121, 29.99999999999999289, 48.00000000000000000 ) ) ;
#4003 = DIRECTION ( 'NONE',  ( -0.000000000000000000, 1.000000000000000000, -0.000000000000000000 ) ) ;
#4004 = VECTOR ( 'NONE', #6376, 1000.000000000000000 ) ;
#4005 = EDGE_CURVE ( 'NONE', #6316, #6850, #4593, .T. ) ;
#4006 = CARTESIAN_POINT ( 'NONE',  ( -49.40000000000004121, 26.99999999999999289, 0.000000000000000000 ) ) ;
#4007 = DIRECTION ( 'NONE',  ( -1.416100796715761603E-16, 0.000000000000000000, 1.000000000000000000 ) ) ;
#4008 = ORIENTED_EDGE ( 'NONE', *, *, #301, .T. ) ;
#4009 = CYLINDRICAL_SURFACE ( 'NONE', #601, 0.5000000000000004441 ) ;
#4010 = AXIS2_PLACEMENT_3D ( 'NONE', #630, #6539, #7452 ) ;
#4011 = EDGE_CURVE ( 'NONE', #7234, #5122, #11700, .T. ) ;
#4012 = CARTESIAN_POINT ( 'NONE',  ( 28.00000000000003197, 26.99999999999999289, 1.000000000000002665 ) ) ;
#4013 = CIRCLE ( 'NONE', #5082, 2.500000000000002220 ) ;
#4014 = EDGE_LOOP ( 'NONE', ( #1024, #295, #3378, #5465 ) ) ;
#4015 = VERTEX_POINT ( 'NONE', #1387 ) ;
#4016 = EDGE_CURVE ( 'NONE', #3458, #11801, #1511, .T. ) ;
#4017 = LINE ( 'NONE', #11790, #12653 ) ;
#4018 = CARTESIAN_POINT ( 'NONE',  ( 3.097720492815727659E-16, 26.99999999999999289, -4.999999999999997335 ) ) ;
#4019 = LINE ( 'NONE', #11929, #2510 ) ;
#4020 = EDGE_CURVE ( 'NONE', #7865, #1810, #4586, .T. ) ;
#4021 = PLANE ( 'NONE',  #5639 ) ;
#4022 = VERTEX_POINT ( 'NONE', #5456 ) ;
#4023 = CARTESIAN_POINT ( 'NONE',  ( 46.00000000000004263, 26.99999999999999289, 30.39999999999999147 ) ) ;
#4024 = AXIS2_PLACEMENT_3D ( 'NONE', #10134, #5204, #4140 ) ;
#4025 = VERTEX_POINT ( 'NONE', #3328 ) ;
#4026 = SPHERICAL_SURFACE ( 'NONE', #5287, 4.000000000000000000 ) ;
#4027 = EDGE_LOOP ( 'NONE', ( #11218, #4278, #11549, #8363 ) ) ;
#4028 = CARTESIAN_POINT ( 'NONE',  ( 44.00000000000004263, 26.99999999999999289, 42.59999999999999432 ) ) ;
#4029 = ORIENTED_EDGE ( 'NONE', *, *, #8275, .F. ) ;
#4030 = EDGE_LOOP ( 'NONE', ( #13014, #12237, #1371, #8137, #9655, #2761 ) ) ;
#4031 = SURFACE_STYLE_USAGE ( .BOTH. , #3956 ) ;
#4032 = CARTESIAN_POINT ( 'NONE',  ( -28.75000000000000355, 38.26999999999998892, 48.49999999999999289 ) ) ;
#4033 = CARTESIAN_POINT ( 'NONE',  ( -18.75000000000000355, 46.53999999999999204, 10.00000000000000355 ) ) ;
#4034 = PLANE ( 'NONE',  #5260 ) ;
#4035 = LINE ( 'NONE', #12128, #11353 ) ;
#4036 = ORIENTED_EDGE ( 'NONE', *, *, #12562, .F. ) ;
#4037 = DIRECTION ( 'NONE',  ( -0.000000000000000000, -1.000000000000000000, -0.000000000000000000 ) ) ;
#4038 = EDGE_LOOP ( 'NONE', ( #8404, #726 ) ) ;
#4039 = ORIENTED_EDGE ( 'NONE', *, *, #5813, .F. ) ;
#4040 = ORIENTED_EDGE ( 'NONE', *, *, #9676, .F. ) ;
#4041 = ORIENTED_EDGE ( 'NONE', *, *, #11608, .F. ) ;
#4042 = DIRECTION ( 'NONE',  ( 1.000000000000000000, -0.000000000000000000, -0.000000000000000000 ) ) ;
#4043 = CARTESIAN_POINT ( 'NONE',  ( 14.30000000000000426, 37.53999999999999204, 53.50000000000000711 ) ) ;
#4044 = CARTESIAN_POINT ( 'NONE',  ( 46.37499999999989342, -30.00000000000000711, -10.00000000000000178 ) ) ;
#4045 = CARTESIAN_POINT ( 'NONE',  ( 0.000000000000000000, 26.99999999999999289, 5.000000000000003553 ) ) ;
#4046 = CARTESIAN_POINT ( 'NONE',  ( 30.00000000000003553, 14.24999999999999822, 1.000000000000002665 ) ) ;
#4047 = DIRECTION ( 'NONE',  ( -0.000000000000000000, 1.000000000000000000, -0.000000000000000000 ) ) ;
#4048 = CARTESIAN_POINT ( 'NONE',  ( 30.00000000000000000, 1.000000000000042633, -40.00000000000000000 ) ) ;
#4049 = PLANE ( 'NONE',  #9504 ) ;
#4050 = DIRECTION ( 'NONE',  ( -5.551115123125777969E-15, 0.000000000000000000, -1.000000000000000000 ) ) ;
#4051 = EDGE_LOOP ( 'NONE', ( #7317, #7034, #4235, #7083 ) ) ;
#4052 = EDGE_LOOP ( 'NONE', ( #10679, #3706, #12593, #6683 ) ) ;
#4053 = ORIENTED_EDGE ( 'NONE', *, *, #2045, .T. ) ;
#4054 = VERTEX_POINT ( 'NONE', #7378 ) ;
#4055 = ORIENTED_EDGE ( 'NONE', *, *, #6052, .F. ) ;
#4056 = EDGE_CURVE ( 'NONE', #9149, #8680, #7438, .T. ) ;
#4057 = EDGE_CURVE ( 'NONE', #4876, #9827, #5252, .T. ) ;
#4058 = FACE_OUTER_BOUND ( 'NONE', #962, .T. ) ;
#4059 = LINE ( 'NONE', #8116, #5199 ) ;
#4060 = CARTESIAN_POINT ( 'NONE',  ( -60.90000000000004121, 26.99999999999999289, 48.00000000000000000 ) ) ;
#4061 = EDGE_CURVE ( 'NONE', #7033, #7936, #6387, .T. ) ;
#4062 = LINE ( 'NONE', #10187, #5930 ) ;
#4063 = DIRECTION ( 'NONE',  ( 0.000000000000000000, 0.000000000000000000, -1.000000000000000000 ) ) ;
#4064 = LINE ( 'NONE', #11249, #1444 ) ;
#4065 = VERTEX_POINT ( 'NONE', #11635 ) ;
#4066 = CARTESIAN_POINT ( 'NONE',  ( 49.40000000000004121, 26.99999999999999289, 56.00000000000000000 ) ) ;
#4067 = EDGE_CURVE ( 'NONE', #11704, #9803, #7792, .T. ) ;
#4068 = EDGE_LOOP ( 'NONE', ( #5026, #11963, #1155, #12453, #9967, #1859 ) ) ;
#4069 = ORIENTED_EDGE ( 'NONE', *, *, #4152, .T. ) ;
#4070 = ORIENTED_EDGE ( 'NONE', *, *, #10047, .F. ) ;
#4071 = DIRECTION ( 'NONE',  ( 1.000000000000000000, -0.000000000000000000, -0.000000000000000000 ) ) ;
#4072 = LINE ( 'NONE', #5341, #9915 ) ;
#4073 = CARTESIAN_POINT ( 'NONE',  ( 35.74999999999983658, -28.00000000000000355, -23.99999999999999645 ) ) ;
#4074 = DIRECTION ( 'NONE',  ( 1.000000000000000000, -0.000000000000000000, -0.000000000000000000 ) ) ;
#4075 = DIRECTION ( 'NONE',  ( 1.000000000000000000, -0.000000000000000000, -0.000000000000000000 ) ) ;
#4076 = ORIENTED_EDGE ( 'NONE', *, *, #1052, .T. ) ;
#4077 = LINE ( 'NONE', #8140, #10823 ) ;
#4078 = VERTEX_POINT ( 'NONE', #12484 ) ;
#4079 = FACE_OUTER_BOUND ( 'NONE', #10180, .T. ) ;
#4080 = EDGE_CURVE ( 'NONE', #2784, #5393, #9625, .T. ) ;
#4081 = VERTEX_POINT ( 'NONE', #609 ) ;
#4082 = ORIENTED_EDGE ( 'NONE', *, *, #1603, .T. ) ;
#4083 = APPLICATION_CONTEXT ( 'automotive_design' ) ;
#4084 = LINE ( 'NONE', #8146, #9727 ) ;
#4085 = DIRECTION ( 'NONE',  ( 0.3162277660168377191, -0.9486832980505138790, 0.000000000000000000 ) ) ;
#4086 = FACE_OUTER_BOUND ( 'NONE', #5906, .T. ) ;
#4087 = LINE ( 'NONE', #2849, #11623 ) ;
#4088 = FACE_OUTER_BOUND ( 'NONE', #7128, .T. ) ;
#4089 = EDGE_LOOP ( 'NONE', ( #6849, #12245, #4670, #8155, #1258, #11041 ) ) ;
#4090 = FACE_BOUND ( 'NONE', #887, .T. ) ;
#4091 = PLANE ( 'NONE',  #1677 ) ;
#4092 = ADVANCED_FACE ( 'NONE', ( #10496 ), #9503, .T. ) ;
#4093 = ORIENTED_EDGE ( 'NONE', *, *, #11948, .F. ) ;
#4094 = VERTEX_POINT ( 'NONE', #6587 ) ;
#4095 = ADVANCED_FACE ( 'NONE', ( #403 ), #3598, .F. ) ;
#4096 = EDGE_CURVE ( 'NONE', #328, #10582, #9707, .T. ) ;
#4097 = CARTESIAN_POINT ( 'NONE',  ( -46.00000000000004974, 26.99999999999999289, 44.59999999999999432 ) ) ;
#4098 = FACE_OUTER_BOUND ( 'NONE', #10353, .T. ) ;
#4099 = DIRECTION ( 'NONE',  ( 0.000000000000000000, 0.000000000000000000, -1.000000000000000000 ) ) ;
#4100 = CARTESIAN_POINT ( 'NONE',  ( -14.29999999999999005, -45.50000000000000711, 48.49999999999999289 ) ) ;
#4101 = CARTESIAN_POINT ( 'NONE',  ( 38.74384609504078725, -28.00000000000000355, -11.42179492079920600 ) ) ;
#4102 = CARTESIAN_POINT ( 'NONE',  ( 49.40000000000004832, 29.99999999999999289, 0.000000000000000000 ) ) ;
#4103 = LINE ( 'NONE', #11156, #1644 ) ;
#4104 = PLANE ( 'NONE',  #11636 ) ;
#4105 = LINE ( 'NONE', #2192, #7790 ) ;
#4106 = ORIENTED_EDGE ( 'NONE', *, *, #6541, .T. ) ;
#4107 = VERTEX_POINT ( 'NONE', #7495 ) ;
#4108 = ORIENTED_EDGE ( 'NONE', *, *, #6501, .T. ) ;
#4109 = ORIENTED_EDGE ( 'NONE', *, *, #7081, .T. ) ;
#4110 = ORIENTED_EDGE ( 'NONE', *, *, #8552, .T. ) ;
#4111 = EDGE_CURVE ( 'NONE', #2574, #12228, #7651, .T. ) ;
#4112 = ORIENTED_EDGE ( 'NONE', *, *, #7013, .F. ) ;
#4113 = DIRECTION ( 'NONE',  ( 1.000000000000000000, 0.000000000000000000, 0.000000000000000000 ) ) ;
#4114 = DIRECTION ( 'NONE',  ( 1.000000000000000000, -0.000000000000000000, 0.000000000000000000 ) ) ;
#4115 = LINE ( 'NONE', #3143, #11363 ) ;
#4116 = VECTOR ( 'NONE', #4117, 1000.000000000000000 ) ;
#4117 = DIRECTION ( 'NONE',  ( 0.000000000000000000, 0.000000000000000000, -1.000000000000000000 ) ) ;
#4118 = CYLINDRICAL_SURFACE ( 'NONE', #7989, 2.000000000000002665 ) ;
#4119 = EDGE_CURVE ( 'NONE', #8377, #3629, #2269, .T. ) ;
#4120 = LINE ( 'NONE', #12406, #1650 ) ;
#4121 = ORIENTED_EDGE ( 'NONE', *, *, #3952, .F. ) ;
#4122 = VECTOR ( 'NONE', #2781, 1000.000000000000000 ) ;
#4123 = ORIENTED_EDGE ( 'NONE', *, *, #8540, .F. ) ;
#4124 = ORIENTED_EDGE ( 'NONE', *, *, #6697, .F. ) ;
#4125 = EDGE_CURVE ( 'NONE', #236, #11846, #6938, .T. ) ;
#4126 = EDGE_CURVE ( 'NONE', #6610, #4401, #4520, .T. ) ;
#4127 = ORIENTED_EDGE ( 'NONE', *, *, #2873, .F. ) ;
#4128 = VERTEX_POINT ( 'NONE', #731 ) ;
#4129 = DIRECTION ( 'NONE',  ( -1.416100796715761603E-16, 0.000000000000000000, 1.000000000000000000 ) ) ;
#4130 = DIRECTION ( 'NONE',  ( 0.000000000000000000, -0.000000000000000000, 1.000000000000000000 ) ) ;
#4131 = CARTESIAN_POINT ( 'NONE',  ( 36.00000000000002842, 26.99999999999999289, -5.097962868176746799E-15 ) ) ;
#4132 = DIRECTION ( 'NONE',  ( -0.000000000000000000, 0.000000000000000000, -1.000000000000000000 ) ) ;
#4133 = DIRECTION ( 'NONE',  ( 1.000000000000000000, -0.000000000000000000, -0.000000000000000000 ) ) ;
#4134 = AXIS2_PLACEMENT_3D ( 'NONE', #5693, #9747, #8011 ) ;
#4135 = EDGE_LOOP ( 'NONE', ( #12346, #13045, #1838, #10897 ) ) ;
#4136 = CARTESIAN_POINT ( 'NONE',  ( 0.000000000000000000, 26.99999999999999289, 32.39999999999999858 ) ) ;
#4137 = EDGE_CURVE ( 'NONE', #374, #5582, #11760, .T. ) ;
#4138 = EDGE_LOOP ( 'NONE', ( #3163, #6980, #5464, #1899 ) ) ;
#4139 = FACE_OUTER_BOUND ( 'NONE', #11320, .T. ) ;
#4140 = DIRECTION ( 'NONE',  ( 1.000000000000000000, -2.168404344971006896E-16, 0.000000000000000000 ) ) ;
#4141 = EDGE_CURVE ( 'NONE', #5616, #13095, #8837, .T. ) ;
#4142 = VERTEX_POINT ( 'NONE', #6791 ) ;
#4143 = VECTOR ( 'NONE', #4888, 1000.000000000000000 ) ;
#4144 = LINE ( 'NONE', #2841, #118 ) ;
#4145 = ADVANCED_FACE ( 'NONE', ( #7969 ), #1792, .T. ) ;
#4146 = EDGE_LOOP ( 'NONE', ( #7006, #2881, #2071, #4127 ) ) ;
#4147 = ORIENTED_EDGE ( 'NONE', *, *, #7473, .F. ) ;
#4148 = VECTOR ( 'NONE', #1865, 1000.000000000000000 ) ;
#4149 = FACE_OUTER_BOUND ( 'NONE', #8556, .T. ) ;
#4150 = DIRECTION ( 'NONE',  ( -0.000000000000000000, -0.000000000000000000, -1.000000000000000000 ) ) ;
#4151 = FACE_BOUND ( 'NONE', #7064, .T. ) ;
#4152 = EDGE_CURVE ( 'NONE', #11755, #4186, #7848, .T. ) ;
#4153 = DIRECTION ( 'NONE',  ( -0.000000000000000000, 1.000000000000000000, -0.000000000000000000 ) ) ;
#4154 = VECTOR ( 'NONE', #6021, 1000.000000000000000 ) ;
#4155 = DIRECTION ( 'NONE',  ( -0.000000000000000000, 1.000000000000000000, -0.000000000000000000 ) ) ;
#4156 = ORIENTED_EDGE ( 'NONE', *, *, #6975, .F. ) ;
#4157 = VECTOR ( 'NONE', #4678, 1000.000000000000000 ) ;
#4158 = AXIS2_PLACEMENT_3D ( 'NONE', #2702, #8596, #3628 ) ;
#4159 = CYLINDRICAL_SURFACE ( 'NONE', #11870, 2.000000000000002665 ) ;
#4160 = ORIENTED_EDGE ( 'NONE', *, *, #7602, .F. ) ;
#4161 = ORIENTED_EDGE ( 'NONE', *, *, #8254, .F. ) ;
#4162 = ORIENTED_EDGE ( 'NONE', *, *, #9092, .T. ) ;
#4163 = VECTOR ( 'NONE', #12841, 1000.000000000000000 ) ;
#4164 = ORIENTED_EDGE ( 'NONE', *, *, #7037, .T. ) ;
#4165 = AXIS2_PLACEMENT_3D ( 'NONE', #7027, #6025, #3960 ) ;
#4166 = EDGE_CURVE ( 'NONE', #12228, #4460, #873, .T. ) ;
#4167 = VECTOR ( 'NONE', #8267, 1000.000000000000000 ) ;
#4168 = CIRCLE ( 'NONE', #1834, 1.500000000000001332 ) ;
#4169 = DIRECTION ( 'NONE',  ( 1.000000000000000000, -0.000000000000000000, -0.000000000000000000 ) ) ;
#4170 = CARTESIAN_POINT ( 'NONE',  ( 23.74999999999999289, 10.50000000000008527, 19.50000000000000355 ) ) ;
#4171 = CYLINDRICAL_SURFACE ( 'NONE', #6505, 4.000000000000000000 ) ;
#4172 = VECTOR ( 'NONE', #3216, 1000.000000000000000 ) ;
#4173 = DIRECTION ( 'NONE',  ( -1.000000000000000000, -0.000000000000000000, -0.000000000000000000 ) ) ;
#4174 = EDGE_CURVE ( 'NONE', #9202, #664, #1871, .T. ) ;
#4175 = AXIS2_PLACEMENT_3D ( 'NONE', #12595, #2197, #10290 ) ;
#4176 = DIRECTION ( 'NONE',  ( 0.000000000000000000, -8.673617379884027583E-16, 1.000000000000000000 ) ) ;
#4177 = EDGE_CURVE ( 'NONE', #414, #10351, #5986, .T. ) ;
#4178 = AXIS2_PLACEMENT_3D ( 'NONE', #10526, #9657, #4427 ) ;
#4179 = CARTESIAN_POINT ( 'NONE',  ( -23.75000000000000000, -30.00000000000001421, 13.85000000000000142 ) ) ;
#4180 = CIRCLE ( 'NONE', #11606, 3.500000000000000000 ) ;
#4181 = DIRECTION ( 'NONE',  ( 1.000000000000000000, -4.336808689942013792E-16, 0.000000000000000000 ) ) ;
#4182 = CARTESIAN_POINT ( 'NONE',  ( 28.75000000000000000, -0.4999999999999015787, 67.51000000000000512 ) ) ;
#4183 = DIRECTION ( 'NONE',  ( 1.000000000000000000, 0.000000000000000000, 0.000000000000000000 ) ) ;
#4184 = VERTEX_POINT ( 'NONE', #5854 ) ;
#4185 = VECTOR ( 'NONE', #11587, 1000.000000000000000 ) ;
#4186 = VERTEX_POINT ( 'NONE', #6847 ) ;
#4187 = VECTOR ( 'NONE', #6307, 1000.000000000000000 ) ;
#4188 = EDGE_LOOP ( 'NONE', ( #5532, #3802 ) ) ;
#4189 = CIRCLE ( 'NONE', #7150, 2.500000000000002220 ) ;
#4190 = AXIS2_PLACEMENT_3D ( 'NONE', #13145, #991, #7096 ) ;
#4191 = CYLINDRICAL_SURFACE ( 'NONE', #1175, 2.000000000000001776 ) ;
#4192 = DIRECTION ( 'NONE',  ( 1.000000000000000000, -4.336808689942013792E-16, 0.000000000000000000 ) ) ;
#4193 = DIRECTION ( 'NONE',  ( 0.000000000000000000, -1.000000000000000000, 0.000000000000000000 ) ) ;
#4194 = VECTOR ( 'NONE', #788, 1000.000000000000000 ) ;
#4195 = AXIS2_PLACEMENT_3D ( 'NONE', #7356, #10557, #386 ) ;
#4196 = CARTESIAN_POINT ( 'NONE',  ( -23.75000000000000000, -30.00000000000001421, 56.15000000000000568 ) ) ;
#4197 = DIRECTION ( 'NONE',  ( 0.000000000000000000, 0.000000000000000000, 1.000000000000000000 ) ) ;
#4198 = VECTOR ( 'NONE', #4767, 1000.000000000000000 ) ;
#4199 = DIRECTION ( 'NONE',  ( 1.734723475976807094E-15, 0.000000000000000000, 1.000000000000000000 ) ) ;
#4200 = AXIS2_PLACEMENT_3D ( 'NONE', #3080, #4132, #12418 ) ;
#4201 = VECTOR ( 'NONE', #6929, 1000.000000000000000 ) ;
#4202 = ORIENTED_EDGE ( 'NONE', *, *, #11942, .F. ) ;
#4203 = ORIENTED_EDGE ( 'NONE', *, *, #1990, .T. ) ;
#4204 = ORIENTED_EDGE ( 'NONE', *, *, #12536, .F. ) ;
#4205 = ORIENTED_EDGE ( 'NONE', *, *, #7781, .T. ) ;
#4206 = CIRCLE ( 'NONE', #11216, 1.100000000000000311 ) ;
#4207 = DIRECTION ( 'NONE',  ( -1.000000000000000000, 0.000000000000000000, 0.000000000000000000 ) ) ;
#4208 = FACE_OUTER_BOUND ( 'NONE', #81, .T. ) ;
#4209 = CARTESIAN_POINT ( 'NONE',  ( 18.75000000000000355, -52.50000000000000711, 10.00000000000000000 ) ) ;
#4210 = CYLINDRICAL_SURFACE ( 'NONE', #10543, 4.000000000000003553 ) ;
#4211 = LINE ( 'NONE', #12166, #178 ) ;
#4212 = VECTOR ( 'NONE', #10511, 1000.000000000000000 ) ;
#4213 = CARTESIAN_POINT ( 'NONE',  ( -60.90000000000004121, 26.99999999999999289, 0.000000000000000000 ) ) ;
#4214 = AXIS2_PLACEMENT_3D ( 'NONE', #5572, #8699, #7485 ) ;
#4215 = ORIENTED_EDGE ( 'NONE', *, *, #6332, .T. ) ;
#4216 = ADVANCED_FACE ( 'NONE', ( #3910 ), #2862, .F. ) ;
#4217 = CARTESIAN_POINT ( 'NONE',  ( 38.74384609504077304, -28.00000000000000355, -22.57820507920079223 ) ) ;
#4218 = FACE_OUTER_BOUND ( 'NONE', #11865, .T. ) ;
#4219 = AXIS2_PLACEMENT_3D ( 'NONE', #7637, #9615, #2647 ) ;
#4220 = ORIENTED_EDGE ( 'NONE', *, *, #3683, .T. ) ;
#4221 = DIRECTION ( 'NONE',  ( 0.000000000000000000, 0.000000000000000000, -1.000000000000000000 ) ) ;
#4222 = ORIENTED_EDGE ( 'NONE', *, *, #6028, .F. ) ;
#4223 = ORIENTED_EDGE ( 'NONE', *, *, #8317, .F. ) ;
#4224 = DIRECTION ( 'NONE',  ( 0.000000000000000000, -0.4224229034221534951, -0.9063988584858202469 ) ) ;
#4225 = LINE ( 'NONE', #11325, #3545 ) ;
#4226 = AXIS2_PLACEMENT_3D ( 'NONE', #6404, #3547, #7514 ) ;
#4227 = CARTESIAN_POINT ( 'NONE',  ( -14.30000000000000426, 38.26999999999998892, 18.60434383594887109 ) ) ;
#4228 = CARTESIAN_POINT ( 'NONE',  ( 32.74999999999983658, -5.000000000000006217, -11.49999999999999645 ) ) ;
#4229 = LINE ( 'NONE', #3179, #545 ) ;
#4230 = ORIENTED_EDGE ( 'NONE', *, *, #13140, .T. ) ;
#4231 = LINE ( 'NONE', #12261, #6348 ) ;
#4232 = ORIENTED_EDGE ( 'NONE', *, *, #4057, .F. ) ;
#4233 = ORIENTED_EDGE ( 'NONE', *, *, #4725, .T. ) ;
#4234 = DIRECTION ( 'NONE',  ( 1.000000000000000000, -0.000000000000000000, -0.000000000000000000 ) ) ;
#4235 = ORIENTED_EDGE ( 'NONE', *, *, #5187, .T. ) ;
#4236 = EDGE_CURVE ( 'NONE', #1309, #9058, #4666, .T. ) ;
#4237 = CARTESIAN_POINT ( 'NONE',  ( 35.74999999999983658, -10.00000000000000533, -27.00000000000000711 ) ) ;
#4238 = EDGE_CURVE ( 'NONE', #8759, #8017, #5932, .T. ) ;
#4239 = CARTESIAN_POINT ( 'NONE',  ( 14.30000000000000426, 37.53999999999999204, 55.00000000000000711 ) ) ;
#4240 = ADVANCED_FACE ( 'NONE', ( #9973 ), #4930, .F. ) ;
#4241 = DIRECTION ( 'NONE',  ( 0.000000000000000000, 0.000000000000000000, -1.000000000000000000 ) ) ;
#4242 = CARTESIAN_POINT ( 'NONE',  ( 80.00000000000000000, -20.00000000000000711, -40.00000000000000000 ) ) ;
#4243 = DIRECTION ( 'NONE',  ( -1.416100796715761356E-16, 0.000000000000000000, 1.000000000000000000 ) ) ;
#4244 = ORIENTED_EDGE ( 'NONE', *, *, #7088, .T. ) ;
#4245 = CARTESIAN_POINT ( 'NONE',  ( 0.000000000000000000, 29.99999999999999289, 5.999999999999999112 ) ) ;
#4246 = CARTESIAN_POINT ( 'NONE',  ( 62.90000000000004121, 26.99999999999999289, 58.00000000000000000 ) ) ;
#4247 = DIRECTION ( 'NONE',  ( 0.000000000000000000, 0.000000000000000000, 1.000000000000000000 ) ) ;
#4248 = ORIENTED_EDGE ( 'NONE', *, *, #2123, .F. ) ;
#4249 = ORIENTED_EDGE ( 'NONE', *, *, #1723, .T. ) ;
#4250 = EDGE_CURVE ( 'NONE', #6216, #7290, #12428, .T. ) ;
#4251 = ORIENTED_EDGE ( 'NONE', *, *, #12916, .T. ) ;
#4252 = ADVANCED_FACE ( 'NONE', ( #8707 ), #12748, .F. ) ;
#4253 = CARTESIAN_POINT ( 'NONE',  ( 32.74999999999983658, -30.00000000000000711, -22.50000000000000355 ) ) ;
#4254 = DIRECTION ( 'NONE',  ( -0.000000000000000000, 1.000000000000000000, -0.000000000000000000 ) ) ;
#4255 = DIRECTION ( 'NONE',  ( 0.000000000000000000, 0.000000000000000000, 1.000000000000000000 ) ) ;
#4256 = CARTESIAN_POINT ( 'NONE',  ( 23.74999999999982236, 4.999999999999990230, 44.85000000000000142 ) ) ;
#4257 = DIRECTION ( 'NONE',  ( -1.000000000000000000, 0.000000000000000000, 0.000000000000000000 ) ) ;
#4258 = DIRECTION ( 'NONE',  ( -1.000000000000000000, 0.000000000000000000, 1.416100796715761356E-16 ) ) ;
#4259 = CARTESIAN_POINT ( 'NONE',  ( 38.74999999999983658, -5.000000000000004441, 0.000000000000000000 ) ) ;
#4260 = DIRECTION ( 'NONE',  ( 0.000000000000000000, -1.000000000000000000, 0.000000000000000000 ) ) ;
#4261 = EDGE_CURVE ( 'NONE', #9017, #10643, #6710, .T. ) ;
#4262 = ORIENTED_EDGE ( 'NONE', *, *, #7581, .F. ) ;
#4263 = ORIENTED_EDGE ( 'NONE', *, *, #6199, .F. ) ;
#4264 = ADVANCED_FACE ( 'NONE', ( #7770, #11842 ), #1728, .F. ) ;
#4265 = VERTEX_POINT ( 'NONE', #11905 ) ;
#4266 = ORIENTED_EDGE ( 'NONE', *, *, #1603, .F. ) ;
#4267 = DIRECTION ( 'NONE',  ( -1.000000000000000000, 2.796604116678177304E-16, 2.465190328815661892E-32 ) ) ;
#4268 = CARTESIAN_POINT ( 'NONE',  ( 35.74999999999983658, -10.00000000000000533, -8.500000000000001776 ) ) ;
#4269 = LINE ( 'NONE', #11454, #1414 ) ;
#4270 = DIRECTION ( 'NONE',  ( -0.000000000000000000, -1.000000000000000000, -0.000000000000000000 ) ) ;
#4271 = DIRECTION ( 'NONE',  ( 1.000000000000000000, -0.000000000000000000, 0.000000000000000000 ) ) ;
#4272 = ORIENTED_EDGE ( 'NONE', *, *, #9501, .T. ) ;
#4273 = DIRECTION ( 'NONE',  ( -0.000000000000000000, 1.000000000000000000, -0.000000000000000000 ) ) ;
#4274 = VERTEX_POINT ( 'NONE', #4788 ) ;
#4275 = FACE_OUTER_BOUND ( 'NONE', #5499, .T. ) ;
#4276 = EDGE_CURVE ( 'NONE', #11882, #12025, #2810, .T. ) ;
#4277 = DIRECTION ( 'NONE',  ( -1.000000000000000000, 0.000000000000000000, 0.000000000000000000 ) ) ;
#4278 = ORIENTED_EDGE ( 'NONE', *, *, #10481, .F. ) ;
#4279 = ORIENTED_EDGE ( 'NONE', *, *, #6401, .T. ) ;
#4280 = EDGE_CURVE ( 'NONE', #9385, #328, #10283, .T. ) ;
#4281 = DIRECTION ( 'NONE',  ( 0.000000000000000000, -0.000000000000000000, -1.000000000000000000 ) ) ;
#4282 = DIRECTION ( 'NONE',  ( -1.000000000000000000, 0.000000000000000000, -1.445602896647348038E-16 ) ) ;
#4283 = FACE_OUTER_BOUND ( 'NONE', #956, .T. ) ;
#4284 = LINE ( 'NONE', #3366, #4861 ) ;
#4285 = FACE_OUTER_BOUND ( 'NONE', #3060, .T. ) ;
#4286 = ORIENTED_EDGE ( 'NONE', *, *, #8545, .T. ) ;
#4287 = DIRECTION ( 'NONE',  ( 1.000000000000000000, 3.469446951953614189E-16, -0.000000000000000000 ) ) ;
#4288 = FACE_OUTER_BOUND ( 'NONE', #1799, .T. ) ;
#4289 = ORIENTED_EDGE ( 'NONE', *, *, #1622, .F. ) ;
#4290 = ORIENTED_EDGE ( 'NONE', *, *, #7666, .F. ) ;
#4291 = DIRECTION ( 'NONE',  ( 0.000000000000000000, 0.000000000000000000, -1.000000000000000000 ) ) ;
#4292 = VERTEX_POINT ( 'NONE', #9216 ) ;
#4293 = EDGE_CURVE ( 'NONE', #5923, #5060, #7095, .T. ) ;
#4294 = CARTESIAN_POINT ( 'NONE',  ( -44.00000000000003553, 26.99999999999999289, -6.230843505549355095E-15 ) ) ;
#4295 = EDGE_CURVE ( 'NONE', #3942, #12599, #191, .T. ) ;
#4296 = CARTESIAN_POINT ( 'NONE',  ( 28.75000000000000000, 25.43769491959958273, 11.85511747251642767 ) ) ;
#4297 = CARTESIAN_POINT ( 'NONE',  ( -58.25000000000019185, -20.49999999999991473, 50.50000000000000000 ) ) ;
#4298 = LINE ( 'NONE', #12325, #12442 ) ;
#4299 = EDGE_CURVE ( 'NONE', #236, #8582, #7043, .T. ) ;
#4300 = PLANE ( 'NONE',  #4134 ) ;
#4301 = EDGE_LOOP ( 'NONE', ( #11885, #12075, #2386, #12691, #2575, #13137, #10418, #7621, #5847, #1589, #8261, #5161, #4738, #7137, #1537, #8022 ) ) ;
#4302 = DIRECTION ( 'NONE',  ( 0.000000000000000000, 0.000000000000000000, -1.000000000000000000 ) ) ;
#4303 = LINE ( 'NONE', #4246, #3370 ) ;
#4304 = CARTESIAN_POINT ( 'NONE',  ( -42.00000000000002842, 26.99999999999999289, -3.000000000000000000 ) ) ;
#4305 = ORIENTED_EDGE ( 'NONE', *, *, #8884, .F. ) ;
#4306 = EDGE_LOOP ( 'NONE', ( #11276, #5320, #4406, #7287 ) ) ;
#4307 = ORIENTED_EDGE ( 'NONE', *, *, #7820, .F. ) ;
#4308 = EDGE_CURVE ( 'NONE', #9206, #11805, #8164, .T. ) ;
#4309 = ORIENTED_EDGE ( 'NONE', *, *, #3086, .T. ) ;
#4310 = EDGE_CURVE ( 'NONE', #10255, #12348, #2061, .T. ) ;
#4311 = LINE ( 'NONE', #11437, #9905 ) ;
#4312 = CARTESIAN_POINT ( 'NONE',  ( 0.000000000000000000, 19.99999999999998934, 60.00000000000000711 ) ) ;
#4313 = DIRECTION ( 'NONE',  ( 1.000000000000000000, -0.000000000000000000, 0.000000000000000000 ) ) ;
#4314 = DIRECTION ( 'NONE',  ( 0.000000000000000000, 0.000000000000000000, 1.000000000000000000 ) ) ;
#4315 = DIRECTION ( 'NONE',  ( -0.000000000000000000, 1.000000000000000000, -0.000000000000000000 ) ) ;
#4316 = CARTESIAN_POINT ( 'NONE',  ( 32.75615390495888590, -30.00000000000000711, -22.57820507920079223 ) ) ;
#4317 = ADVANCED_FACE ( 'NONE', ( #11155 ), #12274, .F. ) ;
#4318 = DIRECTION ( 'NONE',  ( 1.000000000000000000, 0.000000000000000000, 0.000000000000000000 ) ) ;
#4319 = CARTESIAN_POINT ( 'NONE',  ( 66.00000000000002842, 25.99999999999999289, 60.00000000000000711 ) ) ;
#4320 = EDGE_LOOP ( 'NONE', ( #8346, #2277 ) ) ;
#4321 = ORIENTED_EDGE ( 'NONE', *, *, #6992, .T. ) ;
#4322 = ADVANCED_FACE ( 'NONE', ( #12328 ), #9028, .F. ) ;
#4323 = ORIENTED_EDGE ( 'NONE', *, *, #1153, .T. ) ;
#4324 = ORIENTED_EDGE ( 'NONE', *, *, #10941, .T. ) ;
#4325 = CARTESIAN_POINT ( 'NONE',  ( 32.00000000000000000, 1.000000000000041744, 0.000000000000000000 ) ) ;
#4326 = LINE ( 'NONE', #4807, #4386 ) ;
#4327 = CARTESIAN_POINT ( 'NONE',  ( 38.24999999999982947, -30.00000000000000711, -11.50000000000000355 ) ) ;
#4328 = CARTESIAN_POINT ( 'NONE',  ( 46.00000000000004263, 26.99999999999999289, 18.19999999999999574 ) ) ;
#4329 = DIRECTION ( 'NONE',  ( -0.000000000000000000, 0.000000000000000000, -1.000000000000000000 ) ) ;
#4330 = ORIENTED_EDGE ( 'NONE', *, *, #8398, .T. ) ;
#4331 = EDGE_CURVE ( 'NONE', #4460, #5469, #3125, .T. ) ;
#4332 = CARTESIAN_POINT ( 'NONE',  ( 9.499999999999840128, 23.24999999999999289, -36.75000000000013500 ) ) ;
#4333 = ORIENTED_EDGE ( 'NONE', *, *, #12678, .T. ) ;
#4334 = EDGE_CURVE ( 'NONE', #3725, #3660, #9103, .T. ) ;
#4335 = VECTOR ( 'NONE', #6040, 1000.000000000000000 ) ;
#4336 = DIRECTION ( 'NONE',  ( 3.469446951953614189E-16, -1.000000000000000000, 0.000000000000000000 ) ) ;
#4337 = LINE ( 'NONE', #6214, #7983 ) ;
#4338 = EDGE_LOOP ( 'NONE', ( #3001, #3020, #11334, #10215, #8967, #2589 ) ) ;
#4339 = VERTEX_POINT ( 'NONE', #9161 ) ;
#4340 = CARTESIAN_POINT ( 'NONE',  ( -28.75000000000000355, 46.53999999999999204, 10.00000000000000711 ) ) ;
#4341 = FACE_OUTER_BOUND ( 'NONE', #5937, .T. ) ;
#4342 = VECTOR ( 'NONE', #3811, 1000.000000000000000 ) ;
#4343 = CARTESIAN_POINT ( 'NONE',  ( -62.90000000000005542, 29.99999999999999289, 48.00000000000000000 ) ) ;
#4344 = DIRECTION ( 'NONE',  ( 0.000000000000000000, 0.000000000000000000, 1.000000000000000000 ) ) ;
#4345 = EDGE_CURVE ( 'NONE', #11705, #12758, #49, .T. ) ;
#4346 = DIRECTION ( 'NONE',  ( -0.3162277660168376081, -0.9486832980505138790, 0.000000000000000000 ) ) ;
#4347 = ORIENTED_EDGE ( 'NONE', *, *, #7532, .F. ) ;
#4348 = CARTESIAN_POINT ( 'NONE',  ( 36.00000000000003553, 26.99999999999999289, 32.39999999999999858 ) ) ;
#4349 = CIRCLE ( 'NONE', #9435, 3.500000000000006661 ) ;
#4350 = CARTESIAN_POINT ( 'NONE',  ( 0.000000000000000000, 5.749999999999992895, -33.25000000000000000 ) ) ;
#4351 = EDGE_LOOP ( 'NONE', ( #3391, #10140, #6168, #4355 ) ) ;
#4352 = ORIENTED_EDGE ( 'NONE', *, *, #9438, .F. ) ;
#4353 = VECTOR ( 'NONE', #8560, 1000.000000000000000 ) ;
#4354 = FACE_BOUND ( 'NONE', #11924, .T. ) ;
#4355 = ORIENTED_EDGE ( 'NONE', *, *, #10771, .T. ) ;
#4356 = VERTEX_POINT ( 'NONE', #11101 ) ;
#4357 = DIRECTION ( 'NONE',  ( 0.000000000000000000, 0.000000000000000000, 1.000000000000000000 ) ) ;
#4358 = DIRECTION ( 'NONE',  ( 0.000000000000000000, -0.000000000000000000, -1.000000000000000000 ) ) ;
#4359 = VECTOR ( 'NONE', #10038, 1000.000000000000000 ) ;
#4360 = FACE_BOUND ( 'NONE', #12856, .T. ) ;
#4361 = CIRCLE ( 'NONE', #12204, 4.000000000000000000 ) ;
#4362 = DIRECTION ( 'NONE',  ( -1.000000000000000000, -0.000000000000000000, -0.000000000000000000 ) ) ;
#4363 = AXIS2_PLACEMENT_3D ( 'NONE', #3761, #11877, #2779 ) ;
#4364 = PLANE ( 'NONE',  #6051 ) ;
#4365 = EDGE_LOOP ( 'NONE', ( #6796, #6105, #10779, #6957 ) ) ;
#4366 = DIRECTION ( 'NONE',  ( -0.000000000000000000, 1.000000000000000000, -0.000000000000000000 ) ) ;
#4367 = DIRECTION ( 'NONE',  ( 1.000000000000000000, -2.618450529776313247E-16, 0.000000000000000000 ) ) ;
#4368 = CIRCLE ( 'NONE', #11204, 1.500000000000001332 ) ;
#4369 = EDGE_CURVE ( 'NONE', #8582, #6276, #7166, .T. ) ;
#4370 = PLANE ( 'NONE',  #4000 ) ;
#4371 = ORIENTED_EDGE ( 'NONE', *, *, #9902, .T. ) ;
#4372 = ORIENTED_EDGE ( 'NONE', *, *, #6139, .T. ) ;
#4373 = VECTOR ( 'NONE', #2641, 1000.000000000000000 ) ;
#4374 = EDGE_CURVE ( 'NONE', #2803, #2224, #9477, .T. ) ;
#4375 = ORIENTED_EDGE ( 'NONE', *, *, #2201, .F. ) ;
#4376 = VECTOR ( 'NONE', #5308, 1000.000000000000000 ) ;
#4377 = AXIS2_PLACEMENT_3D ( 'NONE', #8831, #8911, #3850 ) ;
#4378 = CARTESIAN_POINT ( 'NONE',  ( -44.00000000000004263, 26.99999999999999289, 18.19999999999999574 ) ) ;
#4379 = AXIS2_PLACEMENT_3D ( 'NONE', #13094, #3924, #7864 ) ;
#4380 = ORIENTED_EDGE ( 'NONE', *, *, #4125, .F. ) ;
#4381 = LINE ( 'NONE', #9307, #9894 ) ;
#4382 = DIRECTION ( 'NONE',  ( 1.416100796715761356E-16, 0.000000000000000000, 1.000000000000000000 ) ) ;
#4383 = AXIS2_PLACEMENT_3D ( 'NONE', #4410, #2406, #4478 ) ;
#4384 = EDGE_LOOP ( 'NONE', ( #7807, #4249, #11108, #1732 ) ) ;
#4385 = CIRCLE ( 'NONE', #3322, 2.000000000000003109 ) ;
#4386 = VECTOR ( 'NONE', #5806, 1000.000000000000000 ) ;
#4387 = VECTOR ( 'NONE', #8327, 1000.000000000000000 ) ;
#4388 = EDGE_CURVE ( 'NONE', #4923, #1999, #5169, .T. ) ;
#4389 = PLANE ( 'NONE',  #8215 ) ;
#4390 = LINE ( 'NONE', #9972, #5180 ) ;
#4391 = CARTESIAN_POINT ( 'NONE',  ( 23.74999999999982236, 4.999999999999990230, 60.00000000000000711 ) ) ;
#4392 = AXIS2_PLACEMENT_3D ( 'NONE', #12685, #2535, #5388 ) ;
#4393 = ADVANCED_FACE ( 'NONE', ( #11285 ), #2248, .F. ) ;
#4394 = DIRECTION ( 'NONE',  ( 0.000000000000000000, 0.000000000000000000, 1.000000000000000000 ) ) ;
#4395 = ORIENTED_EDGE ( 'NONE', *, *, #7547, .F. ) ;
#4396 = EDGE_CURVE ( 'NONE', #8849, #7033, #7228, .T. ) ;
#4397 = CARTESIAN_POINT ( 'NONE',  ( 14.30000000000000426, 37.53999999999999204, 48.50000000000000000 ) ) ;
#4398 = VECTOR ( 'NONE', #7477, 1000.000000000000000 ) ;
#4399 = VECTOR ( 'NONE', #12513, 1000.000000000000000 ) ;
#4400 = AXIS2_PLACEMENT_3D ( 'NONE', #8753, #7837, #10439 ) ;
#4401 = VERTEX_POINT ( 'NONE', #925 ) ;
#4402 = ORIENTED_EDGE ( 'NONE', *, *, #3450, .T. ) ;
#4403 = VECTOR ( 'NONE', #5955, 1000.000000000000000 ) ;
#4404 = LINE ( 'NONE', #5657, #5027 ) ;
#4405 = ORIENTED_EDGE ( 'NONE', *, *, #1711, .T. ) ;
#4406 = ORIENTED_EDGE ( 'NONE', *, *, #6864, .T. ) ;
#4407 = VECTOR ( 'NONE', #4302, 1000.000000000000000 ) ;
#4408 = DIRECTION ( 'NONE',  ( -1.000000000000000000, -0.000000000000000000, -0.000000000000000000 ) ) ;
#4409 = DIRECTION ( 'NONE',  ( -1.000000000000000000, 2.796604116678177304E-16, 2.465190328815661892E-32 ) ) ;
#4410 = CARTESIAN_POINT ( 'NONE',  ( 0.000000000000000000, 0.000000000000000000, 10.00000000000000000 ) ) ;
#4411 = VECTOR ( 'NONE', #2226, 1000.000000000000000 ) ;
#4412 = DIRECTION ( 'NONE',  ( -1.000000000000000000, 0.000000000000000000, 0.000000000000000000 ) ) ;
#4413 = AXIS2_PLACEMENT_3D ( 'NONE', #1448, #12585, #4712 ) ;
#4414 = DIRECTION ( 'NONE',  ( 1.000000000000000000, 0.000000000000000000, 0.000000000000000000 ) ) ;
#4415 = VERTEX_POINT ( 'NONE', #4984 ) ;
#4416 = CARTESIAN_POINT ( 'NONE',  ( 0.000000000000000000, 26.99999999999999289, 44.60000000000000142 ) ) ;
#4417 = ORIENTED_EDGE ( 'NONE', *, *, #7301, .F. ) ;
#4418 = VECTOR ( 'NONE', #3440, 999.9999999999998863 ) ;
#4419 = VECTOR ( 'NONE', #2658, 1000.000000000000000 ) ;
#4420 = CARTESIAN_POINT ( 'NONE',  ( 47.40000000000004121, 26.99999999999999289, 58.00000000000000000 ) ) ;
#4421 = CARTESIAN_POINT ( 'NONE',  ( -44.00000000000004263, 26.99999999999999289, 30.39999999999999147 ) ) ;
#4422 = VECTOR ( 'NONE', #10498, 1000.000000000000000 ) ;
#4423 = ORIENTED_EDGE ( 'NONE', *, *, #7961, .F. ) ;
#4424 = EDGE_LOOP ( 'NONE', ( #12672, #12551, #3, #7442 ) ) ;
#4425 = LINE ( 'NONE', #6353, #12247 ) ;
#4426 = CIRCLE ( 'NONE', #1235, 2.000000000000002665 ) ;
#4427 = DIRECTION ( 'NONE',  ( -1.000000000000000000, 0.000000000000000000, 0.000000000000000000 ) ) ;
#4428 = VECTOR ( 'NONE', #5920, 1000.000000000000000 ) ;
#4429 = CARTESIAN_POINT ( 'NONE',  ( 0.000000000000000000, 6.749999999999995559, -33.25000000000000000 ) ) ;
#4430 = CARTESIAN_POINT ( 'NONE',  ( 34.00000000000002842, 29.99999999999999289, 8.000000000000007105 ) ) ;
#4431 = DIRECTION ( 'NONE',  ( 0.000000000000000000, 0.000000000000000000, 1.000000000000000000 ) ) ;
#4432 = DIRECTION ( 'NONE',  ( -1.000000000000000000, 0.000000000000000000, 0.000000000000000000 ) ) ;
#4433 = ORIENTED_EDGE ( 'NONE', *, *, #9294, .T. ) ;
#4434 = DIRECTION ( 'NONE',  ( 0.000000000000000000, 0.000000000000000000, 1.000000000000000000 ) ) ;
#4435 = AXIS2_PLACEMENT_3D ( 'NONE', #8599, #2504, #9749 ) ;
#4436 = CYLINDRICAL_SURFACE ( 'NONE', #183, 2.000000000000001776 ) ;
#4437 = ORIENTED_EDGE ( 'NONE', *, *, #12746, .T. ) ;
#4438 = AXIS2_PLACEMENT_3D ( 'NONE', #4006, #6734, #10797 ) ;
#4439 = VERTEX_POINT ( 'NONE', #1992 ) ;
#4440 = CARTESIAN_POINT ( 'NONE',  ( -36.00000000000002842, 26.99999999999999289, 6.000000000000006217 ) ) ;
#4441 = EDGE_CURVE ( 'NONE', #1266, #10514, #3471, .T. ) ;
#4442 = ORIENTED_EDGE ( 'NONE', *, *, #4511, .T. ) ;
#4443 = AXIS2_PLACEMENT_3D ( 'NONE', #2425, #4287, #3369 ) ;
#4444 = CARTESIAN_POINT ( 'NONE',  ( 30.00000000000003553, 14.24999999999999822, 1.000000000000002665 ) ) ;
#4445 = EDGE_CURVE ( 'NONE', #155, #12148, #989, .T. ) ;
#4446 = DIRECTION ( 'NONE',  ( -0.000000000000000000, 0.000000000000000000, -1.000000000000000000 ) ) ;
#4447 = CARTESIAN_POINT ( 'NONE',  ( -23.74999999999999645, 7.000000000000093259, 60.00000000000000711 ) ) ;
#4448 = CARTESIAN_POINT ( 'NONE',  ( -70.00000000000000000, 22.99999999999999289, -15.00000000000000711 ) ) ;
#4449 = DIRECTION ( 'NONE',  ( 2.891205793294679312E-16, 0.000000000000000000, 1.000000000000000000 ) ) ;
#4450 = CARTESIAN_POINT ( 'NONE',  ( 70.00000000000000000, 22.99999999999999289, -15.00000000000002309 ) ) ;
#4451 =( GEOMETRIC_REPRESENTATION_CONTEXT ( 3 ) GLOBAL_UNCERTAINTY_ASSIGNED_CONTEXT ( ( #984 ) ) GLOBAL_UNIT_ASSIGNED_CONTEXT ( ( #3290, #9462, #7470 ) ) REPRESENTATION_CONTEXT ( 'NONE', 'WORKASPACE' ) );
#4452 = CARTESIAN_POINT ( 'NONE',  ( -23.75000000000000711, -31.75000000000000000, 22.60434383594886754 ) ) ;
#4453 = ORIENTED_EDGE ( 'NONE', *, *, #2480, .F. ) ;
#4454 = ORIENTED_EDGE ( 'NONE', *, *, #2706, .F. ) ;
#4455 = ORIENTED_EDGE ( 'NONE', *, *, #7619, .T. ) ;
#4456 = EDGE_CURVE ( 'NONE', #2962, #3942, #2324, .T. ) ;
#4457 = CARTESIAN_POINT ( 'NONE',  ( 28.75000000000000355, 46.53999999999999204, 10.00000000000000000 ) ) ;
#4458 = DIRECTION ( 'NONE',  ( 0.000000000000000000, 0.000000000000000000, -1.000000000000000000 ) ) ;
#4459 = EDGE_CURVE ( 'NONE', #9079, #12327, #12466, .T. ) ;
#4461 = EDGE_CURVE ( 'NONE', #11673, #10643, #9411, .T. ) ;
#4460 = VERTEX_POINT ( 'NONE', #1503 ) ;
#4462 = FACE_OUTER_BOUND ( 'NONE', #12349, .T. ) ;
#4463 = LINE ( 'NONE', #6517, #10927 ) ;
#4464 = DIRECTION ( 'NONE',  ( -1.000000000000000000, 0.000000000000000000, 0.000000000000000000 ) ) ;
#4465 = EDGE_CURVE ( 'NONE', #77, #2976, #11544, .T. ) ;
#4466 = FACE_OUTER_BOUND ( 'NONE', #1376, .T. ) ;
#4467 = ORIENTED_EDGE ( 'NONE', *, *, #10338, .F. ) ;
#4468 = CARTESIAN_POINT ( 'NONE',  ( 23.00000000000002487, -5.599809115433909720E-15, -40.00000000000000000 ) ) ;
#4469 = VERTEX_POINT ( 'NONE', #7483 ) ;
#4470 = ADVANCED_FACE ( 'NONE', ( #5316, #8553 ), #2439, .T. ) ;
#4471 = VERTEX_POINT ( 'NONE', #10624 ) ;
#4472 = ORIENTED_EDGE ( 'NONE', *, *, #1286, .T. ) ;
#4473 = CARTESIAN_POINT ( 'NONE',  ( 44.00000000000003553, 26.99999999999999289, -6.230843505549355095E-15 ) ) ;
#4474 = VERTEX_POINT ( 'NONE', #12386 ) ;
#4475 = ORIENTED_EDGE ( 'NONE', *, *, #4821, .F. ) ;
#4476 = PLANE ( 'NONE',  #11832 ) ;
#4477 = EDGE_CURVE ( 'NONE', #5750, #7960, #6302, .T. ) ;
#4478 = DIRECTION ( 'NONE',  ( 1.000000000000000000, 0.000000000000000000, 0.000000000000000000 ) ) ;
#4479 = DIRECTION ( 'NONE',  ( 0.000000000000000000, 0.000000000000000000, -1.000000000000000000 ) ) ;
#4480 = PLANE ( 'NONE',  #10315 ) ;
#4481 = ORIENTED_EDGE ( 'NONE', *, *, #1453, .T. ) ;
#4482 = CARTESIAN_POINT ( 'NONE',  ( 0.000000000000000000, 26.99999999999999289, 48.00000000000000000 ) ) ;
#4483 = CARTESIAN_POINT ( 'NONE',  ( 14.30000000000000782, -43.50000000000000711, 48.50000000000000000 ) ) ;
#4484 = DIRECTION ( 'NONE',  ( -0.000000000000000000, 1.000000000000000000, -0.000000000000000000 ) ) ;
#4485 = ORIENTED_EDGE ( 'NONE', *, *, #663, .T. ) ;
#4486 = EDGE_LOOP ( 'NONE', ( #8272, #5936 ) ) ;
#4487 = DIRECTION ( 'NONE',  ( 1.000000000000000000, 0.000000000000000000, 0.000000000000000000 ) ) ;
#4488 = EDGE_CURVE ( 'NONE', #10582, #6564, #5457, .T. ) ;
#4489 = CARTESIAN_POINT ( 'NONE',  ( -64.00000000000001421, 29.99999999999999289, 56.00000000000000000 ) ) ;
#4490 = DIRECTION ( 'NONE',  ( 0.000000000000000000, -1.000000000000000000, 0.000000000000000000 ) ) ;
#4491 = CARTESIAN_POINT ( 'NONE',  ( -36.00000000000002842, 26.99999999999999289, 5.000000000000020428 ) ) ;
#4492 = DIRECTION ( 'NONE',  ( -0.000000000000000000, 0.000000000000000000, 1.000000000000000000 ) ) ;
#4493 = CARTESIAN_POINT ( 'NONE',  ( -14.30000000000000426, 38.26999999999998892, 26.60434383594887109 ) ) ;
#4494 = ORIENTED_EDGE ( 'NONE', *, *, #12150, .F. ) ;
#4495 = ADVANCED_FACE ( 'NONE', ( #9482 ), #12588, .F. ) ;
#4496 = CARTESIAN_POINT ( 'NONE',  ( -90.00000000000005684, 29.99999999999999289, -40.00000000000000000 ) ) ;
#4497 = ADVANCED_FACE ( 'NONE', ( #10428 ), #1317, .F. ) ;
#4498 = ORIENTED_EDGE ( 'NONE', *, *, #3507, .T. ) ;
#4499 = EDGE_LOOP ( 'NONE', ( #11806, #5650, #8157, #12024 ) ) ;
#4500 = DIRECTION ( 'NONE',  ( 0.000000000000000000, 0.000000000000000000, 1.000000000000000000 ) ) ;
#4501 = ORIENTED_EDGE ( 'NONE', *, *, #3326, .F. ) ;
#4502 = FACE_OUTER_BOUND ( 'NONE', #7712, .T. ) ;
#4503 = DIRECTION ( 'NONE',  ( -1.000000000000000000, 0.000000000000000000, 3.469446951953613696E-16 ) ) ;
#4504 = DIRECTION ( 'NONE',  ( -0.3162277660168377746, 0.9486832980505138790, 0.000000000000000000 ) ) ;
#4505 = LINE ( 'NONE', #3580, #12667 ) ;
#4506 = CARTESIAN_POINT ( 'NONE',  ( -36.00000000000002842, 26.99999999999999289, -5.097962868176746799E-15 ) ) ;
#4507 = EDGE_CURVE ( 'NONE', #7936, #5833, #5570, .T. ) ;
#4508 = ADVANCED_FACE ( 'NONE', ( #1451 ), #3441, .T. ) ;
#4509 = DIRECTION ( 'NONE',  ( -0.000000000000000000, 1.000000000000000000, -0.000000000000000000 ) ) ;
#4510 = DIRECTION ( 'NONE',  ( 0.000000000000000000, 0.000000000000000000, 1.000000000000000000 ) ) ;
#4511 = EDGE_CURVE ( 'NONE', #1276, #6914, #7552, .T. ) ;
#4512 = VERTEX_POINT ( 'NONE', #9614 ) ;
#4513 = ORIENTED_EDGE ( 'NONE', *, *, #11293, .T. ) ;
#4514 = ORIENTED_EDGE ( 'NONE', *, *, #10475, .F. ) ;
#4515 = CARTESIAN_POINT ( 'NONE',  ( -14.30000000000000782, -31.75000000000000000, 26.60434383594886754 ) ) ;
#4516 = CARTESIAN_POINT ( 'NONE',  ( -34.00000000000002842, 26.99999999999999289, 8.000000000000007105 ) ) ;
#4517 = DIRECTION ( 'NONE',  ( -0.000000000000000000, -0.000000000000000000, 1.000000000000000000 ) ) ;
#4518 = DIRECTION ( 'NONE',  ( -0.000000000000000000, 1.000000000000000000, -0.000000000000000000 ) ) ;
#4519 = ADVANCED_FACE ( 'NONE', ( #2585 ), #8617, .F. ) ;
#4520 = LINE ( 'NONE', #8564, #7574 ) ;
#4521 = CARTESIAN_POINT ( 'NONE',  ( -33.00000000000004263, 26.99999999999999289, -7.000000000000000000 ) ) ;
#4522 = ORIENTED_EDGE ( 'NONE', *, *, #6944, .F. ) ;
#4523 = FACE_OUTER_BOUND ( 'NONE', #4922, .T. ) ;
#4524 = ORIENTED_EDGE ( 'NONE', *, *, #134, .T. ) ;
#4525 = EDGE_CURVE ( 'NONE', #3487, #4719, #10365, .T. ) ;
#4526 = ORIENTED_EDGE ( 'NONE', *, *, #8948, .T. ) ;
#4527 = ORIENTED_EDGE ( 'NONE', *, *, #5559, .T. ) ;
#4528 = CARTESIAN_POINT ( 'NONE',  ( 24.00000000000003197, 19.99999999999999289, -40.00000000000000000 ) ) ;
#4529 = VERTEX_POINT ( 'NONE', #5373 ) ;
#4530 = DIRECTION ( 'NONE',  ( -1.000000000000000000, -0.000000000000000000, -0.000000000000000000 ) ) ;
#4531 = DIRECTION ( 'NONE',  ( 0.000000000000000000, 0.000000000000000000, -1.000000000000000000 ) ) ;
#4532 = CARTESIAN_POINT ( 'NONE',  ( 62.90000000000004121, 29.99999999999999289, -0.000000000000000000 ) ) ;
#4533 = DIRECTION ( 'NONE',  ( 1.000000000000000000, 0.000000000000000000, 0.000000000000000000 ) ) ;
#4534 = EDGE_CURVE ( 'NONE', #7222, #1183, #8696, .T. ) ;
#4535 = CARTESIAN_POINT ( 'NONE',  ( -66.00000000000002842, 29.99999999999999289, 58.00000000000001421 ) ) ;
#4536 = DIRECTION ( 'NONE',  ( 1.000000000000000000, 0.000000000000000000, 0.000000000000000000 ) ) ;
#4537 = LINE ( 'NONE', #8523, #10374 ) ;
#4538 = LINE ( 'NONE', #4891, #12867 ) ;
#4539 = ORIENTED_EDGE ( 'NONE', *, *, #7642, .T. ) ;
#4540 = LINE ( 'NONE', #9792, #12885 ) ;
#4541 = ORIENTED_EDGE ( 'NONE', *, *, #10926, .F. ) ;
#4542 = CARTESIAN_POINT ( 'NONE',  ( -47.40000000000004832, 26.99999999999999289, 48.00000000000000000 ) ) ;
#4543 = EDGE_CURVE ( 'NONE', #2072, #10850, #6892, .T. ) ;
#4544 = EDGE_CURVE ( 'NONE', #155, #11045, #12004, .T. ) ;
#4545 = CARTESIAN_POINT ( 'NONE',  ( -20.00000000000002842, 14.24999999999999822, 1.000000000000008438 ) ) ;
#4546 = VERTEX_POINT ( 'NONE', #5717 ) ;
#4547 = EDGE_LOOP ( 'NONE', ( #9153, #6267, #9979, #5543 ) ) ;
#4548 = PLANE ( 'NONE',  #5674 ) ;
#4549 = CARTESIAN_POINT ( 'NONE',  ( 32.00000000000000000, 1.000000000000041744, -40.00000000000000000 ) ) ;
#4550 = DIRECTION ( 'NONE',  ( 1.000000000000000000, -0.000000000000000000, -0.000000000000000000 ) ) ;
#4551 = EDGE_CURVE ( 'NONE', #10709, #1012, #7696, .T. ) ;
#4552 = CARTESIAN_POINT ( 'NONE',  ( -23.74999999999999645, 0.000000000000000000, 67.51000000000000512 ) ) ;
#4553 = LINE ( 'NONE', #9802, #5011 ) ;
#4554 = AXIS2_PLACEMENT_3D ( 'NONE', #8706, #12747, #3655 ) ;
#4555 = VERTEX_POINT ( 'NONE', #3843 ) ;
#4556 = DIRECTION ( 'NONE',  ( 0.000000000000000000, 0.000000000000000000, -1.000000000000000000 ) ) ;
#4557 = DIRECTION ( 'NONE',  ( 0.000000000000000000, 0.000000000000000000, 1.000000000000000000 ) ) ;
#4558 = ORIENTED_EDGE ( 'NONE', *, *, #4488, .F. ) ;
#4559 = ADVANCED_FACE ( 'NONE', ( #4774 ), #3787, .T. ) ;
#4560 = ORIENTED_EDGE ( 'NONE', *, *, #6989, .T. ) ;
#4561 = CARTESIAN_POINT ( 'NONE',  ( -49.40000000000004832, 26.99999999999999289, 48.00000000000000000 ) ) ;
#4562 = ORIENTED_EDGE ( 'NONE', *, *, #4459, .T. ) ;
#4563 = AXIS2_PLACEMENT_3D ( 'NONE', #10003, #848, #899 ) ;
#4564 = CARTESIAN_POINT ( 'NONE',  ( 0.000000000000000000, 29.99999999999999289, 30.39999999999999147 ) ) ;
#4565 = CARTESIAN_POINT ( 'NONE',  ( 0.000000000000000000, 14.24999999999999822, 0.000000000000000000 ) ) ;
#4566 = DIRECTION ( 'NONE',  ( -0.000000000000000000, -1.000000000000000000, -0.000000000000000000 ) ) ;
#4567 = DIRECTION ( 'NONE',  ( -1.000000000000000000, 0.000000000000000000, 0.000000000000000000 ) ) ;
#4568 = DIRECTION ( 'NONE',  ( -1.416100796715761603E-16, 0.000000000000000000, 1.000000000000000000 ) ) ;
#4569 = ORIENTED_EDGE ( 'NONE', *, *, #8468, .F. ) ;
#4570 = CARTESIAN_POINT ( 'NONE',  ( -18.75000000000000711, -31.75000000000000000, 22.60434383594886754 ) ) ;
#4571 = VECTOR ( 'NONE', #10990, 1000.000000000000000 ) ;
#4572 = CARTESIAN_POINT ( 'NONE',  ( -28.74999999999999645, 19.99999999999998934, 56.00000000000000711 ) ) ;
#4573 = VERTEX_POINT ( 'NONE', #724 ) ;
#4574 = ORIENTED_EDGE ( 'NONE', *, *, #11728, .T. ) ;
#4575 = FACE_OUTER_BOUND ( 'NONE', #3803, .T. ) ;
#4576 = CIRCLE ( 'NONE', #3736, 0.5000000000000004441 ) ;
#4577 = VECTOR ( 'NONE', #3063, 1000.000000000000000 ) ;
#4578 = EDGE_CURVE ( 'NONE', #1456, #5248, #9887, .T. ) ;
#4579 = CARTESIAN_POINT ( 'NONE',  ( 0.000000000000000000, 26.99999999999999289, 30.39999999999999147 ) ) ;
#4580 = DIRECTION ( 'NONE',  ( 5.419967903044370084E-17, 0.9205817818752560777, 0.3905498468561707792 ) ) ;
#4581 = CIRCLE ( 'NONE', #2891, 1.500000000000001332 ) ;
#4582 = EDGE_CURVE ( 'NONE', #9829, #2976, #7954, .T. ) ;
#4583 = FACE_OUTER_BOUND ( 'NONE', #10836, .T. ) ;
#4584 = EDGE_CURVE ( 'NONE', #2943, #4401, #4715, .T. ) ;
#4585 = DIRECTION ( 'NONE',  ( 1.000000000000000000, -0.000000000000000000, -2.891205793294679312E-16 ) ) ;
#4586 = LINE ( 'NONE', #4391, #8000 ) ;
#4587 = VECTOR ( 'NONE', #9388, 1000.000000000000000 ) ;
#4588 = AXIS2_PLACEMENT_3D ( 'NONE', #2130, #298, #5311 ) ;
#4589 = CARTESIAN_POINT ( 'NONE',  ( 0.000000000000000000, 26.99999999999999289, 32.39999999999999858 ) ) ;
#4590 = ORIENTED_EDGE ( 'NONE', *, *, #3178, .F. ) ;
#4591 = EDGE_LOOP ( 'NONE', ( #12206, #4147, #11164, #3859 ) ) ;
#4592 = ORIENTED_EDGE ( 'NONE', *, *, #1549, .T. ) ;
#4593 = CIRCLE ( 'NONE', #6287, 2.000000000000003109 ) ;
#4594 = VERTEX_POINT ( 'NONE', #1853 ) ;
#4595 = ORIENTED_EDGE ( 'NONE', *, *, #10349, .T. ) ;
#4596 = ORIENTED_EDGE ( 'NONE', *, *, #2449, .T. ) ;
#4597 = AXIS2_PLACEMENT_3D ( 'NONE', #8002, #12921, #5956 ) ;
#4598 = VECTOR ( 'NONE', #1972, 1000.000000000000000 ) ;
#4599 = CARTESIAN_POINT ( 'NONE',  ( -28.74999999999999645, 0.000000000000000000, 67.51000000000000512 ) ) ;
#4600 = ORIENTED_EDGE ( 'NONE', *, *, #8131, .F. ) ;
#4601 = CIRCLE ( 'NONE', #6297, 2.500000000000002220 ) ;
#4602 = DIRECTION ( 'NONE',  ( 0.000000000000000000, 0.000000000000000000, -1.000000000000000000 ) ) ;
#4603 = PLANE ( 'NONE',  #1804 ) ;
#4604 = VECTOR ( 'NONE', #6628, 1000.000000000000000 ) ;
#4605 = CARTESIAN_POINT ( 'NONE',  ( -38.00000000000003553, 26.99999999999999289, 56.00000000000000000 ) ) ;
#4606 = DIRECTION ( 'NONE',  ( -0.000000000000000000, 1.000000000000000000, -0.000000000000000000 ) ) ;
#4607 = VECTOR ( 'NONE', #510, 1000.000000000000000 ) ;
#4608 = DIRECTION ( 'NONE',  ( 0.000000000000000000, 0.000000000000000000, 1.000000000000000000 ) ) ;
#4609 = PLANE ( 'NONE',  #1246 ) ;
#4610 = PLANE ( 'NONE',  #8406 ) ;
#4611 = VERTEX_POINT ( 'NONE', #863 ) ;
#4612 = VECTOR ( 'NONE', #6595, 1000.000000000000000 ) ;
#4613 = PLANE ( 'NONE',  #7589 ) ;
#4614 = VECTOR ( 'NONE', #11070, 1000.000000000000000 ) ;
#4615 = CARTESIAN_POINT ( 'NONE',  ( 42.00000000000002842, 29.99999999999999289, -3.000000000000000000 ) ) ;
#4616 = AXIS2_PLACEMENT_3D ( 'NONE', #7425, #5239, #7226 ) ;
#4617 = VECTOR ( 'NONE', #2684, 1000.000000000000000 ) ;
#4618 = DIRECTION ( 'NONE',  ( 1.000000000000000000, 0.000000000000000000, -6.195440985631457782E-17 ) ) ;
#4619 = ORIENTED_EDGE ( 'NONE', *, *, #6682, .F. ) ;
#4620 = EDGE_LOOP ( 'NONE', ( #3459, #10345, #8487, #309 ) ) ;
#4621 = AXIS2_PLACEMENT_3D ( 'NONE', #9576, #12757, #10646 ) ;
#4622 = CARTESIAN_POINT ( 'NONE',  ( 32.74999999999983658, -16.00000000000000711, -11.50000000000000000 ) ) ;
#4623 = VECTOR ( 'NONE', #6235, 1000.000000000000000 ) ;
#4624 = LINE ( 'NONE', #12715, #135 ) ;
#4625 = LINE ( 'NONE', #12637, #798 ) ;
#4626 = DIRECTION ( 'NONE',  ( -1.000000000000000000, 0.000000000000000000, 0.000000000000000000 ) ) ;
#4627 = EDGE_CURVE ( 'NONE', #2659, #10206, #5046, .T. ) ;
#4628 = LINE ( 'NONE', #6615, #3363 ) ;
#4629 = AXIS2_PLACEMENT_3D ( 'NONE', #5971, #1919, #2040 ) ;
#4630 = DIRECTION ( 'NONE',  ( 0.000000000000000000, 0.000000000000000000, 1.000000000000000000 ) ) ;
#4631 = CIRCLE ( 'NONE', #9500, 0.5000000000000004441 ) ;
#4632 = ORIENTED_EDGE ( 'NONE', *, *, #12159, .T. ) ;
#4633 = DIRECTION ( 'NONE',  ( 0.000000000000000000, 1.000000000000000000, 0.000000000000000000 ) ) ;
#4634 = DIRECTION ( 'NONE',  ( -0.000000000000000000, 0.000000000000000000, -1.000000000000000000 ) ) ;
#4635 = AXIS2_PLACEMENT_3D ( 'NONE', #9534, #10525, #4224 ) ;
#4636 = ORIENTED_EDGE ( 'NONE', *, *, #694, .F. ) ;
#4637 = ORIENTED_EDGE ( 'NONE', *, *, #1790, .T. ) ;
#4638 = CARTESIAN_POINT ( 'NONE',  ( 46.00000000000004263, 29.99999999999999289, -0.000000000000000000 ) ) ;
#4639 = AXIS2_PLACEMENT_3D ( 'NONE', #3560, #5688, #6753 ) ;
#4640 = ORIENTED_EDGE ( 'NONE', *, *, #13099, .F. ) ;
#4641 = VERTEX_POINT ( 'NONE', #8964 ) ;
#4642 = VECTOR ( 'NONE', #9889, 1000.000000000000000 ) ;
#4643 = CARTESIAN_POINT ( 'NONE',  ( 89.99999999999994316, 21.65685424949236904, 8.343145750507616754 ) ) ;
#4644 = LINE ( 'NONE', #12790, #12021 ) ;
#4645 = CARTESIAN_POINT ( 'NONE',  ( 0.000000000000000000, -52.50000000000000711, 0.000000000000000000 ) ) ;
#4646 = VECTOR ( 'NONE', #7577, 1000.000000000000000 ) ;
#4647 = DIRECTION ( 'NONE',  ( -0.000000000000000000, -1.000000000000000000, 0.000000000000000000 ) ) ;
#4648 = CARTESIAN_POINT ( 'NONE',  ( 22.00000000000003197, 14.24999999999999822, 3.000000000000004441 ) ) ;
#4649 = ADVANCED_FACE ( 'NONE', ( #8821 ), #12999, .T. ) ;
#4650 = CARTESIAN_POINT ( 'NONE',  ( -49.40000000000004832, 26.99999999999999289, 45.99999999999999289 ) ) ;
#4651 = DIRECTION ( 'NONE',  ( 0.000000000000000000, -0.4224229034221534951, -0.9063988584858202469 ) ) ;
#4652 = VECTOR ( 'NONE', #8985, 1000.000000000000000 ) ;
#4653 = VERTEX_POINT ( 'NONE', #8757 ) ;
#4654 = DIRECTION ( 'NONE',  ( 1.416100796715761603E-16, 0.000000000000000000, 1.000000000000000000 ) ) ;
#4655 = ORIENTED_EDGE ( 'NONE', *, *, #3372, .F. ) ;
#4656 = DIRECTION ( 'NONE',  ( -0.000000000000000000, 0.000000000000000000, 1.000000000000000000 ) ) ;
#4657 = ADVANCED_FACE ( 'NONE', ( #3708 ), #1779, .F. ) ;
#4658 = DIRECTION ( 'NONE',  ( 0.000000000000000000, 0.000000000000000000, -1.000000000000000000 ) ) ;
#4659 = ORIENTED_EDGE ( 'NONE', *, *, #4295, .T. ) ;
#4660 = EDGE_LOOP ( 'NONE', ( #4600, #12097, #5798, #11495 ) ) ;
#4661 = EDGE_CURVE ( 'NONE', #7445, #12518, #11946, .T. ) ;
#4662 = LINE ( 'NONE', #8504, #4818 ) ;
#4663 = LINE ( 'NONE', #11836, #7113 ) ;
#4664 = AXIS2_PLACEMENT_3D ( 'NONE', #7318, #10258, #11389 ) ;
#4665 = CARTESIAN_POINT ( 'NONE',  ( 66.00000000000002842, 26.99999999999999289, 58.00000000000001421 ) ) ;
#4666 = LINE ( 'NONE', #10974, #5238 ) ;
#4667 = EDGE_CURVE ( 'NONE', #10847, #2194, #6699, .T. ) ;
#4668 = DIRECTION ( 'NONE',  ( -0.000000000000000000, 1.000000000000000000, -0.000000000000000000 ) ) ;
#4669 = ORIENTED_EDGE ( 'NONE', *, *, #10338, .T. ) ;
#4670 = ORIENTED_EDGE ( 'NONE', *, *, #2487, .F. ) ;
#4671 = ORIENTED_EDGE ( 'NONE', *, *, #2184, .T. ) ;
#4672 = DIRECTION ( 'NONE',  ( 0.3162277660168377191, -0.9486832980505138790, -0.000000000000000000 ) ) ;
#4673 = ORIENTED_EDGE ( 'NONE', *, *, #7371, .T. ) ;
#4674 = ORIENTED_EDGE ( 'NONE', *, *, #8717, .F. ) ;
#4675 = ORIENTED_EDGE ( 'NONE', *, *, #799, .T. ) ;
#4676 = DIRECTION ( 'NONE',  ( -0.000000000000000000, 1.000000000000000000, -0.000000000000000000 ) ) ;
#4677 = ORIENTED_EDGE ( 'NONE', *, *, #849, .T. ) ;
#4678 = DIRECTION ( 'NONE',  ( 1.000000000000000000, -0.000000000000000000, 0.000000000000000000 ) ) ;
#4679 = CARTESIAN_POINT ( 'NONE',  ( -46.00000000000004263, 26.99999999999999289, 8.000000000000000000 ) ) ;
#4680 = DIRECTION ( 'NONE',  ( -1.000000000000000000, 0.000000000000000000, 0.000000000000000000 ) ) ;
#4681 = DIRECTION ( 'NONE',  ( 1.000000000000000000, 0.000000000000000000, -1.734723475976807094E-15 ) ) ;
#4682 = CARTESIAN_POINT ( 'NONE',  ( -18.75000000000000355, -30.00000000000001066, 60.00000000000000711 ) ) ;
#4683 = DIRECTION ( 'NONE',  ( 1.000000000000000000, -0.000000000000000000, 0.000000000000000000 ) ) ;
#4684 = FACE_BOUND ( 'NONE', #9346, .T. ) ;
#4685 = ORIENTED_EDGE ( 'NONE', *, *, #10650, .T. ) ;
#4686 = EDGE_CURVE ( 'NONE', #3525, #528, #10757, .T. ) ;
#4687 = DIRECTION ( 'NONE',  ( 0.000000000000000000, 0.000000000000000000, 1.000000000000000000 ) ) ;
#4688 = ORIENTED_EDGE ( 'NONE', *, *, #3393, .T. ) ;
#4689 = ADVANCED_FACE ( 'NONE', ( #5779, #7840 ), #11894, .F. ) ;
#4690 = CARTESIAN_POINT ( 'NONE',  ( 24.00000000000003197, 19.99999999999999289, -33.25000000000000000 ) ) ;
#4691 = ORIENTED_EDGE ( 'NONE', *, *, #4056, .F. ) ;
#4692 = ORIENTED_EDGE ( 'NONE', *, *, #5827, .F. ) ;
#4693 = CARTESIAN_POINT ( 'NONE',  ( -64.00000000000001421, 26.99999999999999289, 56.00000000000000000 ) ) ;
#4694 = CARTESIAN_POINT ( 'NONE',  ( 47.40000000000004121, 29.99999999999999289, 58.00000000000000000 ) ) ;
#4695 = CYLINDRICAL_SURFACE ( 'NONE', #1398, 4.000000000000003553 ) ;
#4696 = DIRECTION ( 'NONE',  ( -0.000000000000000000, 1.000000000000000000, -0.000000000000000000 ) ) ;
#4697 = DIRECTION ( 'NONE',  ( 0.000000000000000000, 1.000000000000000000, 0.000000000000000000 ) ) ;
#4698 = ORIENTED_EDGE ( 'NONE', *, *, #3267, .T. ) ;
#4699 = APPLICATION_PROTOCOL_DEFINITION ( 'draft international standard', 'automotive_design', 1998, #4083 ) ;
#4700 = DIRECTION ( 'NONE',  ( 1.000000000000000000, 0.000000000000000000, -0.000000000000000000 ) ) ;
#4701 = EDGE_CURVE ( 'NONE', #9573, #4078, #8905, .T. ) ;
#4702 = LINE ( 'NONE', #10470, #10160 ) ;
#4703 = VERTEX_POINT ( 'NONE', #12422 ) ;
#4704 = ORIENTED_EDGE ( 'NONE', *, *, #12939, .F. ) ;
#4705 = PLANE ( 'NONE',  #7771 ) ;
#4706 = ADVANCED_FACE ( 'NONE', ( #11459 ), #3351, .T. ) ;
#4707 = ORIENTED_EDGE ( 'NONE', *, *, #3648, .F. ) ;
#4708 = ORIENTED_EDGE ( 'NONE', *, *, #2679, .F. ) ;
#4709 = DIRECTION ( 'NONE',  ( -1.000000000000000000, 3.469446951953614189E-16, 0.000000000000000000 ) ) ;
#4710 = LINE ( 'NONE', #2377, #1197 ) ;
#4711 = DIRECTION ( 'NONE',  ( -0.000000000000000000, -1.000000000000000000, -0.000000000000000000 ) ) ;
#4712 = DIRECTION ( 'NONE',  ( 0.000000000000000000, 0.000000000000000000, 1.000000000000000000 ) ) ;
#4713 = LINE ( 'NONE', #9611, #9717 ) ;
#4714 = DIRECTION ( 'NONE',  ( -0.000000000000000000, -1.000000000000000000, -0.000000000000000000 ) ) ;
#4715 = LINE ( 'NONE', #1564, #6533 ) ;
#4716 = DIRECTION ( 'NONE',  ( 0.000000000000000000, 0.000000000000000000, 1.000000000000000000 ) ) ;
#4717 = CARTESIAN_POINT ( 'NONE',  ( -23.75000000000000000, 19.99999999999998934, 13.85000000000000142 ) ) ;
#4718 = ORIENTED_EDGE ( 'NONE', *, *, #9993, .T. ) ;
#4719 = VERTEX_POINT ( 'NONE', #1922 ) ;
#4720 = ADVANCED_FACE ( 'NONE', ( #1344 ), #4975, .T. ) ;
#4721 = EDGE_CURVE ( 'NONE', #9797, #13013, #4851, .T. ) ;
#4722 = EDGE_CURVE ( 'NONE', #5461, #3234, #9442, .T. ) ;
#4723 = CARTESIAN_POINT ( 'NONE',  ( -34.00000000000002842, 29.99999999999999289, 0.000000000000000000 ) ) ;
#4724 = CARTESIAN_POINT ( 'NONE',  ( 35.74999999999983658, -28.00000000000000355, -27.00000000000000711 ) ) ;
#4725 = EDGE_CURVE ( 'NONE', #9222, #12300, #275, .T. ) ;
#4726 = CARTESIAN_POINT ( 'NONE',  ( -23.75000000000000000, -20.49999999999991473, 50.50000000000000000 ) ) ;
#4727 = DIRECTION ( 'NONE',  ( 0.000000000000000000, 0.000000000000000000, -1.000000000000000000 ) ) ;
#4728 = EDGE_CURVE ( 'NONE', #3711, #9577, #9253, .T. ) ;
#4729 = FACE_OUTER_BOUND ( 'NONE', #6543, .T. ) ;
#4730 = ORIENTED_EDGE ( 'NONE', *, *, #8705, .F. ) ;
#4731 = ORIENTED_EDGE ( 'NONE', *, *, #6608, .F. ) ;
#4732 = ORIENTED_EDGE ( 'NONE', *, *, #6373, .T. ) ;
#4733 = VERTEX_POINT ( 'NONE', #8471 ) ;
#4734 = EDGE_CURVE ( 'NONE', #3237, #4907, #11036, .T. ) ;
#4735 = EDGE_LOOP ( 'NONE', ( #1064, #2103, #12738, #8805 ) ) ;
#4736 = ORIENTED_EDGE ( 'NONE', *, *, #9101, .F. ) ;
#4737 = FACE_OUTER_BOUND ( 'NONE', #1795, .T. ) ;
#4738 = ORIENTED_EDGE ( 'NONE', *, *, #1959, .F. ) ;
#4739 = CARTESIAN_POINT ( 'NONE',  ( -23.74999999999998934, 4.999999999999990230, 10.00000000000000000 ) ) ;
#4740 = DIRECTION ( 'NONE',  ( -1.000000000000000000, -0.000000000000000000, -0.000000000000000000 ) ) ;
#4741 = DIRECTION ( 'NONE',  ( 0.000000000000000000, 0.000000000000000000, -1.000000000000000000 ) ) ;
#4742 = CARTESIAN_POINT ( 'NONE',  ( -58.25000000000019185, 10.50000000000008527, 18.00000000000000355 ) ) ;
#4743 = CARTESIAN_POINT ( 'NONE',  ( -38.00000000000004263, 26.99999999999999289, 54.00000000000000000 ) ) ;
#4744 = CARTESIAN_POINT ( 'NONE',  ( -23.75000000000000000, -20.49999999999991473, 50.50000000000000000 ) ) ;
#4745 = DIRECTION ( 'NONE',  ( 0.000000000000000000, 0.000000000000000000, 1.000000000000000000 ) ) ;
#4746 = ORIENTED_EDGE ( 'NONE', *, *, #3619, .T. ) ;
#4747 = LINE ( 'NONE', #12504, #586 ) ;
#4748 = ORIENTED_EDGE ( 'NONE', *, *, #3507, .F. ) ;
#4749 = LINE ( 'NONE', #8529, #3959 ) ;
#4750 = ORIENTED_EDGE ( 'NONE', *, *, #5208, .T. ) ;
#4751 = ORIENTED_EDGE ( 'NONE', *, *, #15, .T. ) ;
#4752 = CARTESIAN_POINT ( 'NONE',  ( 24.00000000000002487, -6.284281271463158103E-15, -33.25000000000000000 ) ) ;
#4753 = DIRECTION ( 'NONE',  ( 0.000000000000000000, 0.000000000000000000, 1.000000000000000000 ) ) ;
#4754 = CARTESIAN_POINT ( 'NONE',  ( 9.499999999999840128, 19.99999999999999289, -36.75000000000013500 ) ) ;
#4755 = CARTESIAN_POINT ( 'NONE',  ( -66.00000000000002842, 26.99999999999999289, 59.87298334620741969 ) ) ;
#4756 = EDGE_CURVE ( 'NONE', #8088, #10930, #6344, .T. ) ;
#4757 = CARTESIAN_POINT ( 'NONE',  ( -28.74999999999999645, 19.99999999999998934, 10.00000000000000000 ) ) ;
#4758 = ORIENTED_EDGE ( 'NONE', *, *, #4507, .T. ) ;
#4759 = CARTESIAN_POINT ( 'NONE',  ( 0.000000000000000000, 29.99999999999999289, 44.59999999999999432 ) ) ;
#4760 = DIRECTION ( 'NONE',  ( -1.000000000000000000, 0.000000000000000000, 0.000000000000000000 ) ) ;
#4761 = ORIENTED_EDGE ( 'NONE', *, *, #5795, .F. ) ;
#4762 = ORIENTED_EDGE ( 'NONE', *, *, #10842, .T. ) ;
#4763 = LINE ( 'NONE', #713, #1186 ) ;
#4764 = VERTEX_POINT ( 'NONE', #219 ) ;
#4765 = EDGE_LOOP ( 'NONE', ( #3681, #649, #3883, #8249 ) ) ;
#4766 = ORIENTED_EDGE ( 'NONE', *, *, #2037, .F. ) ;
#4767 = DIRECTION ( 'NONE',  ( 1.000000000000000000, 0.000000000000000000, 0.000000000000000000 ) ) ;
#4768 = ADVANCED_FACE ( 'NONE', ( #1287 ), #8273, .T. ) ;
#4769 = CARTESIAN_POINT ( 'NONE',  ( -46.00000000000004263, 29.99999999999999289, 30.39999999999999147 ) ) ;
#4770 = PLANE ( 'NONE',  #7769 ) ;
#4771 = PLANE ( 'NONE',  #6113 ) ;
#4772 = CARTESIAN_POINT ( 'NONE',  ( 28.75000000000000000, 25.43769491959958273, 11.85511747251642767 ) ) ;
#4773 = LINE ( 'NONE', #2727, #10772 ) ;
#4774 = FACE_OUTER_BOUND ( 'NONE', #3209, .T. ) ;
#4775 = CARTESIAN_POINT ( 'NONE',  ( -34.00000000000002842, 26.99999999999999289, 32.39999999999999858 ) ) ;
#4776 = DIRECTION ( 'NONE',  ( 0.000000000000000000, 0.000000000000000000, 1.000000000000000000 ) ) ;
#4777 = ORIENTED_EDGE ( 'NONE', *, *, #358, .F. ) ;
#4778 = VERTEX_POINT ( 'NONE', #3275 ) ;
#4779 = VECTOR ( 'NONE', #4315, 1000.000000000000000 ) ;
#4780 = CARTESIAN_POINT ( 'NONE',  ( 30.00000000000000000, -0.9999999999999579225, -40.00000000000000000 ) ) ;
#4781 = CARTESIAN_POINT ( 'NONE',  ( -70.00000000000000000, 29.99999999999999289, -11.49999999999999822 ) ) ;
#4782 = PLANE ( 'NONE',  #2452 ) ;
#4783 = AXIS2_PLACEMENT_3D ( 'NONE', #12141, #1178, #10089 ) ;
#4784 = EDGE_CURVE ( 'NONE', #1456, #10062, #11385, .T. ) ;
#4785 = EDGE_CURVE ( 'NONE', #7855, #374, #5283, .T. ) ;
#4786 = DIRECTION ( 'NONE',  ( 1.387778780781445429E-16, 0.000000000000000000, 1.000000000000000000 ) ) ;
#4787 = EDGE_CURVE ( 'NONE', #5468, #10419, #10257, .T. ) ;
#4788 = CARTESIAN_POINT ( 'NONE',  ( -28.74999999999999645, -52.50000000000000711, 60.00000000000000711 ) ) ;
#4789 = CARTESIAN_POINT ( 'NONE',  ( -18.75000000000000355, 38.26999999999998892, 26.60434383594887109 ) ) ;
#4790 = ORIENTED_EDGE ( 'NONE', *, *, #7962, .T. ) ;
#4791 = VERTEX_POINT ( 'NONE', #6968 ) ;
#4792 = ORIENTED_EDGE ( 'NONE', *, *, #3316, .T. ) ;
#4793 = VECTOR ( 'NONE', #255, 1000.000000000000000 ) ;
#4794 = ORIENTED_EDGE ( 'NONE', *, *, #11309, .T. ) ;
#4795 = VECTOR ( 'NONE', #6837, 1000.000000000000000 ) ;
#4796 = VECTOR ( 'NONE', #882, 1000.000000000000000 ) ;
#4797 = EDGE_LOOP ( 'NONE', ( #9782, #9002, #9343, #2780 ) ) ;
#4798 = ORIENTED_EDGE ( 'NONE', *, *, #7868, .F. ) ;
#4799 = LINE ( 'NONE', #1108, #7352 ) ;
#4800 = EDGE_LOOP ( 'NONE', ( #9152, #5794, #7942, #2571 ) ) ;
#4801 = CARTESIAN_POINT ( 'NONE',  ( 49.40000000000004121, 26.99999999999999289, 58.00000000000000000 ) ) ;
#4802 = FACE_OUTER_BOUND ( 'NONE', #1292, .T. ) ;
#4803 = CARTESIAN_POINT ( 'NONE',  ( -62.90000000000005542, 26.99999999999999289, 0.000000000000000000 ) ) ;
#4804 = CARTESIAN_POINT ( 'NONE',  ( -31.00000000000004974, 26.99999999999999289, -5.377642775528110828E-14 ) ) ;
#4805 = VECTOR ( 'NONE', #10332, 1000.000000000000000 ) ;
#4806 = VECTOR ( 'NONE', #8650, 1000.000000000000000 ) ;
#4807 = CARTESIAN_POINT ( 'NONE',  ( 41.28400739769323735, -28.00000000000000355, -6.537702941632069553 ) ) ;
#4808 = LINE ( 'NONE', #9984, #12221 ) ;
#4809 = EDGE_CURVE ( 'NONE', #3233, #9329, #11198, .T. ) ;
#4810 = FACE_OUTER_BOUND ( 'NONE', #1185, .T. ) ;
#4811 = DIRECTION ( 'NONE',  ( -1.000000000000000000, 0.000000000000000000, 0.000000000000000000 ) ) ;
#4812 = VECTOR ( 'NONE', #13112, 1000.000000000000000 ) ;
#4813 = ORIENTED_EDGE ( 'NONE', *, *, #9360, .F. ) ;
#4814 = DIRECTION ( 'NONE',  ( 1.416100796715761356E-16, 0.000000000000000000, 1.000000000000000000 ) ) ;
#4815 = ADVANCED_FACE ( 'NONE', ( #5202 ), #10454, .F. ) ;
#4816 = AXIS2_PLACEMENT_3D ( 'NONE', #5217, #1098, #9269 ) ;
#4817 = CIRCLE ( 'NONE', #990, 2.000000000000002665 ) ;
#4818 = VECTOR ( 'NONE', #10633, 1000.000000000000000 ) ;
#4819 = CARTESIAN_POINT ( 'NONE',  ( -22.00000000000003197, 14.24999999999999822, -4.999999999999990230 ) ) ;
#4820 = VERTEX_POINT ( 'NONE', #6268 ) ;
#4821 = EDGE_CURVE ( 'NONE', #12720, #5702, #5470, .T. ) ;
#4822 = EDGE_LOOP ( 'NONE', ( #2703, #8512, #5535, #3488, #8350, #11215, #5973, #2666, #12410, #4272, #467, #7339 ) ) ;
#4823 = AXIS2_PLACEMENT_3D ( 'NONE', #6926, #10997, #5075 ) ;
#4824 = CARTESIAN_POINT ( 'NONE',  ( 32.74999999999983658, -16.00000000000000711, -22.50000000000000711 ) ) ;
#4825 = DIRECTION ( 'NONE',  ( 0.000000000000000000, 0.000000000000000000, 1.000000000000000000 ) ) ;
#4826 = FACE_OUTER_BOUND ( 'NONE', #2459, .T. ) ;
#4827 = VECTOR ( 'NONE', #12555, 999.9999999999998863 ) ;
#4828 = DIRECTION ( 'NONE',  ( -0.000000000000000000, 1.000000000000000000, -0.000000000000000000 ) ) ;
#4829 = AXIS2_PLACEMENT_3D ( 'NONE', #1236, #11209, #11399 ) ;
#4830 = EDGE_CURVE ( 'NONE', #10206, #499, #10324, .T. ) ;
#4831 = AXIS2_PLACEMENT_3D ( 'NONE', #8178, #1128, #6247 ) ;
#4832 = CARTESIAN_POINT ( 'NONE',  ( -23.75000000000000000, 10.50000000000008527, 19.50000000000000355 ) ) ;
#4833 = ORIENTED_EDGE ( 'NONE', *, *, #12988, .F. ) ;
#4834 = PLANE ( 'NONE',  #7747 ) ;
#4835 = AXIS2_PLACEMENT_3D ( 'NONE', #12776, #5413, #8734 ) ;
#4836 = VECTOR ( 'NONE', #3245, 1000.000000000000000 ) ;
#4837 = CARTESIAN_POINT ( 'NONE',  ( 24.00000000000002842, 6.749999999999995559, -33.25000000000000000 ) ) ;
#4838 = VERTEX_POINT ( 'NONE', #9325 ) ;
#4839 = EDGE_CURVE ( 'NONE', #10472, #1628, #9647, .T. ) ;
#4840 = DIRECTION ( 'NONE',  ( -1.000000000000000000, 0.000000000000000000, 0.000000000000000000 ) ) ;
#4841 = CIRCLE ( 'NONE', #8019, 4.000000000000000000 ) ;
#4842 = AXIS2_PLACEMENT_3D ( 'NONE', #2609, #10714, #1593 ) ;
#4843 = EDGE_CURVE ( 'NONE', #5063, #1551, #9587, .T. ) ;
#4844 = ORIENTED_EDGE ( 'NONE', *, *, #7532, .T. ) ;
#4845 = ORIENTED_EDGE ( 'NONE', *, *, #6406, .T. ) ;
#4846 = ORIENTED_EDGE ( 'NONE', *, *, #1385, .F. ) ;
#4847 = CYLINDRICAL_SURFACE ( 'NONE', #11837, 1.500000000000001332 ) ;
#4848 = VECTOR ( 'NONE', #2696, 1000.000000000000000 ) ;
#4849 = CARTESIAN_POINT ( 'NONE',  ( -28.74999999999999645, -30.00000000000001421, 60.00000000000000711 ) ) ;
#4850 = CARTESIAN_POINT ( 'NONE',  ( 0.000000000000000000, 26.99999999999999289, 56.00000000000000000 ) ) ;
#4851 = CIRCLE ( 'NONE', #5261, 4.000000000000000000 ) ;
#4852 = CARTESIAN_POINT ( 'NONE',  ( -23.75000000000000000, -30.00000000000001421, 25.15000000000000568 ) ) ;
#4853 = DIRECTION ( 'NONE',  ( -3.469446951953614189E-16, 1.000000000000000000, 0.000000000000000000 ) ) ;
#4854 = DIRECTION ( 'NONE',  ( 0.000000000000000000, 0.000000000000000000, 1.000000000000000000 ) ) ;
#4855 = EDGE_LOOP ( 'NONE', ( #3210, #6291, #3434 ) ) ;
#4856 = CIRCLE ( 'NONE', #7163, 4.000000000000010658 ) ;
#4857 = DIRECTION ( 'NONE',  ( 0.000000000000000000, -0.000000000000000000, 1.000000000000000000 ) ) ;
#4858 = CARTESIAN_POINT ( 'NONE',  ( 38.21923047520458994, -28.00000000000000355, -25.89102539600397179 ) ) ;
#4859 = DIRECTION ( 'NONE',  ( 0.000000000000000000, -1.000000000000000000, 0.000000000000000000 ) ) ;
#4860 = ORIENTED_EDGE ( 'NONE', *, *, #944, .F. ) ;
#4861 = VECTOR ( 'NONE', #90, 1000.000000000000000 ) ;
#4862 = VERTEX_POINT ( 'NONE', #482 ) ;
#4863 = ADVANCED_FACE ( 'NONE', ( #5544 ), #4613, .F. ) ;
#4864 = AXIS2_PLACEMENT_3D ( 'NONE', #7245, #2344, #9572 ) ;
#4865 = PLANE ( 'NONE',  #10312 ) ;
#4866 = DIRECTION ( 'NONE',  ( 0.000000000000000000, -0.000000000000000000, 1.000000000000000000 ) ) ;
#4867 = VECTOR ( 'NONE', #9801, 1000.000000000000000 ) ;
#4868 = VECTOR ( 'NONE', #8108, 1000.000000000000000 ) ;
#4869 = DIRECTION ( 'NONE',  ( 0.000000000000000000, 0.000000000000000000, -1.000000000000000000 ) ) ;
#4870 = CARTESIAN_POINT ( 'NONE',  ( 0.000000000000000000, 29.99999999999999289, 20.19999999999999574 ) ) ;
#4871 = FACE_OUTER_BOUND ( 'NONE', #6005, .T. ) ;
#4872 = VECTOR ( 'NONE', #8035, 1000.000000000000000 ) ;
#4873 = DIRECTION ( 'NONE',  ( 0.000000000000000000, -1.000000000000000000, -3.154042683594194627E-16 ) ) ;
#4874 = ORIENTED_EDGE ( 'NONE', *, *, #10197, .T. ) ;
#4875 = ORIENTED_EDGE ( 'NONE', *, *, #325, .F. ) ;
#4876 = VERTEX_POINT ( 'NONE', #3469 ) ;
#4877 = EDGE_CURVE ( 'NONE', #5364, #1307, #8728, .T. ) ;
#4878 = LINE ( 'NONE', #8921, #4646 ) ;
#4879 = ORIENTED_EDGE ( 'NONE', *, *, #975, .T. ) ;
#4880 = ORIENTED_EDGE ( 'NONE', *, *, #5967, .F. ) ;
#4881 = ORIENTED_EDGE ( 'NONE', *, *, #11023, .T. ) ;
#4882 = ADVANCED_FACE ( 'NONE', ( #2553 ), #6545, .F. ) ;
#4883 = EDGE_CURVE ( 'NONE', #1103, #3525, #10594, .T. ) ;
#4884 = ORIENTED_EDGE ( 'NONE', *, *, #1061, .F. ) ;
#4885 = LINE ( 'NONE', #12098, #5009 ) ;
#4886 = LINE ( 'NONE', #5128, #11345 ) ;
#4887 = AXIS2_PLACEMENT_3D ( 'NONE', #79, #11130, #8335 ) ;
#4888 = DIRECTION ( 'NONE',  ( 2.636779683484744575E-14, -0.000000000000000000, -1.000000000000000000 ) ) ;
#4889 = EDGE_CURVE ( 'NONE', #12220, #8570, #4540, .T. ) ;
#4890 = CARTESIAN_POINT ( 'NONE',  ( 23.74999999999982947, -15.00000000000001066, 25.15000000000000568 ) ) ;
#4891 = CARTESIAN_POINT ( 'NONE',  ( -23.74999999999998934, 4.999999999999990230, 10.00000000000000000 ) ) ;
#4892 = EDGE_LOOP ( 'NONE', ( #121, #2855, #10427, #4704, #10979, #494, #4467, #9559, #2769, #2153 ) ) ;
#4893 = CARTESIAN_POINT ( 'NONE',  ( -58.25000000000019185, 10.50000000000008527, 50.50000000000000000 ) ) ;
#4894 = DIRECTION ( 'NONE',  ( -0.000000000000000000, 1.000000000000000000, -0.000000000000000000 ) ) ;
#4895 = EDGE_CURVE ( 'NONE', #1538, #9222, #7670, .T. ) ;
#4896 = ORIENTED_EDGE ( 'NONE', *, *, #5795, .T. ) ;
#4897 = ORIENTED_EDGE ( 'NONE', *, *, #2559, .T. ) ;
#4898 = PLANE ( 'NONE',  #6515 ) ;
#4899 = DIRECTION ( 'NONE',  ( -0.000000000000000000, 0.000000000000000000, -1.000000000000000000 ) ) ;
#4900 = DIRECTION ( 'NONE',  ( 0.000000000000000000, 0.000000000000000000, 1.000000000000000000 ) ) ;
#4901 = ADVANCED_FACE ( 'NONE', ( #2616, #10800 ), #2481, .T. ) ;
#4902 = LINE ( 'NONE', #12923, #12464 ) ;
#4903 = PLANE ( 'NONE',  #6070 ) ;
#4904 = EDGE_LOOP ( 'NONE', ( #533, #436, #10700, #5880, #2011, #12889, #7489, #7818, #3254, #6915, #618 ) ) ;
#4905 = DIRECTION ( 'NONE',  ( 0.000000000000000000, 0.000000000000000000, -1.000000000000000000 ) ) ;
#4906 = LINE ( 'NONE', #6952, #3812 ) ;
#4907 = VERTEX_POINT ( 'NONE', #3544 ) ;
#4908 = ORIENTED_EDGE ( 'NONE', *, *, #781, .F. ) ;
#4909 = ORIENTED_EDGE ( 'NONE', *, *, #2935, .T. ) ;
#4910 = VERTEX_POINT ( 'NONE', #1478 ) ;
#4911 = CARTESIAN_POINT ( 'NONE',  ( 33.28076952479507611, -28.00000000000000355, -25.89102539600397890 ) ) ;
#4912 = DIRECTION ( 'NONE',  ( 1.000000000000000000, 0.000000000000000000, 0.000000000000000000 ) ) ;
#4913 = CARTESIAN_POINT ( 'NONE',  ( 44.00000000000003553, 29.99999999999999289, 20.19999999999999574 ) ) ;
#4914 = CARTESIAN_POINT ( 'NONE',  ( 0.000000000000000000, 29.99999999999999289, 56.00000000000000000 ) ) ;
#4915 = EDGE_CURVE ( 'NONE', #8323, #10599, #7599, .T. ) ;
#4916 = DIRECTION ( 'NONE',  ( 0.000000000000000000, 0.000000000000000000, -1.000000000000000000 ) ) ;
#4917 = VERTEX_POINT ( 'NONE', #1683 ) ;
#4918 = EDGE_CURVE ( 'NONE', #7270, #4265, #3416, .T. ) ;
#4919 = DIRECTION ( 'NONE',  ( 0.000000000000000000, 0.000000000000000000, -1.000000000000000000 ) ) ;
#4920 = LINE ( 'NONE', #8965, #9517 ) ;
#4921 = DIRECTION ( 'NONE',  ( 0.000000000000000000, 0.000000000000000000, 1.000000000000000000 ) ) ;
#4922 = EDGE_LOOP ( 'NONE', ( #3862, #4008, #651, #3915 ) ) ;
#4923 = VERTEX_POINT ( 'NONE', #6607 ) ;
#4924 = LINE ( 'NONE', #5982, #127 ) ;
#4925 = PLANE ( 'NONE',  #12611 ) ;
#4926 = ADVANCED_FACE ( 'NONE', ( #5598 ), #547, .F. ) ;
#4927 = EDGE_CURVE ( 'NONE', #2962, #9937, #6665, .T. ) ;
#4928 = DIRECTION ( 'NONE',  ( 1.000000000000000000, -0.000000000000000000, -0.000000000000000000 ) ) ;
#4929 = EDGE_CURVE ( 'NONE', #6652, #3025, #1601, .T. ) ;
#4930 = CYLINDRICAL_SURFACE ( 'NONE', #3550, 2.500000000000002220 ) ;
#4931 = DIRECTION ( 'NONE',  ( 0.000000000000000000, 0.000000000000000000, 1.000000000000000000 ) ) ;
#4932 = DIRECTION ( 'NONE',  ( -0.000000000000000000, 0.000000000000000000, 1.000000000000000000 ) ) ;
#4933 = DIRECTION ( 'NONE',  ( 0.000000000000000000, 0.000000000000000000, 1.000000000000000000 ) ) ;
#4934 = ORIENTED_EDGE ( 'NONE', *, *, #9310, .T. ) ;
#4935 = VERTEX_POINT ( 'NONE', #6738 ) ;
#4936 = ORIENTED_EDGE ( 'NONE', *, *, #4345, .F. ) ;
#4937 = ORIENTED_EDGE ( 'NONE', *, *, #9129, .T. ) ;
#4938 = ORIENTED_EDGE ( 'NONE', *, *, #4137, .F. ) ;
#4939 = VERTEX_POINT ( 'NONE', #5749 ) ;
#4940 = CARTESIAN_POINT ( 'NONE',  ( 60.90000000000003411, 26.99999999999999289, 58.00000000000000000 ) ) ;
#4941 = FACE_OUTER_BOUND ( 'NONE', #2542, .T. ) ;
#4942 = CARTESIAN_POINT ( 'NONE',  ( 46.00000000000004974, 29.99999999999999289, 44.59999999999999432 ) ) ;
#4943 = EDGE_CURVE ( 'NONE', #4081, #758, #4747, .T. ) ;
#4944 = DIRECTION ( 'NONE',  ( 1.000000000000000000, -0.000000000000000000, -0.000000000000000000 ) ) ;
#4945 = DIRECTION ( 'NONE',  ( 0.000000000000000000, 0.000000000000000000, 1.000000000000000000 ) ) ;
#4946 = VERTEX_POINT ( 'NONE', #5481 ) ;
#4947 = ADVANCED_FACE ( 'NONE', ( #10515 ), #7991, .T. ) ;
#4948 = FACE_BOUND ( 'NONE', #12781, .T. ) ;
#4949 = ORIENTED_EDGE ( 'NONE', *, *, #6427, .F. ) ;
#4950 = LINE ( 'NONE', #11066, #3323 ) ;
#4951 = ORIENTED_EDGE ( 'NONE', *, *, #6757, .F. ) ;
#4952 = ORIENTED_EDGE ( 'NONE', *, *, #1711, .F. ) ;
#4953 = CYLINDRICAL_SURFACE ( 'NONE', #8633, 1.500000000000001332 ) ;
#4954 = DIRECTION ( 'NONE',  ( -0.000000000000000000, 1.000000000000000000, -0.000000000000000000 ) ) ;
#4955 = DIRECTION ( 'NONE',  ( 0.000000000000000000, 0.000000000000000000, 1.000000000000000000 ) ) ;
#4956 = DIRECTION ( 'NONE',  ( 0.000000000000000000, 0.000000000000000000, -1.000000000000000000 ) ) ;
#4957 = LINE ( 'NONE', #7014, #3936 ) ;
#4958 = EDGE_LOOP ( 'NONE', ( #13148, #5150, #9807, #5952 ) ) ;
#4959 = CARTESIAN_POINT ( 'NONE',  ( 14.30000000000000782, -43.50000000000000711, 55.00000000000000711 ) ) ;
#4960 = EDGE_CURVE ( 'NONE', #8582, #9780, #5924, .T. ) ;
#4961 = LINE ( 'NONE', #11989, #2108 ) ;
#4962 = ORIENTED_EDGE ( 'NONE', *, *, #5048, .F. ) ;
#4963 = CARTESIAN_POINT ( 'NONE',  ( 23.75000000000000000, -33.65328382624345238, 15.68395384711746310 ) ) ;
#4964 = EDGE_CURVE ( 'NONE', #12091, #6914, #6001, .T. ) ;
#4965 = ORIENTED_EDGE ( 'NONE', *, *, #10167, .T. ) ;
#4966 = ORIENTED_EDGE ( 'NONE', *, *, #228, .F. ) ;
#4967 =( LENGTH_UNIT ( ) NAMED_UNIT ( * ) SI_UNIT ( .MILLI., .METRE. ) );
#4968 = CARTESIAN_POINT ( 'NONE',  ( -14.30000000000000426, 38.26999999999998892, 51.00000000000000000 ) ) ;
#4969 = CARTESIAN_POINT ( 'NONE',  ( -28.75000000000000355, 29.99999999999999289, 3.000000000000009770 ) ) ;
#4970 = DIRECTION ( 'NONE',  ( -0.000000000000000000, -0.000000000000000000, -1.000000000000000000 ) ) ;
#4971 = DIRECTION ( 'NONE',  ( -0.3162277660168376081, -0.9486832980505138790, 0.000000000000000000 ) ) ;
#4972 = DIRECTION ( 'NONE',  ( -1.000000000000000000, 0.000000000000000000, -1.416100796715761356E-16 ) ) ;
#4973 = ORIENTED_EDGE ( 'NONE', *, *, #2123, .T. ) ;
#4974 = EDGE_CURVE ( 'NONE', #8820, #3237, #2882, .T. ) ;
#4975 = CYLINDRICAL_SURFACE ( 'NONE', #3146, 2.000000000000001776 ) ;
#4976 = FACE_OUTER_BOUND ( 'NONE', #6566, .T. ) ;
#4977 = ORIENTED_EDGE ( 'NONE', *, *, #12982, .T. ) ;
#4978 = EDGE_LOOP ( 'NONE', ( #8792, #9127, #1095, #10822, #1263, #3231, #8492, #9730, #10035, #6808, #3664, #9236, #3033 ) ) ;
#4979 = ORIENTED_EDGE ( 'NONE', *, *, #6007, .F. ) ;
#4980 = ADVANCED_FACE ( 'NONE', ( #11000 ), #9855, .T. ) ;
#4981 = DIRECTION ( 'NONE',  ( 0.000000000000000000, 0.000000000000000000, 1.000000000000000000 ) ) ;
#4982 = DIRECTION ( 'NONE',  ( -1.000000000000000000, 0.000000000000000000, 0.000000000000000000 ) ) ;
#4983 = CARTESIAN_POINT ( 'NONE',  ( -34.00000000000001421, 26.99999999999999289, 3.000000000000005773 ) ) ;
#4984 = CARTESIAN_POINT ( 'NONE',  ( -33.00000000000004263, 29.99999999999999289, -4.999999999999999112 ) ) ;
#4985 = VECTOR ( 'NONE', #5728, 1000.000000000000000 ) ;
#4986 = DIRECTION ( 'NONE',  ( 1.000000000000000000, -0.000000000000000000, 0.000000000000000000 ) ) ;
#4987 = EDGE_LOOP ( 'NONE', ( #12752, #6896, #8432, #8731 ) ) ;
#4988 = VERTEX_POINT ( 'NONE', #2826 ) ;
#4989 = ORIENTED_EDGE ( 'NONE', *, *, #11868, .T. ) ;
#4990 = ADVANCED_FACE ( 'NONE', ( #888, #4948, #7002, #9989 ), #5879, .T. ) ;
#4991 = VERTEX_POINT ( 'NONE', #11118 ) ;
#4992 = ORIENTED_EDGE ( 'NONE', *, *, #4308, .F. ) ;
#4993 = EDGE_CURVE ( 'NONE', #3949, #328, #4631, .T. ) ;
#4994 = DIRECTION ( 'NONE',  ( 0.000000000000000000, 1.000000000000000000, -0.000000000000000000 ) ) ;
#4995 = CARTESIAN_POINT ( 'NONE',  ( -23.74999999999999645, -15.00000000000001066, 60.00000000000000711 ) ) ;
#4996 = AXIS2_PLACEMENT_3D ( 'NONE', #10056, #2970, #2896 ) ;
#4997 = DIRECTION ( 'NONE',  ( -0.000000000000000000, 1.000000000000000000, -0.000000000000000000 ) ) ;
#4998 = FACE_OUTER_BOUND ( 'NONE', #5549, .T. ) ;
#4999 = CARTESIAN_POINT ( 'NONE',  ( -60.90000000000003411, 26.99999999999999289, 58.00000000000000000 ) ) ;
#5000 = DIRECTION ( 'NONE',  ( -0.000000000000000000, -1.000000000000000000, 4.625929269271485914E-16 ) ) ;
#5001 = FACE_OUTER_BOUND ( 'NONE', #2333, .T. ) ;
#5002 = VECTOR ( 'NONE', #9815, 1000.000000000000000 ) ;
#5003 = ORIENTED_EDGE ( 'NONE', *, *, #4459, .F. ) ;
#5004 = CARTESIAN_POINT ( 'NONE',  ( 49.40000000000004832, 29.99999999999999289, 45.99999999999999289 ) ) ;
#5005 = FACE_OUTER_BOUND ( 'NONE', #10066, .T. ) ;
#5006 = AXIS2_PLACEMENT_3D ( 'NONE', #8856, #4680, #3535 ) ;
#5007 = VERTEX_POINT ( 'NONE', #9931 ) ;
#5008 = ORIENTED_EDGE ( 'NONE', *, *, #9291, .F. ) ;
#5009 = VECTOR ( 'NONE', #9039, 1000.000000000000000 ) ;
#5010 = FACE_BOUND ( 'NONE', #5059, .T. ) ;
#5011 = VECTOR ( 'NONE', #563, 1000.000000000000000 ) ;
#5012 = CARTESIAN_POINT ( 'NONE',  ( 23.75000000000000000, -30.00000000000001421, 56.15000000000000568 ) ) ;
#5013 = CARTESIAN_POINT ( 'NONE',  ( -46.00000000000004263, 29.99999999999999289, 0.000000000000000000 ) ) ;
#5014 = DIRECTION ( 'NONE',  ( 0.000000000000000000, 0.000000000000000000, -1.000000000000000000 ) ) ;
#5015 = DIRECTION ( 'NONE',  ( -0.000000000000000000, -0.000000000000000000, -1.000000000000000000 ) ) ;
#5016 = EDGE_LOOP ( 'NONE', ( #3444, #12505, #12092, #5857 ) ) ;
#5017 = CARTESIAN_POINT ( 'NONE',  ( -28.74999999999999645, -4.999999999999912959, 45.00000000000000711 ) ) ;
#5018 = DIRECTION ( 'NONE',  ( 1.445602896647347791E-16, 0.000000000000000000, -1.000000000000000000 ) ) ;
#5019 = EDGE_CURVE ( 'NONE', #8394, #3745, #12046, .T. ) ;
#5020 = VECTOR ( 'NONE', #6954, 1000.000000000000000 ) ;
#5021 = CARTESIAN_POINT ( 'NONE',  ( -36.00000000000002842, 26.99999999999999289, -5.097962868176746799E-15 ) ) ;
#5022 = EDGE_LOOP ( 'NONE', ( #4324, #12031, #1995, #4671 ) ) ;
#5023 = ADVANCED_FACE ( 'NONE', ( #10925 ), #941, .T. ) ;
#5024 = CARTESIAN_POINT ( 'NONE',  ( -29.99999999999997158, 19.99999999999999289, -40.00000000000000000 ) ) ;
#5025 = ORIENTED_EDGE ( 'NONE', *, *, #11637, .T. ) ;
#5026 = ORIENTED_EDGE ( 'NONE', *, *, #11262, .T. ) ;
#5027 = VECTOR ( 'NONE', #471, 1000.000000000000000 ) ;
#5028 = DIRECTION ( 'NONE',  ( 0.000000000000000000, 0.000000000000000000, 1.000000000000000000 ) ) ;
#5029 = AXIS2_PLACEMENT_3D ( 'NONE', #11226, #2131, #104 ) ;
#5030 = CIRCLE ( 'NONE', #2264, 2.000000000000002665 ) ;
#5031 = CARTESIAN_POINT ( 'NONE',  ( -49.40000000000004832, 26.99999999999999289, 0.000000000000000000 ) ) ;
#5032 = AXIS2_PLACEMENT_3D ( 'NONE', #8748, #12526, #656 ) ;
#5033 = DIRECTION ( 'NONE',  ( 0.000000000000000000, 0.000000000000000000, 1.000000000000000000 ) ) ;
#5034 = CARTESIAN_POINT ( 'NONE',  ( 7.500000000000000000, -20.00000000000000000, -36.75000000000000000 ) ) ;
#5035 = VECTOR ( 'NONE', #13071, 1000.000000000000000 ) ;
#5036 = VERTEX_POINT ( 'NONE', #834 ) ;
#5037 = LINE ( 'NONE', #4858, #7618 ) ;
#5038 = VECTOR ( 'NONE', #8493, 1000.000000000000000 ) ;
#5039 = ORIENTED_EDGE ( 'NONE', *, *, #12929, .F. ) ;
#5040 = VECTOR ( 'NONE', #7731, 1000.000000000000000 ) ;
#5041 = EDGE_LOOP ( 'NONE', ( #6452, #8454, #9166, #2790 ) ) ;
#5042 = COLOUR_RGB ( '',0.7921568627450980005, 0.8196078431372548767, 0.9333333333333333481 ) ;
#5043 = FACE_OUTER_BOUND ( 'NONE', #2843, .T. ) ;
#5044 = EDGE_LOOP ( 'NONE', ( #3311, #9811 ) ) ;
#5045 = AXIS2_PLACEMENT_3D ( 'NONE', #2186, #6428, #1112 ) ;
#5046 = CIRCLE ( 'NONE', #11004, 4.000000000000000000 ) ;
#5047 = CARTESIAN_POINT ( 'NONE',  ( 49.40000000000004121, 29.99999999999999289, -0.000000000000000000 ) ) ;
#5048 = EDGE_CURVE ( 'NONE', #2870, #7049, #5814, .T. ) ;
#5049 = CARTESIAN_POINT ( 'NONE',  ( -18.74999999999999645, 19.99999999999998934, 56.15000000000000568 ) ) ;
#5050 = DIRECTION ( 'NONE',  ( -0.000000000000000000, 1.000000000000000000, -0.000000000000000000 ) ) ;
#5051 = CIRCLE ( 'NONE', #1013, 4.000000000000000000 ) ;
#5052 = VECTOR ( 'NONE', #11032, 1000.000000000000000 ) ;
#5053 = FACE_OUTER_BOUND ( 'NONE', #4384, .T. ) ;
#5054 = VECTOR ( 'NONE', #11486, 1000.000000000000000 ) ;
#5055 = CARTESIAN_POINT ( 'NONE',  ( -18.75000000000000355, -30.00000000000001066, 5.999999999999998224 ) ) ;
#5056 = CIRCLE ( 'NONE', #12457, 4.000000000000003553 ) ;
#5057 = CARTESIAN_POINT ( 'NONE',  ( -33.00000000000004263, 26.99999999999999289, -4.999999999999999112 ) ) ;
#5058 = CARTESIAN_POINT ( 'NONE',  ( -23.75000000000000000, -30.00000000000001421, 13.85000000000000142 ) ) ;
#5059 = EDGE_LOOP ( 'NONE', ( #2501, #11253 ) ) ;
#5060 = VERTEX_POINT ( 'NONE', #5004 ) ;
#5061 = VERTEX_POINT ( 'NONE', #13097 ) ;
#5062 = VECTOR ( 'NONE', #4672, 999.9999999999998863 ) ;
#5063 = VERTEX_POINT ( 'NONE', #6809 ) ;
#5064 = ORIENTED_EDGE ( 'NONE', *, *, #1285, .F. ) ;
#5065 = VECTOR ( 'NONE', #8218, 1000.000000000000000 ) ;
#5066 = ADVANCED_FACE ( 'NONE', ( #12910 ), #3817, .F. ) ;
#5067 = CARTESIAN_POINT ( 'NONE',  ( -33.00000000000004263, 26.99999999999999289, 0.000000000000000000 ) ) ;
#5068 = DIRECTION ( 'NONE',  ( 0.000000000000000000, 0.000000000000000000, -1.000000000000000000 ) ) ;
#5069 = VECTOR ( 'NONE', #4986, 1000.000000000000000 ) ;
#5070 = DIRECTION ( 'NONE',  ( 0.000000000000000000, 0.000000000000000000, 1.000000000000000000 ) ) ;
#5071 = DIRECTION ( 'NONE',  ( -0.000000000000000000, 1.000000000000000000, -0.000000000000000000 ) ) ;
#5072 = DIRECTION ( 'NONE',  ( -1.416100796715761603E-16, 0.000000000000000000, 1.000000000000000000 ) ) ;
#5073 = AXIS2_PLACEMENT_3D ( 'NONE', #5632, #12739, #8096 ) ;
#5074 = DIRECTION ( 'NONE',  ( 0.000000000000000000, -1.577021341797096574E-16, 1.000000000000000000 ) ) ;
#5075 = DIRECTION ( 'NONE',  ( 0.000000000000000000, -0.000000000000000000, -1.000000000000000000 ) ) ;
#5076 = ORIENTED_EDGE ( 'NONE', *, *, #3679, .F. ) ;
#5077 = EDGE_CURVE ( 'NONE', #11141, #8701, #3014, .T. ) ;
#5078 = DIRECTION ( 'NONE',  ( -0.000000000000000000, 1.000000000000000000, -0.000000000000000000 ) ) ;
#5079 = ORIENTED_EDGE ( 'NONE', *, *, #1815, .T. ) ;
#5080 = VECTOR ( 'NONE', #2680, 1000.000000000000000 ) ;
#5081 = CARTESIAN_POINT ( 'NONE',  ( 7.500000000000015099, -24.00000000000001776, -36.75000000000000000 ) ) ;
#5082 = AXIS2_PLACEMENT_3D ( 'NONE', #13000, #9015, #3968 ) ;
#5083 = ORIENTED_EDGE ( 'NONE', *, *, #6611, .T. ) ;
#5084 = ORIENTED_EDGE ( 'NONE', *, *, #13020, .F. ) ;
#5085 = ORIENTED_EDGE ( 'NONE', *, *, #9003, .T. ) ;
#5086 = DIRECTION ( 'NONE',  ( -0.000000000000000000, -0.000000000000000000, -1.000000000000000000 ) ) ;
#5087 = CARTESIAN_POINT ( 'NONE',  ( -90.00000000000005684, 23.99999999999998934, 60.00000000000000711 ) ) ;
#5088 = DIRECTION ( 'NONE',  ( -0.000000000000000000, 1.000000000000000000, -0.000000000000000000 ) ) ;
#5089 = ADVANCED_FACE ( 'NONE', ( #3927 ), #4009, .F. ) ;
#5090 = CARTESIAN_POINT ( 'NONE',  ( -46.00000000000004974, 26.99999999999999289, 42.59999999999999432 ) ) ;
#5091 = DIRECTION ( 'NONE',  ( 0.000000000000000000, 1.000000000000000000, 0.000000000000000000 ) ) ;
#5092 = EDGE_LOOP ( 'NONE', ( #12736, #9182, #207 ) ) ;
#5093 = AXIS2_PLACEMENT_3D ( 'NONE', #3220, #9444, #1419 ) ;
#5094 = EDGE_CURVE ( 'NONE', #4546, #331, #6060, .T. ) ;
#5095 = ORIENTED_EDGE ( 'NONE', *, *, #8705, .T. ) ;
#5096 = EDGE_CURVE ( 'NONE', #10984, #11945, #2770, .T. ) ;
#5097 = DIRECTION ( 'NONE',  ( 0.3162277660168377191, 0.9486832980505138790, 0.000000000000000000 ) ) ;
#5098 = EDGE_LOOP ( 'NONE', ( #6953, #11430, #2717, #9353 ) ) ;
#5099 = LINE ( 'NONE', #6086, #5220 ) ;
#5100 = ORIENTED_EDGE ( 'NONE', *, *, #12307, .T. ) ;
#5101 = ORIENTED_EDGE ( 'NONE', *, *, #6866, .F. ) ;
#5102 = DIRECTION ( 'NONE',  ( 0.000000000000000000, -0.9063988584858202469, -0.4224229034221534396 ) ) ;
#5103 = CARTESIAN_POINT ( 'NONE',  ( -70.00000000000000000, 22.99999999999999289, -11.49999999999999822 ) ) ;
#5104 = FACE_OUTER_BOUND ( 'NONE', #8969, .T. ) ;
#5105 = DIRECTION ( 'NONE',  ( -8.673617379884035472E-16, -0.000000000000000000, -1.000000000000000000 ) ) ;
#5106 = ORIENTED_EDGE ( 'NONE', *, *, #5375, .T. ) ;
#5107 = FACE_OUTER_BOUND ( 'NONE', #1332, .T. ) ;
#5108 = EDGE_CURVE ( 'NONE', #2253, #5846, #10355, .T. ) ;
#5109 = EDGE_LOOP ( 'NONE', ( #11647, #3603 ) ) ;
#5110 = VERTEX_POINT ( 'NONE', #6388 ) ;
#5111 = ORIENTED_EDGE ( 'NONE', *, *, #4016, .T. ) ;
#5112 = ADVANCED_BREP_SHAPE_REPRESENTATION ( 'Left End cap', ( #11382, #2757, #8480 ), #4451 ) ;
#5113 = EDGE_CURVE ( 'NONE', #5227, #7607, #9123, .T. ) ;
#5114 = FACE_OUTER_BOUND ( 'NONE', #12006, .T. ) ;
#5115 = CARTESIAN_POINT ( 'NONE',  ( 28.74999999999982947, -30.00000000000001421, 60.00000000000000711 ) ) ;
#5116 = DIRECTION ( 'NONE',  ( -1.000000000000000000, 0.000000000000000000, 0.000000000000000000 ) ) ;
#5117 = DIRECTION ( 'NONE',  ( 0.000000000000000000, 1.000000000000000000, 0.000000000000000000 ) ) ;
#5118 = CARTESIAN_POINT ( 'NONE',  ( -90.00000000000005684, 25.99999999999998934, -40.00000000000000000 ) ) ;
#5119 = CARTESIAN_POINT ( 'NONE',  ( 28.74999999999982947, -20.49999999999991473, 21.00000000000000355 ) ) ;
#5120 = EDGE_CURVE ( 'NONE', #2630, #2252, #4120, .T. ) ;
#5121 = CARTESIAN_POINT ( 'NONE',  ( 0.000000000000000000, 0.000000000000000000, 60.00000000000000711 ) ) ;
#5122 = VERTEX_POINT ( 'NONE', #2086 ) ;
#5123 = ORIENTED_EDGE ( 'NONE', *, *, #12754, .T. ) ;
#5124 = ORIENTED_EDGE ( 'NONE', *, *, #6763, .T. ) ;
#5125 = VERTEX_POINT ( 'NONE', #8318 ) ;
#5126 = EDGE_LOOP ( 'NONE', ( #5175, #224, #7796, #1038 ) ) ;
#5127 = CARTESIAN_POINT ( 'NONE',  ( -14.30000000000000426, 38.26999999999998892, 51.00000000000000000 ) ) ;
#5128 = CARTESIAN_POINT ( 'NONE',  ( 0.000000000000000000, 26.99999999999999289, 18.20000000000000284 ) ) ;
#5129 = ADVANCED_FACE ( 'NONE', ( #64 ), #10189, .T. ) ;
#5130 = DIRECTION ( 'NONE',  ( 0.000000000000000000, 6.071532165918819308E-15, 1.000000000000000000 ) ) ;
#5131 = CARTESIAN_POINT ( 'NONE',  ( 60.90000000000003411, 29.99999999999999289, 56.00000000000000000 ) ) ;
#5132 = DIRECTION ( 'NONE',  ( -0.000000000000000000, -0.000000000000000000, -1.000000000000000000 ) ) ;
#5133 = DIRECTION ( 'NONE',  ( -1.000000000000000000, 0.000000000000000000, 1.416100796715761603E-16 ) ) ;
#5134 = CARTESIAN_POINT ( 'NONE',  ( 70.00000000000000000, 19.99999999999998934, -12.40000000000003411 ) ) ;
#5135 = EDGE_CURVE ( 'NONE', #10984, #1495, #8182, .T. ) ;
#5136 = ORIENTED_EDGE ( 'NONE', *, *, #10362, .T. ) ;
#5137 = ORIENTED_EDGE ( 'NONE', *, *, #10553, .T. ) ;
#5138 = ORIENTED_EDGE ( 'NONE', *, *, #11716, .T. ) ;
#5139 = EDGE_LOOP ( 'NONE', ( #7233, #7626, #3107, #8110 ) ) ;
#5140 = CARTESIAN_POINT ( 'NONE',  ( -58.25000000000019185, 10.50000000000008527, 19.50000000000000355 ) ) ;
#5141 = PLANE ( 'NONE',  #3955 ) ;
#5142 = FACE_OUTER_BOUND ( 'NONE', #9777, .T. ) ;
#5143 = DIRECTION ( 'NONE',  ( 1.416100796715761356E-16, 0.000000000000000000, 1.000000000000000000 ) ) ;
#5144 = ORIENTED_EDGE ( 'NONE', *, *, #7727, .T. ) ;
#5145 = EDGE_CURVE ( 'NONE', #10579, #12118, #3330, .T. ) ;
#5146 = CARTESIAN_POINT ( 'NONE',  ( -44.00000000000003553, 26.99999999999999289, -6.230843505549355095E-15 ) ) ;
#5147 = ORIENTED_EDGE ( 'NONE', *, *, #12291, .F. ) ;
#5148 = CARTESIAN_POINT ( 'NONE',  ( 46.37499999999989342, -30.00000000000000711, -17.00000000000000000 ) ) ;
#5149 = ORIENTED_EDGE ( 'NONE', *, *, #6064, .F. ) ;
#5150 = ORIENTED_EDGE ( 'NONE', *, *, #1868, .F. ) ;
#5151 = FACE_OUTER_BOUND ( 'NONE', #12608, .T. ) ;
#5152 = ADVANCED_FACE ( 'NONE', ( #12219 ), #7381, .F. ) ;
#5153 = LINE ( 'NONE', #10406, #3112 ) ;
#5154 = CARTESIAN_POINT ( 'NONE',  ( 30.00000000000002842, -19.99999999999999289, -40.00000000000000000 ) ) ;
#5155 = LINE ( 'NONE', #9200, #5065 ) ;
#5156 = LINE ( 'NONE', #7269, #12005 ) ;
#5157 = VERTEX_POINT ( 'NONE', #1077 ) ;
#5158 = DIRECTION ( 'NONE',  ( -0.000000000000000000, 1.000000000000000000, -0.000000000000000000 ) ) ;
#5159 = FACE_OUTER_BOUND ( 'NONE', #4797, .T. ) ;
#5160 = VERTEX_POINT ( 'NONE', #132 ) ;
#5161 = ORIENTED_EDGE ( 'NONE', *, *, #4080, .F. ) ;
#5162 = ORIENTED_EDGE ( 'NONE', *, *, #5418, .T. ) ;
#5163 = EDGE_CURVE ( 'NONE', #10930, #11322, #6327, .T. ) ;
#5164 = DIRECTION ( 'NONE',  ( 0.000000000000000000, -0.000000000000000000, -1.000000000000000000 ) ) ;
#5165 = CARTESIAN_POINT ( 'NONE',  ( 0.000000000000000000, 26.99999999999999289, 18.20000000000000284 ) ) ;
#5166 = LINE ( 'NONE', #2320, #780 ) ;
#5167 = LINE ( 'NONE', #11340, #12253 ) ;
#5168 = DIRECTION ( 'NONE',  ( -1.000000000000000000, 0.000000000000000000, 0.000000000000000000 ) ) ;
#5169 = LINE ( 'NONE', #6041, #1624 ) ;
#5170 = DIRECTION ( 'NONE',  ( 0.000000000000000000, 1.000000000000000000, 0.000000000000000000 ) ) ;
#5171 = LINE ( 'NONE', #10227, #12686 ) ;
#5172 = DIRECTION ( 'NONE',  ( 0.000000000000000000, 1.000000000000000000, 0.000000000000000000 ) ) ;
#5173 = ORIENTED_EDGE ( 'NONE', *, *, #825, .T. ) ;
#5174 = ORIENTED_EDGE ( 'NONE', *, *, #5366, .F. ) ;
#5175 = ORIENTED_EDGE ( 'NONE', *, *, #12480, .T. ) ;
#5176 = ORIENTED_EDGE ( 'NONE', *, *, #12596, .T. ) ;
#5177 = LINE ( 'NONE', #11242, #3103 ) ;
#5178 = CARTESIAN_POINT ( 'NONE',  ( 23.74999999999982236, 4.999999999999990230, 60.00000000000000711 ) ) ;
#5179 = EDGE_CURVE ( 'NONE', #8849, #10181, #9369, .T. ) ;
#5180 = VECTOR ( 'NONE', #4786, 1000.000000000000000 ) ;
#5181 = FILL_AREA_STYLE ('',( #10298 ) ) ;
#5182 = LINE ( 'NONE', #9230, #9210 ) ;
#5183 = LINE ( 'NONE', #9368, #8615 ) ;
#5184 = EDGE_CURVE ( 'NONE', #10583, #4460, #5334, .T. ) ;
#5185 = CARTESIAN_POINT ( 'NONE',  ( -49.40000000000004121, 26.99999999999999289, 58.00000000000000000 ) ) ;
#5186 = ORIENTED_EDGE ( 'NONE', *, *, #923, .F. ) ;
#5187 = EDGE_CURVE ( 'NONE', #3273, #9149, #4064, .T. ) ;
#5188 = EDGE_CURVE ( 'NONE', #3889, #5655, #11017, .T. ) ;
#5189 = VECTOR ( 'NONE', #5661, 1000.000000000000000 ) ;
#5190 = ADVANCED_FACE ( 'NONE', ( #2342 ), #8124, .T. ) ;
#5191 = ORIENTED_EDGE ( 'NONE', *, *, #394, .F. ) ;
#5192 = VERTEX_POINT ( 'NONE', #7112 ) ;
#5193 = VERTEX_POINT ( 'NONE', #11177 ) ;
#5194 = EDGE_CURVE ( 'NONE', #1245, #4820, #1132, .T. ) ;
#5195 = CARTESIAN_POINT ( 'NONE',  ( 28.75000000000000000, 3.500000000000096811, 67.50999999999999091 ) ) ;
#5196 = CARTESIAN_POINT ( 'NONE',  ( 35.74999999999983658, -28.00000000000000355, -6.999999999999997335 ) ) ;
#5197 = CARTESIAN_POINT ( 'NONE',  ( -36.00000000000002842, 26.99999999999999289, 18.20000000000000284 ) ) ;
#5198 = DIRECTION ( 'NONE',  ( -0.000000000000000000, 0.000000000000000000, 1.000000000000000000 ) ) ;
#5199 = VECTOR ( 'NONE', #12152, 1000.000000000000000 ) ;
#5200 = ORIENTED_EDGE ( 'NONE', *, *, #11023, .F. ) ;
#5201 = CARTESIAN_POINT ( 'NONE',  ( -18.75000000000000355, -30.00000000000001066, 26.20121747843340998 ) ) ;
#5202 = FACE_OUTER_BOUND ( 'NONE', #8021, .T. ) ;
#5203 = VERTEX_POINT ( 'NONE', #8260 ) ;
#5204 = DIRECTION ( 'NONE',  ( -2.168404344971006896E-16, -1.000000000000000000, 0.000000000000000000 ) ) ;
#5205 = ADVANCED_FACE ( 'NONE', ( #3206 ), #11302, .T. ) ;
#5206 = ORIENTED_EDGE ( 'NONE', *, *, #12596, .F. ) ;
#5207 = AXIS2_PLACEMENT_3D ( 'NONE', #6583, #9623, #5506 ) ;
#5208 = EDGE_CURVE ( 'NONE', #11222, #7116, #206, .T. ) ;
#5209 = VECTOR ( 'NONE', #7980, 1000.000000000000000 ) ;
#5210 = ORIENTED_EDGE ( 'NONE', *, *, #7955, .T. ) ;
#5211 = DIRECTION ( 'NONE',  ( -0.000000000000000000, 1.000000000000000000, -0.000000000000000000 ) ) ;
#5212 = ORIENTED_EDGE ( 'NONE', *, *, #2864, .F. ) ;
#5213 = ORIENTED_EDGE ( 'NONE', *, *, #441, .T. ) ;
#5214 = VECTOR ( 'NONE', #2894, 1000.000000000000000 ) ;
#5215 = FACE_OUTER_BOUND ( 'NONE', #2683, .T. ) ;
#5216 = ADVANCED_FACE ( 'NONE', ( #3399 ), #12542, .F. ) ;
#5217 = CARTESIAN_POINT ( 'NONE',  ( 3.081487911019577365E-30, -24.00000000000000000, -36.75000000000000000 ) ) ;
#5218 = CARTESIAN_POINT ( 'NONE',  ( -23.74999999999999645, -15.00000000000001066, 60.00000000000000711 ) ) ;
#5219 = LINE ( 'NONE', #9272, #12897 ) ;
#5220 = VECTOR ( 'NONE', #8143, 1000.000000000000000 ) ;
#5221 = CARTESIAN_POINT ( 'NONE',  ( 0.000000000000000000, 26.99999999999999289, 18.19999999999999574 ) ) ;
#5222 = EDGE_LOOP ( 'NONE', ( #138, #6290, #5658, #723 ) ) ;
#5223 = VECTOR ( 'NONE', #980, 999.9999999999998863 ) ;
#5224 = AXIS2_PLACEMENT_3D ( 'NONE', #8387, #3349, #7395 ) ;
#5225 = DIRECTION ( 'NONE',  ( 0.000000000000000000, 0.000000000000000000, 1.000000000000000000 ) ) ;
#5226 = ORIENTED_EDGE ( 'NONE', *, *, #6989, .F. ) ;
#5227 = VERTEX_POINT ( 'NONE', #9506 ) ;
#5228 = EDGE_CURVE ( 'NONE', #5655, #9619, #2396, .T. ) ;
#5229 = CARTESIAN_POINT ( 'NONE',  ( 38.00000000000003553, 26.99999999999999289, 56.00000000000000000 ) ) ;
#5230 = VECTOR ( 'NONE', #10341, 1000.000000000000000 ) ;
#5231 = VERTEX_POINT ( 'NONE', #2597 ) ;
#5232 = CIRCLE ( 'NONE', #1617, 2.599999999999987654 ) ;
#5233 = VECTOR ( 'NONE', #8730, 1000.000000000000000 ) ;
#5234 = VECTOR ( 'NONE', #3777, 1000.000000000000000 ) ;
#5235 = DIRECTION ( 'NONE',  ( 1.000000000000000000, -0.000000000000000000, -1.387778780781445676E-16 ) ) ;
#5236 = CARTESIAN_POINT ( 'NONE',  ( 0.000000000000000000, -30.00000000000000711, 0.000000000000000000 ) ) ;
#5237 = LINE ( 'NONE', #8298, #3748 ) ;
#5238 = VECTOR ( 'NONE', #2932, 1000.000000000000000 ) ;
#5239 = DIRECTION ( 'NONE',  ( 0.000000000000000000, 1.000000000000000000, -0.000000000000000000 ) ) ;
#5240 = VECTOR ( 'NONE', #4003, 1000.000000000000000 ) ;
#5241 = DIRECTION ( 'NONE',  ( -1.000000000000000000, 0.000000000000000000, -1.416100796715761356E-16 ) ) ;
#5242 = ADVANCED_FACE ( 'NONE', ( #6589 ), #11638, .T. ) ;
#5243 = AXIS2_PLACEMENT_3D ( 'NONE', #9392, #281, #4085 ) ;
#5244 = CARTESIAN_POINT ( 'NONE',  ( 28.75000000000000000, 3.000000000000092815, 60.00000000000000711 ) ) ;
#5245 = VECTOR ( 'NONE', #11060, 1000.000000000000000 ) ;
#5246 = CARTESIAN_POINT ( 'NONE',  ( -86.00000000000004263, 0.000000000000000000, 56.00000000000000711 ) ) ;
#5247 = FACE_OUTER_BOUND ( 'NONE', #10416, .T. ) ;
#5248 = VERTEX_POINT ( 'NONE', #1513 ) ;
#5249 = VERTEX_POINT ( 'NONE', #7496 ) ;
#5250 = AXIS2_PLACEMENT_3D ( 'NONE', #13142, #12085, #11227 ) ;
#5251 = ORIENTED_EDGE ( 'NONE', *, *, #1991, .T. ) ;
#5252 = CIRCLE ( 'NONE', #10123, 1.500000000000001332 ) ;
#5253 = CARTESIAN_POINT ( 'NONE',  ( -22.00000000000003197, 14.24999999999999822, -2.999999999999991562 ) ) ;
#5254 = VERTEX_POINT ( 'NONE', #10640 ) ;
#5255 = CIRCLE ( 'NONE', #1425, 1.500000000000001332 ) ;
#5256 = AXIS2_PLACEMENT_3D ( 'NONE', #6774, #12864, #10620 ) ;
#5257 = CARTESIAN_POINT ( 'NONE',  ( -34.00000000000002842, 29.99999999999999289, 30.39999999999999858 ) ) ;
#5258 = FACE_OUTER_BOUND ( 'NONE', #10097, .T. ) ;
#5259 = CARTESIAN_POINT ( 'NONE',  ( -42.00000000000001421, 29.99999999999999289, -5.000000000000000000 ) ) ;
#5260 = AXIS2_PLACEMENT_3D ( 'NONE', #11140, #2983, #6836 ) ;
#5261 = AXIS2_PLACEMENT_3D ( 'NONE', #11261, #4273, #8333 ) ;
#5262 = PLANE ( 'NONE',  #136 ) ;
#5263 = DIRECTION ( 'NONE',  ( 0.000000000000000000, 0.000000000000000000, -1.000000000000000000 ) ) ;
#5264 = EDGE_CURVE ( 'NONE', #289, #5461, #5056, .T. ) ;
#5265 = CARTESIAN_POINT ( 'NONE',  ( -23.75000000000000000, -20.49999999999991473, 52.00000000000000711 ) ) ;
#5266 = CIRCLE ( 'NONE', #12049, 4.000000000000003553 ) ;
#5267 = DIRECTION ( 'NONE',  ( -0.000000000000000000, 1.000000000000000000, -0.000000000000000000 ) ) ;
#5268 = ORIENTED_EDGE ( 'NONE', *, *, #2635, .F. ) ;
#5269 = LINE ( 'NONE', #465, #8666 ) ;
#5270 = EDGE_CURVE ( 'NONE', #7247, #8712, #6521, .T. ) ;
#5271 = VECTOR ( 'NONE', #12779, 1000.000000000000000 ) ;
#5272 = VECTOR ( 'NONE', #6713, 1000.000000000000000 ) ;
#5273 = ORIENTED_EDGE ( 'NONE', *, *, #7107, .F. ) ;
#5274 = ORIENTED_EDGE ( 'NONE', *, *, #2148, .T. ) ;
#5275 = ORIENTED_EDGE ( 'NONE', *, *, #6118, .F. ) ;
#5276 = CIRCLE ( 'NONE', #1242, 4.000000000000000000 ) ;
#5277 = FACE_OUTER_BOUND ( 'NONE', #4052, .T. ) ;
#5278 = LINE ( 'NONE', #6397, #10113 ) ;
#5279 = CARTESIAN_POINT ( 'NONE',  ( 40.00000000000000711, 19.99999999999999289, -40.00000000000000000 ) ) ;
#5280 = AXIS2_PLACEMENT_3D ( 'NONE', #3923, #1746, #3739 ) ;
#5281 = LINE ( 'NONE', #7254, #6085 ) ;
#5282 = ORIENTED_EDGE ( 'NONE', *, *, #3167, .T. ) ;
#5283 = LINE ( 'NONE', #4332, #809 ) ;
#5284 = VERTEX_POINT ( 'NONE', #9570 ) ;
#5285 = LINE ( 'NONE', #9326, #12491 ) ;
#5286 = DIRECTION ( 'NONE',  ( -0.000000000000000000, -0.000000000000000000, -1.000000000000000000 ) ) ;
#5287 = AXIS2_PLACEMENT_3D ( 'NONE', #12847, #8016, #1699 ) ;
#5288 = EDGE_CURVE ( 'NONE', #7855, #3913, #7575, .T. ) ;
#5289 = ADVANCED_FACE ( 'NONE', ( #5389 ), #1578, .F. ) ;
#5290 = ADVANCED_FACE ( 'NONE', ( #4466 ), #9708, .F. ) ;
#5291 = DIRECTION ( 'NONE',  ( -0.000000000000000000, -1.000000000000000000, -0.000000000000000000 ) ) ;
#5292 = VERTEX_POINT ( 'NONE', #6644 ) ;
#5293 = EDGE_LOOP ( 'NONE', ( #2346, #10647 ) ) ;
#5294 = CARTESIAN_POINT ( 'NONE',  ( 0.000000000000000000, -24.00000000000000000, -31.75000000000000000 ) ) ;
#5295 = EDGE_CURVE ( 'NONE', #9975, #8680, #10146, .T. ) ;
#5296 = CARTESIAN_POINT ( 'NONE',  ( -86.00000000000004263, -26.00000000000000711, 6.000000000000000000 ) ) ;
#5297 = AXIS2_PLACEMENT_3D ( 'NONE', #2220, #6270, #3946 ) ;
#5298 = LINE ( 'NONE', #227, #10101 ) ;
#5299 = ADVANCED_FACE ( 'NONE', ( #1465 ), #8637, .F. ) ;
#5300 = FACE_OUTER_BOUND ( 'NONE', #11307, .T. ) ;
#5301 = CARTESIAN_POINT ( 'NONE',  ( 28.75000000000000000, -16.99999999999991473, 60.00000000000000711 ) ) ;
#5302 = VERTEX_POINT ( 'NONE', #5529 ) ;
#5303 = EDGE_CURVE ( 'NONE', #4065, #2138, #10497, .T. ) ;
#5304 = CARTESIAN_POINT ( 'NONE',  ( 60.90000000000003411, 26.99999999999999289, 56.00000000000000000 ) ) ;
#5305 = FACE_OUTER_BOUND ( 'NONE', #1801, .T. ) ;
#5306 = VERTEX_POINT ( 'NONE', #4521 ) ;
#5307 = VERTEX_POINT ( 'NONE', #8565 ) ;
#5308 = DIRECTION ( 'NONE',  ( -0.000000000000000000, 1.000000000000000000, -0.000000000000000000 ) ) ;
#5309 = ORIENTED_EDGE ( 'NONE', *, *, #5325, .F. ) ;
#5310 = CARTESIAN_POINT ( 'NONE',  ( -30.00000000000003197, 14.24999999999999822, 1.000000000000009104 ) ) ;
#5311 = DIRECTION ( 'NONE',  ( 0.000000000000000000, 0.000000000000000000, 1.000000000000000000 ) ) ;
#5312 = DIRECTION ( 'NONE',  ( -1.000000000000000000, 0.000000000000000000, -0.000000000000000000 ) ) ;
#5313 = CARTESIAN_POINT ( 'NONE',  ( -14.29999999999999005, -45.50000000000000711, 51.00000000000000000 ) ) ;
#5314 = DIRECTION ( 'NONE',  ( -1.000000000000000000, 0.000000000000000000, 0.000000000000000000 ) ) ;
#5315 = VERTEX_POINT ( 'NONE', #5459 ) ;
#5316 = FACE_BOUND ( 'NONE', #12280, .T. ) ;
#5317 = LINE ( 'NONE', #112, #3794 ) ;
#5318 = DIRECTION ( 'NONE',  ( 0.000000000000000000, 1.000000000000000000, -0.000000000000000000 ) ) ;
#5319 = EDGE_LOOP ( 'NONE', ( #3754, #65, #6408, #6198, #6764, #5124 ) ) ;
#5320 = ORIENTED_EDGE ( 'NONE', *, *, #9418, .F. ) ;
#5321 = EDGE_CURVE ( 'NONE', #8743, #8098, #2091, .T. ) ;
#5322 = ORIENTED_EDGE ( 'NONE', *, *, #11059, .T. ) ;
#5323 = DIRECTION ( 'NONE',  ( 0.000000000000000000, 0.000000000000000000, 1.000000000000000000 ) ) ;
#5324 = EDGE_LOOP ( 'NONE', ( #6482, #12974, #4874, #12850 ) ) ;
#5325 = EDGE_CURVE ( 'NONE', #11708, #3942, #1330, .T. ) ;
#5326 = ADVANCED_FACE ( 'NONE', ( #8450 ), #12485, .F. ) ;
#5327 = LINE ( 'NONE', #9363, #10535 ) ;
#5328 = DIRECTION ( 'NONE',  ( 0.000000000000000000, 0.000000000000000000, -1.000000000000000000 ) ) ;
#5329 = PLANE ( 'NONE',  #757 ) ;
#5330 = ADVANCED_FACE ( 'NONE', ( #8841, #8052 ), #2937, .T. ) ;
#5331 = CARTESIAN_POINT ( 'NONE',  ( -18.75000000000001066, -45.50000000000000711, 46.99999999999998579 ) ) ;
#5332 = DIRECTION ( 'NONE',  ( -0.000000000000000000, 0.000000000000000000, 1.000000000000000000 ) ) ;
#5333 = CARTESIAN_POINT ( 'NONE',  ( 0.000000000000000000, 26.99999999999999289, 58.00000000000000000 ) ) ;
#5334 = LINE ( 'NONE', #261, #9723 ) ;
#5335 = LINE ( 'NONE', #9507, #6967 ) ;
#5336 = ORIENTED_EDGE ( 'NONE', *, *, #1014, .T. ) ;
#5337 = VERTEX_POINT ( 'NONE', #9974 ) ;
#5338 = ORIENTED_EDGE ( 'NONE', *, *, #12107, .F. ) ;
#5339 = VERTEX_POINT ( 'NONE', #11957 ) ;
#5340 = LINE ( 'NONE', #6534, #2233 ) ;
#5341 = CARTESIAN_POINT ( 'NONE',  ( -9.500000000000103029, 23.24999999999999289, -39.25000000000000000 ) ) ;
#5342 = CARTESIAN_POINT ( 'NONE',  ( 23.00000000000002842, 8.899999999999970157, -34.75000000000000000 ) ) ;
#5343 = DIRECTION ( 'NONE',  ( 0.000000000000000000, -1.000000000000000000, 0.000000000000000000 ) ) ;
#5344 = EDGE_LOOP ( 'NONE', ( #8542, #8501, #8227, #2465 ) ) ;
#5345 = CARTESIAN_POINT ( 'NONE',  ( -14.30000000000000426, 38.26999999999998892, 22.60434383594887109 ) ) ;
#5346 = ORIENTED_EDGE ( 'NONE', *, *, #7081, .F. ) ;
#5347 = DIRECTION ( 'NONE',  ( 1.000000000000000000, 0.000000000000000000, 0.000000000000000000 ) ) ;
#5348 = CARTESIAN_POINT ( 'NONE',  ( -72.00000000000002842, 26.99999999999999289, 48.00000000000000000 ) ) ;
#5349 = VERTEX_POINT ( 'NONE', #4789 ) ;
#5350 = EDGE_LOOP ( 'NONE', ( #6157, #6429, #4202, #5681 ) ) ;
#5351 = DIRECTION ( 'NONE',  ( 0.000000000000000000, 0.000000000000000000, 1.000000000000000000 ) ) ;
#5352 = PLANE ( 'NONE',  #5243 ) ;
#5353 = DIRECTION ( 'NONE',  ( -1.000000000000000000, 0.000000000000000000, 0.000000000000000000 ) ) ;
#5354 = EDGE_CURVE ( 'NONE', #7622, #9604, #2865, .T. ) ;
#5355 = DIRECTION ( 'NONE',  ( 0.000000000000000000, 0.000000000000000000, -1.000000000000000000 ) ) ;
#5356 = DIRECTION ( 'NONE',  ( 1.000000000000000000, 0.000000000000000000, -0.000000000000000000 ) ) ;
#5357 = ORIENTED_EDGE ( 'NONE', *, *, #12321, .F. ) ;
#5358 = LINE ( 'NONE', #9600, #2326 ) ;
#5359 = CYLINDRICAL_SURFACE ( 'NONE', #9107, 4.000000000000000000 ) ;
#5360 = ADVANCED_FACE ( 'NONE', ( #10777 ), #875, .F. ) ;
#5361 = VERTEX_POINT ( 'NONE', #3800 ) ;
#5362 = ORIENTED_EDGE ( 'NONE', *, *, #11830, .T. ) ;
#5363 = CARTESIAN_POINT ( 'NONE',  ( -34.00000000000002842, 26.99999999999999289, 6.000000000000006217 ) ) ;
#5364 = VERTEX_POINT ( 'NONE', #926 ) ;
#5365 = ORIENTED_EDGE ( 'NONE', *, *, #9750, .T. ) ;
#5366 = EDGE_CURVE ( 'NONE', #9604, #8414, #6907, .T. ) ;
#5367 = CARTESIAN_POINT ( 'NONE',  ( -58.25000000000019185, 10.50000000000008527, 19.50000000000000355 ) ) ;
#5368 = CARTESIAN_POINT ( 'NONE',  ( -14.30000000000000426, 38.26999999999998892, 53.50000000000000000 ) ) ;
#5369 = CARTESIAN_POINT ( 'NONE',  ( -14.29999999999999005, -45.50000000000000711, 51.00000000000000000 ) ) ;
#5370 = CARTESIAN_POINT ( 'NONE',  ( -23.75000000000000711, -28.66460947456753061, 25.15000000000000568 ) ) ;
#5371 = CARTESIAN_POINT ( 'NONE',  ( -23.75000000000000000, 19.99999999999998934, 56.15000000000000568 ) ) ;
#5372 = ORIENTED_EDGE ( 'NONE', *, *, #7285, .F. ) ;
#5373 = CARTESIAN_POINT ( 'NONE',  ( 36.00000000000002842, 29.99999999999999289, 20.20000000000000284 ) ) ;
#5374 = CARTESIAN_POINT ( 'NONE',  ( -23.74999999999998934, 4.999999999999990230, 10.00000000000000000 ) ) ;
#5375 = EDGE_CURVE ( 'NONE', #8606, #4555, #1794, .T. ) ;
#5376 = DIRECTION ( 'NONE',  ( 0.000000000000000000, 0.000000000000000000, -1.000000000000000000 ) ) ;
#5377 = ORIENTED_EDGE ( 'NONE', *, *, #1828, .T. ) ;
#5378 = ORIENTED_EDGE ( 'NONE', *, *, #5769, .F. ) ;
#5379 = ORIENTED_EDGE ( 'NONE', *, *, #6084, .T. ) ;
#5380 = ORIENTED_EDGE ( 'NONE', *, *, #9926, .F. ) ;
#5381 = ORIENTED_EDGE ( 'NONE', *, *, #11820, .F. ) ;
#5382 = LINE ( 'NONE', #3140, #2676 ) ;
#5383 = FACE_OUTER_BOUND ( 'NONE', #5139, .T. ) ;
#5384 = CARTESIAN_POINT ( 'NONE',  ( 23.74999999999982947, -15.00000000000001066, 60.00000000000000711 ) ) ;
#5385 = EDGE_CURVE ( 'NONE', #715, #2630, #11906, .T. ) ;
#5386 = DIRECTION ( 'NONE',  ( 0.000000000000000000, 1.000000000000000000, 3.154042683594194134E-16 ) ) ;
#5387 = LINE ( 'NONE', #1510, #942 ) ;
#5388 = DIRECTION ( 'NONE',  ( 1.000000000000000000, 0.000000000000000000, 0.000000000000000000 ) ) ;
#5389 = FACE_OUTER_BOUND ( 'NONE', #11523, .T. ) ;
#5390 = EDGE_CURVE ( 'NONE', #5748, #4292, #12876, .T. ) ;
#5391 = CARTESIAN_POINT ( 'NONE',  ( -29.99999999999997158, -19.99999999999999289, -40.00000000000000000 ) ) ;
#5392 = ADVANCED_FACE ( 'NONE', ( #4729 ), #5791, .F. ) ;
#5393 = VERTEX_POINT ( 'NONE', #1932 ) ;
#5394 = ORIENTED_EDGE ( 'NONE', *, *, #4369, .F. ) ;
#5395 = ORIENTED_EDGE ( 'NONE', *, *, #5475, .T. ) ;
#5396 = EDGE_LOOP ( 'NONE', ( #12811, #9195, #7387, #738 ) ) ;
#5397 = CARTESIAN_POINT ( 'NONE',  ( 18.75000000000001066, -30.00000000000000711, 5.999999999999998224 ) ) ;
#5398 = DIRECTION ( 'NONE',  ( 0.000000000000000000, 0.000000000000000000, -1.000000000000000000 ) ) ;
#5399 = CARTESIAN_POINT ( 'NONE',  ( -80.00000000000000000, -20.00000000000000711, -40.00000000000000000 ) ) ;
#5400 = FACE_BOUND ( 'NONE', #6240, .T. ) ;
#5401 = LINE ( 'NONE', #3467, #1851 ) ;
#5402 = VERTEX_POINT ( 'NONE', #5856 ) ;
#5403 = DIRECTION ( 'NONE',  ( -0.000000000000000000, 1.000000000000000000, -0.000000000000000000 ) ) ;
#5404 = EDGE_CURVE ( 'NONE', #12518, #7100, #13074, .T. ) ;
#5405 = VECTOR ( 'NONE', #9834, 1000.000000000000000 ) ;
#5406 = LINE ( 'NONE', #11520, #9969 ) ;
#5407 = CARTESIAN_POINT ( 'NONE',  ( 0.000000000000000000, 26.99999999999999289, 56.00000000000000000 ) ) ;
#5408 = ORIENTED_EDGE ( 'NONE', *, *, #8460, .T. ) ;
#5409 = ORIENTED_EDGE ( 'NONE', *, *, #2022, .F. ) ;
#5410 = CARTESIAN_POINT ( 'NONE',  ( 28.74999999999982947, -20.49999999999991473, 52.00000000000000711 ) ) ;
#5411 = CARTESIAN_POINT ( 'NONE',  ( 0.000000000000000000, 29.99999999999999289, 45.99999999999999289 ) ) ;
#5412 = VECTOR ( 'NONE', #6857, 1000.000000000000114 ) ;
#5413 = DIRECTION ( 'NONE',  ( 1.000000000000000000, 0.000000000000000000, 0.000000000000000000 ) ) ;
#5414 = CARTESIAN_POINT ( 'NONE',  ( 28.75000000000000000, -12.99999999999991473, 60.00000000000000711 ) ) ;
#5415 = CARTESIAN_POINT ( 'NONE',  ( -31.00000000000004263, 26.99999999999999289, 3.000000000000004885 ) ) ;
#5416 = DIRECTION ( 'NONE',  ( -0.000000000000000000, 1.000000000000000000, -0.000000000000000000 ) ) ;
#5417 = VERTEX_POINT ( 'NONE', #3990 ) ;
#5418 = EDGE_CURVE ( 'NONE', #6592, #10370, #5731, .T. ) ;
#5419 = AXIS2_PLACEMENT_3D ( 'NONE', #11776, #1525, #11858 ) ;
#5420 = CARTESIAN_POINT ( 'NONE',  ( 70.00000000000000000, 29.99999999999999289, -11.50000000000001776 ) ) ;
#5421 = ORIENTED_EDGE ( 'NONE', *, *, #9899, .F. ) ;
#5422 = ORIENTED_EDGE ( 'NONE', *, *, #9232, .F. ) ;
#5423 = VECTOR ( 'NONE', #1508, 1000.000000000000000 ) ;
#5424 = DIRECTION ( 'NONE',  ( -1.000000000000000000, 0.000000000000000000, 0.000000000000000000 ) ) ;
#5425 = EDGE_CURVE ( 'NONE', #11001, #6564, #9906, .T. ) ;
#5426 = ADVANCED_FACE ( 'NONE', ( #12089 ), #12954, .F. ) ;
#5427 = ORIENTED_EDGE ( 'NONE', *, *, #1752, .T. ) ;
#5428 = EDGE_LOOP ( 'NONE', ( #4937, #2815, #1819, #11950 ) ) ;
#5429 = DIRECTION ( 'NONE',  ( 0.000000000000000000, 0.000000000000000000, -1.000000000000000000 ) ) ;
#5430 = CARTESIAN_POINT ( 'NONE',  ( 36.00000000000003553, 26.99999999999999289, 44.60000000000000142 ) ) ;
#5431 = VECTOR ( 'NONE', #426, 1000.000000000000000 ) ;
#5432 = FACE_OUTER_BOUND ( 'NONE', #5428, .T. ) ;
#5433 = CIRCLE ( 'NONE', #11800, 2.500000000000002220 ) ;
#5434 = FACE_OUTER_BOUND ( 'NONE', #11764, .T. ) ;
#5435 = VECTOR ( 'NONE', #1354, 1000.000000000000000 ) ;
#5436 = ADVANCED_FACE ( 'NONE', ( #3856 ), #11844, .T. ) ;
#5437 = ORIENTED_EDGE ( 'NONE', *, *, #5390, .T. ) ;
#5438 = DIRECTION ( 'NONE',  ( 0.000000000000000000, 0.000000000000000000, -1.000000000000000000 ) ) ;
#5439 = DIRECTION ( 'NONE',  ( -0.9876921900819052302, 0.000000000000000000, -0.1564101584015873125 ) ) ;
#5440 = VECTOR ( 'NONE', #5353, 1000.000000000000000 ) ;
#5441 = CARTESIAN_POINT ( 'NONE',  ( -14.30000000000000782, -31.75000000000000000, 25.10434383594886754 ) ) ;
#5442 = ORIENTED_EDGE ( 'NONE', *, *, #3186, .T. ) ;
#5443 = ORIENTED_EDGE ( 'NONE', *, *, #13006, .F. ) ;
#5444 = VECTOR ( 'NONE', #7832, 1000.000000000000000 ) ;
#5445 = ORIENTED_EDGE ( 'NONE', *, *, #11028, .F. ) ;
#5446 = VECTOR ( 'NONE', #12801, 1000.000000000000000 ) ;
#5447 = AXIS2_PLACEMENT_3D ( 'NONE', #1283, #5343, #9382 ) ;
#5448 = FACE_OUTER_BOUND ( 'NONE', #2558, .T. ) ;
#5449 = CARTESIAN_POINT ( 'NONE',  ( -23.75000000000000000, 19.99999999999998934, 25.15000000000000568 ) ) ;
#5450 = CIRCLE ( 'NONE', #12870, 2.499999999999998668 ) ;
#5451 = DIRECTION ( 'NONE',  ( 1.000000000000000000, 0.000000000000000000, -0.000000000000000000 ) ) ;
#5452 = VECTOR ( 'NONE', #3557, 1000.000000000000000 ) ;
#5453 = ADVANCED_FACE ( 'NONE', ( #10845 ), #1872, .T. ) ;
#5454 = LINE ( 'NONE', #2454, #7948 ) ;
#5455 = AXIS2_PLACEMENT_3D ( 'NONE', #3443, #512, #8555 ) ;
#5456 = CARTESIAN_POINT ( 'NONE',  ( 34.00000000000003553, 29.99999999999999289, 44.60000000000000142 ) ) ;
#5457 = CIRCLE ( 'NONE', #12877, 0.5000000000000004441 ) ;
#5458 = EDGE_CURVE ( 'NONE', #1506, #9909, #7385, .T. ) ;
#5459 = CARTESIAN_POINT ( 'NONE',  ( -28.00000000000003197, 14.24999999999999822, 3.000000000000009770 ) ) ;
#5460 = FACE_OUTER_BOUND ( 'NONE', #9603, .T. ) ;
#5461 = VERTEX_POINT ( 'NONE', #8244 ) ;
#5462 = VECTOR ( 'NONE', #10708, 1000.000000000000000 ) ;
#5463 = VECTOR ( 'NONE', #11941, 1000.000000000000000 ) ;
#5464 = ORIENTED_EDGE ( 'NONE', *, *, #2487, .T. ) ;
#5465 = ORIENTED_EDGE ( 'NONE', *, *, #4461, .T. ) ;
#5466 = VECTOR ( 'NONE', #9863, 1000.000000000000000 ) ;
#5467 = DIRECTION ( 'NONE',  ( 0.000000000000000000, -4.625929269271487886E-16, -1.000000000000000000 ) ) ;
#5468 = VERTEX_POINT ( 'NONE', #9300 ) ;
#5469 = VERTEX_POINT ( 'NONE', #8360 ) ;
#5470 = CIRCLE ( 'NONE', #2925, 1.500000000000001332 ) ;
#5471 = DIRECTION ( 'NONE',  ( -1.000000000000000000, 0.000000000000000000, 0.000000000000000000 ) ) ;
#5472 = LINE ( 'NONE', #1526, #9280 ) ;
#5473 = DIRECTION ( 'NONE',  ( 0.000000000000000000, 0.000000000000000000, -1.000000000000000000 ) ) ;
#5474 = VECTOR ( 'NONE', #12124, 1000.000000000000000 ) ;
#5475 = EDGE_CURVE ( 'NONE', #3860, #7960, #2250, .T. ) ;
#5476 = CARTESIAN_POINT ( 'NONE',  ( -58.25000000000019185, 10.50000000000008527, 49.00000000000000000 ) ) ;
#5477 = AXIS2_PLACEMENT_3D ( 'NONE', #1958, #3022, #12977 ) ;
#5478 = ADVANCED_FACE ( 'NONE', ( #6237 ), #194, .T. ) ;
#5479 = DIRECTION ( 'NONE',  ( 0.000000000000000000, 0.000000000000000000, 1.000000000000000000 ) ) ;
#5480 = ORIENTED_EDGE ( 'NONE', *, *, #9594, .T. ) ;
#5481 = CARTESIAN_POINT ( 'NONE',  ( -18.75000000000001066, -52.50000000000000711, 60.00000000000000711 ) ) ;
#5482 = VECTOR ( 'NONE', #9961, 1000.000000000000000 ) ;
#5483 = VECTOR ( 'NONE', #12607, 1000.000000000000000 ) ;
#5484 = LINE ( 'NONE', #10456, #8685 ) ;
#5485 = LINE ( 'NONE', #8277, #12012 ) ;
#5486 = AXIS2_PLACEMENT_3D ( 'NONE', #6076, #5018, #10200 ) ;
#5487 = ORIENTED_EDGE ( 'NONE', *, *, #4020, .F. ) ;
#5488 = EDGE_LOOP ( 'NONE', ( #336, #1241, #3445, #10817, #9977, #5085, #6958, #8039, #7099, #7171, #6032, #7557, #9110, #1213, #11852, #11290 ) ) ;
#5489 = CARTESIAN_POINT ( 'NONE',  ( 3.097720492815727659E-16, 26.99999999999999289, -4.999999999999997335 ) ) ;
#5490 = EDGE_CURVE ( 'NONE', #6666, #1309, #51, .T. ) ;
#5491 = EDGE_CURVE ( 'NONE', #12160, #3004, #2303, .T. ) ;
#5492 = CARTESIAN_POINT ( 'NONE',  ( 44.00000000000003553, 29.99999999999999289, -6.230843505549355095E-15 ) ) ;
#5493 = AXIS2_PLACEMENT_3D ( 'NONE', #7773, #10905, #4873 ) ;
#5494 = DIRECTION ( 'NONE',  ( 1.000000000000000000, 0.000000000000000000, 0.000000000000000000 ) ) ;
#5495 = DIRECTION ( 'NONE',  ( 0.3162277660168377191, -0.9486832980505138790, 0.000000000000000000 ) ) ;
#5496 = EDGE_CURVE ( 'NONE', #7578, #8470, #9219, .T. ) ;
#5497 = CARTESIAN_POINT ( 'NONE',  ( 38.00000000000004263, 26.99999999999999289, 54.00000000000000000 ) ) ;
#5498 = DIRECTION ( 'NONE',  ( 1.000000000000000000, 0.000000000000000000, 0.000000000000000000 ) ) ;
#5499 = EDGE_LOOP ( 'NONE', ( #4160, #10492, #7660, #1962, #3903, #12028, #5635, #4973, #9137, #11913, #1741, #4203, #2758, #1715, #12565, #4330, #7930, #57, #7978, #12129, #6203, #11104, #11506, #11416, #7827, #5111, #1377, #4619, #3414, #3944, #9359, #9592, #8379, #814, #12023, #9732, #7411 ) ) ;
#5500 = LINE ( 'NONE', #11407, #6995 ) ;
#5501 = CARTESIAN_POINT ( 'NONE',  ( -9.500000000000103029, 23.24999999999999289, -39.25000000000000000 ) ) ;
#5502 = ORIENTED_EDGE ( 'NONE', *, *, #1051, .T. ) ;
#5503 = VECTOR ( 'NONE', #9927, 1000.000000000000000 ) ;
#5504 = VERTEX_POINT ( 'NONE', #3129 ) ;
#5505 = EDGE_LOOP ( 'NONE', ( #11092, #1665 ) ) ;
#5506 = DIRECTION ( 'NONE',  ( 1.416100796715761603E-16, 0.000000000000000000, 1.000000000000000000 ) ) ;
#5507 = EDGE_LOOP ( 'NONE', ( #8754, #10482, #11124, #1674 ) ) ;
#5508 = VECTOR ( 'NONE', #5600, 1000.000000000000000 ) ;
#5509 = DIRECTION ( 'NONE',  ( -0.000000000000000000, -1.000000000000000000, -0.000000000000000000 ) ) ;
#5510 = EDGE_CURVE ( 'NONE', #998, #2411, #4105, .T. ) ;
#5511 = CARTESIAN_POINT ( 'NONE',  ( 0.000000000000000000, 29.99999999999999289, 6.000000000000006217 ) ) ;
#5512 = CARTESIAN_POINT ( 'NONE',  ( -23.74999999999999645, -15.00000000000001066, 10.00000000000000000 ) ) ;
#5513 = CARTESIAN_POINT ( 'NONE',  ( -14.30000000000000782, -31.75000000000000000, 18.60434383594886754 ) ) ;
#5514 = DIRECTION ( 'NONE',  ( 1.000000000000000000, -0.000000000000000000, -0.000000000000000000 ) ) ;
#5515 = CARTESIAN_POINT ( 'NONE',  ( 44.00000000000003553, 26.99999999999999289, -6.230843505549355095E-15 ) ) ;
#5516 = FACE_OUTER_BOUND ( 'NONE', #10259, .T. ) ;
#5517 = CARTESIAN_POINT ( 'NONE',  ( 36.00000000000003553, 26.99999999999999289, 42.60000000000000142 ) ) ;
#5518 = ORIENTED_EDGE ( 'NONE', *, *, #7632, .F. ) ;
#5519 = ORIENTED_EDGE ( 'NONE', *, *, #7413, .T. ) ;
#5520 = ORIENTED_EDGE ( 'NONE', *, *, #10886, .T. ) ;
#5521 = ADVANCED_FACE ( 'NONE', ( #8167 ), #2137, .F. ) ;
#5522 = LINE ( 'NONE', #3714, #550 ) ;
#5523 = CARTESIAN_POINT ( 'NONE',  ( 18.75000000000000355, 29.99999999999999289, 3.000000000000037303 ) ) ;
#5524 = ORIENTED_EDGE ( 'NONE', *, *, #2276, .F. ) ;
#5525 = DIRECTION ( 'NONE',  ( 0.000000000000000000, 0.000000000000000000, 1.000000000000000000 ) ) ;
#5526 = EDGE_CURVE ( 'NONE', #12688, #758, #12144, .T. ) ;
#5527 = DIRECTION ( 'NONE',  ( -1.000000000000000000, 0.000000000000000000, 0.000000000000000000 ) ) ;
#5528 = CARTESIAN_POINT ( 'NONE',  ( 0.000000000000000000, 29.99999999999999289, 18.20000000000000284 ) ) ;
#5529 = CARTESIAN_POINT ( 'NONE',  ( 28.74999999999982947, -26.00000000000000711, 10.00000000000000000 ) ) ;
#5530 = LINE ( 'NONE', #7302, #6326 ) ;
#5531 = ORIENTED_EDGE ( 'NONE', *, *, #1082, .F. ) ;
#5532 = ORIENTED_EDGE ( 'NONE', *, *, #4809, .F. ) ;
#5533 = VERTEX_POINT ( 'NONE', #12331 ) ;
#5534 = DIRECTION ( 'NONE',  ( 0.000000000000000000, 0.000000000000000000, 1.000000000000000000 ) ) ;
#5535 = ORIENTED_EDGE ( 'NONE', *, *, #5135, .T. ) ;
#5536 = DIRECTION ( 'NONE',  ( 0.000000000000000000, 0.000000000000000000, -1.000000000000000000 ) ) ;
#5537 = CARTESIAN_POINT ( 'NONE',  ( 49.40000000000004832, 26.99999999999999289, 45.99999999999999289 ) ) ;
#5538 = CARTESIAN_POINT ( 'NONE',  ( -14.30000000000000782, -31.75000000000000000, 18.60434383594886754 ) ) ;
#5539 = PLANE ( 'NONE',  #8212 ) ;
#5540 = LINE ( 'NONE', #11655, #7394 ) ;
#5541 = EDGE_CURVE ( 'NONE', #9018, #4054, #10286, .T. ) ;
#5542 = DIRECTION ( 'NONE',  ( 0.000000000000000000, -1.000000000000000000, 0.000000000000000000 ) ) ;
#5543 = ORIENTED_EDGE ( 'NONE', *, *, #9271, .T. ) ;
#5544 = FACE_OUTER_BOUND ( 'NONE', #2402, .T. ) ;
#5545 = ORIENTED_EDGE ( 'NONE', *, *, #4877, .T. ) ;
#5546 = CARTESIAN_POINT ( 'NONE',  ( 23.74999999999982236, 4.999999999999990230, 10.00000000000000000 ) ) ;
#5547 = EDGE_CURVE ( 'NONE', #2842, #439, #6183, .T. ) ;
#5548 = CARTESIAN_POINT ( 'NONE',  ( 31.00000000000004619, 26.99999999999999289, 5.377642775528110197E-14 ) ) ;
#5549 = EDGE_LOOP ( 'NONE', ( #6186, #958, #5992, #7195 ) ) ;
#5550 = ORIENTED_EDGE ( 'NONE', *, *, #11305, .F. ) ;
#5551 = LINE ( 'NONE', #5411, #7569 ) ;
#5552 = LINE ( 'NONE', #2562, #10132 ) ;
#5553 = LINE ( 'NONE', #12638, #124 ) ;
#5554 = FACE_OUTER_BOUND ( 'NONE', #7304, .T. ) ;
#5555 = EDGE_CURVE ( 'NONE', #8683, #5613, #9734, .T. ) ;
#5556 = LINE ( 'NONE', #1619, #8603 ) ;
#5557 = ORIENTED_EDGE ( 'NONE', *, *, #12722, .T. ) ;
#5558 = CARTESIAN_POINT ( 'NONE',  ( -44.00000000000004263, 26.99999999999999289, 20.19999999999999574 ) ) ;
#5559 = EDGE_CURVE ( 'NONE', #1628, #4512, #1182, .T. ) ;
#5560 = VERTEX_POINT ( 'NONE', #1994 ) ;
#5561 = ORIENTED_EDGE ( 'NONE', *, *, #5980, .T. ) ;
#5562 = ADVANCED_FACE ( 'NONE', ( #5247 ), #113, .T. ) ;
#5563 = DIRECTION ( 'NONE',  ( 0.000000000000000000, -0.4224229034221534396, 0.9063988584858203579 ) ) ;
#5564 = ORIENTED_EDGE ( 'NONE', *, *, #1627, .F. ) ;
#5565 = CARTESIAN_POINT ( 'NONE',  ( -58.25000000000019185, -4.999999999999912959, 45.00000000000000711 ) ) ;
#5566 = CARTESIAN_POINT ( 'NONE',  ( 0.000000000000000000, 26.99999999999999289, 20.20000000000000284 ) ) ;
#5567 = CARTESIAN_POINT ( 'NONE',  ( 70.00000000000000000, 19.99999999999998934, -15.00000000000002309 ) ) ;
#5568 = DIRECTION ( 'NONE',  ( -0.000000000000000000, -0.000000000000000000, 1.000000000000000000 ) ) ;
#5569 = CARTESIAN_POINT ( 'NONE',  ( -40.00000000000000711, -20.00000000000000711, -40.00000000000000000 ) ) ;
#5570 = LINE ( 'NONE', #12530, #9073 ) ;
#5571 = CARTESIAN_POINT ( 'NONE',  ( 85.99999999999994316, -30.00000000000000711, -40.00000000000000000 ) ) ;
#5572 = CARTESIAN_POINT ( 'NONE',  ( 38.24999999999982947, -28.00000000000000355, -22.50000000000000355 ) ) ;
#5573 = ORIENTED_EDGE ( 'NONE', *, *, #12238, .F. ) ;
#5574 = ORIENTED_EDGE ( 'NONE', *, *, #3379, .T. ) ;
#5575 = EDGE_CURVE ( 'NONE', #4719, #6000, #12389, .T. ) ;
#5576 = CARTESIAN_POINT ( 'NONE',  ( 22.00000000000003197, 29.99999999999999289, -2.999999999999996447 ) ) ;
#5577 = DIRECTION ( 'NONE',  ( 0.000000000000000000, 0.000000000000000000, 1.000000000000000000 ) ) ;
#5578 = CARTESIAN_POINT ( 'NONE',  ( 0.000000000000000000, -10.00000000000000533, 0.000000000000000000 ) ) ;
#5579 = CARTESIAN_POINT ( 'NONE',  ( 28.00000000000003197, 29.99999999999999289, 3.000000000000002665 ) ) ;
#5580 = CARTESIAN_POINT ( 'NONE',  ( -28.00000000000003197, 26.99999999999999289, -2.999999999999991562 ) ) ;
#5581 = CARTESIAN_POINT ( 'NONE',  ( 17.99999999999984368, 23.24999999999999289, -36.75000000000026290 ) ) ;
#5582 = VERTEX_POINT ( 'NONE', #6043 ) ;
#5583 = EDGE_CURVE ( 'NONE', #9560, #5125, #10090, .T. ) ;
#5584 = CARTESIAN_POINT ( 'NONE',  ( -23.74999999999999289, -4.999999999999913847, 35.00000000000000000 ) ) ;
#5585 = EDGE_LOOP ( 'NONE', ( #4541, #4156 ) ) ;
#5586 = EDGE_LOOP ( 'NONE', ( #11178, #12510, #3446, #5550 ) ) ;
#5587 = ORIENTED_EDGE ( 'NONE', *, *, #9832, .F. ) ;
#5588 = PLANE ( 'NONE',  #12421 ) ;
#5589 = EDGE_LOOP ( 'NONE', ( #10410, #8514, #2754, #4934 ) ) ;
#5590 = FACE_OUTER_BOUND ( 'NONE', #1552, .T. ) ;
#5591 = CYLINDRICAL_SURFACE ( 'NONE', #6688, 1.500000000000001332 ) ;
#5592 = FACE_OUTER_BOUND ( 'NONE', #2599, .T. ) ;
#5593 = CARTESIAN_POINT ( 'NONE',  ( 44.00000000000004263, 29.99999999999999289, 44.59999999999999432 ) ) ;
#5594 = DIRECTION ( 'NONE',  ( -1.000000000000000000, 0.000000000000000000, 0.000000000000000000 ) ) ;
#5595 = DIRECTION ( 'NONE',  ( 1.265545314620288785E-16, 0.4103646773287998317, -0.9119215051751055068 ) ) ;
#5596 = DIRECTION ( 'NONE',  ( -1.000000000000000000, 0.000000000000000000, 0.000000000000000000 ) ) ;
#5597 = ORIENTED_EDGE ( 'NONE', *, *, #8491, .F. ) ;
#5598 = FACE_OUTER_BOUND ( 'NONE', #8742, .T. ) ;
#5599 = EDGE_CURVE ( 'NONE', #661, #4469, #2587, .T. ) ;
#5600 = DIRECTION ( 'NONE',  ( -1.416100796715761356E-16, 0.000000000000000000, 1.000000000000000000 ) ) ;
#5601 = DIRECTION ( 'NONE',  ( 0.000000000000000000, 0.000000000000000000, 1.000000000000000000 ) ) ;
#5602 = EDGE_CURVE ( 'NONE', #9358, #5468, #1452, .T. ) ;
#5603 = EDGE_CURVE ( 'NONE', #7148, #4946, #7359, .T. ) ;
#5604 = ORIENTED_EDGE ( 'NONE', *, *, #1086, .F. ) ;
#5605 = ORIENTED_EDGE ( 'NONE', *, *, #1114, .T. ) ;
#5606 = DIRECTION ( 'NONE',  ( -1.000000000000000000, 0.000000000000000000, 0.000000000000000000 ) ) ;
#5607 = DIRECTION ( 'NONE',  ( 0.000000000000000000, 0.000000000000000000, 1.000000000000000000 ) ) ;
#5608 = DIRECTION ( 'NONE',  ( 3.193909657151132801E-16, -0.3905498468561714454, 0.9205817818752558557 ) ) ;
#5609 = EDGE_CURVE ( 'NONE', #8710, #12535, #10802, .T. ) ;
#5610 = LINE ( 'NONE', #9597, #6329 ) ;
#5611 = DIRECTION ( 'NONE',  ( -0.000000000000000000, 0.000000000000000000, -1.000000000000000000 ) ) ;
#5612 = VECTOR ( 'NONE', #4518, 1000.000000000000000 ) ;
#5613 = VERTEX_POINT ( 'NONE', #9616 ) ;
#5614 = PLANE ( 'NONE',  #519 ) ;
#5615 = CARTESIAN_POINT ( 'NONE',  ( 4.336808689942059151E-16, 26.99999999999999289, 3.000000000000010658 ) ) ;
#5616 = VERTEX_POINT ( 'NONE', #3389 ) ;
#5617 = VERTEX_POINT ( 'NONE', #10688 ) ;
#5618 = CARTESIAN_POINT ( 'NONE',  ( -58.25000000000019185, -4.999999999999913847, 35.00000000000000000 ) ) ;
#5619 = ORIENTED_EDGE ( 'NONE', *, *, #8780, .F. ) ;
#5620 = EDGE_LOOP ( 'NONE', ( #1937, #3331, #11535, #11021 ) ) ;
#5621 = VECTOR ( 'NONE', #6758, 1000.000000000000000 ) ;
#5622 = FACE_OUTER_BOUND ( 'NONE', #6987, .T. ) ;
#5623 = FACE_OUTER_BOUND ( 'NONE', #1939, .T. ) ;
#5624 = LINE ( 'NONE', #585, #6078 ) ;
#5625 = DIRECTION ( 'NONE',  ( -1.000000000000000000, 0.000000000000000000, -0.000000000000000000 ) ) ;
#5626 = LINE ( 'NONE', #9683, #9934 ) ;
#5627 = VECTOR ( 'NONE', #7831, 1000.000000000000000 ) ;
#5628 = CARTESIAN_POINT ( 'NONE',  ( -62.90000000000005542, 29.99999999999999289, 45.99999999999999289 ) ) ;
#5629 = EDGE_CURVE ( 'NONE', #331, #12651, #1319, .T. ) ;
#5630 = DIRECTION ( 'NONE',  ( -1.000000000000000000, 2.168404344971006896E-16, -0.000000000000000000 ) ) ;
#5631 = AXIS2_PLACEMENT_3D ( 'NONE', #315, #7491, #3200 ) ;
#5632 = CARTESIAN_POINT ( 'NONE',  ( 0.000000000000000000, 26.99999999999999289, 42.59999999999999432 ) ) ;
#5633 = CARTESIAN_POINT ( 'NONE',  ( 18.75000000000000355, 46.53999999999999204, 60.00000000000000711 ) ) ;
#5634 = ORIENTED_EDGE ( 'NONE', *, *, #9547, .F. ) ;
#5635 = ORIENTED_EDGE ( 'NONE', *, *, #3863, .T. ) ;
#5636 = VECTOR ( 'NONE', #12964, 1000.000000000000000 ) ;
#5637 = PLANE ( 'NONE',  #11375 ) ;
#5638 = DIRECTION ( 'NONE',  ( 1.000000000000000000, -0.000000000000000000, -0.000000000000000000 ) ) ;
#5639 = AXIS2_PLACEMENT_3D ( 'NONE', #707, #12924, #9944 ) ;
#5640 = EDGE_CURVE ( 'NONE', #1608, #12220, #6502, .T. ) ;
#5641 = DIRECTION ( 'NONE',  ( -0.000000000000000000, -1.000000000000000000, 0.000000000000000000 ) ) ;
#5642 = EDGE_CURVE ( 'NONE', #6285, #1608, #389, .T. ) ;
#5643 = CARTESIAN_POINT ( 'NONE',  ( 18.75000000000001066, -30.00000000000000711, 5.999999999999998224 ) ) ;
#5644 = EDGE_CURVE ( 'NONE', #5192, #13013, #3764, .T. ) ;
#5645 = CARTESIAN_POINT ( 'NONE',  ( -28.74999999999999645, 10.50000000000008527, 19.50000000000000355 ) ) ;
#5646 = VECTOR ( 'NONE', #5699, 1000.000000000000000 ) ;
#5647 = VECTOR ( 'NONE', #11835, 999.9999999999998863 ) ;
#5648 = DIRECTION ( 'NONE',  ( 1.000000000000000000, 0.000000000000000000, -0.000000000000000000 ) ) ;
#5649 = VERTEX_POINT ( 'NONE', #6432 ) ;
#5650 = ORIENTED_EDGE ( 'NONE', *, *, #188, .F. ) ;
#5651 = ORIENTED_EDGE ( 'NONE', *, *, #4461, .F. ) ;
#5652 = VECTOR ( 'NONE', #11720, 1000.000000000000000 ) ;
#5653 = ORIENTED_EDGE ( 'NONE', *, *, #7619, .F. ) ;
#5654 = VERTEX_POINT ( 'NONE', #9485 ) ;
#5655 = VERTEX_POINT ( 'NONE', #3310 ) ;
#5656 = CIRCLE ( 'NONE', #10326, 1.500000000000001332 ) ;
#5657 = CARTESIAN_POINT ( 'NONE',  ( -90.00000000000005684, -26.00000000000000711, -40.00000000000000000 ) ) ;
#5658 = ORIENTED_EDGE ( 'NONE', *, *, #12822, .T. ) ;
#5659 = AXIS2_PLACEMENT_3D ( 'NONE', #12833, #10865, #4618 ) ;
#5660 = CARTESIAN_POINT ( 'NONE',  ( 18.75000000000001066, -30.00000000000000711, 60.00000000000000711 ) ) ;
#5661 = DIRECTION ( 'NONE',  ( -0.000000000000000000, 1.000000000000000000, -0.000000000000000000 ) ) ;
#5662 = AXIS2_PLACEMENT_3D ( 'NONE', #11888, #9880, #11255 ) ;
#5663 = DIRECTION ( 'NONE',  ( 1.000000000000000000, -0.000000000000000000, 0.000000000000000000 ) ) ;
#5664 = EDGE_CURVE ( 'NONE', #7343, #1514, #8430, .T. ) ;
#5665 = CARTESIAN_POINT ( 'NONE',  ( 28.00000000000003197, 19.99999999999999289, -2.999999999999998224 ) ) ;
#5666 = VECTOR ( 'NONE', #2455, 1000.000000000000000 ) ;
#5667 = CARTESIAN_POINT ( 'NONE',  ( 80.00000000000000000, 19.99999999999999289, -40.00000000000000000 ) ) ;
#5668 = CARTESIAN_POINT ( 'NONE',  ( 18.74999999999983658, -30.00000000000001421, 44.85000000000000142 ) ) ;
#5669 = CARTESIAN_POINT ( 'NONE',  ( -18.75000000000001066, -71.21101871101875247, 51.58004158004151662 ) ) ;
#5670 = CARTESIAN_POINT ( 'NONE',  ( 46.00000000000004263, 29.99999999999999289, 30.39999999999999147 ) ) ;
#5671 = ORIENTED_EDGE ( 'NONE', *, *, #501, .T. ) ;
#5672 = AXIS2_PLACEMENT_3D ( 'NONE', #5367, #9404, #8416 ) ;
#5673 = CARTESIAN_POINT ( 'NONE',  ( -23.74999999999999645, 3.000000000000092815, 60.00000000000000711 ) ) ;
#5674 = AXIS2_PLACEMENT_3D ( 'NONE', #2561, #3424, #6674 ) ;
#5675 = VECTOR ( 'NONE', #3259, 1000.000000000000000 ) ;
#5676 = VECTOR ( 'NONE', #1987, 1000.000000000000000 ) ;
#5677 = AXIS2_PLACEMENT_3D ( 'NONE', #3586, #7636, #11689 ) ;
#5678 = LINE ( 'NONE', #9735, #5233 ) ;
#5679 = EDGE_CURVE ( 'NONE', #525, #10675, #7638, .T. ) ;
#5680 = ORIENTED_EDGE ( 'NONE', *, *, #1101, .T. ) ;
#5681 = ORIENTED_EDGE ( 'NONE', *, *, #13068, .T. ) ;
#5682 = VECTOR ( 'NONE', #4357, 1000.000000000000000 ) ;
#5683 = FACE_OUTER_BOUND ( 'NONE', #5324, .T. ) ;
#5684 = VECTOR ( 'NONE', #7631, 1000.000000000000000 ) ;
#5685 = LINE ( 'NONE', #640, #1631 ) ;
#5686 = LINE ( 'NONE', #7521, #4185 ) ;
#5687 = CARTESIAN_POINT ( 'NONE',  ( -23.74999999999999645, -15.00000000000001066, 44.85000000000000142 ) ) ;
#5688 = DIRECTION ( 'NONE',  ( 0.000000000000000000, 4.625929269271485914E-16, 1.000000000000000000 ) ) ;
#5689 = CIRCLE ( 'NONE', #10787, 1.500000000000004885 ) ;
#5690 = DIRECTION ( 'NONE',  ( 1.387778780781445676E-16, 0.000000000000000000, 1.000000000000000000 ) ) ;
#5691 = AXIS2_PLACEMENT_3D ( 'NONE', #11444, #2151, #10244 ) ;
#5692 = EDGE_LOOP ( 'NONE', ( #12933, #9410, #487, #12918 ) ) ;
#5693 = CARTESIAN_POINT ( 'NONE',  ( 9.499999999999905853, 23.24999999999999289, -39.25000000000014211 ) ) ;
#5694 = EDGE_CURVE ( 'NONE', #8082, #12390, #12469, .T. ) ;
#5695 = DIRECTION ( 'NONE',  ( -1.000000000000000000, 0.000000000000000000, 0.000000000000000000 ) ) ;
#5696 = VECTOR ( 'NONE', #10663, 1000.000000000000000 ) ;
#5697 = VERTEX_POINT ( 'NONE', #9557 ) ;
#5698 = ORIENTED_EDGE ( 'NONE', *, *, #978, .T. ) ;
#5699 = DIRECTION ( 'NONE',  ( -0.000000000000000000, -1.000000000000000000, -0.000000000000000000 ) ) ;
#5700 = EDGE_CURVE ( 'NONE', #12172, #10585, #3132, .T. ) ;
#5701 = AXIS2_PLACEMENT_3D ( 'NONE', #6072, #3825, #7066 ) ;
#5702 = VERTEX_POINT ( 'NONE', #12590 ) ;
#5703 = ORIENTED_EDGE ( 'NONE', *, *, #12011, .T. ) ;
#5704 = VECTOR ( 'NONE', #9108, 1000.000000000000000 ) ;
#5705 = PLANE ( 'NONE',  #6112 ) ;
#5706 = EDGE_CURVE ( 'NONE', #3860, #4862, #8857, .T. ) ;
#5707 = LINE ( 'NONE', #10549, #4604 ) ;
#5708 = DIRECTION ( 'NONE',  ( -1.000000000000000000, 0.000000000000000000, 0.000000000000000000 ) ) ;
#5709 = VECTOR ( 'NONE', #12358, 1000.000000000000000 ) ;
#5710 = LINE ( 'NONE', #8816, #11002 ) ;
#5711 = CARTESIAN_POINT ( 'NONE',  ( -46.00000000000004263, 29.99999999999999289, 46.00000000000000000 ) ) ;
#5712 = LINE ( 'NONE', #9762, #3973 ) ;
#5713 = CARTESIAN_POINT ( 'NONE',  ( -70.00000000000000000, 19.99999999999998934, -15.00000000000000711 ) ) ;
#5714 = VECTOR ( 'NONE', #6604, 1000.000000000000000 ) ;
#5716 = ADVANCED_FACE ( 'NONE', ( #1375 ), #4370, .T. ) ;
#5715 = ORIENTED_EDGE ( 'NONE', *, *, #1296, .F. ) ;
#5717 = CARTESIAN_POINT ( 'NONE',  ( 18.75000000000000355, 46.53999999999999204, 10.00000000000000000 ) ) ;
#5718 = CARTESIAN_POINT ( 'NONE',  ( 28.74999999999982947, -4.999999999999913847, 35.00000000000000000 ) ) ;
#5719 = CARTESIAN_POINT ( 'NONE',  ( 46.00000000000004263, 26.99999999999999289, 8.000000000000000000 ) ) ;
#5720 = VERTEX_POINT ( 'NONE', #7555 ) ;
#5721 = EDGE_LOOP ( 'NONE', ( #12947, #8389, #2605, #5282 ) ) ;
#5722 = AXIS2_PLACEMENT_3D ( 'NONE', #571, #4634, #647 ) ;
#5723 = FACE_BOUND ( 'NONE', #18, .T. ) ;
#5724 = EDGE_CURVE ( 'NONE', #9466, #4292, #9413, .T. ) ;
#5725 = DIRECTION ( 'NONE',  ( 1.000000000000000000, -0.000000000000000000, 0.000000000000000000 ) ) ;
#5726 = LINE ( 'NONE', #7766, #99 ) ;
#5727 = VECTOR ( 'NONE', #7336, 1000.000000000000000 ) ;
#5728 = DIRECTION ( 'NONE',  ( 1.000000000000000000, -0.000000000000000000, -0.000000000000000000 ) ) ;
#5729 = ADVANCED_FACE ( 'NONE', ( #1566 ), #11692, .F. ) ;
#5730 = CARTESIAN_POINT ( 'NONE',  ( 9.499999999999840128, 23.24999999999999289, -36.75000000000013500 ) ) ;
#5731 = LINE ( 'NONE', #8917, #12265 ) ;
#5732 = EDGE_LOOP ( 'NONE', ( #7852, #6435, #11352, #2921, #12378 ) ) ;
#5733 = ORIENTED_EDGE ( 'NONE', *, *, #8269, .T. ) ;
#5734 = VERTEX_POINT ( 'NONE', #12531 ) ;
#5735 = VERTEX_POINT ( 'NONE', #4572 ) ;
#5736 = EDGE_CURVE ( 'NONE', #5315, #11394, #3588, .T. ) ;
#5737 = ORIENTED_EDGE ( 'NONE', *, *, #6601, .F. ) ;
#5738 = VERTEX_POINT ( 'NONE', #13001 ) ;
#5739 = EDGE_CURVE ( 'NONE', #5697, #9416, #8758, .T. ) ;
#5740 = LINE ( 'NONE', #11564, #11384 ) ;
#5741 = ORIENTED_EDGE ( 'NONE', *, *, #7602, .T. ) ;
#5742 = CARTESIAN_POINT ( 'NONE',  ( -36.00000000000003553, 26.99999999999999289, 54.00000000000000000 ) ) ;
#5743 = LINE ( 'NONE', #8855, #3716 ) ;
#5744 = CARTESIAN_POINT ( 'NONE',  ( 0.000000000000000000, 29.99999999999999289, 30.39999999999999147 ) ) ;
#5745 = DIRECTION ( 'NONE',  ( 0.000000000000000000, 0.000000000000000000, 1.000000000000000000 ) ) ;
#5746 = LINE ( 'NONE', #11917, #11228 ) ;
#5747 = FACE_OUTER_BOUND ( 'NONE', #9838, .T. ) ;
#5748 = VERTEX_POINT ( 'NONE', #793 ) ;
#5749 = CARTESIAN_POINT ( 'NONE',  ( 14.30000000000000782, -43.50000000000000711, 46.99999999999998579 ) ) ;
#5750 = VERTEX_POINT ( 'NONE', #3845 ) ;
#5751 = ORIENTED_EDGE ( 'NONE', *, *, #944, .T. ) ;
#5752 = CARTESIAN_POINT ( 'NONE',  ( -90.00000000000004263, 21.65685424949236904, 8.343145750507616754 ) ) ;
#5753 = EDGE_LOOP ( 'NONE', ( #10645, #5604, #5008, #3552, #7232, #11306 ) ) ;
#5754 = ORIENTED_EDGE ( 'NONE', *, *, #4686, .T. ) ;
#5755 = CARTESIAN_POINT ( 'NONE',  ( -28.74999999999999645, -30.00000000000001421, 10.00000000000000000 ) ) ;
#5756 = LINE ( 'NONE', #8942, #7362 ) ;
#5757 = DIRECTION ( 'NONE',  ( 1.000000000000000000, 0.000000000000000000, -0.000000000000000000 ) ) ;
#5758 = CARTESIAN_POINT ( 'NONE',  ( 31.00000000000003908, 29.99999999999999289, 5.000000000000003553 ) ) ;
#5759 = CYLINDRICAL_SURFACE ( 'NONE', #11584, 3.000000000000000000 ) ;
#5760 = ORIENTED_EDGE ( 'NONE', *, *, #6682, .T. ) ;
#5761 = DIRECTION ( 'NONE',  ( 0.000000000000000000, 0.000000000000000000, 1.000000000000000000 ) ) ;
#5762 = DIRECTION ( 'NONE',  ( -0.3162277660168377746, -0.9486832980505138790, 0.000000000000000000 ) ) ;
#5763 = ORIENTED_EDGE ( 'NONE', *, *, #7057, .T. ) ;
#5764 = VERTEX_POINT ( 'NONE', #10760 ) ;
#5765 = LINE ( 'NONE', #10614, #549 ) ;
#5766 = ORIENTED_EDGE ( 'NONE', *, *, #5808, .F. ) ;
#5767 = EDGE_LOOP ( 'NONE', ( #6200, #3197, #8502 ) ) ;
#5768 = ORIENTED_EDGE ( 'NONE', *, *, #5599, .F. ) ;
#5769 = EDGE_CURVE ( 'NONE', #8058, #7343, #11895, .T. ) ;
#5770 = EDGE_CURVE ( 'NONE', #5617, #12599, #12797, .T. ) ;
#5771 = CARTESIAN_POINT ( 'NONE',  ( 46.37499999999989342, -30.00000000000000711, -14.00000000000000178 ) ) ;
#5772 = DIRECTION ( 'NONE',  ( -0.000000000000000000, 1.000000000000000000, -0.000000000000000000 ) ) ;
#5773 = DIRECTION ( 'NONE',  ( 0.9486832980505138790, 0.3162277660168377746, -0.000000000000000000 ) ) ;
#5774 = CARTESIAN_POINT ( 'NONE',  ( 42.00000000000002842, 26.99999999999999289, -3.000000000000000000 ) ) ;
#5775 = DIRECTION ( 'NONE',  ( 1.000000000000000000, -2.618450529776313247E-16, 0.000000000000000000 ) ) ;
#5776 = LINE ( 'NONE', #722, #9066 ) ;
#5777 = VERTEX_POINT ( 'NONE', #2800 ) ;
#5778 = EDGE_CURVE ( 'NONE', #12250, #3402, #11949, .T. ) ;
#5779 = FACE_BOUND ( 'NONE', #10364, .T. ) ;
#5780 = DIRECTION ( 'NONE',  ( 0.000000000000000000, 1.000000000000000000, -0.000000000000000000 ) ) ;
#5781 = EDGE_CURVE ( 'NONE', #10847, #11872, #668, .T. ) ;
#5782 = CARTESIAN_POINT ( 'NONE',  ( 23.74999999999982592, -4.999999999999913847, 35.00000000000000000 ) ) ;
#5783 = ORIENTED_EDGE ( 'NONE', *, *, #8256, .T. ) ;
#5784 = ORIENTED_EDGE ( 'NONE', *, *, #9985, .T. ) ;
#5785 = EDGE_CURVE ( 'NONE', #11846, #4653, #1720, .T. ) ;
#5786 = LINE ( 'NONE', #9830, #12629 ) ;
#5787 = LINE ( 'NONE', #8763, #9228 ) ;
#5788 = EDGE_CURVE ( 'NONE', #8188, #7865, #2947, .T. ) ;
#5789 = LINE ( 'NONE', #3717, #11138 ) ;
#5790 = CARTESIAN_POINT ( 'NONE',  ( 80.00000000000000000, 19.99999999999999289, -40.00000000000000000 ) ) ;
#5791 = PLANE ( 'NONE',  #5493 ) ;
#5792 = ORIENTED_EDGE ( 'NONE', *, *, #8914, .F. ) ;
#5793 = ORIENTED_EDGE ( 'NONE', *, *, #262, .F. ) ;
#5794 = ORIENTED_EDGE ( 'NONE', *, *, #2536, .F. ) ;
#5795 = EDGE_CURVE ( 'NONE', #1002, #4439, #3901, .T. ) ;
#5796 = LINE ( 'NONE', #682, #5926 ) ;
#5797 = ORIENTED_EDGE ( 'NONE', *, *, #12708, .F. ) ;
#5798 = ORIENTED_EDGE ( 'NONE', *, *, #4276, .T. ) ;
#5799 = EDGE_LOOP ( 'NONE', ( #2801, #5938, #7858, #4076 ) ) ;
#5800 = DIRECTION ( 'NONE',  ( 0.000000000000000000, 0.000000000000000000, -1.000000000000000000 ) ) ;
#5801 = ADVANCED_FACE ( 'NONE', ( #9826 ), #6701, .T. ) ;
#5802 = VERTEX_POINT ( 'NONE', #3788 ) ;
#5803 = DIRECTION ( 'NONE',  ( 0.000000000000000000, 0.000000000000000000, -1.000000000000000000 ) ) ;
#5804 = CARTESIAN_POINT ( 'NONE',  ( -34.00000000000002842, 26.99999999999999289, 20.20000000000000284 ) ) ;
#5805 = DIRECTION ( 'NONE',  ( -1.416100796715761356E-16, 0.000000000000000000, 1.000000000000000000 ) ) ;
#5806 = DIRECTION ( 'NONE',  ( 0.1564101584015871182, 0.000000000000000000, 0.9876921900819052302 ) ) ;
#5807 = CARTESIAN_POINT ( 'NONE',  ( -34.00000000000002842, 26.99999999999999289, 18.20000000000000284 ) ) ;
#5808 = EDGE_CURVE ( 'NONE', #10908, #715, #1211, .T. ) ;
#5809 = CARTESIAN_POINT ( 'NONE',  ( 3.499999999999998668, -24.00000000000000355, -36.75000000000000000 ) ) ;
#5810 = ADVANCED_FACE ( 'NONE', ( #8966 ), #9965, .F. ) ;
#5811 = PLANE ( 'NONE',  #4379 ) ;
#5812 = EDGE_LOOP ( 'NONE', ( #13104, #9875, #1468, #5381 ) ) ;
#5813 = EDGE_CURVE ( 'NONE', #2251, #9416, #7899, .T. ) ;
#5814 = LINE ( 'NONE', #10045, #2933 ) ;
#5815 = ORIENTED_EDGE ( 'NONE', *, *, #8528, .F. ) ;
#5816 = EDGE_CURVE ( 'NONE', #4015, #7025, #3649, .T. ) ;
#5817 = DIRECTION ( 'NONE',  ( 0.000000000000000000, 0.000000000000000000, -1.000000000000000000 ) ) ;
#5818 = ORIENTED_EDGE ( 'NONE', *, *, #11777, .F. ) ;
#5819 = VERTEX_POINT ( 'NONE', #11753 ) ;
#5820 = FACE_OUTER_BOUND ( 'NONE', #12357, .T. ) ;
#5821 = DIRECTION ( 'NONE',  ( 0.000000000000000000, 0.000000000000000000, 1.000000000000000000 ) ) ;
#5822 = ADVANCED_FACE ( 'NONE', ( #2648 ), #1542, .T. ) ;
#5823 = CYLINDRICAL_SURFACE ( 'NONE', #5701, 0.5000000000000004441 ) ;
#5824 = DIRECTION ( 'NONE',  ( -0.000000000000000000, -0.000000000000000000, -1.000000000000000000 ) ) ;
#5825 = VERTEX_POINT ( 'NONE', #8593 ) ;
#5826 = DIRECTION ( 'NONE',  ( 0.000000000000000000, 0.000000000000000000, 1.000000000000000000 ) ) ;
#5827 = EDGE_CURVE ( 'NONE', #9633, #8142, #3425, .T. ) ;
#5828 = LINE ( 'NONE', #12060, #13127 ) ;
#5829 = ORIENTED_EDGE ( 'NONE', *, *, #11361, .F. ) ;
#5830 = EDGE_LOOP ( 'NONE', ( #1343, #6223, #13117, #502, #6647, #553, #4106 ) ) ;
#5831 = DIRECTION ( 'NONE',  ( -1.000000000000000000, 0.000000000000000000, 0.000000000000000000 ) ) ;
#5832 = ORIENTED_EDGE ( 'NONE', *, *, #11433, .T. ) ;
#5833 = VERTEX_POINT ( 'NONE', #6613 ) ;
#5834 = VERTEX_POINT ( 'NONE', #9741 ) ;
#5835 = DIRECTION ( 'NONE',  ( 0.000000000000000000, -0.000000000000000000, 1.000000000000000000 ) ) ;
#5836 = PLANE ( 'NONE',  #5662 ) ;
#5837 = CARTESIAN_POINT ( 'NONE',  ( 31.00000000000003908, 26.99999999999999289, -4.999999999999999112 ) ) ;
#5838 = CIRCLE ( 'NONE', #2221, 0.5000000000000004441 ) ;
#5839 = CARTESIAN_POINT ( 'NONE',  ( 36.00000000000003553, 26.99999999999999289, 30.39999999999999858 ) ) ;
#5840 = CARTESIAN_POINT ( 'NONE',  ( 31.00000000000003908, 26.99999999999999289, 5.000000000000003553 ) ) ;
#5841 = EDGE_CURVE ( 'NONE', #10766, #6331, #11196, .T. ) ;
#5842 = CYLINDRICAL_SURFACE ( 'NONE', #7357, 3.999999999999996447 ) ;
#5843 = ORIENTED_EDGE ( 'NONE', *, *, #3989, .T. ) ;
#5844 = CARTESIAN_POINT ( 'NONE',  ( -80.00000000000000000, 19.99999999999999289, -40.00000000000000000 ) ) ;
#5845 = DIRECTION ( 'NONE',  ( 1.000000000000000000, 2.168404344971006896E-16, 0.000000000000000000 ) ) ;
#5846 = VERTEX_POINT ( 'NONE', #8479 ) ;
#5847 = ORIENTED_EDGE ( 'NONE', *, *, #7005, .T. ) ;
#5848 = AXIS2_PLACEMENT_3D ( 'NONE', #9352, #7819, #4700 ) ;
#5849 = CARTESIAN_POINT ( 'NONE',  ( -47.40000000000004121, 29.99999999999999289, 0.000000000000000000 ) ) ;
#5850 = CARTESIAN_POINT ( 'NONE',  ( 30.00000000000002842, 6.749999999999995559, -33.25000000000000000 ) ) ;
#5851 = EDGE_CURVE ( 'NONE', #3725, #4339, #4625, .T. ) ;
#5852 = VECTOR ( 'NONE', #5050, 1000.000000000000000 ) ;
#5853 = CARTESIAN_POINT ( 'NONE',  ( -23.74999999999998934, 4.999999999999990230, 60.00000000000000711 ) ) ;
#5854 = CARTESIAN_POINT ( 'NONE',  ( 30.00000000000002842, 5.749999999999992895, -33.25000000000000000 ) ) ;
#5855 = ADVANCED_FACE ( 'NONE', ( #11468 ), #362, .F. ) ;
#5856 = CARTESIAN_POINT ( 'NONE',  ( 30.00000000000002842, 6.749999999999995559, -40.00000000000000000 ) ) ;
#5857 = ORIENTED_EDGE ( 'NONE', *, *, #6669, .T. ) ;
#5858 = ORIENTED_EDGE ( 'NONE', *, *, #2366, .F. ) ;
#5859 = ADVANCED_FACE ( 'NONE', ( #2364 ), #8671, .T. ) ;
#5860 = EDGE_LOOP ( 'NONE', ( #9545, #4371, #7669, #6936, #7020, #2430, #2034, #4989, #410, #4592, #5991, #6664 ) ) ;
#5861 = VECTOR ( 'NONE', #3009, 1000.000000000000000 ) ;
#5862 = CARTESIAN_POINT ( 'NONE',  ( 23.74999999999982236, 4.999999999999990230, 60.00000000000000711 ) ) ;
#5863 = AXIS2_PLACEMENT_3D ( 'NONE', #5127, #12900, #7918 ) ;
#5864 = ORIENTED_EDGE ( 'NONE', *, *, #10617, .T. ) ;
#5865 = VECTOR ( 'NONE', #9040, 1000.000000000000000 ) ;
#5866 = ORIENTED_EDGE ( 'NONE', *, *, #2853, .T. ) ;
#5867 = ORIENTED_EDGE ( 'NONE', *, *, #11449, .F. ) ;
#5868 = ORIENTED_EDGE ( 'NONE', *, *, #11152, .F. ) ;
#5869 = LINE ( 'NONE', #2000, #5209 ) ;
#5870 = LINE ( 'NONE', #1070, #10938 ) ;
#5871 = DIRECTION ( 'NONE',  ( -0.000000000000000000, 1.000000000000000000, -0.000000000000000000 ) ) ;
#5872 = VECTOR ( 'NONE', #2573, 1000.000000000000000 ) ;
#5873 = VECTOR ( 'NONE', #12295, 1000.000000000000000 ) ;
#5874 = DIRECTION ( 'NONE',  ( 0.000000000000000000, -1.000000000000000000, 0.000000000000000000 ) ) ;
#5875 = CARTESIAN_POINT ( 'NONE',  ( -20.00000000000002842, 19.99999999999999289, 0.000000000000000000 ) ) ;
#5876 = CARTESIAN_POINT ( 'NONE',  ( 72.00000000000002842, 26.99999999999999289, 50.00000000000000000 ) ) ;
#5877 = VECTOR ( 'NONE', #12167, 1000.000000000000000 ) ;
#5878 = VERTEX_POINT ( 'NONE', #6473 ) ;
#5879 = PLANE ( 'NONE',  #11210 ) ;
#5880 = ORIENTED_EDGE ( 'NONE', *, *, #9527, .F. ) ;
#5881 = VECTOR ( 'NONE', #3097, 1000.000000000000000 ) ;
#5882 = VECTOR ( 'NONE', #2847, 1000.000000000000000 ) ;
#5883 = AXIS2_PLACEMENT_3D ( 'NONE', #12564, #3472, #5601 ) ;
#5884 = VECTOR ( 'NONE', #8232, 1000.000000000000000 ) ;
#5885 = CARTESIAN_POINT ( 'NONE',  ( -46.00000000000004263, 26.99999999999999289, 18.19999999999999574 ) ) ;
#5886 = ORIENTED_EDGE ( 'NONE', *, *, #2668, .F. ) ;
#5887 = ORIENTED_EDGE ( 'NONE', *, *, #9631, .T. ) ;
#5888 = VECTOR ( 'NONE', #4063, 1000.000000000000000 ) ;
#5889 = CARTESIAN_POINT ( 'NONE',  ( 34.00000000000001421, 29.99999999999999289, 3.000000000000005773 ) ) ;
#5890 = CARTESIAN_POINT ( 'NONE',  ( 28.74999999999982947, 19.99999999999998934, 60.00000000000000711 ) ) ;
#5891 = CARTESIAN_POINT ( 'NONE',  ( -62.90000000000004121, 29.99999999999999289, 0.000000000000000000 ) ) ;
#5892 = VECTOR ( 'NONE', #2766, 1000.000000000000000 ) ;
#5893 = FACE_OUTER_BOUND ( 'NONE', #8955, .T. ) ;
#5894 = VECTOR ( 'NONE', #3364, 1000.000000000000000 ) ;
#5895 = MECHANICAL_DESIGN_GEOMETRIC_PRESENTATION_REPRESENTATION (  '', ( #12438 ), #8008 ) ;
#5896 = LINE ( 'NONE', #12056, #5214 ) ;
#5897 = ORIENTED_EDGE ( 'NONE', *, *, #9375, .T. ) ;
#5898 = CARTESIAN_POINT ( 'NONE',  ( -34.00000000000002842, 26.99999999999999289, 0.000000000000000000 ) ) ;
#5899 = VECTOR ( 'NONE', #7698, 1000.000000000000000 ) ;
#5900 = AXIS2_PLACEMENT_3D ( 'NONE', #10697, #1464, #462 ) ;
#5901 = FACE_OUTER_BOUND ( 'NONE', #11477, .T. ) ;
#5902 = ORIENTED_EDGE ( 'NONE', *, *, #8968, .T. ) ;
#5903 = LINE ( 'NONE', #9076, #5020 ) ;
#5904 = VECTOR ( 'NONE', #5509, 1000.000000000000000 ) ;
#5905 = VECTOR ( 'NONE', #5568, 1000.000000000000000 ) ;
#5906 = EDGE_LOOP ( 'NONE', ( #8337, #10055, #11951, #1830 ) ) ;
#5907 = VERTEX_POINT ( 'NONE', #4694 ) ;
#5908 = PRESENTATION_STYLE_ASSIGNMENT (( #4031 ) ) ;
#5909 = AXIS2_PLACEMENT_3D ( 'NONE', #8029, #13129, #4853 ) ;
#5910 = DIRECTION ( 'NONE',  ( 0.000000000000000000, 0.000000000000000000, -1.000000000000000000 ) ) ;
#5911 = LINE ( 'NONE', #9082, #10103 ) ;
#5912 = VECTOR ( 'NONE', #6211, 1000.000000000000000 ) ;
#5913 = CARTESIAN_POINT ( 'NONE',  ( 33.00000000000004263, 26.99999999999999289, 0.000000000000000000 ) ) ;
#5914 = DIRECTION ( 'NONE',  ( -1.000000000000000000, 8.673617379884027583E-16, 0.000000000000000000 ) ) ;
#5915 = CARTESIAN_POINT ( 'NONE',  ( -14.30000000000000426, 38.26999999999998892, 51.00000000000000000 ) ) ;
#5916 = VERTEX_POINT ( 'NONE', #12514 ) ;
#5917 = CIRCLE ( 'NONE', #2941, 2.500000000000002220 ) ;
#5918 = DIRECTION ( 'NONE',  ( 1.000000000000000000, 0.000000000000000000, 0.000000000000000000 ) ) ;
#5919 = LINE ( 'NONE', #7084, #12473 ) ;
#5920 = DIRECTION ( 'NONE',  ( -0.000000000000000000, 1.000000000000000000, -0.000000000000000000 ) ) ;
#5921 = ORIENTED_EDGE ( 'NONE', *, *, #8171, .F. ) ;
#5922 = VECTOR ( 'NONE', #11192, 1000.000000000000000 ) ;
#5923 = VERTEX_POINT ( 'NONE', #3624 ) ;
#5924 = CIRCLE ( 'NONE', #1020, 4.000000000000003553 ) ;
#5925 = ADVANCED_FACE ( 'NONE', ( #6412 ), #7464, .T. ) ;
#5926 = VECTOR ( 'NONE', #6591, 1000.000000000000000 ) ;
#5927 = FACE_OUTER_BOUND ( 'NONE', #268, .T. ) ;
#5928 = PLANE ( 'NONE',  #1383 ) ;
#5929 = ADVANCED_FACE ( 'NONE', ( #3476 ), #2417, .T. ) ;
#5930 = VECTOR ( 'NONE', #5074, 1000.000000000000000 ) ;
#5931 = DIRECTION ( 'NONE',  ( 0.000000000000000000, 1.000000000000000000, -0.000000000000000000 ) ) ;
#5932 = LINE ( 'NONE', #3718, #1862 ) ;
#5933 = AXIS2_PLACEMENT_3D ( 'NONE', #2986, #1979, #8906 ) ;
#5934 = DIRECTION ( 'NONE',  ( 1.000000000000000000, 0.000000000000000000, 0.000000000000000000 ) ) ;
#5935 = EDGE_LOOP ( 'NONE', ( #9966, #12472, #12753, #1053 ) ) ;
#5936 = ORIENTED_EDGE ( 'NONE', *, *, #12320, .F. ) ;
#5937 = EDGE_LOOP ( 'NONE', ( #212, #9085, #8977, #10455 ) ) ;
#5938 = ORIENTED_EDGE ( 'NONE', *, *, #5739, .F. ) ;
#5939 = ORIENTED_EDGE ( 'NONE', *, *, #1014, .F. ) ;
#5940 = CARTESIAN_POINT ( 'NONE',  ( 28.00000000000003197, 29.99999999999999289, 3.000000000000002665 ) ) ;
#5941 = DIRECTION ( 'NONE',  ( -0.000000000000000000, -0.000000000000000000, -1.000000000000000000 ) ) ;
#5942 = VECTOR ( 'NONE', #4336, 1000.000000000000000 ) ;
#5943 = EDGE_CURVE ( 'NONE', #6649, #8053, #11730, .T. ) ;
#5944 = CARTESIAN_POINT ( 'NONE',  ( -40.00000000000000711, -20.00000000000000711, -40.00000000000000000 ) ) ;
#5945 = LINE ( 'NONE', #12907, #12693 ) ;
#5946 = CYLINDRICAL_SURFACE ( 'NONE', #9910, 2.000000000000008882 ) ;
#5947 = ORIENTED_EDGE ( 'NONE', *, *, #6465, .T. ) ;
#5948 = EDGE_CURVE ( 'NONE', #8185, #5720, #8219, .T. ) ;
#5949 = CARTESIAN_POINT ( 'NONE',  ( 0.000000000000000000, 26.99999999999999289, 5.000000000000003553 ) ) ;
#5950 = EDGE_CURVE ( 'NONE', #9432, #8365, #2486, .T. ) ;
#5951 = DIRECTION ( 'NONE',  ( -1.000000000000000000, 0.000000000000000000, 4.336808689942018722E-16 ) ) ;
#5952 = ORIENTED_EDGE ( 'NONE', *, *, #1786, .T. ) ;
#5953 = ORIENTED_EDGE ( 'NONE', *, *, #9333, .F. ) ;
#5954 = FACE_BOUND ( 'NONE', #1090, .T. ) ;
#5955 = DIRECTION ( 'NONE',  ( -1.734723475976807094E-15, 0.000000000000000000, -1.000000000000000000 ) ) ;
#5956 = DIRECTION ( 'NONE',  ( 1.000000000000000000, 0.000000000000000000, -0.000000000000000000 ) ) ;
#5957 = LINE ( 'NONE', #8799, #2300 ) ;
#5958 = LINE ( 'NONE', #1760, #1599 ) ;
#5959 = VERTEX_POINT ( 'NONE', #11526 ) ;
#5960 = DIRECTION ( 'NONE',  ( 0.000000000000000000, 0.000000000000000000, 1.000000000000000000 ) ) ;
#5961 = EDGE_CURVE ( 'NONE', #8098, #5061, #1613, .T. ) ;
#5962 = ORIENTED_EDGE ( 'NONE', *, *, #5827, .T. ) ;
#5963 = DIRECTION ( 'NONE',  ( 0.000000000000000000, 0.000000000000000000, -1.000000000000000000 ) ) ;
#5964 = ORIENTED_EDGE ( 'NONE', *, *, #1815, .F. ) ;
#5965 = ORIENTED_EDGE ( 'NONE', *, *, #1952, .F. ) ;
#5966 = LINE ( 'NONE', #11085, #1231 ) ;
#5967 = EDGE_CURVE ( 'NONE', #3773, #4546, #5686, .T. ) ;
#5968 = DIRECTION ( 'NONE',  ( 0.000000000000000000, 0.000000000000000000, 1.000000000000000000 ) ) ;
#5969 = DIRECTION ( 'NONE',  ( -0.000000000000000000, 0.000000000000000000, -1.000000000000000000 ) ) ;
#5970 = CARTESIAN_POINT ( 'NONE',  ( 18.75000000000000355, 19.99999999999998934, 60.00000000000000711 ) ) ;
#5971 = CARTESIAN_POINT ( 'NONE',  ( 28.75000000000000000, -33.65328382624345238, 15.68395384711746310 ) ) ;
#5972 = PLANE ( 'NONE',  #291 ) ;
#5973 = ORIENTED_EDGE ( 'NONE', *, *, #7071, .T. ) ;
#5974 = EDGE_CURVE ( 'NONE', #9330, #2630, #11610, .T. ) ;
#5975 = EDGE_CURVE ( 'NONE', #1233, #974, #5552, .T. ) ;
#5976 = DIRECTION ( 'NONE',  ( -1.000000000000000000, 0.000000000000000000, 0.000000000000000000 ) ) ;
#5977 = CARTESIAN_POINT ( 'NONE',  ( -46.00000000000004263, 26.99999999999999289, 5.999999999999999112 ) ) ;
#5978 = VERTEX_POINT ( 'NONE', #4549 ) ;
#5979 = ORIENTED_EDGE ( 'NONE', *, *, #6867, .F. ) ;
#5980 = EDGE_CURVE ( 'NONE', #10007, #7699, #8797, .T. ) ;
#5981 = ORIENTED_EDGE ( 'NONE', *, *, #1335, .T. ) ;
#5982 = CARTESIAN_POINT ( 'NONE',  ( -9.500000000000103029, 19.99999999999999289, -39.25000000000000000 ) ) ;
#5983 = FACE_OUTER_BOUND ( 'NONE', #5721, .T. ) ;
#5984 = DIRECTION ( 'NONE',  ( 0.000000000000000000, 0.000000000000000000, 1.000000000000000000 ) ) ;
#5985 = EDGE_CURVE ( 'NONE', #5364, #4555, #1757, .T. ) ;
#5986 = LINE ( 'NONE', #1661, #10993 ) ;
#5987 = CARTESIAN_POINT ( 'NONE',  ( 33.71929988493746322, -30.00000000000000711, -5.339761809553717598 ) ) ;
#5988 = ORIENTED_EDGE ( 'NONE', *, *, #5781, .T. ) ;
#5989 = ORIENTED_EDGE ( 'NONE', *, *, #3236, .T. ) ;
#5990 = EDGE_LOOP ( 'NONE', ( #1813, #1607, #3403, #7487 ) ) ;
#5991 = ORIENTED_EDGE ( 'NONE', *, *, #185, .T. ) ;
#5992 = ORIENTED_EDGE ( 'NONE', *, *, #12554, .F. ) ;
#5993 = CYLINDRICAL_SURFACE ( 'NONE', #7320, 1.500000000000004885 ) ;
#5994 = LINE ( 'NONE', #11243, #3492 ) ;
#5995 = LINE ( 'NONE', #11244, #8598 ) ;
#5996 = DIRECTION ( 'NONE',  ( 1.000000000000000000, 0.000000000000000000, 0.000000000000000000 ) ) ;
#5997 = DIRECTION ( 'NONE',  ( -0.000000000000000000, 0.000000000000000000, -1.000000000000000000 ) ) ;
#5998 = DIRECTION ( 'NONE',  ( -0.000000000000000000, 1.000000000000000000, -0.000000000000000000 ) ) ;
#5999 = DIRECTION ( 'NONE',  ( 0.000000000000000000, 0.000000000000000000, 1.000000000000000000 ) ) ;
#6000 = VERTEX_POINT ( 'NONE', #8994 ) ;
#6001 = LINE ( 'NONE', #12970, #170 ) ;
#6002 = EDGE_CURVE ( 'NONE', #2829, #9279, #13107, .T. ) ;
#6003 = EDGE_CURVE ( 'NONE', #2818, #8053, #1691, .T. ) ;
#6004 = DIRECTION ( 'NONE',  ( 1.734723475976804728E-15, 0.000000000000000000, 1.000000000000000000 ) ) ;
#6005 = EDGE_LOOP ( 'NONE', ( #1579, #4123, #6059, #12689 ) ) ;
#6006 = VERTEX_POINT ( 'NONE', #762 ) ;
#6007 = EDGE_CURVE ( 'NONE', #2307, #5337, #893, .T. ) ;
#6008 = LINE ( 'NONE', #1900, #795 ) ;
#6009 = DIRECTION ( 'NONE',  ( -1.000000000000000000, 0.000000000000000000, 0.000000000000000000 ) ) ;
#6010 = CARTESIAN_POINT ( 'NONE',  ( -38.00000000000004263, 29.99999999999999289, 54.00000000000000000 ) ) ;
#6011 = LINE ( 'NONE', #12978, #7179 ) ;
#6012 = LINE ( 'NONE', #1031, #9897 ) ;
#6013 = ORIENTED_EDGE ( 'NONE', *, *, #7418, .T. ) ;
#6014 = DIRECTION ( 'NONE',  ( -0.000000000000000000, 1.000000000000000000, -0.000000000000000000 ) ) ;
#6015 = DIRECTION ( 'NONE',  ( -1.000000000000000000, 0.000000000000000000, 0.000000000000000000 ) ) ;
#6016 = ORIENTED_EDGE ( 'NONE', *, *, #6333, .T. ) ;
#6017 = DIRECTION ( 'NONE',  ( -1.000000000000000000, 0.000000000000000000, 0.000000000000000000 ) ) ;
#6018 = EDGE_CURVE ( 'NONE', #3600, #415, #2776, .T. ) ;
#6019 = ORIENTED_EDGE ( 'NONE', *, *, #1655, .T. ) ;
#6020 = EDGE_CURVE ( 'NONE', #5063, #5560, #7811, .T. ) ;
#6021 = DIRECTION ( 'NONE',  ( -0.000000000000000000, 1.000000000000000000, -0.000000000000000000 ) ) ;
#6022 = VERTEX_POINT ( 'NONE', #1957 ) ;
#6023 = ORIENTED_EDGE ( 'NONE', *, *, #4915, .T. ) ;
#6024 = ADVANCED_FACE ( 'NONE', ( #12920 ), #8876, .F. ) ;
#6025 = DIRECTION ( 'NONE',  ( -0.000000000000000000, 0.000000000000000000, -1.000000000000000000 ) ) ;
#6026 = CARTESIAN_POINT ( 'NONE',  ( 0.000000000000000000, 29.99999999999999289, 44.59999999999999432 ) ) ;
#6027 = DIRECTION ( 'NONE',  ( 0.000000000000000000, 0.4224229034221534951, 0.9063988584858202469 ) ) ;
#6028 = EDGE_CURVE ( 'NONE', #7454, #10218, #7872, .T. ) ;
#6029 = DIRECTION ( 'NONE',  ( -1.000000000000000000, 0.000000000000000000, 0.000000000000000000 ) ) ;
#6030 = ORIENTED_EDGE ( 'NONE', *, *, #12330, .T. ) ;
#6031 = ORIENTED_EDGE ( 'NONE', *, *, #8446, .F. ) ;
#6032 = ORIENTED_EDGE ( 'NONE', *, *, #11250, .T. ) ;
#6033 = ORIENTED_EDGE ( 'NONE', *, *, #10733, .T. ) ;
#6034 = FACE_BOUND ( 'NONE', #2006, .T. ) ;
#6035 = EDGE_CURVE ( 'NONE', #7622, #11406, #2832, .T. ) ;
#6036 = DIRECTION ( 'NONE',  ( -1.000000000000000000, 0.000000000000000000, 0.000000000000000000 ) ) ;
#6037 = CARTESIAN_POINT ( 'NONE',  ( 49.40000000000004121, 26.99999999999999289, 0.000000000000000000 ) ) ;
#6038 = EDGE_CURVE ( 'NONE', #5061, #7586, #12658, .T. ) ;
#6039 = LINE ( 'NONE', #4100, #7156 ) ;
#6040 = DIRECTION ( 'NONE',  ( -1.000000000000000000, 0.000000000000000000, 0.000000000000000000 ) ) ;
#6041 = CARTESIAN_POINT ( 'NONE',  ( -29.99999999999997158, 19.99999999999999289, -40.00000000000000000 ) ) ;
#6042 = VECTOR ( 'NONE', #608, 1000.000000000000000 ) ;
#6043 = CARTESIAN_POINT ( 'NONE',  ( 9.499999999999840128, 19.99999999999999289, -36.75000000000013500 ) ) ;
#6044 = ORIENTED_EDGE ( 'NONE', *, *, #5354, .F. ) ;
#6045 = ORIENTED_EDGE ( 'NONE', *, *, #508, .T. ) ;
#6046 = EDGE_LOOP ( 'NONE', ( #10980, #8616, #12837, #217 ) ) ;
#6047 = VERTEX_POINT ( 'NONE', #5012 ) ;
#6048 = ORIENTED_EDGE ( 'NONE', *, *, #6003, .F. ) ;
#6049 = CARTESIAN_POINT ( 'NONE',  ( -14.30000000000000426, 38.26999999999998892, 22.60434383594887109 ) ) ;
#6050 = FACE_OUTER_BOUND ( 'NONE', #1600, .T. ) ;
#6051 = AXIS2_PLACEMENT_3D ( 'NONE', #5371, #6680, #8803 ) ;
#6052 = EDGE_CURVE ( 'NONE', #9711, #7657, #12883, .T. ) ;
#6053 = CARTESIAN_POINT ( 'NONE',  ( -66.00000000000002842, 25.99999999999999289, 56.00000000000000711 ) ) ;
#6054 = EDGE_CURVE ( 'NONE', #1277, #4094, #11012, .T. ) ;
#6055 = DIRECTION ( 'NONE',  ( 0.000000000000000000, 0.000000000000000000, 1.000000000000000000 ) ) ;
#6056 = CARTESIAN_POINT ( 'NONE',  ( -23.75000000000000000, 19.99999999999998934, 44.85000000000000142 ) ) ;
#6057 = DIRECTION ( 'NONE',  ( 0.000000000000000000, 1.000000000000000000, 0.000000000000000000 ) ) ;
#6058 = VECTOR ( 'NONE', #7249, 1000.000000000000000 ) ;
#6059 = ORIENTED_EDGE ( 'NONE', *, *, #9651, .F. ) ;
#6060 = LINE ( 'NONE', #1015, #9945 ) ;
#6061 = ORIENTED_EDGE ( 'NONE', *, *, #2628, .F. ) ;
#6062 = CIRCLE ( 'NONE', #11573, 1.500000000000004885 ) ;
#6063 = CARTESIAN_POINT ( 'NONE',  ( -42.00000000000001421, 26.99999999999999289, -5.000000000000000000 ) ) ;
#6064 = EDGE_CURVE ( 'NONE', #3217, #4778, #5756, .T. ) ;
#6065 = ORIENTED_EDGE ( 'NONE', *, *, #6018, .F. ) ;
#6066 = CIRCLE ( 'NONE', #3508, 2.000000000000001776 ) ;
#6067 = EDGE_LOOP ( 'NONE', ( #11201, #10820, #9914, #11734 ) ) ;
#6068 = ORIENTED_EDGE ( 'NONE', *, *, #10978, .F. ) ;
#6069 = CIRCLE ( 'NONE', #12003, 1.500000000000001332 ) ;
#6070 = AXIS2_PLACEMENT_3D ( 'NONE', #951, #10937, #6821 ) ;
#6071 = DIRECTION ( 'NONE',  ( 6.195440985631457782E-17, 0.000000000000000000, -1.000000000000000000 ) ) ;
#6072 = CARTESIAN_POINT ( 'NONE',  ( 33.24999999999983658, -5.000000000000004441, -11.50000000000000355 ) ) ;
#6073 = DIRECTION ( 'NONE',  ( 1.000000000000000000, -0.000000000000000000, -0.000000000000000000 ) ) ;
#6074 = ORIENTED_EDGE ( 'NONE', *, *, #11212, .T. ) ;
#6075 = VECTOR ( 'NONE', #7214, 1000.000000000000000 ) ;
#6076 = CARTESIAN_POINT ( 'NONE',  ( -4.336808689942059151E-16, 26.99999999999999289, 3.000000000000010658 ) ) ;
#6077 = EDGE_LOOP ( 'NONE', ( #9781, #8711, #4590, #12529 ) ) ;
#6078 = VECTOR ( 'NONE', #5708, 1000.000000000000000 ) ;
#6079 = VECTOR ( 'NONE', #11082, 1000.000000000000000 ) ;
#6080 = CARTESIAN_POINT ( 'NONE',  ( 89.99999999999994316, -26.00000000000000711, 6.000000000000000000 ) ) ;
#6081 = DIRECTION ( 'NONE',  ( 1.000000000000000000, -0.000000000000000000, -0.000000000000000000 ) ) ;
#6082 = VECTOR ( 'NONE', #13007, 1000.000000000000000 ) ;
#6083 = ORIENTED_EDGE ( 'NONE', *, *, #10265, .F. ) ;
#6084 = EDGE_CURVE ( 'NONE', #4054, #867, #3879, .T. ) ;
#6085 = VECTOR ( 'NONE', #4074, 1000.000000000000000 ) ;
#6086 = CARTESIAN_POINT ( 'NONE',  ( 3.097720492815727659E-16, 29.99999999999999289, -4.999999999999997335 ) ) ;
#6087 = ORIENTED_EDGE ( 'NONE', *, *, #3267, .F. ) ;
#6088 = ORIENTED_EDGE ( 'NONE', *, *, #10842, .F. ) ;
#6089 = CIRCLE ( 'NONE', #1205, 4.000000000000010658 ) ;
#6090 = DIRECTION ( 'NONE',  ( 0.000000000000000000, 0.000000000000000000, 1.000000000000000000 ) ) ;
#6091 = AXIS2_PLACEMENT_3D ( 'NONE', #12775, #7519, #2363 ) ;
#6092 = VECTOR ( 'NONE', #12972, 999.9999999999998863 ) ;
#6093 = LINE ( 'NONE', #11467, #349 ) ;
#6094 = LINE ( 'NONE', #6026, #5052 ) ;
#6095 = ADVANCED_FACE ( 'NONE', ( #9997 ), #983, .F. ) ;
#6096 = DIRECTION ( 'NONE',  ( -0.000000000000000000, 1.000000000000000000, -0.000000000000000000 ) ) ;
#6097 = VECTOR ( 'NONE', #2384, 1000.000000000000000 ) ;
#6098 = VECTOR ( 'NONE', #4366, 1000.000000000000000 ) ;
#6099 = EDGE_LOOP ( 'NONE', ( #3380, #2825, #8789, #1651, #9126, #10486 ) ) ;
#6100 = CARTESIAN_POINT ( 'NONE',  ( -19.07309646274162418, -29.03071061177514522, 25.59372252468410736 ) ) ;
#6101 = CIRCLE ( 'NONE', #10125, 2.500000000000002220 ) ;
#6102 = ORIENTED_EDGE ( 'NONE', *, *, #1622, .T. ) ;
#6103 = VECTOR ( 'NONE', #6354, 1000.000000000000000 ) ;
#6104 = ORIENTED_EDGE ( 'NONE', *, *, #9793, .T. ) ;
#6105 = ORIENTED_EDGE ( 'NONE', *, *, #8063, .F. ) ;
#6106 = VECTOR ( 'NONE', #6872, 1000.000000000000000 ) ;
#6107 = VECTOR ( 'NONE', #12359, 1000.000000000000000 ) ;
#6108 = EDGE_CURVE ( 'NONE', #1151, #9031, #3051, .T. ) ;
#6109 = PLANE ( 'NONE',  #10348 ) ;
#6110 = CARTESIAN_POINT ( 'NONE',  ( 23.74999999999999289, -20.49999999999991473, 19.50000000000000355 ) ) ;
#6111 = CARTESIAN_POINT ( 'NONE',  ( -90.00000000000005684, 25.99999999999998934, -40.00000000000000000 ) ) ;
#6112 = AXIS2_PLACEMENT_3D ( 'NONE', #717, #4709, #6770 ) ;
#6113 = AXIS2_PLACEMENT_3D ( 'NONE', #12792, #11890, #6494 ) ;
#6114 = FACE_OUTER_BOUND ( 'NONE', #9402, .T. ) ;
#6115 = VECTOR ( 'NONE', #8817, 1000.000000000000000 ) ;
#6116 = DIRECTION ( 'NONE',  ( 0.000000000000000000, 0.000000000000000000, 1.000000000000000000 ) ) ;
#6117 = VECTOR ( 'NONE', #2954, 1000.000000000000000 ) ;
#6118 = EDGE_CURVE ( 'NONE', #1954, #10598, #11859, .T. ) ;
#6119 = DIRECTION ( 'NONE',  ( 1.000000000000000000, 0.000000000000000000, 0.000000000000000000 ) ) ;
#6120 = ORIENTED_EDGE ( 'NONE', *, *, #13130, .T. ) ;
#6121 = ORIENTED_EDGE ( 'NONE', *, *, #12778, .T. ) ;
#6122 = ORIENTED_EDGE ( 'NONE', *, *, #2699, .F. ) ;
#6123 = ORIENTED_EDGE ( 'NONE', *, *, #12746, .F. ) ;
#6124 = EDGE_LOOP ( 'NONE', ( #1455, #546, #2615, #12094 ) ) ;
#6125 = VECTOR ( 'NONE', #1695, 1000.000000000000000 ) ;
#6126 = ORIENTED_EDGE ( 'NONE', *, *, #13084, .T. ) ;
#6127 = FACE_OUTER_BOUND ( 'NONE', #6077, .T. ) ;
#6128 = CARTESIAN_POINT ( 'NONE',  ( 32.74999999999983658, -5.000000000000004441, -22.50000000000000355 ) ) ;
#6129 = AXIS2_PLACEMENT_3D ( 'NONE', #5121, #11347, #4183 ) ;
#6130 = CARTESIAN_POINT ( 'NONE',  ( -18.75000000000000355, 19.99999999999998934, 60.00000000000000711 ) ) ;
#6131 = EDGE_CURVE ( 'NONE', #6151, #1839, #6039, .T. ) ;
#6132 = DIRECTION ( 'NONE',  ( 0.000000000000000000, 0.000000000000000000, -1.000000000000000000 ) ) ;
#6133 = VECTOR ( 'NONE', #9964, 1000.000000000000000 ) ;
#6134 = CARTESIAN_POINT ( 'NONE',  ( -28.75000000000001066, -30.00000000000000711, -40.00000000000000000 ) ) ;
#6135 = CARTESIAN_POINT ( 'NONE',  ( 0.000000000000000000, 26.99999999999999289, 56.00000000000000000 ) ) ;
#6136 = EDGE_CURVE ( 'NONE', #4917, #7741, #583, .T. ) ;
#6137 = DIRECTION ( 'NONE',  ( -0.000000000000000000, -0.000000000000000000, -1.000000000000000000 ) ) ;
#6138 = CIRCLE ( 'NONE', #11642, 4.000000000000016875 ) ;
#6139 = EDGE_CURVE ( 'NONE', #8924, #9149, #9273, .T. ) ;
#6140 = EDGE_CURVE ( 'NONE', #5616, #10092, #9848, .T. ) ;
#6141 = ADVANCED_FACE ( 'NONE', ( #8045 ), #7162, .F. ) ;
#6142 = DIRECTION ( 'NONE',  ( 1.000000000000000000, 0.000000000000000000, 0.000000000000000000 ) ) ;
#6143 = VECTOR ( 'NONE', #12506, 1000.000000000000000 ) ;
#6144 = EDGE_LOOP ( 'NONE', ( #10233, #5377, #8557, #5275 ) ) ;
#6145 = EDGE_LOOP ( 'NONE', ( #7856, #5003, #5210, #2196 ) ) ;
#6146 = CARTESIAN_POINT ( 'NONE',  ( 18.75000000000000355, 19.99999999999998934, 60.00000000000000711 ) ) ;
#6147 = FACE_OUTER_BOUND ( 'NONE', #4068, .T. ) ;
#6148 = DIRECTION ( 'NONE',  ( -0.000000000000000000, 1.000000000000000000, -0.000000000000000000 ) ) ;
#6149 = CARTESIAN_POINT ( 'NONE',  ( -14.30000000000000426, 38.26999999999998892, 51.00000000000000000 ) ) ;
#6150 = CARTESIAN_POINT ( 'NONE',  ( -58.25000000000019185, -20.49999999999991473, 49.00000000000000000 ) ) ;
#6151 = VERTEX_POINT ( 'NONE', #6176 ) ;
#6152 = FACE_OUTER_BOUND ( 'NONE', #9283, .T. ) ;
#6153 = CARTESIAN_POINT ( 'NONE',  ( 36.00000000000002842, 29.99999999999999289, -5.097962868176746799E-15 ) ) ;
#6154 = DIRECTION ( 'NONE',  ( 0.000000000000000000, 0.000000000000000000, 1.000000000000000000 ) ) ;
#6155 = ORIENTED_EDGE ( 'NONE', *, *, #5325, .T. ) ;
#6156 = FACE_OUTER_BOUND ( 'NONE', #11369, .T. ) ;
#6157 = ORIENTED_EDGE ( 'NONE', *, *, #12134, .T. ) ;
#6158 = VERTEX_POINT ( 'NONE', #7041 ) ;
#6159 = DIRECTION ( 'NONE',  ( -3.469446951953614189E-16, 1.000000000000000000, 0.000000000000000000 ) ) ;
#6160 = CARTESIAN_POINT ( 'NONE',  ( -90.00000000000005684, -30.00000000000000711, 5.999999999999998224 ) ) ;
#6161 = CARTESIAN_POINT ( 'NONE',  ( 41.28400739769323735, -28.00000000000000355, -6.537702941632069553 ) ) ;
#6162 = CARTESIAN_POINT ( 'NONE',  ( 80.00000000000000000, -20.00000000000000711, -40.00000000000000000 ) ) ;
#6163 = CARTESIAN_POINT ( 'NONE',  ( 60.90000000000004121, 26.99999999999999289, 0.000000000000000000 ) ) ;
#6164 = ORIENTED_EDGE ( 'NONE', *, *, #11248, .F. ) ;
#6165 = ADVANCED_FACE ( 'NONE', ( #627 ), #9099, .F. ) ;
#6166 = DIRECTION ( 'NONE',  ( -1.000000000000000000, 0.000000000000000000, -8.673617379884035472E-16 ) ) ;
#6167 = ORIENTED_EDGE ( 'NONE', *, *, #80, .T. ) ;
#6168 = ORIENTED_EDGE ( 'NONE', *, *, #833, .F. ) ;
#6169 = ADVANCED_FACE ( 'NONE', ( #12271 ), #1369, .F. ) ;
#6170 = EDGE_CURVE ( 'NONE', #5227, #3130, #2924, .T. ) ;
#6171 = ORIENTED_EDGE ( 'NONE', *, *, #11057, .T. ) ;
#6172 = CARTESIAN_POINT ( 'NONE',  ( 33.00000000000004263, 26.99999999999999289, -7.000000000000000000 ) ) ;
#6173 = CARTESIAN_POINT ( 'NONE',  ( -28.74999999999999645, 19.99999999999998934, 60.00000000000000711 ) ) ;
#6174 = CARTESIAN_POINT ( 'NONE',  ( -31.99999999999997158, -1.000000000000000000, 0.000000000000000000 ) ) ;
#6175 = ADVANCED_FACE ( 'NONE', ( #11282, #7280 ), #9214, .T. ) ;
#6176 = CARTESIAN_POINT ( 'NONE',  ( -14.29999999999999005, -45.50000000000000711, 48.49999999999999289 ) ) ;
#6177 = EDGE_CURVE ( 'NONE', #7654, #2870, #10774, .T. ) ;
#6178 = DIRECTION ( 'NONE',  ( -1.000000000000000000, 0.000000000000000000, -1.416100796715761603E-16 ) ) ;
#6179 = CARTESIAN_POINT ( 'NONE',  ( 36.00000000000002842, 26.99999999999999289, -5.097962868176746799E-15 ) ) ;
#6180 = FACE_OUTER_BOUND ( 'NONE', #1671, .T. ) ;
#6181 = FACE_OUTER_BOUND ( 'NONE', #4138, .T. ) ;
#6182 = EDGE_CURVE ( 'NONE', #8543, #6592, #9478, .T. ) ;
#6183 = LINE ( 'NONE', #10230, #2745 ) ;
#6184 = ORIENTED_EDGE ( 'NONE', *, *, #1890, .T. ) ;
#6185 = ORIENTED_EDGE ( 'NONE', *, *, #11470, .F. ) ;
#6186 = ORIENTED_EDGE ( 'NONE', *, *, #469, .T. ) ;
#6187 = ORIENTED_EDGE ( 'NONE', *, *, #1570, .F. ) ;
#6188 = EDGE_CURVE ( 'NONE', #3130, #10913, #4298, .T. ) ;
#6189 = EDGE_LOOP ( 'NONE', ( #3297, #345, #8139, #6239 ) ) ;
#6190 = ORIENTED_EDGE ( 'NONE', *, *, #11010, .F. ) ;
#6191 = CARTESIAN_POINT ( 'NONE',  ( 0.000000000000000000, -26.00000000000000711, 10.00000000000000000 ) ) ;
#6192 = PLANE ( 'NONE',  #9440 ) ;
#6193 = CARTESIAN_POINT ( 'NONE',  ( 35.74999999999983658, -28.00000000000000355, -8.500000000000001776 ) ) ;
#6194 = CARTESIAN_POINT ( 'NONE',  ( -58.25000000000019185, -4.999999999999913847, 25.00000000000000000 ) ) ;
#6195 = CARTESIAN_POINT ( 'NONE',  ( -46.00000000000004974, 26.99999999999999289, 44.59999999999999432 ) ) ;
#6196 = CARTESIAN_POINT ( 'NONE',  ( 22.00000000000003197, 14.24999999999999822, 1.000000000000003331 ) ) ;
#6197 = DIRECTION ( 'NONE',  ( 0.000000000000000000, 0.000000000000000000, -1.000000000000000000 ) ) ;
#6198 = ORIENTED_EDGE ( 'NONE', *, *, #11786, .F. ) ;
#6199 = EDGE_CURVE ( 'NONE', #9619, #8365, #7584, .T. ) ;
#6200 = ORIENTED_EDGE ( 'NONE', *, *, #7126, .T. ) ;
#6201 = EDGE_LOOP ( 'NONE', ( #209, #8309, #9871, #10002 ) ) ;
#6202 = ORIENTED_EDGE ( 'NONE', *, *, #3257, .T. ) ;
#6203 = ORIENTED_EDGE ( 'NONE', *, *, #9892, .T. ) ;
#6204 = LINE ( 'NONE', #8814, #6298 ) ;
#6205 = FACE_OUTER_BOUND ( 'NONE', #407, .T. ) ;
#6206 = CARTESIAN_POINT ( 'NONE',  ( -29.99999999999997158, -19.99999999999999289, -40.00000000000000000 ) ) ;
#6207 = EDGE_CURVE ( 'NONE', #5192, #2217, #10480, .T. ) ;
#6208 = DIRECTION ( 'NONE',  ( -1.000000000000000000, 0.000000000000000000, -0.000000000000000000 ) ) ;
#6209 = CARTESIAN_POINT ( 'NONE',  ( 28.75000000000000355, -43.50000000000000711, 48.50000000000000000 ) ) ;
#6210 = ORIENTED_EDGE ( 'NONE', *, *, #9991, .T. ) ;
#6211 = DIRECTION ( 'NONE',  ( -0.000000000000000000, -1.000000000000000000, -0.000000000000000000 ) ) ;
#6212 = CARTESIAN_POINT ( 'NONE',  ( 23.74999999999982236, 4.999999999999990230, 60.00000000000000711 ) ) ;
#6213 = ORIENTED_EDGE ( 'NONE', *, *, #2733, .F. ) ;
#6214 = CARTESIAN_POINT ( 'NONE',  ( 38.74999999999983658, -5.000000000000004441, -22.50000000000000355 ) ) ;
#6215 = EDGE_LOOP ( 'NONE', ( #4053, #11562, #4 ) ) ;
#6216 = VERTEX_POINT ( 'NONE', #3242 ) ;
#6217 = FACE_OUTER_BOUND ( 'NONE', #11292, .T. ) ;
#6218 = CARTESIAN_POINT ( 'NONE',  ( 23.74999999999999289, -20.49999999999991473, 50.50000000000000000 ) ) ;
#6219 = DIRECTION ( 'NONE',  ( 0.000000000000000000, 0.000000000000000000, -1.000000000000000000 ) ) ;
#6220 = DIRECTION ( 'NONE',  ( 0.000000000000000000, 0.000000000000000000, 1.000000000000000000 ) ) ;
#6221 = ADVANCED_FACE ( 'NONE', ( #5434 ), #300, .F. ) ;
#6222 = CARTESIAN_POINT ( 'NONE',  ( -46.00000000000004263, 26.99999999999999289, 48.00000000000000000 ) ) ;
#6223 = ORIENTED_EDGE ( 'NONE', *, *, #7598, .T. ) ;
#6224 = CARTESIAN_POINT ( 'NONE',  ( 28.75000000000000000, 0.000000000000000000, 67.51000000000000512 ) ) ;
#6225 = ORIENTED_EDGE ( 'NONE', *, *, #11745, .T. ) ;
#6226 = EDGE_LOOP ( 'NONE', ( #5741, #1769, #7008, #7901, #4164 ) ) ;
#6227 = ORIENTED_EDGE ( 'NONE', *, *, #5948, .T. ) ;
#6228 = DIRECTION ( 'NONE',  ( 1.000000000000000000, 0.000000000000000000, 0.000000000000000000 ) ) ;
#6229 = EDGE_CURVE ( 'NONE', #6851, #3933, #5167, .T. ) ;
#6230 = LINE ( 'NONE', #6173, #3114 ) ;
#6231 = LINE ( 'NONE', #6426, #10531 ) ;
#6232 = DIRECTION ( 'NONE',  ( 0.000000000000000000, 0.000000000000000000, 1.000000000000000000 ) ) ;
#6233 = DIRECTION ( 'NONE',  ( 0.000000000000000000, -0.000000000000000000, 1.000000000000000000 ) ) ;
#6234 = CARTESIAN_POINT ( 'NONE',  ( 36.00000000000002842, 29.99999999999999289, -5.097962868176746799E-15 ) ) ;
#6235 = DIRECTION ( 'NONE',  ( -1.000000000000000000, 0.000000000000000000, 0.000000000000000000 ) ) ;
#6236 = CARTESIAN_POINT ( 'NONE',  ( 24.00000000000002487, -6.284281271463158103E-15, -33.25000000000000000 ) ) ;
#6237 = FACE_OUTER_BOUND ( 'NONE', #5396, .T. ) ;
#6238 = ORIENTED_EDGE ( 'NONE', *, *, #862, .T. ) ;
#6239 = ORIENTED_EDGE ( 'NONE', *, *, #1512, .F. ) ;
#6240 = EDGE_LOOP ( 'NONE', ( #7433, #7264 ) ) ;
#6241 = ADVANCED_FACE ( 'NONE', ( #3190 ), #2380, .F. ) ;
#6242 = ORIENTED_EDGE ( 'NONE', *, *, #2963, .T. ) ;
#6243 = DIRECTION ( 'NONE',  ( 1.000000000000000000, 0.000000000000000000, 0.000000000000000000 ) ) ;
#6244 = CARTESIAN_POINT ( 'NONE',  ( -28.74999999999999645, 10.50000000000008527, 18.00000000000000355 ) ) ;
#6245 = CARTESIAN_POINT ( 'NONE',  ( 38.24999999999982947, -30.00000000000000711, -22.50000000000000355 ) ) ;
#6246 = AXIS2_PLACEMENT_3D ( 'NONE', #9424, #2338, #6442 ) ;
#6247 = DIRECTION ( 'NONE',  ( 0.000000000000000000, -0.000000000000000000, -1.000000000000000000 ) ) ;
#6248 = EDGE_CURVE ( 'NONE', #8459, #7865, #3384, .T. ) ;
#6249 = EDGE_CURVE ( 'NONE', #9202, #11349, #6546, .T. ) ;
#6250 = PLANE ( 'NONE',  #296 ) ;
#6251 = CARTESIAN_POINT ( 'NONE',  ( 20.00000000000002842, 14.24999999999999822, 1.000000000000003553 ) ) ;
#6252 = DIRECTION ( 'NONE',  ( -1.000000000000000000, 0.000000000000000000, 1.734723475976807094E-15 ) ) ;
#6253 = DIRECTION ( 'NONE',  ( 0.000000000000000000, 0.000000000000000000, -1.000000000000000000 ) ) ;
#6254 = EDGE_CURVE ( 'NONE', #1495, #4107, #12383, .T. ) ;
#6255 = AXIS2_PLACEMENT_3D ( 'NONE', #7042, #108, #3191 ) ;
#6256 = ORIENTED_EDGE ( 'NONE', *, *, #8951, .F. ) ;
#6257 = ORIENTED_EDGE ( 'NONE', *, *, #1703, .F. ) ;
#6258 = EDGE_LOOP ( 'NONE', ( #12612, #11432, #9431, #7461 ) ) ;
#6259 = VERTEX_POINT ( 'NONE', #7481 ) ;
#6260 = FACE_OUTER_BOUND ( 'NONE', #7730, .T. ) ;
#6261 = VECTOR ( 'NONE', #2473, 1000.000000000000000 ) ;
#6262 = FACE_OUTER_BOUND ( 'NONE', #1980, .T. ) ;
#6263 = CARTESIAN_POINT ( 'NONE',  ( -28.00000000000003197, 14.24999999999999822, -4.999999999999993783 ) ) ;
#6264 = ADVANCED_FACE ( 'NONE', ( #6371 ), #3303, .F. ) ;
#6265 = LINE ( 'NONE', #4213, #2047 ) ;
#6266 = VECTOR ( 'NONE', #7435, 1000.000000000000000 ) ;
#6267 = ORIENTED_EDGE ( 'NONE', *, *, #12292, .F. ) ;
#6268 = CARTESIAN_POINT ( 'NONE',  ( -49.40000000000004121, 29.99999999999999289, 58.00000000000000000 ) ) ;
#6269 = ORIENTED_EDGE ( 'NONE', *, *, #6799, .T. ) ;
#6270 = DIRECTION ( 'NONE',  ( 0.000000000000000000, 1.000000000000000000, 0.000000000000000000 ) ) ;
#6271 = CARTESIAN_POINT ( 'NONE',  ( 24.00000000000002842, 16.99999999999996803, -34.75000000000000000 ) ) ;
#6272 = EDGE_CURVE ( 'NONE', #4471, #4862, #10223, .T. ) ;
#6273 = CIRCLE ( 'NONE', #12404, 4.000000000000003553 ) ;
#6274 = CARTESIAN_POINT ( 'NONE',  ( 64.00000000000001421, 29.99999999999999289, 56.00000000000000000 ) ) ;
#6275 = ADVANCED_FACE ( 'NONE', ( #9351 ), #10281, .F. ) ;
#6276 = VERTEX_POINT ( 'NONE', #7836 ) ;
#6277 = VERTEX_POINT ( 'NONE', #1712 ) ;
#6278 = VECTOR ( 'NONE', #2835, 1000.000000000000000 ) ;
#6279 = LINE ( 'NONE', #3172, #6747 ) ;
#6280 = CARTESIAN_POINT ( 'NONE',  ( -80.00000000000000000, 19.99999999999999289, -40.00000000000000000 ) ) ;
#6281 = CARTESIAN_POINT ( 'NONE',  ( -28.74999999999999645, 23.99999999999998934, 56.00000000000000711 ) ) ;
#6282 = CARTESIAN_POINT ( 'NONE',  ( 60.90000000000003411, 26.99999999999999289, 0.000000000000000000 ) ) ;
#6283 = CIRCLE ( 'NONE', #12846, 10.00000000000000178 ) ;
#6284 = CARTESIAN_POINT ( 'NONE',  ( 70.00000000000000000, 22.99999999999999289, -11.50000000000001776 ) ) ;
#6285 = VERTEX_POINT ( 'NONE', #7693 ) ;
#6286 = AXIS2_PLACEMENT_3D ( 'NONE', #10023, #1787, #11900 ) ;
#6287 = AXIS2_PLACEMENT_3D ( 'NONE', #5580, #10441, #3398 ) ;
#6288 = DIRECTION ( 'NONE',  ( 1.000000000000000000, -0.000000000000000000, -0.000000000000000000 ) ) ;
#6289 = EDGE_CURVE ( 'NONE', #6285, #2138, #1641, .T. ) ;
#6290 = ORIENTED_EDGE ( 'NONE', *, *, #7305, .T. ) ;
#6291 = ORIENTED_EDGE ( 'NONE', *, *, #5583, .T. ) ;
#6292 = CARTESIAN_POINT ( 'NONE',  ( -70.00000000000000000, 19.99999999999998934, -15.00000000000000711 ) ) ;
#6293 = CIRCLE ( 'NONE', #559, 2.000000000000001776 ) ;
#6294 = VERTEX_POINT ( 'NONE', #5569 ) ;
#6295 = CIRCLE ( 'NONE', #10762, 3.500000000000000000 ) ;
#6296 = ADVANCED_FACE ( 'NONE', ( #9761 ), #659, .T. ) ;
#6297 = AXIS2_PLACEMENT_3D ( 'NONE', #2167, #11392, #4221 ) ;
#6298 = VECTOR ( 'NONE', #1772, 1000.000000000000000 ) ;
#6299 = LINE ( 'NONE', #4294, #12433 ) ;
#6300 = DIRECTION ( 'NONE',  ( 0.000000000000000000, -0.4224229034221526069, 0.9063988584858206909 ) ) ;
#6301 = LINE ( 'NONE', #10358, #11170 ) ;
#6302 = CIRCLE ( 'NONE', #3765, 4.000000000000000000 ) ;
#6303 = CARTESIAN_POINT ( 'NONE',  ( -90.00000000000005684, -30.00000000000000711, 5.999999999999998224 ) ) ;
#6304 = AXIS2_PLACEMENT_3D ( 'NONE', #5399, #5594, #4608 ) ;
#6305 = LINE ( 'NONE', #11284, #9857 ) ;
#6306 = ORIENTED_EDGE ( 'NONE', *, *, #4005, .F. ) ;
#6307 = DIRECTION ( 'NONE',  ( 1.416100796715761603E-16, 0.000000000000000000, 1.000000000000000000 ) ) ;
#6308 = AXIS2_PLACEMENT_3D ( 'NONE', #8694, #8370, #3644 ) ;
#6309 = LINE ( 'NONE', #6236, #4004 ) ;
#6310 = CARTESIAN_POINT ( 'NONE',  ( 89.99999999999994316, -30.00000000000000711, -40.00000000000000000 ) ) ;
#6311 = ORIENTED_EDGE ( 'NONE', *, *, #7035, .T. ) ;
#6312 = VECTOR ( 'NONE', #11668, 999.9999999999998863 ) ;
#6313 = ORIENTED_EDGE ( 'NONE', *, *, #9985, .F. ) ;
#6314 = EDGE_CURVE ( 'NONE', #11008, #5461, #1442, .T. ) ;
#6315 = VECTOR ( 'NONE', #7397, 1000.000000000000000 ) ;
#6316 = VERTEX_POINT ( 'NONE', #2726 ) ;
#6317 = AXIS2_PLACEMENT_3D ( 'NONE', #8100, #4042, #11224 ) ;
#6318 = VECTOR ( 'NONE', #2517, 1000.000000000000000 ) ;
#6319 = DIRECTION ( 'NONE',  ( 1.000000000000000000, 0.000000000000000000, 0.000000000000000000 ) ) ;
#6320 = CYLINDRICAL_SURFACE ( 'NONE', #3295, 2.500000000000002220 ) ;
#6321 = DIRECTION ( 'NONE',  ( 1.734723475976807094E-15, 0.000000000000000000, -1.000000000000000000 ) ) ;
#6322 = VECTOR ( 'NONE', #4173, 1000.000000000000000 ) ;
#6323 = CYLINDRICAL_SURFACE ( 'NONE', #1207, 2.000000000000002665 ) ;
#6324 = FACE_OUTER_BOUND ( 'NONE', #766, .T. ) ;
#6325 = LINE ( 'NONE', #63, #5888 ) ;
#6326 = VECTOR ( 'NONE', #9316, 1000.000000000000000 ) ;
#6327 = LINE ( 'NONE', #10383, #7167 ) ;
#6328 = CARTESIAN_POINT ( 'NONE',  ( -14.30000000000000426, 38.26999999999998892, 22.60434383594887109 ) ) ;
#6329 = VECTOR ( 'NONE', #6558, 1000.000000000000000 ) ;
#6330 = VECTOR ( 'NONE', #2736, 1000.000000000000000 ) ;
#6331 = VERTEX_POINT ( 'NONE', #12663 ) ;
#6332 = EDGE_CURVE ( 'NONE', #10627, #8365, #3499, .T. ) ;
#6333 = EDGE_CURVE ( 'NONE', #12066, #9206, #6572, .T. ) ;
#6334 = CARTESIAN_POINT ( 'NONE',  ( -80.00000000000000000, -20.00000000000000711, 0.000000000000000000 ) ) ;
#6335 = EDGE_LOOP ( 'NONE', ( #8826, #688, #1395, #8054 ) ) ;
#6336 = ORIENTED_EDGE ( 'NONE', *, *, #6229, .F. ) ;
#6337 = VECTOR ( 'NONE', #6718, 1000.000000000000000 ) ;
#6338 = LINE ( 'NONE', #10448, #10085 ) ;
#6339 = CARTESIAN_POINT ( 'NONE',  ( -86.00000000000004263, 23.99999999999998934, 60.00000000000000711 ) ) ;
#6340 = DIRECTION ( 'NONE',  ( -5.419967903044378712E-17, -0.9205817818752558557, -0.3905498468561714454 ) ) ;
#6341 = VECTOR ( 'NONE', #9789, 1000.000000000000000 ) ;
#6342 = LINE ( 'NONE', #6150, #6708 ) ;
#6343 = ORIENTED_EDGE ( 'NONE', *, *, #3983, .T. ) ;
#6344 = LINE ( 'NONE', #4416, #6107 ) ;
#6345 = EDGE_LOOP ( 'NONE', ( #5346, #3368, #7713, #6123, #3481, #3002, #11833, #1701 ) ) ;
#6346 = LINE ( 'NONE', #12361, #7407 ) ;
#6347 = EDGE_CURVE ( 'NONE', #7939, #12451, #376, .T. ) ;
#6348 = VECTOR ( 'NONE', #6288, 1000.000000000000000 ) ;
#6349 = CARTESIAN_POINT ( 'NONE',  ( 23.75000000000000000, -30.00000000000001421, 25.15000000000000568 ) ) ;
#6350 = EDGE_CURVE ( 'NONE', #2813, #7402, #4713, .T. ) ;
#6351 = ORIENTED_EDGE ( 'NONE', *, *, #7632, .T. ) ;
#6352 = VERTEX_POINT ( 'NONE', #8751 ) ;
#6353 = CARTESIAN_POINT ( 'NONE',  ( -33.00000000000004263, 26.99999999999999289, 3.000000000000004441 ) ) ;
#6354 = DIRECTION ( 'NONE',  ( -1.000000000000000000, 0.000000000000000000, -1.445602896647348038E-16 ) ) ;
#6355 = VECTOR ( 'NONE', #12627, 1000.000000000000000 ) ;
#6356 = DIRECTION ( 'NONE',  ( 1.000000000000000000, 0.000000000000000000, 1.387778780781445676E-16 ) ) ;
#6357 = DIRECTION ( 'NONE',  ( 1.000000000000000000, -0.000000000000000000, 0.000000000000000000 ) ) ;
#6358 = FACE_OUTER_BOUND ( 'NONE', #9193, .T. ) ;
#6359 = ORIENTED_EDGE ( 'NONE', *, *, #2816, .F. ) ;
#6360 = DIRECTION ( 'NONE',  ( -1.000000000000000000, 0.000000000000000000, -0.000000000000000000 ) ) ;
#6361 = EDGE_CURVE ( 'NONE', #12091, #7030, #507, .T. ) ;
#6362 = DIRECTION ( 'NONE',  ( -1.000000000000000000, 0.000000000000000000, 0.000000000000000000 ) ) ;
#6363 = ORIENTED_EDGE ( 'NONE', *, *, #11578, .T. ) ;
#6364 = VERTEX_POINT ( 'NONE', #3704 ) ;
#6365 = LINE ( 'NONE', #5363, #335 ) ;
#6366 = VERTEX_POINT ( 'NONE', #449 ) ;
#6367 = EDGE_CURVE ( 'NONE', #2235, #9372, #1560, .T. ) ;
#6368 = LINE ( 'NONE', #1311, #1866 ) ;
#6369 = CARTESIAN_POINT ( 'NONE',  ( -23.75000000000000000, -20.49999999999991473, 49.00000000000000000 ) ) ;
#6370 = DIRECTION ( 'NONE',  ( -0.000000000000000000, 1.000000000000000000, -0.000000000000000000 ) ) ;
#6371 = FACE_OUTER_BOUND ( 'NONE', #3356, .T. ) ;
#6372 = CARTESIAN_POINT ( 'NONE',  ( -20.00000000000002842, 0.000000000000000000, 0.000000000000000000 ) ) ;
#6373 = EDGE_CURVE ( 'NONE', #6506, #3913, #11615, .T. ) ;
#6374 = ORIENTED_EDGE ( 'NONE', *, *, #5264, .F. ) ;
#6375 = CARTESIAN_POINT ( 'NONE',  ( 33.00000000000004263, 26.99999999999999289, -4.999999999999999112 ) ) ;
#6376 = DIRECTION ( 'NONE',  ( -2.618450529776313247E-16, -1.000000000000000000, 0.000000000000000000 ) ) ;
#6377 = DIRECTION ( 'NONE',  ( -0.000000000000000000, 1.000000000000000000, -0.000000000000000000 ) ) ;
#6378 = ORIENTED_EDGE ( 'NONE', *, *, #7446, .T. ) ;
#6379 = ORIENTED_EDGE ( 'NONE', *, *, #7493, .T. ) ;
#6380 = ORIENTED_EDGE ( 'NONE', *, *, #12102, .F. ) ;
#6381 = DIRECTION ( 'NONE',  ( 0.000000000000000000, 0.000000000000000000, -1.000000000000000000 ) ) ;
#6382 = ORIENTED_EDGE ( 'NONE', *, *, #2706, .T. ) ;
#6383 = DIRECTION ( 'NONE',  ( 0.000000000000000000, 1.000000000000000000, -0.000000000000000000 ) ) ;
#6384 = CARTESIAN_POINT ( 'NONE',  ( 44.00000000000004263, 29.99999999999999289, 46.00000000000000000 ) ) ;
#6385 = PLANE ( 'NONE',  #10545 ) ;
#6386 = CARTESIAN_POINT ( 'NONE',  ( 18.74999999999983302, -30.00000000000001421, 8.343145750507614977 ) ) ;
#6387 = LINE ( 'NONE', #5528, #8858 ) ;
#6388 = CARTESIAN_POINT ( 'NONE',  ( 46.37499999999989342, -30.00000000000000711, -20.00000000000000000 ) ) ;
#6389 = ORIENTED_EDGE ( 'NONE', *, *, #1737, .F. ) ;
#6390 = CARTESIAN_POINT ( 'NONE',  ( 32.00000000000000000, 1.000000000000041744, 0.000000000000000000 ) ) ;
#6391 = ORIENTED_EDGE ( 'NONE', *, *, #569, .T. ) ;
#6392 = EDGE_LOOP ( 'NONE', ( #6672, #12493, #10457, #12281 ) ) ;
#6393 = ORIENTED_EDGE ( 'NONE', *, *, #9167, .F. ) ;
#6394 = ORIENTED_EDGE ( 'NONE', *, *, #1986, .F. ) ;
#6395 = LINE ( 'NONE', #9433, #9023 ) ;
#6396 = CYLINDRICAL_SURFACE ( 'NONE', #3138, 4.000000000000017764 ) ;
#6397 = CARTESIAN_POINT ( 'NONE',  ( 34.00000000000001421, 26.99999999999999289, 3.000000000000005773 ) ) ;
#6398 = CARTESIAN_POINT ( 'NONE',  ( -14.30000000000000426, 38.26999999999998892, 51.00000000000000000 ) ) ;
#6399 = LINE ( 'NONE', #11572, #11176 ) ;
#6400 = VERTEX_POINT ( 'NONE', #7752 ) ;
#6401 = EDGE_CURVE ( 'NONE', #2870, #7654, #6528, .T. ) ;
#6402 = DIRECTION ( 'NONE',  ( 0.000000000000000000, 0.000000000000000000, -1.000000000000000000 ) ) ;
#6403 = ORIENTED_EDGE ( 'NONE', *, *, #8608, .F. ) ;
#6404 = CARTESIAN_POINT ( 'NONE',  ( 18.75000000000000355, 0.000000000000000000, 60.00000000000000711 ) ) ;
#6405 = CARTESIAN_POINT ( 'NONE',  ( 36.00000000000003553, 26.99999999999999289, 54.00000000000000000 ) ) ;
#6406 = EDGE_CURVE ( 'NONE', #10110, #5916, #3781, .T. ) ;
#6407 = ORIENTED_EDGE ( 'NONE', *, *, #86, .T. ) ;
#6408 = ORIENTED_EDGE ( 'NONE', *, *, #3079, .T. ) ;
#6409 = CARTESIAN_POINT ( 'NONE',  ( -14.29999999999999005, -45.50000000000000711, 46.99999999999998579 ) ) ;
#6410 = EDGE_CURVE ( 'NONE', #12293, #3745, #6495, .T. ) ;
#6411 = CARTESIAN_POINT ( 'NONE',  ( -23.74999999999999645, 3.500000000000096811, 67.50999999999999091 ) ) ;
#6412 = FACE_OUTER_BOUND ( 'NONE', #11680, .T. ) ;
#6413 = PLANE ( 'NONE',  #2050 ) ;
#6414 = LINE ( 'NONE', #6282, #10580 ) ;
#6415 = ORIENTED_EDGE ( 'NONE', *, *, #12273, .T. ) ;
#6416 = EDGE_CURVE ( 'NONE', #6972, #8506, #5689, .T. ) ;
#6417 = FACE_BOUND ( 'NONE', #2759, .T. ) ;
#6418 = ORIENTED_EDGE ( 'NONE', *, *, #8118, .T. ) ;
#6419 = ORIENTED_EDGE ( 'NONE', *, *, #8736, .F. ) ;
#6420 = DIRECTION ( 'NONE',  ( -0.000000000000000000, 0.000000000000000000, -1.000000000000000000 ) ) ;
#6421 = ORIENTED_EDGE ( 'NONE', *, *, #11671, .T. ) ;
#6422 = ORIENTED_EDGE ( 'NONE', *, *, #7328, .T. ) ;
#6423 = CARTESIAN_POINT ( 'NONE',  ( -58.25000000000019185, -20.49999999999991473, 21.00000000000000355 ) ) ;
#6424 = EDGE_CURVE ( 'NONE', #10471, #236, #2498, .T. ) ;
#6425 = LINE ( 'NONE', #5511, #1621 ) ;
#6426 = CARTESIAN_POINT ( 'NONE',  ( 30.00000000000002842, -19.99999999999999289, -40.00000000000000000 ) ) ;
#6427 = EDGE_CURVE ( 'NONE', #8088, #12509, #5626, .T. ) ;
#6428 = DIRECTION ( 'NONE',  ( 1.000000000000000000, -2.618450529776313247E-16, 0.000000000000000000 ) ) ;
#6429 = ORIENTED_EDGE ( 'NONE', *, *, #5694, .F. ) ;
#6430 = DIRECTION ( 'NONE',  ( 0.000000000000000000, 0.000000000000000000, -1.000000000000000000 ) ) ;
#6431 = DIRECTION ( 'NONE',  ( -0.000000000000000000, 1.000000000000000000, -0.000000000000000000 ) ) ;
#6432 = CARTESIAN_POINT ( 'NONE',  ( -23.74999999999999645, -15.00000000000001066, 13.85000000000000853 ) ) ;
#6433 = ORIENTED_EDGE ( 'NONE', *, *, #5785, .T. ) ;
#6434 = VERTEX_POINT ( 'NONE', #4648 ) ;
#6435 = ORIENTED_EDGE ( 'NONE', *, *, #5385, .F. ) ;
#6436 = EDGE_CURVE ( 'NONE', #5654, #1481, #12734, .T. ) ;
#6437 = EDGE_CURVE ( 'NONE', #5702, #4876, #10890, .T. ) ;
#6438 = EDGE_CURVE ( 'NONE', #9414, #7586, #9084, .T. ) ;
#6439 = LINE ( 'NONE', #6191, #9234 ) ;
#6440 = FACE_OUTER_BOUND ( 'NONE', #1068, .T. ) ;
#6441 = CARTESIAN_POINT ( 'NONE',  ( 20.00000000000002842, 0.000000000000000000, 0.000000000000000000 ) ) ;
#6442 = DIRECTION ( 'NONE',  ( 0.000000000000000000, 0.000000000000000000, -1.000000000000000000 ) ) ;
#6443 = DIRECTION ( 'NONE',  ( -0.000000000000000000, -0.000000000000000000, -1.000000000000000000 ) ) ;
#6444 = CARTESIAN_POINT ( 'NONE',  ( -29.99999999999997158, 1.000000000000000888, 0.000000000000000000 ) ) ;
#6445 = DIRECTION ( 'NONE',  ( 1.000000000000000000, 0.000000000000000000, 1.387778780781445676E-16 ) ) ;
#6446 = ORIENTED_EDGE ( 'NONE', *, *, #4111, .F. ) ;
#6447 = EDGE_CURVE ( 'NONE', #10598, #7854, #3561, .T. ) ;
#6448 = EDGE_CURVE ( 'NONE', #2307, #9318, #4087, .T. ) ;
#6449 = ORIENTED_EDGE ( 'NONE', *, *, #3393, .F. ) ;
#6450 = ORIENTED_EDGE ( 'NONE', *, *, #8423, .T. ) ;
#6451 = CARTESIAN_POINT ( 'NONE',  ( -64.00000000000002842, 26.99999999999999289, 58.00000000000000000 ) ) ;
#6452 = ORIENTED_EDGE ( 'NONE', *, *, #11191, .F. ) ;
#6453 = CARTESIAN_POINT ( 'NONE',  ( 32.75615390495887880, -28.00000000000000355, -11.42179492079920600 ) ) ;
#6454 = CARTESIAN_POINT ( 'NONE',  ( 36.00000000000002842, 26.99999999999999289, 5.000000000000020428 ) ) ;
#6455 = DIRECTION ( 'NONE',  ( -0.000000000000000000, 1.000000000000000000, -0.000000000000000000 ) ) ;
#6456 = CARTESIAN_POINT ( 'NONE',  ( 34.00000000000002842, 29.99999999999999289, 5.000000000000005329 ) ) ;
#6457 = DIRECTION ( 'NONE',  ( 1.734723475976807094E-15, 0.000000000000000000, 1.000000000000000000 ) ) ;
#6458 = DIRECTION ( 'NONE',  ( 0.000000000000000000, 0.000000000000000000, -1.000000000000000000 ) ) ;
#6459 = FACE_BOUND ( 'NONE', #9988, .T. ) ;
#6460 = ORIENTED_EDGE ( 'NONE', *, *, #4889, .T. ) ;
#6461 = DIRECTION ( 'NONE',  ( -1.000000000000000000, 2.168404344971006896E-16, -0.000000000000000000 ) ) ;
#6462 = ORIENTED_EDGE ( 'NONE', *, *, #8090, .F. ) ;
#6463 = CIRCLE ( 'NONE', #515, 3.000000000000000000 ) ;
#6464 = CARTESIAN_POINT ( 'NONE',  ( 23.75000000000000000, -9.499999999999914735, 67.51000000000000512 ) ) ;
#6465 = EDGE_CURVE ( 'NONE', #9302, #8172, #7893, .T. ) ;
#6466 = LINE ( 'NONE', #222, #7115 ) ;
#6467 = EDGE_LOOP ( 'NONE', ( #9874, #8979, #7177, #9813 ) ) ;
#6468 = ORIENTED_EDGE ( 'NONE', *, *, #4584, .T. ) ;
#6469 = EDGE_CURVE ( 'NONE', #5292, #1245, #1775, .T. ) ;
#6470 = PLANE ( 'NONE',  #4635 ) ;
#6471 = PLANE ( 'NONE',  #12873 ) ;
#6472 = VECTOR ( 'NONE', #7878, 1000.000000000000000 ) ;
#6473 = CARTESIAN_POINT ( 'NONE',  ( 38.21923047520460415, -30.00000000000000711, -8.108974603996035313 ) ) ;
#6474 = CARTESIAN_POINT ( 'NONE',  ( 49.40000000000004121, 26.99999999999999289, 0.000000000000000000 ) ) ;
#6475 = CARTESIAN_POINT ( 'NONE',  ( -4.336808689942059151E-16, 26.99999999999999289, 3.000000000000010658 ) ) ;
#6476 = CARTESIAN_POINT ( 'NONE',  ( 0.000000000000000000, -24.00000000000000000, -31.75000000000000000 ) ) ;
#6477 = ORIENTED_EDGE ( 'NONE', *, *, #4534, .F. ) ;
#6478 = CARTESIAN_POINT ( 'NONE',  ( 30.00000000000003553, 26.99999999999999289, 0.000000000000000000 ) ) ;
#6479 = AXIS2_PLACEMENT_3D ( 'NONE', #202, #11357, #2262 ) ;
#6480 = DIRECTION ( 'NONE',  ( 0.000000000000000000, 0.000000000000000000, 1.000000000000000000 ) ) ;
#6481 = ORIENTED_EDGE ( 'NONE', *, *, #8050, .F. ) ;
#6482 = ORIENTED_EDGE ( 'NONE', *, *, #143, .F. ) ;
#6483 = AXIS2_PLACEMENT_3D ( 'NONE', #12015, #981, #1929 ) ;
#6484 = CARTESIAN_POINT ( 'NONE',  ( 0.000000000000000000, 23.24999999999999289, 0.000000000000000000 ) ) ;
#6485 = VERTEX_POINT ( 'NONE', #5840 ) ;
#6486 = ADVANCED_FACE ( 'NONE', ( #8961 ), #10072, .F. ) ;
#6487 = EDGE_CURVE ( 'NONE', #8700, #8891, #6889, .T. ) ;
#6488 = LINE ( 'NONE', #6423, #1218 ) ;
#6489 = EDGE_CURVE ( 'NONE', #11694, #5231, #967, .T. ) ;
#6490 = DIRECTION ( 'NONE',  ( 0.000000000000000000, 0.000000000000000000, -1.000000000000000000 ) ) ;
#6491 = VECTOR ( 'NONE', #292, 1000.000000000000000 ) ;
#6492 = CARTESIAN_POINT ( 'NONE',  ( -44.00000000000003553, 26.99999999999999289, -6.230843505549355095E-15 ) ) ;
#6493 = VECTOR ( 'NONE', #6917, 1000.000000000000000 ) ;
#6494 = DIRECTION ( 'NONE',  ( 1.000000000000000000, 0.000000000000000000, -0.000000000000000000 ) ) ;
#6495 = LINE ( 'NONE', #6631, #8024 ) ;
#6496 = VECTOR ( 'NONE', #12979, 1000.000000000000000 ) ;
#6497 = ORIENTED_EDGE ( 'NONE', *, *, #10739, .T. ) ;
#6498 = DIRECTION ( 'NONE',  ( 0.000000000000000000, -0.000000000000000000, -1.000000000000000000 ) ) ;
#6499 = DIRECTION ( 'NONE',  ( 1.000000000000000000, -0.000000000000000000, -0.000000000000000000 ) ) ;
#6500 = VECTOR ( 'NONE', #6557, 1000.000000000000000 ) ;
#6501 = EDGE_CURVE ( 'NONE', #7865, #2987, #12673, .T. ) ;
#6502 = LINE ( 'NONE', #453, #7828 ) ;
#6503 = ORIENTED_EDGE ( 'NONE', *, *, #869, .T. ) ;
#6504 = VERTEX_POINT ( 'NONE', #3895 ) ;
#6505 = AXIS2_PLACEMENT_3D ( 'NONE', #1111, #7160, #7225 ) ;
#6506 = VERTEX_POINT ( 'NONE', #8150 ) ;
#6507 = AXIS2_PLACEMENT_3D ( 'NONE', #5081, #7004, #1895 ) ;
#6508 = VECTOR ( 'NONE', #1507, 1000.000000000000000 ) ;
#6509 = EDGE_CURVE ( 'NONE', #6928, #12363, #12940, .T. ) ;
#6510 = VECTOR ( 'NONE', #4811, 1000.000000000000000 ) ;
#6511 = ADVANCED_FACE ( 'NONE', ( #7950 ), #4034, .T. ) ;
#6512 = LINE ( 'NONE', #4579, #11172 ) ;
#6513 = DIRECTION ( 'NONE',  ( -1.000000000000000000, -0.000000000000000000, -0.000000000000000000 ) ) ;
#6514 = LINE ( 'NONE', #1509, #3301 ) ;
#6515 = AXIS2_PLACEMENT_3D ( 'NONE', #8796, #3935, #9862 ) ;
#6516 = EDGE_CURVE ( 'NONE', #9432, #9619, #3985, .T. ) ;
#6517 = CARTESIAN_POINT ( 'NONE',  ( -44.00000000000003553, 29.99999999999999289, -6.230843505549355095E-15 ) ) ;
#6518 = AXIS2_PLACEMENT_3D ( 'NONE', #3558, #557, #3686 ) ;
#6519 = DIRECTION ( 'NONE',  ( 0.000000000000000000, 0.000000000000000000, -1.000000000000000000 ) ) ;
#6520 = VECTOR ( 'NONE', #13144, 1000.000000000000000 ) ;
#6521 = LINE ( 'NONE', #11762, #4419 ) ;
#6522 = CARTESIAN_POINT ( 'NONE',  ( -28.74999999999999645, 10.50000000000008527, 49.00000000000000000 ) ) ;
#6523 = ORIENTED_EDGE ( 'NONE', *, *, #1945, .F. ) ;
#6524 = CIRCLE ( 'NONE', #7579, 0.5000000000000004441 ) ;
#6525 = AXIS2_PLACEMENT_3D ( 'NONE', #11819, #10130, #1033 ) ;
#6526 = ORIENTED_EDGE ( 'NONE', *, *, #5108, .F. ) ;
#6527 = ORIENTED_EDGE ( 'NONE', *, *, #4667, .F. ) ;
#6528 = CIRCLE ( 'NONE', #2089, 1.099999999999998535 ) ;
#6529 = FACE_OUTER_BOUND ( 'NONE', #5319, .T. ) ;
#6530 = ADVANCED_FACE ( 'NONE', ( #10016 ), #2913, .T. ) ;
#6531 = ORIENTED_EDGE ( 'NONE', *, *, #3929, .T. ) ;
#6532 = LINE ( 'NONE', #5660, #326 ) ;
#6533 = VECTOR ( 'NONE', #6839, 1000.000000000000000 ) ;
#6534 = CARTESIAN_POINT ( 'NONE',  ( -23.75000000000000000, -30.00000000000001421, 13.85000000000000142 ) ) ;
#6535 = CARTESIAN_POINT ( 'NONE',  ( 46.00000000000004263, 29.99999999999999289, 32.39999999999999858 ) ) ;
#6536 = PLANE ( 'NONE',  #4383 ) ;
#6537 = VECTOR ( 'NONE', #9391, 1000.000000000000000 ) ;
#6538 = EDGE_CURVE ( 'NONE', #1012, #6785, #910, .T. ) ;
#6539 = DIRECTION ( 'NONE',  ( -1.000000000000000000, 0.000000000000000000, 0.000000000000000000 ) ) ;
#6540 = VECTOR ( 'NONE', #2039, 1000.000000000000000 ) ;
#6541 = EDGE_CURVE ( 'NONE', #6434, #7173, #7029, .T. ) ;
#6542 = CARTESIAN_POINT ( 'NONE',  ( 44.00000000000004263, 26.99999999999999289, 32.39999999999999858 ) ) ;
#6543 = EDGE_LOOP ( 'NONE', ( #9496, #8649, #3728, #3136 ) ) ;
#6544 = EDGE_CURVE ( 'NONE', #2224, #11383, #37, .T. ) ;
#6545 = CYLINDRICAL_SURFACE ( 'NONE', #12661, 2.500000000000002220 ) ;
#6546 = CIRCLE ( 'NONE', #2738, 3.500000000000008438 ) ;
#6547 = VECTOR ( 'NONE', #2270, 1000.000000000000000 ) ;
#6548 = CARTESIAN_POINT ( 'NONE',  ( -36.00000000000002842, 26.99999999999999289, 8.000000000000007105 ) ) ;
#6549 = DIRECTION ( 'NONE',  ( -1.000000000000000000, 0.000000000000000000, 0.000000000000000000 ) ) ;
#6550 = VECTOR ( 'NONE', #9427, 1000.000000000000000 ) ;
#6551 = VERTEX_POINT ( 'NONE', #9147 ) ;
#6552 = ORIENTED_EDGE ( 'NONE', *, *, #7711, .T. ) ;
#6553 = VECTOR ( 'NONE', #12354, 1000.000000000000000 ) ;
#6554 = DIRECTION ( 'NONE',  ( -1.387778780781445676E-16, 0.000000000000000000, -1.000000000000000000 ) ) ;
#6555 = VECTOR ( 'NONE', #11289, 1000.000000000000000 ) ;
#6556 = DIRECTION ( 'NONE',  ( 0.000000000000000000, 0.000000000000000000, -1.000000000000000000 ) ) ;
#6557 = DIRECTION ( 'NONE',  ( 0.000000000000000000, 1.000000000000000000, -0.000000000000000000 ) ) ;
#6558 = DIRECTION ( 'NONE',  ( 1.000000000000000000, -0.000000000000000000, 0.000000000000000000 ) ) ;
#6559 = CARTESIAN_POINT ( 'NONE',  ( -80.00000000000000000, -20.00000000000000711, -40.00000000000000000 ) ) ;
#6560 = EDGE_LOOP ( 'NONE', ( #11457, #3280, #6794, #12393 ) ) ;
#6561 = AXIS2_PLACEMENT_3D ( 'NONE', #1048, #288, #7414 ) ;
#6562 = CARTESIAN_POINT ( 'NONE',  ( -90.00000000000005684, -30.00000000000000711, -40.00000000000000000 ) ) ;
#6563 = ORIENTED_EDGE ( 'NONE', *, *, #2979, .T. ) ;
#6564 = VERTEX_POINT ( 'NONE', #8901 ) ;
#6565 = CYLINDRICAL_SURFACE ( 'NONE', #976, 10.00000000000000178 ) ;
#6566 = EDGE_LOOP ( 'NONE', ( #1796, #5039, #6810, #5832 ) ) ;
#6567 = VECTOR ( 'NONE', #5286, 1000.000000000000000 ) ;
#6568 = DIRECTION ( 'NONE',  ( 0.000000000000000000, 0.000000000000000000, -1.000000000000000000 ) ) ;
#6569 = DIRECTION ( 'NONE',  ( -1.000000000000000000, 0.000000000000000000, 0.000000000000000000 ) ) ;
#6570 = DIRECTION ( 'NONE',  ( 0.000000000000000000, -0.000000000000000000, -1.000000000000000000 ) ) ;
#6571 = CARTESIAN_POINT ( 'NONE',  ( 28.74999999999999645, -52.50000000000000711, 60.00000000000000711 ) ) ;
#6572 = LINE ( 'NONE', #4772, #6960 ) ;
#6573 = EDGE_CURVE ( 'NONE', #867, #1688, #5219, .T. ) ;
#6574 = ORIENTED_EDGE ( 'NONE', *, *, #5736, .F. ) ;
#6575 = CARTESIAN_POINT ( 'NONE',  ( -18.75000000000000711, -30.00000000000000355, 8.343145750507616754 ) ) ;
#6576 = CARTESIAN_POINT ( 'NONE',  ( -28.74999999999999645, 7.000000000000089706, 60.00000000000000711 ) ) ;
#6577 = EDGE_CURVE ( 'NONE', #11107, #11184, #11271, .T. ) ;
#6578 = CARTESIAN_POINT ( 'NONE',  ( 46.00000000000004974, 29.99999999999999289, -0.000000000000000000 ) ) ;
#6579 = EDGE_LOOP ( 'NONE', ( #5793, #8745, #904, #5380, #12202 ) ) ;
#6580 = EDGE_CURVE ( 'NONE', #12543, #2819, #3177, .T. ) ;
#6581 = CYLINDRICAL_SURFACE ( 'NONE', #785, 1.100000000000000311 ) ;
#6582 = CARTESIAN_POINT ( 'NONE',  ( 18.75000000000001066, -52.50000000000000711, 60.00000000000000711 ) ) ;
#6583 = CARTESIAN_POINT ( 'NONE',  ( 36.00000000000002842, 26.99999999999999289, -5.097962868176746799E-15 ) ) ;
#6584 = EDGE_CURVE ( 'NONE', #11624, #10582, #8343, .T. ) ;
#6585 = EDGE_CURVE ( 'NONE', #4939, #8710, #2173, .T. ) ;
#6586 = DIRECTION ( 'NONE',  ( 0.000000000000000000, 1.000000000000000000, 0.000000000000000000 ) ) ;
#6587 = CARTESIAN_POINT ( 'NONE',  ( 28.74999999999982947, 19.99999999999998934, 10.00000000000000000 ) ) ;
#6588 = ADVANCED_FACE ( 'NONE', ( #2230 ), #12441, .T. ) ;
#6589 = FACE_OUTER_BOUND ( 'NONE', #6671, .T. ) ;
#6590 = ORIENTED_EDGE ( 'NONE', *, *, #8203, .T. ) ;
#6591 = DIRECTION ( 'NONE',  ( -0.000000000000000000, 1.000000000000000000, -0.000000000000000000 ) ) ;
#6592 = VERTEX_POINT ( 'NONE', #6162 ) ;
#6593 = ORIENTED_EDGE ( 'NONE', *, *, #8996, .F. ) ;
#6594 = ORIENTED_EDGE ( 'NONE', *, *, #2782, .T. ) ;
#6595 = DIRECTION ( 'NONE',  ( 0.000000000000000000, 1.000000000000000000, 0.000000000000000000 ) ) ;
#6596 = ORIENTED_EDGE ( 'NONE', *, *, #8996, .T. ) ;
#6597 = DIRECTION ( 'NONE',  ( 1.000000000000000000, 0.000000000000000000, 0.000000000000000000 ) ) ;
#6598 = LINE ( 'NONE', #7717, #4342 ) ;
#6599 = LINE ( 'NONE', #5744, #103 ) ;
#6600 = LINE ( 'NONE', #5538, #2075 ) ;
#6601 = EDGE_CURVE ( 'NONE', #12147, #6649, #4284, .T. ) ;
#6602 = CARTESIAN_POINT ( 'NONE',  ( -28.00000000000003197, 14.24999999999999822, 1.000000000000009548 ) ) ;
#6603 = FACE_OUTER_BOUND ( 'NONE', #12175, .T. ) ;
#6604 = DIRECTION ( 'NONE',  ( -0.000000000000000000, -0.000000000000000000, -1.000000000000000000 ) ) ;
#6605 = DIRECTION ( 'NONE',  ( 0.000000000000000000, 1.000000000000000000, -0.000000000000000000 ) ) ;
#6606 = ORIENTED_EDGE ( 'NONE', *, *, #12806, .T. ) ;
#6607 = CARTESIAN_POINT ( 'NONE',  ( 30.00000000000002842, 19.99999999999999289, -40.00000000000000000 ) ) ;
#6608 = EDGE_CURVE ( 'NONE', #10351, #12293, #7409, .T. ) ;
#6609 = ORIENTED_EDGE ( 'NONE', *, *, #11841, .F. ) ;
#6610 = VERTEX_POINT ( 'NONE', #364 ) ;
#6611 = EDGE_CURVE ( 'NONE', #5533, #3400, #1160, .T. ) ;
#6612 = FACE_OUTER_BOUND ( 'NONE', #5344, .T. ) ;
#6613 = CARTESIAN_POINT ( 'NONE',  ( 34.00000000000002842, 29.99999999999999289, 20.20000000000000284 ) ) ;
#6614 = DIRECTION ( 'NONE',  ( 0.000000000000000000, 0.000000000000000000, 1.000000000000000000 ) ) ;
#6615 = CARTESIAN_POINT ( 'NONE',  ( 28.74999999999982947, -30.00000000000001421, 60.00000000000000711 ) ) ;
#6616 = FACE_BOUND ( 'NONE', #1505, .T. ) ;
#6617 = ORIENTED_EDGE ( 'NONE', *, *, #3145, .F. ) ;
#6618 = CARTESIAN_POINT ( 'NONE',  ( 34.00000000000002842, 29.99999999999999289, 18.20000000000000284 ) ) ;
#6619 = FACE_OUTER_BOUND ( 'NONE', #11278, .T. ) ;
#6620 = VERTEX_POINT ( 'NONE', #4228 ) ;
#6621 = ORIENTED_EDGE ( 'NONE', *, *, #4721, .T. ) ;
#6622 = CARTESIAN_POINT ( 'NONE',  ( 46.00000000000004974, 26.99999999999999289, 44.59999999999999432 ) ) ;
#6623 = EDGE_CURVE ( 'NONE', #12580, #3842, #7825, .T. ) ;
#6624 = ORIENTED_EDGE ( 'NONE', *, *, #11868, .F. ) ;
#6625 = ORIENTED_EDGE ( 'NONE', *, *, #11761, .T. ) ;
#6626 = LINE ( 'NONE', #2576, #9479 ) ;
#6627 = EDGE_CURVE ( 'NONE', #3618, #7114, #12311, .T. ) ;
#6628 = DIRECTION ( 'NONE',  ( 0.000000000000000000, 0.000000000000000000, 1.000000000000000000 ) ) ;
#6629 = PLANE ( 'NONE',  #2906 ) ;
#6630 = DIRECTION ( 'NONE',  ( 0.000000000000000000, 1.000000000000000000, -0.000000000000000000 ) ) ;
#6631 = CARTESIAN_POINT ( 'NONE',  ( 12.74999999999983480, -5.000000000000004441, -22.50000000000000355 ) ) ;
#6632 = CARTESIAN_POINT ( 'NONE',  ( -90.00000000000005684, 29.99999999999999289, -40.00000000000000000 ) ) ;
#6633 = CARTESIAN_POINT ( 'NONE',  ( -28.74999999999999645, -26.00000000000000711, 6.000000000000000000 ) ) ;
#6634 = DIRECTION ( 'NONE',  ( -1.000000000000000000, -0.000000000000000000, 1.387778780781445676E-16 ) ) ;
#6635 = ORIENTED_EDGE ( 'NONE', *, *, #10500, .F. ) ;
#6636 = EDGE_LOOP ( 'NONE', ( #3926, #6391, #12058 ) ) ;
#6637 = EDGE_CURVE ( 'NONE', #13076, #4838, #6414, .T. ) ;
#6638 = LINE ( 'NONE', #10693, #10966 ) ;
#6639 = DIRECTION ( 'NONE',  ( -0.000000000000000000, 1.000000000000000000, -0.000000000000000000 ) ) ;
#6640 = EDGE_CURVE ( 'NONE', #12956, #9124, #12055, .T. ) ;
#6641 = DIRECTION ( 'NONE',  ( 0.000000000000000000, 0.000000000000000000, 1.000000000000000000 ) ) ;
#6642 = DIRECTION ( 'NONE',  ( -1.000000000000000000, 0.000000000000000000, 0.000000000000000000 ) ) ;
#6643 = DIRECTION ( 'NONE',  ( 1.000000000000000000, 0.000000000000000000, 0.000000000000000000 ) ) ;
#6644 = CARTESIAN_POINT ( 'NONE',  ( -49.40000000000004121, 26.99999999999999289, 56.00000000000000000 ) ) ;
#6645 = ORIENTED_EDGE ( 'NONE', *, *, #9861, .T. ) ;
#6646 = ORIENTED_EDGE ( 'NONE', *, *, #3041, .F. ) ;
#6647 = ORIENTED_EDGE ( 'NONE', *, *, #7061, .F. ) ;
#6648 = ORIENTED_EDGE ( 'NONE', *, *, #12392, .F. ) ;
#6649 = VERTEX_POINT ( 'NONE', #1100 ) ;
#6650 = ORIENTED_EDGE ( 'NONE', *, *, #3863, .F. ) ;
#6651 = LINE ( 'NONE', #10788, #3137 ) ;
#6652 = VERTEX_POINT ( 'NONE', #11401 ) ;
#6653 = LINE ( 'NONE', #2762, #10302 ) ;
#6654 = DIRECTION ( 'NONE',  ( -0.000000000000000000, 1.000000000000000000, -0.000000000000000000 ) ) ;
#6655 = EDGE_CURVE ( 'NONE', #10062, #10181, #2120, .T. ) ;
#6656 = ADVANCED_FACE ( 'NONE', ( #5300 ), #3287, .T. ) ;
#6657 = DIRECTION ( 'NONE',  ( 1.000000000000000000, -0.000000000000000000, 0.000000000000000000 ) ) ;
#6658 = EDGE_CURVE ( 'NONE', #2506, #7173, #4426, .T. ) ;
#6659 = LINE ( 'NONE', #11453, #11838 ) ;
#6660 = DIRECTION ( 'NONE',  ( -0.000000000000000000, -1.000000000000000000, 0.000000000000000000 ) ) ;
#6661 = CARTESIAN_POINT ( 'NONE',  ( -14.30000000000000782, -31.75000000000000000, 22.60434383594886754 ) ) ;
#6662 = CARTESIAN_POINT ( 'NONE',  ( -47.40000000000004832, 26.99999999999999289, 0.000000000000000000 ) ) ;
#6663 = DIRECTION ( 'NONE',  ( 0.000000000000000000, -1.000000000000000000, -4.625929269271485914E-16 ) ) ;
#6664 = ORIENTED_EDGE ( 'NONE', *, *, #12631, .T. ) ;
#6665 = LINE ( 'NONE', #11784, #8435 ) ;
#6666 = VERTEX_POINT ( 'NONE', #5415 ) ;
#6667 = CARTESIAN_POINT ( 'NONE',  ( -44.00000000000003553, 29.99999999999999289, -6.230843505549355095E-15 ) ) ;
#6668 = EDGE_CURVE ( 'NONE', #13076, #2814, #7145, .T. ) ;
#6669 = EDGE_CURVE ( 'NONE', #12266, #12829, #5155, .T. ) ;
#6670 = FACE_OUTER_BOUND ( 'NONE', #775, .T. ) ;
#6671 = EDGE_LOOP ( 'NONE', ( #2387, #6852, #6895, #1697, #9303, #1755, #6648, #6225, #7355 ) ) ;
#6672 = ORIENTED_EDGE ( 'NONE', *, *, #1109, .T. ) ;
#6673 = EDGE_CURVE ( 'NONE', #8186, #3914, #8595, .T. ) ;
#6674 = DIRECTION ( 'NONE',  ( -1.000000000000000000, 0.000000000000000000, 0.000000000000000000 ) ) ;
#6675 = CARTESIAN_POINT ( 'NONE',  ( -86.00000000000004263, 23.99999999999998934, 56.00000000000000711 ) ) ;
#6676 = CARTESIAN_POINT ( 'NONE',  ( -29.99999999999997158, -19.99999999999999289, -40.00000000000000000 ) ) ;
#6677 = PLANE ( 'NONE',  #10363 ) ;
#6678 = FACE_BOUND ( 'NONE', #5293, .T. ) ;
#6679 = ORIENTED_EDGE ( 'NONE', *, *, #1790, .F. ) ;
#6680 = DIRECTION ( 'NONE',  ( 0.000000000000000000, -4.625929269271485914E-16, 1.000000000000000000 ) ) ;
#6681 = DIRECTION ( 'NONE',  ( 1.000000000000000000, -0.000000000000000000, -0.000000000000000000 ) ) ;
#6682 = EDGE_CURVE ( 'NONE', #4820, #8991, #5610, .T. ) ;
#6683 = ORIENTED_EDGE ( 'NONE', *, *, #8729, .T. ) ;
#6684 = ORIENTED_EDGE ( 'NONE', *, *, #10167, .F. ) ;
#6685 = DIRECTION ( 'NONE',  ( 1.000000000000000000, -0.000000000000000000, -0.000000000000000000 ) ) ;
#6686 = ORIENTED_EDGE ( 'NONE', *, *, #7071, .F. ) ;
#6687 = EDGE_LOOP ( 'NONE', ( #377, #4748, #6164, #868 ) ) ;
#6688 = AXIS2_PLACEMENT_3D ( 'NONE', #12820, #7860, #8720 ) ;
#6689 = DIRECTION ( 'NONE',  ( -0.000000000000000000, 1.000000000000000000, -0.000000000000000000 ) ) ;
#6690 = ADVANCED_FACE ( 'NONE', ( #5554 ), #9744, .F. ) ;
#6691 = DIRECTION ( 'NONE',  ( 1.000000000000000000, 0.000000000000000000, 0.000000000000000000 ) ) ;
#6692 = DIRECTION ( 'NONE',  ( -1.000000000000000000, 0.000000000000000000, 0.000000000000000000 ) ) ;
#6693 = DIRECTION ( 'NONE',  ( 0.000000000000000000, 0.000000000000000000, 1.000000000000000000 ) ) ;
#6694 = DIRECTION ( 'NONE',  ( 0.000000000000000000, 0.000000000000000000, 1.000000000000000000 ) ) ;
#6695 = CIRCLE ( 'NONE', #8383, 1.500000000000001332 ) ;
#6696 = DIRECTION ( 'NONE',  ( 1.000000000000000000, -0.000000000000000000, 0.000000000000000000 ) ) ;
#6697 = EDGE_CURVE ( 'NONE', #3806, #8208, #12641, .T. ) ;
#6698 = EDGE_LOOP ( 'NONE', ( #7503, #3634, #10943, #1482 ) ) ;
#6699 = LINE ( 'NONE', #595, #2081 ) ;
#6700 = VECTOR ( 'NONE', #7647, 999.9999999999998863 ) ;
#6701 = PLANE ( 'NONE',  #1008 ) ;
#6702 = ORIENTED_EDGE ( 'NONE', *, *, #4915, .F. ) ;
#6703 = ORIENTED_EDGE ( 'NONE', *, *, #9374, .T. ) ;
#6704 = AXIS2_PLACEMENT_3D ( 'NONE', #2948, #12035, #10184 ) ;
#6705 = VECTOR ( 'NONE', #12616, 1000.000000000000000 ) ;
#6706 = FACE_OUTER_BOUND ( 'NONE', #3436, .T. ) ;
#6707 = CARTESIAN_POINT ( 'NONE',  ( 34.00000000000003553, 26.99999999999999289, 42.60000000000000142 ) ) ;
#6708 = VECTOR ( 'NONE', #4133, 1000.000000000000000 ) ;
#6709 = LINE ( 'NONE', #10773, #9638 ) ;
#6710 = LINE ( 'NONE', #4870, #10767 ) ;
#6711 = AXIS2_PLACEMENT_3D ( 'NONE', #8544, #235, #4291 ) ;
#6712 = AXIS2_PLACEMENT_3D ( 'NONE', #7090, #9970, #1984 ) ;
#6713 = DIRECTION ( 'NONE',  ( -0.000000000000000000, -0.000000000000000000, -1.000000000000000000 ) ) ;
#6714 = EDGE_LOOP ( 'NONE', ( #13103, #267, #3111, #4527 ) ) ;
#6715 = VERTEX_POINT ( 'NONE', #11590 ) ;
#6716 = ORIENTED_EDGE ( 'NONE', *, *, #7322, .T. ) ;
#6717 = CIRCLE ( 'NONE', #7337, 2.000000000000000888 ) ;
#6718 = DIRECTION ( 'NONE',  ( -0.000000000000000000, 1.000000000000000000, -0.000000000000000000 ) ) ;
#6719 = ORIENTED_EDGE ( 'NONE', *, *, #2873, .T. ) ;
#6720 = ORIENTED_EDGE ( 'NONE', *, *, #5228, .F. ) ;
#6721 = ORIENTED_EDGE ( 'NONE', *, *, #3654, .F. ) ;
#6722 = VECTOR ( 'NONE', #2468, 1000.000000000000000 ) ;
#6723 = VECTOR ( 'NONE', #3641, 1000.000000000000000 ) ;
#6724 = FACE_OUTER_BOUND ( 'NONE', #10022, .T. ) ;
#6725 = ORIENTED_EDGE ( 'NONE', *, *, #2366, .T. ) ;
#6726 = CIRCLE ( 'NONE', #11831, 1.500000000000004885 ) ;
#6727 = PLANE ( 'NONE',  #9446 ) ;
#6728 = CARTESIAN_POINT ( 'NONE',  ( -33.00000000000004263, 26.99999999999999289, 0.000000000000000000 ) ) ;
#6729 = VECTOR ( 'NONE', #3639, 1000.000000000000000 ) ;
#6730 = CARTESIAN_POINT ( 'NONE',  ( -34.00000000000002842, 26.99999999999999289, 20.20000000000000284 ) ) ;
#6731 = DIRECTION ( 'NONE',  ( 1.000000000000000000, -0.000000000000000000, -0.000000000000000000 ) ) ;
#6732 = VECTOR ( 'NONE', #8240, 1000.000000000000000 ) ;
#6733 = CARTESIAN_POINT ( 'NONE',  ( 85.99999999999994316, -26.00000000000000711, -40.00000000000000000 ) ) ;
#6734 = DIRECTION ( 'NONE',  ( -1.000000000000000000, 0.000000000000000000, 0.000000000000000000 ) ) ;
#6735 = CARTESIAN_POINT ( 'NONE',  ( 32.74999999999983658, -5.000000000000004441, -22.50000000000000355 ) ) ;
#6736 = VERTEX_POINT ( 'NONE', #3478 ) ;
#6737 = CIRCLE ( 'NONE', #592, 2.500000000000002220 ) ;
#6738 = CARTESIAN_POINT ( 'NONE',  ( 49.40000000000004121, 29.99999999999999289, 58.00000000000000000 ) ) ;
#6739 = ORIENTED_EDGE ( 'NONE', *, *, #1109, .F. ) ;
#6740 = VECTOR ( 'NONE', #4282, 1000.000000000000000 ) ;
#6741 = EDGE_CURVE ( 'NONE', #11308, #5337, #606, .T. ) ;
#6742 = AXIS2_PLACEMENT_3D ( 'NONE', #3823, #4899, #6009 ) ;
#6743 = VECTOR ( 'NONE', #11519, 1000.000000000000000 ) ;
#6744 = CARTESIAN_POINT ( 'NONE',  ( 0.000000000000000000, 0.000000000000000000, 10.00000000000000000 ) ) ;
#6745 = ORIENTED_EDGE ( 'NONE', *, *, #11212, .F. ) ;
#6746 = VERTEX_POINT ( 'NONE', #11670 ) ;
#6747 = VECTOR ( 'NONE', #7404, 1000.000000000000000 ) ;
#6748 = VECTOR ( 'NONE', #12415, 1000.000000000000000 ) ;
#6749 = CARTESIAN_POINT ( 'NONE',  ( -49.40000000000004832, 26.99999999999999289, 48.00000000000000000 ) ) ;
#6750 = CARTESIAN_POINT ( 'NONE',  ( 74.00000000000004263, 26.99999999999999289, 0.000000000000000000 ) ) ;
#6751 = LINE ( 'NONE', #8536, #3746 ) ;
#6752 = ADVANCED_FACE ( 'NONE', ( #492 ), #2565, .F. ) ;
#6753 = DIRECTION ( 'NONE',  ( 0.000000000000000000, -1.000000000000000000, 4.625929269271485914E-16 ) ) ;
#6754 = DIRECTION ( 'NONE',  ( -0.000000000000000000, -1.000000000000000000, -0.000000000000000000 ) ) ;
#6755 = AXIS2_PLACEMENT_3D ( 'NONE', #7244, #2206, #3262 ) ;
#6756 = ORIENTED_EDGE ( 'NONE', *, *, #7088, .F. ) ;
#6757 = EDGE_CURVE ( 'NONE', #10583, #2574, #9661, .T. ) ;
#6758 = DIRECTION ( 'NONE',  ( 1.000000000000000000, -0.000000000000000000, 0.000000000000000000 ) ) ;
#6759 = CARTESIAN_POINT ( 'NONE',  ( 22.00000000000003197, 19.99999999999999289, -4.999999999999997335 ) ) ;
#6760 = AXIS2_PLACEMENT_3D ( 'NONE', #4136, #10256, #6015 ) ;
#6761 = EDGE_CURVE ( 'NONE', #5846, #10579, #10667, .T. ) ;
#6762 = ORIENTED_EDGE ( 'NONE', *, *, #3684, .F. ) ;
#6763 = EDGE_CURVE ( 'NONE', #8455, #9302, #4628, .T. ) ;
#6764 = ORIENTED_EDGE ( 'NONE', *, *, #3029, .F. ) ;
#6765 = DIRECTION ( 'NONE',  ( 0.000000000000000000, 0.000000000000000000, -1.000000000000000000 ) ) ;
#6766 = AXIS2_PLACEMENT_3D ( 'NONE', #2778, #2215, #2099 ) ;
#6767 = ORIENTED_EDGE ( 'NONE', *, *, #9375, .F. ) ;
#6768 = ORIENTED_EDGE ( 'NONE', *, *, #3086, .F. ) ;
#6769 = AXIS2_PLACEMENT_3D ( 'NONE', #11492, #6634, #4658 ) ;
#6770 = DIRECTION ( 'NONE',  ( -3.469446951953614189E-16, -1.000000000000000000, 0.000000000000000000 ) ) ;
#6771 = CARTESIAN_POINT ( 'NONE',  ( 0.000000000000000000, -28.00000000000000355, -11.00000000000000178 ) ) ;
#6772 = DIRECTION ( 'NONE',  ( -1.000000000000000000, 0.000000000000000000, 0.000000000000000000 ) ) ;
#6773 = VECTOR ( 'NONE', #2177, 1000.000000000000000 ) ;
#6774 = CARTESIAN_POINT ( 'NONE',  ( 0.000000000000000000, 26.99999999999999289, 18.19999999999999574 ) ) ;
#6775 = EDGE_CURVE ( 'NONE', #10320, #6666, #10607, .T. ) ;
#6776 = DIRECTION ( 'NONE',  ( 1.000000000000000000, 0.000000000000000000, 0.000000000000000000 ) ) ;
#6777 = DIRECTION ( 'NONE',  ( 0.000000000000000000, 0.000000000000000000, 1.000000000000000000 ) ) ;
#6778 = ORIENTED_EDGE ( 'NONE', *, *, #7798, .F. ) ;
#6779 = AXIS2_PLACEMENT_3D ( 'NONE', #2879, #6925, #10996 ) ;
#6780 = CARTESIAN_POINT ( 'NONE',  ( 0.000000000000000000, 29.99999999999999289, 8.000000000000000000 ) ) ;
#6781 = CARTESIAN_POINT ( 'NONE',  ( 38.21923047520458994, -28.00000000000000355, -25.89102539600397179 ) ) ;
#6782 = DIRECTION ( 'NONE',  ( 1.000000000000000000, -0.000000000000000000, 0.000000000000000000 ) ) ;
#6783 = ORIENTED_EDGE ( 'NONE', *, *, #11658, .T. ) ;
#6784 = ADVANCED_FACE ( 'NONE', ( #7524 ), #8673, .F. ) ;
#6785 = VERTEX_POINT ( 'NONE', #10734 ) ;
#6786 = AXIS2_PLACEMENT_3D ( 'NONE', #5146, #12302, #9386 ) ;
#6787 = LINE ( 'NONE', #9494, #5647 ) ;
#6788 = LINE ( 'NONE', #10840, #2665 ) ;
#6789 = VECTOR ( 'NONE', #2972, 1000.000000000000000 ) ;
#6790 = CARTESIAN_POINT ( 'NONE',  ( 70.00000000000000000, 22.99999999999999289, -15.00000000000002309 ) ) ;
#6791 = CARTESIAN_POINT ( 'NONE',  ( -28.75000000000000355, 38.26999999999998892, 53.50000000000000000 ) ) ;
#6792 = CARTESIAN_POINT ( 'NONE',  ( -36.00000000000002842, 29.99999999999999289, -5.097962868176746799E-15 ) ) ;
#6793 = VERTEX_POINT ( 'NONE', #5758 ) ;
#6794 = ORIENTED_EDGE ( 'NONE', *, *, #8456, .F. ) ;
#6795 = ORIENTED_EDGE ( 'NONE', *, *, #10884, .F. ) ;
#6796 = ORIENTED_EDGE ( 'NONE', *, *, #6573, .F. ) ;
#6797 = ORIENTED_EDGE ( 'NONE', *, *, #3095, .F. ) ;
#6798 = ORIENTED_EDGE ( 'NONE', *, *, #923, .T. ) ;
#6799 = EDGE_CURVE ( 'NONE', #3400, #9079, #3626, .T. ) ;
#6800 = DIRECTION ( 'NONE',  ( -1.000000000000000000, 0.000000000000000000, 0.000000000000000000 ) ) ;
#6801 = EDGE_LOOP ( 'NONE', ( #841, #12894, #2664, #9674, #1798, #11145 ) ) ;
#6802 = DIRECTION ( 'NONE',  ( 0.000000000000000000, 0.000000000000000000, 1.000000000000000000 ) ) ;
#6803 = CARTESIAN_POINT ( 'NONE',  ( 33.28076952479507611, -28.00000000000000355, -8.108974603996028208 ) ) ;
#6804 = LINE ( 'NONE', #4803, #2030 ) ;
#6805 = EDGE_CURVE ( 'NONE', #10092, #11755, #7734, .T. ) ;
#6806 = PLANE ( 'NONE',  #2756 ) ;
#6807 = DIRECTION ( 'NONE',  ( 1.000000000000000000, 0.000000000000000000, -3.469446951953613696E-16 ) ) ;
#6808 = ORIENTED_EDGE ( 'NONE', *, *, #11191, .T. ) ;
#6809 = CARTESIAN_POINT ( 'NONE',  ( 18.74999999999982947, 19.99999999999998934, 56.15000000000000568 ) ) ;
#6810 = ORIENTED_EDGE ( 'NONE', *, *, #2651, .F. ) ;
#6811 = CARTESIAN_POINT ( 'NONE',  ( -90.00000000000005684, 23.99999999999998934, 5.999999999999998224 ) ) ;
#6812 = EDGE_CURVE ( 'NONE', #5878, #7957, #10810, .T. ) ;
#6813 = ORIENTED_EDGE ( 'NONE', *, *, #4701, .F. ) ;
#6814 = VERTEX_POINT ( 'NONE', #8482 ) ;
#6815 = CARTESIAN_POINT ( 'NONE',  ( 46.00000000000004263, 29.99999999999999289, 8.000000000000000000 ) ) ;
#6816 = CARTESIAN_POINT ( 'NONE',  ( 23.74999999999982236, 4.999999999999992006, 56.14999999999999858 ) ) ;
#6817 = PLANE ( 'NONE',  #2260 ) ;
#6818 = EDGE_CURVE ( 'NONE', #6551, #3605, #12516, .T. ) ;
#6819 = ADVANCED_FACE ( 'NONE', ( #12571 ), #6677, .F. ) ;
#6820 = DIRECTION ( 'NONE',  ( 0.000000000000000000, 0.000000000000000000, 1.000000000000000000 ) ) ;
#6821 = DIRECTION ( 'NONE',  ( 0.000000000000000000, 0.000000000000000000, 1.000000000000000000 ) ) ;
#6822 = ORIENTED_EDGE ( 'NONE', *, *, #8300, .T. ) ;
#6823 = PLANE ( 'NONE',  #5848 ) ;
#6824 = PLANE ( 'NONE',  #8910 ) ;
#6825 = ADVANCED_FACE ( 'NONE', ( #7613, #10935 ), #9865, .F. ) ;
#6826 = VERTEX_POINT ( 'NONE', #950 ) ;
#6827 = ORIENTED_EDGE ( 'NONE', *, *, #10707, .T. ) ;
#6828 = DIRECTION ( 'NONE',  ( -0.000000000000000000, 0.000000000000000000, -1.000000000000000000 ) ) ;
#6829 = ORIENTED_EDGE ( 'NONE', *, *, #12851, .T. ) ;
#6830 = ORIENTED_EDGE ( 'NONE', *, *, #4722, .F. ) ;
#6831 = ORIENTED_EDGE ( 'NONE', *, *, #6489, .F. ) ;
#6832 = LINE ( 'NONE', #8607, #147 ) ;
#6833 = CARTESIAN_POINT ( 'NONE',  ( 30.00000000000002842, -5.000000000000006217, -11.49999999999999645 ) ) ;
#6834 = CARTESIAN_POINT ( 'NONE',  ( -44.00000000000003553, 29.99999999999999289, -6.230843505549355095E-15 ) ) ;
#6835 = DIRECTION ( 'NONE',  ( 1.000000000000000000, 0.000000000000000000, -0.000000000000000000 ) ) ;
#6836 = DIRECTION ( 'NONE',  ( 0.000000000000000000, 0.000000000000000000, -1.000000000000000000 ) ) ;
#6837 = DIRECTION ( 'NONE',  ( -0.000000000000000000, 1.000000000000000000, -4.625929269271487886E-16 ) ) ;
#6838 = VERTEX_POINT ( 'NONE', #1960 ) ;
#6839 = DIRECTION ( 'NONE',  ( 1.000000000000000000, -0.000000000000000000, 0.000000000000000000 ) ) ;
#6840 = CARTESIAN_POINT ( 'NONE',  ( 0.000000000000000000, -24.00000000000000000, -31.75000000000000000 ) ) ;
#6841 = CARTESIAN_POINT ( 'NONE',  ( -64.00000000000002842, 26.99999999999999289, 58.00000000000000000 ) ) ;
#6842 = ORIENTED_EDGE ( 'NONE', *, *, #5145, .F. ) ;
#6843 = ORIENTED_EDGE ( 'NONE', *, *, #3670, .T. ) ;
#6844 = CARTESIAN_POINT ( 'NONE',  ( 0.000000000000000000, 26.99999999999999289, 44.59999999999999432 ) ) ;
#6845 = LINE ( 'NONE', #1985, #4148 ) ;
#6846 = DIRECTION ( 'NONE',  ( -4.336808689942013792E-16, 1.000000000000000000, 0.000000000000000000 ) ) ;
#6847 = CARTESIAN_POINT ( 'NONE',  ( -33.00000000000004263, 29.99999999999999289, -7.000000000000000000 ) ) ;
#6848 = CARTESIAN_POINT ( 'NONE',  ( -28.75000000000000355, -31.75000000000000000, 22.60434383594886754 ) ) ;
#6849 = ORIENTED_EDGE ( 'NONE', *, *, #1150, .T. ) ;
#6850 = VERTEX_POINT ( 'NONE', #845 ) ;
#6851 = VERTEX_POINT ( 'NONE', #10871 ) ;
#6852 = ORIENTED_EDGE ( 'NONE', *, *, #9617, .T. ) ;
#6853 = ORIENTED_EDGE ( 'NONE', *, *, #2788, .T. ) ;
#6854 = ORIENTED_EDGE ( 'NONE', *, *, #7466, .F. ) ;
#6855 = VERTEX_POINT ( 'NONE', #4755 ) ;
#6856 = LINE ( 'NONE', #5940, #3934 ) ;
#6857 = DIRECTION ( 'NONE',  ( -0.1564101584015892832, 0.000000000000000000, 0.9876921900819048972 ) ) ;
#6858 = LINE ( 'NONE', #4605, #7975 ) ;
#6859 = LINE ( 'NONE', #10919, #5245 ) ;
#6860 = PLANE ( 'NONE',  #6943 ) ;
#6861 = LINE ( 'NONE', #830, #4652 ) ;
#6862 = CYLINDRICAL_SURFACE ( 'NONE', #10538, 2.999999999999999112 ) ;
#6863 = ORIENTED_EDGE ( 'NONE', *, *, #10059, .T. ) ;
#6864 = EDGE_CURVE ( 'NONE', #4764, #11068, #5957, .T. ) ;
#6865 = CARTESIAN_POINT ( 'NONE',  ( 33.24999999999983658, -30.00000000000000711, -22.50000000000000355 ) ) ;
#6866 = EDGE_CURVE ( 'NONE', #8675, #6506, #4902, .T. ) ;
#6867 = EDGE_CURVE ( 'NONE', #12303, #9049, #6011, .T. ) ;
#6868 = DIRECTION ( 'NONE',  ( -0.000000000000000000, 1.000000000000000000, -0.000000000000000000 ) ) ;
#6869 = ORIENTED_EDGE ( 'NONE', *, *, #7743, .F. ) ;
#6870 = ORIENTED_EDGE ( 'NONE', *, *, #7194, .F. ) ;
#6871 = DIRECTION ( 'NONE',  ( -0.000000000000000000, 1.000000000000000000, -0.000000000000000000 ) ) ;
#6872 = DIRECTION ( 'NONE',  ( 1.000000000000000000, -0.000000000000000000, 0.000000000000000000 ) ) ;
#6873 = CARTESIAN_POINT ( 'NONE',  ( 38.00000000000004263, 26.99999999999999289, 54.00000000000000000 ) ) ;
#6874 = DIRECTION ( 'NONE',  ( -0.000000000000000000, 1.000000000000000000, -0.000000000000000000 ) ) ;
#6875 = LINE ( 'NONE', #846, #6496 ) ;
#6876 = ORIENTED_EDGE ( 'NONE', *, *, #4465, .T. ) ;
#6877 = CARTESIAN_POINT ( 'NONE',  ( -36.00000000000002842, 29.99999999999999289, 6.000000000000006217 ) ) ;
#6878 = ADVANCED_FACE ( 'NONE', ( #13109 ), #1827, .F. ) ;
#6879 = CARTESIAN_POINT ( 'NONE',  ( 17.99999999999980815, 23.24999999999999289, -39.25000000000026290 ) ) ;
#6880 = ORIENTED_EDGE ( 'NONE', *, *, #12896, .T. ) ;
#6881 = CARTESIAN_POINT ( 'NONE',  ( 0.000000000000000000, 26.99999999999999289, 30.39999999999999858 ) ) ;
#6882 = ORIENTED_EDGE ( 'NONE', *, *, #1885, .T. ) ;
#6883 = ORIENTED_EDGE ( 'NONE', *, *, #569, .F. ) ;
#6884 = PLANE ( 'NONE',  #8415 ) ;
#6885 = FACE_OUTER_BOUND ( 'NONE', #3244, .T. ) ;
#6886 = VECTOR ( 'NONE', #7768, 1000.000000000000000 ) ;
#6887 = CARTESIAN_POINT ( 'NONE',  ( 28.75000000000001066, 46.53999999999999204, 60.00000000000000711 ) ) ;
#6888 = ADVANCED_FACE ( 'NONE', ( #8878 ), #5823, .F. ) ;
#6889 = LINE ( 'NONE', #2796, #4194 ) ;
#6890 = EDGE_CURVE ( 'NONE', #8073, #12081, #4019, .T. ) ;
#6891 = CARTESIAN_POINT ( 'NONE',  ( 70.00000000000000000, 29.99999999999999289, -15.00000000000002309 ) ) ;
#6892 = LINE ( 'NONE', #2734, #12444 ) ;
#6893 = FACE_OUTER_BOUND ( 'NONE', #1935, .T. ) ;
#6894 = CARTESIAN_POINT ( 'NONE',  ( -47.40000000000004832, 29.99999999999999289, -0.000000000000000000 ) ) ;
#6895 = ORIENTED_EDGE ( 'NONE', *, *, #4477, .T. ) ;
#6896 = ORIENTED_EDGE ( 'NONE', *, *, #9259, .F. ) ;
#6897 = AXIS2_PLACEMENT_3D ( 'NONE', #11675, #2569, #5761 ) ;
#6898 = EDGE_CURVE ( 'NONE', #12591, #5157, #6945, .T. ) ;
#6899 = LINE ( 'NONE', #10967, #6922 ) ;
#6900 = DIRECTION ( 'NONE',  ( 0.000000000000000000, 0.000000000000000000, 1.000000000000000000 ) ) ;
#6901 = ADVANCED_FACE ( 'NONE', ( #5893 ), #9942, .F. ) ;
#6902 = VECTOR ( 'NONE', #11355, 1000.000000000000000 ) ;
#6903 = ADVANCED_FACE ( 'NONE', ( #11014 ), #7934, .F. ) ;
#6904 = CARTESIAN_POINT ( 'NONE',  ( 24.00000000000002842, 11.09999999999996767, -34.75000000000000000 ) ) ;
#6905 = DIRECTION ( 'NONE',  ( 0.000000000000000000, 0.000000000000000000, 1.000000000000000000 ) ) ;
#6906 = LINE ( 'NONE', #12808, #7368 ) ;
#6907 = LINE ( 'NONE', #11048, #6973 ) ;
#6908 = EDGE_LOOP ( 'NONE', ( #5394, #12899, #5212, #10122, #10261, #5176, #3198, #12959, #514, #913, #4952, #182 ) ) ;
#6909 = ORIENTED_EDGE ( 'NONE', *, *, #1938, .T. ) ;
#6910 = ORIENTED_EDGE ( 'NONE', *, *, #13006, .T. ) ;
#6911 = VECTOR ( 'NONE', #12823, 1000.000000000000000 ) ;
#6912 = AXIS2_PLACEMENT_3D ( 'NONE', #10989, #4994, #2820 ) ;
#6913 = VECTOR ( 'NONE', #4346, 1000.000000000000227 ) ;
#6914 = VERTEX_POINT ( 'NONE', #12842 ) ;
#6915 = ORIENTED_EDGE ( 'NONE', *, *, #11826, .T. ) ;
#6916 = ORIENTED_EDGE ( 'NONE', *, *, #12826, .F. ) ;
#6917 = DIRECTION ( 'NONE',  ( -0.000000000000000000, -1.000000000000000000, -0.000000000000000000 ) ) ;
#6918 = CARTESIAN_POINT ( 'NONE',  ( 85.99999999999994316, 25.99999999999999289, 56.00000000000000711 ) ) ;
#6919 = EDGE_CURVE ( 'NONE', #12250, #3600, #2016, .T. ) ;
#6920 = CARTESIAN_POINT ( 'NONE',  ( 18.74999999999982236, 19.99999999999998934, 44.85000000000000142 ) ) ;
#6921 = AXIS2_PLACEMENT_3D ( 'NONE', #1629, #9873, #2636 ) ;
#6922 = VECTOR ( 'NONE', #1864, 1000.000000000000000 ) ;
#6923 = DIRECTION ( 'NONE',  ( 1.000000000000000000, 0.000000000000000000, 1.621669098212715511E-16 ) ) ;
#6924 = EDGE_CURVE ( 'NONE', #701, #2444, #8997, .T. ) ;
#6925 = DIRECTION ( 'NONE',  ( 1.000000000000000000, -0.000000000000000000, -1.387778780781445676E-16 ) ) ;
#6926 = CARTESIAN_POINT ( 'NONE',  ( 0.000000000000000000, 46.53999999999999204, 0.000000000000000000 ) ) ;
#6927 = CIRCLE ( 'NONE', #12218, 2.499999999999998668 ) ;
#6928 = VERTEX_POINT ( 'NONE', #8005 ) ;
#6929 = DIRECTION ( 'NONE',  ( -0.000000000000000000, 1.000000000000000000, -0.000000000000000000 ) ) ;
#6930 = AXIS2_PLACEMENT_3D ( 'NONE', #10809, #5608, #7465 ) ;
#6931 = AXIS2_PLACEMENT_3D ( 'NONE', #1368, #7349, #9350 ) ;
#6932 = ADVANCED_FACE ( 'NONE', ( #8077 ), #7814, .F. ) ;
#6933 = VECTOR ( 'NONE', #2619, 1000.000000000000000 ) ;
#6934 = AXIS2_PLACEMENT_3D ( 'NONE', #4968, #8897, #9008 ) ;
#6935 = LINE ( 'NONE', #3072, #1845 ) ;
#6936 = ORIENTED_EDGE ( 'NONE', *, *, #10028, .F. ) ;
#6937 = ORIENTED_EDGE ( 'NONE', *, *, #6516, .T. ) ;
#6938 = CIRCLE ( 'NONE', #5900, 4.000000000000003553 ) ;
#6939 = ADVANCED_FACE ( 'NONE', ( #3759 ), #12113, .F. ) ;
#6940 = EDGE_CURVE ( 'NONE', #5307, #10080, #13110, .T. ) ;
#6941 = FACE_OUTER_BOUND ( 'NONE', #4424, .T. ) ;
#6942 = FACE_OUTER_BOUND ( 'NONE', #7914, .T. ) ;
#6943 = AXIS2_PLACEMENT_3D ( 'NONE', #12825, #5997, #828 ) ;
#6944 = EDGE_CURVE ( 'NONE', #8144, #11673, #3215, .T. ) ;
#6945 = LINE ( 'NONE', #11072, #11219 ) ;
#6946 = VECTOR ( 'NONE', #2890, 1000.000000000000000 ) ;
#6947 = AXIS2_PLACEMENT_3D ( 'NONE', #11968, #4681, #7862 ) ;
#6948 = CARTESIAN_POINT ( 'NONE',  ( 28.00000000000003197, 26.99999999999999289, -5.000000000000000888 ) ) ;
#6949 = ORIENTED_EDGE ( 'NONE', *, *, #6140, .F. ) ;
#6950 = DIRECTION ( 'NONE',  ( 0.000000000000000000, 0.000000000000000000, 1.000000000000000000 ) ) ;
#6951 = AXIS2_PLACEMENT_3D ( 'NONE', #4045, #8103, #12140 ) ;
#6952 = CARTESIAN_POINT ( 'NONE',  ( -31.99999999999997158, 1.000000000000000000, -40.00000000000000000 ) ) ;
#6953 = ORIENTED_EDGE ( 'NONE', *, *, #671, .F. ) ;
#6954 = DIRECTION ( 'NONE',  ( -0.000000000000000000, 1.000000000000000000, -0.000000000000000000 ) ) ;
#6955 = VECTOR ( 'NONE', #7038, 1000.000000000000000 ) ;
#6956 = VECTOR ( 'NONE', #4606, 1000.000000000000000 ) ;
#6957 = ORIENTED_EDGE ( 'NONE', *, *, #12455, .T. ) ;
#6958 = ORIENTED_EDGE ( 'NONE', *, *, #4943, .T. ) ;
#6959 = CARTESIAN_POINT ( 'NONE',  ( 23.74999999999982592, -4.999999999999913847, 35.00000000000000000 ) ) ;
#6960 = VECTOR ( 'NONE', #2518, 1000.000000000000000 ) ;
#6961 = PLANE ( 'NONE',  #3961 ) ;
#6962 = DIRECTION ( 'NONE',  ( -1.000000000000000000, 0.000000000000000000, 0.000000000000000000 ) ) ;
#6963 = VECTOR ( 'NONE', #1225, 1000.000000000000000 ) ;
#6964 = CARTESIAN_POINT ( 'NONE',  ( -31.00000000000003553, 26.99999999999999289, -7.000000000000000000 ) ) ;
#6965 = CARTESIAN_POINT ( 'NONE',  ( 0.000000000000000000, 29.99999999999999289, 48.00000000000000000 ) ) ;
#6966 = ORIENTED_EDGE ( 'NONE', *, *, #9176, .F. ) ;
#6967 = VECTOR ( 'NONE', #11304, 999.9999999999998863 ) ;
#6968 = CARTESIAN_POINT ( 'NONE',  ( 18.75000000000001066, -52.50000000000000711, 60.00000000000000711 ) ) ;
#6969 = CARTESIAN_POINT ( 'NONE',  ( -36.00000000000002842, 26.99999999999999289, 30.39999999999999858 ) ) ;
#6970 = ORIENTED_EDGE ( 'NONE', *, *, #12512, .T. ) ;
#6971 = AXIS2_PLACEMENT_3D ( 'NONE', #6149, #3346, #8329 ) ;
#6972 = VERTEX_POINT ( 'NONE', #4073 ) ;
#6973 = VECTOR ( 'NONE', #12886, 1000.000000000000000 ) ;
#6974 = ORIENTED_EDGE ( 'NONE', *, *, #3098, .T. ) ;
#6975 = EDGE_CURVE ( 'NONE', #701, #11677, #9943, .T. ) ;
#6976 = CIRCLE ( 'NONE', #8886, 2.000000000000001776 ) ;
#6977 = CARTESIAN_POINT ( 'NONE',  ( 0.000000000000000000, 29.99999999999999289, 20.20000000000000284 ) ) ;
#6978 = FACE_BOUND ( 'NONE', #10431, .T. ) ;
#6979 = VECTOR ( 'NONE', #12827, 1000.000000000000000 ) ;
#6980 = ORIENTED_EDGE ( 'NONE', *, *, #8072, .F. ) ;
#6981 = EDGE_CURVE ( 'NONE', #8144, #6838, #73, .T. ) ;
#6982 = FACE_OUTER_BOUND ( 'NONE', #3433, .T. ) ;
#6983 = DIRECTION ( 'NONE',  ( -0.000000000000000000, 1.000000000000000000, -0.000000000000000000 ) ) ;
#6984 = VECTOR ( 'NONE', #11690, 1000.000000000000000 ) ;
#6985 = DIRECTION ( 'NONE',  ( 0.000000000000000000, 1.000000000000000000, 0.000000000000000000 ) ) ;
#6986 = ORIENTED_EDGE ( 'NONE', *, *, #732, .F. ) ;
#6987 = EDGE_LOOP ( 'NONE', ( #5136, #354, #5149, #1874 ) ) ;
#6988 = EDGE_LOOP ( 'NONE', ( #7472, #180, #6126, #3027 ) ) ;
#6989 = EDGE_CURVE ( 'NONE', #7941, #6850, #7122, .T. ) ;
#6990 = VERTEX_POINT ( 'NONE', #11258 ) ;
#6991 = EDGE_LOOP ( 'NONE', ( #6822, #2469, #10245, #5520, #3013, #847 ) ) ;
#6992 = EDGE_CURVE ( 'NONE', #11882, #7217, #8239, .T. ) ;
#6993 = LINE ( 'NONE', #13087, #11580 ) ;
#6994 = DIRECTION ( 'NONE',  ( -0.000000000000000000, -1.000000000000000000, -0.000000000000000000 ) ) ;
#6995 = VECTOR ( 'NONE', #6360, 1000.000000000000000 ) ;
#6996 = CARTESIAN_POINT ( 'NONE',  ( -28.75000000000000355, 46.53999999999999204, 10.00000000000000711 ) ) ;
#6997 = DIRECTION ( 'NONE',  ( 0.000000000000000000, 0.000000000000000000, -1.000000000000000000 ) ) ;
#6998 = ADVANCED_FACE ( 'NONE', ( #10318 ), #3270, .T. ) ;
#6999 = CARTESIAN_POINT ( 'NONE',  ( 30.00000000000002842, 6.749999999999995559, -33.25000000000000000 ) ) ;
#7000 = PLANE ( 'NONE',  #3755 ) ;
#7001 = EDGE_LOOP ( 'NONE', ( #10093, #12613, #8378, #931 ) ) ;
#7002 = FACE_BOUND ( 'NONE', #6335, .T. ) ;
#7003 = ADVANCED_FACE ( 'NONE', ( #8270 ), #2353, .T. ) ;
#7004 = DIRECTION ( 'NONE',  ( -0.000000000000000000, -0.000000000000000000, -1.000000000000000000 ) ) ;
#7005 = EDGE_CURVE ( 'NONE', #12327, #11630, #1219, .T. ) ;
#7006 = ORIENTED_EDGE ( 'NONE', *, *, #6924, .F. ) ;
#7007 = EDGE_CURVE ( 'NONE', #7688, #6504, #168, .T. ) ;
#7008 = ORIENTED_EDGE ( 'NONE', *, *, #4895, .F. ) ;
#7009 = CARTESIAN_POINT ( 'NONE',  ( 49.40000000000004832, 26.99999999999999289, 48.00000000000000000 ) ) ;
#7010 = CARTESIAN_POINT ( 'NONE',  ( -60.90000000000004121, 29.99999999999999289, -0.000000000000000000 ) ) ;
#7011 = CARTESIAN_POINT ( 'NONE',  ( 38.74384609504077304, -30.00000000000000711, -22.57820507920079223 ) ) ;
#7012 = CARTESIAN_POINT ( 'NONE',  ( -58.25000000000019185, -20.49999999999991473, 19.50000000000000355 ) ) ;
#7013 = EDGE_CURVE ( 'NONE', #1704, #4910, #1085, .T. ) ;
#7014 = CARTESIAN_POINT ( 'NONE',  ( -31.99999999999997158, 1.000000000000000000, 0.000000000000000000 ) ) ;
#7015 = ORIENTED_EDGE ( 'NONE', *, *, #8771, .T. ) ;
#7016 = PLANE ( 'NONE',  #754 ) ;
#7017 = PLANE ( 'NONE',  #5297 ) ;
#7018 = CYLINDRICAL_SURFACE ( 'NONE', #10388, 2.500000000000002220 ) ;
#7019 = ADVANCED_FACE ( 'NONE', ( #5142 ), #8385, .F. ) ;
#7020 = ORIENTED_EDGE ( 'NONE', *, *, #5629, .F. ) ;
#7021 = ORIENTED_EDGE ( 'NONE', *, *, #1658, .F. ) ;
#7022 = CARTESIAN_POINT ( 'NONE',  ( -23.75000000000000000, -30.00000000000001421, 44.85000000000000142 ) ) ;
#7023 = EDGE_CURVE ( 'NONE', #2198, #11106, #11873, .T. ) ;
#7024 = ORIENTED_EDGE ( 'NONE', *, *, #3178, .T. ) ;
#7025 = VERTEX_POINT ( 'NONE', #2286 ) ;
#7026 =( NAMED_UNIT ( * ) SI_UNIT ( $, .STERADIAN. ) SOLID_ANGLE_UNIT ( ) );
#7027 = CARTESIAN_POINT ( 'NONE',  ( 0.000000000000000000, 26.99999999999999289, 48.00000000000000000 ) ) ;
#7028 = LINE ( 'NONE', #8149, #9077 ) ;
#7029 = LINE ( 'NONE', #11088, #11208 ) ;
#7030 = VERTEX_POINT ( 'NONE', #5197 ) ;
#7031 = DIRECTION ( 'NONE',  ( -1.000000000000000000, 0.000000000000000000, -0.000000000000000000 ) ) ;
#7032 = EDGE_CURVE ( 'NONE', #7217, #11882, #1040, .T. ) ;
#7033 = VERTEX_POINT ( 'NONE', #148 ) ;
#7034 = ORIENTED_EDGE ( 'NONE', *, *, #10276, .T. ) ;
#7035 = EDGE_CURVE ( 'NONE', #5802, #4862, #4211, .T. ) ;
#7036 = ORIENTED_EDGE ( 'NONE', *, *, #1752, .F. ) ;
#7037 = EDGE_CURVE ( 'NONE', #11618, #9058, #12298, .T. ) ;
#7038 = DIRECTION ( 'NONE',  ( 0.000000000000000000, 0.000000000000000000, 1.000000000000000000 ) ) ;
#7039 = LINE ( 'NONE', #9895, #2688 ) ;
#7040 = LINE ( 'NONE', #6037, #316 ) ;
#7041 = CARTESIAN_POINT ( 'NONE',  ( -23.74999999999999289, -4.999999999999912959, 45.00000000000000711 ) ) ;
#7042 = CARTESIAN_POINT ( 'NONE',  ( 23.00000000000002487, -5.599809115433909720E-15, -33.25000000000000000 ) ) ;
#7043 = LINE ( 'NONE', #5118, #3134 ) ;
#7044 = CARTESIAN_POINT ( 'NONE',  ( -23.74999999999999645, 4.999999999999971578, 13.85000000000000853 ) ) ;
#7045 = VERTEX_POINT ( 'NONE', #10394 ) ;
#7046 = EDGE_LOOP ( 'NONE', ( #13039, #10292, #4677, #472 ) ) ;
#7047 = ORIENTED_EDGE ( 'NONE', *, *, #3076, .F. ) ;
#7048 = EDGE_CURVE ( 'NONE', #5978, #2072, #1029, .T. ) ;
#7049 = VERTEX_POINT ( 'NONE', #5342 ) ;
#7050 = EDGE_LOOP ( 'NONE', ( #4453, #3251, #3185, #616 ) ) ;
#7051 = LINE ( 'NONE', #9114, #2243 ) ;
#7052 = CARTESIAN_POINT ( 'NONE',  ( 0.000000000000000000, 26.99999999999999289, 42.59999999999999432 ) ) ;
#7053 = CARTESIAN_POINT ( 'NONE',  ( -23.74999999999996092, 5.000000000000086153, 35.00000000000000000 ) ) ;
#7054 = CARTESIAN_POINT ( 'NONE',  ( 28.75000000000000355, -43.50000000000000711, 51.00000000000000000 ) ) ;
#7055 = CARTESIAN_POINT ( 'NONE',  ( -33.00000000000004263, 26.99999999999999289, -7.000000000000000000 ) ) ;
#7056 = CARTESIAN_POINT ( 'NONE',  ( 12.74999999999983480, -16.00000000000000711, -22.50000000000000711 ) ) ;
#7057 = EDGE_CURVE ( 'NONE', #5923, #4512, #272, .T. ) ;
#7058 = VERTEX_POINT ( 'NONE', #3412 ) ;
#7059 = DIRECTION ( 'NONE',  ( 0.000000000000000000, 0.000000000000000000, -1.000000000000000000 ) ) ;
#7060 = DIRECTION ( 'NONE',  ( -0.000000000000000000, 1.000000000000000000, -0.000000000000000000 ) ) ;
#7061 = EDGE_CURVE ( 'NONE', #4917, #11723, #4537, .T. ) ;
#7062 = EDGE_LOOP ( 'NONE', ( #7886, #1165, #4569, #7843 ) ) ;
#7063 = ORIENTED_EDGE ( 'NONE', *, *, #1250, .F. ) ;
#7064 = EDGE_LOOP ( 'NONE', ( #7895, #9305 ) ) ;
#7065 = DIRECTION ( 'NONE',  ( 0.9486832980505138790, -0.3162277660168377191, 0.000000000000000000 ) ) ;
#7066 = DIRECTION ( 'NONE',  ( 0.000000000000000000, 0.000000000000000000, -1.000000000000000000 ) ) ;
#7067 = CARTESIAN_POINT ( 'NONE',  ( -34.00000000000002842, 26.99999999999999289, 30.39999999999999858 ) ) ;
#7068 = ORIENTED_EDGE ( 'NONE', *, *, #7537, .F. ) ;
#7069 = CARTESIAN_POINT ( 'NONE',  ( 0.000000000000000000, 0.000000000000000000, 60.00000000000000711 ) ) ;
#7070 = FACE_OUTER_BOUND ( 'NONE', #3820, .T. ) ;
#7071 = EDGE_CURVE ( 'NONE', #7148, #9323, #9644, .T. ) ;
#7072 = ORIENTED_EDGE ( 'NONE', *, *, #6501, .F. ) ;
#7073 = CARTESIAN_POINT ( 'NONE',  ( -29.99999999999997158, -19.99999999999999289, -40.00000000000000000 ) ) ;
#7074 = ORIENTED_EDGE ( 'NONE', *, *, #11274, .F. ) ;
#7075 = CARTESIAN_POINT ( 'NONE',  ( 32.00000000000000000, -0.9999999999999583666, -40.00000000000000000 ) ) ;
#7076 = EDGE_LOOP ( 'NONE', ( #5557, #11693, #12132, #9558 ) ) ;
#7077 = ORIENTED_EDGE ( 'NONE', *, *, #8945, .T. ) ;
#7078 = CARTESIAN_POINT ( 'NONE',  ( 28.75000000000000000, 28.72393048225720946, 13.38665202235689122 ) ) ;
#7079 = DIRECTION ( 'NONE',  ( 1.000000000000000000, -0.000000000000000000, -0.000000000000000000 ) ) ;
#7080 = DIRECTION ( 'NONE',  ( 0.000000000000000000, 0.000000000000000000, 1.000000000000000000 ) ) ;
#7081 = EDGE_CURVE ( 'NONE', #11694, #10912, #543, .T. ) ;
#7082 = CARTESIAN_POINT ( 'NONE',  ( 30.00000000000002842, 0.000000000000000000, -33.25000000000000000 ) ) ;
#7083 = ORIENTED_EDGE ( 'NONE', *, *, #6139, .F. ) ;
#7084 = CARTESIAN_POINT ( 'NONE',  ( 30.00000000000002842, 5.749999999999992895, -33.25000000000000000 ) ) ;
#7085 = ORIENTED_EDGE ( 'NONE', *, *, #4276, .F. ) ;
#7086 = ORIENTED_EDGE ( 'NONE', *, *, #8914, .T. ) ;
#7087 = ORIENTED_EDGE ( 'NONE', *, *, #4388, .T. ) ;
#7088 = EDGE_CURVE ( 'NONE', #12066, #3293, #5540, .T. ) ;
#7089 = CARTESIAN_POINT ( 'NONE',  ( 0.000000000000000000, -30.00000000000000711, 0.000000000000000000 ) ) ;
#7090 = CARTESIAN_POINT ( 'NONE',  ( -58.25000000000019185, -4.999999999999913847, 35.00000000000000000 ) ) ;
#7091 = LINE ( 'NONE', #2057, #9692 ) ;
#7092 = FACE_OUTER_BOUND ( 'NONE', #1783, .T. ) ;
#7093 = EDGE_CURVE ( 'NONE', #10487, #10522, #2313, .T. ) ;
#7094 = EDGE_CURVE ( 'NONE', #11704, #8809, #9728, .T. ) ;
#7095 = LINE ( 'NONE', #4102, #6732 ) ;
#7096 = DIRECTION ( 'NONE',  ( 1.000000000000000000, 0.000000000000000000, -0.000000000000000000 ) ) ;
#7097 = AXIS2_PLACEMENT_3D ( 'NONE', #11046, #3797, #730 ) ;
#7098 = CARTESIAN_POINT ( 'NONE',  ( 30.00000000000002842, -19.99999999999999289, 0.000000000000000000 ) ) ;
#7099 = ORIENTED_EDGE ( 'NONE', *, *, #9693, .F. ) ;
#7100 = VERTEX_POINT ( 'NONE', #7722 ) ;
#7101 = ORIENTED_EDGE ( 'NONE', *, *, #10349, .F. ) ;
#7102 = EDGE_LOOP ( 'NONE', ( #876, #11026, #10612, #8500, #1875, #648, #8920 ) ) ;
#7103 = ORIENTED_EDGE ( 'NONE', *, *, #4544, .T. ) ;
#7104 = CARTESIAN_POINT ( 'NONE',  ( 47.40000000000004832, 26.99999999999999289, 48.00000000000000000 ) ) ;
#7105 = VECTOR ( 'NONE', #4740, 1000.000000000000000 ) ;
#7106 = DIRECTION ( 'NONE',  ( 0.000000000000000000, 0.000000000000000000, 1.000000000000000000 ) ) ;
#7107 = EDGE_CURVE ( 'NONE', #3422, #9018, #3466, .T. ) ;
#7108 = FACE_OUTER_BOUND ( 'NONE', #7388, .T. ) ;
#7109 = DIRECTION ( 'NONE',  ( 0.000000000000000000, 0.000000000000000000, 1.000000000000000000 ) ) ;
#7110 = DIRECTION ( 'NONE',  ( 1.000000000000000000, -0.000000000000000000, 0.000000000000000000 ) ) ;
#7111 = AXIS2_PLACEMENT_3D ( 'NONE', #3065, #5070, #9 ) ;
#7112 = CARTESIAN_POINT ( 'NONE',  ( 85.99999999999994316, -30.00000000000000711, 6.000000000000000000 ) ) ;
#7113 = VECTOR ( 'NONE', #11757, 1000.000000000000000 ) ;
#7114 = VERTEX_POINT ( 'NONE', #2550 ) ;
#7115 = VECTOR ( 'NONE', #9263, 1000.000000000000000 ) ;
#7116 = VERTEX_POINT ( 'NONE', #12765 ) ;
#7117 = ORIENTED_EDGE ( 'NONE', *, *, #1209, .F. ) ;
#7118 = VECTOR ( 'NONE', #9721, 1000.000000000000000 ) ;
#7119 = CYLINDRICAL_SURFACE ( 'NONE', #9470, 1.500000000000001332 ) ;
#7120 = VECTOR ( 'NONE', #12780, 1000.000000000000000 ) ;
#7121 = DIRECTION ( 'NONE',  ( 0.000000000000000000, 1.000000000000000000, 0.000000000000000000 ) ) ;
#7122 = LINE ( 'NONE', #6263, #12683 ) ;
#7123 = FACE_OUTER_BOUND ( 'NONE', #10609, .T. ) ;
#7124 = EDGE_LOOP ( 'NONE', ( #3637, #4979, #6313, #10892 ) ) ;
#7125 = CIRCLE ( 'NONE', #3110, 2.999999999999999112 ) ;
#7126 = EDGE_CURVE ( 'NONE', #9797, #5192, #8467, .T. ) ;
#7127 = EDGE_CURVE ( 'NONE', #12932, #9937, #12500, .T. ) ;
#7128 = EDGE_LOOP ( 'NONE', ( #10121, #6527, #6745, #140 ) ) ;
#7129 = VECTOR ( 'NONE', #3227, 1000.000000000000000 ) ;
#7130 = CIRCLE ( 'NONE', #1402, 1.500000000000004885 ) ;
#7131 = CARTESIAN_POINT ( 'NONE',  ( -34.00000000000002842, 29.99999999999999289, 32.39999999999999858 ) ) ;
#7132 = CIRCLE ( 'NONE', #8839, 2.000000000000001776 ) ;
#7133 = VERTEX_POINT ( 'NONE', #1410 ) ;
#7134 = VECTOR ( 'NONE', #2614, 1000.000000000000000 ) ;
#7135 = FACE_OUTER_BOUND ( 'NONE', #7745, .T. ) ;
#7136 = ADVANCED_FACE ( 'NONE', ( #11514 ), #419, .T. ) ;
#7137 = ORIENTED_EDGE ( 'NONE', *, *, #1101, .F. ) ;
#7138 = EDGE_LOOP ( 'NONE', ( #1438, #3196, #8775, #486 ) ) ;
#7139 = AXIS2_PLACEMENT_3D ( 'NONE', #6733, #749, #8860 ) ;
#7140 = CARTESIAN_POINT ( 'NONE',  ( 38.74999999999983658, -30.00000000000000711, -11.50000000000000355 ) ) ;
#7141 = VECTOR ( 'NONE', #11269, 1000.000000000000000 ) ;
#7142 = VECTOR ( 'NONE', #6549, 1000.000000000000000 ) ;
#7143 = DIRECTION ( 'NONE',  ( 0.000000000000000000, 1.000000000000000000, 0.000000000000000000 ) ) ;
#7144 = PLANE ( 'NONE',  #7767 ) ;
#7145 = LINE ( 'NONE', #9456, #8452 ) ;
#7146 = VECTOR ( 'NONE', #2327, 1000.000000000000000 ) ;
#7147 = CARTESIAN_POINT ( 'NONE',  ( 38.21923047520458994, -30.00000000000000711, -25.89102539600397179 ) ) ;
#7148 = VERTEX_POINT ( 'NONE', #7509 ) ;
#7149 = DIRECTION ( 'NONE',  ( 0.000000000000000000, -0.000000000000000000, 1.000000000000000000 ) ) ;
#7150 = AXIS2_PLACEMENT_3D ( 'NONE', #9287, #8351, #7422 ) ;
#7151 = VERTEX_POINT ( 'NONE', #3674 ) ;
#7152 = VECTOR ( 'NONE', #4651, 1000.000000000000000 ) ;
#7153 = ORIENTED_EDGE ( 'NONE', *, *, #4728, .F. ) ;
#7154 = ORIENTED_EDGE ( 'NONE', *, *, #4011, .T. ) ;
#7155 = EDGE_CURVE ( 'NONE', #43, #12872, #11571, .T. ) ;
#7156 = VECTOR ( 'NONE', #7791, 1000.000000000000000 ) ;
#7157 = VECTOR ( 'NONE', #2410, 1000.000000000000000 ) ;
#7158 = CARTESIAN_POINT ( 'NONE',  ( -23.74999999999999289, -4.999999999999913847, 35.00000000000000000 ) ) ;
#7159 = DIRECTION ( 'NONE',  ( 0.000000000000000000, 1.000000000000000000, -0.000000000000000000 ) ) ;
#7160 = DIRECTION ( 'NONE',  ( 0.000000000000000000, 1.000000000000000000, 0.000000000000000000 ) ) ;
#7161 = CIRCLE ( 'NONE', #8873, 2.499999999999995115 ) ;
#7162 = PLANE ( 'NONE',  #5250 ) ;
#7163 = AXIS2_PLACEMENT_3D ( 'NONE', #1352, #6356, #9454 ) ;
#7164 = CARTESIAN_POINT ( 'NONE',  ( 0.000000000000000000, 26.99999999999999289, 8.000000000000000000 ) ) ;
#7165 = AXIS2_PLACEMENT_3D ( 'NONE', #12000, #12127, #5914 ) ;
#7166 = LINE ( 'NONE', #11231, #2707 ) ;
#7167 = VECTOR ( 'NONE', #1273, 1000.000000000000000 ) ;
#7168 = LINE ( 'NONE', #1993, #9932 ) ;
#7169 = DIRECTION ( 'NONE',  ( 0.000000000000000000, -0.000000000000000000, 1.000000000000000000 ) ) ;
#7170 = DIRECTION ( 'NONE',  ( 0.000000000000000000, 0.000000000000000000, 1.000000000000000000 ) ) ;
#7171 = ORIENTED_EDGE ( 'NONE', *, *, #3208, .F. ) ;
#7172 = ORIENTED_EDGE ( 'NONE', *, *, #6182, .T. ) ;
#7173 = VERTEX_POINT ( 'NONE', #2407 ) ;
#7174 = VECTOR ( 'NONE', #2136, 1000.000000000000000 ) ;
#7175 = ADVANCED_FACE ( 'NONE', ( #8657, #2476, #479, #12622, #12556, #10591, #5400, #2612 ), #4609, .F. ) ;
#7176 = EDGE_CURVE ( 'NONE', #1704, #8543, #3540, .T. ) ;
#7177 = ORIENTED_EDGE ( 'NONE', *, *, #11671, .F. ) ;
#7178 = ORIENTED_EDGE ( 'NONE', *, *, #434, .T. ) ;
#7179 = VECTOR ( 'NONE', #4828, 1000.000000000000000 ) ;
#7180 = ORIENTED_EDGE ( 'NONE', *, *, #12922, .T. ) ;
#7181 = DIRECTION ( 'NONE',  ( -0.000000000000000000, 1.000000000000000000, -0.000000000000000000 ) ) ;
#7182 = CARTESIAN_POINT ( 'NONE',  ( 30.00000000000000000, 1.000000000000042633, 0.000000000000000000 ) ) ;
#7183 = AXIS2_PLACEMENT_3D ( 'NONE', #13147, #995, #7170 ) ;
#7184 = LINE ( 'NONE', #5944, #4359 ) ;
#7185 = LINE ( 'NONE', #6194, #3126 ) ;
#7186 = AXIS2_PLACEMENT_3D ( 'NONE', #6840, #12869, #12944 ) ;
#7187 = LINE ( 'NONE', #10380, #2863 ) ;
#7188 = CARTESIAN_POINT ( 'NONE',  ( 85.99999999999988631, 29.99999999999999289, -40.00000000000000000 ) ) ;
#7189 = CARTESIAN_POINT ( 'NONE',  ( 0.000000000000000000, 29.99999999999999289, 8.000000000000007105 ) ) ;
#7190 = EDGE_CURVE ( 'NONE', #11075, #5734, #1529, .T. ) ;
#7191 = EDGE_CURVE ( 'NONE', #12934, #3474, #12704, .T. ) ;
#7192 = ORIENTED_EDGE ( 'NONE', *, *, #12939, .T. ) ;
#7193 = VECTOR ( 'NONE', #9650, 999.9999999999998863 ) ;
#7194 = EDGE_CURVE ( 'NONE', #2411, #5504, #5945, .T. ) ;
#7195 = ORIENTED_EDGE ( 'NONE', *, *, #8263, .T. ) ;
#7196 = DIRECTION ( 'NONE',  ( 1.000000000000000000, -0.000000000000000000, 0.000000000000000000 ) ) ;
#7197 = LINE ( 'NONE', #4849, #5002 ) ;
#7198 = DIRECTION ( 'NONE',  ( 0.000000000000000000, 0.000000000000000000, -1.000000000000000000 ) ) ;
#7199 = DIRECTION ( 'NONE',  ( 0.000000000000000000, 0.000000000000000000, 1.000000000000000000 ) ) ;
#7200 = DIRECTION ( 'NONE',  ( 0.000000000000000000, 0.000000000000000000, 1.000000000000000000 ) ) ;
#7201 = CARTESIAN_POINT ( 'NONE',  ( -23.74999999999999645, -0.4999999999999015787, 67.51000000000000512 ) ) ;
#7202 = VERTEX_POINT ( 'NONE', #6999 ) ;
#7203 = CARTESIAN_POINT ( 'NONE',  ( -90.00000000000005684, -30.00000000000000711, 5.999999999999998224 ) ) ;
#7204 = ORIENTED_EDGE ( 'NONE', *, *, #4374, .F. ) ;
#7205 = DIRECTION ( 'NONE',  ( -0.000000000000000000, 1.000000000000000000, -0.000000000000000000 ) ) ;
#7206 = ORIENTED_EDGE ( 'NONE', *, *, #6573, .T. ) ;
#7207 = EDGE_CURVE ( 'NONE', #9827, #4876, #2112, .T. ) ;
#7208 = CARTESIAN_POINT ( 'NONE',  ( 28.00000000000003197, 19.99999999999999289, -4.999999999999998224 ) ) ;
#7209 = ORIENTED_EDGE ( 'NONE', *, *, #11359, .F. ) ;
#7210 = ORIENTED_EDGE ( 'NONE', *, *, #12656, .T. ) ;
#7211 = EDGE_CURVE ( 'NONE', #8170, #8852, #9523, .T. ) ;
#7212 = DIRECTION ( 'NONE',  ( -0.000000000000000000, -1.000000000000000000, -0.000000000000000000 ) ) ;
#7213 = DIRECTION ( 'NONE',  ( -0.000000000000000000, 1.000000000000000000, -0.000000000000000000 ) ) ;
#7214 = DIRECTION ( 'NONE',  ( 0.000000000000000000, 0.000000000000000000, -1.000000000000000000 ) ) ;
#7215 = DIRECTION ( 'NONE',  ( 0.000000000000000000, 0.000000000000000000, 1.000000000000000000 ) ) ;
#7216 = FACE_OUTER_BOUND ( 'NONE', #13077, .T. ) ;
#7217 = VERTEX_POINT ( 'NONE', #3814 ) ;
#7218 = ADVANCED_FACE ( 'NONE', ( #4810 ), #6806, .T. ) ;
#7219 = PLANE ( 'NONE',  #839 ) ;
#7220 = ORIENTED_EDGE ( 'NONE', *, *, #8294, .F. ) ;
#7221 = ORIENTED_EDGE ( 'NONE', *, *, #6188, .F. ) ;
#7222 = VERTEX_POINT ( 'NONE', #1680 ) ;
#7223 = LINE ( 'NONE', #11279, #12666 ) ;
#7224 = PLANE ( 'NONE',  #119 ) ;
#7225 = DIRECTION ( 'NONE',  ( 0.000000000000000000, 0.000000000000000000, 1.000000000000000000 ) ) ;
#7226 = DIRECTION ( 'NONE',  ( 0.000000000000000000, 0.000000000000000000, -1.000000000000000000 ) ) ;
#7227 = CARTESIAN_POINT ( 'NONE',  ( 17.99999999999984368, 23.24999999999999289, -36.75000000000026290 ) ) ;
#7228 = LINE ( 'NONE', #6234, #4187 ) ;
#7229 = CARTESIAN_POINT ( 'NONE',  ( 23.00000000000002842, 15.89999999999996660, -34.75000000000000000 ) ) ;
#7230 = LINE ( 'NONE', #11288, #2309 ) ;
#7231 = DIRECTION ( 'NONE',  ( -0.3162277660168377746, 0.9486832980505138790, -4.388541835720879120E-16 ) ) ;
#7232 = ORIENTED_EDGE ( 'NONE', *, *, #6544, .T. ) ;
#7233 = ORIENTED_EDGE ( 'NONE', *, *, #10926, .T. ) ;
#7234 = VERTEX_POINT ( 'NONE', #8785 ) ;
#7235 = EDGE_CURVE ( 'NONE', #3629, #7688, #5746, .T. ) ;
#7236 = ORIENTED_EDGE ( 'NONE', *, *, #6314, .F. ) ;
#7237 = CARTESIAN_POINT ( 'NONE',  ( 85.99999999999991473, -30.00000000000000711, -17.00000000000000000 ) ) ;
#7238 = DIRECTION ( 'NONE',  ( 1.000000000000000000, 0.000000000000000000, 0.000000000000000000 ) ) ;
#7239 = CARTESIAN_POINT ( 'NONE',  ( -23.74999999999999645, -15.00000000000001066, 60.00000000000000711 ) ) ;
#7240 = CARTESIAN_POINT ( 'NONE',  ( 44.00000000000004263, 26.99999999999999289, 30.39999999999999147 ) ) ;
#7241 = EDGE_CURVE ( 'NONE', #3842, #7842, #6861, .T. ) ;
#7242 = CARTESIAN_POINT ( 'NONE',  ( -9.500000000000000000, 23.24999999999999289, -36.75000000000000000 ) ) ;
#7243 = DIRECTION ( 'NONE',  ( -1.000000000000000000, 0.000000000000000000, 0.000000000000000000 ) ) ;
#7244 = CARTESIAN_POINT ( 'NONE',  ( -72.00000000000002842, 26.99999999999999289, 50.00000000000000000 ) ) ;
#7245 = CARTESIAN_POINT ( 'NONE',  ( -58.25000000000019185, -20.49999999999991473, 50.50000000000000000 ) ) ;
#7246 = ORIENTED_EDGE ( 'NONE', *, *, #10909, .T. ) ;
#7247 = VERTEX_POINT ( 'NONE', #10921 ) ;
#7248 = ORIENTED_EDGE ( 'NONE', *, *, #1648, .T. ) ;
#7249 = DIRECTION ( 'NONE',  ( -0.000000000000000000, 1.000000000000000000, -0.000000000000000000 ) ) ;
#7250 = DIRECTION ( 'NONE',  ( 0.000000000000000000, 0.000000000000000000, -1.000000000000000000 ) ) ;
#7251 = CARTESIAN_POINT ( 'NONE',  ( 18.75000000000000355, 37.53999999999999204, 55.00000000000000711 ) ) ;
#7252 = EDGE_CURVE ( 'NONE', #9946, #53, #10860, .T. ) ;
#7253 = CARTESIAN_POINT ( 'NONE',  ( 14.30000000000000426, 37.53999999999999204, 51.00000000000000711 ) ) ;
#7254 = CARTESIAN_POINT ( 'NONE',  ( -90.00000000000005684, 29.99999999999999289, 56.00000000000000000 ) ) ;
#7255 = ORIENTED_EDGE ( 'NONE', *, *, #10197, .F. ) ;
#7256 = EDGE_CURVE ( 'NONE', #3506, #6972, #3870, .T. ) ;
#7257 = DIRECTION ( 'NONE',  ( 0.000000000000000000, 4.625929269271485914E-16, 1.000000000000000000 ) ) ;
#7258 = EDGE_CURVE ( 'NONE', #12758, #3699, #2951, .T. ) ;
#7259 = FACE_OUTER_BOUND ( 'NONE', #265, .T. ) ;
#7260 = FACE_OUTER_BOUND ( 'NONE', #1288, .T. ) ;
#7261 = ORIENTED_EDGE ( 'NONE', *, *, #1243, .T. ) ;
#7262 = CARTESIAN_POINT ( 'NONE',  ( 14.30000000000000426, 37.53999999999999204, 55.00000000000000711 ) ) ;
#7263 = EDGE_LOOP ( 'NONE', ( #6503, #11960, #7360, #4792 ) ) ;
#7264 = ORIENTED_EDGE ( 'NONE', *, *, #3305, .T. ) ;
#7265 = CARTESIAN_POINT ( 'NONE',  ( -28.00000000000003197, 14.24999999999999822, -2.999999999999991562 ) ) ;
#7266 = CYLINDRICAL_SURFACE ( 'NONE', #4816, 3.500000000000000000 ) ;
#7267 = FACE_OUTER_BOUND ( 'NONE', #9481, .T. ) ;
#7268 = CARTESIAN_POINT ( 'NONE',  ( 22.00000000000003197, 29.99999999999999289, 1.000000000000003331 ) ) ;
#7269 = CARTESIAN_POINT ( 'NONE',  ( 44.00000000000004263, 26.99999999999999289, 30.39999999999999147 ) ) ;
#7270 = VERTEX_POINT ( 'NONE', #5875 ) ;
#7271 = DIRECTION ( 'NONE',  ( 1.000000000000000000, 0.000000000000000000, -0.000000000000000000 ) ) ;
#7272 = VERTEX_POINT ( 'NONE', #4890 ) ;
#7273 = ORIENTED_EDGE ( 'NONE', *, *, #8870, .F. ) ;
#7274 = VERTEX_POINT ( 'NONE', #7922 ) ;
#7275 = CARTESIAN_POINT ( 'NONE',  ( -14.30000000000000426, 0.000000000000000000, 0.000000000000000000 ) ) ;
#7276 = ORIENTED_EDGE ( 'NONE', *, *, #8626, .T. ) ;
#7277 = CARTESIAN_POINT ( 'NONE',  ( -30.00000000000003553, 14.24999999999999822, 0.000000000000000000 ) ) ;
#7278 = LINE ( 'NONE', #10422, #5884 ) ;
#7279 = CARTESIAN_POINT ( 'NONE',  ( -80.00000000000000000, 19.99999999999999289, 0.000000000000000000 ) ) ;
#7280 = FACE_OUTER_BOUND ( 'NONE', #2403, .T. ) ;
#7281 = CARTESIAN_POINT ( 'NONE',  ( -28.75000000000000355, 38.26999999999998892, 20.10434383594887109 ) ) ;
#7282 = ORIENTED_EDGE ( 'NONE', *, *, #1648, .F. ) ;
#7283 = CARTESIAN_POINT ( 'NONE',  ( 0.000000000000000000, 26.99999999999999289, 45.99999999999999289 ) ) ;
#7284 = DIRECTION ( 'NONE',  ( 1.000000000000000000, 0.000000000000000000, -0.000000000000000000 ) ) ;
#7285 = EDGE_CURVE ( 'NONE', #8820, #3809, #13026, .T. ) ;
#7286 = DIRECTION ( 'NONE',  ( 1.000000000000000000, 0.000000000000000000, 0.000000000000000000 ) ) ;
#7287 = ORIENTED_EDGE ( 'NONE', *, *, #7391, .T. ) ;
#7288 = EDGE_LOOP ( 'NONE', ( #6531, #5336, #12122, #1689 ) ) ;
#7289 = ORIENTED_EDGE ( 'NONE', *, *, #11485, .F. ) ;
#7290 = VERTEX_POINT ( 'NONE', #9852 ) ;
#7291 = ADVANCED_FACE ( 'NONE', ( #750 ), #11970, .F. ) ;
#7292 = DIRECTION ( 'NONE',  ( -4.163336342344333871E-14, 0.000000000000000000, -1.000000000000000000 ) ) ;
#7293 = CARTESIAN_POINT ( 'NONE',  ( 44.00000000000003553, 29.99999999999999289, -6.230843505549355095E-15 ) ) ;
#7294 = DIRECTION ( 'NONE',  ( 1.387778780781444413E-14, 0.000000000000000000, 1.000000000000000000 ) ) ;
#7295 = VECTOR ( 'NONE', #10168, 1000.000000000000000 ) ;
#7296 = CARTESIAN_POINT ( 'NONE',  ( -28.74999999999999645, 3.500000000000096811, 67.50999999999999091 ) ) ;
#7297 = DIRECTION ( 'NONE',  ( -0.000000000000000000, -1.000000000000000000, -0.000000000000000000 ) ) ;
#7298 = CARTESIAN_POINT ( 'NONE',  ( -14.30000000000000782, -31.75000000000000000, 22.60434383594886754 ) ) ;
#7299 = CARTESIAN_POINT ( 'NONE',  ( -31.00000000000004619, 26.99999999999999289, 5.377642775528110197E-14 ) ) ;
#7300 = VERTEX_POINT ( 'NONE', #11062 ) ;
#7301 = EDGE_CURVE ( 'NONE', #850, #3914, #617, .T. ) ;
#7302 = CARTESIAN_POINT ( 'NONE',  ( 36.00000000000002842, 26.99999999999999289, -5.097962868176746799E-15 ) ) ;
#7303 = VECTOR ( 'NONE', #7353, 1000.000000000000000 ) ;
#7304 = EDGE_LOOP ( 'NONE', ( #10288, #12836, #3816, #2314 ) ) ;
#7305 = EDGE_CURVE ( 'NONE', #11349, #7133, #7987, .T. ) ;
#7306 = ORIENTED_EDGE ( 'NONE', *, *, #13016, .T. ) ;
#7307 = LINE ( 'NONE', #1403, #10741 ) ;
#7308 = PLANE ( 'NONE',  #7964 ) ;
#7309 = DIRECTION ( 'NONE',  ( 0.000000000000000000, -1.000000000000000000, 0.000000000000000000 ) ) ;
#7310 = DIRECTION ( 'NONE',  ( -1.000000000000000000, 0.000000000000000000, 0.000000000000000000 ) ) ;
#7311 = DIRECTION ( 'NONE',  ( 0.000000000000000000, 0.000000000000000000, 1.000000000000000000 ) ) ;
#7312 = CARTESIAN_POINT ( 'NONE',  ( -46.00000000000004974, 26.99999999999999289, 42.59999999999999432 ) ) ;
#7313 = AXIS2_PLACEMENT_3D ( 'NONE', #4312, #2335, #2259 ) ;
#7314 = EDGE_LOOP ( 'NONE', ( #11007, #5357, #2974, #10541 ) ) ;
#7315 = PLANE ( 'NONE',  #6760 ) ;
#7316 = CARTESIAN_POINT ( 'NONE',  ( -28.74999999999999645, 46.53999999999999204, 60.00000000000002132 ) ) ;
#7317 = ORIENTED_EDGE ( 'NONE', *, *, #12183, .T. ) ;
#7318 = CARTESIAN_POINT ( 'NONE',  ( -90.00000000000005684, 29.99999999999999289, -40.00000000000000000 ) ) ;
#7319 = AXIS2_PLACEMENT_3D ( 'NONE', #9983, #4997, #883 ) ;
#7320 = AXIS2_PLACEMENT_3D ( 'NONE', #314, #12396, #58 ) ;
#7321 = CARTESIAN_POINT ( 'NONE',  ( -66.00000000000002842, 29.99999999999999289, 60.00000000000000711 ) ) ;
#7322 = EDGE_CURVE ( 'NONE', #4107, #1134, #12039, .T. ) ;
#7323 = ADVANCED_FACE ( 'NONE', ( #13093 ), #8066, .F. ) ;
#7324 = ORIENTED_EDGE ( 'NONE', *, *, #5640, .F. ) ;
#7325 = ORIENTED_EDGE ( 'NONE', *, *, #11487, .F. ) ;
#7326 = CIRCLE ( 'NONE', #12624, 2.500000000000002220 ) ;
#7327 = CARTESIAN_POINT ( 'NONE',  ( 38.74384609504078725, -28.00000000000000355, -11.42179492079920600 ) ) ;
#7328 = EDGE_CURVE ( 'NONE', #10599, #4469, #695, .T. ) ;
#7329 = DIRECTION ( 'NONE',  ( -1.000000000000000000, 0.000000000000000000, -0.000000000000000000 ) ) ;
#7330 = CARTESIAN_POINT ( 'NONE',  ( 40.00000000000000711, -20.00000000000000711, 0.000000000000000000 ) ) ;
#7331 = CARTESIAN_POINT ( 'NONE',  ( 14.30000000000000782, -43.50000000000000711, 46.99999999999998579 ) ) ;
#7332 = VECTOR ( 'NONE', #4234, 1000.000000000000000 ) ;
#7333 = CARTESIAN_POINT ( 'NONE',  ( 0.000000000000000000, 26.99999999999999289, 18.19999999999999574 ) ) ;
#7334 = ORIENTED_EDGE ( 'NONE', *, *, #6627, .T. ) ;
#7335 = CIRCLE ( 'NONE', #11595, 2.000000000000000888 ) ;
#7336 = DIRECTION ( 'NONE',  ( 1.416100796715761356E-16, 0.000000000000000000, 1.000000000000000000 ) ) ;
#7337 = AXIS2_PLACEMENT_3D ( 'NONE', #3615, #11515, #5479 ) ;
#7338 = DIRECTION ( 'NONE',  ( 1.000000000000000000, 0.000000000000000000, -8.673617379884035472E-16 ) ) ;
#7339 = ORIENTED_EDGE ( 'NONE', *, *, #9743, .F. ) ;
#7340 = ORIENTED_EDGE ( 'NONE', *, *, #4877, .F. ) ;
#7341 = PLANE ( 'NONE',  #1832 ) ;
#7342 = AXIS2_PLACEMENT_3D ( 'NONE', #7659, #5534, #8716 ) ;
#7343 = VERTEX_POINT ( 'NONE', #204 ) ;
#7344 = VECTOR ( 'NONE', #8611, 1000.000000000000000 ) ;
#7345 = VECTOR ( 'NONE', #270, 1000.000000000000000 ) ;
#7346 = VECTOR ( 'NONE', #9758, 1000.000000000000000 ) ;
#7347 = DIRECTION ( 'NONE',  ( 0.000000000000000000, 0.000000000000000000, -1.000000000000000000 ) ) ;
#7348 = LINE ( 'NONE', #12381, #3750 ) ;
#7349 = DIRECTION ( 'NONE',  ( 0.000000000000000000, 1.000000000000000000, -0.000000000000000000 ) ) ;
#7350 = AXIS2_PLACEMENT_3D ( 'NONE', #2134, #4047, #1116 ) ;
#7351 = CARTESIAN_POINT ( 'NONE',  ( 29.75000000000002487, 9.999999999999968026, -34.75000000000000000 ) ) ;
#7352 = VECTOR ( 'NONE', #8231, 1000.000000000000000 ) ;
#7353 = DIRECTION ( 'NONE',  ( -1.000000000000000000, 0.000000000000000000, 0.000000000000000000 ) ) ;
#7354 = AXIS2_PLACEMENT_3D ( 'NONE', #9198, #2171, #35 ) ;
#7355 = ORIENTED_EDGE ( 'NONE', *, *, #5679, .F. ) ;
#7356 = CARTESIAN_POINT ( 'NONE',  ( 22.00000000000003197, 14.24999999999999822, -2.999999999999996447 ) ) ;
#7357 = AXIS2_PLACEMENT_3D ( 'NONE', #5915, #3896, #8094 ) ;
#7358 = LINE ( 'NONE', #3193, #7174 ) ;
#7359 = LINE ( 'NONE', #11429, #1420 ) ;
#7360 = ORIENTED_EDGE ( 'NONE', *, *, #10391, .F. ) ;
#7361 = ORIENTED_EDGE ( 'NONE', *, *, #1786, .F. ) ;
#7362 = VECTOR ( 'NONE', #4753, 1000.000000000000000 ) ;
#7363 = ORIENTED_EDGE ( 'NONE', *, *, #7048, .F. ) ;
#7364 = VECTOR ( 'NONE', #4654, 1000.000000000000000 ) ;
#7365 = PLANE ( 'NONE',  #4175 ) ;
#7366 = EDGE_LOOP ( 'NONE', ( #1587, #531, #11576 ) ) ;
#7367 = AXIS2_PLACEMENT_3D ( 'NONE', #964, #6090, #10143 ) ;
#7368 = VECTOR ( 'NONE', #4931, 1000.000000000000000 ) ;
#7369 = DIRECTION ( 'NONE',  ( 1.000000000000000000, 0.000000000000000000, -4.163336342344333871E-14 ) ) ;
#7370 = FACE_OUTER_BOUND ( 'NONE', #1378, .T. ) ;
#7371 = EDGE_CURVE ( 'NONE', #53, #10912, #6138, .T. ) ;
#7372 = EDGE_CURVE ( 'NONE', #12293, #1094, #4062, .T. ) ;
#7373 = LINE ( 'NONE', #6441, #8391 ) ;
#7374 = VECTOR ( 'NONE', #1046, 1000.000000000000000 ) ;
#7375 = AXIS2_PLACEMENT_3D ( 'NONE', #9626, #10577, #1391 ) ;
#7376 = DIRECTION ( 'NONE',  ( 0.000000000000000000, 1.000000000000000000, 0.000000000000000000 ) ) ;
#7377 = FACE_OUTER_BOUND ( 'NONE', #3183, .T. ) ;
#7378 = CARTESIAN_POINT ( 'NONE',  ( 31.00000000000003908, 29.99999999999999289, -4.999999999999999112 ) ) ;
#7379 = VECTOR ( 'NONE', #330, 1000.000000000000000 ) ;
#7380 = EDGE_CURVE ( 'NONE', #11051, #3660, #1200, .T. ) ;
#7381 = PLANE ( 'NONE',  #1237 ) ;
#7382 = FACE_OUTER_BOUND ( 'NONE', #832, .T. ) ;
#7383 = ADVANCED_FACE ( 'NONE', ( #3011 ), #2204, .F. ) ;
#7384 = AXIS2_PLACEMENT_3D ( 'NONE', #12368, #11327, #10268 ) ;
#7385 = CIRCLE ( 'NONE', #12467, 2.000000000000000888 ) ;
#7386 = VERTEX_POINT ( 'NONE', #9120 ) ;
#7387 = ORIENTED_EDGE ( 'NONE', *, *, #11090, .F. ) ;
#7388 = EDGE_LOOP ( 'NONE', ( #4732, #1948, #5564, #12376 ) ) ;
#7389 = AXIS2_PLACEMENT_3D ( 'NONE', #3988, #2998, #11157 ) ;
#7390 = DIRECTION ( 'NONE',  ( 0.000000000000000000, 0.000000000000000000, -1.000000000000000000 ) ) ;
#7391 = EDGE_CURVE ( 'NONE', #11068, #5339, #11360, .T. ) ;
#7392 = DIRECTION ( 'NONE',  ( -1.416100796715761356E-16, 0.000000000000000000, 1.000000000000000000 ) ) ;
#7393 = DIRECTION ( 'NONE',  ( -1.000000000000000000, 0.000000000000000000, 0.000000000000000000 ) ) ;
#7394 = VECTOR ( 'NONE', #4412, 1000.000000000000000 ) ;
#7395 = DIRECTION ( 'NONE',  ( 0.000000000000000000, 0.000000000000000000, 1.000000000000000000 ) ) ;
#7396 = ORIENTED_EDGE ( 'NONE', *, *, #6818, .T. ) ;
#7397 = DIRECTION ( 'NONE',  ( -0.000000000000000000, -1.000000000000000000, -0.000000000000000000 ) ) ;
#7398 = DIRECTION ( 'NONE',  ( -0.000000000000000000, 1.000000000000000000, -0.000000000000000000 ) ) ;
#7399 = VECTOR ( 'NONE', #9806, 1000.000000000000000 ) ;
#7400 = ADVANCED_FACE ( 'NONE', ( #10107 ), #129, .F. ) ;
#7401 = CARTESIAN_POINT ( 'NONE',  ( 85.99999999999994316, 29.99999999999999289, -40.00000000000000000 ) ) ;
#7402 = VERTEX_POINT ( 'NONE', #9367 ) ;
#7403 = ORIENTED_EDGE ( 'NONE', *, *, #12546, .F. ) ;
#7404 = DIRECTION ( 'NONE',  ( 1.000000000000000000, -0.000000000000000000, 0.000000000000000000 ) ) ;
#7405 = EDGE_CURVE ( 'NONE', #3455, #10213, #3066, .T. ) ;
#7406 = CARTESIAN_POINT ( 'NONE',  ( -14.30000000000000426, 38.26999999999998892, 53.50000000000000000 ) ) ;
#7407 = VECTOR ( 'NONE', #11319, 1000.000000000000000 ) ;
#7408 = CARTESIAN_POINT ( 'NONE',  ( -44.00000000000003553, 29.99999999999999289, -2.999999999999986233 ) ) ;
#7409 = LINE ( 'NONE', #8285, #8038 ) ;
#7410 = LINE ( 'NONE', #5301, #772 ) ;
#7411 = ORIENTED_EDGE ( 'NONE', *, *, #8752, .F. ) ;
#7412 = CARTESIAN_POINT ( 'NONE',  ( 0.000000000000000000, 26.99999999999999289, 45.99999999999999289 ) ) ;
#7413 = EDGE_CURVE ( 'NONE', #7025, #10709, #8121, .T. ) ;
#7414 = DIRECTION ( 'NONE',  ( 1.000000000000000000, 0.000000000000000000, 0.000000000000000000 ) ) ;
#7415 = ADVANCED_FACE ( 'NONE', ( #6324, #11174 ), #6250, .T. ) ;
#7416 = ORIENTED_EDGE ( 'NONE', *, *, #2158, .F. ) ;
#7417 = ORIENTED_EDGE ( 'NONE', *, *, #10381, .T. ) ;
#7418 = EDGE_CURVE ( 'NONE', #1151, #5819, #7187, .T. ) ;
#7419 = CARTESIAN_POINT ( 'NONE',  ( -58.25000000000019185, 10.50000000000008527, 21.00000000000000355 ) ) ;
#7420 = ORIENTED_EDGE ( 'NONE', *, *, #5629, .T. ) ;
#7421 = VERTEX_POINT ( 'NONE', #8372 ) ;
#7422 = DIRECTION ( 'NONE',  ( 0.000000000000000000, 0.000000000000000000, -1.000000000000000000 ) ) ;
#7423 = FACE_OUTER_BOUND ( 'NONE', #6099, .T. ) ;
#7424 = LINE ( 'NONE', #2378, #3957 ) ;
#7425 = CARTESIAN_POINT ( 'NONE',  ( 70.00000000000000000, 19.99999999999998934, -15.00000000000002309 ) ) ;
#7426 = EDGE_CURVE ( 'NONE', #5306, #4186, #2083, .T. ) ;
#7427 = ORIENTED_EDGE ( 'NONE', *, *, #167, .T. ) ;
#7428 = CARTESIAN_POINT ( 'NONE',  ( 46.00000000000004263, 26.99999999999999289, 20.19999999999999574 ) ) ;
#7429 = CARTESIAN_POINT ( 'NONE',  ( -28.74999999999999645, -52.50000000000000711, 60.00000000000000711 ) ) ;
#7430 = DIRECTION ( 'NONE',  ( 1.000000000000000000, 0.000000000000000000, 0.000000000000000000 ) ) ;
#7431 = VERTEX_POINT ( 'NONE', #6134 ) ;
#7432 = ORIENTED_EDGE ( 'NONE', *, *, #12922, .F. ) ;
#7433 = ORIENTED_EDGE ( 'NONE', *, *, #4119, .T. ) ;
#7434 = FACE_OUTER_BOUND ( 'NONE', #8222, .T. ) ;
#7435 = DIRECTION ( 'NONE',  ( -1.416100796715761603E-16, 0.000000000000000000, 1.000000000000000000 ) ) ;
#7436 = LINE ( 'NONE', #11498, #9034 ) ;
#7437 = DIRECTION ( 'NONE',  ( -0.000000000000000000, 1.000000000000000000, -0.000000000000000000 ) ) ;
#7438 = LINE ( 'NONE', #8448, #9699 ) ;
#7439 = DIRECTION ( 'NONE',  ( 0.000000000000000000, 0.000000000000000000, 1.000000000000000000 ) ) ;
#7440 = CYLINDRICAL_SURFACE ( 'NONE', #10783, 4.000000000000003553 ) ;
#7441 = ORIENTED_EDGE ( 'NONE', *, *, #2128, .T. ) ;
#7442 = ORIENTED_EDGE ( 'NONE', *, *, #4057, .T. ) ;
#7443 = DIRECTION ( 'NONE',  ( 1.000000000000000000, -0.000000000000000000, 0.000000000000000000 ) ) ;
#7444 = ORIENTED_EDGE ( 'NONE', *, *, #9719, .T. ) ;
#7445 = VERTEX_POINT ( 'NONE', #10242 ) ;
#7446 = EDGE_CURVE ( 'NONE', #1134, #425, #2004, .T. ) ;
#7447 = DIRECTION ( 'NONE',  ( 0.000000000000000000, 0.000000000000000000, -1.000000000000000000 ) ) ;
#7448 = CARTESIAN_POINT ( 'NONE',  ( 28.74999999999982947, 23.99999999999999289, 60.00000000000000711 ) ) ;
#7449 = ADVANCED_FACE ( 'NONE', ( #11 ), #12154, .T. ) ;
#7450 = CARTESIAN_POINT ( 'NONE',  ( -40.00000000000000711, 19.99999999999999289, -40.00000000000000000 ) ) ;
#7451 = LINE ( 'NONE', #8521, #4827 ) ;
#7452 = DIRECTION ( 'NONE',  ( 0.000000000000000000, 0.000000000000000000, 1.000000000000000000 ) ) ;
#7453 = CARTESIAN_POINT ( 'NONE',  ( 34.00000000000002842, 26.99999999999999289, 32.39999999999999858 ) ) ;
#7454 = VERTEX_POINT ( 'NONE', #3147 ) ;
#7455 = DIRECTION ( 'NONE',  ( 1.000000000000000000, -0.000000000000000000, 0.000000000000000000 ) ) ;
#7456 = DIRECTION ( 'NONE',  ( -1.000000000000000000, 0.000000000000000000, 0.000000000000000000 ) ) ;
#7457 = EDGE_CURVE ( 'NONE', #4184, #7202, #5182, .T. ) ;
#7458 = ADVANCED_FACE ( 'NONE', ( #12288 ), #3204, .F. ) ;
#7459 = LINE ( 'NONE', #6349, #5431 ) ;
#7460 = ORIENTED_EDGE ( 'NONE', *, *, #5788, .T. ) ;
#7461 = ORIENTED_EDGE ( 'NONE', *, *, #4111, .T. ) ;
#7462 = DIRECTION ( 'NONE',  ( -1.000000000000000000, 0.000000000000000000, 0.000000000000000000 ) ) ;
#7463 = CARTESIAN_POINT ( 'NONE',  ( -46.00000000000004263, 29.99999999999999289, 20.19999999999999574 ) ) ;
#7464 = PLANE ( 'NONE',  #3548 ) ;
#7465 = DIRECTION ( 'NONE',  ( -1.000000000000000000, 0.000000000000000000, 3.469446951953613696E-16 ) ) ;
#7466 = EDGE_CURVE ( 'NONE', #1360, #6826, #5454, .T. ) ;
#7467 = DIRECTION ( 'NONE',  ( -1.000000000000000000, 0.000000000000000000, 0.000000000000000000 ) ) ;
#7468 = DIRECTION ( 'NONE',  ( 0.000000000000000000, 0.000000000000000000, 1.000000000000000000 ) ) ;
#7469 = ORIENTED_EDGE ( 'NONE', *, *, #1693, .T. ) ;
#7470 =( NAMED_UNIT ( * ) SI_UNIT ( $, .STERADIAN. ) SOLID_ANGLE_UNIT ( ) );
#7471 = DIRECTION ( 'NONE',  ( 0.000000000000000000, 1.000000000000000000, 0.000000000000000000 ) ) ;
#7472 = ORIENTED_EDGE ( 'NONE', *, *, #8364, .F. ) ;
#7473 = EDGE_CURVE ( 'NONE', #4128, #11106, #12539, .T. ) ;
#7474 = ORIENTED_EDGE ( 'NONE', *, *, #4785, .T. ) ;
#7475 = LINE ( 'NONE', #9401, #6491 ) ;
#7476 = ORIENTED_EDGE ( 'NONE', *, *, #825, .F. ) ;
#7477 = DIRECTION ( 'NONE',  ( -1.416100796715761603E-16, 0.000000000000000000, 1.000000000000000000 ) ) ;
#7478 = CARTESIAN_POINT ( 'NONE',  ( 0.000000000000000000, 26.99999999999999289, 58.00000000000000000 ) ) ;
#7479 = CARTESIAN_POINT ( 'NONE',  ( -36.00000000000002842, 26.99999999999999289, 20.20000000000000284 ) ) ;
#7480 = EDGE_CURVE ( 'NONE', #2217, #4460, #2595, .T. ) ;
#7481 = CARTESIAN_POINT ( 'NONE',  ( -29.99999999999997158, -0.9999999999999995559, -40.00000000000000000 ) ) ;
#7482 = ORIENTED_EDGE ( 'NONE', *, *, #3494, .T. ) ;
#7483 = CARTESIAN_POINT ( 'NONE',  ( -18.74999999999999645, 19.99999999999998934, 44.85000000000000142 ) ) ;
#7484 = DIRECTION ( 'NONE',  ( 0.000000000000000000, 0.000000000000000000, -1.000000000000000000 ) ) ;
#7485 = DIRECTION ( 'NONE',  ( 0.000000000000000000, 0.000000000000000000, -1.000000000000000000 ) ) ;
#7486 = ORIENTED_EDGE ( 'NONE', *, *, #10228, .F. ) ;
#7487 = ORIENTED_EDGE ( 'NONE', *, *, #12670, .T. ) ;
#7488 = EDGE_CURVE ( 'NONE', #7741, #5777, #11499, .T. ) ;
#7489 = ORIENTED_EDGE ( 'NONE', *, *, #2115, .T. ) ;
#7490 = FACE_BOUND ( 'NONE', #8210, .T. ) ;
#7491 = DIRECTION ( 'NONE',  ( -1.000000000000000000, -0.000000000000000000, -1.387778780781445676E-16 ) ) ;
#7492 = DIRECTION ( 'NONE',  ( -1.000000000000000000, 0.000000000000000000, -2.891205793294679312E-16 ) ) ;
#7493 = EDGE_CURVE ( 'NONE', #3402, #415, #9568, .T. ) ;
#7494 = PLANE ( 'NONE',  #2423 ) ;
#7495 = CARTESIAN_POINT ( 'NONE',  ( -23.75000000000000000, -15.00000000000001421, 56.14999999999999858 ) ) ;
#7496 = CARTESIAN_POINT ( 'NONE',  ( -34.00000000000002842, 29.99999999999999289, 6.000000000000006217 ) ) ;
#7497 = ORIENTED_EDGE ( 'NONE', *, *, #9743, .T. ) ;
#7498 = CARTESIAN_POINT ( 'NONE',  ( 46.00000000000004263, 26.99999999999999289, 20.19999999999999574 ) ) ;
#7499 = ORIENTED_EDGE ( 'NONE', *, *, #568, .F. ) ;
#7500 = ORIENTED_EDGE ( 'NONE', *, *, #9719, .F. ) ;
#7501 = VERTEX_POINT ( 'NONE', #3452 ) ;
#7502 = LINE ( 'NONE', #7714, #9050 ) ;
#7503 = ORIENTED_EDGE ( 'NONE', *, *, #9892, .F. ) ;
#7504 = CARTESIAN_POINT ( 'NONE',  ( -14.30000000000000782, -31.75000000000000000, 22.60434383594886754 ) ) ;
#7505 = VECTOR ( 'NONE', #8563, 1000.000000000000000 ) ;
#7506 = CARTESIAN_POINT ( 'NONE',  ( -44.00000000000003553, 29.99999999999999289, -6.230843505549355095E-15 ) ) ;
#7507 = CARTESIAN_POINT ( 'NONE',  ( -28.74999999999999645, -16.99999999999991473, 60.00000000000000711 ) ) ;
#7508 = DIRECTION ( 'NONE',  ( 0.000000000000000000, 0.000000000000000000, 1.000000000000000000 ) ) ;
#7509 = CARTESIAN_POINT ( 'NONE',  ( -18.75000000000000355, -52.50000000000000711, 10.00000000000000000 ) ) ;
#7510 = LINE ( 'NONE', #9524, #7134 ) ;
#7511 = ORIENTED_EDGE ( 'NONE', *, *, #11305, .T. ) ;
#7512 = DIRECTION ( 'NONE',  ( 0.000000000000000000, 0.000000000000000000, -1.000000000000000000 ) ) ;
#7513 = VECTOR ( 'NONE', #624, 1000.000000000000000 ) ;
#7514 = DIRECTION ( 'NONE',  ( 0.000000000000000000, 0.000000000000000000, 1.000000000000000000 ) ) ;
#7515 = DIRECTION ( 'NONE',  ( -0.000000000000000000, 0.000000000000000000, -1.000000000000000000 ) ) ;
#7516 = ORIENTED_EDGE ( 'NONE', *, *, #9239, .T. ) ;
#7517 = ORIENTED_EDGE ( 'NONE', *, *, #117, .F. ) ;
#7518 = CARTESIAN_POINT ( 'NONE',  ( 0.000000000000000000, -30.00000000000000711, 0.000000000000000000 ) ) ;
#7519 = DIRECTION ( 'NONE',  ( -1.000000000000000000, 0.000000000000000000, 0.000000000000000000 ) ) ;
#7520 = VECTOR ( 'NONE', #6994, 1000.000000000000000 ) ;
#7521 = CARTESIAN_POINT ( 'NONE',  ( 18.75000000000000355, 46.53999999999999204, 10.00000000000000000 ) ) ;
#7522 = CARTESIAN_POINT ( 'NONE',  ( 33.00000000000004263, 29.99999999999999289, 5.000000000000003553 ) ) ;
#7523 = ADVANCED_FACE ( 'NONE', ( #7377 ), #7494, .F. ) ;
#7524 = FACE_OUTER_BOUND ( 'NONE', #5488, .T. ) ;
#7525 = ADVANCED_FACE ( 'NONE', ( #1576 ), #3397, .F. ) ;
#7526 = CARTESIAN_POINT ( 'NONE',  ( -62.90000000000004121, 26.99999999999999289, 56.00000000000000000 ) ) ;
#7527 = ORIENTED_EDGE ( 'NONE', *, *, #6436, .T. ) ;
#7528 = LINE ( 'NONE', #11596, #12710 ) ;
#7529 = VECTOR ( 'NONE', #10377, 1000.000000000000000 ) ;
#7530 = CARTESIAN_POINT ( 'NONE',  ( 64.00000000000001421, 26.99999999999999289, 56.00000000000000000 ) ) ;
#7531 = CIRCLE ( 'NONE', #9667, 2.000000000000008882 ) ;
#7532 = EDGE_CURVE ( 'NONE', #8056, #1265, #11634, .T. ) ;
#7533 = ORIENTED_EDGE ( 'NONE', *, *, #6867, .T. ) ;
#7534 = ORIENTED_EDGE ( 'NONE', *, *, #11892, .T. ) ;
#7535 = VECTOR ( 'NONE', #5690, 1000.000000000000000 ) ;
#7536 = DIRECTION ( 'NONE',  ( 1.000000000000000000, 0.000000000000000000, -0.000000000000000000 ) ) ;
#7537 = EDGE_CURVE ( 'NONE', #499, #8539, #322, .T. ) ;
#7538 = EDGE_CURVE ( 'NONE', #1481, #1265, #10629, .T. ) ;
#7539 = ORIENTED_EDGE ( 'NONE', *, *, #4067, .T. ) ;
#7540 = EDGE_CURVE ( 'NONE', #2638, #7247, #1386, .T. ) ;
#7541 = CARTESIAN_POINT ( 'NONE',  ( 14.30000000000000426, 37.53999999999999204, 48.50000000000000000 ) ) ;
#7542 = CARTESIAN_POINT ( 'NONE',  ( 44.00000000000003553, 26.99999999999999289, 8.000000000000000000 ) ) ;
#7543 = AXIS2_PLACEMENT_3D ( 'NONE', #12063, #11991, #2902 ) ;
#7544 = DIRECTION ( 'NONE',  ( 0.000000000000000000, 0.000000000000000000, -1.000000000000000000 ) ) ;
#7545 = VECTOR ( 'NONE', #8418, 1000.000000000000000 ) ;
#7546 = CARTESIAN_POINT ( 'NONE',  ( 18.75000000000000355, 46.49999999999983658, 10.00000000000000000 ) ) ;
#7547 = EDGE_CURVE ( 'NONE', #2829, #1106, #4463, .T. ) ;
#7548 = CARTESIAN_POINT ( 'NONE',  ( -23.74999999999998934, 4.999999999999990230, 60.00000000000000711 ) ) ;
#7549 = EDGE_CURVE ( 'NONE', #4935, #5907, #9705, .T. ) ;
#7550 = VECTOR ( 'NONE', #8538, 1000.000000000000000 ) ;
#7551 = ORIENTED_EDGE ( 'NONE', *, *, #2301, .T. ) ;
#7552 = LINE ( 'NONE', #12668, #10133 ) ;
#7553 = VECTOR ( 'NONE', #5033, 1000.000000000000000 ) ;
#7554 = ADVANCED_FACE ( 'NONE', ( #7650 ), #12402, .F. ) ;
#7555 = CARTESIAN_POINT ( 'NONE',  ( -86.00000000000004263, 19.99999999999998934, 56.00000000000000711 ) ) ;
#7556 = ORIENTED_EDGE ( 'NONE', *, *, #5490, .F. ) ;
#7557 = ORIENTED_EDGE ( 'NONE', *, *, #833, .T. ) ;
#7558 = VECTOR ( 'NONE', #8973, 1000.000000000000000 ) ;
#7559 = EDGE_LOOP ( 'NONE', ( #12960, #3698, #1049, #812 ) ) ;
#7560 = VECTOR ( 'NONE', #2489, 1000.000000000000000 ) ;
#7561 = CIRCLE ( 'NONE', #4588, 4.000000000000010658 ) ;
#7562 = EDGE_CURVE ( 'NONE', #4611, #8589, #1328, .T. ) ;
#7563 = AXIS2_PLACEMENT_3D ( 'NONE', #11301, #5133, #10382 ) ;
#7564 = CARTESIAN_POINT ( 'NONE',  ( 23.74999999999999289, 10.50000000000008527, 19.50000000000000355 ) ) ;
#7565 = CARTESIAN_POINT ( 'NONE',  ( -44.00000000000003553, 26.99999999999999289, -6.230843505549355095E-15 ) ) ;
#7566 = VECTOR ( 'NONE', #10631, 1000.000000000000000 ) ;
#7567 = ORIENTED_EDGE ( 'NONE', *, *, #5108, .T. ) ;
#7568 = DIRECTION ( 'NONE',  ( 0.000000000000000000, -1.000000000000000000, 0.000000000000000000 ) ) ;
#7569 = VECTOR ( 'NONE', #9452, 1000.000000000000000 ) ;
#7570 = VECTOR ( 'NONE', #203, 999.9999999999998863 ) ;
#7571 = DIRECTION ( 'NONE',  ( 0.000000000000000000, 0.000000000000000000, 1.000000000000000000 ) ) ;
#7572 = VECTOR ( 'NONE', #2994, 1000.000000000000000 ) ;
#7573 = CARTESIAN_POINT ( 'NONE',  ( 34.00000000000001421, 26.99999999999999289, 3.000000000000005773 ) ) ;
#7574 = VECTOR ( 'NONE', #12605, 1000.000000000000000 ) ;
#7575 = LINE ( 'NONE', #5581, #11418 ) ;
#7576 = ORIENTED_EDGE ( 'NONE', *, *, #318, .T. ) ;
#7577 = DIRECTION ( 'NONE',  ( 0.000000000000000000, 1.000000000000000000, 0.000000000000000000 ) ) ;
#7578 = VERTEX_POINT ( 'NONE', #10440 ) ;
#7579 = AXIS2_PLACEMENT_3D ( 'NONE', #3638, #8813, #6568 ) ;
#7580 = VECTOR ( 'NONE', #10552, 1000.000000000000000 ) ;
#7581 = EDGE_CURVE ( 'NONE', #10262, #11322, #5387, .T. ) ;
#7582 = ORIENTED_EDGE ( 'NONE', *, *, #5948, .F. ) ;
#7583 = ORIENTED_EDGE ( 'NONE', *, *, #2401, .T. ) ;
#7584 = CIRCLE ( 'NONE', #1870, 4.000000000000003553 ) ;
#7585 = DIRECTION ( 'NONE',  ( 0.000000000000000000, 0.000000000000000000, -1.000000000000000000 ) ) ;
#7586 = VERTEX_POINT ( 'NONE', #520 ) ;
#7587 = DIRECTION ( 'NONE',  ( 0.000000000000000000, 0.000000000000000000, -1.000000000000000000 ) ) ;
#7588 = FACE_OUTER_BOUND ( 'NONE', #11547, .T. ) ;
#7589 = AXIS2_PLACEMENT_3D ( 'NONE', #12559, #8526, #10659 ) ;
#7590 = DIRECTION ( 'NONE',  ( -0.000000000000000000, 1.000000000000000000, -0.000000000000000000 ) ) ;
#7591 = CARTESIAN_POINT ( 'NONE',  ( -7.500000000000016875, -24.00000000000001421, -36.75000000000000000 ) ) ;
#7592 = DIRECTION ( 'NONE',  ( 0.000000000000000000, 0.000000000000000000, 1.000000000000000000 ) ) ;
#7593 = CARTESIAN_POINT ( 'NONE',  ( 62.90000000000005542, 26.99999999999999289, 0.000000000000000000 ) ) ;
#7594 = CIRCLE ( 'NONE', #1876, 4.000000000000003553 ) ;
#7595 = CARTESIAN_POINT ( 'NONE',  ( -3.097720492815727659E-16, 26.99999999999999289, -4.999999999999997335 ) ) ;
#7596 = CARTESIAN_POINT ( 'NONE',  ( -90.00000000000005684, -30.00000000000000711, -40.00000000000000000 ) ) ;
#7597 = ORIENTED_EDGE ( 'NONE', *, *, #2782, .F. ) ;
#7598 = EDGE_CURVE ( 'NONE', #5122, #10091, #11699, .T. ) ;
#7599 = LINE ( 'NONE', #12768, #2500 ) ;
#7600 = EDGE_LOOP ( 'NONE', ( #930, #8623, #5427, #3131 ) ) ;
#7601 = AXIS2_PLACEMENT_3D ( 'NONE', #11379, #12234, #7200 ) ;
#7602 = EDGE_CURVE ( 'NONE', #9058, #12300, #4390, .T. ) ;
#7603 = CARTESIAN_POINT ( 'NONE',  ( 0.000000000000000000, 46.53999999999999204, 0.000000000000000000 ) ) ;
#7604 = EDGE_CURVE ( 'NONE', #1136, #12066, #2930, .T. ) ;
#7605 = LINE ( 'NONE', #5548, #7560 ) ;
#7606 = AXIS2_PLACEMENT_3D ( 'NONE', #2207, #4260, #12345 ) ;
#7607 = VERTEX_POINT ( 'NONE', #1660 ) ;
#7608 = ORIENTED_EDGE ( 'NONE', *, *, #2963, .F. ) ;
#7609 = VECTOR ( 'NONE', #11455, 1000.000000000000000 ) ;
#7610 = LINE ( 'NONE', #7675, #9065 ) ;
#7611 = DIRECTION ( 'NONE',  ( -1.000000000000000000, -0.000000000000000000, -0.000000000000000000 ) ) ;
#7612 = DIRECTION ( 'NONE',  ( 0.000000000000000000, 0.000000000000000000, 1.000000000000000000 ) ) ;
#7613 = FACE_BOUND ( 'NONE', #11081, .T. ) ;
#7614 = LINE ( 'NONE', #7736, #9036 ) ;
#7615 = VERTEX_POINT ( 'NONE', #675 ) ;
#7616 = PLANE ( 'NONE',  #4443 ) ;
#7617 = FACE_OUTER_BOUND ( 'NONE', #9635, .T. ) ;
#7618 = VECTOR ( 'NONE', #4037, 1000.000000000000000 ) ;
#7619 = EDGE_CURVE ( 'NONE', #1581, #8668, #8835, .T. ) ;
#7620 = CARTESIAN_POINT ( 'NONE',  ( 0.000000000000000000, 29.99999999999999289, 5.000000000000003553 ) ) ;
#7621 = ORIENTED_EDGE ( 'NONE', *, *, #10924, .T. ) ;
#7622 = VERTEX_POINT ( 'NONE', #9900 ) ;
#7623 = DIRECTION ( 'NONE',  ( 1.000000000000000000, -0.000000000000000000, -0.000000000000000000 ) ) ;
#7624 = EDGE_CURVE ( 'NONE', #9448, #1584, #5789, .T. ) ;
#7625 = VERTEX_POINT ( 'NONE', #10027 ) ;
#7626 = ORIENTED_EDGE ( 'NONE', *, *, #6924, .T. ) ;
#7627 = VECTOR ( 'NONE', #7205, 1000.000000000000000 ) ;
#7628 = DIRECTION ( 'NONE',  ( 1.000000000000000000, -0.000000000000000000, 0.000000000000000000 ) ) ;
#7629 = PLANE ( 'NONE',  #2265 ) ;
#7630 = PLANE ( 'NONE',  #988 ) ;
#7631 = DIRECTION ( 'NONE',  ( 1.000000000000000000, -0.000000000000000000, 0.000000000000000000 ) ) ;
#7632 = EDGE_CURVE ( 'NONE', #3914, #850, #12594, .T. ) ;
#7633 = DIRECTION ( 'NONE',  ( 0.000000000000000000, -0.000000000000000000, 1.000000000000000000 ) ) ;
#7634 = DIRECTION ( 'NONE',  ( -0.000000000000000000, 1.000000000000000000, -0.000000000000000000 ) ) ;
#7635 = VERTEX_POINT ( 'NONE', #9773 ) ;
#7636 = DIRECTION ( 'NONE',  ( 0.000000000000000000, -3.469446951953616161E-15, -1.000000000000000000 ) ) ;
#7637 = CARTESIAN_POINT ( 'NONE',  ( 35.74999999999983658, -30.00000000000000711, -8.500000000000001776 ) ) ;
#7638 = LINE ( 'NONE', #10559, #7146 ) ;
#7639 = ORIENTED_EDGE ( 'NONE', *, *, #7391, .F. ) ;
#7640 = ORIENTED_EDGE ( 'NONE', *, *, #7127, .T. ) ;
#7641 = EDGE_CURVE ( 'NONE', #3234, #13013, #2861, .T. ) ;
#7642 = EDGE_CURVE ( 'NONE', #7607, #10913, #2652, .T. ) ;
#7643 = ORIENTED_EDGE ( 'NONE', *, *, #13017, .F. ) ;
#7644 = ADVANCED_FACE ( 'NONE', ( #8974 ), #13009, .F. ) ;
#7645 = DIRECTION ( 'NONE',  ( -1.000000000000000000, 0.000000000000000000, -0.000000000000000000 ) ) ;
#7646 = DIRECTION ( 'NONE',  ( 0.000000000000000000, 1.000000000000000000, -0.000000000000000000 ) ) ;
#7647 = DIRECTION ( 'NONE',  ( 0.3162277660168377191, -0.9486832980505138790, -4.388541835720879120E-16 ) ) ;
#7648 = LINE ( 'NONE', #10695, #1379 ) ;
#7649 = EDGE_CURVE ( 'NONE', #10199, #11508, #5838, .T. ) ;
#7650 = FACE_OUTER_BOUND ( 'NONE', #6579, .T. ) ;
#7651 = LINE ( 'NONE', #11557, #5666 ) ;
#7652 = CARTESIAN_POINT ( 'NONE',  ( 30.00000000000000000, 1.000000000000042633, 0.000000000000000000 ) ) ;
#7653 = ORIENTED_EDGE ( 'NONE', *, *, #5770, .F. ) ;
#7654 = VERTEX_POINT ( 'NONE', #6904 ) ;
#7655 = EDGE_LOOP ( 'NONE', ( #11908, #8925, #1778, #12983 ) ) ;
#7656 = EDGE_LOOP ( 'NONE', ( #11186, #7420, #776, #3102 ) ) ;
#7657 = VERTEX_POINT ( 'NONE', #10972 ) ;
#7658 = ORIENTED_EDGE ( 'NONE', *, *, #10771, .F. ) ;
#7659 = CARTESIAN_POINT ( 'NONE',  ( 85.99999999999994316, 23.99999999999998579, -40.00000000000000000 ) ) ;
#7660 = ORIENTED_EDGE ( 'NONE', *, *, #10724, .T. ) ;
#7661 = CARTESIAN_POINT ( 'NONE',  ( 85.99999999999994316, 23.99999999999998934, 56.00000000000000711 ) ) ;
#7662 = DIRECTION ( 'NONE',  ( -1.000000000000000000, 2.434699615406045218E-16, 0.000000000000000000 ) ) ;
#7663 = FACE_OUTER_BOUND ( 'NONE', #4351, .T. ) ;
#7664 = PLANE ( 'NONE',  #4842 ) ;
#7665 = LINE ( 'NONE', #1474, #8631 ) ;
#7666 = EDGE_CURVE ( 'NONE', #8434, #165, #3909, .T. ) ;
#7667 = DIRECTION ( 'NONE',  ( -0.000000000000000000, 1.000000000000000000, -0.000000000000000000 ) ) ;
#7668 = CARTESIAN_POINT ( 'NONE',  ( 36.00000000000002842, 26.99999999999999289, 18.20000000000000284 ) ) ;
#7669 = ORIENTED_EDGE ( 'NONE', *, *, #9489, .T. ) ;
#7670 = LINE ( 'NONE', #11575, #7157 ) ;
#7671 = EDGE_CURVE ( 'NONE', #6158, #1581, #1148, .T. ) ;
#7672 = LINE ( 'NONE', #11724, #6933 ) ;
#7673 = ORIENTED_EDGE ( 'NONE', *, *, #9505, .T. ) ;
#7674 = ORIENTED_EDGE ( 'NONE', *, *, #2389, .T. ) ;
#7675 = CARTESIAN_POINT ( 'NONE',  ( -44.00000000000004263, 26.99999999999999289, 42.59999999999999432 ) ) ;
#7676 = CARTESIAN_POINT ( 'NONE',  ( -14.29999999999999005, -45.50000000000000711, 51.00000000000000000 ) ) ;
#7677 = FACE_OUTER_BOUND ( 'NONE', #8970, .T. ) ;
#7678 = EDGE_CURVE ( 'NONE', #12090, #11406, #11904, .T. ) ;
#7679 = CARTESIAN_POINT ( 'NONE',  ( -31.00000000000003553, 26.99999999999999289, -7.000000000000000000 ) ) ;
#7680 = FACE_OUTER_BOUND ( 'NONE', #2883, .T. ) ;
#7681 = EDGE_LOOP ( 'NONE', ( #4736, #1997, #840, #11473 ) ) ;
#7682 = LINE ( 'NONE', #9409, #9876 ) ;
#7683 = FACE_OUTER_BOUND ( 'NONE', #996, .T. ) ;
#7684 = EDGE_LOOP ( 'NONE', ( #11431, #5818, #6269, #4562 ) ) ;
#7685 = ORIENTED_EDGE ( 'NONE', *, *, #9818, .F. ) ;
#7686 = DIRECTION ( 'NONE',  ( 0.000000000000000000, 0.000000000000000000, 1.000000000000000000 ) ) ;
#7687 = ORIENTED_EDGE ( 'NONE', *, *, #10249, .F. ) ;
#7688 = VERTEX_POINT ( 'NONE', #12882 ) ;
#7689 = PLANE ( 'NONE',  #12679 ) ;
#7690 = CARTESIAN_POINT ( 'NONE',  ( 18.74999999999983658, -30.00000000000001421, 25.15000000000000568 ) ) ;
#7691 = CARTESIAN_POINT ( 'NONE',  ( 17.99999999999980815, 23.24999999999999289, -39.25000000000026290 ) ) ;
#7692 = LINE ( 'NONE', #3498, #10138 ) ;
#7693 = CARTESIAN_POINT ( 'NONE',  ( -23.74999999999998934, 4.999999999999990230, 60.00000000000000711 ) ) ;
#7694 = DIRECTION ( 'NONE',  ( -1.000000000000000000, 0.000000000000000000, -0.000000000000000000 ) ) ;
#7695 = ORIENTED_EDGE ( 'NONE', *, *, #2436, .F. ) ;
#7696 = LINE ( 'NONE', #665, #3341 ) ;
#7697 = LINE ( 'NONE', #5571, #3579 ) ;
#7698 = DIRECTION ( 'NONE',  ( -0.000000000000000000, -0.000000000000000000, -1.000000000000000000 ) ) ;
#7699 = VERTEX_POINT ( 'NONE', #7846 ) ;
#7700 = ORIENTED_EDGE ( 'NONE', *, *, #9750, .F. ) ;
#7701 = CARTESIAN_POINT ( 'NONE',  ( -18.75000000000000355, 29.99999999999999289, 10.00000000000000000 ) ) ;
#7702 = CARTESIAN_POINT ( 'NONE',  ( -23.75000000000000355, -14.99999999999999112, 13.85000000000000853 ) ) ;
#7703 = ADVANCED_FACE ( 'NONE', ( #12018 ), #12952, .F. ) ;
#7704 = DIRECTION ( 'NONE',  ( 0.000000000000000000, -1.000000000000000000, 0.000000000000000000 ) ) ;
#7705 = DIRECTION ( 'NONE',  ( 0.000000000000000000, 0.000000000000000000, -1.000000000000000000 ) ) ;
#7706 = DIRECTION ( 'NONE',  ( 0.000000000000000000, 0.000000000000000000, -1.000000000000000000 ) ) ;
#7707 = ORIENTED_EDGE ( 'NONE', *, *, #7032, .F. ) ;
#7708 = ORIENTED_EDGE ( 'NONE', *, *, #6199, .T. ) ;
#7709 = ORIENTED_EDGE ( 'NONE', *, *, #6438, .T. ) ;
#7710 = ORIENTED_EDGE ( 'NONE', *, *, #6424, .T. ) ;
#7711 = EDGE_CURVE ( 'NONE', #4439, #8668, #1791, .T. ) ;
#7712 = EDGE_LOOP ( 'NONE', ( #2012, #5443, #9472, #10866 ) ) ;
#7713 = ORIENTED_EDGE ( 'NONE', *, *, #8698, .T. ) ;
#7714 = CARTESIAN_POINT ( 'NONE',  ( 46.37499999999988631, -30.00000000000000711, -40.00000000000000000 ) ) ;
#7715 = ORIENTED_EDGE ( 'NONE', *, *, #5264, .T. ) ;
#7716 = CARTESIAN_POINT ( 'NONE',  ( 18.75000000000000355, 19.99999999999998934, 60.00000000000000711 ) ) ;
#7717 = CARTESIAN_POINT ( 'NONE',  ( 38.21923047520460415, -28.00000000000000355, -8.108974603996035313 ) ) ;
#7718 = ADVANCED_FACE ( 'NONE', ( #6982 ), #924, .F. ) ;
#7719 = DIRECTION ( 'NONE',  ( -1.000000000000000000, 0.000000000000000000, 0.000000000000000000 ) ) ;
#7720 = DIRECTION ( 'NONE',  ( -1.000000000000000000, 0.000000000000000000, 1.416100796715761603E-16 ) ) ;
#7721 = CARTESIAN_POINT ( 'NONE',  ( -23.74999999999998934, 4.999999999999992006, 56.14999999999999858 ) ) ;
#7722 = CARTESIAN_POINT ( 'NONE',  ( -36.00000000000003553, 29.99999999999999289, 42.60000000000000142 ) ) ;
#7723 = EDGE_CURVE ( 'NONE', #8056, #13149, #11759, .T. ) ;
#7724 = FACE_BOUND ( 'NONE', #4978, .T. ) ;
#7725 = ORIENTED_EDGE ( 'NONE', *, *, #4785, .F. ) ;
#7726 = DIRECTION ( 'NONE',  ( -8.673617379884035472E-16, 0.000000000000000000, -1.000000000000000000 ) ) ;
#7727 = EDGE_CURVE ( 'NONE', #11343, #5697, #6709, .T. ) ;
#7728 = CARTESIAN_POINT ( 'NONE',  ( -28.74999999999999645, 23.99999999999999289, 60.00000000000000711 ) ) ;
#7729 = EDGE_LOOP ( 'NONE', ( #10763, #5395, #953, #2238 ) ) ;
#7730 = EDGE_LOOP ( 'NONE', ( #10805, #10447, #5962, #4481 ) ) ;
#7731 = DIRECTION ( 'NONE',  ( 1.416100796715761603E-16, 0.000000000000000000, 1.000000000000000000 ) ) ;
#7732 = DIRECTION ( 'NONE',  ( 0.3162277660168377746, -0.9486832980505138790, -4.388541835720877640E-16 ) ) ;
#7733 = CARTESIAN_POINT ( 'NONE',  ( 68.37499999999990052, -30.00000000000000711, -17.00000000000000000 ) ) ;
#7734 = LINE ( 'NONE', #7679, #4867 ) ;
#7735 = EDGE_CURVE ( 'NONE', #1103, #9752, #8047, .T. ) ;
#7736 = CARTESIAN_POINT ( 'NONE',  ( -23.74999999999999645, -15.00000000000001066, 25.15000000000000568 ) ) ;
#7737 = AXIS2_PLACEMENT_3D ( 'NONE', #1463, #8447, #5527 ) ;
#7738 = VERTEX_POINT ( 'NONE', #11154 ) ;
#7739 = CARTESIAN_POINT ( 'NONE',  ( 0.000000000000000000, 26.99999999999999289, 56.00000000000000000 ) ) ;
#7740 = DIRECTION ( 'NONE',  ( -1.000000000000000000, 0.000000000000000000, -0.000000000000000000 ) ) ;
#7741 = VERTEX_POINT ( 'NONE', #4046 ) ;
#7742 = EDGE_LOOP ( 'NONE', ( #12650, #11509 ) ) ;
#7743 = EDGE_CURVE ( 'NONE', #8276, #2235, #2060, .T. ) ;
#7744 = CARTESIAN_POINT ( 'NONE',  ( -18.75000000000000355, 38.26999999999998892, 51.00000000000000000 ) ) ;
#7745 = EDGE_LOOP ( 'NONE', ( #4526, #7551, #2066, #2168 ) ) ;
#7746 = ORIENTED_EDGE ( 'NONE', *, *, #3359, .T. ) ;
#7747 = AXIS2_PLACEMENT_3D ( 'NONE', #11129, #12926, #9947 ) ;
#7748 = CARTESIAN_POINT ( 'NONE',  ( -66.00000000000002842, 26.99999999999999289, 60.00000000000000711 ) ) ;
#7749 = DIRECTION ( 'NONE',  ( 1.000000000000000000, 0.000000000000000000, -0.000000000000000000 ) ) ;
#7750 = DIRECTION ( 'NONE',  ( 0.000000000000000000, 0.000000000000000000, -1.000000000000000000 ) ) ;
#7751 = CARTESIAN_POINT ( 'NONE',  ( -22.00000000000003197, 14.24999999999999822, 1.000000000000008660 ) ) ;
#7752 = CARTESIAN_POINT ( 'NONE',  ( 49.40000000000004121, 29.99999999999999289, 56.00000000000000000 ) ) ;
#7753 = VECTOR ( 'NONE', #9787, 1000.000000000000000 ) ;
#7754 = CARTESIAN_POINT ( 'NONE',  ( 23.74999999999982592, -4.999999999999912959, 45.00000000000000711 ) ) ;
#7755 = EDGE_LOOP ( 'NONE', ( #11602, #7556, #961, #9111 ) ) ;
#7756 = DIRECTION ( 'NONE',  ( 0.000000000000000000, 1.000000000000000000, 0.000000000000000000 ) ) ;
#7757 = ORIENTED_EDGE ( 'NONE', *, *, #9992, .T. ) ;
#7758 = DIRECTION ( 'NONE',  ( -0.000000000000000000, -1.000000000000000000, -0.000000000000000000 ) ) ;
#7759 = DIRECTION ( 'NONE',  ( -1.000000000000000000, 0.000000000000000000, 0.000000000000000000 ) ) ;
#7760 = ORIENTED_EDGE ( 'NONE', *, *, #10733, .F. ) ;
#7761 = ORIENTED_EDGE ( 'NONE', *, *, #8605, .F. ) ;
#7762 = ADVANCED_FACE ( 'NONE', ( #5053 ), #13069, .F. ) ;
#7763 = VECTOR ( 'NONE', #5663, 1000.000000000000000 ) ;
#7764 = AXIS2_PLACEMENT_3D ( 'NONE', #822, #12962, #1882 ) ;
#7765 = CARTESIAN_POINT ( 'NONE',  ( 44.00000000000004263, 26.99999999999999289, 46.00000000000000000 ) ) ;
#7766 = CARTESIAN_POINT ( 'NONE',  ( -40.00000000000000711, -20.00000000000000711, -40.00000000000000000 ) ) ;
#7767 = AXIS2_PLACEMENT_3D ( 'NONE', #1238, #9335, #10407 ) ;
#7768 = DIRECTION ( 'NONE',  ( -0.000000000000000000, -1.000000000000000000, -0.000000000000000000 ) ) ;
#7769 = AXIS2_PLACEMENT_3D ( 'NONE', #12862, #5969, #10014 ) ;
#7770 = FACE_BOUND ( 'NONE', #5109, .T. ) ;
#7771 = AXIS2_PLACEMENT_3D ( 'NONE', #12786, #11884, #8807 ) ;
#7772 = AXIS2_PLACEMENT_3D ( 'NONE', #4170, #10163, #9406 ) ;
#7773 = CARTESIAN_POINT ( 'NONE',  ( 12.74999999999983480, -5.000000000000006217, -11.49999999999999645 ) ) ;
#7774 = VERTEX_POINT ( 'NONE', #1057 ) ;
#7775 = ORIENTED_EDGE ( 'NONE', *, *, #12654, .F. ) ;
#7776 = ORIENTED_EDGE ( 'NONE', *, *, #12165, .T. ) ;
#7777 = AXIS2_PLACEMENT_3D ( 'NONE', #2005, #4258, #3148 ) ;
#7778 = ORIENTED_EDGE ( 'NONE', *, *, #8790, .T. ) ;
#7779 = VERTEX_POINT ( 'NONE', #9102 ) ;
#7780 = VERTEX_POINT ( 'NONE', #4983 ) ;
#7781 = EDGE_CURVE ( 'NONE', #12090, #7343, #6305, .T. ) ;
#7782 = ADVANCED_FACE ( 'NONE', ( #6114 ), #10361, .F. ) ;
#7783 = VECTOR ( 'NONE', #8875, 1000.000000000000000 ) ;
#7784 = DIRECTION ( 'NONE',  ( 0.000000000000000000, 0.000000000000000000, -1.000000000000000000 ) ) ;
#7785 = ORIENTED_EDGE ( 'NONE', *, *, #8171, .T. ) ;
#7786 = VECTOR ( 'NONE', #5745, 1000.000000000000000 ) ;
#7787 = CARTESIAN_POINT ( 'NONE',  ( 49.40000000000004121, 26.99999999999999289, 58.00000000000000000 ) ) ;
#7788 = CARTESIAN_POINT ( 'NONE',  ( 18.75000000000000355, 46.53999999999999204, 10.00000000000000000 ) ) ;
#7789 = CARTESIAN_POINT ( 'NONE',  ( 0.000000000000000000, 29.99999999999999289, 48.00000000000000000 ) ) ;
#7790 = VECTOR ( 'NONE', #7231, 999.9999999999998863 ) ;
#7791 = DIRECTION ( 'NONE',  ( -1.000000000000000000, -0.000000000000000000, -0.000000000000000000 ) ) ;
#7792 = CIRCLE ( 'NONE', #142, 1.500000000000001332 ) ;
#7793 = EDGE_CURVE ( 'NONE', #10213, #10880, #6463, .T. ) ;
#7794 = CARTESIAN_POINT ( 'NONE',  ( -23.75000000000000000, -20.49999999999991473, 19.50000000000000355 ) ) ;
#7795 = DIRECTION ( 'NONE',  ( 0.000000000000000000, 0.000000000000000000, -1.000000000000000000 ) ) ;
#7796 = ORIENTED_EDGE ( 'NONE', *, *, #3974, .F. ) ;
#7797 = AXIS2_PLACEMENT_3D ( 'NONE', #10278, #5235, #7347 ) ;
#7798 = EDGE_CURVE ( 'NONE', #12118, #12109, #3911, .T. ) ;
#7799 = CARTESIAN_POINT ( 'NONE',  ( 0.000000000000000000, 0.000000000000000000, -40.00000000000000000 ) ) ;
#7800 = AXIS2_PLACEMENT_3D ( 'NONE', #8695, #11074, #3941 ) ;
#7801 = EDGE_CURVE ( 'NONE', #11574, #7957, #8104, .T. ) ;
#7802 = VECTOR ( 'NONE', #4825, 1000.000000000000000 ) ;
#7803 = AXIS2_PLACEMENT_3D ( 'NONE', #2798, #10686, #12796 ) ;
#7804 = LINE ( 'NONE', #2556, #2701 ) ;
#7805 = EDGE_CURVE ( 'NONE', #3170, #5307, #746, .T. ) ;
#7806 = ORIENTED_EDGE ( 'NONE', *, *, #8503, .F. ) ;
#7807 = ORIENTED_EDGE ( 'NONE', *, *, #12600, .T. ) ;
#7808 = VECTOR ( 'NONE', #7628, 1000.000000000000000 ) ;
#7809 = CIRCLE ( 'NONE', #359, 4.000000000000000000 ) ;
#7810 = DIRECTION ( 'NONE',  ( 1.000000000000000000, -0.000000000000000000, 0.000000000000000000 ) ) ;
#7811 = LINE ( 'NONE', #6816, #8868 ) ;
#7812 = LINE ( 'NONE', #5891, #3526 ) ;
#7813 = ADVANCED_FACE ( 'NONE', ( #2133 ), #48, .T. ) ;
#7814 = CYLINDRICAL_SURFACE ( 'NONE', #10801, 1.500000000000001332 ) ;
#7815 = VECTOR ( 'NONE', #10621, 1000.000000000000000 ) ;
#7816 = CARTESIAN_POINT ( 'NONE',  ( 23.75000000000000000, -0.4999999999999015787, 67.51000000000000512 ) ) ;
#7817 = VECTOR ( 'NONE', #3150, 1000.000000000000000 ) ;
#7818 = ORIENTED_EDGE ( 'NONE', *, *, #5094, .F. ) ;
#7819 = DIRECTION ( 'NONE',  ( 0.000000000000000000, 0.000000000000000000, 1.000000000000000000 ) ) ;
#7820 = EDGE_CURVE ( 'NONE', #12363, #1307, #305, .T. ) ;
#7821 = DIRECTION ( 'NONE',  ( -1.416100796715761603E-16, 0.000000000000000000, 1.000000000000000000 ) ) ;
#7822 = ORIENTED_EDGE ( 'NONE', *, *, #5547, .T. ) ;
#7823 = ORIENTED_EDGE ( 'NONE', *, *, #2088, .T. ) ;
#7824 = CARTESIAN_POINT ( 'NONE',  ( 72.00000000000002842, 26.99999999999999289, 50.00000000000000000 ) ) ;
#7825 = CIRCLE ( 'NONE', #7384, 2.500000000000002220 ) ;
#7826 = ORIENTED_EDGE ( 'NONE', *, *, #671, .T. ) ;
#7827 = ORIENTED_EDGE ( 'NONE', *, *, #10421, .T. ) ;
#7828 = VECTOR ( 'NONE', #2525, 1000.000000000000000 ) ;
#7829 = ORIENTED_EDGE ( 'NONE', *, *, #12238, .T. ) ;
#7830 = DIRECTION ( 'NONE',  ( -1.000000000000000000, 0.000000000000000000, -0.000000000000000000 ) ) ;
#7831 = DIRECTION ( 'NONE',  ( -0.000000000000000000, -1.000000000000000000, -0.000000000000000000 ) ) ;
#7832 = DIRECTION ( 'NONE',  ( -1.416100796715761356E-16, 0.000000000000000000, 1.000000000000000000 ) ) ;
#7833 = AXIS2_PLACEMENT_3D ( 'NONE', #11020, #10816, #4760 ) ;
#7834 = CARTESIAN_POINT ( 'NONE',  ( -28.74999999999999645, -52.50000000000000711, 60.00000000000000711 ) ) ;
#7835 = ADVANCED_FACE ( 'NONE', ( #7092 ), #12272, .T. ) ;
#7836 = CARTESIAN_POINT ( 'NONE',  ( -90.00000000000005684, -26.00000000000000711, -40.00000000000000000 ) ) ;
#7837 = DIRECTION ( 'NONE',  ( -1.000000000000000000, 0.000000000000000000, 0.000000000000000000 ) ) ;
#7838 = VECTOR ( 'NONE', #8724, 1000.000000000000000 ) ;
#7839 = EDGE_CURVE ( 'NONE', #1135, #4910, #987, .T. ) ;
#7840 = FACE_OUTER_BOUND ( 'NONE', #10309, .T. ) ;
#7841 = DIRECTION ( 'NONE',  ( -3.469446951953614189E-16, 1.000000000000000000, 0.000000000000000000 ) ) ;
#7842 = VERTEX_POINT ( 'NONE', #7281 ) ;
#7843 = ORIENTED_EDGE ( 'NONE', *, *, #1540, .T. ) ;
#7844 = LINE ( 'NONE', #6977, #8405 ) ;
#7845 = DIRECTION ( 'NONE',  ( 0.000000000000000000, -1.000000000000000000, 0.000000000000000000 ) ) ;
#7846 = CARTESIAN_POINT ( 'NONE',  ( 36.00000000000003553, 29.99999999999999289, 30.39999999999999858 ) ) ;
#7847 = ADVANCED_FACE ( 'NONE', ( #9215, #3243, #8238 ), #2996, .F. ) ;
#7848 = LINE ( 'NONE', #9774, #8221 ) ;
#7849 = CARTESIAN_POINT ( 'NONE',  ( -28.74999999999999645, -52.50000000000000711, 10.00000000000000000 ) ) ;
#7850 = CARTESIAN_POINT ( 'NONE',  ( 66.00000000000002842, 26.99999999999999289, 59.87298334620741969 ) ) ;
#7851 = ORIENTED_EDGE ( 'NONE', *, *, #10178, .F. ) ;
#7852 = ORIENTED_EDGE ( 'NONE', *, *, #5120, .F. ) ;
#7853 = ORIENTED_EDGE ( 'NONE', *, *, #8163, .T. ) ;
#7854 = VERTEX_POINT ( 'NONE', #13143 ) ;
#7855 = VERTEX_POINT ( 'NONE', #7227 ) ;
#7856 = ORIENTED_EDGE ( 'NONE', *, *, #7005, .F. ) ;
#7857 = DIRECTION ( 'NONE',  ( 0.000000000000000000, -4.625929269271485914E-16, 1.000000000000000000 ) ) ;
#7858 = ORIENTED_EDGE ( 'NONE', *, *, #7727, .F. ) ;
#7859 = CYLINDRICAL_SURFACE ( 'NONE', #1595, 4.000000000000000000 ) ;
#7860 = DIRECTION ( 'NONE',  ( 1.000000000000000000, -0.000000000000000000, -0.000000000000000000 ) ) ;
#7861 = CARTESIAN_POINT ( 'NONE',  ( -31.00000000000004263, 29.99999999999999289, 3.000000000000004885 ) ) ;
#7862 = DIRECTION ( 'NONE',  ( -1.734723475976807094E-15, 0.000000000000000000, -1.000000000000000000 ) ) ;
#7863 = DIRECTION ( 'NONE',  ( 0.000000000000000000, 0.000000000000000000, 1.000000000000000000 ) ) ;
#7864 = DIRECTION ( 'NONE',  ( -0.3162277660168377746, -0.9486832980505138790, 0.000000000000000000 ) ) ;
#7865 = VERTEX_POINT ( 'NONE', #11098 ) ;
#7866 = DIRECTION ( 'NONE',  ( 0.000000000000000000, 1.000000000000000000, 0.000000000000000000 ) ) ;
#7867 = DIRECTION ( 'NONE',  ( -1.000000000000000000, 0.000000000000000000, 0.000000000000000000 ) ) ;
#7868 = EDGE_CURVE ( 'NONE', #9909, #2813, #3691, .T. ) ;
#7869 = ORIENTED_EDGE ( 'NONE', *, *, #4895, .T. ) ;
#7870 = ORIENTED_EDGE ( 'NONE', *, *, #3640, .F. ) ;
#7871 = DIRECTION ( 'NONE',  ( -0.000000000000000000, 1.000000000000000000, -0.000000000000000000 ) ) ;
#7872 = LINE ( 'NONE', #11926, #8433 ) ;
#7873 = LINE ( 'NONE', #4754, #9493 ) ;
#7874 = CARTESIAN_POINT ( 'NONE',  ( 30.00000000000002842, -19.99999999999999289, -40.00000000000000000 ) ) ;
#7875 = LINE ( 'NONE', #2017, #4812 ) ;
#7876 = EDGE_LOOP ( 'NONE', ( #4305, #8087, #8128, #9764, #4323 ) ) ;
#7877 = DIRECTION ( 'NONE',  ( 0.000000000000000000, 0.000000000000000000, 1.000000000000000000 ) ) ;
#7878 = DIRECTION ( 'NONE',  ( -0.000000000000000000, 1.000000000000000000, -0.000000000000000000 ) ) ;
#7879 = EDGE_CURVE ( 'NONE', #8362, #2253, #12845, .T. ) ;
#7880 = EDGE_CURVE ( 'NONE', #6364, #3047, #8676, .T. ) ;
#7881 = CARTESIAN_POINT ( 'NONE',  ( 35.74999999999983658, -28.00000000000000355, -25.50000000000000355 ) ) ;
#7882 = ORIENTED_EDGE ( 'NONE', *, *, #11597, .T. ) ;
#7883 = PLANE ( 'NONE',  #1604 ) ;
#7884 = EDGE_CURVE ( 'NONE', #3773, #7929, #10813, .T. ) ;
#7885 = VERTEX_POINT ( 'NONE', #8740 ) ;
#7886 = ORIENTED_EDGE ( 'NONE', *, *, #10518, .T. ) ;
#7887 = DIRECTION ( 'NONE',  ( 0.000000000000000000, 0.000000000000000000, 1.000000000000000000 ) ) ;
#7888 = EDGE_CURVE ( 'NONE', #8394, #10199, #1315, .T. ) ;
#7889 = CARTESIAN_POINT ( 'NONE',  ( 85.99999999999994316, 23.99999999999998934, 56.00000000000000711 ) ) ;
#7890 = CARTESIAN_POINT ( 'NONE',  ( 34.00000000000002842, 26.99999999999999289, 0.000000000000000000 ) ) ;
#7891 = EDGE_CURVE ( 'NONE', #9318, #7270, #11423, .T. ) ;
#7892 = PLANE ( 'NONE',  #12893 ) ;
#7893 = LINE ( 'NONE', #10952, #3152 ) ;
#7894 = LINE ( 'NONE', #9012, #3726 ) ;
#7895 = ORIENTED_EDGE ( 'NONE', *, *, #11099, .F. ) ;
#7896 = EDGE_CURVE ( 'NONE', #12227, #6316, #3565, .T. ) ;
#7897 = DIRECTION ( 'NONE',  ( 0.000000000000000000, 0.4224229034221534951, 0.9063988584858202469 ) ) ;
#7898 = CARTESIAN_POINT ( 'NONE',  ( -62.90000000000004121, 26.99999999999999289, 56.00000000000000000 ) ) ;
#7899 = LINE ( 'NONE', #1856, #3976 ) ;
#7900 = EDGE_LOOP ( 'NONE', ( #5715, #3601, #6013, #8769 ) ) ;
#7901 = ORIENTED_EDGE ( 'NONE', *, *, #11500, .T. ) ;
#7902 = ADVANCED_FACE ( 'NONE', ( #2322 ), #6823, .F. ) ;
#7903 = DIRECTION ( 'NONE',  ( 0.000000000000000000, 0.000000000000000000, 1.000000000000000000 ) ) ;
#7904 = CARTESIAN_POINT ( 'NONE',  ( -44.00000000000004263, 26.99999999999999289, 30.39999999999999147 ) ) ;
#7905 = DIRECTION ( 'NONE',  ( -0.000000000000000000, 1.000000000000000000, -0.000000000000000000 ) ) ;
#7906 = DIRECTION ( 'NONE',  ( -0.000000000000000000, 1.000000000000000000, -0.000000000000000000 ) ) ;
#7907 = CARTESIAN_POINT ( 'NONE',  ( 31.00000000000003908, 26.99999999999999289, -7.000000000000000000 ) ) ;
#7908 = DIRECTION ( 'NONE',  ( 1.387778780781445676E-16, 0.000000000000000000, 1.000000000000000000 ) ) ;
#7909 = ORIENTED_EDGE ( 'NONE', *, *, #1365, .T. ) ;
#7910 = ORIENTED_EDGE ( 'NONE', *, *, #9818, .T. ) ;
#7911 = ORIENTED_EDGE ( 'NONE', *, *, #4686, .F. ) ;
#7912 = ORIENTED_EDGE ( 'NONE', *, *, #5541, .F. ) ;
#7913 = EDGE_CURVE ( 'NONE', #6277, #7578, #9805, .T. ) ;
#7914 = EDGE_LOOP ( 'NONE', ( #1925, #3835, #8987, #6645 ) ) ;
#7915 = EDGE_LOOP ( 'NONE', ( #7221, #8288, #1971, #4539 ) ) ;
#7916 = ADVANCED_FACE ( 'NONE', ( #7617 ), #8356, .F. ) ;
#7917 = VERTEX_POINT ( 'NONE', #11796 ) ;
#7918 = DIRECTION ( 'NONE',  ( 0.000000000000000000, 0.000000000000000000, 1.000000000000000000 ) ) ;
#7919 = CARTESIAN_POINT ( 'NONE',  ( 23.74999999999982592, -4.999999999999913847, 25.00000000000000000 ) ) ;
#7920 = CYLINDRICAL_SURFACE ( 'NONE', #2887, 1.500000000000004885 ) ;
#7921 = PLANE ( 'NONE',  #350 ) ;
#7922 = CARTESIAN_POINT ( 'NONE',  ( -46.00000000000004263, 29.99999999999999289, 32.39999999999999858 ) ) ;
#7923 = CARTESIAN_POINT ( 'NONE',  ( -33.00000000000004263, 26.99999999999999289, 0.000000000000000000 ) ) ;
#7924 = ORIENTED_EDGE ( 'NONE', *, *, #3145, .T. ) ;
#7925 = CARTESIAN_POINT ( 'NONE',  ( -60.90000000000003411, 26.99999999999999289, 56.00000000000000000 ) ) ;
#7926 = ORIENTED_EDGE ( 'NONE', *, *, #9832, .T. ) ;
#7927 = EDGE_CURVE ( 'NONE', #9604, #1514, #12721, .T. ) ;
#7928 = DIRECTION ( 'NONE',  ( -0.000000000000000000, 1.000000000000000000, -0.000000000000000000 ) ) ;
#7929 = VERTEX_POINT ( 'NONE', #2705 ) ;
#7930 = ORIENTED_EDGE ( 'NONE', *, *, #6018, .T. ) ;
#7931 = CARTESIAN_POINT ( 'NONE',  ( 35.74999999999983658, -28.00000000000000355, -10.00000000000000711 ) ) ;
#7932 = CARTESIAN_POINT ( 'NONE',  ( 31.00000000000004974, 29.99999999999999289, -5.377642775528110828E-14 ) ) ;
#7933 = PLANE ( 'NONE',  #8619 ) ;
#7934 = PLANE ( 'NONE',  #3997 ) ;
#7935 = DIRECTION ( 'NONE',  ( 0.000000000000000000, 0.000000000000000000, -1.000000000000000000 ) ) ;
#7936 = VERTEX_POINT ( 'NONE', #6618 ) ;
#7937 = CARTESIAN_POINT ( 'NONE',  ( -44.00000000000004263, 26.99999999999999289, 46.00000000000000000 ) ) ;
#7938 = FACE_OUTER_BOUND ( 'NONE', #4765, .T. ) ;
#7939 = VERTEX_POINT ( 'NONE', #11879 ) ;
#7940 = PLANE ( 'NONE',  #7543 ) ;
#7941 = VERTEX_POINT ( 'NONE', #709 ) ;
#7942 = ORIENTED_EDGE ( 'NONE', *, *, #5781, .F. ) ;
#7943 = ADVANCED_FACE ( 'NONE', ( #10671 ), #4364, .F. ) ;
#7944 = ADVANCED_FACE ( 'NONE', ( #302 ), #5614, .T. ) ;
#7945 = CARTESIAN_POINT ( 'NONE',  ( -62.90000000000005542, 26.99999999999999289, 48.00000000000000000 ) ) ;
#7946 = DIRECTION ( 'NONE',  ( -0.3162277660168376081, 0.9486832980505138790, -0.000000000000000000 ) ) ;
#7947 = CARTESIAN_POINT ( 'NONE',  ( 32.00000000000000000, 1.000000000000041744, 0.000000000000000000 ) ) ;
#7948 = VECTOR ( 'NONE', #6586, 1000.000000000000000 ) ;
#7949 = DIRECTION ( 'NONE',  ( 0.000000000000000000, 0.000000000000000000, -1.000000000000000000 ) ) ;
#7950 = FACE_OUTER_BOUND ( 'NONE', #12162, .T. ) ;
#7951 = CARTESIAN_POINT ( 'NONE',  ( 3.081487911019577365E-30, -24.00000000000000000, -40.00000000000000000 ) ) ;
#7952 = ORIENTED_EDGE ( 'NONE', *, *, #11090, .T. ) ;
#7953 = EDGE_CURVE ( 'NONE', #9737, #9829, #7682, .T. ) ;
#7954 = LINE ( 'NONE', #1645, #3779 ) ;
#7955 = EDGE_CURVE ( 'NONE', #9079, #6736, #12384, .T. ) ;
#7956 = EDGE_LOOP ( 'NONE', ( #2399, #2428, #12895, #8863 ) ) ;
#7957 = VERTEX_POINT ( 'NONE', #244 ) ;
#7958 = ADVANCED_FACE ( 'NONE', ( #10738 ), #4300, .F. ) ;
#7959 = VECTOR ( 'NONE', #8779, 1000.000000000000000 ) ;
#7960 = VERTEX_POINT ( 'NONE', #1762 ) ;
#7961 = EDGE_CURVE ( 'NONE', #10585, #12172, #10721, .T. ) ;
#7962 = EDGE_CURVE ( 'NONE', #12390, #1355, #13115, .T. ) ;
#7963 = LINE ( 'NONE', #8352, #337 ) ;
#7964 = AXIS2_PLACEMENT_3D ( 'NONE', #11376, #1338, #3212 ) ;
#7965 = CARTESIAN_POINT ( 'NONE',  ( -7.500000000000000000, -19.99999999999999645, -36.75000000000000000 ) ) ;
#7966 = VECTOR ( 'NONE', #9563, 1000.000000000000000 ) ;
#7967 = EDGE_CURVE ( 'NONE', #10320, #10434, #2876, .T. ) ;
#7968 = DIRECTION ( 'NONE',  ( 0.000000000000000000, 0.000000000000000000, 1.000000000000000000 ) ) ;
#7969 = FACE_OUTER_BOUND ( 'NONE', #6991, .T. ) ;
#7970 = FACE_OUTER_BOUND ( 'NONE', #274, .T. ) ;
#7971 = CARTESIAN_POINT ( 'NONE',  ( 44.00000000000004263, 26.99999999999999289, 44.59999999999999432 ) ) ;
#7972 = VERTEX_POINT ( 'NONE', #11076 ) ;
#7973 = ORIENTED_EDGE ( 'NONE', *, *, #2191, .T. ) ;
#7974 = ORIENTED_EDGE ( 'NONE', *, *, #4734, .T. ) ;
#7975 = VECTOR ( 'NONE', #2547, 1000.000000000000000 ) ;
#7976 = VECTOR ( 'NONE', #11566, 1000.000000000000000 ) ;
#7977 = VECTOR ( 'NONE', #11529, 1000.000000000000000 ) ;
#7978 = ORIENTED_EDGE ( 'NONE', *, *, #9092, .F. ) ;
#7979 = VERTEX_POINT ( 'NONE', #4959 ) ;
#7980 = DIRECTION ( 'NONE',  ( -0.000000000000000000, 1.000000000000000000, -0.000000000000000000 ) ) ;
#7981 = CARTESIAN_POINT ( 'NONE',  ( 22.00000000000003197, 14.24999999999999822, 1.000000000000003331 ) ) ;
#7982 = DIRECTION ( 'NONE',  ( -1.000000000000000000, 0.000000000000000000, 0.000000000000000000 ) ) ;
#7983 = VECTOR ( 'NONE', #5291, 1000.000000000000000 ) ;
#7984 =( BOUNDED_CURVE ( )  B_SPLINE_CURVE ( 3, ( #10214, #8153, #6100, #1104 ),
 .UNSPECIFIED., .F., .F. ) 
 B_SPLINE_CURVE_WITH_KNOTS ( ( 4, 4 ),
 ( 2.023612921539819531, 2.451752308349441023 ),
 .UNSPECIFIED. ) 
 CURVE ( )  GEOMETRIC_REPRESENTATION_ITEM ( )  RATIONAL_B_SPLINE_CURVE ( ( 1.000000000000000000, 0.9847829666172145391, 0.9847829666172145391, 1.000000000000000000 ) ) 
 REPRESENTATION_ITEM ( '' )  );
#7985 = VECTOR ( 'NONE', #2529, 1000.000000000000000 ) ;
#7986 = EDGE_CURVE ( 'NONE', #3402, #12266, #9869, .T. ) ;
#7987 = LINE ( 'NONE', #1946, #9953 ) ;
#7988 = FACE_OUTER_BOUND ( 'NONE', #1450, .T. ) ;
#7989 = AXIS2_PLACEMENT_3D ( 'NONE', #6196, #10243, #1201 ) ;
#7990 = VERTEX_POINT ( 'NONE', #5017 ) ;
#7991 = PLANE ( 'NONE',  #8015 ) ;
#7992 = EDGE_CURVE ( 'NONE', #3995, #2444, #2655, .T. ) ;
#7993 = VECTOR ( 'NONE', #5495, 999.9999999999998863 ) ;
#7994 = VECTOR ( 'NONE', #2242, 1000.000000000000000 ) ;
#7995 = VECTOR ( 'NONE', #11717, 1000.000000000000000 ) ;
#7996 = AXIS2_PLACEMENT_3D ( 'NONE', #6110, #9156, #2434 ) ;
#7997 = CARTESIAN_POINT ( 'NONE',  ( -90.00000000000005684, -30.00000000000000711, -40.00000000000000000 ) ) ;
#7998 = VERTEX_POINT ( 'NONE', #8883 ) ;
#7999 = ORIENTED_EDGE ( 'NONE', *, *, #496, .T. ) ;
#8000 = VECTOR ( 'NONE', #6443, 1000.000000000000000 ) ;
#8001 = CARTESIAN_POINT ( 'NONE',  ( -34.00000000000002842, 29.99999999999999289, 0.000000000000000000 ) ) ;
#8002 = CARTESIAN_POINT ( 'NONE',  ( 0.000000000000000000, 26.99999999999999289, 8.000000000000007105 ) ) ;
#8003 = CIRCLE ( 'NONE', #986, 0.5000000000000004441 ) ;
#8004 = ADVANCED_FACE ( 'NONE', ( #12059 ), #4834, .F. ) ;
#8005 = CARTESIAN_POINT ( 'NONE',  ( 62.90000000000005542, 29.99999999999999289, 48.00000000000000000 ) ) ;
#8006 = VECTOR ( 'NONE', #1138, 1000.000000000000000 ) ;
#8007 = EDGE_CURVE ( 'NONE', #10472, #1212, #954, .T. ) ;
#8008 =( GEOMETRIC_REPRESENTATION_CONTEXT ( 3 ) GLOBAL_UNCERTAINTY_ASSIGNED_CONTEXT ( ( #2995 ) ) GLOBAL_UNIT_ASSIGNED_CONTEXT ( ( #10, #936, #12287 ) ) REPRESENTATION_CONTEXT ( 'NONE', 'WORKASPACE' ) );
#8009 = LINE ( 'NONE', #765, #6278 ) ;
#8010 = ORIENTED_EDGE ( 'NONE', *, *, #6669, .F. ) ;
#8011 = DIRECTION ( 'NONE',  ( -1.000000000000000000, 0.000000000000000000, 1.469412826709783272E-14 ) ) ;
#8012 = ORIENTED_EDGE ( 'NONE', *, *, #3404, .T. ) ;
#8013 = AXIS2_PLACEMENT_3D ( 'NONE', #6841, #1781, #8907 ) ;
#8014 = EDGE_CURVE ( 'NONE', #12147, #2856, #2021, .T. ) ;
#8015 = AXIS2_PLACEMENT_3D ( 'NONE', #11973, #7866, #12043 ) ;
#8016 = DIRECTION ( 'NONE',  ( 0.000000000000000000, 1.000000000000000000, -0.000000000000000000 ) ) ;
#8017 = VERTEX_POINT ( 'NONE', #1963 ) ;
#8018 = CARTESIAN_POINT ( 'NONE',  ( 23.75000000000000000, 19.99999999999998934, 56.15000000000000568 ) ) ;
#8019 = AXIS2_PLACEMENT_3D ( 'NONE', #2182, #6800, #10854 ) ;
#8020 = VECTOR ( 'NONE', #1640, 1000.000000000000000 ) ;
#8021 = EDGE_LOOP ( 'NONE', ( #2895, #8068, #12955 ) ) ;
#8022 = ORIENTED_EDGE ( 'NONE', *, *, #866, .T. ) ;
#8023 = CARTESIAN_POINT ( 'NONE',  ( -30.00000000000003197, 14.24999999999999822, 1.000000000000009104 ) ) ;
#8024 = VECTOR ( 'NONE', #5514, 1000.000000000000000 ) ;
#8025 = CARTESIAN_POINT ( 'NONE',  ( 18.75000000000000355, 46.53999999999999204, 10.00000000000000000 ) ) ;
#8026 = CARTESIAN_POINT ( 'NONE',  ( 0.000000000000000000, 26.99999999999999289, 42.59999999999999432 ) ) ;
#8027 = AXIS2_PLACEMENT_3D ( 'NONE', #11065, #1750, #13029 ) ;
#8028 = LINE ( 'NONE', #3036, #2287 ) ;
#8029 = CARTESIAN_POINT ( 'NONE',  ( 23.74999999999982592, -4.999999999999913847, 35.00000000000000000 ) ) ;
#8030 = EDGE_CURVE ( 'NONE', #11374, #7939, #3884, .T. ) ;
#8031 = LINE ( 'NONE', #3038, #4795 ) ;
#8032 = ORIENTED_EDGE ( 'NONE', *, *, #1303, .F. ) ;
#8033 = VECTOR ( 'NONE', #7212, 1000.000000000000000 ) ;
#8034 = DIRECTION ( 'NONE',  ( -1.000000000000000000, 0.000000000000000000, -0.000000000000000000 ) ) ;
#8035 = DIRECTION ( 'NONE',  ( -0.000000000000000000, 1.000000000000000000, -0.000000000000000000 ) ) ;
#8036 = ADVANCED_FACE ( 'NONE', ( #11932, #2837 ), #3026, .T. ) ;
#8037 = ORIENTED_EDGE ( 'NONE', *, *, #3283, .F. ) ;
#8038 = VECTOR ( 'NONE', #11213, 1000.000000000000000 ) ;
#8039 = ORIENTED_EDGE ( 'NONE', *, *, #5526, .F. ) ;
#8040 = VECTOR ( 'NONE', #4921, 1000.000000000000000 ) ;
#8041 = VERTEX_POINT ( 'NONE', #6877 ) ;
#8042 = DIRECTION ( 'NONE',  ( 0.000000000000000000, -1.000000000000000000, 0.000000000000000000 ) ) ;
#8043 = ADVANCED_FACE ( 'NONE', ( #1907 ), #9000, .F. ) ;
#8044 = CARTESIAN_POINT ( 'NONE',  ( 62.90000000000004121, 29.99999999999999289, 58.00000000000000000 ) ) ;
#8045 = FACE_OUTER_BOUND ( 'NONE', #8225, .T. ) ;
#8046 = VECTOR ( 'NONE', #5000, 1000.000000000000000 ) ;
#8047 = LINE ( 'NONE', #7164, #4335 ) ;
#8048 = CARTESIAN_POINT ( 'NONE',  ( 0.000000000000000000, 26.99999999999999289, 32.39999999999999858 ) ) ;
#8049 = AXIS2_PLACEMENT_3D ( 'NONE', #12184, #6362, #5225 ) ;
#8050 = EDGE_CURVE ( 'NONE', #11051, #3711, #13040, .T. ) ;
#8051 = ADVANCED_FACE ( 'NONE', ( #8080 ), #7016, .T. ) ;
#8052 = FACE_BOUND ( 'NONE', #9189, .T. ) ;
#8053 = VERTEX_POINT ( 'NONE', #10649 ) ;
#8054 = ORIENTED_EDGE ( 'NONE', *, *, #587, .T. ) ;
#8055 = ADVANCED_FACE ( 'NONE', ( #4802 ), #4603, .T. ) ;
#8056 = VERTEX_POINT ( 'NONE', #2607 ) ;
#8057 = ORIENTED_EDGE ( 'NONE', *, *, #1170, .T. ) ;
#8058 = VERTEX_POINT ( 'NONE', #11714 ) ;
#8059 = LINE ( 'NONE', #8115, #6493 ) ;
#8060 = CARTESIAN_POINT ( 'NONE',  ( -44.00000000000004263, 26.99999999999999289, 20.19999999999999574 ) ) ;
#8061 = VECTOR ( 'NONE', #12446, 1000.000000000000000 ) ;
#8062 = LINE ( 'NONE', #12100, #5861 ) ;
#8063 = EDGE_CURVE ( 'NONE', #12007, #867, #5743, .T. ) ;
#8064 = CARTESIAN_POINT ( 'NONE',  ( 23.74999999999982947, -15.00000000000001066, 60.00000000000000711 ) ) ;
#8065 = FACE_OUTER_BOUND ( 'NONE', #11886, .T. ) ;
#8066 = PLANE ( 'NONE',  #4438 ) ;
#8067 = DIRECTION ( 'NONE',  ( -0.000000000000000000, 0.000000000000000000, -1.000000000000000000 ) ) ;
#8068 = ORIENTED_EDGE ( 'NONE', *, *, #8474, .F. ) ;
#8069 = CARTESIAN_POINT ( 'NONE',  ( -86.00000000000004263, 25.99999999999999289, -40.00000000000000000 ) ) ;
#8070 = EDGE_CURVE ( 'NONE', #8872, #11508, #8651, .T. ) ;
#8071 = DIRECTION ( 'NONE',  ( 1.000000000000000000, -0.000000000000000000, 0.000000000000000000 ) ) ;
#8072 = EDGE_CURVE ( 'NONE', #8743, #5878, #6598, .T. ) ;
#8073 = VERTEX_POINT ( 'NONE', #474 ) ;
#8074 = ORIENTED_EDGE ( 'NONE', *, *, #7671, .T. ) ;
#8075 = ORIENTED_EDGE ( 'NONE', *, *, #10083, .T. ) ;
#8076 = CARTESIAN_POINT ( 'NONE',  ( -30.00000000000003553, 26.99999999999999289, 1.000000000000009104 ) ) ;
#8077 = FACE_OUTER_BOUND ( 'NONE', #498, .T. ) ;
#8078 = CARTESIAN_POINT ( 'NONE',  ( 20.00000000000002842, 19.99999999999999289, 0.000000000000000000 ) ) ;
#8079 = VERTEX_POINT ( 'NONE', #10791 ) ;
#8080 = FACE_OUTER_BOUND ( 'NONE', #5860, .T. ) ;
#8081 = LINE ( 'NONE', #9252, #13119 ) ;
#8082 = VERTEX_POINT ( 'NONE', #1803 ) ;
#8083 = FACE_OUTER_BOUND ( 'NONE', #5016, .T. ) ;
#8084 = EDGE_LOOP ( 'NONE', ( #1065, #3829 ) ) ;
#8085 = LINE ( 'NONE', #960, #11579 ) ;
#8086 = EDGE_CURVE ( 'NONE', #12081, #9844, #12387, .T. ) ;
#8087 = ORIENTED_EDGE ( 'NONE', *, *, #8515, .T. ) ;
#8088 = VERTEX_POINT ( 'NONE', #1743 ) ;
#8089 = CARTESIAN_POINT ( 'NONE',  ( -49.40000000000004121, 29.99999999999999289, 0.000000000000000000 ) ) ;
#8090 = EDGE_CURVE ( 'NONE', #11106, #7300, #535, .T. ) ;
#8091 = DIRECTION ( 'NONE',  ( 0.000000000000000000, 0.000000000000000000, 1.000000000000000000 ) ) ;
#8092 = LINE ( 'NONE', #4914, #11193 ) ;
#8093 = CARTESIAN_POINT ( 'NONE',  ( 28.74999999999982947, 10.50000000000008527, 19.50000000000000355 ) ) ;
#8094 = DIRECTION ( 'NONE',  ( 0.000000000000000000, 0.000000000000000000, 1.000000000000000000 ) ) ;
#8095 = EDGE_LOOP ( 'NONE', ( #8475, #6830, #7236, #12750 ) ) ;
#8096 = DIRECTION ( 'NONE',  ( 1.000000000000000000, 0.000000000000000000, -0.000000000000000000 ) ) ;
#8097 = ORIENTED_EDGE ( 'NONE', *, *, #109, .F. ) ;
#8098 = VERTEX_POINT ( 'NONE', #6803 ) ;
#8099 = EDGE_LOOP ( 'NONE', ( #8732, #9962, #594, #12431 ) ) ;
#8100 = CARTESIAN_POINT ( 'NONE',  ( -18.75000000000000355, 38.26999999999998892, 51.00000000000000000 ) ) ;
#8101 = CARTESIAN_POINT ( 'NONE',  ( 30.00000000000002842, 19.99999999999999289, -40.00000000000000000 ) ) ;
#8102 = DIRECTION ( 'NONE',  ( 0.000000000000000000, -0.9063988584858202469, 0.4224229034221534951 ) ) ;
#8103 = DIRECTION ( 'NONE',  ( 0.000000000000000000, 0.000000000000000000, 1.000000000000000000 ) ) ;
#8104 = LINE ( 'NONE', #4101, #7295 ) ;
#8105 = CARTESIAN_POINT ( 'NONE',  ( 0.000000000000000000, 29.99999999999999289, 45.99999999999999289 ) ) ;
#8106 = PLANE ( 'NONE',  #4190 ) ;
#8107 = PLANE ( 'NONE',  #7389 ) ;
#8108 = DIRECTION ( 'NONE',  ( 1.000000000000000000, 0.000000000000000000, 1.387778780781445676E-16 ) ) ;
#8109 = ORIENTED_EDGE ( 'NONE', *, *, #10920, .F. ) ;
#8110 = ORIENTED_EDGE ( 'NONE', *, *, #11119, .F. ) ;
#8111 = ORIENTED_EDGE ( 'NONE', *, *, #5555, .F. ) ;
#8112 = ORIENTED_EDGE ( 'NONE', *, *, #3431, .T. ) ;
#8113 = ORIENTED_EDGE ( 'NONE', *, *, #7641, .F. ) ;
#8114 = EDGE_LOOP ( 'NONE', ( #6966, #3062, #6351, #5200 ) ) ;
#8115 = CARTESIAN_POINT ( 'NONE',  ( 33.28076952479507611, -28.00000000000000355, -8.108974603996028208 ) ) ;
#8116 = CARTESIAN_POINT ( 'NONE',  ( 47.40000000000004121, 26.99999999999999289, 58.00000000000000000 ) ) ;
#8117 = ADVANCED_FACE ( 'NONE', ( #12617 ), #10858, .T. ) ;
#8118 = EDGE_CURVE ( 'NONE', #6485, #6793, #1591, .T. ) ;
#8119 = CARTESIAN_POINT ( 'NONE',  ( -86.00000000000004263, 25.99999999999999289, 56.00000000000000711 ) ) ;
#8120 = EDGE_CURVE ( 'NONE', #9752, #528, #3533, .T. ) ;
#8121 = LINE ( 'NONE', #1010, #9867 ) ;
#8122 = CARTESIAN_POINT ( 'NONE',  ( 34.00000000000002842, 26.99999999999999289, 30.39999999999999858 ) ) ;
#8123 = EDGE_CURVE ( 'NONE', #7657, #10585, #9722, .T. ) ;
#8124 = CYLINDRICAL_SURFACE ( 'NONE', #9298, 2.000000000000001776 ) ;
#8125 = ADVANCED_FACE ( 'NONE', ( #7588 ), #5591, .F. ) ;
#8126 = ADVANCED_FACE ( 'NONE', ( #11856 ), #9786, .F. ) ;
#8127 = DIRECTION ( 'NONE',  ( 0.1564101584015872848, 0.000000000000000000, -0.9876921900819052302 ) ) ;
#8128 = ORIENTED_EDGE ( 'NONE', *, *, #10719, .T. ) ;
#8129 = ORIENTED_EDGE ( 'NONE', *, *, #9993, .F. ) ;
#8130 = ORIENTED_EDGE ( 'NONE', *, *, #12096, .T. ) ;
#8131 = EDGE_CURVE ( 'NONE', #7217, #428, #11773, .T. ) ;
#8132 = CARTESIAN_POINT ( 'NONE',  ( -29.99999999999997158, -0.9999999999999995559, 0.000000000000000000 ) ) ;
#8133 = DIRECTION ( 'NONE',  ( 1.000000000000000000, -0.000000000000000000, 0.000000000000000000 ) ) ;
#8134 = DIRECTION ( 'NONE',  ( 0.000000000000000000, 0.000000000000000000, -1.000000000000000000 ) ) ;
#8135 = DIRECTION ( 'NONE',  ( -1.000000000000000000, 0.000000000000000000, 0.000000000000000000 ) ) ;
#8136 = DIRECTION ( 'NONE',  ( 0.000000000000000000, 0.000000000000000000, 1.000000000000000000 ) ) ;
#8137 = ORIENTED_EDGE ( 'NONE', *, *, #5375, .F. ) ;
#8138 = PLANE ( 'NONE',  #12461 ) ;
#8139 = ORIENTED_EDGE ( 'NONE', *, *, #7538, .F. ) ;
#8140 = CARTESIAN_POINT ( 'NONE',  ( -18.75000000000000355, 19.99999999999998934, 60.00000000000000711 ) ) ;
#8141 = EDGE_CURVE ( 'NONE', #4546, #4356, #2821, .T. ) ;
#8142 = VERTEX_POINT ( 'NONE', #5804 ) ;
#8143 = DIRECTION ( 'NONE',  ( -1.000000000000000000, 0.000000000000000000, -6.195440985631457782E-17 ) ) ;
#8144 = VERTEX_POINT ( 'NONE', #10917 ) ;
#8145 = ORIENTED_EDGE ( 'NONE', *, *, #2869, .T. ) ;
#8146 = CARTESIAN_POINT ( 'NONE',  ( 0.000000000000000000, 26.99999999999999289, 32.39999999999999858 ) ) ;
#8147 = EDGE_CURVE ( 'NONE', #8809, #1913, #8811, .T. ) ;
#8148 = CARTESIAN_POINT ( 'NONE',  ( 28.74999999999982947, 3.000000000000092815, 60.00000000000000711 ) ) ;
#8149 = CARTESIAN_POINT ( 'NONE',  ( -30.00000000000003553, 26.99999999999999289, 0.000000000000000000 ) ) ;
#8150 = CARTESIAN_POINT ( 'NONE',  ( 17.99999999999981171, 19.99999999999999289, -39.25000000000026290 ) ) ;
#8151 = DIRECTION ( 'NONE',  ( 0.000000000000000000, 0.000000000000000000, -1.000000000000000000 ) ) ;
#8152 = ORIENTED_EDGE ( 'NONE', *, *, #10047, .T. ) ;
#8153 = CARTESIAN_POINT ( 'NONE',  ( -18.92242699537894168, -29.48271901386317850, 25.94954288106997353 ) ) ;
#8154 = EDGE_CURVE ( 'NONE', #2482, #6400, #2946, .T. ) ;
#8155 = ORIENTED_EDGE ( 'NONE', *, *, #5321, .T. ) ;
#8156 = ORIENTED_EDGE ( 'NONE', *, *, #10276, .F. ) ;
#8157 = ORIENTED_EDGE ( 'NONE', *, *, #13111, .T. ) ;
#8158 = CARTESIAN_POINT ( 'NONE',  ( -14.29999999999999005, -45.50000000000000711, 51.00000000000000000 ) ) ;
#8159 = CARTESIAN_POINT ( 'NONE',  ( 46.00000000000004263, 29.99999999999999289, 46.00000000000000000 ) ) ;
#8160 = DIRECTION ( 'NONE',  ( 0.000000000000000000, 1.000000000000000000, 0.000000000000000000 ) ) ;
#8161 = CARTESIAN_POINT ( 'NONE',  ( 68.37499999999990052, -30.00000000000000711, -17.00000000000000000 ) ) ;
#8162 = CARTESIAN_POINT ( 'NONE',  ( 47.40000000000004832, 26.99999999999999289, 0.000000000000000000 ) ) ;
#8163 = EDGE_CURVE ( 'NONE', #4988, #7290, #5994, .T. ) ;
#8164 = LINE ( 'NONE', #5244, #10551 ) ;
#8165 = CARTESIAN_POINT ( 'NONE',  ( 0.000000000000000000, 26.99999999999999289, 56.00000000000000000 ) ) ;
#8166 = CARTESIAN_POINT ( 'NONE',  ( 36.00000000000003553, 29.99999999999999289, 32.39999999999999858 ) ) ;
#8167 = FACE_OUTER_BOUND ( 'NONE', #1739, .T. ) ;
#8168 = ORIENTED_EDGE ( 'NONE', *, *, #8887, .T. ) ;
#8169 = ORIENTED_EDGE ( 'NONE', *, *, #4334, .T. ) ;
#8170 = VERTEX_POINT ( 'NONE', #823 ) ;
#8171 = EDGE_CURVE ( 'NONE', #6485, #7454, #5870, .T. ) ;
#8172 = VERTEX_POINT ( 'NONE', #1883 ) ;
#8173 = ORIENTED_EDGE ( 'NONE', *, *, #10895, .T. ) ;
#8174 = CARTESIAN_POINT ( 'NONE',  ( 9.499999999999840128, 23.24999999999999289, -36.75000000000013500 ) ) ;
#8175 = DIRECTION ( 'NONE',  ( -0.000000000000000000, -1.000000000000000000, -0.000000000000000000 ) ) ;
#8176 = AXIS2_PLACEMENT_3D ( 'NONE', #11230, #6178, #10224 ) ;
#8177 = DIRECTION ( 'NONE',  ( -0.000000000000000000, -1.000000000000000000, -0.000000000000000000 ) ) ;
#8178 = CARTESIAN_POINT ( 'NONE',  ( 0.000000000000000000, -5.000000000000004441, 0.000000000000000000 ) ) ;
#8179 = CARTESIAN_POINT ( 'NONE',  ( 0.000000000000000000, 25.99999999999999289, 56.00000000000000711 ) ) ;
#8180 = FACE_OUTER_BOUND ( 'NONE', #8558, .T. ) ;
#8181 = VECTOR ( 'NONE', #1592, 1000.000000000000000 ) ;
#8182 = LINE ( 'NONE', #3068, #7817 ) ;
#8183 = AXIS2_PLACEMENT_3D ( 'NONE', #11097, #2860, #9024 ) ;
#8184 = EDGE_CURVE ( 'NONE', #7030, #9633, #4886, .T. ) ;
#8185 = VERTEX_POINT ( 'NONE', #9115 ) ;
#8186 = VERTEX_POINT ( 'NONE', #7 ) ;
#8187 = AXIS2_PLACEMENT_3D ( 'NONE', #574, #4840, #12652 ) ;
#8188 = VERTEX_POINT ( 'NONE', #7919 ) ;
#8189 = VECTOR ( 'NONE', #10182, 1000.000000000000000 ) ;
#8190 = AXIS2_PLACEMENT_3D ( 'NONE', #6163, #5498, #644 ) ;
#8191 = CARTESIAN_POINT ( 'NONE',  ( 7.500000000000015099, -24.00000000000001776, -36.75000000000000000 ) ) ;
#8192 = CARTESIAN_POINT ( 'NONE',  ( 18.75000000000000355, 37.53999999999999204, 47.00000000000000000 ) ) ;
#8193 = DIRECTION ( 'NONE',  ( -0.000000000000000000, 1.000000000000000000, -0.000000000000000000 ) ) ;
#8194 = CARTESIAN_POINT ( 'NONE',  ( -38.00000000000003553, 29.99999999999999289, 56.00000000000000000 ) ) ;
#8195 = EDGE_LOOP ( 'NONE', ( #7246, #210, #6986, #3139 ) ) ;
#8196 = VECTOR ( 'NONE', #1826, 1000.000000000000000 ) ;
#8197 = DIRECTION ( 'NONE',  ( 0.000000000000000000, 0.000000000000000000, 1.000000000000000000 ) ) ;
#8198 = VECTOR ( 'NONE', #9213, 1000.000000000000000 ) ;
#8199 = AXIS2_PLACEMENT_3D ( 'NONE', #3818, #7867, #1139 ) ;
#8200 = CARTESIAN_POINT ( 'NONE',  ( -58.25000000000019185, -4.999999999999913847, 35.00000000000000000 ) ) ;
#8201 = VECTOR ( 'NONE', #186, 1000.000000000000000 ) ;
#8202 = ADVANCED_FACE ( 'NONE', ( #4941 ), #934, .F. ) ;
#8203 = EDGE_CURVE ( 'NONE', #7151, #5802, #3064, .T. ) ;
#8204 = ORIENTED_EDGE ( 'NONE', *, *, #3257, .F. ) ;
#8205 = EDGE_CURVE ( 'NONE', #12844, #5907, #4059, .T. ) ;
#8206 = CARTESIAN_POINT ( 'NONE',  ( -22.00000000000003197, 14.24999999999999822, 1.000000000000008660 ) ) ;
#8207 = VECTOR ( 'NONE', #5143, 1000.000000000000000 ) ;
#8208 = VERTEX_POINT ( 'NONE', #3866 ) ;
#8209 = DIRECTION ( 'NONE',  ( 0.000000000000000000, 1.000000000000000000, -0.000000000000000000 ) ) ;
#8210 = EDGE_LOOP ( 'NONE', ( #9399, #6719 ) ) ;
#8211 = ORIENTED_EDGE ( 'NONE', *, *, #2358, .F. ) ;
#8212 = AXIS2_PLACEMENT_3D ( 'NONE', #3612, #11779, #9583 ) ;
#8213 = CARTESIAN_POINT ( 'NONE',  ( -9.500000000000000000, 23.24999999999999289, -36.75000000000000000 ) ) ;
#8214 = VECTOR ( 'NONE', #7871, 1000.000000000000000 ) ;
#8215 = AXIS2_PLACEMENT_3D ( 'NONE', #3705, #12401, #5386 ) ;
#8216 = CARTESIAN_POINT ( 'NONE',  ( -4.336808689942059151E-16, 29.99999999999999289, 3.000000000000010658 ) ) ;
#8217 = FACE_OUTER_BOUND ( 'NONE', #3564, .T. ) ;
#8218 = DIRECTION ( 'NONE',  ( -0.000000000000000000, 1.000000000000000000, -0.000000000000000000 ) ) ;
#8219 = CIRCLE ( 'NONE', #9706, 4.000000000000003553 ) ;
#8220 = LINE ( 'NONE', #7333, #9237 ) ;
#8221 = VECTOR ( 'NONE', #3854, 1000.000000000000000 ) ;
#8222 = EDGE_LOOP ( 'NONE', ( #10786, #4372, #10615, #10074 ) ) ;
#8223 = LINE ( 'NONE', #3106, #8461 ) ;
#8224 = AXIS2_PLACEMENT_3D ( 'NONE', #9814, #779, #2719 ) ;
#8225 = EDGE_LOOP ( 'NONE', ( #9441, #6702, #12186 ) ) ;
#8226 = CIRCLE ( 'NONE', #8867, 2.599999999999989431 ) ;
#8227 = ORIENTED_EDGE ( 'NONE', *, *, #6367, .F. ) ;
#8228 = ORIENTED_EDGE ( 'NONE', *, *, #9484, .T. ) ;
#8229 = AXIS2_PLACEMENT_3D ( 'NONE', #2321, #12462, #2437 ) ;
#8230 = AXIS2_PLACEMENT_3D ( 'NONE', #5345, #3164, #2356 ) ;
#8231 = DIRECTION ( 'NONE',  ( 0.000000000000000000, -0.000000000000000000, -1.000000000000000000 ) ) ;
#8232 = DIRECTION ( 'NONE',  ( 1.000000000000000000, 4.336808689942013792E-16, -0.000000000000000000 ) ) ;
#8233 = LINE ( 'NONE', #7691, #11809 ) ;
#8234 = VECTOR ( 'NONE', #11524, 1000.000000000000000 ) ;
#8235 = ADVANCED_FACE ( 'NONE', ( #6050 ), #9982, .T. ) ;
#8236 = DIRECTION ( 'NONE',  ( -1.000000000000000000, -0.000000000000000000, -1.387778780781445676E-16 ) ) ;
#8237 = VECTOR ( 'NONE', #7080, 1000.000000000000000 ) ;
#8238 = FACE_OUTER_BOUND ( 'NONE', #637, .T. ) ;
#8239 = CIRCLE ( 'NONE', #6971, 3.999999999999996447 ) ;
#8240 = DIRECTION ( 'NONE',  ( 0.000000000000000000, 0.000000000000000000, -1.000000000000000000 ) ) ;
#8241 = VECTOR ( 'NONE', #6137, 1000.000000000000000 ) ;
#8242 = LINE ( 'NONE', #8165, #3556 ) ;
#8243 = CARTESIAN_POINT ( 'NONE',  ( -18.75000000000000355, 38.26999999999998892, 54.99999999999999289 ) ) ;
#8244 = CARTESIAN_POINT ( 'NONE',  ( 89.99999999999994316, 23.99999999999998579, 56.00000000000000711 ) ) ;
#8245 = ORIENTED_EDGE ( 'NONE', *, *, #8205, .F. ) ;
#8246 = ORIENTED_EDGE ( 'NONE', *, *, #6697, .T. ) ;
#8247 = ORIENTED_EDGE ( 'NONE', *, *, #9991, .F. ) ;
#8248 = AXIS2_PLACEMENT_3D ( 'NONE', #5246, #247, #2383 ) ;
#8249 = ORIENTED_EDGE ( 'NONE', *, *, #12307, .F. ) ;
#8250 = VECTOR ( 'NONE', #895, 1000.000000000000000 ) ;
#8251 = CARTESIAN_POINT ( 'NONE',  ( 18.75000000000000355, 46.53999999999999204, 60.00000000000000711 ) ) ;
#8252 = DIRECTION ( 'NONE',  ( 0.000000000000000000, 0.000000000000000000, 1.000000000000000000 ) ) ;
#8253 = VECTOR ( 'NONE', #248, 1000.000000000000000 ) ;
#8254 = EDGE_CURVE ( 'NONE', #12294, #12090, #12034, .T. ) ;
#8255 = DIRECTION ( 'NONE',  ( -1.416100796715761356E-16, 0.000000000000000000, 1.000000000000000000 ) ) ;
#8256 = EDGE_CURVE ( 'NONE', #1094, #414, #10100, .T. ) ;
#8257 = AXIS2_PLACEMENT_3D ( 'NONE', #12373, #7338, #11408 ) ;
#8258 = DIRECTION ( 'NONE',  ( 0.000000000000000000, 1.000000000000000000, 0.000000000000000000 ) ) ;
#8259 = CARTESIAN_POINT ( 'NONE',  ( 36.00000000000003553, 29.99999999999999289, 44.60000000000000142 ) ) ;
#8260 = CARTESIAN_POINT ( 'NONE',  ( -36.00000000000003553, 29.99999999999999289, 44.60000000000000142 ) ) ;
#8261 = ORIENTED_EDGE ( 'NONE', *, *, #12051, .F. ) ;
#8262 = AXIS2_PLACEMENT_3D ( 'NONE', #8200, #6081, #3278 ) ;
#8263 = EDGE_CURVE ( 'NONE', #11937, #56, #11167, .T. ) ;
#8264 = ORIENTED_EDGE ( 'NONE', *, *, #1335, .F. ) ;
#8265 = ORIENTED_EDGE ( 'NONE', *, *, #10081, .F. ) ;
#8266 = CARTESIAN_POINT ( 'NONE',  ( 23.74999999999999289, 10.50000000000008527, 50.50000000000000000 ) ) ;
#8267 = DIRECTION ( 'NONE',  ( -0.000000000000000000, -1.000000000000000000, -0.000000000000000000 ) ) ;
#8268 = CARTESIAN_POINT ( 'NONE',  ( -20.08333333333333570, -26.00000000000001066, 10.00000000000000000 ) ) ;
#8269 = EDGE_CURVE ( 'NONE', #4910, #10096, #2078, .T. ) ;
#8270 = FACE_OUTER_BOUND ( 'NONE', #7900, .T. ) ;
#8271 = CARTESIAN_POINT ( 'NONE',  ( 35.74999999999983658, -10.00000000000000533, -23.99999999999999645 ) ) ;
#8272 = ORIENTED_EDGE ( 'NONE', *, *, #96, .F. ) ;
#8273 = PLANE ( 'NONE',  #12675 ) ;
#8274 = CYLINDRICAL_SURFACE ( 'NONE', #5093, 1.500000000000001332 ) ;
#8275 = EDGE_CURVE ( 'NONE', #3745, #9385, #2875, .T. ) ;
#8276 = VERTEX_POINT ( 'NONE', #8060 ) ;
#8277 = CARTESIAN_POINT ( 'NONE',  ( -44.00000000000003553, 26.99999999999999289, -2.999999999999986233 ) ) ;
#8278 = ORIENTED_EDGE ( 'NONE', *, *, #8, .F. ) ;
#8279 = EDGE_LOOP ( 'NONE', ( #3171, #5651, #8278, #10135 ) ) ;
#8280 = LINE ( 'NONE', #12365, #9290 ) ;
#8281 = LINE ( 'NONE', #8216, #6740 ) ;
#8282 = DIRECTION ( 'NONE',  ( 0.000000000000000000, 0.000000000000000000, 1.000000000000000000 ) ) ;
#8283 = EDGE_CURVE ( 'NONE', #4991, #5110, #9171, .T. ) ;
#8284 = EDGE_CURVE ( 'NONE', #3933, #6434, #11994, .T. ) ;
#8285 = CARTESIAN_POINT ( 'NONE',  ( 30.00000000000002842, -20.00000000000000000, -22.50000000000000711 ) ) ;
#8286 = EDGE_CURVE ( 'NONE', #2139, #9279, #3141, .T. ) ;
#8287 = LINE ( 'NONE', #6284, #12852 ) ;
#8288 = ORIENTED_EDGE ( 'NONE', *, *, #6170, .F. ) ;
#8289 = DIRECTION ( 'NONE',  ( -0.000000000000000000, 1.000000000000000000, -0.000000000000000000 ) ) ;
#8290 = ORIENTED_EDGE ( 'NONE', *, *, #3008, .F. ) ;
#8291 = ORIENTED_EDGE ( 'NONE', *, *, #11777, .T. ) ;
#8292 = LINE ( 'NONE', #8490, #9242 ) ;
#8293 = VERTEX_POINT ( 'NONE', #12099 ) ;
#8294 = EDGE_CURVE ( 'NONE', #7625, #11769, #12209, .T. ) ;
#8295 = ADVANCED_FACE ( 'NONE', ( #6440 ), #10294, .T. ) ;
#8296 = DIRECTION ( 'NONE',  ( -0.000000000000000000, -1.000000000000000000, 0.000000000000000000 ) ) ;
#8297 = DIRECTION ( 'NONE',  ( 0.000000000000000000, -3.469446951953616161E-15, -1.000000000000000000 ) ) ;
#8298 = CARTESIAN_POINT ( 'NONE',  ( -47.40000000000004832, 26.99999999999999289, 45.99999999999999289 ) ) ;
#8299 = CARTESIAN_POINT ( 'NONE',  ( 0.000000000000000000, -28.00000000000000355, 0.000000000000000000 ) ) ;
#8300 = EDGE_CURVE ( 'NONE', #8185, #236, #2146, .T. ) ;
#8301 = CARTESIAN_POINT ( 'NONE',  ( 72.00000000000002842, 29.99999999999999289, 50.00000000000000000 ) ) ;
#8302 = ORIENTED_EDGE ( 'NONE', *, *, #6350, .T. ) ;
#8303 = CARTESIAN_POINT ( 'NONE',  ( -90.00000000000005684, -30.00000000000000711, -40.00000000000000000 ) ) ;
#8304 = DIRECTION ( 'NONE',  ( 0.000000000000000000, 0.000000000000000000, 1.000000000000000000 ) ) ;
#8305 = CARTESIAN_POINT ( 'NONE',  ( 0.000000000000000000, -26.00000000000000711, 6.000000000000000000 ) ) ;
#8306 = EDGE_LOOP ( 'NONE', ( #2049, #10432, #7583, #1337 ) ) ;
#8307 = ORIENTED_EDGE ( 'NONE', *, *, #11248, .T. ) ;
#8308 = ORIENTED_EDGE ( 'NONE', *, *, #10437, .T. ) ;
#8309 = ORIENTED_EDGE ( 'NONE', *, *, #2174, .F. ) ;
#8310 = DIRECTION ( 'NONE',  ( -1.000000000000000000, 0.000000000000000000, 0.000000000000000000 ) ) ;
#8311 = CARTESIAN_POINT ( 'NONE',  ( -62.90000000000005542, 26.99999999999999289, 48.00000000000000000 ) ) ;
#8312 = CARTESIAN_POINT ( 'NONE',  ( 17.99999999999980815, 23.24999999999999289, -39.25000000000026290 ) ) ;
#8313 = EDGE_CURVE ( 'NONE', #165, #4022, #10237, .T. ) ;
#8314 = CARTESIAN_POINT ( 'NONE',  ( 60.90000000000004121, 26.99999999999999289, 45.99999999999999289 ) ) ;
#8315 = CARTESIAN_POINT ( 'NONE',  ( -28.00000000000003197, 14.24999999999999822, 3.000000000000009770 ) ) ;
#8316 = CARTESIAN_POINT ( 'NONE',  ( 17.99999999999984368, 19.99999999999999289, -36.75000000000026290 ) ) ;
#8317 = EDGE_CURVE ( 'NONE', #4611, #11801, #9495, .T. ) ;
#8318 = CARTESIAN_POINT ( 'NONE',  ( -18.75000000000000355, -30.00000000000001421, 13.85000000000000142 ) ) ;
#8319 = ADVANCED_FACE ( 'NONE', ( #3448 ), #10491, .F. ) ;
#8320 = CARTESIAN_POINT ( 'NONE',  ( 14.30000000000000426, 37.53999999999999204, 51.00000000000000711 ) ) ;
#8321 = EDGE_CURVE ( 'NONE', #2125, #5560, #9308, .T. ) ;
#8322 = ADVANCED_FACE ( 'NONE', ( #5258 ), #6192, .T. ) ;
#8323 = VERTEX_POINT ( 'NONE', #201 ) ;
#8324 = ORIENTED_EDGE ( 'NONE', *, *, #3981, .T. ) ;
#8325 = ORIENTED_EDGE ( 'NONE', *, *, #2174, .T. ) ;
#8326 = ORIENTED_EDGE ( 'NONE', *, *, #9489, .F. ) ;
#8327 = DIRECTION ( 'NONE',  ( -0.000000000000000000, 1.000000000000000000, -0.000000000000000000 ) ) ;
#8328 = PLANE ( 'NONE',  #11824 ) ;
#8329 = DIRECTION ( 'NONE',  ( 0.000000000000000000, 0.000000000000000000, -1.000000000000000000 ) ) ;
#8330 = DIRECTION ( 'NONE',  ( 0.000000000000000000, 0.000000000000000000, 1.000000000000000000 ) ) ;
#8331 = ORIENTED_EDGE ( 'NONE', *, *, #11898, .T. ) ;
#8332 = DIRECTION ( 'NONE',  ( 0.000000000000000000, 0.000000000000000000, -1.000000000000000000 ) ) ;
#8333 = DIRECTION ( 'NONE',  ( 0.000000000000000000, 0.000000000000000000, -1.000000000000000000 ) ) ;
#8334 = EDGE_LOOP ( 'NONE', ( #5897, #3918, #9047, #405 ) ) ;
#8335 = DIRECTION ( 'NONE',  ( 0.000000000000000000, 0.000000000000000000, 1.000000000000000000 ) ) ;
#8336 = CARTESIAN_POINT ( 'NONE',  ( 0.000000000000000000, 26.99999999999999289, 20.20000000000000284 ) ) ;
#8337 = ORIENTED_EDGE ( 'NONE', *, *, #1124, .T. ) ;
#8338 = ORIENTED_EDGE ( 'NONE', *, *, #4551, .T. ) ;
#8339 = DIRECTION ( 'NONE',  ( 0.000000000000000000, 0.000000000000000000, 1.000000000000000000 ) ) ;
#8340 = LINE ( 'NONE', #2302, #6103 ) ;
#8341 = DIRECTION ( 'NONE',  ( 0.000000000000000000, 0.000000000000000000, -1.000000000000000000 ) ) ;
#8342 = FACE_BOUND ( 'NONE', #945, .T. ) ;
#8343 = LINE ( 'NONE', #2367, #1018 ) ;
#8344 = PLANE ( 'NONE',  #9671 ) ;
#8345 = ORIENTED_EDGE ( 'NONE', *, *, #8887, .F. ) ;
#8346 = ORIENTED_EDGE ( 'NONE', *, *, #7211, .F. ) ;
#8347 = ORIENTED_EDGE ( 'NONE', *, *, #2401, .F. ) ;
#8348 = FACE_OUTER_BOUND ( 'NONE', #2600, .T. ) ;
#8349 = EDGE_CURVE ( 'NONE', #9803, #11704, #1167, .T. ) ;
#8350 = ORIENTED_EDGE ( 'NONE', *, *, #470, .F. ) ;
#8351 = DIRECTION ( 'NONE',  ( 1.000000000000000000, -0.000000000000000000, 0.000000000000000000 ) ) ;
#8352 = CARTESIAN_POINT ( 'NONE',  ( 24.00000000000003197, 19.99999999999999289, -33.25000000000000000 ) ) ;
#8353 = DIRECTION ( 'NONE',  ( 0.000000000000000000, 0.000000000000000000, 1.000000000000000000 ) ) ;
#8354 = DIRECTION ( 'NONE',  ( 0.000000000000000000, 0.000000000000000000, 1.000000000000000000 ) ) ;
#8355 = EDGE_CURVE ( 'NONE', #12674, #4703, #12285, .T. ) ;
#8356 = PLANE ( 'NONE',  #6897 ) ;
#8357 = ORIENTED_EDGE ( 'NONE', *, *, #12330, .F. ) ;
#8358 = CARTESIAN_POINT ( 'NONE',  ( -49.40000000000004832, 26.99999999999999289, 45.99999999999999289 ) ) ;
#8359 = CARTESIAN_POINT ( 'NONE',  ( -46.00000000000004263, 29.99999999999999289, 0.000000000000000000 ) ) ;
#8360 = CARTESIAN_POINT ( 'NONE',  ( 85.99999999999988631, -30.00000000000000711, -40.00000000000000000 ) ) ;
#8361 = ORIENTED_EDGE ( 'NONE', *, *, #10606, .T. ) ;
#8362 = VERTEX_POINT ( 'NONE', #8311 ) ;
#8363 = ORIENTED_EDGE ( 'NONE', *, *, #188, .T. ) ;
#8364 = EDGE_CURVE ( 'NONE', #4339, #8058, #11297, .T. ) ;
#8365 = VERTEX_POINT ( 'NONE', #12477 ) ;
#8366 = DIRECTION ( 'NONE',  ( -1.000000000000000000, -0.000000000000000000, -1.387778780781445676E-16 ) ) ;
#8367 = CARTESIAN_POINT ( 'NONE',  ( -36.00000000000002842, 29.99999999999999289, -5.097962868176746799E-15 ) ) ;
#8368 = DIRECTION ( 'NONE',  ( 0.000000000000000000, -1.000000000000000000, 0.000000000000000000 ) ) ;
#8369 = AXIS2_PLACEMENT_3D ( 'NONE', #7242, #11300, #8507 ) ;
#8370 = DIRECTION ( 'NONE',  ( -0.000000000000000000, 1.000000000000000000, -0.000000000000000000 ) ) ;
#8371 = ADVANCED_FACE ( 'NONE', ( #7370 ), #12538, .F. ) ;
#8372 = CARTESIAN_POINT ( 'NONE',  ( -34.00000000000003553, 26.99999999999999289, 42.60000000000000142 ) ) ;
#8373 = DIRECTION ( 'NONE',  ( -1.000000000000000000, 0.000000000000000000, 0.000000000000000000 ) ) ;
#8374 = DIRECTION ( 'NONE',  ( -0.000000000000000000, 1.000000000000000000, -0.000000000000000000 ) ) ;
#8375 = LINE ( 'NONE', #12409, #10576 ) ;
#8376 = VECTOR ( 'NONE', #5168, 1000.000000000000000 ) ;
#8377 = VERTEX_POINT ( 'NONE', #6244 ) ;
#8378 = ORIENTED_EDGE ( 'NONE', *, *, #810, .F. ) ;
#8379 = ORIENTED_EDGE ( 'NONE', *, *, #10362, .F. ) ;
#8380 = ADVANCED_FACE ( 'NONE', ( #8505 ), #9364, .F. ) ;
#8381 = DIRECTION ( 'NONE',  ( 0.000000000000000000, 0.000000000000000000, 1.000000000000000000 ) ) ;
#8382 = CARTESIAN_POINT ( 'NONE',  ( 18.74999999999982947, 19.99999999999998579, 60.00000000000000711 ) ) ;
#8383 = AXIS2_PLACEMENT_3D ( 'NONE', #8266, #4408, #8462 ) ;
#8384 = CARTESIAN_POINT ( 'NONE',  ( -14.30000000000000426, 38.26999999999998892, 26.60434383594887109 ) ) ;
#8385 = PLANE ( 'NONE',  #10807 ) ;
#8386 = ADVANCED_FACE ( 'NONE', ( #5383 ), #6320, .F. ) ;
#8387 = CARTESIAN_POINT ( 'NONE',  ( -14.29999999999999005, -45.50000000000000711, 51.00000000000000000 ) ) ;
#8388 = AXIS2_PLACEMENT_3D ( 'NONE', #7981, #11056, #13088 ) ;
#8389 = ORIENTED_EDGE ( 'NONE', *, *, #5943, .F. ) ;
#8390 = DIRECTION ( 'NONE',  ( 0.000000000000000000, 0.000000000000000000, 1.000000000000000000 ) ) ;
#8391 = VECTOR ( 'NONE', #4193, 1000.000000000000000 ) ;
#8392 = VECTOR ( 'NONE', #12208, 1000.000000000000000 ) ;
#8393 = CARTESIAN_POINT ( 'NONE',  ( 0.000000000000000000, 26.99999999999999289, 5.999999999999999112 ) ) ;
#8394 = VERTEX_POINT ( 'NONE', #254 ) ;
#8395 = ORIENTED_EDGE ( 'NONE', *, *, #4929, .T. ) ;
#8396 = AXIS2_PLACEMENT_3D ( 'NONE', #74, #5198, #10319 ) ;
#8397 = DIRECTION ( 'NONE',  ( 0.000000000000000000, 0.000000000000000000, -1.000000000000000000 ) ) ;
#8398 = EDGE_CURVE ( 'NONE', #2943, #3600, #8440, .T. ) ;
#8399 = PLANE ( 'NONE',  #3124 ) ;
#8400 = CYLINDRICAL_SURFACE ( 'NONE', #8834, 2.499999999999995115 ) ;
#8401 = DIRECTION ( 'NONE',  ( -0.000000000000000000, -1.000000000000000000, -0.000000000000000000 ) ) ;
#8402 = CIRCLE ( 'NONE', #10965, 4.000000000000000000 ) ;
#8403 = CARTESIAN_POINT ( 'NONE',  ( -28.75000000000000355, 38.26999999999998892, 51.00000000000000000 ) ) ;
#8404 = ORIENTED_EDGE ( 'NONE', *, *, #159, .T. ) ;
#8405 = VECTOR ( 'NONE', #1928, 1000.000000000000000 ) ;
#8406 = AXIS2_PLACEMENT_3D ( 'NONE', #7596, #5542, #1412 ) ;
#8407 = LINE ( 'NONE', #4350, #625 ) ;
#8408 = ORIENTED_EDGE ( 'NONE', *, *, #1017, .F. ) ;
#8409 = ORIENTED_EDGE ( 'NONE', *, *, #7093, .F. ) ;
#8410 = LINE ( 'NONE', #12377, #11811 ) ;
#8411 = CIRCLE ( 'NONE', #346, 2.000000000000000888 ) ;
#8412 = ORIENTED_EDGE ( 'NONE', *, *, #7839, .T. ) ;
#8413 = VECTOR ( 'NONE', #10803, 1000.000000000000000 ) ;
#8414 = VERTEX_POINT ( 'NONE', #6384 ) ;
#8415 = AXIS2_PLACEMENT_3D ( 'NONE', #1844, #3701, #2721 ) ;
#8416 = DIRECTION ( 'NONE',  ( 0.000000000000000000, 0.000000000000000000, -1.000000000000000000 ) ) ;
#8417 = EDGE_CURVE ( 'NONE', #664, #7133, #8592, .T. ) ;
#8418 = DIRECTION ( 'NONE',  ( 1.000000000000000000, -0.000000000000000000, -0.000000000000000000 ) ) ;
#8419 = DIRECTION ( 'NONE',  ( 1.000000000000000000, 0.000000000000000000, -1.387778780781445429E-16 ) ) ;
#8420 = AXIS2_PLACEMENT_3D ( 'NONE', #7283, #110, #10225 ) ;
#8421 = CARTESIAN_POINT ( 'NONE',  ( 23.74999999999982236, 4.999999999999990230, 60.00000000000000711 ) ) ;
#8422 = VECTOR ( 'NONE', #3836, 1000.000000000000000 ) ;
#8423 = EDGE_CURVE ( 'NONE', #6914, #7114, #12598, .T. ) ;
#8424 = DIRECTION ( 'NONE',  ( -0.000000000000000000, -1.000000000000000000, -0.000000000000000000 ) ) ;
#8425 = AXIS2_PLACEMENT_3D ( 'NONE', #21, #4071, #3077 ) ;
#8426 = ORIENTED_EDGE ( 'NONE', *, *, #9003, .F. ) ;
#8427 = CARTESIAN_POINT ( 'NONE',  ( -20.08333333333333570, -26.00000000000001066, 10.00000000000000000 ) ) ;
#8428 = VECTOR ( 'NONE', #2337, 1000.000000000000000 ) ;
#8429 = FACE_OUTER_BOUND ( 'NONE', #8279, .T. ) ;
#8430 = LINE ( 'NONE', #6578, #9510 ) ;
#8431 = ORIENTED_EDGE ( 'NONE', *, *, #2144, .F. ) ;
#8432 = ORIENTED_EDGE ( 'NONE', *, *, #7880, .F. ) ;
#8433 = VECTOR ( 'NONE', #1901, 1000.000000000000000 ) ;
#8434 = VERTEX_POINT ( 'NONE', #6707 ) ;
#8435 = VECTOR ( 'NONE', #10720, 1000.000000000000000 ) ;
#8436 = EDGE_CURVE ( 'NONE', #12580, #890, #1725, .T. ) ;
#8437 = ORIENTED_EDGE ( 'NONE', *, *, #8131, .T. ) ;
#8438 = VECTOR ( 'NONE', #909, 1000.000000000000000 ) ;
#8439 = CYLINDRICAL_SURFACE ( 'NONE', #2255, 6.999999999999999112 ) ;
#8440 = LINE ( 'NONE', #8367, #6266 ) ;
#8441 = DIRECTION ( 'NONE',  ( 1.000000000000000000, 0.000000000000000000, -1.469412826709782956E-14 ) ) ;
#8442 = AXIS2_PLACEMENT_3D ( 'NONE', #11471, #12180, #6220 ) ;
#8443 = AXIS2_PLACEMENT_3D ( 'NONE', #327, #3454, #2537 ) ;
#8444 = CARTESIAN_POINT ( 'NONE',  ( -36.00000000000002842, 29.99999999999999289, 20.20000000000000284 ) ) ;
#8445 = EDGE_CURVE ( 'NONE', #12724, #7274, #1657, .T. ) ;
#8446 = EDGE_CURVE ( 'NONE', #4791, #2574, #8832, .T. ) ;
#8447 = DIRECTION ( 'NONE',  ( 0.000000000000000000, -0.3905498468561707792, 0.9205817818752560777 ) ) ;
#8448 = CARTESIAN_POINT ( 'NONE',  ( 85.99999999999991473, -30.00000000000000711, -10.00000000000000178 ) ) ;
#8449 = VECTOR ( 'NONE', #2735, 1000.000000000000000 ) ;
#8450 = FACE_OUTER_BOUND ( 'NONE', #141, .T. ) ;
#8451 = CARTESIAN_POINT ( 'NONE',  ( 28.00000000000003197, 26.99999999999999289, 3.000000000000005329 ) ) ;
#8452 = VECTOR ( 'NONE', #3099, 1000.000000000000000 ) ;
#8453 = VECTOR ( 'NONE', #6377, 1000.000000000000000 ) ;
#8454 = ORIENTED_EDGE ( 'NONE', *, *, #11380, .F. ) ;
#8455 = VERTEX_POINT ( 'NONE', #9831 ) ;
#8456 = EDGE_CURVE ( 'NONE', #2289, #3222, #11697, .T. ) ;
#8457 = CARTESIAN_POINT ( 'NONE',  ( -64.00000000000001421, 26.99999999999999289, 56.00000000000000000 ) ) ;
#8458 = ORIENTED_EDGE ( 'NONE', *, *, #1380, .F. ) ;
#8459 = VERTEX_POINT ( 'NONE', #11553 ) ;
#8460 = EDGE_CURVE ( 'NONE', #5122, #7929, #12681, .T. ) ;
#8461 = VECTOR ( 'NONE', #12315, 1000.000000000000000 ) ;
#8462 = DIRECTION ( 'NONE',  ( 0.000000000000000000, 0.000000000000000000, -1.000000000000000000 ) ) ;
#8463 = CARTESIAN_POINT ( 'NONE',  ( 3.000000000000000000, -24.00000000000000000, -31.75000000000000000 ) ) ;
#8464 = LINE ( 'NONE', #3538, #1196 ) ;
#8465 = DIRECTION ( 'NONE',  ( 0.000000000000000000, 0.000000000000000000, -1.000000000000000000 ) ) ;
#8466 = DIRECTION ( 'NONE',  ( -0.000000000000000000, -1.000000000000000000, -0.000000000000000000 ) ) ;
#8467 = CIRCLE ( 'NONE', #9100, 4.000000000000000000 ) ;
#8468 = EDGE_CURVE ( 'NONE', #6294, #2638, #5726, .T. ) ;
#8469 = PLANE ( 'NONE',  #12416 ) ;
#8470 = VERTEX_POINT ( 'NONE', #5523 ) ;
#8471 = CARTESIAN_POINT ( 'NONE',  ( -9.500000000000001776, 19.99999999999999289, -36.75000000000000000 ) ) ;
#8472 = AXIS2_PLACEMENT_3D ( 'NONE', #8206, #5158, #9087 ) ;
#8473 = LINE ( 'NONE', #277, #12861 ) ;
#8474 = EDGE_CURVE ( 'NONE', #7025, #6047, #459, .T. ) ;
#8475 = ORIENTED_EDGE ( 'NONE', *, *, #11274, .T. ) ;
#8476 = ORIENTED_EDGE ( 'NONE', *, *, #7538, .T. ) ;
#8477 = DIRECTION ( 'NONE',  ( 0.000000000000000000, -1.000000000000000000, 0.000000000000000000 ) ) ;
#8478 = CARTESIAN_POINT ( 'NONE',  ( -86.00000000000004263, 23.99999999999998934, 56.00000000000000711 ) ) ;
#8479 = CARTESIAN_POINT ( 'NONE',  ( -74.00000000000004263, 26.99999999999999289, 50.00000000000000000 ) ) ;
#8480 = AXIS2_PLACEMENT_3D ( 'NONE', #9804, #7877, #11986 ) ;
#8481 = DIRECTION ( 'NONE',  ( 0.000000000000000000, 0.000000000000000000, -1.000000000000000000 ) ) ;
#8482 = CARTESIAN_POINT ( 'NONE',  ( 30.00000000000002842, -19.99999999999999289, -40.00000000000000000 ) ) ;
#8483 = PLANE ( 'NONE',  #329 ) ;
#8484 = ORIENTED_EDGE ( 'NONE', *, *, #4784, .T. ) ;
#8485 = LINE ( 'NONE', #6478, #1908 ) ;
#8486 = CARTESIAN_POINT ( 'NONE',  ( 64.00000000000002842, 26.99999999999999289, 58.00000000000000000 ) ) ;
#8487 = ORIENTED_EDGE ( 'NONE', *, *, #10994, .T. ) ;
#8488 = ORIENTED_EDGE ( 'NONE', *, *, #9613, .T. ) ;
#8489 = ADVANCED_FACE ( 'NONE', ( #9772 ), #2530, .F. ) ;
#8490 = CARTESIAN_POINT ( 'NONE',  ( 14.30000000000000782, -43.50000000000000711, 53.49999999999999289 ) ) ;
#8491 = EDGE_CURVE ( 'NONE', #4988, #6352, #9888, .T. ) ;
#8492 = ORIENTED_EDGE ( 'NONE', *, *, #1269, .F. ) ;
#8493 = DIRECTION ( 'NONE',  ( -0.000000000000000000, 1.000000000000000000, -0.000000000000000000 ) ) ;
#8494 = CARTESIAN_POINT ( 'NONE',  ( -14.30000000000000782, -31.75000000000000000, 20.10434383594887109 ) ) ;
#8495 = LINE ( 'NONE', #10619, #2052 ) ;
#8496 = DIRECTION ( 'NONE',  ( 0.000000000000000000, 1.000000000000000000, 0.000000000000000000 ) ) ;
#8497 = DIRECTION ( 'NONE',  ( 1.000000000000000000, 0.000000000000000000, -2.891205793294679312E-16 ) ) ;
#8498 = CARTESIAN_POINT ( 'NONE',  ( -44.00000000000004263, 26.99999999999999289, 32.39999999999999858 ) ) ;
#8499 = CARTESIAN_POINT ( 'NONE',  ( -70.00000000000000000, 19.99999999999998934, -15.00000000000000711 ) ) ;
#8500 = ORIENTED_EDGE ( 'NONE', *, *, #5019, .T. ) ;
#8501 = ORIENTED_EDGE ( 'NONE', *, *, #1524, .F. ) ;
#8502 = ORIENTED_EDGE ( 'NONE', *, *, #4721, .F. ) ;
#8503 = EDGE_CURVE ( 'NONE', #10599, #4065, #9622, .T. ) ;
#8504 = CARTESIAN_POINT ( 'NONE',  ( -44.00000000000003553, 26.99999999999999289, -6.230843505549355095E-15 ) ) ;
#8505 = FACE_OUTER_BOUND ( 'NONE', #9396, .T. ) ;
#8506 = VERTEX_POINT ( 'NONE', #4724 ) ;
#8507 = DIRECTION ( 'NONE',  ( 1.000000000000000000, 0.000000000000000000, -0.000000000000000000 ) ) ;
#8508 = DIRECTION ( 'NONE',  ( 0.000000000000000000, 0.000000000000000000, 1.000000000000000000 ) ) ;
#8509 = CARTESIAN_POINT ( 'NONE',  ( 89.99999999999994316, 25.99999999999998934, -40.00000000000000000 ) ) ;
#8510 = ORIENTED_EDGE ( 'NONE', *, *, #5077, .F. ) ;
#8511 = DIRECTION ( 'NONE',  ( 0.000000000000000000, 0.000000000000000000, 1.000000000000000000 ) ) ;
#8512 = ORIENTED_EDGE ( 'NONE', *, *, #5096, .F. ) ;
#8513 = ORIENTED_EDGE ( 'NONE', *, *, #9833, .F. ) ;
#8514 = ORIENTED_EDGE ( 'NONE', *, *, #3450, .F. ) ;
#8515 = EDGE_CURVE ( 'NONE', #5649, #5125, #2591, .T. ) ;
#8516 = CARTESIAN_POINT ( 'NONE',  ( 14.30000000000000426, 37.53999999999999204, 51.00000000000000711 ) ) ;
#8517 = ORIENTED_EDGE ( 'NONE', *, *, #8528, .T. ) ;
#8518 = DIRECTION ( 'NONE',  ( -0.000000000000000000, -1.000000000000000000, -0.000000000000000000 ) ) ;
#8519 = CARTESIAN_POINT ( 'NONE',  ( 70.00000000000000000, 29.99999999999999289, -15.00000000000002309 ) ) ;
#8520 = DIRECTION ( 'NONE',  ( -0.000000000000000000, 0.000000000000000000, 1.000000000000000000 ) ) ;
#8521 = CARTESIAN_POINT ( 'NONE',  ( 23.74999999999982236, 4.999999999999990230, 10.00000000000000000 ) ) ;
#8522 = ADVANCED_FACE ( 'NONE', ( #3511 ), #4782, .F. ) ;
#8523 = CARTESIAN_POINT ( 'NONE',  ( 28.00000000000003197, 14.24999999999999822, 3.000000000000005329 ) ) ;
#8524 = DIRECTION ( 'NONE',  ( 0.000000000000000000, 0.000000000000000000, 1.000000000000000000 ) ) ;
#8525 = ORIENTED_EDGE ( 'NONE', *, *, #10330, .F. ) ;
#8526 = DIRECTION ( 'NONE',  ( -1.000000000000000000, 0.000000000000000000, 0.000000000000000000 ) ) ;
#8527 = FACE_OUTER_BOUND ( 'NONE', #7656, .T. ) ;
#8528 = EDGE_CURVE ( 'NONE', #7780, #7386, #5787, .T. ) ;
#8529 = CARTESIAN_POINT ( 'NONE',  ( 9.499999999999905853, 19.99999999999999289, -39.25000000000014211 ) ) ;
#8530 = EDGE_CURVE ( 'NONE', #10217, #13135, #10694, .T. ) ;
#8531 = ORIENTED_EDGE ( 'NONE', *, *, #6775, .T. ) ;
#8532 = ORIENTED_EDGE ( 'NONE', *, *, #13146, .T. ) ;
#8533 = LINE ( 'NONE', #12567, #11009 ) ;
#8534 = PLANE ( 'NONE',  #4178 ) ;
#8535 = DIRECTION ( 'NONE',  ( -0.000000000000000000, 1.000000000000000000, -0.000000000000000000 ) ) ;
#8536 = CARTESIAN_POINT ( 'NONE',  ( -23.75000000000000000, 19.99999999999998934, 13.85000000000000142 ) ) ;
#8537 = CARTESIAN_POINT ( 'NONE',  ( 0.000000000000000000, 0.000000000000000000, 0.000000000000000000 ) ) ;
#8538 = DIRECTION ( 'NONE',  ( 0.000000000000000000, 1.000000000000000000, 0.000000000000000000 ) ) ;
#8539 = VERTEX_POINT ( 'NONE', #605 ) ;
#8540 = EDGE_CURVE ( 'NONE', #2166, #3422, #4663, .T. ) ;
#8541 = FACE_OUTER_BOUND ( 'NONE', #4591, .T. ) ;
#8542 = ORIENTED_EDGE ( 'NONE', *, *, #1411, .T. ) ;
#8543 = VERTEX_POINT ( 'NONE', #2654 ) ;
#8544 = CARTESIAN_POINT ( 'NONE',  ( 28.74999999999982947, -20.49999999999991473, 50.50000000000000000 ) ) ;
#8545 = EDGE_CURVE ( 'NONE', #3375, #7270, #2451, .T. ) ;
#8546 = ORIENTED_EDGE ( 'NONE', *, *, #10934, .T. ) ;
#8547 = DIRECTION ( 'NONE',  ( 0.000000000000000000, 0.000000000000000000, 1.000000000000000000 ) ) ;
#8548 = CARTESIAN_POINT ( 'NONE',  ( 23.74999999999982236, 4.999999999999990230, 13.85000000000000853 ) ) ;
#8549 = CARTESIAN_POINT ( 'NONE',  ( 44.00000000000003553, 29.99999999999999289, -6.230843505549355095E-15 ) ) ;
#8550 = DIRECTION ( 'NONE',  ( -0.000000000000000000, 1.000000000000000000, -0.000000000000000000 ) ) ;
#8551 = DIRECTION ( 'NONE',  ( -0.000000000000000000, 1.000000000000000000, -0.000000000000000000 ) ) ;
#8552 = EDGE_CURVE ( 'NONE', #9780, #10471, #6788, .T. ) ;
#8553 = FACE_OUTER_BOUND ( 'NONE', #4089, .T. ) ;
#8554 = CARTESIAN_POINT ( 'NONE',  ( -23.74999999999998934, 4.999999999999990230, 60.00000000000000711 ) ) ;
#8555 = DIRECTION ( 'NONE',  ( 1.000000000000000000, 0.000000000000000000, 0.000000000000000000 ) ) ;
#8556 = EDGE_LOOP ( 'NONE', ( #6306, #12335, #4730, #4560 ) ) ;
#8557 = ORIENTED_EDGE ( 'NONE', *, *, #11147, .T. ) ;
#8558 = EDGE_LOOP ( 'NONE', ( #2385, #2977, #1910, #11601 ) ) ;
#8559 = LINE ( 'NONE', #4723, #3518 ) ;
#8560 = DIRECTION ( 'NONE',  ( -1.387778780781445676E-16, 0.000000000000000000, -1.000000000000000000 ) ) ;
#8561 = CARTESIAN_POINT ( 'NONE',  ( 47.40000000000004832, 26.99999999999999289, 45.99999999999999289 ) ) ;
#8562 = EDGE_CURVE ( 'NONE', #2235, #1106, #9157, .T. ) ;
#8563 = DIRECTION ( 'NONE',  ( -0.000000000000000000, -0.000000000000000000, -1.000000000000000000 ) ) ;
#8564 = CARTESIAN_POINT ( 'NONE',  ( -34.00000000000002842, 29.99999999999999289, 0.000000000000000000 ) ) ;
#8565 = CARTESIAN_POINT ( 'NONE',  ( 35.74999999999983658, -30.00000000000000711, -28.00000000000000355 ) ) ;
#8566 = ORIENTED_EDGE ( 'NONE', *, *, #7549, .F. ) ;
#8567 = DIRECTION ( 'NONE',  ( 0.000000000000000000, 0.000000000000000000, -1.000000000000000000 ) ) ;
#8568 = EDGE_LOOP ( 'NONE', ( #4454, #1550, #6120, #6625 ) ) ;
#8569 = VERTEX_POINT ( 'NONE', #11901 ) ;
#8570 = VERTEX_POINT ( 'NONE', #10968 ) ;
#8571 = LINE ( 'NONE', #532, #3543 ) ;
#8572 = EDGE_LOOP ( 'NONE', ( #5174, #6044, #8640, #13059 ) ) ;
#8573 = DIRECTION ( 'NONE',  ( -1.387778780781445676E-16, 0.000000000000000000, -1.000000000000000000 ) ) ;
#8574 = DIRECTION ( 'NONE',  ( 0.000000000000000000, 0.000000000000000000, 1.000000000000000000 ) ) ;
#8575 = AXIS2_PLACEMENT_3D ( 'NONE', #9175, #7297, #5263 ) ;
#8576 = CARTESIAN_POINT ( 'NONE',  ( 0.000000000000000000, 26.99999999999999289, -7.000000000000000000 ) ) ;
#8577 = DIRECTION ( 'NONE',  ( 0.000000000000000000, 0.000000000000000000, 1.000000000000000000 ) ) ;
#8578 = LINE ( 'NONE', #3410, #7995 ) ;
#8579 = DIRECTION ( 'NONE',  ( 0.000000000000000000, 0.000000000000000000, 1.000000000000000000 ) ) ;
#8580 = CARTESIAN_POINT ( 'NONE',  ( 33.00000000000004263, 26.99999999999999289, 0.000000000000000000 ) ) ;
#8581 = DIRECTION ( 'NONE',  ( 0.000000000000000000, 0.000000000000000000, 1.000000000000000000 ) ) ;
#8582 = VERTEX_POINT ( 'NONE', #6111 ) ;
#8583 = ADVANCED_FACE ( 'NONE', ( #9896, #802, #6978 ), #5928, .F. ) ;
#8584 = CARTESIAN_POINT ( 'NONE',  ( 74.00000000000004263, 26.99999999999999289, 50.00000000000000000 ) ) ;
#8585 = AXIS2_PLACEMENT_3D ( 'NONE', #1831, #12117, #5826 ) ;
#8586 = LINE ( 'NONE', #6667, #5508 ) ;
#8587 = CARTESIAN_POINT ( 'NONE',  ( 28.75000000000000355, -43.50000000000000711, 53.49999999999999289 ) ) ;
#8588 = ADVANCED_FACE ( 'NONE', ( #12950 ), #8912, .T. ) ;
#8589 = VERTEX_POINT ( 'NONE', #921 ) ;
#8590 = ORIENTED_EDGE ( 'NONE', *, *, #10986, .T. ) ;
#8591 = LINE ( 'NONE', #5492, #10544 ) ;
#8592 = CIRCLE ( 'NONE', #10295, 3.500000000000008438 ) ;
#8593 = CARTESIAN_POINT ( 'NONE',  ( -90.00000000000005684, 23.99999999999998934, 5.999999999999998224 ) ) ;
#8594 = LINE ( 'NONE', #704, #12857 ) ;
#8595 = LINE ( 'NONE', #705, #11424 ) ;
#8596 = DIRECTION ( 'NONE',  ( -1.000000000000000000, 0.000000000000000000, 0.000000000000000000 ) ) ;
#8597 = ORIENTED_EDGE ( 'NONE', *, *, #11830, .F. ) ;
#8598 = VECTOR ( 'NONE', #11112, 1000.000000000000000 ) ;
#8599 = CARTESIAN_POINT ( 'NONE',  ( -28.74999999999999645, -4.999999999999913847, 35.00000000000000000 ) ) ;
#8600 = VECTOR ( 'NONE', #1590, 1000.000000000000000 ) ;
#8601 = ORIENTED_EDGE ( 'NONE', *, *, #6177, .F. ) ;
#8602 = ORIENTED_EDGE ( 'NONE', *, *, #5194, .T. ) ;
#8603 = VECTOR ( 'NONE', #3562, 1000.000000000000000 ) ;
#8604 = FACE_OUTER_BOUND ( 'NONE', #10563, .T. ) ;
#8605 = EDGE_CURVE ( 'NONE', #9487, #10503, #6062, .T. ) ;
#8606 = VERTEX_POINT ( 'NONE', #2807 ) ;
#8607 = CARTESIAN_POINT ( 'NONE',  ( 0.000000000000000000, 14.24999999999999822, 0.000000000000000000 ) ) ;
#8608 = EDGE_CURVE ( 'NONE', #2482, #115, #7040, .T. ) ;
#8609 = PLANE ( 'NONE',  #9258 ) ;
#8610 = VECTOR ( 'NONE', #9004, 1000.000000000000000 ) ;
#8611 = DIRECTION ( 'NONE',  ( -0.000000000000000000, 1.000000000000000000, -0.000000000000000000 ) ) ;
#8612 = AXIS2_PLACEMENT_3D ( 'NONE', #4296, #2240, #6300 ) ;
#8613 = CARTESIAN_POINT ( 'NONE',  ( -47.40000000000004832, 26.99999999999999289, 45.99999999999999289 ) ) ;
#8614 = CARTESIAN_POINT ( 'NONE',  ( 0.000000000000000000, 26.99999999999999289, 30.39999999999999147 ) ) ;
#8615 = VECTOR ( 'NONE', #7243, 1000.000000000000000 ) ;
#8616 = ORIENTED_EDGE ( 'NONE', *, *, #582, .T. ) ;
#8617 = PLANE ( 'NONE',  #5677 ) ;
#8618 = CARTESIAN_POINT ( 'NONE',  ( 28.74999999999999645, -52.50000000000000711, 10.00000000000000000 ) ) ;
#8619 = AXIS2_PLACEMENT_3D ( 'NONE', #12112, #12053, #2966 ) ;
#8620 = DIRECTION ( 'NONE',  ( -0.000000000000000000, 1.000000000000000000, -0.000000000000000000 ) ) ;
#8621 = ORIENTED_EDGE ( 'NONE', *, *, #12430, .F. ) ;
#8622 = AXIS2_PLACEMENT_3D ( 'NONE', #2981, #11086, #8898 ) ;
#8623 = ORIENTED_EDGE ( 'NONE', *, *, #6188, .T. ) ;
#8624 = VECTOR ( 'NONE', #7592, 1000.000000000000000 ) ;
#8625 = CIRCLE ( 'NONE', #12427, 2.500000000000002220 ) ;
#8626 = EDGE_CURVE ( 'NONE', #6592, #2152, #6845, .T. ) ;
#8627 = PLANE ( 'NONE',  #1855 ) ;
#8628 = AXIS2_PLACEMENT_3D ( 'NONE', #3656, #10843, #7705 ) ;
#8629 = CARTESIAN_POINT ( 'NONE',  ( -46.00000000000004263, 29.99999999999999289, 8.000000000000000000 ) ) ;
#8630 = DIRECTION ( 'NONE',  ( 0.000000000000000000, 0.000000000000000000, -1.000000000000000000 ) ) ;
#8631 = VECTOR ( 'NONE', #10510, 999.9999999999998863 ) ;
#8632 = CARTESIAN_POINT ( 'NONE',  ( -46.00000000000004263, 26.99999999999999289, 46.00000000000000000 ) ) ;
#8633 = AXIS2_PLACEMENT_3D ( 'NONE', #8993, #13034, #7250 ) ;
#8634 = AXIS2_PLACEMENT_3D ( 'NONE', #1561, #2582, #9684 ) ;
#8635 = DIRECTION ( 'NONE',  ( 1.000000000000000000, 0.000000000000000000, -0.000000000000000000 ) ) ;
#8636 = AXIS2_PLACEMENT_3D ( 'NONE', #9963, #3898, #10894 ) ;
#8637 = CYLINDRICAL_SURFACE ( 'NONE', #378, 2.599999999999989431 ) ;
#8638 = EDGE_LOOP ( 'NONE', ( #4685, #6238 ) ) ;
#8639 = ORIENTED_EDGE ( 'NONE', *, *, #5390, .F. ) ;
#8640 = ORIENTED_EDGE ( 'NONE', *, *, #3497, .T. ) ;
#8641 = EDGE_LOOP ( 'NONE', ( #12573, #1022, #10403, #11583, #12332 ) ) ;
#8642 = AXIS2_PLACEMENT_3D ( 'NONE', #979, #13138, #5164 ) ;
#8643 = AXIS2_PLACEMENT_3D ( 'NONE', #2405, #6455, #8577 ) ;
#8644 = ORIENTED_EDGE ( 'NONE', *, *, #508, .F. ) ;
#8645 = VERTEX_POINT ( 'NONE', #10086 ) ;
#8646 = ADVANCED_FACE ( 'NONE', ( #11043 ), #13141, .F. ) ;
#8647 = VECTOR ( 'NONE', #721, 1000.000000000000000 ) ;
#8648 = LINE ( 'NONE', #12696, #5462 ) ;
#8649 = ORIENTED_EDGE ( 'NONE', *, *, #8780, .T. ) ;
#8650 = DIRECTION ( 'NONE',  ( 0.000000000000000000, -1.000000000000000000, 0.000000000000000000 ) ) ;
#8651 = LINE ( 'NONE', #11649, #5412 ) ;
#8652 = VECTOR ( 'NONE', #9178, 1000.000000000000000 ) ;
#8653 = DIRECTION ( 'NONE',  ( -0.000000000000000000, -1.000000000000000000, -0.000000000000000000 ) ) ;
#8654 = LINE ( 'NONE', #9519, #6748 ) ;
#8655 = PLANE ( 'NONE',  #3122 ) ;
#8656 = AXIS2_PLACEMENT_3D ( 'NONE', #166, #3423, #11268 ) ;
#8657 = FACE_BOUND ( 'NONE', #1392, .T. ) ;
#8658 = CARTESIAN_POINT ( 'NONE',  ( 32.00000000000000000, -0.9999999999999583666, 0.000000000000000000 ) ) ;
#8659 = ORIENTED_EDGE ( 'NONE', *, *, #11616, .F. ) ;
#8660 = CARTESIAN_POINT ( 'NONE',  ( 9.499999999999905853, 23.24999999999999289, -39.25000000000014211 ) ) ;
#8661 = AXIS2_PLACEMENT_3D ( 'NONE', #5497, #3688, #2700 ) ;
#8662 = AXIS2_PLACEMENT_3D ( 'NONE', #1203, #5267, #9315 ) ;
#8663 = DIRECTION ( 'NONE',  ( 0.000000000000000000, -0.000000000000000000, 1.000000000000000000 ) ) ;
#8664 = EDGE_CURVE ( 'NONE', #6352, #6216, #12084, .T. ) ;
#8665 = LINE ( 'NONE', #3620, #8413 ) ;
#8666 = VECTOR ( 'NONE', #263, 1000.000000000000000 ) ;
#8667 = ORIENTED_EDGE ( 'NONE', *, *, #4280, .F. ) ;
#8668 = VERTEX_POINT ( 'NONE', #2927 ) ;
#8669 = VECTOR ( 'NONE', #10451, 1000.000000000000000 ) ;
#8670 = CARTESIAN_POINT ( 'NONE',  ( 23.74999999999982947, -15.00000000000001066, 60.00000000000000711 ) ) ;
#8671 = CYLINDRICAL_SURFACE ( 'NONE', #2720, 4.000000000000010658 ) ;
#8672 = CARTESIAN_POINT ( 'NONE',  ( -34.00000000000003553, 29.99999999999999289, 42.60000000000000142 ) ) ;
#8673 = PLANE ( 'NONE',  #12912 ) ;
#8674 = FACE_OUTER_BOUND ( 'NONE', #2637, .T. ) ;
#8675 = VERTEX_POINT ( 'NONE', #9098 ) ;
#8676 = LINE ( 'NONE', #12463, #11144 ) ;
#8677 = VECTOR ( 'NONE', #3567, 1000.000000000000000 ) ;
#8678 = ADVANCED_FACE ( 'NONE', ( #5983 ), #9971, .F. ) ;
#8679 = DIRECTION ( 'NONE',  ( 0.000000000000000000, 1.000000000000000000, -0.000000000000000000 ) ) ;
#8680 = VERTEX_POINT ( 'NONE', #4044 ) ;
#8681 = EDGE_LOOP ( 'NONE', ( #4232, #1626 ) ) ;
#8682 = LINE ( 'NONE', #10745, #1388 ) ;
#8683 = VERTEX_POINT ( 'NONE', #871 ) ;
#8684 = ORIENTED_EDGE ( 'NONE', *, *, #4943, .F. ) ;
#8685 = VECTOR ( 'NONE', #1479, 1000.000000000000000 ) ;
#8686 = ADVANCED_FACE ( 'NONE', ( #3980 ), #4925, .T. ) ;
#8687 = EDGE_CURVE ( 'NONE', #6990, #165, #7091, .T. ) ;
#8688 = CARTESIAN_POINT ( 'NONE',  ( 89.99999999999994316, 23.99999999999998579, 6.000000000000000000 ) ) ;
#8689 = EDGE_CURVE ( 'NONE', #7202, #5402, #1788, .T. ) ;
#8690 = CARTESIAN_POINT ( 'NONE',  ( -23.75000000000000000, 19.99999999999998934, 13.85000000000000142 ) ) ;
#8691 = CARTESIAN_POINT ( 'NONE',  ( 23.00000000000002842, 19.99999999999999289, -40.00000000000000000 ) ) ;
#8692 = DIRECTION ( 'NONE',  ( -1.416100796715761603E-16, 0.000000000000000000, 1.000000000000000000 ) ) ;
#8693 = CARTESIAN_POINT ( 'NONE',  ( -86.00000000000004263, 25.99999999999999289, 56.00000000000000711 ) ) ;
#8694 = CARTESIAN_POINT ( 'NONE',  ( 35.74999999999983658, -10.00000000000000533, -25.50000000000000355 ) ) ;
#8695 = CARTESIAN_POINT ( 'NONE',  ( -18.75000000000000711, -31.75000000000000000, 22.60434383594886754 ) ) ;
#8696 = LINE ( 'NONE', #10833, #10564 ) ;
#8697 = LINE ( 'NONE', #10758, #11223 ) ;
#8698 = EDGE_CURVE ( 'NONE', #5231, #279, #13008, .T. ) ;
#8699 = DIRECTION ( 'NONE',  ( 0.000000000000000000, -1.000000000000000000, 0.000000000000000000 ) ) ;
#8700 = VERTEX_POINT ( 'NONE', #8044 ) ;
#8701 = VERTEX_POINT ( 'NONE', #2993 ) ;
#8702 = ADVANCED_FACE ( 'NONE', ( #12324, #10280, #4360 ), #187, .F. ) ;
#8703 = LINE ( 'NONE', #9562, #9043 ) ;
#8704 = DIRECTION ( 'NONE',  ( -0.000000000000000000, 1.000000000000000000, -0.000000000000000000 ) ) ;
#8705 = EDGE_CURVE ( 'NONE', #7941, #12227, #4385, .T. ) ;
#8706 = CARTESIAN_POINT ( 'NONE',  ( 29.75000000000002487, 9.999999999999968026, -34.75000000000000000 ) ) ;
#8707 = FACE_OUTER_BOUND ( 'NONE', #1363, .T. ) ;
#8708 = ADVANCED_FACE ( 'NONE', ( #12460 ), #11339, .F. ) ;
#8709 = CARTESIAN_POINT ( 'NONE',  ( 35.74999999999983658, -28.00000000000000355, -8.500000000000001776 ) ) ;
#8710 = VERTEX_POINT ( 'NONE', #11421 ) ;
#8711 = ORIENTED_EDGE ( 'NONE', *, *, #2070, .T. ) ;
#8712 = VERTEX_POINT ( 'NONE', #7279 ) ;
#8713 = ORIENTED_EDGE ( 'NONE', *, *, #804, .T. ) ;
#8714 = ORIENTED_EDGE ( 'NONE', *, *, #4016, .F. ) ;
#8715 = VERTEX_POINT ( 'NONE', #6174 ) ;
#8716 = DIRECTION ( 'NONE',  ( 1.000000000000000000, 0.000000000000000000, 0.000000000000000000 ) ) ;
#8717 = EDGE_CURVE ( 'NONE', #8543, #10096, #7424, .T. ) ;
#8718 = ORIENTED_EDGE ( 'NONE', *, *, #582, .F. ) ;
#8719 = CARTESIAN_POINT ( 'NONE',  ( -18.00000000000000355, 19.99999999999999289, -39.25000000000000000 ) ) ;
#8720 = DIRECTION ( 'NONE',  ( 0.000000000000000000, 0.000000000000000000, -1.000000000000000000 ) ) ;
#8721 = CARTESIAN_POINT ( 'NONE',  ( -31.99999999999997158, 1.000000000000000000, 0.000000000000000000 ) ) ;
#8722 = FACE_OUTER_BOUND ( 'NONE', #11795, .T. ) ;
#8723 = DIRECTION ( 'NONE',  ( -0.000000000000000000, -0.000000000000000000, -1.000000000000000000 ) ) ;
#8724 = DIRECTION ( 'NONE',  ( 1.000000000000000000, 0.000000000000000000, -6.195440985631457782E-17 ) ) ;
#8725 = DIRECTION ( 'NONE',  ( -4.336808689942018722E-16, 0.000000000000000000, -1.000000000000000000 ) ) ;
#8726 = ORIENTED_EDGE ( 'NONE', *, *, #1385, .T. ) ;
#8727 = EDGE_CURVE ( 'NONE', #7058, #4923, #6231, .T. ) ;
#8728 = LINE ( 'NONE', #8584, #6743 ) ;
#8729 = EDGE_CURVE ( 'NONE', #9937, #12599, #5237, .T. ) ;
#8730 = DIRECTION ( 'NONE',  ( 3.469446951953614189E-16, -1.000000000000000000, 0.000000000000000000 ) ) ;
#8731 = ORIENTED_EDGE ( 'NONE', *, *, #8870, .T. ) ;
#8732 = ORIENTED_EDGE ( 'NONE', *, *, #5974, .F. ) ;
#8733 = PLANE ( 'NONE',  #6091 ) ;
#8734 = DIRECTION ( 'NONE',  ( 0.000000000000000000, 0.000000000000000000, -1.000000000000000000 ) ) ;
#8735 = DIRECTION ( 'NONE',  ( 0.000000000000000000, 0.000000000000000000, -1.000000000000000000 ) ) ;
#8736 = EDGE_CURVE ( 'NONE', #8394, #5193, #299, .T. ) ;
#8737 = DIRECTION ( 'NONE',  ( 0.000000000000000000, 1.000000000000000000, 0.000000000000000000 ) ) ;
#8738 = CARTESIAN_POINT ( 'NONE',  ( 36.00000000000002842, 26.99999999999999289, 6.000000000000006217 ) ) ;
#8739 = EDGE_LOOP ( 'NONE', ( #7746, #4485, #152, #6336, #6257, #12471 ) ) ;
#8740 = CARTESIAN_POINT ( 'NONE',  ( 23.74999999999982236, 4.999999999999990230, 10.00000000000000000 ) ) ;
#8741 = FACE_OUTER_BOUND ( 'NONE', #4027, .T. ) ;
#8742 = EDGE_LOOP ( 'NONE', ( #1765, #5634, #390, #11863 ) ) ;
#8743 = VERTEX_POINT ( 'NONE', #12192 ) ;
#8744 = LINE ( 'NONE', #6622, #11171 ) ;
#8745 = ORIENTED_EDGE ( 'NONE', *, *, #9682, .F. ) ;
#8746 = ORIENTED_EDGE ( 'NONE', *, *, #12156, .T. ) ;
#8747 = FACE_BOUND ( 'NONE', #9796, .T. ) ;
#8748 = CARTESIAN_POINT ( 'NONE',  ( 18.75000000000001066, -43.50000000000000711, 51.00000000000000000 ) ) ;
#8749 = CARTESIAN_POINT ( 'NONE',  ( 0.000000000000000000, 23.24999999999999289, 0.000000000000000000 ) ) ;
#8750 = CARTESIAN_POINT ( 'NONE',  ( -18.75000000000000355, 38.26999999999998892, 22.60434383594887109 ) ) ;
#8751 = CARTESIAN_POINT ( 'NONE',  ( -70.00000000000000000, 19.99999999999998934, -12.40000000000001634 ) ) ;
#8752 = EDGE_CURVE ( 'NONE', #12300, #2252, #1174, .T. ) ;
#8753 = CARTESIAN_POINT ( 'NONE',  ( 28.74999999999982947, -26.00000000000000711, 6.000000000000000000 ) ) ;
#8754 = ORIENTED_EDGE ( 'NONE', *, *, #3305, .F. ) ;
#8755 = CARTESIAN_POINT ( 'NONE',  ( 28.75000000000000000, -33.65328382624345238, 15.68395384711746310 ) ) ;
#8756 = ORIENTED_EDGE ( 'NONE', *, *, #8717, .T. ) ;
#8757 = CARTESIAN_POINT ( 'NONE',  ( -86.00000000000004263, 23.99999999999998934, 60.00000000000000711 ) ) ;
#8758 = LINE ( 'NONE', #5719, #4428 ) ;
#8759 = VERTEX_POINT ( 'NONE', #9289 ) ;
#8760 = ORIENTED_EDGE ( 'NONE', *, *, #2613, .F. ) ;
#8761 = EDGE_CURVE ( 'NONE', #5284, #2094, #10973, .T. ) ;
#8762 = DIRECTION ( 'NONE',  ( -0.000000000000000000, 1.000000000000000000, -0.000000000000000000 ) ) ;
#8763 = CARTESIAN_POINT ( 'NONE',  ( -34.00000000000001421, 26.99999999999999289, 3.000000000000005773 ) ) ;
#8764 = EDGE_CURVE ( 'NONE', #6331, #9487, #11281, .T. ) ;
#8765 = DIRECTION ( 'NONE',  ( 1.000000000000000000, -0.000000000000000000, -0.000000000000000000 ) ) ;
#8766 = DIRECTION ( 'NONE',  ( 1.000000000000000000, -0.000000000000000000, 0.000000000000000000 ) ) ;
#8767 = ADVANCED_FACE ( 'NONE', ( #5432 ), #4171, .T. ) ;
#8768 = CARTESIAN_POINT ( 'NONE',  ( -86.00000000000004263, 23.99999999999998934, 56.00000000000000711 ) ) ;
#8769 = ORIENTED_EDGE ( 'NONE', *, *, #12102, .T. ) ;
#8770 = ORIENTED_EDGE ( 'NONE', *, *, #10228, .T. ) ;
#8771 = EDGE_CURVE ( 'NONE', #11872, #2139, #5166, .T. ) ;
#8772 = ORIENTED_EDGE ( 'NONE', *, *, #496, .F. ) ;
#8773 = ORIENTED_EDGE ( 'NONE', *, *, #7380, .F. ) ;
#8774 = ORIENTED_EDGE ( 'NONE', *, *, #5547, .F. ) ;
#8775 = ORIENTED_EDGE ( 'NONE', *, *, #7094, .T. ) ;
#8776 = CARTESIAN_POINT ( 'NONE',  ( -18.75000000000000355, -30.00000000000001066, 60.00000000000000711 ) ) ;
#8777 = ORIENTED_EDGE ( 'NONE', *, *, #7868, .T. ) ;
#8778 = LINE ( 'NONE', #11855, #7118 ) ;
#8779 = DIRECTION ( 'NONE',  ( -0.000000000000000000, 1.000000000000000000, -0.000000000000000000 ) ) ;
#8780 = EDGE_CURVE ( 'NONE', #6620, #11624, #6301, .T. ) ;
#8781 = DIRECTION ( 'NONE',  ( 0.000000000000000000, 0.000000000000000000, 1.000000000000000000 ) ) ;
#8782 = EDGE_CURVE ( 'NONE', #4065, #661, #241, .T. ) ;
#8783 = PLANE ( 'NONE',  #9054 ) ;
#8784 = LINE ( 'NONE', #12966, #5892 ) ;
#8785 = CARTESIAN_POINT ( 'NONE',  ( 28.75000000000000711, 29.99999999999999289, 60.00000000000000711 ) ) ;
#8786 = CARTESIAN_POINT ( 'NONE',  ( -23.75000000000000711, -30.00000000000001421, 19.00747019346432154 ) ) ;
#8787 = ORIENTED_EDGE ( 'NONE', *, *, #6373, .F. ) ;
#8788 = DIRECTION ( 'NONE',  ( 0.000000000000000000, 0.000000000000000000, -1.000000000000000000 ) ) ;
#8789 = ORIENTED_EDGE ( 'NONE', *, *, #7457, .T. ) ;
#8790 = EDGE_CURVE ( 'NONE', #10139, #3461, #1842, .T. ) ;
#8791 = CARTESIAN_POINT ( 'NONE',  ( 32.74999999999983658, -16.00000000000000711, -11.50000000000000000 ) ) ;
#8792 = ORIENTED_EDGE ( 'NONE', *, *, #5425, .F. ) ;
#8793 = EDGE_LOOP ( 'NONE', ( #681, #7072, #11607, #6594, #2552 ) ) ;
#8794 = ADVANCED_FACE ( 'NONE', ( #9407 ), #3189, .T. ) ;
#8795 = EDGE_CURVE ( 'NONE', #12655, #6506, #8233, .T. ) ;
#8796 = CARTESIAN_POINT ( 'NONE',  ( -23.74999999999999645, 28.72393048225720946, 13.38665202235689122 ) ) ;
#8797 = LINE ( 'NONE', #3937, #9923 ) ;
#8798 = LINE ( 'NONE', #3938, #9898 ) ;
#8799 = CARTESIAN_POINT ( 'NONE',  ( 0.000000000000000000, 26.99999999999999289, 44.59999999999999432 ) ) ;
#8800 = DIRECTION ( 'NONE',  ( 0.000000000000000000, 0.000000000000000000, 1.000000000000000000 ) ) ;
#8801 = AXIS2_PLACEMENT_3D ( 'NONE', #2809, #6846, #10902 ) ;
#8802 = ORIENTED_EDGE ( 'NONE', *, *, #6741, .F. ) ;
#8803 = DIRECTION ( 'NONE',  ( 0.000000000000000000, -1.000000000000000000, -4.625929269271485914E-16 ) ) ;
#8804 = CARTESIAN_POINT ( 'NONE',  ( -23.74999999999998934, 4.999999999999990230, 60.00000000000000711 ) ) ;
#8805 = ORIENTED_EDGE ( 'NONE', *, *, #8030, .T. ) ;
#8806 = ORIENTED_EDGE ( 'NONE', *, *, #11080, .F. ) ;
#8807 = DIRECTION ( 'NONE',  ( 1.000000000000000000, 0.000000000000000000, -0.000000000000000000 ) ) ;
#8808 = EDGE_CURVE ( 'NONE', #7421, #10930, #2579, .T. ) ;
#8809 = VERTEX_POINT ( 'NONE', #1709 ) ;
#8810 = ORIENTED_EDGE ( 'NONE', *, *, #2388, .T. ) ;
#8811 = CIRCLE ( 'NONE', #2440, 1.500000000000001332 ) ;
#8812 = ORIENTED_EDGE ( 'NONE', *, *, #12011, .F. ) ;
#8813 = DIRECTION ( 'NONE',  ( -0.000000000000000000, 1.000000000000000000, -0.000000000000000000 ) ) ;
#8814 = CARTESIAN_POINT ( 'NONE',  ( 31.00000000000004619, 29.99999999999999289, 5.377642775528110197E-14 ) ) ;
#8815 = PLANE ( 'NONE',  #11591 ) ;
#8816 = CARTESIAN_POINT ( 'NONE',  ( 66.00000000000002842, 26.99999999999999289, 60.00000000000000711 ) ) ;
#8817 = DIRECTION ( 'NONE',  ( 1.000000000000000000, -0.000000000000000000, -0.000000000000000000 ) ) ;
#8818 = AXIS2_PLACEMENT_3D ( 'NONE', #10635, #518, #460 ) ;
#8819 = DIRECTION ( 'NONE',  ( 0.000000000000000000, 0.000000000000000000, -1.000000000000000000 ) ) ;
#8820 = VERTEX_POINT ( 'NONE', #12527 ) ;
#8821 = FACE_OUTER_BOUND ( 'NONE', #9020, .T. ) ;
#8822 = VECTOR ( 'NONE', #3256, 1000.000000000000000 ) ;
#8823 = DIRECTION ( 'NONE',  ( 0.000000000000000000, 0.000000000000000000, -1.000000000000000000 ) ) ;
#8824 = CARTESIAN_POINT ( 'NONE',  ( -86.00000000000004263, 0.000000000000000000, 60.00000000000000711 ) ) ;
#8825 = EDGE_LOOP ( 'NONE', ( #818, #10021, #10232, #114 ) ) ;
#8826 = ORIENTED_EDGE ( 'NONE', *, *, #8468, .T. ) ;
#8827 = ORIENTED_EDGE ( 'NONE', *, *, #10875, .T. ) ;
#8828 = EDGE_CURVE ( 'NONE', #9955, #10255, #1447, .T. ) ;
#8829 = CIRCLE ( 'NONE', #6711, 1.500000000000001332 ) ;
#8830 = AXIS2_PLACEMENT_3D ( 'NONE', #10435, #8366, #2258 ) ;
#8831 = CARTESIAN_POINT ( 'NONE',  ( -66.00000000000002842, 26.99999999999999289, 0.000000000000000000 ) ) ;
#8832 = LINE ( 'NONE', #6582, #4353 ) ;
#8833 = CIRCLE ( 'NONE', #4158, 4.000000000000003553 ) ;
#8834 = AXIS2_PLACEMENT_3D ( 'NONE', #10267, #1159, #6219 ) ;
#8835 = LINE ( 'NONE', #5853, #11550 ) ;
#8836 = VECTOR ( 'NONE', #4711, 1000.000000000000000 ) ;
#8837 = LINE ( 'NONE', #12953, #12647 ) ;
#8838 = AXIS2_PLACEMENT_3D ( 'NONE', #10723, #1606, #9858 ) ;
#8839 = AXIS2_PLACEMENT_3D ( 'NONE', #8159, #7159, #11225 ) ;
#8840 = ADVANCED_FACE ( 'NONE', ( #11612 ), #447, .F. ) ;
#8841 = FACE_OUTER_BOUND ( 'NONE', #8638, .T. ) ;
#8842 = EDGE_LOOP ( 'NONE', ( #8290, #4673, #10747, #554, #2161, #7363, #7685, #8908, #7087, #5137, #1852, #5797, #8644, #12742, #4437, #9032 ) ) ;
#8843 = VERTEX_POINT ( 'NONE', #7479 ) ;
#8844 = ORIENTED_EDGE ( 'NONE', *, *, #11710, .F. ) ;
#8845 = ADVANCED_FACE ( 'NONE', ( #3439 ), #6629, .T. ) ;
#8846 = VECTOR ( 'NONE', #6057, 1000.000000000000000 ) ;
#8847 = ORIENTED_EDGE ( 'NONE', *, *, #4293, .F. ) ;
#8848 = ORIENTED_EDGE ( 'NONE', *, *, #2022, .T. ) ;
#8849 = VERTEX_POINT ( 'NONE', #10682 ) ;
#8850 = VECTOR ( 'NONE', #2117, 1000.000000000000000 ) ;
#8851 = CARTESIAN_POINT ( 'NONE',  ( 46.00000000000004263, 26.99999999999999289, 30.39999999999999147 ) ) ;
#8852 = VERTEX_POINT ( 'NONE', #3702 ) ;
#8853 = PRESENTATION_LAYER_ASSIGNMENT (  '', '', ( #12438 ) ) ;
#8854 = LINE ( 'NONE', #3462, #7976 ) ;
#8855 = CARTESIAN_POINT ( 'NONE',  ( 31.00000000000003908, 26.99999999999999289, -7.000000000000000000 ) ) ;
#8856 = CARTESIAN_POINT ( 'NONE',  ( -31.99999999999997158, 1.000000000000000000, 0.000000000000000000 ) ) ;
#8857 = CIRCLE ( 'NONE', #10158, 4.000000000000000000 ) ;
#8858 = VECTOR ( 'NONE', #11501, 1000.000000000000000 ) ;
#8859 = PLANE ( 'NONE',  #6947 ) ;
#8860 = DIRECTION ( 'NONE',  ( 1.000000000000000000, 0.000000000000000000, 0.000000000000000000 ) ) ;
#8861 = CARTESIAN_POINT ( 'NONE',  ( 0.000000000000000000, 26.99999999999999289, 8.000000000000007105 ) ) ;
#8862 = LINE ( 'NONE', #751, #6510 ) ;
#8863 = ORIENTED_EDGE ( 'NONE', *, *, #5609, .T. ) ;
#8864 = VECTOR ( 'NONE', #10748, 1000.000000000000000 ) ;
#8865 = DIRECTION ( 'NONE',  ( 1.000000000000000000, -0.000000000000000000, 0.000000000000000000 ) ) ;
#8866 = ORIENTED_EDGE ( 'NONE', *, *, #11867, .F. ) ;
#8867 = AXIS2_PLACEMENT_3D ( 'NONE', #5713, #5091, #8136 ) ;
#8868 = VECTOR ( 'NONE', #7732, 999.9999999999998863 ) ;
#8869 = VECTOR ( 'NONE', #10958, 1000.000000000000000 ) ;
#8870 = EDGE_CURVE ( 'NONE', #6364, #12224, #382, .T. ) ;
#8871 = VERTEX_POINT ( 'NONE', #5512 ) ;
#8872 = VERTEX_POINT ( 'NONE', #2435 ) ;
#8873 = AXIS2_PLACEMENT_3D ( 'NONE', #1498, #503, #12657 ) ;
#8874 = AXIS2_PLACEMENT_3D ( 'NONE', #558, #2626, #11527 ) ;
#8875 = DIRECTION ( 'NONE',  ( 4.163336342344333240E-14, 0.000000000000000000, 1.000000000000000000 ) ) ;
#8876 = PLANE ( 'NONE',  #6742 ) ;
#8877 = DIRECTION ( 'NONE',  ( 0.000000000000000000, 1.000000000000000000, -0.000000000000000000 ) ) ;
#8878 = FACE_OUTER_BOUND ( 'NONE', #3058, .T. ) ;
#8879 = VECTOR ( 'NONE', #8236, 1000.000000000000000 ) ;
#8880 = DIRECTION ( 'NONE',  ( -0.000000000000000000, -1.000000000000000000, 4.625929269271485914E-16 ) ) ;
#8881 = AXIS2_PLACEMENT_3D ( 'NONE', #3912, #9836, #1731 ) ;
#8882 = ORIENTED_EDGE ( 'NONE', *, *, #6347, .F. ) ;
#8883 = CARTESIAN_POINT ( 'NONE',  ( -40.00000000000000711, -20.00000000000000711, 0.000000000000000000 ) ) ;
#8884 = EDGE_CURVE ( 'NONE', #5649, #8871, #1558, .T. ) ;
#8885 = CARTESIAN_POINT ( 'NONE',  ( -23.75000000000000000, 19.99999999999998934, 44.85000000000000142 ) ) ;
#8886 = AXIS2_PLACEMENT_3D ( 'NONE', #1331, #11504, #8511 ) ;
#8887 = EDGE_CURVE ( 'NONE', #6006, #11488, #5656, .T. ) ;
#8888 = ORIENTED_EDGE ( 'NONE', *, *, #6249, .T. ) ;
#8889 = PLANE ( 'NONE',  #6921 ) ;
#8890 = AXIS2_PLACEMENT_3D ( 'NONE', #3023, #11126, #11876 ) ;
#8891 = VERTEX_POINT ( 'NONE', #1501 ) ;
#8892 = ORIENTED_EDGE ( 'NONE', *, *, #6140, .T. ) ;
#8893 = VECTOR ( 'NONE', #7759, 1000.000000000000000 ) ;
#8894 = ORIENTED_EDGE ( 'NONE', *, *, #6248, .T. ) ;
#8895 = CARTESIAN_POINT ( 'NONE',  ( 34.00000000000002842, 26.99999999999999289, 0.000000000000000000 ) ) ;
#8896 = EDGE_CURVE ( 'NONE', #7917, #4907, #8495, .T. ) ;
#8897 = DIRECTION ( 'NONE',  ( -1.000000000000000000, -0.000000000000000000, -0.000000000000000000 ) ) ;
#8898 = DIRECTION ( 'NONE',  ( 0.000000000000000000, -1.000000000000000000, 0.000000000000000000 ) ) ;
#8899 = AXIS2_PLACEMENT_3D ( 'NONE', #4496, #12575, #1358 ) ;
#8900 = DIRECTION ( 'NONE',  ( -0.000000000000000000, 0.9119215051751055068, 0.4103646773287998317 ) ) ;
#8901 = CARTESIAN_POINT ( 'NONE',  ( 32.75615390495887880, -30.00000000000000711, -11.42179492079920600 ) ) ;
#8902 = CARTESIAN_POINT ( 'NONE',  ( -23.74999999999999645, 3.500000000000096811, 67.50999999999999091 ) ) ;
#8903 = EDGE_CURVE ( 'NONE', #12207, #6551, #10827, .T. ) ;
#8904 = EDGE_CURVE ( 'NONE', #9946, #10488, #6295, .T. ) ;
#8905 = LINE ( 'NONE', #12943, #157 ) ;
#8906 = DIRECTION ( 'NONE',  ( 0.000000000000000000, 0.000000000000000000, -1.000000000000000000 ) ) ;
#8907 = DIRECTION ( 'NONE',  ( 0.000000000000000000, 0.000000000000000000, 1.000000000000000000 ) ) ;
#8908 = ORIENTED_EDGE ( 'NONE', *, *, #8727, .T. ) ;
#8909 = ORIENTED_EDGE ( 'NONE', *, *, #6448, .T. ) ;
#8910 = AXIS2_PLACEMENT_3D ( 'NONE', #2973, #9948, #769 ) ;
#8911 = DIRECTION ( 'NONE',  ( -1.000000000000000000, 0.000000000000000000, 0.000000000000000000 ) ) ;
#8912 = PLANE ( 'NONE',  #8183 ) ;
#8913 = CARTESIAN_POINT ( 'NONE',  ( 46.00000000000004974, 26.99999999999999289, 0.000000000000000000 ) ) ;
#8914 = EDGE_CURVE ( 'NONE', #2094, #1516, #10751, .T. ) ;
#8915 = DIRECTION ( 'NONE',  ( 0.000000000000000000, 0.000000000000000000, 1.000000000000000000 ) ) ;
#8916 = DIRECTION ( 'NONE',  ( 0.000000000000000000, 0.000000000000000000, 1.000000000000000000 ) ) ;
#8917 = CARTESIAN_POINT ( 'NONE',  ( 80.00000000000000000, -20.00000000000000711, -40.00000000000000000 ) ) ;
#8918 = EDGE_LOOP ( 'NONE', ( #11851, #9075 ) ) ;
#8919 = ORIENTED_EDGE ( 'NONE', *, *, #12156, .F. ) ;
#8920 = ORIENTED_EDGE ( 'NONE', *, *, #4993, .F. ) ;
#8921 = CARTESIAN_POINT ( 'NONE',  ( 23.75000000000000000, 0.000000000000000000, 60.00000000000000711 ) ) ;
#8922 = EDGE_LOOP ( 'NONE', ( #3607, #6068, #7973, #5574 ) ) ;
#8923 = ORIENTED_EDGE ( 'NONE', *, *, #491, .F. ) ;
#8924 = VERTEX_POINT ( 'NONE', #10550 ) ;
#8925 = ORIENTED_EDGE ( 'NONE', *, *, #10622, .T. ) ;
#8926 = FACE_OUTER_BOUND ( 'NONE', #5620, .T. ) ;
#8927 = DIRECTION ( 'NONE',  ( 1.000000000000000000, -0.000000000000000000, 0.000000000000000000 ) ) ;
#8928 = CARTESIAN_POINT ( 'NONE',  ( 28.74999999999982947, -30.00000000000001421, 60.00000000000000711 ) ) ;
#8929 = FACE_OUTER_BOUND ( 'NONE', #5041, .T. ) ;
#8930 = DIRECTION ( 'NONE',  ( -0.000000000000000000, -1.000000000000000000, -0.000000000000000000 ) ) ;
#8931 = EDGE_CURVE ( 'NONE', #3130, #5227, #5232, .T. ) ;
#8932 = FACE_OUTER_BOUND ( 'NONE', #9768, .T. ) ;
#8933 = ORIENTED_EDGE ( 'NONE', *, *, #12273, .F. ) ;
#8934 = DIRECTION ( 'NONE',  ( 0.000000000000000000, 0.000000000000000000, -1.000000000000000000 ) ) ;
#8935 = ORIENTED_EDGE ( 'NONE', *, *, #10186, .F. ) ;
#8936 = EDGE_CURVE ( 'NONE', #1569, #9330, #5624, .T. ) ;
#8937 = ADVANCED_FACE ( 'NONE', ( #12660 ), #7630, .T. ) ;
#8938 = LINE ( 'NONE', #5885, #783 ) ;
#8939 = ORIENTED_EDGE ( 'NONE', *, *, #4578, .F. ) ;
#8940 = ORIENTED_EDGE ( 'NONE', *, *, #8070, .F. ) ;
#8941 = FACE_OUTER_BOUND ( 'NONE', #4987, .T. ) ;
#8942 = CARTESIAN_POINT ( 'NONE',  ( -62.90000000000004121, 26.99999999999999289, 0.000000000000000000 ) ) ;
#8943 = LINE ( 'NONE', #894, #8196 ) ;
#8944 = DIRECTION ( 'NONE',  ( 1.000000000000000000, 0.000000000000000000, 0.000000000000000000 ) ) ;
#8945 = EDGE_CURVE ( 'NONE', #3025, #11630, #657, .T. ) ;
#8946 = DIRECTION ( 'NONE',  ( 0.000000000000000000, 0.000000000000000000, 1.000000000000000000 ) ) ;
#8947 = VERTEX_POINT ( 'NONE', #8691 ) ;
#8948 = EDGE_CURVE ( 'NONE', #414, #11624, #12791, .T. ) ;
#8949 = CARTESIAN_POINT ( 'NONE',  ( 28.74999999999982947, 10.50000000000008527, 50.50000000000000000 ) ) ;
#8950 = DIRECTION ( 'NONE',  ( 1.445602896647347791E-16, 0.000000000000000000, 1.000000000000000000 ) ) ;
#8951 = EDGE_CURVE ( 'NONE', #12451, #5617, #1773, .T. ) ;
#8952 = ORIENTED_EDGE ( 'NONE', *, *, #2184, .F. ) ;
#8953 = ADVANCED_FACE ( 'NONE', ( #13126 ), #858, .F. ) ;
#8954 = DIRECTION ( 'NONE',  ( 0.000000000000000000, 0.000000000000000000, -1.000000000000000000 ) ) ;
#8955 = EDGE_LOOP ( 'NONE', ( #5939, #6827, #11530, #8639 ) ) ;
#8956 = VERTEX_POINT ( 'NONE', #4032 ) ;
#8957 = ADVANCED_FACE ( 'NONE', ( #6885 ), #8815, .F. ) ;
#8958 = CARTESIAN_POINT ( 'NONE',  ( 62.90000000000004121, 26.99999999999999289, 56.00000000000000000 ) ) ;
#8959 = PLANE ( 'NONE',  #561 ) ;
#8960 = LINE ( 'NONE', #13052, #7553 ) ;
#8961 = FACE_OUTER_BOUND ( 'NONE', #2142, .T. ) ;
#8962 = ADVANCED_FACE ( 'NONE', ( #12937 ), #11940, .F. ) ;
#8963 = ORIENTED_EDGE ( 'NONE', *, *, #1898, .F. ) ;
#8964 = CARTESIAN_POINT ( 'NONE',  ( 85.99999999999994316, 19.99999999999998934, 10.00000000000000000 ) ) ;
#8965 = CARTESIAN_POINT ( 'NONE',  ( 0.000000000000000000, 29.99999999999999289, 18.19999999999999574 ) ) ;
#8966 = FACE_OUTER_BOUND ( 'NONE', #2939, .T. ) ;
#8967 = ORIENTED_EDGE ( 'NONE', *, *, #397, .F. ) ;
#8968 = EDGE_CURVE ( 'NONE', #12079, #6366, #3778, .T. ) ;
#8969 = EDGE_LOOP ( 'NONE', ( #2361, #13120, #6686, #3650 ) ) ;
#8970 = EDGE_LOOP ( 'NONE', ( #6190, #12149, #12849, #7427 ) ) ;
#8971 = EDGE_CURVE ( 'NONE', #1212, #1733, #3838, .T. ) ;
#8972 = LINE ( 'NONE', #3795, #9461 ) ;
#8973 = DIRECTION ( 'NONE',  ( 0.000000000000000000, 0.000000000000000000, -1.000000000000000000 ) ) ;
#8974 = FACE_OUTER_BOUND ( 'NONE', #2737, .T. ) ;
#8975 = DIRECTION ( 'NONE',  ( 0.000000000000000000, 0.4103646773287998317, -0.9119215051751055068 ) ) ;
#8976 = DIRECTION ( 'NONE',  ( 1.000000000000000000, 0.000000000000000000, 1.621669098212715511E-16 ) ) ;
#8977 = ORIENTED_EDGE ( 'NONE', *, *, #8904, .F. ) ;
#8978 = ORIENTED_EDGE ( 'NONE', *, *, #7820, .T. ) ;
#8979 = ORIENTED_EDGE ( 'NONE', *, *, #9294, .F. ) ;
#8980 = ORIENTED_EDGE ( 'NONE', *, *, #13111, .F. ) ;
#8981 = ORIENTED_EDGE ( 'NONE', *, *, #3418, .T. ) ;
#8982 = DIRECTION ( 'NONE',  ( -0.9486832980505138790, -0.3162277660168377191, 0.000000000000000000 ) ) ;
#8983 = CARTESIAN_POINT ( 'NONE',  ( 30.00000000000002842, -20.00000000000000355, -11.50000000000000000 ) ) ;
#8984 = CARTESIAN_POINT ( 'NONE',  ( 0.000000000000000000, -26.00000000000000711, 10.00000000000000000 ) ) ;
#8985 = DIRECTION ( 'NONE',  ( -1.000000000000000000, -0.000000000000000000, -0.000000000000000000 ) ) ;
#8986 = CARTESIAN_POINT ( 'NONE',  ( 0.000000000000000000, 26.99999999999999289, 45.99999999999999289 ) ) ;
#8987 = ORIENTED_EDGE ( 'NONE', *, *, #11489, .F. ) ;
#8988 = DIRECTION ( 'NONE',  ( 1.387778780781444413E-14, 0.000000000000000000, -1.000000000000000000 ) ) ;
#8989 = CARTESIAN_POINT ( 'NONE',  ( 28.75000000000001066, 37.53999999999999204, 53.50000000000000711 ) ) ;
#8990 = ADVANCED_FACE ( 'NONE', ( #3035 ), #8959, .F. ) ;
#8991 = VERTEX_POINT ( 'NONE', #965 ) ;
#8992 = ORIENTED_EDGE ( 'NONE', *, *, #9374, .F. ) ;
#8993 = CARTESIAN_POINT ( 'NONE',  ( -58.25000000000019185, -20.49999999999991473, 19.50000000000000355 ) ) ;
#8994 = CARTESIAN_POINT ( 'NONE',  ( -23.75000000000000000, 4.999999999999997335, 13.85000000000000853 ) ) ;
#8995 = LINE ( 'NONE', #11071, #10971 ) ;
#8996 = EDGE_CURVE ( 'NONE', #1964, #2962, #13051, .T. ) ;
#8997 = LINE ( 'NONE', #13037, #9295 ) ;
#8998 = CARTESIAN_POINT ( 'NONE',  ( 23.75000000000000000, -30.00000000000001421, 56.15000000000000568 ) ) ;
#8999 = ORIENTED_EDGE ( 'NONE', *, *, #9676, .T. ) ;
#9000 = CYLINDRICAL_SURFACE ( 'NONE', #3921, 2.500000000000002220 ) ;
#9001 = FACE_OUTER_BOUND ( 'NONE', #1440, .T. ) ;
#9002 = ORIENTED_EDGE ( 'NONE', *, *, #3485, .F. ) ;
#9003 = EDGE_CURVE ( 'NONE', #11769, #4081, #3892, .T. ) ;
#9004 = DIRECTION ( 'NONE',  ( 0.000000000000000000, -0.4224229034221534951, -0.9063988584858202469 ) ) ;
#9005 = ORIENTED_EDGE ( 'NONE', *, *, #7549, .T. ) ;
#9006 = EDGE_LOOP ( 'NONE', ( #7760, #1764 ) ) ;
#9007 = FILL_AREA_STYLE ('',( #1841 ) ) ;
#9008 = DIRECTION ( 'NONE',  ( 0.000000000000000000, 0.000000000000000000, 1.000000000000000000 ) ) ;
#9009 = CARTESIAN_POINT ( 'NONE',  ( 0.000000000000000000, 29.99999999999999289, 48.00000000000000000 ) ) ;
#9010 = CARTESIAN_POINT ( 'NONE',  ( 33.28076952479507611, -30.00000000000000711, -25.89102539600397890 ) ) ;
#9011 = DIRECTION ( 'NONE',  ( 1.000000000000000000, -0.000000000000000000, -0.000000000000000000 ) ) ;
#9012 = CARTESIAN_POINT ( 'NONE',  ( 18.75000000000000355, 19.99999999999998934, 60.00000000000000711 ) ) ;
#9013 = ORIENTED_EDGE ( 'NONE', *, *, #4551, .F. ) ;
#9014 = DIRECTION ( 'NONE',  ( 1.000000000000000000, -0.000000000000000000, -0.000000000000000000 ) ) ;
#9015 = DIRECTION ( 'NONE',  ( -1.000000000000000000, 0.000000000000000000, -0.000000000000000000 ) ) ;
#9016 = EDGE_CURVE ( 'NONE', #9975, #8924, #5911, .T. ) ;
#9017 = VERTEX_POINT ( 'NONE', #4913 ) ;
#9018 = VERTEX_POINT ( 'NONE', #5837 ) ;
#9019 = VECTOR ( 'NONE', #4905, 1000.000000000000000 ) ;
#9020 = EDGE_LOOP ( 'NONE', ( #1284, #5106, #3000, #2808, #2180, #12815, #4230, #6088, #1700, #317, #11765, #11961, #10333, #233, #427, #10192, #1144, #4161, #250, #8169, #8773, #9068, #10159, #3731, #4522, #9812, #10956, #5144, #12319, #10690, #1634, #946, #8963, #7103, #10837, #2584, #5273, #12975, #3092, #3819, #4574, #11959, #7785, #8980, #1996, #1249, #12449, #3264, #5480, #2297, #11109, #2817, #652, #4884, #2219, #8848, #2210, #2541, #1310, #697, #12767, #12182, #10216, #929, #7926, #5365, #12854, #6403, #1397, #10534, #10964, #11934, #3407, #11887 ) ) ;
#9021 = ADVANCED_FACE ( 'NONE', ( #9959 ), #11997, .F. ) ;
#9022 = FACE_OUTER_BOUND ( 'NONE', #5732, .T. ) ;
#9023 = VECTOR ( 'NONE', #416, 1000.000000000000000 ) ;
#9024 = DIRECTION ( 'NONE',  ( 0.000000000000000000, 0.4224229034221534951, 0.9063988584858202469 ) ) ;
#9025 = EDGE_CURVE ( 'NONE', #12007, #11045, #1917, .T. ) ;
#9026 = AXIS2_PLACEMENT_3D ( 'NONE', #123, #7238, #4458 ) ;
#9027 = DIRECTION ( 'NONE',  ( 0.000000000000000000, 0.000000000000000000, 1.000000000000000000 ) ) ;
#9028 = PLANE ( 'NONE',  #8420 ) ;
#9029 = CARTESIAN_POINT ( 'NONE',  ( 44.00000000000004263, 29.99999999999999289, 30.39999999999999147 ) ) ;
#9030 = DIRECTION ( 'NONE',  ( -0.000000000000000000, 1.000000000000000000, -0.000000000000000000 ) ) ;
#9031 = VERTEX_POINT ( 'NONE', #12070 ) ;
#9032 = ORIENTED_EDGE ( 'NONE', *, *, #11293, .F. ) ;
#9033 = ORIENTED_EDGE ( 'NONE', *, *, #7962, .F. ) ;
#9034 = VECTOR ( 'NONE', #4313, 1000.000000000000000 ) ;
#9035 = CIRCLE ( 'NONE', #3509, 4.000000000000003553 ) ;
#9036 = VECTOR ( 'NONE', #9745, 999.9999999999998863 ) ;
#9037 = ORIENTED_EDGE ( 'NONE', *, *, #9240, .F. ) ;
#9038 = ORIENTED_EDGE ( 'NONE', *, *, #5644, .F. ) ;
#9039 = DIRECTION ( 'NONE',  ( -0.000000000000000000, 1.000000000000000000, -0.000000000000000000 ) ) ;
#9040 = DIRECTION ( 'NONE',  ( -0.000000000000000000, 1.000000000000000000, -0.000000000000000000 ) ) ;
#9041 = DIRECTION ( 'NONE',  ( 1.000000000000000000, -0.000000000000000000, -0.000000000000000000 ) ) ;
#9042 = AXIS2_PLACEMENT_3D ( 'NONE', #12853, #11679, #3769 ) ;
#9043 = VECTOR ( 'NONE', #12743, 1000.000000000000000 ) ;
#9044 = DIRECTION ( 'NONE',  ( -1.000000000000000000, 0.000000000000000000, -0.000000000000000000 ) ) ;
#9045 = CARTESIAN_POINT ( 'NONE',  ( -31.00000000000003908, 26.99999999999999289, 5.000000000000003553 ) ) ;
#9046 = CARTESIAN_POINT ( 'NONE',  ( -33.00000000000004263, 26.99999999999999289, 3.000000000000004441 ) ) ;
#9047 = ORIENTED_EDGE ( 'NONE', *, *, #10698, .T. ) ;
#9048 = CARTESIAN_POINT ( 'NONE',  ( 33.24999999999983658, -5.000000000000004441, -22.50000000000000355 ) ) ;
#9049 = VERTEX_POINT ( 'NONE', #11889 ) ;
#9050 = VECTOR ( 'NONE', #12492, 1000.000000000000000 ) ;
#9051 = ADVANCED_FACE ( 'NONE', ( #2794 ), #4770, .F. ) ;
#9052 = VECTOR ( 'NONE', #10024, 1000.000000000000000 ) ;
#9053 = EDGE_CURVE ( 'NONE', #3525, #2194, #908, .T. ) ;
#9054 = AXIS2_PLACEMENT_3D ( 'NONE', #692, #12824, #13024 ) ;
#9055 = VECTOR ( 'NONE', #6569, 1000.000000000000000 ) ;
#9056 = CARTESIAN_POINT ( 'NONE',  ( 23.74999999999982947, -15.00000000000001066, 25.15000000000000568 ) ) ;
#9057 = ORIENTED_EDGE ( 'NONE', *, *, #4152, .F. ) ;
#9058 = VERTEX_POINT ( 'NONE', #4969 ) ;
#9059 = VECTOR ( 'NONE', #2749, 1000.000000000000000 ) ;
#9060 = LINE ( 'NONE', #12919, #12436 ) ;
#9061 = CARTESIAN_POINT ( 'NONE',  ( 23.74999999999999289, 10.50000000000008527, 50.50000000000000000 ) ) ;
#9062 = DIRECTION ( 'NONE',  ( 1.000000000000000000, 0.000000000000000000, -6.195440985631457782E-17 ) ) ;
#9063 = VECTOR ( 'NONE', #10885, 1000.000000000000000 ) ;
#9064 = CARTESIAN_POINT ( 'NONE',  ( 34.00000000000003553, 26.99999999999999289, 0.000000000000000000 ) ) ;
#9065 = VECTOR ( 'NONE', #11525, 1000.000000000000000 ) ;
#9066 = VECTOR ( 'NONE', #6696, 1000.000000000000000 ) ;
#9067 = DIRECTION ( 'NONE',  ( 0.000000000000000000, 0.000000000000000000, -1.000000000000000000 ) ) ;
#9068 = ORIENTED_EDGE ( 'NONE', *, *, #501, .F. ) ;
#9069 = DIRECTION ( 'NONE',  ( 1.000000000000000000, 0.000000000000000000, -0.000000000000000000 ) ) ;
#9070 = CARTESIAN_POINT ( 'NONE',  ( -18.00000000000000355, 23.24999999999999289, -39.25000000000000000 ) ) ;
#9071 = ORIENTED_EDGE ( 'NONE', *, *, #7094, .F. ) ;
#9072 = AXIS2_PLACEMENT_3D ( 'NONE', #2495, #10604, #1487 ) ;
#9073 = VECTOR ( 'NONE', #2521, 1000.000000000000000 ) ;
#9074 = CARTESIAN_POINT ( 'NONE',  ( 23.74999999999999289, -20.49999999999991473, 21.00000000000000355 ) ) ;
#9075 = ORIENTED_EDGE ( 'NONE', *, *, #9176, .T. ) ;
#9076 = CARTESIAN_POINT ( 'NONE',  ( 36.00000000000003553, 26.99999999999999289, 54.00000000000000000 ) ) ;
#9077 = VECTOR ( 'NONE', #3962, 1000.000000000000000 ) ;
#9078 = ORIENTED_EDGE ( 'NONE', *, *, #10638, .T. ) ;
#9079 = VERTEX_POINT ( 'NONE', #9881 ) ;
#9080 = PLANE ( 'NONE',  #12892 ) ;
#9081 = VECTOR ( 'NONE', #10342, 1000.000000000000000 ) ;
#9082 = CARTESIAN_POINT ( 'NONE',  ( 85.99999999999991473, -30.00000000000000711, -24.00000000000000000 ) ) ;
#9083 = DIRECTION ( 'NONE',  ( -1.000000000000000000, 0.000000000000000000, 0.000000000000000000 ) ) ;
#9084 = LINE ( 'NONE', #3840, #5482 ) ;
#9085 = ORIENTED_EDGE ( 'NONE', *, *, #3418, .F. ) ;
#9086 = CIRCLE ( 'NONE', #9304, 10.00000000000000178 ) ;
#9087 = DIRECTION ( 'NONE',  ( 0.000000000000000000, 0.000000000000000000, 1.000000000000000000 ) ) ;
#9088 = ORIENTED_EDGE ( 'NONE', *, *, #6020, .F. ) ;
#9089 = AXIS2_PLACEMENT_3D ( 'NONE', #9064, #12054, #10126 ) ;
#9090 = ORIENTED_EDGE ( 'NONE', *, *, #9159, .T. ) ;
#9091 = VECTOR ( 'NONE', #11158, 1000.000000000000000 ) ;
#9092 = EDGE_CURVE ( 'NONE', #12518, #12829, #1043, .T. ) ;
#9093 = ADVANCED_FACE ( 'NONE', ( #4341 ), #7266, .F. ) ;
#9094 = ORIENTED_EDGE ( 'NONE', *, *, #861, .T. ) ;
#9095 = VECTOR ( 'NONE', #306, 1000.000000000000000 ) ;
#9096 = LINE ( 'NONE', #2055, #9930 ) ;
#9097 = LINE ( 'NONE', #3907, #5223 ) ;
#9098 = CARTESIAN_POINT ( 'NONE',  ( 9.499999999999905853, 19.99999999999999289, -39.25000000000014211 ) ) ;
#9099 = PLANE ( 'NONE',  #6951 ) ;
#9100 = AXIS2_PLACEMENT_3D ( 'NONE', #3613, #9522, #4479 ) ;
#9101 = EDGE_CURVE ( 'NONE', #9554, #10880, #5153, .T. ) ;
#9102 = CARTESIAN_POINT ( 'NONE',  ( 14.30000000000000782, -43.50000000000000711, 53.49999999999999289 ) ) ;
#9103 = LINE ( 'NONE', #8048, #570 ) ;
#9104 = DIRECTION ( 'NONE',  ( 1.000000000000000000, -0.000000000000000000, -0.000000000000000000 ) ) ;
#9105 = CYLINDRICAL_SURFACE ( 'NONE', #2096, 2.000000000000002665 ) ;
#9106 = EDGE_CURVE ( 'NONE', #11763, #11117, #12212, .T. ) ;
#9107 = AXIS2_PLACEMENT_3D ( 'NONE', #12783, #8679, #3632 ) ;
#9108 = DIRECTION ( 'NONE',  ( 1.000000000000000000, -0.000000000000000000, -0.000000000000000000 ) ) ;
#9109 = EDGE_LOOP ( 'NONE', ( #11641, #10613, #4879, #13004 ) ) ;
#9110 = ORIENTED_EDGE ( 'NONE', *, *, #10391, .T. ) ;
#9111 = ORIENTED_EDGE ( 'NONE', *, *, #7285, .T. ) ;
#9112 = ORIENTED_EDGE ( 'NONE', *, *, #5700, .F. ) ;
#9113 = ORIENTED_EDGE ( 'NONE', *, *, #10162, .F. ) ;
#9114 = CARTESIAN_POINT ( 'NONE',  ( 33.00000000000004263, 26.99999999999999289, 3.000000000000005773 ) ) ;
#9115 = CARTESIAN_POINT ( 'NONE',  ( -90.00000000000005684, 23.99999999999998934, 56.00000000000000711 ) ) ;
#9116 = VECTOR ( 'NONE', #5347, 1000.000000000000000 ) ;
#9117 = EDGE_CURVE ( 'NONE', #7917, #7386, #8281, .T. ) ;
#9118 = CARTESIAN_POINT ( 'NONE',  ( 70.00000000000000000, 29.99999999999999289, -18.50000000000003197 ) ) ;
#9119 = CARTESIAN_POINT ( 'NONE',  ( -23.75000000000000000, 19.99999999999998934, 56.15000000000000568 ) ) ;
#9120 = CARTESIAN_POINT ( 'NONE',  ( -34.00000000000001421, 29.99999999999999289, 3.000000000000005773 ) ) ;
#9121 = DIRECTION ( 'NONE',  ( 0.000000000000000000, 0.000000000000000000, -1.000000000000000000 ) ) ;
#9122 = EDGE_LOOP ( 'NONE', ( #1088, #821, #6909, #2866 ) ) ;
#9123 = LINE ( 'NONE', #5134, #2292 ) ;
#9124 = VERTEX_POINT ( 'NONE', #7406 ) ;
#9125 = LINE ( 'NONE', #7997, #9471 ) ;
#9126 = ORIENTED_EDGE ( 'NONE', *, *, #12027, .F. ) ;
#9127 = ORIENTED_EDGE ( 'NONE', *, *, #12195, .F. ) ;
#9128 = ORIENTED_EDGE ( 'NONE', *, *, #11283, .F. ) ;
#9129 = EDGE_CURVE ( 'NONE', #2208, #5734, #11180, .T. ) ;
#9130 = EDGE_CURVE ( 'NONE', #5160, #10255, #6093, .T. ) ;
#9131 = FACE_OUTER_BOUND ( 'NONE', #4146, .T. ) ;
#9132 = LINE ( 'NONE', #11257, #11604 ) ;
#9133 = CARTESIAN_POINT ( 'NONE',  ( -28.74999999999999645, -33.65328382624345238, 15.68395384711746310 ) ) ;
#9134 = EDGE_CURVE ( 'NONE', #7699, #632, #4225, .T. ) ;
#9135 = FACE_OUTER_BOUND ( 'NONE', #12816, .T. ) ;
#9136 = DIRECTION ( 'NONE',  ( 1.000000000000000000, 0.000000000000000000, 0.000000000000000000 ) ) ;
#9137 = ORIENTED_EDGE ( 'NONE', *, *, #12016, .T. ) ;
#9138 = LINE ( 'NONE', #10060, #6789 ) ;
#9139 = CARTESIAN_POINT ( 'NONE',  ( 49.40000000000004832, 26.99999999999999289, 45.99999999999999289 ) ) ;
#9140 = ORIENTED_EDGE ( 'NONE', *, *, #1411, .F. ) ;
#9141 = LINE ( 'NONE', #7022, #6079 ) ;
#9142 = ORIENTED_EDGE ( 'NONE', *, *, #3743, .T. ) ;
#9143 = ORIENTED_EDGE ( 'NONE', *, *, #9921, .T. ) ;
#9144 = DIRECTION ( 'NONE',  ( -0.000000000000000000, -1.000000000000000000, -0.000000000000000000 ) ) ;
#9145 = LINE ( 'NONE', #12309, #577 ) ;
#9146 = CARTESIAN_POINT ( 'NONE',  ( -46.00000000000004263, 29.99999999999999289, 0.000000000000000000 ) ) ;
#9147 = CARTESIAN_POINT ( 'NONE',  ( -44.00000000000004263, 26.99999999999999289, 42.59999999999999432 ) ) ;
#9148 = ADVANCED_FACE ( 'NONE', ( #10266 ), #8399, .F. ) ;
#9149 = VERTEX_POINT ( 'NONE', #10145 ) ;
#9150 = CARTESIAN_POINT ( 'NONE',  ( 33.00000000000004263, 26.99999999999999289, -7.000000000000000000 ) ) ;
#9151 = ORIENTED_EDGE ( 'NONE', *, *, #2594, .F. ) ;
#9152 = ORIENTED_EDGE ( 'NONE', *, *, #9296, .T. ) ;
#9153 = ORIENTED_EDGE ( 'NONE', *, *, #8936, .F. ) ;
#9154 = DIRECTION ( 'NONE',  ( -1.000000000000000000, 0.000000000000000000, -0.000000000000000000 ) ) ;
#9155 = EDGE_CURVE ( 'NONE', #7431, #11972, #1157, .T. ) ;
#9156 = DIRECTION ( 'NONE',  ( 1.000000000000000000, -0.000000000000000000, -0.000000000000000000 ) ) ;
#9157 = LINE ( 'NONE', #7904, #10947 ) ;
#9158 = DIRECTION ( 'NONE',  ( 0.000000000000000000, 1.000000000000000000, 0.000000000000000000 ) ) ;
#9159 = EDGE_CURVE ( 'NONE', #5533, #8208, #9145, .T. ) ;
#9160 = CARTESIAN_POINT ( 'NONE',  ( -44.00000000000003553, 26.99999999999999289, -6.230843505549355095E-15 ) ) ;
#9161 = CARTESIAN_POINT ( 'NONE',  ( 44.00000000000004263, 29.99999999999999289, 32.39999999999999858 ) ) ;
#9162 = FACE_BOUND ( 'NONE', #13019, .T. ) ;
#9163 = CARTESIAN_POINT ( 'NONE',  ( -31.00000000000004263, 26.99999999999999289, 3.000000000000004885 ) ) ;
#9164 = EDGE_LOOP ( 'NONE', ( #3966, #6762, #8426, #8057 ) ) ;
#9165 = ORIENTED_EDGE ( 'NONE', *, *, #11370, .F. ) ;
#9166 = ORIENTED_EDGE ( 'NONE', *, *, #8070, .T. ) ;
#9167 = EDGE_CURVE ( 'NONE', #2638, #2289, #12366, .T. ) ;
#9168 = ORIENTED_EDGE ( 'NONE', *, *, #3683, .F. ) ;
#9169 = ORIENTED_EDGE ( 'NONE', *, *, #8764, .T. ) ;
#9170 = DIRECTION ( 'NONE',  ( 0.000000000000000000, 0.000000000000000000, 1.000000000000000000 ) ) ;
#9171 = LINE ( 'NONE', #3920, #9658 ) ;
#9172 = CARTESIAN_POINT ( 'NONE',  ( 9.499999999999905853, 23.24999999999999289, -39.25000000000014211 ) ) ;
#9173 = LINE ( 'NONE', #4256, #7570 ) ;
#9174 = EDGE_CURVE ( 'NONE', #5361, #1921, #2483, .T. ) ;
#9175 = CARTESIAN_POINT ( 'NONE',  ( 35.74999999999983658, -28.00000000000000355, -8.500000000000001776 ) ) ;
#9176 = EDGE_CURVE ( 'NONE', #8186, #11563, #9916, .T. ) ;
#9177 = FACE_OUTER_BOUND ( 'NONE', #613, .T. ) ;
#9178 = DIRECTION ( 'NONE',  ( -1.000000000000000000, 0.000000000000000000, 0.000000000000000000 ) ) ;
#9179 = ORIENTED_EDGE ( 'NONE', *, *, #10465, .T. ) ;
#9180 = ORIENTED_EDGE ( 'NONE', *, *, #6509, .T. ) ;
#9181 = EDGE_CURVE ( 'NONE', #5735, #5720, #226, .T. ) ;
#9182 = ORIENTED_EDGE ( 'NONE', *, *, #6538, .F. ) ;
#9183 = EDGE_LOOP ( 'NONE', ( #6783, #7882 ) ) ;
#9184 = EDGE_CURVE ( 'NONE', #3846, #7780, #8340, .T. ) ;
#9185 = LINE ( 'NONE', #1280, #11828 ) ;
#9186 = CARTESIAN_POINT ( 'NONE',  ( -3.499999999999999556, -24.00000000000000355, -36.75000000000000000 ) ) ;
#9187 = CARTESIAN_POINT ( 'NONE',  ( -23.75000000000000000, -30.00000000000001421, 44.85000000000000142 ) ) ;
#9188 = CARTESIAN_POINT ( 'NONE',  ( -3.000000000000000000, -24.00000000000000000, -31.75000000000000000 ) ) ;
#9189 = EDGE_LOOP ( 'NONE', ( #6739, #4640 ) ) ;
#9190 = DIRECTION ( 'NONE',  ( 0.000000000000000000, 0.000000000000000000, -1.000000000000000000 ) ) ;
#9191 = DIRECTION ( 'NONE',  ( 1.416100796715761603E-16, 0.000000000000000000, 1.000000000000000000 ) ) ;
#9192 = LINE ( 'NONE', #2028, #10596 ) ;
#9193 = EDGE_LOOP ( 'NONE', ( #12942, #12048, #6974, #2232 ) ) ;
#9194 = LINE ( 'NONE', #9951, #12628 ) ;
#9195 = ORIENTED_EDGE ( 'NONE', *, *, #321, .F. ) ;
#9196 = EDGE_LOOP ( 'NONE', ( #12772, #2127, #4380, #3651 ) ) ;
#9197 = PLANE ( 'NONE',  #7367 ) ;
#9198 = CARTESIAN_POINT ( 'NONE',  ( -28.74999999999999645, -20.49999999999991473, 19.50000000000000355 ) ) ;
#9199 = DIRECTION ( 'NONE',  ( 0.3162277660168377191, -0.9486832980505138790, 0.000000000000000000 ) ) ;
#9200 = CARTESIAN_POINT ( 'NONE',  ( -34.00000000000002842, 26.99999999999999289, 32.39999999999999858 ) ) ;
#9201 = DIRECTION ( 'NONE',  ( 0.000000000000000000, 0.000000000000000000, 1.000000000000000000 ) ) ;
#9202 = VERTEX_POINT ( 'NONE', #5103 ) ;
#9203 = DIRECTION ( 'NONE',  ( -1.416100796715761603E-16, 0.000000000000000000, 1.000000000000000000 ) ) ;
#9204 = ADVANCED_FACE ( 'NONE', ( #1297 ), #5352, .F. ) ;
#9205 = ORIENTED_EDGE ( 'NONE', *, *, #5599, .T. ) ;
#9206 = VERTEX_POINT ( 'NONE', #8148 ) ;
#9207 = ORIENTED_EDGE ( 'NONE', *, *, #11489, .T. ) ;
#9208 = EDGE_CURVE ( 'NONE', #2208, #5825, #12177, .T. ) ;
#9209 = ADVANCED_FACE ( 'NONE', ( #6612 ), #8534, .F. ) ;
#9210 = VECTOR ( 'NONE', #8258, 1000.000000000000000 ) ;
#9211 = LINE ( 'NONE', #12898, #9278 ) ;
#9212 = CARTESIAN_POINT ( 'NONE',  ( 28.75000000000000000, 2.342223637263885949E-13, 67.51000000000000512 ) ) ;
#9213 = DIRECTION ( 'NONE',  ( 1.000000000000000000, -0.000000000000000000, -0.000000000000000000 ) ) ;
#9214 = PLANE ( 'NONE',  #12036 ) ;
#9215 = FACE_BOUND ( 'NONE', #11788, .T. ) ;
#9216 = CARTESIAN_POINT ( 'NONE',  ( -28.75000000000000355, -31.75000000000000000, 25.10434383594886754 ) ) ;
#9217 = VECTOR ( 'NONE', #767, 1000.000000000000000 ) ;
#9218 = DIRECTION ( 'NONE',  ( -0.000000000000000000, 0.000000000000000000, -1.000000000000000000 ) ) ;
#9219 = LINE ( 'NONE', #10174, #11427 ) ;
#9220 = ORIENTED_EDGE ( 'NONE', *, *, #9564, .F. ) ;
#9221 = EDGE_LOOP ( 'NONE', ( #251, #9976, #7582, #11848 ) ) ;
#9222 = VERTEX_POINT ( 'NONE', #12568 ) ;
#9223 = ADVANCED_FACE ( 'NONE', ( #430 ), #4548, .F. ) ;
#9224 = CYLINDRICAL_SURFACE ( 'NONE', #2479, 2.000000000000000444 ) ;
#9225 = ORIENTED_EDGE ( 'NONE', *, *, #7176, .T. ) ;
#9226 = DIRECTION ( 'NONE',  ( 1.000000000000000000, 0.000000000000000000, 0.000000000000000000 ) ) ;
#9227 = CARTESIAN_POINT ( 'NONE',  ( 46.00000000000004263, 26.99999999999999289, 0.000000000000000000 ) ) ;
#9228 = VECTOR ( 'NONE', #6639, 1000.000000000000000 ) ;
#9229 = CYLINDRICAL_SURFACE ( 'NONE', #3724, 0.5000000000000004441 ) ;
#9230 = CARTESIAN_POINT ( 'NONE',  ( 30.00000000000002842, 0.000000000000000000, -33.25000000000000000 ) ) ;
#9231 = PLANE ( 'NONE',  #341 ) ;
#9232 = EDGE_CURVE ( 'NONE', #3645, #6366, #1428, .T. ) ;
#9233 = CIRCLE ( 'NONE', #1594, 4.000000000000003553 ) ;
#9234 = VECTOR ( 'NONE', #9226, 1000.000000000000000 ) ;
#9235 = DIRECTION ( 'NONE',  ( -0.000000000000000000, 1.000000000000000000, -0.000000000000000000 ) ) ;
#9236 = ORIENTED_EDGE ( 'NONE', *, *, #4096, .T. ) ;
#9237 = VECTOR ( 'NONE', #11328, 1000.000000000000000 ) ;
#9238 = ORIENTED_EDGE ( 'NONE', *, *, #11403, .T. ) ;
#9239 = EDGE_CURVE ( 'NONE', #5007, #5959, #12636, .T. ) ;
#9240 = EDGE_CURVE ( 'NONE', #9017, #11977, #8591, .T. ) ;
#9241 = ORIENTED_EDGE ( 'NONE', *, *, #741, .F. ) ;
#9242 = VECTOR ( 'NONE', #12523, 1000.000000000000000 ) ;
#9243 = EDGE_LOOP ( 'NONE', ( #3530, #9746, #1274, #10499 ) ) ;
#9244 = VECTOR ( 'NONE', #7903, 1000.000000000000000 ) ;
#9245 = DIRECTION ( 'NONE',  ( -1.000000000000000000, 0.000000000000000000, -0.000000000000000000 ) ) ;
#9246 = AXIS2_PLACEMENT_3D ( 'NONE', #10798, #13027, #2824 ) ;
#9247 = CARTESIAN_POINT ( 'NONE',  ( 18.74999999999989342, -30.00000000000000711, -40.00000000000000000 ) ) ;
#9248 = DIRECTION ( 'NONE',  ( 1.000000000000000000, -0.000000000000000000, 0.000000000000000000 ) ) ;
#9249 = CARTESIAN_POINT ( 'NONE',  ( 28.75000000000000000, -13.49999999999991473, 67.51000000000001933 ) ) ;
#9250 = ORIENTED_EDGE ( 'NONE', *, *, #677, .F. ) ;
#9251 = AXIS2_PLACEMENT_3D ( 'NONE', #10605, #2697, #5757 ) ;
#9252 = CARTESIAN_POINT ( 'NONE',  ( 34.00000000000002842, 29.99999999999999289, -0.000000000000000000 ) ) ;
#9253 = LINE ( 'NONE', #154, #12242 ) ;
#9254 = ORIENTED_EDGE ( 'NONE', *, *, #4293, .T. ) ;
#9255 = VECTOR ( 'NONE', #5312, 1000.000000000000000 ) ;
#9256 = VECTOR ( 'NONE', #7515, 1000.000000000000000 ) ;
#9257 = LINE ( 'NONE', #7073, #9116 ) ;
#9258 = AXIS2_PLACEMENT_3D ( 'NONE', #7478, #4446, #381 ) ;
#9259 = EDGE_CURVE ( 'NONE', #3047, #2784, #556, .T. ) ;
#9260 = CIRCLE ( 'NONE', #3741, 1.500000000000001332 ) ;
#9261 = ORIENTED_EDGE ( 'NONE', *, *, #11286, .F. ) ;
#9262 = AXIS2_PLACEMENT_3D ( 'NONE', #8986, #8067, #1747 ) ;
#9263 = DIRECTION ( 'NONE',  ( -1.000000000000000000, -0.000000000000000000, -0.000000000000000000 ) ) ;
#9264 = ORIENTED_EDGE ( 'NONE', *, *, #774, .T. ) ;
#9265 = ORIENTED_EDGE ( 'NONE', *, *, #6437, .F. ) ;
#9266 = VECTOR ( 'NONE', #1519, 1000.000000000000000 ) ;
#9267 = FACE_OUTER_BOUND ( 'NONE', #13033, .T. ) ;
#9268 = AXIS2_PLACEMENT_3D ( 'NONE', #8478, #488, #11874 ) ;
#9269 = DIRECTION ( 'NONE',  ( -1.000000000000000000, 0.000000000000000000, 0.000000000000000000 ) ) ;
#9270 = LINE ( 'NONE', #5414, #5440 ) ;
#9271 = EDGE_CURVE ( 'NONE', #10908, #9330, #361, .T. ) ;
#9272 = CARTESIAN_POINT ( 'NONE',  ( 0.000000000000000000, 29.99999999999999289, -7.000000000000000000 ) ) ;
#9273 = CIRCLE ( 'NONE', #365, 6.999999999999999112 ) ;
#9274 = FACE_OUTER_BOUND ( 'NONE', #7366, .T. ) ;
#9275 = AXIS2_PLACEMENT_3D ( 'NONE', #10169, #12196, #6116 ) ;
#9276 = ORIENTED_EDGE ( 'NONE', *, *, #8286, .F. ) ;
#9277 = CARTESIAN_POINT ( 'NONE',  ( 0.000000000000000000, 29.99999999999999289, 56.00000000000000000 ) ) ;
#9278 = VECTOR ( 'NONE', #44, 1000.000000000000000 ) ;
#9279 = VERTEX_POINT ( 'NONE', #7463 ) ;
#9280 = VECTOR ( 'NONE', #9725, 1000.000000000000000 ) ;
#9281 = VERTEX_POINT ( 'NONE', #2624 ) ;
#9282 = LINE ( 'NONE', #181, #5872 ) ;
#9283 = EDGE_LOOP ( 'NONE', ( #12244, #7289, #9890, #8517 ) ) ;
#9284 = VECTOR ( 'NONE', #1975, 1000.000000000000000 ) ;
#9285 = EDGE_CURVE ( 'NONE', #2557, #5764, #10729, .T. ) ;
#9286 = VECTOR ( 'NONE', #7726, 1000.000000000000000 ) ;
#9287 = CARTESIAN_POINT ( 'NONE',  ( -14.30000000000000426, 38.26999999999998892, 51.00000000000000000 ) ) ;
#9288 = LINE ( 'NONE', #4239, #7545 ) ;
#9289 = CARTESIAN_POINT ( 'NONE',  ( 30.00000000000003197, 19.99999999999999289, -2.999999999999998224 ) ) ;
#9290 = VECTOR ( 'NONE', #5351, 1000.000000000000000 ) ;
#9291 = EDGE_CURVE ( 'NONE', #2803, #1264, #3685, .T. ) ;
#9292 = DIRECTION ( 'NONE',  ( 1.000000000000000000, -0.000000000000000000, -0.000000000000000000 ) ) ;
#9293 = DIRECTION ( 'NONE',  ( -1.416100796715761356E-16, 0.000000000000000000, 1.000000000000000000 ) ) ;
#9294 = EDGE_CURVE ( 'NONE', #1136, #3421, #4624, .T. ) ;
#9295 = VECTOR ( 'NONE', #3939, 1000.000000000000000 ) ;
#9296 = EDGE_CURVE ( 'NONE', #2194, #7635, #5685, .T. ) ;
#9297 = DIRECTION ( 'NONE',  ( -1.000000000000000000, 0.000000000000000000, 0.000000000000000000 ) ) ;
#9298 = AXIS2_PLACEMENT_3D ( 'NONE', #10442, #5078, #12157 ) ;
#9299 = LINE ( 'NONE', #5374, #9736 ) ;
#9300 = CARTESIAN_POINT ( 'NONE',  ( 38.74384609504077304, -28.00000000000000355, -22.57820507920079223 ) ) ;
#9301 = ORIENTED_EDGE ( 'NONE', *, *, #11691, .F. ) ;
#9302 = VERTEX_POINT ( 'NONE', #3623 ) ;
#9303 = ORIENTED_EDGE ( 'NONE', *, *, #5706, .T. ) ;
#9304 = AXIS2_PLACEMENT_3D ( 'NONE', #5718, #9766, #7484 ) ;
#9305 = ORIENTED_EDGE ( 'NONE', *, *, #6640, .F. ) ;
#9306 = VECTOR ( 'NONE', #8466, 1000.000000000000000 ) ;
#9307 = CARTESIAN_POINT ( 'NONE',  ( 0.000000000000000000, -26.00000000000000711, 10.00000000000000000 ) ) ;
#9308 = LINE ( 'NONE', #5178, #8822 ) ;
#9309 = CARTESIAN_POINT ( 'NONE',  ( 9.499999999999905853, 23.24999999999999289, -39.25000000000014211 ) ) ;
#9310 = EDGE_CURVE ( 'NONE', #6551, #1233, #7610, .T. ) ;
#9311 = PLANE ( 'NONE',  #4831 ) ;
#9312 = CIRCLE ( 'NONE', #4435, 10.00000000000000178 ) ;
#9313 = DIRECTION ( 'NONE',  ( 0.000000000000000000, 0.000000000000000000, -1.000000000000000000 ) ) ;
#9314 = DIRECTION ( 'NONE',  ( 0.000000000000000000, -1.000000000000000000, 0.000000000000000000 ) ) ;
#9315 = DIRECTION ( 'NONE',  ( 0.000000000000000000, 0.000000000000000000, 1.000000000000000000 ) ) ;
#9316 = DIRECTION ( 'NONE',  ( 1.416100796715761603E-16, 0.000000000000000000, 1.000000000000000000 ) ) ;
#9317 = ORIENTED_EDGE ( 'NONE', *, *, #2583, .F. ) ;
#9318 = VERTEX_POINT ( 'NONE', #9536 ) ;
#9319 = CARTESIAN_POINT ( 'NONE',  ( -49.40000000000004121, 26.99999999999999289, 58.00000000000000000 ) ) ;
#9320 = FACE_OUTER_BOUND ( 'NONE', #9221, .T. ) ;
#9321 = CARTESIAN_POINT ( 'NONE',  ( 64.00000000000002842, 29.99999999999999289, 58.00000000000000000 ) ) ;
#9322 = CARTESIAN_POINT ( 'NONE',  ( 0.000000000000000000, 26.99999999999999289, 42.60000000000000142 ) ) ;
#9323 = VERTEX_POINT ( 'NONE', #11667 ) ;
#9324 = ADVANCED_FACE ( 'NONE', ( #9740 ), #8733, .T. ) ;
#9325 = CARTESIAN_POINT ( 'NONE',  ( 60.90000000000003411, 26.99999999999999289, 58.00000000000000000 ) ) ;
#9326 = CARTESIAN_POINT ( 'NONE',  ( -36.00000000000002842, 26.99999999999999289, 18.20000000000000284 ) ) ;
#9327 = CARTESIAN_POINT ( 'NONE',  ( -44.00000000000004263, 29.99999999999999289, 32.39999999999999858 ) ) ;
#9328 = FACE_OUTER_BOUND ( 'NONE', #5098, .T. ) ;
#9329 = VERTEX_POINT ( 'NONE', #10462 ) ;
#9330 = VERTEX_POINT ( 'NONE', #4489 ) ;
#9331 = DIRECTION ( 'NONE',  ( 0.000000000000000000, 0.000000000000000000, 1.000000000000000000 ) ) ;
#9332 = ADVANCED_FACE ( 'NONE', ( #11586, #1350 ), #6471, .F. ) ;
#9333 = EDGE_CURVE ( 'NONE', #9627, #439, #5551, .T. ) ;
#9334 = DIRECTION ( 'NONE',  ( -1.000000000000000000, 0.000000000000000000, 0.000000000000000000 ) ) ;
#9335 = DIRECTION ( 'NONE',  ( 1.000000000000000000, -0.000000000000000000, 0.000000000000000000 ) ) ;
#9336 = DIRECTION ( 'NONE',  ( 1.000000000000000000, -0.000000000000000000, -1.387778780781445676E-16 ) ) ;
#9337 = DIRECTION ( 'NONE',  ( 0.000000000000000000, 1.000000000000000000, 0.000000000000000000 ) ) ;
#9338 = EDGE_LOOP ( 'NONE', ( #4688, #4992, #2008, #4244 ) ) ;
#9339 = CARTESIAN_POINT ( 'NONE',  ( 23.75000000000000000, -30.00000000000001421, 13.85000000000000142 ) ) ;
#9340 = EDGE_CURVE ( 'NONE', #8185, #4653, #10770, .T. ) ;
#9341 = LINE ( 'NONE', #9150, #6773 ) ;
#9342 = ORIENTED_EDGE ( 'NONE', *, *, #6084, .F. ) ;
#9343 = ORIENTED_EDGE ( 'NONE', *, *, #1209, .T. ) ;
#9344 = CARTESIAN_POINT ( 'NONE',  ( 0.000000000000000000, 26.99999999999999289, 58.00000000000000000 ) ) ;
#9345 = APPLICATION_CONTEXT ( 'automotive_design' ) ;
#9346 = EDGE_LOOP ( 'NONE', ( #12798, #1706, #10848, #12522 ) ) ;
#9347 = CARTESIAN_POINT ( 'NONE',  ( -46.00000000000004263, 26.99999999999999289, 32.39999999999999858 ) ) ;
#9348 = ADVANCED_FACE ( 'NONE', ( #842 ), #2964, .F. ) ;
#9349 = DIRECTION ( 'NONE',  ( -0.000000000000000000, -0.000000000000000000, -1.000000000000000000 ) ) ;
#9350 = DIRECTION ( 'NONE',  ( 0.000000000000000000, 0.000000000000000000, -1.000000000000000000 ) ) ;
#9351 = FACE_OUTER_BOUND ( 'NONE', #10414, .T. ) ;
#9352 = CARTESIAN_POINT ( 'NONE',  ( 0.000000000000000000, 26.99999999999999289, 8.000000000000000000 ) ) ;
#9354 = ADVANCED_FACE ( 'NONE', ( #8941 ), #4898, .F. ) ;
#9353 = ORIENTED_EDGE ( 'NONE', *, *, #10537, .T. ) ;
#9355 = CARTESIAN_POINT ( 'NONE',  ( 0.000000000000000000, -28.00000000000000355, 0.000000000000000000 ) ) ;
#9356 = DIRECTION ( 'NONE',  ( 0.000000000000000000, 0.000000000000000000, 1.000000000000000000 ) ) ;
#9357 = CARTESIAN_POINT ( 'NONE',  ( -22.00000000000003197, 29.99999999999999289, -2.999999999999991562 ) ) ;
#9358 = VERTEX_POINT ( 'NONE', #2775 ) ;
#9359 = ORIENTED_EDGE ( 'NONE', *, *, #2699, .T. ) ;
#9360 = EDGE_CURVE ( 'NONE', #3313, #2659, #947, .T. ) ;
#9361 = ORIENTED_EDGE ( 'NONE', *, *, #11626, .T. ) ;
#9362 = EDGE_CURVE ( 'NONE', #10472, #5923, #2695, .T. ) ;
#9363 = CARTESIAN_POINT ( 'NONE',  ( 44.00000000000003553, 26.99999999999999289, -6.230843505549355095E-15 ) ) ;
#9364 = PLANE ( 'NONE',  #7313 ) ;
#9365 = CARTESIAN_POINT ( 'NONE',  ( 60.90000000000004121, 26.99999999999999289, 48.00000000000000000 ) ) ;
#9366 = DIRECTION ( 'NONE',  ( -1.000000000000000000, -0.000000000000000000, -0.000000000000000000 ) ) ;
#9367 = CARTESIAN_POINT ( 'NONE',  ( -44.00000000000004263, 29.99999999999999289, 5.999999999999999112 ) ) ;
#9368 = CARTESIAN_POINT ( 'NONE',  ( 0.000000000000000000, 29.99999999999999289, 45.99999999999999289 ) ) ;
#9369 = LINE ( 'NONE', #7189, #8652 ) ;
#9370 = ORIENTED_EDGE ( 'NONE', *, *, #318, .F. ) ;
#9371 = DIRECTION ( 'NONE',  ( 0.000000000000000000, 0.000000000000000000, -1.000000000000000000 ) ) ;
#9372 = VERTEX_POINT ( 'NONE', #12976 ) ;
#9373 = ORIENTED_EDGE ( 'NONE', *, *, #1567, .F. ) ;
#9374 = EDGE_CURVE ( 'NONE', #12932, #5617, #6008, .T. ) ;
#9375 = EDGE_CURVE ( 'NONE', #1316, #7222, #11011, .T. ) ;
#9376 = ORIENTED_EDGE ( 'NONE', *, *, #2432, .T. ) ;
#9377 = ORIENTED_EDGE ( 'NONE', *, *, #7457, .F. ) ;
#9378 = DIRECTION ( 'NONE',  ( 0.000000000000000000, -1.000000000000000000, 0.000000000000000000 ) ) ;
#9379 = DIRECTION ( 'NONE',  ( -1.000000000000000000, 0.000000000000000000, 0.000000000000000000 ) ) ;
#9380 = DIRECTION ( 'NONE',  ( -0.000000000000000000, -1.000000000000000000, -0.000000000000000000 ) ) ;
#9381 = DIRECTION ( 'NONE',  ( -1.000000000000000000, 0.000000000000000000, 0.000000000000000000 ) ) ;
#9382 = DIRECTION ( 'NONE',  ( 0.000000000000000000, -0.000000000000000000, -1.000000000000000000 ) ) ;
#9383 = VERTEX_POINT ( 'NONE', #10050 ) ;
#9384 = DIRECTION ( 'NONE',  ( -1.000000000000000000, 0.000000000000000000, 0.000000000000000000 ) ) ;
#9385 = VERTEX_POINT ( 'NONE', #4824 ) ;
#9386 = DIRECTION ( 'NONE',  ( -1.416100796715761356E-16, 0.000000000000000000, 1.000000000000000000 ) ) ;
#9387 = ADVANCED_FACE ( 'NONE', ( #5954, #5010, #5820 ), #10931, .T. ) ;
#9388 = DIRECTION ( 'NONE',  ( -0.000000000000000000, 1.000000000000000000, -0.000000000000000000 ) ) ;
#9389 = ORIENTED_EDGE ( 'NONE', *, *, #9566, .T. ) ;
#9390 = ORIENTED_EDGE ( 'NONE', *, *, #12134, .F. ) ;
#9391 = DIRECTION ( 'NONE',  ( -1.000000000000000000, 0.000000000000000000, 0.000000000000000000 ) ) ;
#9392 = CARTESIAN_POINT ( 'NONE',  ( -23.74999999999999645, -15.00000000000001066, 60.00000000000000711 ) ) ;
#9393 = LINE ( 'NONE', #4227, #3151 ) ;
#9394 = CARTESIAN_POINT ( 'NONE',  ( 0.000000000000000000, 26.99999999999999289, 44.60000000000000142 ) ) ;
#9395 = DIRECTION ( 'NONE',  ( -0.000000000000000000, 1.000000000000000000, -0.000000000000000000 ) ) ;
#9396 = EDGE_LOOP ( 'NONE', ( #11067, #4751, #5079, #10033 ) ) ;
#9397 = LINE ( 'NONE', #10412, #5727 ) ;
#9398 = CARTESIAN_POINT ( 'NONE',  ( -28.00000000000003197, 14.24999999999999822, 1.000000000000009548 ) ) ;
#9399 = ORIENTED_EDGE ( 'NONE', *, *, #7992, .T. ) ;
#9400 = EDGE_LOOP ( 'NONE', ( #2122, #10862, #2478, #2904 ) ) ;
#9401 = CARTESIAN_POINT ( 'NONE',  ( 28.74999999999982947, 19.99999999999998934, 56.00000000000000711 ) ) ;
#9402 = EDGE_LOOP ( 'NONE', ( #6829, #3430, #4798, #8325 ) ) ;
#9403 = ORIENTED_EDGE ( 'NONE', *, *, #8120, .T. ) ;
#9404 = DIRECTION ( 'NONE',  ( 1.000000000000000000, -0.000000000000000000, -0.000000000000000000 ) ) ;
#9405 = EDGE_CURVE ( 'NONE', #266, #8645, #9060, .T. ) ;
#9406 = DIRECTION ( 'NONE',  ( 0.000000000000000000, 0.000000000000000000, 1.000000000000000000 ) ) ;
#9407 = FACE_OUTER_BOUND ( 'NONE', #11128, .T. ) ;
#9408 = DIRECTION ( 'NONE',  ( -8.673617379884035472E-16, 0.000000000000000000, 1.000000000000000000 ) ) ;
#9409 = CARTESIAN_POINT ( 'NONE',  ( 23.00000000000002487, -5.599809115433909720E-15, -33.25000000000000000 ) ) ;
#9410 = ORIENTED_EDGE ( 'NONE', *, *, #8118, .F. ) ;
#9411 = LINE ( 'NONE', #7428, #11613 ) ;
#9412 = LINE ( 'NONE', #8359, #3156 ) ;
#9413 = LINE ( 'NONE', #5441, #10548 ) ;
#9414 = VERTEX_POINT ( 'NONE', #1690 ) ;
#9415 = ORIENTED_EDGE ( 'NONE', *, *, #3549, .F. ) ;
#9416 = VERTEX_POINT ( 'NONE', #6815 ) ;
#9417 = ORIENTED_EDGE ( 'NONE', *, *, #7884, .F. ) ;
#9418 = EDGE_CURVE ( 'NONE', #4764, #10179, #3822, .T. ) ;
#9419 = LINE ( 'NONE', #10293, #8392 ) ;
#9420 = CARTESIAN_POINT ( 'NONE',  ( 0.000000000000000000, 26.99999999999999289, 30.39999999999999858 ) ) ;
#9421 = LINE ( 'NONE', #9309, #10301 ) ;
#9422 = VECTOR ( 'NONE', #3515, 1000.000000000000000 ) ;
#9423 = CARTESIAN_POINT ( 'NONE',  ( 28.75000000000001066, 37.53999999999999204, 51.00000000000000711 ) ) ;
#9424 = CARTESIAN_POINT ( 'NONE',  ( -58.25000000000019185, -4.999999999999913847, 35.00000000000000000 ) ) ;
#9425 = CARTESIAN_POINT ( 'NONE',  ( 0.000000000000000000, 29.99999999999999289, 56.00000000000000000 ) ) ;
#9426 = CARTESIAN_POINT ( 'NONE',  ( -49.40000000000004832, 29.99999999999999289, -0.000000000000000000 ) ) ;
#9427 = DIRECTION ( 'NONE',  ( 1.000000000000000000, 0.000000000000000000, 0.000000000000000000 ) ) ;
#9428 = VECTOR ( 'NONE', #4633, 1000.000000000000000 ) ;
#9429 = ORIENTED_EDGE ( 'NONE', *, *, #9285, .F. ) ;
#9430 = EDGE_LOOP ( 'NONE', ( #579, #10120, #7474, #9673 ) ) ;
#9431 = ORIENTED_EDGE ( 'NONE', *, *, #8446, .T. ) ;
#9432 = VERTEX_POINT ( 'NONE', #703 ) ;
#9433 = CARTESIAN_POINT ( 'NONE',  ( 41.28400739769323735, -30.00000000000000711, -6.537702941632069553 ) ) ;
#9434 = DIRECTION ( 'NONE',  ( 0.000000000000000000, -1.000000000000000000, 0.000000000000000000 ) ) ;
#9435 = AXIS2_PLACEMENT_3D ( 'NONE', #8519, #3408, #7447 ) ;
#9436 = LINE ( 'NONE', #12703, #9702 ) ;
#9437 = CARTESIAN_POINT ( 'NONE',  ( -28.74999999999999645, -30.00000000000001421, 60.00000000000000711 ) ) ;
#9438 = EDGE_CURVE ( 'NONE', #5249, #7114, #11925, .T. ) ;
#9439 = CARTESIAN_POINT ( 'NONE',  ( 20.00000000000003197, 29.99999999999999289, -2.999999999999996003 ) ) ;
#9440 = AXIS2_PLACEMENT_3D ( 'NONE', #9227, #2391, #1382 ) ;
#9441 = ORIENTED_EDGE ( 'NONE', *, *, #7328, .F. ) ;
#9442 = LINE ( 'NONE', #12301, #11843 ) ;
#9443 = ORIENTED_EDGE ( 'NONE', *, *, #756, .T. ) ;
#9444 = DIRECTION ( 'NONE',  ( 1.000000000000000000, -0.000000000000000000, -0.000000000000000000 ) ) ;
#9445 = VECTOR ( 'NONE', #6321, 1000.000000000000000 ) ;
#9446 = AXIS2_PLACEMENT_3D ( 'NONE', #12819, #10790, #9636 ) ;
#9447 = LINE ( 'NONE', #3279, #9458 ) ;
#9448 = VERTEX_POINT ( 'NONE', #892 ) ;
#9449 = VERTEX_POINT ( 'NONE', #13106 ) ;
#9450 = CIRCLE ( 'NONE', #10305, 2.000000000000000444 ) ;
#9451 = CARTESIAN_POINT ( 'NONE',  ( -14.29999999999999005, -45.50000000000000711, 51.00000000000000000 ) ) ;
#9452 = DIRECTION ( 'NONE',  ( -1.000000000000000000, 0.000000000000000000, 0.000000000000000000 ) ) ;
#9453 = CARTESIAN_POINT ( 'NONE',  ( -34.00000000000002842, 26.99999999999999289, 0.000000000000000000 ) ) ;
#9454 = DIRECTION ( 'NONE',  ( 0.000000000000000000, 0.000000000000000000, 1.000000000000000000 ) ) ;
#9455 = VECTOR ( 'NONE', #3426, 1000.000000000000000 ) ;
#9456 = CARTESIAN_POINT ( 'NONE',  ( 60.90000000000003411, 26.99999999999999289, 56.00000000000000000 ) ) ;
#9457 = VECTOR ( 'NONE', #9551, 1000.000000000000000 ) ;
#9458 = VECTOR ( 'NONE', #12304, 1000.000000000000000 ) ;
#9459 = DIRECTION ( 'NONE',  ( 1.000000000000000000, -0.000000000000000000, 0.000000000000000000 ) ) ;
#9460 = ORIENTED_EDGE ( 'NONE', *, *, #7252, .F. ) ;
#9461 = VECTOR ( 'NONE', #13064, 1000.000000000000000 ) ;
#9462 =( NAMED_UNIT ( * ) PLANE_ANGLE_UNIT ( ) SI_UNIT ( $, .RADIAN. ) );
#9463 = AXIS2_PLACEMENT_3D ( 'NONE', #11247, #9314, #9121 ) ;
#9464 = DIRECTION ( 'NONE',  ( 0.000000000000000000, 0.000000000000000000, -1.000000000000000000 ) ) ;
#9465 = ORIENTED_EDGE ( 'NONE', *, *, #12826, .T. ) ;
#9466 = VERTEX_POINT ( 'NONE', #9996 ) ;
#9467 = LINE ( 'NONE', #12579, #2897 ) ;
#9468 = VECTOR ( 'NONE', #3214, 1000.000000000000000 ) ;
#9469 = ORIENTED_EDGE ( 'NONE', *, *, #1904, .F. ) ;
#9470 = AXIS2_PLACEMENT_3D ( 'NONE', #5140, #3213, #11187 ) ;
#9471 = VECTOR ( 'NONE', #6142, 1000.000000000000000 ) ;
#9472 = ORIENTED_EDGE ( 'NONE', *, *, #8184, .T. ) ;
#9473 = LINE ( 'NONE', #4444, #5038 ) ;
#9474 = VECTOR ( 'NONE', #7430, 1000.000000000000000 ) ;
#9475 = CARTESIAN_POINT ( 'NONE',  ( 28.00000000000003197, 14.24999999999999822, 3.000000000000002665 ) ) ;
#9476 = DIRECTION ( 'NONE',  ( 0.000000000000000000, 0.000000000000000000, 1.000000000000000000 ) ) ;
#9477 = CIRCLE ( 'NONE', #7350, 0.5000000000000004441 ) ;
#9478 = LINE ( 'NONE', #4242, #9488 ) ;
#9479 = VECTOR ( 'NONE', #11938, 1000.000000000000000 ) ;
#9480 = AXIS2_PLACEMENT_3D ( 'NONE', #5665, #7756, #9686 ) ;
#9481 = EDGE_LOOP ( 'NONE', ( #4321, #11897 ) ) ;
#9482 = FACE_OUTER_BOUND ( 'NONE', #6046, .T. ) ;
#9483 = FACE_BOUND ( 'NONE', #7742, .T. ) ;
#9484 = EDGE_CURVE ( 'NONE', #8843, #8142, #12052, .T. ) ;
#9485 = CARTESIAN_POINT ( 'NONE',  ( 23.74999999999982947, -15.00000000000001066, 10.00000000000000000 ) ) ;
#9486 = VERTEX_POINT ( 'NONE', #5889 ) ;
#9487 = VERTEX_POINT ( 'NONE', #7931 ) ;
#9488 = VECTOR ( 'NONE', #9292, 1000.000000000000000 ) ;
#9489 = EDGE_CURVE ( 'NONE', #7300, #7234, #4017, .T. ) ;
#9490 = ORIENTED_EDGE ( 'NONE', *, *, #4756, .F. ) ;
#9491 = VECTOR ( 'NONE', #5976, 1000.000000000000000 ) ;
#9492 = EDGE_CURVE ( 'NONE', #1964, #11708, #11979, .T. ) ;
#9493 = VECTOR ( 'NONE', #11875, 1000.000000000000000 ) ;
#9494 = CARTESIAN_POINT ( 'NONE',  ( 23.75000000000000000, 28.72393048225720946, 13.38665202235689122 ) ) ;
#9495 = LINE ( 'NONE', #1126, #963 ) ;
#9496 = ORIENTED_EDGE ( 'NONE', *, *, #243, .T. ) ;
#9497 = ADVANCED_FACE ( 'NONE', ( #6941 ), #4953, .F. ) ;
#9498 = PLANE ( 'NONE',  #12835 ) ;
#9499 = VECTOR ( 'NONE', #11891, 1000.000000000000000 ) ;
#9500 = AXIS2_PLACEMENT_3D ( 'NONE', #6865, #753, #8988 ) ;
#9501 = EDGE_CURVE ( 'NONE', #5125, #7960, #9185, .T. ) ;
#9502 = CARTESIAN_POINT ( 'NONE',  ( 20.08333333333316872, -26.00000000000001066, 10.00000000000000000 ) ) ;
#9503 = CYLINDRICAL_SURFACE ( 'NONE', #4392, 4.000000000000003553 ) ;
#9504 = AXIS2_PLACEMENT_3D ( 'NONE', #874, #4932, #13011 ) ;
#9505 = EDGE_CURVE ( 'NONE', #10785, #6259, #1026, .T. ) ;
#9506 = CARTESIAN_POINT ( 'NONE',  ( 70.00000000000000000, 19.99999999999998934, -12.40000000000003411 ) ) ;
#9507 = CARTESIAN_POINT ( 'NONE',  ( 28.75000000000000000, 28.72393048225720946, 13.38665202235689122 ) ) ;
#9508 = ORIENTED_EDGE ( 'NONE', *, *, #6805, .T. ) ;
#9509 = AXIS2_PLACEMENT_3D ( 'NONE', #3229, #2305, #5355 ) ;
#9510 = VECTOR ( 'NONE', #4510, 1000.000000000000000 ) ;
#9511 = ORIENTED_EDGE ( 'NONE', *, *, #2869, .F. ) ;
#9512 = ORIENTED_EDGE ( 'NONE', *, *, #5602, .T. ) ;
#9513 = ADVANCED_FACE ( 'NONE', ( #9131 ), #2212, .F. ) ;
#9514 = FACE_OUTER_BOUND ( 'NONE', #12347, .T. ) ;
#9515 = ORIENTED_EDGE ( 'NONE', *, *, #7372, .T. ) ;
#9516 = ORIENTED_EDGE ( 'NONE', *, *, #2816, .T. ) ;
#9517 = VECTOR ( 'NONE', #12077, 1000.000000000000000 ) ;
#9518 = DIRECTION ( 'NONE',  ( -0.000000000000000000, -0.000000000000000000, -1.000000000000000000 ) ) ;
#9519 = CARTESIAN_POINT ( 'NONE',  ( 46.00000000000004263, 29.99999999999999289, -0.000000000000000000 ) ) ;
#9520 = ADVANCED_FACE ( 'NONE', ( #4208 ), #7119, .F. ) ;
#9521 = FACE_OUTER_BOUND ( 'NONE', #10207, .T. ) ;
#9522 = DIRECTION ( 'NONE',  ( 1.000000000000000000, 0.000000000000000000, -0.000000000000000000 ) ) ;
#9523 = CIRCLE ( 'NONE', #12475, 1.500000000000001332 ) ;
#9524 = CARTESIAN_POINT ( 'NONE',  ( -58.25000000000019185, -4.999999999999912959, 45.00000000000000711 ) ) ;
#9525 = EDGE_LOOP ( 'NONE', ( #7910, #11582, #7220, #11447 ) ) ;
#9526 = DIRECTION ( 'NONE',  ( -0.000000000000000000, -1.000000000000000000, -0.000000000000000000 ) ) ;
#9527 = EDGE_CURVE ( 'NONE', #1551, #9448, #2097, .T. ) ;
#9528 = LINE ( 'NONE', #424, #11040 ) ;
#9529 = AXIS2_PLACEMENT_3D ( 'NONE', #11078, #11197, #27 ) ;
#9530 = CARTESIAN_POINT ( 'NONE',  ( 44.00000000000003553, 26.99999999999999289, -2.999999999999986233 ) ) ;
#9531 = ADVANCED_FACE ( 'NONE', ( #6205 ), #10193, .T. ) ;
#9532 = VERTEX_POINT ( 'NONE', #12230 ) ;
#9533 = ORIENTED_EDGE ( 'NONE', *, *, #10303, .T. ) ;
#9534 = CARTESIAN_POINT ( 'NONE',  ( -23.74999999999999645, -36.93951938890104714, 17.21548839695788402 ) ) ;
#9535 = ADVANCED_FACE ( 'NONE', ( #3157 ), #10251, .T. ) ;
#9536 = CARTESIAN_POINT ( 'NONE',  ( -20.00000000000002842, 14.24999999999999822, 0.000000000000000000 ) ) ;
#9537 = DIRECTION ( 'NONE',  ( 0.000000000000000000, 0.000000000000000000, 1.000000000000000000 ) ) ;
#9538 = CARTESIAN_POINT ( 'NONE',  ( 44.00000000000003553, 29.99999999999999289, 5.999999999999999112 ) ) ;
#9539 = DIRECTION ( 'NONE',  ( 0.000000000000000000, 1.000000000000000000, -0.000000000000000000 ) ) ;
#9540 = CARTESIAN_POINT ( 'NONE',  ( 28.74999999999982947, -30.00000000000001421, 10.00000000000000000 ) ) ;
#9541 = ORIENTED_EDGE ( 'NONE', *, *, #3670, .F. ) ;
#9542 = CARTESIAN_POINT ( 'NONE',  ( -38.00000000000003553, 26.99999999999999289, 56.00000000000000000 ) ) ;
#9543 = PLANE ( 'NONE',  #8899 ) ;
#9544 = ORIENTED_EDGE ( 'NONE', *, *, #5303, .T. ) ;
#9545 = ORIENTED_EDGE ( 'NONE', *, *, #13078, .T. ) ;
#9546 = LINE ( 'NONE', #7419, #7332 ) ;
#9547 = EDGE_CURVE ( 'NONE', #12120, #8675, #476, .T. ) ;
#9548 = VERTEX_POINT ( 'NONE', #7448 ) ;
#9549 = CARTESIAN_POINT ( 'NONE',  ( 0.000000000000000000, 26.99999999999999289, 18.20000000000000284 ) ) ;
#9550 = CARTESIAN_POINT ( 'NONE',  ( -23.74999999999999645, -12.99999999999991473, 60.00000000000000711 ) ) ;
#9551 = DIRECTION ( 'NONE',  ( -1.416100796715761356E-16, 0.000000000000000000, 1.000000000000000000 ) ) ;
#9552 = PLANE ( 'NONE',  #5256 ) ;
#9553 = DIRECTION ( 'NONE',  ( -0.000000000000000000, -0.000000000000000000, -1.000000000000000000 ) ) ;
#9554 = VERTEX_POINT ( 'NONE', #8463 ) ;
#9555 = CARTESIAN_POINT ( 'NONE',  ( -19.30228474983080034, -28.34314575050762741, 9.999999999999998224 ) ) ;
#9556 = DIRECTION ( 'NONE',  ( 0.000000000000000000, 0.000000000000000000, -1.000000000000000000 ) ) ;
#9557 = CARTESIAN_POINT ( 'NONE',  ( 46.00000000000004263, 26.99999999999999289, 8.000000000000000000 ) ) ;
#9558 = ORIENTED_EDGE ( 'NONE', *, *, #11867, .T. ) ;
#9559 = ORIENTED_EDGE ( 'NONE', *, *, #395, .F. ) ;
#9560 = VERTEX_POINT ( 'NONE', #2548 ) ;
#9561 = FACE_OUTER_BOUND ( 'NONE', #7684, .T. ) ;
#9562 = CARTESIAN_POINT ( 'NONE',  ( -9.500000000000103029, 19.99999999999999289, -39.25000000000000000 ) ) ;
#9563 = DIRECTION ( 'NONE',  ( -1.000000000000000000, 0.000000000000000000, 0.000000000000000000 ) ) ;
#9564 = EDGE_CURVE ( 'NONE', #7045, #7049, #10127, .T. ) ;
#9566 = EDGE_CURVE ( 'NONE', #2251, #11878, #6659, .T. ) ;
#9565 = ORIENTED_EDGE ( 'NONE', *, *, #2261, .F. ) ;
#9567 = DIRECTION ( 'NONE',  ( -0.000000000000000000, 1.000000000000000000, -0.000000000000000000 ) ) ;
#9568 = LINE ( 'NONE', #2394, #11774 ) ;
#9569 = DIRECTION ( 'NONE',  ( 0.000000000000000000, 0.000000000000000000, -1.000000000000000000 ) ) ;
#9570 = CARTESIAN_POINT ( 'NONE',  ( 70.00000000000000000, 22.99999999999999289, -11.50000000000001776 ) ) ;
#9571 = ORIENTED_EDGE ( 'NONE', *, *, #10162, .T. ) ;
#9572 = DIRECTION ( 'NONE',  ( 0.000000000000000000, 0.000000000000000000, -1.000000000000000000 ) ) ;
#9573 = VERTEX_POINT ( 'NONE', #7507 ) ;
#9574 = ORIENTED_EDGE ( 'NONE', *, *, #6487, .F. ) ;
#9575 = EDGE_LOOP ( 'NONE', ( #7715, #2398, #11743, #11931 ) ) ;
#9576 = CARTESIAN_POINT ( 'NONE',  ( 0.000000000000000000, 0.000000000000000000, 60.00000000000000711 ) ) ;
#9577 = VERTEX_POINT ( 'NONE', #6535 ) ;
#9578 = LINE ( 'NONE', #5742, #10957 ) ;
#9579 = CARTESIAN_POINT ( 'NONE',  ( 66.00000000000002842, 29.99999999999999289, -0.000000000000000000 ) ) ;
#9580 = FACE_OUTER_BOUND ( 'NONE', #4365, .T. ) ;
#9581 = ADVANCED_FACE ( 'NONE', ( #3536 ), #6396, .T. ) ;
#9582 = CARTESIAN_POINT ( 'NONE',  ( 23.00000000000002842, 9.999999999999969802, -34.75000000000000000 ) ) ;
#9583 = DIRECTION ( 'NONE',  ( 0.000000000000000000, 1.000000000000000000, -4.625929269271487886E-16 ) ) ;
#9584 = DIRECTION ( 'NONE',  ( 0.000000000000000000, 0.000000000000000000, -1.000000000000000000 ) ) ;
#9585 = LINE ( 'NONE', #631, #10756 ) ;
#9586 = VERTEX_POINT ( 'NONE', #8382 ) ;
#9587 = LINE ( 'NONE', #422, #368 ) ;
#9588 = CARTESIAN_POINT ( 'NONE',  ( -23.74999999999998934, 4.999999999999990230, 44.85000000000000142 ) ) ;
#9589 = ADVANCED_FACE ( 'NONE', ( #1406 ), #340, .F. ) ;
#9590 = CARTESIAN_POINT ( 'NONE',  ( -80.00000000000000000, 19.99999999999999289, -40.00000000000000000 ) ) ;
#9591 = ORIENTED_EDGE ( 'NONE', *, *, #12131, .F. ) ;
#9592 = ORIENTED_EDGE ( 'NONE', *, *, #9999, .F. ) ;
#9593 = CARTESIAN_POINT ( 'NONE',  ( 0.000000000000000000, -5.000000000000004441, -11.00000000000000178 ) ) ;
#9594 = EDGE_CURVE ( 'NONE', #3699, #10062, #5472, .T. ) ;
#9595 = DIRECTION ( 'NONE',  ( 1.000000000000000000, 0.000000000000000000, -1.387778780781445676E-16 ) ) ;
#9596 = DIRECTION ( 'NONE',  ( -1.000000000000000000, 0.000000000000000000, 0.000000000000000000 ) ) ;
#9597 = CARTESIAN_POINT ( 'NONE',  ( 0.000000000000000000, 29.99999999999999289, 58.00000000000000000 ) ) ;
#9598 = LINE ( 'NONE', #3689, #7535 ) ;
#9599 = EDGE_LOOP ( 'NONE', ( #10044, #4524, #1322, #1664 ) ) ;
#9600 = CARTESIAN_POINT ( 'NONE',  ( 47.40000000000004832, 26.99999999999999289, 0.000000000000000000 ) ) ;
#9601 = DIRECTION ( 'NONE',  ( -0.000000000000000000, 1.000000000000000000, -0.000000000000000000 ) ) ;
#9602 = EDGE_CURVE ( 'NONE', #6838, #10643, #8654, .T. ) ;
#9603 = EDGE_LOOP ( 'NONE', ( #11771, #8760, #9169, #11565 ) ) ;
#9604 = VERTEX_POINT ( 'NONE', #5593 ) ;
#9605 = CARTESIAN_POINT ( 'NONE',  ( 0.000000000000000000, 26.99999999999999289, 32.39999999999999858 ) ) ;
#9606 = ORIENTED_EDGE ( 'NONE', *, *, #10573, .T. ) ;
#9607 = CARTESIAN_POINT ( 'NONE',  ( -7.500000000000016875, -24.00000000000001421, -40.00000000000000000 ) ) ;
#9608 = DIRECTION ( 'NONE',  ( -1.000000000000000000, 0.000000000000000000, 0.000000000000000000 ) ) ;
#9609 = DIRECTION ( 'NONE',  ( 0.000000000000000000, 0.000000000000000000, -1.000000000000000000 ) ) ;
#9610 = LINE ( 'NONE', #9817, #7580 ) ;
#9611 = CARTESIAN_POINT ( 'NONE',  ( -44.00000000000004263, 26.99999999999999289, 5.999999999999999112 ) ) ;
#9612 = VERTEX_POINT ( 'NONE', #11652 ) ;
#9613 = EDGE_CURVE ( 'NONE', #1002, #4719, #12553, .T. ) ;
#9614 = CARTESIAN_POINT ( 'NONE',  ( 60.90000000000004121, 29.99999999999999289, 48.00000000000000000 ) ) ;
#9615 = DIRECTION ( 'NONE',  ( 0.000000000000000000, -1.000000000000000000, 0.000000000000000000 ) ) ;
#9616 = CARTESIAN_POINT ( 'NONE',  ( -22.00000000000003197, 29.99999999999999289, -4.999999999999991118 ) ) ;
#9617 = EDGE_CURVE ( 'NONE', #9929, #5750, #6600, .T. ) ;
#9618 = ORIENTED_EDGE ( 'NONE', *, *, #5559, .F. ) ;
#9619 = VERTEX_POINT ( 'NONE', #2350 ) ;
#9620 = ADVANCED_FACE ( 'NONE', ( #10449 ), #1339, .F. ) ;
#9621 = DIRECTION ( 'NONE',  ( 1.387778780781445676E-16, 0.000000000000000000, 1.000000000000000000 ) ) ;
#9622 = LINE ( 'NONE', #3715, #12398 ) ;
#9623 = DIRECTION ( 'NONE',  ( -1.000000000000000000, 0.000000000000000000, 1.416100796715761603E-16 ) ) ;
#9624 = CARTESIAN_POINT ( 'NONE',  ( 0.000000000000000000, 26.99999999999999289, 5.999999999999999112 ) ) ;
#9625 = LINE ( 'NONE', #10639, #10982 ) ;
#9626 = CARTESIAN_POINT ( 'NONE',  ( 9.499999999999840128, 23.24999999999999289, -36.75000000000013500 ) ) ;
#9627 = VERTEX_POINT ( 'NONE', #3464 ) ;
#9628 = ORIENTED_EDGE ( 'NONE', *, *, #11616, .T. ) ;
#9629 = DIRECTION ( 'NONE',  ( -1.000000000000000000, 3.469446951953614189E-16, 0.000000000000000000 ) ) ;
#9630 = ORIENTED_EDGE ( 'NONE', *, *, #10098, .T. ) ;
#9631 = EDGE_CURVE ( 'NONE', #11845, #12645, #12619, .T. ) ;
#9632 = ORIENTED_EDGE ( 'NONE', *, *, #1019, .T. ) ;
#9633 = VERTEX_POINT ( 'NONE', #12702 ) ;
#9634 = CARTESIAN_POINT ( 'NONE',  ( -23.75000000000000000, 19.99999999999998934, 13.85000000000000142 ) ) ;
#9635 = EDGE_LOOP ( 'NONE', ( #3876, #4761, #8488, #11267 ) ) ;
#9636 = DIRECTION ( 'NONE',  ( 1.416100796715761356E-16, 0.000000000000000000, 1.000000000000000000 ) ) ;
#9637 = CARTESIAN_POINT ( 'NONE',  ( -70.00000000000000000, 22.99999999999999289, -15.00000000000000711 ) ) ;
#9638 = VECTOR ( 'NONE', #2246, 1000.000000000000000 ) ;
#9639 = PLANE ( 'NONE',  #5006 ) ;
#9640 = CARTESIAN_POINT ( 'NONE',  ( -23.75000000000000000, 19.99999999999998934, 13.85000000000000142 ) ) ;
#9641 = ADVANCED_FACE ( 'NONE', ( #3611 ), #7664, .T. ) ;
#9642 = LINE ( 'NONE', #10509, #8624 ) ;
#9643 = CARTESIAN_POINT ( 'NONE',  ( 74.00000000000004263, 29.99999999999999289, 56.00000000000000711 ) ) ;
#9644 = LINE ( 'NONE', #5669, #396 ) ;
#9645 = CARTESIAN_POINT ( 'NONE',  ( 46.00000000000004263, 26.99999999999999289, 32.39999999999999858 ) ) ;
#9646 = ORIENTED_EDGE ( 'NONE', *, *, #228, .T. ) ;
#9647 = LINE ( 'NONE', #4482, #1639 ) ;
#9648 = ORIENTED_EDGE ( 'NONE', *, *, #9418, .T. ) ;
#9649 = VECTOR ( 'NONE', #12981, 1000.000000000000000 ) ;
#9650 = DIRECTION ( 'NONE',  ( -0.3162277660168377746, -0.9486832980505138790, 0.000000000000000000 ) ) ;
#9651 = EDGE_CURVE ( 'NONE', #8759, #2166, #149, .T. ) ;
#9652 = DIRECTION ( 'NONE',  ( -0.000000000000000000, 1.000000000000000000, -0.000000000000000000 ) ) ;
#9653 = CIRCLE ( 'NONE', #3925, 1.099999999999998535 ) ;
#9654 = EDGE_LOOP ( 'NONE', ( #33, #5829, #6767, #10460 ) ) ;
#9655 = ORIENTED_EDGE ( 'NONE', *, *, #12916, .F. ) ;
#9656 = EDGE_CURVE ( 'NONE', #8852, #8170, #373, .T. ) ;
#9657 = DIRECTION ( 'NONE',  ( -0.000000000000000000, 0.000000000000000000, -1.000000000000000000 ) ) ;
#9658 = VECTOR ( 'NONE', #59, 1000.000000000000000 ) ;
#9659 = DIRECTION ( 'NONE',  ( 0.000000000000000000, 0.000000000000000000, -1.000000000000000000 ) ) ;
#9660 = DIRECTION ( 'NONE',  ( -1.000000000000000000, 0.000000000000000000, 0.000000000000000000 ) ) ;
#9661 = LINE ( 'NONE', #1616, #835 ) ;
#9662 = DIRECTION ( 'NONE',  ( -1.000000000000000000, 0.000000000000000000, 0.000000000000000000 ) ) ;
#9663 = EDGE_LOOP ( 'NONE', ( #4475, #1321, #2667, #9265 ) ) ;
#9664 = CARTESIAN_POINT ( 'NONE',  ( -23.74999999999999645, -33.65328382624345238, 15.68395384711746310 ) ) ;
#9665 = VECTOR ( 'NONE', #13089, 1000.000000000000000 ) ;
#9666 = LINE ( 'NONE', #10740, #12915 ) ;
#9667 = AXIS2_PLACEMENT_3D ( 'NONE', #1521, #623, #6802 ) ;
#9668 = EDGE_LOOP ( 'NONE', ( #2113, #10390, #3468, #928 ) ) ;
#9669 = EDGE_CURVE ( 'NONE', #7780, #10287, #9714, .T. ) ;
#9670 = ORIENTED_EDGE ( 'NONE', *, *, #8808, .F. ) ;
#9671 = AXIS2_PLACEMENT_3D ( 'NONE', #3288, #11404, #284 ) ;
#9672 = PLANE ( 'NONE',  #8187 ) ;
#9673 = ORIENTED_EDGE ( 'NONE', *, *, #1532, .T. ) ;
#9674 = ORIENTED_EDGE ( 'NONE', *, *, #12834, .T. ) ;
#9675 = CARTESIAN_POINT ( 'NONE',  ( -29.99999999999997158, -19.99999999999999289, 0.000000000000000000 ) ) ;
#9676 = EDGE_CURVE ( 'NONE', #6352, #4988, #8226, .T. ) ;
#9677 = LINE ( 'NONE', #7542, #3291 ) ;
#9678 = VECTOR ( 'NONE', #7686, 1000.000000000000000 ) ;
#9679 = CARTESIAN_POINT ( 'NONE',  ( -23.74999999999999645, -15.00000000000001066, 60.00000000000000711 ) ) ;
#9680 = VECTOR ( 'NONE', #6243, 1000.000000000000000 ) ;
#9681 = CARTESIAN_POINT ( 'NONE',  ( 46.37499999999989342, -30.00000000000000711, -24.00000000000000000 ) ) ;
#9682 = EDGE_CURVE ( 'NONE', #8470, #7173, #9763, .T. ) ;
#9683 = CARTESIAN_POINT ( 'NONE',  ( -36.00000000000002842, 26.99999999999999289, -5.097962868176746799E-15 ) ) ;
#9684 = DIRECTION ( 'NONE',  ( 1.000000000000000000, 0.000000000000000000, 0.000000000000000000 ) ) ;
#9685 = CIRCLE ( 'NONE', #555, 2.000000000000000888 ) ;
#9686 = DIRECTION ( 'NONE',  ( 0.000000000000000000, 0.000000000000000000, 1.000000000000000000 ) ) ;
#9687 = ORIENTED_EDGE ( 'NONE', *, *, #5961, .F. ) ;
#9688 = CARTESIAN_POINT ( 'NONE',  ( 35.74999999999983658, -10.00000000000000533, -25.50000000000000355 ) ) ;
#9689 = CIRCLE ( 'NONE', #10567, 2.000000000000001776 ) ;
#9690 = DIRECTION ( 'NONE',  ( 1.000000000000000000, 0.000000000000000000, -0.000000000000000000 ) ) ;
#9691 = EDGE_LOOP ( 'NONE', ( #9571, #5422, #9261, #1761 ) ) ;
#9692 = VECTOR ( 'NONE', #5116, 1000.000000000000000 ) ;
#9693 = EDGE_CURVE ( 'NONE', #13135, #12688, #12168, .T. ) ;
#9694 = ORIENTED_EDGE ( 'NONE', *, *, #1890, .F. ) ;
#9695 = CIRCLE ( 'NONE', #13072, 2.000000000000000888 ) ;
#9696 = CIRCLE ( 'NONE', #11351, 0.5000000000000004441 ) ;
#9697 = ORIENTED_EDGE ( 'NONE', *, *, #9285, .T. ) ;
#9698 = DIRECTION ( 'NONE',  ( -3.469446951953614189E-16, -1.000000000000000000, 0.000000000000000000 ) ) ;
#9699 = VECTOR ( 'NONE', #8373, 1000.000000000000000 ) ;
#9700 = DIRECTION ( 'NONE',  ( 0.000000000000000000, 0.000000000000000000, 1.000000000000000000 ) ) ;
#9701 = DIRECTION ( 'NONE',  ( 0.000000000000000000, 0.000000000000000000, 1.000000000000000000 ) ) ;
#9702 = VECTOR ( 'NONE', #11718, 1000.000000000000000 ) ;
#9703 = VECTOR ( 'NONE', #2416, 1000.000000000000000 ) ;
#9704 = VECTOR ( 'NONE', #5072, 1000.000000000000000 ) ;
#9705 = LINE ( 'NONE', #10574, #3277 ) ;
#9706 = AXIS2_PLACEMENT_3D ( 'NONE', #6675, #1429, #5494 ) ;
#9707 = LINE ( 'NONE', #3453, #3329 ) ;
#9708 = PLANE ( 'NONE',  #7375 ) ;
#9709 = EDGE_LOOP ( 'NONE', ( #10311, #3680, #66, #12371 ) ) ;
#9710 = ORIENTED_EDGE ( 'NONE', *, *, #975, .F. ) ;
#9711 = VERTEX_POINT ( 'NONE', #10831 ) ;
#9712 = EDGE_LOOP ( 'NONE', ( #4352, #7361, #4442, #6450 ) ) ;
#9713 = AXIS2_PLACEMENT_3D ( 'NONE', #7089, #11146, #1054 ) ;
#9714 = CIRCLE ( 'NONE', #6525, 2.000000000000000888 ) ;
#9715 = EDGE_LOOP ( 'NONE', ( #12188, #3848, #1716, #4880 ) ) ;
#9716 = ORIENTED_EDGE ( 'NONE', *, *, #5778, .T. ) ;
#9717 = VECTOR ( 'NONE', #12793, 1000.000000000000000 ) ;
#9718 = CYLINDRICAL_SURFACE ( 'NONE', #2928, 2.000000000000001776 ) ;
#9719 = EDGE_CURVE ( 'NONE', #43, #6022, #1562, .T. ) ;
#9720 = ORIENTED_EDGE ( 'NONE', *, *, #6761, .F. ) ;
#9721 = DIRECTION ( 'NONE',  ( 0.000000000000000000, 0.000000000000000000, 1.000000000000000000 ) ) ;
#9722 = LINE ( 'NONE', #745, #7513 ) ;
#9723 = VECTOR ( 'NONE', #4318, 1000.000000000000000 ) ;
#9724 = DIRECTION ( 'NONE',  ( -0.000000000000000000, 1.000000000000000000, -0.000000000000000000 ) ) ;
#9725 = DIRECTION ( 'NONE',  ( 0.000000000000000000, 0.000000000000000000, 1.000000000000000000 ) ) ;
#9726 = DIRECTION ( 'NONE',  ( -0.000000000000000000, -1.000000000000000000, -0.000000000000000000 ) ) ;
#9727 = VECTOR ( 'NONE', #85, 1000.000000000000000 ) ;
#9728 = LINE ( 'NONE', #5476, #4212 ) ;
#9729 = CARTESIAN_POINT ( 'NONE',  ( 0.000000000000000000, 26.99999999999999289, 44.60000000000000142 ) ) ;
#9730 = ORIENTED_EDGE ( 'NONE', *, *, #7805, .T. ) ;
#9731 = CARTESIAN_POINT ( 'NONE',  ( 14.30000000000000426, 37.53999999999999204, 51.00000000000000711 ) ) ;
#9732 = ORIENTED_EDGE ( 'NONE', *, *, #5120, .T. ) ;
#9733 = AXIS2_PLACEMENT_3D ( 'NONE', #3881, #2967, #6820 ) ;
#9734 = CIRCLE ( 'NONE', #836, 2.000000000000000444 ) ;
#9735 = CARTESIAN_POINT ( 'NONE',  ( 23.74999999999982236, 4.999999999999990230, 60.00000000000000711 ) ) ;
#9736 = VECTOR ( 'NONE', #192, 999.9999999999998863 ) ;
#9737 = VERTEX_POINT ( 'NONE', #9823 ) ;
#9738 = ORIENTED_EDGE ( 'NONE', *, *, #10895, .F. ) ;
#9739 = VECTOR ( 'NONE', #2767, 1000.000000000000000 ) ;
#9740 = FACE_OUTER_BOUND ( 'NONE', #9709, .T. ) ;
#9741 = CARTESIAN_POINT ( 'NONE',  ( 46.00000000000004263, 29.99999999999999289, 48.00000000000000000 ) ) ;
#9742 = DIRECTION ( 'NONE',  ( 1.000000000000000000, -0.000000000000000000, -0.000000000000000000 ) ) ;
#9743 = EDGE_CURVE ( 'NONE', #10675, #5750, #3982, .T. ) ;
#9744 = CYLINDRICAL_SURFACE ( 'NONE', #8661, 2.000000000000001776 ) ;
#9745 = DIRECTION ( 'NONE',  ( -0.3162277660168377191, 0.9486832980505138790, 0.000000000000000000 ) ) ;
#9746 = ORIENTED_EDGE ( 'NONE', *, *, #7241, .T. ) ;
#9747 = DIRECTION ( 'NONE',  ( -1.469412826709783272E-14, 0.000000000000000000, -1.000000000000000000 ) ) ;
#9748 = VECTOR ( 'NONE', #497, 1000.000000000000000 ) ;
#9749 = DIRECTION ( 'NONE',  ( 0.000000000000000000, 0.000000000000000000, -1.000000000000000000 ) ) ;
#9750 = EDGE_CURVE ( 'NONE', #11845, #12844, #6906, .T. ) ;
#9751 = ORIENTED_EDGE ( 'NONE', *, *, #7711, .F. ) ;
#9752 = VERTEX_POINT ( 'NONE', #2934 ) ;
#9753 = DIRECTION ( 'NONE',  ( 1.000000000000000000, -0.000000000000000000, 0.000000000000000000 ) ) ;
#9754 = ORIENTED_EDGE ( 'NONE', *, *, #6427, .T. ) ;
#9755 = ORIENTED_EDGE ( 'NONE', *, *, #9669, .F. ) ;
#9756 = CIRCLE ( 'NONE', #2971, 2.000000000000000888 ) ;
#9757 = FACE_BOUND ( 'NONE', #11548, .T. ) ;
#9758 = DIRECTION ( 'NONE',  ( -0.000000000000000000, 1.000000000000000000, -0.000000000000000000 ) ) ;
#9759 = DIRECTION ( 'NONE',  ( 0.000000000000000000, -0.000000000000000000, -1.000000000000000000 ) ) ;
#9760 = PLANE ( 'NONE',  #4413 ) ;
#9761 = FACE_OUTER_BOUND ( 'NONE', #1457, .T. ) ;
#9762 = CARTESIAN_POINT ( 'NONE',  ( -28.74999999999999645, -30.00000000000001421, 60.00000000000000711 ) ) ;
#9763 = LINE ( 'NONE', #662, #12881 ) ;
#9764 = ORIENTED_EDGE ( 'NONE', *, *, #4441, .T. ) ;
#9765 = CARTESIAN_POINT ( 'NONE',  ( 36.00000000000002842, 26.99999999999999289, -5.097962868176746799E-15 ) ) ;
#9766 = DIRECTION ( 'NONE',  ( 1.000000000000000000, 0.000000000000000000, 0.000000000000000000 ) ) ;
#9767 = DIRECTION ( 'NONE',  ( 1.000000000000000000, -0.000000000000000000, 0.000000000000000000 ) ) ;
#9768 = EDGE_LOOP ( 'NONE', ( #10742, #11476, #9264, #8156 ) ) ;
#9769 = ORIENTED_EDGE ( 'NONE', *, *, #10565, .F. ) ;
#9770 = ORIENTED_EDGE ( 'NONE', *, *, #4141, .T. ) ;
#9771 = PLANE ( 'NONE',  #3948 ) ;
#9772 = FACE_OUTER_BOUND ( 'NONE', #9663, .T. ) ;
#9773 = CARTESIAN_POINT ( 'NONE',  ( -46.00000000000004263, 29.99999999999999289, 18.19999999999999574 ) ) ;
#9774 = CARTESIAN_POINT ( 'NONE',  ( 0.000000000000000000, 29.99999999999999289, -7.000000000000000000 ) ) ;
#9775 = CARTESIAN_POINT ( 'NONE',  ( 0.000000000000000000, 26.99999999999999289, 20.20000000000000284 ) ) ;
#9776 = ORIENTED_EDGE ( 'NONE', *, *, #9333, .T. ) ;
#9777 = EDGE_LOOP ( 'NONE', ( #7432, #9143, #6083 ) ) ;
#9778 = ORIENTED_EDGE ( 'NONE', *, *, #10622, .F. ) ;
#9779 = DIRECTION ( 'NONE',  ( -0.000000000000000000, -1.000000000000000000, -0.000000000000000000 ) ) ;
#9780 = VERTEX_POINT ( 'NONE', #10844 ) ;
#9781 = ORIENTED_EDGE ( 'NONE', *, *, #11099, .T. ) ;
#9782 = ORIENTED_EDGE ( 'NONE', *, *, #3916, .F. ) ;
#9783 = CARTESIAN_POINT ( 'NONE',  ( 70.00000000000000000, 22.99999999999999289, -17.60000000000001208 ) ) ;
#9784 = ORIENTED_EDGE ( 'NONE', *, *, #1687, .F. ) ;
#9785 = LINE ( 'NONE', #7716, #10520 ) ;
#9786 = CYLINDRICAL_SURFACE ( 'NONE', #10501, 3.500000000000008438 ) ;
#9787 = DIRECTION ( 'NONE',  ( 0.000000000000000000, 0.000000000000000000, 1.000000000000000000 ) ) ;
#9788 = CARTESIAN_POINT ( 'NONE',  ( 0.000000000000000000, 19.99999999999998934, 60.00000000000000711 ) ) ;
#9789 = DIRECTION ( 'NONE',  ( -1.000000000000000000, 0.000000000000000000, 0.000000000000000000 ) ) ;
#9790 = CARTESIAN_POINT ( 'NONE',  ( -36.00000000000002842, 26.99999999999999289, -5.097962868176746799E-15 ) ) ;
#9791 = ORIENTED_EDGE ( 'NONE', *, *, #1991, .F. ) ;
#9792 = CARTESIAN_POINT ( 'NONE',  ( -18.75000000000000355, 46.53999999999999204, 10.00000000000000355 ) ) ;
#9793 = EDGE_CURVE ( 'NONE', #5361, #11488, #7168, .T. ) ;
#9794 = ADVANCED_FACE ( 'NONE', ( #111 ), #8106, .T. ) ;
#9795 = DIRECTION ( 'NONE',  ( -0.000000000000000000, 0.000000000000000000, 1.000000000000000000 ) ) ;
#9796 = EDGE_LOOP ( 'NONE', ( #4417, #5518 ) ) ;
#9797 = VERTEX_POINT ( 'NONE', #3127 ) ;
#9798 = DIRECTION ( 'NONE',  ( 1.000000000000000000, -2.618450529776313247E-16, 0.000000000000000000 ) ) ;
#9799 = DIRECTION ( 'NONE',  ( 0.000000000000000000, 0.000000000000000000, -1.000000000000000000 ) ) ;
#9800 = FACE_OUTER_BOUND ( 'NONE', #3109, .T. ) ;
#9801 = DIRECTION ( 'NONE',  ( -0.000000000000000000, 1.000000000000000000, -0.000000000000000000 ) ) ;
#9802 = CARTESIAN_POINT ( 'NONE',  ( 31.00000000000004263, 26.99999999999999289, 3.000000000000006217 ) ) ;
#9803 = VERTEX_POINT ( 'NONE', #12275 ) ;
#9804 = CARTESIAN_POINT ( 'NONE',  ( 0.000000000000000000, 0.000000000000000000, 0.000000000000000000 ) ) ;
#9805 = LINE ( 'NONE', #1257, #12603 ) ;
#9806 = DIRECTION ( 'NONE',  ( -0.000000000000000000, 1.000000000000000000, -0.000000000000000000 ) ) ;
#9807 = ORIENTED_EDGE ( 'NONE', *, *, #1485, .T. ) ;
#9808 = ORIENTED_EDGE ( 'NONE', *, *, #256, .F. ) ;
#9809 = DIRECTION ( 'NONE',  ( 1.000000000000000000, 0.000000000000000000, 1.387778780781445676E-16 ) ) ;
#9810 = EDGE_CURVE ( 'NONE', #5720, #11075, #4103, .T. ) ;
#9811 = ORIENTED_EDGE ( 'NONE', *, *, #10707, .F. ) ;
#9812 = ORIENTED_EDGE ( 'NONE', *, *, #3098, .F. ) ;
#9813 = ORIENTED_EDGE ( 'NONE', *, *, #2310, .T. ) ;
#9814 = CARTESIAN_POINT ( 'NONE',  ( -7.500000000000016875, -24.00000000000001421, -36.75000000000000000 ) ) ;
#9815 = DIRECTION ( 'NONE',  ( -0.000000000000000000, -1.000000000000000000, -0.000000000000000000 ) ) ;
#9816 = DIRECTION ( 'NONE',  ( 1.000000000000000000, -0.000000000000000000, 0.000000000000000000 ) ) ;
#9817 = CARTESIAN_POINT ( 'NONE',  ( -23.75000000000000000, -30.00000000000001421, 44.85000000000000142 ) ) ;
#9818 = EDGE_CURVE ( 'NONE', #7058, #5978, #12197, .T. ) ;
#9819 = DIRECTION ( 'NONE',  ( 0.000000000000000000, 1.000000000000000000, 0.000000000000000000 ) ) ;
#9820 = ADVANCED_FACE ( 'NONE', ( #6180, #2189, #9162 ), #3054, .F. ) ;
#9821 = CYLINDRICAL_SURFACE ( 'NONE', #797, 4.000000000000003553 ) ;
#9822 = VERTEX_POINT ( 'NONE', #12143 ) ;
#9823 = CARTESIAN_POINT ( 'NONE',  ( 23.00000000000002842, 19.99999999999999289, -33.25000000000000000 ) ) ;
#9824 = CARTESIAN_POINT ( 'NONE',  ( 33.00000000000004263, 26.99999999999999289, 0.000000000000000000 ) ) ;
#9825 = FACE_OUTER_BOUND ( 'NONE', #2633, .T. ) ;
#9826 = FACE_OUTER_BOUND ( 'NONE', #10856, .T. ) ;
#9827 = VERTEX_POINT ( 'NONE', #5119 ) ;
#9828 = VERTEX_POINT ( 'NONE', #50 ) ;
#9829 = VERTEX_POINT ( 'NONE', #11232 ) ;
#9830 = CARTESIAN_POINT ( 'NONE',  ( -14.29999999999999005, -45.50000000000000711, 53.50000000000000000 ) ) ;
#9831 = CARTESIAN_POINT ( 'NONE',  ( 28.74999999999999645, -52.50000000000000711, 60.00000000000000711 ) ) ;
#9832 = EDGE_CURVE ( 'NONE', #1857, #11845, #8242, .T. ) ;
#9833 = EDGE_CURVE ( 'NONE', #4265, #9532, #10556, .T. ) ;
#9834 = DIRECTION ( 'NONE',  ( 0.000000000000000000, 0.000000000000000000, 1.000000000000000000 ) ) ;
#9835 = DIRECTION ( 'NONE',  ( 0.000000000000000000, 1.000000000000000000, -0.000000000000000000 ) ) ;
#9836 = DIRECTION ( 'NONE',  ( -1.000000000000000000, 0.000000000000000000, 0.000000000000000000 ) ) ;
#9837 = ORIENTED_EDGE ( 'NONE', *, *, #3040, .T. ) ;
#9838 = EDGE_LOOP ( 'NONE', ( #4455, #5605, #2540, #4977, #198 ) ) ;
#9839 = EDGE_LOOP ( 'NONE', ( #2369, #9460, #1348, #4109 ) ) ;
#9840 = EDGE_LOOP ( 'NONE', ( #7248, #12333, #8772, #9648 ) ) ;
#9841 = ORIENTED_EDGE ( 'NONE', *, *, #10978, .T. ) ;
#9842 = ORIENTED_EDGE ( 'NONE', *, *, #6890, .F. ) ;
#9843 = CARTESIAN_POINT ( 'NONE',  ( -58.25000000000019185, -20.49999999999991473, 49.00000000000000000 ) ) ;
#9844 = VERTEX_POINT ( 'NONE', #7229 ) ;
#9845 = CARTESIAN_POINT ( 'NONE',  ( 34.00000000000003553, 26.99999999999999289, 44.60000000000000142 ) ) ;
#9846 = CARTESIAN_POINT ( 'NONE',  ( -23.75000000000000000, 10.50000000000008527, 50.50000000000000000 ) ) ;
#9847 = DIRECTION ( 'NONE',  ( 1.000000000000000000, 0.000000000000000000, -0.000000000000000000 ) ) ;
#9848 = LINE ( 'NONE', #4804, #10992 ) ;
#9849 = DIRECTION ( 'NONE',  ( -1.040834085586083310E-14, 0.000000000000000000, 1.000000000000000000 ) ) ;
#9850 = LINE ( 'NONE', #5807, #5240 ) ;
#9851 = EDGE_CURVE ( 'NONE', #8082, #8434, #11287, .T. ) ;
#9852 = CARTESIAN_POINT ( 'NONE',  ( -70.00000000000000000, 22.99999999999999289, -17.59999999999999432 ) ) ;
#9853 = DIRECTION ( 'NONE',  ( -1.000000000000000000, 0.000000000000000000, 0.000000000000000000 ) ) ;
#9854 = ORIENTED_EDGE ( 'NONE', *, *, #5179, .F. ) ;
#9855 = PLANE ( 'NONE',  #3353 ) ;
#9856 = ORIENTED_EDGE ( 'NONE', *, *, #11294, .T. ) ;
#9857 = VECTOR ( 'NONE', #190, 1000.000000000000000 ) ;
#9858 = DIRECTION ( 'NONE',  ( 1.416100796715761603E-16, 0.000000000000000000, 1.000000000000000000 ) ) ;
#9859 = ORIENTED_EDGE ( 'NONE', *, *, #2181, .F. ) ;
#9860 = ORIENTED_EDGE ( 'NONE', *, *, #3175, .T. ) ;
#9861 = EDGE_CURVE ( 'NONE', #11537, #4415, #10284, .T. ) ;
#9862 = DIRECTION ( 'NONE',  ( 0.000000000000000000, 0.4224229034221534396, -0.9063988584858202469 ) ) ;
#9863 = DIRECTION ( 'NONE',  ( -0.000000000000000000, 1.000000000000000000, -0.000000000000000000 ) ) ;
#9864 = CARTESIAN_POINT ( 'NONE',  ( -58.25000000000019185, 10.50000000000008527, 52.00000000000000711 ) ) ;
#9865 = PLANE ( 'NONE',  #2100 ) ;
#9866 = LINE ( 'NONE', #2968, #12408 ) ;
#9867 = VECTOR ( 'NONE', #12341, 1000.000000000000000 ) ;
#9868 = ORIENTED_EDGE ( 'NONE', *, *, #5985, .T. ) ;
#9869 = LINE ( 'NONE', #5898, #9217 ) ;
#9870 = CARTESIAN_POINT ( 'NONE',  ( 30.00000000000003197, 26.99999999999999289, 1.000000000000002442 ) ) ;
#9871 = ORIENTED_EDGE ( 'NONE', *, *, #5458, .F. ) ;
#9872 = EDGE_LOOP ( 'NONE', ( #5274, #4222, #5921, #6418 ) ) ;
#9873 = DIRECTION ( 'NONE',  ( 0.000000000000000000, 0.000000000000000000, -1.000000000000000000 ) ) ;
#9874 = ORIENTED_EDGE ( 'NONE', *, *, #521, .T. ) ;
#9875 = ORIENTED_EDGE ( 'NONE', *, *, #6020, .T. ) ;
#9876 = VECTOR ( 'NONE', #1547, 1000.000000000000000 ) ;
#9877 = ORIENTED_EDGE ( 'NONE', *, *, #3852, .F. ) ;
#9878 = DIRECTION ( 'NONE',  ( 1.000000000000000000, 0.000000000000000000, 0.000000000000000000 ) ) ;
#9879 = ADVANCED_FACE ( 'NONE', ( #1072 ), #4771, .F. ) ;
#9880 = DIRECTION ( 'NONE',  ( -0.000000000000000000, 0.000000000000000000, -1.000000000000000000 ) ) ;
#9881 = CARTESIAN_POINT ( 'NONE',  ( -23.74999999999999645, -9.499999999999914735, 67.51000000000000512 ) ) ;
#9882 = CARTESIAN_POINT ( 'NONE',  ( -46.00000000000004974, 29.99999999999999289, 0.000000000000000000 ) ) ;
#9883 = DIRECTION ( 'NONE',  ( 0.000000000000000000, 0.000000000000000000, 1.000000000000000000 ) ) ;
#9884 = AXIS2_PLACEMENT_3D ( 'NONE', #6193, #10239, #3258 ) ;
#9885 = FACE_OUTER_BOUND ( 'NONE', #10156, .T. ) ;
#9886 = ORIENTED_EDGE ( 'NONE', *, *, #4456, .T. ) ;
#9887 = LINE ( 'NONE', #9765, #7364 ) ;
#9888 = CIRCLE ( 'NONE', #107, 2.599999999999989431 ) ;
#9889 = DIRECTION ( 'NONE',  ( 1.000000000000000000, 0.000000000000000000, 0.000000000000000000 ) ) ;
#9890 = ORIENTED_EDGE ( 'NONE', *, *, #9184, .T. ) ;
#9891 = ORIENTED_EDGE ( 'NONE', *, *, #3079, .F. ) ;
#9892 = EDGE_CURVE ( 'NONE', #7100, #10262, #506, .T. ) ;
#9893 = AXIS2_PLACEMENT_3D ( 'NONE', #5148, #1911, #8954 ) ;
#9894 = VECTOR ( 'NONE', #4113, 1000.000000000000000 ) ;
#9895 = CARTESIAN_POINT ( 'NONE',  ( 0.000000000000000000, 26.99999999999999289, 20.19999999999999574 ) ) ;
#9896 = FACE_BOUND ( 'NONE', #10706, .T. ) ;
#9897 = VECTOR ( 'NONE', #12356, 1000.000000000000000 ) ;
#9898 = VECTOR ( 'NONE', #3824, 1000.000000000000000 ) ;
#9899 = EDGE_CURVE ( 'NONE', #12228, #8455, #658, .T. ) ;
#9900 = CARTESIAN_POINT ( 'NONE',  ( 44.00000000000004263, 26.99999999999999289, 44.59999999999999432 ) ) ;
#9901 = VECTOR ( 'NONE', #6772, 1000.000000000000000 ) ;
#9902 = EDGE_CURVE ( 'NONE', #11703, #7300, #5710, .T. ) ;
#9903 = DIRECTION ( 'NONE',  ( -1.000000000000000000, -0.000000000000000000, -0.000000000000000000 ) ) ;
#9904 = VECTOR ( 'NONE', #12351, 1000.000000000000000 ) ;
#9905 = VECTOR ( 'NONE', #3394, 1000.000000000000000 ) ;
#9906 = LINE ( 'NONE', #5987, #2523 ) ;
#9907 = ORIENTED_EDGE ( 'NONE', *, *, #11741, .T. ) ;
#9908 = ORIENTED_EDGE ( 'NONE', *, *, #5609, .F. ) ;
#9909 = VERTEX_POINT ( 'NONE', #2642 ) ;
#9910 = AXIS2_PLACEMENT_3D ( 'NONE', #5876, #10043, #886 ) ;
#9911 = LINE ( 'NONE', #11706, #12906 ) ;
#9912 = ORIENTED_EDGE ( 'NONE', *, *, #1291, .T. ) ;
#9913 = VERTEX_POINT ( 'NONE', #11814 ) ;
#9914 = ORIENTED_EDGE ( 'NONE', *, *, #9810, .T. ) ;
#9915 = VECTOR ( 'NONE', #9380, 1000.000000000000000 ) ;
#9916 = CIRCLE ( 'NONE', #4829, 1.500000000000001332 ) ;
#9917 = ORIENTED_EDGE ( 'NONE', *, *, #17, .F. ) ;
#9918 = ADVANCED_FACE ( 'NONE', ( #11685 ), #9760, .F. ) ;
#9919 = FACE_OUTER_BOUND ( 'NONE', #12888, .T. ) ;
#9920 = DIRECTION ( 'NONE',  ( 1.000000000000000000, -0.000000000000000000, 0.000000000000000000 ) ) ;
#9921 = EDGE_CURVE ( 'NONE', #425, #10984, #9610, .T. ) ;
#9922 = LINE ( 'NONE', #8984, #9665 ) ;
#9923 = VECTOR ( 'NONE', #4954, 1000.000000000000000 ) ;
#9924 = VECTOR ( 'NONE', #2395, 1000.000000000000000 ) ;
#9925 = FACE_OUTER_BOUND ( 'NONE', #12989, .T. ) ;
#9926 = EDGE_CURVE ( 'NONE', #7929, #4356, #448, .T. ) ;
#9927 = DIRECTION ( 'NONE',  ( 1.000000000000000000, -0.000000000000000000, -1.387778780781445676E-16 ) ) ;
#9928 = CARTESIAN_POINT ( 'NONE',  ( -34.00000000000002842, 29.99999999999999289, 5.000000000000005329 ) ) ;
#9929 = VERTEX_POINT ( 'NONE', #5513 ) ;
#9930 = VECTOR ( 'NONE', #7784, 1000.000000000000000 ) ;
#9931 = CARTESIAN_POINT ( 'NONE',  ( 23.75000000000000000, -15.00000000000001421, 44.85000000000000142 ) ) ;
#9932 = VECTOR ( 'NONE', #9104, 1000.000000000000000 ) ;
#9933 = ADVANCED_FACE ( 'NONE', ( #10683 ), #9552, .F. ) ;
#9934 = VECTOR ( 'NONE', #589, 1000.000000000000000 ) ;
#9935 = DIRECTION ( 'NONE',  ( 0.000000000000000000, 0.000000000000000000, -1.000000000000000000 ) ) ;
#9936 = EDGE_CURVE ( 'NONE', #5819, #4838, #4505, .T. ) ;
#9937 = VERTEX_POINT ( 'NONE', #8613 ) ;
#9938 = ORIENTED_EDGE ( 'NONE', *, *, #8790, .F. ) ;
#9939 = AXIS2_PLACEMENT_3D ( 'NONE', #5294, #8397, #2415 ) ;
#9940 = DIRECTION ( 'NONE',  ( -1.000000000000000000, 0.000000000000000000, -0.000000000000000000 ) ) ;
#9941 = DIRECTION ( 'NONE',  ( 1.000000000000000000, 4.336808689942013792E-16, -0.000000000000000000 ) ) ;
#9942 = CYLINDRICAL_SURFACE ( 'NONE', #9733, 2.499999999999998668 ) ;
#9943 = CIRCLE ( 'NONE', #2519, 2.500000000000002220 ) ;
#9944 = DIRECTION ( 'NONE',  ( -1.734723475976807094E-15, 0.000000000000000000, 1.000000000000000000 ) ) ;
#9945 = VECTOR ( 'NONE', #11864, 1000.000000000000000 ) ;
#9946 = VERTEX_POINT ( 'NONE', #10828 ) ;
#9947 = DIRECTION ( 'NONE',  ( -0.000000000000000000, 0.000000000000000000, -1.000000000000000000 ) ) ;
#9948 = DIRECTION ( 'NONE',  ( 0.000000000000000000, -1.000000000000000000, 0.000000000000000000 ) ) ;
#9949 = AXIS2_PLACEMENT_3D ( 'NONE', #11823, #11620, #3647 ) ;
#9950 = ORIENTED_EDGE ( 'NONE', *, *, #12822, .F. ) ;
#9951 = CARTESIAN_POINT ( 'NONE',  ( -18.74999999999998934, 46.53999999999999204, 60.00000000000000711 ) ) ;
#9952 = EDGE_CURVE ( 'NONE', #8843, #12250, #7692, .T. ) ;
#9953 = VECTOR ( 'NONE', #5998, 1000.000000000000000 ) ;
#9954 = ORIENTED_EDGE ( 'NONE', *, *, #12195, .T. ) ;
#9955 = VERTEX_POINT ( 'NONE', #1710 ) ;
#9956 = AXIS2_PLACEMENT_3D ( 'NONE', #6310, #7286, #1262 ) ;
#9957 = CARTESIAN_POINT ( 'NONE',  ( -22.00000000000003197, 14.24999999999999822, 3.000000000000011990 ) ) ;
#9958 = DIRECTION ( 'NONE',  ( -1.000000000000000000, 0.000000000000000000, 1.387778780781445676E-16 ) ) ;
#9959 = FACE_OUTER_BOUND ( 'NONE', #5589, .T. ) ;
#9960 = DIRECTION ( 'NONE',  ( 1.000000000000000000, 0.000000000000000000, 0.000000000000000000 ) ) ;
#9961 = DIRECTION ( 'NONE',  ( -0.000000000000000000, -1.000000000000000000, -0.000000000000000000 ) ) ;
#9962 = ORIENTED_EDGE ( 'NONE', *, *, #9271, .F. ) ;
#9963 = CARTESIAN_POINT ( 'NONE',  ( 85.99999999999994316, 25.99999999999998934, -40.00000000000000000 ) ) ;
#9964 = DIRECTION ( 'NONE',  ( -0.000000000000000000, -0.000000000000000000, -1.000000000000000000 ) ) ;
#9965 = PLANE ( 'NONE',  #10562 ) ;
#9966 = ORIENTED_EDGE ( 'NONE', *, *, #7256, .F. ) ;
#9967 = ORIENTED_EDGE ( 'NONE', *, *, #6136, .T. ) ;
#9968 = ADVANCED_FACE ( 'NONE', ( #3703 ), #11614, .T. ) ;
#9969 = VECTOR ( 'NONE', #1534, 1000.000000000000000 ) ;
#9970 = DIRECTION ( 'NONE',  ( 1.000000000000000000, -0.000000000000000000, -0.000000000000000000 ) ) ;
#9971 = PLANE ( 'NONE',  #3502 ) ;
#9972 = CARTESIAN_POINT ( 'NONE',  ( -28.75000000000000355, 29.99999999999999289, 10.00000000000000711 ) ) ;
#9973 = FACE_OUTER_BOUND ( 'NONE', #11542, .T. ) ;
#9974 = CARTESIAN_POINT ( 'NONE',  ( -20.00000000000002842, 29.99999999999999289, 1.000000000000008438 ) ) ;
#9975 = VERTEX_POINT ( 'NONE', #9681 ) ;
#9976 = ORIENTED_EDGE ( 'NONE', *, *, #9810, .F. ) ;
#9977 = ORIENTED_EDGE ( 'NONE', *, *, #8294, .T. ) ;
#9978 = EDGE_CURVE ( 'NONE', #4274, #11972, #2580, .T. ) ;
#9979 = ORIENTED_EDGE ( 'NONE', *, *, #2635, .T. ) ;
#9980 = ORIENTED_EDGE ( 'NONE', *, *, #12992, .T. ) ;
#9981 = CARTESIAN_POINT ( 'NONE',  ( -90.00000000000005684, 25.99999999999999289, 56.00000000000000711 ) ) ;
#9982 = SPHERICAL_SURFACE ( 'NONE', #11356, 4.000000000000000000 ) ;
#9983 = CARTESIAN_POINT ( 'NONE',  ( -42.00000000000002842, 26.99999999999999289, -3.000000000000000000 ) ) ;
#9984 = CARTESIAN_POINT ( 'NONE',  ( 0.000000000000000000, 26.99999999999999289, 48.00000000000000000 ) ) ;
#9985 = EDGE_CURVE ( 'NONE', #11394, #2307, #11850, .T. ) ;
#9986 = DIRECTION ( 'NONE',  ( 1.000000000000000000, -0.000000000000000000, -0.000000000000000000 ) ) ;
#9987 = LINE ( 'NONE', #11063, #2694 ) ;
#9988 = EDGE_LOOP ( 'NONE', ( #1035, #1067, #8109, #4691 ) ) ;
#9989 = FACE_OUTER_BOUND ( 'NONE', #6908, .T. ) ;
#9990 = CARTESIAN_POINT ( 'NONE',  ( 89.99999999999994316, -26.00000000000000711, -40.00000000000000000 ) ) ;
#9991 = EDGE_CURVE ( 'NONE', #12423, #5349, #7809, .T. ) ;
#9992 = EDGE_CURVE ( 'NONE', #10191, #10661, #13098, .T. ) ;
#9993 = EDGE_CURVE ( 'NONE', #1360, #231, #12733, .T. ) ;
#9994 = ORIENTED_EDGE ( 'NONE', *, *, #5640, .T. ) ;
#9995 = ORIENTED_EDGE ( 'NONE', *, *, #7480, .F. ) ;
#9996 = CARTESIAN_POINT ( 'NONE',  ( -14.30000000000000782, -31.75000000000000000, 25.10434383594886754 ) ) ;
#9997 = FACE_OUTER_BOUND ( 'NONE', #6067, .T. ) ;
#9998 = LINE ( 'NONE', #5013, #778 ) ;
#9999 = EDGE_CURVE ( 'NONE', #5036, #3954, #8028, .T. ) ;
#10000 = CARTESIAN_POINT ( 'NONE',  ( -36.00000000000002842, 26.99999999999999289, 30.39999999999999858 ) ) ;
#10001 = DIRECTION ( 'NONE',  ( 1.000000000000000000, -0.000000000000000000, 0.000000000000000000 ) ) ;
#10002 = ORIENTED_EDGE ( 'NONE', *, *, #2522, .T. ) ;
#10003 = CARTESIAN_POINT ( 'NONE',  ( 28.75000000000001066, 37.53999999999999204, 51.00000000000000711 ) ) ;
#10004 = ORIENTED_EDGE ( 'NONE', *, *, #8445, .F. ) ;
#10005 = CARTESIAN_POINT ( 'NONE',  ( 14.30000000000000426, 37.53999999999999204, 47.00000000000000000 ) ) ;
#10006 = EDGE_CURVE ( 'NONE', #10434, #6316, #7028, .T. ) ;
#10007 = VERTEX_POINT ( 'NONE', #5839 ) ;
#10008 = CARTESIAN_POINT ( 'NONE',  ( -36.00000000000002842, 29.99999999999999289, -5.097962868176746799E-15 ) ) ;
#10009 = ADVANCED_FACE ( 'NONE', ( #1045 ), #12072, .T. ) ;
#10010 = EDGE_LOOP ( 'NONE', ( #1435, #5886, #11923, #7276 ) ) ;
#10011 = ORIENTED_EDGE ( 'NONE', *, *, #12051, .T. ) ;
#10012 = CARTESIAN_POINT ( 'NONE',  ( 46.00000000000004974, 26.99999999999999289, 44.59999999999999432 ) ) ;
#10013 = FACE_OUTER_BOUND ( 'NONE', #2985, .T. ) ;
#10014 = DIRECTION ( 'NONE',  ( -1.000000000000000000, 0.000000000000000000, 0.000000000000000000 ) ) ;
#10015 = FACE_OUTER_BOUND ( 'NONE', #5092, .T. ) ;
#10016 = FACE_OUTER_BOUND ( 'NONE', #11329, .T. ) ;
#10017 = EDGE_CURVE ( 'NONE', #10179, #5339, #6094, .T. ) ;
#10018 = DIRECTION ( 'NONE',  ( 0.000000000000000000, -1.000000000000000000, 4.625929269271485914E-16 ) ) ;
#10019 = CARTESIAN_POINT ( 'NONE',  ( -23.74999999999998934, 4.999999999999990230, 60.00000000000000711 ) ) ;
#10020 = EDGE_LOOP ( 'NONE', ( #6343, #12146, #1754, #6606 ) ) ;
#10021 = ORIENTED_EDGE ( 'NONE', *, *, #6249, .F. ) ;
#10022 = EDGE_LOOP ( 'NONE', ( #9837, #6870, #2280 ) ) ;
#10023 = CARTESIAN_POINT ( 'NONE',  ( -70.00000000000000000, 22.99999999999999289, -15.00000000000000711 ) ) ;
#10024 = DIRECTION ( 'NONE',  ( -0.000000000000000000, -0.000000000000000000, -1.000000000000000000 ) ) ;
#10025 = ADVANCED_FACE ( 'NONE', ( #10015 ), #1848, .F. ) ;
#10026 = EDGE_CURVE ( 'NONE', #8570, #9913, #10889, .T. ) ;
#10027 = CARTESIAN_POINT ( 'NONE',  ( 30.00000000000000000, 1.000000000000042633, 0.000000000000000000 ) ) ;
#10028 = EDGE_CURVE ( 'NONE', #12651, #7234, #12126, .T. ) ;
#10029 = CARTESIAN_POINT ( 'NONE',  ( 66.00000000000002842, 26.99999999999999289, 0.000000000000000000 ) ) ;
#10030 = DIRECTION ( 'NONE',  ( -0.1564101584015912261, 0.000000000000000000, -0.9876921900819046751 ) ) ;
#10031 = EDGE_LOOP ( 'NONE', ( #10929, #2511, #6869, #1477 ) ) ;
#10032 = ORIENTED_EDGE ( 'NONE', *, *, #6410, .T. ) ;
#10033 = ORIENTED_EDGE ( 'NONE', *, *, #6054, .T. ) ;
#10034 = ORIENTED_EDGE ( 'NONE', *, *, #243, .F. ) ;
#10035 = ORIENTED_EDGE ( 'NONE', *, *, #6940, .T. ) ;
#10036 = LINE ( 'NONE', #11914, #8189 ) ;
#10037 = CARTESIAN_POINT ( 'NONE',  ( 49.40000000000004121, 26.99999999999999289, 56.00000000000000000 ) ) ;
#10038 = DIRECTION ( 'NONE',  ( 0.000000000000000000, 0.000000000000000000, 1.000000000000000000 ) ) ;
#10039 = ADVANCED_FACE ( 'NONE', ( #5104 ), #1973, .F. ) ;
#10040 = SURFACE_STYLE_FILL_AREA ( #5181 ) ;
#10041 = CARTESIAN_POINT ( 'NONE',  ( 35.74999999999983658, -10.00000000000000533, -6.999999999999997335 ) ) ;
#10042 = CARTESIAN_POINT ( 'NONE',  ( -23.75000000000000000, -30.00000000000001421, 56.15000000000000568 ) ) ;
#10043 = DIRECTION ( 'NONE',  ( -0.000000000000000000, 1.000000000000000000, -0.000000000000000000 ) ) ;
#10044 = ORIENTED_EDGE ( 'NONE', *, *, #5526, .T. ) ;
#10045 = CARTESIAN_POINT ( 'NONE',  ( 29.75000000000002487, 8.899999999999968381, -34.75000000000000000 ) ) ;
#10046 = CARTESIAN_POINT ( 'NONE',  ( 0.000000000000000000, 26.99999999999999289, 48.00000000000000000 ) ) ;
#10047 = EDGE_CURVE ( 'NONE', #8208, #4107, #786, .T. ) ;
#10048 = ORIENTED_EDGE ( 'NONE', *, *, #7322, .F. ) ;
#10049 = ORIENTED_EDGE ( 'NONE', *, *, #1415, .F. ) ;
#10050 = CARTESIAN_POINT ( 'NONE',  ( 44.00000000000004263, 26.99999999999999289, 46.00000000000000000 ) ) ;
#10051 = CARTESIAN_POINT ( 'NONE',  ( 0.000000000000000000, 26.99999999999999289, 44.59999999999999432 ) ) ;
#10052 = CARTESIAN_POINT ( 'NONE',  ( 30.00000000000002842, -16.00000000000000711, -22.50000000000000711 ) ) ;
#10053 = DIRECTION ( 'NONE',  ( 1.000000000000000000, -0.000000000000000000, -0.000000000000000000 ) ) ;
#10054 = CARTESIAN_POINT ( 'NONE',  ( 22.00000000000003197, 19.99999999999999289, -2.999999999999996447 ) ) ;
#10055 = ORIENTED_EDGE ( 'NONE', *, *, #12455, .F. ) ;
#10056 = CARTESIAN_POINT ( 'NONE',  ( -14.30000000000000782, -31.75000000000000000, 22.60434383594886754 ) ) ;
#10057 = EDGE_CURVE ( 'NONE', #2413, #12645, #8092, .T. ) ;
#10058 = ORIENTED_EDGE ( 'NONE', *, *, #4929, .F. ) ;
#10059 = EDGE_CURVE ( 'NONE', #9049, #528, #2848, .T. ) ;
#10060 = CARTESIAN_POINT ( 'NONE',  ( -62.90000000000004121, 26.99999999999999289, 58.00000000000000000 ) ) ;
#10061 = LINE ( 'NONE', #957, #12700 ) ;
#10062 = VERTEX_POINT ( 'NONE', #10951 ) ;
#10063 = CARTESIAN_POINT ( 'NONE',  ( -36.00000000000002842, 29.99999999999999289, 5.000000000000020428 ) ) ;
#10064 = EDGE_CURVE ( 'NONE', #9586, #5063, #966, .T. ) ;
#10065 = EDGE_LOOP ( 'NONE', ( #7334, #2164, #1879, #12713 ) ) ;
#10066 = EDGE_LOOP ( 'NONE', ( #2942, #6394, #1443, #2409 ) ) ;
#10067 = DIRECTION ( 'NONE',  ( -1.000000000000000000, 0.000000000000000000, 0.000000000000000000 ) ) ;
#10068 = CARTESIAN_POINT ( 'NONE',  ( 0.000000000000000000, 26.99999999999999289, 45.99999999999999289 ) ) ;
#10069 = AXIS2_PLACEMENT_3D ( 'NONE', #2187, #5117, #6233 ) ;
#10070 = EDGE_CURVE ( 'NONE', #715, #6855, #8960, .T. ) ;
#10071 = DIRECTION ( 'NONE',  ( 1.000000000000000000, 0.000000000000000000, 0.000000000000000000 ) ) ;
#10072 = PLANE ( 'NONE',  #807 ) ;
#10073 = DIRECTION ( 'NONE',  ( -1.416100796715761356E-16, 0.000000000000000000, 1.000000000000000000 ) ) ;
#10074 = ORIENTED_EDGE ( 'NONE', *, *, #5295, .F. ) ;
#10075 = EDGE_CURVE ( 'NONE', #974, #5339, #11087, .T. ) ;
#10076 = DIRECTION ( 'NONE',  ( 0.9486832980505138790, -0.3162277660168377191, 0.000000000000000000 ) ) ;
#10077 = ORIENTED_EDGE ( 'NONE', *, *, #6314, .T. ) ;
#10078 = ORIENTED_EDGE ( 'NONE', *, *, #2559, .F. ) ;
#10079 = VECTOR ( 'NONE', #10940, 1000.000000000000000 ) ;
#10080 = VERTEX_POINT ( 'NONE', #9010 ) ;
#10081 = EDGE_CURVE ( 'NONE', #11563, #8186, #4368, .T. ) ;
#10082 = PLANE ( 'NONE',  #8642 ) ;
#10083 = EDGE_CURVE ( 'NONE', #1413, #11878, #11139, .T. ) ;
#10084 = DIRECTION ( 'NONE',  ( -1.000000000000000000, 0.000000000000000000, 0.000000000000000000 ) ) ;
#10085 = VECTOR ( 'NONE', #11567, 1000.000000000000000 ) ;
#10086 = CARTESIAN_POINT ( 'NONE',  ( 47.40000000000004832, 29.99999999999999289, 48.00000000000000000 ) ) ;
#10087 = DIRECTION ( 'NONE',  ( 0.000000000000000000, 1.000000000000000000, -0.000000000000000000 ) ) ;
#10088 = AXIS2_PLACEMENT_3D ( 'NONE', #11966, #12963, #13022 ) ;
#10089 = DIRECTION ( 'NONE',  ( -5.551115123125777969E-15, 0.000000000000000000, -1.000000000000000000 ) ) ;
#10090 = LINE ( 'NONE', #5058, #5704 ) ;
#10091 = VERTEX_POINT ( 'NONE', #10147 ) ;
#10092 = VERTEX_POINT ( 'NONE', #6964 ) ;
#10093 = ORIENTED_EDGE ( 'NONE', *, *, #4061, .T. ) ;
#10094 = VECTOR ( 'NONE', #9724, 1000.000000000000000 ) ;
#10095 = ADVANCED_FACE ( 'NONE', ( #4086 ), #7892, .F. ) ;
#10096 = VERTEX_POINT ( 'NONE', #7330 ) ;
#10097 = EDGE_LOOP ( 'NONE', ( #7153, #6481, #2355, #12548 ) ) ;
#10098 = EDGE_CURVE ( 'NONE', #1323, #6151, #11589, .T. ) ;
#10099 = DIRECTION ( 'NONE',  ( -1.000000000000000000, 0.000000000000000000, 0.000000000000000000 ) ) ;
#10100 = LINE ( 'NONE', #8983, #4571 ) ;
#10101 = VECTOR ( 'NONE', #2119, 1000.000000000000000 ) ;
#10102 = FACE_OUTER_BOUND ( 'NONE', #684, .T. ) ;
#10103 = VECTOR ( 'NONE', #7079, 1000.000000000000000 ) ;
#10104 = VECTOR ( 'NONE', #903, 1000.000000000000000 ) ;
#10105 = CIRCLE ( 'NONE', #7772, 1.500000000000001332 ) ;
#10106 = DIRECTION ( 'NONE',  ( 1.000000000000000000, 0.000000000000000000, -1.387778780781444571E-14 ) ) ;
#10107 = FACE_OUTER_BOUND ( 'NONE', #12095, .T. ) ;
#10108 = DIRECTION ( 'NONE',  ( -0.3162277660168377746, 0.9486832980505138790, 0.000000000000000000 ) ) ;
#10109 = AXIS2_PLACEMENT_3D ( 'NONE', #9322, #4329, #11259 ) ;
#10110 = VERTEX_POINT ( 'NONE', #4343 ) ;
#10111 = DIRECTION ( 'NONE',  ( -0.000000000000000000, -1.000000000000000000, -0.000000000000000000 ) ) ;
#10112 = EDGE_LOOP ( 'NONE', ( #8621, #8409 ) ) ;
#10113 = VECTOR ( 'NONE', #2214, 1000.000000000000000 ) ;
#10114 = ADVANCED_FACE ( 'NONE', ( #3228 ), #8400, .F. ) ;
#10115 = VECTOR ( 'NONE', #719, 1000.000000000000000 ) ;
#10116 = EDGE_CURVE ( 'NONE', #2281, #9737, #89, .T. ) ;
#10117 = AXIS2_PLACEMENT_3D ( 'NONE', #6744, #9795, #700 ) ;
#10118 = VECTOR ( 'NONE', #7946, 1000.000000000000227 ) ;
#10119 = CARTESIAN_POINT ( 'NONE',  ( 36.00000000000002842, 29.99999999999999289, 5.000000000000020428 ) ) ;
#10120 = ORIENTED_EDGE ( 'NONE', *, *, #1627, .T. ) ;
#10121 = ORIENTED_EDGE ( 'NONE', *, *, #9053, .T. ) ;
#10122 = ORIENTED_EDGE ( 'NONE', *, *, #5188, .T. ) ;
#10123 = AXIS2_PLACEMENT_3D ( 'NONE', #323, #8635, #2340 ) ;
#10124 = CARTESIAN_POINT ( 'NONE',  ( 80.00000000000000000, 19.99999999999999289, -40.00000000000000000 ) ) ;
#10125 = AXIS2_PLACEMENT_3D ( 'NONE', #8516, #12549, #11770 ) ;
#10126 = DIRECTION ( 'NONE',  ( 0.000000000000000000, 0.000000000000000000, 1.000000000000000000 ) ) ;
#10127 = CIRCLE ( 'NONE', #11397, 1.099999999999998535 ) ;
#10128 = AXIS2_PLACEMENT_3D ( 'NONE', #9423, #320, #12665 ) ;
#10129 = CARTESIAN_POINT ( 'NONE',  ( -18.75000000000000355, 29.99999999999999289, 3.000000000000027534 ) ) ;
#10130 = DIRECTION ( 'NONE',  ( 0.000000000000000000, 1.000000000000000000, -0.000000000000000000 ) ) ;
#10131 = ORIENTED_EDGE ( 'NONE', *, *, #6182, .F. ) ;
#10132 = VECTOR ( 'NONE', #9596, 1000.000000000000000 ) ;
#10133 = VECTOR ( 'NONE', #11619, 1000.000000000000000 ) ;
#10134 = CARTESIAN_POINT ( 'NONE',  ( 30.00000000000000000, -0.9999999999999579225, 0.000000000000000000 ) ) ;
#10135 = ORIENTED_EDGE ( 'NONE', *, *, #338, .T. ) ;
#10136 = CARTESIAN_POINT ( 'NONE',  ( 12.74999999999983480, -16.00000000000000711, -11.50000000000000000 ) ) ;
#10137 = VECTOR ( 'NONE', #1204, 1000.000000000000000 ) ;
#10138 = VECTOR ( 'NONE', #3780, 1000.000000000000000 ) ;
#10139 = VERTEX_POINT ( 'NONE', #2172 ) ;
#10140 = ORIENTED_EDGE ( 'NONE', *, *, #3316, .F. ) ;
#10141 = ADVANCED_FACE ( 'NONE', ( #4151, #7267 ), #7144, .T. ) ;
#10142 = EDGE_CURVE ( 'NONE', #6022, #1080, #9270, .T. ) ;
#10143 = DIRECTION ( 'NONE',  ( 1.000000000000000000, 0.000000000000000000, -0.000000000000000000 ) ) ;
#10144 = AXIS2_PLACEMENT_3D ( 'NONE', #2244, #1314, #10360 ) ;
#10145 = CARTESIAN_POINT ( 'NONE',  ( 68.37499999999990052, -30.00000000000000711, -10.00000000000000178 ) ) ;
#10146 = CIRCLE ( 'NONE', #1884, 6.999999999999999112 ) ;
#10147 = CARTESIAN_POINT ( 'NONE',  ( 31.00000000000004263, 29.99999999999999289, 3.000000000000006217 ) ) ;
#10148 = CARTESIAN_POINT ( 'NONE',  ( 38.74999999999983658, -5.000000000000004441, -11.50000000000000355 ) ) ;
#10149 = ORIENTED_EDGE ( 'NONE', *, *, #8007, .F. ) ;
#10150 = AXIS2_PLACEMENT_3D ( 'NONE', #10910, #9779, #10849 ) ;
#10151 = ADVANCED_FACE ( 'NONE', ( #8217 ), #171, .F. ) ;
#10152 = PLANE ( 'NONE',  #6561 ) ;
#10153 = EDGE_CURVE ( 'NONE', #3385, #10560, #10464, .T. ) ;
#10154 = EDGE_LOOP ( 'NONE', ( #3783, #3753, #11660, #622 ) ) ;
#10155 = VECTOR ( 'NONE', #4153, 1000.000000000000000 ) ;
#10156 = EDGE_LOOP ( 'NONE', ( #9938, #10387, #10915, #11238 ) ) ;
#10157 = EDGE_CURVE ( 'NONE', #2900, #3762, #4856, .T. ) ;
#10158 = AXIS2_PLACEMENT_3D ( 'NONE', #4452, #1504, #12671 ) ;
#10159 = ORIENTED_EDGE ( 'NONE', *, *, #6580, .F. ) ;
#10160 = VECTOR ( 'NONE', #7471, 1000.000000000000000 ) ;
#10161 = CARTESIAN_POINT ( 'NONE',  ( 85.99999999999994316, 19.99999999999998934, 56.00000000000000711 ) ) ;
#10162 = EDGE_CURVE ( 'NONE', #632, #6366, #11326, .T. ) ;
#10163 = DIRECTION ( 'NONE',  ( 1.000000000000000000, -0.000000000000000000, -0.000000000000000000 ) ) ;
#10164 = DIRECTION ( 'NONE',  ( -0.000000000000000000, 1.000000000000000000, -0.000000000000000000 ) ) ;
#10165 = AXIS2_PLACEMENT_3D ( 'NONE', #8580, #1475, #11719 ) ;
#10166 = UNCERTAINTY_MEASURE_WITH_UNIT (LENGTH_MEASURE( 1.000000000000000082E-05 ), #4967, 'distance_accuracy_value', 'NONE');
#10167 = EDGE_CURVE ( 'NONE', #9329, #12423, #9393, .T. ) ;
#10168 = DIRECTION ( 'NONE',  ( -0.000000000000000000, -1.000000000000000000, -0.000000000000000000 ) ) ;
#10169 = CARTESIAN_POINT ( 'NONE',  ( -18.00000000000000355, 23.24999999999999289, -39.25000000000000000 ) ) ;
#10170 = DIRECTION ( 'NONE',  ( 1.000000000000000000, 3.469446951953614189E-16, -0.000000000000000000 ) ) ;
#10171 = CARTESIAN_POINT ( 'NONE',  ( 28.00000000000003197, 14.24999999999999822, -2.999999999999998224 ) ) ;
#10172 = VECTOR ( 'NONE', #12928, 1000.000000000000000 ) ;
#10173 = EDGE_CURVE ( 'NONE', #2414, #5735, #12017, .T. ) ;
#10174 = CARTESIAN_POINT ( 'NONE',  ( 18.75000000000000355, 29.99999999999999289, 60.00000000000000711 ) ) ;
#10175 = ORIENTED_EDGE ( 'NONE', *, *, #470, .T. ) ;
#10176 = VERTEX_POINT ( 'NONE', #7408 ) ;
#10177 = EDGE_LOOP ( 'NONE', ( #39, #973, #5487, #1926, #9516 ) ) ;
#10178 = EDGE_CURVE ( 'NONE', #7290, #6216, #10321, .T. ) ;
#10179 = VERTEX_POINT ( 'NONE', #3286 ) ;
#10180 = EDGE_LOOP ( 'NONE', ( #9751, #10689, #12706 ) ) ;
#10181 = VERTEX_POINT ( 'NONE', #4430 ) ;
#10182 = DIRECTION ( 'NONE',  ( 1.000000000000000000, -0.000000000000000000, 0.000000000000000000 ) ) ;
#10183 = DIRECTION ( 'NONE',  ( -0.000000000000000000, 1.000000000000000000, -0.000000000000000000 ) ) ;
#10184 = DIRECTION ( 'NONE',  ( 0.000000000000000000, 0.000000000000000000, 1.000000000000000000 ) ) ;
#10185 = LINE ( 'NONE', #9119, #3335 ) ;
#10186 = EDGE_CURVE ( 'NONE', #5254, #7774, #3174, .T. ) ;
#10187 = CARTESIAN_POINT ( 'NONE',  ( 30.00000000000002842, -5.000000000000000888, -40.00000000000000000 ) ) ;
#10188 = DIRECTION ( 'NONE',  ( 0.000000000000000000, 1.000000000000000000, -0.000000000000000000 ) ) ;
#10189 = PLANE ( 'NONE',  #10572 ) ;
#10190 = LINE ( 'NONE', #4819, #3760 ) ;
#10191 = VERTEX_POINT ( 'NONE', #11469 ) ;
#10192 = ORIENTED_EDGE ( 'NONE', *, *, #6035, .T. ) ;
#10193 = PLANE ( 'NONE',  #2714 ) ;
#10194 = CARTESIAN_POINT ( 'NONE',  ( 22.00000000000003197, 14.24999999999999822, 1.000000000000003331 ) ) ;
#10195 = CARTESIAN_POINT ( 'NONE',  ( 34.00000000000002842, 26.99999999999999289, 5.000000000000005329 ) ) ;
#10196 = CARTESIAN_POINT ( 'NONE',  ( 62.90000000000004121, 26.99999999999999289, 0.000000000000000000 ) ) ;
#10197 = EDGE_CURVE ( 'NONE', #6785, #13149, #5298, .T. ) ;
#10198 = DIRECTION ( 'NONE',  ( -0.000000000000000000, 1.000000000000000000, -0.000000000000000000 ) ) ;
#10199 = VERTEX_POINT ( 'NONE', #2365 ) ;
#10200 = DIRECTION ( 'NONE',  ( -1.000000000000000000, 0.000000000000000000, -1.445602896647347791E-16 ) ) ;
#10201 = ADVANCED_FACE ( 'NONE', ( #4283 ), #6413, .F. ) ;
#10202 = EDGE_CURVE ( 'NONE', #6814, #10850, #1099, .T. ) ;
#10203 = FACE_OUTER_BOUND ( 'NONE', #9840, .T. ) ;
#10204 = EDGE_LOOP ( 'NONE', ( #8787, #5101, #10981, #580 ) ) ;
#10205 = DIRECTION ( 'NONE',  ( 1.000000000000000000, -0.000000000000000000, 0.000000000000000000 ) ) ;
#10206 = VERTEX_POINT ( 'NONE', #11669 ) ;
#10207 = EDGE_LOOP ( 'NONE', ( #927, #7086, #52, #12474 ) ) ;
#10208 = LINE ( 'NONE', #1915, #10566 ) ;
#10209 = DIRECTION ( 'NONE',  ( 1.000000000000000000, -0.000000000000000000, -0.000000000000000000 ) ) ;
#10210 = DIRECTION ( 'NONE',  ( -0.1564101584015871460, 0.000000000000000000, -0.9876921900819052302 ) ) ;
#10211 = CARTESIAN_POINT ( 'NONE',  ( 0.000000000000000000, 29.99999999999999289, 8.000000000000007105 ) ) ;
#10212 = PLANE ( 'NONE',  #11162 ) ;
#10213 = VERTEX_POINT ( 'NONE', #2563 ) ;
#10214 = CARTESIAN_POINT ( 'NONE',  ( -18.75000000000000355, -30.00000000000001066, 26.20121747843340998 ) ) ;
#10215 = ORIENTED_EDGE ( 'NONE', *, *, #1945, .T. ) ;
#10216 = ORIENTED_EDGE ( 'NONE', *, *, #11691, .T. ) ;
#10217 = VERTEX_POINT ( 'NONE', #1488 ) ;
#10218 = VERTEX_POINT ( 'NONE', #7522 ) ;
#10219 = EDGE_CURVE ( 'NONE', #7625, #7058, #5553, .T. ) ;
#10220 = DIRECTION ( 'NONE',  ( -0.000000000000000000, -0.000000000000000000, -1.000000000000000000 ) ) ;
#10221 = FACE_OUTER_BOUND ( 'NONE', #7729, .T. ) ;
#10222 = CARTESIAN_POINT ( 'NONE',  ( -28.75000000000000355, 46.53999999999999204, 10.00000000000000711 ) ) ;
#10223 = LINE ( 'NONE', #5370, #8879 ) ;
#10224 = DIRECTION ( 'NONE',  ( -1.416100796715761603E-16, 0.000000000000000000, 1.000000000000000000 ) ) ;
#10225 = DIRECTION ( 'NONE',  ( -1.000000000000000000, 0.000000000000000000, 0.000000000000000000 ) ) ;
#10226 = DIRECTION ( 'NONE',  ( 1.000000000000000000, -0.000000000000000000, 0.000000000000000000 ) ) ;
#10227 = CARTESIAN_POINT ( 'NONE',  ( 38.74999999999983658, -5.000000000000004441, 0.000000000000000000 ) ) ;
#10228 = EDGE_CURVE ( 'NONE', #6000, #1002, #6751, .T. ) ;
#10229 = ADVANCED_FACE ( 'NONE', ( #1430 ), #10732, .F. ) ;
#10230 = CARTESIAN_POINT ( 'NONE',  ( 60.90000000000004121, 26.99999999999999289, 45.99999999999999289 ) ) ;
#10231 = ORIENTED_EDGE ( 'NONE', *, *, #3420, .T. ) ;
#10232 = ORIENTED_EDGE ( 'NONE', *, *, #4174, .T. ) ;
#10233 = ORIENTED_EDGE ( 'NONE', *, *, #537, .F. ) ;
#10234 = ORIENTED_EDGE ( 'NONE', *, *, #11380, .T. ) ;
#10235 = ORIENTED_EDGE ( 'NONE', *, *, #93, .F. ) ;
#10236 = LINE ( 'NONE', #2145, #3737 ) ;
#10237 = LINE ( 'NONE', #12337, #3928 ) ;
#10238 = ADVANCED_FACE ( 'NONE', ( #12570 ), #432, .F. ) ;
#10239 = DIRECTION ( 'NONE',  ( 0.000000000000000000, -1.000000000000000000, 0.000000000000000000 ) ) ;
#10240 = ADVANCED_FACE ( 'NONE', ( #3687 ), #11588, .T. ) ;
#10241 = CARTESIAN_POINT ( 'NONE',  ( 38.24999999999982947, -5.000000000000004441, -11.00000000000000178 ) ) ;
#10242 = CARTESIAN_POINT ( 'NONE',  ( -36.00000000000002842, 26.99999999999999289, 32.39999999999999858 ) ) ;
#10243 = DIRECTION ( 'NONE',  ( -0.000000000000000000, 1.000000000000000000, -0.000000000000000000 ) ) ;
#10244 = DIRECTION ( 'NONE',  ( -1.000000000000000000, 0.000000000000000000, 0.000000000000000000 ) ) ;
#10245 = ORIENTED_EDGE ( 'NONE', *, *, #4369, .T. ) ;
#10246 = ORIENTED_EDGE ( 'NONE', *, *, #978, .F. ) ;
#10247 = ORIENTED_EDGE ( 'NONE', *, *, #1885, .F. ) ;
#10248 = EDGE_LOOP ( 'NONE', ( #245, #11503, #6477, #12108 ) ) ;
#10249 = EDGE_CURVE ( 'NONE', #7202, #2774, #8594, .T. ) ;
#10250 = CARTESIAN_POINT ( 'NONE',  ( 80.00000000000000000, 19.99999999999999289, 0.000000000000000000 ) ) ;
#10251 = PLANE ( 'NONE',  #2274 ) ;
#10252 = LINE ( 'NONE', #12232, #792 ) ;
#10253 = DIRECTION ( 'NONE',  ( 0.000000000000000000, 0.000000000000000000, -1.000000000000000000 ) ) ;
#10254 = LINE ( 'NONE', #12299, #4172 ) ;
#10255 = VERTEX_POINT ( 'NONE', #9538 ) ;
#10256 = DIRECTION ( 'NONE',  ( -0.000000000000000000, 0.000000000000000000, -1.000000000000000000 ) ) ;
#10257 = LINE ( 'NONE', #4217, #6315 ) ;
#10258 = DIRECTION ( 'NONE',  ( 0.000000000000000000, 1.000000000000000000, 0.000000000000000000 ) ) ;
#10259 = EDGE_LOOP ( 'NONE', ( #1423, #3350, #2095, #10402 ) ) ;
#10260 = FACE_OUTER_BOUND ( 'NONE', #9122, .T. ) ;
#10261 = ORIENTED_EDGE ( 'NONE', *, *, #1821, .F. ) ;
#10262 = VERTEX_POINT ( 'NONE', #8672 ) ;
#10263 = FACE_BOUND ( 'NONE', #1768, .T. ) ;
#10264 = ADVANCED_FACE ( 'NONE', ( #9800 ), #4695, .T. ) ;
#10265 = EDGE_CURVE ( 'NONE', #196, #10984, #3625, .T. ) ;
#10266 = FACE_OUTER_BOUND ( 'NONE', #3917, .T. ) ;
#10267 = CARTESIAN_POINT ( 'NONE',  ( 14.30000000000000782, -43.50000000000000711, 51.00000000000000000 ) ) ;
#10268 = DIRECTION ( 'NONE',  ( 0.000000000000000000, 0.000000000000000000, -1.000000000000000000 ) ) ;
#10269 = CARTESIAN_POINT ( 'NONE',  ( 70.00000000000000000, 19.99999999999998934, -17.60000000000001208 ) ) ;
#10270 = ORIENTED_EDGE ( 'NONE', *, *, #11403, .F. ) ;
#10271 = LINE ( 'NONE', #9277, #1251 ) ;
#10272 = EDGE_LOOP ( 'NONE', ( #3877, #6363, #12010, #10235 ) ) ;
#10273 = ORIENTED_EDGE ( 'NONE', *, *, #11115, .T. ) ;
#10274 = DIRECTION ( 'NONE',  ( -0.000000000000000000, 0.000000000000000000, -1.000000000000000000 ) ) ;
#10275 = ORIENTED_EDGE ( 'NONE', *, *, #6054, .F. ) ;
#10276 = EDGE_CURVE ( 'NONE', #4991, #3273, #7125, .T. ) ;
#10277 = VECTOR ( 'NONE', #11114, 1000.000000000000000 ) ;
#10278 = CARTESIAN_POINT ( 'NONE',  ( 14.30000000000000782, -43.50000000000000711, 51.00000000000000000 ) ) ;
#10279 = CARTESIAN_POINT ( 'NONE',  ( 31.00000000000003908, 29.99999999999999289, -7.000000000000000000 ) ) ;
#10280 = FACE_BOUND ( 'NONE', #4486, .T. ) ;
#10281 = CYLINDRICAL_SURFACE ( 'NONE', #156, 2.000000000000008882 ) ;
#10282 = DIRECTION ( 'NONE',  ( 0.000000000000000000, 0.000000000000000000, -1.000000000000000000 ) ) ;
#10283 = LINE ( 'NONE', #2997, #11391 ) ;
#10284 = LINE ( 'NONE', #5057, #12044 ) ;
#10285 = FACE_OUTER_BOUND ( 'NONE', #9196, .T. ) ;
#10286 = LINE ( 'NONE', #11236, #9091 ) ;
#10287 = VERTEX_POINT ( 'NONE', #4491 ) ;
#10288 = ORIENTED_EDGE ( 'NONE', *, *, #3640, .T. ) ;
#10289 = EDGE_LOOP ( 'NONE', ( #12078, #4204, #4375, #369 ) ) ;
#10290 = DIRECTION ( 'NONE',  ( 1.000000000000000000, 0.000000000000000000, -0.000000000000000000 ) ) ;
#10291 = ADVANCED_FACE ( 'NONE', ( #7677 ), #12515, .T. ) ;
#10292 = ORIENTED_EDGE ( 'NONE', *, *, #6640, .T. ) ;
#10293 = CARTESIAN_POINT ( 'NONE',  ( 28.75000000000000355, 46.53999999999999204, 10.00000000000000000 ) ) ;
#10294 = PLANE ( 'NONE',  #2035 ) ;
#10295 = AXIS2_PLACEMENT_3D ( 'NONE', #11438, #10436, #11497 ) ;
#10296 = ADVANCED_FACE ( 'NONE', ( #11731 ), #490, .F. ) ;
#10297 = FACE_OUTER_BOUND ( 'NONE', #6714, .T. ) ;
#10298 = FILL_AREA_STYLE_COLOUR ( '', #5042 ) ;
#10299 = CARTESIAN_POINT ( 'NONE',  ( 46.00000000000004263, 26.99999999999999289, 0.000000000000000000 ) ) ;
#10300 = FACE_OUTER_BOUND ( 'NONE', #5990, .T. ) ;
#10301 = VECTOR ( 'NONE', #8441, 1000.000000000000000 ) ;
#10302 = VECTOR ( 'NONE', #11772, 1000.000000000000000 ) ;
#10303 = EDGE_CURVE ( 'NONE', #9797, #4641, #2496, .T. ) ;
#10304 = DIRECTION ( 'NONE',  ( 1.000000000000000000, 0.000000000000000000, 0.000000000000000000 ) ) ;
#10305 = AXIS2_PLACEMENT_3D ( 'NONE', #10054, #1905, #12843 ) ;
#10306 = CARTESIAN_POINT ( 'NONE',  ( -28.74999999999999645, -20.49999999999991473, 18.00000000000000355 ) ) ;
#10307 = ADVANCED_FACE ( 'NONE', ( #1692 ), #11793, .F. ) ;
#10308 = ORIENTED_EDGE ( 'NONE', *, *, #469, .F. ) ;
#10309 = EDGE_LOOP ( 'NONE', ( #2871, #10662, #6393, #32 ) ) ;
#10310 = AXIS2_PLACEMENT_3D ( 'NONE', #3951, #12173, #10944 ) ;
#10311 = ORIENTED_EDGE ( 'NONE', *, *, #5664, .F. ) ;
#10312 = AXIS2_PLACEMENT_3D ( 'NONE', #6844, #728, #12878 ) ;
#10313 = LINE ( 'NONE', #12496, #6261 ) ;
#10314 = ADVANCED_FACE ( 'NONE', ( #2418 ), #10528, .F. ) ;
#10315 = AXIS2_PLACEMENT_3D ( 'NONE', #9729, #8581, #1530 ) ;
#10316 = PLANE ( 'NONE',  #11592 ) ;
#10317 = DIRECTION ( 'NONE',  ( -0.000000000000000000, -0.000000000000000000, 1.000000000000000000 ) ) ;
#10318 = FACE_OUTER_BOUND ( 'NONE', #4547, .T. ) ;
#10319 = DIRECTION ( 'NONE',  ( 1.000000000000000000, 0.000000000000000000, 0.000000000000000000 ) ) ;
#10320 = VERTEX_POINT ( 'NONE', #11013 ) ;
#10321 = CIRCLE ( 'NONE', #11807, 2.599999999999989431 ) ;
#10322 = FACE_OUTER_BOUND ( 'NONE', #4620, .T. ) ;
#10323 = EDGE_CURVE ( 'NONE', #1122, #7274, #9998, .T. ) ;
#10324 = LINE ( 'NONE', #7203, #6963 ) ;
#10325 = EDGE_LOOP ( 'NONE', ( #10657, #10034, #10726, #10032, #1914, #10718, #619, #1184, #7204, #10821 ) ) ;
#10326 = AXIS2_PLACEMENT_3D ( 'NONE', #12584, #3496, #7544 ) ;
#10327 = VECTOR ( 'NONE', #1216, 1000.000000000000000 ) ;
#10328 = PLANE ( 'NONE',  #4024 ) ;
#10329 = CIRCLE ( 'NONE', #7996, 1.500000000000001332 ) ;
#10330 = EDGE_CURVE ( 'NONE', #6850, #5616, #8943, .T. ) ;
#10331 = VECTOR ( 'NONE', #4509, 1000.000000000000000 ) ;
#10332 = DIRECTION ( 'NONE',  ( 1.387778780781445676E-16, 0.000000000000000000, -1.000000000000000000 ) ) ;
#10333 = ORIENTED_EDGE ( 'NONE', *, *, #2528, .F. ) ;
#10334 = ORIENTED_EDGE ( 'NONE', *, *, #11115, .F. ) ;
#10335 = CIRCLE ( 'NONE', #2059, 1.100000000000000311 ) ;
#10336 = LINE ( 'NONE', #11466, #6537 ) ;
#10337 = VECTOR ( 'NONE', #1612, 1000.000000000000000 ) ;
#10338 = EDGE_CURVE ( 'NONE', #530, #7578, #10933, .T. ) ;
#10339 = AXIS2_PLACEMENT_3D ( 'NONE', #3672, #7720, #11778 ) ;
#10340 = DIRECTION ( 'NONE',  ( 0.000000000000000000, 0.000000000000000000, 1.000000000000000000 ) ) ;
#10341 = DIRECTION ( 'NONE',  ( 0.000000000000000000, 0.000000000000000000, 1.000000000000000000 ) ) ;
#10342 = DIRECTION ( 'NONE',  ( 1.416100796715761356E-16, 0.000000000000000000, 1.000000000000000000 ) ) ;
#10343 = AXIS2_PLACEMENT_3D ( 'NONE', #489, #7611, #10731 ) ;
#10344 = AXIS2_PLACEMENT_3D ( 'NONE', #9688, #7758, #12868 ) ;
#10345 = ORIENTED_EDGE ( 'NONE', *, *, #9106, .F. ) ;
#10346 = EDGE_CURVE ( 'NONE', #1857, #2413, #8798, .T. ) ;
#10347 = PLANE ( 'NONE',  #2317 ) ;
#10348 = AXIS2_PLACEMENT_3D ( 'NONE', #1983, #7857, #2129 ) ;
#10349 = EDGE_CURVE ( 'NONE', #9711, #12172, #1902, .T. ) ;
#10350 = ORIENTED_EDGE ( 'NONE', *, *, #7879, .F. ) ;
#10351 = VERTEX_POINT ( 'NONE', #10052 ) ;
#10352 = CARTESIAN_POINT ( 'NONE',  ( -28.74999999999999645, -45.50000000000000711, 48.49999999999999289 ) ) ;
#10353 = EDGE_LOOP ( 'NONE', ( #5213, #6756, #10386, #4433 ) ) ;
#10354 = VECTOR ( 'NONE', #13053, 1000.000000000000000 ) ;
#10355 = CIRCLE ( 'NONE', #6755, 2.000000000000008882 ) ;
#10356 = CARTESIAN_POINT ( 'NONE',  ( -23.74999999999999645, 2.342223637263885949E-13, 67.51000000000000512 ) ) ;
#10357 = LINE ( 'NONE', #5115, #2899 ) ;
#10358 = CARTESIAN_POINT ( 'NONE',  ( 32.74999999999983658, -5.000000000000004441, -11.50000000000000355 ) ) ;
#10359 = COLOUR_RGB ( '',0.7921568627450980005, 0.8196078431372548767, 0.9333333333333333481 ) ;
#10360 = DIRECTION ( 'NONE',  ( 0.000000000000000000, -0.000000000000000000, 1.000000000000000000 ) ) ;
#10361 = PLANE ( 'NONE',  #12178 ) ;
#10362 = EDGE_CURVE ( 'NONE', #1569, #5036, #7812, .T. ) ;
#10363 = AXIS2_PLACEMENT_3D ( 'NONE', #11528, #10530, #2420 ) ;
#10364 = EDGE_LOOP ( 'NONE', ( #8999, #11142 ) ) ;
#10365 = LINE ( 'NONE', #1259, #4407 ) ;
#10366 = AXIS2_PLACEMENT_3D ( 'NONE', #10430, #9690, #10626 ) ;
#10367 = LINE ( 'NONE', #7429, #9095 ) ;
#10368 = CARTESIAN_POINT ( 'NONE',  ( 60.90000000000004121, 26.99999999999999289, 48.00000000000000000 ) ) ;
#10369 = ORIENTED_EDGE ( 'NONE', *, *, #8752, .T. ) ;
#10370 = VERTEX_POINT ( 'NONE', #10124 ) ;
#10371 = ORIENTED_EDGE ( 'NONE', *, *, #4889, .F. ) ;
#10372 = VECTOR ( 'NONE', #11766, 1000.000000000000000 ) ;
#10373 = ORIENTED_EDGE ( 'NONE', *, *, #4964, .T. ) ;
#10374 = VECTOR ( 'NONE', #7667, 1000.000000000000000 ) ;
#10375 = CARTESIAN_POINT ( 'NONE',  ( -9.500000000000103029, 23.24999999999999289, -39.25000000000000000 ) ) ;
#10376 = DIRECTION ( 'NONE',  ( 1.000000000000000000, -0.000000000000000000, -0.000000000000000000 ) ) ;
#10377 = DIRECTION ( 'NONE',  ( -0.000000000000000000, -0.000000000000000000, -1.000000000000000000 ) ) ;
#10378 = DIRECTION ( 'NONE',  ( 1.000000000000000000, 0.000000000000000000, 0.000000000000000000 ) ) ;
#10379 = VECTOR ( 'NONE', #11600, 1000.000000000000000 ) ;
#10380 = CARTESIAN_POINT ( 'NONE',  ( 62.90000000000004121, 26.99999999999999289, 0.000000000000000000 ) ) ;
#10381 = EDGE_CURVE ( 'NONE', #12148, #12788, #8995, .T. ) ;
#10382 = DIRECTION ( 'NONE',  ( 1.416100796715761603E-16, 0.000000000000000000, 1.000000000000000000 ) ) ;
#10383 = CARTESIAN_POINT ( 'NONE',  ( -34.00000000000003553, 26.99999999999999289, 44.60000000000000142 ) ) ;
#10384 = EDGE_LOOP ( 'NONE', ( #10474, #6797, #5671, #12259 ) ) ;
#10385 = DIRECTION ( 'NONE',  ( -1.000000000000000000, 0.000000000000000000, -0.000000000000000000 ) ) ;
#10386 = ORIENTED_EDGE ( 'NONE', *, *, #7604, .F. ) ;
#10387 = ORIENTED_EDGE ( 'NONE', *, *, #11517, .T. ) ;
#10388 = AXIS2_PLACEMENT_3D ( 'NONE', #7881, #851, #2898 ) ;
#10389 = ORIENTED_EDGE ( 'NONE', *, *, #9232, .T. ) ;
#10390 = ORIENTED_EDGE ( 'NONE', *, *, #901, .T. ) ;
#10391 = EDGE_CURVE ( 'NONE', #1359, #11222, #11927, .T. ) ;
#10392 = DIRECTION ( 'NONE',  ( 0.000000000000000000, 0.000000000000000000, 1.000000000000000000 ) ) ;
#10393 = DIRECTION ( 'NONE',  ( 0.000000000000000000, -0.000000000000000000, 1.000000000000000000 ) ) ;
#10394 = CARTESIAN_POINT ( 'NONE',  ( 23.00000000000002842, 11.09999999999996767, -34.75000000000000000 ) ) ;
#10395 = PLANE ( 'NONE',  #5447 ) ;
#10396 = ORIENTED_EDGE ( 'NONE', *, *, #8203, .F. ) ;
#10397 = DIRECTION ( 'NONE',  ( 0.000000000000000000, 0.000000000000000000, 1.000000000000000000 ) ) ;
#10398 = FACE_OUTER_BOUND ( 'NONE', #3858, .T. ) ;
#10399 = ADVANCED_FACE ( 'NONE', ( #10870 ), #13036, .T. ) ;
#10400 = ADVANCED_FACE ( 'NONE', ( #844 ), #7933, .F. ) ;
#10401 = DIRECTION ( 'NONE',  ( -0.000000000000000000, 0.000000000000000000, -1.000000000000000000 ) ) ;
#10402 = ORIENTED_EDGE ( 'NONE', *, *, #1051, .F. ) ;
#10403 = ORIENTED_EDGE ( 'NONE', *, *, #7037, .F. ) ;
#10404 = DIRECTION ( 'NONE',  ( -1.000000000000000000, -0.000000000000000000, -0.000000000000000000 ) ) ;
#10405 = EDGE_CURVE ( 'NONE', #2169, #1857, #6293, .T. ) ;
#10406 = CARTESIAN_POINT ( 'NONE',  ( 3.000000000000000000, -24.00000000000000000, -31.75000000000000000 ) ) ;
#10407 = DIRECTION ( 'NONE',  ( 0.000000000000000000, 0.000000000000000000, -1.000000000000000000 ) ) ;
#10408 = DIRECTION ( 'NONE',  ( 0.000000000000000000, 0.4224229034221534951, 0.9063988584858202469 ) ) ;
#10409 = CARTESIAN_POINT ( 'NONE',  ( 23.75000000000000000, 19.99999999999998934, 13.85000000000000142 ) ) ;
#10410 = ORIENTED_EDGE ( 'NONE', *, *, #5975, .T. ) ;
#10411 = EDGE_CURVE ( 'NONE', #3913, #5582, #7873, .T. ) ;
#10412 = CARTESIAN_POINT ( 'NONE',  ( 44.00000000000003553, 26.99999999999999289, -6.230843505549355095E-15 ) ) ;
#10413 = CARTESIAN_POINT ( 'NONE',  ( 46.00000000000004263, 29.99999999999999289, 5.999999999999999112 ) ) ;
#10414 = EDGE_LOOP ( 'NONE', ( #12375, #9720, #6526, #11978 ) ) ;
#10415 = ADVANCED_FACE ( 'NONE', ( #4826 ), #6817, .F. ) ;
#10416 = EDGE_LOOP ( 'NONE', ( #13042, #10743, #3074, #2381, #464, #11465 ) ) ;
#10417 = DIRECTION ( 'NONE',  ( -0.000000000000000000, 1.000000000000000000, -0.000000000000000000 ) ) ;
#10418 = ORIENTED_EDGE ( 'NONE', *, *, #4701, .T. ) ;
#10419 = VERTEX_POINT ( 'NONE', #7011 ) ;
#10420 = CYLINDRICAL_SURFACE ( 'NONE', #5672, 1.500000000000001332 ) ;
#10421 = EDGE_CURVE ( 'NONE', #10433, #3458, #9689, .T. ) ;
#10422 = CARTESIAN_POINT ( 'NONE',  ( -29.99999999999997158, 1.000000000000000888, -40.00000000000000000 ) ) ;
#10423 = DIRECTION ( 'NONE',  ( -0.000000000000000000, -1.000000000000000000, -0.000000000000000000 ) ) ;
#10424 = ADVANCED_FACE ( 'NONE', ( #6942 ), #13108, .F. ) ;
#10425 = DIRECTION ( 'NONE',  ( -0.000000000000000000, 1.000000000000000000, -0.000000000000000000 ) ) ;
#10426 = CARTESIAN_POINT ( 'NONE',  ( 28.75000000000000355, 46.53999999999999204, 10.00000000000000000 ) ) ;
#10427 = ORIENTED_EDGE ( 'NONE', *, *, #6436, .F. ) ;
#10428 = FACE_OUTER_BOUND ( 'NONE', #5830, .T. ) ;
#10429 = DIRECTION ( 'NONE',  ( -0.1564101584015873125, 0.000000000000000000, 0.9876921900819052302 ) ) ;
#10430 = CARTESIAN_POINT ( 'NONE',  ( 28.74999999999982947, 10.50000000000008527, 50.50000000000000000 ) ) ;
#10431 = EDGE_LOOP ( 'NONE', ( #5445, #9469 ) ) ;
#10432 = ORIENTED_EDGE ( 'NONE', *, *, #4308, .T. ) ;
#10433 = VERTEX_POINT ( 'NONE', #1758 ) ;
#10434 = VERTEX_POINT ( 'NONE', #8076 ) ;
#10435 = CARTESIAN_POINT ( 'NONE',  ( -14.30000000000000782, -31.75000000000000000, 22.60434383594886754 ) ) ;
#10436 = DIRECTION ( 'NONE',  ( 0.000000000000000000, 1.000000000000000000, 0.000000000000000000 ) ) ;
#10437 = EDGE_CURVE ( 'NONE', #2856, #8053, #11125, .T. ) ;
#10438 = FACE_OUTER_BOUND ( 'NONE', #2588, .T. ) ;
#10439 = DIRECTION ( 'NONE',  ( 0.000000000000000000, 0.000000000000000000, 1.000000000000000000 ) ) ;
#10440 = CARTESIAN_POINT ( 'NONE',  ( 18.75000000000000355, 29.99999999999999289, 10.00000000000000000 ) ) ;
#10441 = DIRECTION ( 'NONE',  ( -0.000000000000000000, -1.000000000000000000, 0.000000000000000000 ) ) ;
#10442 = CARTESIAN_POINT ( 'NONE',  ( 46.00000000000004263, 26.99999999999999289, 46.00000000000000000 ) ) ;
#10443 = DIRECTION ( 'NONE',  ( -1.000000000000000000, 0.000000000000000000, 0.000000000000000000 ) ) ;
#10444 = ORIENTED_EDGE ( 'NONE', *, *, #8828, .F. ) ;
#10445 = EDGE_CURVE ( 'NONE', #5825, #8185, #214, .T. ) ;
#10446 = ORIENTED_EDGE ( 'NONE', *, *, #9296, .F. ) ;
#10447 = ORIENTED_EDGE ( 'NONE', *, *, #10815, .F. ) ;
#10448 = CARTESIAN_POINT ( 'NONE',  ( 66.00000000000002842, 26.99999999999999289, 0.000000000000000000 ) ) ;
#10449 = FACE_OUTER_BOUND ( 'NONE', #11990, .T. ) ;
#10450 = DIRECTION ( 'NONE',  ( 0.000000000000000000, 0.000000000000000000, -1.000000000000000000 ) ) ;
#10451 = DIRECTION ( 'NONE',  ( -0.000000000000000000, -1.000000000000000000, -0.000000000000000000 ) ) ;
#10452 = FACE_OUTER_BOUND ( 'NONE', #1982, .T. ) ;
#10453 = EDGE_LOOP ( 'NONE', ( #290, #12911, #12887, #2961 ) ) ;
#10454 = PLANE ( 'NONE',  #1214 ) ;
#10455 = ORIENTED_EDGE ( 'NONE', *, *, #7252, .T. ) ;
#10456 = CARTESIAN_POINT ( 'NONE',  ( -23.75000000000000000, -30.00000000000001421, 44.85000000000000142 ) ) ;
#10457 = ORIENTED_EDGE ( 'NONE', *, *, #2788, .F. ) ;
#10458 = PLANE ( 'NONE',  #11181 ) ;
#10459 = ORIENTED_EDGE ( 'NONE', *, *, #134, .F. ) ;
#10460 = ORIENTED_EDGE ( 'NONE', *, *, #10489, .T. ) ;
#10461 = LINE ( 'NONE', #11324, #4411 ) ;
#10462 = CARTESIAN_POINT ( 'NONE',  ( -14.30000000000000426, 38.26999999999998892, 18.60434383594887109 ) ) ;
#10463 = CARTESIAN_POINT ( 'NONE',  ( 0.000000000000000000, 0.000000000000000000, 60.00000000000000711 ) ) ;
#10464 = LINE ( 'NONE', #12256, #6075 ) ;
#10465 = EDGE_CURVE ( 'NONE', #2814, #8891, #9132, .T. ) ;
#10466 = DIRECTION ( 'NONE',  ( -0.000000000000000000, 0.000000000000000000, -1.000000000000000000 ) ) ;
#10467 = ADVANCED_FACE ( 'NONE', ( #6262 ), #8328, .F. ) ;
#10468 = DIRECTION ( 'NONE',  ( 0.000000000000000000, 0.000000000000000000, 1.000000000000000000 ) ) ;
#10469 = ORIENTED_EDGE ( 'NONE', *, *, #9669, .T. ) ;
#10470 = CARTESIAN_POINT ( 'NONE',  ( 80.00000000000000000, -20.00000000000000711, 0.000000000000000000 ) ) ;
#10471 = VERTEX_POINT ( 'NONE', #12417 ) ;
#10472 = VERTEX_POINT ( 'NONE', #11189 ) ;
#10473 = FACE_OUTER_BOUND ( 'NONE', #11260, .T. ) ;
#10474 = ORIENTED_EDGE ( 'NONE', *, *, #11309, .F. ) ;
#10475 = EDGE_CURVE ( 'NONE', #3233, #5349, #11313, .T. ) ;
#10476 = ORIENTED_EDGE ( 'NONE', *, *, #3894, .F. ) ;
#10477 = CARTESIAN_POINT ( 'NONE',  ( -29.99999999999997158, -0.9999999999999995559, 0.000000000000000000 ) ) ;
#10478 = LINE ( 'NONE', #9550, #9055 ) ;
#10479 = DIRECTION ( 'NONE',  ( 1.000000000000000000, 0.000000000000000000, 0.000000000000000000 ) ) ;
#10480 = LINE ( 'NONE', #6303, #6322 ) ;
#10481 = EDGE_CURVE ( 'NONE', #3991, #9486, #5278, .T. ) ;
#10482 = ORIENTED_EDGE ( 'NONE', *, *, #7235, .T. ) ;
#10483 = CARTESIAN_POINT ( 'NONE',  ( 33.24999999999983658, -30.00000000000000711, -11.50000000000000355 ) ) ;
#10484 = CARTESIAN_POINT ( 'NONE',  ( 0.000000000000000000, 26.99999999999999289, 20.19999999999999574 ) ) ;
#10485 = CARTESIAN_POINT ( 'NONE',  ( -18.74999999999999645, 19.99999999999998934, 60.00000000000000711 ) ) ;
#10486 = ORIENTED_EDGE ( 'NONE', *, *, #10116, .T. ) ;
#10487 = VERTEX_POINT ( 'NONE', #7251 ) ;
#10488 = VERTEX_POINT ( 'NONE', #9186 ) ;
#10489 = EDGE_CURVE ( 'NONE', #1316, #7972, #4072, .T. ) ;
#10490 = CARTESIAN_POINT ( 'NONE',  ( -86.00000000000004263, 23.99999999999998934, 56.00000000000000711 ) ) ;
#10491 = CYLINDRICAL_SURFACE ( 'NONE', #5631, 2.499999999999998668 ) ;
#10492 = ORIENTED_EDGE ( 'NONE', *, *, #4236, .F. ) ;
#10493 = CARTESIAN_POINT ( 'NONE',  ( 40.00000000000000711, 19.99999999999999289, -40.00000000000000000 ) ) ;
#10494 = AXIS2_PLACEMENT_3D ( 'NONE', #8315, #5332, #2149 ) ;
#10495 = CARTESIAN_POINT ( 'NONE',  ( 18.74999999999983658, -30.00000000000001066, 60.00000000000000711 ) ) ;
#10496 = FACE_OUTER_BOUND ( 'NONE', #3294, .T. ) ;
#10497 = LINE ( 'NONE', #3599, #11857 ) ;
#10498 = DIRECTION ( 'NONE',  ( -0.000000000000000000, 1.000000000000000000, -0.000000000000000000 ) ) ;
#10499 = ORIENTED_EDGE ( 'NONE', *, *, #8436, .F. ) ;
#10500 = EDGE_CURVE ( 'NONE', #6746, #10007, #1217, .T. ) ;
#10501 = AXIS2_PLACEMENT_3D ( 'NONE', #9637, #12760, #3669 ) ;
#10502 = EDGE_LOOP ( 'NONE', ( #6684, #5138, #3046, #8247 ) ) ;
#10503 = VERTEX_POINT ( 'NONE', #5196 ) ;
#10504 = LINE ( 'NONE', #4599, #6722 ) ;
#10505 = ORIENTED_EDGE ( 'NONE', *, *, #159, .F. ) ;
#10506 = EDGE_LOOP ( 'NONE', ( #6242, #940, #5858, #4041 ) ) ;
#10507 = CARTESIAN_POINT ( 'NONE',  ( 23.00000000000002842, 9.999999999999969802, -34.75000000000000000 ) ) ;
#10508 = VECTOR ( 'NONE', #1384, 1000.000000000000000 ) ;
#10509 = CARTESIAN_POINT ( 'NONE',  ( -29.99999999999997158, 19.99999999999999289, -40.00000000000000000 ) ) ;
#10510 = DIRECTION ( 'NONE',  ( 0.000000000000000000, 0.9205817818752558557, 0.3905498468561714454 ) ) ;
#10511 = DIRECTION ( 'NONE',  ( 1.000000000000000000, -0.000000000000000000, -0.000000000000000000 ) ) ;
#10512 = DIRECTION ( 'NONE',  ( 0.000000000000000000, 0.000000000000000000, 1.000000000000000000 ) ) ;
#10513 = VECTOR ( 'NONE', #5941, 1000.000000000000000 ) ;
#10514 = VERTEX_POINT ( 'NONE', #8268 ) ;
#10515 = FACE_OUTER_BOUND ( 'NONE', #41, .T. ) ;
#10516 = ADVANCED_FACE ( 'NONE', ( #2157 ), #5141, .F. ) ;
#10517 = DIRECTION ( 'NONE',  ( 0.000000000000000000, 0.000000000000000000, 1.000000000000000000 ) ) ;
#10518 = EDGE_CURVE ( 'NONE', #7998, #7247, #3078, .T. ) ;
#10519 = VECTOR ( 'NONE', #12121, 1000.000000000000000 ) ;
#10520 = VECTOR ( 'NONE', #11648, 1000.000000000000000 ) ;
#10521 = LINE ( 'NONE', #9530, #3749 ) ;
#10522 = VERTEX_POINT ( 'NONE', #8192 ) ;
#10523 = ORIENTED_EDGE ( 'NONE', *, *, #3427, .T. ) ;
#10524 = AXIS2_PLACEMENT_3D ( 'NONE', #2231, #12312, #5356 ) ;
#10525 = DIRECTION ( 'NONE',  ( 0.000000000000000000, -0.9063988584858202469, 0.4224229034221534951 ) ) ;
#10526 = CARTESIAN_POINT ( 'NONE',  ( 0.000000000000000000, 26.99999999999999289, 30.39999999999999147 ) ) ;
#10527 = CARTESIAN_POINT ( 'NONE',  ( -60.90000000000004121, 26.99999999999999289, 45.99999999999999289 ) ) ;
#10528 = PLANE ( 'NONE',  #4597 ) ;
#10529 = AXIS2_PLACEMENT_3D ( 'NONE', #6474, #10666, #1543 ) ;
#10530 = DIRECTION ( 'NONE',  ( 0.000000000000000000, 1.000000000000000000, 0.000000000000000000 ) ) ;
#10531 = VECTOR ( 'NONE', #11484, 1000.000000000000000 ) ;
#10532 = VECTOR ( 'NONE', #6868, 1000.000000000000000 ) ;
#10533 = DIRECTION ( 'NONE',  ( -0.000000000000000000, -0.000000000000000000, -1.000000000000000000 ) ) ;
#10534 = ORIENTED_EDGE ( 'NONE', *, *, #6637, .T. ) ;
#10535 = VECTOR ( 'NONE', #253, 1000.000000000000000 ) ;
#10536 = DIRECTION ( 'NONE',  ( -0.000000000000000000, 0.000000000000000000, 1.000000000000000000 ) ) ;
#10537 = EDGE_CURVE ( 'NONE', #7774, #5833, #10252, .T. ) ;
#10538 = AXIS2_PLACEMENT_3D ( 'NONE', #2880, #2768, #7795 ) ;
#10539 = LINE ( 'NONE', #5501, #8677 ) ;
#10540 = EDGE_LOOP ( 'NONE', ( #11064, #12385, #6102, #75 ) ) ;
#10541 = ORIENTED_EDGE ( 'NONE', *, *, #4582, .T. ) ;
#10542 = CARTESIAN_POINT ( 'NONE',  ( 68.37499999999990052, -30.00000000000000711, -14.00000000000000178 ) ) ;
#10543 = AXIS2_PLACEMENT_3D ( 'NONE', #6339, #10393, #1281 ) ;
#10544 = VECTOR ( 'NONE', #11729, 1000.000000000000000 ) ;
#10545 = AXIS2_PLACEMENT_3D ( 'NONE', #3782, #10378, #8819 ) ;
#10546 = ORIENTED_EDGE ( 'NONE', *, *, #12321, .T. ) ;
#10547 = CARTESIAN_POINT ( 'NONE',  ( 66.00000000000002842, 29.99999999999999289, 58.00000000000001421 ) ) ;
#10548 = VECTOR ( 'NONE', #11621, 1000.000000000000000 ) ;
#10549 = CARTESIAN_POINT ( 'NONE',  ( 46.00000000000004263, 26.99999999999999289, 0.000000000000000000 ) ) ;
#10550 = CARTESIAN_POINT ( 'NONE',  ( 68.37499999999990052, -30.00000000000000711, -24.00000000000000000 ) ) ;
#10551 = VECTOR ( 'NONE', #9297, 1000.000000000000000 ) ;
#10552 = DIRECTION ( 'NONE',  ( 1.000000000000000000, -0.000000000000000000, -0.000000000000000000 ) ) ;
#10553 = EDGE_CURVE ( 'NONE', #1999, #7116, #1084, .T. ) ;
#10554 = CARTESIAN_POINT ( 'NONE',  ( 35.74999999999983658, -28.00000000000000355, -25.50000000000000355 ) ) ;
#10555 = VECTOR ( 'NONE', #2376, 1000.000000000000000 ) ;
#10556 = CIRCLE ( 'NONE', #11617, 2.000000000000000444 ) ;
#10557 = DIRECTION ( 'NONE',  ( -0.000000000000000000, 1.000000000000000000, -0.000000000000000000 ) ) ;
#10558 = DIRECTION ( 'NONE',  ( 3.469446951953614189E-16, 1.000000000000000000, -0.000000000000000000 ) ) ;
#10559 = CARTESIAN_POINT ( 'NONE',  ( -14.30000000000000782, -31.75000000000000000, 26.60434383594886754 ) ) ;
#10560 = VERTEX_POINT ( 'NONE', #1028 ) ;
#10561 = ORIENTED_EDGE ( 'NONE', *, *, #7194, .T. ) ;
#10562 = AXIS2_PLACEMENT_3D ( 'NONE', #12945, #12740, #5845 ) ;
#10563 = EDGE_LOOP ( 'NONE', ( #6122, #8510, #3772, #11958 ) ) ;
#10564 = VECTOR ( 'NONE', #2852, 1000.000000000000000 ) ;
#10565 = EDGE_CURVE ( 'NONE', #3991, #11705, #8411, .T. ) ;
#10566 = VECTOR ( 'NONE', #10067, 1000.000000000000000 ) ;
#10567 = AXIS2_PLACEMENT_3D ( 'NONE', #6010, #763, #2892 ) ;
#10568 = DIRECTION ( 'NONE',  ( 1.000000000000000000, 0.000000000000000000, 0.000000000000000000 ) ) ;
#10569 = CARTESIAN_POINT ( 'NONE',  ( 28.75000000000000355, 46.53389883268479110, 10.01438132295725225 ) ) ;
#10570 = PLANE ( 'NONE',  #539 ) ;
#10571 = VECTOR ( 'NONE', #9336, 1000.000000000000000 ) ;
#10572 = AXIS2_PLACEMENT_3D ( 'NONE', #7299, #6252, #4199 ) ;
#10573 = EDGE_CURVE ( 'NONE', #8056, #1469, #4269, .T. ) ;
#10574 = CARTESIAN_POINT ( 'NONE',  ( 0.000000000000000000, 29.99999999999999289, 58.00000000000000000 ) ) ;
#10575 = DIRECTION ( 'NONE',  ( 1.000000000000000000, 0.000000000000000000, 0.000000000000000000 ) ) ;
#10576 = VECTOR ( 'NONE', #10443, 1000.000000000000000 ) ;
#10577 = DIRECTION ( 'NONE',  ( 1.469412826709765917E-14, -0.000000000000000000, 1.000000000000000000 ) ) ;
#10578 = CARTESIAN_POINT ( 'NONE',  ( -18.75000000000000711, -31.75000000000000000, 22.60434383594886754 ) ) ;
#10579 = VERTEX_POINT ( 'NONE', #12352 ) ;
#10580 = VECTOR ( 'NONE', #4431, 1000.000000000000000 ) ;
#10581 = VECTOR ( 'NONE', #4859, 1000.000000000000000 ) ;
#10582 = VERTEX_POINT ( 'NONE', #3269 ) ;
#10583 = VERTEX_POINT ( 'NONE', #9247 ) ;
#10584 = DIRECTION ( 'NONE',  ( 0.000000000000000000, 1.000000000000000000, -4.625929269271487886E-16 ) ) ;
#10585 = VERTEX_POINT ( 'NONE', #271 ) ;
#10586 = CARTESIAN_POINT ( 'NONE',  ( -23.74999999999999645, -15.00000000000001066, 60.00000000000000711 ) ) ;
#10587 = CIRCLE ( 'NONE', #4219, 2.500000000000002220 ) ;
#10588 = CARTESIAN_POINT ( 'NONE',  ( -18.00000000000000355, 23.24999999999999289, -36.75000000000000000 ) ) ;
#10589 = DIRECTION ( 'NONE',  ( -0.000000000000000000, -0.000000000000000000, -1.000000000000000000 ) ) ;
#10590 = CARTESIAN_POINT ( 'NONE',  ( 44.00000000000003553, 26.99999999999999289, -2.999999999999986233 ) ) ;
#10591 = FACE_BOUND ( 'NONE', #8918, .T. ) ;
#10592 = CARTESIAN_POINT ( 'NONE',  ( 38.00000000000004263, 29.99999999999999289, 54.00000000000000000 ) ) ;
#10593 = EDGE_LOOP ( 'NONE', ( #614, #84, #7687, #12264 ) ) ;
#10594 = LINE ( 'NONE', #1416, #10776 ) ;
#10595 = LINE ( 'NONE', #9588, #7193 ) ;
#10596 = VECTOR ( 'NONE', #1091, 1000.000000000000000 ) ;
#10597 = CYLINDRICAL_SURFACE ( 'NONE', #5883, 2.000000000000000888 ) ;
#10598 = VERTEX_POINT ( 'NONE', #146 ) ;
#10599 = VERTEX_POINT ( 'NONE', #2284 ) ;
#10600 = CARTESIAN_POINT ( 'NONE',  ( -28.75000000000000355, 46.49999999999983658, 10.00000000000000711 ) ) ;
#10601 = ADVANCED_FACE ( 'NONE', ( #9320 ), #4210, .T. ) ;
#10602 = EDGE_CURVE ( 'NONE', #7957, #11383, #8003, .T. ) ;
#10603 = CARTESIAN_POINT ( 'NONE',  ( 34.00000000000002842, 26.99999999999999289, 32.39999999999999858 ) ) ;
#10604 = DIRECTION ( 'NONE',  ( 0.000000000000000000, 1.000000000000000000, -0.000000000000000000 ) ) ;
#10605 = CARTESIAN_POINT ( 'NONE',  ( 0.000000000000000000, 26.99999999999999289, 44.59999999999999432 ) ) ;
#10606 = EDGE_CURVE ( 'NONE', #1183, #915, #342, .T. ) ;
#10607 = LINE ( 'NONE', #6475, #1659 ) ;
#10608 = PLANE ( 'NONE',  #3512 ) ;
#10609 = EDGE_LOOP ( 'NONE', ( #4790, #6679, #12930, #3361 ) ) ;
#10610 = LINE ( 'NONE', #1492, #8061 ) ;
#10611 = DIRECTION ( 'NONE',  ( 1.000000000000000000, 0.000000000000000000, 0.000000000000000000 ) ) ;
#10612 = ORIENTED_EDGE ( 'NONE', *, *, #7888, .F. ) ;
#10613 = ORIENTED_EDGE ( 'NONE', *, *, #12355, .T. ) ;
#10614 = CARTESIAN_POINT ( 'NONE',  ( -3.097720492815727659E-16, 26.99999999999999289, -4.999999999999997335 ) ) ;
#10615 = ORIENTED_EDGE ( 'NONE', *, *, #4056, .T. ) ;
#10616 = CARTESIAN_POINT ( 'NONE',  ( -62.90000000000004121, 26.99999999999999289, 0.000000000000000000 ) ) ;
#10617 = EDGE_CURVE ( 'NONE', #3602, #9913, #7665, .T. ) ;
#10618 = LINE ( 'NONE', #4565, #6729 ) ;
#10619 = CARTESIAN_POINT ( 'NONE',  ( -33.00000000000004263, 29.99999999999999289, 0.000000000000000000 ) ) ;
#10620 = DIRECTION ( 'NONE',  ( -1.000000000000000000, 0.000000000000000000, 0.000000000000000000 ) ) ;
#10621 = DIRECTION ( 'NONE',  ( 1.387778780781444413E-14, 0.000000000000000000, 1.000000000000000000 ) ) ;
#10622 = EDGE_CURVE ( 'NONE', #2138, #661, #3673, .T. ) ;
#10623 = ORIENTED_EDGE ( 'NONE', *, *, #5943, .T. ) ;
#10624 = CARTESIAN_POINT ( 'NONE',  ( -19.19513017514416120, -28.66460947456753061, 25.15000000000000568 ) ) ;
#10625 = CARTESIAN_POINT ( 'NONE',  ( 4.336808689942059151E-16, 29.99999999999999289, 3.000000000000010658 ) ) ;
#10626 = DIRECTION ( 'NONE',  ( 0.000000000000000000, 0.000000000000000000, 1.000000000000000000 ) ) ;
#10627 = VERTEX_POINT ( 'NONE', #9643 ) ;
#10628 = ORIENTED_EDGE ( 'NONE', *, *, #11518, .T. ) ;
#10629 =( BOUNDED_CURVE ( )  B_SPLINE_CURVE ( 3, ( #9502, #402, #6386, #5643 ),
 .UNSPECIFIED., .F., .T. ) 
 B_SPLINE_CURVE_WITH_KNOTS ( ( 4, 4 ),
 ( 1.570796326794897446, 3.141592653589793560 ),
 .UNSPECIFIED. ) 
 CURVE ( )  GEOMETRIC_REPRESENTATION_ITEM ( )  RATIONAL_B_SPLINE_CURVE ( ( 1.000000000000000000, 0.8047378541243650485, 0.8047378541243650485, 1.000000000000000000 ) ) 
 REPRESENTATION_ITEM ( '' )  );
#10630 = ADVANCED_FACE ( 'NONE', ( #478 ), #5539, .F. ) ;
#10631 = DIRECTION ( 'NONE',  ( 1.000000000000000000, -0.000000000000000000, 0.000000000000000000 ) ) ;
#10632 = ADVANCED_FACE ( 'NONE', ( #2678 ), #8655, .F. ) ;
#10633 = DIRECTION ( 'NONE',  ( -1.416100796715761356E-16, 0.000000000000000000, 1.000000000000000000 ) ) ;
#10634 = CARTESIAN_POINT ( 'NONE',  ( 0.000000000000000000, 29.99999999999999289, 32.39999999999999858 ) ) ;
#10635 = CARTESIAN_POINT ( 'NONE',  ( 70.00000000000000000, 22.99999999999999289, -15.00000000000002309 ) ) ;
#10636 = ADVANCED_FACE ( 'NONE', ( #6603 ), #6536, .T. ) ;
#10637 = CARTESIAN_POINT ( 'NONE',  ( -47.40000000000004121, 26.99999999999999289, 0.000000000000000000 ) ) ;
#10638 = EDGE_CURVE ( 'NONE', #6277, #7885, #7451, .T. ) ;
#10639 = CARTESIAN_POINT ( 'NONE',  ( -28.74999999999999645, 2.342223637263885949E-13, 67.51000000000000512 ) ) ;
#10640 = CARTESIAN_POINT ( 'NONE',  ( 34.00000000000002842, 26.99999999999999289, 18.20000000000000284 ) ) ;
#10641 = ORIENTED_EDGE ( 'NONE', *, *, #7426, .F. ) ;
#10642 = CARTESIAN_POINT ( 'NONE',  ( -14.30000000000000426, 38.26999999999998892, 54.99999999999999289 ) ) ;
#10643 = VERTEX_POINT ( 'NONE', #11570 ) ;
#10644 = EDGE_LOOP ( 'NONE', ( #11821, #10907, #11903, #5703 ) ) ;
#10645 = ORIENTED_EDGE ( 'NONE', *, *, #7801, .F. ) ;
#10646 = DIRECTION ( 'NONE',  ( 1.000000000000000000, 0.000000000000000000, 0.000000000000000000 ) ) ;
#10647 = ORIENTED_EDGE ( 'NONE', *, *, #11147, .F. ) ;
#10648 = DIRECTION ( 'NONE',  ( 0.000000000000000000, 0.000000000000000000, -1.000000000000000000 ) ) ;
#10649 = CARTESIAN_POINT ( 'NONE',  ( -60.90000000000004121, 29.99999999999999289, 45.99999999999999289 ) ) ;
#10650 = EDGE_CURVE ( 'NONE', #4939, #7979, #6089, .T. ) ;
#10651 = CARTESIAN_POINT ( 'NONE',  ( 0.000000000000000000, 29.99999999999999289, 56.00000000000000000 ) ) ;
#10652 = DIRECTION ( 'NONE',  ( -0.000000000000000000, -1.000000000000000000, -0.000000000000000000 ) ) ;
#10653 = DIRECTION ( 'NONE',  ( 0.000000000000000000, 0.000000000000000000, 1.000000000000000000 ) ) ;
#10654 = DIRECTION ( 'NONE',  ( 0.000000000000000000, 0.000000000000000000, 1.000000000000000000 ) ) ;
#10655 = CARTESIAN_POINT ( 'NONE',  ( 40.00000000000000711, -20.00000000000000711, -40.00000000000000000 ) ) ;
#10656 = CYLINDRICAL_SURFACE ( 'NONE', #3537, 4.000000000000003553 ) ;
#10657 = ORIENTED_EDGE ( 'NONE', *, *, #11294, .F. ) ;
#10658 = CARTESIAN_POINT ( 'NONE',  ( -58.25000000000019185, 10.50000000000008527, 19.50000000000000355 ) ) ;
#10659 = DIRECTION ( 'NONE',  ( 0.000000000000000000, 0.000000000000000000, 1.000000000000000000 ) ) ;
#10660 = FACE_OUTER_BOUND ( 'NONE', #3857, .T. ) ;
#10661 = VERTEX_POINT ( 'NONE', #10590 ) ;
#10662 = ORIENTED_EDGE ( 'NONE', *, *, #3529, .F. ) ;
#10663 = DIRECTION ( 'NONE',  ( -0.000000000000000000, -0.000000000000000000, -1.000000000000000000 ) ) ;
#10664 = DIRECTION ( 'NONE',  ( -1.000000000000000000, 0.000000000000000000, 0.000000000000000000 ) ) ;
#10665 = CARTESIAN_POINT ( 'NONE',  ( 35.74999999999983658, -10.00000000000000533, -8.500000000000001776 ) ) ;
#10666 = DIRECTION ( 'NONE',  ( -1.000000000000000000, 0.000000000000000000, 0.000000000000000000 ) ) ;
#10667 = LINE ( 'NONE', #2497, #3572 ) ;
#10668 = FACE_BOUND ( 'NONE', #10746, .T. ) ;
#10669 = ORIENTED_EDGE ( 'NONE', *, *, #12761, .F. ) ;
#10670 = DIRECTION ( 'NONE',  ( -1.000000000000000000, 0.000000000000000000, 0.000000000000000000 ) ) ;
#10671 = FACE_OUTER_BOUND ( 'NONE', #3265, .T. ) ;
#10672 = PLANE ( 'NONE',  #5722 ) ;
#10673 = ADVANCED_FACE ( 'NONE', ( #9521 ), #12621, .F. ) ;
#10674 = ORIENTED_EDGE ( 'NONE', *, *, #8503, .T. ) ;
#10675 = VERTEX_POINT ( 'NONE', #1596 ) ;
#10676 = DIRECTION ( 'NONE',  ( -0.000000000000000000, 1.000000000000000000, -0.000000000000000000 ) ) ;
#10677 = ADVANCED_FACE ( 'NONE', ( #629 ), #2611, .T. ) ;
#10678 = EDGE_LOOP ( 'NONE', ( #9342, #7912, #8331, #12997 ) ) ;
#10679 = ORIENTED_EDGE ( 'NONE', *, *, #4295, .F. ) ;
#10680 = LINE ( 'NONE', #9675, #1437 ) ;
#10681 = DIRECTION ( 'NONE',  ( 0.000000000000000000, 0.000000000000000000, -1.000000000000000000 ) ) ;
#10682 = CARTESIAN_POINT ( 'NONE',  ( 36.00000000000002842, 29.99999999999999289, 8.000000000000007105 ) ) ;
#10683 = FACE_OUTER_BOUND ( 'NONE', #4800, .T. ) ;
#10684 = CARTESIAN_POINT ( 'NONE',  ( -90.00000000000005684, 29.99999999999999289, 56.00000000000000000 ) ) ;
#10685 = CARTESIAN_POINT ( 'NONE',  ( 28.00000000000003197, 14.24999999999999822, 1.000000000000002665 ) ) ;
#10686 = DIRECTION ( 'NONE',  ( 0.000000000000000000, 1.000000000000000000, -0.000000000000000000 ) ) ;
#10687 = CARTESIAN_POINT ( 'NONE',  ( 38.74999999999983658, -5.000000000000004441, -22.50000000000000355 ) ) ;
#10688 = CARTESIAN_POINT ( 'NONE',  ( -47.40000000000004832, 29.99999999999999289, 48.00000000000000000 ) ) ;
#10689 = ORIENTED_EDGE ( 'NONE', *, *, #12495, .T. ) ;
#10690 = ORIENTED_EDGE ( 'NONE', *, *, #1938, .F. ) ;
#10691 = ADVANCED_FACE ( 'NONE', ( #1340 ), #1528, .F. ) ;
#10692 = DIRECTION ( 'NONE',  ( -1.000000000000000000, 3.469446951953614189E-16, 0.000000000000000000 ) ) ;
#10693 = CARTESIAN_POINT ( 'NONE',  ( -80.00000000000000000, -20.00000000000000711, -40.00000000000000000 ) ) ;
#10694 = LINE ( 'NONE', #1573, #12193 ) ;
#10695 = CARTESIAN_POINT ( 'NONE',  ( 29.75000000000002487, 15.89999999999996660, -34.75000000000000000 ) ) ;
#10696 = CARTESIAN_POINT ( 'NONE',  ( 28.74999999999982947, -30.00000000000000711, -40.00000000000000000 ) ) ;
#10697 = CARTESIAN_POINT ( 'NONE',  ( -86.00000000000004263, 25.99999999999999289, 56.00000000000000711 ) ) ;
#10698 = EDGE_CURVE ( 'NONE', #1183, #11937, #9436, .T. ) ;
#10699 = DIRECTION ( 'NONE',  ( -0.000000000000000000, 1.000000000000000000, -8.673617379884043361E-16 ) ) ;
#10700 = ORIENTED_EDGE ( 'NONE', *, *, #3021, .F. ) ;
#10701 = EDGE_LOOP ( 'NONE', ( #12110, #10778, #10131, #8756 ) ) ;
#10702 = ORIENTED_EDGE ( 'NONE', *, *, #2090, .T. ) ;
#10703 = CARTESIAN_POINT ( 'NONE',  ( -47.40000000000004121, 29.99999999999999289, 56.00000000000000000 ) ) ;
#10704 = ORIENTED_EDGE ( 'NONE', *, *, #5425, .T. ) ;
#10705 = ORIENTED_EDGE ( 'NONE', *, *, #8903, .T. ) ;
#10706 = EDGE_LOOP ( 'NONE', ( #10867, #6210 ) ) ;
#10707 = EDGE_CURVE ( 'NONE', #12524, #9466, #2272, .T. ) ;
#10708 = DIRECTION ( 'NONE',  ( 0.000000000000000000, 0.000000000000000000, 1.000000000000000000 ) ) ;
#10709 = VERTEX_POINT ( 'NONE', #5668 ) ;
#10710 = CARTESIAN_POINT ( 'NONE',  ( 3.499999999999998668, -24.00000000000000355, -40.00000000000000000 ) ) ;
#10711 = DIRECTION ( 'NONE',  ( 0.000000000000000000, -1.000000000000000000, 0.000000000000000000 ) ) ;
#10712 = AXIS2_PLACEMENT_3D ( 'NONE', #6790, #5931, #872 ) ;
#10713 = CARTESIAN_POINT ( 'NONE',  ( -80.00000000000000000, -20.00000000000000711, 0.000000000000000000 ) ) ;
#10714 = DIRECTION ( 'NONE',  ( 1.000000000000000000, 0.000000000000000000, 0.000000000000000000 ) ) ;
#10715 = DIRECTION ( 'NONE',  ( 1.000000000000000000, 0.000000000000000000, 1.387778780781445676E-16 ) ) ;
#10716 = DIRECTION ( 'NONE',  ( 1.000000000000000000, 0.000000000000000000, 0.000000000000000000 ) ) ;
#10717 = CARTESIAN_POINT ( 'NONE',  ( 85.99999999999994316, 0.000000000000000000, 56.00000000000000711 ) ) ;
#10718 = ORIENTED_EDGE ( 'NONE', *, *, #8736, .T. ) ;
#10719 = EDGE_CURVE ( 'NONE', #5125, #1266, #3411, .T. ) ;
#10720 = DIRECTION ( 'NONE',  ( 1.000000000000000000, -0.000000000000000000, 0.000000000000000000 ) ) ;
#10721 = CIRCLE ( 'NONE', #3082, 1.500000000000001332 ) ;
#10722 = LINE ( 'NONE', #3354, #6143 ) ;
#10723 = CARTESIAN_POINT ( 'NONE',  ( 36.00000000000002842, 26.99999999999999289, -5.097962868176746799E-15 ) ) ;
#10724 = EDGE_CURVE ( 'NONE', #1309, #3809, #12764, .T. ) ;
#10725 = CIRCLE ( 'NONE', #12394, 2.499999999999995115 ) ;
#10726 = ORIENTED_EDGE ( 'NONE', *, *, #7372, .F. ) ;
#10727 = ORIENTED_EDGE ( 'NONE', *, *, #8761, .F. ) ;
#10728 = CARTESIAN_POINT ( 'NONE',  ( -18.75000000000000355, 19.99999999999998934, 60.00000000000000711 ) ) ;
#10729 = LINE ( 'NONE', #3475, #5040 ) ;
#10730 = VECTOR ( 'NONE', #3653, 1000.000000000000000 ) ;
#10731 = DIRECTION ( 'NONE',  ( 0.000000000000000000, 0.000000000000000000, -1.000000000000000000 ) ) ;
#10732 = PLANE ( 'NONE',  #6930 ) ;
#10733 = EDGE_CURVE ( 'NONE', #9844, #12081, #10335, .T. ) ;
#10734 = CARTESIAN_POINT ( 'NONE',  ( 23.75000000000000000, -30.00000000000001421, 25.15000000000000568 ) ) ;
#10735 = LINE ( 'NONE', #2422, #2245 ) ;
#10736 = ORIENTED_EDGE ( 'NONE', *, *, #10465, .F. ) ;
#10737 = APPLICATION_PROTOCOL_DEFINITION ( 'draft international standard', 'automotive_design', 1998, #9345 ) ;
#10738 = FACE_OUTER_BOUND ( 'NONE', #10453, .T. ) ;
#10739 = EDGE_CURVE ( 'NONE', #7615, #12932, #4808, .T. ) ;
#10740 = CARTESIAN_POINT ( 'NONE',  ( -62.90000000000005542, 29.99999999999999289, -0.000000000000000000 ) ) ;
#10741 = VECTOR ( 'NONE', #7196, 1000.000000000000000 ) ;
#10742 = ORIENTED_EDGE ( 'NONE', *, *, #8283, .T. ) ;
#10743 = ORIENTED_EDGE ( 'NONE', *, *, #5228, .T. ) ;
#10744 = VECTOR ( 'NONE', #9395, 1000.000000000000000 ) ;
#10745 = CARTESIAN_POINT ( 'NONE',  ( -20.00000000000003197, 29.99999999999999289, -2.999999999999991562 ) ) ;
#10746 = EDGE_LOOP ( 'NONE', ( #8345, #12479 ) ) ;
#10747 = ORIENTED_EDGE ( 'NONE', *, *, #11783, .T. ) ;
#10748 = DIRECTION ( 'NONE',  ( 0.000000000000000000, 0.000000000000000000, 1.000000000000000000 ) ) ;
#10749 = DIRECTION ( 'NONE',  ( 0.000000000000000000, 0.000000000000000000, -1.000000000000000000 ) ) ;
#10750 = AXIS2_PLACEMENT_3D ( 'NONE', #10136, #12987, #5963 ) ;
#10751 = LINE ( 'NONE', #505, #7344 ) ;
#10752 = VECTOR ( 'NONE', #4981, 1000.000000000000000 ) ;
#10753 = ADVANCED_FACE ( 'NONE', ( #1944 ), #6860, .T. ) ;
#10754 = DIRECTION ( 'NONE',  ( 0.000000000000000000, 0.000000000000000000, -1.000000000000000000 ) ) ;
#10755 = LINE ( 'NONE', #11440, #13086 ) ;
#10756 = VECTOR ( 'NONE', #6663, 1000.000000000000000 ) ;
#10757 = LINE ( 'NONE', #6780, #13091 ) ;
#10758 = CARTESIAN_POINT ( 'NONE',  ( 68.37499999999988631, -30.00000000000000711, -40.00000000000000000 ) ) ;
#10759 = VECTOR ( 'NONE', #12297, 1000.000000000000000 ) ;
#10760 = CARTESIAN_POINT ( 'NONE',  ( 36.00000000000002842, 29.99999999999999289, 6.000000000000006217 ) ) ;
#10761 = ORIENTED_EDGE ( 'NONE', *, *, #3069, .T. ) ;
#10762 = AXIS2_PLACEMENT_3D ( 'NONE', #3578, #7750, #6692 ) ;
#10763 = ORIENTED_EDGE ( 'NONE', *, *, #2328, .F. ) ;
#10764 = VECTOR ( 'NONE', #7928, 1000.000000000000000 ) ;
#10765 = CIRCLE ( 'NONE', #993, 4.000000000000000000 ) ;
#10766 = VERTEX_POINT ( 'NONE', #10041 ) ;
#10767 = VECTOR ( 'NONE', #8766, 1000.000000000000000 ) ;
#10768 = DIRECTION ( 'NONE',  ( -1.000000000000000000, 2.434699615406045218E-16, -0.000000000000000000 ) ) ;
#10769 = DIRECTION ( 'NONE',  ( -1.000000000000000000, -0.000000000000000000, -0.000000000000000000 ) ) ;
#10770 = CIRCLE ( 'NONE', #9268, 4.000000000000003553 ) ;
#10771 = EDGE_CURVE ( 'NONE', #8715, #9822, #8784, .T. ) ;
#10772 = VECTOR ( 'NONE', #10830, 1000.000000000000000 ) ;
#10773 = CARTESIAN_POINT ( 'NONE',  ( 0.000000000000000000, 26.99999999999999289, 8.000000000000000000 ) ) ;
#10774 = CIRCLE ( 'NONE', #5045, 1.099999999999998535 ) ;
#10775 = CARTESIAN_POINT ( 'NONE',  ( -70.00000000000000000, 22.99999999999999289, -15.00000000000000711 ) ) ;
#10776 = VECTOR ( 'NONE', #1533, 1000.000000000000000 ) ;
#10777 = FACE_OUTER_BOUND ( 'NONE', #5222, .T. ) ;
#10778 = ORIENTED_EDGE ( 'NONE', *, *, #8626, .F. ) ;
#10779 = ORIENTED_EDGE ( 'NONE', *, *, #9025, .T. ) ;
#10780 = ORIENTED_EDGE ( 'NONE', *, *, #10057, .T. ) ;
#10781 = CARTESIAN_POINT ( 'NONE',  ( 47.40000000000004121, 26.99999999999999289, 56.00000000000000000 ) ) ;
#10782 = ORIENTED_EDGE ( 'NONE', *, *, #2651, .T. ) ;
#10783 = AXIS2_PLACEMENT_3D ( 'NONE', #8320, #11559, #6253 ) ;
#10784 = AXIS2_PLACEMENT_3D ( 'NONE', #5774, #4647, #6693 ) ;
#10785 = VERTEX_POINT ( 'NONE', #13025 ) ;
#10786 = ORIENTED_EDGE ( 'NONE', *, *, #9016, .T. ) ;
#10787 = AXIS2_PLACEMENT_3D ( 'NONE', #10554, #1449, #10754 ) ;
#10788 = CARTESIAN_POINT ( 'NONE',  ( 23.00000000000002842, 19.99999999999999289, -33.25000000000000000 ) ) ;
#10789 = VERTEX_POINT ( 'NONE', #1745 ) ;
#10790 = DIRECTION ( 'NONE',  ( -1.000000000000000000, 0.000000000000000000, 1.416100796715761356E-16 ) ) ;
#10791 = CARTESIAN_POINT ( 'NONE',  ( 31.00000000000004263, 26.99999999999999289, 3.000000000000006217 ) ) ;
#10792 = VECTOR ( 'NONE', #7439, 1000.000000000000000 ) ;
#10793 = CARTESIAN_POINT ( 'NONE',  ( 36.00000000000002842, 26.99999999999999289, 8.000000000000007105 ) ) ;
#10794 = EDGE_CURVE ( 'NONE', #4292, #5748, #5450, .T. ) ;
#10795 = FACE_OUTER_BOUND ( 'NONE', #10010, .T. ) ;
#10796 = AXIS2_PLACEMENT_3D ( 'NONE', #1793, #9218, #2325 ) ;
#10797 = DIRECTION ( 'NONE',  ( 0.000000000000000000, 0.000000000000000000, 1.000000000000000000 ) ) ;
#10798 = CARTESIAN_POINT ( 'NONE',  ( -18.75000000000001066, -52.50000000000000711, 60.00000000000000711 ) ) ;
#10799 = EDGE_LOOP ( 'NONE', ( #1047, #6415, #6433, #2029, #5680, #7273, #6795, #819, #9994, #12558, #4233, #10369 ) ) ;
#10800 = FACE_BOUND ( 'NONE', #5585, .T. ) ;
#10801 = AXIS2_PLACEMENT_3D ( 'NONE', #7012, #10053, #5014 ) ;
#10802 = CIRCLE ( 'NONE', #6769, 4.000000000000010658 ) ;
#10803 = DIRECTION ( 'NONE',  ( 1.000000000000000000, -0.000000000000000000, -0.000000000000000000 ) ) ;
#10804 = AXIS2_PLACEMENT_3D ( 'NONE', #2799, #10076, #13133 ) ;
#10805 = ORIENTED_EDGE ( 'NONE', *, *, #4126, .F. ) ;
#10806 = VERTEX_POINT ( 'NONE', #4999 ) ;
#10807 = AXIS2_PLACEMENT_3D ( 'NONE', #9187, #10253, #6208 ) ;
#10808 = DIRECTION ( 'NONE',  ( -0.000000000000000000, -1.000000000000000000, -0.000000000000000000 ) ) ;
#10809 = CARTESIAN_POINT ( 'NONE',  ( -18.75000000000000355, 46.49999999999983658, 10.00000000000000355 ) ) ;
#10810 = LINE ( 'NONE', #11732, #6125 ) ;
#10811 = CARTESIAN_POINT ( 'NONE',  ( -33.00000000000004263, 26.99999999999999289, 5.000000000000003553 ) ) ;
#10812 = ORIENTED_EDGE ( 'NONE', *, *, #4787, .F. ) ;
#10813 = LINE ( 'NONE', #10426, #1158 ) ;
#10814 = VECTOR ( 'NONE', #2708, 1000.000000000000000 ) ;
#10815 = EDGE_CURVE ( 'NONE', #9633, #6610, #9850, .T. ) ;
#10816 = DIRECTION ( 'NONE',  ( 0.000000000000000000, 0.000000000000000000, -1.000000000000000000 ) ) ;
#10817 = ORIENTED_EDGE ( 'NONE', *, *, #2858, .F. ) ;
#10818 = ORIENTED_EDGE ( 'NONE', *, *, #10017, .T. ) ;
#10819 = FACE_OUTER_BOUND ( 'NONE', #4855, .T. ) ;
#10820 = ORIENTED_EDGE ( 'NONE', *, *, #9181, .T. ) ;
#10821 = ORIENTED_EDGE ( 'NONE', *, *, #11633, .F. ) ;
#10822 = ORIENTED_EDGE ( 'NONE', *, *, #10602, .T. ) ;
#10823 = VECTOR ( 'NONE', #12170, 1000.000000000000000 ) ;
#10824 = LINE ( 'NONE', #1707, #4198 ) ;
#10825 = ADVANCED_FACE ( 'NONE', ( #8065 ), #12905, .T. ) ;
#10826 = CARTESIAN_POINT ( 'NONE',  ( 35.74999999999983658, -10.00000000000000533, -6.999999999999998224 ) ) ;
#10827 = LINE ( 'NONE', #6492, #9457 ) ;
#10828 = CARTESIAN_POINT ( 'NONE',  ( 3.499999999999998668, -24.00000000000000355, -36.75000000000000000 ) ) ;
#10829 = DIRECTION ( 'NONE',  ( -0.000000000000000000, -1.000000000000000000, 0.000000000000000000 ) ) ;
#10830 = DIRECTION ( 'NONE',  ( -1.000000000000000000, 2.434699615406045218E-16, -0.000000000000000000 ) ) ;
#10831 = CARTESIAN_POINT ( 'NONE',  ( 23.74999999999999289, 10.50000000000008527, 52.00000000000000711 ) ) ;
#10832 = ADVANCED_FACE ( 'NONE', ( #5043 ), #9224, .F. ) ;
#10833 = CARTESIAN_POINT ( 'NONE',  ( -9.500000000000000000, 23.24999999999999289, -36.75000000000000000 ) ) ;
#10834 = CARTESIAN_POINT ( 'NONE',  ( -58.25000000000019185, -20.49999999999991473, 50.50000000000000000 ) ) ;
#10835 = CARTESIAN_POINT ( 'NONE',  ( 0.000000000000000000, 29.99999999999999289, 42.59999999999999432 ) ) ;
#10836 = EDGE_LOOP ( 'NONE', ( #11368, #1934 ) ) ;
#10837 = ORIENTED_EDGE ( 'NONE', *, *, #9025, .F. ) ;
#10838 = ADVANCED_FACE ( 'NONE', ( #9561 ), #7365, .T. ) ;
#10839 = LINE ( 'NONE', #11756, #11813 ) ;
#10840 = CARTESIAN_POINT ( 'NONE',  ( -86.00000000000004263, 29.99999999999999289, -40.00000000000000000 ) ) ;
#10841 = CARTESIAN_POINT ( 'NONE',  ( 34.00000000000003553, 26.99999999999999289, 0.000000000000000000 ) ) ;
#10842 = EDGE_CURVE ( 'NONE', #1628, #2842, #2332, .T. ) ;
#10843 = DIRECTION ( 'NONE',  ( 1.000000000000000000, 0.000000000000000000, 0.000000000000000000 ) ) ;
#10844 = CARTESIAN_POINT ( 'NONE',  ( -86.00000000000004263, 29.99999999999999289, -40.00000000000000000 ) ) ;
#10845 = FACE_OUTER_BOUND ( 'NONE', #8306, .T. ) ;
#10846 = ORIENTED_EDGE ( 'NONE', *, *, #4974, .T. ) ;
#10847 = VERTEX_POINT ( 'NONE', #4378 ) ;
#10848 = ORIENTED_EDGE ( 'NONE', *, *, #12649, .F. ) ;
#10849 = DIRECTION ( 'NONE',  ( 0.000000000000000000, 0.000000000000000000, -1.000000000000000000 ) ) ;
#10850 = VERTEX_POINT ( 'NONE', #4780 ) ;
#10851 = EDGE_CURVE ( 'NONE', #4778, #10806, #2805, .T. ) ;
#10852 = ORIENTED_EDGE ( 'NONE', *, *, #10886, .F. ) ;
#10853 = ORIENTED_EDGE ( 'NONE', *, *, #11710, .T. ) ;
#10854 = DIRECTION ( 'NONE',  ( 0.000000000000000000, 0.000000000000000000, 1.000000000000000000 ) ) ;
#10855 = ADVANCED_FACE ( 'NONE', ( #5723, #4575 ), #8627, .T. ) ;
#10856 = EDGE_LOOP ( 'NONE', ( #4262, #6061, #2010, #880 ) ) ;
#10857 = CARTESIAN_POINT ( 'NONE',  ( 30.00000000000002842, 5.749999999999992895, -40.00000000000000000 ) ) ;
#10858 = PLANE ( 'NONE',  #11984 ) ;
#10859 = LINE ( 'NONE', #2822, #6911 ) ;
#10860 = LINE ( 'NONE', #5809, #6979 ) ;
#10861 = FACE_BOUND ( 'NONE', #3307, .T. ) ;
#10862 = ORIENTED_EDGE ( 'NONE', *, *, #1150, .F. ) ;
#10863 = DIRECTION ( 'NONE',  ( -1.000000000000000000, 0.000000000000000000, 1.416100796715761356E-16 ) ) ;
#10864 = ORIENTED_EDGE ( 'NONE', *, *, #9613, .F. ) ;
#10865 = DIRECTION ( 'NONE',  ( 6.195440985631457782E-17, 0.000000000000000000, 1.000000000000000000 ) ) ;
#10866 = ORIENTED_EDGE ( 'NONE', *, *, #10815, .T. ) ;
#10867 = ORIENTED_EDGE ( 'NONE', *, *, #1137, .T. ) ;
#10868 = DIRECTION ( 'NONE',  ( 0.000000000000000000, 0.9119215051751055068, 0.4103646773287998317 ) ) ;
#10869 = DIRECTION ( 'NONE',  ( 1.000000000000000000, -0.000000000000000000, 0.000000000000000000 ) ) ;
#10870 = FACE_OUTER_BOUND ( 'NONE', #4014, .T. ) ;
#10871 = CARTESIAN_POINT ( 'NONE',  ( 20.00000000000002842, 14.24999999999999822, 0.000000000000000000 ) ) ;
#10872 = CARTESIAN_POINT ( 'NONE',  ( -18.75000000000001066, -45.50000000000000711, 51.00000000000000000 ) ) ;
#10873 = ORIENTED_EDGE ( 'NONE', *, *, #4061, .F. ) ;
#10874 = CARTESIAN_POINT ( 'NONE',  ( 0.000000000000000000, 29.99999999999999289, 42.60000000000000142 ) ) ;
#10875 = EDGE_CURVE ( 'NONE', #1581, #4703, #13067, .T. ) ;
#10876 = PLANE ( 'NONE',  #3799 ) ;
#10877 = ORIENTED_EDGE ( 'NONE', *, *, #6584, .T. ) ;
#10878 = ORIENTED_EDGE ( 'NONE', *, *, #1052, .F. ) ;
#10879 = FACE_OUTER_BOUND ( 'NONE', #2785, .T. ) ;
#10880 = VERTEX_POINT ( 'NONE', #602 ) ;
#10881 = ORIENTED_EDGE ( 'NONE', *, *, #9602, .T. ) ;
#10882 = ORIENTED_EDGE ( 'NONE', *, *, #1570, .T. ) ;
#10883 = EDGE_CURVE ( 'NONE', #1034, #7998, #11371, .T. ) ;
#10884 = EDGE_CURVE ( 'NONE', #6285, #6364, #620, .T. ) ;
#10885 = DIRECTION ( 'NONE',  ( -1.000000000000000000, -2.168404344971006896E-16, 0.000000000000000000 ) ) ;
#10886 = EDGE_CURVE ( 'NONE', #6276, #2208, #4404, .T. ) ;
#10887 = CARTESIAN_POINT ( 'NONE',  ( -44.00000000000004263, 26.99999999999999289, 8.000000000000000000 ) ) ;
#10888 = CARTESIAN_POINT ( 'NONE',  ( 0.000000000000000000, 29.99999999999999289, 32.39999999999999858 ) ) ;
#10889 = LINE ( 'NONE', #4033, #1427 ) ;
#10890 = LINE ( 'NONE', #11033, #9284 ) ;
#10891 = DIRECTION ( 'NONE',  ( 0.000000000000000000, 1.000000000000000000, -0.000000000000000000 ) ) ;
#10892 = ORIENTED_EDGE ( 'NONE', *, *, #150, .T. ) ;
#10893 = ADVANCED_FACE ( 'NONE', ( #6724 ), #5588, .F. ) ;
#10894 = DIRECTION ( 'NONE',  ( 1.000000000000000000, 0.000000000000000000, 0.000000000000000000 ) ) ;
#10895 = EDGE_CURVE ( 'NONE', #8088, #5203, #8571, .T. ) ;
#10896 = CARTESIAN_POINT ( 'NONE',  ( -28.00000000000003197, 14.24999999999999822, 3.000000000000009770 ) ) ;
#10897 = ORIENTED_EDGE ( 'NONE', *, *, #2045, .F. ) ;
#10898 = ORIENTED_EDGE ( 'NONE', *, *, #6416, .T. ) ;
#10899 = ADVANCED_FACE ( 'NONE', ( #413 ), #3460, .T. ) ;
#10900 = CARTESIAN_POINT ( 'NONE',  ( 20.00000000000003197, 29.99999999999999289, -2.999999999999996003 ) ) ;
#10901 = DIRECTION ( 'NONE',  ( 0.000000000000000000, 0.000000000000000000, -1.000000000000000000 ) ) ;
#10902 = DIRECTION ( 'NONE',  ( -1.000000000000000000, -4.336808689942013792E-16, 0.000000000000000000 ) ) ;
#10903 = CARTESIAN_POINT ( 'NONE',  ( -14.30000000000000426, 38.26999999999998892, 54.99999999999999289 ) ) ;
#10904 = PLANE ( 'NONE',  #10796 ) ;
#10905 = DIRECTION ( 'NONE',  ( 0.000000000000000000, -3.154042683594194627E-16, 1.000000000000000000 ) ) ;
#10906 = ORIENTED_EDGE ( 'NONE', *, *, #1250, .T. ) ;
#10907 = ORIENTED_EDGE ( 'NONE', *, *, #412, .T. ) ;
#10908 = VERTEX_POINT ( 'NONE', #8457 ) ;
#10909 = EDGE_CURVE ( 'NONE', #11708, #2818, #5740, .T. ) ;
#10910 = CARTESIAN_POINT ( 'NONE',  ( 35.74999999999983658, -10.00000000000000533, -8.500000000000001776 ) ) ;
#10911 = ORIENTED_EDGE ( 'NONE', *, *, #7127, .F. ) ;
#10912 = VERTEX_POINT ( 'NONE', #12614 ) ;
#10913 = VERTEX_POINT ( 'NONE', #9783 ) ;
#10914 = ADVANCED_FACE ( 'NONE', ( #9514 ), #1588, .F. ) ;
#10915 = ORIENTED_EDGE ( 'NONE', *, *, #10157, .T. ) ;
#10916 = CYLINDRICAL_SURFACE ( 'NONE', #7764, 4.000000000000010658 ) ;
#10917 = CARTESIAN_POINT ( 'NONE',  ( 46.00000000000004263, 26.99999999999999289, 18.19999999999999574 ) ) ;
#10918 = CARTESIAN_POINT ( 'NONE',  ( 34.00000000000002842, 26.99999999999999289, 6.000000000000006217 ) ) ;
#10919 = CARTESIAN_POINT ( 'NONE',  ( 44.00000000000003553, 26.99999999999999289, -6.230843505549355095E-15 ) ) ;
#10920 = EDGE_CURVE ( 'NONE', #8680, #11291, #7502, .T. ) ;
#10921 = CARTESIAN_POINT ( 'NONE',  ( -40.00000000000000711, 19.99999999999999289, 0.000000000000000000 ) ) ;
#10922 = FACE_OUTER_BOUND ( 'NONE', #9691, .T. ) ;
#10923 = ORIENTED_EDGE ( 'NONE', *, *, #12027, .T. ) ;
#10924 = EDGE_CURVE ( 'NONE', #4078, #12327, #10504, .T. ) ;
#10925 = FACE_OUTER_BOUND ( 'NONE', #10502, .T. ) ;
#10926 = EDGE_CURVE ( 'NONE', #11677, #701, #6101, .T. ) ;
#10927 = VECTOR ( 'NONE', #2534, 1000.000000000000000 ) ;
#10928 = PLANE ( 'NONE',  #11388 ) ;
#10929 = ORIENTED_EDGE ( 'NONE', *, *, #7547, .T. ) ;
#10930 = VERTEX_POINT ( 'NONE', #11646 ) ;
#10931 = PLANE ( 'NONE',  #2920 ) ;
#10932 = DIRECTION ( 'NONE',  ( -0.000000000000000000, 1.000000000000000000, -0.000000000000000000 ) ) ;
#10933 = LINE ( 'NONE', #2833, #2466 ) ;
#10934 = EDGE_CURVE ( 'NONE', #9737, #8947, #6651, .T. ) ;
#10935 = FACE_OUTER_BOUND ( 'NONE', #9599, .T. ) ;
#10936 = ADVANCED_FACE ( 'NONE', ( #6529 ), #2543, .T. ) ;
#10937 = DIRECTION ( 'NONE',  ( -1.000000000000000000, 0.000000000000000000, 0.000000000000000000 ) ) ;
#10938 = VECTOR ( 'NONE', #9920, 1000.000000000000000 ) ;
#10939 = VERTEX_POINT ( 'NONE', #4528 ) ;
#10940 = DIRECTION ( 'NONE',  ( -0.000000000000000000, 1.000000000000000000, -0.000000000000000000 ) ) ;
#10941 = EDGE_CURVE ( 'NONE', #4025, #11383, #8648, .T. ) ;
#10942 = DIRECTION ( 'NONE',  ( -1.000000000000000000, 0.000000000000000000, 0.000000000000000000 ) ) ;
#10943 = ORIENTED_EDGE ( 'NONE', *, *, #3566, .T. ) ;
#10944 = DIRECTION ( 'NONE',  ( 1.000000000000000000, 0.000000000000000000, -0.000000000000000000 ) ) ;
#10945 = ORIENTED_EDGE ( 'NONE', *, *, #4396, .F. ) ;
#10946 = ORIENTED_EDGE ( 'NONE', *, *, #4020, .T. ) ;
#10947 = VECTOR ( 'NONE', #10164, 1000.000000000000000 ) ;
#10948 = DIRECTION ( 'NONE',  ( -0.000000000000000000, 1.000000000000000000, -0.000000000000000000 ) ) ;
#10949 = FACE_OUTER_BOUND ( 'NONE', #13132, .T. ) ;
#10950 = DIRECTION ( 'NONE',  ( -1.000000000000000000, 0.000000000000000000, 0.000000000000000000 ) ) ;
#10951 = CARTESIAN_POINT ( 'NONE',  ( 34.00000000000002842, 26.99999999999999289, 8.000000000000007105 ) ) ;
#10952 = CARTESIAN_POINT ( 'NONE',  ( 28.75000000000000000, -36.93951938890104714, 17.21548839695788402 ) ) ;
#10953 = ADVANCED_FACE ( 'NONE', ( #3405 ), #9718, .T. ) ;
#10954 = VECTOR ( 'NONE', #9567, 1000.000000000000000 ) ;
#10955 = FACE_OUTER_BOUND ( 'NONE', #11516, .T. ) ;
#10956 = ORIENTED_EDGE ( 'NONE', *, *, #434, .F. ) ;
#10957 = VECTOR ( 'NONE', #2606, 1000.000000000000000 ) ;
#10958 = DIRECTION ( 'NONE',  ( 0.000000000000000000, 0.000000000000000000, -1.000000000000000000 ) ) ;
#10959 = AXIS2_PLACEMENT_3D ( 'NONE', #1829, #11127, #9067 ) ;
#10960 = LINE ( 'NONE', #7898, #4872 ) ;
#10961 = EDGE_CURVE ( 'NONE', #12465, #6610, #11507, .T. ) ;
#10962 = CARTESIAN_POINT ( 'NONE',  ( 18.74999999999983658, -30.00000000000001066, 60.00000000000000711 ) ) ;
#10963 = ORIENTED_EDGE ( 'NONE', *, *, #663, .F. ) ;
#10964 = ORIENTED_EDGE ( 'NONE', *, *, #9936, .F. ) ;
#10965 = AXIS2_PLACEMENT_3D ( 'NONE', #11804, #9809, #6765 ) ;
#10966 = VECTOR ( 'NONE', #1572, 1000.000000000000000 ) ;
#10967 = CARTESIAN_POINT ( 'NONE',  ( 85.99999999999991473, -30.00000000000000711, -14.00000000000000178 ) ) ;
#10968 = CARTESIAN_POINT ( 'NONE',  ( -18.75000000000000355, 46.53999999999999204, 10.00000000000000355 ) ) ;
#10969 = AXIS2_PLACEMENT_3D ( 'NONE', #151, #10198, #8330 ) ;
#10970 = ADVANCED_FACE ( 'NONE', ( #2400 ), #1399, .T. ) ;
#10971 = VECTOR ( 'NONE', #9062, 1000.000000000000000 ) ;
#10972 = CARTESIAN_POINT ( 'NONE',  ( 23.74999999999999289, 10.50000000000008527, 49.00000000000000000 ) ) ;
#10973 = CIRCLE ( 'NONE', #6931, 3.500000000000006661 ) ;
#10974 = CARTESIAN_POINT ( 'NONE',  ( -28.00000000000003197, 29.99999999999999289, 3.000000000000009770 ) ) ;
#10975 = AXIS2_PLACEMENT_3D ( 'NONE', #8191, #7198, #11256 ) ;
#10976 = DIRECTION ( 'NONE',  ( -0.000000000000000000, 1.000000000000000000, -0.000000000000000000 ) ) ;
#10977 = VECTOR ( 'NONE', #718, 999.9999999999998863 ) ;
#10978 = EDGE_CURVE ( 'NONE', #3461, #10139, #12042, .T. ) ;
#10979 = ORIENTED_EDGE ( 'NONE', *, *, #10638, .F. ) ;
#10980 = ORIENTED_EDGE ( 'NONE', *, *, #6898, .T. ) ;
#10981 = ORIENTED_EDGE ( 'NONE', *, *, #2339, .F. ) ;
#10982 = VECTOR ( 'NONE', #522, 1000.000000000000000 ) ;
#10983 = ORIENTED_EDGE ( 'NONE', *, *, #8349, .F. ) ;
#10984 = VERTEX_POINT ( 'NONE', #686 ) ;
#10985 = VECTOR ( 'NONE', #418, 999.9999999999998863 ) ;
#10986 = EDGE_CURVE ( 'NONE', #11537, #5306, #9096, .T. ) ;
#10987 = VECTOR ( 'NONE', #2831, 1000.000000000000000 ) ;
#10988 = CIRCLE ( 'NONE', #3546, 2.499999999999995115 ) ;
#10989 = CARTESIAN_POINT ( 'NONE',  ( -23.75000000000000000, 19.99999999999998934, 13.85000000000000142 ) ) ;
#10990 = DIRECTION ( 'NONE',  ( 0.000000000000000000, -1.000000000000000000, -3.154042683594194627E-16 ) ) ;
#10991 = FACE_OUTER_BOUND ( 'NONE', #6201, .T. ) ;
#10992 = VECTOR ( 'NONE', #2132, 1000.000000000000000 ) ;
#10993 = VECTOR ( 'NONE', #4727, 1000.000000000000000 ) ;
#10994 = EDGE_CURVE ( 'NONE', #11763, #8170, #11095, .T. ) ;
#10995 = CARTESIAN_POINT ( 'NONE',  ( -74.00000000000004263, 26.99999999999999289, 0.000000000000000000 ) ) ;
#10996 = DIRECTION ( 'NONE',  ( 0.000000000000000000, 0.000000000000000000, -1.000000000000000000 ) ) ;
#10997 = DIRECTION ( 'NONE',  ( 0.000000000000000000, -1.000000000000000000, 0.000000000000000000 ) ) ;
#10998 = ORIENTED_EDGE ( 'NONE', *, *, #2328, .T. ) ;
#10999 = AXIS2_PLACEMENT_3D ( 'NONE', #9607, #5835, #9878 ) ;
#11000 = FACE_OUTER_BOUND ( 'NONE', #8572, .T. ) ;
#11001 = VERTEX_POINT ( 'NONE', #12189 ) ;
#11002 = VECTOR ( 'NONE', #8550, 1000.000000000000000 ) ;
#11003 = VECTOR ( 'NONE', #11943, 1000.000000000000000 ) ;
#11004 = AXIS2_PLACEMENT_3D ( 'NONE', #6633, #5918, #4919 ) ;
#11005 = CYLINDRICAL_SURFACE ( 'NONE', #6507, 4.000000000000016875 ) ;
#11006 = ADVANCED_FACE ( 'NONE', ( #4737 ), #6109, .F. ) ;
#11007 = ORIENTED_EDGE ( 'NONE', *, *, #4465, .F. ) ;
#11008 = VERTEX_POINT ( 'NONE', #10161 ) ;
#11009 = VECTOR ( 'NONE', #1539, 1000.000000000000000 ) ;
#11010 = EDGE_CURVE ( 'NONE', #6400, #4935, #2991, .T. ) ;
#11011 = LINE ( 'NONE', #3878, #7783 ) ;
#11012 = LINE ( 'NONE', #5890, #4848 ) ;
#11013 = CARTESIAN_POINT ( 'NONE',  ( -28.00000000000003197, 26.99999999999999289, 3.000000000000009770 ) ) ;
#11014 = FACE_OUTER_BOUND ( 'NONE', #12391, .T. ) ;
#11015 = VECTOR ( 'NONE', #1299, 1000.000000000000000 ) ;
#11016 = CARTESIAN_POINT ( 'NONE',  ( 62.90000000000005542, 26.99999999999999289, 48.00000000000000000 ) ) ;
#11017 = CIRCLE ( 'NONE', #5691, 4.000000000000003553 ) ;
#11018 = EDGE_LOOP ( 'NONE', ( #12432, #392, #1580, #10389 ) ) ;
#11019 = DIRECTION ( 'NONE',  ( -1.000000000000000000, -0.000000000000000000, -0.000000000000000000 ) ) ;
#11020 = CARTESIAN_POINT ( 'NONE',  ( 85.99999999999994316, -26.00000000000000711, -40.00000000000000000 ) ) ;
#11021 = ORIENTED_EDGE ( 'NONE', *, *, #11485, .T. ) ;
#11022 = PLANE ( 'NONE',  #10750 ) ;
#11023 = EDGE_CURVE ( 'NONE', #11563, #850, #12268, .T. ) ;
#11024 = ADVANCED_FACE ( 'NONE', ( #5114, #6034 ), #10082, .F. ) ;
#11025 = ORIENTED_EDGE ( 'NONE', *, *, #2577, .F. ) ;
#11026 = ORIENTED_EDGE ( 'NONE', *, *, #7649, .F. ) ;
#11027 = DIRECTION ( 'NONE',  ( 1.000000000000000000, 3.469446951953614189E-16, -0.000000000000000000 ) ) ;
#11028 = EDGE_CURVE ( 'NONE', #12025, #428, #356, .T. ) ;
#11029 = CARTESIAN_POINT ( 'NONE',  ( 38.24999999999982947, -28.00000000000000355, -11.50000000000000355 ) ) ;
#11030 = DIRECTION ( 'NONE',  ( -1.000000000000000000, 0.000000000000000000, 0.000000000000000000 ) ) ;
#11031 = CIRCLE ( 'NONE', #7833, 4.000000000000003553 ) ;
#11032 = DIRECTION ( 'NONE',  ( -1.000000000000000000, 0.000000000000000000, 0.000000000000000000 ) ) ;
#11033 = CARTESIAN_POINT ( 'NONE',  ( -58.25000000000019185, -20.49999999999991473, 18.00000000000000355 ) ) ;
#11034 = DIRECTION ( 'NONE',  ( -0.000000000000000000, 0.000000000000000000, -1.000000000000000000 ) ) ;
#11035 = ORIENTED_EDGE ( 'NONE', *, *, #8364, .T. ) ;
#11036 = LINE ( 'NONE', #2218, #3978 ) ;
#11037 = PLANE ( 'NONE',  #1037 ) ;
#11038 = ORIENTED_EDGE ( 'NONE', *, *, #12165, .F. ) ;
#11039 = EDGE_LOOP ( 'NONE', ( #4513, #11622, #12741, #8981 ) ) ;
#11040 = VECTOR ( 'NONE', #7398, 1000.000000000000000 ) ;
#11041 = ORIENTED_EDGE ( 'NONE', *, *, #6038, .T. ) ;
#11042 = PLANE ( 'NONE',  #977 ) ;
#11043 = FACE_OUTER_BOUND ( 'NONE', #6345, .T. ) ;
#11044 = EDGE_CURVE ( 'NONE', #3930, #632, #7223, .T. ) ;
#11045 = VERTEX_POINT ( 'NONE', #6172 ) ;
#11046 = CARTESIAN_POINT ( 'NONE',  ( -23.74999999999999289, -4.999999999999913847, 35.00000000000000000 ) ) ;
#11047 = DIRECTION ( 'NONE',  ( -0.000000000000000000, -1.000000000000000000, -0.000000000000000000 ) ) ;
#11048 = CARTESIAN_POINT ( 'NONE',  ( 44.00000000000003553, 29.99999999999999289, -6.230843505549355095E-15 ) ) ;
#11049 = ORIENTED_EDGE ( 'NONE', *, *, #8123, .F. ) ;
#11050 = ORIENTED_EDGE ( 'NONE', *, *, #12722, .F. ) ;
#11051 = VERTEX_POINT ( 'NONE', #8851 ) ;
#11052 = ADVANCED_FACE ( 'NONE', ( #12137 ), #3116, .T. ) ;
#11053 = ORIENTED_EDGE ( 'NONE', *, *, #11250, .F. ) ;
#11054 = ORIENTED_EDGE ( 'NONE', *, *, #5980, .F. ) ;
#11055 = FACE_OUTER_BOUND ( 'NONE', #9109, .T. ) ;
#11056 = DIRECTION ( 'NONE',  ( 0.000000000000000000, 1.000000000000000000, 0.000000000000000000 ) ) ;
#11057 = EDGE_CURVE ( 'NONE', #3842, #12580, #6737, .T. ) ;
#11058 = CARTESIAN_POINT ( 'NONE',  ( 0.000000000000000000, 26.99999999999999289, 6.000000000000006217 ) ) ;
#11059 = EDGE_CURVE ( 'NONE', #3801, #7100, #9211, .T. ) ;
#11060 = DIRECTION ( 'NONE',  ( 1.416100796715761356E-16, 0.000000000000000000, 1.000000000000000000 ) ) ;
#11061 = DIRECTION ( 'NONE',  ( -1.000000000000000000, 2.434699615406045218E-16, 0.000000000000000000 ) ) ;
#11062 = CARTESIAN_POINT ( 'NONE',  ( 66.00000000000002842, 29.99999999999999289, 60.00000000000000711 ) ) ;
#11063 = CARTESIAN_POINT ( 'NONE',  ( -90.00000000000004263, 29.99999999999999289, 3.000000000000058176 ) ) ;
#11064 = ORIENTED_EDGE ( 'NONE', *, *, #5841, .F. ) ;
#11065 = CARTESIAN_POINT ( 'NONE',  ( -14.30000000000000426, 38.26999999999998892, 22.60434383594887109 ) ) ;
#11066 = CARTESIAN_POINT ( 'NONE',  ( 34.00000000000002842, 26.99999999999999289, 18.20000000000000284 ) ) ;
#11067 = ORIENTED_EDGE ( 'NONE', *, *, #11359, .T. ) ;
#11068 = VERTEX_POINT ( 'NONE', #4097 ) ;
#11069 = EDGE_CURVE ( 'NONE', #7151, #6158, #3770, .T. ) ;
#11070 = DIRECTION ( 'NONE',  ( -0.000000000000000000, 1.000000000000000000, -0.000000000000000000 ) ) ;
#11071 = CARTESIAN_POINT ( 'NONE',  ( -3.097720492815727659E-16, 29.99999999999999289, -4.999999999999997335 ) ) ;
#11072 = CARTESIAN_POINT ( 'NONE',  ( 22.00000000000003197, 14.24999999999999822, -4.999999999999997335 ) ) ;
#11073 = LINE ( 'NONE', #8998, #13057 ) ;
#11074 = DIRECTION ( 'NONE',  ( 1.000000000000000000, 0.000000000000000000, 1.387778780781445676E-16 ) ) ;
#11075 = VERTEX_POINT ( 'NONE', #742 ) ;
#11076 = CARTESIAN_POINT ( 'NONE',  ( -9.500000000000103029, 19.99999999999999289, -39.25000000000000000 ) ) ;
#11077 = EDGE_CURVE ( 'NONE', #3806, #1495, #101, .T. ) ;
#11078 = CARTESIAN_POINT ( 'NONE',  ( -86.00000000000004263, -26.00000000000000711, 5.999999999999998224 ) ) ;
#11079 = CARTESIAN_POINT ( 'NONE',  ( -86.00000000000004263, -26.00000000000000711, -40.00000000000000000 ) ) ;
#11080 = EDGE_CURVE ( 'NONE', #13013, #2527, #4799, .T. ) ;
#11081 = EDGE_LOOP ( 'NONE', ( #9515, #5783, #11896, #524 ) ) ;
#11082 = DIRECTION ( 'NONE',  ( 1.000000000000000000, -0.000000000000000000, -0.000000000000000000 ) ) ;
#11083 = ORIENTED_EDGE ( 'NONE', *, *, #1190, .F. ) ;
#11084 = ORIENTED_EDGE ( 'NONE', *, *, #1990, .F. ) ;
#11085 = CARTESIAN_POINT ( 'NONE',  ( -28.00000000000003197, 29.99999999999999289, 3.000000000000009770 ) ) ;
#11086 = DIRECTION ( 'NONE',  ( -1.000000000000000000, 2.434699615406045218E-16, -0.000000000000000000 ) ) ;
#11087 = LINE ( 'NONE', #9882, #8237 ) ;
#11088 = CARTESIAN_POINT ( 'NONE',  ( 22.00000000000003197, 14.24999999999999822, 3.000000000000004441 ) ) ;
#11089 = ORIENTED_EDGE ( 'NONE', *, *, #6775, .F. ) ;
#11090 = EDGE_CURVE ( 'NONE', #499, #5734, #4841, .T. ) ;
#11091 = CARTESIAN_POINT ( 'NONE',  ( -47.40000000000004832, 26.99999999999999289, 0.000000000000000000 ) ) ;
#11092 = ORIENTED_EDGE ( 'NONE', *, *, #9106, .T. ) ;
#11093 = ORIENTED_EDGE ( 'NONE', *, *, #8664, .F. ) ;
#11094 = EDGE_LOOP ( 'NONE', ( #10864, #7486, #2068 ) ) ;
#11095 = LINE ( 'NONE', #3048, #2492 ) ;
#11096 = FACE_OUTER_BOUND ( 'NONE', #4306, .T. ) ;
#11097 = CARTESIAN_POINT ( 'NONE',  ( -23.74999999999999645, -33.65328382624345238, 15.68395384711746310 ) ) ;
#11098 = CARTESIAN_POINT ( 'NONE',  ( 23.74999999999982236, 4.999999999999990230, 35.00000000000000000 ) ) ;
#11099 = EDGE_CURVE ( 'NONE', #9124, #12956, #4189, .T. ) ;
#11100 = EDGE_CURVE ( 'NONE', #9619, #5461, #1171, .T. ) ;
#11101 = CARTESIAN_POINT ( 'NONE',  ( 18.75000000000000355, 46.49999999999983658, 10.00000000000000000 ) ) ;
#11102 = CARTESIAN_POINT ( 'NONE',  ( 0.000000000000000000, 26.99999999999999289, 42.60000000000000142 ) ) ;
#11103 = DIRECTION ( 'NONE',  ( -0.3162277660168377746, -0.9486832980505138790, 4.388541835720879120E-16 ) ) ;
#11104 = ORIENTED_EDGE ( 'NONE', *, *, #7581, .T. ) ;
#11105 = ORIENTED_EDGE ( 'NONE', *, *, #4543, .T. ) ;
#11106 = VERTEX_POINT ( 'NONE', #10547 ) ;
#11107 = VERTEX_POINT ( 'NONE', #7277 ) ;
#11108 = ORIENTED_EDGE ( 'NONE', *, *, #2747, .F. ) ;
#11109 = ORIENTED_EDGE ( 'NONE', *, *, #4578, .T. ) ;
#11110 = DIRECTION ( 'NONE',  ( 1.000000000000000000, -0.000000000000000000, -2.891205793294679312E-16 ) ) ;
#11111 = DIRECTION ( 'NONE',  ( -0.000000000000000000, 1.000000000000000000, -0.000000000000000000 ) ) ;
#11112 = DIRECTION ( 'NONE',  ( -1.000000000000000000, 0.000000000000000000, 0.000000000000000000 ) ) ;
#11113 = CARTESIAN_POINT ( 'NONE',  ( -44.00000000000004263, 26.99999999999999289, 5.999999999999999112 ) ) ;
#11114 = DIRECTION ( 'NONE',  ( -0.000000000000000000, 1.000000000000000000, -0.000000000000000000 ) ) ;
#11115 = EDGE_CURVE ( 'NONE', #7445, #3801, #1366, .T. ) ;
#11116 = CARTESIAN_POINT ( 'NONE',  ( 0.000000000000000000, 26.99999999999999289, 0.000000000000000000 ) ) ;
#11117 = VERTEX_POINT ( 'NONE', #11482 ) ;
#11118 = CARTESIAN_POINT ( 'NONE',  ( 68.37499999999990052, -30.00000000000000711, -20.00000000000000000 ) ) ;
#11119 = EDGE_CURVE ( 'NONE', #11677, #3995, #379, .T. ) ;
#11120 = ADVANCED_FACE ( 'NONE', ( #12380 ), #12322, .T. ) ;
#11121 = LINE ( 'NONE', #9056, #6092 ) ;
#11122 = ORIENTED_EDGE ( 'NONE', *, *, #8417, .F. ) ;
#11123 = ORIENTED_EDGE ( 'NONE', *, *, #11948, .T. ) ;
#11124 = ORIENTED_EDGE ( 'NONE', *, *, #7007, .T. ) ;
#11125 = LINE ( 'NONE', #2015, #2087 ) ;
#11126 = DIRECTION ( 'NONE',  ( 0.9486832980505138790, -0.3162277660168377191, 0.000000000000000000 ) ) ;
#11127 = DIRECTION ( 'NONE',  ( 1.000000000000000000, 0.000000000000000000, 0.000000000000000000 ) ) ;
#11128 = EDGE_LOOP ( 'NONE', ( #8566, #13123, #8324, #3195 ) ) ;
#11129 = CARTESIAN_POINT ( 'NONE',  ( 32.00000000000000000, 1.000000000000041744, 0.000000000000000000 ) ) ;
#11130 = DIRECTION ( 'NONE',  ( -1.000000000000000000, 0.000000000000000000, -0.000000000000000000 ) ) ;
#11131 = ORIENTED_EDGE ( 'NONE', *, *, #12107, .T. ) ;
#11132 = ORIENTED_EDGE ( 'NONE', *, *, #9362, .T. ) ;
#11133 = LINE ( 'NONE', #2031, #12412 ) ;
#11134 = ORIENTED_EDGE ( 'NONE', *, *, #96, .T. ) ;
#11135 = VERTEX_POINT ( 'NONE', #9347 ) ;
#11136 = EDGE_CURVE ( 'NONE', #7741, #12632, #9473, .T. ) ;
#11137 = DIRECTION ( 'NONE',  ( -1.000000000000000000, 0.000000000000000000, 0.000000000000000000 ) ) ;
#11138 = VECTOR ( 'NONE', #4928, 1000.000000000000000 ) ;
#11139 = LINE ( 'NONE', #36, #6540 ) ;
#11140 = CARTESIAN_POINT ( 'NONE',  ( -49.40000000000004832, 26.99999999999999289, 0.000000000000000000 ) ) ;
#11141 = VERTEX_POINT ( 'NONE', #184 ) ;
#11142 = ORIENTED_EDGE ( 'NONE', *, *, #8491, .T. ) ;
#11143 = VERTEX_POINT ( 'NONE', #4237 ) ;
#11144 = VECTOR ( 'NONE', #1623, 999.9999999999998863 ) ;
#11145 = ORIENTED_EDGE ( 'NONE', *, *, #2447, .F. ) ;
#11146 = DIRECTION ( 'NONE',  ( 0.000000000000000000, 1.000000000000000000, 0.000000000000000000 ) ) ;
#11147 = EDGE_CURVE ( 'NONE', #7854, #10598, #5255, .T. ) ;
#11148 = DIRECTION ( 'NONE',  ( 0.000000000000000000, 0.000000000000000000, 1.000000000000000000 ) ) ;
#11149 = AXIS2_PLACEMENT_3D ( 'NONE', #8119, #12153, #7106 ) ;
#11150 = CARTESIAN_POINT ( 'NONE',  ( 28.75000000000000000, -36.93951938890104714, 17.21548839695788402 ) ) ;
#11151 = CARTESIAN_POINT ( 'NONE',  ( 28.00000000000003197, 14.24999999999999822, 1.000000000000002665 ) ) ;
#11152 = EDGE_CURVE ( 'NONE', #4512, #439, #445, .T. ) ;
#11153 = VECTOR ( 'NONE', #8704, 1000.000000000000000 ) ;
#11154 = CARTESIAN_POINT ( 'NONE',  ( 23.74999999999982947, -15.00000000000001066, 56.15000000000000568 ) ) ;
#11155 = FACE_OUTER_BOUND ( 'NONE', #739, .T. ) ;
#11156 = CARTESIAN_POINT ( 'NONE',  ( -86.00000000000004263, 19.99999999999998934, 10.00000000000000178 ) ) ;
#11157 = DIRECTION ( 'NONE',  ( 0.000000000000000000, -0.4224229034221526069, 0.9063988584858206909 ) ) ;
#11158 = DIRECTION ( 'NONE',  ( -0.000000000000000000, 1.000000000000000000, -0.000000000000000000 ) ) ;
#11159 = ORIENTED_EDGE ( 'NONE', *, *, #3679, .T. ) ;
#11160 = ORIENTED_EDGE ( 'NONE', *, *, #3202, .T. ) ;
#11161 = ORIENTED_EDGE ( 'NONE', *, *, #3566, .F. ) ;
#11162 = AXIS2_PLACEMENT_3D ( 'NONE', #5221, #10468, #174 ) ;
#11163 = ORIENTED_EDGE ( 'NONE', *, *, #4388, .F. ) ;
#11164 = ORIENTED_EDGE ( 'NONE', *, *, #11740, .F. ) ;
#11165 = ADVANCED_FACE ( 'NONE', ( #4502 ), #3298, .T. ) ;
#11166 = CARTESIAN_POINT ( 'NONE',  ( -7.500000000000000000, -19.99999999999999645, -40.00000000000000000 ) ) ;
#11167 = LINE ( 'NONE', #2001, #7520 ) ;
#11168 = EDGE_CURVE ( 'NONE', #12720, #9827, #6488, .T. ) ;
#11169 = CARTESIAN_POINT ( 'NONE',  ( -18.75000000000000355, -30.00000000000001421, 56.15000000000000568 ) ) ;
#11170 = VECTOR ( 'NONE', #10423, 1000.000000000000000 ) ;
#11171 = VECTOR ( 'NONE', #10676, 1000.000000000000000 ) ;
#11172 = VECTOR ( 'NONE', #5725, 1000.000000000000000 ) ;
#11173 = PLANE ( 'NONE',  #12223 ) ;
#11174 = FACE_BOUND ( 'NONE', #2331, .T. ) ;
#11175 = PLANE ( 'NONE',  #11599 ) ;
#11176 = VECTOR ( 'NONE', #4414, 1000.000000000000000 ) ;
#11177 = CARTESIAN_POINT ( 'NONE',  ( 38.24999999999982947, -5.000000000000004441, -23.00000000000000355 ) ) ;
#11178 = ORIENTED_EDGE ( 'NONE', *, *, #1877, .F. ) ;
#11179 = AXIS2_PLACEMENT_3D ( 'NONE', #11654, #542, #10654 ) ;
#11180 = CIRCLE ( 'NONE', #1417, 4.000000000000000000 ) ;
#11181 = AXIS2_PLACEMENT_3D ( 'NONE', #8336, #10401, #4277 ) ;
#11182 = PLANE ( 'NONE',  #3113 ) ;
#11183 = AXIS2_PLACEMENT_3D ( 'NONE', #8768, #5934, #2751 ) ;
#11184 = VERTEX_POINT ( 'NONE', #5310 ) ;
#11185 = EDGE_LOOP ( 'NONE', ( #9694, #7695, #9632, #3662 ) ) ;
#11186 = ORIENTED_EDGE ( 'NONE', *, *, #5094, .T. ) ;
#11187 = DIRECTION ( 'NONE',  ( 0.000000000000000000, 0.000000000000000000, -1.000000000000000000 ) ) ;
#11188 = CARTESIAN_POINT ( 'NONE',  ( -60.90000000000003411, 26.99999999999999289, 58.00000000000000000 ) ) ;
#11189 = CARTESIAN_POINT ( 'NONE',  ( 49.40000000000004832, 26.99999999999999289, 48.00000000000000000 ) ) ;
#11190 = AXIS2_PLACEMENT_3D ( 'NONE', #8158, #6228, #1740 ) ;
#11191 = EDGE_CURVE ( 'NONE', #10080, #3949, #6368, .T. ) ;
#11192 = DIRECTION ( 'NONE',  ( 0.000000000000000000, -0.4224229034221534951, -0.9063988584858202469 ) ) ;
#11193 = VECTOR ( 'NONE', #12938, 1000.000000000000000 ) ;
#11194 = FACE_OUTER_BOUND ( 'NONE', #1835, .T. ) ;
#11195 = ORIENTED_EDGE ( 'NONE', *, *, #1523, .T. ) ;
#11196 = CIRCLE ( 'NONE', #12226, 1.500000000000004885 ) ;
#11197 = DIRECTION ( 'NONE',  ( 0.000000000000000000, 4.336808689942017243E-16, 1.000000000000000000 ) ) ;
#11198 = CIRCLE ( 'NONE', #8230, 4.000000000000000000 ) ;
#11199 = CYLINDRICAL_SURFACE ( 'NONE', #4887, 4.000000000000003553 ) ;
#11200 = EDGE_CURVE ( 'NONE', #5738, #10218, #11336, .T. ) ;
#11201 = ORIENTED_EDGE ( 'NONE', *, *, #866, .F. ) ;
#11202 = CARTESIAN_POINT ( 'NONE',  ( 0.000000000000000000, 26.99999999999999289, 32.39999999999999858 ) ) ;
#11203 = VECTOR ( 'NONE', #5028, 1000.000000000000000 ) ;
#11204 = AXIS2_PLACEMENT_3D ( 'NONE', #12995, #3893, #7949 ) ;
#11205 = ORIENTED_EDGE ( 'NONE', *, *, #4299, .F. ) ;
#11206 = EDGE_LOOP ( 'NONE', ( #12545, #9907 ) ) ;
#11207 = LINE ( 'NONE', #8213, #2729 ) ;
#11208 = VECTOR ( 'NONE', #6096, 1000.000000000000000 ) ;
#11209 = DIRECTION ( 'NONE',  ( 1.000000000000000000, 0.000000000000000000, 0.000000000000000000 ) ) ;
#11210 = AXIS2_PLACEMENT_3D ( 'NONE', #7799, #7059, #1949 ) ;
#11211 = DIRECTION ( 'NONE',  ( 0.000000000000000000, 0.000000000000000000, -1.000000000000000000 ) ) ;
#11212 = EDGE_CURVE ( 'NONE', #1103, #10847, #6299, .T. ) ;
#11213 = DIRECTION ( 'NONE',  ( -0.000000000000000000, 1.000000000000000000, 3.154042683594194134E-16 ) ) ;
#11214 = PLANE ( 'NONE',  #8190 ) ;
#11215 = ORIENTED_EDGE ( 'NONE', *, *, #5603, .F. ) ;
#11216 = AXIS2_PLACEMENT_3D ( 'NONE', #12388, #4367, #11233 ) ;
#11217 = CARTESIAN_POINT ( 'NONE',  ( -36.00000000000002842, 29.99999999999999289, 18.20000000000000284 ) ) ;
#11218 = ORIENTED_EDGE ( 'NONE', *, *, #12150, .T. ) ;
#11219 = VECTOR ( 'NONE', #6874, 1000.000000000000000 ) ;
#11220 = ORIENTED_EDGE ( 'NONE', *, *, #8254, .T. ) ;
#11221 = VECTOR ( 'NONE', #11825, 1000.000000000000000 ) ;
#11222 = VERTEX_POINT ( 'NONE', #297 ) ;
#11223 = VECTOR ( 'NONE', #4716, 1000.000000000000000 ) ;
#11224 = DIRECTION ( 'NONE',  ( 0.000000000000000000, 0.000000000000000000, 1.000000000000000000 ) ) ;
#11225 = DIRECTION ( 'NONE',  ( 0.000000000000000000, 0.000000000000000000, 1.000000000000000000 ) ) ;
#11226 = CARTESIAN_POINT ( 'NONE',  ( 0.000000000000000000, 26.99999999999999289, 58.00000000000000000 ) ) ;
#11227 = DIRECTION ( 'NONE',  ( -1.000000000000000000, 0.000000000000000000, 0.000000000000000000 ) ) ;
#11228 = VECTOR ( 'NONE', #4944, 1000.000000000000000 ) ;
#11229 = ADVANCED_FACE ( 'NONE', ( #2513 ), #10420, .F. ) ;
#11230 = CARTESIAN_POINT ( 'NONE',  ( -36.00000000000002842, 26.99999999999999289, -5.097962868176746799E-15 ) ) ;
#11231 = CARTESIAN_POINT ( 'NONE',  ( -90.00000000000005684, -30.00000000000000711, -40.00000000000000000 ) ) ;
#11232 = CARTESIAN_POINT ( 'NONE',  ( 23.00000000000002487, 5.749999999999992895, -33.25000000000000000 ) ) ;
#11233 = DIRECTION ( 'NONE',  ( 0.000000000000000000, 1.000000000000000000, 0.000000000000000000 ) ) ;
#11234 = AXIS2_PLACEMENT_3D ( 'NONE', #1149, #28, #12119 ) ;
#11235 = EDGE_CURVE ( 'NONE', #3422, #8017, #13096, .T. ) ;
#11236 = CARTESIAN_POINT ( 'NONE',  ( 31.00000000000003908, 26.99999999999999289, -4.999999999999999112 ) ) ;
#11237 = EDGE_LOOP ( 'NONE', ( #10270, #11479, #8746, #7597, #100 ) ) ;
#11238 = ORIENTED_EDGE ( 'NONE', *, *, #2191, .F. ) ;
#11239 = ORIENTED_EDGE ( 'NONE', *, *, #5288, .T. ) ;
#11240 = ORIENTED_EDGE ( 'NONE', *, *, #12806, .F. ) ;
#11241 = ORIENTED_EDGE ( 'NONE', *, *, #8317, .T. ) ;
#11242 = CARTESIAN_POINT ( 'NONE',  ( -20.00000000000003197, 14.24999999999999822, -2.999999999999991562 ) ) ;
#11243 = CARTESIAN_POINT ( 'NONE',  ( -70.00000000000000000, 19.99999999999998934, -17.59999999999999432 ) ) ;
#11244 = CARTESIAN_POINT ( 'NONE',  ( 0.000000000000000000, 26.99999999999999289, -7.000000000000000000 ) ) ;
#11245 = CARTESIAN_POINT ( 'NONE',  ( 17.99999999999980815, 23.24999999999999289, -39.25000000000026290 ) ) ;
#11246 = DIRECTION ( 'NONE',  ( 0.000000000000000000, 0.000000000000000000, 1.000000000000000000 ) ) ;
#11247 = CARTESIAN_POINT ( 'NONE',  ( 38.24999999999982947, -5.000000000000004441, -22.50000000000000355 ) ) ;
#11248 = EDGE_CURVE ( 'NONE', #3047, #12062, #11538, .T. ) ;
#11249 = CARTESIAN_POINT ( 'NONE',  ( 68.37499999999988631, -30.00000000000000711, -40.00000000000000000 ) ) ;
#11250 = EDGE_CURVE ( 'NONE', #10785, #8715, #2433, .T. ) ;
#11251 = ADVANCED_FACE ( 'NONE', ( #12858 ), #4847, .F. ) ;
#11252 = ORIENTED_EDGE ( 'NONE', *, *, #3120, .T. ) ;
#11253 = ORIENTED_EDGE ( 'NONE', *, *, #12803, .F. ) ;
#11254 = LINE ( 'NONE', #2154, #5873 ) ;
#11255 = DIRECTION ( 'NONE',  ( -1.000000000000000000, 0.000000000000000000, 0.000000000000000000 ) ) ;
#11256 = DIRECTION ( 'NONE',  ( -1.000000000000000000, 0.000000000000000000, 0.000000000000000000 ) ) ;
#11257 = CARTESIAN_POINT ( 'NONE',  ( 60.90000000000003411, 29.99999999999999289, -0.000000000000000000 ) ) ;
#11258 = CARTESIAN_POINT ( 'NONE',  ( 36.00000000000003553, 26.99999999999999289, 44.60000000000000142 ) ) ;
#11259 = DIRECTION ( 'NONE',  ( -1.000000000000000000, 0.000000000000000000, 0.000000000000000000 ) ) ;
#11260 = EDGE_LOOP ( 'NONE', ( #7403, #5372, #10846, #7974 ) ) ;
#11261 = CARTESIAN_POINT ( 'NONE',  ( 85.99999999999994316, -26.00000000000000711, 6.000000000000000000 ) ) ;
#11262 = EDGE_CURVE ( 'NONE', #5777, #6851, #6832, .T. ) ;
#11263 = PLANE ( 'NONE',  #4664 ) ;
#11264 = ORIENTED_EDGE ( 'NONE', *, *, #635, .F. ) ;
#11265 = CARTESIAN_POINT ( 'NONE',  ( 28.74999999999982947, -30.00000000000000711, 5.999999999999998224 ) ) ;
#11266 = ORIENTED_EDGE ( 'NONE', *, *, #1904, .T. ) ;
#11267 = ORIENTED_EDGE ( 'NONE', *, *, #4525, .F. ) ;
#11268 = DIRECTION ( 'NONE',  ( -3.469446951953614189E-16, -1.000000000000000000, 0.000000000000000000 ) ) ;
#11269 = DIRECTION ( 'NONE',  ( -1.000000000000000000, -0.000000000000000000, -0.000000000000000000 ) ) ;
#11270 = DIRECTION ( 'NONE',  ( -0.000000000000000000, -1.000000000000000000, -0.000000000000000000 ) ) ;
#11271 = LINE ( 'NONE', #12257, #1647 ) ;
#11272 = PLANE ( 'NONE',  #10524 ) ;
#11273 = ORIENTED_EDGE ( 'NONE', *, *, #11136, .T. ) ;
#11274 = EDGE_CURVE ( 'NONE', #4641, #3234, #3905, .T. ) ;
#11275 = ORIENTED_EDGE ( 'NONE', *, *, #185, .F. ) ;
#11276 = ORIENTED_EDGE ( 'NONE', *, *, #10017, .F. ) ;
#11277 = EDGE_CURVE ( 'NONE', #2987, #3622, #3700, .T. ) ;
#11278 = EDGE_LOOP ( 'NONE', ( #4069, #10641, #3658, #9508 ) ) ;
#11279 = CARTESIAN_POINT ( 'NONE',  ( 34.00000000000002842, 26.99999999999999289, 30.39999999999999858 ) ) ;
#11280 = DIRECTION ( 'NONE',  ( 0.000000000000000000, -1.000000000000000000, 0.000000000000000000 ) ) ;
#11281 = LINE ( 'NONE', #3383, #7994 ) ;
#11282 = FACE_BOUND ( 'NONE', #421, .T. ) ;
#11283 = EDGE_CURVE ( 'NONE', #6666, #8820, #6626, .T. ) ;
#11284 = CARTESIAN_POINT ( 'NONE',  ( 46.00000000000004974, 26.99999999999999289, 42.59999999999999432 ) ) ;
#11285 = FACE_OUTER_BOUND ( 'NONE', #6636, .T. ) ;
#11286 = EDGE_CURVE ( 'NONE', #3930, #3645, #1771, .T. ) ;
#11287 = LINE ( 'NONE', #11102, #4623 ) ;
#11288 = CARTESIAN_POINT ( 'NONE',  ( 23.74999999999982947, -15.00000000000001243, 56.14999999999999858 ) ) ;
#11289 = DIRECTION ( 'NONE',  ( 0.000000000000000000, 1.000000000000000000, 0.000000000000000000 ) ) ;
#11290 = ORIENTED_EDGE ( 'NONE', *, *, #7891, .T. ) ;
#11291 = VERTEX_POINT ( 'NONE', #5771 ) ;
#11292 = EDGE_LOOP ( 'NONE', ( #6311, #2508, #10998, #7261, #3993, #9142, #8357, #8770, #4896, #6552, #5653, #8827, #7534, #6590 ) ) ;
#11293 = EDGE_CURVE ( 'NONE', #891, #279, #12233, .T. ) ;
#11294 = EDGE_CURVE ( 'NONE', #6620, #9414, #6524, .T. ) ;
#11295 = EDGE_LOOP ( 'NONE', ( #6650, #5815, #10469, #513 ) ) ;
#11296 = LINE ( 'NONE', #11354, #9680 ) ;
#11297 = LINE ( 'NONE', #7293, #13047 ) ;
#11298 = EDGE_CURVE ( 'NONE', #10488, #5231, #803, .T. ) ;
#11299 = ADVANCED_FACE ( 'NONE', ( #5622 ), #7689, .F. ) ;
#11300 = DIRECTION ( 'NONE',  ( 0.000000000000000000, -0.000000000000000000, 1.000000000000000000 ) ) ;
#11301 = CARTESIAN_POINT ( 'NONE',  ( 36.00000000000002842, 26.99999999999999289, -5.097962868176746799E-15 ) ) ;
#11302 = CYLINDRICAL_SURFACE ( 'NONE', #8662, 2.000000000000000888 ) ;
#11303 = ORIENTED_EDGE ( 'NONE', *, *, #4166, .F. ) ;
#11304 = DIRECTION ( 'NONE',  ( 0.000000000000000000, -0.4224229034221534396, 0.9063988584858203579 ) ) ;
#11305 = EDGE_CURVE ( 'NONE', #2345, #3474, #7161, .T. ) ;
#11306 = ORIENTED_EDGE ( 'NONE', *, *, #10602, .F. ) ;
#11307 = EDGE_LOOP ( 'NONE', ( #11323, #5186, #12104, #12725 ) ) ;
#11308 = VERTEX_POINT ( 'NONE', #12730 ) ;
#11309 = EDGE_CURVE ( 'NONE', #11977, #3711, #581, .T. ) ;
#11310 = CARTESIAN_POINT ( 'NONE',  ( -34.00000000000002842, 26.99999999999999289, 6.000000000000006217 ) ) ;
#11311 = DIRECTION ( 'NONE',  ( 0.000000000000000000, -1.000000000000000000, -0.000000000000000000 ) ) ;
#11312 = LINE ( 'NONE', #11188, #9904 ) ;
#11313 = LINE ( 'NONE', #8384, #9468 ) ;
#11314 = CARTESIAN_POINT ( 'NONE',  ( -28.75000000000000355, 46.53389883268479110, 10.01438132295725936 ) ) ;
#11315 = EDGE_CURVE ( 'NONE', #11107, #11222, #10680, .T. ) ;
#11316 = LINE ( 'NONE', #2216, #3119 ) ;
#11317 = ORIENTED_EDGE ( 'NONE', *, *, #10026, .F. ) ;
#11318 = CARTESIAN_POINT ( 'NONE',  ( 46.00000000000004263, 26.99999999999999289, 0.000000000000000000 ) ) ;
#11319 = DIRECTION ( 'NONE',  ( 0.000000000000000000, 0.000000000000000000, -1.000000000000000000 ) ) ;
#11320 = EDGE_LOOP ( 'NONE', ( #1063, #10231, #7460, #10946, #2739, #6768, #2728, #5123, #7192, #2661, #6883, #7255, #7416 ) ) ;
#11321 = LINE ( 'NONE', #3419, #4805 ) ;
#11322 = VERTEX_POINT ( 'NONE', #11744 ) ;
#11323 = ORIENTED_EDGE ( 'NONE', *, *, #2564, .F. ) ;
#11324 = CARTESIAN_POINT ( 'NONE',  ( -58.25000000000019185, -20.49999999999991473, 21.00000000000000355 ) ) ;
#11325 = CARTESIAN_POINT ( 'NONE',  ( 0.000000000000000000, 29.99999999999999289, 30.39999999999999858 ) ) ;
#11326 = LINE ( 'NONE', #1298, #332 ) ;
#11327 = DIRECTION ( 'NONE',  ( -1.000000000000000000, 0.000000000000000000, -0.000000000000000000 ) ) ;
#11328 = DIRECTION ( 'NONE',  ( 1.000000000000000000, -0.000000000000000000, 0.000000000000000000 ) ) ;
#11329 = EDGE_LOOP ( 'NONE', ( #9791, #12047, #7444, #2598 ) ) ;
#11330 = CARTESIAN_POINT ( 'NONE',  ( 36.00000000000003553, 29.99999999999999289, 42.60000000000000142 ) ) ;
#11331 = ORIENTED_EDGE ( 'NONE', *, *, #732, .T. ) ;
#11332 = ORIENTED_EDGE ( 'NONE', *, *, #8771, .F. ) ;
#11333 = PLANE ( 'NONE',  #2241 ) ;
#11334 = ORIENTED_EDGE ( 'NONE', *, *, #6007, .T. ) ;
#11335 = AXIS2_PLACEMENT_3D ( 'NONE', #3984, #11342, #4176 ) ;
#11336 = LINE ( 'NONE', #2239, #5682 ) ;
#11337 = EDGE_CURVE ( 'NONE', #67, #2252, #2639, .T. ) ;
#11338 = PLANE ( 'NONE',  #8612 ) ;
#11339 = CYLINDRICAL_SURFACE ( 'NONE', #3527, 1.500000000000001332 ) ;
#11340 = CARTESIAN_POINT ( 'NONE',  ( 20.00000000000003197, 14.24999999999999822, -2.999999999999996003 ) ) ;
#11341 = ADVANCED_FACE ( 'NONE', ( #1635, #9757, #8747 ), #5705, .F. ) ;
#11342 = DIRECTION ( 'NONE',  ( 1.000000000000000000, -0.000000000000000000, -0.000000000000000000 ) ) ;
#11343 = VERTEX_POINT ( 'NONE', #12789 ) ;
#11344 = DIRECTION ( 'NONE',  ( -0.000000000000000000, -1.000000000000000000, -0.000000000000000000 ) ) ;
#11345 = VECTOR ( 'NONE', #8927, 1000.000000000000000 ) ;
#11346 = CARTESIAN_POINT ( 'NONE',  ( 9.499999999999905853, 23.24999999999999289, -39.25000000000014211 ) ) ;
#11347 = DIRECTION ( 'NONE',  ( -0.000000000000000000, 0.000000000000000000, 1.000000000000000000 ) ) ;
#11348 = ORIENTED_EDGE ( 'NONE', *, *, #9174, .F. ) ;
#11349 = VERTEX_POINT ( 'NONE', #11808 ) ;
#11350 = ORIENTED_EDGE ( 'NONE', *, *, #9861, .F. ) ;
#11351 = AXIS2_PLACEMENT_3D ( 'NONE', #11029, #5772, #2793 ) ;
#11352 = ORIENTED_EDGE ( 'NONE', *, *, #10070, .T. ) ;
#11353 = VECTOR ( 'NONE', #3964, 1000.000000000000000 ) ;
#11354 = CARTESIAN_POINT ( 'NONE',  ( -28.74999999999999645, -52.50000000000000711, 10.00000000000000000 ) ) ;
#11355 = DIRECTION ( 'NONE',  ( -0.000000000000000000, 1.000000000000000000, -0.000000000000000000 ) ) ;
#11356 = AXIS2_PLACEMENT_3D ( 'NONE', #6918, #3999, #3006 ) ;
#11357 = DIRECTION ( 'NONE',  ( 0.000000000000000000, 0.000000000000000000, -1.000000000000000000 ) ) ;
#11358 = DIRECTION ( 'NONE',  ( 1.000000000000000000, -0.000000000000000000, -0.000000000000000000 ) ) ;
#11359 = EDGE_CURVE ( 'NONE', #4094, #4641, #10824, .T. ) ;
#11360 = LINE ( 'NONE', #6195, #4779 ) ;
#11361 = EDGE_CURVE ( 'NONE', #7222, #4733, #11207, .T. ) ;
#11362 = DIRECTION ( 'NONE',  ( 1.000000000000000000, 0.000000000000000000, 1.387778780781445676E-16 ) ) ;
#11363 = VECTOR ( 'NONE', #5871, 1000.000000000000000 ) ;
#11364 = CARTESIAN_POINT ( 'NONE',  ( -18.75000000000000355, -30.00000000000001066, 60.00000000000000711 ) ) ;
#11365 = ORIENTED_EDGE ( 'NONE', *, *, #1137, .F. ) ;
#11366 = AXIS2_PLACEMENT_3D ( 'NONE', #8403, #9459, #8151 ) ;
#11367 = LINE ( 'NONE', #4468, #7379 ) ;
#11368 = ORIENTED_EDGE ( 'NONE', *, *, #2613, .T. ) ;
#11369 = EDGE_LOOP ( 'NONE', ( #1169, #8992, #2802, #11252 ) ) ;
#11370 = EDGE_CURVE ( 'NONE', #8362, #10110, #13125, .T. ) ;
#11371 = LINE ( 'NONE', #6334, #9266 ) ;
#11372 = ORIENTED_EDGE ( 'NONE', *, *, #12896, .F. ) ;
#11373 = CIRCLE ( 'NONE', #12203, 3.999999999999996447 ) ;
#11374 = VERTEX_POINT ( 'NONE', #13049 ) ;
#11375 = AXIS2_PLACEMENT_3D ( 'NONE', #398, #9700, #12537 ) ;
#11376 = CARTESIAN_POINT ( 'NONE',  ( 0.000000000000000000, 26.99999999999999289, 45.99999999999999289 ) ) ;
#11377 = DIRECTION ( 'NONE',  ( 0.000000000000000000, 0.000000000000000000, -1.000000000000000000 ) ) ;
#11378 = CARTESIAN_POINT ( 'NONE',  ( -40.00000000000000711, -20.00000000000000711, 0.000000000000000000 ) ) ;
#11379 = CARTESIAN_POINT ( 'NONE',  ( -23.75000000000000000, 10.50000000000008527, 19.50000000000000355 ) ) ;
#11380 = EDGE_CURVE ( 'NONE', #8872, #10080, #3094, .T. ) ;
#11381 = LINE ( 'NONE', #1221, #8207 ) ;
#11382 = MANIFOLD_SOLID_BREP ( 'Enl\X2\00e8\X0\v. mat.-Extru.11', #1811 ) ;
#11383 = VERTEX_POINT ( 'NONE', #7140 ) ;
#11384 = VECTOR ( 'NONE', #11711, 1000.000000000000000 ) ;
#11385 = LINE ( 'NONE', #3967, #9491 ) ;
#11386 = ORIENTED_EDGE ( 'NONE', *, *, #6577, .F. ) ;
#11387 = VECTOR ( 'NONE', #10479, 1000.000000000000000 ) ;
#11388 = AXIS2_PLACEMENT_3D ( 'NONE', #2828, #11976, #2886 ) ;
#11389 = DIRECTION ( 'NONE',  ( 0.000000000000000000, -0.000000000000000000, 1.000000000000000000 ) ) ;
#11390 = VECTOR ( 'NONE', #9608, 1000.000000000000000 ) ;
#11391 = VECTOR ( 'NONE', #12142, 1000.000000000000000 ) ;
#11392 = DIRECTION ( 'NONE',  ( 1.000000000000000000, 0.000000000000000000, 0.000000000000000000 ) ) ;
#11393 = ORIENTED_EDGE ( 'NONE', *, *, #8355, .F. ) ;
#11394 = VERTEX_POINT ( 'NONE', #9957 ) ;
#11395 = AXIS2_PLACEMENT_3D ( 'NONE', #11695, #10692, #9698 ) ;
#11396 = DIRECTION ( 'NONE',  ( 0.000000000000000000, 0.000000000000000000, -1.000000000000000000 ) ) ;
#11397 = AXIS2_PLACEMENT_3D ( 'NONE', #9582, #4409, #9434 ) ;
#11398 = VECTOR ( 'NONE', #6997, 1000.000000000000000 ) ;
#11399 = DIRECTION ( 'NONE',  ( 0.000000000000000000, 0.000000000000000000, -1.000000000000000000 ) ) ;
#11400 = CARTESIAN_POINT ( 'NONE',  ( -14.29999999999999005, -45.50000000000000711, 51.00000000000000000 ) ) ;
#11401 = CARTESIAN_POINT ( 'NONE',  ( -23.74999999999998934, 3.000000000000092815, 60.00000000000000711 ) ) ;
#11402 = VECTOR ( 'NONE', #2625, 1000.000000000000000 ) ;
#11403 = EDGE_CURVE ( 'NONE', #2987, #5959, #3784, .T. ) ;
#11404 = DIRECTION ( 'NONE',  ( 0.9486832980505138790, 0.3162277660168377746, -0.000000000000000000 ) ) ;
#11405 = AXIS2_PLACEMENT_3D ( 'NONE', #5844, #790, #4857 ) ;
#11406 = VERTEX_POINT ( 'NONE', #10012 ) ;
#11407 = CARTESIAN_POINT ( 'NONE',  ( 0.000000000000000000, 25.99999999999999289, 60.00000000000000711 ) ) ;
#11408 = DIRECTION ( 'NONE',  ( -8.673617379884035472E-16, 0.000000000000000000, -1.000000000000000000 ) ) ;
#11409 = AXIS2_PLACEMENT_3D ( 'NONE', #9549, #8547, #239 ) ;
#11410 = EDGE_CURVE ( 'NONE', #285, #4820, #856, .T. ) ;
#11411 = EDGE_LOOP ( 'NONE', ( #3505, #8097, #794, #7909 ) ) ;
#11412 = AXIS2_PLACEMENT_3D ( 'NONE', #11511, #8520, #4533 ) ;
#11413 = ORIENTED_EDGE ( 'NONE', *, *, #9239, .F. ) ;
#11414 = EDGE_CURVE ( 'NONE', #13060, #3645, #10208, .T. ) ;
#11415 = FACE_OUTER_BOUND ( 'NONE', #8334, .T. ) ;
#11416 = ORIENTED_EDGE ( 'NONE', *, *, #2733, .T. ) ;
#11417 = VECTOR ( 'NONE', #9011, 1000.000000000000000 ) ;
#11418 = VECTOR ( 'NONE', #523, 1000.000000000000000 ) ;
#11419 = DIRECTION ( 'NONE',  ( 1.000000000000000000, 0.000000000000000000, 0.000000000000000000 ) ) ;
#11420 = DIRECTION ( 'NONE',  ( 0.000000000000000000, 0.000000000000000000, -1.000000000000000000 ) ) ;
#11421 = CARTESIAN_POINT ( 'NONE',  ( 18.75000000000001066, -43.50000000000000711, 46.99999999999998579 ) ) ;
#11422 = DIRECTION ( 'NONE',  ( 0.000000000000000000, -1.000000000000000000, 0.000000000000000000 ) ) ;
#11423 = LINE ( 'NONE', #6372, #9428 ) ;
#11424 = VECTOR ( 'NONE', #560, 1000.000000000000000 ) ;
#11425 = EDGE_LOOP ( 'NONE', ( #7539, #12925 ) ) ;
#11426 = DIRECTION ( 'NONE',  ( -1.000000000000000000, 0.000000000000000000, 0.000000000000000000 ) ) ;
#11427 = VECTOR ( 'NONE', #3248, 1000.000000000000000 ) ;
#11428 = DIRECTION ( 'NONE',  ( 0.000000000000000000, 1.000000000000000000, 0.000000000000000000 ) ) ;
#11429 = CARTESIAN_POINT ( 'NONE',  ( -18.75000000000001066, -52.50000000000000711, 60.00000000000000711 ) ) ;
#11430 = ORIENTED_EDGE ( 'NONE', *, *, #1164, .F. ) ;
#11431 = ORIENTED_EDGE ( 'NONE', *, *, #10924, .F. ) ;
#11432 = ORIENTED_EDGE ( 'NONE', *, *, #3029, .T. ) ;
#11433 = EDGE_CURVE ( 'NONE', #11184, #10434, #12991, .T. ) ;
#11434 = VECTOR ( 'NONE', #511, 1000.000000000000000 ) ;
#11435 = ORIENTED_EDGE ( 'NONE', *, *, #2662, .T. ) ;
#11436 = AXIS2_PLACEMENT_3D ( 'NONE', #9321, #23, #1141 ) ;
#11437 = CARTESIAN_POINT ( 'NONE',  ( 23.75000000000000000, 2.342223637263885949E-13, 67.51000000000000512 ) ) ;
#11438 = CARTESIAN_POINT ( 'NONE',  ( -70.00000000000000000, 29.99999999999999289, -15.00000000000000711 ) ) ;
#11439 = LINE ( 'NONE', #2336, #10508 ) ;
#11440 = CARTESIAN_POINT ( 'NONE',  ( -90.00000000000005684, -30.00000000000000711, 5.999999999999998224 ) ) ;
#11441 = AXIS2_PLACEMENT_3D ( 'NONE', #710, #8950, #3828 ) ;
#11442 = CARTESIAN_POINT ( 'NONE',  ( -40.00000000000000711, 19.99999999999999289, -40.00000000000000000 ) ) ;
#11443 = CARTESIAN_POINT ( 'NONE',  ( 28.75000000000000355, 29.99999999999999289, 10.00000000000000000 ) ) ;
#11444 = CARTESIAN_POINT ( 'NONE',  ( 85.99999999999994316, 25.99999999999998934, -40.00000000000000000 ) ) ;
#11445 = CARTESIAN_POINT ( 'NONE',  ( -49.40000000000004832, 29.99999999999999289, 48.00000000000000000 ) ) ;
#11446 = ORIENTED_EDGE ( 'NONE', *, *, #6177, .T. ) ;
#11447 = ORIENTED_EDGE ( 'NONE', *, *, #10219, .T. ) ;
#11448 = CIRCLE ( 'NONE', #11234, 3.500000000000008438 ) ;
#11449 = EDGE_CURVE ( 'NONE', #11141, #10806, #11995, .T. ) ;
#11450 = ORIENTED_EDGE ( 'NONE', *, *, #3916, .T. ) ;
#11451 = ORIENTED_EDGE ( 'NONE', *, *, #8147, .F. ) ;
#11452 = CARTESIAN_POINT ( 'NONE',  ( 38.24999999999982947, -28.00000000000000355, -11.00000000000000178 ) ) ;
#11453 = CARTESIAN_POINT ( 'NONE',  ( 44.00000000000003553, 29.99999999999999289, -6.230843505549355095E-15 ) ) ;
#11454 = CARTESIAN_POINT ( 'NONE',  ( 23.74999999999983658, -14.99999999999999112, 13.85000000000000853 ) ) ;
#11455 = DIRECTION ( 'NONE',  ( 0.000000000000000000, -1.000000000000000000, 0.000000000000000000 ) ) ;
#11456 = FACE_OUTER_BOUND ( 'NONE', #7600, .T. ) ;
#11457 = ORIENTED_EDGE ( 'NONE', *, *, #1390, .T. ) ;
#11458 = EDGE_CURVE ( 'NONE', #9058, #11308, #5966, .T. ) ;
#11459 = FACE_OUTER_BOUND ( 'NONE', #11185, .T. ) ;
#11460 = CARTESIAN_POINT ( 'NONE',  ( 66.00000000000002842, 25.99999999999999289, 56.00000000000000711 ) ) ;
#11461 = CARTESIAN_POINT ( 'NONE',  ( 38.74999999999983658, -5.000000000000004441, -11.50000000000000355 ) ) ;
#11462 = ADVANCED_FACE ( 'NONE', ( #5151 ), #9197, .T. ) ;
#11463 = ADVANCED_FACE ( 'NONE', ( #2978 ), #9080, .F. ) ;
#11464 = ORIENTED_EDGE ( 'NONE', *, *, #4310, .T. ) ;
#11465 = ORIENTED_EDGE ( 'NONE', *, *, #11080, .T. ) ;
#11466 = CARTESIAN_POINT ( 'NONE',  ( 0.000000000000000000, 26.99999999999999289, 56.00000000000000000 ) ) ;
#11467 = CARTESIAN_POINT ( 'NONE',  ( 44.00000000000003553, 26.99999999999999289, 5.999999999999999112 ) ) ;
#11468 = FACE_OUTER_BOUND ( 'NONE', #10593, .T. ) ;
#11469 = CARTESIAN_POINT ( 'NONE',  ( 42.00000000000001421, 26.99999999999999289, -5.000000000000000000 ) ) ;
#11470 = EDGE_CURVE ( 'NONE', #12207, #11135, #4084, .T. ) ;
#11471 = CARTESIAN_POINT ( 'NONE',  ( -47.40000000000004121, 26.99999999999999289, 0.000000000000000000 ) ) ;
#11472 = DIRECTION ( 'NONE',  ( 1.000000000000000000, -0.000000000000000000, -0.000000000000000000 ) ) ;
#11473 = ORIENTED_EDGE ( 'NONE', *, *, #7793, .T. ) ;
#11474 = ADVANCED_FACE ( 'NONE', ( #4149 ), #2845, .F. ) ;
#11475 = CARTESIAN_POINT ( 'NONE',  ( 20.00000000000003197, 14.24999999999999822, -2.999999999999996003 ) ) ;
#11476 = ORIENTED_EDGE ( 'NONE', *, *, #1986, .T. ) ;
#11477 = EDGE_LOOP ( 'NONE', ( #6916, #1933, #6030, #8130 ) ) ;
#11478 = CYLINDRICAL_SURFACE ( 'NONE', #3100, 2.599999999999989431 ) ;
#11479 = ORIENTED_EDGE ( 'NONE', *, *, #11277, .T. ) ;
#11480 = EDGE_CURVE ( 'NONE', #13081, #4611, #10336, .T. ) ;
#11481 = ORIENTED_EDGE ( 'NONE', *, *, #10323, .T. ) ;
#11482 = CARTESIAN_POINT ( 'NONE',  ( -28.74999999999999645, -20.49999999999991473, 21.00000000000000355 ) ) ;
#11483 = CYLINDRICAL_SURFACE ( 'NONE', #3534, 4.000000000000000000 ) ;
#11484 = DIRECTION ( 'NONE',  ( 0.000000000000000000, 1.000000000000000000, 0.000000000000000000 ) ) ;
#11485 = EDGE_CURVE ( 'NONE', #3846, #7917, #4425, .T. ) ;
#11486 = DIRECTION ( 'NONE',  ( -0.000000000000000000, -0.000000000000000000, -1.000000000000000000 ) ) ;
#11487 = EDGE_CURVE ( 'NONE', #285, #8701, #429, .T. ) ;
#11488 = VERTEX_POINT ( 'NONE', #5410 ) ;
#11489 = EDGE_CURVE ( 'NONE', #11537, #1506, #2362, .T. ) ;
#11490 = DIRECTION ( 'NONE',  ( 0.000000000000000000, -1.000000000000000000, 0.000000000000000000 ) ) ;
#11491 = CARTESIAN_POINT ( 'NONE',  ( 36.03151427300072385, -28.00000000000000355, 5.705922261490953495 ) ) ;
#11492 = CARTESIAN_POINT ( 'NONE',  ( 18.75000000000001066, -43.50000000000000711, 51.00000000000000000 ) ) ;
#11493 = ORIENTED_EDGE ( 'NONE', *, *, #6052, .T. ) ;
#11494 = ORIENTED_EDGE ( 'NONE', *, *, #4119, .F. ) ;
#11495 = ORIENTED_EDGE ( 'NONE', *, *, #11028, .T. ) ;
#11496 = FACE_OUTER_BOUND ( 'NONE', #9654, .T. ) ;
#11497 = DIRECTION ( 'NONE',  ( 0.000000000000000000, 0.000000000000000000, 1.000000000000000000 ) ) ;
#11498 = CARTESIAN_POINT ( 'NONE',  ( 0.000000000000000000, 26.99999999999999289, 48.00000000000000000 ) ) ;
#11499 = LINE ( 'NONE', #3327, #7505 ) ;
#11500 = EDGE_CURVE ( 'NONE', #1538, #11618, #2170, .T. ) ;
#11501 = DIRECTION ( 'NONE',  ( -1.000000000000000000, 0.000000000000000000, 0.000000000000000000 ) ) ;
#11502 = CARTESIAN_POINT ( 'NONE',  ( 46.37499999999989342, -30.00000000000000711, -17.00000000000000000 ) ) ;
#11503 = ORIENTED_EDGE ( 'NONE', *, *, #10606, .F. ) ;
#11504 = DIRECTION ( 'NONE',  ( -0.000000000000000000, -1.000000000000000000, 0.000000000000000000 ) ) ;
#11505 = ORIENTED_EDGE ( 'NONE', *, *, #10851, .T. ) ;
#11506 = ORIENTED_EDGE ( 'NONE', *, *, #2032, .F. ) ;
#11507 = LINE ( 'NONE', #3666, #3554 ) ;
#11508 = VERTEX_POINT ( 'NONE', #280 ) ;
#11509 = ORIENTED_EDGE ( 'NONE', *, *, #10178, .T. ) ;
#11510 = LINE ( 'NONE', #6454, #6058 ) ;
#11511 = CARTESIAN_POINT ( 'NONE',  ( 0.000000000000000000, 0.000000000000000000, 0.000000000000000000 ) ) ;
#11512 = DIRECTION ( 'NONE',  ( 0.000000000000000000, 0.000000000000000000, 1.000000000000000000 ) ) ;
#11513 = CARTESIAN_POINT ( 'NONE',  ( -31.00000000000004619, 29.99999999999999289, 5.377642775528110197E-14 ) ) ;
#11514 = FACE_OUTER_BOUND ( 'NONE', #4499, .T. ) ;
#11515 = DIRECTION ( 'NONE',  ( 0.000000000000000000, 1.000000000000000000, -0.000000000000000000 ) ) ;
#11516 = EDGE_LOOP ( 'NONE', ( #7707, #8437, #11266, #7085 ) ) ;
#11517 = EDGE_CURVE ( 'NONE', #10139, #2900, #3226, .T. ) ;
#11518 = EDGE_CURVE ( 'NONE', #11117, #8852, #10461, .T. ) ;
#11519 = DIRECTION ( 'NONE',  ( -0.000000000000000000, 1.000000000000000000, -0.000000000000000000 ) ) ;
#11520 = CARTESIAN_POINT ( 'NONE',  ( 28.00000000000003197, 29.99999999999999289, -4.999999999999998224 ) ) ;
#11521 = CARTESIAN_POINT ( 'NONE',  ( -28.74999999999999645, -4.999999999999913847, 35.00000000000000000 ) ) ;
#11522 = ORIENTED_EDGE ( 'NONE', *, *, #9340, .F. ) ;
#11523 = EDGE_LOOP ( 'NONE', ( #8145, #3250, #1797, #1981 ) ) ;
#11524 = DIRECTION ( 'NONE',  ( -0.000000000000000000, -1.000000000000000000, -0.000000000000000000 ) ) ;
#11525 = DIRECTION ( 'NONE',  ( -0.000000000000000000, 1.000000000000000000, -0.000000000000000000 ) ) ;
#11526 = CARTESIAN_POINT ( 'NONE',  ( 23.74999999999986500, -14.99999999999991473, 35.00000000000000000 ) ) ;
#11527 = DIRECTION ( 'NONE',  ( 0.000000000000000000, 0.000000000000000000, -1.000000000000000000 ) ) ;
#11528 = CARTESIAN_POINT ( 'NONE',  ( 0.000000000000000000, -52.50000000000000711, 0.000000000000000000 ) ) ;
#11529 = DIRECTION ( 'NONE',  ( -0.000000000000000000, 1.000000000000000000, -0.000000000000000000 ) ) ;
#11530 = ORIENTED_EDGE ( 'NONE', *, *, #5724, .T. ) ;
#11531 = DIRECTION ( 'NONE',  ( 0.000000000000000000, 0.000000000000000000, -1.000000000000000000 ) ) ;
#11532 = ADVANCED_FACE ( 'NONE', ( #6217, #10263, #1349 ), #12434, .F. ) ;
#11533 = LINE ( 'NONE', #5615, #11650 ) ;
#11534 = ORIENTED_EDGE ( 'NONE', *, *, #3095, .T. ) ;
#11535 = ORIENTED_EDGE ( 'NONE', *, *, #3864, .F. ) ;
#11536 = FACE_OUTER_BOUND ( 'NONE', #4051, .T. ) ;
#11537 = VERTEX_POINT ( 'NONE', #3362 ) ;
#11538 = LINE ( 'NONE', #10356, #1630 ) ;
#11539 = DIRECTION ( 'NONE',  ( -1.000000000000000000, -0.000000000000000000, -1.387778780781445676E-16 ) ) ;
#11540 = CARTESIAN_POINT ( 'NONE',  ( 23.74999999999982236, 4.999999999999990230, 60.00000000000000711 ) ) ;
#11541 = DIRECTION ( 'NONE',  ( -1.000000000000000000, 2.434699615406045218E-16, -0.000000000000000000 ) ) ;
#11543 = EDGE_CURVE ( 'NONE', #3455, #9554, #3345, .T. ) ;
#11542 = EDGE_LOOP ( 'NONE', ( #3030, #2572, #3569, #11134 ) ) ;
#11544 = LINE ( 'NONE', #3308, #12026 ) ;
#11545 = CARTESIAN_POINT ( 'NONE',  ( -30.00000000000003553, 19.99999999999999289, -2.999999999999992006 ) ) ;
#11546 = CARTESIAN_POINT ( 'NONE',  ( -23.74999999999998934, 4.999999999999990230, 60.00000000000000711 ) ) ;
#11547 = EDGE_LOOP ( 'NONE', ( #10983, #8810, #11451, #9071 ) ) ;
#11548 = EDGE_LOOP ( 'NONE', ( #481, #423 ) ) ;
#11549 = ORIENTED_EDGE ( 'NONE', *, *, #12540, .F. ) ;
#11550 = VECTOR ( 'NONE', #1727, 1000.000000000000000 ) ;
#11551 = CARTESIAN_POINT ( 'NONE',  ( 60.90000000000004121, 26.99999999999999289, 0.000000000000000000 ) ) ;
#11552 = FACE_OUTER_BOUND ( 'NONE', #11707, .T. ) ;
#11553 = CARTESIAN_POINT ( 'NONE',  ( 23.74999999999982236, 4.999999999999990230, 44.85000000000000142 ) ) ;
#11554 = FACE_OUTER_BOUND ( 'NONE', #2371, .T. ) ;
#11555 = AXIS2_PLACEMENT_3D ( 'NONE', #8301, #1115, #9027 ) ;
#11556 = CARTESIAN_POINT ( 'NONE',  ( -86.00000000000004263, -30.00000000000000711, -40.00000000000000000 ) ) ;
#11557 = CARTESIAN_POINT ( 'NONE',  ( 28.74999999999999645, -52.50000000000000711, 10.00000000000000000 ) ) ;
#11558 = CARTESIAN_POINT ( 'NONE',  ( 85.99999999999994316, 23.99999999999998579, 56.00000000000000711 ) ) ;
#11559 = DIRECTION ( 'NONE',  ( 1.000000000000000000, -0.000000000000000000, -0.000000000000000000 ) ) ;
#11560 = ORIENTED_EDGE ( 'NONE', *, *, #7642, .F. ) ;
#11561 = EDGE_CURVE ( 'NONE', #12109, #6855, #6279, .T. ) ;
#11562 = ORIENTED_EDGE ( 'NONE', *, *, #3283, .T. ) ;
#11563 = VERTEX_POINT ( 'NONE', #3282 ) ;
#11564 = CARTESIAN_POINT ( 'NONE',  ( 0.000000000000000000, 29.99999999999999289, 48.00000000000000000 ) ) ;
#11565 = ORIENTED_EDGE ( 'NONE', *, *, #8605, .T. ) ;
#11566 = DIRECTION ( 'NONE',  ( 1.000000000000000000, -0.000000000000000000, -0.000000000000000000 ) ) ;
#11567 = DIRECTION ( 'NONE',  ( 0.000000000000000000, 0.000000000000000000, 1.000000000000000000 ) ) ;
#11568 = CIRCLE ( 'NONE', #11149, 4.000000000000003553 ) ;
#11569 = CIRCLE ( 'NONE', #12848, 4.000000000000003553 ) ;
#11570 = CARTESIAN_POINT ( 'NONE',  ( 46.00000000000004263, 29.99999999999999289, 20.19999999999999574 ) ) ;
#11571 = LINE ( 'NONE', #11780, #5080 ) ;
#11572 = CARTESIAN_POINT ( 'NONE',  ( 0.000000000000000000, -28.00000000000000355, -23.00000000000000355 ) ) ;
#11573 = AXIS2_PLACEMENT_3D ( 'NONE', #3851, #7845, #11953 ) ;
#11574 = VERTEX_POINT ( 'NONE', #7327 ) ;
#11575 = CARTESIAN_POINT ( 'NONE',  ( -28.75000000000000355, 46.53999999999999204, 10.00000000000000711 ) ) ;
#11576 = ORIENTED_EDGE ( 'NONE', *, *, #7035, .F. ) ;
#11577 = CARTESIAN_POINT ( 'NONE',  ( -14.30000000000000426, 38.26999999999998892, 48.49999999999999289 ) ) ;
#11578 = EDGE_CURVE ( 'NONE', #6151, #1323, #5917, .T. ) ;
#11579 = VECTOR ( 'NONE', #3031, 1000.000000000000000 ) ;
#11580 = VECTOR ( 'NONE', #3005, 1000.000000000000000 ) ;
#11581 = LINE ( 'NONE', #11869, #12875 ) ;
#11582 = ORIENTED_EDGE ( 'NONE', *, *, #1170, .F. ) ;
#11583 = ORIENTED_EDGE ( 'NONE', *, *, #2618, .F. ) ;
#11584 = AXIS2_PLACEMENT_3D ( 'NONE', #6476, #10533, #4432 ) ;
#11585 = ADVANCED_FACE ( 'NONE', ( #5215 ), #225, .T. ) ;
#11586 = FACE_BOUND ( 'NONE', #456, .T. ) ;
#11587 = DIRECTION ( 'NONE',  ( -1.000000000000000000, -0.000000000000000000, -0.000000000000000000 ) ) ;
#11588 = SPHERICAL_SURFACE ( 'NONE', #8874, 4.000000000000000000 ) ;
#11589 = CIRCLE ( 'NONE', #12639, 2.500000000000002220 ) ;
#11590 = CARTESIAN_POINT ( 'NONE',  ( 64.00000000000001421, 26.99999999999999289, 56.00000000000000000 ) ) ;
#11591 = AXIS2_PLACEMENT_3D ( 'NONE', #7890, #11030, #8091 ) ;
#11592 = AXIS2_PLACEMENT_3D ( 'NONE', #10194, #71, #4130 ) ;
#11593 = LINE ( 'NONE', #3429, #3105 ) ;
#11594 = ORIENTED_EDGE ( 'NONE', *, *, #1694, .T. ) ;
#11595 = AXIS2_PLACEMENT_3D ( 'NONE', #5576, #7646, #11696 ) ;
#11596 = CARTESIAN_POINT ( 'NONE',  ( 36.00000000000003553, 26.99999999999999289, 32.39999999999999858 ) ) ;
#11597 = EDGE_CURVE ( 'NONE', #2140, #12633, #7594, .T. ) ;
#11598 = ADVANCED_FACE ( 'NONE', ( #9267 ), #6470, .T. ) ;
#11599 = AXIS2_PLACEMENT_3D ( 'NONE', #2205, #3012, #10108 ) ;
#11600 = DIRECTION ( 'NONE',  ( -0.000000000000000000, 1.000000000000000000, -0.000000000000000000 ) ) ;
#11601 = ORIENTED_EDGE ( 'NONE', *, *, #12430, .T. ) ;
#11602 = ORIENTED_EDGE ( 'NONE', *, *, #10724, .F. ) ;
#11603 = DIRECTION ( 'NONE',  ( 1.000000000000000000, -0.000000000000000000, 0.000000000000000000 ) ) ;
#11604 = VECTOR ( 'NONE', #3344, 1000.000000000000000 ) ;
#11605 = VECTOR ( 'NONE', #10808, 1000.000000000000000 ) ;
#11606 = AXIS2_PLACEMENT_3D ( 'NONE', #7951, #2042, #6029 ) ;
#11607 = ORIENTED_EDGE ( 'NONE', *, *, #5788, .F. ) ;
#11608 = EDGE_CURVE ( 'NONE', #11143, #8506, #12252, .T. ) ;
#11609 = DIRECTION ( 'NONE',  ( -0.1564101584015892832, 0.000000000000000000, 0.9876921900819048972 ) ) ;
#11610 = CIRCLE ( 'NONE', #9072, 2.000000000000001776 ) ;
#11611 = DIRECTION ( 'NONE',  ( -1.000000000000000000, 0.000000000000000000, 0.000000000000000000 ) ) ;
#11612 = FACE_OUTER_BOUND ( 'NONE', #10177, .T. ) ;
#11613 = VECTOR ( 'NONE', #304, 1000.000000000000000 ) ;
#11614 = PLANE ( 'NONE',  #1220 ) ;
#11615 = LINE ( 'NONE', #12865, #7815 ) ;
#11616 = EDGE_CURVE ( 'NONE', #9372, #11135, #8280, .T. ) ;
#11617 = AXIS2_PLACEMENT_3D ( 'NONE', #1117, #5170, #1180 ) ;
#11618 = VERTEX_POINT ( 'NONE', #10600 ) ;
#11619 = DIRECTION ( 'NONE',  ( 0.000000000000000000, 0.000000000000000000, 1.000000000000000000 ) ) ;
#11620 = DIRECTION ( 'NONE',  ( 3.469446951953613696E-16, -0.000000000000000000, 1.000000000000000000 ) ) ;
#11621 = DIRECTION ( 'NONE',  ( -1.000000000000000000, -0.000000000000000000, -1.387778780781445676E-16 ) ) ;
#11622 = ORIENTED_EDGE ( 'NONE', *, *, #8698, .F. ) ;
#11623 = VECTOR ( 'NONE', #5105, 1000.000000000000000 ) ;
#11624 = VERTEX_POINT ( 'NONE', #4622 ) ;
#11625 = VECTOR ( 'NONE', #2646, 1000.000000000000000 ) ;
#11626 = EDGE_CURVE ( 'NONE', #1608, #661, #12773, .T. ) ;
#11627 = VECTOR ( 'NONE', #9144, 1000.000000000000000 ) ;
#11628 = LINE ( 'NONE', #12680, #5446 ) ;
#11629 = DIRECTION ( 'NONE',  ( -1.000000000000000000, 0.000000000000000000, -1.416100796715761356E-16 ) ) ;
#11630 = VERTEX_POINT ( 'NONE', #3555 ) ;
#11631 = FACE_OUTER_BOUND ( 'NONE', #455, .T. ) ;
#11632 = AXIS2_PLACEMENT_3D ( 'NONE', #10196, #7393, #7311 ) ;
#11633 = EDGE_CURVE ( 'NONE', #9414, #2803, #3682, .T. ) ;
#11634 = LINE ( 'NONE', #10495, #1571 ) ;
#11635 = CARTESIAN_POINT ( 'NONE',  ( -23.75000000000000000, 19.99999999999998934, 56.15000000000000568 ) ) ;
#11636 = AXIS2_PLACEMENT_3D ( 'NONE', #11491, #5439, #10429 ) ;
#11637 = EDGE_CURVE ( 'NONE', #3605, #11068, #8533, .T. ) ;
#11638 = CYLINDRICAL_SURFACE ( 'NONE', #8443, 4.000000000000000000 ) ;
#11639 = ORIENTED_EDGE ( 'NONE', *, *, #4809, .T. ) ;
#11640 = CARTESIAN_POINT ( 'NONE',  ( -46.00000000000004263, 26.99999999999999289, 18.19999999999999574 ) ) ;
#11641 = ORIENTED_EDGE ( 'NONE', *, *, #862, .F. ) ;
#11642 = AXIS2_PLACEMENT_3D ( 'NONE', #1075, #9313, #4257 ) ;
#11643 = VECTOR ( 'NONE', #11103, 999.9999999999998863 ) ;
#11644 = ORIENTED_EDGE ( 'NONE', *, *, #9566, .F. ) ;
#11645 = EDGE_LOOP ( 'NONE', ( #7710, #917, #4266 ) ) ;
#11646 = CARTESIAN_POINT ( 'NONE',  ( -34.00000000000003553, 26.99999999999999289, 44.60000000000000142 ) ) ;
#11647 = ORIENTED_EDGE ( 'NONE', *, *, #6170, .T. ) ;
#11648 = DIRECTION ( 'NONE',  ( -0.000000000000000000, -0.000000000000000000, -1.000000000000000000 ) ) ;
#11649 = CARTESIAN_POINT ( 'NONE',  ( 28.46680676024487511, -28.00000000000000355, 4.507981129412502952 ) ) ;
#11650 = VECTOR ( 'NONE', #12648, 1000.000000000000000 ) ;
#11651 = DIRECTION ( 'NONE',  ( 0.000000000000000000, 0.000000000000000000, 1.000000000000000000 ) ) ;
#11652 = CARTESIAN_POINT ( 'NONE',  ( 46.00000000000004263, 26.99999999999999289, 5.999999999999999112 ) ) ;
#11653 = LINE ( 'NONE', #541, #2908 ) ;
#11654 = CARTESIAN_POINT ( 'NONE',  ( -34.00000000000002842, 26.99999999999999289, 0.000000000000000000 ) ) ;
#11655 = CARTESIAN_POINT ( 'NONE',  ( 28.75000000000000000, -0.4999999999999015787, 67.51000000000000512 ) ) ;
#11656 = DIRECTION ( 'NONE',  ( -1.000000000000000000, -0.000000000000000000, -2.891205793294679312E-16 ) ) ;
#11657 = ORIENTED_EDGE ( 'NONE', *, *, #10006, .F. ) ;
#11658 = EDGE_CURVE ( 'NONE', #12633, #2140, #5266, .T. ) ;
#11659 = DIRECTION ( 'NONE',  ( -0.000000000000000000, 1.000000000000000000, -0.000000000000000000 ) ) ;
#11660 = ORIENTED_EDGE ( 'NONE', *, *, #2857, .T. ) ;
#11661 = ADVANCED_FACE ( 'NONE', ( #5683 ), #1483, .T. ) ;
#11662 = CARTESIAN_POINT ( 'NONE',  ( 0.000000000000000000, 29.99999999999999289, 5.999999999999999112 ) ) ;
#11663 = CIRCLE ( 'NONE', #12927, 4.000000000000003553 ) ;
#11664 = DIRECTION ( 'NONE',  ( -0.000000000000000000, -0.000000000000000000, -1.000000000000000000 ) ) ;
#11665 = EDGE_LOOP ( 'NONE', ( #9317, #3392, #10234, #2020 ) ) ;
#11666 = ORIENTED_EDGE ( 'NONE', *, *, #1898, .T. ) ;
#11667 = CARTESIAN_POINT ( 'NONE',  ( -18.75000000000001776, -30.00000000000000711, -40.00000000000000000 ) ) ;
#11668 = DIRECTION ( 'NONE',  ( -0.1564101584015912261, 0.000000000000000000, -0.9876921900819046751 ) ) ;
#11669 = CARTESIAN_POINT ( 'NONE',  ( -28.74999999999999645, -30.00000000000000711, 5.999999999999998224 ) ) ;
#11670 = CARTESIAN_POINT ( 'NONE',  ( 36.00000000000002842, 26.99999999999999289, 20.20000000000000284 ) ) ;
#11671 = EDGE_CURVE ( 'NONE', #4594, #1136, #5335, .T. ) ;
#11672 = LINE ( 'NONE', #8738, #7120 ) ;
#11673 = VERTEX_POINT ( 'NONE', #7498 ) ;
#11674 = DIRECTION ( 'NONE',  ( -1.000000000000000000, 0.000000000000000000, 1.387778780781445676E-16 ) ) ;
#11675 = CARTESIAN_POINT ( 'NONE',  ( -23.75000000000000000, 19.99999999999998934, 13.85000000000000142 ) ) ;
#11676 = LINE ( 'NONE', #6562, #3590 ) ;
#11677 = VERTEX_POINT ( 'NONE', #4397 ) ;
#11678 = EDGE_LOOP ( 'NONE', ( #8412, #4112, #13003, #11893 ) ) ;
#11679 = DIRECTION ( 'NONE',  ( 0.000000000000000000, 4.625929269271487886E-16, -1.000000000000000000 ) ) ;
#11680 = EDGE_LOOP ( 'NONE', ( #12456, #1568, #8395, #7077 ) ) ;
#11681 = ORIENTED_EDGE ( 'NONE', *, *, #11561, .F. ) ;
#11682 = CARTESIAN_POINT ( 'NONE',  ( 85.99999999999994316, 19.99999999999998934, 10.00000000000000000 ) ) ;
#11683 = CARTESIAN_POINT ( 'NONE',  ( 0.000000000000000000, 0.000000000000000000, -33.25000000000000000 ) ) ;
#11684 = CARTESIAN_POINT ( 'NONE',  ( -28.74999999999999645, -30.00000000000001421, 60.00000000000000711 ) ) ;
#11685 = FACE_OUTER_BOUND ( 'NONE', #3449, .T. ) ;
#11686 = DIRECTION ( 'NONE',  ( 1.000000000000000000, 0.000000000000000000, 0.000000000000000000 ) ) ;
#11687 = LINE ( 'NONE', #1327, #578 ) ;
#11688 = ORIENTED_EDGE ( 'NONE', *, *, #11077, .T. ) ;
#11689 = DIRECTION ( 'NONE',  ( 0.000000000000000000, 1.000000000000000000, -3.469446951953616161E-15 ) ) ;
#11690 = DIRECTION ( 'NONE',  ( 0.000000000000000000, 0.4224229034221526069, -0.9063988584858206909 ) ) ;
#11691 = EDGE_CURVE ( 'NONE', #6990, #2169, #5530, .T. ) ;
#11692 = CYLINDRICAL_SURFACE ( 'NONE', #11866, 2.599999999999989431 ) ;
#11693 = ORIENTED_EDGE ( 'NONE', *, *, #2389, .F. ) ;
#11694 = VERTEX_POINT ( 'NONE', #2397 ) ;
#11695 = CARTESIAN_POINT ( 'NONE',  ( -23.74999999999999289, -4.999999999999913847, 35.00000000000000000 ) ) ;
#11696 = DIRECTION ( 'NONE',  ( 0.000000000000000000, 0.000000000000000000, -1.000000000000000000 ) ) ;
#11697 = LINE ( 'NONE', #3796, #10730 ) ;
#11698 = PLANE ( 'NONE',  #5207 ) ;
#11699 = LINE ( 'NONE', #5579, #1364 ) ;
#11700 = LINE ( 'NONE', #11443, #2256 ) ;
#11701 = ADVANCED_FACE ( 'NONE', ( #3456 ), #7440, .T. ) ;
#11702 = DIRECTION ( 'NONE',  ( 4.336808689942013792E-16, 1.000000000000000000, -0.000000000000000000 ) ) ;
#11703 = VERTEX_POINT ( 'NONE', #4319 ) ;
#11704 = VERTEX_POINT ( 'NONE', #6522 ) ;
#11705 = VERTEX_POINT ( 'NONE', #2271 ) ;
#11706 = CARTESIAN_POINT ( 'NONE',  ( 18.75000000000000355, 46.49999999999983658, 10.00000000000000000 ) ) ;
#11707 = EDGE_LOOP ( 'NONE', ( #7154, #5408, #9417, #5191, #278 ) ) ;
#11708 = VERTEX_POINT ( 'NONE', #11445 ) ;
#11709 = ORIENTED_EDGE ( 'NONE', *, *, #11315, .T. ) ;
#11710 = EDGE_CURVE ( 'NONE', #8947, #2976, #11367, .T. ) ;
#11711 = DIRECTION ( 'NONE',  ( -1.000000000000000000, 0.000000000000000000, 0.000000000000000000 ) ) ;
#11712 = ORIENTED_EDGE ( 'NONE', *, *, #10157, .F. ) ;
#11713 = CARTESIAN_POINT ( 'NONE',  ( -28.75000000000000355, 38.26999999999998892, 22.60434383594887109 ) ) ;
#11714 = CARTESIAN_POINT ( 'NONE',  ( 44.00000000000004263, 29.99999999999999289, 42.59999999999999432 ) ) ;
#11715 = CARTESIAN_POINT ( 'NONE',  ( 34.00000000000003553, 29.99999999999999289, 42.60000000000000142 ) ) ;
#11716 = EDGE_CURVE ( 'NONE', #9329, #3233, #5051, .T. ) ;
#11717 = DIRECTION ( 'NONE',  ( -1.000000000000000000, 0.000000000000000000, 0.000000000000000000 ) ) ;
#11718 = DIRECTION ( 'NONE',  ( -0.000000000000000000, -0.000000000000000000, -1.000000000000000000 ) ) ;
#11719 = DIRECTION ( 'NONE',  ( 0.000000000000000000, 0.000000000000000000, 1.000000000000000000 ) ) ;
#11720 = DIRECTION ( 'NONE',  ( 0.000000000000000000, 1.000000000000000000, 0.000000000000000000 ) ) ;
#11721 = ORIENTED_EDGE ( 'NONE', *, *, #8123, .T. ) ;
#11722 = DIRECTION ( 'NONE',  ( -0.000000000000000000, -0.000000000000000000, -1.000000000000000000 ) ) ;
#11723 = VERTEX_POINT ( 'NONE', #8451 ) ;
#11724 = CARTESIAN_POINT ( 'NONE',  ( 62.90000000000005542, 26.99999999999999289, 45.99999999999999289 ) ) ;
#11725 = ORIENTED_EDGE ( 'NONE', *, *, #7896, .T. ) ;
#11726 = ORIENTED_EDGE ( 'NONE', *, *, #264, .F. ) ;
#11727 = DIRECTION ( 'NONE',  ( -1.000000000000000000, 0.000000000000000000, 0.000000000000000000 ) ) ;
#11728 = EDGE_CURVE ( 'NONE', #11723, #8079, #3332, .T. ) ;
#11729 = DIRECTION ( 'NONE',  ( 1.416100796715761356E-16, 0.000000000000000000, 1.000000000000000000 ) ) ;
#11730 = LINE ( 'NONE', #10527, #11402 ) ;
#11731 = FACE_OUTER_BOUND ( 'NONE', #8114, .T. ) ;
#11732 = CARTESIAN_POINT ( 'NONE',  ( 36.03151427300072385, -30.00000000000000711, 5.705922261490953495 ) ) ;
#11733 = PLANE ( 'NONE',  #120 ) ;
#11734 = ORIENTED_EDGE ( 'NONE', *, *, #358, .T. ) ;
#11735 = DIRECTION ( 'NONE',  ( -1.416100796715761356E-16, 0.000000000000000000, 1.000000000000000000 ) ) ;
#11736 = CARTESIAN_POINT ( 'NONE',  ( -23.75000000000000000, 19.99999999999998934, 25.15000000000000568 ) ) ;
#11737 = ORIENTED_EDGE ( 'NONE', *, *, #11892, .F. ) ;
#11738 = ORIENTED_EDGE ( 'NONE', *, *, #11561, .T. ) ;
#11739 = CARTESIAN_POINT ( 'NONE',  ( 23.74999999999999289, -20.49999999999991473, 49.00000000000000000 ) ) ;
#11740 = EDGE_CURVE ( 'NONE', #6715, #4128, #6976, .T. ) ;
#11741 = EDGE_CURVE ( 'NONE', #9554, #3455, #1662, .T. ) ;
#11742 = ORIENTED_EDGE ( 'NONE', *, *, #1164, .T. ) ;
#11743 = ORIENTED_EDGE ( 'NONE', *, *, #6516, .F. ) ;
#11744 = CARTESIAN_POINT ( 'NONE',  ( -34.00000000000003553, 29.99999999999999289, 44.60000000000000142 ) ) ;
#11745 = EDGE_CURVE ( 'NONE', #11945, #10675, #5276, .T. ) ;
#11746 = DIRECTION ( 'NONE',  ( 1.000000000000000000, -0.000000000000000000, -2.891205793294679312E-16 ) ) ;
#11747 = DIRECTION ( 'NONE',  ( 0.000000000000000000, 0.000000000000000000, 1.000000000000000000 ) ) ;
#11748 = CARTESIAN_POINT ( 'NONE',  ( 23.75000000000000000, -36.93951938890104714, 17.21548839695788402 ) ) ;
#11749 = DIRECTION ( 'NONE',  ( 0.000000000000000000, -1.000000000000000000, 0.000000000000000000 ) ) ;
#11750 = CARTESIAN_POINT ( 'NONE',  ( 23.00000000000002487, 5.749999999999992895, -40.00000000000000000 ) ) ;
#11751 = CARTESIAN_POINT ( 'NONE',  ( -36.00000000000002842, 26.99999999999999289, 32.39999999999999858 ) ) ;
#11752 = PLANE ( 'NONE',  #5073 ) ;
#11753 = CARTESIAN_POINT ( 'NONE',  ( 62.90000000000004121, 26.99999999999999289, 58.00000000000000000 ) ) ;
#11754 = ORIENTED_EDGE ( 'NONE', *, *, #1304, .T. ) ;
#11755 = VERTEX_POINT ( 'NONE', #1275 ) ;
#11756 = CARTESIAN_POINT ( 'NONE',  ( -47.40000000000004121, 26.99999999999999289, 58.00000000000000000 ) ) ;
#11757 = DIRECTION ( 'NONE',  ( -0.000000000000000000, 1.000000000000000000, -0.000000000000000000 ) ) ;
#11758 = ADVANCED_FACE ( 'NONE', ( #7382 ), #1466, .F. ) ;
#11759 = LINE ( 'NONE', #2656, #4985 ) ;
#11760 = LINE ( 'NONE', #5730, #9059 ) ;
#11761 = EDGE_CURVE ( 'NONE', #1733, #3056, #5269, .T. ) ;
#11762 = CARTESIAN_POINT ( 'NONE',  ( -80.00000000000000000, 19.99999999999999289, 0.000000000000000000 ) ) ;
#11763 = VERTEX_POINT ( 'NONE', #10306 ) ;
#11764 = EDGE_LOOP ( 'NONE', ( #4162, #8010, #3707, #645 ) ) ;
#11765 = ORIENTED_EDGE ( 'NONE', *, *, #8971, .T. ) ;
#11766 = DIRECTION ( 'NONE',  ( -2.618450529776313247E-16, -1.000000000000000000, 0.000000000000000000 ) ) ;
#11767 = ORIENTED_EDGE ( 'NONE', *, *, #10986, .F. ) ;
#11768 = ORIENTED_EDGE ( 'NONE', *, *, #12392, .T. ) ;
#11769 = VERTEX_POINT ( 'NONE', #6390 ) ;
#11770 = DIRECTION ( 'NONE',  ( 0.000000000000000000, 0.000000000000000000, 1.000000000000000000 ) ) ;
#11771 = ORIENTED_EDGE ( 'NONE', *, *, #1096, .F. ) ;
#11772 = DIRECTION ( 'NONE',  ( -0.000000000000000000, -0.000000000000000000, -1.000000000000000000 ) ) ;
#11773 = LINE ( 'NONE', #690, #7105 ) ;
#11774 = VECTOR ( 'NONE', #7437, 1000.000000000000000 ) ;
#11775 = ADVANCED_FACE ( 'NONE', ( #4523 ), #208, .F. ) ;
#11776 = CARTESIAN_POINT ( 'NONE',  ( 0.000000000000000000, 0.000000000000000000, -40.00000000000000000 ) ) ;
#11777 = EDGE_CURVE ( 'NONE', #3400, #4078, #8375, .T. ) ;
#11778 = DIRECTION ( 'NONE',  ( 1.416100796715761603E-16, 0.000000000000000000, 1.000000000000000000 ) ) ;
#11779 = DIRECTION ( 'NONE',  ( 0.000000000000000000, -4.625929269271487886E-16, -1.000000000000000000 ) ) ;
#11780 = CARTESIAN_POINT ( 'NONE',  ( 28.75000000000000000, -9.499999999999914735, 67.51000000000000512 ) ) ;
#11781 = FACE_OUTER_BOUND ( 'NONE', #6801, .T. ) ;
#11782 = ORIENTED_EDGE ( 'NONE', *, *, #6361, .T. ) ;
#11783 = EDGE_CURVE ( 'NONE', #10912, #6814, #1394, .T. ) ;
#11784 = CARTESIAN_POINT ( 'NONE',  ( 0.000000000000000000, 26.99999999999999289, 45.99999999999999289 ) ) ;
#11785 = ORIENTED_EDGE ( 'NONE', *, *, #2358, .T. ) ;
#11786 = EDGE_CURVE ( 'NONE', #4791, #4015, #12487, .T. ) ;
#11787 = FACE_OUTER_BOUND ( 'NONE', #4892, .T. ) ;
#11788 = EDGE_LOOP ( 'NONE', ( #7063, #9220 ) ) ;
#11789 = ORIENTED_EDGE ( 'NONE', *, *, #1269, .T. ) ;
#11790 = CARTESIAN_POINT ( 'NONE',  ( 0.000000000000000000, 29.99999999999999289, 60.00000000000000711 ) ) ;
#11791 = VECTOR ( 'NONE', #6513, 1000.000000000000000 ) ;
#11792 = DIRECTION ( 'NONE',  ( 0.000000000000000000, 0.000000000000000000, -1.000000000000000000 ) ) ;
#11793 = PLANE ( 'NONE',  #9251 ) ;
#11794 = CARTESIAN_POINT ( 'NONE',  ( 89.99999999999994316, 23.99999999999998579, 6.000000000000000000 ) ) ;
#11795 = EDGE_LOOP ( 'NONE', ( #6882, #11054, #6635, #11742 ) ) ;
#11796 = CARTESIAN_POINT ( 'NONE',  ( -33.00000000000004263, 29.99999999999999289, 3.000000000000004441 ) ) ;
#11797 = ADVANCED_FACE ( 'NONE', ( #5460 ), #1583, .F. ) ;
#11798 = VECTOR ( 'NONE', #7294, 1000.000000000000000 ) ;
#11799 = DIRECTION ( 'NONE',  ( -0.9486832980505138790, 0.3162277660168377746, 0.000000000000000000 ) ) ;
#11800 = AXIS2_PLACEMENT_3D ( 'NONE', #689, #6597, #10648 ) ;
#11801 = VERTEX_POINT ( 'NONE', #10703 ) ;
#11802 = ORIENTED_EDGE ( 'NONE', *, *, #11010, .T. ) ;
#11803 = VECTOR ( 'NONE', #3161, 1000.000000000000000 ) ;
#11804 = CARTESIAN_POINT ( 'NONE',  ( -14.30000000000000782, -31.75000000000000000, 22.60434383594886754 ) ) ;
#11805 = VERTEX_POINT ( 'NONE', #1735 ) ;
#11806 = ORIENTED_EDGE ( 'NONE', *, *, #11200, .F. ) ;
#11807 = AXIS2_PLACEMENT_3D ( 'NONE', #12179, #11270, #8282 ) ;
#11808 = CARTESIAN_POINT ( 'NONE',  ( -70.00000000000000000, 22.99999999999999289, -18.50000000000001776 ) ) ;
#11809 = VECTOR ( 'NONE', #4566, 1000.000000000000000 ) ;
#11810 = FACE_OUTER_BOUND ( 'NONE', #1970, .T. ) ;
#11811 = VECTOR ( 'NONE', #3377, 1000.000000000000000 ) ;
#11812 = DIRECTION ( 'NONE',  ( 0.000000000000000000, -1.000000000000000000, 0.000000000000000000 ) ) ;
#11813 = VECTOR ( 'NONE', #8762, 1000.000000000000000 ) ;
#11814 = CARTESIAN_POINT ( 'NONE',  ( -18.75000000000000355, 46.49999999999983658, 10.00000000000000355 ) ) ;
#11815 = CARTESIAN_POINT ( 'NONE',  ( 0.000000000000000000, 29.99999999999999289, 48.00000000000000000 ) ) ;
#11816 = FACE_OUTER_BOUND ( 'NONE', #2114, .T. ) ;
#11817 = VECTOR ( 'NONE', #4945, 1000.000000000000000 ) ;
#11818 = ORIENTED_EDGE ( 'NONE', *, *, #8552, .F. ) ;
#11819 = CARTESIAN_POINT ( 'NONE',  ( -34.00000000000002842, 26.99999999999999289, 5.000000000000005329 ) ) ;
#11820 = EDGE_CURVE ( 'NONE', #9586, #2125, #615, .T. ) ;
#11821 = ORIENTED_EDGE ( 'NONE', *, *, #9978, .T. ) ;
#11822 = DIRECTION ( 'NONE',  ( -0.000000000000000000, 1.000000000000000000, -0.000000000000000000 ) ) ;
#11823 = CARTESIAN_POINT ( 'NONE',  ( -18.75000000000000355, 46.53999999999999204, 10.00000000000000355 ) ) ;
#11824 = AXIS2_PLACEMENT_3D ( 'NONE', #22, #7310, #72 ) ;
#11825 = DIRECTION ( 'NONE',  ( 1.000000000000000000, -0.000000000000000000, 0.000000000000000000 ) ) ;
#11826 = EDGE_CURVE ( 'NONE', #4356, #8470, #9911, .T. ) ;
#11827 = ORIENTED_EDGE ( 'NONE', *, *, #5163, .F. ) ;
#11828 = VECTOR ( 'NONE', #12111, 1000.000000000000000 ) ;
#11829 = ORIENTED_EDGE ( 'NONE', *, *, #7927, .F. ) ;
#11830 = EDGE_CURVE ( 'NONE', #10939, #5417, #1515, .T. ) ;
#11831 = AXIS2_PLACEMENT_3D ( 'NONE', #4268, #7309, #11377 ) ;
#11832 = AXIS2_PLACEMENT_3D ( 'NONE', #12296, #5471, #8381 ) ;
#11833 = ORIENTED_EDGE ( 'NONE', *, *, #653, .F. ) ;
#11834 = AXIS2_PLACEMENT_3D ( 'NONE', #4179, #12088, #3053 ) ;
#11835 = DIRECTION ( 'NONE',  ( 0.000000000000000000, -0.4224229034221534396, 0.9063988584858203579 ) ) ;
#11836 = CARTESIAN_POINT ( 'NONE',  ( 28.00000000000003197, 14.24999999999999822, -4.999999999999998224 ) ) ;
#11837 = AXIS2_PLACEMENT_3D ( 'NONE', #3775, #1556, #3576 ) ;
#11838 = VECTOR ( 'NONE', #3343, 1000.000000000000000 ) ;
#11839 = DIRECTION ( 'NONE',  ( -1.000000000000000000, 0.000000000000000000, 0.000000000000000000 ) ) ;
#11840 = AXIS2_PLACEMENT_3D ( 'NONE', #9788, #9158, #2674 ) ;
#11841 = EDGE_CURVE ( 'NONE', #9281, #5834, #2663, .T. ) ;
#11842 = FACE_OUTER_BOUND ( 'NONE', #11678, .T. ) ;
#11843 = VECTOR ( 'NONE', #6402, 1000.000000000000000 ) ;
#11844 = SPHERICAL_SURFACE ( 'NONE', #11183, 4.000000000000000000 ) ;
#11845 = VERTEX_POINT ( 'NONE', #10781 ) ;
#11846 = VERTEX_POINT ( 'NONE', #1667 ) ;
#11847 = ORIENTED_EDGE ( 'NONE', *, *, #8689, .F. ) ;
#11848 = ORIENTED_EDGE ( 'NONE', *, *, #10445, .F. ) ;
#11849 = VECTOR ( 'NONE', #6689, 1000.000000000000000 ) ;
#11850 = CIRCLE ( 'NONE', #593, 2.000000000000003109 ) ;
#11851 = ORIENTED_EDGE ( 'NONE', *, *, #10081, .T. ) ;
#11852 = ORIENTED_EDGE ( 'NONE', *, *, #932, .F. ) ;
#11853 = DIRECTION ( 'NONE',  ( -1.000000000000000000, 3.469446951953614189E-16, 0.000000000000000000 ) ) ;
#11854 = ORIENTED_EDGE ( 'NONE', *, *, #3684, .T. ) ;
#11855 = CARTESIAN_POINT ( 'NONE',  ( -46.00000000000004263, 26.99999999999999289, 0.000000000000000000 ) ) ;
#11856 = FACE_OUTER_BOUND ( 'NONE', #8825, .T. ) ;
#11857 = VECTOR ( 'NONE', #12749, 1000.000000000000000 ) ;
#11858 = DIRECTION ( 'NONE',  ( -1.000000000000000000, 0.000000000000000000, -0.000000000000000000 ) ) ;
#11859 = LINE ( 'NONE', #4742, #7572 ) ;
#11860 = VECTOR ( 'NONE', #76, 1000.000000000000000 ) ;
#11861 = DIRECTION ( 'NONE',  ( -1.000000000000000000, 0.000000000000000000, 0.000000000000000000 ) ) ;
#11862 = CARTESIAN_POINT ( 'NONE',  ( -18.75000000000001066, -45.50000000000000711, 55.00000000000000711 ) ) ;
#11863 = ORIENTED_EDGE ( 'NONE', *, *, #4137, .T. ) ;
#11864 = DIRECTION ( 'NONE',  ( 0.000000000000000000, 0.000000000000000000, 1.000000000000000000 ) ) ;
#11865 = EDGE_LOOP ( 'NONE', ( #1278, #7476, #12812, #1892 ) ) ;
#11866 = AXIS2_PLACEMENT_3D ( 'NONE', #8499, #8620, #2443 ) ;
#11867 = EDGE_CURVE ( 'NONE', #3385, #6928, #5796, .T. ) ;
#11868 = EDGE_CURVE ( 'NONE', #2125, #10789, #4878, .T. ) ;
#11869 = CARTESIAN_POINT ( 'NONE',  ( 28.75000000000000000, 7.000000000000093259, 60.00000000000000711 ) ) ;
#11870 = AXIS2_PLACEMENT_3D ( 'NONE', #9398, #8289, #1244 ) ;
#11871 = ORIENTED_EDGE ( 'NONE', *, *, #7671, .F. ) ;
#11872 = VERTEX_POINT ( 'NONE', #11640 ) ;
#11873 = CIRCLE ( 'NONE', #11436, 2.000000000000001776 ) ;
#11874 = DIRECTION ( 'NONE',  ( 0.000000000000000000, 0.000000000000000000, -1.000000000000000000 ) ) ;
#11875 = DIRECTION ( 'NONE',  ( -1.000000000000000000, -0.000000000000000000, 1.469412826709765601E-14 ) ) ;
#11876 = DIRECTION ( 'NONE',  ( 0.3162277660168377191, 0.9486832980505138790, 0.000000000000000000 ) ) ;
#11877 = DIRECTION ( 'NONE',  ( 1.000000000000000000, 3.469446951953614189E-16, -0.000000000000000000 ) ) ;
#11878 = VERTEX_POINT ( 'NONE', #2539 ) ;
#11879 = CARTESIAN_POINT ( 'NONE',  ( -44.00000000000004263, 29.99999999999999289, 46.00000000000000000 ) ) ;
#11880 = CIRCLE ( 'NONE', #1684, 1.100000000000000311 ) ;
#11881 = CARTESIAN_POINT ( 'NONE',  ( -28.74999999999999645, -4.999999999999913847, 25.00000000000000000 ) ) ;
#11882 = VERTEX_POINT ( 'NONE', #10642 ) ;
#11883 = ORIENTED_EDGE ( 'NONE', *, *, #10303, .F. ) ;
#11884 = DIRECTION ( 'NONE',  ( 0.000000000000000000, 0.000000000000000000, 1.000000000000000000 ) ) ;
#11885 = ORIENTED_EDGE ( 'NONE', *, *, #9360, .T. ) ;
#11886 = EDGE_LOOP ( 'NONE', ( #5206, #8806, #9038, #11038 ) ) ;
#11887 = ORIENTED_EDGE ( 'NONE', *, *, #11740, .T. ) ;
#11888 = CARTESIAN_POINT ( 'NONE',  ( 0.000000000000000000, 26.99999999999999289, 8.000000000000000000 ) ) ;
#11889 = CARTESIAN_POINT ( 'NONE',  ( -46.00000000000004263, 29.99999999999999289, 5.999999999999999112 ) ) ;
#11890 = DIRECTION ( 'NONE',  ( 0.000000000000000000, 0.000000000000000000, 1.000000000000000000 ) ) ;
#11891 = DIRECTION ( 'NONE',  ( -1.000000000000000000, 0.000000000000000000, 0.000000000000000000 ) ) ;
#11892 = EDGE_CURVE ( 'NONE', #4703, #7151, #12061, .T. ) ;
#11893 = ORIENTED_EDGE ( 'NONE', *, *, #2668, .T. ) ;
#11894 = PLANE ( 'NONE',  #11405 ) ;
#11895 = LINE ( 'NONE', #10835, #11221 ) ;
#11896 = ORIENTED_EDGE ( 'NONE', *, *, #4177, .T. ) ;
#11897 = ORIENTED_EDGE ( 'NONE', *, *, #7032, .T. ) ;
#11898 = EDGE_CURVE ( 'NONE', #9018, #12007, #2162, .T. ) ;
#11899 = ADVANCED_FACE ( 'NONE', ( #7070 ), #8138, .F. ) ;
#11900 = DIRECTION ( 'NONE',  ( 0.000000000000000000, 0.000000000000000000, 1.000000000000000000 ) ) ;
#11901 = CARTESIAN_POINT ( 'NONE',  ( 33.00000000000004263, 26.99999999999999289, 3.000000000000005773 ) ) ;
#11902 = ADVANCED_FACE ( 'NONE', ( #6152 ), #2023, .T. ) ;
#11903 = ORIENTED_EDGE ( 'NONE', *, *, #5603, .T. ) ;
#11904 = LINE ( 'NONE', #8913, #2431 ) ;
#11905 = CARTESIAN_POINT ( 'NONE',  ( -20.00000000000003197, 19.99999999999999289, -2.999999999999991562 ) ) ;
#11906 = LINE ( 'NONE', #2811, #12057 ) ;
#11907 = ORIENTED_EDGE ( 'NONE', *, *, #10059, .F. ) ;
#11908 = ORIENTED_EDGE ( 'NONE', *, *, #6289, .T. ) ;
#11909 = ORIENTED_EDGE ( 'NONE', *, *, #7839, .F. ) ;
#11910 = ORIENTED_EDGE ( 'NONE', *, *, #4974, .F. ) ;
#11911 = ORIENTED_EDGE ( 'NONE', *, *, #7967, .T. ) ;
#11912 = ORIENTED_EDGE ( 'NONE', *, *, #2148, .F. ) ;
#11913 = ORIENTED_EDGE ( 'NONE', *, *, #9438, .T. ) ;
#11914 = CARTESIAN_POINT ( 'NONE',  ( 89.99999999999994316, 23.99999999999998934, 60.00000000000000711 ) ) ;
#11915 = DIRECTION ( 'NONE',  ( 1.000000000000000000, 0.000000000000000000, 0.000000000000000000 ) ) ;
#11916 = PLANE ( 'NONE',  #5419 ) ;
#11917 = CARTESIAN_POINT ( 'NONE',  ( -58.25000000000019185, 10.50000000000008527, 21.00000000000000355 ) ) ;
#11918 = CARTESIAN_POINT ( 'NONE',  ( -14.30000000000000426, 38.26999999999998892, 20.10434383594887109 ) ) ;
#11919 = ORIENTED_EDGE ( 'NONE', *, *, #3719, .T. ) ;
#11920 = DIRECTION ( 'NONE',  ( -1.000000000000000000, 0.000000000000000000, 0.000000000000000000 ) ) ;
#11921 = CARTESIAN_POINT ( 'NONE',  ( 46.00000000000004263, 26.99999999999999289, 5.999999999999999112 ) ) ;
#11922 = ADVANCED_FACE ( 'NONE', ( #10322 ), #218, .F. ) ;
#11923 = ORIENTED_EDGE ( 'NONE', *, *, #5418, .F. ) ;
#11924 = EDGE_LOOP ( 'NONE', ( #2851, #6171 ) ) ;
#11925 = LINE ( 'NONE', #8001, #10987 ) ;
#11926 = CARTESIAN_POINT ( 'NONE',  ( 33.00000000000004263, 26.99999999999999289, 5.000000000000003553 ) ) ;
#11927 = LINE ( 'NONE', #949, #1193 ) ;
#11928 = ADVANCED_FACE ( 'NONE', ( #3274 ), #7315, .T. ) ;
#11929 = CARTESIAN_POINT ( 'NONE',  ( 29.75000000000002487, 18.09999999999996589, -34.75000000000000000 ) ) ;
#11930 = DIRECTION ( 'NONE',  ( -0.000000000000000000, -1.000000000000000000, -0.000000000000000000 ) ) ;
#11931 = ORIENTED_EDGE ( 'NONE', *, *, #12631, .F. ) ;
#11932 = FACE_OUTER_BOUND ( 'NONE', #4038, .T. ) ;
#11933 = DIRECTION ( 'NONE',  ( -0.000000000000000000, 1.000000000000000000, -0.000000000000000000 ) ) ;
#11934 = ORIENTED_EDGE ( 'NONE', *, *, #7418, .F. ) ;
#11935 = FACE_OUTER_BOUND ( 'NONE', #6215, .T. ) ;
#11936 = ORIENTED_EDGE ( 'NONE', *, *, #5778, .F. ) ;
#11937 = VERTEX_POINT ( 'NONE', #9070 ) ;
#11938 = DIRECTION ( 'NONE',  ( 1.734723475976807094E-15, 0.000000000000000000, 1.000000000000000000 ) ) ;
#11939 = CARTESIAN_POINT ( 'NONE',  ( -23.75000000000000000, -30.00000000000001421, 56.15000000000000568 ) ) ;
#11940 = CYLINDRICAL_SURFACE ( 'NONE', #8622, 1.100000000000000311 ) ;
#11941 = DIRECTION ( 'NONE',  ( 0.000000000000000000, 0.000000000000000000, 1.000000000000000000 ) ) ;
#11942 = EDGE_CURVE ( 'NONE', #13060, #8082, #13116, .T. ) ;
#11943 = DIRECTION ( 'NONE',  ( 1.000000000000000000, -0.000000000000000000, 0.000000000000000000 ) ) ;
#11944 = CARTESIAN_POINT ( 'NONE',  ( 0.000000000000000000, 26.99999999999999289, 58.00000000000000000 ) ) ;
#11945 = VERTEX_POINT ( 'NONE', #5201 ) ;
#11946 = LINE ( 'NONE', #11751, #11625 ) ;
#11947 = LINE ( 'NONE', #10019, #6133 ) ;
#11948 = EDGE_CURVE ( 'NONE', #8293, #10181, #8081, .T. ) ;
#11949 = LINE ( 'NONE', #12871, #12913 ) ;
#11950 = ORIENTED_EDGE ( 'NONE', *, *, #9208, .F. ) ;
#11951 = ORIENTED_EDGE ( 'NONE', *, *, #4544, .F. ) ;
#11952 = LINE ( 'NONE', #12138, #1404 ) ;
#11953 = DIRECTION ( 'NONE',  ( 0.000000000000000000, 0.000000000000000000, -1.000000000000000000 ) ) ;
#11954 = CARTESIAN_POINT ( 'NONE',  ( 28.75000000000000000, 2.342223637263885949E-13, 67.51000000000000512 ) ) ;
#11955 = DIRECTION ( 'NONE',  ( -0.000000000000000000, 1.000000000000000000, -0.000000000000000000 ) ) ;
#11956 = ADVANCED_FACE ( 'NONE', ( #153 ), #347, .F. ) ;
#11957 = CARTESIAN_POINT ( 'NONE',  ( -46.00000000000004974, 29.99999999999999289, 44.59999999999999432 ) ) ;
#11958 = ORIENTED_EDGE ( 'NONE', *, *, #2577, .T. ) ;
#11959 = ORIENTED_EDGE ( 'NONE', *, *, #2294, .T. ) ;
#11960 = ORIENTED_EDGE ( 'NONE', *, *, #5208, .F. ) ;
#11961 = ORIENTED_EDGE ( 'NONE', *, *, #13130, .F. ) ;
#11962 = ADVANCED_FACE ( 'NONE', ( #4871 ), #9105, .F. ) ;
#11963 = ORIENTED_EDGE ( 'NONE', *, *, #6229, .T. ) ;
#11964 = EDGE_LOOP ( 'NONE', ( #12494, #8919 ) ) ;
#11965 = DIRECTION ( 'NONE',  ( -1.000000000000000000, -0.000000000000000000, -0.000000000000000000 ) ) ;
#11966 = CARTESIAN_POINT ( 'NONE',  ( -58.25000000000019185, 10.50000000000008527, 50.50000000000000000 ) ) ;
#11967 = CARTESIAN_POINT ( 'NONE',  ( 35.74999999999983658, -10.00000000000000533, -8.500000000000001776 ) ) ;
#11968 = CARTESIAN_POINT ( 'NONE',  ( 31.00000000000004974, 26.99999999999999289, -5.377642775528110828E-14 ) ) ;
#11969 = CARTESIAN_POINT ( 'NONE',  ( -28.75000000000000355, -31.75000000000000000, 22.60434383594886754 ) ) ;
#11970 = CYLINDRICAL_SURFACE ( 'NONE', #6779, 2.499999999999995115 ) ;
#11971 = FACE_OUTER_BOUND ( 'NONE', #680, .T. ) ;
#11972 = VERTEX_POINT ( 'NONE', #7849 ) ;
#11973 = CARTESIAN_POINT ( 'NONE',  ( -22.00000000000003197, 14.24999999999999822, -2.999999999999991562 ) ) ;
#11974 = ORIENTED_EDGE ( 'NONE', *, *, #7624, .F. ) ;
#11975 = AXIS2_PLACEMENT_3D ( 'NONE', #8179, #12216, #1130 ) ;
#11976 = DIRECTION ( 'NONE',  ( -0.9486832980505138790, 0.3162277660168377746, 0.000000000000000000 ) ) ;
#11977 = VERTEX_POINT ( 'NONE', #9029 ) ;
#11978 = ORIENTED_EDGE ( 'NONE', *, *, #2074, .T. ) ;
#11979 = LINE ( 'NONE', #6749, #6946 ) ;
#11980 = DIRECTION ( 'NONE',  ( -1.000000000000000000, -0.000000000000000000, -0.000000000000000000 ) ) ;
#11981 = DIRECTION ( 'NONE',  ( 0.3162277660168377191, 0.9486832980505138790, 0.000000000000000000 ) ) ;
#11982 = CARTESIAN_POINT ( 'NONE',  ( 33.71929988493746322, -28.00000000000000355, -5.339761809553717598 ) ) ;
#11983 = CARTESIAN_POINT ( 'NONE',  ( 23.75000000000000000, 3.500000000000096811, 67.50999999999999091 ) ) ;
#11984 = AXIS2_PLACEMENT_3D ( 'NONE', #1522, #3609, #1676 ) ;
#11985 = ORIENTED_EDGE ( 'NONE', *, *, #4927, .F. ) ;
#11986 = DIRECTION ( 'NONE',  ( 1.000000000000000000, 0.000000000000000000, 0.000000000000000000 ) ) ;
#11987 = CARTESIAN_POINT ( 'NONE',  ( -14.30000000000000426, 38.26999999999998892, 22.60434383594887109 ) ) ;
#11988 = ADVANCED_FACE ( 'NONE', ( #1060 ), #4049, .T. ) ;
#11989 = CARTESIAN_POINT ( 'NONE',  ( 85.99999999999994316, 0.000000000000000000, 60.00000000000000711 ) ) ;
#11990 = EDGE_LOOP ( 'NONE', ( #5792, #10727, #9860, #4472 ) ) ;
#11991 = DIRECTION ( 'NONE',  ( -0.000000000000000000, 0.000000000000000000, -1.000000000000000000 ) ) ;
#11992 = ORIENTED_EDGE ( 'NONE', *, *, #3549, .T. ) ;
#11993 = ORIENTED_EDGE ( 'NONE', *, *, #10219, .F. ) ;
#11994 = CIRCLE ( 'NONE', #8388, 2.000000000000002665 ) ;
#11995 = LINE ( 'NONE', #3034, #11203 ) ;
#11996 = LINE ( 'NONE', #10826, #5627 ) ;
#11997 = PLANE ( 'NONE',  #12019 ) ;
#11998 = DIRECTION ( 'NONE',  ( -0.000000000000000000, -1.000000000000000000, -0.000000000000000000 ) ) ;
#11999 = ADVANCED_FACE ( 'NONE', ( #7970 ), #8107, .F. ) ;
#12000 = CARTESIAN_POINT ( 'NONE',  ( 85.99999999999994316, 25.99999999999999289, 56.00000000000000711 ) ) ;
#12001 = VECTOR ( 'NONE', #7982, 1000.000000000000000 ) ;
#12002 = CARTESIAN_POINT ( 'NONE',  ( 0.000000000000000000, 26.99999999999999289, 48.00000000000000000 ) ) ;
#12003 = AXIS2_PLACEMENT_3D ( 'NONE', #12698, #4530, #5536 ) ;
#12004 = LINE ( 'NONE', #9824, #8869 ) ;
#12005 = VECTOR ( 'NONE', #4155, 1000.000000000000000 ) ;
#12006 = EDGE_LOOP ( 'NONE', ( #1782, #4632 ) ) ;
#12007 = VERTEX_POINT ( 'NONE', #7907 ) ;
#12008 = ADVANCED_FACE ( 'NONE', ( #3855 ), #10904, .T. ) ;
#12009 = ADVANCED_FACE ( 'NONE', ( #3309, #9483 ), #12276, .T. ) ;
#12010 = ORIENTED_EDGE ( 'NONE', *, *, #677, .T. ) ;
#12011 = EDGE_CURVE ( 'NONE', #4946, #4274, #10367, .T. ) ;
#12012 = VECTOR ( 'NONE', #5211, 1000.000000000000000 ) ;
#12013 = VECTOR ( 'NONE', #1724, 1000.000000000000000 ) ;
#12014 = LINE ( 'NONE', #2926, #9244 ) ;
#12015 = CARTESIAN_POINT ( 'NONE',  ( -29.99999999999997158, -19.99999999999999289, -40.00000000000000000 ) ) ;
#12016 = EDGE_CURVE ( 'NONE', #8041, #5249, #5317, .T. ) ;
#12017 = CIRCLE ( 'NONE', #1439, 4.000000000000003553 ) ;
#12018 = FACE_OUTER_BOUND ( 'NONE', #7263, .T. ) ;
#12019 = AXIS2_PLACEMENT_3D ( 'NONE', #8026, #2909, #11137 ) ;
#12020 = CARTESIAN_POINT ( 'NONE',  ( -90.00000000000005684, -30.00000000000000711, -40.00000000000000000 ) ) ;
#12021 = VECTOR ( 'NONE', #504, 1000.000000000000000 ) ;
#12022 = DIRECTION ( 'NONE',  ( 0.000000000000000000, 0.000000000000000000, 1.000000000000000000 ) ) ;
#12023 = ORIENTED_EDGE ( 'NONE', *, *, #5974, .T. ) ;
#12024 = ORIENTED_EDGE ( 'NONE', *, *, #6028, .T. ) ;
#12025 = VERTEX_POINT ( 'NONE', #8243 ) ;
#12026 = VECTOR ( 'NONE', #11426, 1000.000000000000000 ) ;
#12027 = EDGE_CURVE ( 'NONE', #2281, #2774, #6309, .T. ) ;
#12028 = ORIENTED_EDGE ( 'NONE', *, *, #9117, .T. ) ;
#12029 = ORIENTED_EDGE ( 'NONE', *, *, #11741, .F. ) ;
#12030 = VECTOR ( 'NONE', #6457, 1000.000000000000000 ) ;
#12031 = ORIENTED_EDGE ( 'NONE', *, *, #6544, .F. ) ;
#12032 = CIRCLE ( 'NONE', #1632, 2.000000000000001776 ) ;
#12033 = DIRECTION ( 'NONE',  ( 1.000000000000000000, -0.000000000000000000, -0.000000000000000000 ) ) ;
#12034 = LINE ( 'NONE', #7052, #761 ) ;
#12035 = DIRECTION ( 'NONE',  ( -1.000000000000000000, -0.000000000000000000, -0.000000000000000000 ) ) ;
#12036 = AXIS2_PLACEMENT_3D ( 'NONE', #8299, #11422, #384 ) ;
#12037 = AXIS2_PLACEMENT_3D ( 'NONE', #11318, #9384, #348 ) ;
#12038 = EDGE_CURVE ( 'NONE', #12200, #2224, #5171, .T. ) ;
#12039 = LINE ( 'NONE', #10042, #8046 ) ;
#12040 = PLANE ( 'NONE',  #9246 ) ;
#12041 = ORIENTED_EDGE ( 'NONE', *, *, #2181, .T. ) ;
#12042 = CIRCLE ( 'NONE', #11190, 4.000000000000010658 ) ;
#12043 = DIRECTION ( 'NONE',  ( 0.000000000000000000, -0.000000000000000000, 1.000000000000000000 ) ) ;
#12044 = VECTOR ( 'NONE', #5071, 1000.000000000000000 ) ;
#12045 = AXIS2_PLACEMENT_3D ( 'NONE', #5313, #4362, #242 ) ;
#12046 = CIRCLE ( 'NONE', #12902, 0.5000000000000004441 ) ;
#12047 = ORIENTED_EDGE ( 'NONE', *, *, #7155, .F. ) ;
#12048 = ORIENTED_EDGE ( 'NONE', *, *, #10083, .F. ) ;
#12049 = AXIS2_PLACEMENT_3D ( 'NONE', #2623, #11727, #1610 ) ;
#12050 = EDGE_CURVE ( 'NONE', #2711, #8073, #4206, .T. ) ;
#12051 = EDGE_CURVE ( 'NONE', #5393, #3025, #7358, .T. ) ;
#12052 = LINE ( 'NONE', #3756, #1003 ) ;
#12053 = DIRECTION ( 'NONE',  ( -1.000000000000000000, 0.000000000000000000, 1.416100796715761603E-16 ) ) ;
#12054 = DIRECTION ( 'NONE',  ( -1.000000000000000000, 0.000000000000000000, 0.000000000000000000 ) ) ;
#12055 = CIRCLE ( 'NONE', #9509, 2.500000000000002220 ) ;
#12056 = CARTESIAN_POINT ( 'NONE',  ( -29.99999999999998224, 19.99999999999999289, -4.999999999999990230 ) ) ;
#12057 = VECTOR ( 'NONE', #9030, 1000.000000000000000 ) ;
#12058 = ORIENTED_EDGE ( 'NONE', *, *, #10573, .F. ) ;
#12059 = FACE_OUTER_BOUND ( 'NONE', #9164, .T. ) ;
#12060 = CARTESIAN_POINT ( 'NONE',  ( -23.74999999999999645, -16.99999999999991473, 60.00000000000000711 ) ) ;
#12061 = CIRCLE ( 'NONE', #610, 10.00000000000000000 ) ;
#12062 = VERTEX_POINT ( 'NONE', #3128 ) ;
#12063 = CARTESIAN_POINT ( 'NONE',  ( 0.000000000000000000, 26.99999999999999289, 48.00000000000000000 ) ) ;
#12064 = VECTOR ( 'NONE', #8930, 1000.000000000000000 ) ;
#12065 = EDGE_LOOP ( 'NONE', ( #8714, #1041, #12785, #11241 ) ) ;
#12066 = VERTEX_POINT ( 'NONE', #4182 ) ;
#12067 = DIRECTION ( 'NONE',  ( 1.000000000000000000, 0.000000000000000000, 0.000000000000000000 ) ) ;
#12068 = ADVANCED_FACE ( 'NONE', ( #6181 ), #4104, .T. ) ;
#12069 = LINE ( 'NONE', #782, #5234 ) ;
#12070 = CARTESIAN_POINT ( 'NONE',  ( 62.90000000000004121, 29.99999999999999289, 56.00000000000000000 ) ) ;
#12071 = AXIS2_PLACEMENT_3D ( 'NONE', #10834, #6499, #9556 ) ;
#12072 = PLANE ( 'NONE',  #3347 ) ;
#12073 = CARTESIAN_POINT ( 'NONE',  ( 23.74999999999982947, -15.00000000000001066, 10.00000000000000000 ) ) ;
#12074 = CARTESIAN_POINT ( 'NONE',  ( -14.29999999999999005, -45.50000000000000711, 51.00000000000000000 ) ) ;
#12075 = ORIENTED_EDGE ( 'NONE', *, *, #4627, .T. ) ;
#12076 = DIRECTION ( 'NONE',  ( -1.000000000000000000, -0.000000000000000000, 1.469412826709765601E-14 ) ) ;
#12077 = DIRECTION ( 'NONE',  ( 1.000000000000000000, -0.000000000000000000, 0.000000000000000000 ) ) ;
#12078 = ORIENTED_EDGE ( 'NONE', *, *, #1380, .T. ) ;
#12079 = VERTEX_POINT ( 'NONE', #8166 ) ;
#12080 = AXIS2_PLACEMENT_3D ( 'NONE', #1302, #11674, #4434 ) ;
#12081 = VERTEX_POINT ( 'NONE', #1118 ) ;
#12082 = DIRECTION ( 'NONE',  ( 1.416100796715761356E-16, 0.000000000000000000, 1.000000000000000000 ) ) ;
#12083 = DIRECTION ( 'NONE',  ( 0.000000000000000000, -0.000000000000000000, -1.000000000000000000 ) ) ;
#12084 = LINE ( 'NONE', #1056, #5852 ) ;
#12085 = DIRECTION ( 'NONE',  ( -0.000000000000000000, 0.000000000000000000, -1.000000000000000000 ) ) ;
#12086 = EDGE_CURVE ( 'NONE', #7738, #7025, #7230, .T. ) ;
#12087 = CARTESIAN_POINT ( 'NONE',  ( -44.00000000000003553, 26.99999999999999289, -6.230843505549355095E-15 ) ) ;
#12088 = DIRECTION ( 'NONE',  ( 0.000000000000000000, 4.625929269271487886E-16, -1.000000000000000000 ) ) ;
#12089 = FACE_OUTER_BOUND ( 'NONE', #3663, .T. ) ;
#12090 = VERTEX_POINT ( 'NONE', #2190 ) ;
#12091 = VERTEX_POINT ( 'NONE', #1318 ) ;
#12092 = ORIENTED_EDGE ( 'NONE', *, *, #7986, .T. ) ;
#12093 = ADVANCED_FACE ( 'NONE', ( #10285 ), #1181, .T. ) ;
#12094 = ORIENTED_EDGE ( 'NONE', *, *, #1390, .F. ) ;
#12095 = EDGE_LOOP ( 'NONE', ( #3360, #2278, #20, #6574, #2316, #8531, #1520 ) ) ;
#12096 = EDGE_CURVE ( 'NONE', #98, #2375, #9299, .T. ) ;
#12097 = ORIENTED_EDGE ( 'NONE', *, *, #6992, .F. ) ;
#12098 = CARTESIAN_POINT ( 'NONE',  ( 72.00000000000002842, 26.99999999999999289, 48.00000000000000000 ) ) ;
#12099 = CARTESIAN_POINT ( 'NONE',  ( 34.00000000000002842, 29.99999999999999289, 6.000000000000006217 ) ) ;
#12100 = CARTESIAN_POINT ( 'NONE',  ( 38.24999999999982947, -5.000000000000004441, -23.00000000000000355 ) ) ;
#12101 = DIRECTION ( 'NONE',  ( 1.000000000000000000, -0.000000000000000000, -0.000000000000000000 ) ) ;
#12102 = EDGE_CURVE ( 'NONE', #5819, #8700, #4303, .T. ) ;
#12103 = DIRECTION ( 'NONE',  ( 0.000000000000000000, 0.000000000000000000, -1.000000000000000000 ) ) ;
#12104 = ORIENTED_EDGE ( 'NONE', *, *, #8687, .T. ) ;
#12105 = DIRECTION ( 'NONE',  ( -0.000000000000000000, 1.000000000000000000, -0.000000000000000000 ) ) ;
#12106 = LINE ( 'NONE', #1021, #10532 ) ;
#12107 = EDGE_CURVE ( 'NONE', #7635, #9279, #9412, .T. ) ;
#12108 = ORIENTED_EDGE ( 'NONE', *, *, #11361, .T. ) ;
#12109 = VERTEX_POINT ( 'NONE', #12329 ) ;
#12110 = ORIENTED_EDGE ( 'NONE', *, *, #694, .T. ) ;
#12111 = DIRECTION ( 'NONE',  ( -1.387778780781445676E-16, -0.000000000000000000, 1.000000000000000000 ) ) ;
#12112 = CARTESIAN_POINT ( 'NONE',  ( 36.00000000000002842, 26.99999999999999289, -5.097962868176746799E-15 ) ) ;
#12113 = PLANE ( 'NONE',  #8890 ) ;
#12114 = ADVANCED_FACE ( 'NONE', ( #8429 ), #3247, .F. ) ;
#12115 = DIRECTION ( 'NONE',  ( 1.000000000000000000, 0.000000000000000000, 1.387778780781445676E-16 ) ) ;
#12116 = ORIENTED_EDGE ( 'NONE', *, *, #31, .F. ) ;
#12117 = DIRECTION ( 'NONE',  ( -0.000000000000000000, -1.000000000000000000, 0.000000000000000000 ) ) ;
#12118 = VERTEX_POINT ( 'NONE', #3387 ) ;
#12119 = DIRECTION ( 'NONE',  ( 0.000000000000000000, 0.000000000000000000, 1.000000000000000000 ) ) ;
#12120 = VERTEX_POINT ( 'NONE', #11346 ) ;
#12121 = DIRECTION ( 'NONE',  ( -1.000000000000000000, 0.000000000000000000, 0.000000000000000000 ) ) ;
#12122 = ORIENTED_EDGE ( 'NONE', *, *, #10794, .F. ) ;
#12123 = ORIENTED_EDGE ( 'NONE', *, *, #8120, .F. ) ;
#12124 = DIRECTION ( 'NONE',  ( -0.000000000000000000, 1.000000000000000000, -0.000000000000000000 ) ) ;
#12125 = DIRECTION ( 'NONE',  ( 0.000000000000000000, 0.000000000000000000, -1.000000000000000000 ) ) ;
#12126 = LINE ( 'NONE', #6887, #8438 ) ;
#12127 = DIRECTION ( 'NONE',  ( 8.673617379884028570E-16, 1.000000000000000000, -0.000000000000000000 ) ) ;
#12128 = CARTESIAN_POINT ( 'NONE',  ( 28.74999999999999645, -52.50000000000000711, 60.00000000000000711 ) ) ;
#12129 = ORIENTED_EDGE ( 'NONE', *, *, #5404, .T. ) ;
#12130 = FACE_OUTER_BOUND ( 'NONE', #7681, .T. ) ;
#12131 = EDGE_CURVE ( 'NONE', #6736, #6652, #2249, .T. ) ;
#12132 = ORIENTED_EDGE ( 'NONE', *, *, #10153, .F. ) ;
#12133 = EDGE_LOOP ( 'NONE', ( #10004, #4966, #3890, #8726 ) ) ;
#12134 = EDGE_CURVE ( 'NONE', #12079, #12390, #1718, .T. ) ;
#12135 = ORIENTED_EDGE ( 'NONE', *, *, #117, .T. ) ;
#12136 = ADVANCED_FACE ( 'NONE', ( #5516 ), #12589, .F. ) ;
#12137 = FACE_OUTER_BOUND ( 'NONE', #4135, .T. ) ;
#12138 = CARTESIAN_POINT ( 'NONE',  ( 0.000000000000000000, 26.99999999999999289, 48.00000000000000000 ) ) ;
#12139 = CARTESIAN_POINT ( 'NONE',  ( -18.75000000000000355, 0.000000000000000000, 60.00000000000000711 ) ) ;
#12140 = DIRECTION ( 'NONE',  ( 1.000000000000000000, 0.000000000000000000, -0.000000000000000000 ) ) ;
#12141 = CARTESIAN_POINT ( 'NONE',  ( 35.74999999999983658, -30.00000000000000711, -25.50000000000000355 ) ) ;
#12142 = DIRECTION ( 'NONE',  ( -0.000000000000000000, -1.000000000000000000, -0.000000000000000000 ) ) ;
#12143 = CARTESIAN_POINT ( 'NONE',  ( -31.99999999999997158, -1.000000000000000000, -40.00000000000000000 ) ) ;
#12144 = LINE ( 'NONE', #7098, #6555 ) ;
#12145 = ORIENTED_EDGE ( 'NONE', *, *, #6580, .T. ) ;
#12146 = ORIENTED_EDGE ( 'NONE', *, *, #11761, .F. ) ;
#12147 = VERTEX_POINT ( 'NONE', #1565 ) ;
#12148 = VERTEX_POINT ( 'NONE', #2524 ) ;
#12149 = ORIENTED_EDGE ( 'NONE', *, *, #8154, .F. ) ;
#12150 = EDGE_CURVE ( 'NONE', #5738, #9486, #596, .T. ) ;
#12151 = LINE ( 'NONE', #4940, #4577 ) ;
#12152 = DIRECTION ( 'NONE',  ( -0.000000000000000000, 1.000000000000000000, -0.000000000000000000 ) ) ;
#12153 = DIRECTION ( 'NONE',  ( 1.000000000000000000, -0.000000000000000000, -0.000000000000000000 ) ) ;
#12154 = CYLINDRICAL_SURFACE ( 'NONE', #11975, 4.000000000000003553 ) ;
#12155 = DIRECTION ( 'NONE',  ( 1.000000000000000000, -0.000000000000000000, -0.000000000000000000 ) ) ;
#12156 = EDGE_CURVE ( 'NONE', #3622, #9449, #9086, .T. ) ;
#12157 = DIRECTION ( 'NONE',  ( 0.000000000000000000, 0.000000000000000000, 1.000000000000000000 ) ) ;
#12158 = FACE_OUTER_BOUND ( 'NONE', #9839, .T. ) ;
#12159 = EDGE_CURVE ( 'NONE', #2094, #5284, #3358, .T. ) ;
#12160 = VERTEX_POINT ( 'NONE', #6781 ) ;
#12161 = ORIENTED_EDGE ( 'NONE', *, *, #10698, .F. ) ;
#12162 = EDGE_LOOP ( 'NONE', ( #5309, #816, #6596, #9886 ) ) ;
#12163 = LINE ( 'NONE', #12231, #4167 ) ;
#12164 = DIRECTION ( 'NONE',  ( -1.000000000000000000, 0.000000000000000000, -1.416100796715761356E-16 ) ) ;
#12165 = EDGE_CURVE ( 'NONE', #5469, #5192, #7697, .T. ) ;
#12166 = CARTESIAN_POINT ( 'NONE',  ( -23.75000000000000000, -30.00000000000001421, 25.15000000000000568 ) ) ;
#12167 = DIRECTION ( 'NONE',  ( -0.000000000000000000, 1.000000000000000000, -0.000000000000000000 ) ) ;
#12168 = LINE ( 'NONE', #591, #2929 ) ;
#12169 = ORIENTED_EDGE ( 'NONE', *, *, #1484, .T. ) ;
#12170 = DIRECTION ( 'NONE',  ( -0.000000000000000000, -0.000000000000000000, -1.000000000000000000 ) ) ;
#12171 = ADVANCED_FACE ( 'NONE', ( #2441 ), #3442, .F. ) ;
#12172 = VERTEX_POINT ( 'NONE', #388 ) ;
#12173 = DIRECTION ( 'NONE',  ( 0.000000000000000000, 0.000000000000000000, 1.000000000000000000 ) ) ;
#12174 = ORIENTED_EDGE ( 'NONE', *, *, #12834, .F. ) ;
#12175 = EDGE_LOOP ( 'NONE', ( #4777, #3932, #1906, #4813 ) ) ;
#12176 =( NAMED_UNIT ( * ) PLANE_ANGLE_UNIT ( ) SI_UNIT ( $, .RADIAN. ) );
#12177 = LINE ( 'NONE', #6160, #8850 ) ;
#12178 = AXIS2_PLACEMENT_3D ( 'NONE', #12087, #5241, #4243 ) ;
#12179 = CARTESIAN_POINT ( 'NONE',  ( -70.00000000000000000, 22.99999999999999289, -15.00000000000000711 ) ) ;
#12180 = DIRECTION ( 'NONE',  ( -1.000000000000000000, 0.000000000000000000, 0.000000000000000000 ) ) ;
#12181 = DIRECTION ( 'NONE',  ( -1.000000000000000000, 0.000000000000000000, 0.000000000000000000 ) ) ;
#12182 = ORIENTED_EDGE ( 'NONE', *, *, #8687, .F. ) ;
#12183 = EDGE_CURVE ( 'NONE', #8924, #4991, #8697, .T. ) ;
#12184 = CARTESIAN_POINT ( 'NONE',  ( 18.75000000000000355, 37.53999999999999204, 51.00000000000000711 ) ) ;
#12185 = EDGE_LOOP ( 'NONE', ( #9868, #1818, #4501, #7340 ) ) ;
#12186 = ORIENTED_EDGE ( 'NONE', *, *, #12982, .F. ) ;
#12187 = VECTOR ( 'NONE', #10183, 1000.000000000000000 ) ;
#12188 = ORIENTED_EDGE ( 'NONE', *, *, #7884, .T. ) ;
#12189 = CARTESIAN_POINT ( 'NONE',  ( 33.28076952479507611, -30.00000000000000711, -8.108974603996028208 ) ) ;
#12190 = LINE ( 'NONE', #5165, #1605 ) ;
#12191 = VECTOR ( 'NONE', #8255, 1000.000000000000000 ) ;
#12192 = CARTESIAN_POINT ( 'NONE',  ( 38.21923047520460415, -28.00000000000000355, -8.108974603996035313 ) ) ;
#12193 = VECTOR ( 'NONE', #9701, 1000.000000000000000 ) ;
#12194 = DIRECTION ( 'NONE',  ( 1.000000000000000000, 0.000000000000000000, 0.000000000000000000 ) ) ;
#12195 = EDGE_CURVE ( 'NONE', #5878, #11001, #10587, .T. ) ;
#12196 = DIRECTION ( 'NONE',  ( -1.000000000000000000, 0.000000000000000000, 0.000000000000000000 ) ) ;
#12197 = LINE ( 'NONE', #4048, #2493 ) ;
#12198 = DIRECTION ( 'NONE',  ( 1.000000000000000000, -0.000000000000000000, 0.000000000000000000 ) ) ;
#12199 = DIRECTION ( 'NONE',  ( -0.000000000000000000, 1.000000000000000000, -0.000000000000000000 ) ) ;
#12200 = VERTEX_POINT ( 'NONE', #10687 ) ;
#12201 = ORIENTED_EDGE ( 'NONE', *, *, #10481, .T. ) ;
#12202 = ORIENTED_EDGE ( 'NONE', *, *, #8460, .F. ) ;
#12203 = AXIS2_PLACEMENT_3D ( 'NONE', #7744, #7623, #12726 ) ;
#12204 = AXIS2_PLACEMENT_3D ( 'NONE', #7504, #12759, #5803 ) ;
#12205 = AXIS2_PLACEMENT_3D ( 'NONE', #10872, #12115, #8946 ) ;
#12206 = ORIENTED_EDGE ( 'NONE', *, *, #7023, .T. ) ;
#12207 = VERTEX_POINT ( 'NONE', #8498 ) ;
#12208 = DIRECTION ( 'NONE',  ( -1.387778780781445676E-16, -0.000000000000000000, -1.000000000000000000 ) ) ;
#12209 = LINE ( 'NONE', #7182, #2885 ) ;
#12210 = AXIS2_PLACEMENT_3D ( 'NONE', #642, #4550, #8735 ) ;
#12211 = LINE ( 'NONE', #8928, #2448 ) ;
#12212 = CIRCLE ( 'NONE', #7354, 1.500000000000001332 ) ;
#12213 = VECTOR ( 'NONE', #1816, 1000.000000000000000 ) ;
#12214 = CIRCLE ( 'NONE', #6286, 3.500000000000008438 ) ;
#12215 = SURFACE_STYLE_USAGE ( .BOTH. , #1198 ) ;
#12216 = DIRECTION ( 'NONE',  ( -1.000000000000000000, 0.000000000000000000, -0.000000000000000000 ) ) ;
#12217 = CARTESIAN_POINT ( 'NONE',  ( 23.75000000000000000, 0.000000000000000000, 67.51000000000000512 ) ) ;
#12218 = AXIS2_PLACEMENT_3D ( 'NONE', #7298, #11362, #12103 ) ;
#12219 = FACE_OUTER_BOUND ( 'NONE', #5022, .T. ) ;
#12220 = VERTEX_POINT ( 'NONE', #666 ) ;
#12221 = VECTOR ( 'NONE', #3869, 1000.000000000000000 ) ;
#12222 = AXIS2_PLACEMENT_3D ( 'NONE', #1956, #10868, #1756 ) ;
#12223 = AXIS2_PLACEMENT_3D ( 'NONE', #2082, #6132, #9044 ) ;
#12224 = VERTEX_POINT ( 'NONE', #6576 ) ;
#12225 = ORIENTED_EDGE ( 'NONE', *, *, #932, .T. ) ;
#12226 = AXIS2_PLACEMENT_3D ( 'NONE', #10665, #4490, #9659 ) ;
#12227 = VERTEX_POINT ( 'NONE', #11545 ) ;
#12228 = VERTEX_POINT ( 'NONE', #8618 ) ;
#12229 = AXIS2_PLACEMENT_3D ( 'NONE', #5790, #9835, #3798 ) ;
#12230 = CARTESIAN_POINT ( 'NONE',  ( -22.00000000000003197, 19.99999999999999289, -4.999999999999990230 ) ) ;
#12231 = CARTESIAN_POINT ( 'NONE',  ( 35.74999999999983658, -28.00000000000000355, -28.00000000000000355 ) ) ;
#12232 = CARTESIAN_POINT ( 'NONE',  ( 34.00000000000002842, 26.99999999999999289, 20.20000000000000284 ) ) ;
#12233 = CIRCLE ( 'NONE', #10999, 4.000000000000017764 ) ;
#12234 = DIRECTION ( 'NONE',  ( 1.000000000000000000, -0.000000000000000000, -0.000000000000000000 ) ) ;
#12235 = AXIS2_PLACEMENT_3D ( 'NONE', #2645, #4075, #2019 ) ;
#12236 = LINE ( 'NONE', #9249, #11803 ) ;
#12237 = ORIENTED_EDGE ( 'NONE', *, *, #6332, .F. ) ;
#12238 = EDGE_CURVE ( 'NONE', #12062, #6652, #12669, .T. ) ;
#12239 = ORIENTED_EDGE ( 'NONE', *, *, #1749, .F. ) ;
#12240 = VECTOR ( 'NONE', #5607, 1000.000000000000000 ) ;
#12241 = ADVANCED_FACE ( 'NONE', ( #2586 ), #11752, .T. ) ;
#12242 = VECTOR ( 'NONE', #10397, 1000.000000000000000 ) ;
#12243 = DIRECTION ( 'NONE',  ( -1.000000000000000000, 0.000000000000000000, 0.000000000000000000 ) ) ;
#12244 = ORIENTED_EDGE ( 'NONE', *, *, #9117, .F. ) ;
#12245 = ORIENTED_EDGE ( 'NONE', *, *, #1086, .T. ) ;
#12246 = LINE ( 'NONE', #5407, #1418 ) ;
#12247 = VECTOR ( 'NONE', #1234, 1000.000000000000000 ) ;
#12248 = ADVANCED_FACE ( 'NONE', ( #12130 ), #791, .F. ) ;
#12249 = AXIS2_PLACEMENT_3D ( 'NONE', #4018, #6071, #2777 ) ;
#12250 = VERTEX_POINT ( 'NONE', #6969 ) ;
#12251 = ORIENTED_EDGE ( 'NONE', *, *, #7955, .F. ) ;
#12252 = LINE ( 'NONE', #1294, #8033 ) ;
#12253 = VECTOR ( 'NONE', #9408, 1000.000000000000000 ) ;
#12254 = DIRECTION ( 'NONE',  ( 1.000000000000000000, 0.000000000000000000, 1.734723475976807094E-15 ) ) ;
#12255 = ADVANCED_FACE ( 'NONE', ( #6893 ), #1854, .F. ) ;
#12256 = CARTESIAN_POINT ( 'NONE',  ( 62.90000000000005542, 26.99999999999999289, 0.000000000000000000 ) ) ;
#12257 = CARTESIAN_POINT ( 'NONE',  ( -30.00000000000003553, 14.24999999999999822, -2.999999999999992006 ) ) ;
#12258 = DIRECTION ( 'NONE',  ( 0.000000000000000000, -0.000000000000000000, 1.000000000000000000 ) ) ;
#12259 = ORIENTED_EDGE ( 'NONE', *, *, #8050, .T. ) ;
#12260 = AXIS2_PLACEMENT_3D ( 'NONE', #406, #12544, #2461 ) ;
#12261 = CARTESIAN_POINT ( 'NONE',  ( 14.30000000000000426, 37.53999999999999204, 47.00000000000000000 ) ) ;
#12262 = ORIENTED_EDGE ( 'NONE', *, *, #8828, .T. ) ;
#12263 = VECTOR ( 'NONE', #3428, 1000.000000000000227 ) ;
#12264 = ORIENTED_EDGE ( 'NONE', *, *, #8689, .T. ) ;
#12265 = VECTOR ( 'NONE', #6985, 1000.000000000000000 ) ;
#12266 = VERTEX_POINT ( 'NONE', #4775 ) ;
#12267 = CIRCLE ( 'NONE', #8049, 4.000000000000003553 ) ;
#12268 = LINE ( 'NONE', #9843, #2713 ) ;
#12269 = CARTESIAN_POINT ( 'NONE',  ( 47.40000000000004121, 29.99999999999999289, -0.000000000000000000 ) ) ;
#12270 = CARTESIAN_POINT ( 'NONE',  ( -28.00000000000003197, 19.99999999999999289, -2.999999999999991562 ) ) ;
#12271 = FACE_OUTER_BOUND ( 'NONE', #2330, .T. ) ;
#12272 = PLANE ( 'NONE',  #8176 ) ;
#12273 = EDGE_CURVE ( 'NONE', #67, #11846, #3899, .T. ) ;
#12274 = PLANE ( 'NONE',  #9275 ) ;
#12275 = CARTESIAN_POINT ( 'NONE',  ( -28.74999999999999645, 10.50000000000008527, 52.00000000000000711 ) ) ;
#12276 = PLANE ( 'NONE',  #1025 ) ;
#12277 = AXIS2_PLACEMENT_3D ( 'NONE', #11079, #1965, #6017 ) ;
#12278 = CARTESIAN_POINT ( 'NONE',  ( 35.74999999999983658, -28.00000000000000355, -25.50000000000000355 ) ) ;
#12279 = ORIENTED_EDGE ( 'NONE', *, *, #6035, .F. ) ;
#12280 = EDGE_LOOP ( 'NONE', ( #7761, #4289 ) ) ;
#12281 = ORIENTED_EDGE ( 'NONE', *, *, #7191, .F. ) ;
#12282 = ADVANCED_FACE ( 'NONE', ( #9825 ), #11037, .F. ) ;
#12283 = ORIENTED_EDGE ( 'NONE', *, *, #2463, .T. ) ;
#12284 = FACE_OUTER_BOUND ( 'NONE', #3585, .T. ) ;
#12285 = LINE ( 'NONE', #1325, #1814 ) ;
#12286 = CARTESIAN_POINT ( 'NONE',  ( -28.00000000000003197, 14.24999999999999822, -4.999999999999992006 ) ) ;
#12287 =( NAMED_UNIT ( * ) SI_UNIT ( $, .STERADIAN. ) SOLID_ANGLE_UNIT ( ) );
#12288 = FACE_OUTER_BOUND ( 'NONE', #10248, .T. ) ;
#12289 = CARTESIAN_POINT ( 'NONE',  ( 14.30000000000000426, 37.53999999999999204, 51.00000000000000711 ) ) ;
#12290 = DIRECTION ( 'NONE',  ( 0.000000000000000000, 0.000000000000000000, 1.000000000000000000 ) ) ;
#12291 = EDGE_CURVE ( 'NONE', #3506, #11143, #1458, .T. ) ;
#12292 = EDGE_CURVE ( 'NONE', #3217, #1569, #10960, .T. ) ;
#12293 = VERTEX_POINT ( 'NONE', #1923 ) ;
#12294 = VERTEX_POINT ( 'NONE', #1780 ) ;
#12295 = DIRECTION ( 'NONE',  ( -0.000000000000000000, -0.000000000000000000, 1.000000000000000000 ) ) ;
#12296 = CARTESIAN_POINT ( 'NONE',  ( -34.00000000000002842, 26.99999999999999289, 0.000000000000000000 ) ) ;
#12297 = DIRECTION ( 'NONE',  ( -0.000000000000000000, -1.000000000000000000, -0.000000000000000000 ) ) ;
#12298 = LINE ( 'NONE', #11314, #2956 ) ;
#12299 = CARTESIAN_POINT ( 'NONE',  ( -80.00000000000000000, 19.99999999999999289, -40.00000000000000000 ) ) ;
#12300 = VERTEX_POINT ( 'NONE', #971 ) ;
#12301 = CARTESIAN_POINT ( 'NONE',  ( 89.99999999999994316, 23.99999999999998579, 10.00000000000000178 ) ) ;
#12302 = DIRECTION ( 'NONE',  ( -1.000000000000000000, 0.000000000000000000, -1.416100796715761356E-16 ) ) ;
#12303 = VERTEX_POINT ( 'NONE', #5977 ) ;
#12304 = DIRECTION ( 'NONE',  ( -1.416100796715761603E-16, 0.000000000000000000, 1.000000000000000000 ) ) ;
#12305 = ORIENTED_EDGE ( 'NONE', *, *, #10437, .F. ) ;
#12306 = ORIENTED_EDGE ( 'NONE', *, *, #7426, .T. ) ;
#12307 = EDGE_CURVE ( 'NONE', #12160, #3170, #5037, .T. ) ;
#12308 = CARTESIAN_POINT ( 'NONE',  ( 0.000000000000000000, 29.99999999999999289, 56.00000000000000000 ) ) ;
#12309 = CARTESIAN_POINT ( 'NONE',  ( -23.74999999999999645, 0.000000000000000000, 60.00000000000000711 ) ) ;
#12310 = CARTESIAN_POINT ( 'NONE',  ( 34.00000000000002842, 26.99999999999999289, 0.000000000000000000 ) ) ;
#12311 = LINE ( 'NONE', #10211, #11015 ) ;
#12312 = DIRECTION ( 'NONE',  ( 0.000000000000000000, -0.000000000000000000, 1.000000000000000000 ) ) ;
#12313 = ORIENTED_EDGE ( 'NONE', *, *, #6673, .F. ) ;
#12314 = FACE_BOUND ( 'NONE', #10204, .T. ) ;
#12315 = DIRECTION ( 'NONE',  ( 1.000000000000000000, -0.000000000000000000, -1.387778780781445676E-16 ) ) ;
#12316 = ORIENTED_EDGE ( 'NONE', *, *, #256, .T. ) ;
#12317 = ORIENTED_EDGE ( 'NONE', *, *, #4096, .F. ) ;
#12318 = DIRECTION ( 'NONE',  ( 0.000000000000000000, 0.000000000000000000, 1.000000000000000000 ) ) ;
#12319 = ORIENTED_EDGE ( 'NONE', *, *, #1019, .F. ) ;
#12320 = EDGE_CURVE ( 'NONE', #7842, #890, #4013, .T. ) ;
#12321 = EDGE_CURVE ( 'NONE', #4184, #77, #5919, .T. ) ;
#12322 = CYLINDRICAL_SURFACE ( 'NONE', #7797, 4.000000000000010658 ) ;
#12323 = LINE ( 'NONE', #5368, #2472 ) ;
#12324 = FACE_OUTER_BOUND ( 'NONE', #6226, .T. ) ;
#12325 = CARTESIAN_POINT ( 'NONE',  ( 70.00000000000000000, 19.99999999999998934, -17.60000000000001208 ) ) ;
#12326 = CARTESIAN_POINT ( 'NONE',  ( 80.00000000000000000, 19.99999999999999289, 0.000000000000000000 ) ) ;
#12327 = VERTEX_POINT ( 'NONE', #3844 ) ;
#12328 = FACE_OUTER_BOUND ( 'NONE', #10020, .T. ) ;
#12329 = CARTESIAN_POINT ( 'NONE',  ( -74.00000000000004263, 26.99999999999999289, 59.87298334620741969 ) ) ;
#12330 = EDGE_CURVE ( 'NONE', #6000, #98, #11947, .T. ) ;
#12331 = CARTESIAN_POINT ( 'NONE',  ( -23.74999999999999645, -16.99999999999991473, 60.00000000000000711 ) ) ;
#12332 = ORIENTED_EDGE ( 'NONE', *, *, #10617, .F. ) ;
#12333 = ORIENTED_EDGE ( 'NONE', *, *, #8030, .F. ) ;
#12334 = ORIENTED_EDGE ( 'NONE', *, *, #2715, .T. ) ;
#12335 = ORIENTED_EDGE ( 'NONE', *, *, #7896, .F. ) ;
#12336 = DIRECTION ( 'NONE',  ( -0.000000000000000000, 1.000000000000000000, -0.000000000000000000 ) ) ;
#12337 = CARTESIAN_POINT ( 'NONE',  ( 34.00000000000003553, 26.99999999999999289, 44.60000000000000142 ) ) ;
#12338 = CARTESIAN_POINT ( 'NONE',  ( 0.000000000000000000, 26.99999999999999289, 48.00000000000000000 ) ) ;
#12339 = CARTESIAN_POINT ( 'NONE',  ( 28.74999999999982947, -4.999999999999913847, 35.00000000000000000 ) ) ;
#12340 = EDGE_CURVE ( 'NONE', #11878, #6838, #4920, .T. ) ;
#12341 = DIRECTION ( 'NONE',  ( -1.387778780781445676E-16, 0.000000000000000000, -1.000000000000000000 ) ) ;
#12342 = LINE ( 'NONE', #12217, #8846 ) ;
#12343 = ADVANCED_FACE ( 'NONE', ( #4976 ), #4159, .F. ) ;
#12344 = CARTESIAN_POINT ( 'NONE',  ( -74.00000000000004263, 29.99999999999999289, 0.000000000000000000 ) ) ;
#12345 = DIRECTION ( 'NONE',  ( 0.000000000000000000, -0.000000000000000000, -1.000000000000000000 ) ) ;
#12346 = ORIENTED_EDGE ( 'NONE', *, *, #7413, .F. ) ;
#12347 = EDGE_LOOP ( 'NONE', ( #11785, #905, #770, #4675 ) ) ;
#12348 = VERTEX_POINT ( 'NONE', #10413 ) ;
#12349 = EDGE_LOOP ( 'NONE', ( #11919, #6187, #6419, #1050 ) ) ;
#12350 = CARTESIAN_POINT ( 'NONE',  ( 36.00000000000002842, 26.99999999999999289, 20.20000000000000284 ) ) ;
#12351 = DIRECTION ( 'NONE',  ( -0.000000000000000000, 1.000000000000000000, -0.000000000000000000 ) ) ;
#12352 = CARTESIAN_POINT ( 'NONE',  ( -74.00000000000004263, 29.99999999999999289, 50.00000000000000000 ) ) ;
#12353 = ADVANCED_FACE ( 'NONE', ( #232 ), #4091, .F. ) ;
#12354 = DIRECTION ( 'NONE',  ( 0.000000000000000000, 0.000000000000000000, 1.000000000000000000 ) ) ;
#12355 = EDGE_CURVE ( 'NONE', #7979, #12535, #8223, .T. ) ;
#12356 = DIRECTION ( 'NONE',  ( -0.000000000000000000, -0.000000000000000000, -1.000000000000000000 ) ) ;
#12357 = EDGE_LOOP ( 'NONE', ( #8597, #685, #10923, #4333 ) ) ;
#12358 = DIRECTION ( 'NONE',  ( -1.734723475976807094E-15, 0.000000000000000000, -1.000000000000000000 ) ) ;
#12359 = DIRECTION ( 'NONE',  ( 1.000000000000000000, -0.000000000000000000, 0.000000000000000000 ) ) ;
#12360 = ORIENTED_EDGE ( 'NONE', *, *, #13020, .T. ) ;
#12361 = CARTESIAN_POINT ( 'NONE',  ( 62.90000000000005542, 29.99999999999999289, 0.000000000000000000 ) ) ;
#12362 = CARTESIAN_POINT ( 'NONE',  ( -90.00000000000005684, -26.00000000000000711, 5.999999999999998224 ) ) ;
#12363 = VERTEX_POINT ( 'NONE', #1305 ) ;
#12364 = EDGE_LOOP ( 'NONE', ( #12041, #12411 ) ) ;
#12365 = CARTESIAN_POINT ( 'NONE',  ( -46.00000000000004263, 26.99999999999999289, 0.000000000000000000 ) ) ;
#12366 = LINE ( 'NONE', #6280, #7141 ) ;
#12367 = DIRECTION ( 'NONE',  ( 0.9876921900819052302, 0.000000000000000000, -0.1564101584015871460 ) ) ;
#12368 = CARTESIAN_POINT ( 'NONE',  ( -14.30000000000000426, 38.26999999999998892, 22.60434383594887109 ) ) ;
#12369 = EDGE_CURVE ( 'NONE', #12633, #10522, #4231, .T. ) ;
#12370 = PLANE ( 'NONE',  #1836 ) ;
#12371 = ORIENTED_EDGE ( 'NONE', *, *, #1952, .T. ) ;
#12372 = CARTESIAN_POINT ( 'NONE',  ( -31.00000000000004263, 29.99999999999999289, -4.999999999999999112 ) ) ;
#12373 = CARTESIAN_POINT ( 'NONE',  ( -20.00000000000003197, 14.24999999999999822, -2.999999999999991562 ) ) ;
#12374 = EDGE_CURVE ( 'NONE', #4184, #9829, #8407, .T. ) ;
#12375 = ORIENTED_EDGE ( 'NONE', *, *, #31, .T. ) ;
#12376 = ORIENTED_EDGE ( 'NONE', *, *, #8795, .T. ) ;
#12377 = CARTESIAN_POINT ( 'NONE',  ( -23.74999999999998934, 4.999999999999990230, 60.00000000000000711 ) ) ;
#12378 = ORIENTED_EDGE ( 'NONE', *, *, #11337, .T. ) ;
#12379 = VECTOR ( 'NONE', #7704, 1000.000000000000000 ) ;
#12380 = FACE_OUTER_BOUND ( 'NONE', #7956, .T. ) ;
#12381 = CARTESIAN_POINT ( 'NONE',  ( -31.99999999999997158, 1.000000000000000000, 0.000000000000000000 ) ) ;
#12382 = DIRECTION ( 'NONE',  ( 1.000000000000000000, 0.000000000000000000, 0.000000000000000000 ) ) ;
#12383 = LINE ( 'NONE', #12528, #4418 ) ;
#12384 = LINE ( 'NONE', #9664, #2228 ) ;
#12385 = ORIENTED_EDGE ( 'NONE', *, *, #1096, .T. ) ;
#12386 = CARTESIAN_POINT ( 'NONE',  ( 72.00000000000002842, 26.99999999999999289, 48.00000000000000000 ) ) ;
#12387 = CIRCLE ( 'NONE', #12831, 1.100000000000000311 ) ;
#12388 = CARTESIAN_POINT ( 'NONE',  ( 24.00000000000002842, 16.99999999999996803, -34.75000000000000000 ) ) ;
#12389 = LINE ( 'NONE', #7044, #11643 ) ;
#12390 = VERTEX_POINT ( 'NONE', #11330 ) ;
#12391 = EDGE_LOOP ( 'NONE', ( #10704, #3457, #9687, #12316 ) ) ;
#12392 = EDGE_CURVE ( 'NONE', #11945, #4471, #7984, .T. ) ;
#12393 = ORIENTED_EDGE ( 'NONE', *, *, #3529, .T. ) ;
#12394 = AXIS2_PLACEMENT_3D ( 'NONE', #2907, #9958, #5968 ) ;
#12395 = ORIENTED_EDGE ( 'NONE', *, *, #3337, .F. ) ;
#12396 = DIRECTION ( 'NONE',  ( -0.000000000000000000, -1.000000000000000000, -0.000000000000000000 ) ) ;
#12397 = DIRECTION ( 'NONE',  ( -0.000000000000000000, 1.000000000000000000, -0.000000000000000000 ) ) ;
#12398 = VECTOR ( 'NONE', #517, 1000.000000000000000 ) ;
#12399 = DIRECTION ( 'NONE',  ( 0.000000000000000000, 0.000000000000000000, -1.000000000000000000 ) ) ;
#12400 = ADVANCED_FACE ( 'NONE', ( #5305 ), #7219, .T. ) ;
#12401 = DIRECTION ( 'NONE',  ( 0.000000000000000000, 3.154042683594194134E-16, -1.000000000000000000 ) ) ;
#12402 = PLANE ( 'NONE',  #7737 ) ;
#12403 = DIRECTION ( 'NONE',  ( 1.000000000000000000, -0.000000000000000000, -0.000000000000000000 ) ) ;
#12404 = AXIS2_PLACEMENT_3D ( 'NONE', #6053, #9041, #5130 ) ;
#12405 = CLOSED_SHELL ( 'NONE', ( #311, #1499, #12692, #3246, #3007, #287, #8043, #199, #8319, #5242, #10114, #293, #8386, #11701, #3596, #3043, #655, #6932, #10296, #11229, #8202, #12769, #10673, #5360, #3490, #1785, #8125, #11956, #8489, #11758, #3627, #6888, #2421, #1713, #1654, #8646, #11585, #12507, #12814, #5453, #8051, #5925, #11988, #2957, #4252, #7644, #3104, #6825, #10238, #10936, #11474, #12343, #11962, #2949, #8702, #8583, #896, #10151, #179, #12640, #2442, #3176, #3900, #12255, #6939, #12171, #9497, #12832, #11251, #11341, #9820, #2419, #10636, #3484, #8380, #6095, #5729, #5562, #6296, #4145, #4990, #2884, #3583, #10691, #4689, #667, #10467, #4264, #2690, #13005, #9589, #12435, #6784, #5299, #12009, #8126, #11024, #9620, #12890, #9204, #11532, #3821, #7175, #3271, #8840, #13048, #10415, #7525, #5066, #9520, #8708, #11922, #1924, #1974, #3088, #6141, #6264, #11006, #7019, #6752, #7916, #2024, #10630, #7943, #7762, #9223, #10893, #8371, #237, #10025, #4393, #4815, #1888, #11052, #9332, #6819, #11661, #11775, #3776, #8937, #5859, #6241, #7415, #485, #1097, #12951, #12136, #3868, #4901, #3906, #9513, #5330, #11120, #7291, #8036, #360, #6901, #5023, #4240, #1776, #1535, #1129, #10141, #10832, #1673, #12437, #4947, #12998, #7400, #4495, #3614, #12353, #2593, #3977, #4497, #1142, #6690, #2392, #6656, #6878, #3523, #10400, #1951, #3847, #3219, #2730, #2195, #4095, #9051, #3975, #7218, #8957, #6024, #1767, #2351, #12586, #7136, #6165, #3348, #2709, #1400, #10095, #2379, #5521, #94, #2273, #4706, #7902, #10970, #3142, #10399, #12114, #4508, #1953, #8322, #5289, #3886, #12241, #9324, #10307, #4980, #5190, #11462, #7813, #4322, #11899, #1611, #3182, #3786, #10632, #621, #3849, #10009, #4216, #12532, #9879, #7003, #1000, #4863, #8990, #10291, #8794, #3299, #4649, #5205, #9531, #3252, #10677, #10314, #12400, #11165, #1199, #5426, #3830, #8295, #12774, #6221, #7835, #8117, #5801, #3665, #9968, #366, #12008, #6588, #1602, #7323, #7944, #1969, #1807, #11299, #6998, #10953, #699, #2725, #6275, #3015, #9641, #9794, #8678, #8953, #6511, #1224, #12282, #2026, #4720, #12804, #706, #1730, #9021, #10516, #11928, #5326, #9209, #8522, #10753, #9918, #9933, #3016, #1113, #1229, #7523, #7782, #1563, #10424, #8055, #12582, #9148, #5129, #1863, #260, #11902, #3875, #5216, #12745, #8004, #7703, #1334, #5810, #11999, #9354, #4519, #10838, #11598, #8588, #12478, #8686, #6530, #916, #11463, #826, #10229, #7554, #10039, #9348, #10825, #1081, #5822, #12488, #10899, #2914, #1133, #4559, #3697, #8235, #7449, #5478, #10264, #10240, #8767, #12519, #10601, #5436, #12093, #4092, #12602, #12727, #5929, #1255, #5152, #5089, #5716, #2748, #1880, #3747, #2560, #408, #9093, #2503, #9581, #10855, #12248, #4768, #7958, #4926, #5290, #2797, #8845, #380, #2804, #4317, #7458, #1784, #2691, #10201, #4882, #6175, #6903, #7383, #12068, #4470, #11797, #1726, #4657, #12676, #5392, #2936, #1988 ) ) ;
#12406 = CARTESIAN_POINT ( 'NONE',  ( -66.00000000000002842, 29.99999999999999289, 0.000000000000000000 ) ) ;
#12407 = ORIENTED_EDGE ( 'NONE', *, *, #4396, .T. ) ;
#12408 = VECTOR ( 'NONE', #1961, 1000.000000000000000 ) ;
#12409 = CARTESIAN_POINT ( 'NONE',  ( -23.74999999999999645, -13.49999999999991473, 67.51000000000001933 ) ) ;
#12410 = ORIENTED_EDGE ( 'NONE', *, *, #10719, .F. ) ;
#12411 = ORIENTED_EDGE ( 'NONE', *, *, #12562, .T. ) ;
#12412 = VECTOR ( 'NONE', #1039, 1000.000000000000000 ) ;
#12413 = ORIENTED_EDGE ( 'NONE', *, *, #7927, .T. ) ;
#12414 = CARTESIAN_POINT ( 'NONE',  ( 38.24999999999982947, -5.000000000000004441, -11.50000000000000355 ) ) ;
#12415 = DIRECTION ( 'NONE',  ( 0.000000000000000000, 0.000000000000000000, 1.000000000000000000 ) ) ;
#12416 = AXIS2_PLACEMENT_3D ( 'NONE', #12501, #8725, #1476 ) ;
#12417 = CARTESIAN_POINT ( 'NONE',  ( -86.00000000000004263, 29.99999999999999289, 56.00000000000000711 ) ) ;
#12418 = DIRECTION ( 'NONE',  ( -1.000000000000000000, 0.000000000000000000, 0.000000000000000000 ) ) ;
#12419 = CYLINDRICAL_SURFACE ( 'NONE', #10969, 2.599999999999989431 ) ;
#12420 = ORIENTED_EDGE ( 'NONE', *, *, #1549, .F. ) ;
#12421 = AXIS2_PLACEMENT_3D ( 'NONE', #9634, #5467, #10584 ) ;
#12422 = CARTESIAN_POINT ( 'NONE',  ( -23.74999999999999289, -4.999999999999913847, 25.00000000000000000 ) ) ;
#12423 = VERTEX_POINT ( 'NONE', #3232 ) ;
#12424 = VECTOR ( 'NONE', #11747, 1000.000000000000000 ) ;
#12425 = AXIS2_PLACEMENT_3D ( 'NONE', #4743, #12904, #9849 ) ;
#12426 = PLANE ( 'NONE',  #4226 ) ;
#12427 = AXIS2_PLACEMENT_3D ( 'NONE', #3577, #12583, #6490 ) ;
#12428 = CIRCLE ( 'NONE', #800, 2.599999999999989431 ) ;
#12429 = DIRECTION ( 'NONE',  ( 0.000000000000000000, 0.000000000000000000, 1.000000000000000000 ) ) ;
#12430 = EDGE_CURVE ( 'NONE', #10522, #10487, #12267, .T. ) ;
#12431 = ORIENTED_EDGE ( 'NONE', *, *, #5385, .T. ) ;
#12432 = ORIENTED_EDGE ( 'NONE', *, *, #8968, .F. ) ;
#12433 = VECTOR ( 'NONE', #1252, 1000.000000000000000 ) ;
#12434 = PLANE ( 'NONE',  #8656 ) ;
#12435 = ADVANCED_FACE ( 'NONE', ( #5107 ), #10152, .F. ) ;
#12436 = VECTOR ( 'NONE', #12838, 1000.000000000000000 ) ;
#12437 = ADVANCED_FACE ( 'NONE', ( #95 ), #3371, .F. ) ;
#12438 = STYLED_ITEM ( 'NONE', ( #2147 ), #2757 ) ;
#12439 = CARTESIAN_POINT ( 'NONE',  ( -90.00000000000005684, 19.99999999999998934, 56.00000000000000711 ) ) ;
#12440 = DIRECTION ( 'NONE',  ( 1.000000000000000000, 0.000000000000000000, 0.000000000000000000 ) ) ;
#12441 = PLANE ( 'NONE',  #8442 ) ;
#12442 = VECTOR ( 'NONE', #10425, 1000.000000000000000 ) ;
#12443 = CARTESIAN_POINT ( 'NONE',  ( -90.00000000000005684, 29.99999999999999289, -40.00000000000000000 ) ) ;
#12444 = VECTOR ( 'NONE', #5630, 1000.000000000000000 ) ;
#12445 = ORIENTED_EDGE ( 'NONE', *, *, #1524, .T. ) ;
#12446 = DIRECTION ( 'NONE',  ( 0.000000000000000000, 0.000000000000000000, 1.000000000000000000 ) ) ;
#12447 = CARTESIAN_POINT ( 'NONE',  ( -36.00000000000002842, 26.99999999999999289, -5.097962868176746799E-15 ) ) ;
#12448 = VECTOR ( 'NONE', #1426, 1000.000000000000000 ) ;
#12449 = ORIENTED_EDGE ( 'NONE', *, *, #4345, .T. ) ;
#12450 = AXIS2_PLACEMENT_3D ( 'NONE', #2063, #10170, #1059 ) ;
#12451 = VERTEX_POINT ( 'NONE', #3292 ) ;
#12452 = DIRECTION ( 'NONE',  ( 0.000000000000000000, -0.000000000000000000, -1.000000000000000000 ) ) ;
#12453 = ORIENTED_EDGE ( 'NONE', *, *, #994, .T. ) ;
#12454 = VECTOR ( 'NONE', #1850, 1000.000000000000000 ) ;
#12455 = EDGE_CURVE ( 'NONE', #11045, #1688, #9341, .T. ) ;
#12456 = ORIENTED_EDGE ( 'NONE', *, *, #985, .F. ) ;
#12457 = AXIS2_PLACEMENT_3D ( 'NONE', #11558, #10699, #3519 ) ;
#12458 = DIRECTION ( 'NONE',  ( 0.000000000000000000, 0.000000000000000000, 1.000000000000000000 ) ) ;
#12459 = LINE ( 'NONE', #240, #1187 ) ;
#12460 = FACE_OUTER_BOUND ( 'NONE', #2544, .T. ) ;
#12461 = AXIS2_PLACEMENT_3D ( 'NONE', #3084, #2104, #8332 ) ;
#12462 = DIRECTION ( 'NONE',  ( 0.000000000000000000, 0.000000000000000000, 1.000000000000000000 ) ) ;
#12463 = CARTESIAN_POINT ( 'NONE',  ( -23.74999999999999645, 28.72393048225720946, 13.38665202235689122 ) ) ;
#12464 = VECTOR ( 'NONE', #764, 1000.000000000000000 ) ;
#12465 = VERTEX_POINT ( 'NONE', #11217 ) ;
#12466 = LINE ( 'NONE', #3386, #4607 ) ;
#12467 = AXIS2_PLACEMENT_3D ( 'NONE', #4304, #5318, #4247 ) ;
#12468 = DIRECTION ( 'NONE',  ( 0.000000000000000000, 0.000000000000000000, 1.000000000000000000 ) ) ;
#12469 = LINE ( 'NONE', #5517, #8453 ) ;
#12470 = ORIENTED_EDGE ( 'NONE', *, *, #6890, .T. ) ;
#12471 = ORIENTED_EDGE ( 'NONE', *, *, #3253, .F. ) ;
#12472 = ORIENTED_EDGE ( 'NONE', *, *, #12291, .T. ) ;
#12473 = VECTOR ( 'NONE', #8823, 1000.000000000000000 ) ;
#12474 = ORIENTED_EDGE ( 'NONE', *, *, #3175, .F. ) ;
#12475 = AXIS2_PLACEMENT_3D ( 'NONE', #7794, #2823, #7863 ) ;
#12476 = DIRECTION ( 'NONE',  ( -0.000000000000000000, 1.000000000000000000, -0.000000000000000000 ) ) ;
#12477 = CARTESIAN_POINT ( 'NONE',  ( 85.99999999999994316, 29.99999999999999289, 56.00000000000000711 ) ) ;
#12478 = ADVANCED_FACE ( 'NONE', ( #5159 ), #10347, .T. ) ;
#12480 = EDGE_CURVE ( 'NONE', #6400, #2814, #10271, .T. ) ;
#12479 = ORIENTED_EDGE ( 'NONE', *, *, #1843, .F. ) ;
#12481 = PLANE ( 'NONE',  #6479 ) ;
#12482 = VECTOR ( 'NONE', #10670, 1000.000000000000000 ) ;
#12483 = DIRECTION ( 'NONE',  ( -1.000000000000000000, 0.000000000000000000, 0.000000000000000000 ) ) ;
#12484 = CARTESIAN_POINT ( 'NONE',  ( -28.74999999999999645, -13.49999999999991473, 67.51000000000001933 ) ) ;
#12485 = PLANE ( 'NONE',  #8881 ) ;
#12486 = ORIENTED_EDGE ( 'NONE', *, *, #3208, .T. ) ;
#12487 = LINE ( 'NONE', #3401, #4422 ) ;
#12488 = ADVANCED_FACE ( 'NONE', ( #4288 ), #5359, .T. ) ;
#12489 = ORIENTED_EDGE ( 'NONE', *, *, #9682, .T. ) ;
#12490 = VERTEX_POINT ( 'NONE', #5420 ) ;
#12491 = VECTOR ( 'NONE', #2027, 1000.000000000000000 ) ;
#12492 = DIRECTION ( 'NONE',  ( 0.000000000000000000, 0.000000000000000000, -1.000000000000000000 ) ) ;
#12493 = ORIENTED_EDGE ( 'NONE', *, *, #1877, .T. ) ;
#12494 = ORIENTED_EDGE ( 'NONE', *, *, #2844, .F. ) ;
#12495 = EDGE_CURVE ( 'NONE', #4439, #3487, #1548, .T. ) ;
#12496 = CARTESIAN_POINT ( 'NONE',  ( 28.75000000000000000, 0.000000000000000000, 67.51000000000000512 ) ) ;
#12497 = DIRECTION ( 'NONE',  ( 1.000000000000000000, -0.000000000000000000, -0.000000000000000000 ) ) ;
#12498 = DIRECTION ( 'NONE',  ( -0.000000000000000000, 1.000000000000000000, -0.000000000000000000 ) ) ;
#12499 = DIRECTION ( 'NONE',  ( -0.000000000000000000, 1.000000000000000000, -0.000000000000000000 ) ) ;
#12500 = LINE ( 'NONE', #6662, #1669 ) ;
#12501 = CARTESIAN_POINT ( 'NONE',  ( 28.00000000000003197, 14.24999999999999822, -4.999999999999998224 ) ) ;
#12502 = ORIENTED_EDGE ( 'NONE', *, *, #6424, .F. ) ;
#12503 = EDGE_CURVE ( 'NONE', #2152, #1135, #4702, .T. ) ;
#12504 = CARTESIAN_POINT ( 'NONE',  ( 30.00000000000000000, -0.9999999999999579225, 0.000000000000000000 ) ) ;
#12505 = ORIENTED_EDGE ( 'NONE', *, *, #7493, .F. ) ;
#12506 = DIRECTION ( 'NONE',  ( 0.000000000000000000, 0.000000000000000000, 1.000000000000000000 ) ) ;
#12507 = ADVANCED_FACE ( 'NONE', ( #438, #6417, #12723 ), #9543, .T. ) ;
#12508 = CARTESIAN_POINT ( 'NONE',  ( -36.00000000000002842, 26.99999999999999289, 5.000000000000020428 ) ) ;
#12509 = VERTEX_POINT ( 'NONE', #2632 ) ;
#12510 = ORIENTED_EDGE ( 'NONE', *, *, #13099, .T. ) ;
#12511 = CARTESIAN_POINT ( 'NONE',  ( 14.30000000000000426, 37.53999999999999204, 51.00000000000000711 ) ) ;
#12512 = EDGE_CURVE ( 'NONE', #10110, #2856, #9666, .T. ) ;
#12513 = DIRECTION ( 'NONE',  ( -0.000000000000000000, -0.000000000000000000, -1.000000000000000000 ) ) ;
#12514 = CARTESIAN_POINT ( 'NONE',  ( -72.00000000000002842, 29.99999999999999289, 48.00000000000000000 ) ) ;
#12515 = PLANE ( 'NONE',  #10529 ) ;
#12516 = LINE ( 'NONE', #2627, #1030 ) ;
#12517 = CARTESIAN_POINT ( 'NONE',  ( 28.74999999999982947, -30.00000000000001421, 60.00000000000000711 ) ) ;
#12518 = VERTEX_POINT ( 'NONE', #3692 ) ;
#12519 = ADVANCED_FACE ( 'NONE', ( #7683 ), #2426, .T. ) ;
#12520 = CARTESIAN_POINT ( 'NONE',  ( 18.75000000000001066, -43.50000000000000711, 55.00000000000000711 ) ) ;
#12521 = ORIENTED_EDGE ( 'NONE', *, *, #12086, .T. ) ;
#12522 = ORIENTED_EDGE ( 'NONE', *, *, #8283, .F. ) ;
#12523 = DIRECTION ( 'NONE',  ( 1.000000000000000000, -0.000000000000000000, -1.387778780781445676E-16 ) ) ;
#12524 = VERTEX_POINT ( 'NONE', #1625 ) ;
#12525 = CARTESIAN_POINT ( 'NONE',  ( 28.74999999999982947, 10.50000000000008527, 19.50000000000000355 ) ) ;
#12526 = DIRECTION ( 'NONE',  ( -1.000000000000000000, -0.000000000000000000, 1.387778780781445676E-16 ) ) ;
#12527 = CARTESIAN_POINT ( 'NONE',  ( -31.00000000000003908, 26.99999999999999289, 5.000000000000003553 ) ) ;
#12528 = CARTESIAN_POINT ( 'NONE',  ( -23.74999999999999645, -15.00000000000001243, 56.14999999999999858 ) ) ;
#12529 = ORIENTED_EDGE ( 'NONE', *, *, #849, .F. ) ;
#12530 = CARTESIAN_POINT ( 'NONE',  ( 34.00000000000002842, 29.99999999999999289, -0.000000000000000000 ) ) ;
#12531 = CARTESIAN_POINT ( 'NONE',  ( -86.00000000000004263, -26.00000000000000711, 10.00000000000000000 ) ) ;
#12532 = ADVANCED_FACE ( 'NONE', ( #8541 ), #4436, .T. ) ;
#12533 = ORIENTED_EDGE ( 'NONE', *, *, #8090, .T. ) ;
#12534 = ORIENTED_EDGE ( 'NONE', *, *, #2620, .T. ) ;
#12535 = VERTEX_POINT ( 'NONE', #12520 ) ;
#12536 = EDGE_CURVE ( 'NONE', #6715, #2198, #3486, .T. ) ;
#12537 = DIRECTION ( 'NONE',  ( 1.000000000000000000, 0.000000000000000000, -0.000000000000000000 ) ) ;
#12538 = PLANE ( 'NONE',  #3727 ) ;
#12539 = LINE ( 'NONE', #4665, #5612 ) ;
#12540 = EDGE_CURVE ( 'NONE', #8569, #3991, #11533, .T. ) ;
#12541 = CARTESIAN_POINT ( 'NONE',  ( 28.75000000000001066, 37.53999999999999204, 48.50000000000000000 ) ) ;
#12542 = PLANE ( 'NONE',  #3793 ) ;
#12543 = VERTEX_POINT ( 'NONE', #1436 ) ;
#12544 = DIRECTION ( 'NONE',  ( 0.000000000000000000, 0.000000000000000000, -1.000000000000000000 ) ) ;
#12545 = ORIENTED_EDGE ( 'NONE', *, *, #11543, .T. ) ;
#12546 = EDGE_CURVE ( 'NONE', #3809, #4907, #3432, .T. ) ;
#12547 = ORIENTED_EDGE ( 'NONE', *, *, #6406, .F. ) ;
#12548 = ORIENTED_EDGE ( 'NONE', *, *, #1066, .T. ) ;
#12549 = DIRECTION ( 'NONE',  ( -1.000000000000000000, 0.000000000000000000, 0.000000000000000000 ) ) ;
#12550 = ORIENTED_EDGE ( 'NONE', *, *, #2853, .F. ) ;
#12551 = ORIENTED_EDGE ( 'NONE', *, *, #922, .F. ) ;
#12552 = LINE ( 'NONE', #7506, #312 ) ;
#12553 = LINE ( 'NONE', #9640, #805 ) ;
#12554 = EDGE_CURVE ( 'NONE', #11937, #1316, #10539, .T. ) ;
#12555 = DIRECTION ( 'NONE',  ( 0.3162277660168377191, -0.9486832980505138790, -0.000000000000000000 ) ) ;
#12556 = FACE_BOUND ( 'NONE', #11425, .T. ) ;
#12557 = CARTESIAN_POINT ( 'NONE',  ( -28.74999999999999645, 10.50000000000008527, 21.00000000000000355 ) ) ;
#12558 = ORIENTED_EDGE ( 'NONE', *, *, #2090, .F. ) ;
#12559 = CARTESIAN_POINT ( 'NONE',  ( 60.90000000000003411, 26.99999999999999289, 0.000000000000000000 ) ) ;
#12560 = ORIENTED_EDGE ( 'NONE', *, *, #9651, .T. ) ;
#12561 = LINE ( 'NONE', #5546, #5942 ) ;
#12562 = EDGE_CURVE ( 'NONE', #7990, #12674, #9312, .T. ) ;
#12563 = EDGE_CURVE ( 'NONE', #7431, #9323, #11676, .T. ) ;
#12564 = CARTESIAN_POINT ( 'NONE',  ( 34.00000000000002842, 26.99999999999999289, 5.000000000000005329 ) ) ;
#12565 = ORIENTED_EDGE ( 'NONE', *, *, #4584, .F. ) ;
#12566 = ORIENTED_EDGE ( 'NONE', *, *, #301, .F. ) ;
#12567 = CARTESIAN_POINT ( 'NONE',  ( -46.00000000000004974, 26.99999999999999289, 0.000000000000000000 ) ) ;
#12568 = CARTESIAN_POINT ( 'NONE',  ( -28.74999999999999645, 46.53999999999999204, 60.00000000000002132 ) ) ;
#12569 = DIRECTION ( 'NONE',  ( 1.000000000000000000, 0.000000000000000000, 0.000000000000000000 ) ) ;
#12570 = FACE_OUTER_BOUND ( 'NONE', #3767, .T. ) ;
#12571 = FACE_OUTER_BOUND ( 'NONE', #6258, .T. ) ;
#12572 = CARTESIAN_POINT ( 'NONE',  ( 0.000000000000000000, 26.99999999999999289, 30.39999999999999858 ) ) ;
#12573 = ORIENTED_EDGE ( 'NONE', *, *, #3789, .F. ) ;
#12574 = FACE_BOUND ( 'NONE', #1685, .T. ) ;
#12575 = DIRECTION ( 'NONE',  ( 0.000000000000000000, 1.000000000000000000, 0.000000000000000000 ) ) ;
#12576 = ORIENTED_EDGE ( 'NONE', *, *, #1453, .F. ) ;
#12577 = EDGE_CURVE ( 'NONE', #8276, #2829, #1493, .T. ) ;
#12578 = EDGE_LOOP ( 'NONE', ( #4758, #716, #8935, #54 ) ) ;
#12579 = CARTESIAN_POINT ( 'NONE',  ( 89.99999999999994316, -30.00000000000000711, -40.00000000000000000 ) ) ;
#12580 = VERTEX_POINT ( 'NONE', #2570 ) ;
#12581 = CARTESIAN_POINT ( 'NONE',  ( -36.00000000000002842, 26.99999999999999289, -5.097962868176746799E-15 ) ) ;
#12582 = ADVANCED_FACE ( 'NONE', ( #6619 ), #10672, .F. ) ;
#12583 = DIRECTION ( 'NONE',  ( -0.000000000000000000, 1.000000000000000000, -0.000000000000000000 ) ) ;
#12584 = CARTESIAN_POINT ( 'NONE',  ( 28.74999999999982947, -20.49999999999991473, 50.50000000000000000 ) ) ;
#12585 = DIRECTION ( 'NONE',  ( -1.000000000000000000, 0.000000000000000000, 0.000000000000000000 ) ) ;
#12586 = ADVANCED_FACE ( 'NONE', ( #8741 ), #2370, .F. ) ;
#12587 = DIRECTION ( 'NONE',  ( 0.000000000000000000, 0.000000000000000000, 1.000000000000000000 ) ) ;
#12588 = CYLINDRICAL_SURFACE ( 'NONE', #4195, 2.000000000000000444 ) ;
#12589 = PLANE ( 'NONE',  #9949 ) ;
#12590 = CARTESIAN_POINT ( 'NONE',  ( 23.74999999999999289, -20.49999999999991473, 18.00000000000000355 ) ) ;
#12591 = VERTEX_POINT ( 'NONE', #6759 ) ;
#12592 = ORIENTED_EDGE ( 'NONE', *, *, #12656, .F. ) ;
#12593 = ORIENTED_EDGE ( 'NONE', *, *, #4927, .T. ) ;
#12594 = CIRCLE ( 'NONE', #12821, 1.500000000000001332 ) ;
#12595 = CARTESIAN_POINT ( 'NONE',  ( -23.74999999999999645, 0.000000000000000000, 67.51000000000000512 ) ) ;
#12596 = EDGE_CURVE ( 'NONE', #2527, #5469, #11031, .T. ) ;
#12597 = CARTESIAN_POINT ( 'NONE',  ( 29.75000000000002487, 16.99999999999996803, -34.75000000000000000 ) ) ;
#12598 = LINE ( 'NONE', #4516, #11153 ) ;
#12599 = VERTEX_POINT ( 'NONE', #1909 ) ;
#12600 = EDGE_CURVE ( 'NONE', #1551, #852, #3947, .T. ) ;
#12601 = LINE ( 'NONE', #3594, #10954 ) ;
#12602 = ADVANCED_FACE ( 'NONE', ( #900 ), #4026, .T. ) ;
#12603 = VECTOR ( 'NONE', #12782, 1000.000000000000000 ) ;
#12604 = DIRECTION ( 'NONE',  ( -0.000000000000000000, 0.000000000000000000, -1.000000000000000000 ) ) ;
#12605 = DIRECTION ( 'NONE',  ( 0.000000000000000000, 0.000000000000000000, 1.000000000000000000 ) ) ;
#12606 = PRODUCT_DEFINITION_SHAPE ( 'NONE', 'NONE',  #12800 ) ;
#12607 = DIRECTION ( 'NONE',  ( 0.000000000000000000, 0.000000000000000000, -1.000000000000000000 ) ) ;
#12608 = EDGE_LOOP ( 'NONE', ( #8264, #6609, #249, #1878 ) ) ;
#12609 = CARTESIAN_POINT ( 'NONE',  ( 4.336808689942059151E-16, 26.99999999999999289, 3.000000000000010658 ) ) ;
#12610 = ORIENTED_EDGE ( 'NONE', *, *, #4756, .T. ) ;
#12611 = AXIS2_PLACEMENT_3D ( 'NONE', #11150, #8102, #3908 ) ;
#12612 = ORIENTED_EDGE ( 'NONE', *, *, #9899, .T. ) ;
#12613 = ORIENTED_EDGE ( 'NONE', *, *, #2533, .F. ) ;
#12614 = CARTESIAN_POINT ( 'NONE',  ( 7.500000000000000000, -20.00000000000000000, -40.00000000000000000 ) ) ;
#12615 = ORIENTED_EDGE ( 'NONE', *, *, #2601, .F. ) ;
#12616 = DIRECTION ( 'NONE',  ( -0.000000000000000000, 1.000000000000000000, -0.000000000000000000 ) ) ;
#12617 = FACE_OUTER_BOUND ( 'NONE', #6698, .T. ) ;
#12618 = CARTESIAN_POINT ( 'NONE',  ( -74.00000000000004263, 26.99999999999999289, 0.000000000000000000 ) ) ;
#12619 = LINE ( 'NONE', #538, #6956 ) ;
#12620 = AXIS2_PLACEMENT_3D ( 'NONE', #7275, #11603, #2237 ) ;
#12621 = CYLINDRICAL_SURFACE ( 'NONE', #133, 3.500000000000006661 ) ;
#12622 = FACE_BOUND ( 'NONE', #5505, .T. ) ;
#12623 = FACE_OUTER_BOUND ( 'NONE', #9575, .T. ) ;
#12624 = AXIS2_PLACEMENT_3D ( 'NONE', #3882, #10001, #7935 ) ;
#12625 = ORIENTED_EDGE ( 'NONE', *, *, #3372, .T. ) ;
#12626 = DIRECTION ( 'NONE',  ( -1.000000000000000000, 0.000000000000000000, 0.000000000000000000 ) ) ;
#12627 = DIRECTION ( 'NONE',  ( -0.000000000000000000, 1.000000000000000000, -0.000000000000000000 ) ) ;
#12628 = VECTOR ( 'NONE', #82, 1000.000000000000000 ) ;
#12629 = VECTOR ( 'NONE', #870, 1000.000000000000000 ) ;
#12630 = CARTESIAN_POINT ( 'NONE',  ( 35.74999999999983658, -28.00000000000000355, -25.50000000000000355 ) ) ;
#12631 = EDGE_CURVE ( 'NONE', #289, #9432, #4961, .T. ) ;
#12632 = VERTEX_POINT ( 'NONE', #9870 ) ;
#12633 = VERTEX_POINT ( 'NONE', #10005 ) ;
#12634 = AXIS2_PLACEMENT_3D ( 'NONE', #10592, #6605, #10512 ) ;
#12635 = DIRECTION ( 'NONE',  ( 1.000000000000000000, 0.000000000000000000, 0.000000000000000000 ) ) ;
#12636 = LINE ( 'NONE', #8670, #4399 ) ;
#12637 = CARTESIAN_POINT ( 'NONE',  ( 44.00000000000004263, 26.99999999999999289, 32.39999999999999858 ) ) ;
#12638 = CARTESIAN_POINT ( 'NONE',  ( 30.00000000000000000, 1.000000000000042633, 0.000000000000000000 ) ) ;
#12639 = AXIS2_PLACEMENT_3D ( 'NONE', #11400, #3365, #8341 ) ;
#12640 = ADVANCED_FACE ( 'NONE', ( #5901 ), #10876, .F. ) ;
#12641 = LINE ( 'NONE', #1431, #12263 ) ;
#12642 = VECTOR ( 'NONE', #6962, 1000.000000000000000 ) ;
#12643 = VECTOR ( 'NONE', #484, 1000.000000000000000 ) ;
#12644 = CARTESIAN_POINT ( 'NONE',  ( 0.000000000000000000, 26.99999999999999289, 6.000000000000006217 ) ) ;
#12645 = VERTEX_POINT ( 'NONE', #12984 ) ;
#12646 = VECTOR ( 'NONE', #11539, 1000.000000000000000 ) ;
#12647 = VECTOR ( 'NONE', #7906, 1000.000000000000000 ) ;
#12648 = DIRECTION ( 'NONE',  ( 1.000000000000000000, 0.000000000000000000, -1.445602896647348038E-16 ) ) ;
#12649 = EDGE_CURVE ( 'NONE', #5110, #9975, #10061, .T. ) ;
#12650 = ORIENTED_EDGE ( 'NONE', *, *, #4250, .T. ) ;
#12651 = VERTEX_POINT ( 'NONE', #1763 ) ;
#12652 = DIRECTION ( 'NONE',  ( 0.000000000000000000, 0.000000000000000000, 1.000000000000000000 ) ) ;
#12653 = VECTOR ( 'NONE', #9940, 1000.000000000000000 ) ;
#12654 = EDGE_CURVE ( 'NONE', #10287, #252, #2839, .T. ) ;
#12655 = VERTEX_POINT ( 'NONE', #6879 ) ;
#12656 = EDGE_CURVE ( 'NONE', #5533, #9573, #5828, .T. ) ;
#12657 = DIRECTION ( 'NONE',  ( 0.000000000000000000, 0.000000000000000000, 1.000000000000000000 ) ) ;
#12658 = CIRCLE ( 'NONE', #2080, 0.5000000000000004441 ) ;
#12659 = LINE ( 'NONE', #8494, #12646 ) ;
#12660 = FACE_OUTER_BOUND ( 'NONE', #10644, .T. ) ;
#12661 = AXIS2_PLACEMENT_3D ( 'NONE', #633, #9526, #7512 ) ;
#12662 = CARTESIAN_POINT ( 'NONE',  ( -36.00000000000002842, 26.99999999999999289, -5.097962868176746799E-15 ) ) ;
#12663 = CARTESIAN_POINT ( 'NONE',  ( 35.74999999999983658, -10.00000000000000533, -10.00000000000000711 ) ) ;
#12664 = PRODUCT_DEFINITION_CONTEXT ( 'detailed design', #4083, 'design' ) ;
#12665 = DIRECTION ( 'NONE',  ( 0.000000000000000000, 0.000000000000000000, 1.000000000000000000 ) ) ;
#12666 = VECTOR ( 'NONE', #3808, 1000.000000000000000 ) ;
#12667 = VECTOR ( 'NONE', #3642, 1000.000000000000000 ) ;
#12668 = CARTESIAN_POINT ( 'NONE',  ( -34.00000000000002842, 26.99999999999999289, 0.000000000000000000 ) ) ;
#12669 = LINE ( 'NONE', #3587, #6984 ) ;
#12670 = EDGE_CURVE ( 'NONE', #3933, #2506, #1833, .T. ) ;
#12671 = DIRECTION ( 'NONE',  ( 0.000000000000000000, 0.000000000000000000, -1.000000000000000000 ) ) ;
#12672 = ORIENTED_EDGE ( 'NONE', *, *, #11168, .F. ) ;
#12673 = CIRCLE ( 'NONE', #5909, 10.00000000000000000 ) ;
#12674 = VERTEX_POINT ( 'NONE', #11881 ) ;
#12675 = AXIS2_PLACEMENT_3D ( 'NONE', #13056, #2916, #8034 ) ;
#12676 = ADVANCED_FACE ( 'NONE', ( #9001 ), #6824, .T. ) ;
#12677 = CARTESIAN_POINT ( 'NONE',  ( 3.081487911019577365E-30, -24.00000000000000000, -36.75000000000000000 ) ) ;
#12678 = EDGE_CURVE ( 'NONE', #2774, #5417, #3885, .T. ) ;
#12679 = AXIS2_PLACEMENT_3D ( 'NONE', #10616, #12935, #7887 ) ;
#12680 = CARTESIAN_POINT ( 'NONE',  ( 23.75000000000000000, -30.00000000000001421, 13.85000000000000142 ) ) ;
#12681 = LINE ( 'NONE', #10569, #1585 ) ;
#12682 = CARTESIAN_POINT ( 'NONE',  ( -46.00000000000004974, 26.99999999999999289, 0.000000000000000000 ) ) ;
#12683 = VECTOR ( 'NONE', #8193, 1000.000000000000000 ) ;
#12684 = DIRECTION ( 'NONE',  ( 0.000000000000000000, 0.000000000000000000, 1.000000000000000000 ) ) ;
#12685 = CARTESIAN_POINT ( 'NONE',  ( -86.00000000000004263, 25.99999999999999289, -40.00000000000000000 ) ) ;
#12686 = VECTOR ( 'NONE', #9356, 1000.000000000000000 ) ;
#12687 = CARTESIAN_POINT ( 'NONE',  ( 70.00000000000000000, 19.99999999999998934, -15.00000000000002309 ) ) ;
#12688 = VERTEX_POINT ( 'NONE', #13041 ) ;
#12689 = ORIENTED_EDGE ( 'NONE', *, *, #4238, .T. ) ;
#12690 = ORIENTED_EDGE ( 'NONE', *, *, #7301, .T. ) ;
#12691 = ORIENTED_EDGE ( 'NONE', *, *, #9155, .T. ) ;
#12692 = ADVANCED_FACE ( 'NONE', ( #7938 ), #7018, .F. ) ;
#12693 = VECTOR ( 'NONE', #9986, 1000.000000000000000 ) ;
#12694 = ORIENTED_EDGE ( 'NONE', *, *, #10381, .F. ) ;
#12695 = EDGE_LOOP ( 'NONE', ( #9954, #9808, #918, #759 ) ) ;
#12696 = CARTESIAN_POINT ( 'NONE',  ( 38.74999999999983658, -30.00000000000000711, 0.000000000000000000 ) ) ;
#12697 = ORIENTED_EDGE ( 'NONE', *, *, #4445, .F. ) ;
#12698 = CARTESIAN_POINT ( 'NONE',  ( -23.75000000000000000, 10.50000000000008527, 50.50000000000000000 ) ) ;
#12699 = CARTESIAN_POINT ( 'NONE',  ( 23.00000000000002842, 16.99999999999996803, -34.75000000000000000 ) ) ;
#12700 = VECTOR ( 'NONE', #3766, 1000.000000000000000 ) ;
#12701 = LINE ( 'NONE', #4532, #7753 ) ;
#12702 = CARTESIAN_POINT ( 'NONE',  ( -34.00000000000002842, 26.99999999999999289, 18.20000000000000284 ) ) ;
#12703 = CARTESIAN_POINT ( 'NONE',  ( -18.00000000000000355, 23.24999999999999289, -39.25000000000000000 ) ) ;
#12704 = LINE ( 'NONE', #885, #5503 ) ;
#12705 = CARTESIAN_POINT ( 'NONE',  ( 34.00000000000002842, 26.99999999999999289, 6.000000000000006217 ) ) ;
#12706 = ORIENTED_EDGE ( 'NONE', *, *, #1114, .F. ) ;
#12707 = DIRECTION ( 'NONE',  ( -1.000000000000000000, 0.000000000000000000, -2.636779683484744890E-14 ) ) ;
#12708 = EDGE_CURVE ( 'NONE', #9822, #9828, #4906, .T. ) ;
#12709 = DIRECTION ( 'NONE',  ( -0.000000000000000000, -1.000000000000000000, 0.000000000000000000 ) ) ;
#12710 = VECTOR ( 'NONE', #2502, 1000.000000000000000 ) ;
#12711 = EDGE_CURVE ( 'NONE', #8539, #6276, #3595, .T. ) ;
#12712 = LINE ( 'NONE', #1480, #7142 ) ;
#12713 = ORIENTED_EDGE ( 'NONE', *, *, #12973, .T. ) ;
#12714 = ORIENTED_EDGE ( 'NONE', *, *, #7473, .T. ) ;
#12715 = CARTESIAN_POINT ( 'NONE',  ( 28.75000000000000000, 3.500000000000096811, 67.50999999999999091 ) ) ;
#12716 = DIRECTION ( 'NONE',  ( -1.000000000000000000, -0.000000000000000000, -0.000000000000000000 ) ) ;
#12717 = DIRECTION ( 'NONE',  ( 1.000000000000000000, 0.000000000000000000, 0.000000000000000000 ) ) ;
#12718 = DIRECTION ( 'NONE',  ( 1.000000000000000000, 0.000000000000000000, 0.000000000000000000 ) ) ;
#12719 = FACE_BOUND ( 'NONE', #8681, .T. ) ;
#12720 = VERTEX_POINT ( 'NONE', #9074 ) ;
#12721 = LINE ( 'NONE', #4759, #5621 ) ;
#12722 = EDGE_CURVE ( 'NONE', #6928, #9627, #6346, .T. ) ;
#12723 = FACE_OUTER_BOUND ( 'NONE', #1770, .T. ) ;
#12724 = VERTEX_POINT ( 'NONE', #9327 ) ;
#12725 = ORIENTED_EDGE ( 'NONE', *, *, #8313, .T. ) ;
#12726 = DIRECTION ( 'NONE',  ( 0.000000000000000000, 0.000000000000000000, 1.000000000000000000 ) ) ;
#12727 = ADVANCED_FACE ( 'NONE', ( #7260 ), #11199, .T. ) ;
#12728 = EDGE_LOOP ( 'NONE', ( #7210, #6563, #8812, #10175, #8246, #669 ) ) ;
#12729 = ORIENTED_EDGE ( 'NONE', *, *, #5510, .T. ) ;
#12730 = CARTESIAN_POINT ( 'NONE',  ( -22.00000000000003197, 29.99999999999999289, 3.000000000000011990 ) ) ;
#12731 = FACE_OUTER_BOUND ( 'NONE', #3500, .T. ) ;
#12732 = DIRECTION ( 'NONE',  ( 0.000000000000000000, -1.000000000000000000, 0.000000000000000000 ) ) ;
#12733 = LINE ( 'NONE', #11748, #8020 ) ;
#12734 = LINE ( 'NONE', #12073, #2931 ) ;
#12735 = PLANE ( 'NONE',  #8634 ) ;
#12736 = ORIENTED_EDGE ( 'NONE', *, *, #2158, .T. ) ;
#12737 = DIRECTION ( 'NONE',  ( -0.000000000000000000, -0.000000000000000000, -1.000000000000000000 ) ) ;
#12738 = ORIENTED_EDGE ( 'NONE', *, *, #1719, .F. ) ;
#12739 = DIRECTION ( 'NONE',  ( 0.000000000000000000, 0.000000000000000000, 1.000000000000000000 ) ) ;
#12740 = DIRECTION ( 'NONE',  ( 2.168404344971006896E-16, -1.000000000000000000, 0.000000000000000000 ) ) ;
#12741 = ORIENTED_EDGE ( 'NONE', *, *, #11298, .F. ) ;
#12742 = ORIENTED_EDGE ( 'NONE', *, *, #1912, .T. ) ;
#12743 = DIRECTION ( 'NONE',  ( 1.000000000000000000, -0.000000000000000000, -0.000000000000000000 ) ) ;
#12744 = CARTESIAN_POINT ( 'NONE',  ( -23.75000000000000000, -30.00000000000001421, 56.15000000000000568 ) ) ;
#12745 = ADVANCED_FACE ( 'NONE', ( #10398 ), #10328, .F. ) ;
#12746 = EDGE_CURVE ( 'NONE', #10217, #279, #9257, .T. ) ;
#12747 = DIRECTION ( 'NONE',  ( -1.000000000000000000, 2.434699615406045218E-16, -0.000000000000000000 ) ) ;
#12748 = PLANE ( 'NONE',  #8628 ) ;
#12749 = DIRECTION ( 'NONE',  ( 0.000000000000000000, -1.000000000000000000, -4.625929269271485914E-16 ) ) ;
#12750 = ORIENTED_EDGE ( 'NONE', *, *, #15, .F. ) ;
#12751 = ORIENTED_EDGE ( 'NONE', *, *, #7562, .T. ) ;
#12752 = ORIENTED_EDGE ( 'NONE', *, *, #1959, .T. ) ;
#12753 = ORIENTED_EDGE ( 'NONE', *, *, #11608, .T. ) ;
#12754 = EDGE_CURVE ( 'NONE', #998, #7885, #2165, .T. ) ;
#12755 = ORIENTED_EDGE ( 'NONE', *, *, #1540, .F. ) ;
#12756 = ORIENTED_EDGE ( 'NONE', *, *, #10553, .F. ) ;
#12757 = DIRECTION ( 'NONE',  ( -0.000000000000000000, 0.000000000000000000, 1.000000000000000000 ) ) ;
#12758 = VERTEX_POINT ( 'NONE', #276 ) ;
#12759 = DIRECTION ( 'NONE',  ( 1.000000000000000000, 0.000000000000000000, 1.387778780781445676E-16 ) ) ;
#12760 = DIRECTION ( 'NONE',  ( -0.000000000000000000, 1.000000000000000000, -0.000000000000000000 ) ) ;
#12761 = EDGE_CURVE ( 'NONE', #5292, #11141, #9192, .T. ) ;
#12762 = CARTESIAN_POINT ( 'NONE',  ( -9.500000000000103029, 23.24999999999999289, -39.25000000000000000 ) ) ;
#12763 = PLANE ( 'NONE',  #10339 ) ;
#12764 = LINE ( 'NONE', #11513, #12030 ) ;
#12765 = CARTESIAN_POINT ( 'NONE',  ( -29.99999999999997158, 1.000000000000000888, -40.00000000000000000 ) ) ;
#12766 = DIRECTION ( 'NONE',  ( -0.000000000000000000, -0.000000000000000000, -1.000000000000000000 ) ) ;
#12767 = ORIENTED_EDGE ( 'NONE', *, *, #7666, .T. ) ;
#12768 = CARTESIAN_POINT ( 'NONE',  ( -23.75000000000000000, 19.99999999999998934, 44.85000000000000142 ) ) ;
#12769 = ADVANCED_FACE ( 'NONE', ( #2222 ), #2107, .F. ) ;
#12770 = CARTESIAN_POINT ( 'NONE',  ( 18.74999999999982947, 19.99999999999998934, 13.85000000000000142 ) ) ;
#12771 = ORIENTED_EDGE ( 'NONE', *, *, #3253, .T. ) ;
#12772 = ORIENTED_EDGE ( 'NONE', *, *, #9340, .T. ) ;
#12773 = LINE ( 'NONE', #10728, #5696 ) ;
#12774 = ADVANCED_FACE ( 'NONE', ( #8083 ), #3028, .T. ) ;
#12775 = CARTESIAN_POINT ( 'NONE',  ( 46.00000000000004974, 26.99999999999999289, 0.000000000000000000 ) ) ;
#12776 = CARTESIAN_POINT ( 'NONE',  ( 0.000000000000000000, -26.00000000000000711, 6.000000000000000000 ) ) ;
#12777 = DIRECTION ( 'NONE',  ( -0.000000000000000000, -0.000000000000000000, -1.000000000000000000 ) ) ;
#12778 = EDGE_CURVE ( 'NONE', #10709, #5007, #3165, .T. ) ;
#12779 = DIRECTION ( 'NONE',  ( 0.000000000000000000, 1.000000000000000000, 0.000000000000000000 ) ) ;
#12780 = DIRECTION ( 'NONE',  ( -0.000000000000000000, 1.000000000000000000, -0.000000000000000000 ) ) ;
#12781 = EDGE_LOOP ( 'NONE', ( #7172, #5162, #11195, #9225 ) ) ;
#12782 = DIRECTION ( 'NONE',  ( 0.000000000000000000, 1.000000000000000000, -0.000000000000000000 ) ) ;
#12783 = CARTESIAN_POINT ( 'NONE',  ( 85.99999999999994316, 0.000000000000000000, 6.000000000000000000 ) ) ;
#12784 = ORIENTED_EDGE ( 'NONE', *, *, #12503, .F. ) ;
#12785 = ORIENTED_EDGE ( 'NONE', *, *, #11480, .T. ) ;
#12786 = CARTESIAN_POINT ( 'NONE',  ( 0.000000000000000000, 26.99999999999999289, 30.39999999999999147 ) ) ;
#12787 = ORIENTED_EDGE ( 'NONE', *, *, #8313, .F. ) ;
#12788 = VERTEX_POINT ( 'NONE', #1228 ) ;
#12789 = CARTESIAN_POINT ( 'NONE',  ( 44.00000000000003553, 26.99999999999999289, 8.000000000000000000 ) ) ;
#12790 = CARTESIAN_POINT ( 'NONE',  ( 46.00000000000004263, 26.99999999999999289, 32.39999999999999858 ) ) ;
#12791 = LINE ( 'NONE', #784, #10115 ) ;
#12792 = CARTESIAN_POINT ( 'NONE',  ( 0.000000000000000000, 26.99999999999999289, 56.00000000000000000 ) ) ;
#12793 = DIRECTION ( 'NONE',  ( -0.000000000000000000, 1.000000000000000000, -0.000000000000000000 ) ) ;
#12794 = LINE ( 'NONE', #6632, #8428 ) ;
#12795 = DIRECTION ( 'NONE',  ( 1.000000000000000000, 0.000000000000000000, 0.000000000000000000 ) ) ;
#12796 = DIRECTION ( 'NONE',  ( 0.000000000000000000, 0.000000000000000000, 1.000000000000000000 ) ) ;
#12797 = LINE ( 'NONE', #6894, #6330 ) ;
#12798 = ORIENTED_EDGE ( 'NONE', *, *, #12183, .F. ) ;
#12799 = ORIENTED_EDGE ( 'NONE', *, *, #5664, .T. ) ;
#12800 = PRODUCT_DEFINITION ( 'UNKNOWN', '', #411, #12664 ) ;
#12801 = DIRECTION ( 'NONE',  ( 0.000000000000000000, 1.000000000000000000, 4.625929269271487886E-16 ) ) ;
#12802 = CARTESIAN_POINT ( 'NONE',  ( -29.99999999999997158, 19.99999999999999289, 0.000000000000000000 ) ) ;
#12803 = EDGE_CURVE ( 'NONE', #8073, #2711, #11880, .T. ) ;
#12804 = ADVANCED_FACE ( 'NONE', ( #10203 ), #221, .F. ) ;
#12805 = CARTESIAN_POINT ( 'NONE',  ( 89.99999999999994316, -30.00000000000000711, 5.999999999999998224 ) ) ;
#12806 = EDGE_CURVE ( 'NONE', #1212, #5060, #2293, .T. ) ;
#12807 = CARTESIAN_POINT ( 'NONE',  ( -14.30000000000000426, 38.26999999999998892, 22.60434383594887109 ) ) ;
#12808 = CARTESIAN_POINT ( 'NONE',  ( 47.40000000000004121, 26.99999999999999289, 0.000000000000000000 ) ) ;
#12809 = DIRECTION ( 'NONE',  ( -1.000000000000000000, 0.000000000000000000, 1.387778780781445676E-16 ) ) ;
#12810 = EDGE_LOOP ( 'NONE', ( #7924, #2634, #6359 ) ) ;
#12811 = ORIENTED_EDGE ( 'NONE', *, *, #4627, .F. ) ;
#12812 = ORIENTED_EDGE ( 'NONE', *, *, #6118, .T. ) ;
#12813 = ORIENTED_EDGE ( 'NONE', *, *, #7649, .T. ) ;
#12814 = ADVANCED_FACE ( 'NONE', ( #4275 ), #11263, .T. ) ;
#12815 = ORIENTED_EDGE ( 'NONE', *, *, #10153, .T. ) ;
#12816 = EDGE_LOOP ( 'NONE', ( #9630, #12990, #9565, #9250 ) ) ;
#12817 = DIRECTION ( 'NONE',  ( -1.000000000000000000, 0.000000000000000000, 1.416100796715761356E-16 ) ) ;
#12818 = ORIENTED_EDGE ( 'NONE', *, *, #6367, .T. ) ;
#12819 = CARTESIAN_POINT ( 'NONE',  ( 44.00000000000003553, 26.99999999999999289, -6.230843505549355095E-15 ) ) ;
#12820 = CARTESIAN_POINT ( 'NONE',  ( -58.25000000000019185, 10.50000000000008527, 50.50000000000000000 ) ) ;
#12821 = AXIS2_PLACEMENT_3D ( 'NONE', #4726, #8765, #5984 ) ;
#12822 = EDGE_CURVE ( 'NONE', #7133, #664, #11448, .T. ) ;
#12823 = DIRECTION ( 'NONE',  ( -0.000000000000000000, 1.000000000000000000, -0.000000000000000000 ) ) ;
#12824 = DIRECTION ( 'NONE',  ( 0.9876921900819048972, -0.000000000000000000, 0.1564101584015893109 ) ) ;
#12825 = CARTESIAN_POINT ( 'NONE',  ( 0.000000000000000000, 26.99999999999999289, 20.19999999999999574 ) ) ;
#12826 = EDGE_CURVE ( 'NONE', #4719, #2375, #4077, .T. ) ;
#12827 = DIRECTION ( 'NONE',  ( -0.000000000000000000, -0.000000000000000000, -1.000000000000000000 ) ) ;
#12828 = PLANE ( 'NONE',  #4823 ) ;
#12829 = VERTEX_POINT ( 'NONE', #7131 ) ;
#12830 = DIRECTION ( 'NONE',  ( 0.000000000000000000, 0.000000000000000000, -1.000000000000000000 ) ) ;
#12831 = AXIS2_PLACEMENT_3D ( 'NONE', #12699, #7662, #10711 ) ;
#12832 = ADVANCED_FACE ( 'NONE', ( #4218 ), #8274, .F. ) ;
#12833 = CARTESIAN_POINT ( 'NONE',  ( -3.097720492815727659E-16, 26.99999999999999289, -4.999999999999997335 ) ) ;
#12834 = EDGE_CURVE ( 'NONE', #4054, #5157, #5406, .T. ) ;
#12835 = AXIS2_PLACEMENT_3D ( 'NONE', #12338, #4255, #5451 ) ;
#12836 = ORIENTED_EDGE ( 'NONE', *, *, #10346, .F. ) ;
#12837 = ORIENTED_EDGE ( 'NONE', *, *, #3359, .F. ) ;
#12838 = DIRECTION ( 'NONE',  ( -0.000000000000000000, 1.000000000000000000, -0.000000000000000000 ) ) ;
#12839 = AXIS2_PLACEMENT_3D ( 'NONE', #3593, #5638, #8630 ) ;
#12840 = CARTESIAN_POINT ( 'NONE',  ( -20.00000000000002842, 14.24999999999999822, 1.000000000000008438 ) ) ;
#12841 = DIRECTION ( 'NONE',  ( 1.000000000000000000, -0.000000000000000000, -0.000000000000000000 ) ) ;
#12842 = CARTESIAN_POINT ( 'NONE',  ( -34.00000000000002842, 26.99999999999999289, 8.000000000000007105 ) ) ;
#12843 = DIRECTION ( 'NONE',  ( 0.000000000000000000, 0.000000000000000000, 1.000000000000000000 ) ) ;
#12844 = VERTEX_POINT ( 'NONE', #4420 ) ;
#12845 = LINE ( 'NONE', #3763, #7303 ) ;
#12846 = AXIS2_PLACEMENT_3D ( 'NONE', #11521, #2412, #2223 ) ;
#12847 = CARTESIAN_POINT ( 'NONE',  ( -86.00000000000004263, 25.99999999999999289, 56.00000000000000711 ) ) ;
#12848 = AXIS2_PLACEMENT_3D ( 'NONE', #7661, #3732, #4602 ) ;
#12849 = ORIENTED_EDGE ( 'NONE', *, *, #8608, .T. ) ;
#12850 = ORIENTED_EDGE ( 'NONE', *, *, #7723, .F. ) ;
#12851 = EDGE_CURVE ( 'NONE', #10176, #7402, #8586, .T. ) ;
#12852 = VECTOR ( 'NONE', #5416, 1000.000000000000000 ) ;
#12853 = CARTESIAN_POINT ( 'NONE',  ( -23.75000000000000000, -30.00000000000001421, 13.85000000000000142 ) ) ;
#12854 = ORIENTED_EDGE ( 'NONE', *, *, #3981, .F. ) ;
#12855 = ORIENTED_EDGE ( 'NONE', *, *, #2046, .F. ) ;
#12856 = EDGE_LOOP ( 'NONE', ( #7024, #3604 ) ) ;
#12857 = VECTOR ( 'NONE', #4626, 1000.000000000000000 ) ;
#12858 = FACE_OUTER_BOUND ( 'NONE', #7138, .T. ) ;
#12859 = AXIS2_PLACEMENT_3D ( 'NONE', #11540, #5773, #4504 ) ;
#12860 = FACE_OUTER_BOUND ( 'NONE', #4660, .T. ) ;
#12861 = VECTOR ( 'NONE', #1422, 1000.000000000000000 ) ;
#12862 = CARTESIAN_POINT ( 'NONE',  ( 0.000000000000000000, 26.99999999999999289, 18.20000000000000284 ) ) ;
#12863 = VECTOR ( 'NONE', #11148, 1000.000000000000000 ) ;
#12864 = DIRECTION ( 'NONE',  ( -0.000000000000000000, 0.000000000000000000, -1.000000000000000000 ) ) ;
#12865 = CARTESIAN_POINT ( 'NONE',  ( 17.99999999999980815, 19.99999999999999289, -39.25000000000026290 ) ) ;
#12866 = FACE_OUTER_BOUND ( 'NONE', #7050, .T. ) ;
#12867 = VECTOR ( 'NONE', #3740, 1000.000000000000000 ) ;
#12868 = DIRECTION ( 'NONE',  ( 0.000000000000000000, 0.000000000000000000, -1.000000000000000000 ) ) ;
#12869 = DIRECTION ( 'NONE',  ( -0.000000000000000000, -0.000000000000000000, -1.000000000000000000 ) ) ;
#12870 = AXIS2_PLACEMENT_3D ( 'NONE', #11969, #6923, #937 ) ;
#12871 = CARTESIAN_POINT ( 'NONE',  ( 0.000000000000000000, 26.99999999999999289, 30.39999999999999858 ) ) ;
#12872 = VERTEX_POINT ( 'NONE', #6464 ) ;
#12873 = AXIS2_PLACEMENT_3D ( 'NONE', #2494, #9595, #6554 ) ;
#12874 = ORIENTED_EDGE ( 'NONE', *, *, #12992, .F. ) ;
#12875 = VECTOR ( 'NONE', #1686, 1000.000000000000000 ) ;
#12876 = CIRCLE ( 'NONE', #2067, 2.499999999999998668 ) ;
#12877 = AXIS2_PLACEMENT_3D ( 'NONE', #10483, #1372, #5438 ) ;
#12878 = DIRECTION ( 'NONE',  ( -1.000000000000000000, 0.000000000000000000, 0.000000000000000000 ) ) ;
#12879 = DIRECTION ( 'NONE',  ( -1.416100796715761356E-16, 0.000000000000000000, 1.000000000000000000 ) ) ;
#12880 = VECTOR ( 'NONE', #10220, 1000.000000000000000 ) ;
#12881 = VECTOR ( 'NONE', #9136, 1000.000000000000000 ) ;
#12882 = CARTESIAN_POINT ( 'NONE',  ( -23.75000000000000000, 10.50000000000008527, 21.00000000000000355 ) ) ;
#12883 = CIRCLE ( 'NONE', #3144, 1.500000000000001332 ) ;
#12884 = DIRECTION ( 'NONE',  ( 0.000000000000000000, 0.000000000000000000, 1.000000000000000000 ) ) ;
#12885 = VECTOR ( 'NONE', #698, 1000.000000000000000 ) ;
#12886 = DIRECTION ( 'NONE',  ( 1.416100796715761356E-16, 0.000000000000000000, 1.000000000000000000 ) ) ;
#12887 = ORIENTED_EDGE ( 'NONE', *, *, #1636, .F. ) ;
#12888 = EDGE_LOOP ( 'NONE', ( #10561, #4309, #11974, #735 ) ) ;
#12889 = ORIENTED_EDGE ( 'NONE', *, *, #10064, .F. ) ;
#12890 = ADVANCED_FACE ( 'NONE', ( #2357, #3417 ), #12426, .T. ) ;
#12891 = ORIENTED_EDGE ( 'NONE', *, *, #4166, .T. ) ;
#12892 = AXIS2_PLACEMENT_3D ( 'NONE', #7078, #5102, #34 ) ;
#12893 = AXIS2_PLACEMENT_3D ( 'NONE', #5913, #9960, #2912 ) ;
#12894 = ORIENTED_EDGE ( 'NONE', *, *, #7107, .T. ) ;
#12895 = ORIENTED_EDGE ( 'NONE', *, *, #6585, .T. ) ;
#12896 = EDGE_CURVE ( 'NONE', #1355, #4022, #10722, .T. ) ;
#12897 = VECTOR ( 'NONE', #6357, 1000.000000000000000 ) ;
#12898 = CARTESIAN_POINT ( 'NONE',  ( -36.00000000000003553, 26.99999999999999289, 42.60000000000000142 ) ) ;
#12899 = ORIENTED_EDGE ( 'NONE', *, *, #4960, .T. ) ;
#12900 = DIRECTION ( 'NONE',  ( -1.000000000000000000, -0.000000000000000000, -0.000000000000000000 ) ) ;
#12901 = DIRECTION ( 'NONE',  ( -1.000000000000000000, -0.000000000000000000, -0.000000000000000000 ) ) ;
#12902 = AXIS2_PLACEMENT_3D ( 'NONE', #9048, #12105, #12830 ) ;
#12903 = LINE ( 'NONE', #7789, #7763 ) ;
#12904 = DIRECTION ( 'NONE',  ( -0.000000000000000000, -1.000000000000000000, 0.000000000000000000 ) ) ;
#12905 = CYLINDRICAL_SURFACE ( 'NONE', #7139, 4.000000000000003553 ) ;
#12906 = VECTOR ( 'NONE', #3661, 1000.000000000000000 ) ;
#12907 = CARTESIAN_POINT ( 'NONE',  ( -23.75000000000000000, 19.99999999999998934, 13.85000000000000142 ) ) ;
#12908 = CARTESIAN_POINT ( 'NONE',  ( -36.00000000000003553, 26.99999999999999289, 42.60000000000000142 ) ) ;
#12909 = ORIENTED_EDGE ( 'NONE', *, *, #5179, .T. ) ;
#12910 = FACE_OUTER_BOUND ( 'NONE', #708, .T. ) ;
#12911 = ORIENTED_EDGE ( 'NONE', *, *, #8795, .F. ) ;
#12912 = AXIS2_PLACEMENT_3D ( 'NONE', #8537, #4492, #12718 ) ;
#12913 = VECTOR ( 'NONE', #6782, 1000.000000000000000 ) ;
#12914 = PLANE ( 'NONE',  #8199 ) ;
#12915 = VECTOR ( 'NONE', #9464, 1000.000000000000000 ) ;
#12916 = EDGE_CURVE ( 'NONE', #11703, #8606, #11663, .T. ) ;
#12917 = ORIENTED_EDGE ( 'NONE', *, *, #8903, .F. ) ;
#12918 = ORIENTED_EDGE ( 'NONE', *, *, #3241, .T. ) ;
#12919 = CARTESIAN_POINT ( 'NONE',  ( 47.40000000000004832, 26.99999999999999289, 48.00000000000000000 ) ) ;
#12920 = FACE_OUTER_BOUND ( 'NONE', #2872, .T. ) ;
#12921 = DIRECTION ( 'NONE',  ( 0.000000000000000000, 0.000000000000000000, 1.000000000000000000 ) ) ;
#12922 = EDGE_CURVE ( 'NONE', #425, #196, #5484, .T. ) ;
#12923 = CARTESIAN_POINT ( 'NONE',  ( 9.499999999999905853, 19.99999999999999289, -39.25000000000014211 ) ) ;
#12924 = DIRECTION ( 'NONE',  ( -1.000000000000000000, 0.000000000000000000, -1.734723475976807094E-15 ) ) ;
#12925 = ORIENTED_EDGE ( 'NONE', *, *, #8349, .T. ) ;
#12926 = DIRECTION ( 'NONE',  ( 1.000000000000000000, 0.000000000000000000, -0.000000000000000000 ) ) ;
#12927 = AXIS2_PLACEMENT_3D ( 'NONE', #11460, #7456, #10517 ) ;
#12928 = DIRECTION ( 'NONE',  ( 0.000000000000000000, 0.000000000000000000, -1.000000000000000000 ) ) ;
#12929 = EDGE_CURVE ( 'NONE', #5315, #10320, #9528, .T. ) ;
#12930 = ORIENTED_EDGE ( 'NONE', *, *, #9851, .F. ) ;
#12931 = CARTESIAN_POINT ( 'NONE',  ( -29.99999999999997158, -19.99999999999999289, -40.00000000000000000 ) ) ;
#12932 = VERTEX_POINT ( 'NONE', #4542 ) ;
#12933 = ORIENTED_EDGE ( 'NONE', *, *, #1082, .T. ) ;
#12934 = VERTEX_POINT ( 'NONE', #4483 ) ;
#12935 = DIRECTION ( 'NONE',  ( -1.000000000000000000, 0.000000000000000000, 0.000000000000000000 ) ) ;
#12936 = CARTESIAN_POINT ( 'NONE',  ( -18.75000000000000355, 38.26999999999998892, 22.60434383594887109 ) ) ;
#12937 = FACE_OUTER_BOUND ( 'NONE', #294, .T. ) ;
#12938 = DIRECTION ( 'NONE',  ( 1.000000000000000000, -0.000000000000000000, 0.000000000000000000 ) ) ;
#12939 = EDGE_CURVE ( 'NONE', #7885, #5654, #12561, .T. ) ;
#12940 = LINE ( 'NONE', #6965, #11003 ) ;
#12941 = CARTESIAN_POINT ( 'NONE',  ( 47.40000000000004832, 29.99999999999999289, 45.99999999999999289 ) ) ;
#12942 = ORIENTED_EDGE ( 'NONE', *, *, #12340, .F. ) ;
#12943 = CARTESIAN_POINT ( 'NONE',  ( -28.74999999999999645, -36.93951938890104714, 17.21548839695788402 ) ) ;
#12944 = DIRECTION ( 'NONE',  ( -1.000000000000000000, 0.000000000000000000, 0.000000000000000000 ) ) ;
#12945 = CARTESIAN_POINT ( 'NONE',  ( -29.99999999999997158, -0.9999999999999995559, 0.000000000000000000 ) ) ;
#12946 = ORIENTED_EDGE ( 'NONE', *, *, #3696, .F. ) ;
#12947 = ORIENTED_EDGE ( 'NONE', *, *, #6003, .T. ) ;
#12948 = EDGE_LOOP ( 'NONE', ( #5378, #12855, #11220, #4205 ) ) ;
#12949 = CARTESIAN_POINT ( 'NONE',  ( 80.00000000000000000, -20.00000000000000711, -40.00000000000000000 ) ) ;
#12950 = FACE_OUTER_BOUND ( 'NONE', #6145, .T. ) ;
#12951 = ADVANCED_FACE ( 'NONE', ( #8527 ), #548, .T. ) ;
#12952 = PLANE ( 'NONE',  #8801 ) ;
#12953 = CARTESIAN_POINT ( 'NONE',  ( -31.00000000000004263, 26.99999999999999289, -4.999999999999999112 ) ) ;
#12954 = PLANE ( 'NONE',  #2102 ) ;
#12955 = ORIENTED_EDGE ( 'NONE', *, *, #12086, .F. ) ;
#12956 = VERTEX_POINT ( 'NONE', #11577 ) ;
#12957 = EDGE_LOOP ( 'NONE', ( #3039, #10877, #12317, #8667 ) ) ;
#12958 = ORIENTED_EDGE ( 'NONE', *, *, #2074, .F. ) ;
#12959 = ORIENTED_EDGE ( 'NONE', *, *, #5184, .F. ) ;
#12960 = ORIENTED_EDGE ( 'NONE', *, *, #11410, .T. ) ;
#12961 = ORIENTED_EDGE ( 'NONE', *, *, #919, .F. ) ;
#12962 = DIRECTION ( 'NONE',  ( 1.000000000000000000, -0.000000000000000000, -1.387778780781445676E-16 ) ) ;
#12963 = DIRECTION ( 'NONE',  ( 1.000000000000000000, -0.000000000000000000, -0.000000000000000000 ) ) ;
#12964 = DIRECTION ( 'NONE',  ( 1.000000000000000000, -0.000000000000000000, 0.000000000000000000 ) ) ;
#12965 = FACE_OUTER_BOUND ( 'NONE', #10678, .T. ) ;
#12966 = CARTESIAN_POINT ( 'NONE',  ( -31.99999999999997158, -1.000000000000000000, 0.000000000000000000 ) ) ;
#12967 = DIRECTION ( 'NONE',  ( -0.000000000000000000, 0.000000000000000000, -1.000000000000000000 ) ) ;
#12968 = CARTESIAN_POINT ( 'NONE',  ( 28.75000000000000355, 46.53999999999999204, 10.00000000000000000 ) ) ;
#12969 = ORIENTED_EDGE ( 'NONE', *, *, #264, .T. ) ;
#12970 = CARTESIAN_POINT ( 'NONE',  ( 0.000000000000000000, 26.99999999999999289, 8.000000000000007105 ) ) ;
#12971 = ORIENTED_EDGE ( 'NONE', *, *, #7986, .F. ) ;
#12972 = DIRECTION ( 'NONE',  ( -0.3162277660168377191, -0.9486832980505138790, 0.000000000000000000 ) ) ;
#12973 = EDGE_CURVE ( 'NONE', #12091, #3618, #2485, .T. ) ;
#12974 = ORIENTED_EDGE ( 'NONE', *, *, #6538, .T. ) ;
#12975 = ORIENTED_EDGE ( 'NONE', *, *, #11235, .T. ) ;
#12976 = CARTESIAN_POINT ( 'NONE',  ( -46.00000000000004263, 26.99999999999999289, 30.39999999999999147 ) ) ;
#12977 = DIRECTION ( 'NONE',  ( 0.000000000000000000, 0.000000000000000000, 1.000000000000000000 ) ) ;
#12978 = CARTESIAN_POINT ( 'NONE',  ( -46.00000000000004263, 26.99999999999999289, 5.999999999999999112 ) ) ;
#12979 = DIRECTION ( 'NONE',  ( 0.000000000000000000, 0.4224229034221526069, -0.9063988584858206909 ) ) ;
#12980 = ORIENTED_EDGE ( 'NONE', *, *, #5184, .T. ) ;
#12981 = DIRECTION ( 'NONE',  ( -1.000000000000000000, 0.000000000000000000, 0.000000000000000000 ) ) ;
#12982 = EDGE_CURVE ( 'NONE', #4469, #8323, #10595, .T. ) ;
#12983 = ORIENTED_EDGE ( 'NONE', *, *, #5642, .F. ) ;
#12984 = CARTESIAN_POINT ( 'NONE',  ( 47.40000000000004121, 29.99999999999999289, 56.00000000000000000 ) ) ;
#12985 = ORIENTED_EDGE ( 'NONE', *, *, #1, .T. ) ;
#12986 = ORIENTED_EDGE ( 'NONE', *, *, #11298, .T. ) ;
#12987 = DIRECTION ( 'NONE',  ( 0.000000000000000000, -1.000000000000000000, -0.000000000000000000 ) ) ;
#12988 = EDGE_CURVE ( 'NONE', #7402, #9049, #483, .T. ) ;
#12989 = EDGE_LOOP ( 'NONE', ( #2602, #1705, #10049, #2013 ) ) ;
#12990 = ORIENTED_EDGE ( 'NONE', *, *, #6131, .T. ) ;
#12991 = LINE ( 'NONE', #8023, #5474 ) ;
#12992 = EDGE_CURVE ( 'NONE', #12788, #9955, #9756, .T. ) ;
#12993 = LINE ( 'NONE', #3891, #10118 ) ;
#12994 = DIRECTION ( 'NONE',  ( 0.000000000000000000, 0.000000000000000000, 1.000000000000000000 ) ) ;
#12995 = CARTESIAN_POINT ( 'NONE',  ( -28.74999999999999645, -20.49999999999991473, 50.50000000000000000 ) ) ;
#12996 = CARTESIAN_POINT ( 'NONE',  ( -49.40000000000004121, 26.99999999999999289, 0.000000000000000000 ) ) ;
#12997 = ORIENTED_EDGE ( 'NONE', *, *, #8063, .T. ) ;
#12998 = ADVANCED_FACE ( 'NONE', ( #2110 ), #161, .F. ) ;
#12999 = PLANE ( 'NONE',  #7803 ) ;
#13000 = CARTESIAN_POINT ( 'NONE',  ( -28.75000000000000355, 38.26999999999998892, 22.60434383594887109 ) ) ;
#13001 = CARTESIAN_POINT ( 'NONE',  ( 33.00000000000004263, 29.99999999999999289, 3.000000000000005773 ) ) ;
#13002 = ORIENTED_EDGE ( 'NONE', *, *, #8014, .F. ) ;
#13003 = ORIENTED_EDGE ( 'NONE', *, *, #1523, .F. ) ;
#13004 = ORIENTED_EDGE ( 'NONE', *, *, #6585, .F. ) ;
#13005 = ADVANCED_FACE ( 'NONE', ( #4090, #12314, #7259 ), #7017, .F. ) ;
#13006 = EDGE_CURVE ( 'NONE', #7030, #12465, #5285, .T. ) ;
#13007 = DIRECTION ( 'NONE',  ( 0.000000000000000000, 0.000000000000000000, 1.000000000000000000 ) ) ;
#13008 = LINE ( 'NONE', #7965, #9052 ) ;
#13009 = PLANE ( 'NONE',  #13030 ) ;
#13010 = CARTESIAN_POINT ( 'NONE',  ( -70.00000000000000000, 22.99999999999999289, -11.49999999999999822 ) ) ;
#13011 = DIRECTION ( 'NONE',  ( 1.000000000000000000, 0.000000000000000000, 0.000000000000000000 ) ) ;
#13012 = CARTESIAN_POINT ( 'NONE',  ( 14.30000000000000782, -43.50000000000000711, 51.00000000000000000 ) ) ;
#13013 = VERTEX_POINT ( 'NONE', #6080 ) ;
#13014 = ORIENTED_EDGE ( 'NONE', *, *, #5950, .T. ) ;
#13015 = ORIENTED_EDGE ( 'NONE', *, *, #7258, .F. ) ;
#13016 = EDGE_CURVE ( 'NONE', #4778, #5036, #9138, .T. ) ;
#13017 = EDGE_CURVE ( 'NONE', #2208, #499, #2118, .T. ) ;
#13018 = ORIENTED_EDGE ( 'NONE', *, *, #6611, .F. ) ;
#13019 = EDGE_LOOP ( 'NONE', ( #5064, #4055 ) ) ;
#13020 = EDGE_CURVE ( 'NONE', #3902, #3723, #2106, .T. ) ;
#13021 = CARTESIAN_POINT ( 'NONE',  ( -23.75000000000000000, -30.00000000000001421, 56.15000000000000568 ) ) ;
#13022 = DIRECTION ( 'NONE',  ( 0.000000000000000000, 0.000000000000000000, -1.000000000000000000 ) ) ;
#13023 = LINE ( 'NONE', #9172, #4143 ) ;
#13024 = DIRECTION ( 'NONE',  ( 0.1564101584015893109, 0.000000000000000000, -0.9876921900819048972 ) ) ;
#13025 = CARTESIAN_POINT ( 'NONE',  ( -29.99999999999997158, -0.9999999999999995559, 0.000000000000000000 ) ) ;
#13026 = LINE ( 'NONE', #9045, #9739 ) ;
#13027 = DIRECTION ( 'NONE',  ( -1.000000000000000000, 0.000000000000000000, -1.387778780781445676E-16 ) ) ;
#13028 = ORIENTED_EDGE ( 'NONE', *, *, #9999, .T. ) ;
#13029 = DIRECTION ( 'NONE',  ( 0.000000000000000000, 0.000000000000000000, 1.000000000000000000 ) ) ;
#13030 = AXIS2_PLACEMENT_3D ( 'NONE', #806, #11839, #2746 ) ;
#13031 = CARTESIAN_POINT ( 'NONE',  ( 0.000000000000000000, -5.000000000000004441, -11.00000000000000178 ) ) ;
#13032 = ORIENTED_EDGE ( 'NONE', *, *, #1304, .F. ) ;
#13033 = EDGE_LOOP ( 'NONE', ( #6813, #12592, #5083, #8291 ) ) ;
#13034 = DIRECTION ( 'NONE',  ( 1.000000000000000000, -0.000000000000000000, -0.000000000000000000 ) ) ;
#13035 = CARTESIAN_POINT ( 'NONE',  ( 0.000000000000000000, 29.99999999999999289, 20.19999999999999574 ) ) ;
#13036 = PLANE ( 'NONE',  #5477 ) ;
#13037 = CARTESIAN_POINT ( 'NONE',  ( 14.30000000000000426, 37.53999999999999204, 53.50000000000000711 ) ) ;
#13038 = FACE_OUTER_BOUND ( 'NONE', #5692, .T. ) ;
#13039 = ORIENTED_EDGE ( 'NONE', *, *, #2070, .F. ) ;
#13040 = LINE ( 'NONE', #4023, #10079 ) ;
#13041 = CARTESIAN_POINT ( 'NONE',  ( 30.00000000000002842, -19.99999999999999289, 0.000000000000000000 ) ) ;
#13042 = ORIENTED_EDGE ( 'NONE', *, *, #1821, .T. ) ;
#13043 = VECTOR ( 'NONE', #9518, 1000.000000000000000 ) ;
#13044 = LINE ( 'NONE', #6881, #10519 ) ;
#13045 = ORIENTED_EDGE ( 'NONE', *, *, #8474, .T. ) ;
#13046 = ORIENTED_EDGE ( 'NONE', *, *, #2620, .F. ) ;
#13047 = VECTOR ( 'NONE', #4382, 1000.000000000000000 ) ;
#13048 = ADVANCED_FACE ( 'NONE', ( #4139, #8342, #12574 ), #7616, .F. ) ;
#13049 = CARTESIAN_POINT ( 'NONE',  ( -44.00000000000004263, 26.99999999999999289, 46.00000000000000000 ) ) ;
#13050 = CARTESIAN_POINT ( 'NONE',  ( -23.74999999999998934, 4.999999999999990230, 25.15000000000000568 ) ) ;
#13051 = LINE ( 'NONE', #5031, #1195 ) ;
#13052 = CARTESIAN_POINT ( 'NONE',  ( -66.00000000000002842, 26.99999999999999289, 0.000000000000000000 ) ) ;
#13053 = DIRECTION ( 'NONE',  ( 0.000000000000000000, 0.000000000000000000, 1.000000000000000000 ) ) ;
#13054 = AXIS2_PLACEMENT_3D ( 'NONE', #5067, #10099, #1802 ) ;
#13055 = EDGE_CURVE ( 'NONE', #8017, #12632, #8485, .T. ) ;
#13056 = CARTESIAN_POINT ( 'NONE',  ( 0.000000000000000000, -24.00000000000000000, -31.75000000000000000 ) ) ;
#13057 = VECTOR ( 'NONE', #8880, 1000.000000000000000 ) ;
#13058 = ORIENTED_EDGE ( 'NONE', *, *, #6002, .T. ) ;
#13059 = ORIENTED_EDGE ( 'NONE', *, *, #576, .T. ) ;
#13060 = VERTEX_POINT ( 'NONE', #4348 ) ;
#13061 = VECTOR ( 'NONE', #5563, 999.9999999999998863 ) ;
#13062 = CIRCLE ( 'NONE', #3315, 1.500000000000001332 ) ;
#13063 = EDGE_CURVE ( 'NONE', #7431, #10206, #2308, .T. ) ;
#13064 = DIRECTION ( 'NONE',  ( 1.000000000000000000, -0.000000000000000000, -0.000000000000000000 ) ) ;
#13065 = DIRECTION ( 'NONE',  ( 1.000000000000000000, 0.000000000000000000, 0.000000000000000000 ) ) ;
#13066 = CIRCLE ( 'NONE', #12634, 2.000000000000001776 ) ;
#13067 = CIRCLE ( 'NONE', #11395, 10.00000000000000000 ) ;
#13068 = EDGE_CURVE ( 'NONE', #13060, #12079, #7528, .T. ) ;
#13069 = PLANE ( 'NONE',  #10069 ) ;
#13070 = AXIS2_PLACEMENT_3D ( 'NONE', #10222, #8419, #3240 ) ;
#13071 = DIRECTION ( 'NONE',  ( -1.000000000000000000, -0.000000000000000000, -0.000000000000000000 ) ) ;
#13072 = AXIS2_PLACEMENT_3D ( 'NONE', #6456, #6660, #10653 ) ;
#13073 = AXIS2_PLACEMENT_3D ( 'NONE', #7889, #3958, #5910 ) ;
#13074 = LINE ( 'NONE', #6792, #13113 ) ;
#13075 = ORIENTED_EDGE ( 'NONE', *, *, #2536, .T. ) ;
#13076 = VERTEX_POINT ( 'NONE', #5304 ) ;
#13077 = EDGE_LOOP ( 'NONE', ( #3135, #3180, #8326, #6462, #3491, #8458, #2462, #1123, #10736, #740, #11802, #9005, #2, #564, #7870, #5084, #3694, #11372, #9033, #9390, #5902, #9113, #3184, #10247, #7826, #2786, #10873, #10945, #12909, #4093, #4860, #9429, #2836, #4494, #355, #11912, #5531 ) ) ;
#13078 = EDGE_CURVE ( 'NONE', #9432, #11703, #5500, .T. ) ;
#13079 = AXIS2_PLACEMENT_3D ( 'NONE', #5645, #6643, #6519 ) ;
#13080 = ORIENTED_EDGE ( 'NONE', *, *, #8014, .T. ) ;
#13081 = VERTEX_POINT ( 'NONE', #9542 ) ;
#13082 = AXIS2_PLACEMENT_3D ( 'NONE', #3437, #8296, #12458 ) ;
#13083 = AXIS2_PLACEMENT_3D ( 'NONE', #6218, #10209, #10340 ) ;
#13084 = EDGE_CURVE ( 'NONE', #3725, #12294, #9397, .T. ) ;
#13085 = EDGE_LOOP ( 'NONE', ( #4951, #12980, #11303, #6446 ) ) ;
#13086 = VECTOR ( 'NONE', #9366, 1000.000000000000000 ) ;
#13087 = CARTESIAN_POINT ( 'NONE',  ( 12.74999999999983480, -5.000000000000006217, -11.49999999999999645 ) ) ;
#13088 = DIRECTION ( 'NONE',  ( 0.000000000000000000, 0.000000000000000000, 1.000000000000000000 ) ) ;
#13089 = DIRECTION ( 'NONE',  ( 1.000000000000000000, 0.000000000000000000, 0.000000000000000000 ) ) ;
#13090 = AXIS2_PLACEMENT_3D ( 'NONE', #7351, #11541, #106 ) ;
#13091 = VECTOR ( 'NONE', #1717, 1000.000000000000000 ) ;
#13092 = DIRECTION ( 'NONE',  ( -1.387778780781444571E-14, 0.000000000000000000, -1.000000000000000000 ) ) ;
#13093 = FACE_OUTER_BOUND ( 'NONE', #7559, .T. ) ;
#13094 = CARTESIAN_POINT ( 'NONE',  ( -23.74999999999998934, 4.999999999999990230, 60.00000000000000711 ) ) ;
#13095 = VERTEX_POINT ( 'NONE', #12372 ) ;
#13096 = CIRCLE ( 'NONE', #13082, 2.000000000000002665 ) ;
#13097 = CARTESIAN_POINT ( 'NONE',  ( 32.75615390495887880, -28.00000000000000355, -11.42179492079920600 ) ) ;
#13098 = CIRCLE ( 'NONE', #10784, 2.000000000000000888 ) ;
#13099 = EDGE_CURVE ( 'NONE', #7779, #12934, #1261, .T. ) ;
#13100 = VECTOR ( 'NONE', #4568, 1000.000000000000000 ) ;
#13101 = AXIS2_PLACEMENT_3D ( 'NONE', #4589, #2458, #5648 ) ;
#13102 = LINE ( 'NONE', #11921, #10764 ) ;
#13103 = ORIENTED_EDGE ( 'NONE', *, *, #7057, .F. ) ;
#13104 = ORIENTED_EDGE ( 'NONE', *, *, #10064, .T. ) ;
#13105 = AXIS2_PLACEMENT_3D ( 'NONE', #7518, #639, #3263 ) ;
#13106 = CARTESIAN_POINT ( 'NONE',  ( 28.74999999999982947, -4.999999999999913847, 25.00000000000000000 ) ) ;
#13107 = LINE ( 'NONE', #13035, #3338 ) ;
#13108 = PLANE ( 'NONE',  #12249 ) ;
#13109 = FACE_OUTER_BOUND ( 'NONE', #137, .T. ) ;
#13110 = CIRCLE ( 'NONE', #6766, 2.500000000000002220 ) ;
#13111 = EDGE_CURVE ( 'NONE', #8569, #7454, #10610, .T. ) ;
#13112 = DIRECTION ( 'NONE',  ( 0.000000000000000000, 0.000000000000000000, 1.000000000000000000 ) ) ;
#13113 = VECTOR ( 'NONE', #3720, 1000.000000000000000 ) ;
#13114 = ORIENTED_EDGE ( 'NONE', *, *, #2261, .T. ) ;
#13115 = LINE ( 'NONE', #10874, #9649 ) ;
#13116 = LINE ( 'NONE', #1146, #11860 ) ;
#13117 = ORIENTED_EDGE ( 'NONE', *, *, #3241, .F. ) ;
#13118 = CARTESIAN_POINT ( 'NONE',  ( 20.00000000000002842, 14.24999999999999822, 1.000000000000003553 ) ) ;
#13119 = VECTOR ( 'NONE', #8197, 1000.000000000000000 ) ;
#13120 = ORIENTED_EDGE ( 'NONE', *, *, #12563, .T. ) ;
#13121 = DIRECTION ( 'NONE',  ( 1.000000000000000000, -0.000000000000000000, 0.000000000000000000 ) ) ;
#13122 = VECTOR ( 'NONE', #4683, 1000.000000000000000 ) ;
#13123 = ORIENTED_EDGE ( 'NONE', *, *, #167, .F. ) ;
#13124 = ORIENTED_EDGE ( 'NONE', *, *, #8355, .T. ) ;
#13125 = LINE ( 'NONE', #7945, #2085 ) ;
#13126 = FACE_OUTER_BOUND ( 'NONE', #8195, .T. ) ;
#13127 = VECTOR ( 'NONE', #10942, 1000.000000000000000 ) ;
#13128 = DIRECTION ( 'NONE',  ( 0.000000000000000000, 0.000000000000000000, 1.000000000000000000 ) ) ;
#13129 = DIRECTION ( 'NONE',  ( 1.000000000000000000, 3.469446951953614189E-16, -0.000000000000000000 ) ) ;
#13130 = EDGE_CURVE ( 'NONE', #266, #1733, #5358, .T. ) ;
#13131 = PLANE ( 'NONE',  #1145 ) ;
#13132 = EDGE_LOOP ( 'NONE', ( #6167, #10077, #6374 ) ) ;
#13133 = DIRECTION ( 'NONE',  ( 0.3162277660168377191, 0.9486832980505138790, 0.000000000000000000 ) ) ;
#13134 = ORIENTED_EDGE ( 'NONE', *, *, #7735, .F. ) ;
#13135 = VERTEX_POINT ( 'NONE', #495 ) ;
#13136 = CIRCLE ( 'NONE', #2764, 3.000000000000000000 ) ;
#13137 = ORIENTED_EDGE ( 'NONE', *, *, #2979, .F. ) ;
#13138 = DIRECTION ( 'NONE',  ( 0.000000000000000000, -1.000000000000000000, 0.000000000000000000 ) ) ;
#13139 = FACE_OUTER_BOUND ( 'NONE', #10701, .T. ) ;
#13140 = EDGE_CURVE ( 'NONE', #10560, #2842, #286, .T. ) ;
#13141 = PLANE ( 'NONE',  #6483 ) ;
#13142 = CARTESIAN_POINT ( 'NONE',  ( -23.75000000000000000, 19.99999999999998934, 44.85000000000000142 ) ) ;
#13143 = CARTESIAN_POINT ( 'NONE',  ( 28.74999999999982947, 10.50000000000008527, 21.00000000000000355 ) ) ;
#13144 = DIRECTION ( 'NONE',  ( 1.000000000000000000, -0.000000000000000000, 0.000000000000000000 ) ) ;
#13145 = CARTESIAN_POINT ( 'NONE',  ( 0.000000000000000000, 26.99999999999999289, 45.99999999999999289 ) ) ;
#13146 = EDGE_CURVE ( 'NONE', #10880, #10213, #13136, .T. ) ;
#13147 = CARTESIAN_POINT ( 'NONE',  ( 42.00000000000002842, 26.99999999999999289, -3.000000000000000000 ) ) ;
#13148 = ORIENTED_EDGE ( 'NONE', *, *, #12016, .F. ) ;
#13149 = VERTEX_POINT ( 'NONE', #9339 ) ;
ENDSEC;
END-ISO-10303-21;
