ISO-10303-21;
HEADER;
FILE_DESCRIPTION (( 'STEP AP214' ),
    '1' );
FILE_NAME ('Under carriage tripod mount.STEP',
    '2026-06-11T14:53:05',
    ( '' ),
    ( '' ),
    'SwSTEP 2.0',
    'SolidWorks 2025',
    '' );
FILE_SCHEMA (( 'AUTOMOTIVE_DESIGN' ));
ENDSEC;

DATA;
#1 = CARTESIAN_POINT ( 'NONE',  ( -44.00000000000000000, -30.76603339672067605, 170.4999999999999716 ) ) ;
#2 = CARTESIAN_POINT ( 'NONE',  ( -27.00000000000001066, 9.999999999999996447, 15.00000000000001421 ) ) ;
#3 = DIRECTION ( 'NONE',  ( 1.000000000000000000, -9.912705577010326782E-17, 0.000000000000000000 ) ) ;
#4 = FACE_OUTER_BOUND ( 'NONE', #268, .T. ) ;
#5 = CARTESIAN_POINT ( 'NONE',  ( -30.00000000000005684, -25.57000000000000384, 33.79999999999999716 ) ) ;
#6 = ORIENTED_EDGE ( 'NONE', *, *, #5174, .F. ) ;
#7 = ADVANCED_FACE ( 'NONE', ( #4030 ), #1161, .F. ) ;
#8 = DIRECTION ( 'NONE',  ( 0.000000000000000000, 1.000000000000000000, 0.000000000000000000 ) ) ;
#9 = CYLINDRICAL_SURFACE ( 'NONE', #2928, 4.500000000000000000 ) ;
#10 = CARTESIAN_POINT ( 'NONE',  ( -34.99999999999999289, 29.57396660327933802, 170.5000000000000000 ) ) ;
#11 = DIRECTION ( 'NONE',  ( 0.000000000000000000, -1.000000000000000000, 0.000000000000000000 ) ) ;
#12 = ORIENTED_EDGE ( 'NONE', *, *, #2186, .F. ) ;
#13 = EDGE_CURVE ( 'NONE', #3451, #1550, #2904, .T. ) ;
#14 = FACE_OUTER_BOUND ( 'NONE', #2157, .T. ) ;
#15 = VERTEX_POINT ( 'NONE', #3555 ) ;
#16 = LINE ( 'NONE', #1137, #2059 ) ;
#17 = ORIENTED_EDGE ( 'NONE', *, *, #3527, .T. ) ;
#18 = FACE_OUTER_BOUND ( 'NONE', #3403, .T. ) ;
#19 = ORIENTED_EDGE ( 'NONE', *, *, #2216, .T. ) ;
#20 = ORIENTED_EDGE ( 'NONE', *, *, #2422, .F. ) ;
#21 = DIRECTION ( 'NONE',  ( 0.000000000000000000, -1.000000000000000000, 0.000000000000000000 ) ) ;
#22 = ORIENTED_EDGE ( 'NONE', *, *, #3332, .F. ) ;
#23 = DIRECTION ( 'NONE',  ( 1.000000000000000000, -9.912705577010326782E-17, 0.000000000000000000 ) ) ;
#24 = VECTOR ( 'NONE', #4826, 1000.000000000000000 ) ;
#25 = DIRECTION ( 'NONE',  ( 1.000000000000000000, 0.000000000000000000, -0.000000000000000000 ) ) ;
#26 = LINE ( 'NONE', #3255, #5094 ) ;
#27 = CYLINDRICAL_SURFACE ( 'NONE', #4178, 12.50000000000001066 ) ;
#28 = AXIS2_PLACEMENT_3D ( 'NONE', #4020, #33, #2768 ) ;
#29 = DIRECTION ( 'NONE',  ( -1.000000000000000000, 0.000000000000000000, 0.000000000000000000 ) ) ;
#30 = CARTESIAN_POINT ( 'NONE',  ( 30.00000000000005329, -45.00000000000000000, 174.8000000000000114 ) ) ;
#31 = EDGE_LOOP ( 'NONE', ( #3747, #2916, #5163, #3689 ) ) ;
#32 = CIRCLE ( 'NONE', #2987, 8.000000000000000000 ) ;
#33 = DIRECTION ( 'NONE',  ( 0.000000000000000000, 1.000000000000000000, -0.000000000000000000 ) ) ;
#34 = CARTESIAN_POINT ( 'NONE',  ( -30.00000000000004974, 24.56999999999999673, 166.2000000000000171 ) ) ;
#35 = DIRECTION ( 'NONE',  ( 0.000000000000000000, 1.000000000000000000, -0.000000000000000000 ) ) ;
#36 = VECTOR ( 'NONE', #3716, 1000.000000000000000 ) ;
#37 = FACE_OUTER_BOUND ( 'NONE', #2346, .T. ) ;
#38 = ORIENTED_EDGE ( 'NONE', *, *, #4356, .T. ) ;
#39 = AXIS2_PLACEMENT_3D ( 'NONE', #3859, #2210, #185 ) ;
#40 = CARTESIAN_POINT ( 'NONE',  ( 44.00000000000000711, 29.57396660327935223, 29.50000000000000000 ) ) ;
#41 = EDGE_LOOP ( 'NONE', ( #1565, #1182, #2198, #4057 ) ) ;
#42 = CARTESIAN_POINT ( 'NONE',  ( 44.00000000000000711, -30.76603339672067605, 170.4999999999999716 ) ) ;
#43 = ORIENTED_EDGE ( 'NONE', *, *, #652, .F. ) ;
#44 = LINE ( 'NONE', #832, #4264 ) ;
#45 = EDGE_CURVE ( 'NONE', #3199, #98, #1641, .T. ) ;
#46 = ADVANCED_FACE ( 'NONE', ( #4395 ), #1139, .F. ) ;
#47 = ORIENTED_EDGE ( 'NONE', *, *, #2743, .T. ) ;
#48 = VERTEX_POINT ( 'NONE', #2777 ) ;
#49 = VECTOR ( 'NONE', #1990, 1000.000000000000000 ) ;
#51 = VECTOR ( 'NONE', #1769, 1000.000000000000000 ) ;
#50 = LINE ( 'NONE', #2843, #5187 ) ;
#52 = EDGE_LOOP ( 'NONE', ( #3660, #498, #3321, #3195 ) ) ;
#53 = EDGE_CURVE ( 'NONE', #2455, #3295, #2937, .T. ) ;
#54 = CARTESIAN_POINT ( 'NONE',  ( -30.00000000000004974, 24.56999999999999673, 166.2000000000000171 ) ) ;
#55 = CIRCLE ( 'NONE', #4606, 2.600000000000019185 ) ;
#56 = DIRECTION ( 'NONE',  ( -1.000000000000000000, 9.912705577010326782E-17, 4.034240641806529869E-16 ) ) ;
#58 = CARTESIAN_POINT ( 'NONE',  ( 44.00000000000000711, 29.57396660327935223, 29.50000000000000000 ) ) ;
#57 = CIRCLE ( 'NONE', #3181, 2.500000000000000000 ) ;
#59 = AXIS2_PLACEMENT_3D ( 'NONE', #1, #4039, #4090 ) ;
#60 = DIRECTION ( 'NONE',  ( -1.000000000000000000, -0.000000000000000000, 0.000000000000000000 ) ) ;
#61 = CARTESIAN_POINT ( 'NONE',  ( -25.00000000000005684, -25.57000000000000384, 25.19999999999999929 ) ) ;
#62 = EDGE_CURVE ( 'NONE', #414, #3013, #3273, .T. ) ;
#63 = VECTOR ( 'NONE', #364, 1000.000000000000000 ) ;
#64 = CARTESIAN_POINT ( 'NONE',  ( 25.00000000000004974, -30.76603339672067605, 167.8999999999999773 ) ) ;
#65 = EDGE_CURVE ( 'NONE', #1366, #3037, #3371, .T. ) ;
#66 = DIRECTION ( 'NONE',  ( -1.000000000000000000, -0.000000000000000000, -0.000000000000000000 ) ) ;
#67 = PLANE ( 'NONE',  #127 ) ;
#68 = DIRECTION ( 'NONE',  ( 0.000000000000000000, 0.000000000000000000, -1.000000000000000000 ) ) ;
#69 = EDGE_LOOP ( 'NONE', ( #3741, #4391, #4373, #2324 ) ) ;
#70 = CARTESIAN_POINT ( 'NONE',  ( -9.999999999999992895, -38.00000000000000000, 49.74591573101819364 ) ) ;
#71 = EDGE_CURVE ( 'NONE', #1159, #927, #4078, .T. ) ;
#72 = ORIENTED_EDGE ( 'NONE', *, *, #297, .F. ) ;
#73 = LINE ( 'NONE', #3370, #1218 ) ;
#74 = CARTESIAN_POINT ( 'NONE',  ( 15.00000000000000178, 26.00000000000000000, 0.000000000000000000 ) ) ;
#75 = CARTESIAN_POINT ( 'NONE',  ( 1.258913608280311389E-14, 34.50000000000000000, -1.781485198558193164E-30 ) ) ;
#76 = ORIENTED_EDGE ( 'NONE', *, *, #4260, .T. ) ;
#77 = EDGE_CURVE ( 'NONE', #2150, #3967, #4251, .T. ) ;
#78 = ORIENTED_EDGE ( 'NONE', *, *, #1245, .F. ) ;
#79 = CARTESIAN_POINT ( 'NONE',  ( -30.00000000000004974, 37.00000000000000000, 166.2000000000000171 ) ) ;
#80 = VERTEX_POINT ( 'NONE', #1370 ) ;
#81 = ADVANCED_BREP_SHAPE_REPRESENTATION ( 'Under carriage tripod mount', ( #4058, #520, #574, #2436, #531, #865 ), #4835 ) ;
#82 = EDGE_CURVE ( 'NONE', #3465, #3721, #508, .T. ) ;
#83 = VERTEX_POINT ( 'NONE', #2890 ) ;
#84 = DIRECTION ( 'NONE',  ( -1.000000000000000000, 9.912705577010325549E-17, -0.000000000000000000 ) ) ;
#85 = CARTESIAN_POINT ( 'NONE',  ( -34.99999999999999289, 29.57396660327933802, 170.5000000000000000 ) ) ;
#86 = CYLINDRICAL_SURFACE ( 'NONE', #3517, 5.000000000000004441 ) ;
#87 = DIRECTION ( 'NONE',  ( 0.000000000000000000, 1.000000000000000000, 0.000000000000000000 ) ) ;
#88 = DIRECTION ( 'NONE',  ( -1.000000000000000000, 0.000000000000000000, 0.000000000000000000 ) ) ;
#89 = LINE ( 'NONE', #4894, #3907 ) ;
#90 = DIRECTION ( 'NONE',  ( -1.000000000000000000, -0.000000000000000000, -0.000000000000000000 ) ) ;
#91 = ORIENTED_EDGE ( 'NONE', *, *, #1255, .F. ) ;
#92 = DIRECTION ( 'NONE',  ( 0.000000000000000000, 0.000000000000000000, 1.000000000000000000 ) ) ;
#93 = ORIENTED_EDGE ( 'NONE', *, *, #4509, .T. ) ;
#94 = FACE_BOUND ( 'NONE', #2227, .T. ) ;
#95 = DIRECTION ( 'NONE',  ( -1.000000000000000000, -0.000000000000000000, -0.000000000000000000 ) ) ;
#96 = DIRECTION ( 'NONE',  ( -0.000000000000000000, -0.000000000000000000, -1.000000000000000000 ) ) ;
#97 = VERTEX_POINT ( 'NONE', #3314 ) ;
#98 = VERTEX_POINT ( 'NONE', #4926 ) ;
#99 = CYLINDRICAL_SURFACE ( 'NONE', #1548, 2.599999999999998312 ) ;
#100 = ORIENTED_EDGE ( 'NONE', *, *, #465, .F. ) ;
#101 = CARTESIAN_POINT ( 'NONE',  ( -22.29227204609598090, -45.00000000000000000, 154.7840618205169108 ) ) ;
#102 = SURFACE_STYLE_FILL_AREA ( #1698 ) ;
#103 = ORIENTED_EDGE ( 'NONE', *, *, #4096, .F. ) ;
#104 = FACE_OUTER_BOUND ( 'NONE', #4874, .T. ) ;
#105 = ORIENTED_EDGE ( 'NONE', *, *, #1421, .F. ) ;
#106 = FACE_OUTER_BOUND ( 'NONE', #1335, .T. ) ;
#107 = EDGE_CURVE ( 'NONE', #3349, #378, #4505, .T. ) ;
#108 = EDGE_CURVE ( 'NONE', #3851, #5165, #454, .T. ) ;
#109 = CIRCLE ( 'NONE', #3061, 4.999999999999976907 ) ;
#110 = CYLINDRICAL_SURFACE ( 'NONE', #4925, 4.999999999999976907 ) ;
#111 = DIRECTION ( 'NONE',  ( 1.000000000000000000, 0.000000000000000000, -0.000000000000000000 ) ) ;
#112 = DIRECTION ( 'NONE',  ( 9.912705577010326782E-17, 1.000000000000000000, 0.000000000000000000 ) ) ;
#113 = DIRECTION ( 'NONE',  ( -0.000000000000000000, -0.000000000000000000, -1.000000000000000000 ) ) ;
#114 = VECTOR ( 'NONE', #1822, 1000.000000000000000 ) ;
#115 = VERTEX_POINT ( 'NONE', #149 ) ;
#116 = CARTESIAN_POINT ( 'NONE',  ( -30.00000000000006040, -45.00000000000000000, 25.19999999999999929 ) ) ;
#117 = CARTESIAN_POINT ( 'NONE',  ( 35.00000000000000000, 29.57396660327935223, 29.50000000000000000 ) ) ;
#118 = VECTOR ( 'NONE', #1574, 1000.000000000000000 ) ;
#119 = CARTESIAN_POINT ( 'NONE',  ( 0.000000000000000000, 0.000000000000000000, 37.24000000000000199 ) ) ;
#120 = CARTESIAN_POINT ( 'NONE',  ( 32.00000000000002842, 33.24999999999998579, 200.0000000000000000 ) ) ;
#121 = EDGE_CURVE ( 'NONE', #2869, #5079, #2812, .T. ) ;
#122 = ORIENTED_EDGE ( 'NONE', *, *, #352, .F. ) ;
#123 = EDGE_LOOP ( 'NONE', ( #2516, #3634, #4965, #801 ) ) ;
#124 = DIRECTION ( 'NONE',  ( 0.000000000000000000, 1.000000000000000000, 0.000000000000000000 ) ) ;
#125 = CARTESIAN_POINT ( 'NONE',  ( -34.99999999999999289, 29.57396660327935223, 29.50000000000000000 ) ) ;
#126 = ORIENTED_EDGE ( 'NONE', *, *, #2232, .T. ) ;
#127 = AXIS2_PLACEMENT_3D ( 'NONE', #2883, #4946, #847 ) ;
#128 = ORIENTED_EDGE ( 'NONE', *, *, #712, .T. ) ;
#129 = CIRCLE ( 'NONE', #4527, 2.599999999999998312 ) ;
#130 = VECTOR ( 'NONE', #4986, 1000.000000000000000 ) ;
#131 = EDGE_LOOP ( 'NONE', ( #908, #3222, #2316, #2378 ) ) ;
#132 = DIRECTION ( 'NONE',  ( 0.000000000000000000, 0.000000000000000000, 1.000000000000000000 ) ) ;
#133 = ADVANCED_FACE ( 'NONE', ( #3393 ), #4900, .F. ) ;
#134 = EDGE_LOOP ( 'NONE', ( #4611, #2724 ) ) ;
#135 = FACE_OUTER_BOUND ( 'NONE', #621, .T. ) ;
#136 = MECHANICAL_DESIGN_GEOMETRIC_PRESENTATION_REPRESENTATION (  '', ( #3760 ), #2228 ) ;
#137 = AXIS2_PLACEMENT_3D ( 'NONE', #4630, #1426, #1061 ) ;
#138 = AXIS2_PLACEMENT_3D ( 'NONE', #2255, #1458, #3054 ) ;
#139 = AXIS2_PLACEMENT_3D ( 'NONE', #5177, #1968, #2359 ) ;
#140 = LINE ( 'NONE', #2477, #4836 ) ;
#141 = EDGE_CURVE ( 'NONE', #3013, #1462, #1345, .T. ) ;
#142 = PLANE ( 'NONE',  #3848 ) ;
#143 = CARTESIAN_POINT ( 'NONE',  ( -9.999999999999992895, -38.00000000000000000, 49.74591573101819364 ) ) ;
#144 = EDGE_LOOP ( 'NONE', ( #2728, #5168, #1230, #1571 ) ) ;
#145 = DIRECTION ( 'NONE',  ( -1.000000000000000000, -0.000000000000000000, -0.000000000000000000 ) ) ;
#146 = EDGE_CURVE ( 'NONE', #2842, #3532, #1667, .T. ) ;
#147 = EDGE_CURVE ( 'NONE', #2714, #414, #4111, .T. ) ;
#148 = CARTESIAN_POINT ( 'NONE',  ( -2.541172249825931671E-14, 5.000000000000004441, 106.0044427995721321 ) ) ;
#149 = CARTESIAN_POINT ( 'NONE',  ( -35.00000000000000000, 29.57396660327933802, 173.1000000000000227 ) ) ;
#150 = DIRECTION ( 'NONE',  ( 0.000000000000000000, 0.000000000000000000, 1.000000000000000000 ) ) ;
#151 = ORIENTED_EDGE ( 'NONE', *, *, #1306, .F. ) ;
#152 = ORIENTED_EDGE ( 'NONE', *, *, #773, .T. ) ;
#153 = EDGE_CURVE ( 'NONE', #15, #316, #790, .T. ) ;
#154 = LINE ( 'NONE', #1349, #2894 ) ;
#155 = DIRECTION ( 'NONE',  ( -1.000000000000000000, -0.000000000000000000, -0.000000000000000000 ) ) ;
#156 = EDGE_LOOP ( 'NONE', ( #4223, #38 ) ) ;
#157 = CARTESIAN_POINT ( 'NONE',  ( 35.00000000000000000, -45.00000000000000000, 200.0000000000000000 ) ) ;
#158 = VERTEX_POINT ( 'NONE', #1715 ) ;
#159 = EDGE_CURVE ( 'NONE', #4929, #3761, #1709, .T. ) ;
#160 = FACE_OUTER_BOUND ( 'NONE', #4401, .T. ) ;
#161 = ORIENTED_EDGE ( 'NONE', *, *, #2099, .T. ) ;
#162 = LINE ( 'NONE', #4143, #225 ) ;
#163 = EDGE_CURVE ( 'NONE', #1357, #1932, #3343, .T. ) ;
#164 = CARTESIAN_POINT ( 'NONE',  ( -35.00000000000000000, -45.00000000000000000, 0.000000000000000000 ) ) ;
#165 = FACE_OUTER_BOUND ( 'NONE', #811, .T. ) ;
#166 = FILL_AREA_STYLE ('',( #1660 ) ) ;
#167 = ORIENTED_EDGE ( 'NONE', *, *, #3535, .F. ) ;
#168 = DIRECTION ( 'NONE',  ( 9.912705577010326782E-17, 1.000000000000000000, 0.000000000000000000 ) ) ;
#169 = FACE_BOUND ( 'NONE', #4218, .T. ) ;
#170 = DIRECTION ( 'NONE',  ( -1.000000000000000000, 0.000000000000000000, 0.000000000000000000 ) ) ;
#171 = DIRECTION ( 'NONE',  ( 1.000000000000000000, -0.000000000000000000, 0.000000000000000000 ) ) ;
#172 = EDGE_CURVE ( 'NONE', #674, #4375, #925, .T. ) ;
#173 = VERTEX_POINT ( 'NONE', #5001 ) ;
#174 = CARTESIAN_POINT ( 'NONE',  ( -30.00000000000006040, -30.76603339672067605, 173.0999999999999943 ) ) ;
#175 = CARTESIAN_POINT ( 'NONE',  ( 30.00000000000005329, -45.00000000000000000, 166.2000000000000171 ) ) ;
#176 = ORIENTED_EDGE ( 'NONE', *, *, #2082, .F. ) ;
#177 = CARTESIAN_POINT ( 'NONE',  ( -19.51914607550586922, -40.00000000000000000, 159.3689769487588137 ) ) ;
#178 = CARTESIAN_POINT ( 'NONE',  ( -22.29227204609598090, -40.00000000000000000, 154.7840618205169108 ) ) ;
#179 = ORIENTED_EDGE ( 'NONE', *, *, #290, .F. ) ;
#180 = CYLINDRICAL_SURFACE ( 'NONE', #3600, 2.500000000000002220 ) ;
#181 = ORIENTED_EDGE ( 'NONE', *, *, #2779, .F. ) ;
#182 = CARTESIAN_POINT ( 'NONE',  ( -34.99999999999999289, -30.76603339672067605, 170.4999999999999716 ) ) ;
#183 = CARTESIAN_POINT ( 'NONE',  ( 5.199999999999982414, 5.000000000000004441, 103.0022213997860945 ) ) ;
#184 = DIRECTION ( 'NONE',  ( -1.000000000000000000, -0.000000000000000000, -0.000000000000000000 ) ) ;
#185 = DIRECTION ( 'NONE',  ( 1.000000000000000000, 0.000000000000000000, -0.000000000000000000 ) ) ;
#186 = ORIENTED_EDGE ( 'NONE', *, *, #4668, .F. ) ;
#187 = VECTOR ( 'NONE', #1513, 1000.000000000000000 ) ;
#188 = LINE ( 'NONE', #2971, #1109 ) ;
#189 = DIRECTION ( 'NONE',  ( 0.000000000000000000, 0.000000000000000000, -1.000000000000000000 ) ) ;
#190 = EDGE_CURVE ( 'NONE', #3107, #651, #4604, .T. ) ;
#191 = LINE ( 'NONE', #2684, #1881 ) ;
#192 = AXIS2_PLACEMENT_3D ( 'NONE', #2530, #168, #2586 ) ;
#193 = DIRECTION ( 'NONE',  ( 0.000000000000000000, 0.000000000000000000, 1.000000000000000000 ) ) ;
#194 = ORIENTED_EDGE ( 'NONE', *, *, #1841, .F. ) ;
#195 = AXIS2_PLACEMENT_3D ( 'NONE', #4793, #1850, #1504 ) ;
#196 = AXIS2_PLACEMENT_3D ( 'NONE', #4406, #3563, #4382 ) ;
#197 = ORIENTED_EDGE ( 'NONE', *, *, #2555, .F. ) ;
#198 = CARTESIAN_POINT ( 'NONE',  ( -9.999999999999980460, -40.00000000000000000, 147.7540842689818419 ) ) ;
#199 = CARTESIAN_POINT ( 'NONE',  ( 44.00000000000000711, 29.57396660327933802, 173.1000000000000227 ) ) ;
#200 = ORIENTED_EDGE ( 'NONE', *, *, #4654, .T. ) ;
#201 = CARTESIAN_POINT ( 'NONE',  ( 30.00000000000005684, -25.57000000000000384, 174.8000000000000114 ) ) ;
#202 = CIRCLE ( 'NONE', #2633, 2.600000000000019185 ) ;
#203 = ORIENTED_EDGE ( 'NONE', *, *, #3285, .T. ) ;
#204 = EDGE_LOOP ( 'NONE', ( #1287, #4933, #533, #535 ) ) ;
#206 = CIRCLE ( 'NONE', #3162, 2.599999999999998312 ) ;
#205 = PLANE ( 'NONE',  #4949 ) ;
#207 = EDGE_LOOP ( 'NONE', ( #1204, #4882, #1086, #884 ) ) ;
#208 = CARTESIAN_POINT ( 'NONE',  ( -9.999999999999980460, -38.00000000000000000, 147.7540842689818419 ) ) ;
#209 = AXIS2_PLACEMENT_3D ( 'NONE', #3058, #1463, #4665 ) ;
#210 = AXIS2_PLACEMENT_3D ( 'NONE', #4562, #1330, #2540 ) ;
#211 = DIRECTION ( 'NONE',  ( -1.000000000000000000, 0.000000000000000000, 0.000000000000000000 ) ) ;
#212 = ADVANCED_FACE ( 'NONE', ( #4152, #3695 ), #1691, .T. ) ;
#213 = PLANE ( 'NONE',  #392 ) ;
#214 = PRESENTATION_STYLE_ASSIGNMENT (( #4287 ) ) ;
#215 = AXIS2_PLACEMENT_3D ( 'NONE', #3227, #3, #4806 ) ;
#216 = ORIENTED_EDGE ( 'NONE', *, *, #3919, .F. ) ;
#217 = AXIS2_PLACEMENT_3D ( 'NONE', #143, #1742, #4973 ) ;
#218 = EDGE_CURVE ( 'NONE', #378, #1372, #5054, .T. ) ;
#219 = CARTESIAN_POINT ( 'NONE',  ( -30.00000000000006040, -45.00000000000000000, 174.8000000000000114 ) ) ;
#220 = CARTESIAN_POINT ( 'NONE',  ( -22.50000000000000000, -40.00000000000000000, 49.74591573101820074 ) ) ;
#221 = AXIS2_PLACEMENT_3D ( 'NONE', #3209, #66, #1979 ) ;
#222 = LINE ( 'NONE', #4707, #4345 ) ;
#223 = EDGE_LOOP ( 'NONE', ( #4542, #1882 ) ) ;
#224 = EDGE_CURVE ( 'NONE', #565, #80, #585, .T. ) ;
#225 = VECTOR ( 'NONE', #4591, 1000.000000000000000 ) ;
#226 = ORIENTED_EDGE ( 'NONE', *, *, #4541, .T. ) ;
#227 = DIRECTION ( 'NONE',  ( -1.000000000000000000, -0.000000000000000000, -0.000000000000000000 ) ) ;
#228 = DIRECTION ( 'NONE',  ( 1.000000000000000000, -9.912705577010326782E-17, -4.034240641806530362E-16 ) ) ;
#229 = ORIENTED_EDGE ( 'NONE', *, *, #2394, .T. ) ;
#230 = CARTESIAN_POINT ( 'NONE',  ( 15.02287063045850957, 30.97574489129856090, 172.7054568285488472 ) ) ;
#231 = DIRECTION ( 'NONE',  ( 0.000000000000000000, 0.000000000000000000, -1.000000000000000000 ) ) ;
#232 = ORIENTED_EDGE ( 'NONE', *, *, #2549, .F. ) ;
#233 = ORIENTED_EDGE ( 'NONE', *, *, #71, .T. ) ;
#234 = ORIENTED_EDGE ( 'NONE', *, *, #5007, .T. ) ;
#235 = CYLINDRICAL_SURFACE ( 'NONE', #395, 2.600000000000019185 ) ;
#236 = CYLINDRICAL_SURFACE ( 'NONE', #1032, 2.600000000000019185 ) ;
#237 = CARTESIAN_POINT ( 'NONE',  ( 44.00000000000000711, 29.57396660327935223, 29.50000000000000000 ) ) ;
#238 = DIRECTION ( 'NONE',  ( 0.000000000000000000, -1.000000000000000000, 0.000000000000000000 ) ) ;
#239 = EDGE_CURVE ( 'NONE', #797, #3502, #202, .T. ) ;
#240 = ORIENTED_EDGE ( 'NONE', *, *, #328, .F. ) ;
#241 = LINE ( 'NONE', #3905, #867 ) ;
#242 = DIRECTION ( 'NONE',  ( -1.000000000000000000, 0.000000000000000000, -0.000000000000000000 ) ) ;
#243 = CARTESIAN_POINT ( 'NONE',  ( -34.99999999999999289, 29.57396660327933802, 170.5000000000000000 ) ) ;
#244 = ORIENTED_EDGE ( 'NONE', *, *, #4135, .T. ) ;
#245 = EDGE_LOOP ( 'NONE', ( #2636, #3459, #3773, #892 ) ) ;
#246 = FACE_OUTER_BOUND ( 'NONE', #3961, .T. ) ;
#247 = DIRECTION ( 'NONE',  ( -4.034240641806529869E-16, 0.000000000000000000, 1.000000000000000000 ) ) ;
#248 = ORIENTED_EDGE ( 'NONE', *, *, #1416, .T. ) ;
#249 = CARTESIAN_POINT ( 'NONE',  ( 15.23604384958174762, 31.86246748548645513, 169.2391848844928290 ) ) ;
#250 = ADVANCED_FACE ( 'NONE', ( #2609 ), #1500, .F. ) ;
#251 = DIRECTION ( 'NONE',  ( 1.000000000000000000, -3.469446951953613696E-16, 0.000000000000000000 ) ) ;
#252 = ORIENTED_EDGE ( 'NONE', *, *, #1382, .T. ) ;
#253 = EDGE_LOOP ( 'NONE', ( #1481, #1450, #2652, #732 ) ) ;
#254 = CARTESIAN_POINT ( 'NONE',  ( 44.00000000000000711, 29.57396660327933802, 170.5000000000000000 ) ) ;
#255 = VERTEX_POINT ( 'NONE', #220 ) ;
#256 = CARTESIAN_POINT ( 'NONE',  ( -22.49999999999998579, -40.00000000000000000, 150.2540842689817850 ) ) ;
#257 = CARTESIAN_POINT ( 'NONE',  ( 0.000000000000000000, 0.000000000000000000, 37.24000000000000199 ) ) ;
#258 = EDGE_CURVE ( 'NONE', #771, #3338, #2247, .T. ) ;
#259 = CARTESIAN_POINT ( 'NONE',  ( -35.00000000000000000, 29.57396660327933802, 167.9000000000000057 ) ) ;
#260 = SURFACE_STYLE_FILL_AREA ( #2583 ) ;
#261 = ORIENTED_EDGE ( 'NONE', *, *, #1580, .T. ) ;
#262 = DIRECTION ( 'NONE',  ( 0.000000000000000000, 0.000000000000000000, -1.000000000000000000 ) ) ;
#263 = DIRECTION ( 'NONE',  ( 0.000000000000000000, 0.000000000000000000, 1.000000000000000000 ) ) ;
#264 = EDGE_CURVE ( 'NONE', #1070, #3945, #3155, .T. ) ;
#265 = DIRECTION ( 'NONE',  ( 9.912705577010326782E-17, 1.000000000000000000, -0.000000000000000000 ) ) ;
#266 = VECTOR ( 'NONE', #3671, 1000.000000000000000 ) ;
#267 = EDGE_LOOP ( 'NONE', ( #1914, #883, #4452, #2689 ) ) ;
#268 = EDGE_LOOP ( 'NONE', ( #2494, #1886, #3559, #2302 ) ) ;
#269 = DIRECTION ( 'NONE',  ( -1.000000000000000000, -0.000000000000000000, -0.000000000000000000 ) ) ;
#270 = VECTOR ( 'NONE', #1289, 1000.000000000000000 ) ;
#271 = VERTEX_POINT ( 'NONE', #1005 ) ;
#272 = EDGE_CURVE ( 'NONE', #3880, #2842, #534, .T. ) ;
#273 = CARTESIAN_POINT ( 'NONE',  ( 25.00000000000006395, 24.56999999999999673, 174.8000000000000114 ) ) ;
#274 = VERTEX_POINT ( 'NONE', #3808 ) ;
#275 = VECTOR ( 'NONE', #3928, 1000.000000000000000 ) ;
#276 = VERTEX_POINT ( 'NONE', #5076 ) ;
#277 = EDGE_CURVE ( 'NONE', #1584, #4461, #1447, .T. ) ;
#278 = FACE_OUTER_BOUND ( 'NONE', #1934, .T. ) ;
#279 = VERTEX_POINT ( 'NONE', #4211 ) ;
#280 = CLOSED_SHELL ( 'NONE', ( #656, #2881, #451, #4692, #2804, #3251 ) ) ;
#281 = DIRECTION ( 'NONE',  ( -1.000000000000000000, 0.000000000000000000, 0.000000000000000000 ) ) ;
#282 = EDGE_CURVE ( 'NONE', #5087, #4053, #663, .T. ) ;
#283 = CARTESIAN_POINT ( 'NONE',  ( -30.00000000000004619, 29.57396660327933802, 170.5000000000000000 ) ) ;
#284 = LINE ( 'NONE', #1517, #4942 ) ;
#285 = DIRECTION ( 'NONE',  ( 0.000000000000000000, 0.000000000000000000, 1.000000000000000000 ) ) ;
#286 = FACE_OUTER_BOUND ( 'NONE', #1269, .T. ) ;
#287 = STYLED_ITEM ( 'NONE', ( #4473 ), #520 ) ;
#288 = ORIENTED_EDGE ( 'NONE', *, *, #2233, .F. ) ;
#289 = ORIENTED_EDGE ( 'NONE', *, *, #799, .F. ) ;
#290 = EDGE_CURVE ( 'NONE', #97, #2306, #4421, .T. ) ;
#291 = CIRCLE ( 'NONE', #1049, 2.599999999999998312 ) ;
#292 = AXIS2_PLACEMENT_3D ( 'NONE', #423, #5012, #4162 ) ;
#293 = FACE_OUTER_BOUND ( 'NONE', #4769, .T. ) ;
#294 = DIRECTION ( 'NONE',  ( -1.000000000000000000, -0.000000000000000000, -0.000000000000000000 ) ) ;
#295 = DIRECTION ( 'NONE',  ( 1.000000000000000000, -3.469446951953613696E-16, -0.000000000000000000 ) ) ;
#296 = ORIENTED_EDGE ( 'NONE', *, *, #1985, .T. ) ;
#297 = EDGE_CURVE ( 'NONE', #271, #4347, #2217, .T. ) ;
#298 = ORIENTED_EDGE ( 'NONE', *, *, #2099, .F. ) ;
#299 = VECTOR ( 'NONE', #5218, 1000.000000000000000 ) ;
#300 = CARTESIAN_POINT ( 'NONE',  ( 0.000000000000000000, 0.000000000000000000, 0.000000000000000000 ) ) ;
#301 = AXIS2_PLACEMENT_3D ( 'NONE', #4565, #4618, #3799 ) ;
#302 = EDGE_LOOP ( 'NONE', ( #2933, #3396 ) ) ;
#303 = CARTESIAN_POINT ( 'NONE',  ( -6.938893903907228378E-15, 5.000000000000004441, 96.91215062577353478 ) ) ;
#304 = CIRCLE ( 'NONE', #2243, 4.999999999999976907 ) ;
#305 = ORIENTED_EDGE ( 'NONE', *, *, #1140, .F. ) ;
#306 = EDGE_CURVE ( 'NONE', #4886, #4194, #1823, .T. ) ;
#307 = ORIENTED_EDGE ( 'NONE', *, *, #3971, .F. ) ;
#308 = DIRECTION ( 'NONE',  ( 1.000000000000000000, 0.000000000000000000, 0.000000000000000000 ) ) ;
#309 = ORIENTED_EDGE ( 'NONE', *, *, #3305, .T. ) ;
#310 = LINE ( 'NONE', #3461, #4827 ) ;
#311 = CARTESIAN_POINT ( 'NONE',  ( -6.560741418667665927E-15, 5.000000000000004441, 103.0878493742265078 ) ) ;
#312 = DIRECTION ( 'NONE',  ( 0.000000000000000000, 0.000000000000000000, 1.000000000000000000 ) ) ;
#313 = PLANE ( 'NONE',  #3687 ) ;
#314 = CYLINDRICAL_SURFACE ( 'NONE', #1295, 2.600000000000019185 ) ;
#315 = EDGE_CURVE ( 'NONE', #3338, #4507, #1027, .T. ) ;
#316 = VERTEX_POINT ( 'NONE', #3073 ) ;
#317 = CARTESIAN_POINT ( 'NONE',  ( 25.00000000000006395, 33.24999999999998579, 25.19999999999999218 ) ) ;
#318 = FACE_BOUND ( 'NONE', #2178, .T. ) ;
#319 = CARTESIAN_POINT ( 'NONE',  ( -31.25000000000001421, 11.99999999999999645, 15.00000000000001421 ) ) ;
#320 = ADVANCED_FACE ( 'NONE', ( #4679, #4290 ), #981, .T. ) ;
#321 = VERTEX_POINT ( 'NONE', #1870 ) ;
#322 = B_SPLINE_CURVE_WITH_KNOTS ( 'NONE', 3,
 ( #1851, #1011, #3109, #1035, #5140, #5116 ),
 .UNSPECIFIED., .F., .F.,
 ( 4, 1, 1, 4 ),
 ( 0.000000000000000000, 0.1635294581522475366, 0.4619405783742899230, 1.000000000000000000 ),
 .UNSPECIFIED. ) ;
#323 = ORIENTED_EDGE ( 'NONE', *, *, #3879, .F. ) ;
#324 = FACE_BOUND ( 'NONE', #4561, .T. ) ;
#325 = CARTESIAN_POINT ( 'NONE',  ( -9.999999999999992895, -45.00000000000000000, 49.74591573101819364 ) ) ;
#326 = CARTESIAN_POINT ( 'NONE',  ( -44.00000000000000000, -30.76603339672067605, 170.4999999999999716 ) ) ;
#327 = DIRECTION ( 'NONE',  ( -1.000000000000000000, -0.000000000000000000, -0.000000000000000000 ) ) ;
#328 = EDGE_CURVE ( 'NONE', #83, #831, #191, .T. ) ;
#329 = ADVANCED_FACE ( 'NONE', ( #1900 ), #2588, .F. ) ;
#330 = VERTEX_POINT ( 'NONE', #3525 ) ;
#331 = VERTEX_POINT ( 'NONE', #2190 ) ;
#332 = DIRECTION ( 'NONE',  ( 0.000000000000000000, -0.000000000000000000, -1.000000000000000000 ) ) ;
#333 = VERTEX_POINT ( 'NONE', #4787 ) ;
#334 = CYLINDRICAL_SURFACE ( 'NONE', #3357, 5.000000000000004441 ) ;
#335 = CARTESIAN_POINT ( 'NONE',  ( -25.00000000000004619, 24.56999999999999673, 33.79999999999999716 ) ) ;
#336 = FACE_OUTER_BOUND ( 'NONE', #4502, .T. ) ;
#337 = CARTESIAN_POINT ( 'NONE',  ( -30.00000000000004974, 24.56999999999999673, 174.8000000000000114 ) ) ;
#338 = ORIENTED_EDGE ( 'NONE', *, *, #1778, .T. ) ;
#339 = LINE ( 'NONE', #4837, #4322 ) ;
#340 = ADVANCED_FACE ( 'NONE', ( #3548, #1632 ), #428, .T. ) ;
#341 = DIRECTION ( 'NONE',  ( 1.000000000000000000, -9.912705577010326782E-17, -0.000000000000000000 ) ) ;
#342 = CARTESIAN_POINT ( 'NONE',  ( -34.99999999999999289, -30.76603339672067605, 170.4999999999999716 ) ) ;
#343 = DIRECTION ( 'NONE',  ( -1.387778780781445676E-16, 0.000000000000000000, -1.000000000000000000 ) ) ;
#344 = ORIENTED_EDGE ( 'NONE', *, *, #2833, .T. ) ;
#345 = ORIENTED_EDGE ( 'NONE', *, *, #4215, .T. ) ;
#346 = PLANE ( 'NONE',  #195 ) ;
#347 = CARTESIAN_POINT ( 'NONE',  ( -13.80746851924202545, -40.00000000000000000, 31.59484369607734777 ) ) ;
#348 = ORIENTED_EDGE ( 'NONE', *, *, #5056, .T. ) ;
#349 = CARTESIAN_POINT ( 'NONE',  ( -34.99999999999999289, -30.76603339672067605, 170.4999999999999716 ) ) ;
#350 = ORIENTED_EDGE ( 'NONE', *, *, #2151, .F. ) ;
#351 = AXIS2_PLACEMENT_3D ( 'NONE', #2467, #4857, #4773 ) ;
#352 = EDGE_CURVE ( 'NONE', #2340, #1318, #4850, .T. ) ;
#353 = ORIENTED_EDGE ( 'NONE', *, *, #2372, .F. ) ;
#354 = DIRECTION ( 'NONE',  ( 1.000000000000000000, 0.000000000000000000, -0.000000000000000000 ) ) ;
#355 = ORIENTED_EDGE ( 'NONE', *, *, #3919, .T. ) ;
#356 = VECTOR ( 'NONE', #1407, 1000.000000000000000 ) ;
#357 = CARTESIAN_POINT ( 'NONE',  ( -30.00000000000004974, 37.00000000000000000, 174.8000000000000114 ) ) ;
#358 = CIRCLE ( 'NONE', #448, 2.600000000000019185 ) ;
#359 = ADVANCED_FACE ( 'NONE', ( #714, #1178, #2427 ), #3185, .F. ) ;
#361 = LINE ( 'NONE', #2471, #717 ) ;
#360 = CIRCLE ( 'NONE', #1871, 2.600000000000019185 ) ;
#362 = FACE_BOUND ( 'NONE', #4818, .T. ) ;
#363 = DIRECTION ( 'NONE',  ( 0.000000000000000000, 0.000000000000000000, -1.000000000000000000 ) ) ;
#364 = DIRECTION ( 'NONE',  ( 0.000000000000000000, -1.000000000000000000, -0.000000000000000000 ) ) ;
#365 = CARTESIAN_POINT ( 'NONE',  ( 44.00000000000000711, -30.76603339672065829, 29.50000000000002487 ) ) ;
#366 = AXIS2_PLACEMENT_3D ( 'NONE', #637, #3862, #3468 ) ;
#367 = ORIENTED_EDGE ( 'NONE', *, *, #1416, .F. ) ;
#368 = ADVANCED_FACE ( 'NONE', ( #3151, #318 ), #2320, .F. ) ;
#369 = CARTESIAN_POINT ( 'NONE',  ( 25.00000000000004974, -45.00000000000000000, 166.2000000000000171 ) ) ;
#370 = VECTOR ( 'NONE', #2629, 1000.000000000000000 ) ;
#371 = FACE_OUTER_BOUND ( 'NONE', #41, .T. ) ;
#372 = DIRECTION ( 'NONE',  ( 0.000000000000000000, 0.000000000000000000, -1.000000000000000000 ) ) ;
#373 = DIRECTION ( 'NONE',  ( 0.000000000000000000, 0.000000000000000000, 1.000000000000000000 ) ) ;
#374 = CIRCLE ( 'NONE', #209, 4.000000000000000000 ) ;
#375 = ORIENTED_EDGE ( 'NONE', *, *, #1628, .F. ) ;
#376 = VECTOR ( 'NONE', #1534, 1000.000000000000000 ) ;
#377 = DIRECTION ( 'NONE',  ( -1.000000000000000000, 0.000000000000000000, -0.000000000000000000 ) ) ;
#378 = VERTEX_POINT ( 'NONE', #2769 ) ;
#379 = SHAPE_DEFINITION_REPRESENTATION ( #4648, #81 ) ;
#380 = DIRECTION ( 'NONE',  ( -0.000000000000000000, 0.000000000000000000, 1.000000000000000000 ) ) ;
#381 = ORIENTED_EDGE ( 'NONE', *, *, #141, .T. ) ;
#382 = AXIS2_PLACEMENT_3D ( 'NONE', #2615, #1431, #3886 ) ;
#383 = AXIS2_PLACEMENT_3D ( 'NONE', #2926, #3717, #2974 ) ;
#384 = FACE_OUTER_BOUND ( 'NONE', #1748, .T. ) ;
#385 = ORIENTED_EDGE ( 'NONE', *, *, #1499, .F. ) ;
#386 = CIRCLE ( 'NONE', #4011, 4.999999999999976907 ) ;
#387 = VECTOR ( 'NONE', #4842, 1000.000000000000000 ) ;
#388 = ORIENTED_EDGE ( 'NONE', *, *, #1770, .T. ) ;
#389 = PLANE ( 'NONE',  #4936 ) ;
#390 = ORIENTED_EDGE ( 'NONE', *, *, #65, .F. ) ;
#391 = LINE ( 'NONE', #2357, #4067 ) ;
#392 = AXIS2_PLACEMENT_3D ( 'NONE', #3178, #1077, #1052 ) ;
#393 = AXIS2_PLACEMENT_3D ( 'NONE', #1072, #1017, #1857 ) ;
#394 = ADVANCED_FACE ( 'NONE', ( #2031 ), #743, .F. ) ;
#395 = AXIS2_PLACEMENT_3D ( 'NONE', #1118, #4249, #1093 ) ;
#396 = DIRECTION ( 'NONE',  ( 0.000000000000000000, 0.000000000000000000, -1.000000000000000000 ) ) ;
#397 = CARTESIAN_POINT ( 'NONE',  ( -13.75000000000064304, -40.00000000000000000, 6.283902117984744795E-16 ) ) ;
#398 = DIRECTION ( 'NONE',  ( 0.000000000000000000, 0.000000000000000000, 1.000000000000000000 ) ) ;
#399 = DIRECTION ( 'NONE',  ( 0.000000000000000000, 0.000000000000000000, -1.000000000000000000 ) ) ;
#400 = CARTESIAN_POINT ( 'NONE',  ( 44.00000000000000711, 29.57396660327935223, 32.09999999999999432 ) ) ;
#401 = EDGE_CURVE ( 'NONE', #1946, #1588, #4087, .T. ) ;
#402 = EDGE_CURVE ( 'NONE', #718, #1436, #458, .T. ) ;
#403 = EDGE_LOOP ( 'NONE', ( #2618, #2681, #5014, #2078 ) ) ;
#404 = CARTESIAN_POINT ( 'NONE',  ( 0.000000000000000000, 0.000000000000000000, 39.24000000000000199 ) ) ;
#405 = CARTESIAN_POINT ( 'NONE',  ( -25.00000000000006040, -45.00000000000000000, 174.8000000000000114 ) ) ;
#406 = PLANE ( 'NONE',  #4255 ) ;
#407 = DIRECTION ( 'NONE',  ( -1.000000000000000000, -0.000000000000000000, -0.000000000000000000 ) ) ;
#408 = EDGE_LOOP ( 'NONE', ( #1772, #4350, #381, #3914 ) ) ;
#409 = FACE_OUTER_BOUND ( 'NONE', #3746, .T. ) ;
#410 = ORIENTED_EDGE ( 'NONE', *, *, #4103, .F. ) ;
#411 = CARTESIAN_POINT ( 'NONE',  ( 25.00000000000006395, 24.56999999999999673, 25.19999999999999218 ) ) ;
#412 = VERTEX_POINT ( 'NONE', #3630 ) ;
#413 = DIRECTION ( 'NONE',  ( 1.000000000000000000, -9.912705577010326782E-17, 4.034240641806529869E-16 ) ) ;
#414 = VERTEX_POINT ( 'NONE', #1949 ) ;
#415 = VERTEX_POINT ( 'NONE', #825 ) ;
#416 = DIRECTION ( 'NONE',  ( 1.166360781536057966E-16, -0.000000000000000000, 1.000000000000000000 ) ) ;
#417 = VERTEX_POINT ( 'NONE', #794 ) ;
#418 = FACE_OUTER_BOUND ( 'NONE', #2782, .T. ) ;
#419 = CARTESIAN_POINT ( 'NONE',  ( -18.99999999999999645, 33.00000000000000000, 0.000000000000000000 ) ) ;
#420 = LINE ( 'NONE', #2732, #2128 ) ;
#421 = DIRECTION ( 'NONE',  ( -1.000000000000000000, -0.000000000000000000, -0.000000000000000000 ) ) ;
#422 = LINE ( 'NONE', #4092, #3271 ) ;
#423 = CARTESIAN_POINT ( 'NONE',  ( 30.00000000000006395, 29.57396660327935223, 29.50000000000000000 ) ) ;
#424 = DIRECTION ( 'NONE',  ( 0.000000000000000000, 0.000000000000000000, -1.000000000000000000 ) ) ;
#425 = EDGE_CURVE ( 'NONE', #647, #1224, #2220, .T. ) ;
#426 = ADVANCED_FACE ( 'NONE', ( #3572 ), #5185, .F. ) ;
#427 = DIRECTION ( 'NONE',  ( 4.034240641806530362E-16, 0.000000000000000000, -1.000000000000000000 ) ) ;
#428 = PLANE ( 'NONE',  #2550 ) ;
#429 = CARTESIAN_POINT ( 'NONE',  ( -9.999999999999980460, -38.00000000000000000, 150.2540842689818135 ) ) ;
#430 = ORIENTED_EDGE ( 'NONE', *, *, #2744, .F. ) ;
#431 = DIRECTION ( 'NONE',  ( 1.000000000000000000, -9.912705577010326782E-17, 0.000000000000000000 ) ) ;
#432 = EDGE_CURVE ( 'NONE', #4664, #938, #2386, .T. ) ;
#433 = ORIENTED_EDGE ( 'NONE', *, *, #497, .F. ) ;
#434 = EDGE_CURVE ( 'NONE', #276, #5216, #1155, .T. ) ;
#435 = FACE_OUTER_BOUND ( 'NONE', #442, .T. ) ;
#436 = CARTESIAN_POINT ( 'NONE',  ( -6.192531480757964779, -40.00000000000000000, 31.59484369607733356 ) ) ;
#437 = CARTESIAN_POINT ( 'NONE',  ( -25.00000000000005684, -30.76603339672067605, 167.8999999999999773 ) ) ;
#438 = ORIENTED_EDGE ( 'NONE', *, *, #258, .F. ) ;
#439 = ORIENTED_EDGE ( 'NONE', *, *, #2779, .T. ) ;
#440 = EDGE_CURVE ( 'NONE', #5113, #3134, #2557, .T. ) ;
#441 = DIRECTION ( 'NONE',  ( 0.000000000000000000, -1.000000000000000000, -0.000000000000000000 ) ) ;
#442 = EDGE_LOOP ( 'NONE', ( #1475, #2650, #5170, #2647 ) ) ;
#443 = DIRECTION ( 'NONE',  ( 0.000000000000000000, 1.000000000000000000, 0.000000000000000000 ) ) ;
#444 = CIRCLE ( 'NONE', #4492, 2.599999999999998312 ) ;
#445 = VERTEX_POINT ( 'NONE', #5219 ) ;
#446 = DIRECTION ( 'NONE',  ( -1.000000000000000000, -0.000000000000000000, -0.000000000000000000 ) ) ;
#447 = DIRECTION ( 'NONE',  ( -1.000000000000000000, 0.000000000000000000, -0.000000000000000000 ) ) ;
#448 = AXIS2_PLACEMENT_3D ( 'NONE', #3024, #4922, #92 ) ;
#449 = CARTESIAN_POINT ( 'NONE',  ( 35.00000000000000000, 29.57396660327933802, 170.5000000000000000 ) ) ;
#450 = CARTESIAN_POINT ( 'NONE',  ( -14.49702689261667210, -40.00000000000000000, 165.3593385081847202 ) ) ;
#451 = ADVANCED_FACE ( 'NONE', ( #1582, #4812 ), #406, .T. ) ;
#452 = CARTESIAN_POINT ( 'NONE',  ( 25.00000000000006395, 29.57396660327933802, 170.5000000000000000 ) ) ;
#453 = DIRECTION ( 'NONE',  ( 0.000000000000000000, 0.000000000000000000, -1.000000000000000000 ) ) ;
#454 = CIRCLE ( 'NONE', #3408, 2.600000000000019185 ) ;
#455 = CARTESIAN_POINT ( 'NONE',  ( -22.29227204609598090, -45.00000000000000000, 154.7840618205169108 ) ) ;
#456 = ADVANCED_FACE ( 'NONE', ( #4048, #1741 ), #1258, .T. ) ;
#457 = ORIENTED_EDGE ( 'NONE', *, *, #2833, .F. ) ;
#458 = CIRCLE ( 'NONE', #3828, 12.50000000000001066 ) ;
#459 = FACE_OUTER_BOUND ( 'NONE', #467, .T. ) ;
#460 = ORIENTED_EDGE ( 'NONE', *, *, #2578, .T. ) ;
#461 = CARTESIAN_POINT ( 'NONE',  ( 44.00000000000000711, -30.76603339672065829, 29.50000000000002487 ) ) ;
#462 = CARTESIAN_POINT ( 'NONE',  ( 44.00000000000000711, 29.57396660327933802, 165.5000000000000284 ) ) ;
#463 = PLANE ( 'NONE',  #1977 ) ;
#464 = VECTOR ( 'NONE', #4866, 1000.000000000000000 ) ;
#465 = EDGE_CURVE ( 'NONE', #1436, #3910, #955, .T. ) ;
#466 = VERTEX_POINT ( 'NONE', #4548 ) ;
#467 = EDGE_LOOP ( 'NONE', ( #2327, #1268, #4544, #457 ) ) ;
#468 = CIRCLE ( 'NONE', #2648, 2.500000000000002220 ) ;
#470 = AXIS2_PLACEMENT_3D ( 'NONE', #532, #2191, #193 ) ;
#469 = CARTESIAN_POINT ( 'NONE',  ( -35.00000000000000000, -45.00000000000000000, 200.0000000000000000 ) ) ;
#471 = ORIENTED_EDGE ( 'NONE', *, *, #3534, .F. ) ;
#472 = FACE_BOUND ( 'NONE', #2748, .T. ) ;
#473 = VECTOR ( 'NONE', #3735, 1000.000000000000000 ) ;
#474 = CARTESIAN_POINT ( 'NONE',  ( -30.00000000000004974, 24.56999999999999673, 25.19999999999999929 ) ) ;
#476 = DIRECTION ( 'NONE',  ( -1.000000000000000000, -0.000000000000000000, -0.000000000000000000 ) ) ;
#475 = CIRCLE ( 'NONE', #3011, 5.000000000000004441 ) ;
#477 = VECTOR ( 'NONE', #4697, 1000.000000000000000 ) ;
#478 = CARTESIAN_POINT ( 'NONE',  ( 44.00000000000000711, -30.76603339672065829, 32.10000000000002274 ) ) ;
#479 = AXIS2_PLACEMENT_3D ( 'NONE', #1311, #3778, #917 ) ;
#480 = FACE_BOUND ( 'NONE', #2534, .T. ) ;
#481 = CARTESIAN_POINT ( 'NONE',  ( 0.000000000000000000, 0.000000000000000000, 37.24000000000000199 ) ) ;
#482 = DIRECTION ( 'NONE',  ( 4.034240641806529869E-16, 0.000000000000000000, -1.000000000000000000 ) ) ;
#483 = ORIENTED_EDGE ( 'NONE', *, *, #5025, .T. ) ;
#484 = CYLINDRICAL_SURFACE ( 'NONE', #4998, 2.500000000000002220 ) ;
#485 = EDGE_LOOP ( 'NONE', ( #3474, #2271, #3156, #1497 ) ) ;
#486 = FACE_OUTER_BOUND ( 'NONE', #728, .T. ) ;
#487 = DIRECTION ( 'NONE',  ( 0.000000000000000000, 0.000000000000000000, 1.000000000000000000 ) ) ;
#488 = DIRECTION ( 'NONE',  ( 1.000000000000000000, -3.469446951953613696E-16, -0.000000000000000000 ) ) ;
#489 = EDGE_LOOP ( 'NONE', ( #3871, #234, #1482, #3491 ) ) ;
#490 = ORIENTED_EDGE ( 'NONE', *, *, #2548, .F. ) ;
#491 = CARTESIAN_POINT ( 'NONE',  ( 44.00000000000000711, 0.000000000000000000, 0.000000000000000000 ) ) ;
#492 = EDGE_CURVE ( 'NONE', #831, #791, #89, .T. ) ;
#493 = ORIENTED_EDGE ( 'NONE', *, *, #2010, .T. ) ;
#494 = DIRECTION ( 'NONE',  ( -0.5000000000000035527, 0.000000000000000000, 0.8660254037844367092 ) ) ;
#495 = EDGE_LOOP ( 'NONE', ( #1677, #1247 ) ) ;
#496 = LINE ( 'NONE', #514, #4019 ) ;
#497 = EDGE_CURVE ( 'NONE', #2370, #3004, #3782, .T. ) ;
#498 = ORIENTED_EDGE ( 'NONE', *, *, #1903, .F. ) ;
#499 = CARTESIAN_POINT ( 'NONE',  ( -27.00000000000001066, 11.99999999999999645, 15.00000000000001421 ) ) ;
#500 = CARTESIAN_POINT ( 'NONE',  ( -6.202379879535361362E-15, -25.57000000000000384, 0.000000000000000000 ) ) ;
#501 = CARTESIAN_POINT ( 'NONE',  ( -35.00000000000000000, -45.00000000000000000, 200.0000000000000000 ) ) ;
#502 = SURFACE_STYLE_USAGE ( .BOTH. , #4496 ) ;
#503 = LINE ( 'NONE', #2107, #4098 ) ;
#504 = ORIENTED_EDGE ( 'NONE', *, *, #4008, .T. ) ;
#505 = ADVANCED_FACE ( 'NONE', ( #1708 ), #67, .F. ) ;
#506 = CYLINDRICAL_SURFACE ( 'NONE', #3487, 2.599999999999998312 ) ;
#507 = DIRECTION ( 'NONE',  ( 0.000000000000000000, 0.000000000000000000, -1.000000000000000000 ) ) ;
#508 = LINE ( 'NONE', #1746, #4330 ) ;
#509 = CARTESIAN_POINT ( 'NONE',  ( 15.34444494258537439, 32.12400539400316291, 30.02394467113350984 ) ) ;
#510 = ORIENTED_EDGE ( 'NONE', *, *, #2743, .F. ) ;
#511 = CYLINDRICAL_SURFACE ( 'NONE', #1453, 5.000000000000004441 ) ;
#512 = CARTESIAN_POINT ( 'NONE',  ( -25.00000000000004974, 24.56999999999999673, 25.19999999999999929 ) ) ;
#513 = ORIENTED_EDGE ( 'NONE', *, *, #1073, .F. ) ;
#514 = CARTESIAN_POINT ( 'NONE',  ( -35.00000000000000000, 37.00000000000000711, 200.0000000000000000 ) ) ;
#515 = ORIENTED_EDGE ( 'NONE', *, *, #4714, .T. ) ;
#516 = CARTESIAN_POINT ( 'NONE',  ( -9.999999999999992895, -40.00000000000000000, 49.74591573101819364 ) ) ;
#517 = AXIS2_PLACEMENT_3D ( 'NONE', #1861, #3925, #3875 ) ;
#518 = CIRCLE ( 'NONE', #1104, 2.599999999999998312 ) ;
#519 = CARTESIAN_POINT ( 'NONE',  ( -25.00000000000006040, -45.00000000000000000, 25.19999999999999929 ) ) ;
#520 = MANIFOLD_SOLID_BREP ( 'Boss.-Extru.3[2]', #620 ) ;
#521 = FACE_OUTER_BOUND ( 'NONE', #1351, .T. ) ;
#522 =( NAMED_UNIT ( * ) PLANE_ANGLE_UNIT ( ) SI_UNIT ( $, .RADIAN. ) );
#523 = VECTOR ( 'NONE', #1724, 1000.000000000000000 ) ;
#524 = CARTESIAN_POINT ( 'NONE',  ( 0.000000000000000000, 0.000000000000000000, 37.24000000000000199 ) ) ;
#525 = AXIS2_PLACEMENT_3D ( 'NONE', #116, #527, #4952 ) ;
#526 = VERTEX_POINT ( 'NONE', #4524 ) ;
#527 = DIRECTION ( 'NONE',  ( -1.000000000000000000, 9.912705577010326782E-17, 0.000000000000000000 ) ) ;
#528 = CYLINDRICAL_SURFACE ( 'NONE', #1642, 5.000000000000004441 ) ;
#529 = VECTOR ( 'NONE', #3842, 1000.000000000000000 ) ;
#530 = CARTESIAN_POINT ( 'NONE',  ( 0.000000000000000000, 0.000000000000000000, 0.000000000000000000 ) ) ;
#531 = MANIFOLD_SOLID_BREP ( 'Enl\X2\00e8\X0\v. mat.-Extru.17', #2215 ) ;
#532 = CARTESIAN_POINT ( 'NONE',  ( 44.00000000000000711, -30.76603339672065829, 29.50000000000002487 ) ) ;
#533 = ORIENTED_EDGE ( 'NONE', *, *, #1535, .F. ) ;
#534 = CIRCLE ( 'NONE', #872, 4.999999999999976907 ) ;
#535 = ORIENTED_EDGE ( 'NONE', *, *, #147, .F. ) ;
#536 = CARTESIAN_POINT ( 'NONE',  ( -34.99999999999999289, -30.76603339672065829, 34.50000000000002842 ) ) ;
#537 = DIRECTION ( 'NONE',  ( 0.000000000000000000, 0.000000000000000000, 1.000000000000000000 ) ) ;
#538 = ORIENTED_EDGE ( 'NONE', *, *, #4193, .T. ) ;
#539 = CARTESIAN_POINT ( 'NONE',  ( 30.00000000000006395, 33.24999999999998579, 25.19999999999999218 ) ) ;
#540 = AXIS2_PLACEMENT_3D ( 'NONE', #4254, #1442, #238 ) ;
#541 = EDGE_CURVE ( 'NONE', #415, #4982, #3308, .T. ) ;
#542 = DIRECTION ( 'NONE',  ( 0.000000000000000000, -1.000000000000000000, -0.000000000000000000 ) ) ;
#543 = CIRCLE ( 'NONE', #382, 4.999999999999976907 ) ;
#544 = VECTOR ( 'NONE', #3055, 1000.000000000000000 ) ;
#545 = ORIENTED_EDGE ( 'NONE', *, *, #5111, .F. ) ;
#546 = LINE ( 'NONE', #2938, #3267 ) ;
#547 = EDGE_LOOP ( 'NONE', ( #2270, #4823, #2087, #4072 ) ) ;
#548 = EDGE_CURVE ( 'NONE', #417, #2095, #2106, .T. ) ;
#549 = LINE ( 'NONE', #2205, #5035 ) ;
#550 = CIRCLE ( 'NONE', #2156, 4.000000000000000000 ) ;
#551 = VECTOR ( 'NONE', #750, 1000.000000000000000 ) ;
#552 = CIRCLE ( 'NONE', #5120, 5.000000000000000888 ) ;
#553 = AXIS2_PLACEMENT_3D ( 'NONE', #419, #4860, #4828 ) ;
#554 = CARTESIAN_POINT ( 'NONE',  ( 15.00000000000000355, 30.49999999999999645, 27.07050166738932973 ) ) ;
#555 = FACE_BOUND ( 'NONE', #4588, .T. ) ;
#556 = DIRECTION ( 'NONE',  ( 9.912705577010326782E-17, 1.000000000000000000, -0.000000000000000000 ) ) ;
#557 = EDGE_CURVE ( 'NONE', #4347, #4199, #206, .T. ) ;
#558 = CARTESIAN_POINT ( 'NONE',  ( -14.49702689261667210, -45.00000000000000000, 165.3593385081847202 ) ) ;
#559 = VECTOR ( 'NONE', #2912, 1000.000000000000000 ) ;
#560 = ORIENTED_EDGE ( 'NONE', *, *, #1910, .T. ) ;
#561 = DIRECTION ( 'NONE',  ( 1.000000000000000000, 0.000000000000000000, -0.000000000000000000 ) ) ;
#562 = DIRECTION ( 'NONE',  ( 0.000000000000000000, 0.000000000000000000, -1.000000000000000000 ) ) ;
#563 = DIRECTION ( 'NONE',  ( -1.000000000000000000, 0.000000000000000000, 0.000000000000000000 ) ) ;
#564 = DIRECTION ( 'NONE',  ( -1.387778780781445676E-16, -0.000000000000000000, -1.000000000000000000 ) ) ;
#565 = VERTEX_POINT ( 'NONE', #4597 ) ;
#566 = ORIENTED_EDGE ( 'NONE', *, *, #1676, .F. ) ;
#567 = EDGE_CURVE ( 'NONE', #279, #651, #976, .T. ) ;
#568 = DIRECTION ( 'NONE',  ( 0.000000000000000000, -1.000000000000000000, 0.000000000000000000 ) ) ;
#569 = CARTESIAN_POINT ( 'NONE',  ( 30.00000000000005684, -25.57000000000000384, 25.19999999999999218 ) ) ;
#570 = ORIENTED_EDGE ( 'NONE', *, *, #2141, .F. ) ;
#571 = CARTESIAN_POINT ( 'NONE',  ( -22.49999999999998579, -40.00000000000000000, 150.2540842689818135 ) ) ;
#572 = DIRECTION ( 'NONE',  ( -4.034240641806530362E-16, 0.000000000000000000, 1.000000000000000000 ) ) ;
#573 = ORIENTED_EDGE ( 'NONE', *, *, #3186, .F. ) ;
#574 = MANIFOLD_SOLID_BREP ( 'Boss.-Extru.3[3]', #280 ) ;
#575 = ORIENTED_EDGE ( 'NONE', *, *, #1298, .F. ) ;
#576 = DIRECTION ( 'NONE',  ( 1.000000000000000000, -0.000000000000000000, -0.000000000000000000 ) ) ;
#577 = ORIENTED_EDGE ( 'NONE', *, *, #3028, .F. ) ;
#578 = DIRECTION ( 'NONE',  ( 1.000000000000000000, -9.912705577010326782E-17, -1.214306433183764966E-16 ) ) ;
#579 = LINE ( 'NONE', #3331, #3326 ) ;
#580 = CARTESIAN_POINT ( 'NONE',  ( -44.00000000000000000, -30.76603339672067605, 173.0999999999999943 ) ) ;
#581 = LINE ( 'NONE', #602, #370 ) ;
#582 = EDGE_LOOP ( 'NONE', ( #348, #4165 ) ) ;
#583 = DIRECTION ( 'NONE',  ( 0.000000000000000000, 0.000000000000000000, 1.000000000000000000 ) ) ;
#584 = CARTESIAN_POINT ( 'NONE',  ( 30.00000000000005329, -45.00000000000000000, 25.19999999999999218 ) ) ;
#585 = LINE ( 'NONE', #3908, #4930 ) ;
#586 = CARTESIAN_POINT ( 'NONE',  ( 15.00000000000000355, 30.49999999999999645, 27.07050166738932973 ) ) ;
#587 = ORIENTED_EDGE ( 'NONE', *, *, #4310, .T. ) ;
#588 = EDGE_LOOP ( 'NONE', ( #3918, #1975 ) ) ;
#589 = CARTESIAN_POINT ( 'NONE',  ( -30.00000000000005684, -25.57000000000000384, 166.2000000000000171 ) ) ;
#590 = DIRECTION ( 'NONE',  ( -4.034240641806530362E-16, 0.000000000000000000, -1.000000000000000000 ) ) ;
#591 = EDGE_LOOP ( 'NONE', ( #914, #2517, #3814, #4429 ) ) ;
#592 = CARTESIAN_POINT ( 'NONE',  ( 16.09526249034444589, 33.25000000000000000, 0.000000000000000000 ) ) ;
#593 = FACE_OUTER_BOUND ( 'NONE', #4190, .T. ) ;
#594 = ORIENTED_EDGE ( 'NONE', *, *, #4390, .F. ) ;
#595 = ORIENTED_EDGE ( 'NONE', *, *, #936, .F. ) ;
#596 = CARTESIAN_POINT ( 'NONE',  ( -35.00000000000000000, -45.00000000000000000, 200.0000000000000000 ) ) ;
#597 = EDGE_LOOP ( 'NONE', ( #4631, #2868, #5144, #2333 ) ) ;
#598 = LINE ( 'NONE', #1704, #1312 ) ;
#599 = EDGE_CURVE ( 'NONE', #4461, #3800, #581, .T. ) ;
#600 = FACE_OUTER_BOUND ( 'NONE', #3087, .T. ) ;
#601 = DIRECTION ( 'NONE',  ( 0.000000000000000000, 0.000000000000000000, -1.000000000000000000 ) ) ;
#602 = CARTESIAN_POINT ( 'NONE',  ( 25.00000000000006395, 33.24999999999999289, 25.19999999999999218 ) ) ;
#603 = ADVANCED_FACE ( 'NONE', ( #4703 ), #3411, .F. ) ;
#604 = ORIENTED_EDGE ( 'NONE', *, *, #3062, .T. ) ;
#605 = AXIS2_PLACEMENT_3D ( 'NONE', #1181, #2773, #2800 ) ;
#606 = CARTESIAN_POINT ( 'NONE',  ( -34.99999999999999289, 29.57396660327933802, 167.9000000000000057 ) ) ;
#607 = DIRECTION ( 'NONE',  ( 1.000000000000000000, -9.912705577010326782E-17, 4.034240641806529869E-16 ) ) ;
#608 = DIRECTION ( 'NONE',  ( 9.912705577010326782E-17, 1.000000000000000000, -0.000000000000000000 ) ) ;
#609 = VECTOR ( 'NONE', #2708, 1000.000000000000000 ) ;
#610 = PLANE ( 'NONE',  #3171 ) ;
#611 = VERTEX_POINT ( 'NONE', #1078 ) ;
#612 = VECTOR ( 'NONE', #4203, 1000.000000000000000 ) ;
#613 = ORIENTED_EDGE ( 'NONE', *, *, #4220, .F. ) ;
#614 = CARTESIAN_POINT ( 'NONE',  ( 35.00000000000000000, 29.57396660327933802, 175.5000000000000000 ) ) ;
#615 = LINE ( 'NONE', #4613, #4172 ) ;
#616 = ORIENTED_EDGE ( 'NONE', *, *, #2493, .T. ) ;
#617 = CARTESIAN_POINT ( 'NONE',  ( 15.34463863745134482, 32.12444091750328568, 169.9780021746449847 ) ) ;
#618 = FACE_OUTER_BOUND ( 'NONE', #2040, .T. ) ;
#619 = EDGE_CURVE ( 'NONE', #2893, #1409, #3100, .T. ) ;
#620 = CLOSED_SHELL ( 'NONE', ( #3098, #4833, #3612, #3558, #3387, #3700 ) ) ;
#621 = EDGE_LOOP ( 'NONE', ( #3714, #2090, #719, #186 ) ) ;
#622 = ORIENTED_EDGE ( 'NONE', *, *, #5042, .T. ) ;
#623 = DIRECTION ( 'NONE',  ( 0.000000000000000000, 0.000000000000000000, -1.000000000000000000 ) ) ;
#624 = ORIENTED_EDGE ( 'NONE', *, *, #2994, .T. ) ;
#625 = DIRECTION ( 'NONE',  ( -1.000000000000000000, 0.000000000000000000, 0.000000000000000000 ) ) ;
#626 = VECTOR ( 'NONE', #416, 1000.000000000000000 ) ;
#627 = AXIS2_PLACEMENT_3D ( 'NONE', #1840, #5072, #3878 ) ;
#628 = DIRECTION ( 'NONE',  ( 0.000000000000000000, -1.000000000000000000, -0.000000000000000000 ) ) ;
#629 = AXIS2_PLACEMENT_3D ( 'NONE', #2223, #1907, #4635 ) ;
#630 = VECTOR ( 'NONE', #3883, 1000.000000000000000 ) ;
#631 = CARTESIAN_POINT ( 'NONE',  ( -1.232149303222383638E-15, 24.56999999999999673, 0.000000000000000000 ) ) ;
#632 = DIRECTION ( 'NONE',  ( -1.000000000000000000, 9.912705577010326782E-17, 1.214306433183764966E-16 ) ) ;
#633 = CIRCLE ( 'NONE', #215, 2.600000000000019185 ) ;
#634 = ORIENTED_EDGE ( 'NONE', *, *, #3516, .F. ) ;
#635 = CARTESIAN_POINT ( 'NONE',  ( 30.00000000000006395, 24.56999999999999673, 174.8000000000000114 ) ) ;
#636 = EDGE_CURVE ( 'NONE', #2574, #2266, #1819, .T. ) ;
#637 = CARTESIAN_POINT ( 'NONE',  ( 44.00000000000000711, 29.57396660327933802, 170.5000000000000000 ) ) ;
#638 = AXIS2_PLACEMENT_3D ( 'NONE', #1395, #3334, #4204 ) ;
#639 = AXIS2_PLACEMENT_3D ( 'NONE', #1270, #4485, #4160 ) ;
#640 = CARTESIAN_POINT ( 'NONE',  ( -14.99999999999997868, 29.57396660327933802, 173.1000000000000227 ) ) ;
#641 = ORIENTED_EDGE ( 'NONE', *, *, #4716, .T. ) ;
#642 = CIRCLE ( 'NONE', #4867, 2.600000000000019185 ) ;
#643 = EDGE_CURVE ( 'NONE', #1333, #3465, #702, .T. ) ;
#644 = ORIENTED_EDGE ( 'NONE', *, *, #1444, .T. ) ;
#645 = FACE_OUTER_BOUND ( 'NONE', #1105, .T. ) ;
#646 = CARTESIAN_POINT ( 'NONE',  ( -22.29227204609599866, -40.00000000000000000, 45.21593817948310345 ) ) ;
#647 = VERTEX_POINT ( 'NONE', #1363 ) ;
#648 = LINE ( 'NONE', #3889, #3755 ) ;
#649 = ORIENTED_EDGE ( 'NONE', *, *, #1676, .T. ) ;
#650 = EDGE_CURVE ( 'NONE', #3478, #3965, #5101, .T. ) ;
#651 = VERTEX_POINT ( 'NONE', #2265 ) ;
#652 = EDGE_CURVE ( 'NONE', #3849, #1175, #3497, .T. ) ;
#653 = CARTESIAN_POINT ( 'NONE',  ( 35.00000000000000000, 34.49999999999998579, 30.35685178087751623 ) ) ;
#654 = ORIENTED_EDGE ( 'NONE', *, *, #2951, .F. ) ;
#655 = CARTESIAN_POINT ( 'NONE',  ( -8.673617379884035472E-15, 19.49999999999999645, 100.0000000000000142 ) ) ;
#656 = ADVANCED_FACE ( 'NONE', ( #1865 ), #999, .F. ) ;
#657 = DIRECTION ( 'NONE',  ( -0.4999999999999961697, 0.000000000000000000, -0.8660254037844408170 ) ) ;
#658 = LINE ( 'NONE', #3900, #1392 ) ;
#659 = DIRECTION ( 'NONE',  ( 0.000000000000000000, 0.000000000000000000, 1.000000000000000000 ) ) ;
#660 = ORIENTED_EDGE ( 'NONE', *, *, #3086, .F. ) ;
#661 = ADVANCED_FACE ( 'NONE', ( #3389 ), #3464, .F. ) ;
#662 = LINE ( 'NONE', #2267, #609 ) ;
#663 = LINE ( 'NONE', #3835, #3072 ) ;
#664 = FACE_BOUND ( 'NONE', #1781, .T. ) ;
#665 = VERTEX_POINT ( 'NONE', #3490 ) ;
#666 = VERTEX_POINT ( 'NONE', #5100 ) ;
#667 = CARTESIAN_POINT ( 'NONE',  ( -25.00000000000006040, -45.00000000000000000, 25.19999999999999929 ) ) ;
#668 = ORIENTED_EDGE ( 'NONE', *, *, #3022, .T. ) ;
#669 = DIRECTION ( 'NONE',  ( -1.000000000000000000, -0.000000000000000000, -0.000000000000000000 ) ) ;
#670 = EDGE_CURVE ( 'NONE', #3300, #1378, #1472, .T. ) ;
#671 = VERTEX_POINT ( 'NONE', #3931 ) ;
#672 = VERTEX_POINT ( 'NONE', #4750 ) ;
#673 = CARTESIAN_POINT ( 'NONE',  ( 44.00000000000000711, 29.57396660327933802, 173.1000000000000227 ) ) ;
#674 = VERTEX_POINT ( 'NONE', #3121 ) ;
#675 = CARTESIAN_POINT ( 'NONE',  ( 32.00000000000000000, 33.24999999999998579, 3.611118645726066130E-32 ) ) ;
#676 = ADVANCED_FACE ( 'NONE', ( #286 ), #314, .F. ) ;
#677 = DIRECTION ( 'NONE',  ( 0.000000000000000000, 0.000000000000000000, 1.000000000000000000 ) ) ;
#678 = CARTESIAN_POINT ( 'NONE',  ( -25.00000000000004619, 24.56999999999999673, 33.79999999999999716 ) ) ;
#679 =( NAMED_UNIT ( * ) PLANE_ANGLE_UNIT ( ) SI_UNIT ( $, .RADIAN. ) );
#680 = EDGE_CURVE ( 'NONE', #4337, #4923, #2391, .T. ) ;
#681 = ORIENTED_EDGE ( 'NONE', *, *, #4820, .T. ) ;
#682 = VERTEX_POINT ( 'NONE', #3598 ) ;
#683 = CARTESIAN_POINT ( 'NONE',  ( -34.99999999999999289, 29.57396660327935223, 34.50000000000000000 ) ) ;
#684 = DIRECTION ( 'NONE',  ( -1.000000000000000000, -0.000000000000000000, -0.000000000000000000 ) ) ;
#685 = DIRECTION ( 'NONE',  ( 0.000000000000000000, 0.000000000000000000, -1.000000000000000000 ) ) ;
#686 = STYLED_ITEM ( 'NONE', ( #3744 ), #4058 ) ;
#687 = ORIENTED_EDGE ( 'NONE', *, *, #5175, .F. ) ;
#688 = ORIENTED_EDGE ( 'NONE', *, *, #1924, .T. ) ;
#689 = APPLICATION_PROTOCOL_DEFINITION ( 'draft international standard', 'automotive_design', 1998, #2879 ) ;
#690 = CARTESIAN_POINT ( 'NONE',  ( -5.199999999999996625, 5.000000000000004441, 96.99777860021393394 ) ) ;
#691 = VECTOR ( 'NONE', #1445, 1000.000000000000000 ) ;
#692 = VERTEX_POINT ( 'NONE', #5 ) ;
#693 = EDGE_CURVE ( 'NONE', #48, #4278, #3416, .T. ) ;
#694 = CARTESIAN_POINT ( 'NONE',  ( 2.688821387764050996E-14, 5.000000000000004441, 93.99555720042791052 ) ) ;
#695 = EDGE_LOOP ( 'NONE', ( #3245, #3932 ) ) ;
#696 = AXIS2_PLACEMENT_3D ( 'NONE', #2029, #3652, #2449 ) ;
#697 = ORIENTED_EDGE ( 'NONE', *, *, #781, .F. ) ;
#698 = CARTESIAN_POINT ( 'NONE',  ( 2.500000000000009770, -40.00000000000000000, 49.74591573101819364 ) ) ;
#699 = VERTEX_POINT ( 'NONE', #5153 ) ;
#700 = CLOSED_SHELL ( 'NONE', ( #4209, #1942, #1451, #1994, #3839, #897 ) ) ;
#701 = DIRECTION ( 'NONE',  ( 9.912705577010326782E-17, 1.000000000000000000, 0.000000000000000000 ) ) ;
#702 = CIRCLE ( 'NONE', #4428, 2.600000000000019185 ) ;
#703 = CARTESIAN_POINT ( 'NONE',  ( 0.000000000000000000, 0.000000000000000000, 5.000000000000000000 ) ) ;
#704 = FACE_OUTER_BOUND ( 'NONE', #31, .T. ) ;
#705 = LINE ( 'NONE', #3930, #2407 ) ;
#706 = DIRECTION ( 'NONE',  ( 9.912705577010326782E-17, 1.000000000000000000, -0.000000000000000000 ) ) ;
#707 = VECTOR ( 'NONE', #2315, 1000.000000000000000 ) ;
#708 = ORIENTED_EDGE ( 'NONE', *, *, #4402, .F. ) ;
#709 = AXIS2_PLACEMENT_3D ( 'NONE', #42, #3313, #4151 ) ;
#710 = VECTOR ( 'NONE', #3074, 1000.000000000000000 ) ;
#711 = DIRECTION ( 'NONE',  ( 0.000000000000000000, -1.000000000000000000, 0.000000000000000000 ) ) ;
#712 = EDGE_CURVE ( 'NONE', #3703, #4424, #4385, .T. ) ;
#713 = EDGE_CURVE ( 'NONE', #3295, #415, #763, .T. ) ;
#714 = FACE_BOUND ( 'NONE', #2296, .T. ) ;
#715 = DIRECTION ( 'NONE',  ( 0.000000000000000000, 0.000000000000000000, -1.000000000000000000 ) ) ;
#716 = VECTOR ( 'NONE', #476, 1000.000000000000000 ) ;
#717 = VECTOR ( 'NONE', #446, 1000.000000000000000 ) ;
#718 = VERTEX_POINT ( 'NONE', #2791 ) ;
#719 = ORIENTED_EDGE ( 'NONE', *, *, #4368, .F. ) ;
#720 = EDGE_CURVE ( 'NONE', #692, #4507, #1972, .T. ) ;
#721 = CIRCLE ( 'NONE', #4774, 2.599999999999998312 ) ;
#722 = DIRECTION ( 'NONE',  ( 0.000000000000000000, 0.000000000000000000, -1.000000000000000000 ) ) ;
#724 = AXIS2_PLACEMENT_3D ( 'NONE', #254, #3115, #623 ) ;
#723 = CARTESIAN_POINT ( 'NONE',  ( -25.00000000000005684, -25.57000000000000384, 174.8000000000000114 ) ) ;
#725 = EDGE_LOOP ( 'NONE', ( #2219, #5011 ) ) ;
#726 = DIRECTION ( 'NONE',  ( 0.000000000000000000, 0.000000000000000000, -1.000000000000000000 ) ) ;
#727 = AXIS2_PLACEMENT_3D ( 'NONE', #2420, #4831, #2790 ) ;
#728 = EDGE_LOOP ( 'NONE', ( #807, #1491, #2412, #1832 ) ) ;
#729 = ADVANCED_FACE ( 'NONE', ( #789 ), #1547, .F. ) ;
#730 = ORIENTED_EDGE ( 'NONE', *, *, #822, .T. ) ;
#731 = FACE_BOUND ( 'NONE', #4535, .T. ) ;
#732 = ORIENTED_EDGE ( 'NONE', *, *, #2493, .F. ) ;
#733 = CARTESIAN_POINT ( 'NONE',  ( -13.75000000000064304, -45.00000000000000000, 0.000000000000000000 ) ) ;
#734 = B_SPLINE_SURFACE_WITH_KNOTS ( 'NONE', 3, 1, ( 
 ( #1577, #3145 ),
 ( #4361, #739 ),
 ( #2005, #3624 ),
 ( #1945, #2820 ),
 ( #1123, #2738 ),
 ( #3205, #1600 ) ),
 .UNSPECIFIED., .F., .F., .F.,
 ( 4, 1, 1, 4 ),
 ( 2, 2 ),
 ( 0.000000000000000000, 0.1635294581522475366, 0.4619405783742899230, 1.000000000000000000 ),
 ( 0.000000000000000000, 1.000000000000000000 ),
 .UNSPECIFIED. ) ;
#735 = EDGE_CURVE ( 'NONE', #97, #4921, #3954, .T. ) ;
#736 = DIRECTION ( 'NONE',  ( -1.000000000000000000, 0.000000000000000000, 0.000000000000000000 ) ) ;
#737 = DIRECTION ( 'NONE',  ( 1.000000000000000000, -9.912705577010326782E-17, 0.000000000000000000 ) ) ;
#738 = DIRECTION ( 'NONE',  ( 0.000000000000000000, 0.000000000000000000, -1.000000000000000000 ) ) ;
#739 = CARTESIAN_POINT ( 'NONE',  ( -6.192531480757948792, -45.00000000000000000, 168.4051563039226949 ) ) ;
#740 = ORIENTED_EDGE ( 'NONE', *, *, #2351, .T. ) ;
#741 = DIRECTION ( 'NONE',  ( 0.000000000000000000, 0.000000000000000000, 1.000000000000000000 ) ) ;
#742 = CARTESIAN_POINT ( 'NONE',  ( 15.02365023738327032, 30.98102510600645942, 168.2982917875986288 ) ) ;
#743 = PLANE ( 'NONE',  #1373 ) ;
#744 = FACE_BOUND ( 'NONE', #3453, .T. ) ;
#745 = ORIENTED_EDGE ( 'NONE', *, *, #1324, .T. ) ;
#746 = EDGE_LOOP ( 'NONE', ( #3275, #1114, #3111, #1928 ) ) ;
#747 = DIRECTION ( 'NONE',  ( -1.000000000000000000, 9.912705577010326782E-17, 0.000000000000000000 ) ) ;
#748 = DIRECTION ( 'NONE',  ( 1.000000000000000000, -9.912705577010326782E-17, -1.214306433183764966E-16 ) ) ;
#749 = DIRECTION ( 'NONE',  ( -1.000000000000000000, -0.000000000000000000, -0.000000000000000000 ) ) ;
#750 = DIRECTION ( 'NONE',  ( 9.912705577010326782E-17, 1.000000000000000000, -0.000000000000000000 ) ) ;
#751 = EDGE_CURVE ( 'NONE', #1055, #948, #4832, .T. ) ;
#752 = ORIENTED_EDGE ( 'NONE', *, *, #3304, .T. ) ;
#753 = ORIENTED_EDGE ( 'NONE', *, *, #3694, .F. ) ;
#754 = DIRECTION ( 'NONE',  ( 4.034240641806529869E-16, 0.000000000000000000, -1.000000000000000000 ) ) ;
#755 = EDGE_LOOP ( 'NONE', ( #4266, #2749 ) ) ;
#756 = CARTESIAN_POINT ( 'NONE',  ( 44.00000000000000711, 29.57396660327933802, 170.5000000000000000 ) ) ;
#757 = ADVANCED_FACE ( 'NONE', ( #1519 ), #734, .T. ) ;
#758 = CARTESIAN_POINT ( 'NONE',  ( -34.99999999999999289, 29.57396660327935223, 29.50000000000000000 ) ) ;
#759 = FACE_OUTER_BOUND ( 'NONE', #52, .T. ) ;
#760 = DIRECTION ( 'NONE',  ( -1.000000000000000000, 0.000000000000000000, -0.000000000000000000 ) ) ;
#761 = EDGE_CURVE ( 'NONE', #1175, #1239, #4445, .T. ) ;
#762 = DIRECTION ( 'NONE',  ( 0.000000000000000000, -1.000000000000000000, 0.000000000000000000 ) ) ;
#763 = LINE ( 'NONE', #1174, #4592 ) ;
#764 = ORIENTED_EDGE ( 'NONE', *, *, #5220, .T. ) ;
#765 = DIRECTION ( 'NONE',  ( -1.000000000000000000, 0.000000000000000000, 0.000000000000000000 ) ) ;
#766 = EDGE_CURVE ( 'NONE', #1372, #1912, #4780, .T. ) ;
#767 = CARTESIAN_POINT ( 'NONE',  ( -34.99999999999999289, -30.76603339672065829, 29.50000000000002487 ) ) ;
#768 = DIRECTION ( 'NONE',  ( -1.000000000000000000, -0.000000000000000000, -0.000000000000000000 ) ) ;
#769 = EDGE_LOOP ( 'NONE', ( #2590, #2201 ) ) ;
#770 = DIRECTION ( 'NONE',  ( 0.000000000000000000, 0.000000000000000000, -1.000000000000000000 ) ) ;
#771 = VERTEX_POINT ( 'NONE', #4808 ) ;
#772 = DIRECTION ( 'NONE',  ( 0.000000000000000000, 0.000000000000000000, -1.000000000000000000 ) ) ;
#773 = EDGE_CURVE ( 'NONE', #3300, #3289, #2421, .T. ) ;
#774 = ORIENTED_EDGE ( 'NONE', *, *, #845, .F. ) ;
#775 = DIRECTION ( 'NONE',  ( 1.000000000000000000, -3.469446951953613696E-16, 0.000000000000000000 ) ) ;
#776 = ORIENTED_EDGE ( 'NONE', *, *, #3991, .T. ) ;
#777 = VECTOR ( 'NONE', #3589, 1000.000000000000000 ) ;
#778 = ORIENTED_EDGE ( 'NONE', *, *, #2262, .T. ) ;
#779 = FACE_BOUND ( 'NONE', #144, .T. ) ;
#780 = ADVANCED_FACE ( 'NONE', ( #4468, #3677 ), #3009, .F. ) ;
#781 = EDGE_CURVE ( 'NONE', #2266, #927, #4219, .T. ) ;
#782 = VERTEX_POINT ( 'NONE', #3258 ) ;
#783 = DIRECTION ( 'NONE',  ( -1.000000000000000000, -0.000000000000000000, -0.000000000000000000 ) ) ;
#784 = AXIS2_PLACEMENT_3D ( 'NONE', #1153, #3683, #5183 ) ;
#785 = LINE ( 'NONE', #2023, #973 ) ;
#786 = DIRECTION ( 'NONE',  ( 1.000000000000000000, -9.912705577010326782E-17, 0.000000000000000000 ) ) ;
#787 = DIRECTION ( 'NONE',  ( 1.000000000000000000, -9.912705577010326782E-17, 4.034240641806529869E-16 ) ) ;
#788 = DIRECTION ( 'NONE',  ( -1.214306433183764966E-16, -6.018531076210112041E-33, -1.000000000000000000 ) ) ;
#789 = FACE_OUTER_BOUND ( 'NONE', #4600, .T. ) ;
#790 = CIRCLE ( 'NONE', #2553, 2.500000000000000000 ) ;
#791 = VERTEX_POINT ( 'NONE', #2053 ) ;
#792 = LINE ( 'NONE', #3286, #3569 ) ;
#793 = DIRECTION ( 'NONE',  ( -0.000000000000000000, -0.000000000000000000, -1.000000000000000000 ) ) ;
#794 = CARTESIAN_POINT ( 'NONE',  ( 30.00000000000005329, -45.00000000000000000, 174.8000000000000114 ) ) ;
#795 = CARTESIAN_POINT ( 'NONE',  ( 44.00000000000000711, 29.57396660327935223, 29.50000000000000000 ) ) ;
#796 = CIRCLE ( 'NONE', #639, 5.000000000000000888 ) ;
#797 = VERTEX_POINT ( 'NONE', #2853 ) ;
#798 = VECTOR ( 'NONE', #327, 1000.000000000000000 ) ;
#799 = EDGE_CURVE ( 'NONE', #4879, #5131, #4855, .T. ) ;
#800 = LINE ( 'NONE', #3214, #3737 ) ;
#801 = ORIENTED_EDGE ( 'NONE', *, *, #4534, .T. ) ;
#802 = DIRECTION ( 'NONE',  ( -0.000000000000000000, 1.000000000000000000, -0.000000000000000000 ) ) ;
#803 = ORIENTED_EDGE ( 'NONE', *, *, #53, .T. ) ;
#804 = CIRCLE ( 'NONE', #3503, 2.600000000000019185 ) ;
#805 = VECTOR ( 'NONE', #3372, 1000.000000000000000 ) ;
#806 = DIRECTION ( 'NONE',  ( -3.469446951953613696E-16, -1.000000000000000000, 4.814824860968089085E-32 ) ) ;
#807 = ORIENTED_EDGE ( 'NONE', *, *, #1009, .F. ) ;
#808 = CIRCLE ( 'NONE', #4441, 2.599999999999998312 ) ;
#809 = ORIENTED_EDGE ( 'NONE', *, *, #3460, .T. ) ;
#810 = CARTESIAN_POINT ( 'NONE',  ( -27.00000000000001066, 9.999999999999996447, 15.00000000000001421 ) ) ;
#811 = EDGE_LOOP ( 'NONE', ( #1568, #3382, #3670, #483 ) ) ;
#812 = CARTESIAN_POINT ( 'NONE',  ( 44.00000000000000711, -30.76603339672065829, 32.10000000000002274 ) ) ;
#813 = AXIS2_PLACEMENT_3D ( 'NONE', #3544, #4749, #5152 ) ;
#814 = EDGE_CURVE ( 'NONE', #1821, #984, #843, .T. ) ;
#815 = DIRECTION ( 'NONE',  ( -4.034240641806529869E-16, -0.000000000000000000, -1.000000000000000000 ) ) ;
#816 = FACE_OUTER_BOUND ( 'NONE', #3698, .T. ) ;
#817 = LINE ( 'NONE', #4888, #2924 ) ;
#818 = CARTESIAN_POINT ( 'NONE',  ( 25.00000000000006040, 24.56999999999999673, 166.2000000000000171 ) ) ;
#819 = CARTESIAN_POINT ( 'NONE',  ( 30.00000000000006750, 33.24999999999998579, 166.2000000000000171 ) ) ;
#820 = EDGE_LOOP ( 'NONE', ( #4247, #1848, #660, #490 ) ) ;
#821 = EDGE_CURVE ( 'NONE', #3611, #2280, #1411, .T. ) ;
#822 = EDGE_CURVE ( 'NONE', #3910, #4337, #964, .T. ) ;
#823 = DIRECTION ( 'NONE',  ( 1.166360781536058212E-16, 0.000000000000000000, 1.000000000000000000 ) ) ;
#824 = CARTESIAN_POINT ( 'NONE',  ( -30.00000000000004619, 29.57396660327933802, 173.1000000000000227 ) ) ;
#825 = CARTESIAN_POINT ( 'NONE',  ( -6.249999999999349853, -45.00000000000000000, 29.74591573101819364 ) ) ;
#826 = CARTESIAN_POINT ( 'NONE',  ( -34.99999999999999289, 29.57396660327935223, 24.49999999999999645 ) ) ;
#827 = ORIENTED_EDGE ( 'NONE', *, *, #1919, .T. ) ;
#828 = CARTESIAN_POINT ( 'NONE',  ( -30.00000000000004974, 24.56999999999999673, 174.8000000000000114 ) ) ;
#829 = ORIENTED_EDGE ( 'NONE', *, *, #3304, .F. ) ;
#830 = DIRECTION ( 'NONE',  ( 0.000000000000000000, 0.000000000000000000, -1.000000000000000000 ) ) ;
#831 = VERTEX_POINT ( 'NONE', #2027 ) ;
#832 = CARTESIAN_POINT ( 'NONE',  ( 30.00000000000005329, -45.00000000000000000, 174.8000000000000114 ) ) ;
#833 = ORIENTED_EDGE ( 'NONE', *, *, #5197, .F. ) ;
#834 = ORIENTED_EDGE ( 'NONE', *, *, #108, .F. ) ;
#835 = LINE ( 'NONE', #2439, #3688 ) ;
#836 = ORIENTED_EDGE ( 'NONE', *, *, #3034, .F. ) ;
#837 = FACE_OUTER_BOUND ( 'NONE', #2622, .T. ) ;
#838 = ORIENTED_EDGE ( 'NONE', *, *, #5175, .T. ) ;
#839 = DIRECTION ( 'NONE',  ( -0.000000000000000000, -0.000000000000000000, -1.000000000000000000 ) ) ;
#840 = CARTESIAN_POINT ( 'NONE',  ( -6.202379879535361362E-15, -25.57000000000000384, 0.000000000000000000 ) ) ;
#841 = EDGE_CURVE ( 'NONE', #901, #1157, #3916, .T. ) ;
#842 = CARTESIAN_POINT ( 'NONE',  ( -13.75000000000063949, -40.00000000000000000, 29.74591573101822206 ) ) ;
#843 = LINE ( 'NONE', #2177, #2479 ) ;
#844 = DIRECTION ( 'NONE',  ( 9.912705577010326782E-17, 1.000000000000000000, 0.000000000000000000 ) ) ;
#845 = EDGE_CURVE ( 'NONE', #2095, #2460, #961, .T. ) ;
#846 = CARTESIAN_POINT ( 'NONE',  ( -14.99999999999999822, 33.00000000000000000, 0.000000000000000000 ) ) ;
#847 = DIRECTION ( 'NONE',  ( 1.000000000000000000, 0.000000000000000000, 0.000000000000000000 ) ) ;
#848 = DIRECTION ( 'NONE',  ( 0.000000000000000000, 0.000000000000000000, 1.000000000000000000 ) ) ;
#849 = VERTEX_POINT ( 'NONE', #4066 ) ;
#850 = FACE_OUTER_BOUND ( 'NONE', #4907, .T. ) ;
#851 = VERTEX_POINT ( 'NONE', #4044 ) ;
#852 = DIRECTION ( 'NONE',  ( 0.000000000000000000, 0.000000000000000000, -1.000000000000000000 ) ) ;
#853 = DIRECTION ( 'NONE',  ( 0.000000000000000000, 0.000000000000000000, 1.000000000000000000 ) ) ;
#854 = EDGE_CURVE ( 'NONE', #4507, #5224, #2958, .T. ) ;
#855 = CARTESIAN_POINT ( 'NONE',  ( -35.00000000000000000, -30.76603339672067605, 173.0999999999999943 ) ) ;
#856 = ORIENTED_EDGE ( 'NONE', *, *, #224, .T. ) ;
#857 = ORIENTED_EDGE ( 'NONE', *, *, #4049, .T. ) ;
#858 = EDGE_CURVE ( 'NONE', #718, #2927, #1777, .T. ) ;
#859 = CARTESIAN_POINT ( 'NONE',  ( -30.00000000000006040, -45.00000000000000000, 33.79999999999999716 ) ) ;
#860 = ORIENTED_EDGE ( 'NONE', *, *, #1429, .T. ) ;
#861 = LINE ( 'NONE', #357, #3232 ) ;
#862 = CIRCLE ( 'NONE', #4912, 5.000000000000001776 ) ;
#863 = ORIENTED_EDGE ( 'NONE', *, *, #4271, .T. ) ;
#864 = CARTESIAN_POINT ( 'NONE',  ( -30.00000000000004974, 24.56999999999999673, 33.79999999999999716 ) ) ;
#865 = AXIS2_PLACEMENT_3D ( 'NONE', #300, #4875, #2921 ) ;
#866 = FACE_OUTER_BOUND ( 'NONE', #489, .T. ) ;
#867 = VECTOR ( 'NONE', #1423, 1000.000000000000000 ) ;
#868 = PLANE ( 'NONE',  #4189 ) ;
#869 = CARTESIAN_POINT ( 'NONE',  ( -6.249999999999329425, -40.00000000000000000, 200.0000000000000284 ) ) ;
#870 = DIRECTION ( 'NONE',  ( 0.000000000000000000, 0.000000000000000000, -1.000000000000000000 ) ) ;
#871 =( NAMED_UNIT ( * ) SI_UNIT ( $, .STERADIAN. ) SOLID_ANGLE_UNIT ( ) );
#872 = AXIS2_PLACEMENT_3D ( 'NONE', #3048, #4650, #4231 ) ;
#873 = DIRECTION ( 'NONE',  ( -1.000000000000000000, 0.000000000000000000, 0.000000000000000000 ) ) ;
#874 = ORIENTED_EDGE ( 'NONE', *, *, #297, .T. ) ;
#875 = AXIS2_PLACEMENT_3D ( 'NONE', #2913, #112, #4175 ) ;
#876 = DIRECTION ( 'NONE',  ( 0.000000000000000000, -1.000000000000000000, -0.000000000000000000 ) ) ;
#877 = EDGE_LOOP ( 'NONE', ( #2035, #2498, #3362, #3154 ) ) ;
#878 = DIRECTION ( 'NONE',  ( -1.000000000000000000, 0.000000000000000000, 0.000000000000000000 ) ) ;
#879 = CARTESIAN_POINT ( 'NONE',  ( -25.00000000000004974, 37.00000000000000000, 174.8000000000000114 ) ) ;
#880 = CARTESIAN_POINT ( 'NONE',  ( 0.000000000000000000, 0.000000000000000000, 5.000000000000000000 ) ) ;
#881 = VECTOR ( 'NONE', #754, 1000.000000000000000 ) ;
#882 = VECTOR ( 'NONE', #1352, 1000.000000000000000 ) ;
#883 = ORIENTED_EDGE ( 'NONE', *, *, #3541, .T. ) ;
#884 = ORIENTED_EDGE ( 'NONE', *, *, #13, .T. ) ;
#886 = VECTOR ( 'NONE', #265, 1000.000000000000000 ) ;
#885 = CARTESIAN_POINT ( 'NONE',  ( -6.249999999999332090, -40.00000000000000000, 170.2540842689818135 ) ) ;
#887 = ORIENTED_EDGE ( 'NONE', *, *, #1344, .F. ) ;
#888 = DIRECTION ( 'NONE',  ( 0.000000000000000000, 0.000000000000000000, -1.000000000000000000 ) ) ;
#889 = PLANE ( 'NONE',  #3651 ) ;
#890 = CIRCLE ( 'NONE', #4858, 2.599999999999998312 ) ;
#891 = AXIS2_PLACEMENT_3D ( 'NONE', #524, #4525, #873 ) ;
#892 = ORIENTED_EDGE ( 'NONE', *, *, #989, .T. ) ;
#893 = CARTESIAN_POINT ( 'NONE',  ( 30.00000000000006395, 24.56999999999999673, 33.79999999999999005 ) ) ;
#894 = EDGE_LOOP ( 'NONE', ( #4486, #4339, #3496, #3743 ) ) ;
#895 = AXIS2_PLACEMENT_3D ( 'NONE', #2503, #4121, #1700 ) ;
#896 = DIRECTION ( 'NONE',  ( 0.000000000000000000, 0.000000000000000000, -1.000000000000000000 ) ) ;
#897 = ADVANCED_FACE ( 'NONE', ( #3355 ), #4963, .F. ) ;
#898 = DIRECTION ( 'NONE',  ( -1.000000000000000000, 0.000000000000000000, 0.000000000000000000 ) ) ;
#899 = LINE ( 'NONE', #2398, #299 ) ;
#900 = LINE ( 'NONE', #4549, #2237 ) ;
#901 = VERTEX_POINT ( 'NONE', #3815 ) ;
#902 = CARTESIAN_POINT ( 'NONE',  ( 30.00000000000005329, -45.00000000000000000, 33.79999999999999005 ) ) ;
#903 = CYLINDRICAL_SURFACE ( 'NONE', #3508, 4.250000000000003553 ) ;
#904 = DIRECTION ( 'NONE',  ( 0.000000000000000000, -1.000000000000000000, 0.000000000000000000 ) ) ;
#905 = DIRECTION ( 'NONE',  ( -1.000000000000000000, -0.000000000000000000, -0.000000000000000000 ) ) ;
#906 = EDGE_CURVE ( 'NONE', #3016, #4921, #1549, .T. ) ;
#907 = ORIENTED_EDGE ( 'NONE', *, *, #1046, .F. ) ;
#908 = ORIENTED_EDGE ( 'NONE', *, *, #1002, .F. ) ;
#909 = PLANE ( 'NONE',  #2211 ) ;
#910 = CARTESIAN_POINT ( 'NONE',  ( -9.999999999999992895, -40.00000000000000000, 47.24591573101818653 ) ) ;
#911 = ORIENTED_EDGE ( 'NONE', *, *, #720, .F. ) ;
#912 = CARTESIAN_POINT ( 'NONE',  ( -22.49999999999998579, -45.00000000000000000, 150.2540842689818135 ) ) ;
#913 = PLANE ( 'NONE',  #940 ) ;
#914 = ORIENTED_EDGE ( 'NONE', *, *, #4303, .F. ) ;
#915 = FACE_OUTER_BOUND ( 'NONE', #769, .T. ) ;
#916 = ORIENTED_EDGE ( 'NONE', *, *, #2619, .F. ) ;
#917 = DIRECTION ( 'NONE',  ( 0.000000000000000000, 0.000000000000000000, 1.000000000000000000 ) ) ;
#918 = EDGE_CURVE ( 'NONE', #1436, #4331, #1380, .T. ) ;
#919 = FACE_OUTER_BOUND ( 'NONE', #4758, .T. ) ;
#920 = DIRECTION ( 'NONE',  ( 9.912705577010326782E-17, 1.000000000000000000, 0.000000000000000000 ) ) ;
#921 = CARTESIAN_POINT ( 'NONE',  ( -25.00000000000004974, 24.56999999999999673, 174.8000000000000114 ) ) ;
#922 = EDGE_LOOP ( 'NONE', ( #2303, #203 ) ) ;
#923 = CARTESIAN_POINT ( 'NONE',  ( 25.00000000000006395, 24.56999999999999673, 174.8000000000000114 ) ) ;
#924 = DIRECTION ( 'NONE',  ( 1.000000000000000000, -0.000000000000000000, 0.000000000000000000 ) ) ;
#925 = LINE ( 'NONE', #4575, #2384 ) ;
#926 = CARTESIAN_POINT ( 'NONE',  ( -34.99999999999999289, -30.76603339672065829, 26.90000000000002700 ) ) ;
#927 = VERTEX_POINT ( 'NONE', #991 ) ;
#928 = ORIENTED_EDGE ( 'NONE', *, *, #4820, .F. ) ;
#929 = LINE ( 'NONE', #3812, #356 ) ;
#930 = CARTESIAN_POINT ( 'NONE',  ( -6.192531480757948792, -40.00000000000000000, 168.4051563039226949 ) ) ;
#931 = ORIENTED_EDGE ( 'NONE', *, *, #5231, .F. ) ;
#932 = CARTESIAN_POINT ( 'NONE',  ( -13.75000000000062705, -40.00000000000000000, 170.2540842689818419 ) ) ;
#933 = CARTESIAN_POINT ( 'NONE',  ( 30.00000000000005684, -25.57000000000000384, 25.19999999999999218 ) ) ;
#934 = EDGE_LOOP ( 'NONE', ( #2832, #5233, #2766, #2688 ) ) ;
#935 = ADVANCED_FACE ( 'NONE', ( #593 ), #2199, .T. ) ;
#936 = EDGE_CURVE ( 'NONE', #417, #330, #3649, .T. ) ;
#937 = FACE_OUTER_BOUND ( 'NONE', #4239, .T. ) ;
#938 = VERTEX_POINT ( 'NONE', #2226 ) ;
#939 = DIRECTION ( 'NONE',  ( 1.000000000000000000, 0.000000000000000000, -0.000000000000000000 ) ) ;
#940 = AXIS2_PLACEMENT_3D ( 'NONE', #3356, #2098, #4964 ) ;
#941 = ADVANCED_FACE ( 'NONE', ( #3085 ), #3847, .F. ) ;
#942 = AXIS2_PLACEMENT_3D ( 'NONE', #4868, #1630, #741 ) ;
#943 = DIRECTION ( 'NONE',  ( 0.000000000000000000, 0.000000000000000000, 1.000000000000000000 ) ) ;
#944 = CARTESIAN_POINT ( 'NONE',  ( -6.249999999999349853, -40.00000000000000000, 29.74591573101819364 ) ) ;
#945 = VECTOR ( 'NONE', #2717, 1000.000000000000000 ) ;
#946 = FACE_OUTER_BOUND ( 'NONE', #547, .T. ) ;
#947 = AXIS2_PLACEMENT_3D ( 'NONE', #974, #1762, #4913 ) ;
#948 = VERTEX_POINT ( 'NONE', #3917 ) ;
#949 = DIRECTION ( 'NONE',  ( -1.000000000000000000, -0.000000000000000000, -0.000000000000000000 ) ) ;
#950 = CARTESIAN_POINT ( 'NONE',  ( -34.99999999999999289, -30.76603339672065829, 26.90000000000002700 ) ) ;
#951 = VECTOR ( 'NONE', #1768, 1000.000000000000000 ) ;
#952 = DIRECTION ( 'NONE',  ( -1.000000000000000000, 0.000000000000000000, 0.000000000000000000 ) ) ;
#953 = CARTESIAN_POINT ( 'NONE',  ( 25.00000000000004974, -30.76603339672067605, 170.4999999999999716 ) ) ;
#954 = ORIENTED_EDGE ( 'NONE', *, *, #3833, .F. ) ;
#955 = CIRCLE ( 'NONE', #3330, 12.50000000000001066 ) ;
#956 = ORIENTED_EDGE ( 'NONE', *, *, #3541, .F. ) ;
#957 = DIRECTION ( 'NONE',  ( -9.912705577010326782E-17, -1.000000000000000000, 0.000000000000000000 ) ) ;
#958 = CYLINDRICAL_SURFACE ( 'NONE', #4277, 2.499999999999974243 ) ;
#959 = EDGE_LOOP ( 'NONE', ( #19, #3360, #594, #4480 ) ) ;
#960 = PRESENTATION_LAYER_ASSIGNMENT (  '', '', ( #1542 ) ) ;
#961 = LINE ( 'NONE', #201, #3831 ) ;
#962 = EDGE_CURVE ( 'NONE', #4370, #4581, #1047, .T. ) ;
#963 = VERTEX_POINT ( 'NONE', #3533 ) ;
#964 = B_SPLINE_CURVE_WITH_KNOTS ( 'NONE', 3,
 ( #3036, #178, #1235, #450, #3796, #2980 ),
 .UNSPECIFIED., .F., .F.,
 ( 4, 1, 1, 4 ),
 ( 0.000000000000000000, 0.5380594216257100770, 0.8364705418477524912, 1.000000000000000000 ),
 .UNSPECIFIED. ) ;
#965 = AXIS2_PLACEMENT_3D ( 'NONE', #5162, #380, #5193 ) ;
#966 = CIRCLE ( 'NONE', #2313, 5.000000000000000888 ) ;
#967 = VERTEX_POINT ( 'NONE', #1830 ) ;
#968 = CARTESIAN_POINT ( 'NONE',  ( 25.00000000000004974, -45.00000000000000000, 33.79999999999999005 ) ) ;
#969 = ORIENTED_EDGE ( 'NONE', *, *, #3380, .F. ) ;
#970 = CARTESIAN_POINT ( 'NONE',  ( -5.200000000000018829, 5.000000000000004441, 103.0022213997860518 ) ) ;
#971 = AXIS2_PLACEMENT_3D ( 'NONE', #429, #11, #1179 ) ;
#972 = VECTOR ( 'NONE', #1022, 1000.000000000000000 ) ;
#973 = VECTOR ( 'NONE', #839, 1000.000000000000000 ) ;
#974 = CARTESIAN_POINT ( 'NONE',  ( -44.00000000000000000, 29.57396660327933802, 170.5000000000000000 ) ) ;
#975 = FACE_OUTER_BOUND ( 'NONE', #2511, .T. ) ;
#976 = LINE ( 'NONE', #3067, #1629 ) ;
#977 = EDGE_CURVE ( 'NONE', #1932, #2254, #2693, .T. ) ;
#978 = EDGE_LOOP ( 'NONE', ( #5124, #3512, #4666, #5063 ) ) ;
#979 = LINE ( 'NONE', #2137, #1028 ) ;
#980 = DIRECTION ( 'NONE',  ( 0.000000000000000000, 0.000000000000000000, 1.000000000000000000 ) ) ;
#981 = PLANE ( 'NONE',  #4167 ) ;
#982 = CARTESIAN_POINT ( 'NONE',  ( 15.34463863745133416, 32.12444091750329278, 28.97800217464503802 ) ) ;
#983 = EDGE_CURVE ( 'NONE', #274, #3328, #3161, .T. ) ;
#984 = VERTEX_POINT ( 'NONE', #1486 ) ;
#985 = ORIENTED_EDGE ( 'NONE', *, *, #2841, .T. ) ;
#986 = FACE_OUTER_BOUND ( 'NONE', #3941, .T. ) ;
#987 = LINE ( 'NONE', #690, #2484 ) ;
#988 = ORIENTED_EDGE ( 'NONE', *, *, #3153, .T. ) ;
#989 = EDGE_CURVE ( 'NONE', #4139, #699, #3112, .T. ) ;
#990 = CARTESIAN_POINT ( 'NONE',  ( 44.00000000000000711, -30.76603339672065829, 24.50000000000002487 ) ) ;
#991 = CARTESIAN_POINT ( 'NONE',  ( 25.00000000000005684, -25.57000000000000384, 25.19999999999999218 ) ) ;
#992 = EDGE_LOOP ( 'NONE', ( #2202, #2144 ) ) ;
#993 = ORIENTED_EDGE ( 'NONE', *, *, #1903, .T. ) ;
#994 = CARTESIAN_POINT ( 'NONE',  ( 25.00000000000005684, 33.24999999999998579, 166.2000000000000171 ) ) ;
#995 = ORIENTED_EDGE ( 'NONE', *, *, #4489, .T. ) ;
#996 = LINE ( 'NONE', #2126, #4610 ) ;
#997 = CYLINDRICAL_SURFACE ( 'NONE', #2546, 5.000000000000004441 ) ;
#998 = DIRECTION ( 'NONE',  ( 3.469446951953613696E-16, 1.000000000000000000, 0.000000000000000000 ) ) ;
#999 = CYLINDRICAL_SURFACE ( 'NONE', #627, 2.600000000000019185 ) ;
#1000 = VERTEX_POINT ( 'NONE', #1111 ) ;
#1001 = DIRECTION ( 'NONE',  ( 0.000000000000000000, 0.000000000000000000, -1.000000000000000000 ) ) ;
#1002 = EDGE_CURVE ( 'NONE', #1215, #2995, #4735, .T. ) ;
#1003 = EDGE_CURVE ( 'NONE', #4698, #699, #648, .T. ) ;
#1004 = DIRECTION ( 'NONE',  ( 9.912705577010326782E-17, 1.000000000000000000, -0.000000000000000000 ) ) ;
#1005 = CARTESIAN_POINT ( 'NONE',  ( 25.00000000000006040, 29.57396660327935223, 32.09999999999999432 ) ) ;
#1006 = DIRECTION ( 'NONE',  ( -0.000000000000000000, -0.000000000000000000, -1.000000000000000000 ) ) ;
#1007 = VERTEX_POINT ( 'NONE', #2328 ) ;
#1008 = ORIENTED_EDGE ( 'NONE', *, *, #13, .F. ) ;
#1009 = EDGE_CURVE ( 'NONE', #2869, #647, #4661, .T. ) ;
#1010 = DIRECTION ( 'NONE',  ( -1.000000000000000000, 9.912705577010326782E-17, 0.000000000000000000 ) ) ;
#1011 = CARTESIAN_POINT ( 'NONE',  ( -6.192531480757948792, -45.00000000000000000, 168.4051563039226949 ) ) ;
#1012 = ORIENTED_EDGE ( 'NONE', *, *, #4469, .T. ) ;
#1013 = CARTESIAN_POINT ( 'NONE',  ( 15.36238339347396931, 32.16379737993150201, 170.7645607697878347 ) ) ;
#1014 = DIRECTION ( 'NONE',  ( 0.000000000000000000, 0.000000000000000000, 1.000000000000000000 ) ) ;
#1015 = EDGE_LOOP ( 'NONE', ( #2983, #2135 ) ) ;
#1016 = EDGE_LOOP ( 'NONE', ( #460, #1849, #1106, #995 ) ) ;
#1017 = DIRECTION ( 'NONE',  ( 0.000000000000000000, -1.000000000000000000, 0.000000000000000000 ) ) ;
#1018 = VERTEX_POINT ( 'NONE', #4316 ) ;
#1019 = LINE ( 'NONE', #675, #3692 ) ;
#1020 = EDGE_CURVE ( 'NONE', #1357, #333, #3942, .T. ) ;
#1021 = CARTESIAN_POINT ( 'NONE',  ( -31.25000000000001421, 11.99999999999999645, 15.00000000000001421 ) ) ;
#1022 = DIRECTION ( 'NONE',  ( 1.000000000000000000, 0.000000000000000000, 0.000000000000000000 ) ) ;
#1023 = ADVANCED_FACE ( 'NONE', ( #618, #2301 ), #5062, .T. ) ;
#1024 = VERTEX_POINT ( 'NONE', #303 ) ;
#1025 = AXIS2_PLACEMENT_3D ( 'NONE', #2235, #2677, #1492 ) ;
#1026 = CARTESIAN_POINT ( 'NONE',  ( -34.99999999999999289, -30.76603339672067605, 173.0999999999999943 ) ) ;
#1027 = LINE ( 'NONE', #2634, #1203 ) ;
#1028 = VECTOR ( 'NONE', #3763, 1000.000000000000000 ) ;
#1029 = DIRECTION ( 'NONE',  ( 1.166360781536057966E-16, -0.000000000000000000, 1.000000000000000000 ) ) ;
#1030 = ADVANCED_FACE ( 'NONE', ( #1909, #2721, #2645 ), #2256, .F. ) ;
#1031 = ORIENTED_EDGE ( 'NONE', *, *, #1628, .T. ) ;
#1032 = AXIS2_PLACEMENT_3D ( 'NONE', #4670, #3097, #677 ) ;
#1033 = ORIENTED_EDGE ( 'NONE', *, *, #2918, .T. ) ;
#1034 = CARTESIAN_POINT ( 'NONE',  ( 32.00000000000002842, 33.24999999999998579, 200.0000000000000000 ) ) ;
#1035 = CARTESIAN_POINT ( 'NONE',  ( -0.4808539244940948643, -45.00000000000000000, 159.3689769487588137 ) ) ;
#1036 = ORIENTED_EDGE ( 'NONE', *, *, #3705, .F. ) ;
#1037 = CARTESIAN_POINT ( 'NONE',  ( 15.23581313989883945, 31.86197270761304168, 171.7620648614622496 ) ) ;
#1038 = CARTESIAN_POINT ( 'NONE',  ( -1.371428848111184928, -40.00000000000000000, 39.80245423789693859 ) ) ;
#1039 = AXIS2_PLACEMENT_3D ( 'NONE', #530, #2923, #2514 ) ;
#1040 = ADVANCED_FACE ( 'NONE', ( #3556 ), #1854, .F. ) ;
#1041 = ORIENTED_EDGE ( 'NONE', *, *, #4615, .T. ) ;
#1042 = ORIENTED_EDGE ( 'NONE', *, *, #2727, .F. ) ;
#1043 = CARTESIAN_POINT ( 'NONE',  ( -5.000000000000009770, 26.00000000000000000, 100.0000000000000142 ) ) ;
#1044 = ORIENTED_EDGE ( 'NONE', *, *, #1425, .F. ) ;
#1045 = LINE ( 'NONE', #3042, #3438 ) ;
#1046 = EDGE_CURVE ( 'NONE', #1699, #5122, #1212, .T. ) ;
#1047 = CIRCLE ( 'NONE', #1719, 5.000000000000004441 ) ;
#1048 = DIRECTION ( 'NONE',  ( -1.166360781536057226E-16, -0.000000000000000000, -1.000000000000000000 ) ) ;
#1049 = AXIS2_PLACEMENT_3D ( 'NONE', #2326, #2432, #2776 ) ;
#1050 = AXIS2_PLACEMENT_3D ( 'NONE', #1644, #2753, #4427 ) ;
#1051 = EDGE_CURVE ( 'NONE', #4715, #4122, #1459, .T. ) ;
#1052 = DIRECTION ( 'NONE',  ( -0.8660254037844369313, 0.000000000000000000, -0.5000000000000029976 ) ) ;
#1053 = CARTESIAN_POINT ( 'NONE',  ( -14.99999999999997868, 29.57396660327933802, 170.5000000000000000 ) ) ;
#1054 = AXIS2_PLACEMENT_3D ( 'NONE', #2446, #2789, #4517 ) ;
#1055 = VERTEX_POINT ( 'NONE', #4297 ) ;
#1056 = CARTESIAN_POINT ( 'NONE',  ( 44.00000000000000711, -30.76603339672065829, 29.50000000000002487 ) ) ;
#1057 = EDGE_CURVE ( 'NONE', #4278, #4985, #3613, .T. ) ;
#1058 = CARTESIAN_POINT ( 'NONE',  ( 44.00000000000000711, 29.57396660327935223, 29.50000000000000000 ) ) ;
#1059 = VECTOR ( 'NONE', #2660, 1000.000000000000000 ) ;
#1060 = CIRCLE ( 'NONE', #4002, 3.087849374226486532 ) ;
#1061 = DIRECTION ( 'NONE',  ( 0.000000000000000000, 0.000000000000000000, 1.000000000000000000 ) ) ;
#1062 = ORIENTED_EDGE ( 'NONE', *, *, #2100, .T. ) ;
#1063 = VECTOR ( 'NONE', #4302, 1000.000000000000000 ) ;
#1064 = ORIENTED_EDGE ( 'NONE', *, *, #1009, .T. ) ;
#1065 = EDGE_CURVE ( 'NONE', #4424, #2018, #966, .T. ) ;
#1066 = B_SPLINE_SURFACE_WITH_KNOTS ( 'NONE', 3, 1, ( 
 ( #3131, #3940 ),
 ( #347, #3216 ),
 ( #2408, #1505 ),
 ( #4054, #2802 ),
 ( #3158, #1183 ),
 ( #2015, #4761 ) ),
 .UNSPECIFIED., .F., .F., .F.,
 ( 4, 1, 1, 4 ),
 ( 2, 2 ),
 ( 0.000000000000000000, 0.1635294581522475366, 0.4619405783742899230, 1.000000000000000000 ),
 ( 0.000000000000000000, 1.000000000000000000 ),
 .UNSPECIFIED. ) ;
#1067 = VERTEX_POINT ( 'NONE', #1959 ) ;
#1068 = CARTESIAN_POINT ( 'NONE',  ( 15.09443032897095271, 31.38840763842321024, 168.6198041557757108 ) ) ;
#1069 = CARTESIAN_POINT ( 'NONE',  ( 5.199999999999982414, 5.000000000000004441, 103.0022213997860945 ) ) ;
#1070 = VERTEX_POINT ( 'NONE', #2067 ) ;
#1071 = ORIENTED_EDGE ( 'NONE', *, *, #3123, .T. ) ;
#1072 = CARTESIAN_POINT ( 'NONE',  ( 0.000000000000000000, -38.00000000000000000, 0.000000000000000000 ) ) ;
#1073 = EDGE_CURVE ( 'NONE', #1000, #666, #3339, .T. ) ;
#1074 = EDGE_LOOP ( 'NONE', ( #2437, #2260 ) ) ;
#1075 = FACE_OUTER_BOUND ( 'NONE', #4825, .T. ) ;
#1076 = CARTESIAN_POINT ( 'NONE',  ( -6.249999999999353406, -40.00000000000000000, -2.775557561562891351E-14 ) ) ;
#1077 = DIRECTION ( 'NONE',  ( 0.5000000000000029976, 0.000000000000000000, -0.8660254037844369313 ) ) ;
#1078 = CARTESIAN_POINT ( 'NONE',  ( 15.00000000000001954, 30.49999999999999289, 172.9294983326107058 ) ) ;
#1079 = VERTEX_POINT ( 'NONE', #1589 ) ;
#1080 = FACE_OUTER_BOUND ( 'NONE', #959, .T. ) ;
#1081 = CARTESIAN_POINT ( 'NONE',  ( 44.00000000000000711, -30.76603339672065829, 29.50000000000002487 ) ) ;
#1082 = CARTESIAN_POINT ( 'NONE',  ( 30.00000000000006395, 33.24999999999998579, 166.2000000000000171 ) ) ;
#1083 = ORIENTED_EDGE ( 'NONE', *, *, #315, .T. ) ;
#1084 = ADVANCED_FACE ( 'NONE', ( #3664, #3194 ), #4374, .T. ) ;
#1085 = ORIENTED_EDGE ( 'NONE', *, *, #1020, .T. ) ;
#1086 = ORIENTED_EDGE ( 'NONE', *, *, #4553, .T. ) ;
#1087 = DIRECTION ( 'NONE',  ( 9.912705577010326782E-17, 1.000000000000000000, -0.000000000000000000 ) ) ;
#1088 = ORIENTED_EDGE ( 'NONE', *, *, #2372, .T. ) ;
#1089 = EDGE_CURVE ( 'NONE', #1409, #2613, #2017, .T. ) ;
#1090 = EDGE_LOOP ( 'NONE', ( #350, #2118, #4051, #4684 ) ) ;
#1091 = CARTESIAN_POINT ( 'NONE',  ( -30.00000000000004974, 24.56999999999999673, 33.79999999999999716 ) ) ;
#1092 = ORIENTED_EDGE ( 'NONE', *, *, #401, .F. ) ;
#1093 = DIRECTION ( 'NONE',  ( 0.000000000000000000, 0.000000000000000000, 1.000000000000000000 ) ) ;
#1094 = ADVANCED_FACE ( 'NONE', ( #4079 ), #1668, .F. ) ;
#1095 = CYLINDRICAL_SURFACE ( 'NONE', #4504, 2.600000000000019185 ) ;
#1096 = DIRECTION ( 'NONE',  ( 1.000000000000000000, -9.912705577010326782E-17, -1.214306433183764966E-16 ) ) ;
#1097 = DIRECTION ( 'NONE',  ( -0.000000000000000000, -1.000000000000000000, -0.000000000000000000 ) ) ;
#1098 = CARTESIAN_POINT ( 'NONE',  ( 44.00000000000000711, 29.57396660327933802, 170.5000000000000000 ) ) ;
#1099 = ORIENTED_EDGE ( 'NONE', *, *, #3153, .F. ) ;
#1100 = DIRECTION ( 'NONE',  ( 9.912705577010326782E-17, 1.000000000000000000, -0.000000000000000000 ) ) ;
#1101 = DIRECTION ( 'NONE',  ( 1.000000000000000000, 0.000000000000000000, -0.000000000000000000 ) ) ;
#1102 = LINE ( 'NONE', #4680, #3762 ) ;
#1103 = EDGE_CURVE ( 'NONE', #4314, #2574, #1566, .T. ) ;
#1104 = AXIS2_PLACEMENT_3D ( 'NONE', #1621, #23, #443 ) ;
#1105 = EDGE_LOOP ( 'NONE', ( #3724, #3614, #5142, #5103 ) ) ;
#1106 = ORIENTED_EDGE ( 'NONE', *, *, #2200, .F. ) ;
#1107 = CARTESIAN_POINT ( 'NONE',  ( -44.00000000000000000, -30.76603339672065829, 29.50000000000002487 ) ) ;
#1108 = CARTESIAN_POINT ( 'NONE',  ( -35.00000000000000000, -30.76603339672065829, 29.50000000000002487 ) ) ;
#1109 = VECTOR ( 'NONE', #4626, 1000.000000000000000 ) ;
#1110 = ORIENTED_EDGE ( 'NONE', *, *, #4821, .T. ) ;
#1111 = CARTESIAN_POINT ( 'NONE',  ( 25.00000000000006395, 29.57396660327933802, 173.1000000000000227 ) ) ;
#1112 = ORIENTED_EDGE ( 'NONE', *, *, #1306, .T. ) ;
#1113 = VECTOR ( 'NONE', #3803, 1000.000000000000000 ) ;
#1114 = ORIENTED_EDGE ( 'NONE', *, *, #4729, .F. ) ;
#1115 = CARTESIAN_POINT ( 'NONE',  ( -5.502973107383305695, -45.00000000000000000, 34.64066149181523713 ) ) ;
#1116 = ORIENTED_EDGE ( 'NONE', *, *, #3802, .T. ) ;
#1117 = AXIS2_PLACEMENT_3D ( 'NONE', #4955, #2998, #4183 ) ;
#1118 = CARTESIAN_POINT ( 'NONE',  ( 44.00000000000000711, 29.57396660327933802, 170.5000000000000000 ) ) ;
#1119 =( GEOMETRIC_REPRESENTATION_CONTEXT ( 3 ) GLOBAL_UNCERTAINTY_ASSIGNED_CONTEXT ( ( #3819 ) ) GLOBAL_UNIT_ASSIGNED_CONTEXT ( ( #3335, #522, #871 ) ) REPRESENTATION_CONTEXT ( 'NONE', 'WORKASPACE' ) );
#1120 = DIRECTION ( 'NONE',  ( 0.000000000000000000, 0.000000000000000000, 1.000000000000000000 ) ) ;
#1121 = CYLINDRICAL_SURFACE ( 'NONE', #3344, 5.000000000000004441 ) ;
#1122 = DIRECTION ( 'NONE',  ( -1.000000000000000000, 9.912705577010326782E-17, 0.000000000000000000 ) ) ;
#1123 = CARTESIAN_POINT ( 'NONE',  ( 2.292272046096018645, -40.00000000000000000, 154.7840618205169108 ) ) ;
#1124 = VECTOR ( 'NONE', #4197, 1000.000000000000000 ) ;
#1125 = VERTEX_POINT ( 'NONE', #2435 ) ;
#1126 = CIRCLE ( 'NONE', #2821, 2.600000000000019185 ) ;
#1127 = VECTOR ( 'NONE', #1029, 1000.000000000000000 ) ;
#1128 = DIRECTION ( 'NONE',  ( -0.000000000000000000, 0.000000000000000000, 1.000000000000000000 ) ) ;
#1129 = DIRECTION ( 'NONE',  ( 0.000000000000000000, 1.000000000000000000, 0.000000000000000000 ) ) ;
#1130 = LINE ( 'NONE', #3187, #3596 ) ;
#1131 = AXIS2_PLACEMENT_3D ( 'NONE', #3951, #3807, #4603 ) ;
#1132 = VECTOR ( 'NONE', #2914, 999.9999999999998863 ) ;
#1133 = ORIENTED_EDGE ( 'NONE', *, *, #5141, .F. ) ;
#1134 = ORIENTED_EDGE ( 'NONE', *, *, #989, .F. ) ;
#1135 = VECTOR ( 'NONE', #2130, 1000.000000000000000 ) ;
#1136 = DIRECTION ( 'NONE',  ( -0.000000000000000000, -0.000000000000000000, -1.000000000000000000 ) ) ;
#1138 = CIRCLE ( 'NONE', #2225, 2.500000000000002220 ) ;
#1137 = CARTESIAN_POINT ( 'NONE',  ( 30.00000000000006750, 33.24999999999998579, 33.79999999999999005 ) ) ;
#1139 = CYLINDRICAL_SURFACE ( 'NONE', #3246, 2.600000000000019185 ) ;
#1140 = EDGE_CURVE ( 'NONE', #1055, #417, #44, .T. ) ;
#1141 = CARTESIAN_POINT ( 'NONE',  ( -35.00000000000000000, -45.00000000000000000, 0.000000000000000000 ) ) ;
#1142 = ORIENTED_EDGE ( 'NONE', *, *, #3516, .T. ) ;
#1143 = ORIENTED_EDGE ( 'NONE', *, *, #153, .T. ) ;
#1144 = DIRECTION ( 'NONE',  ( 9.912705577010326782E-17, 1.000000000000000000, 0.000000000000000000 ) ) ;
#1145 = ORIENTED_EDGE ( 'NONE', *, *, #5007, .F. ) ;
#1146 = FACE_BOUND ( 'NONE', #4696, .T. ) ;
#1147 = CARTESIAN_POINT ( 'NONE',  ( -25.00000000000004974, 24.56999999999999673, 174.8000000000000114 ) ) ;
#1148 = CARTESIAN_POINT ( 'NONE',  ( -6.249999999999353406, -40.00000000000000000, -2.775557561562891351E-14 ) ) ;
#1149 = DIRECTION ( 'NONE',  ( 4.034240641806529869E-16, 0.000000000000000000, 1.000000000000000000 ) ) ;
#1150 = DIRECTION ( 'NONE',  ( -1.000000000000000000, 0.000000000000000000, -0.000000000000000000 ) ) ;
#1151 = DIRECTION ( 'NONE',  ( -1.000000000000000000, 3.469446951953613696E-16, 0.000000000000000000 ) ) ;
#1152 = ORIENTED_EDGE ( 'NONE', *, *, #3213, .T. ) ;
#1153 = CARTESIAN_POINT ( 'NONE',  ( -27.00000000000000711, 37.00000000000000000, 15.00000000000001421 ) ) ;
#1154 = CARTESIAN_POINT ( 'NONE',  ( 15.36255679594637336, 32.16417604914762052, 170.2388181022234903 ) ) ;
#1155 = LINE ( 'NONE', #1980, #5184 ) ;
#1156 = CARTESIAN_POINT ( 'NONE',  ( 25.00000000000006395, 24.56999999999999673, 25.19999999999999218 ) ) ;
#1157 = VERTEX_POINT ( 'NONE', #2350 ) ;
#1158 = LINE ( 'NONE', #2088, #5167 ) ;
#1159 = VERTEX_POINT ( 'NONE', #3637 ) ;
#1160 = CARTESIAN_POINT ( 'NONE',  ( 30.00000000000006750, 33.24999999999998579, 174.8000000000000114 ) ) ;
#1161 = CYLINDRICAL_SURFACE ( 'NONE', #5013, 2.599999999999998312 ) ;
#1162 = CARTESIAN_POINT ( 'NONE',  ( 30.00000000000005329, -45.00000000000000000, 33.79999999999999005 ) ) ;
#1163 = EDGE_LOOP ( 'NONE', ( #1145, #3691, #4709, #1275 ) ) ;
#1164 = EDGE_CURVE ( 'NONE', #4822, #466, #5110, .T. ) ;
#1165 = VERTEX_POINT ( 'NONE', #437 ) ;
#1166 = LINE ( 'NONE', #2783, #4676 ) ;
#1167 = ORIENTED_EDGE ( 'NONE', *, *, #1404, .F. ) ;
#1168 = LINE ( 'NONE', #3973, #777 ) ;
#1169 = ADVANCED_FACE ( 'NONE', ( #18 ), #1244, .F. ) ;
#1170 = CARTESIAN_POINT ( 'NONE',  ( 2.500000000000012434, -45.00000000000000000, 49.74591573101819364 ) ) ;
#1171 = DIRECTION ( 'NONE',  ( 0.000000000000000000, -1.000000000000000000, 0.000000000000000000 ) ) ;
#1172 = CARTESIAN_POINT ( 'NONE',  ( 44.00000000000000711, -30.76603339672067605, 170.4999999999999716 ) ) ;
#1173 = CARTESIAN_POINT ( 'NONE',  ( -44.00000000000000000, 29.57396660327935223, 29.50000000000000000 ) ) ;
#1174 = CARTESIAN_POINT ( 'NONE',  ( -6.249999999999349853, -40.00000000000000000, 29.74591573101819364 ) ) ;
#1175 = VERTEX_POINT ( 'NONE', #2867 ) ;
#1176 = DIRECTION ( 'NONE',  ( -1.387778780781445676E-16, -0.000000000000000000, -1.000000000000000000 ) ) ;
#1177 = CARTESIAN_POINT ( 'NONE',  ( -25.00000000000004974, 37.00000000000000000, 174.8000000000000114 ) ) ;
#1178 = FACE_OUTER_BOUND ( 'NONE', #204, .T. ) ;
#1179 = DIRECTION ( 'NONE',  ( 0.000000000000000000, 0.000000000000000000, -1.000000000000000000 ) ) ;
#1180 = ORIENTED_EDGE ( 'NONE', *, *, #2919, .T. ) ;
#1181 = CARTESIAN_POINT ( 'NONE',  ( 30.00000000000005329, -30.76603339672067605, 170.4999999999999716 ) ) ;
#1182 = ORIENTED_EDGE ( 'NONE', *, *, #1002, .T. ) ;
#1183 = CARTESIAN_POINT ( 'NONE',  ( -22.29227204609599866, -45.00000000000000000, 45.21593817948310345 ) ) ;
#1184 = EDGE_LOOP ( 'NONE', ( #856, #2673, #5230, #3845 ) ) ;
#1185 = VECTOR ( 'NONE', #3169, 1000.000000000000000 ) ;
#1186 = CARTESIAN_POINT ( 'NONE',  ( -22.49999999999998579, -45.00000000000000000, 150.2540842689817850 ) ) ;
#1187 = ADVANCED_FACE ( 'NONE', ( #384 ), #2410, .F. ) ;
#1188 = EDGE_CURVE ( 'NONE', #3721, #1007, #5022, .T. ) ;
#1189 = VERTEX_POINT ( 'NONE', #1186 ) ;
#1190 = CIRCLE ( 'NONE', #1703, 2.599999999999998312 ) ;
#1191 = ORIENTED_EDGE ( 'NONE', *, *, #3732, .F. ) ;
#1192 = CARTESIAN_POINT ( 'NONE',  ( -25.00000000000006040, -45.00000000000000000, 174.8000000000000114 ) ) ;
#1193 = ORIENTED_EDGE ( 'NONE', *, *, #761, .F. ) ;
#1194 = AXIS2_PLACEMENT_3D ( 'NONE', #1376, #3005, #2567 ) ;
#1195 = CARTESIAN_POINT ( 'NONE',  ( -25.00000000000005684, -30.76603339672065829, 26.90000000000002700 ) ) ;
#1196 = CIRCLE ( 'NONE', #2290, 2.599999999999998312 ) ;
#1198 = DIRECTION ( 'NONE',  ( 0.000000000000000000, 0.000000000000000000, 1.000000000000000000 ) ) ;
#1197 = VECTOR ( 'NONE', #3708, 1000.000000000000000 ) ;
#1199 = CARTESIAN_POINT ( 'NONE',  ( -6.249999999999353406, -45.00000000000000000, -2.775557561562891351E-14 ) ) ;
#1200 = CARTESIAN_POINT ( 'NONE',  ( -44.00000000000000000, 29.57396660327935223, 26.89999999999999858 ) ) ;
#1201 = DIRECTION ( 'NONE',  ( -1.000000000000000000, -0.000000000000000000, 0.000000000000000000 ) ) ;
#1202 = DIRECTION ( 'NONE',  ( -1.000000000000000000, -0.000000000000000000, -0.000000000000000000 ) ) ;
#1203 = VECTOR ( 'NONE', #4261, 1000.000000000000000 ) ;
#1204 = ORIENTED_EDGE ( 'NONE', *, *, #1580, .F. ) ;
#1205 = CARTESIAN_POINT ( 'NONE',  ( 44.00000000000000711, -30.76603339672065829, 26.90000000000002700 ) ) ;
#1206 = AXIS2_PLACEMENT_3D ( 'NONE', #1764, #5050, #659 ) ;
#1207 = CARTESIAN_POINT ( 'NONE',  ( 0.000000000000000000, 0.000000000000000000, 37.24000000000000199 ) ) ;
#1208 = DIRECTION ( 'NONE',  ( 1.000000000000000000, 0.000000000000000000, -0.000000000000000000 ) ) ;
#1209 = PLANE ( 'NONE',  #3921 ) ;
#1210 = AXIS2_PLACEMENT_3D ( 'NONE', #325, #1956, #3579 ) ;
#1211 = ORIENTED_EDGE ( 'NONE', *, *, #4242, .T. ) ;
#1212 = CIRCLE ( 'NONE', #4173, 5.000000000000001776 ) ;
#1213 = DIRECTION ( 'NONE',  ( -1.000000000000000000, 0.000000000000000000, 0.000000000000000000 ) ) ;
#1214 = ADVANCED_FACE ( 'NONE', ( #4849, #1220 ), #463, .F. ) ;
#1215 = VERTEX_POINT ( 'NONE', #4396 ) ;
#1216 = DIRECTION ( 'NONE',  ( -4.034240641806529869E-16, 0.000000000000000000, 1.000000000000000000 ) ) ;
#1217 = DIRECTION ( 'NONE',  ( -1.000000000000000000, -0.000000000000000000, -0.000000000000000000 ) ) ;
#1218 = VECTOR ( 'NONE', #4977, 1000.000000000000000 ) ;
#1219 = AXIS2_PLACEMENT_3D ( 'NONE', #3218, #2778, #3997 ) ;
#1220 = FACE_BOUND ( 'NONE', #2781, .T. ) ;
#1221 = EDGE_LOOP ( 'NONE', ( #4045, #1793, #1960, #3642 ) ) ;
#1222 = AXIS2_PLACEMENT_3D ( 'NONE', #3144, #738, #3953 ) ;
#1223 = VECTOR ( 'NONE', #113, 1000.000000000000000 ) ;
#1224 = VERTEX_POINT ( 'NONE', #855 ) ;
#1225 = DIRECTION ( 'NONE',  ( -1.000000000000000000, -0.000000000000000000, -0.000000000000000000 ) ) ;
#1226 = PRODUCT_DEFINITION_CONTEXT ( 'detailed design', #1790, 'design' ) ;
#1227 = ORIENTED_EDGE ( 'NONE', *, *, #4509, .F. ) ;
#1228 = PLANE ( 'NONE',  #4738 ) ;
#1229 = AXIS2_PLACEMENT_3D ( 'NONE', #3707, #1680, #762 ) ;
#1230 = ORIENTED_EDGE ( 'NONE', *, *, #4390, .T. ) ;
#1231 = DIRECTION ( 'NONE',  ( 1.000000000000000000, 0.000000000000000000, -0.000000000000000000 ) ) ;
#1232 = CARTESIAN_POINT ( 'NONE',  ( -30.00000000000004619, 29.57396660327933802, 170.5000000000000000 ) ) ;
#1233 = CARTESIAN_POINT ( 'NONE',  ( -0.4808539244941091306, -45.00000000000000000, 40.63102305124120761 ) ) ;
#1234 = CARTESIAN_POINT ( 'NONE',  ( 0.000000000000000000, 5.000000000000004441, 0.000000000000000000 ) ) ;
#1235 = CARTESIAN_POINT ( 'NONE',  ( -19.51914607550586922, -40.00000000000000000, 159.3689769487588137 ) ) ;
#1236 = LINE ( 'NONE', #1205, #1448 ) ;
#1237 = CARTESIAN_POINT ( 'NONE',  ( -6.249999999999332090, -40.00000000000000000, 170.2540842689818135 ) ) ;
#1238 = CARTESIAN_POINT ( 'NONE',  ( -22.50000000000000000, -45.00000000000000000, 49.74591573101820074 ) ) ;
#1239 = VERTEX_POINT ( 'NONE', #2459 ) ;
#1240 = CARTESIAN_POINT ( 'NONE',  ( -2.541172249825931671E-14, 5.000000000000004441, 106.0044427995721321 ) ) ;
#1241 = ORIENTED_EDGE ( 'NONE', *, *, #4000, .F. ) ;
#1242 = CYLINDRICAL_SURFACE ( 'NONE', #709, 2.600000000000019185 ) ;
#1243 = CARTESIAN_POINT ( 'NONE',  ( -14.99999999999997335, 26.00000000000000000, 200.0000000000000000 ) ) ;
#1244 = PLANE ( 'NONE',  #2917 ) ;
#1245 = EDGE_CURVE ( 'NONE', #1296, #5229, #2377, .T. ) ;
#1246 = EDGE_LOOP ( 'NONE', ( #1353, #3078, #323, #3865 ) ) ;
#1247 = ORIENTED_EDGE ( 'NONE', *, *, #4615, .F. ) ;
#1248 = LINE ( 'NONE', #4854, #2239 ) ;
#1249 = ORIENTED_EDGE ( 'NONE', *, *, #2193, .F. ) ;
#1250 = CARTESIAN_POINT ( 'NONE',  ( -6.560741418667665927E-15, 55.00000000000000711, 103.0878493742265078 ) ) ;
#1251 = CARTESIAN_POINT ( 'NONE',  ( -34.99999999999999289, 29.57396660327935223, 24.49999999999999645 ) ) ;
#1252 = CARTESIAN_POINT ( 'NONE',  ( -34.99999999999999289, -30.76603339672065829, 29.50000000000002487 ) ) ;
#1253 = CARTESIAN_POINT ( 'NONE',  ( -25.00000000000005684, 29.57396660327933802, 170.5000000000000000 ) ) ;
#1254 = CARTESIAN_POINT ( 'NONE',  ( 44.00000000000000711, -30.76603339672067605, 170.4999999999999716 ) ) ;
#1255 = EDGE_CURVE ( 'NONE', #3761, #5043, #2093, .T. ) ;
#1256 = CARTESIAN_POINT ( 'NONE',  ( -13.75000000000061995, -45.00000000000000000, 200.0000000000000284 ) ) ;
#1257 = CARTESIAN_POINT ( 'NONE',  ( 0.000000000000000000, 0.000000000000000000, 5.000000000000000000 ) ) ;
#1258 = PLANE ( 'NONE',  #875 ) ;
#1259 = DIRECTION ( 'NONE',  ( -1.000000000000000000, 0.000000000000000000, 0.000000000000000000 ) ) ;
#1260 = EDGE_CURVE ( 'NONE', #3465, #1333, #2309, .T. ) ;
#1261 = ORIENTED_EDGE ( 'NONE', *, *, #2542, .T. ) ;
#1262 = FACE_OUTER_BOUND ( 'NONE', #1415, .T. ) ;
#1263 = ORIENTED_EDGE ( 'NONE', *, *, #670, .T. ) ;
#1264 = CARTESIAN_POINT ( 'NONE',  ( -25.00000000000005684, -30.76603339672067605, 173.0999999999999943 ) ) ;
#1265 = DIRECTION ( 'NONE',  ( 0.000000000000000000, 0.000000000000000000, -1.000000000000000000 ) ) ;
#1266 = EDGE_CURVE ( 'NONE', #4194, #2180, #4519, .T. ) ;
#1267 = CARTESIAN_POINT ( 'NONE',  ( -14.99999999999997868, 29.57396660327933802, 170.5000000000000000 ) ) ;
#1268 = ORIENTED_EDGE ( 'NONE', *, *, #3949, .T. ) ;
#1269 = EDGE_LOOP ( 'NONE', ( #3116, #1533, #4206, #1852 ) ) ;
#1270 = CARTESIAN_POINT ( 'NONE',  ( 44.00000000000000711, 29.57396660327935223, 29.50000000000000000 ) ) ;
#1271 = EDGE_CURVE ( 'NONE', #1810, #5067, #1692, .T. ) ;
#1272 = ORIENTED_EDGE ( 'NONE', *, *, #1439, .T. ) ;
#1273 = CARTESIAN_POINT ( 'NONE',  ( -13.75000000000062705, -45.00000000000000000, 170.2540842689818419 ) ) ;
#1274 = CARTESIAN_POINT ( 'NONE',  ( -34.99999999999999289, 29.57396660327933802, 167.9000000000000057 ) ) ;
#1275 = ORIENTED_EDGE ( 'NONE', *, *, #1266, .T. ) ;
#1276 = CARTESIAN_POINT ( 'NONE',  ( -34.99999999999999289, -30.76603339672065829, 29.50000000000002487 ) ) ;
#1277 = EDGE_CURVE ( 'NONE', #3568, #2487, #3089, .T. ) ;
#1278 = FACE_OUTER_BOUND ( 'NONE', #2861, .T. ) ;
#1279 = VECTOR ( 'NONE', #2742, 1000.000000000000000 ) ;
#1280 = PLANE ( 'NONE',  #1901 ) ;
#1281 = CIRCLE ( 'NONE', #4248, 2.600000000000019185 ) ;
#1282 = CARTESIAN_POINT ( 'NONE',  ( -5.200000000000018829, -45.00000000000000000, 103.0022213997860518 ) ) ;
#1283 = ADVANCED_FACE ( 'NONE', ( #4506 ), #4154, .F. ) ;
#1284 = DIRECTION ( 'NONE',  ( -1.000000000000000000, 0.000000000000000000, 0.000000000000000000 ) ) ;
#1285 = VECTOR ( 'NONE', #4133, 1000.000000000000000 ) ;
#1286 = CYLINDRICAL_SURFACE ( 'NONE', #891, 4.500000000000000000 ) ;
#1287 = ORIENTED_EDGE ( 'NONE', *, *, #3957, .T. ) ;
#1288 = AXIS2_PLACEMENT_3D ( 'NONE', #1925, #1554, #3210 ) ;
#1289 = DIRECTION ( 'NONE',  ( 9.912705577010326782E-17, 1.000000000000000000, -0.000000000000000000 ) ) ;
#1290 = ORIENTED_EDGE ( 'NONE', *, *, #854, .T. ) ;
#1291 = ADVANCED_FACE ( 'NONE', ( #4186 ), #3767, .F. ) ;
#1292 = CARTESIAN_POINT ( 'NONE',  ( 44.00000000000000711, -30.76603339672067605, 173.0999999999999943 ) ) ;
#1293 = DIRECTION ( 'NONE',  ( 9.912705577010326782E-17, 1.000000000000000000, -0.000000000000000000 ) ) ;
#1294 = CARTESIAN_POINT ( 'NONE',  ( 15.23581313989882879, 31.86197270761304523, 30.76206486146223185 ) ) ;
#1295 = AXIS2_PLACEMENT_3D ( 'NONE', #1098, #5215, #1893 ) ;
#1296 = VERTEX_POINT ( 'NONE', #1322 ) ;
#1297 = VERTEX_POINT ( 'NONE', #1346 ) ;
#1298 = EDGE_CURVE ( 'NONE', #1070, #3615, #3317, .T. ) ;
#1299 = VECTOR ( 'NONE', #4341, 1000.000000000000000 ) ;
#1301 = AXIS2_PLACEMENT_3D ( 'NONE', #5228, #5198, #3294 ) ;
#1300 = DIRECTION ( 'NONE',  ( 9.912705577010326782E-17, 1.000000000000000000, -0.000000000000000000 ) ) ;
#1302 = EDGE_LOOP ( 'NONE', ( #3922, #3697, #1405, #697 ) ) ;
#1303 = CARTESIAN_POINT ( 'NONE',  ( -13.80746851924201124, -45.00000000000000000, 168.4051563039226949 ) ) ;
#1304 = AXIS2_PLACEMENT_3D ( 'NONE', #4830, #3647, #363 ) ;
#1305 = AXIS2_PLACEMENT_3D ( 'NONE', #4389, #2859, #848 ) ;
#1306 = EDGE_CURVE ( 'NONE', #4550, #321, #2396, .T. ) ;
#1307 = CARTESIAN_POINT ( 'NONE',  ( -9.999999999999992895, -40.00000000000000000, 49.74591573101819364 ) ) ;
#1309 = ORIENTED_EDGE ( 'NONE', *, *, #4118, .F. ) ;
#1308 = AXIS2_PLACEMENT_3D ( 'NONE', #405, #1659, #427 ) ;
#1310 = AXIS2_PLACEMENT_3D ( 'NONE', #1834, #3818, #3437 ) ;
#1311 = CARTESIAN_POINT ( 'NONE',  ( -34.99999999999999289, 29.57396660327935223, 29.50000000000000000 ) ) ;
#1312 = VECTOR ( 'NONE', #1784, 1000.000000000000000 ) ;
#1313 = DIRECTION ( 'NONE',  ( 0.000000000000000000, -0.000000000000000000, 1.000000000000000000 ) ) ;
#1314 = CARTESIAN_POINT ( 'NONE',  ( -25.00000000000004974, -45.00000000000000000, 33.79999999999999716 ) ) ;
#1315 = DIRECTION ( 'NONE',  ( 0.000000000000000000, 0.000000000000000000, -1.000000000000000000 ) ) ;
#1316 = DIRECTION ( 'NONE',  ( 0.000000000000000000, 0.000000000000000000, 1.000000000000000000 ) ) ;
#1317 = EDGE_CURVE ( 'NONE', #2663, #967, #1747, .T. ) ;
#1318 = VERTEX_POINT ( 'NONE', #4928 ) ;
#1319 = LINE ( 'NONE', #923, #270 ) ;
#1320 = CARTESIAN_POINT ( 'NONE',  ( -35.00000000000000000, -45.00000000000000000, 0.000000000000000000 ) ) ;
#1321 = DIRECTION ( 'NONE',  ( 1.000000000000000000, 0.000000000000000000, -0.000000000000000000 ) ) ;
#1322 = CARTESIAN_POINT ( 'NONE',  ( 32.00000000000002842, 34.49999999999998579, 200.0000000000000000 ) ) ;
#1323 = EDGE_CURVE ( 'NONE', #2018, #1873, #2561, .T. ) ;
#1324 = EDGE_CURVE ( 'NONE', #4199, #4655, #2443, .T. ) ;
#1325 = ORIENTED_EDGE ( 'NONE', *, *, #4725, .T. ) ;
#1326 = EDGE_LOOP ( 'NONE', ( #5057, #1601 ) ) ;
#1327 = DIRECTION ( 'NONE',  ( 1.000000000000000000, -9.912705577010326782E-17, 0.000000000000000000 ) ) ;
#1328 = DIRECTION ( 'NONE',  ( 0.000000000000000000, 1.000000000000000000, 0.000000000000000000 ) ) ;
#1329 = EDGE_LOOP ( 'NONE', ( #3994, #1488 ) ) ;
#1330 = DIRECTION ( 'NONE',  ( -1.000000000000000000, -0.000000000000000000, -0.000000000000000000 ) ) ;
#1331 = FILL_AREA_STYLE_COLOUR ( '', #3891 ) ;
#1332 = EDGE_CURVE ( 'NONE', #4822, #1954, #3526, .T. ) ;
#1333 = VERTEX_POINT ( 'NONE', #640 ) ;
#1334 = CARTESIAN_POINT ( 'NONE',  ( -9.999999999999992895, -38.00000000000000000, 52.24591573101819364 ) ) ;
#1335 = EDGE_LOOP ( 'NONE', ( #2952, #4563, #3101, #1654 ) ) ;
#1336 = LINE ( 'NONE', #970, #3604 ) ;
#1337 = B_SPLINE_CURVE_WITH_KNOTS ( 'NONE', 3,
 ( #4660, #5040, #230, #3869, #3035, #1037, #1853, #4637, #4786, #1013, #2643, #4240, #1154, #617, #3083, #4273, #249, #4690, #1068, #742, #3986, #2342 ),
 .UNSPECIFIED., .F., .F.,
 ( 4, 2, 2, 2, 2, 2, 2, 2, 2, 2, 4 ),
 ( 3.469446951953614189E-18, 0.0007862285647349902522, 0.001572457129469977035, 0.002358685694204964035, 0.002751799976572499168, 0.003144914258940035168, 0.003538028541307571169, 0.003931142823675106736, 0.004717371388410262871, 0.005503599953145418139, 0.006289828517880582080 ),
 .UNSPECIFIED. ) ;
#1338 = LINE ( 'NONE', #869, #4163 ) ;
#1339 = LINE ( 'NONE', #3388, #3926 ) ;
#1340 = LINE ( 'NONE', #4947, #1223 ) ;
#1341 = ORIENTED_EDGE ( 'NONE', *, *, #315, .F. ) ;
#1342 = FACE_BOUND ( 'NONE', #4752, .T. ) ;
#1343 = CARTESIAN_POINT ( 'NONE',  ( -34.99999999999999289, 29.57396660327933802, 173.1000000000000227 ) ) ;
#1344 = EDGE_CURVE ( 'NONE', #48, #4511, #1902, .T. ) ;
#1345 = LINE ( 'NONE', #74, #3992 ) ;
#1346 = CARTESIAN_POINT ( 'NONE',  ( 25.00000000000005329, -25.57000000000000384, 33.79999999999999005 ) ) ;
#1347 = EDGE_LOOP ( 'NONE', ( #3667, #4898, #2844, #3249 ) ) ;
#1348 = ORIENTED_EDGE ( 'NONE', *, *, #1473, .F. ) ;
#1349 = CARTESIAN_POINT ( 'NONE',  ( 44.00000000000000711, -30.76603339672065829, 32.10000000000002274 ) ) ;
#1350 = CARTESIAN_POINT ( 'NONE',  ( -13.80746851924202545, -40.00000000000000000, 31.59484369607734777 ) ) ;
#1351 = EDGE_LOOP ( 'NONE', ( #4235, #1986, #3220, #4809 ) ) ;
#1352 = DIRECTION ( 'NONE',  ( 0.000000000000000000, -1.000000000000000000, -0.000000000000000000 ) ) ;
#1353 = ORIENTED_EDGE ( 'NONE', *, *, #3213, .F. ) ;
#1354 = ORIENTED_EDGE ( 'NONE', *, *, #1437, .T. ) ;
#1355 = DIRECTION ( 'NONE',  ( -1.000000000000000000, -0.000000000000000000, -0.000000000000000000 ) ) ;
#1356 = EDGE_CURVE ( 'NONE', #4353, #3038, #1102, .T. ) ;
#1357 = VERTEX_POINT ( 'NONE', #5136 ) ;
#1358 = DIRECTION ( 'NONE',  ( 0.000000000000000000, -0.000000000000000000, -1.000000000000000000 ) ) ;
#1359 = AXIS2_PLACEMENT_3D ( 'NONE', #3659, #2486, #377 ) ;
#1360 = VECTOR ( 'NONE', #1100, 1000.000000000000000 ) ;
#1361 = LINE ( 'NONE', #164, #1113 ) ;
#1362 = LINE ( 'NONE', #3756, #972 ) ;
#1363 = CARTESIAN_POINT ( 'NONE',  ( -35.00000000000000000, -30.76603339672067605, 167.8999999999999773 ) ) ;
#1364 = CIRCLE ( 'NONE', #2625, 2.600000000000019185 ) ;
#1365 = CIRCLE ( 'NONE', #4324, 2.600000000000019185 ) ;
#1366 = VERTEX_POINT ( 'NONE', #1824 ) ;
#1367 = EDGE_CURVE ( 'NONE', #831, #771, #222, .T. ) ;
#1368 = PLANE ( 'NONE',  #4576 ) ;
#1369 = CARTESIAN_POINT ( 'NONE',  ( -34.99999999999999289, 29.57396660327935223, 29.50000000000000000 ) ) ;
#1370 = CARTESIAN_POINT ( 'NONE',  ( -2.541172249825931671E-14, -45.00000000000000000, 106.0044427995721321 ) ) ;
#1371 = CARTESIAN_POINT ( 'NONE',  ( 15.33099690742692189, 32.09380564468921193, 30.15380517984964470 ) ) ;
#1372 = VERTEX_POINT ( 'NONE', #1082 ) ;
#1373 = AXIS2_PLACEMENT_3D ( 'NONE', #2009, #4334, #3959 ) ;
#1374 = EDGE_CURVE ( 'NONE', #5216, #1079, #2610, .T. ) ;
#1375 = ORIENTED_EDGE ( 'NONE', *, *, #2659, .T. ) ;
#1376 = CARTESIAN_POINT ( 'NONE',  ( -1.232149303222383638E-15, 24.56999999999999673, 0.000000000000000000 ) ) ;
#1377 = DIRECTION ( 'NONE',  ( 9.912705577010326782E-17, 1.000000000000000000, -0.000000000000000000 ) ) ;
#1378 = VERTEX_POINT ( 'NONE', #1449 ) ;
#1379 = VECTOR ( 'NONE', #706, 1000.000000000000000 ) ;
#1380 = LINE ( 'NONE', #4616, #5189 ) ;
#1381 = EDGE_LOOP ( 'NONE', ( #4652, #4140 ) ) ;
#1382 = EDGE_CURVE ( 'NONE', #378, #274, #3420, .T. ) ;
#1383 = VECTOR ( 'NONE', #1377, 1000.000000000000000 ) ;
#1384 = AXIS2_PLACEMENT_3D ( 'NONE', #880, #96, #4979 ) ;
#1385 = EDGE_LOOP ( 'NONE', ( #5160, #4282, #2667, #2274 ) ) ;
#1386 = CARTESIAN_POINT ( 'NONE',  ( -30.00000000000006040, -45.00000000000000000, 166.2000000000000171 ) ) ;
#1387 = ORIENTED_EDGE ( 'NONE', *, *, #3341, .F. ) ;
#1388 = DIRECTION ( 'NONE',  ( -1.000000000000000000, -0.000000000000000000, -0.000000000000000000 ) ) ;
#1389 = VECTOR ( 'NONE', #2389, 1000.000000000000000 ) ;
#1390 = CIRCLE ( 'NONE', #4349, 8.000000000000000000 ) ;
#1391 = EDGE_CURVE ( 'NONE', #5131, #3532, #2649, .T. ) ;
#1392 = VECTOR ( 'NONE', #1097, 1000.000000000000000 ) ;
#1393 = CIRCLE ( 'NONE', #1973, 3.087849374226485200 ) ;
#1394 = PLANE ( 'NONE',  #3898 ) ;
#1395 = CARTESIAN_POINT ( 'NONE',  ( -25.00000000000004974, 24.56999999999999673, 174.8000000000000114 ) ) ;
#1396 = SURFACE_SIDE_STYLE ('',( #260 ) ) ;
#1397 = CIRCLE ( 'NONE', #1820, 5.000000000000004441 ) ;
#1398 = ADVANCED_FACE ( 'NONE', ( #1480, #664 ), #610, .F. ) ;
#1399 = VERTEX_POINT ( 'NONE', #4232 ) ;
#1400 = LINE ( 'NONE', #4976, #1867 ) ;
#1401 = CARTESIAN_POINT ( 'NONE',  ( 15.00000000000000355, 29.57396660327935223, 29.50000000000000000 ) ) ;
#1402 = DIRECTION ( 'NONE',  ( 0.000000000000000000, 0.000000000000000000, -1.000000000000000000 ) ) ;
#1403 = DIRECTION ( 'NONE',  ( 9.912705577010328015E-17, 1.000000000000000000, -0.000000000000000000 ) ) ;
#1404 = EDGE_CURVE ( 'NONE', #2254, #4053, #2269, .T. ) ;
#1405 = ORIENTED_EDGE ( 'NONE', *, *, #1515, .F. ) ;
#1406 = ORIENTED_EDGE ( 'NONE', *, *, #548, .T. ) ;
#1407 = DIRECTION ( 'NONE',  ( -1.166360781536057966E-16, 0.000000000000000000, -1.000000000000000000 ) ) ;
#1408 = FILL_AREA_STYLE_COLOUR ( '', #2915 ) ;
#1409 = VERTEX_POINT ( 'NONE', #5077 ) ;
#1410 = ADVANCED_FACE ( 'NONE', ( #3105 ), #2685, .T. ) ;
#1411 = LINE ( 'NONE', #2448, #882 ) ;
#1412 = ORIENTED_EDGE ( 'NONE', *, *, #2755, .T. ) ;
#1413 = ORIENTED_EDGE ( 'NONE', *, *, #402, .T. ) ;
#1414 = DIRECTION ( 'NONE',  ( 0.000000000000000000, -1.000000000000000000, -0.000000000000000000 ) ) ;
#1415 = EDGE_LOOP ( 'NONE', ( #2345, #2979, #833, #4446 ) ) ;
#1416 = EDGE_CURVE ( 'NONE', #671, #1125, #5055, .T. ) ;
#1417 = CARTESIAN_POINT ( 'NONE',  ( 25.00000000000006040, 33.24999999999999289, 33.79999999999999005 ) ) ;
#1418 = PLANE ( 'NONE',  #1537 ) ;
#1419 = CARTESIAN_POINT ( 'NONE',  ( -24.40000000000001279, 9.999999999999996447, 15.00000000000001421 ) ) ;
#1420 =( LENGTH_UNIT ( ) NAMED_UNIT ( * ) SI_UNIT ( .MILLI., .METRE. ) );
#1421 = EDGE_CURVE ( 'NONE', #4923, #4590, #2666, .T. ) ;
#1422 = ORIENTED_EDGE ( 'NONE', *, *, #5015, .F. ) ;
#1423 = DIRECTION ( 'NONE',  ( 1.000000000000000000, 0.000000000000000000, 0.000000000000000000 ) ) ;
#1424 = CARTESIAN_POINT ( 'NONE',  ( -44.00000000000000000, 29.57396660327933802, 170.5000000000000000 ) ) ;
#1425 = EDGE_CURVE ( 'NONE', #4080, #2754, #4094, .T. ) ;
#1426 = DIRECTION ( 'NONE',  ( 1.000000000000000000, -0.000000000000000000, -0.000000000000000000 ) ) ;
#1427 = ORIENTED_EDGE ( 'NONE', *, *, #652, .T. ) ;
#1428 = EDGE_LOOP ( 'NONE', ( #2194, #1586, #4766, #2438 ) ) ;
#1429 = EDGE_CURVE ( 'NONE', #1699, #4454, #2635, .T. ) ;
#1430 = CARTESIAN_POINT ( 'NONE',  ( -9.999999999999980460, -38.00000000000000000, 150.2540842689818135 ) ) ;
#1431 = DIRECTION ( 'NONE',  ( 1.000000000000000000, -0.000000000000000000, -0.000000000000000000 ) ) ;
#1432 = ORIENTED_EDGE ( 'NONE', *, *, #814, .T. ) ;
#1433 = LINE ( 'NONE', #990, #1729 ) ;
#1434 = DIRECTION ( 'NONE',  ( 0.000000000000000000, -1.000000000000000000, 0.000000000000000000 ) ) ;
#1435 = ORIENTED_EDGE ( 'NONE', *, *, #567, .F. ) ;
#1436 = VERTEX_POINT ( 'NONE', #2295 ) ;
#1437 = EDGE_CURVE ( 'NONE', #1296, #1378, #4262, .T. ) ;
#1438 = EDGE_LOOP ( 'NONE', ( #3291, #4640, #4795, #4800 ) ) ;
#1439 = EDGE_CURVE ( 'NONE', #115, #3381, #1808, .T. ) ;
#1440 = CARTESIAN_POINT ( 'NONE',  ( 44.00000000000000711, -30.76603339672065829, 29.50000000000002487 ) ) ;
#1441 = CARTESIAN_POINT ( 'NONE',  ( -27.00000000000001066, 11.99999999999999645, 15.00000000000001421 ) ) ;
#1442 = DIRECTION ( 'NONE',  ( -1.000000000000000000, 9.912705577010326782E-17, 0.000000000000000000 ) ) ;
#1443 = ORIENTED_EDGE ( 'NONE', *, *, #3481, .F. ) ;
#1444 = EDGE_CURVE ( 'NONE', #2694, #1165, #4764, .T. ) ;
#1445 = DIRECTION ( 'NONE',  ( 0.000000000000000000, -1.000000000000000000, -0.000000000000000000 ) ) ;
#1446 = AXIS2_PLACEMENT_3D ( 'NONE', #2222, #1010, #957 ) ;
#1447 = LINE ( 'NONE', #2268, #3823 ) ;
#1448 = VECTOR ( 'NONE', #3571, 1000.000000000000000 ) ;
#1449 = CARTESIAN_POINT ( 'NONE',  ( 35.00000000000002842, 34.49999999999998579, 200.0000000000000000 ) ) ;
#1450 = ORIENTED_EDGE ( 'NONE', *, *, #1640, .T. ) ;
#1451 = ADVANCED_FACE ( 'NONE', ( #2368, #744 ), #1209, .T. ) ;
#1452 = ADVANCED_FACE ( 'NONE', ( #2344 ), #2032, .F. ) ;
#1453 = AXIS2_PLACEMENT_3D ( 'NONE', #1624, #4137, #1120 ) ;
#1454 = ORIENTED_EDGE ( 'NONE', *, *, #2440, .T. ) ;
#1455 = CARTESIAN_POINT ( 'NONE',  ( 30.00000000000006395, 24.56999999999999673, 25.19999999999999218 ) ) ;
#1456 =( LENGTH_UNIT ( ) NAMED_UNIT ( * ) SI_UNIT ( .MILLI., .METRE. ) );
#1457 = ORIENTED_EDGE ( 'NONE', *, *, #107, .F. ) ;
#1458 = DIRECTION ( 'NONE',  ( -1.000000000000000000, 0.000000000000000000, -0.000000000000000000 ) ) ;
#1459 = LINE ( 'NONE', #1069, #1889 ) ;
#1460 = AXIS2_PLACEMENT_3D ( 'NONE', #2532, #1265, #170 ) ;
#1461 = ORIENTED_EDGE ( 'NONE', *, *, #2682, .F. ) ;
#1462 = VERTEX_POINT ( 'NONE', #3211 ) ;
#1464 =( GEOMETRIC_REPRESENTATION_CONTEXT ( 3 ) GLOBAL_UNCERTAINTY_ASSIGNED_CONTEXT ( ( #4718 ) ) GLOBAL_UNIT_ASSIGNED_CONTEXT ( ( #1420, #679, #3045 ) ) REPRESENTATION_CONTEXT ( 'NONE', 'WORKASPACE' ) );
#1463 = DIRECTION ( 'NONE',  ( -0.000000000000000000, -0.000000000000000000, 1.000000000000000000 ) ) ;
#1465 = ORIENTED_EDGE ( 'NONE', *, *, #2232, .F. ) ;
#1466 = DIRECTION ( 'NONE',  ( 1.000000000000000000, -0.000000000000000000, 3.611333170041236593E-15 ) ) ;
#1467 = CIRCLE ( 'NONE', #629, 2.599999999999998312 ) ;
#1468 = FACE_OUTER_BOUND ( 'NONE', #4781, .T. ) ;
#1469 = VECTOR ( 'NONE', #4984, 1000.000000000000000 ) ;
#1470 = AXIS2_PLACEMENT_3D ( 'NONE', #243, #1846, #685 ) ;
#1471 = DIRECTION ( 'NONE',  ( -1.000000000000000000, 3.469446951953613696E-16, -0.000000000000000000 ) ) ;
#1472 = LINE ( 'NONE', #4205, #4089 ) ;
#1473 = EDGE_CURVE ( 'NONE', #3761, #4929, #4859, .T. ) ;
#1474 = CIRCLE ( 'NONE', #2734, 5.000000000000004441 ) ;
#1475 = ORIENTED_EDGE ( 'NONE', *, *, #4644, .F. ) ;
#1476 = CIRCLE ( 'NONE', #59, 5.000000000000004441 ) ;
#1477 = CARTESIAN_POINT ( 'NONE',  ( 25.00000000000004974, -30.76603339672065829, 32.10000000000002274 ) ) ;
#1478 = CARTESIAN_POINT ( 'NONE',  ( 44.00000000000000711, 29.57396660327935223, 32.09999999999999432 ) ) ;
#1479 = AXIS2_PLACEMENT_3D ( 'NONE', #5023, #184, #4127 ) ;
#1480 = FACE_OUTER_BOUND ( 'NONE', #1558, .T. ) ;
#1481 = ORIENTED_EDGE ( 'NONE', *, *, #4423, .F. ) ;
#1482 = ORIENTED_EDGE ( 'NONE', *, *, #4608, .T. ) ;
#1483 = LINE ( 'NONE', #1455, #5171 ) ;
#1484 =( NAMED_UNIT ( * ) SI_UNIT ( $, .STERADIAN. ) SOLID_ANGLE_UNIT ( ) );
#1485 = ORIENTED_EDGE ( 'NONE', *, *, #3991, .F. ) ;
#1486 = CARTESIAN_POINT ( 'NONE',  ( 30.00000000000006395, 33.24999999999998579, 33.79999999999999005 ) ) ;
#1487 = ADVANCED_FACE ( 'NONE', ( #4813 ), #5221, .F. ) ;
#1488 = ORIENTED_EDGE ( 'NONE', *, *, #4891, .F. ) ;
#1489 = VERTEX_POINT ( 'NONE', #3605 ) ;
#1490 = FACE_OUTER_BOUND ( 'NONE', #588, .T. ) ;
#1491 = ORIENTED_EDGE ( 'NONE', *, *, #121, .T. ) ;
#1492 = DIRECTION ( 'NONE',  ( 0.000000000000000000, 0.000000000000000000, 1.000000000000000000 ) ) ;
#1493 = CARTESIAN_POINT ( 'NONE',  ( 35.00000000000002842, 34.49999999999998579, 171.3568517808773777 ) ) ;
#1494 = FACE_OUTER_BOUND ( 'NONE', #4659, .T. ) ;
#1495 = CARTESIAN_POINT ( 'NONE',  ( -30.00000000000005684, -25.57000000000000384, 25.19999999999999929 ) ) ;
#1496 = ORIENTED_EDGE ( 'NONE', *, *, #4463, .F. ) ;
#1497 = ORIENTED_EDGE ( 'NONE', *, *, #65, .T. ) ;
#1498 = CARTESIAN_POINT ( 'NONE',  ( 35.00000000000000000, -30.76603339672067605, 165.4999999999999716 ) ) ;
#1499 = EDGE_CURVE ( 'NONE', #3037, #1810, #3989, .T. ) ;
#1500 = CYLINDRICAL_SURFACE ( 'NONE', #366, 2.600000000000019185 ) ;
#1501 = DIRECTION ( 'NONE',  ( 9.912705577010328015E-17, 1.000000000000000000, -0.000000000000000000 ) ) ;
#1502 = ORIENTED_EDGE ( 'NONE', *, *, #821, .T. ) ;
#1503 = ORIENTED_EDGE ( 'NONE', *, *, #2755, .F. ) ;
#1504 = DIRECTION ( 'NONE',  ( 0.000000000000000000, 0.000000000000000000, -1.000000000000000000 ) ) ;
#1505 = CARTESIAN_POINT ( 'NONE',  ( -14.49702689261668986, -45.00000000000000000, 34.64066149181522292 ) ) ;
#1506 = ORIENTED_EDGE ( 'NONE', *, *, #2555, .T. ) ;
#1507 = DIRECTION ( 'NONE',  ( 0.000000000000000000, 0.000000000000000000, 1.000000000000000000 ) ) ;
#1508 = ORIENTED_EDGE ( 'NONE', *, *, #1089, .T. ) ;
#1509 = ADVANCED_FACE ( 'NONE', ( #4788 ), #1926, .F. ) ;
#1510 = ORIENTED_EDGE ( 'NONE', *, *, #4008, .F. ) ;
#1511 = CARTESIAN_POINT ( 'NONE',  ( -6.192531480757964779, -45.00000000000000000, 31.59484369607733356 ) ) ;
#1512 = VERTEX_POINT ( 'NONE', #826 ) ;
#1513 = DIRECTION ( 'NONE',  ( 1.000000000000000000, 0.000000000000000000, 0.000000000000000000 ) ) ;
#1514 = ADVANCED_FACE ( 'NONE', ( #4756 ), #3549, .T. ) ;
#1515 = EDGE_CURVE ( 'NONE', #927, #1297, #1950, .T. ) ;
#1516 = DIRECTION ( 'NONE',  ( 1.000000000000000000, 0.000000000000000000, 0.000000000000000000 ) ) ;
#1517 = CARTESIAN_POINT ( 'NONE',  ( 30.00000000000006395, 24.56999999999999673, 25.19999999999999218 ) ) ;
#1518 = FACE_OUTER_BOUND ( 'NONE', #2060, .T. ) ;
#1519 = FACE_OUTER_BOUND ( 'NONE', #3639, .T. ) ;
#1520 = EDGE_LOOP ( 'NONE', ( #1272, #4362 ) ) ;
#1521 = ADVANCED_FACE ( 'NONE', ( #37 ), #2428, .F. ) ;
#1522 = DIRECTION ( 'NONE',  ( 0.000000000000000000, 0.000000000000000000, -1.000000000000000000 ) ) ;
#1523 = DIRECTION ( 'NONE',  ( -0.000000000000000000, -0.000000000000000000, 1.000000000000000000 ) ) ;
#1524 = CARTESIAN_POINT ( 'NONE',  ( -44.00000000000000000, -30.76603339672065829, 32.10000000000002274 ) ) ;
#1525 = VECTOR ( 'NONE', #783, 1000.000000000000000 ) ;
#1526 = PRODUCT_RELATED_PRODUCT_CATEGORY ( 'part', '', ( #2699 ) ) ;
#1527 = ADVANCED_FACE ( 'NONE', ( #4024 ), #2011, .F. ) ;
#1528 = ORIENTED_EDGE ( 'NONE', *, *, #432, .T. ) ;
#1529 = VERTEX_POINT ( 'NONE', #1524 ) ;
#1530 = DIRECTION ( 'NONE',  ( 0.000000000000000000, 0.000000000000000000, -1.000000000000000000 ) ) ;
#1531 = DIRECTION ( 'NONE',  ( 1.000000000000000000, -3.469446951953613696E-16, 0.000000000000000000 ) ) ;
#1532 = CIRCLE ( 'NONE', #4499, 2.599999999999998312 ) ;
#1533 = ORIENTED_EDGE ( 'NONE', *, *, #4927, .F. ) ;
#1534 = DIRECTION ( 'NONE',  ( 0.000000000000000000, 0.000000000000000000, -1.000000000000000000 ) ) ;
#1535 = EDGE_CURVE ( 'NONE', #414, #2340, #3152, .T. ) ;
#1536 = ORIENTED_EDGE ( 'NONE', *, *, #693, .F. ) ;
#1537 = AXIS2_PLACEMENT_3D ( 'NONE', #4225, #2208, #5098 ) ;
#1538 = VERTEX_POINT ( 'NONE', #4451 ) ;
#1539 = PLANE ( 'NONE',  #2495 ) ;
#1540 = VERTEX_POINT ( 'NONE', #3265 ) ;
#1541 = DIRECTION ( 'NONE',  ( -1.000000000000000000, -0.000000000000000000, -0.000000000000000000 ) ) ;
#1542 = STYLED_ITEM ( 'NONE', ( #3757 ), #531 ) ;
#1543 = LINE ( 'NONE', #3201, #4768 ) ;
#1544 = CARTESIAN_POINT ( 'NONE',  ( -13.75000000000062350, -45.00000000000000000, 170.2540842689818135 ) ) ;
#1545 = FACE_OUTER_BOUND ( 'NONE', #1163, .T. ) ;
#1546 = CARTESIAN_POINT ( 'NONE',  ( 35.00000000000002842, 34.49999999999998579, 169.6431482191226507 ) ) ;
#1547 = CYLINDRICAL_SURFACE ( 'NONE', #2822, 2.599999999999998312 ) ;
#1548 = AXIS2_PLACEMENT_3D ( 'NONE', #2096, #155, #537 ) ;
#1549 = CIRCLE ( 'NONE', #292, 2.600000000000001421 ) ;
#1550 = VERTEX_POINT ( 'NONE', #4870 ) ;
#1551 = CIRCLE ( 'NONE', #5195, 2.599999999999998312 ) ;
#1552 = AXIS2_PLACEMENT_3D ( 'NONE', #1612, #413, #3966 ) ;
#1553 = CARTESIAN_POINT ( 'NONE',  ( 15.00000000000002487, 30.49999999999999645, 200.0000000000000000 ) ) ;
#1554 = DIRECTION ( 'NONE',  ( -1.000000000000000000, -0.000000000000000000, -0.000000000000000000 ) ) ;
#1555 = DIRECTION ( 'NONE',  ( 9.912705577010328015E-17, 1.000000000000000000, -0.000000000000000000 ) ) ;
#1556 = CIRCLE ( 'NONE', #5109, 5.000000000000000888 ) ;
#1557 = CIRCLE ( 'NONE', #2154, 2.599999999999998312 ) ;
#1558 = EDGE_LOOP ( 'NONE', ( #4114, #1167, #4296, #4814 ) ) ;
#1559 = CARTESIAN_POINT ( 'NONE',  ( 30.00000000000006395, 24.56999999999999673, 174.8000000000000114 ) ) ;
#1560 = ORIENTED_EDGE ( 'NONE', *, *, #4220, .T. ) ;
#1561 = AXIS2_PLACEMENT_3D ( 'NONE', #3684, #4100, #4893 ) ;
#1562 = CARTESIAN_POINT ( 'NONE',  ( -9.999999999999992895, -38.00000000000000000, 49.74591573101819364 ) ) ;
#1564 = AXIS2_PLACEMENT_3D ( 'NONE', #3560, #5169, #3641 ) ;
#1563 = CARTESIAN_POINT ( 'NONE',  ( -9.999999999999992895, -40.00000000000000000, 49.74591573101819364 ) ) ;
#1565 = ORIENTED_EDGE ( 'NONE', *, *, #2771, .T. ) ;
#1566 = LINE ( 'NONE', #1162, #551 ) ;
#1567 = VERTEX_POINT ( 'NONE', #1238 ) ;
#1568 = ORIENTED_EDGE ( 'NONE', *, *, #1245, .T. ) ;
#1569 = DIRECTION ( 'NONE',  ( 0.000000000000000000, 0.000000000000000000, 1.000000000000000000 ) ) ;
#1570 = EDGE_CURVE ( 'NONE', #4454, #2012, #2491, .T. ) ;
#1571 = ORIENTED_EDGE ( 'NONE', *, *, #2200, .T. ) ;
#1572 = CARTESIAN_POINT ( 'NONE',  ( 44.00000000000000711, 29.57396660327935223, 26.89999999999999858 ) ) ;
#1573 = LINE ( 'NONE', #4439, #1647 ) ;
#1574 = DIRECTION ( 'NONE',  ( 1.166360781536058212E-16, 0.000000000000000000, 1.000000000000000000 ) ) ;
#1575 = CARTESIAN_POINT ( 'NONE',  ( -30.00000000000005329, 37.00000000000000711, 33.79999999999999716 ) ) ;
#1576 = DIRECTION ( 'NONE',  ( -0.000000000000000000, -0.000000000000000000, -1.000000000000000000 ) ) ;
#1577 = CARTESIAN_POINT ( 'NONE',  ( -6.249999999999332090, -40.00000000000000000, 170.2540842689818419 ) ) ;
#1578 = EDGE_LOOP ( 'NONE', ( #5064, #3506, #4798, #4719 ) ) ;
#1579 = PLANE ( 'NONE',  #4414 ) ;
#1580 = EDGE_CURVE ( 'NONE', #1946, #1550, #1130, .T. ) ;
#1581 = FACE_OUTER_BOUND ( 'NONE', #1016, .T. ) ;
#1582 = FACE_OUTER_BOUND ( 'NONE', #3650, .T. ) ;
#1583 = CARTESIAN_POINT ( 'NONE',  ( 16.09526249034443879, 33.24999999999999289, -1.954458078580659925E-15 ) ) ;
#1584 = VERTEX_POINT ( 'NONE', #1156 ) ;
#1585 = CYLINDRICAL_SURFACE ( 'NONE', #2369, 2.599999999999998312 ) ;
#1586 = ORIENTED_EDGE ( 'NONE', *, *, #1140, .T. ) ;
#1587 = LINE ( 'NONE', #2837, #3259 ) ;
#1588 = VERTEX_POINT ( 'NONE', #1981 ) ;
#1589 = CARTESIAN_POINT ( 'NONE',  ( -30.00000000000004974, 37.00000000000000000, 25.19999999999999929 ) ) ;
#1590 = ORIENTED_EDGE ( 'NONE', *, *, #5033, .F. ) ;
#1591 = ORIENTED_EDGE ( 'NONE', *, *, #2606, .T. ) ;
#1592 = CARTESIAN_POINT ( 'NONE',  ( -44.00000000000000000, 29.57396660327933802, 165.5000000000000284 ) ) ;
#1593 = ORIENTED_EDGE ( 'NONE', *, *, #2678, .T. ) ;
#1594 = LINE ( 'NONE', #1572, #24 ) ;
#1595 = EDGE_CURVE ( 'NONE', #1875, #279, #3731, .T. ) ;
#1596 = DIRECTION ( 'NONE',  ( 1.000000000000000000, 0.000000000000000000, 0.000000000000000000 ) ) ;
#1597 = DIRECTION ( 'NONE',  ( 9.912705577010328015E-17, 1.000000000000000000, -0.000000000000000000 ) ) ;
#1598 = DIRECTION ( 'NONE',  ( 0.000000000000000000, 0.000000000000000000, -1.000000000000000000 ) ) ;
#1599 = CARTESIAN_POINT ( 'NONE',  ( 15.00000000000001954, 29.57396660327933802, 173.1000000000000227 ) ) ;
#1600 = CARTESIAN_POINT ( 'NONE',  ( 2.500000000000021760, -45.00000000000000000, 150.2540842689818135 ) ) ;
#1601 = ORIENTED_EDGE ( 'NONE', *, *, #401, .T. ) ;
#1602 = DIRECTION ( 'NONE',  ( 4.034240641806529869E-16, -0.000000000000000000, 1.000000000000000000 ) ) ;
#1603 = FACE_OUTER_BOUND ( 'NONE', #4265, .T. ) ;
#1604 = DIRECTION ( 'NONE',  ( -1.000000000000000000, -0.000000000000000000, -0.000000000000000000 ) ) ;
#1605 = DIRECTION ( 'NONE',  ( 1.214306433183764966E-16, 6.018531076210112041E-33, 1.000000000000000000 ) ) ;
#1606 = ORIENTED_EDGE ( 'NONE', *, *, #402, .F. ) ;
#1607 = CARTESIAN_POINT ( 'NONE',  ( -27.00000000000001066, 9.999999999999996447, 15.00000000000001421 ) ) ;
#1608 = ORIENTED_EDGE ( 'NONE', *, *, #4644, .T. ) ;
#1609 = CARTESIAN_POINT ( 'NONE',  ( -25.00000000000004974, 24.56999999999999673, 25.19999999999999929 ) ) ;
#1610 = ORIENTED_EDGE ( 'NONE', *, *, #4315, .T. ) ;
#1611 = VECTOR ( 'NONE', #2385, 1000.000000000000000 ) ;
#1612 = CARTESIAN_POINT ( 'NONE',  ( -25.00000000000005684, 29.57396660327933802, 170.5000000000000000 ) ) ;
#1613 = EDGE_CURVE ( 'NONE', #1189, #4923, #3276, .T. ) ;
#1614 = ADVANCED_FACE ( 'NONE', ( #2086 ), #3309, .F. ) ;
#1615 = EDGE_LOOP ( 'NONE', ( #2504, #4619, #5044, #3092 ) ) ;
#1616 = VECTOR ( 'NONE', #8, 1000.000000000000000 ) ;
#1617 = EDGE_LOOP ( 'NONE', ( #1860, #1648, #3585, #4566 ) ) ;
#1618 = DIRECTION ( 'NONE',  ( 0.000000000000000000, -1.000000000000000000, 0.000000000000000000 ) ) ;
#1619 = VERTEX_POINT ( 'NONE', #2162 ) ;
#1620 = CIRCLE ( 'NONE', #1701, 2.600000000000019185 ) ;
#1621 = CARTESIAN_POINT ( 'NONE',  ( 30.00000000000005329, -30.76603339672065829, 29.50000000000002487 ) ) ;
#1623 = AXIS2_PLACEMENT_3D ( 'NONE', #1081, #3494, #1402 ) ;
#1622 = DIRECTION ( 'NONE',  ( 9.912705577010326782E-17, 1.000000000000000000, -0.000000000000000000 ) ) ;
#1624 = CARTESIAN_POINT ( 'NONE',  ( -34.99999999999999289, -30.76603339672067605, 170.4999999999999716 ) ) ;
#1625 = LINE ( 'NONE', #3256, #716 ) ;
#1626 = CARTESIAN_POINT ( 'NONE',  ( -9.999999999999992895, -38.00000000000000000, 47.24591573101818653 ) ) ;
#1627 = CARTESIAN_POINT ( 'NONE',  ( 25.00000000000005329, -45.00000000000000000, 25.19999999999999218 ) ) ;
#1628 = EDGE_CURVE ( 'NONE', #80, #4713, #3711, .T. ) ;
#1629 = VECTOR ( 'NONE', #4672, 1000.000000000000000 ) ;
#1630 = DIRECTION ( 'NONE',  ( 1.000000000000000000, 0.000000000000000000, -0.000000000000000000 ) ) ;
#1631 = CARTESIAN_POINT ( 'NONE',  ( 44.00000000000000711, 29.57396660327933802, 167.9000000000000057 ) ) ;
#1632 = FACE_BOUND ( 'NONE', #3215, .T. ) ;
#1633 = CARTESIAN_POINT ( 'NONE',  ( -14.99999999999997335, 26.00000000000000000, 200.0000000000000000 ) ) ;
#1634 = AXIS2_PLACEMENT_3D ( 'NONE', #4269, #5038, #3531 ) ;
#1635 = ORIENTED_EDGE ( 'NONE', *, *, #4017, .T. ) ;
#1636 = VECTOR ( 'NONE', #1202, 1000.000000000000000 ) ;
#1637 = DIRECTION ( 'NONE',  ( -1.000000000000000000, -0.000000000000000000, -0.000000000000000000 ) ) ;
#1638 = ORIENTED_EDGE ( 'NONE', *, *, #3952, .T. ) ;
#1639 = FACE_OUTER_BOUND ( 'NONE', #123, .T. ) ;
#1640 = EDGE_CURVE ( 'NONE', #3967, #316, #1340, .T. ) ;
#1641 = LINE ( 'NONE', #4762, #3577 ) ;
#1642 = AXIS2_PLACEMENT_3D ( 'NONE', #461, #1666, #4954 ) ;
#1643 = AXIS2_PLACEMENT_3D ( 'NONE', #4819, #4796, #4878 ) ;
#1644 = CARTESIAN_POINT ( 'NONE',  ( -27.00000000000001066, 11.99999999999999645, 15.00000000000001421 ) ) ;
#1645 = ORIENTED_EDGE ( 'NONE', *, *, #4411, .F. ) ;
#1646 = VECTOR ( 'NONE', #2105, 1000.000000000000000 ) ;
#1647 = VECTOR ( 'NONE', #4381, 1000.000000000000000 ) ;
#1648 = ORIENTED_EDGE ( 'NONE', *, *, #3160, .T. ) ;
#1649 = FACE_BOUND ( 'NONE', #2381, .T. ) ;
#1650 = ADVANCED_FACE ( 'NONE', ( #2058 ), #2884, .F. ) ;
#1651 = VERTEX_POINT ( 'NONE', #4919 ) ;
#1652 = LINE ( 'NONE', #3280, #1951 ) ;
#1653 = AXIS2_PLACEMENT_3D ( 'NONE', #3284, #1201, #2819 ) ;
#1654 = ORIENTED_EDGE ( 'NONE', *, *, #962, .F. ) ;
#1655 = DIRECTION ( 'NONE',  ( 0.000000000000000000, 0.000000000000000000, -1.000000000000000000 ) ) ;
#1656 = DIRECTION ( 'NONE',  ( 0.000000000000000000, 0.000000000000000000, 1.000000000000000000 ) ) ;
#1657 = FACE_OUTER_BOUND ( 'NONE', #2175, .T. ) ;
#1658 = CARTESIAN_POINT ( 'NONE',  ( -34.99999999999999289, -30.76603339672067605, 175.5000000000000000 ) ) ;
#1659 = DIRECTION ( 'NONE',  ( 1.000000000000000000, -9.912705577010326782E-17, 4.034240641806530362E-16 ) ) ;
#1660 = FILL_AREA_STYLE_COLOUR ( '', #3077 ) ;
#1661 = DIRECTION ( 'NONE',  ( -1.000000000000000000, 0.000000000000000000, -0.000000000000000000 ) ) ;
#1662 = VERTEX_POINT ( 'NONE', #1710 ) ;
#1663 = ADVANCED_FACE ( 'NONE', ( #4570 ), #3336, .F. ) ;
#1664 = CARTESIAN_POINT ( 'NONE',  ( 15.00000000000000355, 30.49999999999999645, 31.92949833261067027 ) ) ;
#1665 = ORIENTED_EDGE ( 'NONE', *, *, #799, .T. ) ;
#1666 = DIRECTION ( 'NONE',  ( -1.000000000000000000, -0.000000000000000000, -0.000000000000000000 ) ) ;
#1667 = LINE ( 'NONE', #462, #36 ) ;
#1668 = CYLINDRICAL_SURFACE ( 'NONE', #1643, 2.599999999999998312 ) ;
#1669 = ORIENTED_EDGE ( 'NONE', *, *, #1953, .T. ) ;
#1670 = ADVANCED_FACE ( 'NONE', ( #4498 ), #1286, .F. ) ;
#1671 = ORIENTED_EDGE ( 'NONE', *, *, #3672, .F. ) ;
#1672 = DIRECTION ( 'NONE',  ( 0.000000000000000000, -1.000000000000000000, -0.000000000000000000 ) ) ;
#1673 = ORIENTED_EDGE ( 'NONE', *, *, #2233, .T. ) ;
#1674 = CARTESIAN_POINT ( 'NONE',  ( -19.51914607550586922, -45.00000000000000000, 159.3689769487588137 ) ) ;
#1675 =( NAMED_UNIT ( * ) PLANE_ANGLE_UNIT ( ) SI_UNIT ( $, .RADIAN. ) );
#1676 = EDGE_CURVE ( 'NONE', #2455, #1799, #900, .T. ) ;
#1677 = ORIENTED_EDGE ( 'NONE', *, *, #1910, .F. ) ;
#1678 = CYLINDRICAL_SURFACE ( 'NONE', #1718, 5.000000000000004441 ) ;
#1679 = CARTESIAN_POINT ( 'NONE',  ( -30.00000000000004974, 37.00000000000000000, 166.2000000000000171 ) ) ;
#1680 = DIRECTION ( 'NONE',  ( 1.000000000000000000, -9.912705577010326782E-17, -0.000000000000000000 ) ) ;
#1681 = EDGE_CURVE ( 'NONE', #3381, #115, #55, .T. ) ;
#1682 = LINE ( 'NONE', #4546, #612 ) ;
#1683 = CARTESIAN_POINT ( 'NONE',  ( -35.00000000000000000, 29.57396660327935223, 26.89999999999999858 ) ) ;
#1684 = SURFACE_SIDE_STYLE ('',( #2131 ) ) ;
#1685 = CARTESIAN_POINT ( 'NONE',  ( -19.51914607550586922, -45.00000000000000000, 159.3689769487588137 ) ) ;
#1686 = EDGE_CURVE ( 'NONE', #1125, #4698, #503, .T. ) ;
#1687 = ORIENTED_EDGE ( 'NONE', *, *, #3570, .T. ) ;
#1688 = CARTESIAN_POINT ( 'NONE',  ( 4.500000000000000000, 5.510910596163088569E-16, 37.24000000000000199 ) ) ;
#1689 = EDGE_LOOP ( 'NONE', ( #1732, #4905, #2723, #560 ) ) ;
#1690 = CARTESIAN_POINT ( 'NONE',  ( 0.000000000000000000, 0.000000000000000000, 5.000000000000000000 ) ) ;
#1691 = PLANE ( 'NONE',  #1039 ) ;
#1692 = LINE ( 'NONE', #120, #2229 ) ;
#1693 = EDGE_LOOP ( 'NONE', ( #3625, #3051, #3070, #2277 ) ) ;
#1694 = ORIENTED_EDGE ( 'NONE', *, *, #2434, .T. ) ;
#1695 = DIRECTION ( 'NONE',  ( 0.000000000000000000, 0.000000000000000000, 1.000000000000000000 ) ) ;
#1696 = ORIENTED_EDGE ( 'NONE', *, *, #858, .T. ) ;
#1697 = EDGE_CURVE ( 'NONE', #3611, #1897, #3345, .T. ) ;
#1698 = FILL_AREA_STYLE ('',( #1331 ) ) ;
#1699 = VERTEX_POINT ( 'NONE', #2969 ) ;
#1700 = DIRECTION ( 'NONE',  ( -3.755786496842893535E-15, 0.000000000000000000, 1.000000000000000000 ) ) ;
#1701 = AXIS2_PLACEMENT_3D ( 'NONE', #3052, #1327, #124 ) ;
#1702 = ORIENTED_EDGE ( 'NONE', *, *, #1103, .T. ) ;
#1703 = AXIS2_PLACEMENT_3D ( 'NONE', #2683, #1899, #262 ) ;
#1704 = CARTESIAN_POINT ( 'NONE',  ( -34.99999999999999289, -30.76603339672065829, 34.50000000000002842 ) ) ;
#1705 = VECTOR ( 'NONE', #736, 1000.000000000000000 ) ;
#1706 = PLANE ( 'NONE',  #947 ) ;
#1707 = DIRECTION ( 'NONE',  ( 1.000000000000000000, -9.912705577010326782E-17, 0.000000000000000000 ) ) ;
#1708 = FACE_OUTER_BOUND ( 'NONE', #3318, .T. ) ;
#1709 = CIRCLE ( 'NONE', #4081, 2.499999999999974243 ) ;
#1710 = CARTESIAN_POINT ( 'NONE',  ( 44.00000000000000711, -30.76603339672067605, 173.0999999999999943 ) ) ;
#1711 = ORIENTED_EDGE ( 'NONE', *, *, #4335, .T. ) ;
#1712 = AXIS2_PLACEMENT_3D ( 'NONE', #3603, #3654, #5156 ) ;
#1713 = DIRECTION ( 'NONE',  ( 0.000000000000000000, 0.000000000000000000, 1.000000000000000000 ) ) ;
#1714 = DIRECTION ( 'NONE',  ( 0.000000000000000000, 0.000000000000000000, -1.000000000000000000 ) ) ;
#1715 = CARTESIAN_POINT ( 'NONE',  ( -13.75000000000063949, -45.00000000000000000, 29.74591573101822206 ) ) ;
#1716 = ADVANCED_FACE ( 'NONE', ( #946, #2554 ), #4176, .F. ) ;
#1717 = CARTESIAN_POINT ( 'NONE',  ( 15.23604384958173696, 31.86246748548645513, 28.23918488449280417 ) ) ;
#1718 = AXIS2_PLACEMENT_3D ( 'NONE', #1276, #2155, #1782 ) ;
#1719 = AXIS2_PLACEMENT_3D ( 'NONE', #5119, #2276, #231 ) ;
#1720 = VERTEX_POINT ( 'NONE', #3225 ) ;
#1721 = ORIENTED_EDGE ( 'NONE', *, *, #3551, .T. ) ;
#1722 = EDGE_CURVE ( 'NONE', #1651, #4376, #2079, .T. ) ;
#1723 = AXIS2_PLACEMENT_3D ( 'NONE', #4503, #4530, #2091 ) ;
#1724 = DIRECTION ( 'NONE',  ( 9.912705577010326782E-17, 1.000000000000000000, -0.000000000000000000 ) ) ;
#1726 = VECTOR ( 'NONE', #564, 1000.000000000000000 ) ;
#1725 = LINE ( 'NONE', #175, #1383 ) ;
#1727 = ORIENTED_EDGE ( 'NONE', *, *, #2733, .T. ) ;
#1728 = CARTESIAN_POINT ( 'NONE',  ( 2.500000000000021760, -40.00000000000000000, 150.2540842689818135 ) ) ;
#1729 = VECTOR ( 'NONE', #3476, 1000.000000000000000 ) ;
#1730 = ORIENTED_EDGE ( 'NONE', *, *, #1847, .F. ) ;
#1731 = AXIS2_PLACEMENT_3D ( 'NONE', #2482, #4895, #1259 ) ;
#1732 = ORIENTED_EDGE ( 'NONE', *, *, #1756, .F. ) ;
#1733 = CARTESIAN_POINT ( 'NONE',  ( 0.000000000000000000, 0.000000000000000000, 0.000000000000000000 ) ) ;
#1735 = ORIENTED_EDGE ( 'NONE', *, *, #440, .T. ) ;
#1734 = AXIS2_PLACEMENT_3D ( 'NONE', #4702, #2680, #3520 ) ;
#1736 = AXIS2_PLACEMENT_3D ( 'NONE', #3014, #4141, #2962 ) ;
#1737 = DIRECTION ( 'NONE',  ( -1.166360781536058212E-16, 0.000000000000000000, -1.000000000000000000 ) ) ;
#1738 = VECTOR ( 'NONE', #1576, 1000.000000000000000 ) ;
#1739 = CARTESIAN_POINT ( 'NONE',  ( -13.75000000000063949, -45.00000000000000000, 29.74591573101822206 ) ) ;
#1740 = CYLINDRICAL_SURFACE ( 'NONE', #1479, 2.600000000000019185 ) ;
#1741 = FACE_BOUND ( 'NONE', #3719, .T. ) ;
#1742 = DIRECTION ( 'NONE',  ( -0.000000000000000000, 1.000000000000000000, -0.000000000000000000 ) ) ;
#1743 = ORIENTED_EDGE ( 'NONE', *, *, #1779, .F. ) ;
#1744 = DIRECTION ( 'NONE',  ( 0.000000000000000000, 0.000000000000000000, -1.000000000000000000 ) ) ;
#1745 = DIRECTION ( 'NONE',  ( 1.000000000000000000, -0.000000000000000000, -0.000000000000000000 ) ) ;
#1746 = CARTESIAN_POINT ( 'NONE',  ( 44.00000000000000711, 29.57396660327933802, 167.9000000000000057 ) ) ;
#1747 = LINE ( 'NONE', #926, #3509 ) ;
#1748 = EDGE_LOOP ( 'NONE', ( #2187, #2931, #1843, #515 ) ) ;
#1749 = EDGE_CURVE ( 'NONE', #1462, #2714, #361, .T. ) ;
#1750 = ORIENTED_EDGE ( 'NONE', *, *, #4463, .T. ) ;
#1751 = DIRECTION ( 'NONE',  ( -1.000000000000000000, 0.000000000000000000, -0.000000000000000000 ) ) ;
#1752 = CARTESIAN_POINT ( 'NONE',  ( -0.4808539244940948643, -40.00000000000000000, 159.3689769487588137 ) ) ;
#1753 = VERTEX_POINT ( 'NONE', #2417 ) ;
#1754 = CARTESIAN_POINT ( 'NONE',  ( -44.00000000000000000, -30.76603339672065829, 29.50000000000002487 ) ) ;
#1755 = EDGE_LOOP ( 'NONE', ( #4967, #3395, #3483, #1071 ) ) ;
#1756 = EDGE_CURVE ( 'NONE', #445, #4990, #785, .T. ) ;
#1757 = ORIENTED_EDGE ( 'NONE', *, *, #3802, .F. ) ;
#1758 = LINE ( 'NONE', #2903, #2657 ) ;
#1759 = ORIENTED_EDGE ( 'NONE', *, *, #2682, .T. ) ;
#1760 = DIRECTION ( 'NONE',  ( -1.000000000000000000, 0.000000000000000000, 0.000000000000000000 ) ) ;
#1761 = EDGE_CURVE ( 'NONE', #1540, #5043, #1814, .T. ) ;
#1762 = DIRECTION ( 'NONE',  ( 1.000000000000000000, 0.000000000000000000, 0.000000000000000000 ) ) ;
#1763 = CARTESIAN_POINT ( 'NONE',  ( 30.00000000000005329, -30.76603339672065829, 29.50000000000002487 ) ) ;
#1764 = CARTESIAN_POINT ( 'NONE',  ( -14.99999999999999289, 29.57396660327935223, 29.50000000000000000 ) ) ;
#1765 = ORIENTED_EDGE ( 'NONE', *, *, #1761, .T. ) ;
#1766 = DIRECTION ( 'NONE',  ( 1.000000000000000000, -0.000000000000000000, -0.000000000000000000 ) ) ;
#1767 = CARTESIAN_POINT ( 'NONE',  ( 15.00000000000000178, 26.00000000000000000, 0.000000000000000000 ) ) ;
#1768 = DIRECTION ( 'NONE',  ( 0.000000000000000000, 0.000000000000000000, -1.000000000000000000 ) ) ;
#1769 = DIRECTION ( 'NONE',  ( -1.000000000000000000, -0.000000000000000000, -0.000000000000000000 ) ) ;
#1770 = EDGE_CURVE ( 'NONE', #1550, #3451, #1476, .T. ) ;
#1771 = ORIENTED_EDGE ( 'NONE', *, *, #5102, .T. ) ;
#1772 = ORIENTED_EDGE ( 'NONE', *, *, #147, .T. ) ;
#1773 = CARTESIAN_POINT ( 'NONE',  ( 44.00000000000000711, -30.76603339672067605, 170.4999999999999716 ) ) ;
#1774 = FACE_OUTER_BOUND ( 'NONE', #1617, .T. ) ;
#1775 = ORIENTED_EDGE ( 'NONE', *, *, #277, .F. ) ;
#1776 = DIRECTION ( 'NONE',  ( 0.000000000000000000, 0.000000000000000000, -1.000000000000000000 ) ) ;
#1777 = LINE ( 'NONE', #1728, #2726 ) ;
#1778 = EDGE_CURVE ( 'NONE', #1018, #2871, #3007, .T. ) ;
#1779 = EDGE_CURVE ( 'NONE', #4378, #1512, #3682, .T. ) ;
#1780 = VERTEX_POINT ( 'NONE', #2815 ) ;
#1781 = EDGE_LOOP ( 'NONE', ( #634, #4136 ) ) ;
#1782 = DIRECTION ( 'NONE',  ( 0.000000000000000000, 0.000000000000000000, 1.000000000000000000 ) ) ;
#1783 = VERTEX_POINT ( 'NONE', #5211 ) ;
#1784 = DIRECTION ( 'NONE',  ( -1.000000000000000000, -0.000000000000000000, -0.000000000000000000 ) ) ;
#1785 = EDGE_CURVE ( 'NONE', #4033, #1024, #1573, .T. ) ;
#1786 = VECTOR ( 'NONE', #2013, 1000.000000000000000 ) ;
#1787 = AXIS2_PLACEMENT_3D ( 'NONE', #4130, #145, #1713 ) ;
#1788 = DIRECTION ( 'NONE',  ( -9.912705577010326782E-17, -1.000000000000000000, -0.000000000000000000 ) ) ;
#1789 = EDGE_CURVE ( 'NONE', #331, #3012, #3645, .T. ) ;
#1790 = APPLICATION_CONTEXT ( 'automotive_design' ) ;
#1791 = DIRECTION ( 'NONE',  ( 9.912705577010326782E-17, 1.000000000000000000, -0.000000000000000000 ) ) ;
#1792 = CARTESIAN_POINT ( 'NONE',  ( -35.00000000000000000, 37.00000000000000711, 200.0000000000000000 ) ) ;
#1793 = ORIENTED_EDGE ( 'NONE', *, *, #1103, .F. ) ;
#1794 = LINE ( 'NONE', #1026, #4071 ) ;
#1795 = FACE_BOUND ( 'NONE', #3550, .T. ) ;
#1796 = AXIS2_PLACEMENT_3D ( 'NONE', #2949, #2092, #563 ) ;
#1797 = CARTESIAN_POINT ( 'NONE',  ( -34.99999999999999289, 29.57396660327933802, 175.5000000000000000 ) ) ;
#1798 = CARTESIAN_POINT ( 'NONE',  ( 44.00000000000000711, -30.76603339672065829, 34.50000000000002842 ) ) ;
#1799 = VERTEX_POINT ( 'NONE', #1170 ) ;
#1800 = MECHANICAL_DESIGN_GEOMETRIC_PRESENTATION_REPRESENTATION (  '', ( #1542 ), #2814 ) ;
#1801 = ORIENTED_EDGE ( 'NONE', *, *, #1317, .F. ) ;
#1802 = DIRECTION ( 'NONE',  ( 0.000000000000000000, -0.000000000000000000, -1.000000000000000000 ) ) ;
#1803 = CARTESIAN_POINT ( 'NONE',  ( 30.00000000000005329, -30.76603339672065829, 26.90000000000002700 ) ) ;
#1804 = ORIENTED_EDGE ( 'NONE', *, *, #3888, .T. ) ;
#1805 = DIRECTION ( 'NONE',  ( 0.000000000000000000, 0.000000000000000000, -1.000000000000000000 ) ) ;
#1806 = ORIENTED_EDGE ( 'NONE', *, *, #163, .F. ) ;
#1807 = CIRCLE ( 'NONE', #2395, 2.599999999999998312 ) ;
#1808 = CIRCLE ( 'NONE', #2825, 2.600000000000019185 ) ;
#1809 = EDGE_CURVE ( 'NONE', #3167, #672, #1543, .T. ) ;
#1810 = VERTEX_POINT ( 'NONE', #4887 ) ;
#1811 = VERTEX_POINT ( 'NONE', #3172 ) ;
#1812 = DIRECTION ( 'NONE',  ( 0.000000000000000000, 0.000000000000000000, -1.000000000000000000 ) ) ;
#1813 = VECTOR ( 'NONE', #4041, 1000.000000000000000 ) ;
#1814 = CIRCLE ( 'NONE', #139, 2.499999999999974243 ) ;
#1815 = AXIS2_PLACEMENT_3D ( 'NONE', #2480, #2084, #88 ) ;
#1816 = CIRCLE ( 'NONE', #1310, 2.600000000000001421 ) ;
#1817 = DIRECTION ( 'NONE',  ( 0.000000000000000000, 0.000000000000000000, 1.000000000000000000 ) ) ;
#1818 = CARTESIAN_POINT ( 'NONE',  ( 35.00000000000000000, -45.00000000000000000, 0.000000000000000000 ) ) ;
#1819 = LINE ( 'NONE', #3901, #3998 ) ;
#1820 = AXIS2_PLACEMENT_3D ( 'NONE', #3855, #2698, #3093 ) ;
#1821 = VERTEX_POINT ( 'NONE', #3282 ) ;
#1822 = DIRECTION ( 'NONE',  ( 9.912705577010326782E-17, 1.000000000000000000, -0.000000000000000000 ) ) ;
#1823 = LINE ( 'NONE', #1797, #5097 ) ;
#1824 = CARTESIAN_POINT ( 'NONE',  ( 32.00000000000000000, 33.24999999999998579, 3.611118645726066130E-32 ) ) ;
#1825 = ORIENTED_EDGE ( 'NONE', *, *, #3527, .F. ) ;
#1826 = ORIENTED_EDGE ( 'NONE', *, *, #3062, .F. ) ;
#1827 = CARTESIAN_POINT ( 'NONE',  ( 25.00000000000004974, -30.76603339672065829, 29.50000000000002487 ) ) ;
#1828 = ORIENTED_EDGE ( 'NONE', *, *, #3570, .F. ) ;
#1829 = CARTESIAN_POINT ( 'NONE',  ( -25.00000000000005684, -30.76603339672065829, 32.10000000000002274 ) ) ;
#1830 = CARTESIAN_POINT ( 'NONE',  ( -44.00000000000000000, -30.76603339672065829, 26.90000000000002700 ) ) ;
#1831 = EDGE_CURVE ( 'NONE', #4306, #2995, #3176, .T. ) ;
#1832 = ORIENTED_EDGE ( 'NONE', *, *, #3444, .T. ) ;
#1833 = ORIENTED_EDGE ( 'NONE', *, *, #918, .T. ) ;
#1834 = CARTESIAN_POINT ( 'NONE',  ( 30.00000000000006395, 29.57396660327935223, 29.50000000000000000 ) ) ;
#1835 = ORIENTED_EDGE ( 'NONE', *, *, #53, .F. ) ;
#1836 = CARTESIAN_POINT ( 'NONE',  ( -30.00000000000004974, 37.00000000000000000, 25.19999999999999929 ) ) ;
#1837 = EDGE_CURVE ( 'NONE', #2564, #4353, #1557, .T. ) ;
#1838 = LINE ( 'NONE', #2603, #3242 ) ;
#1839 = PLANE ( 'NONE',  #1222 ) ;
#1840 = CARTESIAN_POINT ( 'NONE',  ( -34.99999999999999289, 29.57396660327933802, 170.5000000000000000 ) ) ;
#1841 = EDGE_CURVE ( 'NONE', #2487, #2353, #4804, .T. ) ;
#1842 = EDGE_CURVE ( 'NONE', #173, #1239, #3515, .T. ) ;
#1843 = ORIENTED_EDGE ( 'NONE', *, *, #5089, .T. ) ;
#1844 = LINE ( 'NONE', #3861, #2895 ) ;
#1845 = DIRECTION ( 'NONE',  ( 9.912705577010326782E-17, 1.000000000000000000, -0.000000000000000000 ) ) ;
#1846 = DIRECTION ( 'NONE',  ( 1.000000000000000000, 0.000000000000000000, 0.000000000000000000 ) ) ;
#1847 = EDGE_CURVE ( 'NONE', #2663, #3580, #2925, .T. ) ;
#1848 = ORIENTED_EDGE ( 'NONE', *, *, #4315, .F. ) ;
#1849 = ORIENTED_EDGE ( 'NONE', *, *, #1020, .F. ) ;
#1850 = DIRECTION ( 'NONE',  ( 1.000000000000000000, 0.000000000000000000, 0.000000000000000000 ) ) ;
#1851 = CARTESIAN_POINT ( 'NONE',  ( -6.249999999999332090, -45.00000000000000000, 170.2540842689818135 ) ) ;
#1852 = ORIENTED_EDGE ( 'NONE', *, *, #1681, .F. ) ;
#1853 = CARTESIAN_POINT ( 'NONE',  ( 15.28152448389914397, 31.97652983091252921, 171.5275650677554609 ) ) ;
#1854 = PLANE ( 'NONE',  #3504 ) ;
#1855 = ORIENTED_EDGE ( 'NONE', *, *, #557, .T. ) ;
#1856 = ORIENTED_EDGE ( 'NONE', *, *, #4994, .F. ) ;
#1857 = DIRECTION ( 'NONE',  ( 0.000000000000000000, -0.000000000000000000, -1.000000000000000000 ) ) ;
#1858 = EDGE_CURVE ( 'NONE', #3038, #3996, #2831, .T. ) ;
#1859 = UNCERTAINTY_MEASURE_WITH_UNIT (LENGTH_MEASURE( 1.000000000000000082E-05 ), #2509, 'distance_accuracy_value', 'NONE');
#1860 = ORIENTED_EDGE ( 'NONE', *, *, #4620, .F. ) ;
#1861 = CARTESIAN_POINT ( 'NONE',  ( 0.000000000000000000, 0.000000000000000000, 39.24000000000000199 ) ) ;
#1862 = DIRECTION ( 'NONE',  ( -1.000000000000000000, -0.000000000000000000, -0.000000000000000000 ) ) ;
#1863 = CIRCLE ( 'NONE', #3479, 3.087849374226486532 ) ;
#1864 = LINE ( 'NONE', #1495, #5031 ) ;
#1865 = FACE_OUTER_BOUND ( 'NONE', #2953, .T. ) ;
#1866 = ORIENTED_EDGE ( 'NONE', *, *, #3435, .T. ) ;
#1867 = VECTOR ( 'NONE', #3713, 1000.000000000000000 ) ;
#1868 = DIRECTION ( 'NONE',  ( -1.000000000000000000, 0.000000000000000000, 0.000000000000000000 ) ) ;
#1869 = CIRCLE ( 'NONE', #2985, 5.000000000000000888 ) ;
#1870 = CARTESIAN_POINT ( 'NONE',  ( 25.00000000000004974, -30.76603339672067605, 173.0999999999999943 ) ) ;
#1871 = AXIS2_PLACEMENT_3D ( 'NONE', #3386, #4993, #87 ) ;
#1872 = CARTESIAN_POINT ( 'NONE',  ( -13.75000000000061995, -45.00000000000000000, 200.0000000000000284 ) ) ;
#1873 = VERTEX_POINT ( 'NONE', #2001 ) ;
#1874 = CIRCLE ( 'NONE', #2808, 3.087849374226485200 ) ;
#1875 = VERTEX_POINT ( 'NONE', #1147 ) ;
#1876 = EDGE_CURVE ( 'NONE', #4724, #3353, #4488, .T. ) ;
#1877 = CARTESIAN_POINT ( 'NONE',  ( -44.00000000000000000, 29.57396660327935223, 29.50000000000000000 ) ) ;
#1878 = CARTESIAN_POINT ( 'NONE',  ( 2.500000000000012434, -40.00000000000000000, 49.74591573101819364 ) ) ;
#1879 = VERTEX_POINT ( 'NONE', #4908 ) ;
#1880 = CARTESIAN_POINT ( 'NONE',  ( -34.99999999999999289, 29.57396660327935223, 26.89999999999999858 ) ) ;
#1881 = VECTOR ( 'NONE', #3104, 1000.000000000000000 ) ;
#1882 = ORIENTED_EDGE ( 'NONE', *, *, #4423, .T. ) ;
#1883 = ORIENTED_EDGE ( 'NONE', *, *, #1756, .T. ) ;
#1885 = VECTOR ( 'NONE', #3827, 1000.000000000000000 ) ;
#1884 = FACE_OUTER_BOUND ( 'NONE', #2406, .T. ) ;
#1886 = ORIENTED_EDGE ( 'NONE', *, *, #4042, .T. ) ;
#1887 = CARTESIAN_POINT ( 'NONE',  ( 44.00000000000000711, 29.57396660327933802, 175.5000000000000000 ) ) ;
#1888 = AXIS2_PLACEMENT_3D ( 'NONE', #667, #228, #590 ) ;
#1889 = VECTOR ( 'NONE', #2672, 1000.000000000000114 ) ;
#1891 = AXIS2_PLACEMENT_3D ( 'NONE', #1401, #3025, #5128 ) ;
#1890 = PLANE ( 'NONE',  #5114 ) ;
#1892 = DIRECTION ( 'NONE',  ( -1.387778780781445676E-16, -0.000000000000000000, -1.000000000000000000 ) ) ;
#1893 = DIRECTION ( 'NONE',  ( 0.000000000000000000, 0.000000000000000000, 1.000000000000000000 ) ) ;
#1894 = ORIENTED_EDGE ( 'NONE', *, *, #4969, .T. ) ;
#1895 = EDGE_CURVE ( 'NONE', #967, #1529, #2573, .T. ) ;
#1896 = AXIS2_PLACEMENT_3D ( 'NONE', #1257, #3234, #4839 ) ;
#1897 = VERTEX_POINT ( 'NONE', #1334 ) ;
#1898 = AXIS2_PLACEMENT_3D ( 'NONE', #4009, #2875, #396 ) ;
#1899 = DIRECTION ( 'NONE',  ( -1.000000000000000000, 0.000000000000000000, -0.000000000000000000 ) ) ;
#1900 = FACE_OUTER_BOUND ( 'NONE', #2706, .T. ) ;
#1901 = AXIS2_PLACEMENT_3D ( 'NONE', #2906, #3385, #3751 ) ;
#1902 = LINE ( 'NONE', #3863, #3838 ) ;
#1903 = EDGE_CURVE ( 'NONE', #333, #5087, #546, .T. ) ;
#1904 = ORIENTED_EDGE ( 'NONE', *, *, #1837, .F. ) ;
#1905 = ORIENTED_EDGE ( 'NONE', *, *, #2760, .T. ) ;
#1906 = FACE_BOUND ( 'NONE', #1015, .T. ) ;
#1907 = DIRECTION ( 'NONE',  ( 1.000000000000000000, -9.912705577010326782E-17, 4.034240641806529869E-16 ) ) ;
#1908 = ORIENTED_EDGE ( 'NONE', *, *, #3075, .T. ) ;
#1909 = FACE_OUTER_BOUND ( 'NONE', #485, .T. ) ;
#1910 = EDGE_CURVE ( 'NONE', #412, #4990, #1390, .T. ) ;
#1911 = ORIENTED_EDGE ( 'NONE', *, *, #2994, .F. ) ;
#1912 = VERTEX_POINT ( 'NONE', #994 ) ;
#1913 = CARTESIAN_POINT ( 'NONE',  ( -5.502973107383305695, -40.00000000000000000, 34.64066149181523713 ) ) ;
#1914 = ORIENTED_EDGE ( 'NONE', *, *, #1697, .T. ) ;
#1915 = DIRECTION ( 'NONE',  ( 3.611333170041236593E-15, 0.000000000000000000, -1.000000000000000000 ) ) ;
#1916 = ADVANCED_FACE ( 'NONE', ( #4166 ), #180, .F. ) ;
#1917 = LINE ( 'NONE', #3018, #275 ) ;
#1918 = FACE_BOUND ( 'NONE', #922, .T. ) ;
#1919 = EDGE_CURVE ( 'NONE', #3996, #3038, #2736, .T. ) ;
#1920 = FACE_BOUND ( 'NONE', #4256, .T. ) ;
#1921 = DIRECTION ( 'NONE',  ( 0.000000000000000000, 1.000000000000000000, 0.000000000000000000 ) ) ;
#1922 = VERTEX_POINT ( 'NONE', #596 ) ;
#1923 = LINE ( 'NONE', #3547, #1616 ) ;
#1924 = EDGE_CURVE ( 'NONE', #1318, #2893, #496, .T. ) ;
#1925 = CARTESIAN_POINT ( 'NONE',  ( 44.00000000000000711, -30.76603339672067605, 170.4999999999999716 ) ) ;
#1926 = PLANE ( 'NONE',  #4270 ) ;
#1927 = EDGE_LOOP ( 'NONE', ( #1454, #3076, #1911, #2212 ) ) ;
#1928 = ORIENTED_EDGE ( 'NONE', *, *, #3971, .T. ) ;
#1929 = CARTESIAN_POINT ( 'NONE',  ( -29.60000000000000853, 9.999999999999996447, 15.00000000000001421 ) ) ;
#1930 = DIRECTION ( 'NONE',  ( 1.000000000000000000, -3.469446951953613696E-16, 0.000000000000000000 ) ) ;
#1931 = ADVANCED_FACE ( 'NONE', ( #937 ), #4989, .F. ) ;
#1932 = VERTEX_POINT ( 'NONE', #1386 ) ;
#1933 = DIRECTION ( 'NONE',  ( 9.912705577010326782E-17, 1.000000000000000000, 0.000000000000000000 ) ) ;
#1934 = EDGE_LOOP ( 'NONE', ( #1904, #4142, #2278, #4689 ) ) ;
#1935 = ORIENTED_EDGE ( 'NONE', *, *, #159, .F. ) ;
#1936 = DIRECTION ( 'NONE',  ( -1.000000000000000000, 0.000000000000000000, 0.000000000000000000 ) ) ;
#1937 = ADVANCED_FACE ( 'NONE', ( #2101 ), #3327, .T. ) ;
#1938 = ADVANCED_FACE ( 'NONE', ( #4222 ), #2984, .F. ) ;
#1939 = ORIENTED_EDGE ( 'NONE', *, *, #107, .T. ) ;
#1940 = DIRECTION ( 'NONE',  ( -1.000000000000000000, -0.000000000000000000, -0.000000000000000000 ) ) ;
#1941 = FACE_OUTER_BOUND ( 'NONE', #978, .T. ) ;
#1942 = ADVANCED_FACE ( 'NONE', ( #160 ), #1678, .T. ) ;
#1943 = DIRECTION ( 'NONE',  ( -1.214306433183764966E-16, 0.000000000000000000, -1.000000000000000000 ) ) ;
#1944 = LINE ( 'NONE', #5180, #4184 ) ;
#1945 = CARTESIAN_POINT ( 'NONE',  ( -0.4808539244940948643, -40.00000000000000000, 159.3689769487588137 ) ) ;
#1946 = VERTEX_POINT ( 'NONE', #3776 ) ;
#1947 = B_SPLINE_SURFACE_WITH_KNOTS ( 'NONE', 3, 1, ( 
 ( #571, #912 ),
 ( #3354, #101 ),
 ( #177, #1674 ),
 ( #2571, #2521 ),
 ( #4196, #1303 ),
 ( #932, #1273 ) ),
 .UNSPECIFIED., .F., .F., .F.,
 ( 4, 1, 1, 4 ),
 ( 2, 2 ),
 ( 0.000000000000000000, 0.5380594216257100770, 0.8364705418477524912, 1.000000000000000000 ),
 ( 0.000000000000000000, 1.000000000000000000 ),
 .UNSPECIFIED. ) ;
#1948 = DIRECTION ( 'NONE',  ( -1.000000000000000000, -0.000000000000000000, -0.000000000000000000 ) ) ;
#1949 = CARTESIAN_POINT ( 'NONE',  ( -14.99999999999997335, 26.00000000000000000, 200.0000000000000000 ) ) ;
#1950 = LINE ( 'NONE', #4070, #1984 ) ;
#1951 = VECTOR ( 'NONE', #2119, 1000.000000000000000 ) ;
#1952 = EDGE_LOOP ( 'NONE', ( #1422, #4120, #1711, #1828 ) ) ;
#1953 = EDGE_CURVE ( 'NONE', #3013, #4584, #1758, .T. ) ;
#1954 = VERTEX_POINT ( 'NONE', #3383 ) ;
#1955 = DIRECTION ( 'NONE',  ( 1.000000000000000000, 0.000000000000000000, -0.000000000000000000 ) ) ;
#1956 = DIRECTION ( 'NONE',  ( 0.000000000000000000, 1.000000000000000000, 0.000000000000000000 ) ) ;
#1957 = CIRCLE ( 'NONE', #3320, 2.599999999999998312 ) ;
#1958 = VERTEX_POINT ( 'NONE', #968 ) ;
#1959 = CARTESIAN_POINT ( 'NONE',  ( 30.00000000000005329, -45.00000000000000000, 25.19999999999999218 ) ) ;
#1960 = ORIENTED_EDGE ( 'NONE', *, *, #4653, .F. ) ;
#1961 = AXIS2_PLACEMENT_3D ( 'NONE', #1148, #3950, #2024 ) ;
#1962 = ORIENTED_EDGE ( 'NONE', *, *, #906, .F. ) ;
#1963 = FACE_OUTER_BOUND ( 'NONE', #3938, .T. ) ;
#1964 = VERTEX_POINT ( 'NONE', #2575 ) ;
#1965 = CARTESIAN_POINT ( 'NONE',  ( -34.99999999999999289, 29.57396660327933802, 170.5000000000000000 ) ) ;
#1966 = EDGE_CURVE ( 'NONE', #2108, #1821, #4200, .T. ) ;
#1967 = AXIS2_PLACEMENT_3D ( 'NONE', #2796, #1208, #4417 ) ;
#1968 = DIRECTION ( 'NONE',  ( 0.000000000000000000, -1.000000000000000000, 0.000000000000000000 ) ) ;
#1969 = FACE_OUTER_BOUND ( 'NONE', #207, .T. ) ;
#1970 = FACE_OUTER_BOUND ( 'NONE', #4164, .T. ) ;
#1971 = DIRECTION ( 'NONE',  ( 0.000000000000000000, 0.000000000000000000, 1.000000000000000000 ) ) ;
#1972 = LINE ( 'NONE', #2765, #2305 ) ;
#1973 = AXIS2_PLACEMENT_3D ( 'NONE', #4881, #3616, #1936 ) ;
#1974 = AXIS2_PLACEMENT_3D ( 'NONE', #3521, #5130, #3980 ) ;
#1975 = ORIENTED_EDGE ( 'NONE', *, *, #5166, .F. ) ;
#1976 = AXIS2_PLACEMENT_3D ( 'NONE', #1690, #1714, #4876 ) ;
#1977 = AXIS2_PLACEMENT_3D ( 'NONE', #349, #3581, #4056 ) ;
#1978 = CARTESIAN_POINT ( 'NONE',  ( -27.00000000000001066, 9.999999999999996447, 15.00000000000001421 ) ) ;
#1979 = DIRECTION ( 'NONE',  ( 0.000000000000000000, 0.000000000000000000, 1.000000000000000000 ) ) ;
#1980 = CARTESIAN_POINT ( 'NONE',  ( -30.00000000000004974, 24.56999999999999673, 25.19999999999999929 ) ) ;
#1981 = CARTESIAN_POINT ( 'NONE',  ( -34.99999999999999289, -30.76603339672067605, 175.5000000000000000 ) ) ;
#1982 = ADVANCED_FACE ( 'NONE', ( #104 ), #2181, .F. ) ;
#1983 = VECTOR ( 'NONE', #2872, 1000.000000000000000 ) ;
#1984 = VECTOR ( 'NONE', #4050, 1000.000000000000000 ) ;
#1985 = EDGE_CURVE ( 'NONE', #2280, #4293, #1138, .T. ) ;
#1986 = ORIENTED_EDGE ( 'NONE', *, *, #2548, .T. ) ;
#1987 = DIRECTION ( 'NONE',  ( -1.000000000000000000, 0.000000000000000000, 0.000000000000000000 ) ) ;
#1988 = ORIENTED_EDGE ( 'NONE', *, *, #1966, .T. ) ;
#1989 = VECTOR ( 'NONE', #3019, 1000.000000000000000 ) ;
#1991 = VECTOR ( 'NONE', #1300, 1000.000000000000000 ) ;
#1990 = DIRECTION ( 'NONE',  ( 4.034240641806529869E-16, 0.000000000000000000, -1.000000000000000000 ) ) ;
#1992 = DIRECTION ( 'NONE',  ( 1.000000000000000000, 0.000000000000000000, -0.000000000000000000 ) ) ;
#1993 = CARTESIAN_POINT ( 'NONE',  ( 4.500000000000000000, 5.510910596163088569E-16, 37.24000000000000199 ) ) ;
#1994 = ADVANCED_FACE ( 'NONE', ( #915, #4246 ), #205, .F. ) ;
#1995 = AXIS2_PLACEMENT_3D ( 'NONE', #4224, #1812, #281 ) ;
#1996 = ORIENTED_EDGE ( 'NONE', *, *, #4700, .F. ) ;
#1997 = ORIENTED_EDGE ( 'NONE', *, *, #1188, .T. ) ;
#1998 = FACE_OUTER_BOUND ( 'NONE', #2224, .T. ) ;
#1999 = ORIENTED_EDGE ( 'NONE', *, *, #4096, .T. ) ;
#2000 = DIRECTION ( 'NONE',  ( 0.000000000000000000, 0.000000000000000000, -1.000000000000000000 ) ) ;
#2001 = CARTESIAN_POINT ( 'NONE',  ( 35.00000000000000000, 34.49999999999998579, 28.64314821912248021 ) ) ;
#2002 = CARTESIAN_POINT ( 'NONE',  ( 30.00000000000005329, -45.00000000000000000, 174.8000000000000114 ) ) ;
#2003 = CARTESIAN_POINT ( 'NONE',  ( 2.500000000000021760, -45.00000000000000000, 150.2540842689818135 ) ) ;
#2004 = FACE_BOUND ( 'NONE', #755, .T. ) ;
#2005 = CARTESIAN_POINT ( 'NONE',  ( -5.502973107383289708, -40.00000000000000000, 165.3593385081847202 ) ) ;
#2006 = ORIENTED_EDGE ( 'NONE', *, *, #2687, .F. ) ;
#2007 = DIRECTION ( 'NONE',  ( 1.000000000000000000, 0.000000000000000000, 0.000000000000000000 ) ) ;
#2008 = DIRECTION ( 'NONE',  ( -1.000000000000000000, -0.000000000000000000, 1.166360781536057966E-16 ) ) ;
#2009 = CARTESIAN_POINT ( 'NONE',  ( 35.00000000000000000, 34.49999999999998579, 0.000000000000000000 ) ) ;
#2010 = EDGE_CURVE ( 'NONE', #1810, #4584, #374, .T. ) ;
#2011 = CYLINDRICAL_SURFACE ( 'NONE', #3095, 5.000000000000001776 ) ;
#2012 = VERTEX_POINT ( 'NONE', #1043 ) ;
#2013 = DIRECTION ( 'NONE',  ( 9.912705577010326782E-17, 1.000000000000000000, -0.000000000000000000 ) ) ;
#2014 = EDGE_LOOP ( 'NONE', ( #4228, #1687 ) ) ;
#2015 = CARTESIAN_POINT ( 'NONE',  ( -22.50000000000000000, -40.00000000000000000, 49.74591573101820074 ) ) ;
#2016 = EDGE_LOOP ( 'NONE', ( #3298, #1610, #1775, #3529 ) ) ;
#2017 = LINE ( 'NONE', #1141, #2731 ) ;
#2018 = VERTEX_POINT ( 'NONE', #653 ) ;
#2019 = ORIENTED_EDGE ( 'NONE', *, *, #4725, .F. ) ;
#2020 = CARTESIAN_POINT ( 'NONE',  ( -13.75000000000061995, -40.00000000000000000, 200.0000000000000284 ) ) ;
#2021 = ORIENTED_EDGE ( 'NONE', *, *, #1164, .T. ) ;
#2022 = DIRECTION ( 'NONE',  ( 0.000000000000000000, -1.000000000000000000, 0.000000000000000000 ) ) ;
#2023 = CARTESIAN_POINT ( 'NONE',  ( 8.000000000000000000, 9.797174393178825657E-16, 5.000000000000000000 ) ) ;
#2024 = DIRECTION ( 'NONE',  ( 1.166360781536057226E-16, 0.000000000000000000, 1.000000000000000000 ) ) ;
#2025 = FACE_OUTER_BOUND ( 'NONE', #4528, .T. ) ;
#2026 = CARTESIAN_POINT ( 'NONE',  ( 30.00000000000005329, -45.00000000000000000, 25.19999999999999218 ) ) ;
#2027 = CARTESIAN_POINT ( 'NONE',  ( -30.00000000000006040, -45.00000000000000000, 25.19999999999999929 ) ) ;
#2028 = ORIENTED_EDGE ( 'NONE', *, *, #3894, .F. ) ;
#2029 = CARTESIAN_POINT ( 'NONE',  ( 0.000000000000000000, 0.000000000000000000, 0.000000000000000000 ) ) ;
#2030 = PLANE ( 'NONE',  #4355 ) ;
#2031 = FACE_OUTER_BOUND ( 'NONE', #4935, .T. ) ;
#2032 = CYLINDRICAL_SURFACE ( 'NONE', #2569, 4.250000000000003553 ) ;
#2033 = ORIENTED_EDGE ( 'NONE', *, *, #5096, .T. ) ;
#2034 = FACE_OUTER_BOUND ( 'NONE', #3885, .T. ) ;
#2035 = ORIENTED_EDGE ( 'NONE', *, *, #3943, .T. ) ;
#2036 = DIRECTION ( 'NONE',  ( 0.000000000000000000, 1.000000000000000000, -0.000000000000000000 ) ) ;
#2037 = EDGE_LOOP ( 'NONE', ( #3944, #2616 ) ) ;
#2038 = AXIS2_PLACEMENT_3D ( 'NONE', #2454, #2834, #1987 ) ;
#2039 = DIRECTION ( 'NONE',  ( 0.000000000000000000, 0.000000000000000000, -1.000000000000000000 ) ) ;
#2040 = EDGE_LOOP ( 'NONE', ( #3390, #1835, #2807, #2716, #2641, #1503 ) ) ;
#2041 = EDGE_CURVE ( 'NONE', #4929, #1540, #3852, .T. ) ;
#2042 = CIRCLE ( 'NONE', #4153, 2.600000000000019185 ) ;
#2043 = EDGE_LOOP ( 'NONE', ( #4188, #2611, #240, #2496 ) ) ;
#2044 = FACE_OUTER_BOUND ( 'NONE', #3030, .T. ) ;
#2045 = ORIENTED_EDGE ( 'NONE', *, *, #3123, .F. ) ;
#2046 = AXIS2_PLACEMENT_3D ( 'NONE', #3500, #4340, #2325 ) ;
#2047 = LINE ( 'NONE', #3643, #2702 ) ;
#2048 = CIRCLE ( 'NONE', #2711, 4.500000000000000000 ) ;
#2050 = CLOSED_SHELL ( 'NONE', ( #3775, #2786, #1214, #320, #4992, #4885 ) ) ;
#2049 = CARTESIAN_POINT ( 'NONE',  ( 44.00000000000000711, -30.76603339672065829, 26.90000000000002700 ) ) ;
#2051 = CARTESIAN_POINT ( 'NONE',  ( 5.200000000000003730, -45.00000000000000000, 96.99777860021396236 ) ) ;
#2052 = DIRECTION ( 'NONE',  ( 9.912705577010326782E-17, 1.000000000000000000, -0.000000000000000000 ) ) ;
#2053 = CARTESIAN_POINT ( 'NONE',  ( -30.00000000000005684, -25.57000000000000384, 25.19999999999999929 ) ) ;
#2054 = ADVANCED_FACE ( 'NONE', ( #1490 ), #2259, .T. ) ;
#2055 = DIRECTION ( 'NONE',  ( -1.000000000000000000, 9.912705577010326782E-17, 4.034240641806529869E-16 ) ) ;
#2056 = AXIS2_PLACEMENT_3D ( 'NONE', #2153, #3401, #2572 ) ;
#2057 = CARTESIAN_POINT ( 'NONE',  ( -6.249999999999329425, -40.00000000000000000, 200.0000000000000284 ) ) ;
#2058 = FACE_OUTER_BOUND ( 'NONE', #2414, .T. ) ;
#2059 = VECTOR ( 'NONE', #1930, 1000.000000000000000 ) ;
#2060 = EDGE_LOOP ( 'NONE', ( #2221, #1590, #2045, #3059 ) ) ;
#2061 = VECTOR ( 'NONE', #3049, 1000.000000000000000 ) ;
#2062 = CARTESIAN_POINT ( 'NONE',  ( -44.00000000000000000, 29.57396660327933802, 175.5000000000000000 ) ) ;
#2063 = ORIENTED_EDGE ( 'NONE', *, *, #2422, .T. ) ;
#2064 = LINE ( 'NONE', #2167, #4599 ) ;
#2065 = DIRECTION ( 'NONE',  ( 4.034240641806529869E-16, 0.000000000000000000, -1.000000000000000000 ) ) ;
#2066 = AXIS2_PLACEMENT_3D ( 'NONE', #2312, #3929, #760 ) ;
#2067 = CARTESIAN_POINT ( 'NONE',  ( 44.00000000000000711, -30.76603339672065829, 34.50000000000002842 ) ) ;
#2068 = ORIENTED_EDGE ( 'NONE', *, *, #2902, .F. ) ;
#2069 = AXIS2_PLACEMENT_3D ( 'NONE', #4328, #2242, #3099 ) ;
#2070 = AXIS2_PLACEMENT_3D ( 'NONE', #3166, #21, #332 ) ;
#2071 = ORIENTED_EDGE ( 'NONE', *, *, #218, .F. ) ;
#2072 = CYLINDRICAL_SURFACE ( 'NONE', #3434, 2.600000000000019185 ) ;
#2073 = EDGE_LOOP ( 'NONE', ( #5017, #4399, #1528, #3219 ) ) ;
#2074 = CARTESIAN_POINT ( 'NONE',  ( 30.00000000000006395, 29.57396660327935223, 26.89999999999999858 ) ) ;
#2075 = ADVANCED_FACE ( 'NONE', ( #278 ), #3873, .F. ) ;
#2076 =( LENGTH_UNIT ( ) NAMED_UNIT ( * ) SI_UNIT ( .MILLI., .METRE. ) );
#2077 = AXIS2_PLACEMENT_3D ( 'NONE', #4014, #399, #29 ) ;
#2078 = ORIENTED_EDGE ( 'NONE', *, *, #2469, .T. ) ;
#2079 = LINE ( 'NONE', #3254, #4185 ) ;
#2080 = DIRECTION ( 'NONE',  ( 0.000000000000000000, 0.000000000000000000, 1.000000000000000000 ) ) ;
#2081 = DIRECTION ( 'NONE',  ( -1.000000000000000000, -0.000000000000000000, -0.000000000000000000 ) ) ;
#2082 = EDGE_CURVE ( 'NONE', #4921, #3016, #1816, .T. ) ;
#2083 = CARTESIAN_POINT ( 'NONE',  ( -5.199999999999996625, -45.00000000000000000, 96.99777860021393394 ) ) ;
#2084 = DIRECTION ( 'NONE',  ( 9.912705577010326782E-17, 1.000000000000000000, 0.000000000000000000 ) ) ;
#2085 = CARTESIAN_POINT ( 'NONE',  ( -6.249999999999353406, -45.00000000000000000, -2.775557561562891351E-14 ) ) ;
#2086 = FACE_OUTER_BOUND ( 'NONE', #4556, .T. ) ;
#2087 = ORIENTED_EDGE ( 'NONE', *, *, #3943, .F. ) ;
#2088 = CARTESIAN_POINT ( 'NONE',  ( -35.00000000000000000, -45.00000000000000000, 200.0000000000000000 ) ) ;
#2089 = EDGE_CURVE ( 'NONE', #682, #4581, #3039, .T. ) ;
#2090 = ORIENTED_EDGE ( 'NONE', *, *, #2483, .T. ) ;
#2091 = DIRECTION ( 'NONE',  ( 0.000000000000000000, 0.000000000000000000, 1.000000000000000000 ) ) ;
#2092 = DIRECTION ( 'NONE',  ( 9.912705577010328015E-17, 1.000000000000000000, -0.000000000000000000 ) ) ;
#2093 = LINE ( 'NONE', #2892, #4601 ) ;
#2094 = ORIENTED_EDGE ( 'NONE', *, *, #5227, .T. ) ;
#2095 = VERTEX_POINT ( 'NONE', #3458 ) ;
#2096 = CARTESIAN_POINT ( 'NONE',  ( 44.00000000000000711, 29.57396660327935223, 29.50000000000000000 ) ) ;
#2097 = ORIENTED_EDGE ( 'NONE', *, *, #4481, .F. ) ;
#2098 = DIRECTION ( 'NONE',  ( -1.000000000000000000, 9.912705577010326782E-17, -4.034240641806529869E-16 ) ) ;
#2099 = EDGE_CURVE ( 'NONE', #321, #2694, #5065, .T. ) ;
#2100 = EDGE_CURVE ( 'NONE', #4724, #2960, #2675, .T. ) ;
#2101 = FACE_OUTER_BOUND ( 'NONE', #1302, .T. ) ;
#2102 = EDGE_LOOP ( 'NONE', ( #3874, #708, #730, #3528 ) ) ;
#2103 = DIRECTION ( 'NONE',  ( 9.912705577010326782E-17, 1.000000000000000000, 0.000000000000000000 ) ) ;
#2104 = DIRECTION ( 'NONE',  ( 0.000000000000000000, 1.000000000000000000, 0.000000000000000000 ) ) ;
#2105 = DIRECTION ( 'NONE',  ( -0.000000000000000000, -0.000000000000000000, -1.000000000000000000 ) ) ;
#2106 = LINE ( 'NONE', #4916, #4754 ) ;
#2107 = CARTESIAN_POINT ( 'NONE',  ( -5.199999999999996625, 5.000000000000004441, 96.99777860021393394 ) ) ;
#2108 = VERTEX_POINT ( 'NONE', #2231 ) ;
#2109 = DIRECTION ( 'NONE',  ( 0.000000000000000000, 0.000000000000000000, 1.000000000000000000 ) ) ;
#2110 = LINE ( 'NONE', #148, #473 ) ;
#2111 = CARTESIAN_POINT ( 'NONE',  ( -9.999999999999980460, -38.00000000000000000, 150.2540842689818135 ) ) ;
#2112 = CARTESIAN_POINT ( 'NONE',  ( 15.33149627632986700, 32.09494691175477499, 28.85064293272049341 ) ) ;
#2113 = EDGE_CURVE ( 'NONE', #2842, #3880, #4514, .T. ) ;
#2114 = ORIENTED_EDGE ( 'NONE', *, *, #541, .T. ) ;
#2115 = ORIENTED_EDGE ( 'NONE', *, *, #2584, .F. ) ;
#2116 = CARTESIAN_POINT ( 'NONE',  ( 32.00000000000002842, 33.24999999999998579, 200.0000000000000000 ) ) ;
#2117 = CARTESIAN_POINT ( 'NONE',  ( -14.99999999999997335, 33.00000000000000000, 200.0000000000000000 ) ) ;
#2118 = ORIENTED_EDGE ( 'NONE', *, *, #3021, .T. ) ;
#2119 = DIRECTION ( 'NONE',  ( -1.000000000000000000, -0.000000000000000000, -0.000000000000000000 ) ) ;
#2120 = EDGE_CURVE ( 'NONE', #3945, #1070, #3830, .T. ) ;
#2121 = ORIENTED_EDGE ( 'NONE', *, *, #983, .F. ) ;
#2122 = DIRECTION ( 'NONE',  ( 1.000000000000000000, -9.912705577010326782E-17, -4.034240641806530362E-16 ) ) ;
#2123 = VECTOR ( 'NONE', #269, 1000.000000000000000 ) ;
#2124 = ORIENTED_EDGE ( 'NONE', *, *, #1260, .F. ) ;
#2125 = VECTOR ( 'NONE', #5217, 1000.000000000000000 ) ;
#2126 = CARTESIAN_POINT ( 'NONE',  ( 44.00000000000000711, -30.76603339672065829, 26.90000000000002700 ) ) ;
#2127 = EDGE_CURVE ( 'NONE', #1000, #3510, #3511, .T. ) ;
#2128 = VECTOR ( 'NONE', #3646, 1000.000000000000000 ) ;
#2129 = CARTESIAN_POINT ( 'NONE',  ( 30.00000000000006395, 24.56999999999999673, 174.8000000000000114 ) ) ;
#2130 = DIRECTION ( 'NONE',  ( 9.912705577010326782E-17, 1.000000000000000000, -0.000000000000000000 ) ) ;
#2131 = SURFACE_STYLE_FILL_AREA ( #4101 ) ;
#2132 = AXIS2_PLACEMENT_3D ( 'NONE', #1058, #242, #3125 ) ;
#2133 = DIRECTION ( 'NONE',  ( 1.000000000000000000, 0.000000000000000000, 0.000000000000000000 ) ) ;
#2134 = ADVANCED_FACE ( 'NONE', ( #1884 ), #4782, .T. ) ;
#2135 = ORIENTED_EDGE ( 'NONE', *, *, #425, .F. ) ;
#2136 = COLOUR_RGB ( '',0.7921568627450980005, 0.8196078431372548767, 0.9333333333333333481 ) ;
#2137 = CARTESIAN_POINT ( 'NONE',  ( -25.00000000000004974, 24.56999999999999673, 174.8000000000000114 ) ) ;
#2138 = CARTESIAN_POINT ( 'NONE',  ( -18.99999999999997158, 37.00000000000000711, 200.0000000000000000 ) ) ;
#2139 = CARTESIAN_POINT ( 'NONE',  ( 32.00000000000000000, 33.24999999999998579, 3.611118645726066130E-32 ) ) ;
#2140 = CARTESIAN_POINT ( 'NONE',  ( 44.00000000000000711, -30.76603339672065829, 29.50000000000002487 ) ) ;
#2141 = EDGE_CURVE ( 'NONE', #4337, #2204, #2725, .T. ) ;
#2142 = CIRCLE ( 'NONE', #1210, 12.50000000000000355 ) ;
#2143 = VECTOR ( 'NONE', #1087, 1000.000000000000000 ) ;
#2144 = ORIENTED_EDGE ( 'NONE', *, *, #1761, .F. ) ;
#2145 = VERTEX_POINT ( 'NONE', #2332 ) ;
#2146 = AXIS2_PLACEMENT_3D ( 'NONE', #1253, #787, #3203 ) ;
#2147 = LINE ( 'NONE', #2173, #523 ) ;
#2149 = VECTOR ( 'NONE', #295, 1000.000000000000000 ) ;
#2148 = FACE_OUTER_BOUND ( 'NONE', #695, .T. ) ;
#2150 = VERTEX_POINT ( 'NONE', #3969 ) ;
#2151 = EDGE_CURVE ( 'NONE', #1619, #4033, #1393, .T. ) ;
#2152 = CARTESIAN_POINT ( 'NONE',  ( 15.00000000000002487, 26.00000000000000000, 200.0000000000000000 ) ) ;
#2153 = CARTESIAN_POINT ( 'NONE',  ( 35.00000000000000000, 29.57396660327933802, 170.5000000000000000 ) ) ;
#2154 = AXIS2_PLACEMENT_3D ( 'NONE', #2787, #2445, #4063 ) ;
#2155 = DIRECTION ( 'NONE',  ( -1.000000000000000000, -0.000000000000000000, -0.000000000000000000 ) ) ;
#2157 = EDGE_LOOP ( 'NONE', ( #4871, #3794, #2071, #1457 ) ) ;
#2156 = AXIS2_PLACEMENT_3D ( 'NONE', #3958, #1776, #3629 ) ;
#2158 = CYLINDRICAL_SURFACE ( 'NONE', #2746, 5.000000000000004441 ) ;
#2159 = DIRECTION ( 'NONE',  ( 1.000000000000000000, -0.000000000000000000, -0.000000000000000000 ) ) ;
#2160 = CARTESIAN_POINT ( 'NONE',  ( 44.00000000000000711, -30.76603339672067605, 165.4999999999999716 ) ) ;
#2161 = CARTESIAN_POINT ( 'NONE',  ( -9.999999999999980460, -40.00000000000000000, 150.2540842689818135 ) ) ;
#2162 = CARTESIAN_POINT ( 'NONE',  ( -6.560741418667665927E-15, 19.49999999999999645, 103.0878493742265078 ) ) ;
#2163 = ORIENTED_EDGE ( 'NONE', *, *, #858, .F. ) ;
#2164 = CARTESIAN_POINT ( 'NONE',  ( -44.00000000000000000, 29.57396660327935223, 32.09999999999999432 ) ) ;
#2165 = EDGE_CURVE ( 'NONE', #3268, #1811, #3333, .T. ) ;
#2166 = ADVANCED_FACE ( 'NONE', ( #1998 ), #1539, .T. ) ;
#2167 = CARTESIAN_POINT ( 'NONE',  ( -6.249999999999329425, -40.00000000000000000, 200.0000000000000284 ) ) ;
#2168 = CARTESIAN_POINT ( 'NONE',  ( -30.00000000000006040, -45.00000000000000000, 166.2000000000000171 ) ) ;
#2169 = CARTESIAN_POINT ( 'NONE',  ( 15.00000000000000355, 30.49999999999999645, 31.92949833261067027 ) ) ;
#2170 = ORIENTED_EDGE ( 'NONE', *, *, #3341, .T. ) ;
#2171 = ORIENTED_EDGE ( 'NONE', *, *, #4430, .T. ) ;
#2172 = ADVANCED_FACE ( 'NONE', ( #1963 ), #389, .T. ) ;
#2173 = CARTESIAN_POINT ( 'NONE',  ( -30.00000000000004974, 24.56999999999999673, 166.2000000000000171 ) ) ;
#2174 = DIRECTION ( 'NONE',  ( 0.000000000000000000, -0.000000000000000000, 1.000000000000000000 ) ) ;
#2175 = EDGE_LOOP ( 'NONE', ( #2543, #1012 ) ) ;
#2176 = DIRECTION ( 'NONE',  ( 0.000000000000000000, -1.000000000000000000, 0.000000000000000000 ) ) ;
#2177 = CARTESIAN_POINT ( 'NONE',  ( 30.00000000000006395, 24.56999999999999673, 33.79999999999999005 ) ) ;
#2178 = EDGE_LOOP ( 'NONE', ( #1826, #3445 ) ) ;
#2179 = ADVANCED_FACE ( 'NONE', ( #5204 ), #2413, .F. ) ;
#2180 = VERTEX_POINT ( 'NONE', #1592 ) ;
#2181 = PLANE ( 'NONE',  #895 ) ;
#2182 = EDGE_LOOP ( 'NONE', ( #3523, #12, #471, #1702 ) ) ;
#2183 = CARTESIAN_POINT ( 'NONE',  ( 44.00000000000000711, 29.57396660327935223, 34.50000000000000000 ) ) ;
#2184 = LINE ( 'NONE', #3728, #3662 ) ;
#2185 = DIRECTION ( 'NONE',  ( 1.000000000000000000, -3.469446951953613696E-16, -1.387778780781445676E-16 ) ) ;
#2186 = EDGE_CURVE ( 'NONE', #1067, #2266, #3946, .T. ) ;
#2187 = ORIENTED_EDGE ( 'NONE', *, *, #2855, .F. ) ;
#2188 = PLANE ( 'NONE',  #2375 ) ;
#2189 = DIRECTION ( 'NONE',  ( 0.000000000000000000, 0.000000000000000000, 1.000000000000000000 ) ) ;
#2190 = CARTESIAN_POINT ( 'NONE',  ( 30.00000000000006395, 24.56999999999999673, 25.19999999999999218 ) ) ;
#2191 = DIRECTION ( 'NONE',  ( -1.000000000000000000, -0.000000000000000000, -0.000000000000000000 ) ) ;
#2192 = ADVANCED_FACE ( 'NONE', ( #4035, #4377 ), #5232, .T. ) ;
#2193 = EDGE_CURVE ( 'NONE', #4789, #1024, #1060, .T. ) ;
#2194 = ORIENTED_EDGE ( 'NONE', *, *, #4771, .T. ) ;
#2195 = ORIENTED_EDGE ( 'NONE', *, *, #1332, .F. ) ;
#2196 = DIRECTION ( 'NONE',  ( -1.000000000000000000, -0.000000000000000000, -0.000000000000000000 ) ) ;
#2197 = DIRECTION ( 'NONE',  ( 0.8660254037844408170, 0.000000000000000000, -0.4999999999999961142 ) ) ;
#2198 = ORIENTED_EDGE ( 'NONE', *, *, #1831, .F. ) ;
#2199 = CYLINDRICAL_SURFACE ( 'NONE', #2911, 5.000000000000004441 ) ;
#2200 = EDGE_CURVE ( 'NONE', #5058, #1357, #4824, .T. ) ;
#2201 = ORIENTED_EDGE ( 'NONE', *, *, #841, .F. ) ;
#2202 = ORIENTED_EDGE ( 'NONE', *, *, #2941, .F. ) ;
#2203 = CARTESIAN_POINT ( 'NONE',  ( -13.75000000000061995, -40.00000000000000000, 200.0000000000000284 ) ) ;
#2204 = VERTEX_POINT ( 'NONE', #4433 ) ;
#2205 = CARTESIAN_POINT ( 'NONE',  ( 44.00000000000000711, 29.57396660327935223, 26.89999999999999858 ) ) ;
#2206 = EDGE_CURVE ( 'NONE', #4139, #1538, #3198, .T. ) ;
#2207 = VECTOR ( 'NONE', #1948, 1000.000000000000000 ) ;
#2208 = DIRECTION ( 'NONE',  ( 0.4999999999999972800, -0.000000000000000000, 0.8660254037844402619 ) ) ;
#2209 = PLANE ( 'NONE',  #638 ) ;
#2210 = DIRECTION ( 'NONE',  ( 0.000000000000000000, 0.000000000000000000, 1.000000000000000000 ) ) ;
#2211 = AXIS2_PLACEMENT_3D ( 'NONE', #2002, #786, #2518 ) ;
#2212 = ORIENTED_EDGE ( 'NONE', *, *, #2403, .F. ) ;
#2213 = CARTESIAN_POINT ( 'NONE',  ( 0.000000000000000000, 0.000000000000000000, 39.24000000000000199 ) ) ;
#2214 = DIRECTION ( 'NONE',  ( 0.000000000000000000, 0.000000000000000000, 1.000000000000000000 ) ) ;
#2215 = CLOSED_SHELL ( 'NONE', ( #3906, #3103, #4124, #4148, #1452, #1916, #5134, #2866, #2075, #329, #1521, #2281, #426, #3507, #4629, #250, #1514, #4744, #3825, #941, #2250, #1487, #1283, #1650, #2179, #1527, #1931, #3856, #2759, #46, #661, #133, #1663, #212, #4792, #1094, #729, #2612, #4113, #3148, #676, #5147, #4280, #2245, #2713, #1084, #935, #2300, #4016, #1410, #2646, #3628, #1187, #4025, #3665, #2767, #3779, #4144, #5075, #4872, #5066, #3467, #3324, #2598, #5070, #1716, #368, #4131, #4470, #2287, #3315, #4082, #3197, #4333, #3415, #2877, #5051, #4914, #3627, #3583, #3002, #4250, #1398, #3135, #1938, #4343, #4951, #4327, #4598, #2416, #505, #4736, #2817, #603, #780, #1040, #1937, #7, #3816, #3350, #4785, #1982, #4095, #4784, #3621, #456, #1023, #4974, #3678, #2464, #3640, #2134, #2192, #3010, #2166, #3140, #757, #4838, #2275, #3373, #4126, #2054, #359, #2780, #340, #4397, #394, #1169, #1509, #5199, #2720, #3423, #4910, #2172, #1291, #3977, #1670, #2792, #1614, #4593, #1030, #3224 ) ) ;
#2216 = EDGE_CURVE ( 'NONE', #4053, #4367, #1166, .T. ) ;
#2217 = LINE ( 'NONE', #1478, #3902 ) ;
#2218 = DIRECTION ( 'NONE',  ( -1.000000000000000000, 9.912705577010326782E-17, 0.000000000000000000 ) ) ;
#2219 = ORIENTED_EDGE ( 'NONE', *, *, #1073, .T. ) ;
#2220 = CIRCLE ( 'NONE', #3253, 2.600000000000019185 ) ;
#2221 = ORIENTED_EDGE ( 'NONE', *, *, #2908, .T. ) ;
#2222 = CARTESIAN_POINT ( 'NONE',  ( -30.00000000000004974, 24.56999999999999673, 174.8000000000000114 ) ) ;
#2223 = CARTESIAN_POINT ( 'NONE',  ( 25.00000000000006040, 29.57396660327935223, 29.50000000000000000 ) ) ;
#2224 = EDGE_LOOP ( 'NONE', ( #105, #3270, #3872, #3378 ) ) ;
#2225 = AXIS2_PLACEMENT_3D ( 'NONE', #1307, #4543, #4938 ) ;
#2226 = CARTESIAN_POINT ( 'NONE',  ( -44.00000000000000000, 29.57396660327935223, 34.50000000000000000 ) ) ;
#2227 = EDGE_LOOP ( 'NONE', ( #3797, #5083 ) ) ;
#2228 =( GEOMETRIC_REPRESENTATION_CONTEXT ( 3 ) GLOBAL_UNCERTAINTY_ASSIGNED_CONTEXT ( ( #5092 ) ) GLOBAL_UNIT_ASSIGNED_CONTEXT ( ( #1456, #3080, #1484 ) ) REPRESENTATION_CONTEXT ( 'NONE', 'WORKASPACE' ) );
#2229 = VECTOR ( 'NONE', #488, 1000.000000000000000 ) ;
#2230 = EDGE_LOOP ( 'NONE', ( #4846, #3400, #103, #3557 ) ) ;
#2231 = CARTESIAN_POINT ( 'NONE',  ( 25.00000000000006040, 24.56999999999999673, 33.79999999999999005 ) ) ;
#2232 = EDGE_CURVE ( 'NONE', #4550, #1165, #1248, .T. ) ;
#2233 = EDGE_CURVE ( 'NONE', #4731, #2289, #50, .T. ) ;
#2234 = ORIENTED_EDGE ( 'NONE', *, *, #3285, .F. ) ;
#2235 = CARTESIAN_POINT ( 'NONE',  ( 44.00000000000000711, 29.57396660327933802, 170.5000000000000000 ) ) ;
#2236 = VECTOR ( 'NONE', #3174, 1000.000000000000000 ) ;
#2237 = VECTOR ( 'NONE', #2510, 1000.000000000000000 ) ;
#2238 = AXIS2_PLACEMENT_3D ( 'NONE', #3044, #2991, #2967 ) ;
#2239 = VECTOR ( 'NONE', #1225, 1000.000000000000000 ) ;
#2240 = DIRECTION ( 'NONE',  ( 0.000000000000000000, -1.000000000000000000, 0.000000000000000000 ) ) ;
#2241 = EDGE_CURVE ( 'NONE', #3546, #158, #835, .T. ) ;
#2242 = DIRECTION ( 'NONE',  ( 0.000000000000000000, -1.000000000000000000, 0.000000000000000000 ) ) ;
#2243 = AXIS2_PLACEMENT_3D ( 'NONE', #449, #4065, #3204 ) ;
#2244 = ORIENTED_EDGE ( 'NONE', *, *, #4037, .F. ) ;
#2245 = ADVANCED_FACE ( 'NONE', ( #2044, #1649, #779, #3278, #2870, #731 ), #2382, .F. ) ;
#2246 = CARTESIAN_POINT ( 'NONE',  ( 30.00000000000006395, 29.57396660327933802, 167.9000000000000057 ) ) ;
#2247 = LINE ( 'NONE', #4706, #4669 ) ;
#2248 = DIRECTION ( 'NONE',  ( -9.912705577010326782E-17, -1.000000000000000000, 0.000000000000000000 ) ) ;
#2249 = VERTEX_POINT ( 'NONE', #2497 ) ;
#2250 = ADVANCED_FACE ( 'NONE', ( #4583 ), #99, .F. ) ;
#2251 = EDGE_LOOP ( 'NONE', ( #4272, #2094 ) ) ;
#2252 = DIRECTION ( 'NONE',  ( -1.000000000000000000, 9.912705577010326782E-17, 4.034240641806530362E-16 ) ) ;
#2253 = CARTESIAN_POINT ( 'NONE',  ( 15.00000000000000355, 29.57396660327935223, 29.50000000000000000 ) ) ;
#2254 = VERTEX_POINT ( 'NONE', #2568 ) ;
#2255 = CARTESIAN_POINT ( 'NONE',  ( 35.00000000000000000, 29.57396660327935223, 29.50000000000000000 ) ) ;
#2256 = PLANE ( 'NONE',  #5105 ) ;
#2257 = VERTEX_POINT ( 'NONE', #79 ) ;
#2258 = ORIENTED_EDGE ( 'NONE', *, *, #328, .T. ) ;
#2259 = PLANE ( 'NONE',  #393 ) ;
#2260 = ORIENTED_EDGE ( 'NONE', *, *, #2120, .T. ) ;
#2261 = LINE ( 'NONE', #1836, #1063 ) ;
#2262 = EDGE_CURVE ( 'NONE', #3167, #718, #2505, .T. ) ;
#2263 = DIRECTION ( 'NONE',  ( 0.000000000000000000, 0.000000000000000000, -1.000000000000000000 ) ) ;
#2264 = DIRECTION ( 'NONE',  ( 0.000000000000000000, 0.000000000000000000, -1.000000000000000000 ) ) ;
#2265 = CARTESIAN_POINT ( 'NONE',  ( -25.00000000000004619, 37.00000000000000000, 166.2000000000000171 ) ) ;
#2266 = VERTEX_POINT ( 'NONE', #569 ) ;
#2267 = CARTESIAN_POINT ( 'NONE',  ( -30.00000000000004974, 37.00000000000000000, 25.19999999999999929 ) ) ;
#2268 = CARTESIAN_POINT ( 'NONE',  ( 25.00000000000006395, 24.56999999999999673, 25.19999999999999218 ) ) ;
#2269 = LINE ( 'NONE', #4309, #886 ) ;
#2270 = ORIENTED_EDGE ( 'NONE', *, *, #4438, .T. ) ;
#2271 = ORIENTED_EDGE ( 'NONE', *, *, #1271, .T. ) ;
#2272 = FACE_BOUND ( 'NONE', #1520, .T. ) ;
#2273 = DIRECTION ( 'NONE',  ( 0.000000000000000000, 0.000000000000000000, -1.000000000000000000 ) ) ;
#2274 = ORIENTED_EDGE ( 'NONE', *, *, #1382, .F. ) ;
#2275 = ADVANCED_FACE ( 'NONE', ( #2932 ), #958, .F. ) ;
#2276 = DIRECTION ( 'NONE',  ( -1.000000000000000000, 0.000000000000000000, -0.000000000000000000 ) ) ;
#2277 = ORIENTED_EDGE ( 'NONE', *, *, #1919, .F. ) ;
#2278 = ORIENTED_EDGE ( 'NONE', *, *, #1858, .F. ) ;
#2279 = DIRECTION ( 'NONE',  ( -1.000000000000000000, -0.000000000000000000, -0.000000000000000000 ) ) ;
#2280 = VERTEX_POINT ( 'NONE', #910 ) ;
#2281 = ADVANCED_FACE ( 'NONE', ( #1774 ), #2072, .F. ) ;
#2282 = DIRECTION ( 'NONE',  ( 1.000000000000000000, 0.000000000000000000, 0.000000000000000000 ) ) ;
#2283 = DIRECTION ( 'NONE',  ( -1.000000000000000000, 0.000000000000000000, 0.000000000000000000 ) ) ;
#2284 = VECTOR ( 'NONE', #4873, 1000.000000000000000 ) ;
#2285 = EDGE_CURVE ( 'NONE', #1215, #4213, #129, .T. ) ;
#2286 = DIRECTION ( 'NONE',  ( 0.000000000000000000, -0.000000000000000000, -1.000000000000000000 ) ) ;
#2287 = ADVANCED_FACE ( 'NONE', ( #3699 ), #4138, .T. ) ;
#2288 = ORIENTED_EDGE ( 'NONE', *, *, #773, .F. ) ;
#2289 = VERTEX_POINT ( 'NONE', #2955 ) ;
#2290 = AXIS2_PLACEMENT_3D ( 'NONE', #1056, #4332, #1522 ) ;
#2291 = DIRECTION ( 'NONE',  ( 9.912705577010326782E-17, 1.000000000000000000, 0.000000000000000000 ) ) ;
#2292 = EDGE_CURVE ( 'NONE', #3703, #665, #796, .T. ) ;
#2293 = DIRECTION ( 'NONE',  ( 0.000000000000000000, 0.000000000000000000, 1.000000000000000000 ) ) ;
#2294 = AXIS2_PLACEMENT_3D ( 'NONE', #4304, #4325, #3462 ) ;
#2295 = CARTESIAN_POINT ( 'NONE',  ( -9.999999999999980460, -40.00000000000000000, 137.7540842689818135 ) ) ;
#2296 = EDGE_LOOP ( 'NONE', ( #3347, #4896 ) ) ;
#2297 = ORIENTED_EDGE ( 'NONE', *, *, #3984, .T. ) ;
#2298 = SURFACE_STYLE_FILL_AREA ( #2594 ) ;
#2299 = ORIENTED_EDGE ( 'NONE', *, *, #264, .F. ) ;
#2300 = ADVANCED_FACE ( 'NONE', ( #2148, #2897 ), #4538, .T. ) ;
#2301 = FACE_BOUND ( 'NONE', #4711, .T. ) ;
#2302 = ORIENTED_EDGE ( 'NONE', *, *, #2089, .F. ) ;
#2303 = ORIENTED_EDGE ( 'NONE', *, *, #4000, .T. ) ;
#2305 = VECTOR ( 'NONE', #2363, 1000.000000000000000 ) ;
#2304 = CARTESIAN_POINT ( 'NONE',  ( 2.292272046096004878, -40.00000000000000000, 45.21593817948308924 ) ) ;
#2306 = VERTEX_POINT ( 'NONE', #3793 ) ;
#2307 = FACE_OUTER_BOUND ( 'NONE', #253, .T. ) ;
#2308 = CIRCLE ( 'NONE', #3000, 12.50000000000000355 ) ;
#2309 = CIRCLE ( 'NONE', #4682, 2.600000000000019185 ) ;
#2310 = DIRECTION ( 'NONE',  ( -1.000000000000000000, -0.000000000000000000, -0.000000000000000000 ) ) ;
#2312 = CARTESIAN_POINT ( 'NONE',  ( 0.000000000000000000, 0.000000000000000000, 37.24000000000000199 ) ) ;
#2311 = CIRCLE ( 'NONE', #4097, 5.000000000000004441 ) ;
#2313 = AXIS2_PLACEMENT_3D ( 'NONE', #4457, #3274, #2039 ) ;
#2314 = FACE_OUTER_BOUND ( 'NONE', #2674, .T. ) ;
#2315 = DIRECTION ( 'NONE',  ( 0.000000000000000000, -1.000000000000000000, -0.000000000000000000 ) ) ;
#2316 = ORIENTED_EDGE ( 'NONE', *, *, #4369, .T. ) ;
#2317 = CIRCLE ( 'NONE', #1896, 8.000000000000000000 ) ;
#2318 = AXIS2_PLACEMENT_3D ( 'NONE', #795, #2400, #3655 ) ;
#2319 = CARTESIAN_POINT ( 'NONE',  ( -13.75000000000062350, -40.00000000000000000, 170.2540842689818135 ) ) ;
#2320 = PLANE ( 'NONE',  #4673 ) ;
#2321 = CARTESIAN_POINT ( 'NONE',  ( -25.00000000000005684, -30.76603339672067605, 170.4999999999999716 ) ) ;
#2322 = VERTEX_POINT ( 'NONE', #3772 ) ;
#2323 = B_SPLINE_CURVE_WITH_KNOTS ( 'NONE', 3,
 ( #1739, #4145, #4099, #4493, #4970, #4171 ),
 .UNSPECIFIED., .F., .F.,
 ( 4, 1, 1, 4 ),
 ( 0.000000000000000000, 0.1635294581522475366, 0.4619405783742899230, 1.000000000000000000 ),
 .UNSPECIFIED. ) ;
#2324 = ORIENTED_EDGE ( 'NONE', *, *, #5042, .F. ) ;
#2325 = DIRECTION ( 'NONE',  ( 1.000000000000000000, 0.000000000000000000, -1.214306433183764966E-16 ) ) ;
#2326 = CARTESIAN_POINT ( 'NONE',  ( -27.00000000000001066, 11.99999999999999645, 15.00000000000001421 ) ) ;
#2327 = ORIENTED_EDGE ( 'NONE', *, *, #4494, .F. ) ;
#2328 = CARTESIAN_POINT ( 'NONE',  ( -25.00000000000005684, 29.57396660327933802, 173.1000000000000227 ) ) ;
#2329 = EDGE_LOOP ( 'NONE', ( #1508, #1387, #687, #4759 ) ) ;
#2330 = EDGE_CURVE ( 'NONE', #771, #692, #3377, .T. ) ;
#2331 = ORIENTED_EDGE ( 'NONE', *, *, #3970, .F. ) ;
#2332 = CARTESIAN_POINT ( 'NONE',  ( 25.00000000000006395, 33.24999999999999289, 174.8000000000000114 ) ) ;
#2333 = ORIENTED_EDGE ( 'NONE', *, *, #2483, .F. ) ;
#2334 = LINE ( 'NONE', #3948, #2624 ) ;
#2335 = CARTESIAN_POINT ( 'NONE',  ( 2.688821387764050996E-14, -45.00000000000000000, 93.99555720042791052 ) ) ;
#2336 = DIRECTION ( 'NONE',  ( 1.000000000000000000, 0.000000000000000000, -0.000000000000000000 ) ) ;
#2337 = FACE_OUTER_BOUND ( 'NONE', #3413, .T. ) ;
#2338 = CARTESIAN_POINT ( 'NONE',  ( 44.00000000000000711, 29.57396660327935223, 32.09999999999999432 ) ) ;
#2339 = EDGE_CURVE ( 'NONE', #3353, #276, #2519, .T. ) ;
#2340 = VERTEX_POINT ( 'NONE', #2117 ) ;
#2341 = PLANE ( 'NONE',  #4157 ) ;
#2342 = CARTESIAN_POINT ( 'NONE',  ( 15.00000000000001954, 30.49999999999999645, 168.0705016673893226 ) ) ;
#2343 = DIRECTION ( 'NONE',  ( 0.000000000000000000, 0.000000000000000000, -1.000000000000000000 ) ) ;
#2344 = FACE_OUTER_BOUND ( 'NONE', #3810, .T. ) ;
#2345 = ORIENTED_EDGE ( 'NONE', *, *, #4351, .T. ) ;
#2346 = EDGE_LOOP ( 'NONE', ( #985, #1673, #229, #72 ) ) ;
#2347 = LINE ( 'NONE', #3108, #2123 ) ;
#2348 = CARTESIAN_POINT ( 'NONE',  ( 30.00000000000005684, -25.57000000000000384, 33.79999999999999005 ) ) ;
#2349 = CARTESIAN_POINT ( 'NONE',  ( 44.00000000000000711, 29.57396660327933802, 170.5000000000000000 ) ) ;
#2350 = CARTESIAN_POINT ( 'NONE',  ( -44.00000000000000000, -30.76603339672065829, 34.50000000000002842 ) ) ;
#2351 = EDGE_CURVE ( 'NONE', #330, #2460, #1725, .T. ) ;
#2352 = EDGE_CURVE ( 'NONE', #3546, #255, #3974, .T. ) ;
#2353 = VERTEX_POINT ( 'NONE', #1803 ) ;
#2354 = ORIENTED_EDGE ( 'NONE', *, *, #1770, .F. ) ;
#2355 = CARTESIAN_POINT ( 'NONE',  ( -44.00000000000000000, -30.76603339672067605, 170.4999999999999716 ) ) ;
#2356 = ORIENTED_EDGE ( 'NONE', *, *, #3694, .T. ) ;
#2357 = CARTESIAN_POINT ( 'NONE',  ( -30.00000000000004974, 24.56999999999999673, 25.19999999999999929 ) ) ;
#2358 = EDGE_CURVE ( 'NONE', #2995, #4306, #3915, .T. ) ;
#2359 = DIRECTION ( 'NONE',  ( 0.000000000000000000, 0.000000000000000000, -1.000000000000000000 ) ) ;
#2360 = DIRECTION ( 'NONE',  ( 0.000000000000000000, -0.000000000000000000, -1.000000000000000000 ) ) ;
#2361 = CARTESIAN_POINT ( 'NONE',  ( -5.502973107383305695, -45.00000000000000000, 34.64066149181523713 ) ) ;
#2362 = CARTESIAN_POINT ( 'NONE',  ( 44.00000000000000711, -30.76603339672067605, 170.4999999999999716 ) ) ;
#2363 = DIRECTION ( 'NONE',  ( 1.000000000000000000, 0.000000000000000000, 0.000000000000000000 ) ) ;
#2364 = VERTEX_POINT ( 'NONE', #2670 ) ;
#2365 = CARTESIAN_POINT ( 'NONE',  ( -25.00000000000005329, -25.57000000000000384, 33.79999999999999716 ) ) ;
#2366 = EDGE_CURVE ( 'NONE', #4731, #271, #1467, .T. ) ;
#2367 = DIRECTION ( 'NONE',  ( 0.000000000000000000, 0.000000000000000000, -1.000000000000000000 ) ) ;
#2368 = FACE_OUTER_BOUND ( 'NONE', #3820, .T. ) ;
#2369 = AXIS2_PLACEMENT_3D ( 'NONE', #1607, #3239, #2430 ) ;
#2370 = VERTEX_POINT ( 'NONE', #3913 ) ;
#2371 = LINE ( 'NONE', #3290, #4408 ) ;
#2372 = EDGE_CURVE ( 'NONE', #672, #2927, #322, .T. ) ;
#2373 = EDGE_LOOP ( 'NONE', ( #2331, #4459, #4026, #2981 ) ) ;
#2374 = CARTESIAN_POINT ( 'NONE',  ( -9.999999999999980460, -45.00000000000000000, 150.2540842689818135 ) ) ;
#2375 = AXIS2_PLACEMENT_3D ( 'NONE', #3311, #4551, #2109 ) ;
#2376 = ORIENTED_EDGE ( 'NONE', *, *, #2366, .T. ) ;
#2377 = LINE ( 'NONE', #4901, #1726 ) ;
#2378 = ORIENTED_EDGE ( 'NONE', *, *, #2358, .F. ) ;
#2379 = VECTOR ( 'NONE', #4040, 1000.000000000000114 ) ;
#2380 = EDGE_CURVE ( 'NONE', #3532, #3384, #543, .T. ) ;
#2381 = EDGE_LOOP ( 'NONE', ( #3406, #5138, #1856, #5154, #167, #375 ) ) ;
#2382 = PLANE ( 'NONE',  #2930 ) ;
#2383 = EDGE_LOOP ( 'NONE', ( #4129, #5061 ) ) ;
#2384 = VECTOR ( 'NONE', #3787, 1000.000000000000000 ) ;
#2385 = DIRECTION ( 'NONE',  ( 9.912705577010326782E-17, 1.000000000000000000, -0.000000000000000000 ) ) ;
#2386 = CIRCLE ( 'NONE', #1967, 5.000000000000004441 ) ;
#2387 = DIRECTION ( 'NONE',  ( 0.000000000000000000, 0.000000000000000000, -1.000000000000000000 ) ) ;
#2388 = FACE_OUTER_BOUND ( 'NONE', #4075, .T. ) ;
#2389 = DIRECTION ( 'NONE',  ( -1.000000000000000000, -0.000000000000000000, -0.000000000000000000 ) ) ;
#2390 = CARTESIAN_POINT ( 'NONE',  ( -34.99999999999999289, -30.76603339672065829, 32.10000000000002274 ) ) ;
#2391 = LINE ( 'NONE', #3545, #707 ) ;
#2392 = AXIS2_PLACEMENT_3D ( 'NONE', #4300, #4717, #4641 ) ;
#2393 = ORIENTED_EDGE ( 'NONE', *, *, #670, .F. ) ;
#2394 = EDGE_CURVE ( 'NONE', #2289, #4347, #1807, .T. ) ;
#2395 = AXIS2_PLACEMENT_3D ( 'NONE', #2253, #4295, #4313 ) ;
#2396 = CIRCLE ( 'NONE', #3001, 2.600000000000019185 ) ;
#2397 = CARTESIAN_POINT ( 'NONE',  ( -44.00000000000000000, 29.57396660327933802, 170.5000000000000000 ) ) ;
#2398 = CARTESIAN_POINT ( 'NONE',  ( 44.00000000000000711, 29.57396660327933802, 173.1000000000000227 ) ) ;
#2399 = DIRECTION ( 'NONE',  ( 1.000000000000000000, -9.912705577010326782E-17, -4.034240641806529869E-16 ) ) ;
#2400 = DIRECTION ( 'NONE',  ( -1.000000000000000000, -0.000000000000000000, -0.000000000000000000 ) ) ;
#2401 = AXIS2_PLACEMENT_3D ( 'NONE', #2596, #341, #5084 ) ;
#2402 = AXIS2_PLACEMENT_3D ( 'NONE', #474, #3619, #3592 ) ;
#2403 = EDGE_CURVE ( 'NONE', #2463, #2939, #3813, .T. ) ;
#2404 = ORIENTED_EDGE ( 'NONE', *, *, #1344, .T. ) ;
#2405 = CARTESIAN_POINT ( 'NONE',  ( -34.99999999999999289, 29.57396660327933802, 170.5000000000000000 ) ) ;
#2406 = EDGE_LOOP ( 'NONE', ( #654, #566, #803, #4500 ) ) ;
#2407 = VECTOR ( 'NONE', #2737, 999.9999999999998863 ) ;
#2408 = CARTESIAN_POINT ( 'NONE',  ( -14.49702689261668986, -40.00000000000000000, 34.64066149181522292 ) ) ;
#2409 = ORIENTED_EDGE ( 'NONE', *, *, #440, .F. ) ;
#2410 = CYLINDRICAL_SURFACE ( 'NONE', #1219, 2.600000000000019185 ) ;
#2411 = ORIENTED_EDGE ( 'NONE', *, *, #1391, .F. ) ;
#2412 = ORIENTED_EDGE ( 'NONE', *, *, #2687, .T. ) ;
#2413 = CYLINDRICAL_SURFACE ( 'NONE', #1564, 3.087849374226486532 ) ;
#2414 = EDGE_LOOP ( 'NONE', ( #2692, #2545, #1241, #1133 ) ) ;
#2415 = CARTESIAN_POINT ( 'NONE',  ( -34.99999999999999289, 29.57396660327935223, 34.50000000000000000 ) ) ;
#2416 = ADVANCED_FACE ( 'NONE', ( #2691, #3006 ), #4657, .F. ) ;
#2417 = CARTESIAN_POINT ( 'NONE',  ( -13.75000000000064304, -40.00000000000000000, 6.283902117984744795E-16 ) ) ;
#2418 = CYLINDRICAL_SURFACE ( 'NONE', #4418, 2.599999999999998312 ) ;
#2419 = DIRECTION ( 'NONE',  ( -1.000000000000000000, -0.000000000000000000, -0.000000000000000000 ) ) ;
#2420 = CARTESIAN_POINT ( 'NONE',  ( -44.00000000000000000, -30.76603339672067605, 170.4999999999999716 ) ) ;
#2421 = LINE ( 'NONE', #157, #130 ) ;
#2422 = EDGE_CURVE ( 'NONE', #1159, #1958, #615, .T. ) ;
#2423 = EDGE_CURVE ( 'NONE', #1125, #4139, #987, .T. ) ;
#2424 = ORIENTED_EDGE ( 'NONE', *, *, #4208, .T. ) ;
#2425 = FACE_OUTER_BOUND ( 'NONE', #2043, .T. ) ;
#2426 = DIRECTION ( 'NONE',  ( 1.166360781536057966E-16, 0.000000000000000000, 1.000000000000000000 ) ) ;
#2427 = FACE_BOUND ( 'NONE', #5036, .T. ) ;
#2428 = CYLINDRICAL_SURFACE ( 'NONE', #2318, 2.599999999999998312 ) ;
#2429 = ORIENTED_EDGE ( 'NONE', *, *, #2542, .F. ) ;
#2430 = DIRECTION ( 'NONE',  ( -1.000000000000000000, 0.000000000000000000, 0.000000000000000000 ) ) ;
#2431 = ORIENTED_EDGE ( 'NONE', *, *, #2476, .T. ) ;
#2432 = DIRECTION ( 'NONE',  ( 9.912705577010326782E-17, 1.000000000000000000, 0.000000000000000000 ) ) ;
#2433 = CARTESIAN_POINT ( 'NONE',  ( -0.4808539244941091306, -40.00000000000000000, 40.63102305124120761 ) ) ;
#2434 = EDGE_CURVE ( 'NONE', #3190, #98, #3337, .T. ) ;
#2435 = CARTESIAN_POINT ( 'NONE',  ( -5.199999999999996625, 5.000000000000004441, 96.99777860021393394 ) ) ;
#2436 = MANIFOLD_SOLID_BREP ( 'Boss.-Extru.3[4]', #2050 ) ;
#2437 = ORIENTED_EDGE ( 'NONE', *, *, #264, .T. ) ;
#2438 = ORIENTED_EDGE ( 'NONE', *, *, #4980, .T. ) ;
#2439 = CARTESIAN_POINT ( 'NONE',  ( -13.75000000000063949, -40.00000000000000000, 29.74591573101822206 ) ) ;
#2440 = EDGE_CURVE ( 'NONE', #2463, #674, #1126, .T. ) ;
#2441 = EDGE_LOOP ( 'NONE', ( #1290, #3666, #22, #1083 ) ) ;
#2442 = DIRECTION ( 'NONE',  ( 0.000000000000000000, 0.000000000000000000, -1.000000000000000000 ) ) ;
#2443 = B_SPLINE_CURVE_WITH_KNOTS ( 'NONE', 3,
 ( #2169, #3394, #3788, #2515, #5003, #1294, #4134, #1371, #509, #2999, #2950, #4112, #4607, #982, #2112, #3738, #1717, #2589, #4555, #4956, #4212, #586 ),
 .UNSPECIFIED., .F., .F.,
 ( 4, 2, 2, 2, 2, 2, 2, 2, 2, 2, 4 ),
 ( 0.000000000000000000, 0.0007862285647350789400, 0.001572457129470157880, 0.002358685694205236820, 0.002751799976572774989, 0.003144914258940312724, 0.003538028541307850893, 0.003931142823675388628, 0.004717371388410449354, 0.005503599953145510947, 0.006289828517880562998 ),
 .UNSPECIFIED. ) ;
#2444 = ORIENTED_EDGE ( 'NONE', *, *, #841, .T. ) ;
#2445 = DIRECTION ( 'NONE',  ( -1.000000000000000000, 9.912705577010326782E-17, -4.034240641806530362E-16 ) ) ;
#2446 = CARTESIAN_POINT ( 'NONE',  ( -9.999999999999980460, -40.00000000000000000, 150.2540842689818135 ) ) ;
#2447 = DIRECTION ( 'NONE',  ( 3.755786496842893535E-15, 0.000000000000000000, -1.000000000000000000 ) ) ;
#2448 = CARTESIAN_POINT ( 'NONE',  ( -9.999999999999992895, -38.00000000000000000, 47.24591573101818653 ) ) ;
#2449 = DIRECTION ( 'NONE',  ( -1.000000000000000000, 0.000000000000000000, 0.000000000000000000 ) ) ;
#2450 = DIRECTION ( 'NONE',  ( 1.214306433183764966E-16, -1.203706215242022408E-32, 1.000000000000000000 ) ) ;
#2451 = CARTESIAN_POINT ( 'NONE',  ( -6.249999999999329425, -40.00000000000000000, 200.0000000000000284 ) ) ;
#2452 = DIRECTION ( 'NONE',  ( -1.000000000000000000, -0.000000000000000000, -0.000000000000000000 ) ) ;
#2453 = ORIENTED_EDGE ( 'NONE', *, *, #4668, .T. ) ;
#2454 = CARTESIAN_POINT ( 'NONE',  ( 0.000000000000000000, 0.000000000000000000, 5.000000000000000000 ) ) ;
#2455 = VERTEX_POINT ( 'NONE', #1878 ) ;
#2456 = DIRECTION ( 'NONE',  ( -1.000000000000000000, -0.000000000000000000, -0.000000000000000000 ) ) ;
#2457 = DIRECTION ( 'NONE',  ( 1.214306433183764966E-16, 0.000000000000000000, 1.000000000000000000 ) ) ;
#2458 = VECTOR ( 'NONE', #3299, 1000.000000000000000 ) ;
#2459 = CARTESIAN_POINT ( 'NONE',  ( -25.00000000000005684, 29.57396660327935223, 32.09999999999999432 ) ) ;
#2460 = VERTEX_POINT ( 'NONE', #3501 ) ;
#2461 = CIRCLE ( 'NONE', #4745, 2.500000000000002220 ) ;
#2462 = AXIS2_PLACEMENT_3D ( 'NONE', #2632, #5074, #3071 ) ;
#2463 = VERTEX_POINT ( 'NONE', #4794 ) ;
#2464 = ADVANCED_FACE ( 'NONE', ( #435 ), #1066, .T. ) ;
#2465 = CARTESIAN_POINT ( 'NONE',  ( -13.75000000000063949, -40.00000000000000000, 29.74591573101822206 ) ) ;
#2466 = EDGE_LOOP ( 'NONE', ( #3122, #504, #1694, #5194 ) ) ;
#2467 = CARTESIAN_POINT ( 'NONE',  ( 0.000000000000000000, 0.000000000000000000, 5.000000000000000000 ) ) ;
#2468 = AXIS2_PLACEMENT_3D ( 'NONE', #5127, #657, #5048 ) ;
#2469 = EDGE_CURVE ( 'NONE', #276, #4376, #4733, .T. ) ;
#2470 = ORIENTED_EDGE ( 'NONE', *, *, #2423, .F. ) ;
#2472 = VECTOR ( 'NONE', #1845, 1000.000000000000000 ) ;
#2471 = CARTESIAN_POINT ( 'NONE',  ( -14.99999999999999822, 26.00000000000000000, 0.000000000000000000 ) ) ;
#2473 = CYLINDRICAL_SURFACE ( 'NONE', #3766, 4.999999999999976907 ) ;
#2474 = DIRECTION ( 'NONE',  ( 0.000000000000000000, -1.000000000000000000, 0.000000000000000000 ) ) ;
#2475 = AXIS2_PLACEMENT_3D ( 'NONE', #342, #1101, #2710 ) ;
#2476 = EDGE_CURVE ( 'NONE', #611, #3510, #804, .T. ) ;
#2477 = CARTESIAN_POINT ( 'NONE',  ( 25.00000000000006040, 24.56999999999999673, 33.79999999999999005 ) ) ;
#2478 = VECTOR ( 'NONE', #4352, 1000.000000000000000 ) ;
#2479 = VECTOR ( 'NONE', #3774, 1000.000000000000000 ) ;
#2480 = CARTESIAN_POINT ( 'NONE',  ( -27.00000000000001066, 9.999999999999996447, 15.00000000000001421 ) ) ;
#2481 = DIRECTION ( 'NONE',  ( 0.000000000000000000, -1.000000000000000000, -0.000000000000000000 ) ) ;
#2482 = CARTESIAN_POINT ( 'NONE',  ( 0.000000000000000000, 0.000000000000000000, 39.24000000000000199 ) ) ;
#2483 = EDGE_CURVE ( 'NONE', #2145, #1489, #2751, .T. ) ;
#2484 = VECTOR ( 'NONE', #2197, 1000.000000000000227 ) ;
#2485 = ORIENTED_EDGE ( 'NONE', *, *, #1188, .F. ) ;
#2486 = DIRECTION ( 'NONE',  ( 0.000000000000000000, 0.000000000000000000, -1.000000000000000000 ) ) ;
#2487 = VERTEX_POINT ( 'NONE', #4425 ) ;
#2488 = DIRECTION ( 'NONE',  ( 1.000000000000000000, 0.000000000000000000, 0.000000000000000000 ) ) ;
#2489 = DIRECTION ( 'NONE',  ( 0.000000000000000000, 0.000000000000000000, -1.000000000000000000 ) ) ;
#2490 = CIRCLE ( 'NONE', #1304, 2.600000000000019185 ) ;
#2491 = CIRCLE ( 'NONE', #1305, 5.000000000000004441 ) ;
#2492 = CARTESIAN_POINT ( 'NONE',  ( 35.00000000000000000, 34.49999999999998579, 0.000000000000000000 ) ) ;
#2493 = EDGE_CURVE ( 'NONE', #2150, #15, #3610, .T. ) ;
#2494 = ORIENTED_EDGE ( 'NONE', *, *, #3498, .T. ) ;
#2495 = AXIS2_PLACEMENT_3D ( 'NONE', #2020, #4770, #3587 ) ;
#2496 = ORIENTED_EDGE ( 'NONE', *, *, #4633, .T. ) ;
#2497 = CARTESIAN_POINT ( 'NONE',  ( 30.00000000000005329, -30.76603339672065829, 32.10000000000002274 ) ) ;
#2498 = ORIENTED_EDGE ( 'NONE', *, *, #1876, .T. ) ;
#2499 =( NAMED_UNIT ( * ) SI_UNIT ( $, .STERADIAN. ) SOLID_ANGLE_UNIT ( ) );
#2500 = VECTOR ( 'NONE', #2052, 1000.000000000000000 ) ;
#2501 = EDGE_CURVE ( 'NONE', #4331, #1189, #4093, .T. ) ;
#2502 = ORIENTED_EDGE ( 'NONE', *, *, #62, .F. ) ;
#2503 = CARTESIAN_POINT ( 'NONE',  ( -5.200000000000018829, 5.000000000000004441, 103.0022213997860518 ) ) ;
#2504 = ORIENTED_EDGE ( 'NONE', *, *, #918, .F. ) ;
#2505 = B_SPLINE_CURVE_WITH_KNOTS ( 'NONE', 3,
 ( #885, #930, #4904, #1752, #4084, #3720 ),
 .UNSPECIFIED., .F., .F.,
 ( 4, 1, 1, 4 ),
 ( 0.000000000000000000, 0.1635294581522475366, 0.4619405783742899230, 1.000000000000000000 ),
 .UNSPECIFIED. ) ;
#2506 = PLANE ( 'NONE',  #2576 ) ;
#2507 = LINE ( 'NONE', #2129, #4841 ) ;
#2508 = CARTESIAN_POINT ( 'NONE',  ( 15.00000000000001954, 29.57396660327933802, 170.5000000000000000 ) ) ;
#2509 =( LENGTH_UNIT ( ) NAMED_UNIT ( * ) SI_UNIT ( .MILLI., .METRE. ) );
#2510 = DIRECTION ( 'NONE',  ( 0.000000000000000000, -1.000000000000000000, -0.000000000000000000 ) ) ;
#2511 = EDGE_LOOP ( 'NONE', ( #1432, #4939, #2863, #3106 ) ) ;
#2512 = LINE ( 'NONE', #606, #3149 ) ;
#2513 = DIRECTION ( 'NONE',  ( 9.912705577010328015E-17, 1.000000000000000000, -0.000000000000000000 ) ) ;
#2514 = DIRECTION ( 'NONE',  ( -1.000000000000000000, 0.000000000000000000, -0.000000000000000000 ) ) ;
#2515 = CARTESIAN_POINT ( 'NONE',  ( 15.09432956865722808, 31.38861111032950646, 31.38044875080053941 ) ) ;
#2516 = ORIENTED_EDGE ( 'NONE', *, *, #4969, .F. ) ;
#2517 = ORIENTED_EDGE ( 'NONE', *, *, #1425, .T. ) ;
#2518 = DIRECTION ( 'NONE',  ( 9.912705577010326782E-17, 1.000000000000000000, 0.000000000000000000 ) ) ;
#2519 = LINE ( 'NONE', #512, #1469 ) ;
#2520 = VERTEX_POINT ( 'NONE', #4847 ) ;
#2521 = CARTESIAN_POINT ( 'NONE',  ( -14.49702689261667210, -45.00000000000000000, 165.3593385081847202 ) ) ;
#2522 = DIRECTION ( 'NONE',  ( 9.912705577010326782E-17, 1.000000000000000000, -0.000000000000000000 ) ) ;
#2523 = ORIENTED_EDGE ( 'NONE', *, *, #4654, .F. ) ;
#2524 = CARTESIAN_POINT ( 'NONE',  ( -25.00000000000005684, 29.57396660327933802, 167.9000000000000057 ) ) ;
#2525 = CARTESIAN_POINT ( 'NONE',  ( 44.00000000000000711, 29.57396660327933802, 170.5000000000000000 ) ) ;
#2526 = DIRECTION ( 'NONE',  ( 0.000000000000000000, 0.000000000000000000, 1.000000000000000000 ) ) ;
#2527 = DIRECTION ( 'NONE',  ( 9.912705577010326782E-17, 1.000000000000000000, -0.000000000000000000 ) ) ;
#2528 = CARTESIAN_POINT ( 'NONE',  ( -22.49999999999998579, -45.00000000000000000, 150.2540842689817850 ) ) ;
#2529 = ORIENTED_EDGE ( 'NONE', *, *, #4917, .F. ) ;
#2530 = CARTESIAN_POINT ( 'NONE',  ( -27.00000000000001066, 11.99999999999999645, 15.00000000000001421 ) ) ;
#2531 = CARTESIAN_POINT ( 'NONE',  ( -44.00000000000000000, -30.76603339672065829, 29.50000000000002487 ) ) ;
#2532 = CARTESIAN_POINT ( 'NONE',  ( 0.000000000000000000, 0.000000000000000000, 39.24000000000000199 ) ) ;
#2533 = DIRECTION ( 'NONE',  ( 0.000000000000000000, -1.000000000000000000, -0.000000000000000000 ) ) ;
#2534 = EDGE_LOOP ( 'NONE', ( #2809, #309 ) ) ;
#2535 = ORIENTED_EDGE ( 'NONE', *, *, #4533, .T. ) ;
#2536 = PLANE ( 'NONE',  #3486 ) ;
#2537 = CARTESIAN_POINT ( 'NONE',  ( -1.232149303222383638E-15, 24.56999999999999673, 0.000000000000000000 ) ) ;
#2538 = VECTOR ( 'NONE', #4742, 1000.000000000000000 ) ;
#2539 = ORIENTED_EDGE ( 'NONE', *, *, #4260, .F. ) ;
#2540 = DIRECTION ( 'NONE',  ( 0.000000000000000000, 0.000000000000000000, 1.000000000000000000 ) ) ;
#2541 = CIRCLE ( 'NONE', #2803, 2.600000000000019185 ) ;
#2542 = EDGE_CURVE ( 'NONE', #4293, #2280, #468, .T. ) ;
#2543 = ORIENTED_EDGE ( 'NONE', *, *, #1779, .T. ) ;
#2544 = DIRECTION ( 'NONE',  ( 0.000000000000000000, 0.000000000000000000, -1.000000000000000000 ) ) ;
#2545 = ORIENTED_EDGE ( 'NONE', *, *, #1841, .T. ) ;
#2546 = AXIS2_PLACEMENT_3D ( 'NONE', #1440, #1862, #1817 ) ;
#2547 = FACE_OUTER_BOUND ( 'NONE', #131, .T. ) ;
#2548 = EDGE_CURVE ( 'NONE', #3800, #984, #16, .T. ) ;
#2549 = EDGE_CURVE ( 'NONE', #1567, #1799, #2142, .T. ) ;
#2550 = AXIS2_PLACEMENT_3D ( 'NONE', #4840, #1129, #2745 ) ;
#2551 = DIRECTION ( 'NONE',  ( 0.000000000000000000, 0.000000000000000000, 1.000000000000000000 ) ) ;
#2552 = CARTESIAN_POINT ( 'NONE',  ( 30.00000000000006395, 24.56999999999999673, 25.19999999999999218 ) ) ;
#2553 = AXIS2_PLACEMENT_3D ( 'NONE', #119, #3736, #952 ) ;
#2554 = FACE_BOUND ( 'NONE', #2037, .T. ) ;
#2555 = EDGE_CURVE ( 'NONE', #5034, #1783, #2562, .T. ) ;
#2556 = ORIENTED_EDGE ( 'NONE', *, *, #2846, .T. ) ;
#2557 = CIRCLE ( 'NONE', #3412, 5.000000000000000888 ) ;
#2558 = DIRECTION ( 'NONE',  ( -1.000000000000000000, 0.000000000000000000, -0.000000000000000000 ) ) ;
#2559 = CARTESIAN_POINT ( 'NONE',  ( -6.249999999999353406, -40.00000000000000000, -2.775557561562891351E-14 ) ) ;
#2560 = CARTESIAN_POINT ( 'NONE',  ( 25.00000000000005329, -45.00000000000000000, 25.19999999999999218 ) ) ;
#2561 = LINE ( 'NONE', #2492, #805 ) ;
#2562 = CIRCLE ( 'NONE', #5104, 2.599999999999998312 ) ;
#2563 = VECTOR ( 'NONE', #3244, 1000.000000000000000 ) ;
#2564 = VERTEX_POINT ( 'NONE', #4029 ) ;
#2565 = EDGE_LOOP ( 'NONE', ( #3887, #1435, #4737, #345 ) ) ;
#2566 = AXIS2_PLACEMENT_3D ( 'NONE', #1369, #2336, #312 ) ;
#2567 = DIRECTION ( 'NONE',  ( 0.000000000000000000, -0.000000000000000000, -1.000000000000000000 ) ) ;
#2569 = AXIS2_PLACEMENT_3D ( 'NONE', #5186, #1555, #2770 ) ;
#2568 = CARTESIAN_POINT ( 'NONE',  ( -30.00000000000006040, -45.00000000000000000, 174.8000000000000114 ) ) ;
#2570 = EDGE_LOOP ( 'NONE', ( #1033, #545, #613, #1866 ) ) ;
#2571 = CARTESIAN_POINT ( 'NONE',  ( -14.49702689261667210, -40.00000000000000000, 165.3593385081847202 ) ) ;
#2572 = DIRECTION ( 'NONE',  ( 0.000000000000000000, 0.000000000000000000, 1.000000000000000000 ) ) ;
#2573 = CIRCLE ( 'NONE', #301, 2.599999999999998312 ) ;
#2574 = VERTEX_POINT ( 'NONE', #2348 ) ;
#2575 = CARTESIAN_POINT ( 'NONE',  ( -30.00000000000004619, 29.57396660327933802, 167.9000000000000057 ) ) ;
#2577 = ORIENTED_EDGE ( 'NONE', *, *, #2351, .F. ) ;
#2576 = AXIS2_PLACEMENT_3D ( 'NONE', #4123, #4991, #1737 ) ;
#2578 = EDGE_CURVE ( 'NONE', #4367, #333, #3635, .T. ) ;
#2579 = FACE_OUTER_BOUND ( 'NONE', #934, .T. ) ;
#2580 = CARTESIAN_POINT ( 'NONE',  ( 30.00000000000005329, -45.00000000000000000, 33.79999999999999005 ) ) ;
#2581 = EDGE_CURVE ( 'NONE', #1584, #2108, #4817, .T. ) ;
#2582 = DIRECTION ( 'NONE',  ( 1.000000000000000000, -9.912705577010326782E-17, 0.000000000000000000 ) ) ;
#2583 = FILL_AREA_STYLE ('',( #4227 ) ) ;
#2584 = EDGE_CURVE ( 'NONE', #1780, #849, #291, .T. ) ;
#2585 = ORIENTED_EDGE ( 'NONE', *, *, #4215, .F. ) ;
#2586 = DIRECTION ( 'NONE',  ( -1.000000000000000000, 0.000000000000000000, 0.000000000000000000 ) ) ;
#2587 = PLANE ( 'NONE',  #2066 ) ;
#2588 = CYLINDRICAL_SURFACE ( 'NONE', #4587, 2.600000000000019185 ) ;
#2589 = CARTESIAN_POINT ( 'NONE',  ( 15.14248711357389254, 31.56924173241404930, 27.81305951426535827 ) ) ;
#2590 = ORIENTED_EDGE ( 'NONE', *, *, #2678, .F. ) ;
#2591 = ORIENTED_EDGE ( 'NONE', *, *, #4481, .T. ) ;
#2592 = EDGE_CURVE ( 'NONE', #5067, #1366, #1587, .T. ) ;
#2593 = PLANE ( 'NONE',  #4918 ) ;
#2594 = FILL_AREA_STYLE ('',( #1408 ) ) ;
#2595 = ORIENTED_EDGE ( 'NONE', *, *, #4475, .F. ) ;
#2596 = CARTESIAN_POINT ( 'NONE',  ( -30.00000000000004619, 29.57396660327935223, 29.50000000000000000 ) ) ;
#2597 = DIRECTION ( 'NONE',  ( -1.000000000000000000, 9.912705577010326782E-17, -4.034240641806530362E-16 ) ) ;
#2598 = ADVANCED_FACE ( 'NONE', ( #4394 ), #3964, .F. ) ;
#2599 = ORIENTED_EDGE ( 'NONE', *, *, #3475, .T. ) ;
#2600 = DIRECTION ( 'NONE',  ( 0.000000000000000000, -0.000000000000000000, -1.000000000000000000 ) ) ;
#2601 = ORIENTED_EDGE ( 'NONE', *, *, #1439, .F. ) ;
#2602 = PLANE ( 'NONE',  #1995 ) ;
#2603 = CARTESIAN_POINT ( 'NONE',  ( -13.75000000000061995, -40.00000000000000000, 200.0000000000000284 ) ) ;
#2604 = CARTESIAN_POINT ( 'NONE',  ( 25.00000000000006395, 24.56999999999999673, 174.8000000000000114 ) ) ;
#2605 = EDGE_LOOP ( 'NONE', ( #307, #1249 ) ) ;
#2606 = EDGE_CURVE ( 'NONE', #255, #2455, #2308, .T. ) ;
#2607 = DIRECTION ( 'NONE',  ( 0.000000000000000000, 0.000000000000000000, 1.000000000000000000 ) ) ;
#2608 = CARTESIAN_POINT ( 'NONE',  ( -29.60000000000000853, 9.999999999999996447, 15.00000000000001421 ) ) ;
#2609 = FACE_OUTER_BOUND ( 'NONE', #1927, .T. ) ;
#2610 = LINE ( 'NONE', #5032, #2061 ) ;
#2611 = ORIENTED_EDGE ( 'NONE', *, *, #492, .F. ) ;
#2612 = ADVANCED_FACE ( 'NONE', ( #486 ), #1242, .F. ) ;
#2613 = VERTEX_POINT ( 'NONE', #1320 ) ;
#2614 = CARTESIAN_POINT ( 'NONE',  ( -5.000000000000010658, 19.49999999999999645, 100.0000000000000142 ) ) ;
#2615 = CARTESIAN_POINT ( 'NONE',  ( 35.00000000000000000, 29.57396660327933802, 170.5000000000000000 ) ) ;
#2616 = ORIENTED_EDGE ( 'NONE', *, *, #4404, .F. ) ;
#2617 = CARTESIAN_POINT ( 'NONE',  ( 44.00000000000000711, 29.57396660327935223, 29.50000000000000000 ) ) ;
#2618 = ORIENTED_EDGE ( 'NONE', *, *, #3879, .T. ) ;
#2619 = EDGE_CURVE ( 'NONE', #1318, #1018, #3715, .T. ) ;
#2620 = ORIENTED_EDGE ( 'NONE', *, *, #4351, .F. ) ;
#2621 = DIRECTION ( 'NONE',  ( -1.000000000000000000, -0.000000000000000000, -0.000000000000000000 ) ) ;
#2622 = EDGE_LOOP ( 'NONE', ( #3240, #988 ) ) ;
#2623 = CARTESIAN_POINT ( 'NONE',  ( -34.99999999999999289, -30.76603339672067605, 173.0999999999999943 ) ) ;
#2624 = VECTOR ( 'NONE', #3440, 1000.000000000000000 ) ;
#2625 = AXIS2_PLACEMENT_3D ( 'NONE', #1773, #1751, #5037 ) ;
#2626 = CIRCLE ( 'NONE', #2462, 2.599999999999998312 ) ;
#2627 = DIRECTION ( 'NONE',  ( -1.000000000000000000, -0.000000000000000000, -0.000000000000000000 ) ) ;
#2628 = LINE ( 'NONE', #4889, #4605 ) ;
#2629 = DIRECTION ( 'NONE',  ( -4.034240641806529869E-16, 1.881140875913114420E-31, 1.000000000000000000 ) ) ;
#2630 = VECTOR ( 'NONE', #3364, 1000.000000000000000 ) ;
#2631 = ORIENTED_EDGE ( 'NONE', *, *, #761, .T. ) ;
#2632 = CARTESIAN_POINT ( 'NONE',  ( -34.99999999999999289, -30.76603339672065829, 29.50000000000002487 ) ) ;
#2633 = AXIS2_PLACEMENT_3D ( 'NONE', #1424, #2665, #5107 ) ;
#2634 = CARTESIAN_POINT ( 'NONE',  ( -25.00000000000005684, -45.00000000000000000, 33.79999999999999716 ) ) ;
#2635 = LINE ( 'NONE', #3495, #4437 ) ;
#2636 = ORIENTED_EDGE ( 'NONE', *, *, #4994, .T. ) ;
#2637 = VECTOR ( 'NONE', #2481, 1000.000000000000000 ) ;
#2638 = EDGE_LOOP ( 'NONE', ( #993, #2028, #1806, #1085 ) ) ;
#2639 = CARTESIAN_POINT ( 'NONE',  ( 44.00000000000000711, -30.76603339672067605, 173.0999999999999943 ) ) ;
#2640 = DIRECTION ( 'NONE',  ( -1.000000000000000000, -0.000000000000000000, -0.000000000000000000 ) ) ;
#2641 = ORIENTED_EDGE ( 'NONE', *, *, #4958, .F. ) ;
#2642 = VECTOR ( 'NONE', #2279, 1000.000000000000000 ) ;
#2643 = CARTESIAN_POINT ( 'NONE',  ( 15.36704607234239894, 32.17381175402879023, 170.6341571385063958 ) ) ;
#2644 = AXIS2_PLACEMENT_3D ( 'NONE', #1754, #3379, #4586 ) ;
#2645 = FACE_BOUND ( 'NONE', #597, .T. ) ;
#2646 = ADVANCED_FACE ( 'NONE', ( #94, #2889 ), #2972, .T. ) ;
#2647 = ORIENTED_EDGE ( 'NONE', *, *, #2847, .T. ) ;
#2648 = AXIS2_PLACEMENT_3D ( 'NONE', #3995, #802, #5225 ) ;
#2649 = CIRCLE ( 'NONE', #137, 4.999999999999976907 ) ;
#2650 = ORIENTED_EDGE ( 'NONE', *, *, #2241, .F. ) ;
#2651 = DIRECTION ( 'NONE',  ( 0.000000000000000000, 0.000000000000000000, 1.000000000000000000 ) ) ;
#2652 = ORIENTED_EDGE ( 'NONE', *, *, #3110, .T. ) ;
#2653 = CYLINDRICAL_SURFACE ( 'NONE', #517, 2.500000000000000000 ) ;
#2654 = CIRCLE ( 'NONE', #2566, 2.599999999999998312 ) ;
#2655 = AXIS2_PLACEMENT_3D ( 'NONE', #2829, #407, #4419 ) ;
#2656 = CIRCLE ( 'NONE', #2238, 2.600000000000019185 ) ;
#2657 = VECTOR ( 'NONE', #2522, 1000.000000000000000 ) ;
#2658 = DIRECTION ( 'NONE',  ( 0.000000000000000000, 0.000000000000000000, -1.000000000000000000 ) ) ;
#2659 = EDGE_CURVE ( 'NONE', #4985, #4511, #3170, .T. ) ;
#2660 = DIRECTION ( 'NONE',  ( -0.000000000000000000, -0.000000000000000000, 1.000000000000000000 ) ) ;
#2661 = DIRECTION ( 'NONE',  ( -1.000000000000000000, -0.000000000000000000, -0.000000000000000000 ) ) ;
#2662 = AXIS2_PLACEMENT_3D ( 'NONE', #4283, #1466, #1915 ) ;
#2663 = VERTEX_POINT ( 'NONE', #950 ) ;
#2664 = LINE ( 'NONE', #4726, #1360 ) ;
#2665 = DIRECTION ( 'NONE',  ( 1.000000000000000000, 0.000000000000000000, 0.000000000000000000 ) ) ;
#2666 = LINE ( 'NONE', #1872, #1127 ) ;
#2667 = ORIENTED_EDGE ( 'NONE', *, *, #3551, .F. ) ;
#2668 = ORIENTED_EDGE ( 'NONE', *, *, #1271, .F. ) ;
#2669 = CARTESIAN_POINT ( 'NONE',  ( 35.00000000000000000, 29.57396660327935223, 29.50000000000000000 ) ) ;
#2670 = CARTESIAN_POINT ( 'NONE',  ( -30.00000000000005329, 37.00000000000000711, 174.8000000000000114 ) ) ;
#2671 = ORIENTED_EDGE ( 'NONE', *, *, #3359, .F. ) ;
#2672 = DIRECTION ( 'NONE',  ( -0.8660254037844401509, 0.000000000000000000, 0.4999999999999972800 ) ) ;
#2673 = ORIENTED_EDGE ( 'NONE', *, *, #2733, .F. ) ;
#2674 = EDGE_LOOP ( 'NONE', ( #764, #2556, #2976, #1988 ) ) ;
#2675 = LINE ( 'NONE', #1091, #477 ) ;
#2676 = ORIENTED_EDGE ( 'NONE', *, *, #1429, .F. ) ;
#2677 = DIRECTION ( 'NONE',  ( -1.000000000000000000, -0.000000000000000000, -0.000000000000000000 ) ) ;
#2678 = EDGE_CURVE ( 'NONE', #1157, #901, #2730, .T. ) ;
#2679 = FACE_OUTER_BOUND ( 'NONE', #746, .T. ) ;
#2680 = DIRECTION ( 'NONE',  ( -1.000000000000000000, -0.000000000000000000, -0.000000000000000000 ) ) ;
#2681 = ORIENTED_EDGE ( 'NONE', *, *, #1374, .F. ) ;
#2682 = EDGE_CURVE ( 'NONE', #1175, #3849, #1551, .T. ) ;
#2683 = CARTESIAN_POINT ( 'NONE',  ( 44.00000000000000711, 29.57396660327935223, 29.50000000000000000 ) ) ;
#2684 = CARTESIAN_POINT ( 'NONE',  ( -30.00000000000006040, -45.00000000000000000, 25.19999999999999929 ) ) ;
#2685 = CYLINDRICAL_SURFACE ( 'NONE', #5196, 4.999999999999976907 ) ;
#2686 = EDGE_CURVE ( 'NONE', #4511, #4985, #3590, .T. ) ;
#2687 = EDGE_CURVE ( 'NONE', #5079, #1224, #3693, .T. ) ;
#2688 = ORIENTED_EDGE ( 'NONE', *, *, #4335, .F. ) ;
#2689 = ORIENTED_EDGE ( 'NONE', *, *, #821, .F. ) ;
#2690 =( NAMED_UNIT ( * ) SI_UNIT ( $, .STERADIAN. ) SOLID_ANGLE_UNIT ( ) );
#2691 = FACE_BOUND ( 'NONE', #4536, .T. ) ;
#2692 = ORIENTED_EDGE ( 'NONE', *, *, #1277, .T. ) ;
#2693 = LINE ( 'NONE', #3477, #4677 ) ;
#2694 = VERTEX_POINT ( 'NONE', #1264 ) ;
#2695 = ORIENTED_EDGE ( 'NONE', *, *, #4303, .T. ) ;
#2696 = CARTESIAN_POINT ( 'NONE',  ( 2.292272046096004878, -45.00000000000000000, 45.21593817948308924 ) ) ;
#2697 = ORIENTED_EDGE ( 'NONE', *, *, #77, .F. ) ;
#2698 = DIRECTION ( 'NONE',  ( -0.000000000000000000, -1.000000000000000000, -0.000000000000000000 ) ) ;
#2699 = PRODUCT ( 'Under carriage tripod mount', 'Under carriage tripod mount', '', ( #2888 ) ) ;
#2700 = CARTESIAN_POINT ( 'NONE',  ( -34.99999999999999289, -30.76603339672067605, 170.4999999999999716 ) ) ;
#2701 = FACE_OUTER_BOUND ( 'NONE', #2784, .T. ) ;
#2702 = VECTOR ( 'NONE', #4801, 1000.000000000000000 ) ;
#2703 = CARTESIAN_POINT ( 'NONE',  ( 35.00000000000000000, 34.49999999999998579, 0.000000000000000000 ) ) ;
#2704 = DIRECTION ( 'NONE',  ( -1.000000000000000000, -0.000000000000000000, -0.000000000000000000 ) ) ;
#2705 = EDGE_CURVE ( 'NONE', #1588, #1946, #4007, .T. ) ;
#2706 = EDGE_LOOP ( 'NONE', ( #76, #126, #1905, #298 ) ) ;
#2707 = VECTOR ( 'NONE', #1766, 1000.000000000000000 ) ;
#2708 = DIRECTION ( 'NONE',  ( 0.000000000000000000, 0.000000000000000000, 1.000000000000000000 ) ) ;
#2709 = PRODUCT_DEFINITION_FORMATION_WITH_SPECIFIED_SOURCE ( 'ANY', '', #2699, .NOT_KNOWN. ) ;
#2710 = DIRECTION ( 'NONE',  ( 0.000000000000000000, 0.000000000000000000, 1.000000000000000000 ) ) ;
#2711 = AXIS2_PLACEMENT_3D ( 'NONE', #257, #2263, #211 ) ;
#2712 = CARTESIAN_POINT ( 'NONE',  ( 44.00000000000000711, 29.57396660327933802, 170.5000000000000000 ) ) ;
#2713 = ADVANCED_FACE ( 'NONE', ( #2922 ), #528, .T. ) ;
#2714 = VERTEX_POINT ( 'NONE', #3342 ) ;
#2715 = VECTOR ( 'NONE', #1293, 1000.000000000000000 ) ;
#2716 = ORIENTED_EDGE ( 'NONE', *, *, #2352, .F. ) ;
#2717 = DIRECTION ( 'NONE',  ( -0.000000000000000000, -1.000000000000000000, -0.000000000000000000 ) ) ;
#2718 = DIRECTION ( 'NONE',  ( 1.000000000000000000, 0.000000000000000000, 0.000000000000000000 ) ) ;
#2719 = ORIENTED_EDGE ( 'NONE', *, *, #2941, .T. ) ;
#2720 = ADVANCED_FACE ( 'NONE', ( #1639 ), #903, .F. ) ;
#2721 = FACE_BOUND ( 'NONE', #820, .T. ) ;
#2722 = AXIS2_PLACEMENT_3D ( 'NONE', #3235, #1523, #4365 ) ;
#2723 = ORIENTED_EDGE ( 'NONE', *, *, #5174, .T. ) ;
#2724 = ORIENTED_EDGE ( 'NONE', *, *, #2760, .F. ) ;
#2726 = VECTOR ( 'NONE', #5041, 1000.000000000000000 ) ;
#2725 = LINE ( 'NONE', #2203, #626 ) ;
#2727 = EDGE_CURVE ( 'NONE', #1873, #851, #1556, .T. ) ;
#2728 = ORIENTED_EDGE ( 'NONE', *, *, #163, .T. ) ;
#2729 = CARTESIAN_POINT ( 'NONE',  ( -34.99999999999999289, -30.76603339672065829, 29.50000000000002487 ) ) ;
#2730 = CIRCLE ( 'NONE', #3837, 5.000000000000000888 ) ;
#2731 = VECTOR ( 'NONE', #3696, 1000.000000000000000 ) ;
#2732 = CARTESIAN_POINT ( 'NONE',  ( -34.99999999999999289, 29.57396660327933802, 165.5000000000000284 ) ) ;
#2733 = EDGE_CURVE ( 'NONE', #4122, #80, #2110, .T. ) ;
#2735 = FACE_OUTER_BOUND ( 'NONE', #2182, .T. ) ;
#2734 = AXIS2_PLACEMENT_3D ( 'NONE', #2905, #4407, #398 ) ;
#2736 = CIRCLE ( 'NONE', #3182, 2.599999999999998312 ) ;
#2737 = DIRECTION ( 'NONE',  ( -0.8660254037844365982, 0.000000000000000000, -0.5000000000000035527 ) ) ;
#2738 = CARTESIAN_POINT ( 'NONE',  ( 2.292272046096018645, -45.00000000000000000, 154.7840618205169108 ) ) ;
#2739 = ORIENTED_EDGE ( 'NONE', *, *, #3575, .T. ) ;
#2740 = CIRCLE ( 'NONE', #3432, 5.000000000000004441 ) ;
#2741 = AXIS2_PLACEMENT_3D ( 'NONE', #3482, #2621, #2651 ) ;
#2742 = DIRECTION ( 'NONE',  ( -1.000000000000000000, -0.000000000000000000, -0.000000000000000000 ) ) ;
#2743 = EDGE_CURVE ( 'NONE', #2204, #2370, #2064, .T. ) ;
#2744 = EDGE_CURVE ( 'NONE', #1879, #4982, #73, .T. ) ;
#2745 = DIRECTION ( 'NONE',  ( 0.000000000000000000, -0.000000000000000000, 1.000000000000000000 ) ) ;
#2746 = AXIS2_PLACEMENT_3D ( 'NONE', #2964, #4518, #4911 ) ;
#2747 = DIRECTION ( 'NONE',  ( -1.000000000000000000, 0.000000000000000000, 0.000000000000000000 ) ) ;
#2748 = EDGE_LOOP ( 'NONE', ( #3457, #3310 ) ) ;
#2749 = ORIENTED_EDGE ( 'NONE', *, *, #2285, .F. ) ;
#2750 = CARTESIAN_POINT ( 'NONE',  ( -30.00000000000006040, -30.76603339672065829, 29.50000000000002487 ) ) ;
#2751 = LINE ( 'NONE', #1160, #4344 ) ;
#2752 = ORIENTED_EDGE ( 'NONE', *, *, #3575, .F. ) ;
#2753 = DIRECTION ( 'NONE',  ( 9.912705577010326782E-17, 1.000000000000000000, 0.000000000000000000 ) ) ;
#2754 = VERTEX_POINT ( 'NONE', #1343 ) ;
#2755 = EDGE_CURVE ( 'NONE', #1879, #1753, #4574, .T. ) ;
#2756 = VERTEX_POINT ( 'NONE', #3272 ) ;
#2757 = ORIENTED_EDGE ( 'NONE', *, *, #2394, .F. ) ;
#2758 = CARTESIAN_POINT ( 'NONE',  ( 44.00000000000000711, 29.57396660327933802, 167.9000000000000057 ) ) ;
#2759 = ADVANCED_FACE ( 'NONE', ( #1795, #4210, #4326, #704 ), #5029, .F. ) ;
#2760 = EDGE_CURVE ( 'NONE', #1165, #2694, #3175, .T. ) ;
#2761 = DIRECTION ( 'NONE',  ( 0.000000000000000000, -1.000000000000000000, -0.000000000000000000 ) ) ;
#2762 = CARTESIAN_POINT ( 'NONE',  ( 8.000000000000000000, 9.797174393178825657E-16, 0.000000000000000000 ) ) ;
#2763 = CYLINDRICAL_SURFACE ( 'NONE', #3261, 4.999999999999976907 ) ;
#2764 = FACE_OUTER_BOUND ( 'NONE', #4311, .T. ) ;
#2765 = CARTESIAN_POINT ( 'NONE',  ( -30.00000000000005684, -25.57000000000000384, 33.79999999999999716 ) ) ;
#2766 = ORIENTED_EDGE ( 'NONE', *, *, #2165, .F. ) ;
#2767 = ADVANCED_FACE ( 'NONE', ( #3786, #1494 ), #3519, .F. ) ;
#2768 = DIRECTION ( 'NONE',  ( 0.000000000000000000, 0.000000000000000000, -1.000000000000000000 ) ) ;
#2769 = CARTESIAN_POINT ( 'NONE',  ( 30.00000000000006395, 24.56999999999999673, 166.2000000000000171 ) ) ;
#2770 = DIRECTION ( 'NONE',  ( -1.000000000000000000, 0.000000000000000000, 0.000000000000000000 ) ) ;
#2771 = EDGE_CURVE ( 'NONE', #4213, #1215, #2654, .T. ) ;
#2772 = EDGE_LOOP ( 'NONE', ( #3968, #4834, #2668, #493, #4647, #2502, #5073, #3439, #688, #838, #4959, #3450, #47, #3279, #4115, #1263 ) ) ;
#2773 = DIRECTION ( 'NONE',  ( -1.000000000000000000, 9.912705577010326782E-17, -0.000000000000000000 ) ) ;
#2774 = ORIENTED_EDGE ( 'NONE', *, *, #2380, .F. ) ;
#2775 = CARTESIAN_POINT ( 'NONE',  ( -35.00000000000000000, -45.00000000000000000, 200.0000000000000000 ) ) ;
#2776 = DIRECTION ( 'NONE',  ( -1.000000000000000000, 0.000000000000000000, 0.000000000000000000 ) ) ;
#2777 = CARTESIAN_POINT ( 'NONE',  ( -4.500000000000000000, 0.000000000000000000, 37.24000000000000199 ) ) ;
#2778 = DIRECTION ( 'NONE',  ( -1.000000000000000000, -0.000000000000000000, -0.000000000000000000 ) ) ;
#2779 = EDGE_CURVE ( 'NONE', #4655, #2289, #3920, .T. ) ;
#2780 = ADVANCED_FACE ( 'NONE', ( #3142 ), #4778, .F. ) ;
#2781 = EDGE_LOOP ( 'NONE', ( #834, #4515 ) ) ;
#2782 = EDGE_LOOP ( 'NONE', ( #3046, #3217 ) ) ;
#2783 = CARTESIAN_POINT ( 'NONE',  ( -30.00000000000005684, -25.57000000000000384, 174.8000000000000114 ) ) ;
#2784 = EDGE_LOOP ( 'NONE', ( #3375, #1110 ) ) ;
#2785 = CYLINDRICAL_SURFACE ( 'NONE', #3143, 2.600000000000019185 ) ;
#2786 = ADVANCED_FACE ( 'NONE', ( #336 ), #1121, .T. ) ;
#2787 = CARTESIAN_POINT ( 'NONE',  ( 25.00000000000004974, -30.76603339672065829, 29.50000000000002487 ) ) ;
#2788 = CARTESIAN_POINT ( 'NONE',  ( -35.00000000000000000, -45.00000000000000000, 200.0000000000000000 ) ) ;
#2789 = DIRECTION ( 'NONE',  ( 0.000000000000000000, -1.000000000000000000, 0.000000000000000000 ) ) ;
#2790 = DIRECTION ( 'NONE',  ( 0.000000000000000000, 0.000000000000000000, 1.000000000000000000 ) ) ;
#2791 = CARTESIAN_POINT ( 'NONE',  ( 2.500000000000021760, -40.00000000000000000, 150.2540842689818135 ) ) ;
#2792 = ADVANCED_FACE ( 'NONE', ( #169, #2701 ), #2587, .T. ) ;
#2793 = ORIENTED_EDGE ( 'NONE', *, *, #1051, .T. ) ;
#2794 = LINE ( 'NONE', #1658, #2982 ) ;
#2795 = PLANE ( 'NONE',  #1308 ) ;
#2796 = CARTESIAN_POINT ( 'NONE',  ( -44.00000000000000000, 29.57396660327935223, 29.50000000000000000 ) ) ;
#2797 = CARTESIAN_POINT ( 'NONE',  ( 35.00000000000000000, 34.49999999999998579, 0.000000000000000000 ) ) ;
#2798 = VECTOR ( 'NONE', #1940, 1000.000000000000000 ) ;
#2799 = EDGE_LOOP ( 'NONE', ( #587, #4149, #305, #2986 ) ) ;
#2800 = DIRECTION ( 'NONE',  ( 0.000000000000000000, 1.000000000000000000, 0.000000000000000000 ) ) ;
#2801 = VERTEX_POINT ( 'NONE', #5000 ) ;
#2802 = CARTESIAN_POINT ( 'NONE',  ( -19.51914607550587633, -45.00000000000000000, 40.63102305124120761 ) ) ;
#2803 = AXIS2_PLACEMENT_3D ( 'NONE', #2920, #561, #583 ) ;
#2804 = ADVANCED_FACE ( 'NONE', ( #1545 ), #2763, .T. ) ;
#2805 = DIRECTION ( 'NONE',  ( 0.000000000000000000, 0.000000000000000000, 1.000000000000000000 ) ) ;
#2806 = DIRECTION ( 'NONE',  ( 1.000000000000000000, -0.000000000000000000, -0.000000000000000000 ) ) ;
#2807 = ORIENTED_EDGE ( 'NONE', *, *, #2606, .F. ) ;
#2808 = AXIS2_PLACEMENT_3D ( 'NONE', #4125, #1788, #3409 ) ;
#2809 = ORIENTED_EDGE ( 'NONE', *, *, #239, .T. ) ;
#2810 = DIRECTION ( 'NONE',  ( 0.000000000000000000, 0.000000000000000000, -1.000000000000000000 ) ) ;
#2811 = ORIENTED_EDGE ( 'NONE', *, *, #2330, .F. ) ;
#2812 = CIRCLE ( 'NONE', #1117, 2.600000000000019185 ) ;
#2813 = CARTESIAN_POINT ( 'NONE',  ( -24.40000000000001279, 9.999999999999996447, 15.00000000000001421 ) ) ;
#2814 =( GEOMETRIC_REPRESENTATION_CONTEXT ( 3 ) GLOBAL_UNCERTAINTY_ASSIGNED_CONTEXT ( ( #1859 ) ) GLOBAL_UNIT_ASSIGNED_CONTEXT ( ( #2509, #2858, #4972 ) ) REPRESENTATION_CONTEXT ( 'NONE', 'WORKASPACE' ) );
#2815 = CARTESIAN_POINT ( 'NONE',  ( -24.40000000000001279, 11.99999999999999645, 15.00000000000001421 ) ) ;
#2816 = CARTESIAN_POINT ( 'NONE',  ( 4.500000000000000000, 5.510910596163088569E-16, 5.000000000000000000 ) ) ;
#2817 = ADVANCED_FACE ( 'NONE', ( #1918, #2735 ), #1890, .F. ) ;
#2818 = LINE ( 'NONE', #1679, #1389 ) ;
#2819 = DIRECTION ( 'NONE',  ( 0.000000000000000000, 0.000000000000000000, 1.000000000000000000 ) ) ;
#2820 = CARTESIAN_POINT ( 'NONE',  ( -0.4808539244940948643, -45.00000000000000000, 159.3689769487588137 ) ) ;
#2821 = AXIS2_PLACEMENT_3D ( 'NONE', #3867, #5081, #2273 ) ;
#2822 = AXIS2_PLACEMENT_3D ( 'NONE', #365, #4329, #3229 ) ;
#2823 = EDGE_LOOP ( 'NONE', ( #5112, #2671, #1496, #1757, #430, #1412, #857, #1996, #4464, #3522, #338, #3657, #3033, #752, #1908, #390 ) ) ;
#2824 = CIRCLE ( 'NONE', #138, 5.000000000000000888 ) ;
#2825 = AXIS2_PLACEMENT_3D ( 'NONE', #3126, #4728, #715 ) ;
#2826 = DIRECTION ( 'NONE',  ( 0.000000000000000000, 0.000000000000000000, -1.000000000000000000 ) ) ;
#2827 = CARTESIAN_POINT ( 'NONE',  ( -34.99999999999999289, -30.76603339672065829, 24.50000000000002487 ) ) ;
#2828 = DIRECTION ( 'NONE',  ( 1.000000000000000000, 0.000000000000000000, 0.000000000000000000 ) ) ;
#2829 = CARTESIAN_POINT ( 'NONE',  ( 44.00000000000000711, -30.76603339672067605, 170.4999999999999716 ) ) ;
#2830 = AXIS2_PLACEMENT_3D ( 'NONE', #2508, #4069, #453 ) ;
#2831 = CIRCLE ( 'NONE', #1898, 2.599999999999998312 ) ;
#2832 = ORIENTED_EDGE ( 'NONE', *, *, #108, .T. ) ;
#2833 = EDGE_CURVE ( 'NONE', #5148, #849, #5151, .T. ) ;
#2834 = DIRECTION ( 'NONE',  ( -0.000000000000000000, -0.000000000000000000, -1.000000000000000000 ) ) ;
#2835 = ORIENTED_EDGE ( 'NONE', *, *, #3644, .T. ) ;
#2836 = CIRCLE ( 'NONE', #4526, 2.599999999999998312 ) ;
#2837 = CARTESIAN_POINT ( 'NONE',  ( 32.00000000000000000, 33.24999999999998579, 3.611118645726066130E-32 ) ) ;
#2838 = DIRECTION ( 'NONE',  ( 0.000000000000000000, 0.000000000000000000, 1.000000000000000000 ) ) ;
#2839 = DIRECTION ( 'NONE',  ( 0.000000000000000000, 0.000000000000000000, -1.000000000000000000 ) ) ;
#2840 = EDGE_LOOP ( 'NONE', ( #1031, #4997, #4571, #1727 ) ) ;
#2841 = EDGE_CURVE ( 'NONE', #271, #4731, #890, .T. ) ;
#2842 = VERTEX_POINT ( 'NONE', #3834 ) ;
#2843 = CARTESIAN_POINT ( 'NONE',  ( 44.00000000000000711, 29.57396660327935223, 26.89999999999999858 ) ) ;
#2844 = ORIENTED_EDGE ( 'NONE', *, *, #5231, .T. ) ;
#2845 = DIRECTION ( 'NONE',  ( 1.000000000000000000, -0.000000000000000000, 0.000000000000000000 ) ) ;
#2846 = EDGE_CURVE ( 'NONE', #331, #1584, #284, .T. ) ;
#2847 = EDGE_CURVE ( 'NONE', #255, #1567, #4748, .T. ) ;
#2848 = EDGE_LOOP ( 'NONE', ( #1560, #2793, #3903, #248, #3638, #3277 ) ) ;
#2849 = CARTESIAN_POINT ( 'NONE',  ( 30.00000000000006395, 24.56999999999999673, 25.19999999999999218 ) ) ;
#2850 = LINE ( 'NONE', #2116, #529 ) ;
#2851 = PLANE ( 'NONE',  #3425 ) ;
#2852 = CARTESIAN_POINT ( 'NONE',  ( 35.00000000000000000, 29.57396660327933802, 165.5000000000000284 ) ) ;
#2853 = CARTESIAN_POINT ( 'NONE',  ( -44.00000000000000000, 29.57396660327933802, 173.1000000000000227 ) ) ;
#2854 = EDGE_CURVE ( 'NONE', #3281, #682, #2311, .T. ) ;
#2855 = EDGE_CURVE ( 'NONE', #3911, #3008, #3302, .T. ) ;
#2856 = CARTESIAN_POINT ( 'NONE',  ( -25.00000000000006040, -45.00000000000000000, 174.8000000000000114 ) ) ;
#2857 = LINE ( 'NONE', #846, #3266 ) ;
#2858 =( NAMED_UNIT ( * ) PLANE_ANGLE_UNIT ( ) SI_UNIT ( $, .RADIAN. ) );
#2859 = DIRECTION ( 'NONE',  ( -0.000000000000000000, -1.000000000000000000, -0.000000000000000000 ) ) ;
#2860 = EDGE_CURVE ( 'NONE', #674, #2463, #2490, .T. ) ;
#2861 = EDGE_LOOP ( 'NONE', ( #1413, #1833, #4662, #2163 ) ) ;
#2862 = LINE ( 'NONE', #828, #1786 ) ;
#2863 = ORIENTED_EDGE ( 'NONE', *, *, #1789, .F. ) ;
#2864 = DIRECTION ( 'NONE',  ( -1.214306433183764966E-16, 1.203706215242022408E-32, -1.000000000000000000 ) ) ;
#2865 = ORIENTED_EDGE ( 'NONE', *, *, #3128, .F. ) ;
#2866 = ADVANCED_FACE ( 'NONE', ( #1278 ), #27, .F. ) ;
#2867 = CARTESIAN_POINT ( 'NONE',  ( -14.99999999999999289, 29.57396660327935223, 32.09999999999999432 ) ) ;
#2868 = ORIENTED_EDGE ( 'NONE', *, *, #766, .F. ) ;
#2869 = VERTEX_POINT ( 'NONE', #3706 ) ;
#2870 = FACE_BOUND ( 'NONE', #4117, .T. ) ;
#2871 = VERTEX_POINT ( 'NONE', #3675 ) ;
#2872 = DIRECTION ( 'NONE',  ( -0.000000000000000000, -1.000000000000000000, -0.000000000000000000 ) ) ;
#2873 = CARTESIAN_POINT ( 'NONE',  ( -30.00000000000006040, -30.76603339672065829, 26.90000000000002700 ) ) ;
#2874 = ORIENTED_EDGE ( 'NONE', *, *, #239, .F. ) ;
#2875 = DIRECTION ( 'NONE',  ( 1.000000000000000000, -9.912705577010326782E-17, -4.034240641806530362E-16 ) ) ;
#2876 = CARTESIAN_POINT ( 'NONE',  ( 2.500000000000012434, -45.00000000000000000, 49.74591573101819364 ) ) ;
#2877 = ADVANCED_FACE ( 'NONE', ( #1970 ), #5213, .F. ) ;
#2878 = FACE_OUTER_BOUND ( 'NONE', #3003, .T. ) ;
#2879 = APPLICATION_CONTEXT ( 'automotive_design' ) ;
#2880 = LINE ( 'NONE', #4046, #3064 ) ;
#2881 = ADVANCED_FACE ( 'NONE', ( #866 ), #2473, .T. ) ;
#2882 = CARTESIAN_POINT ( 'NONE',  ( -34.99999999999999289, -30.76603339672065829, 29.50000000000002487 ) ) ;
#2883 = CARTESIAN_POINT ( 'NONE',  ( -30.00000000000006040, -45.00000000000000000, 33.79999999999999716 ) ) ;
#2884 = CYLINDRICAL_SURFACE ( 'NONE', #4013, 2.599999999999998312 ) ;
#2885 = ORIENTED_EDGE ( 'NONE', *, *, #4310, .F. ) ;
#2886 = LINE ( 'NONE', #4422, #4572 ) ;
#2887 = ORIENTED_EDGE ( 'NONE', *, *, #1515, .T. ) ;
#2888 = PRODUCT_CONTEXT ( 'NONE', #2879, 'mechanical' ) ;
#2889 = FACE_OUTER_BOUND ( 'NONE', #3608, .T. ) ;
#2890 = CARTESIAN_POINT ( 'NONE',  ( -25.00000000000006040, -45.00000000000000000, 25.19999999999999929 ) ) ;
#2891 = CIRCLE ( 'NONE', #605, 2.600000000000019185 ) ;
#2892 = CARTESIAN_POINT ( 'NONE',  ( -9.999999999999980460, -38.00000000000000000, 147.7540842689818419 ) ) ;
#2893 = VERTEX_POINT ( 'NONE', #4064 ) ;
#2894 = VECTOR ( 'NONE', #2977, 1000.000000000000000 ) ;
#2895 = VECTOR ( 'NONE', #3102, 1000.000000000000000 ) ;
#2896 = ORIENTED_EDGE ( 'NONE', *, *, #4187, .T. ) ;
#2897 = FACE_BOUND ( 'NONE', #156, .T. ) ;
#2898 = ORIENTED_EDGE ( 'NONE', *, *, #1065, .T. ) ;
#2899 = DIRECTION ( 'NONE',  ( 1.000000000000000000, 0.000000000000000000, 0.000000000000000000 ) ) ;
#2900 = LINE ( 'NONE', #2934, #2458 ) ;
#2901 = AXIS2_PLACEMENT_3D ( 'NONE', #452, #2055, #943 ) ;
#2902 = EDGE_CURVE ( 'NONE', #2754, #797, #1625, .T. ) ;
#2904 = CIRCLE ( 'NONE', #2989, 5.000000000000004441 ) ;
#2903 = CARTESIAN_POINT ( 'NONE',  ( 15.00000000000002487, 26.00000000000000000, 200.0000000000000000 ) ) ;
#2905 = CARTESIAN_POINT ( 'NONE',  ( 35.00000000000000000, -30.76603339672065829, 29.50000000000002487 ) ) ;
#2906 = CARTESIAN_POINT ( 'NONE',  ( 30.00000000000005329, -45.00000000000000000, 174.8000000000000114 ) ) ;
#2907 = COLOUR_RGB ( '',0.7921568627450980005, 0.8196078431372548767, 0.9333333333333333481 ) ;
#2908 = EDGE_CURVE ( 'NONE', #651, #2257, #2818, .T. ) ;
#2909 = LINE ( 'NONE', #519, #1197 ) ;
#2910 = VECTOR ( 'NONE', #4060, 1000.000000000000000 ) ;
#2911 = AXIS2_PLACEMENT_3D ( 'NONE', #3431, #4638, #1014 ) ;
#2912 = DIRECTION ( 'NONE',  ( -4.772794125164634648E-48, -4.814824860968089085E-32, -1.000000000000000000 ) ) ;
#2913 = CARTESIAN_POINT ( 'NONE',  ( -8.673617379884035472E-15, 19.49999999999999645, 100.0000000000000142 ) ) ;
#2914 = DIRECTION ( 'NONE',  ( -0.8660254037844365982, 0.000000000000000000, -0.5000000000000035527 ) ) ;
#2915 = COLOUR_RGB ( '',0.7921568627450980005, 0.8196078431372548767, 0.9333333333333333481 ) ;
#2916 = ORIENTED_EDGE ( 'NONE', *, *, #2619, .T. ) ;
#2917 = AXIS2_PLACEMENT_3D ( 'NONE', #75, #806, #775 ) ;
#2918 = EDGE_CURVE ( 'NONE', #526, #565, #3283, .T. ) ;
#2919 = EDGE_CURVE ( 'NONE', #3615, #782, #1474, .T. ) ;
#2920 = CARTESIAN_POINT ( 'NONE',  ( -34.99999999999999289, -30.76603339672067605, 170.4999999999999716 ) ) ;
#2921 = DIRECTION ( 'NONE',  ( 1.000000000000000000, 0.000000000000000000, 0.000000000000000000 ) ) ;
#2922 = FACE_OUTER_BOUND ( 'NONE', #3884, .T. ) ;
#2923 = DIRECTION ( 'NONE',  ( 0.000000000000000000, 0.000000000000000000, -1.000000000000000000 ) ) ;
#2924 = VECTOR ( 'NONE', #3594, 1000.000000000000000 ) ;
#2925 = CIRCLE ( 'NONE', #5117, 2.599999999999998312 ) ;
#2926 = CARTESIAN_POINT ( 'NONE',  ( -44.00000000000000000, 29.57396660327933802, 170.5000000000000000 ) ) ;
#2927 = VERTEX_POINT ( 'NONE', #2003 ) ;
#2928 = AXIS2_PLACEMENT_3D ( 'NONE', #1207, #793, #1284 ) ;
#2929 = B_SPLINE_CURVE_WITH_KNOTS ( 'NONE', 3,
 ( #2876, #4863, #1233, #2361, #4442, #3622 ),
 .UNSPECIFIED., .F., .F.,
 ( 4, 1, 1, 4 ),
 ( 0.000000000000000000, 0.5380594216257100770, 0.8364705418477524912, 1.000000000000000000 ),
 .UNSPECIFIED. ) ;
#2930 = AXIS2_PLACEMENT_3D ( 'NONE', #469, #1328, #4559 ) ;
#2931 = ORIENTED_EDGE ( 'NONE', *, *, #5096, .F. ) ;
#2932 = FACE_OUTER_BOUND ( 'NONE', #4201, .T. ) ;
#2933 = ORIENTED_EDGE ( 'NONE', *, *, #2686, .F. ) ;
#2934 = CARTESIAN_POINT ( 'NONE',  ( -13.75000000000064304, -40.00000000000000000, 6.283902117984744795E-16 ) ) ;
#2935 = AXIS2_PLACEMENT_3D ( 'NONE', #2988, #4169, #939 ) ;
#2936 = ORIENTED_EDGE ( 'NONE', *, *, #1570, .F. ) ;
#2937 = B_SPLINE_CURVE_WITH_KNOTS ( 'NONE', 3,
 ( #3636, #4456, #2433, #4055, #436, #3663 ),
 .UNSPECIFIED., .F., .F.,
 ( 4, 1, 1, 4 ),
 ( 0.000000000000000000, 0.5380594216257100770, 0.8364705418477524912, 1.000000000000000000 ),
 .UNSPECIFIED. ) ;
#2938 = CARTESIAN_POINT ( 'NONE',  ( -30.00000000000005684, -25.57000000000000384, 166.2000000000000171 ) ) ;
#2939 = VERTEX_POINT ( 'NONE', #4466 ) ;
#2940 = FACE_OUTER_BOUND ( 'NONE', #4458, .T. ) ;
#2941 = EDGE_CURVE ( 'NONE', #5043, #1540, #4767, .T. ) ;
#2942 = DIRECTION ( 'NONE',  ( -1.166360781536057966E-16, 0.000000000000000000, -1.000000000000000000 ) ) ;
#2943 = CARTESIAN_POINT ( 'NONE',  ( 32.00000000000000000, 33.24999999999998579, 3.611118645726066130E-32 ) ) ;
#2944 = DIRECTION ( 'NONE',  ( 0.000000000000000000, 1.000000000000000000, -0.000000000000000000 ) ) ;
#2945 = CARTESIAN_POINT ( 'NONE',  ( 0.000000000000000000, 0.000000000000000000, 200.0000000000000000 ) ) ;
#2946 = ORIENTED_EDGE ( 'NONE', *, *, #3186, .T. ) ;
#2947 = FACE_BOUND ( 'NONE', #1329, .T. ) ;
#2948 = DIRECTION ( 'NONE',  ( 0.000000000000000000, 0.000000000000000000, -1.000000000000000000 ) ) ;
#2949 = CARTESIAN_POINT ( 'NONE',  ( -8.673617379884035472E-15, 19.49999999999999645, 100.0000000000000142 ) ) ;
#2950 = CARTESIAN_POINT ( 'NONE',  ( 15.36704607234237763, 32.17381175402879023, 29.63415713850638156 ) ) ;
#2951 = EDGE_CURVE ( 'NONE', #1799, #415, #2929, .T. ) ;
#2952 = ORIENTED_EDGE ( 'NONE', *, *, #4042, .F. ) ;
#2953 = EDGE_LOOP ( 'NONE', ( #776, #2695, #2874, #2068 ) ) ;
#2954 = PLANE ( 'NONE',  #1194 ) ;
#2955 = CARTESIAN_POINT ( 'NONE',  ( 15.00000000000000355, 29.57396660327935223, 26.89999999999999858 ) ) ;
#2956 = ORIENTED_EDGE ( 'NONE', *, *, #3207, .T. ) ;
#2957 = FACE_OUTER_BOUND ( 'NONE', #2102, .T. ) ;
#2958 = LINE ( 'NONE', #61, #1124 ) ;
#2959 = EDGE_CURVE ( 'NONE', #1489, #1372, #817, .T. ) ;
#2960 = VERTEX_POINT ( 'NONE', #1575 ) ;
#2961 = ORIENTED_EDGE ( 'NONE', *, *, #3833, .T. ) ;
#2962 = DIRECTION ( 'NONE',  ( -1.000000000000000000, 0.000000000000000000, -0.000000000000000000 ) ) ;
#2963 = ORIENTED_EDGE ( 'NONE', *, *, #1255, .T. ) ;
#2964 = CARTESIAN_POINT ( 'NONE',  ( 44.00000000000000711, -30.76603339672067605, 170.4999999999999716 ) ) ;
#2965 = CARTESIAN_POINT ( 'NONE',  ( -44.00000000000000000, 29.57396660327935223, 24.49999999999999645 ) ) ;
#2966 = EDGE_CURVE ( 'NONE', #1007, #3721, #4267, .T. ) ;
#2967 = DIRECTION ( 'NONE',  ( 0.000000000000000000, 0.000000000000000000, -1.000000000000000000 ) ) ;
#2968 = SURFACE_STYLE_FILL_AREA ( #166 ) ;
#2969 = CARTESIAN_POINT ( 'NONE',  ( 4.999999999999992895, 19.49999999999999645, 100.0000000000000142 ) ) ;
#2970 = ORIENTED_EDGE ( 'NONE', *, *, #1421, .T. ) ;
#2971 = CARTESIAN_POINT ( 'NONE',  ( 30.00000000000006750, 33.24999999999998579, 25.19999999999999218 ) ) ;
#2972 = PLANE ( 'NONE',  #4263 ) ;
#2973 = DIRECTION ( 'NONE',  ( -1.214306433183764966E-16, -0.000000000000000000, -1.000000000000000000 ) ) ;
#2974 = DIRECTION ( 'NONE',  ( 0.000000000000000000, 0.000000000000000000, -1.000000000000000000 ) ) ;
#2975 = ORIENTED_EDGE ( 'NONE', *, *, #4430, .F. ) ;
#2976 = ORIENTED_EDGE ( 'NONE', *, *, #2581, .T. ) ;
#2977 = DIRECTION ( 'NONE',  ( -1.000000000000000000, -0.000000000000000000, -0.000000000000000000 ) ) ;
#2978 = CARTESIAN_POINT ( 'NONE',  ( -14.49702689261668986, -40.00000000000000000, 34.64066149181522292 ) ) ;
#2979 = ORIENTED_EDGE ( 'NONE', *, *, #1317, .T. ) ;
#2980 = CARTESIAN_POINT ( 'NONE',  ( -13.75000000000062350, -40.00000000000000000, 170.2540842689818135 ) ) ;
#2981 = ORIENTED_EDGE ( 'NONE', *, *, #190, .F. ) ;
#2982 = VECTOR ( 'NONE', #3601, 1000.000000000000000 ) ;
#2983 = ORIENTED_EDGE ( 'NONE', *, *, #3444, .F. ) ;
#2984 = PLANE ( 'NONE',  #1736 ) ;
#2985 = AXIS2_PLACEMENT_3D ( 'NONE', #2669, #5161, #1530 ) ;
#2986 = ORIENTED_EDGE ( 'NONE', *, *, #751, .T. ) ;
#2987 = AXIS2_PLACEMENT_3D ( 'NONE', #703, #2658, #2283 ) ;
#2988 = CARTESIAN_POINT ( 'NONE',  ( 30.00000000000006395, 24.56999999999999673, 174.8000000000000114 ) ) ;
#2989 = AXIS2_PLACEMENT_3D ( 'NONE', #326, #1992, #2805 ) ;
#2990 = DIRECTION ( 'NONE',  ( -1.000000000000000000, -0.000000000000000000, -0.000000000000000000 ) ) ;
#2991 = DIRECTION ( 'NONE',  ( 1.000000000000000000, 0.000000000000000000, 0.000000000000000000 ) ) ;
#2992 = DIRECTION ( 'NONE',  ( 0.000000000000000000, 0.000000000000000000, 1.000000000000000000 ) ) ;
#2993 = VECTOR ( 'NONE', #3710, 1000.000000000000000 ) ;
#2994 = EDGE_CURVE ( 'NONE', #2939, #4375, #633, .T. ) ;
#2995 = VERTEX_POINT ( 'NONE', #1200 ) ;
#2996 = DIRECTION ( 'NONE',  ( -1.000000000000000000, 0.000000000000000000, 0.000000000000000000 ) ) ;
#2997 = DIRECTION ( 'NONE',  ( -1.000000000000000000, -0.000000000000000000, -0.000000000000000000 ) ) ;
#2998 = DIRECTION ( 'NONE',  ( 1.000000000000000000, -9.912705577010326782E-17, -0.000000000000000000 ) ) ;
#2999 = CARTESIAN_POINT ( 'NONE',  ( 15.36238339347395154, 32.16379737993150911, 29.76456076978776366 ) ) ;
#3000 = AXIS2_PLACEMENT_3D ( 'NONE', #1563, #3191, #4552 ) ;
#3001 = AXIS2_PLACEMENT_3D ( 'NONE', #953, #3346, #150 ) ;
#3002 = ADVANCED_FACE ( 'NONE', ( #2025 ), #2851, .T. ) ;
#3003 = EDGE_LOOP ( 'NONE', ( #1325, #2975, #3817, #740 ) ) ;
#3004 = VERTEX_POINT ( 'NONE', #4883 ) ;
#3005 = DIRECTION ( 'NONE',  ( 0.000000000000000000, -1.000000000000000000, 0.000000000000000000 ) ) ;
#3007 = CIRCLE ( 'NONE', #553, 4.000000000000000000 ) ;
#3006 = FACE_OUTER_BOUND ( 'NONE', #2441, .T. ) ;
#3008 = VERTEX_POINT ( 'NONE', #4906 ) ;
#3009 = PLANE ( 'NONE',  #4338 ) ;
#3010 = ADVANCED_FACE ( 'NONE', ( #2957 ), #1947, .T. ) ;
#3011 = AXIS2_PLACEMENT_3D ( 'NONE', #4995, #5049, #601 ) ;
#3012 = VERTEX_POINT ( 'NONE', #539 ) ;
#3013 = VERTEX_POINT ( 'NONE', #2152 ) ;
#3014 = CARTESIAN_POINT ( 'NONE',  ( -30.00000000000006040, -45.00000000000000000, 166.2000000000000171 ) ) ;
#3016 = VERTEX_POINT ( 'NONE', #2074 ) ;
#3015 = VECTOR ( 'NONE', #788, 1000.000000000000000 ) ;
#3017 = DIRECTION ( 'NONE',  ( 0.000000000000000000, 0.000000000000000000, 1.000000000000000000 ) ) ;
#3018 = CARTESIAN_POINT ( 'NONE',  ( 25.00000000000005329, -45.00000000000000000, 174.8000000000000114 ) ) ;
#3019 = DIRECTION ( 'NONE',  ( -4.034240641806529869E-16, -0.000000000000000000, -1.000000000000000000 ) ) ;
#3020 = DIRECTION ( 'NONE',  ( -1.000000000000000000, 9.912705577010326782E-17, 1.214306433183764966E-16 ) ) ;
#3021 = EDGE_CURVE ( 'NONE', #1619, #4789, #3795, .T. ) ;
#3022 = EDGE_CURVE ( 'NONE', #4886, #2322, #386, .T. ) ;
#3023 = ORIENTED_EDGE ( 'NONE', *, *, #4049, .F. ) ;
#3024 = CARTESIAN_POINT ( 'NONE',  ( 25.00000000000004974, -30.76603339672067605, 170.4999999999999716 ) ) ;
#3025 = DIRECTION ( 'NONE',  ( -1.000000000000000000, 9.912705577010326782E-17, 1.214306433183764966E-16 ) ) ;
#3026 = CARTESIAN_POINT ( 'NONE',  ( 30.00000000000006395, 24.56999999999999673, 166.2000000000000171 ) ) ;
#3027 = CARTESIAN_POINT ( 'NONE',  ( -30.00000000000006040, -45.00000000000000000, 174.8000000000000114 ) ) ;
#3028 = EDGE_CURVE ( 'NONE', #3945, #782, #1433, .T. ) ;
#3029 = EDGE_LOOP ( 'NONE', ( #4276, #5182, #1375, #887 ) ) ;
#3030 = EDGE_LOOP ( 'NONE', ( #2114, #1116, #2288, #3712, #1771, #1088, #226, #3136, #5121, #2970, #4342, #2170, #4730, #2591, #1608, #4981, #3895 ) ) ;
#3031 = LINE ( 'NONE', #4634, #4323 ) ;
#3032 = EDGE_CURVE ( 'NONE', #3199, #2520, #4685, .T. ) ;
#3033 = ORIENTED_EDGE ( 'NONE', *, *, #1749, .F. ) ;
#3034 = EDGE_CURVE ( 'NONE', #2018, #1873, #2824, .T. ) ;
#3035 = CARTESIAN_POINT ( 'NONE',  ( 15.14162456149981040, 31.56630734294549967, 172.1906679227667496 ) ) ;
#3036 = CARTESIAN_POINT ( 'NONE',  ( -22.49999999999998579, -40.00000000000000000, 150.2540842689817850 ) ) ;
#3037 = VERTEX_POINT ( 'NONE', #592 ) ;
#3038 = VERTEX_POINT ( 'NONE', #1829 ) ;
#3039 = LINE ( 'NONE', #5146, #2478 ) ;
#3040 = UNCERTAINTY_MEASURE_WITH_UNIT (LENGTH_MEASURE( 1.000000000000000082E-05 ), #2076, 'distance_accuracy_value', 'NONE');
#3041 = ORIENTED_EDGE ( 'NONE', *, *, #1570, .T. ) ;
#3042 = CARTESIAN_POINT ( 'NONE',  ( -35.00000000000000000, -45.00000000000000000, 0.000000000000000000 ) ) ;
#3043 = CARTESIAN_POINT ( 'NONE',  ( -34.99999999999999289, 29.57396660327935223, 29.50000000000000000 ) ) ;
#3044 = CARTESIAN_POINT ( 'NONE',  ( -44.00000000000000000, 29.57396660327933802, 170.5000000000000000 ) ) ;
#3045 =( NAMED_UNIT ( * ) SI_UNIT ( $, .STERADIAN. ) SOLID_ANGLE_UNIT ( ) );
#3046 = ORIENTED_EDGE ( 'NONE', *, *, #3498, .F. ) ;
#3047 = CARTESIAN_POINT ( 'NONE',  ( -27.00000000000000711, 37.00000000000000000, 15.00000000000001421 ) ) ;
#3048 = CARTESIAN_POINT ( 'NONE',  ( 44.00000000000000711, 29.57396660327933802, 170.5000000000000000 ) ) ;
#3049 = DIRECTION ( 'NONE',  ( 9.912705577010326782E-17, 1.000000000000000000, -0.000000000000000000 ) ) ;
#3050 = ORIENTED_EDGE ( 'NONE', *, *, #4195, .T. ) ;
#3051 = ORIENTED_EDGE ( 'NONE', *, *, #5056, .F. ) ;
#3052 = CARTESIAN_POINT ( 'NONE',  ( 30.00000000000006395, 29.57396660327933802, 170.5000000000000000 ) ) ;
#3053 = EDGE_LOOP ( 'NONE', ( #5200, #1645 ) ) ;
#3054 = DIRECTION ( 'NONE',  ( 0.000000000000000000, 0.000000000000000000, -1.000000000000000000 ) ) ;
#3055 = DIRECTION ( 'NONE',  ( -0.000000000000000000, -1.000000000000000000, -0.000000000000000000 ) ) ;
#3056 = ORIENTED_EDGE ( 'NONE', *, *, #1640, .F. ) ;
#3057 = ORIENTED_EDGE ( 'NONE', *, *, #2847, .F. ) ;
#3058 = CARTESIAN_POINT ( 'NONE',  ( 19.00000000000002842, 30.49999999999999645, 200.0000000000000000 ) ) ;
#3059 = ORIENTED_EDGE ( 'NONE', *, *, #567, .T. ) ;
#3060 = PLANE ( 'NONE',  #2662 ) ;
#3061 = AXIS2_PLACEMENT_3D ( 'NONE', #2405, #4052, #770 ) ;
#3062 = EDGE_CURVE ( 'NONE', #1239, #173, #808, .T. ) ;
#3063 = VECTOR ( 'NONE', #227, 1000.000000000000000 ) ;
#3064 = VECTOR ( 'NONE', #1602, 1000.000000000000000 ) ;
#3065 = DIRECTION ( 'NONE',  ( 0.000000000000000000, 0.000000000000000000, 1.000000000000000000 ) ) ;
#3066 = FACE_OUTER_BOUND ( 'NONE', #4797, .T. ) ;
#3067 = CARTESIAN_POINT ( 'NONE',  ( -25.00000000000004619, 24.56999999999999673, 166.2000000000000171 ) ) ;
#3068 = CIRCLE ( 'NONE', #196, 5.000000000000004441 ) ;
#3069 = EDGE_CURVE ( 'NONE', #611, #2756, #1337, .T. ) ;
#3070 = ORIENTED_EDGE ( 'NONE', *, *, #1356, .T. ) ;
#3071 = DIRECTION ( 'NONE',  ( 0.000000000000000000, 0.000000000000000000, -1.000000000000000000 ) ) ;
#3072 = VECTOR ( 'NONE', #3419, 1000.000000000000000 ) ;
#3073 = CARTESIAN_POINT ( 'NONE',  ( 2.500000000000000000, 3.061616997868383141E-16, 37.24000000000000199 ) ) ;
#3074 = DIRECTION ( 'NONE',  ( -1.000000000000000000, 0.000000000000000000, 0.000000000000000000 ) ) ;
#3075 = EDGE_CURVE ( 'NONE', #1399, #3037, #550, .T. ) ;
#3076 = ORIENTED_EDGE ( 'NONE', *, *, #172, .T. ) ;
#3077 = COLOUR_RGB ( '',0.7921568627450980005, 0.8196078431372548767, 0.9333333333333333481 ) ;
#3078 = ORIENTED_EDGE ( 'NONE', *, *, #4438, .F. ) ;
#3079 = DIRECTION ( 'NONE',  ( 0.000000000000000000, -1.000000000000000000, 0.000000000000000000 ) ) ;
#3080 =( NAMED_UNIT ( * ) PLANE_ANGLE_UNIT ( ) SI_UNIT ( $, .RADIAN. ) );
#3081 = ORIENTED_EDGE ( 'NONE', *, *, #4729, .T. ) ;
#3082 = AXIS2_PLACEMENT_3D ( 'NONE', #2537, #3297, #2174 ) ;
#3083 = CARTESIAN_POINT ( 'NONE',  ( 15.33149627632988299, 32.09494691175474657, 169.8506429327204330 ) ) ;
#3084 = VECTOR ( 'NONE', #3455, 1000.000000000000000 ) ;
#3085 = FACE_OUTER_BOUND ( 'NONE', #2466, .T. ) ;
#3086 = EDGE_CURVE ( 'NONE', #984, #3012, #3264, .T. ) ;
#3087 = EDGE_LOOP ( 'NONE', ( #4625, #1134, #2470, #5203 ) ) ;
#3088 = VECTOR ( 'NONE', #4455, 1000.000000000000000 ) ;
#3089 = CIRCLE ( 'NONE', #3680, 2.599999999999998312 ) ;
#3090 = ORIENTED_EDGE ( 'NONE', *, *, #2434, .F. ) ;
#3091 = DIRECTION ( 'NONE',  ( -1.000000000000000000, -0.000000000000000000, -0.000000000000000000 ) ) ;
#3092 = ORIENTED_EDGE ( 'NONE', *, *, #2501, .F. ) ;
#3093 = DIRECTION ( 'NONE',  ( 0.000000000000000000, 0.000000000000000000, 1.000000000000000000 ) ) ;
#3094 = AXIS2_PLACEMENT_3D ( 'NONE', #1767, #1096, #1943 ) ;
#3095 = AXIS2_PLACEMENT_3D ( 'NONE', #3236, #5157, #2747 ) ;
#3096 = AXIS2_PLACEMENT_3D ( 'NONE', #1441, #3566, #1122 ) ;
#3097 = DIRECTION ( 'NONE',  ( -1.000000000000000000, -0.000000000000000000, -0.000000000000000000 ) ) ;
#3098 = ADVANCED_FACE ( 'NONE', ( #371 ), #4021, .F. ) ;
#3099 = DIRECTION ( 'NONE',  ( 0.000000000000000000, -0.000000000000000000, -1.000000000000000000 ) ) ;
#3100 = LINE ( 'NONE', #1792, #1885 ) ;
#3101 = ORIENTED_EDGE ( 'NONE', *, *, #2089, .T. ) ;
#3102 = DIRECTION ( 'NONE',  ( -1.000000000000000000, 9.912705577010325549E-17, -0.000000000000000000 ) ) ;
#3103 = ADVANCED_FACE ( 'NONE', ( #4811 ), #9, .F. ) ;
#3104 = DIRECTION ( 'NONE',  ( -1.000000000000000000, -0.000000000000000000, -0.000000000000000000 ) ) ;
#3105 = FACE_OUTER_BOUND ( 'NONE', #1347, .T. ) ;
#3106 = ORIENTED_EDGE ( 'NONE', *, *, #5220, .F. ) ;
#3107 = VERTEX_POINT ( 'NONE', #1177 ) ;
#3108 = CARTESIAN_POINT ( 'NONE',  ( 44.00000000000000711, 29.57396660327933802, 175.5000000000000000 ) ) ;
#3109 = CARTESIAN_POINT ( 'NONE',  ( -5.502973107383289708, -45.00000000000000000, 165.3593385081847202 ) ) ;
#3110 = EDGE_CURVE ( 'NONE', #316, #15, #57, .T. ) ;
#3111 = ORIENTED_EDGE ( 'NONE', *, *, #1785, .T. ) ;
#3112 = LINE ( 'NONE', #694, #544 ) ;
#3113 = ORIENTED_EDGE ( 'NONE', *, *, #4553, .F. ) ;
#3114 = ORIENTED_EDGE ( 'NONE', *, *, #3230, .T. ) ;
#3115 = DIRECTION ( 'NONE',  ( 1.000000000000000000, -0.000000000000000000, 0.000000000000000000 ) ) ;
#3116 = ORIENTED_EDGE ( 'NONE', *, *, #3952, .F. ) ;
#3117 = DIRECTION ( 'NONE',  ( -1.387778780781445676E-16, -0.000000000000000000, -1.000000000000000000 ) ) ;
#3118 = CARTESIAN_POINT ( 'NONE',  ( -8.000000000000000000, 0.000000000000000000, 5.000000000000000000 ) ) ;
#3119 = CARTESIAN_POINT ( 'NONE',  ( 25.00000000000006395, 24.56999999999999673, 174.8000000000000114 ) ) ;
#3120 = DIRECTION ( 'NONE',  ( -1.000000000000000000, 0.000000000000000000, -0.000000000000000000 ) ) ;
#3121 = CARTESIAN_POINT ( 'NONE',  ( 44.00000000000000711, 29.57396660327933802, 167.9000000000000057 ) ) ;
#3122 = ORIENTED_EDGE ( 'NONE', *, *, #3032, .T. ) ;
#3123 = EDGE_CURVE ( 'NONE', #279, #4028, #3602, .T. ) ;
#3124 = CARTESIAN_POINT ( 'NONE',  ( 35.00000000000000000, 29.57396660327935223, 34.50000000000000000 ) ) ;
#3125 = DIRECTION ( 'NONE',  ( 0.000000000000000000, 0.000000000000000000, -1.000000000000000000 ) ) ;
#3126 = CARTESIAN_POINT ( 'NONE',  ( -35.00000000000000000, 29.57396660327933802, 170.5000000000000000 ) ) ;
#3127 = VERTEX_POINT ( 'NONE', #824 ) ;
#3128 = EDGE_CURVE ( 'NONE', #3127, #115, #899, .T. ) ;
#3129 = ORIENTED_EDGE ( 'NONE', *, *, #1876, .F. ) ;
#3130 = DIRECTION ( 'NONE',  ( -0.000000000000000000, 1.000000000000000000, -0.000000000000000000 ) ) ;
#3131 = CARTESIAN_POINT ( 'NONE',  ( -13.75000000000064126, -40.00000000000000000, 29.74591573101820785 ) ) ;
#3132 = ORIENTED_EDGE ( 'NONE', *, *, #4533, .F. ) ;
#3133 = DIRECTION ( 'NONE',  ( 0.000000000000000000, -0.000000000000000000, -1.000000000000000000 ) ) ;
#3134 = VERTEX_POINT ( 'NONE', #2827 ) ;
#3135 = ADVANCED_FACE ( 'NONE', ( #1581, #4472 ), #2795, .F. ) ;
#3136 = ORIENTED_EDGE ( 'NONE', *, *, #2501, .T. ) ;
#3137 = CARTESIAN_POINT ( 'NONE',  ( -6.249999999999349853, -40.00000000000000000, 29.74591573101819364 ) ) ;
#3138 = EDGE_LOOP ( 'NONE', ( #4578, #2896, #1042, #836, #4675, #3972 ) ) ;
#3139 = LINE ( 'NONE', #4354, #2538 ) ;
#3140 = ADVANCED_FACE ( 'NONE', ( #4449 ), #2030, .T. ) ;
#3141 = DIRECTION ( 'NONE',  ( -1.000000000000000000, 0.000000000000000000, 0.000000000000000000 ) ) ;
#3142 = FACE_OUTER_BOUND ( 'NONE', #3188, .T. ) ;
#3143 = AXIS2_PLACEMENT_3D ( 'NONE', #756, #1541, #3200 ) ;
#3144 = CARTESIAN_POINT ( 'NONE',  ( -30.00000000000004974, 24.56999999999999673, 166.2000000000000171 ) ) ;
#3145 = CARTESIAN_POINT ( 'NONE',  ( -6.249999999999332090, -45.00000000000000000, 170.2540842689818419 ) ) ;
#3146 = ORIENTED_EDGE ( 'NONE', *, *, #2041, .F. ) ;
#3147 = VECTOR ( 'NONE', #2196, 1000.000000000000000 ) ;
#3148 = ADVANCED_FACE ( 'NONE', ( #1603 ), #3287, .F. ) ;
#3149 = VECTOR ( 'NONE', #3806, 1000.000000000000000 ) ;
#3150 = DIRECTION ( 'NONE',  ( 1.000000000000000000, -9.912705577010326782E-17, -0.000000000000000000 ) ) ;
#3151 = FACE_OUTER_BOUND ( 'NONE', #894, .T. ) ;
#3152 = LINE ( 'NONE', #1633, #387 ) ;
#3153 = EDGE_CURVE ( 'NONE', #445, #4880, #2317, .T. ) ;
#3154 = ORIENTED_EDGE ( 'NONE', *, *, #434, .T. ) ;
#3155 = CIRCLE ( 'NONE', #1623, 5.000000000000000888 ) ;
#3156 = ORIENTED_EDGE ( 'NONE', *, *, #2592, .T. ) ;
#3157 = DIRECTION ( 'NONE',  ( 0.000000000000000000, 0.000000000000000000, -1.000000000000000000 ) ) ;
#3158 = CARTESIAN_POINT ( 'NONE',  ( -22.29227204609599866, -40.00000000000000000, 45.21593817948310345 ) ) ;
#3159 = ORIENTED_EDGE ( 'NONE', *, *, #141, .F. ) ;
#3160 = EDGE_CURVE ( 'NONE', #666, #963, #4047, .T. ) ;
#3161 = LINE ( 'NONE', #273, #3084 ) ;
#3162 = AXIS2_PLACEMENT_3D ( 'NONE', #3730, #632, #5024 ) ;
#3163 = ORIENTED_EDGE ( 'NONE', *, *, #1842, .T. ) ;
#3164 = ORIENTED_EDGE ( 'NONE', *, *, #3332, .T. ) ;
#3165 = AXIS2_PLACEMENT_3D ( 'NONE', #2355, #354, #1569 ) ;
#3166 = CARTESIAN_POINT ( 'NONE',  ( -18.62857115188879575, -40.00000000000000000, 160.1975457621030330 ) ) ;
#3167 = VERTEX_POINT ( 'NONE', #1237 ) ;
#3168 = EDGE_CURVE ( 'NONE', #2871, #2340, #2857, .T. ) ;
#3169 = DIRECTION ( 'NONE',  ( -1.000000000000000000, -0.000000000000000000, -0.000000000000000000 ) ) ;
#3170 = CIRCLE ( 'NONE', #5021, 4.500000000000000000 ) ;
#3171 = AXIS2_PLACEMENT_3D ( 'NONE', #3027, #2218, #2248 ) ;
#3172 = CARTESIAN_POINT ( 'NONE',  ( -44.00000000000000000, -30.76603339672067605, 167.8999999999999773 ) ) ;
#3173 = DIRECTION ( 'NONE',  ( 0.000000000000000000, -1.000000000000000000, 0.000000000000000000 ) ) ;
#3175 = CIRCLE ( 'NONE', #3595, 2.600000000000019185 ) ;
#3174 = DIRECTION ( 'NONE',  ( 0.000000000000000000, -1.000000000000000000, -0.000000000000000000 ) ) ;
#3176 = CIRCLE ( 'NONE', #3844, 2.599999999999998312 ) ;
#3177 = EDGE_CURVE ( 'NONE', #3510, #963, #4693, .T. ) ;
#3178 = CARTESIAN_POINT ( 'NONE',  ( 2.688821387764050996E-14, 5.000000000000004441, 93.99555720042791052 ) ) ;
#3179 = CARTESIAN_POINT ( 'NONE',  ( 25.00000000000005329, -45.00000000000000000, 174.8000000000000114 ) ) ;
#3180 = EDGE_LOOP ( 'NONE', ( #907, #860, #954, #4957 ) ) ;
#3181 = AXIS2_PLACEMENT_3D ( 'NONE', #481, #3653, #4523 ) ;
#3182 = AXIS2_PLACEMENT_3D ( 'NONE', #3404, #2122, #3361 ) ;
#3183 = DIRECTION ( 'NONE',  ( -1.000000000000000000, 0.000000000000000000, -0.000000000000000000 ) ) ;
#3184 = EDGE_CURVE ( 'NONE', #3134, #5113, #552, .T. ) ;
#3185 = PLANE ( 'NONE',  #1712 ) ;
#3186 = EDGE_CURVE ( 'NONE', #5148, #3238, #4275, .T. ) ;
#3187 = CARTESIAN_POINT ( 'NONE',  ( -34.99999999999999289, -30.76603339672067605, 165.4999999999999716 ) ) ;
#3188 = EDGE_LOOP ( 'NONE', ( #1669, #2739, #2431, #5222, #3206, #4856, #4168, #2757, #181, #355, #829, #3159 ) ) ;
#3189 = DIRECTION ( 'NONE',  ( 0.000000000000000000, 0.000000000000000000, -1.000000000000000000 ) ) ;
#3190 = VERTEX_POINT ( 'NONE', #1683 ) ;
#3191 = DIRECTION ( 'NONE',  ( 0.000000000000000000, 1.000000000000000000, 0.000000000000000000 ) ) ;
#3192 = EDGE_LOOP ( 'NONE', ( #3480, #100, #1606, #3539, #2523, #510, #570 ) ) ;
#3193 = EDGE_CURVE ( 'NONE', #1958, #1297, #3307, .T. ) ;
#3194 = FACE_OUTER_BOUND ( 'NONE', #1074, .T. ) ;
#3195 = ORIENTED_EDGE ( 'NONE', *, *, #2216, .F. ) ;
#3196 = ORIENTED_EDGE ( 'NONE', *, *, #983, .T. ) ;
#3197 = ADVANCED_FACE ( 'NONE', ( #521 ), #3729, .F. ) ;
#3198 = LINE ( 'NONE', #3248, #5209 ) ;
#3199 = VERTEX_POINT ( 'NONE', #3781 ) ;
#3200 = DIRECTION ( 'NONE',  ( 0.000000000000000000, 0.000000000000000000, 1.000000000000000000 ) ) ;
#3201 = CARTESIAN_POINT ( 'NONE',  ( -6.249999999999332090, -40.00000000000000000, 170.2540842689818135 ) ) ;
#3202 = LINE ( 'NONE', #335, #5176 ) ;
#3203 = DIRECTION ( 'NONE',  ( 0.000000000000000000, 0.000000000000000000, -1.000000000000000000 ) ) ;
#3204 = DIRECTION ( 'NONE',  ( 0.000000000000000000, 2.775557561562904367E-15, 1.000000000000000000 ) ) ;
#3205 = CARTESIAN_POINT ( 'NONE',  ( 2.500000000000021760, -40.00000000000000000, 150.2540842689818135 ) ) ;
#3206 = ORIENTED_EDGE ( 'NONE', *, *, #3672, .T. ) ;
#3207 = EDGE_CURVE ( 'NONE', #1783, #5034, #721, .T. ) ;
#3208 = CARTESIAN_POINT ( 'NONE',  ( -30.00000000000006040, -45.00000000000000000, 25.19999999999999929 ) ) ;
#3209 = CARTESIAN_POINT ( 'NONE',  ( -34.99999999999999289, 29.57396660327935223, 29.50000000000000000 ) ) ;
#3210 = DIRECTION ( 'NONE',  ( 0.000000000000000000, 0.000000000000000000, 1.000000000000000000 ) ) ;
#3211 = CARTESIAN_POINT ( 'NONE',  ( 15.00000000000000178, 26.00000000000000000, 0.000000000000000000 ) ) ;
#3212 = ORIENTED_EDGE ( 'NONE', *, *, #3949, .F. ) ;
#3213 = EDGE_CURVE ( 'NONE', #2960, #1651, #1362, .T. ) ;
#3214 = CARTESIAN_POINT ( 'NONE',  ( 44.00000000000000711, 29.57396660327935223, 24.49999999999999645 ) ) ;
#3215 = EDGE_LOOP ( 'NONE', ( #2961, #3041 ) ) ;
#3216 = CARTESIAN_POINT ( 'NONE',  ( -13.80746851924202545, -45.00000000000000000, 31.59484369607734777 ) ) ;
#3217 = ORIENTED_EDGE ( 'NONE', *, *, #2854, .F. ) ;
#3218 = CARTESIAN_POINT ( 'NONE',  ( 44.00000000000000711, -30.76603339672067605, 170.4999999999999716 ) ) ;
#3219 = ORIENTED_EDGE ( 'NONE', *, *, #4017, .F. ) ;
#3220 = ORIENTED_EDGE ( 'NONE', *, *, #814, .F. ) ;
#3221 = CARTESIAN_POINT ( 'NONE',  ( -6.938893903907228378E-15, 5.000000000000004441, 100.0000000000000142 ) ) ;
#3222 = ORIENTED_EDGE ( 'NONE', *, *, #2285, .T. ) ;
#3223 = CARTESIAN_POINT ( 'NONE',  ( 44.00000000000000711, -30.76603339672065829, 24.50000000000002487 ) ) ;
#3224 = ADVANCED_FACE ( 'NONE', ( #165 ), #142, .F. ) ;
#3225 = CARTESIAN_POINT ( 'NONE',  ( 30.00000000000005329, -30.76603339672067605, 173.0999999999999943 ) ) ;
#3226 = LINE ( 'NONE', #4829, #1705 ) ;
#3227 = CARTESIAN_POINT ( 'NONE',  ( 30.00000000000006395, 29.57396660327933802, 170.5000000000000000 ) ) ;
#3228 = DIRECTION ( 'NONE',  ( -1.000000000000000000, -0.000000000000000000, -0.000000000000000000 ) ) ;
#3229 = DIRECTION ( 'NONE',  ( 0.000000000000000000, 0.000000000000000000, 1.000000000000000000 ) ) ;
#3230 = EDGE_CURVE ( 'NONE', #4581, #4370, #475, .T. ) ;
#3231 = EDGE_LOOP ( 'NONE', ( #1142, #1064, #4694, #2006 ) ) ;
#3232 = VECTOR ( 'NONE', #5172, 1000.000000000000000 ) ;
#3233 = DIRECTION ( 'NONE',  ( 0.000000000000000000, 0.000000000000000000, -1.000000000000000000 ) ) ;
#3234 = DIRECTION ( 'NONE',  ( 0.000000000000000000, 0.000000000000000000, -1.000000000000000000 ) ) ;
#3235 = CARTESIAN_POINT ( 'NONE',  ( -18.99999999999997158, 33.00000000000000000, 200.0000000000000000 ) ) ;
#3236 = CARTESIAN_POINT ( 'NONE',  ( -8.673617379884035472E-15, 19.49999999999999645, 100.0000000000000142 ) ) ;
#3237 = CIRCLE ( 'NONE', #5173, 4.250000000000007105 ) ;
#3238 = VERTEX_POINT ( 'NONE', #1419 ) ;
#3239 = DIRECTION ( 'NONE',  ( 9.912705577010326782E-17, 1.000000000000000000, -0.000000000000000000 ) ) ;
#3240 = ORIENTED_EDGE ( 'NONE', *, *, #4803, .T. ) ;
#3241 = CARTESIAN_POINT ( 'NONE',  ( 15.00000000000001954, 29.57396660327933802, 170.5000000000000000 ) ) ;
#3242 = VECTOR ( 'NONE', #3518, 1000.000000000000000 ) ;
#3243 = EDGE_LOOP ( 'NONE', ( #1465, #1112, #161, #644 ) ) ;
#3244 = DIRECTION ( 'NONE',  ( -0.000000000000000000, -0.000000000000000000, -1.000000000000000000 ) ) ;
#3245 = ORIENTED_EDGE ( 'NONE', *, *, #2292, .F. ) ;
#3246 = AXIS2_PLACEMENT_3D ( 'NONE', #2349, #4426, #2838 ) ;
#3247 = EDGE_LOOP ( 'NONE', ( #3999, #2585, #4015, #244 ) ) ;
#3248 = CARTESIAN_POINT ( 'NONE',  ( 2.688821387764050996E-14, 5.000000000000004441, 93.99555720042791052 ) ) ;
#3249 = ORIENTED_EDGE ( 'NONE', *, *, #1391, .T. ) ;
#3250 = PRESENTATION_LAYER_ASSIGNMENT (  '', '', ( #287 ) ) ;
#3251 = ADVANCED_FACE ( 'NONE', ( #4547 ), #1740, .F. ) ;
#3252 = LINE ( 'NONE', #2813, #1611 ) ;
#3253 = AXIS2_PLACEMENT_3D ( 'NONE', #4727, #1604, #2367 ) ;
#3254 = CARTESIAN_POINT ( 'NONE',  ( -25.00000000000004974, 37.00000000000000000, 25.19999999999999929 ) ) ;
#3255 = CARTESIAN_POINT ( 'NONE',  ( -34.99999999999999289, -30.76603339672067605, 167.8999999999999773 ) ) ;
#3256 = CARTESIAN_POINT ( 'NONE',  ( -34.99999999999999289, 29.57396660327933802, 173.1000000000000227 ) ) ;
#3257 = CARTESIAN_POINT ( 'NONE',  ( 35.00000000000000000, -30.76603339672065829, 34.50000000000002842 ) ) ;
#3258 = CARTESIAN_POINT ( 'NONE',  ( 35.00000000000000000, -30.76603339672065829, 24.50000000000002487 ) ) ;
#3259 = VECTOR ( 'NONE', #3554, 1000.000000000000000 ) ;
#3260 = AXIS2_PLACEMENT_3D ( 'NONE', #1038, #1434, #3133 ) ;
#3261 = AXIS2_PLACEMENT_3D ( 'NONE', #4383, #2997, #980 ) ;
#3262 = VECTOR ( 'NONE', #1403, 1000.000000000000000 ) ;
#3263 = LINE ( 'NONE', #2856, #2125 ) ;
#3264 = LINE ( 'NONE', #4416, #559 ) ;
#3265 = CARTESIAN_POINT ( 'NONE',  ( -9.999999999999980460, -40.00000000000000000, 152.7540842689817850 ) ) ;
#3266 = VECTOR ( 'NONE', #2450, 1000.000000000000000 ) ;
#3267 = VECTOR ( 'NONE', #1355, 1000.000000000000000 ) ;
#3268 = VERTEX_POINT ( 'NONE', #580 ) ;
#3269 = LINE ( 'NONE', #4107, #2284 ) ;
#3270 = ORIENTED_EDGE ( 'NONE', *, *, #680, .F. ) ;
#3271 = VECTOR ( 'NONE', #2447, 1000.000000000000000 ) ;
#3272 = CARTESIAN_POINT ( 'NONE',  ( 15.00000000000001954, 30.49999999999999645, 168.0705016673893226 ) ) ;
#3273 = LINE ( 'NONE', #1243, #3493 ) ;
#3274 = DIRECTION ( 'NONE',  ( -1.000000000000000000, 0.000000000000000000, -0.000000000000000000 ) ) ;
#3275 = ORIENTED_EDGE ( 'NONE', *, *, #3021, .F. ) ;
#3276 = B_SPLINE_CURVE_WITH_KNOTS ( 'NONE', 3,
 ( #2528, #455, #1685, #558, #4102, #3288 ),
 .UNSPECIFIED., .F., .F.,
 ( 4, 1, 1, 4 ),
 ( 0.000000000000000000, 0.5380594216257100770, 0.8364705418477524912, 1.000000000000000000 ),
 .UNSPECIFIED. ) ;
#3277 = ORIENTED_EDGE ( 'NONE', *, *, #2206, .T. ) ;
#3278 = FACE_BOUND ( 'NONE', #1428, .T. ) ;
#3279 = ORIENTED_EDGE ( 'NONE', *, *, #497, .T. ) ;
#3280 = CARTESIAN_POINT ( 'NONE',  ( 44.00000000000000711, -30.76603339672067605, 165.4999999999999716 ) ) ;
#3281 = VERTEX_POINT ( 'NONE', #2160 ) ;
#3282 = CARTESIAN_POINT ( 'NONE',  ( 30.00000000000006395, 24.56999999999999673, 33.79999999999999005 ) ) ;
#3283 = LINE ( 'NONE', #2051, #1813 ) ;
#3284 = CARTESIAN_POINT ( 'NONE',  ( -34.99999999999999289, 29.57396660327935223, 29.50000000000000000 ) ) ;
#3285 = EDGE_CURVE ( 'NONE', #2353, #2249, #2836, .T. ) ;
#3286 = CARTESIAN_POINT ( 'NONE',  ( 35.00000000000000000, 34.49999999999998579, 0.000000000000000000 ) ) ;
#3287 = CYLINDRICAL_SURFACE ( 'NONE', #1561, 2.599999999999998312 ) ;
#3288 = CARTESIAN_POINT ( 'NONE',  ( -13.75000000000062350, -45.00000000000000000, 170.2540842689818135 ) ) ;
#3289 = VERTEX_POINT ( 'NONE', #1818 ) ;
#3290 = CARTESIAN_POINT ( 'NONE',  ( -34.99999999999999289, -30.76603339672065829, 32.10000000000002274 ) ) ;
#3291 = ORIENTED_EDGE ( 'NONE', *, *, #4356, .F. ) ;
#3292 = DIRECTION ( 'NONE',  ( 1.000000000000000000, -9.912705577010326782E-17, -1.214306433183764966E-16 ) ) ;
#3293 = CARTESIAN_POINT ( 'NONE',  ( -34.99999999999999289, -30.76603339672067605, 170.4999999999999716 ) ) ;
#3294 = DIRECTION ( 'NONE',  ( 0.000000000000000000, 0.000000000000000000, 1.000000000000000000 ) ) ;
#3295 = VERTEX_POINT ( 'NONE', #944 ) ;
#3296 = ORIENTED_EDGE ( 'NONE', *, *, #2330, .T. ) ;
#3297 = DIRECTION ( 'NONE',  ( 0.000000000000000000, 1.000000000000000000, 0.000000000000000000 ) ) ;
#3298 = ORIENTED_EDGE ( 'NONE', *, *, #1789, .T. ) ;
#3299 = DIRECTION ( 'NONE',  ( 0.000000000000000000, -1.000000000000000000, -0.000000000000000000 ) ) ;
#3300 = VERTEX_POINT ( 'NONE', #3804 ) ;
#3301 = DIRECTION ( 'NONE',  ( 0.000000000000000000, 0.000000000000000000, -1.000000000000000000 ) ) ;
#3302 = LINE ( 'NONE', #3978, #4520 ) ;
#3303 = LINE ( 'NONE', #4807, #63 ) ;
#3304 = EDGE_CURVE ( 'NONE', #1462, #1399, #1339, .T. ) ;
#3305 = EDGE_CURVE ( 'NONE', #3502, #797, #2656, .T. ) ;
#3306 = FACE_OUTER_BOUND ( 'NONE', #4301, .T. ) ;
#3307 = LINE ( 'NONE', #4915, #1135 ) ;
#3308 = LINE ( 'NONE', #2085, #2993 ) ;
#3309 = CYLINDRICAL_SURFACE ( 'NONE', #1731, 2.500000000000000000 ) ;
#3310 = ORIENTED_EDGE ( 'NONE', *, *, #2366, .F. ) ;
#3311 = CARTESIAN_POINT ( 'NONE',  ( 35.00000000000000000, -45.00000000000000000, 200.0000000000000000 ) ) ;
#3312 = ORIENTED_EDGE ( 'NONE', *, *, #4363, .F. ) ;
#3313 = DIRECTION ( 'NONE',  ( -1.000000000000000000, -0.000000000000000000, -0.000000000000000000 ) ) ;
#3314 = CARTESIAN_POINT ( 'NONE',  ( 44.00000000000000711, 29.57396660327935223, 32.09999999999999432 ) ) ;
#3315 = ADVANCED_FACE ( 'NONE', ( #975, #4596 ), #4569, .F. ) ;
#3316 =( GEOMETRIC_REPRESENTATION_CONTEXT ( 3 ) GLOBAL_UNCERTAINTY_ASSIGNED_CONTEXT ( ( #3040 ) ) GLOBAL_UNIT_ASSIGNED_CONTEXT ( ( #2076, #1675, #2499 ) ) REPRESENTATION_CONTEXT ( 'NONE', 'WORKASPACE' ) );
#3317 = LINE ( 'NONE', #1798, #51 ) ;
#3318 = EDGE_LOOP ( 'NONE', ( #3632, #1341, #438, #3296 ) ) ;
#3319 = AXIS2_PLACEMENT_3D ( 'NONE', #1877, #1955, #3530 ) ;
#3320 = AXIS2_PLACEMENT_3D ( 'NONE', #1978, #844, #765 ) ;
#3321 = ORIENTED_EDGE ( 'NONE', *, *, #2578, .F. ) ;
#3322 = DIRECTION ( 'NONE',  ( 1.000000000000000000, -0.000000000000000000, 0.000000000000000000 ) ) ;
#3323 = ORIENTED_EDGE ( 'NONE', *, *, #3984, .F. ) ;
#3324 = ADVANCED_FACE ( 'NONE', ( #555, #3410 ), #2209, .F. ) ;
#3325 = SURFACE_SIDE_STYLE ('',( #102 ) ) ;
#3326 = VECTOR ( 'NONE', #898, 1000.000000000000000 ) ;
#3327 = PLANE ( 'NONE',  #3586 ) ;
#3328 = VERTEX_POINT ( 'NONE', #2604 ) ;
#3329 = FACE_OUTER_BOUND ( 'NONE', #3990, .T. ) ;
#3330 = AXIS2_PLACEMENT_3D ( 'NONE', #2161, #2944, #1315 ) ;
#3331 = CARTESIAN_POINT ( 'NONE',  ( 30.00000000000005684, -25.57000000000000384, 166.2000000000000171 ) ) ;
#3332 = EDGE_CURVE ( 'NONE', #3338, #83, #4646, .T. ) ;
#3333 = CIRCLE ( 'NONE', #3165, 2.600000000000019185 ) ;
#3334 = DIRECTION ( 'NONE',  ( 1.000000000000000000, -9.912705577010326782E-17, 4.034240641806529869E-16 ) ) ;
#3335 =( LENGTH_UNIT ( ) NAMED_UNIT ( * ) SI_UNIT ( .MILLI., .METRE. ) );
#3336 = PLANE ( 'NONE',  #3428 ) ;
#3337 = CIRCLE ( 'NONE', #4595, 2.599999999999998312 ) ;
#3338 = VERTEX_POINT ( 'NONE', #1314 ) ;
#3339 = CIRCLE ( 'NONE', #1301, 2.600000000000019185 ) ;
#3340 = CARTESIAN_POINT ( 'NONE',  ( 30.00000000000005684, -25.57000000000000384, 174.8000000000000114 ) ) ;
#3341 = EDGE_CURVE ( 'NONE', #1922, #2613, #4623, .T. ) ;
#3342 = CARTESIAN_POINT ( 'NONE',  ( -14.99999999999999822, 26.00000000000000000, 0.000000000000000000 ) ) ;
#3343 = LINE ( 'NONE', #2168, #4751 ) ;
#3344 = AXIS2_PLACEMENT_3D ( 'NONE', #3392, #4627, #2189 ) ;
#3345 = CIRCLE ( 'NONE', #217, 2.500000000000002220 ) ;
#3346 = DIRECTION ( 'NONE',  ( 1.000000000000000000, -9.912705577010326782E-17, -4.034240641806530362E-16 ) ) ;
#3347 = ORIENTED_EDGE ( 'NONE', *, *, #643, .T. ) ;
#3348 = VECTOR ( 'NONE', #1471, 1000.000000000000000 ) ;
#3349 = VERTEX_POINT ( 'NONE', #4174 ) ;
#3350 = ADVANCED_FACE ( 'NONE', ( #3826 ), #213, .F. ) ;
#3351 = CARTESIAN_POINT ( 'NONE',  ( -25.00000000000005684, -45.00000000000000000, 174.8000000000000114 ) ) ;
#3352 = DIRECTION ( 'NONE',  ( 0.000000000000000000, 0.000000000000000000, -1.000000000000000000 ) ) ;
#3353 = VERTEX_POINT ( 'NONE', #678 ) ;
#3354 = CARTESIAN_POINT ( 'NONE',  ( -22.29227204609598090, -40.00000000000000000, 154.7840618205169108 ) ) ;
#3355 = FACE_OUTER_BOUND ( 'NONE', #4848, .T. ) ;
#3356 = CARTESIAN_POINT ( 'NONE',  ( 25.00000000000006395, 24.56999999999999673, 25.19999999999999218 ) ) ;
#3357 = AXIS2_PLACEMENT_3D ( 'NONE', #2729, #4699, #4321 ) ;
#3358 = ORIENTED_EDGE ( 'NONE', *, *, #3380, .T. ) ;
#3359 = EDGE_CURVE ( 'NONE', #3436, #5229, #4253, .T. ) ;
#3360 = ORIENTED_EDGE ( 'NONE', *, *, #4489, .F. ) ;
#3361 = DIRECTION ( 'NONE',  ( 0.000000000000000000, 0.000000000000000000, -1.000000000000000000 ) ) ;
#3362 = ORIENTED_EDGE ( 'NONE', *, *, #2339, .T. ) ;
#3363 = DIRECTION ( 'NONE',  ( -1.000000000000000000, -0.000000000000000000, -0.000000000000000000 ) ) ;
#3364 = DIRECTION ( 'NONE',  ( 1.000000000000000000, -0.000000000000000000, -0.000000000000000000 ) ) ;
#3365 = CARTESIAN_POINT ( 'NONE',  ( 30.00000000000006395, 24.56999999999999673, 33.79999999999999005 ) ) ;
#3366 = FILL_AREA_STYLE_COLOUR ( '', #2136 ) ;
#3367 = CARTESIAN_POINT ( 'NONE',  ( -2.541172249825931671E-14, -45.00000000000000000, 106.0044427995721321 ) ) ;
#3368 = ORIENTED_EDGE ( 'NONE', *, *, #5102, .F. ) ;
#3369 = CARTESIAN_POINT ( 'NONE',  ( -34.99999999999999289, 29.57396660327935223, 32.09999999999999432 ) ) ;
#3370 = CARTESIAN_POINT ( 'NONE',  ( -6.249999999999353406, -40.00000000000000000, -2.775557561562891351E-14 ) ) ;
#3371 = LINE ( 'NONE', #2139, #1285 ) ;
#3372 = DIRECTION ( 'NONE',  ( -1.387778780781445676E-16, -0.000000000000000000, -1.000000000000000000 ) ) ;
#3373 = ADVANCED_FACE ( 'NONE', ( #3489 ), #4305, .T. ) ;
#3374 = ORIENTED_EDGE ( 'NONE', *, *, #2966, .T. ) ;
#3375 = ORIENTED_EDGE ( 'NONE', *, *, #693, .T. ) ;
#3376 = FACE_BOUND ( 'NONE', #3536, .T. ) ;
#3377 = LINE ( 'NONE', #859, #1991 ) ;
#3378 = ORIENTED_EDGE ( 'NONE', *, *, #4802, .T. ) ;
#3379 = DIRECTION ( 'NONE',  ( 1.000000000000000000, 0.000000000000000000, 0.000000000000000000 ) ) ;
#3380 = EDGE_CURVE ( 'NONE', #4879, #3384, #4360, .T. ) ;
#3381 = VERTEX_POINT ( 'NONE', #259 ) ;
#3382 = ORIENTED_EDGE ( 'NONE', *, *, #3790, .F. ) ;
#3383 = CARTESIAN_POINT ( 'NONE',  ( -31.25000000000001421, 37.00000000000000000, 15.00000000000001421 ) ) ;
#3384 = VERTEX_POINT ( 'NONE', #1546 ) ;
#3385 = DIRECTION ( 'NONE',  ( 0.000000000000000000, 0.000000000000000000, 1.000000000000000000 ) ) ;
#3386 = CARTESIAN_POINT ( 'NONE',  ( 30.00000000000005329, -30.76603339672067605, 170.4999999999999716 ) ) ;
#3387 = ADVANCED_FACE ( 'NONE', ( #3066 ), #4286, .T. ) ;
#3388 = CARTESIAN_POINT ( 'NONE',  ( 15.00000000000000178, 26.00000000000000000, 0.000000000000000000 ) ) ;
#3389 = FACE_OUTER_BOUND ( 'NONE', #3962, .T. ) ;
#3390 = ORIENTED_EDGE ( 'NONE', *, *, #4757, .F. ) ;
#3391 = FACE_BOUND ( 'NONE', #2251, .T. ) ;
#3392 = CARTESIAN_POINT ( 'NONE',  ( -34.99999999999999289, -30.76603339672067605, 170.4999999999999716 ) ) ;
#3393 = FACE_OUTER_BOUND ( 'NONE', #3860, .T. ) ;
#3394 = CARTESIAN_POINT ( 'NONE',  ( 15.00000000000000533, 30.74885200633025306, 31.83464530653135682 ) ) ;
#3395 = ORIENTED_EDGE ( 'NONE', *, *, #3912, .T. ) ;
#3396 = ORIENTED_EDGE ( 'NONE', *, *, #2659, .F. ) ;
#3397 = DIRECTION ( 'NONE',  ( 4.034240641806530362E-16, 0.000000000000000000, 1.000000000000000000 ) ) ;
#3398 = DIRECTION ( 'NONE',  ( 1.000000000000000000, 0.000000000000000000, -0.000000000000000000 ) ) ;
#3399 = PRESENTATION_LAYER_ASSIGNMENT (  '', '', ( #686 ) ) ;
#3400 = ORIENTED_EDGE ( 'NONE', *, *, #71, .F. ) ;
#3401 = DIRECTION ( 'NONE',  ( 1.000000000000000000, -0.000000000000000000, -0.000000000000000000 ) ) ;
#3402 = CIRCLE ( 'NONE', #192, 4.250000000000003553 ) ;
#3403 = EDGE_LOOP ( 'NONE', ( #3552, #78, #1354, #4852, #3358, #2535, #5158, #4483 ) ) ;
#3404 = CARTESIAN_POINT ( 'NONE',  ( -25.00000000000005684, -30.76603339672065829, 29.50000000000002487 ) ) ;
#3405 = EDGE_CURVE ( 'NONE', #4028, #4106, #3858, .T. ) ;
#3406 = ORIENTED_EDGE ( 'NONE', *, *, #224, .F. ) ;
#3407 = DIRECTION ( 'NONE',  ( 0.000000000000000000, 0.000000000000000000, -1.000000000000000000 ) ) ;
#3408 = AXIS2_PLACEMENT_3D ( 'NONE', #3293, #1321, #487 ) ;
#3409 = DIRECTION ( 'NONE',  ( -1.000000000000000000, 0.000000000000000000, 0.000000000000000000 ) ) ;
#3410 = FACE_OUTER_BOUND ( 'NONE', #2565, .T. ) ;
#3411 = PLANE ( 'NONE',  #39 ) ;
#3412 = AXIS2_PLACEMENT_3D ( 'NONE', #767, #3987, #372 ) ;
#3413 = EDGE_LOOP ( 'NONE', ( #2021, #1211 ) ) ;
#3414 = EDGE_CURVE ( 'NONE', #4122, #671, #705, .T. ) ;
#3415 = ADVANCED_FACE ( 'NONE', ( #2314 ), #313, .F. ) ;
#3416 = CIRCLE ( 'NONE', #1974, 4.500000000000000000 ) ;
#3417 = CARTESIAN_POINT ( 'NONE',  ( -34.99999999999999289, -30.76603339672065829, 29.50000000000002487 ) ) ;
#3418 = DIRECTION ( 'NONE',  ( -1.000000000000000000, 9.912705577010326782E-17, -4.034240641806530362E-16 ) ) ;
#3419 = DIRECTION ( 'NONE',  ( -0.000000000000000000, -0.000000000000000000, 1.000000000000000000 ) ) ;
#3420 = LINE ( 'NONE', #4336, #710 ) ;
#3421 = VECTOR ( 'NONE', #1216, 1000.000000000000000 ) ;
#3422 = ORIENTED_EDGE ( 'NONE', *, *, #3449, .T. ) ;
#3423 = ADVANCED_FACE ( 'NONE', ( #1920, #2337 ), #5099, .T. ) ;
#3424 = ORIENTED_EDGE ( 'NONE', *, *, #1858, .T. ) ;
#3425 = AXIS2_PLACEMENT_3D ( 'NONE', #840, #2176, #4585 ) ;
#3426 = PLANE ( 'NONE',  #1446 ) ;
#3428 = AXIS2_PLACEMENT_3D ( 'NONE', #2945, #68, #1661 ) ;
#3427 = PRESENTATION_STYLE_ASSIGNMENT (( #3473 ) ) ;
#3429 = ORIENTED_EDGE ( 'NONE', *, *, #1831, .T. ) ;
#3430 = DIRECTION ( 'NONE',  ( -1.000000000000000000, 9.912705577010326782E-17, 4.034240641806529869E-16 ) ) ;
#3431 = CARTESIAN_POINT ( 'NONE',  ( 44.00000000000000711, 29.57396660327935223, 29.50000000000000000 ) ) ;
#3432 = AXIS2_PLACEMENT_3D ( 'NONE', #2362, #1150, #4444 ) ;
#3433 = ORIENTED_EDGE ( 'NONE', *, *, #1323, .F. ) ;
#3434 = AXIS2_PLACEMENT_3D ( 'NONE', #4961, #4116, #1695 ) ;
#3435 = EDGE_CURVE ( 'NONE', #1538, #526, #658, .T. ) ;
#3436 = VERTEX_POINT ( 'NONE', #2703 ) ;
#3437 = DIRECTION ( 'NONE',  ( 0.000000000000000000, 1.000000000000000000, 0.000000000000000000 ) ) ;
#3439 = ORIENTED_EDGE ( 'NONE', *, *, #352, .T. ) ;
#3438 = VECTOR ( 'NONE', #2282, 1000.000000000000000 ) ;
#3440 = DIRECTION ( 'NONE',  ( -1.387778780781445676E-16, -0.000000000000000000, -1.000000000000000000 ) ) ;
#3441 = LINE ( 'NONE', #1076, #5006 ) ;
#3442 = CARTESIAN_POINT ( 'NONE',  ( -25.00000000000006040, -45.00000000000000000, 25.19999999999999929 ) ) ;
#3443 = DIRECTION ( 'NONE',  ( -0.000000000000000000, -0.000000000000000000, -1.000000000000000000 ) ) ;
#3444 = EDGE_CURVE ( 'NONE', #1224, #647, #4862, .T. ) ;
#3445 = ORIENTED_EDGE ( 'NONE', *, *, #1842, .F. ) ;
#3446 = CARTESIAN_POINT ( 'NONE',  ( 15.00000000000000355, 29.57396660327935223, 32.09999999999999432 ) ) ;
#3447 = DIRECTION ( 'NONE',  ( -1.000000000000000000, -0.000000000000000000, -0.000000000000000000 ) ) ;
#3448 = DIRECTION ( 'NONE',  ( 0.000000000000000000, 0.000000000000000000, 1.000000000000000000 ) ) ;
#3449 = EDGE_CURVE ( 'NONE', #791, #692, #1864, .T. ) ;
#3450 = ORIENTED_EDGE ( 'NONE', *, *, #4802, .F. ) ;
#3451 = VERTEX_POINT ( 'NONE', #5129 ) ;
#3452 = FACE_OUTER_BOUND ( 'NONE', #3470, .T. ) ;
#3453 = EDGE_LOOP ( 'NONE', ( #2620, #1730 ) ) ;
#3454 = DIRECTION ( 'NONE',  ( 0.000000000000000000, 0.000000000000000000, -1.000000000000000000 ) ) ;
#3455 = DIRECTION ( 'NONE',  ( 4.034240641806529869E-16, -0.000000000000000000, 1.000000000000000000 ) ) ;
#3456 = ORIENTED_EDGE ( 'NONE', *, *, #650, .F. ) ;
#3457 = ORIENTED_EDGE ( 'NONE', *, *, #2841, .F. ) ;
#3458 = CARTESIAN_POINT ( 'NONE',  ( 30.00000000000005684, -25.57000000000000384, 174.8000000000000114 ) ) ;
#3459 = ORIENTED_EDGE ( 'NONE', *, *, #3435, .F. ) ;
#3460 = EDGE_CURVE ( 'NONE', #665, #3703, #4447, .T. ) ;
#3461 = CARTESIAN_POINT ( 'NONE',  ( -30.00000000000006040, -45.00000000000000000, 166.2000000000000171 ) ) ;
#3462 = DIRECTION ( 'NONE',  ( 0.000000000000000000, 0.000000000000000000, -1.000000000000000000 ) ) ;
#3463 = CARTESIAN_POINT ( 'NONE',  ( 15.00000000000000178, 34.49999999999999289, 0.000000000000000000 ) ) ;
#3464 = CYLINDRICAL_SURFACE ( 'NONE', #5019, 2.599999999999998312 ) ;
#3465 = VERTEX_POINT ( 'NONE', #4671 ) ;
#3466 = LINE ( 'NONE', #4649, #691 ) ;
#3467 = ADVANCED_FACE ( 'NONE', ( #1518 ), #1839, .F. ) ;
#3468 = DIRECTION ( 'NONE',  ( 0.000000000000000000, 0.000000000000000000, 1.000000000000000000 ) ) ;
#3469 = DIRECTION ( 'NONE',  ( 0.000000000000000000, 0.000000000000000000, -1.000000000000000000 ) ) ;
#3470 = EDGE_LOOP ( 'NONE', ( #1935, #4245, #1765, #91 ) ) ;
#3471 = ORIENTED_EDGE ( 'NONE', *, *, #1778, .F. ) ;
#3472 = LINE ( 'NONE', #4371, #5086 ) ;
#3473 = SURFACE_STYLE_USAGE ( .BOTH. , #3843 ) ;
#3474 = ORIENTED_EDGE ( 'NONE', *, *, #1499, .T. ) ;
#3475 = EDGE_CURVE ( 'NONE', #1912, #2145, #1944, .T. ) ;
#3476 = DIRECTION ( 'NONE',  ( -1.000000000000000000, -0.000000000000000000, -0.000000000000000000 ) ) ;
#3477 = CARTESIAN_POINT ( 'NONE',  ( -30.00000000000006040, -45.00000000000000000, 174.8000000000000114 ) ) ;
#3478 = VERTEX_POINT ( 'NONE', #4779 ) ;
#3479 = AXIS2_PLACEMENT_3D ( 'NONE', #4038, #2022, #2000 ) ;
#3480 = ORIENTED_EDGE ( 'NONE', *, *, #822, .F. ) ;
#3481 = EDGE_CURVE ( 'NONE', #3134, #901, #2628, .T. ) ;
#3482 = CARTESIAN_POINT ( 'NONE',  ( 44.00000000000000711, -30.76603339672065829, 29.50000000000002487 ) ) ;
#3483 = ORIENTED_EDGE ( 'NONE', *, *, #1595, .T. ) ;
#3484 = DIRECTION ( 'NONE',  ( 3.469446951953613696E-16, 1.000000000000000000, -4.814824860968088538E-32 ) ) ;
#3485 = CIRCLE ( 'NONE', #5082, 2.600000000000019185 ) ;
#3486 = AXIS2_PLACEMENT_3D ( 'NONE', #4191, #568, #1802 ) ;
#3487 = AXIS2_PLACEMENT_3D ( 'NONE', #3417, #949, #2607 ) ;
#3488 = DIRECTION ( 'NONE',  ( 0.000000000000000000, 0.000000000000000000, -1.000000000000000000 ) ) ;
#3489 = FACE_OUTER_BOUND ( 'NONE', #2383, .T. ) ;
#3490 = CARTESIAN_POINT ( 'NONE',  ( 44.00000000000000711, 29.57396660327935223, 24.49999999999999645 ) ) ;
#3491 = ORIENTED_EDGE ( 'NONE', *, *, #306, .F. ) ;
#3492 = CARTESIAN_POINT ( 'NONE',  ( -25.00000000000005684, -25.57000000000000384, 174.8000000000000114 ) ) ;
#3493 = VECTOR ( 'NONE', #4531, 1000.000000000000000 ) ;
#3494 = DIRECTION ( 'NONE',  ( 1.000000000000000000, -0.000000000000000000, 0.000000000000000000 ) ) ;
#3495 = CARTESIAN_POINT ( 'NONE',  ( 4.999999999999992895, 19.49999999999999645, 100.0000000000000142 ) ) ;
#3496 = ORIENTED_EDGE ( 'NONE', *, *, #2339, .F. ) ;
#3497 = CIRCLE ( 'NONE', #1206, 2.599999999999998312 ) ;
#3498 = EDGE_CURVE ( 'NONE', #682, #3281, #2740, .T. ) ;
#3499 = ORIENTED_EDGE ( 'NONE', *, *, #643, .F. ) ;
#3500 = CARTESIAN_POINT ( 'NONE',  ( 19.00000000000000355, 30.49999999999999645, -2.307182223049153830E-15 ) ) ;
#3501 = CARTESIAN_POINT ( 'NONE',  ( 30.00000000000005684, -25.57000000000000384, 166.2000000000000171 ) ) ;
#3502 = VERTEX_POINT ( 'NONE', #3979 ) ;
#3503 = AXIS2_PLACEMENT_3D ( 'NONE', #3241, #748, #772 ) ;
#3504 = AXIS2_PLACEMENT_3D ( 'NONE', #4346, #726, #4691 ) ;
#3505 = DIRECTION ( 'NONE',  ( 0.8660254037844408170, 0.000000000000000000, -0.4999999999999961142 ) ) ;
#3506 = ORIENTED_EDGE ( 'NONE', *, *, #599, .T. ) ;
#3507 = ADVANCED_FACE ( 'NONE', ( #4 ), #86, .T. ) ;
#3508 = AXIS2_PLACEMENT_3D ( 'NONE', #3764, #2513, #878 ) ;
#3509 = VECTOR ( 'NONE', #905, 1000.000000000000000 ) ;
#3510 = VERTEX_POINT ( 'NONE', #1599 ) ;
#3511 = LINE ( 'NONE', #673, #2642 ) ;
#3512 = ORIENTED_EDGE ( 'NONE', *, *, #713, .F. ) ;
#3513 = CARTESIAN_POINT ( 'NONE',  ( 35.00000000000000000, 34.49999999999998579, 0.000000000000000000 ) ) ;
#3514 = AXIS2_PLACEMENT_3D ( 'NONE', #237, #3120, #2264 ) ;
#3515 = CIRCLE ( 'NONE', #5202, 2.599999999999998312 ) ;
#3516 = EDGE_CURVE ( 'NONE', #5079, #2869, #4775, .T. ) ;
#3517 = AXIS2_PLACEMENT_3D ( 'NONE', #1254, #2081, #4384 ) ;
#3518 = DIRECTION ( 'NONE',  ( 0.000000000000000000, -1.000000000000000000, -0.000000000000000000 ) ) ;
#3519 = PLANE ( 'NONE',  #3681 ) ;
#3520 = DIRECTION ( 'NONE',  ( 0.000000000000000000, 0.000000000000000000, 1.000000000000000000 ) ) ;
#3521 = CARTESIAN_POINT ( 'NONE',  ( 0.000000000000000000, 0.000000000000000000, 37.24000000000000199 ) ) ;
#3522 = ORIENTED_EDGE ( 'NONE', *, *, #4380, .F. ) ;
#3523 = ORIENTED_EDGE ( 'NONE', *, *, #636, .T. ) ;
#3524 = CYLINDRICAL_SURFACE ( 'NONE', #4743, 4.000000000000000000 ) ;
#3525 = CARTESIAN_POINT ( 'NONE',  ( 30.00000000000005329, -45.00000000000000000, 166.2000000000000171 ) ) ;
#3526 = LINE ( 'NONE', #319, #3262 ) ;
#3527 = EDGE_CURVE ( 'NONE', #3384, #4879, #304, .T. ) ;
#3528 = ORIENTED_EDGE ( 'NONE', *, *, #680, .T. ) ;
#3529 = ORIENTED_EDGE ( 'NONE', *, *, #2846, .F. ) ;
#3530 = DIRECTION ( 'NONE',  ( 0.000000000000000000, 0.000000000000000000, 1.000000000000000000 ) ) ;
#3531 = DIRECTION ( 'NONE',  ( 0.000000000000000000, 0.000000000000000000, 1.000000000000000000 ) ) ;
#3532 = VERTEX_POINT ( 'NONE', #2852 ) ;
#3533 = CARTESIAN_POINT ( 'NONE',  ( 15.00000000000001954, 29.57396660327933802, 167.9000000000000057 ) ) ;
#3534 = EDGE_CURVE ( 'NONE', #4314, #1067, #5214, .T. ) ;
#3535 = EDGE_CURVE ( 'NONE', #4713, #4698, #422, .T. ) ;
#3536 = EDGE_LOOP ( 'NONE', ( #2539, #151 ) ) ;
#3537 = ORIENTED_EDGE ( 'NONE', *, *, #4475, .T. ) ;
#3538 = CARTESIAN_POINT ( 'NONE',  ( -6.192531480757964779, -40.00000000000000000, 31.59484369607733356 ) ) ;
#3539 = ORIENTED_EDGE ( 'NONE', *, *, #2262, .F. ) ;
#3540 = LINE ( 'NONE', #5149, #187 ) ;
#3541 = EDGE_CURVE ( 'NONE', #1897, #4293, #3303, .T. ) ;
#3542 = PLANE ( 'NONE',  #2468 ) ;
#3543 = DIRECTION ( 'NONE',  ( 9.912705577010326782E-17, 1.000000000000000000, 0.000000000000000000 ) ) ;
#3544 = CARTESIAN_POINT ( 'NONE',  ( -35.00000000000000000, -30.76603339672067605, 170.4999999999999716 ) ) ;
#3545 = CARTESIAN_POINT ( 'NONE',  ( -13.75000000000062350, -40.00000000000000000, 170.2540842689818135 ) ) ;
#3546 = VERTEX_POINT ( 'NONE', #842 ) ;
#3547 = CARTESIAN_POINT ( 'NONE',  ( 35.00000000000000000, -45.00000000000000000, 0.000000000000000000 ) ) ;
#3548 = FACE_OUTER_BOUND ( 'NONE', #408, .T. ) ;
#3549 = CYLINDRICAL_SURFACE ( 'NONE', #5027, 5.000000000000004441 ) ;
#3550 = EDGE_LOOP ( 'NONE', ( #4221, #3312 ) ) ;
#3551 = EDGE_CURVE ( 'NONE', #274, #1912, #4467, .T. ) ;
#3552 = ORIENTED_EDGE ( 'NONE', *, *, #3359, .T. ) ;
#3553 = DIRECTION ( 'NONE',  ( 1.000000000000000000, 0.000000000000000000, 0.000000000000000000 ) ) ;
#3554 = DIRECTION ( 'NONE',  ( -1.387778780781445676E-16, -0.000000000000000000, -1.000000000000000000 ) ) ;
#3555 = CARTESIAN_POINT ( 'NONE',  ( -2.500000000000000000, 0.000000000000000000, 37.24000000000000199 ) ) ;
#3556 = FACE_OUTER_BOUND ( 'NONE', #2230, .T. ) ;
#3557 = ORIENTED_EDGE ( 'NONE', *, *, #2186, .T. ) ;
#3558 = ADVANCED_FACE ( 'NONE', ( #2764, #3648 ), #3676, .T. ) ;
#3559 = ORIENTED_EDGE ( 'NONE', *, *, #3230, .F. ) ;
#3560 = CARTESIAN_POINT ( 'NONE',  ( -6.938893903907228378E-15, 55.00000000000000711, 100.0000000000000142 ) ) ;
#3561 = ORIENTED_EDGE ( 'NONE', *, *, #4285, .F. ) ;
#3562 = LINE ( 'NONE', #2758, #1525 ) ;
#3563 = DIRECTION ( 'NONE',  ( 1.000000000000000000, -0.000000000000000000, -0.000000000000000000 ) ) ;
#3564 = DIRECTION ( 'NONE',  ( -1.000000000000000000, 0.000000000000000000, 0.000000000000000000 ) ) ;
#3565 = MECHANICAL_DESIGN_GEOMETRIC_PRESENTATION_REPRESENTATION (  '', ( #686 ), #3316 ) ;
#3566 = DIRECTION ( 'NONE',  ( 9.912705577010326782E-17, 1.000000000000000000, 0.000000000000000000 ) ) ;
#3567 = DIRECTION ( 'NONE',  ( 0.000000000000000000, -1.000000000000000000, -0.000000000000000000 ) ) ;
#3568 = VERTEX_POINT ( 'NONE', #478 ) ;
#3569 = VECTOR ( 'NONE', #1176, 1000.000000000000000 ) ;
#3570 = EDGE_CURVE ( 'NONE', #1811, #3268, #5210, .T. ) ;
#3571 = DIRECTION ( 'NONE',  ( -1.000000000000000000, -0.000000000000000000, -0.000000000000000000 ) ) ;
#3572 = FACE_OUTER_BOUND ( 'NONE', #4001, .T. ) ;
#3573 = CIRCLE ( 'NONE', #696, 8.000000000000000000 ) ;
#3574 = DIRECTION ( 'NONE',  ( 1.000000000000000000, 0.000000000000000000, 0.000000000000000000 ) ) ;
#3575 = EDGE_CURVE ( 'NONE', #4584, #611, #3597, .T. ) ;
#3576 = ORIENTED_EDGE ( 'NONE', *, *, #4271, .F. ) ;
#3577 = VECTOR ( 'NONE', #1217, 1000.000000000000000 ) ;
#3578 = ORIENTED_EDGE ( 'NONE', *, *, #4927, .T. ) ;
#3579 = DIRECTION ( 'NONE',  ( 0.000000000000000000, 0.000000000000000000, 1.000000000000000000 ) ) ;
#3580 = VERTEX_POINT ( 'NONE', #2390 ) ;
#3581 = DIRECTION ( 'NONE',  ( -1.000000000000000000, -0.000000000000000000, 0.000000000000000000 ) ) ;
#3582 = MECHANICAL_DESIGN_GEOMETRIC_PRESENTATION_REPRESENTATION (  '', ( #4512 ), #1464 ) ;
#3583 = ADVANCED_FACE ( 'NONE', ( #2878 ), #4043, .F. ) ;
#3584 = ORIENTED_EDGE ( 'NONE', *, *, #1324, .F. ) ;
#3585 = ORIENTED_EDGE ( 'NONE', *, *, #3177, .F. ) ;
#3586 = AXIS2_PLACEMENT_3D ( 'NONE', #4966, #4589, #2600 ) ;
#3587 = DIRECTION ( 'NONE',  ( -1.166360781536057966E-16, 0.000000000000000000, -1.000000000000000000 ) ) ;
#3588 = ORIENTED_EDGE ( 'NONE', *, *, #5159, .F. ) ;
#3589 = DIRECTION ( 'NONE',  ( 9.912705577010326782E-17, 1.000000000000000000, -0.000000000000000000 ) ) ;
#3590 = CIRCLE ( 'NONE', #1976, 4.500000000000000000 ) ;
#3591 = AXIS2_PLACEMENT_3D ( 'NONE', #4031, #4482, #2839 ) ;
#3592 = DIRECTION ( 'NONE',  ( -9.912705577010326782E-17, -1.000000000000000000, 0.000000000000000000 ) ) ;
#3593 = CARTESIAN_POINT ( 'NONE',  ( -6.202379879535361362E-15, -25.57000000000000384, 0.000000000000000000 ) ) ;
#3595 = AXIS2_PLACEMENT_3D ( 'NONE', #4359, #3418, #189 ) ;
#3594 = DIRECTION ( 'NONE',  ( -4.772794125164634648E-48, -4.814824860968089085E-32, -1.000000000000000000 ) ) ;
#3596 = VECTOR ( 'NONE', #2452, 1000.000000000000000 ) ;
#3597 = LINE ( 'NONE', #4409, #3015 ) ;
#3598 = CARTESIAN_POINT ( 'NONE',  ( 44.00000000000000711, -30.76603339672067605, 175.5000000000000000 ) ) ;
#3599 = ORIENTED_EDGE ( 'NONE', *, *, #2127, .T. ) ;
#3600 = AXIS2_PLACEMENT_3D ( 'NONE', #3725, #4516, #2544 ) ;
#3601 = DIRECTION ( 'NONE',  ( -1.000000000000000000, -0.000000000000000000, -0.000000000000000000 ) ) ;
#3602 = LINE ( 'NONE', #34, #4948 ) ;
#3603 = CARTESIAN_POINT ( 'NONE',  ( -14.99999999999999822, 26.00000000000000000, 0.000000000000000000 ) ) ;
#3604 = VECTOR ( 'NONE', #3822, 1000.000000000000000 ) ;
#3605 = CARTESIAN_POINT ( 'NONE',  ( 30.00000000000006395, 33.24999999999998579, 174.8000000000000114 ) ) ;
#3606 = ORIENTED_EDGE ( 'NONE', *, *, #5227, .F. ) ;
#3607 = FACE_OUTER_BOUND ( 'NONE', #403, .T. ) ;
#3608 = EDGE_LOOP ( 'NONE', ( #5145, #4085 ) ) ;
#3609 = APPLICATION_PROTOCOL_DEFINITION ( 'draft international standard', 'automotive_design', 1998, #1790 ) ;
#3610 = LINE ( 'NONE', #4372, #1299 ) ;
#3611 = VERTEX_POINT ( 'NONE', #1626 ) ;
#3612 = ADVANCED_FACE ( 'NONE', ( #1657, #2004 ), #3623, .F. ) ;
#3613 = LINE ( 'NONE', #1993, #2563 ) ;
#3614 = ORIENTED_EDGE ( 'NONE', *, *, #4135, .F. ) ;
#3615 = VERTEX_POINT ( 'NONE', #3257 ) ;
#3616 = DIRECTION ( 'NONE',  ( -9.912705577010326782E-17, -1.000000000000000000, -0.000000000000000000 ) ) ;
#3617 = EDGE_LOOP ( 'NONE', ( #4243, #3499, #3537, #2485 ) ) ;
#3618 = CARTESIAN_POINT ( 'NONE',  ( 2.500000000000000000, 3.061616997868383141E-16, 39.24000000000000199 ) ) ;
#3619 = DIRECTION ( 'NONE',  ( -1.000000000000000000, 9.912705577010326782E-17, 0.000000000000000000 ) ) ;
#3620 = CARTESIAN_POINT ( 'NONE',  ( -22.75000000000000711, 11.99999999999999645, 15.00000000000001421 ) ) ;
#3621 = ADVANCED_FACE ( 'NONE', ( #4491, #4865 ), #868, .T. ) ;
#3622 = CARTESIAN_POINT ( 'NONE',  ( -6.249999999999349853, -45.00000000000000000, 29.74591573101819364 ) ) ;
#3623 = PLANE ( 'NONE',  #1653 ) ;
#3624 = CARTESIAN_POINT ( 'NONE',  ( -5.502973107383289708, -45.00000000000000000, 165.3593385081847202 ) ) ;
#3625 = ORIENTED_EDGE ( 'NONE', *, *, #4560, .F. ) ;
#3626 = CARTESIAN_POINT ( 'NONE',  ( 44.00000000000000711, 29.57396660327933802, 173.1000000000000227 ) ) ;
#3627 = ADVANCED_FACE ( 'NONE', ( #3727 ), #1280, .F. ) ;
#3628 = ADVANCED_FACE ( 'NONE', ( #106 ), #2158, .T. ) ;
#3629 = DIRECTION ( 'NONE',  ( -1.000000000000000000, 0.000000000000000000, 0.000000000000000000 ) ) ;
#3630 = CARTESIAN_POINT ( 'NONE',  ( -8.000000000000000000, 0.000000000000000000, 0.000000000000000000 ) ) ;
#3631 = DIRECTION ( 'NONE',  ( 0.000000000000000000, 0.000000000000000000, -1.000000000000000000 ) ) ;
#3632 = ORIENTED_EDGE ( 'NONE', *, *, #720, .T. ) ;
#3633 = CARTESIAN_POINT ( 'NONE',  ( 2.688821387764050996E-14, 5.000000000000004441, 93.99555720042791052 ) ) ;
#3634 = ORIENTED_EDGE ( 'NONE', *, *, #1164, .F. ) ;
#3635 = LINE ( 'NONE', #723, #49 ) ;
#3636 = CARTESIAN_POINT ( 'NONE',  ( 2.500000000000012434, -40.00000000000000000, 49.74591573101819364 ) ) ;
#3637 = CARTESIAN_POINT ( 'NONE',  ( 25.00000000000004974, -45.00000000000000000, 25.19999999999999929 ) ) ;
#3638 = ORIENTED_EDGE ( 'NONE', *, *, #2423, .T. ) ;
#3639 = EDGE_LOOP ( 'NONE', ( #353, #4155, #778, #1696 ) ) ;
#3640 = ADVANCED_FACE ( 'NONE', ( #2940 ), #4545, .F. ) ;
#3641 = DIRECTION ( 'NONE',  ( 0.000000000000000000, 0.000000000000000000, -1.000000000000000000 ) ) ;
#3642 = ORIENTED_EDGE ( 'NONE', *, *, #3193, .T. ) ;
#3643 = CARTESIAN_POINT ( 'NONE',  ( 44.00000000000000711, 29.57396660327935223, 26.89999999999999858 ) ) ;
#3644 = EDGE_CURVE ( 'NONE', #5113, #1157, #598, .T. ) ;
#3645 = LINE ( 'NONE', #2849, #3927 ) ;
#3646 = DIRECTION ( 'NONE',  ( -1.000000000000000000, -0.000000000000000000, -0.000000000000000000 ) ) ;
#3647 = DIRECTION ( 'NONE',  ( 1.000000000000000000, -0.000000000000000000, 0.000000000000000000 ) ) ;
#3648 = FACE_BOUND ( 'NONE', #4975, .T. ) ;
#3649 = LINE ( 'NONE', #30, #376 ) ;
#3650 = EDGE_LOOP ( 'NONE', ( #668, #3050 ) ) ;
#3651 = AXIS2_PLACEMENT_3D ( 'NONE', #4119, #494, #3722 ) ;
#3652 = DIRECTION ( 'NONE',  ( 0.000000000000000000, 0.000000000000000000, -1.000000000000000000 ) ) ;
#3653 = DIRECTION ( 'NONE',  ( 0.000000000000000000, 0.000000000000000000, -1.000000000000000000 ) ) ;
#3654 = DIRECTION ( 'NONE',  ( -1.000000000000000000, 9.912705577010326782E-17, 1.214306433183764966E-16 ) ) ;
#3655 = DIRECTION ( 'NONE',  ( 0.000000000000000000, 0.000000000000000000, 1.000000000000000000 ) ) ;
#3656 = CIRCLE ( 'NONE', #5002, 4.999999999999976907 ) ;
#3657 = ORIENTED_EDGE ( 'NONE', *, *, #3957, .F. ) ;
#3658 = AXIS2_PLACEMENT_3D ( 'NONE', #1107, #3553, #722 ) ;
#3659 = CARTESIAN_POINT ( 'NONE',  ( -30.00000000000004974, 24.56999999999999673, 25.19999999999999929 ) ) ;
#3660 = ORIENTED_EDGE ( 'NONE', *, *, #282, .F. ) ;
#3661 = DIRECTION ( 'NONE',  ( 0.000000000000000000, 0.000000000000000000, -1.000000000000000000 ) ) ;
#3662 = VECTOR ( 'NONE', #3753, 1000.000000000000000 ) ;
#3663 = CARTESIAN_POINT ( 'NONE',  ( -6.249999999999349853, -40.00000000000000000, 29.74591573101819364 ) ) ;
#3664 = FACE_BOUND ( 'NONE', #3053, .T. ) ;
#3665 = ADVANCED_FACE ( 'NONE', ( #135 ), #5018, .F. ) ;
#3666 = ORIENTED_EDGE ( 'NONE', *, *, #4633, .F. ) ;
#3667 = ORIENTED_EDGE ( 'NONE', *, *, #146, .F. ) ;
#3668 = DIRECTION ( 'NONE',  ( -1.000000000000000000, 9.912705577010326782E-17, 0.000000000000000000 ) ) ;
#3669 = UNCERTAINTY_MEASURE_WITH_UNIT (LENGTH_MEASURE( 1.000000000000000082E-05 ), #4710, 'distance_accuracy_value', 'NONE');
#3670 = ORIENTED_EDGE ( 'NONE', *, *, #2592, .F. ) ;
#3671 = DIRECTION ( 'NONE',  ( -1.000000000000000000, -0.000000000000000000, -0.000000000000000000 ) ) ;
#3672 = EDGE_CURVE ( 'NONE', #963, #2756, #642, .T. ) ;
#3673 = VECTOR ( 'NONE', #5181, 1000.000000000000000 ) ;
#3674 = DIRECTION ( 'NONE',  ( -1.000000000000000000, -0.000000000000000000, -0.000000000000000000 ) ) ;
#3675 = CARTESIAN_POINT ( 'NONE',  ( -14.99999999999999822, 33.00000000000000000, 0.000000000000000000 ) ) ;
#3676 = PLANE ( 'NONE',  #4023 ) ;
#3677 = FACE_OUTER_BOUND ( 'NONE', #4478, .T. ) ;
#3678 = ADVANCED_FACE ( 'NONE', ( #3329 ), #2506, .T. ) ;
#3679 = VECTOR ( 'NONE', #2640, 1000.000000000000000 ) ;
#3680 = AXIS2_PLACEMENT_3D ( 'NONE', #2140, #171, #4532 ) ;
#3681 = AXIS2_PLACEMENT_3D ( 'NONE', #3119, #4722, #1149 ) ;
#3682 = CIRCLE ( 'NONE', #4443, 5.000000000000004441 ) ;
#3683 = DIRECTION ( 'NONE',  ( 9.912705577010326782E-17, 1.000000000000000000, 0.000000000000000000 ) ) ;
#3684 = CARTESIAN_POINT ( 'NONE',  ( 44.00000000000000711, 29.57396660327935223, 29.50000000000000000 ) ) ;
#3685 = SURFACE_STYLE_USAGE ( .BOTH. , #1684 ) ;
#3686 = CARTESIAN_POINT ( 'NONE',  ( 44.00000000000000711, -30.76603339672065829, 29.50000000000002487 ) ) ;
#3687 = AXIS2_PLACEMENT_3D ( 'NONE', #631, #5071, #2286 ) ;
#3688 = VECTOR ( 'NONE', #441, 1000.000000000000000 ) ;
#3689 = ORIENTED_EDGE ( 'NONE', *, *, #619, .F. ) ;
#3690 = CYLINDRICAL_SURFACE ( 'NONE', #2038, 8.000000000000000000 ) ;
#3691 = ORIENTED_EDGE ( 'NONE', *, *, #3022, .F. ) ;
#3692 = VECTOR ( 'NONE', #3484, 1000.000000000000000 ) ;
#3693 = LINE ( 'NONE', #1292, #4941 ) ;
#3694 = EDGE_CURVE ( 'NONE', #849, #1780, #4357, .T. ) ;
#3695 = FACE_BOUND ( 'NONE', #495, .T. ) ;
#3696 = DIRECTION ( 'NONE',  ( -0.000000000000000000, -1.000000000000000000, -0.000000000000000000 ) ) ;
#3697 = ORIENTED_EDGE ( 'NONE', *, *, #3723, .F. ) ;
#3698 = EDGE_LOOP ( 'NONE', ( #3212, #573, #344, #2356 ) ) ;
#3699 = FACE_OUTER_BOUND ( 'NONE', #877, .T. ) ;
#3700 = ADVANCED_FACE ( 'NONE', ( #2547 ), #4940, .F. ) ;
#3701 = ORIENTED_EDGE ( 'NONE', *, *, #3207, .F. ) ;
#3702 = SURFACE_STYLE_USAGE ( .BOTH. , #3325 ) ;
#3703 = VERTEX_POINT ( 'NONE', #2183 ) ;
#3704 = DIRECTION ( 'NONE',  ( -1.000000000000000000, 0.000000000000000000, 0.000000000000000000 ) ) ;
#3705 = EDGE_CURVE ( 'NONE', #3849, #173, #549, .T. ) ;
#3706 = CARTESIAN_POINT ( 'NONE',  ( -30.00000000000006040, -30.76603339672067605, 167.8999999999999773 ) ) ;
#3707 = CARTESIAN_POINT ( 'NONE',  ( -30.00000000000006040, -30.76603339672067605, 170.4999999999999716 ) ) ;
#3708 = DIRECTION ( 'NONE',  ( 9.912705577010326782E-17, 1.000000000000000000, -0.000000000000000000 ) ) ;
#3709 = DIRECTION ( 'NONE',  ( -1.000000000000000000, -0.000000000000000000, -0.000000000000000000 ) ) ;
#3710 = DIRECTION ( 'NONE',  ( -1.166360781536057226E-16, -0.000000000000000000, -1.000000000000000000 ) ) ;
#3711 = LINE ( 'NONE', #3367, #1132 ) ;
#3712 = ORIENTED_EDGE ( 'NONE', *, *, #4177, .F. ) ;
#3713 = DIRECTION ( 'NONE',  ( -3.611333170041235804E-15, 0.000000000000000000, 1.000000000000000000 ) ) ;
#3714 = ORIENTED_EDGE ( 'NONE', *, *, #4285, .T. ) ;
#3715 = LINE ( 'NONE', #2138, #4763 ) ;
#3716 = DIRECTION ( 'NONE',  ( -1.000000000000000000, -0.000000000000000000, -0.000000000000000000 ) ) ;
#3717 = DIRECTION ( 'NONE',  ( 1.000000000000000000, 0.000000000000000000, 0.000000000000000000 ) ) ;
#3718 = EDGE_LOOP ( 'NONE', ( #1485, #1044 ) ) ;
#3719 = EDGE_LOOP ( 'NONE', ( #3081, #4435 ) ) ;
#3720 = CARTESIAN_POINT ( 'NONE',  ( 2.500000000000021760, -40.00000000000000000, 150.2540842689818135 ) ) ;
#3721 = VERTEX_POINT ( 'NONE', #2524 ) ;
#3722 = DIRECTION ( 'NONE',  ( 0.8660254037844367092, 0.000000000000000000, 0.5000000000000035527 ) ) ;
#3723 = EDGE_CURVE ( 'NONE', #1297, #2574, #162, .T. ) ;
#3724 = ORIENTED_EDGE ( 'NONE', *, *, #4681, .T. ) ;
#3725 = CARTESIAN_POINT ( 'NONE',  ( -9.999999999999992895, -38.00000000000000000, 49.74591573101819364 ) ) ;
#3726 = ORIENTED_EDGE ( 'NONE', *, *, #3732, .T. ) ;
#3727 = FACE_OUTER_BOUND ( 'NONE', #2799, .T. ) ;
#3728 = CARTESIAN_POINT ( 'NONE',  ( -30.00000000000004974, 37.00000000000000000, 174.8000000000000114 ) ) ;
#3729 = PLANE ( 'NONE',  #3769 ) ;
#3730 = CARTESIAN_POINT ( 'NONE',  ( 15.00000000000000355, 29.57396660327935223, 29.50000000000000000 ) ) ;
#3731 = LINE ( 'NONE', #921, #4943 ) ;
#3732 = EDGE_CURVE ( 'NONE', #3965, #1783, #996, .T. ) ;
#3733 = ORIENTED_EDGE ( 'NONE', *, *, #5141, .T. ) ;
#3734 = FACE_OUTER_BOUND ( 'NONE', #3777, .T. ) ;
#3735 = DIRECTION ( 'NONE',  ( -0.000000000000000000, -1.000000000000000000, -0.000000000000000000 ) ) ;
#3736 = DIRECTION ( 'NONE',  ( 0.000000000000000000, 0.000000000000000000, -1.000000000000000000 ) ) ;
#3737 = VECTOR ( 'NONE', #4815, 1000.000000000000000 ) ;
#3738 = CARTESIAN_POINT ( 'NONE',  ( 15.28232242786567419, 31.97850409442800412, 28.47714873033905647 ) ) ;
#3739 = EDGE_LOOP ( 'NONE', ( #624, #622 ) ) ;
#3740 = CIRCLE ( 'NONE', #28, 12.50000000000001066 ) ;
#3741 = ORIENTED_EDGE ( 'NONE', *, *, #172, .F. ) ;
#3742 = CARTESIAN_POINT ( 'NONE',  ( -9.999999999999980460, -38.00000000000000000, 152.7540842689817850 ) ) ;
#3743 = ORIENTED_EDGE ( 'NONE', *, *, #4917, .T. ) ;
#3744 = PRESENTATION_STYLE_ASSIGNMENT (( #3702 ) ) ;
#3745 = AXIS2_PLACEMENT_3D ( 'NONE', #3593, #3173, #2360 ) ;
#3746 = EDGE_LOOP ( 'NONE', ( #956, #4791, #1502, #2429 ) ) ;
#3747 = ORIENTED_EDGE ( 'NONE', *, *, #1924, .F. ) ;
#3749 = VECTOR ( 'NONE', #2065, 1000.000000000000000 ) ;
#3748 = CARTESIAN_POINT ( 'NONE',  ( 44.00000000000000711, 29.57396660327935223, 29.50000000000000000 ) ) ;
#3750 = EDGE_LOOP ( 'NONE', ( #1008, #2354 ) ) ;
#3751 = DIRECTION ( 'NONE',  ( 1.000000000000000000, 0.000000000000000000, -0.000000000000000000 ) ) ;
#3752 = PRESENTATION_LAYER_ASSIGNMENT (  '', '', ( #4512 ) ) ;
#3753 = DIRECTION ( 'NONE',  ( -0.000000000000000000, -0.000000000000000000, 1.000000000000000000 ) ) ;
#3754 = AXIS2_PLACEMENT_3D ( 'NONE', #491, #3322, #4932 ) ;
#3755 = VECTOR ( 'NONE', #3505, 1000.000000000000227 ) ;
#3756 = CARTESIAN_POINT ( 'NONE',  ( -30.00000000000004974, 37.00000000000000000, 33.79999999999999716 ) ) ;
#3757 = PRESENTATION_STYLE_ASSIGNMENT (( #3685 ) ) ;
#3758 = EDGE_CURVE ( 'NONE', #671, #4713, #1336, .T. ) ;
#3759 = DIRECTION ( 'NONE',  ( -0.000000000000000000, -1.000000000000000000, -0.000000000000000000 ) ) ;
#3760 = STYLED_ITEM ( 'NONE', ( #3427 ), #2436 ) ;
#3761 = VERTEX_POINT ( 'NONE', #208 ) ;
#3762 = VECTOR ( 'NONE', #4291, 1000.000000000000000 ) ;
#3763 = DIRECTION ( 'NONE',  ( 9.912705577010326782E-17, 1.000000000000000000, -0.000000000000000000 ) ) ;
#3764 = CARTESIAN_POINT ( 'NONE',  ( -27.00000000000001066, 11.99999999999999645, 15.00000000000001421 ) ) ;
#3765 = DIRECTION ( 'NONE',  ( -1.000000000000000000, -0.000000000000000000, -0.000000000000000000 ) ) ;
#3766 = AXIS2_PLACEMENT_3D ( 'NONE', #85, #421, #1656 ) ;
#3767 = CYLINDRICAL_SURFACE ( 'NONE', #1384, 8.000000000000000000 ) ;
#3768 = EDGE_LOOP ( 'NONE', ( #5026, #3433 ) ) ;
#3769 = AXIS2_PLACEMENT_3D ( 'NONE', #3365, #2526, #111 ) ;
#3770 = ORIENTED_EDGE ( 'NONE', *, *, #3069, .T. ) ;
#3771 = CARTESIAN_POINT ( 'NONE',  ( -30.00000000000005684, -25.57000000000000384, 25.19999999999999929 ) ) ;
#3772 = CARTESIAN_POINT ( 'NONE',  ( -34.99999999999999289, 29.57396660327933802, 165.5000000000000284 ) ) ;
#3773 = ORIENTED_EDGE ( 'NONE', *, *, #2206, .F. ) ;
#3774 = DIRECTION ( 'NONE',  ( 9.912705577010326782E-17, 1.000000000000000000, -0.000000000000000000 ) ) ;
#3775 = ADVANCED_FACE ( 'NONE', ( #2579 ), #4202, .F. ) ;
#3776 = CARTESIAN_POINT ( 'NONE',  ( -34.99999999999999289, -30.76603339672067605, 165.4999999999999716 ) ) ;
#3777 = EDGE_LOOP ( 'NONE', ( #3422, #2811, #4005, #3937 ) ) ;
#3778 = DIRECTION ( 'NONE',  ( -1.000000000000000000, -0.000000000000000000, -0.000000000000000000 ) ) ;
#3779 = ADVANCED_FACE ( 'NONE', ( #4621 ), #2602, .F. ) ;
#3780 = LINE ( 'NONE', #2580, #2630 ) ;
#3781 = CARTESIAN_POINT ( 'NONE',  ( -30.00000000000004619, 29.57396660327935223, 32.09999999999999432 ) ) ;
#3782 = LINE ( 'NONE', #2451, #2637 ) ;
#3783 = ORIENTED_EDGE ( 'NONE', *, *, #735, .T. ) ;
#3784 = EDGE_CURVE ( 'NONE', #1378, #4879, #5047, .T. ) ;
#3785 = CARTESIAN_POINT ( 'NONE',  ( -9.999999999999980460, -45.00000000000000000, 137.7540842689818135 ) ) ;
#3786 = FACE_BOUND ( 'NONE', #725, .T. ) ;
#3787 = DIRECTION ( 'NONE',  ( -1.000000000000000000, -0.000000000000000000, -0.000000000000000000 ) ) ;
#3788 = CARTESIAN_POINT ( 'NONE',  ( 15.02287063045849536, 30.97574489129856445, 31.70545682854879743 ) ) ;
#3789 = ORIENTED_EDGE ( 'NONE', *, *, #1057, .F. ) ;
#3790 = EDGE_CURVE ( 'NONE', #1366, #5229, #1019, .T. ) ;
#3791 = EDGE_LOOP ( 'NONE', ( #1152, #2529, #3129, #1062 ) ) ;
#3792 = FACE_OUTER_BOUND ( 'NONE', #4161, .T. ) ;
#3793 = CARTESIAN_POINT ( 'NONE',  ( 44.00000000000000711, 29.57396660327935223, 26.89999999999999858 ) ) ;
#3794 = ORIENTED_EDGE ( 'NONE', *, *, #2959, .T. ) ;
#3795 = LINE ( 'NONE', #1250, #1983 ) ;
#3796 = CARTESIAN_POINT ( 'NONE',  ( -13.80746851924201124, -40.00000000000000000, 168.4051563039226949 ) ) ;
#3797 = ORIENTED_EDGE ( 'NONE', *, *, #2440, .F. ) ;
#3798 = ORIENTED_EDGE ( 'NONE', *, *, #2113, .F. ) ;
#3799 = DIRECTION ( 'NONE',  ( 0.000000000000000000, 0.000000000000000000, -1.000000000000000000 ) ) ;
#3800 = VERTEX_POINT ( 'NONE', #1417 ) ;
#3801 = CARTESIAN_POINT ( 'NONE',  ( 15.00000000000001954, 29.57396660327933802, 170.5000000000000000 ) ) ;
#3802 = EDGE_CURVE ( 'NONE', #4982, #3289, #1045, .T. ) ;
#3803 = DIRECTION ( 'NONE',  ( 1.000000000000000000, 0.000000000000000000, 0.000000000000000000 ) ) ;
#3804 = CARTESIAN_POINT ( 'NONE',  ( 35.00000000000000000, -45.00000000000000000, 200.0000000000000000 ) ) ;
#3805 = ORIENTED_EDGE ( 'NONE', *, *, #1895, .F. ) ;
#3806 = DIRECTION ( 'NONE',  ( -1.000000000000000000, -0.000000000000000000, -0.000000000000000000 ) ) ;
#3807 = DIRECTION ( 'NONE',  ( -9.912705577010326782E-17, -1.000000000000000000, 0.000000000000000000 ) ) ;
#3808 = CARTESIAN_POINT ( 'NONE',  ( 25.00000000000006040, 24.56999999999999673, 166.2000000000000171 ) ) ;
#3809 = DIRECTION ( 'NONE',  ( -1.000000000000000000, 9.912705577010326782E-17, 1.214306433183764966E-16 ) ) ;
#3810 = EDGE_LOOP ( 'NONE', ( #3904, #1894, #4734, #2195 ) ) ;
#3811 = ORIENTED_EDGE ( 'NONE', *, *, #962, .T. ) ;
#3812 = CARTESIAN_POINT ( 'NONE',  ( -6.249999999999329425, -45.00000000000000000, 200.0000000000000284 ) ) ;
#3813 = LINE ( 'NONE', #199, #3679 ) ;
#3814 = ORIENTED_EDGE ( 'NONE', *, *, #2902, .T. ) ;
#3815 = CARTESIAN_POINT ( 'NONE',  ( -44.00000000000000000, -30.76603339672065829, 24.50000000000002487 ) ) ;
#3816 = ADVANCED_FACE ( 'NONE', ( #4720 ), #3060, .F. ) ;
#3817 = ORIENTED_EDGE ( 'NONE', *, *, #4980, .F. ) ;
#3818 = DIRECTION ( 'NONE',  ( -1.000000000000000000, 9.912705577010326782E-17, -0.000000000000000000 ) ) ;
#3819 = UNCERTAINTY_MEASURE_WITH_UNIT (LENGTH_MEASURE( 1.000000000000000082E-05 ), #3335, 'distance_accuracy_value', 'NONE');
#3820 = EDGE_LOOP ( 'NONE', ( #1735, #4851 ) ) ;
#3821 = AXIS2_PLACEMENT_3D ( 'NONE', #5069, #628, #3488 ) ;
#3822 = DIRECTION ( 'NONE',  ( -0.000000000000000000, -1.000000000000000000, -0.000000000000000000 ) ) ;
#3823 = VECTOR ( 'NONE', #608, 1000.000000000000000 ) ;
#3824 = DIRECTION ( 'NONE',  ( -1.000000000000000000, 9.912705577010326782E-17, 0.000000000000000000 ) ) ;
#3825 = ADVANCED_FACE ( 'NONE', ( #1075 ), #235, .F. ) ;
#3826 = FACE_OUTER_BOUND ( 'NONE', #245, .T. ) ;
#3827 = DIRECTION ( 'NONE',  ( -0.000000000000000000, -0.000000000000000000, -1.000000000000000000 ) ) ;
#3828 = AXIS2_PLACEMENT_3D ( 'NONE', #3935, #35, #2343 ) ;
#3829 = ORIENTED_EDGE ( 'NONE', *, *, #1847, .T. ) ;
#3830 = CIRCLE ( 'NONE', #2392, 5.000000000000000888 ) ;
#3831 = VECTOR ( 'NONE', #1805, 1000.000000000000000 ) ;
#3832 = LINE ( 'NONE', #4307, #1279 ) ;
#3833 = EDGE_CURVE ( 'NONE', #2012, #4454, #1397, .T. ) ;
#3834 = CARTESIAN_POINT ( 'NONE',  ( 44.00000000000000711, 29.57396660327933802, 165.5000000000000284 ) ) ;
#3835 = CARTESIAN_POINT ( 'NONE',  ( -30.00000000000005684, -25.57000000000000384, 174.8000000000000114 ) ) ;
#3836 = DIRECTION ( 'NONE',  ( -1.000000000000000000, -0.000000000000000000, -0.000000000000000000 ) ) ;
#3837 = AXIS2_PLACEMENT_3D ( 'NONE', #2531, #2488, #852 ) ;
#3838 = VECTOR ( 'NONE', #1006, 1000.000000000000000 ) ;
#3839 = ADVANCED_FACE ( 'NONE', ( #4643 ), #334, .T. ) ;
#3840 = ORIENTED_EDGE ( 'NONE', *, *, #5089, .F. ) ;
#3841 = AXIS2_PLACEMENT_3D ( 'NONE', #58, #2419, #2080 ) ;
#3842 = DIRECTION ( 'NONE',  ( 3.469446951953613696E-16, 1.000000000000000000, -4.814824860968088538E-32 ) ) ;
#3844 = AXIS2_PLACEMENT_3D ( 'NONE', #4776, #1231, #4465 ) ;
#3843 = SURFACE_SIDE_STYLE ('',( #2298 ) ) ;
#3845 = ORIENTED_EDGE ( 'NONE', *, *, #5111, .T. ) ;
#3846 = CARTESIAN_POINT ( 'NONE',  ( -25.00000000000005684, 29.57396660327935223, 29.50000000000000000 ) ) ;
#3847 = CYLINDRICAL_SURFACE ( 'NONE', #4004, 2.599999999999998312 ) ;
#3848 = AXIS2_PLACEMENT_3D ( 'NONE', #2943, #2185, #998 ) ;
#3849 = VERTEX_POINT ( 'NONE', #5125 ) ;
#3850 = VECTOR ( 'NONE', #1414, 1000.000000000000000 ) ;
#3851 = VERTEX_POINT ( 'NONE', #2623 ) ;
#3852 = LINE ( 'NONE', #5045, #3850 ) ;
#3854 = EDGE_LOOP ( 'NONE', ( #194, #4036, #3733, #2234 ) ) ;
#3853 = AXIS2_PLACEMENT_3D ( 'NONE', #499, #2103, #1760 ) ;
#3855 = CARTESIAN_POINT ( 'NONE',  ( -8.029291517378364040E-15, 26.00000000000000000, 100.0000000000000142 ) ) ;
#3856 = ADVANCED_FACE ( 'NONE', ( #4667 ), #3896, .F. ) ;
#3857 = FACE_OUTER_BOUND ( 'NONE', #1184, .T. ) ;
#3858 = LINE ( 'NONE', #337, #1059 ) ;
#3859 = CARTESIAN_POINT ( 'NONE',  ( 30.00000000000005329, -45.00000000000000000, 33.79999999999999005 ) ) ;
#3860 = EDGE_LOOP ( 'NONE', ( #2676, #4320, #641, #2936 ) ) ;
#3861 = CARTESIAN_POINT ( 'NONE',  ( -35.00000000000000000, 37.00000000000000711, 0.000000000000000000 ) ) ;
#3862 = DIRECTION ( 'NONE',  ( -1.000000000000000000, -0.000000000000000000, -0.000000000000000000 ) ) ;
#3863 = CARTESIAN_POINT ( 'NONE',  ( -4.500000000000000000, 0.000000000000000000, 37.24000000000000199 ) ) ;
#3864 = PRODUCT_DEFINITION ( 'UNKNOWN', '', #2709, #1226 ) ;
#3865 = ORIENTED_EDGE ( 'NONE', *, *, #1722, .F. ) ;
#3866 = EDGE_LOOP ( 'NONE', ( #4816, #5191 ) ) ;
#3867 = CARTESIAN_POINT ( 'NONE',  ( 44.00000000000000711, 29.57396660327933802, 170.5000000000000000 ) ) ;
#3868 = ORIENTED_EDGE ( 'NONE', *, *, #4771, .F. ) ;
#3869 = CARTESIAN_POINT ( 'NONE',  ( 15.09432956865723874, 31.38861111032949225, 172.3804487508005536 ) ) ;
#3870 = DIRECTION ( 'NONE',  ( -3.469446951953613696E-16, -1.000000000000000000, 4.814824860968089085E-32 ) ) ;
#3871 = ORIENTED_EDGE ( 'NONE', *, *, #4195, .F. ) ;
#3872 = ORIENTED_EDGE ( 'NONE', *, *, #2141, .T. ) ;
#3873 = CYLINDRICAL_SURFACE ( 'NONE', #2741, 2.599999999999998312 ) ;
#3874 = ORIENTED_EDGE ( 'NONE', *, *, #1613, .F. ) ;
#3875 = DIRECTION ( 'NONE',  ( -1.000000000000000000, 0.000000000000000000, 0.000000000000000000 ) ) ;
#3876 = CARTESIAN_POINT ( 'NONE',  ( -22.75000000000000000, 37.00000000000000000, 15.00000000000001421 ) ) ;
#3877 = DIRECTION ( 'NONE',  ( 4.034240641806529869E-16, -9.181759037194964935E-32, 1.000000000000000000 ) ) ;
#3878 = DIRECTION ( 'NONE',  ( 0.000000000000000000, 0.000000000000000000, 1.000000000000000000 ) ) ;
#3879 = EDGE_CURVE ( 'NONE', #4376, #1079, #2261, .T. ) ;
#3880 = VERTEX_POINT ( 'NONE', #1887 ) ;
#3881 = DIRECTION ( 'NONE',  ( 0.000000000000000000, 0.000000000000000000, -1.000000000000000000 ) ) ;
#3882 = CARTESIAN_POINT ( 'NONE',  ( -44.00000000000000000, -30.76603339672067605, 170.4999999999999716 ) ) ;
#3883 = DIRECTION ( 'NONE',  ( 3.755786496842893535E-15, 0.000000000000000000, -1.000000000000000000 ) ) ;
#3884 = EDGE_LOOP ( 'NONE', ( #577, #2299, #5078, #1180 ) ) ;
#3885 = EDGE_LOOP ( 'NONE', ( #1099, #1883, #1041, #6 ) ) ;
#3886 = DIRECTION ( 'NONE',  ( 0.000000000000000000, 0.000000000000000000, 1.000000000000000000 ) ) ;
#3887 = ORIENTED_EDGE ( 'NONE', *, *, #190, .T. ) ;
#3888 = EDGE_CURVE ( 'NONE', #5122, #1699, #862, .T. ) ;
#3889 = CARTESIAN_POINT ( 'NONE',  ( -5.199999999999996625, -45.00000000000000000, 96.99777860021393394 ) ) ;
#3890 = ORIENTED_EDGE ( 'NONE', *, *, #432, .F. ) ;
#3891 = COLOUR_RGB ( '',0.7921568627450980005, 0.8196078431372548767, 0.9333333333333333481 ) ;
#3892 = ORIENTED_EDGE ( 'NONE', *, *, #3184, .F. ) ;
#3893 = DIRECTION ( 'NONE',  ( 0.000000000000000000, 0.000000000000000000, -1.000000000000000000 ) ) ;
#3894 = EDGE_CURVE ( 'NONE', #1932, #5087, #310, .T. ) ;
#3895 = ORIENTED_EDGE ( 'NONE', *, *, #2951, .T. ) ;
#3896 = CYLINDRICAL_SURFACE ( 'NONE', #1025, 2.600000000000019185 ) ;
#3897 = AXIS2_PLACEMENT_3D ( 'NONE', #219, #1128, #5106 ) ;
#3898 = AXIS2_PLACEMENT_3D ( 'NONE', #500, #2104, #1313 ) ;
#3899 = FACE_OUTER_BOUND ( 'NONE', #2073, .T. ) ;
#3900 = CARTESIAN_POINT ( 'NONE',  ( 5.200000000000003730, 5.000000000000004441, 96.99777860021396236 ) ) ;
#3901 = CARTESIAN_POINT ( 'NONE',  ( 30.00000000000005684, -25.57000000000000384, 25.19999999999999218 ) ) ;
#3902 = VECTOR ( 'NONE', #294, 1000.000000000000000 ) ;
#3903 = ORIENTED_EDGE ( 'NONE', *, *, #3414, .T. ) ;
#3904 = ORIENTED_EDGE ( 'NONE', *, *, #4242, .F. ) ;
#3905 = CARTESIAN_POINT ( 'NONE',  ( -30.00000000000006040, -45.00000000000000000, 174.8000000000000114 ) ) ;
#3906 = ADVANCED_FACE ( 'NONE', ( #2307 ), #2653, .F. ) ;
#3907 = VECTOR ( 'NONE', #556, 1000.000000000000000 ) ;
#3908 = CARTESIAN_POINT ( 'NONE',  ( 5.199999999999982414, -45.00000000000000000, 103.0022213997860945 ) ) ;
#3909 = CARTESIAN_POINT ( 'NONE',  ( 35.00000000000002842, 34.49999999999998579, 200.0000000000000000 ) ) ;
#3910 = VERTEX_POINT ( 'NONE', #256 ) ;
#3911 = VERTEX_POINT ( 'NONE', #5095 ) ;
#3912 = EDGE_CURVE ( 'NONE', #4106, #1875, #3540, .T. ) ;
#3913 = CARTESIAN_POINT ( 'NONE',  ( -6.249999999999329425, -40.00000000000000000, 200.0000000000000284 ) ) ;
#3914 = ORIENTED_EDGE ( 'NONE', *, *, #1749, .T. ) ;
#3915 = CIRCLE ( 'NONE', #1634, 2.599999999999998312 ) ;
#3916 = CIRCLE ( 'NONE', #2644, 5.000000000000000888 ) ;
#3917 = CARTESIAN_POINT ( 'NONE',  ( 25.00000000000005684, -25.57000000000000384, 174.8000000000000114 ) ) ;
#3918 = ORIENTED_EDGE ( 'NONE', *, *, #1697, .F. ) ;
#3919 = EDGE_CURVE ( 'NONE', #4655, #1399, #3139, .T. ) ;
#3920 = CIRCLE ( 'NONE', #1891, 2.599999999999998312 ) ;
#3921 = AXIS2_PLACEMENT_3D ( 'NONE', #3960, #3574, #3631 ) ;
#3922 = ORIENTED_EDGE ( 'NONE', *, *, #636, .F. ) ;
#3923 = CARTESIAN_POINT ( 'NONE',  ( -0.4808539244941091306, -45.00000000000000000, 40.63102305124120761 ) ) ;
#3924 = VERTEX_POINT ( 'NONE', #733 ) ;
#3925 = DIRECTION ( 'NONE',  ( -0.000000000000000000, -0.000000000000000000, -1.000000000000000000 ) ) ;
#3926 = VECTOR ( 'NONE', #1791, 1000.000000000000000 ) ;
#3927 = VECTOR ( 'NONE', #1622, 1000.000000000000000 ) ;
#3928 = DIRECTION ( 'NONE',  ( 4.034240641806529869E-16, -0.000000000000000000, 1.000000000000000000 ) ) ;
#3929 = DIRECTION ( 'NONE',  ( 0.000000000000000000, 0.000000000000000000, -1.000000000000000000 ) ) ;
#3930 = CARTESIAN_POINT ( 'NONE',  ( -2.541172249825931671E-14, 5.000000000000004441, 106.0044427995721321 ) ) ;
#3931 = CARTESIAN_POINT ( 'NONE',  ( -5.200000000000018829, 5.000000000000004441, 103.0022213997860518 ) ) ;
#3932 = ORIENTED_EDGE ( 'NONE', *, *, #3460, .F. ) ;
#3933 = EDGE_CURVE ( 'NONE', #1873, #3436, #2334, .T. ) ;
#3934 = CARTESIAN_POINT ( 'NONE',  ( 4.999999999999993783, 26.00000000000000000, 100.0000000000000142 ) ) ;
#3935 = CARTESIAN_POINT ( 'NONE',  ( -9.999999999999980460, -40.00000000000000000, 150.2540842689818135 ) ) ;
#3936 = DIRECTION ( 'NONE',  ( -1.000000000000000000, 9.912705577010326782E-17, -4.034240641806530362E-16 ) ) ;
#3937 = ORIENTED_EDGE ( 'NONE', *, *, #492, .T. ) ;
#3938 = EDGE_LOOP ( 'NONE', ( #2946, #4059 ) ) ;
#3939 = LINE ( 'NONE', #2775, #945 ) ;
#3940 = CARTESIAN_POINT ( 'NONE',  ( -13.75000000000064126, -45.00000000000000000, 29.74591573101820785 ) ) ;
#3941 = EDGE_LOOP ( 'NONE', ( #2453, #1939, #252, #3196 ) ) ;
#3942 = LINE ( 'NONE', #4274, #2143 ) ;
#3943 = EDGE_CURVE ( 'NONE', #5216, #4724, #391, .T. ) ;
#3944 = ORIENTED_EDGE ( 'NONE', *, *, #3032, .F. ) ;
#3945 = VERTEX_POINT ( 'NONE', #3223 ) ;
#3946 = LINE ( 'NONE', #4003, #2910 ) ;
#3947 = ORIENTED_EDGE ( 'NONE', *, *, #845, .T. ) ;
#3948 = CARTESIAN_POINT ( 'NONE',  ( 35.00000000000000000, 34.49999999999998579, 0.000000000000000000 ) ) ;
#3949 = EDGE_CURVE ( 'NONE', #3238, #1780, #3252, .T. ) ;
#3950 = DIRECTION ( 'NONE',  ( -1.000000000000000000, -0.000000000000000000, 1.166360781536057226E-16 ) ) ;
#3951 = CARTESIAN_POINT ( 'NONE',  ( -35.00000000000000000, 37.00000000000000711, 200.0000000000000000 ) ) ;
#3952 = EDGE_CURVE ( 'NONE', #1964, #3381, #3562, .T. ) ;
#3953 = DIRECTION ( 'NONE',  ( -1.000000000000000000, 0.000000000000000000, -0.000000000000000000 ) ) ;
#3954 = LINE ( 'NONE', #400, #4258 ) ;
#3955 = ORIENTED_EDGE ( 'NONE', *, *, #4714, .F. ) ;
#3956 = CARTESIAN_POINT ( 'NONE',  ( -30.00000000000004974, 24.56999999999999673, 33.79999999999999716 ) ) ;
#3957 = EDGE_CURVE ( 'NONE', #2714, #2871, #1168, .T. ) ;
#3958 = CARTESIAN_POINT ( 'NONE',  ( 19.00000000000000355, 30.49999999999999645, 0.000000000000000000 ) ) ;
#3959 = DIRECTION ( 'NONE',  ( -1.387778780781445676E-16, 0.000000000000000000, -1.000000000000000000 ) ) ;
#3960 = CARTESIAN_POINT ( 'NONE',  ( -34.99999999999999289, -30.76603339672065829, 29.50000000000002487 ) ) ;
#3961 = EDGE_LOOP ( 'NONE', ( #385, #4617, #216, #3584, #410, #4198, #2752, #4299 ) ) ;
#3962 = EDGE_LOOP ( 'NONE', ( #1036, #1427, #2631, #604 ) ) ;
#3963 = FACE_BOUND ( 'NONE', #4741, .T. ) ;
#3964 = PLANE ( 'NONE',  #965 ) ;
#3965 = VERTEX_POINT ( 'NONE', #2873 ) ;
#3966 = DIRECTION ( 'NONE',  ( 0.000000000000000000, 0.000000000000000000, -1.000000000000000000 ) ) ;
#3967 = VERTEX_POINT ( 'NONE', #3618 ) ;
#3968 = ORIENTED_EDGE ( 'NONE', *, *, #1437, .F. ) ;
#3969 = CARTESIAN_POINT ( 'NONE',  ( -2.500000000000000000, 0.000000000000000000, 39.24000000000000199 ) ) ;
#3970 = EDGE_CURVE ( 'NONE', #2364, #3107, #861, .T. ) ;
#3971 = EDGE_CURVE ( 'NONE', #1024, #4789, #1863, .T. ) ;
#3972 = ORIENTED_EDGE ( 'NONE', *, *, #712, .F. ) ;
#3973 = CARTESIAN_POINT ( 'NONE',  ( -14.99999999999999822, 26.00000000000000000, 0.000000000000000000 ) ) ;
#3974 = B_SPLINE_CURVE_WITH_KNOTS ( 'NONE', 3,
 ( #2465, #1350, #2978, #4192, #646, #4217 ),
 .UNSPECIFIED., .F., .F.,
 ( 4, 1, 1, 4 ),
 ( 0.000000000000000000, 0.1635294581522475366, 0.4619405783742899230, 1.000000000000000000 ),
 .UNSPECIFIED. ) ;
#3975 = CARTESIAN_POINT ( 'NONE',  ( -25.00000000000005684, 29.57396660327935223, 29.50000000000000000 ) ) ;
#3976 = DIRECTION ( 'NONE',  ( 9.912705577010326782E-17, 1.000000000000000000, -0.000000000000000000 ) ) ;
#3977 = ADVANCED_FACE ( 'NONE', ( #4436, #837 ), #5234, .T. ) ;
#3978 = CARTESIAN_POINT ( 'NONE',  ( 44.00000000000000711, -30.76603339672067605, 167.8999999999999773 ) ) ;
#3979 = CARTESIAN_POINT ( 'NONE',  ( -44.00000000000000000, 29.57396660327933802, 167.9000000000000057 ) ) ;
#3980 = DIRECTION ( 'NONE',  ( -1.000000000000000000, 0.000000000000000000, 0.000000000000000000 ) ) ;
#3981 = ORIENTED_EDGE ( 'NONE', *, *, #146, .T. ) ;
#3982 = AXIS2_PLACEMENT_3D ( 'NONE', #1430, #4656, #4268 ) ;
#3983 = CIRCLE ( 'NONE', #4920, 2.500000000000000000 ) ;
#3984 = EDGE_CURVE ( 'NONE', #3478, #5034, #5207, .T. ) ;
#3985 = CARTESIAN_POINT ( 'NONE',  ( -4.500000000000000000, 0.000000000000000000, 5.000000000000000000 ) ) ;
#3986 = CARTESIAN_POINT ( 'NONE',  ( 15.00000000000002309, 30.74884726176172123, 168.1653528850175690 ) ) ;
#3987 = DIRECTION ( 'NONE',  ( 1.000000000000000000, 0.000000000000000000, 0.000000000000000000 ) ) ;
#3988 = VECTOR ( 'NONE', #1597, 1000.000000000000000 ) ;
#3989 = LINE ( 'NONE', #1583, #4688 ) ;
#3990 = EDGE_LOOP ( 'NONE', ( #2097, #3023, #4412, #4639 ) ) ;
#3991 = EDGE_CURVE ( 'NONE', #2754, #4080, #3485, .T. ) ;
#3992 = VECTOR ( 'NONE', #2973, 1000.000000000000000 ) ;
#3993 = DIRECTION ( 'NONE',  ( -1.000000000000000000, -0.000000000000000000, -0.000000000000000000 ) ) ;
#3994 = ORIENTED_EDGE ( 'NONE', *, *, #2919, .F. ) ;
#3995 = CARTESIAN_POINT ( 'NONE',  ( -9.999999999999992895, -40.00000000000000000, 49.74591573101819364 ) ) ;
#3996 = VERTEX_POINT ( 'NONE', #1195 ) ;
#3997 = DIRECTION ( 'NONE',  ( 0.000000000000000000, 0.000000000000000000, 1.000000000000000000 ) ) ;
#3998 = VECTOR ( 'NONE', #3443, 1000.000000000000000 ) ;
#3999 = ORIENTED_EDGE ( 'NONE', *, *, #3970, .T. ) ;
#4000 = EDGE_CURVE ( 'NONE', #2249, #2353, #518, .T. ) ;
#4001 = EDGE_LOOP ( 'NONE', ( #3576, #4902, #538, #3840 ) ) ;
#4002 = AXIS2_PLACEMENT_3D ( 'NONE', #3221, #1618, #2810 ) ;
#4004 = AXIS2_PLACEMENT_3D ( 'NONE', #2617, #669, #1507 ) ;
#4003 = CARTESIAN_POINT ( 'NONE',  ( 30.00000000000005329, -45.00000000000000000, 25.19999999999999218 ) ) ;
#4005 = ORIENTED_EDGE ( 'NONE', *, *, #1367, .F. ) ;
#4006 = CARTESIAN_POINT ( 'NONE',  ( -6.938893903907228378E-15, 19.49999999999999645, 96.91215062577353478 ) ) ;
#4007 = CIRCLE ( 'NONE', #1723, 5.000000000000004441 ) ;
#4008 = EDGE_CURVE ( 'NONE', #2520, #3190, #1594, .T. ) ;
#4009 = CARTESIAN_POINT ( 'NONE',  ( -25.00000000000005684, -30.76603339672065829, 29.50000000000002487 ) ) ;
#4010 = DIRECTION ( 'NONE',  ( 9.912705577010326782E-17, 1.000000000000000000, -0.000000000000000000 ) ) ;
#4012 = DIRECTION ( 'NONE',  ( -1.000000000000000000, -0.000000000000000000, -0.000000000000000000 ) ) ;
#4011 = AXIS2_PLACEMENT_3D ( 'NONE', #4086, #2899, #888 ) ;
#4013 = AXIS2_PLACEMENT_3D ( 'NONE', #3686, #90, #1316 ) ;
#4014 = CARTESIAN_POINT ( 'NONE',  ( 30.00000000000005329, -45.00000000000000000, 166.2000000000000171 ) ) ;
#4015 = ORIENTED_EDGE ( 'NONE', *, *, #3912, .F. ) ;
#4016 = ADVANCED_FACE ( 'NONE', ( #4088 ), #2785, .F. ) ;
#4017 = EDGE_CURVE ( 'NONE', #4378, #938, #4884, .T. ) ;
#4018 = VECTOR ( 'NONE', #1892, 1000.000000000000000 ) ;
#4019 = VECTOR ( 'NONE', #84, 1000.000000000000000 ) ;
#4020 = CARTESIAN_POINT ( 'NONE',  ( -9.999999999999980460, -45.00000000000000000, 150.2540842689818135 ) ) ;
#4021 = CYLINDRICAL_SURFACE ( 'NONE', #221, 2.599999999999998312 ) ;
#4022 = CARTESIAN_POINT ( 'NONE',  ( -25.00000000000004974, 24.56999999999999673, 25.19999999999999929 ) ) ;
#4023 = AXIS2_PLACEMENT_3D ( 'NONE', #1173, #60, #1971 ) ;
#4024 = FACE_OUTER_BOUND ( 'NONE', #3180, .T. ) ;
#4025 = ADVANCED_FACE ( 'NONE', ( #418, #1146 ), #1228, .T. ) ;
#4026 = ORIENTED_EDGE ( 'NONE', *, *, #2908, .F. ) ;
#4027 = CARTESIAN_POINT ( 'NONE',  ( -35.00000000000000000, 29.57396660327935223, 29.50000000000000000 ) ) ;
#4028 = VERTEX_POINT ( 'NONE', #54 ) ;
#4029 = CARTESIAN_POINT ( 'NONE',  ( 25.00000000000004974, -30.76603339672065829, 26.90000000000002700 ) ) ;
#4030 = FACE_OUTER_BOUND ( 'NONE', #1693, .T. ) ;
#4031 = CARTESIAN_POINT ( 'NONE',  ( 44.00000000000000711, 0.000000000000000000, 0.000000000000000000 ) ) ;
#4032 = EDGE_CURVE ( 'NONE', #2306, #3016, #2047, .T. ) ;
#4033 = VERTEX_POINT ( 'NONE', #4006 ) ;
#4034 = ORIENTED_EDGE ( 'NONE', *, *, #2358, .T. ) ;
#4035 = FACE_OUTER_BOUND ( 'NONE', #3192, .T. ) ;
#4036 = ORIENTED_EDGE ( 'NONE', *, *, #4411, .T. ) ;
#4037 = EDGE_CURVE ( 'NONE', #1512, #4664, #4462, .T. ) ;
#4038 = CARTESIAN_POINT ( 'NONE',  ( -6.938893903907228378E-15, 5.000000000000004441, 100.0000000000000142 ) ) ;
#4039 = DIRECTION ( 'NONE',  ( 1.000000000000000000, 0.000000000000000000, -0.000000000000000000 ) ) ;
#4040 = DIRECTION ( 'NONE',  ( 0.8660254037844369313, 0.000000000000000000, 0.5000000000000029976 ) ) ;
#4041 = DIRECTION ( 'NONE',  ( -3.611333170041235804E-15, 0.000000000000000000, 1.000000000000000000 ) ) ;
#4042 = EDGE_CURVE ( 'NONE', #3281, #4370, #1652, .T. ) ;
#4043 = PLANE ( 'NONE',  #2077 ) ;
#4044 = CARTESIAN_POINT ( 'NONE',  ( 35.00000000000000000, 29.57396660327935223, 24.49999999999999645 ) ) ;
#4045 = ORIENTED_EDGE ( 'NONE', *, *, #3723, .T. ) ;
#4046 = CARTESIAN_POINT ( 'NONE',  ( 25.00000000000005684, -25.57000000000000384, 174.8000000000000114 ) ) ;
#4047 = LINE ( 'NONE', #1631, #4104 ) ;
#4048 = FACE_OUTER_BOUND ( 'NONE', #5188, .T. ) ;
#4049 = EDGE_CURVE ( 'NONE', #1753, #3924, #2900, .T. ) ;
#4050 = DIRECTION ( 'NONE',  ( -4.034240641806529869E-16, 0.000000000000000000, 1.000000000000000000 ) ) ;
#4051 = ORIENTED_EDGE ( 'NONE', *, *, #2193, .T. ) ;
#4052 = DIRECTION ( 'NONE',  ( 1.000000000000000000, 0.000000000000000000, 0.000000000000000000 ) ) ;
#4053 = VERTEX_POINT ( 'NONE', #4934 ) ;
#4054 = CARTESIAN_POINT ( 'NONE',  ( -19.51914607550587633, -40.00000000000000000, 40.63102305124120761 ) ) ;
#4055 = CARTESIAN_POINT ( 'NONE',  ( -5.502973107383305695, -40.00000000000000000, 34.64066149181523713 ) ) ;
#4056 = DIRECTION ( 'NONE',  ( 0.000000000000000000, 0.000000000000000000, 1.000000000000000000 ) ) ;
#4057 = ORIENTED_EDGE ( 'NONE', *, *, #4369, .F. ) ;
#4058 = MANIFOLD_SOLID_BREP ( 'Boss.-Extru.3[1]', #700 ) ;
#4059 = ORIENTED_EDGE ( 'NONE', *, *, #4494, .T. ) ;
#4060 = DIRECTION ( 'NONE',  ( 9.912705577010326782E-17, 1.000000000000000000, -0.000000000000000000 ) ) ;
#4061 = EDGE_LOOP ( 'NONE', ( #3368, #433, #200, #4393 ) ) ;
#4062 = CARTESIAN_POINT ( 'NONE',  ( 44.00000000000000711, 0.000000000000000000, 0.000000000000000000 ) ) ;
#4063 = DIRECTION ( 'NONE',  ( 0.000000000000000000, 0.000000000000000000, 1.000000000000000000 ) ) ;
#4064 = CARTESIAN_POINT ( 'NONE',  ( -35.00000000000000000, 37.00000000000000711, 200.0000000000000000 ) ) ;
#4065 = DIRECTION ( 'NONE',  ( 1.000000000000000000, -0.000000000000000000, -0.000000000000000000 ) ) ;
#4066 = CARTESIAN_POINT ( 'NONE',  ( -29.60000000000000853, 11.99999999999999645, 15.00000000000001421 ) ) ;
#4067 = VECTOR ( 'NONE', #4487, 1000.000000000000000 ) ;
#4068 = CARTESIAN_POINT ( 'NONE',  ( 35.00000000000000000, -30.76603339672067605, 175.5000000000000000 ) ) ;
#4069 = DIRECTION ( 'NONE',  ( 1.000000000000000000, -9.912705577010326782E-17, -1.214306433183764966E-16 ) ) ;
#4070 = CARTESIAN_POINT ( 'NONE',  ( 25.00000000000005684, -25.57000000000000384, 25.19999999999999218 ) ) ;
#4071 = VECTOR ( 'NONE', #4705, 1000.000000000000000 ) ;
#4072 = ORIENTED_EDGE ( 'NONE', *, *, #1374, .T. ) ;
#4073 = CIRCLE ( 'NONE', #4497, 2.599999999999998312 ) ;
#4074 = DIRECTION ( 'NONE',  ( 0.000000000000000000, 0.000000000000000000, -1.000000000000000000 ) ) ;
#4075 = EDGE_LOOP ( 'NONE', ( #3947, #2577, #595, #1406 ) ) ;
#4076 = DIRECTION ( 'NONE',  ( 0.000000000000000000, 0.000000000000000000, 1.000000000000000000 ) ) ;
#4077 = AXIS2_PLACEMENT_3D ( 'NONE', #3043, #2627, #3065 ) ;
#4078 = LINE ( 'NONE', #2560, #2715 ) ;
#4079 = FACE_OUTER_BOUND ( 'NONE', #3854, .T. ) ;
#4080 = VERTEX_POINT ( 'NONE', #1274 ) ;
#4081 = AXIS2_PLACEMENT_3D ( 'NONE', #2111, #904, #2489 ) ;
#4082 = ADVANCED_FACE ( 'NONE', ( #4540, #472 ), #913, .F. ) ;
#4083 = EDGE_LOOP ( 'NONE', ( #2124, #4179, #4420, #2595 ) ) ;
#4084 = CARTESIAN_POINT ( 'NONE',  ( 2.292272046096018645, -40.00000000000000000, 154.7840618205169108 ) ) ;
#4085 = ORIENTED_EDGE ( 'NONE', *, *, #2113, .T. ) ;
#4086 = CARTESIAN_POINT ( 'NONE',  ( -34.99999999999999289, 29.57396660327933802, 170.5000000000000000 ) ) ;
#4087 = CIRCLE ( 'NONE', #2475, 5.000000000000004441 ) ;
#4088 = FACE_OUTER_BOUND ( 'NONE', #69, .T. ) ;
#4089 = VECTOR ( 'NONE', #1921, 1000.000000000000000 ) ;
#4090 = DIRECTION ( 'NONE',  ( 0.000000000000000000, 0.000000000000000000, 1.000000000000000000 ) ) ;
#4091 = DIRECTION ( 'NONE',  ( 0.000000000000000000, -1.000000000000000000, -0.000000000000000000 ) ) ;
#4092 = CARTESIAN_POINT ( 'NONE',  ( -5.200000000000018829, -45.00000000000000000, 103.0022213997860518 ) ) ;
#4093 = CIRCLE ( 'NONE', #4853, 12.50000000000001066 ) ;
#4094 = CIRCLE ( 'NONE', #1470, 2.600000000000019185 ) ;
#4095 = ADVANCED_FACE ( 'NONE', ( #4513 ), #889, .F. ) ;
#4096 = EDGE_CURVE ( 'NONE', #1067, #1159, #2886, .T. ) ;
#4097 = AXIS2_PLACEMENT_3D ( 'NONE', #1172, #447, #4490 ) ;
#4098 = VECTOR ( 'NONE', #3759, 1000.000000000000000 ) ;
#4099 = CARTESIAN_POINT ( 'NONE',  ( -14.49702689261668986, -45.00000000000000000, 34.64066149181522292 ) ) ;
#4100 = DIRECTION ( 'NONE',  ( -1.000000000000000000, -0.000000000000000000, -0.000000000000000000 ) ) ;
#4101 = FILL_AREA_STYLE ('',( #3366 ) ) ;
#4102 = CARTESIAN_POINT ( 'NONE',  ( -13.80746851924201124, -45.00000000000000000, 168.4051563039226949 ) ) ;
#4103 = EDGE_CURVE ( 'NONE', #2756, #4199, #3269, .T. ) ;
#4104 = VECTOR ( 'NONE', #4869, 1000.000000000000000 ) ;
#4105 = VECTOR ( 'NONE', #576, 1000.000000000000000 ) ;
#4106 = VERTEX_POINT ( 'NONE', #5190 ) ;
#4107 = CARTESIAN_POINT ( 'NONE',  ( 15.00000000000000178, 30.49999999999999645, -8.125016952883645781E-32 ) ) ;
#4108 = ORIENTED_EDGE ( 'NONE', *, *, #3705, .T. ) ;
#4109 = AXIS2_PLACEMENT_3D ( 'NONE', #516, #4567, #3407 ) ;
#4110 = CARTESIAN_POINT ( 'NONE',  ( -14.99999999999999289, 29.57396660327935223, 29.50000000000000000 ) ) ;
#4111 = LINE ( 'NONE', #4554, #4844 ) ;
#4112 = CARTESIAN_POINT ( 'NONE',  ( 15.36718714280058684, 32.17411790892231949, 29.37191357038797435 ) ) ;
#4113 = ADVANCED_FACE ( 'NONE', ( #850 ), #4845, .F. ) ;
#4114 = ORIENTED_EDGE ( 'NONE', *, *, #282, .T. ) ;
#4115 = ORIENTED_EDGE ( 'NONE', *, *, #4177, .T. ) ;
#4116 = DIRECTION ( 'NONE',  ( -1.000000000000000000, -0.000000000000000000, -0.000000000000000000 ) ) ;
#4117 = EDGE_LOOP ( 'NONE', ( #4234, #4632, #1999, #2063 ) ) ;
#4118 = EDGE_CURVE ( 'NONE', #98, #3190, #444, .T. ) ;
#4119 = CARTESIAN_POINT ( 'NONE',  ( -2.541172249825931671E-14, 5.000000000000004441, 106.0044427995721321 ) ) ;
#4120 = ORIENTED_EDGE ( 'NONE', *, *, #4233, .T. ) ;
#4121 = DIRECTION ( 'NONE',  ( -1.000000000000000000, 0.000000000000000000, -3.755786496842893535E-15 ) ) ;
#4122 = VERTEX_POINT ( 'NONE', #1240 ) ;
#4123 = CARTESIAN_POINT ( 'NONE',  ( -13.75000000000064304, -40.00000000000000000, 6.283902117984744795E-16 ) ) ;
#4124 = ADVANCED_FACE ( 'NONE', ( #2034 ), #3690, .F. ) ;
#4125 = CARTESIAN_POINT ( 'NONE',  ( -6.938893903907228378E-15, 19.49999999999999645, 100.0000000000000142 ) ) ;
#4126 = ADVANCED_FACE ( 'NONE', ( #409 ), #484, .F. ) ;
#4127 = DIRECTION ( 'NONE',  ( 0.000000000000000000, 0.000000000000000000, 1.000000000000000000 ) ) ;
#4128 = DIRECTION ( 'NONE',  ( 0.000000000000000000, 0.000000000000000000, -1.000000000000000000 ) ) ;
#4129 = ORIENTED_EDGE ( 'NONE', *, *, #1473, .T. ) ;
#4130 = CARTESIAN_POINT ( 'NONE',  ( 44.00000000000000711, -30.76603339672067605, 170.4999999999999716 ) ) ;
#4131 = ADVANCED_FACE ( 'NONE', ( #3607 ), #4453, .F. ) ;
#4132 = DIRECTION ( 'NONE',  ( -1.000000000000000000, 0.000000000000000000, -0.000000000000000000 ) ) ;
#4133 = DIRECTION ( 'NONE',  ( -1.000000000000000000, 3.469446951953613696E-16, 1.224646799147352961E-16 ) ) ;
#4134 = CARTESIAN_POINT ( 'NONE',  ( 15.28152448389912799, 31.97652983091253631, 30.52756506775538980 ) ) ;
#4135 = EDGE_CURVE ( 'NONE', #4106, #2364, #2862, .T. ) ;
#4136 = ORIENTED_EDGE ( 'NONE', *, *, #121, .F. ) ;
#4137 = DIRECTION ( 'NONE',  ( -1.000000000000000000, -0.000000000000000000, -0.000000000000000000 ) ) ;
#4138 = PLANE ( 'NONE',  #3082 ) ;
#4139 = VERTEX_POINT ( 'NONE', #3633 ) ;
#4140 = ORIENTED_EDGE ( 'NONE', *, *, #1895, .T. ) ;
#4141 = DIRECTION ( 'NONE',  ( 0.000000000000000000, 0.000000000000000000, -1.000000000000000000 ) ) ;
#4142 = ORIENTED_EDGE ( 'NONE', *, *, #4560, .T. ) ;
#4143 = CARTESIAN_POINT ( 'NONE',  ( 30.00000000000005684, -25.57000000000000384, 33.79999999999999005 ) ) ;
#4144 = ADVANCED_FACE ( 'NONE', ( #4392, #14 ), #4790, .F. ) ;
#4145 = CARTESIAN_POINT ( 'NONE',  ( -13.80746851924202545, -45.00000000000000000, 31.59484369607734777 ) ) ;
#4146 = DIRECTION ( 'NONE',  ( 1.000000000000000000, 0.000000000000000000, 0.000000000000000000 ) ) ;
#4147 = CARTESIAN_POINT ( 'NONE',  ( -35.00000000000000000, 29.57396660327933802, 170.5000000000000000 ) ) ;
#4148 = ADVANCED_FACE ( 'NONE', ( #459 ), #1585, .F. ) ;
#4149 = ORIENTED_EDGE ( 'NONE', *, *, #548, .F. ) ;
#4150 = LINE ( 'NONE', #3340, #2707 ) ;
#4151 = DIRECTION ( 'NONE',  ( 0.000000000000000000, 0.000000000000000000, 1.000000000000000000 ) ) ;
#4152 = FACE_OUTER_BOUND ( 'NONE', #2823, .T. ) ;
#4153 = AXIS2_PLACEMENT_3D ( 'NONE', #4529, #2558, #1744 ) ;
#4154 = CYLINDRICAL_SURFACE ( 'NONE', #470, 2.599999999999998312 ) ;
#4155 = ORIENTED_EDGE ( 'NONE', *, *, #1809, .F. ) ;
#4156 = CIRCLE ( 'NONE', #3319, 5.000000000000004441 ) ;
#4157 = AXIS2_PLACEMENT_3D ( 'NONE', #3956, #4448, #4810 ) ;
#4158 = EDGE_LOOP ( 'NONE', ( #5090, #5046, #4877, #911 ) ) ;
#4159 = CARTESIAN_POINT ( 'NONE',  ( -35.00000000000000000, -30.76603339672065829, 32.10000000000002274 ) ) ;
#4160 = DIRECTION ( 'NONE',  ( 0.000000000000000000, 0.000000000000000000, -1.000000000000000000 ) ) ;
#4161 = EDGE_LOOP ( 'NONE', ( #93, #5137, #3868, #2171 ) ) ;
#4162 = DIRECTION ( 'NONE',  ( 0.000000000000000000, 1.000000000000000000, 0.000000000000000000 ) ) ;
#4163 = VECTOR ( 'NONE', #2942, 1000.000000000000000 ) ;
#4164 = EDGE_LOOP ( 'NONE', ( #288, #2376, #874, #1855, #745, #439 ) ) ;
#4165 = ORIENTED_EDGE ( 'NONE', *, *, #1837, .T. ) ;
#4167 = AXIS2_PLACEMENT_3D ( 'NONE', #3882, #5135, #263 ) ;
#4166 = FACE_OUTER_BOUND ( 'NONE', #267, .T. ) ;
#4168 = ORIENTED_EDGE ( 'NONE', *, *, #557, .F. ) ;
#4169 = DIRECTION ( 'NONE',  ( 0.000000000000000000, 0.000000000000000000, 1.000000000000000000 ) ) ;
#4170 = MECHANICAL_DESIGN_GEOMETRIC_PRESENTATION_REPRESENTATION (  '', ( #287 ), #1119 ) ;
#4171 = CARTESIAN_POINT ( 'NONE',  ( -22.50000000000000000, -45.00000000000000000, 49.74591573101820074 ) ) ;
#4172 = VECTOR ( 'NONE', #247, 1000.000000000000000 ) ;
#4173 = AXIS2_PLACEMENT_3D ( 'NONE', #5085, #1933, #5164 ) ;
#4174 = CARTESIAN_POINT ( 'NONE',  ( 30.00000000000006395, 24.56999999999999673, 174.8000000000000114 ) ) ;
#4175 = DIRECTION ( 'NONE',  ( -1.000000000000000000, 9.912705577010326782E-17, 0.000000000000000000 ) ) ;
#4176 = PLANE ( 'NONE',  #2402 ) ;
#4177 = EDGE_CURVE ( 'NONE', #3004, #3300, #1158, .T. ) ;
#4178 = AXIS2_PLACEMENT_3D ( 'NONE', #4909, #4091, #1598 ) ;
#4179 = ORIENTED_EDGE ( 'NONE', *, *, #82, .T. ) ;
#4180 = AXIS2_PLACEMENT_3D ( 'NONE', #2321, #3936, #3469 ) ;
#4181 = CARTESIAN_POINT ( 'NONE',  ( -9.999999999999992895, -40.00000000000000000, 52.24591573101819364 ) ) ;
#4182 = DIRECTION ( 'NONE',  ( -1.000000000000000000, 0.000000000000000000, 3.784528776989667549E-15 ) ) ;
#4183 = DIRECTION ( 'NONE',  ( 0.000000000000000000, -1.000000000000000000, 0.000000000000000000 ) ) ;
#4184 = VECTOR ( 'NONE', #3877, 1000.000000000000000 ) ;
#4185 = VECTOR ( 'NONE', #815, 1000.000000000000000 ) ;
#4186 = FACE_OUTER_BOUND ( 'NONE', #1689, .T. ) ;
#4187 = EDGE_CURVE ( 'NONE', #665, #851, #800, .T. ) ;
#4188 = ORIENTED_EDGE ( 'NONE', *, *, #5126, .T. ) ;
#4189 = AXIS2_PLACEMENT_3D ( 'NONE', #1234, #2474, #1358 ) ;
#4190 = EDGE_LOOP ( 'NONE', ( #4539, #809, #128, #4298 ) ) ;
#4191 = CARTESIAN_POINT ( 'NONE',  ( -1.232149303222383638E-15, 24.56999999999999673, 0.000000000000000000 ) ) ;
#4192 = CARTESIAN_POINT ( 'NONE',  ( -19.51914607550587633, -40.00000000000000000, 40.63102305124120761 ) ) ;
#4193 = EDGE_CURVE ( 'NONE', #3008, #1720, #2891, .T. ) ;
#4194 = VERTEX_POINT ( 'NONE', #2062 ) ;
#4195 = EDGE_CURVE ( 'NONE', #2322, #4886, #109, .T. ) ;
#4196 = CARTESIAN_POINT ( 'NONE',  ( -13.80746851924201124, -40.00000000000000000, 168.4051563039226949 ) ) ;
#4197 = DIRECTION ( 'NONE',  ( -4.034240641806529869E-16, -0.000000000000000000, -1.000000000000000000 ) ) ;
#4198 = ORIENTED_EDGE ( 'NONE', *, *, #3069, .F. ) ;
#4199 = VERTEX_POINT ( 'NONE', #1664 ) ;
#4200 = LINE ( 'NONE', #893, #4105 ) ;
#4201 = EDGE_LOOP ( 'NONE', ( #3146, #1348, #2963, #2719 ) ) ;
#4202 = CYLINDRICAL_SURFACE ( 'NONE', #4281, 2.600000000000019185 ) ;
#4203 = DIRECTION ( 'NONE',  ( 9.912705577010328015E-17, 1.000000000000000000, -0.000000000000000000 ) ) ;
#4204 = DIRECTION ( 'NONE',  ( 4.034240641806529869E-16, 0.000000000000000000, -1.000000000000000000 ) ) ;
#4205 = CARTESIAN_POINT ( 'NONE',  ( 35.00000000000000000, -45.00000000000000000, 200.0000000000000000 ) ) ;
#4206 = ORIENTED_EDGE ( 'NONE', *, *, #3128, .T. ) ;
#4207 = CYLINDRICAL_SURFACE ( 'NONE', #1787, 2.600000000000019185 ) ;
#4208 = EDGE_CURVE ( 'NONE', #3580, #1529, #2371, .T. ) ;
#4209 = ADVANCED_FACE ( 'NONE', ( #1262 ), #506, .F. ) ;
#4210 = FACE_BOUND ( 'NONE', #1246, .T. ) ;
#4211 = CARTESIAN_POINT ( 'NONE',  ( -25.00000000000004619, 24.56999999999999673, 166.2000000000000171 ) ) ;
#4212 = CARTESIAN_POINT ( 'NONE',  ( 15.00000000000000178, 30.74884726176170702, 27.16535288501753342 ) ) ;
#4213 = VERTEX_POINT ( 'NONE', #3369 ) ;
#4214 = ORIENTED_EDGE ( 'NONE', *, *, #258, .T. ) ;
#4215 = EDGE_CURVE ( 'NONE', #1875, #3107, #979, .T. ) ;
#4216 = FACE_BOUND ( 'NONE', #5004, .T. ) ;
#4217 = CARTESIAN_POINT ( 'NONE',  ( -22.50000000000000000, -40.00000000000000000, 49.74591573101820074 ) ) ;
#4218 = EDGE_LOOP ( 'NONE', ( #4609, #4772 ) ) ;
#4219 = LINE ( 'NONE', #933, #464 ) ;
#4220 = EDGE_CURVE ( 'NONE', #1538, #4715, #1400, .T. ) ;
#4221 = ORIENTED_EDGE ( 'NONE', *, *, #4534, .F. ) ;
#4222 = FACE_OUTER_BOUND ( 'NONE', #2638, .T. ) ;
#4223 = ORIENTED_EDGE ( 'NONE', *, *, #290, .T. ) ;
#4224 = CARTESIAN_POINT ( 'NONE',  ( 30.00000000000006395, 24.56999999999999673, 166.2000000000000171 ) ) ;
#4225 = CARTESIAN_POINT ( 'NONE',  ( 5.199999999999982414, 5.000000000000004441, 103.0022213997860945 ) ) ;
#4226 = CARTESIAN_POINT ( 'NONE',  ( -35.00000000000000000, -30.76603339672065829, 29.50000000000002487 ) ) ;
#4227 = FILL_AREA_STYLE_COLOUR ( '', #2907 ) ;
#4228 = ORIENTED_EDGE ( 'NONE', *, *, #2165, .T. ) ;
#4229 = FACE_OUTER_BOUND ( 'NONE', #4704, .T. ) ;
#4230 = CARTESIAN_POINT ( 'NONE',  ( 25.00000000000006040, 29.57396660327935223, 29.50000000000000000 ) ) ;
#4231 = DIRECTION ( 'NONE',  ( 0.000000000000000000, 0.000000000000000000, -1.000000000000000000 ) ) ;
#4232 = CARTESIAN_POINT ( 'NONE',  ( 15.00000000000000178, 30.49999999999999645, 0.000000000000000000 ) ) ;
#4233 = EDGE_CURVE ( 'NONE', #5165, #3851, #2541, .T. ) ;
#4234 = ORIENTED_EDGE ( 'NONE', *, *, #4653, .T. ) ;
#4235 = ORIENTED_EDGE ( 'NONE', *, *, #4674, .T. ) ;
#4236 = LINE ( 'NONE', #3771, #3063 ) ;
#4237 = DIRECTION ( 'NONE',  ( -1.000000000000000000, -0.000000000000000000, -0.000000000000000000 ) ) ;
#4238 = AXIS2_PLACEMENT_3D ( 'NONE', #1559, #431, #4477 ) ;
#4239 = EDGE_LOOP ( 'NONE', ( #1759, #4108, #3163, #1193 ) ) ;
#4240 = CARTESIAN_POINT ( 'NONE',  ( 15.36718714280059750, 32.17411790892231238, 170.3719135703879601 ) ) ;
#4241 = CARTESIAN_POINT ( 'NONE',  ( 44.00000000000000711, -30.76603339672067605, 167.8999999999999773 ) ) ;
#4242 = EDGE_CURVE ( 'NONE', #466, #4822, #3402, .T. ) ;
#4243 = ORIENTED_EDGE ( 'NONE', *, *, #82, .F. ) ;
#4244 = CIRCLE ( 'NONE', #942, 5.000000000000004441 ) ;
#4245 = ORIENTED_EDGE ( 'NONE', *, *, #2041, .T. ) ;
#4246 = FACE_BOUND ( 'NONE', #1381, .T. ) ;
#4247 = ORIENTED_EDGE ( 'NONE', *, *, #599, .F. ) ;
#4248 = AXIS2_PLACEMENT_3D ( 'NONE', #1232, #5212, #1171 ) ;
#4249 = DIRECTION ( 'NONE',  ( -1.000000000000000000, -0.000000000000000000, -0.000000000000000000 ) ) ;
#4250 = ADVANCED_FACE ( 'NONE', ( #4999 ), #4207, .F. ) ;
#4251 = CIRCLE ( 'NONE', #1460, 2.500000000000000000 ) ;
#4252 = CYLINDRICAL_SURFACE ( 'NONE', #3821, 12.50000000000001066 ) ;
#4253 = LINE ( 'NONE', #3463, #3348 ) ;
#4254 = CARTESIAN_POINT ( 'NONE',  ( -30.00000000000006040, -30.76603339672065829, 29.50000000000002487 ) ) ;
#4255 = AXIS2_PLACEMENT_3D ( 'NONE', #10, #2828, #4450 ) ;
#4256 = EDGE_LOOP ( 'NONE', ( #753, #2115 ) ) ;
#4257 = AXIS2_PLACEMENT_3D ( 'NONE', #3748, #5016, #132 ) ;
#4258 = VECTOR ( 'NONE', #2704, 1000.000000000000000 ) ;
#4259 = LINE ( 'NONE', #635, #114 ) ;
#4260 = EDGE_CURVE ( 'NONE', #321, #4550, #358, .T. ) ;
#4261 = DIRECTION ( 'NONE',  ( 9.912705577010326782E-17, 1.000000000000000000, -0.000000000000000000 ) ) ;
#4262 = LINE ( 'NONE', #3909, #2149 ) ;
#4263 = AXIS2_PLACEMENT_3D ( 'NONE', #4479, #924, #2948 ) ;
#4264 = VECTOR ( 'NONE', #2806, 1000.000000000000000 ) ;
#4265 = EDGE_LOOP ( 'NONE', ( #1510, #4431, #4386, #4708 ) ) ;
#4266 = ORIENTED_EDGE ( 'NONE', *, *, #2771, .F. ) ;
#4267 = CIRCLE ( 'NONE', #2146, 2.600000000000019185 ) ;
#4268 = DIRECTION ( 'NONE',  ( 0.000000000000000000, 0.000000000000000000, -1.000000000000000000 ) ) ;
#4270 = AXIS2_PLACEMENT_3D ( 'NONE', #2797, #4474, #343 ) ;
#4269 = CARTESIAN_POINT ( 'NONE',  ( -44.00000000000000000, 29.57396660327935223, 29.50000000000000000 ) ) ;
#4271 = EDGE_CURVE ( 'NONE', #3911, #1662, #2042, .T. ) ;
#4272 = ORIENTED_EDGE ( 'NONE', *, *, #650, .T. ) ;
#4273 = CARTESIAN_POINT ( 'NONE',  ( 15.28232242786569373, 31.97850409442801123, 169.4771487303390813 ) ) ;
#4274 = CARTESIAN_POINT ( 'NONE',  ( -25.00000000000005684, -45.00000000000000000, 166.2000000000000171 ) ) ;
#4275 = CIRCLE ( 'NONE', #1815, 2.599999999999998312 ) ;
#4276 = ORIENTED_EDGE ( 'NONE', *, *, #4821, .F. ) ;
#4277 = AXIS2_PLACEMENT_3D ( 'NONE', #4510, #1672, #3352 ) ;
#4278 = VERTEX_POINT ( 'NONE', #1688 ) ;
#4279 = CARTESIAN_POINT ( 'NONE',  ( 44.00000000000000711, -30.76603339672067605, 173.0999999999999943 ) ) ;
#4280 = ADVANCED_FACE ( 'NONE', ( #2947, #4229, #1342 ), #2188, .F. ) ;
#4282 = ORIENTED_EDGE ( 'NONE', *, *, #766, .T. ) ;
#4281 = AXIS2_PLACEMENT_3D ( 'NONE', #182, #1388, #3017 ) ;
#4283 = CARTESIAN_POINT ( 'NONE',  ( 5.200000000000003730, 5.000000000000004441, 96.99777860021396236 ) ) ;
#4284 = CYLINDRICAL_SURFACE ( 'NONE', #2294, 3.087849374226486532 ) ;
#4285 = EDGE_CURVE ( 'NONE', #3328, #2145, #1319, .T. ) ;
#4286 = CYLINDRICAL_SURFACE ( 'NONE', #1734, 5.000000000000004441 ) ;
#4287 = SURFACE_STYLE_USAGE ( .BOTH. , #1396 ) ;
#4288 = EDGE_LOOP ( 'NONE', ( #1443, #2409, #2835, #1593 ) ) ;
#4289 = CARTESIAN_POINT ( 'NONE',  ( -25.00000000000004974, 37.00000000000000000, 25.19999999999999929 ) ) ;
#4290 = FACE_BOUND ( 'NONE', #2014, .T. ) ;
#4291 = DIRECTION ( 'NONE',  ( -1.000000000000000000, -0.000000000000000000, -0.000000000000000000 ) ) ;
#4292 = ORIENTED_EDGE ( 'NONE', *, *, #3933, .F. ) ;
#4293 = VERTEX_POINT ( 'NONE', #4181 ) ;
#4294 = CARTESIAN_POINT ( 'NONE',  ( -25.00000000000005684, -25.57000000000000384, 25.19999999999999929 ) ) ;
#4295 = DIRECTION ( 'NONE',  ( -1.000000000000000000, 9.912705577010326782E-17, 1.214306433183764966E-16 ) ) ;
#4296 = ORIENTED_EDGE ( 'NONE', *, *, #977, .F. ) ;
#4297 = CARTESIAN_POINT ( 'NONE',  ( 25.00000000000005329, -45.00000000000000000, 174.8000000000000114 ) ) ;
#4298 = ORIENTED_EDGE ( 'NONE', *, *, #5206, .F. ) ;
#4299 = ORIENTED_EDGE ( 'NONE', *, *, #2010, .F. ) ;
#4300 = CARTESIAN_POINT ( 'NONE',  ( 44.00000000000000711, -30.76603339672065829, 29.50000000000002487 ) ) ;
#4301 = EDGE_LOOP ( 'NONE', ( #3798, #3981, #4950, #17, #1665, #931 ) ) ;
#4302 = DIRECTION ( 'NONE',  ( -1.000000000000000000, -0.000000000000000000, -0.000000000000000000 ) ) ;
#4303 = EDGE_CURVE ( 'NONE', #4080, #3502, #2512, .T. ) ;
#4304 = CARTESIAN_POINT ( 'NONE',  ( -6.938893903907228378E-15, 55.00000000000000711, 100.0000000000000142 ) ) ;
#4305 = PLANE ( 'NONE',  #2069 ) ;
#4306 = VERTEX_POINT ( 'NONE', #2164 ) ;
#4307 = CARTESIAN_POINT ( 'NONE',  ( -34.99999999999999289, 29.57396660327935223, 32.09999999999999432 ) ) ;
#4308 = CARTESIAN_POINT ( 'NONE',  ( 44.00000000000000711, -30.76603339672067605, 170.4999999999999716 ) ) ;
#4309 = CARTESIAN_POINT ( 'NONE',  ( -30.00000000000006040, -45.00000000000000000, 174.8000000000000114 ) ) ;
#4310 = EDGE_CURVE ( 'NONE', #948, #2095, #4150, .T. ) ;
#4311 = EDGE_LOOP ( 'NONE', ( #3588, #3890 ) ) ;
#4312 = ORIENTED_EDGE ( 'NONE', *, *, #1046, .T. ) ;
#4313 = DIRECTION ( 'NONE',  ( 0.000000000000000000, 0.000000000000000000, -1.000000000000000000 ) ) ;
#4314 = VERTEX_POINT ( 'NONE', #902 ) ;
#4315 = EDGE_CURVE ( 'NONE', #3012, #4461, #188, .T. ) ;
#4316 = CARTESIAN_POINT ( 'NONE',  ( -18.99999999999999645, 37.00000000000000711, 0.000000000000000000 ) ) ;
#4317 = ORIENTED_EDGE ( 'NONE', *, *, #5206, .T. ) ;
#4318 = ORIENTED_EDGE ( 'NONE', *, *, #2476, .F. ) ;
#4319 = CARTESIAN_POINT ( 'NONE',  ( -0.4808539244941091306, -40.00000000000000000, 40.63102305124120761 ) ) ;
#4320 = ORIENTED_EDGE ( 'NONE', *, *, #3888, .F. ) ;
#4321 = DIRECTION ( 'NONE',  ( 0.000000000000000000, 0.000000000000000000, 1.000000000000000000 ) ) ;
#4322 = VECTOR ( 'NONE', #823, 1000.000000000000000 ) ;
#4323 = VECTOR ( 'NONE', #4983, 1000.000000000000000 ) ;
#4324 = AXIS2_PLACEMENT_3D ( 'NONE', #283, #3824, #2240 ) ;
#4325 = DIRECTION ( 'NONE',  ( -0.000000000000000000, -1.000000000000000000, -0.000000000000000000 ) ) ;
#4326 = FACE_BOUND ( 'NONE', #2373, .T. ) ;
#4327 = ADVANCED_FACE ( 'NONE', ( #3391, #3734 ), #4573, .F. ) ;
#4328 = CARTESIAN_POINT ( 'NONE',  ( 0.000000000000000000, -38.00000000000000000, 0.000000000000000000 ) ) ;
#4329 = DIRECTION ( 'NONE',  ( -1.000000000000000000, -0.000000000000000000, -0.000000000000000000 ) ) ;
#4330 = VECTOR ( 'NONE', #3765, 1000.000000000000000 ) ;
#4331 = VERTEX_POINT ( 'NONE', #3785 ) ;
#4332 = DIRECTION ( 'NONE',  ( 1.000000000000000000, -0.000000000000000000, 0.000000000000000000 ) ) ;
#4333 = ADVANCED_FACE ( 'NONE', ( #5028 ), #1368, .F. ) ;
#4334 = DIRECTION ( 'NONE',  ( 1.000000000000000000, -9.912705577010328015E-17, -1.387778780781445676E-16 ) ) ;
#4335 = EDGE_CURVE ( 'NONE', #3851, #3268, #1794, .T. ) ;
#4336 = CARTESIAN_POINT ( 'NONE',  ( 30.00000000000006395, 24.56999999999999673, 166.2000000000000171 ) ) ;
#4337 = VERTEX_POINT ( 'NONE', #2319 ) ;
#4338 = AXIS2_PLACEMENT_3D ( 'NONE', #1627, #2597, #572 ) ;
#4339 = ORIENTED_EDGE ( 'NONE', *, *, #2469, .F. ) ;
#4340 = DIRECTION ( 'NONE',  ( 1.214306433183764966E-16, 6.018531076210112041E-33, 1.000000000000000000 ) ) ;
#4341 = DIRECTION ( 'NONE',  ( -0.000000000000000000, -0.000000000000000000, -1.000000000000000000 ) ) ;
#4342 = ORIENTED_EDGE ( 'NONE', *, *, #4890, .F. ) ;
#4343 = ADVANCED_FACE ( 'NONE', ( #1080 ), #4753, .F. ) ;
#4344 = VECTOR ( 'NONE', #1531, 1000.000000000000000 ) ;
#4345 = VECTOR ( 'NONE', #5108, 1000.000000000000000 ) ;
#4346 = CARTESIAN_POINT ( 'NONE',  ( 30.00000000000005329, -45.00000000000000000, 25.19999999999999218 ) ) ;
#4347 = VERTEX_POINT ( 'NONE', #3446 ) ;
#4348 = VECTOR ( 'NONE', #4182, 1000.000000000000000 ) ;
#4349 = AXIS2_PLACEMENT_3D ( 'NONE', #1733, #3301, #3704 ) ;
#4350 = ORIENTED_EDGE ( 'NONE', *, *, #62, .T. ) ;
#4351 = EDGE_CURVE ( 'NONE', #3580, #2663, #2626, .T. ) ;
#4352 = DIRECTION ( 'NONE',  ( -1.000000000000000000, -0.000000000000000000, -0.000000000000000000 ) ) ;
#4353 = VERTEX_POINT ( 'NONE', #1477 ) ;
#4354 = CARTESIAN_POINT ( 'NONE',  ( 15.00000000000000178, 30.49999999999999645, -8.125016952883645781E-32 ) ) ;
#4355 = AXIS2_PLACEMENT_3D ( 'NONE', #2057, #2008, #2426 ) ;
#4356 = EDGE_CURVE ( 'NONE', #2306, #97, #1190, .T. ) ;
#4357 = CIRCLE ( 'NONE', #3853, 2.599999999999998312 ) ;
#4358 = LINE ( 'NONE', #397, #118 ) ;
#4359 = CARTESIAN_POINT ( 'NONE',  ( -25.00000000000005684, -30.76603339672067605, 170.4999999999999716 ) ) ;
#4360 = LINE ( 'NONE', #4723, #4018 ) ;
#4361 = CARTESIAN_POINT ( 'NONE',  ( -6.192531480757948792, -40.00000000000000000, 168.4051563039226949 ) ) ;
#4362 = ORIENTED_EDGE ( 'NONE', *, *, #1681, .T. ) ;
#4363 = EDGE_CURVE ( 'NONE', #4843, #1954, #3237, .T. ) ;
#4364 = DIRECTION ( 'NONE',  ( -1.000000000000000000, 0.000000000000000000, 0.000000000000000000 ) ) ;
#4365 = DIRECTION ( 'NONE',  ( -1.000000000000000000, 0.000000000000000000, 0.000000000000000000 ) ) ;
#4366 = CARTESIAN_POINT ( 'NONE',  ( 44.00000000000000711, 29.57396660327935223, 29.50000000000000000 ) ) ;
#4367 = VERTEX_POINT ( 'NONE', #3492 ) ;
#4368 = EDGE_CURVE ( 'NONE', #3349, #1489, #4259, .T. ) ;
#4369 = EDGE_CURVE ( 'NONE', #4213, #4306, #3832, .T. ) ;
#4370 = VERTEX_POINT ( 'NONE', #1498 ) ;
#4371 = CARTESIAN_POINT ( 'NONE',  ( -8.000000000000000000, 0.000000000000000000, 5.000000000000000000 ) ) ;
#4372 = CARTESIAN_POINT ( 'NONE',  ( -2.500000000000000000, 0.000000000000000000, 39.24000000000000199 ) ) ;
#4373 = ORIENTED_EDGE ( 'NONE', *, *, #2403, .T. ) ;
#4374 = PLANE ( 'NONE',  #3591 ) ;
#4375 = VERTEX_POINT ( 'NONE', #2246 ) ;
#4376 = VERTEX_POINT ( 'NONE', #4289 ) ;
#4377 = FACE_BOUND ( 'NONE', #992, .T. ) ;
#4378 = VERTEX_POINT ( 'NONE', #683 ) ;
#4379 = DIRECTION ( 'NONE',  ( 1.000000000000000000, 0.000000000000000000, 0.000000000000000000 ) ) ;
#4380 = EDGE_CURVE ( 'NONE', #1018, #1409, #1844, .T. ) ;
#4381 = DIRECTION ( 'NONE',  ( -0.000000000000000000, -1.000000000000000000, -0.000000000000000000 ) ) ;
#4382 = DIRECTION ( 'NONE',  ( 0.000000000000000000, 0.000000000000000000, 1.000000000000000000 ) ) ;
#4383 = CARTESIAN_POINT ( 'NONE',  ( -34.99999999999999289, 29.57396660327933802, 170.5000000000000000 ) ) ;
#4384 = DIRECTION ( 'NONE',  ( 0.000000000000000000, 0.000000000000000000, 1.000000000000000000 ) ) ;
#4385 = LINE ( 'NONE', #4410, #3673 ) ;
#4386 = ORIENTED_EDGE ( 'NONE', *, *, #45, .T. ) ;
#4387 = PLANE ( 'NONE',  #5088 ) ;
#4388 = DIRECTION ( 'NONE',  ( -1.000000000000000000, -0.000000000000000000, -0.000000000000000000 ) ) ;
#4389 = CARTESIAN_POINT ( 'NONE',  ( -8.029291517378364040E-15, 26.00000000000000000, 100.0000000000000142 ) ) ;
#4390 = EDGE_CURVE ( 'NONE', #2254, #5058, #241, .T. ) ;
#4391 = ORIENTED_EDGE ( 'NONE', *, *, #2860, .T. ) ;
#4392 = FACE_BOUND ( 'NONE', #3739, .T. ) ;
#4393 = ORIENTED_EDGE ( 'NONE', *, *, #1809, .T. ) ;
#4394 = FACE_OUTER_BOUND ( 'NONE', #3247, .T. ) ;
#4395 = FACE_OUTER_BOUND ( 'NONE', #3617, .T. ) ;
#4396 = CARTESIAN_POINT ( 'NONE',  ( -34.99999999999999289, 29.57396660327935223, 26.89999999999999858 ) ) ;
#4397 = ADVANCED_FACE ( 'NONE', ( #293 ), #3524, .T. ) ;
#4398 = ORIENTED_EDGE ( 'NONE', *, *, #4193, .F. ) ;
#4399 = ORIENTED_EDGE ( 'NONE', *, *, #4037, .T. ) ;
#4400 = DIRECTION ( 'NONE',  ( 1.000000000000000000, 0.000000000000000000, 0.000000000000000000 ) ) ;
#4401 = EDGE_LOOP ( 'NONE', ( #3892, #4931, #2444, #5205 ) ) ;
#4402 = EDGE_CURVE ( 'NONE', #3910, #1189, #3466, .T. ) ;
#4403 = DIRECTION ( 'NONE',  ( 0.000000000000000000, 0.000000000000000000, -1.000000000000000000 ) ) ;
#4404 = EDGE_CURVE ( 'NONE', #2520, #3199, #1532, .T. ) ;
#4405 = DIRECTION ( 'NONE',  ( 1.000000000000000000, 0.000000000000000000, 0.000000000000000000 ) ) ;
#4406 = CARTESIAN_POINT ( 'NONE',  ( 35.00000000000000000, -30.76603339672065829, 29.50000000000002487 ) ) ;
#4407 = DIRECTION ( 'NONE',  ( 1.000000000000000000, -0.000000000000000000, -0.000000000000000000 ) ) ;
#4408 = VECTOR ( 'NONE', #4897, 1000.000000000000000 ) ;
#4409 = CARTESIAN_POINT ( 'NONE',  ( 15.00000000000000178, 30.49999999999999645, -8.125016952883645781E-32 ) ) ;
#4410 = CARTESIAN_POINT ( 'NONE',  ( 44.00000000000000711, 29.57396660327935223, 34.50000000000000000 ) ) ;
#4411 = EDGE_CURVE ( 'NONE', #2487, #3568, #1196, .T. ) ;
#4412 = ORIENTED_EDGE ( 'NONE', *, *, #4958, .T. ) ;
#4413 = CIRCLE ( 'NONE', #3658, 2.599999999999998312 ) ;
#4414 = AXIS2_PLACEMENT_3D ( 'NONE', #404, #2826, #3183 ) ;
#4415 = DIRECTION ( 'NONE',  ( -1.000000000000000000, 0.000000000000000000, -0.000000000000000000 ) ) ;
#4416 = CARTESIAN_POINT ( 'NONE',  ( 30.00000000000006395, 33.24999999999998579, 25.19999999999999218 ) ) ;
#4417 = DIRECTION ( 'NONE',  ( 0.000000000000000000, 0.000000000000000000, 1.000000000000000000 ) ) ;
#4418 = AXIS2_PLACEMENT_3D ( 'NONE', #2, #4010, #3141 ) ;
#4419 = DIRECTION ( 'NONE',  ( 0.000000000000000000, 0.000000000000000000, 1.000000000000000000 ) ) ;
#4420 = ORIENTED_EDGE ( 'NONE', *, *, #2966, .F. ) ;
#4421 = CIRCLE ( 'NONE', #2132, 2.599999999999998312 ) ;
#4422 = CARTESIAN_POINT ( 'NONE',  ( 30.00000000000005329, -45.00000000000000000, 25.19999999999999218 ) ) ;
#4423 = EDGE_CURVE ( 'NONE', #3967, #2150, #3983, .T. ) ;
#4424 = VERTEX_POINT ( 'NONE', #3124 ) ;
#4425 = CARTESIAN_POINT ( 'NONE',  ( 44.00000000000000711, -30.76603339672065829, 26.90000000000002700 ) ) ;
#4426 = DIRECTION ( 'NONE',  ( -1.000000000000000000, -0.000000000000000000, -0.000000000000000000 ) ) ;
#4427 = DIRECTION ( 'NONE',  ( -1.000000000000000000, 0.000000000000000000, 0.000000000000000000 ) ) ;
#4428 = AXIS2_PLACEMENT_3D ( 'NONE', #1053, #3020, #4624 ) ;
#4429 = ORIENTED_EDGE ( 'NONE', *, *, #3305, .F. ) ;
#4430 = EDGE_CURVE ( 'NONE', #4484, #2801, #2664, .T. ) ;
#4431 = ORIENTED_EDGE ( 'NONE', *, *, #4404, .T. ) ;
#4432 = PRESENTATION_LAYER_ASSIGNMENT (  '', '', ( #3760 ) ) ;
#4434 = VECTOR ( 'NONE', #4712, 1000.000000000000000 ) ;
#4433 = CARTESIAN_POINT ( 'NONE',  ( -13.75000000000061995, -40.00000000000000000, 200.0000000000000284 ) ) ;
#4435 = ORIENTED_EDGE ( 'NONE', *, *, #2151, .T. ) ;
#4436 = FACE_BOUND ( 'NONE', #302, .T. ) ;
#4437 = VECTOR ( 'NONE', #1501, 1000.000000000000000 ) ;
#4438 = EDGE_CURVE ( 'NONE', #1079, #2960, #662, .T. ) ;
#4439 = CARTESIAN_POINT ( 'NONE',  ( -6.938893903907228378E-15, 55.00000000000000711, 96.91215062577353478 ) ) ;
#4440 = LINE ( 'NONE', #2335, #2379 ) ;
#4442 = CARTESIAN_POINT ( 'NONE',  ( -6.192531480757964779, -45.00000000000000000, 31.59484369607733356 ) ) ;
#4441 = AXIS2_PLACEMENT_3D ( 'NONE', #3846, #3430, #3454 ) ;
#4443 = AXIS2_PLACEMENT_3D ( 'NONE', #758, #25, #1198 ) ;
#4444 = DIRECTION ( 'NONE',  ( 0.000000000000000000, 0.000000000000000000, -1.000000000000000000 ) ) ;
#4445 = LINE ( 'NONE', #2338, #1636 ) ;
#4446 = ORIENTED_EDGE ( 'NONE', *, *, #4208, .F. ) ;
#4447 = CIRCLE ( 'NONE', #3514, 5.000000000000000888 ) ;
#4448 = DIRECTION ( 'NONE',  ( -0.000000000000000000, 0.000000000000000000, 1.000000000000000000 ) ) ;
#4449 = FACE_OUTER_BOUND ( 'NONE', #4061, .T. ) ;
#4450 = DIRECTION ( 'NONE',  ( 0.000000000000000000, 0.000000000000000000, -1.000000000000000000 ) ) ;
#4451 = CARTESIAN_POINT ( 'NONE',  ( 5.200000000000003730, 5.000000000000004441, 96.99777860021396236 ) ) ;
#4452 = ORIENTED_EDGE ( 'NONE', *, *, #1985, .F. ) ;
#4453 = PLANE ( 'NONE',  #1359 ) ;
#4454 = VERTEX_POINT ( 'NONE', #3934 ) ;
#4455 = DIRECTION ( 'NONE',  ( 9.912705577010326782E-17, 1.000000000000000000, -0.000000000000000000 ) ) ;
#4456 = CARTESIAN_POINT ( 'NONE',  ( 2.292272046096004878, -40.00000000000000000, 45.21593817948308924 ) ) ;
#4457 = CARTESIAN_POINT ( 'NONE',  ( 35.00000000000000000, 29.57396660327935223, 29.50000000000000000 ) ) ;
#4458 = EDGE_LOOP ( 'NONE', ( #232, #3057, #1591, #649 ) ) ;
#4459 = ORIENTED_EDGE ( 'NONE', *, *, #4681, .F. ) ;
#4460 = DIRECTION ( 'NONE',  ( -1.000000000000000000, -0.000000000000000000, -0.000000000000000000 ) ) ;
#4461 = VERTEX_POINT ( 'NONE', #317 ) ;
#4462 = LINE ( 'NONE', #1251, #266 ) ;
#4463 = EDGE_CURVE ( 'NONE', #3289, #3436, #1923, .T. ) ;
#4464 = ORIENTED_EDGE ( 'NONE', *, *, #1089, .F. ) ;
#4465 = DIRECTION ( 'NONE',  ( 0.000000000000000000, 0.000000000000000000, 1.000000000000000000 ) ) ;
#4466 = CARTESIAN_POINT ( 'NONE',  ( 30.00000000000006395, 29.57396660327933802, 173.1000000000000227 ) ) ;
#4467 = LINE ( 'NONE', #818, #2500 ) ;
#4468 = FACE_BOUND ( 'NONE', #582, .T. ) ;
#4469 = EDGE_CURVE ( 'NONE', #1512, #4378, #4244, .T. ) ;
#4470 = ADVANCED_FACE ( 'NONE', ( #4783 ), #2341, .F. ) ;
#4471 = FACE_OUTER_BOUND ( 'NONE', #223, .T. ) ;
#4472 = FACE_BOUND ( 'NONE', #134, .T. ) ;
#4473 = PRESENTATION_STYLE_ASSIGNMENT (( #502 ) ) ;
#4474 = DIRECTION ( 'NONE',  ( 1.000000000000000000, -9.912705577010328015E-17, -1.387778780781445676E-16 ) ) ;
#4475 = EDGE_CURVE ( 'NONE', #1333, #1007, #4892, .T. ) ;
#4476 = ORIENTED_EDGE ( 'NONE', *, *, #1686, .F. ) ;
#4477 = DIRECTION ( 'NONE',  ( 9.912705577010326782E-17, 1.000000000000000000, 0.000000000000000000 ) ) ;
#4478 = EDGE_LOOP ( 'NONE', ( #2887, #5118, #20, #233 ) ) ;
#4479 = CARTESIAN_POINT ( 'NONE',  ( 44.00000000000000711, 0.000000000000000000, 0.000000000000000000 ) ) ;
#4480 = ORIENTED_EDGE ( 'NONE', *, *, #1404, .T. ) ;
#4481 = EDGE_CURVE ( 'NONE', #3924, #158, #339, .T. ) ;
#4482 = DIRECTION ( 'NONE',  ( 1.000000000000000000, -0.000000000000000000, 0.000000000000000000 ) ) ;
#4483 = ORIENTED_EDGE ( 'NONE', *, *, #3933, .T. ) ;
#4484 = VERTEX_POINT ( 'NONE', #369 ) ;
#4485 = DIRECTION ( 'NONE',  ( -1.000000000000000000, 0.000000000000000000, -0.000000000000000000 ) ) ;
#4486 = ORIENTED_EDGE ( 'NONE', *, *, #1722, .T. ) ;
#4487 = DIRECTION ( 'NONE',  ( 0.000000000000000000, 0.000000000000000000, 1.000000000000000000 ) ) ;
#4488 = LINE ( 'NONE', #864, #4864 ) ;
#4489 = EDGE_CURVE ( 'NONE', #5058, #4367, #3263, .T. ) ;
#4490 = DIRECTION ( 'NONE',  ( 0.000000000000000000, 0.000000000000000000, -1.000000000000000000 ) ) ;
#4491 = FACE_BOUND ( 'NONE', #2605, .T. ) ;
#4492 = AXIS2_PLACEMENT_3D ( 'NONE', #4027, #1637, #4074 ) ;
#4493 = CARTESIAN_POINT ( 'NONE',  ( -19.51914607550587633, -45.00000000000000000, 40.63102305124120761 ) ) ;
#4494 = EDGE_CURVE ( 'NONE', #3238, #5148, #1957, .T. ) ;
#4495 = DIRECTION ( 'NONE',  ( 1.000000000000000000, 0.000000000000000000, 0.000000000000000000 ) ) ;
#4496 = SURFACE_SIDE_STYLE ('',( #2968 ) ) ;
#4497 = AXIS2_PLACEMENT_3D ( 'NONE', #1827, #4582, #4612 ) ;
#4498 = FACE_OUTER_BOUND ( 'NONE', #4564, .T. ) ;
#4499 = AXIS2_PLACEMENT_3D ( 'NONE', #4678, #3150, #711 ) ;
#4500 = ORIENTED_EDGE ( 'NONE', *, *, #713, .T. ) ;
#4501 = DIRECTION ( 'NONE',  ( 0.000000000000000000, 0.000000000000000000, 1.000000000000000000 ) ) ;
#4502 = EDGE_LOOP ( 'NONE', ( #1092, #261, #388, #3113 ) ) ;
#4503 = CARTESIAN_POINT ( 'NONE',  ( -34.99999999999999289, -30.76603339672067605, 170.4999999999999716 ) ) ;
#4504 = AXIS2_PLACEMENT_3D ( 'NONE', #2700, #2310, #5150 ) ;
#4505 = LINE ( 'NONE', #4978, #951 ) ;
#4506 = FACE_OUTER_BOUND ( 'NONE', #4636, .T. ) ;
#4507 = VERTEX_POINT ( 'NONE', #2365 ) ;
#4508 = EDGE_LOOP ( 'NONE', ( #176, #1962 ) ) ;
#4509 = EDGE_CURVE ( 'NONE', #2801, #948, #2880, .T. ) ;
#4510 = CARTESIAN_POINT ( 'NONE',  ( -9.999999999999980460, -38.00000000000000000, 150.2540842689818135 ) ) ;
#4511 = VERTEX_POINT ( 'NONE', #3985 ) ;
#4512 = STYLED_ITEM ( 'NONE', ( #214 ), #574 ) ;
#4513 = FACE_OUTER_BOUND ( 'NONE', #2840, .T. ) ;
#4514 = CIRCLE ( 'NONE', #724, 4.999999999999976907 ) ;
#4515 = ORIENTED_EDGE ( 'NONE', *, *, #4233, .F. ) ;
#4516 = DIRECTION ( 'NONE',  ( 0.000000000000000000, -1.000000000000000000, -0.000000000000000000 ) ) ;
#4517 = DIRECTION ( 'NONE',  ( 0.000000000000000000, 0.000000000000000000, -1.000000000000000000 ) ) ;
#4518 = DIRECTION ( 'NONE',  ( -1.000000000000000000, -0.000000000000000000, -0.000000000000000000 ) ) ;
#4519 = CIRCLE ( 'NONE', #383, 4.999999999999976907 ) ;
#4520 = VECTOR ( 'NONE', #4012, 1000.000000000000000 ) ;
#4521 = VECTOR ( 'NONE', #3674, 1000.000000000000000 ) ;
#4522 = CARTESIAN_POINT ( 'NONE',  ( -30.00000000000004974, 24.56999999999999673, 33.79999999999999716 ) ) ;
#4523 = DIRECTION ( 'NONE',  ( -1.000000000000000000, 0.000000000000000000, 0.000000000000000000 ) ) ;
#4524 = CARTESIAN_POINT ( 'NONE',  ( 5.200000000000003730, -45.00000000000000000, 96.99777860021396236 ) ) ;
#4525 = DIRECTION ( 'NONE',  ( -0.000000000000000000, -0.000000000000000000, -1.000000000000000000 ) ) ;
#4526 = AXIS2_PLACEMENT_3D ( 'NONE', #1763, #1707, #4971 ) ;
#4527 = AXIS2_PLACEMENT_3D ( 'NONE', #125, #3398, #5010 ) ;
#4528 = EDGE_LOOP ( 'NONE', ( #2885, #1227, #2019, #774 ) ) ;
#4529 = CARTESIAN_POINT ( 'NONE',  ( 44.00000000000000711, -30.76603339672067605, 170.4999999999999716 ) ) ;
#4530 = DIRECTION ( 'NONE',  ( 1.000000000000000000, 0.000000000000000000, -0.000000000000000000 ) ) ;
#4531 = DIRECTION ( 'NONE',  ( 1.000000000000000000, 0.000000000000000000, 0.000000000000000000 ) ) ;
#4532 = DIRECTION ( 'NONE',  ( 0.000000000000000000, 0.000000000000000000, -1.000000000000000000 ) ) ;
#4533 = EDGE_CURVE ( 'NONE', #3384, #2018, #792, .T. ) ;
#4534 = EDGE_CURVE ( 'NONE', #1954, #4843, #4663, .T. ) ;
#4535 = EDGE_LOOP ( 'NONE', ( #2258, #5039, #4214, #3164 ) ) ;
#4536 = EDGE_LOOP ( 'NONE', ( #3424, #827 ) ) ;
#4537 = LINE ( 'NONE', #2788, #4746 ) ;
#4538 = PLANE ( 'NONE',  #3754 ) ;
#4539 = ORIENTED_EDGE ( 'NONE', *, *, #4187, .F. ) ;
#4540 = FACE_OUTER_BOUND ( 'NONE', #1578, .T. ) ;
#4541 = EDGE_CURVE ( 'NONE', #2927, #4331, #3740, .T. ) ;
#4542 = ORIENTED_EDGE ( 'NONE', *, *, #77, .T. ) ;
#4543 = DIRECTION ( 'NONE',  ( -0.000000000000000000, 1.000000000000000000, -0.000000000000000000 ) ) ;
#4544 = ORIENTED_EDGE ( 'NONE', *, *, #2584, .T. ) ;
#4545 = CYLINDRICAL_SURFACE ( 'NONE', #4109, 12.50000000000000355 ) ;
#4546 = CARTESIAN_POINT ( 'NONE',  ( -5.000000000000010658, 19.49999999999999645, 100.0000000000000142 ) ) ;
#4547 = FACE_OUTER_BOUND ( 'NONE', #591, .T. ) ;
#4548 = CARTESIAN_POINT ( 'NONE',  ( -22.75000000000000711, 11.99999999999999645, 15.00000000000001421 ) ) ;
#4549 = CARTESIAN_POINT ( 'NONE',  ( 2.500000000000012434, -40.00000000000000000, 49.74591573101819364 ) ) ;
#4550 = VERTEX_POINT ( 'NONE', #64 ) ;
#4551 = DIRECTION ( 'NONE',  ( -1.000000000000000000, 0.000000000000000000, 0.000000000000000000 ) ) ;
#4552 = DIRECTION ( 'NONE',  ( 0.000000000000000000, 0.000000000000000000, 1.000000000000000000 ) ) ;
#4553 = EDGE_CURVE ( 'NONE', #1588, #3451, #2794, .T. ) ;
#4554 = CARTESIAN_POINT ( 'NONE',  ( -14.99999999999999822, 26.00000000000000000, 0.000000000000000000 ) ) ;
#4555 = CARTESIAN_POINT ( 'NONE',  ( 15.09443032897093850, 31.38840763842322445, 27.61980415577569659 ) ) ;
#4556 = EDGE_LOOP ( 'NONE', ( #3056, #2697, #616, #1143 ) ) ;
#4557 = ORIENTED_EDGE ( 'NONE', *, *, #4891, .T. ) ;
#4558 = LINE ( 'NONE', #2639, #3147 ) ;
#4559 = DIRECTION ( 'NONE',  ( 0.000000000000000000, -0.000000000000000000, 1.000000000000000000 ) ) ;
#4560 = EDGE_CURVE ( 'NONE', #2564, #3996, #1236, .T. ) ;
#4561 = EDGE_LOOP ( 'NONE', ( #1309, #3090 ) ) ;
#4562 = CARTESIAN_POINT ( 'NONE',  ( -34.99999999999999289, -30.76603339672065829, 29.50000000000002487 ) ) ;
#4563 = ORIENTED_EDGE ( 'NONE', *, *, #2854, .T. ) ;
#4564 = EDGE_LOOP ( 'NONE', ( #3789, #1536, #2404, #5008 ) ) ;
#4565 = CARTESIAN_POINT ( 'NONE',  ( -44.00000000000000000, -30.76603339672065829, 29.50000000000002487 ) ) ;
#4566 = ORIENTED_EDGE ( 'NONE', *, *, #2127, .F. ) ;
#4567 = DIRECTION ( 'NONE',  ( 0.000000000000000000, -1.000000000000000000, -0.000000000000000000 ) ) ;
#4568 = FACE_OUTER_BOUND ( 'NONE', #3866, .T. ) ;
#4569 = PLANE ( 'NONE',  #5208 ) ;
#4570 = FACE_OUTER_BOUND ( 'NONE', #2772, .T. ) ;
#4571 = ORIENTED_EDGE ( 'NONE', *, *, #3414, .F. ) ;
#4572 = VECTOR ( 'NONE', #1213, 1000.000000000000000 ) ;
#4573 = PLANE ( 'NONE',  #525 ) ;
#4574 = LINE ( 'NONE', #2559, #4348 ) ;
#4575 = CARTESIAN_POINT ( 'NONE',  ( 44.00000000000000711, 29.57396660327933802, 167.9000000000000057 ) ) ;
#4576 = AXIS2_PLACEMENT_3D ( 'NONE', #4602, #1001, #2996 ) ;
#4577 = DIRECTION ( 'NONE',  ( 0.000000000000000000, 0.000000000000000000, 1.000000000000000000 ) ) ;
#4578 = ORIENTED_EDGE ( 'NONE', *, *, #2292, .T. ) ;
#4579 = CIRCLE ( 'NONE', #5005, 2.600000000000001421 ) ;
#4580 = CIRCLE ( 'NONE', #2901, 2.600000000000019185 ) ;
#4581 = VERTEX_POINT ( 'NONE', #4068 ) ;
#4582 = DIRECTION ( 'NONE',  ( -1.000000000000000000, 9.912705577010326782E-17, -4.034240641806530362E-16 ) ) ;
#4583 = FACE_OUTER_BOUND ( 'NONE', #1438, .T. ) ;
#4584 = VERTEX_POINT ( 'NONE', #1553 ) ;
#4585 = DIRECTION ( 'NONE',  ( 0.000000000000000000, -0.000000000000000000, -1.000000000000000000 ) ) ;
#4586 = DIRECTION ( 'NONE',  ( 0.000000000000000000, 0.000000000000000000, -1.000000000000000000 ) ) ;
#4587 = AXIS2_PLACEMENT_3D ( 'NONE', #4308, #684, #2293 ) ;
#4588 = EDGE_LOOP ( 'NONE', ( #3374, #1997 ) ) ;
#4589 = DIRECTION ( 'NONE',  ( 0.000000000000000000, -1.000000000000000000, 0.000000000000000000 ) ) ;
#4590 = VERTEX_POINT ( 'NONE', #1256 ) ;
#4591 = DIRECTION ( 'NONE',  ( 1.000000000000000000, -0.000000000000000000, -0.000000000000000000 ) ) ;
#4592 = VECTOR ( 'NONE', #3567, 1000.000000000000000 ) ;
#4593 = ADVANCED_FACE ( 'NONE', ( #4471 ), #1579, .T. ) ;
#4594 = DIRECTION ( 'NONE',  ( 9.912705577010326782E-17, 1.000000000000000000, -0.000000000000000000 ) ) ;
#4595 = AXIS2_PLACEMENT_3D ( 'NONE', #5060, #4237, #4687 ) ;
#4596 = FACE_BOUND ( 'NONE', #4508, .T. ) ;
#4597 = CARTESIAN_POINT ( 'NONE',  ( 5.199999999999996625, -45.00000000000000000, 103.0022213997860661 ) ) ;
#4598 = ADVANCED_FACE ( 'NONE', ( #2425 ), #4387, .F. ) ;
#4599 = VECTOR ( 'NONE', #1745, 1000.000000000000000 ) ;
#4600 = EDGE_LOOP ( 'NONE', ( #1191, #3456, #2297, #3701 ) ) ;
#4601 = VECTOR ( 'NONE', #2533, 1000.000000000000000 ) ;
#4602 = CARTESIAN_POINT ( 'NONE',  ( 30.00000000000006395, 24.56999999999999673, 25.19999999999999218 ) ) ;
#4603 = DIRECTION ( 'NONE',  ( 1.000000000000000000, -9.912705577010326782E-17, 0.000000000000000000 ) ) ;
#4604 = LINE ( 'NONE', #879, #3749 ) ;
#4605 = VECTOR ( 'NONE', #3228, 1000.000000000000000 ) ;
#4606 = AXIS2_PLACEMENT_3D ( 'NONE', #4147, #2133, #4128 ) ;
#4607 = CARTESIAN_POINT ( 'NONE',  ( 15.36255679594635737, 32.16417604914762052, 29.23881810222343347 ) ) ;
#4608 = EDGE_CURVE ( 'NONE', #2180, #4194, #3656, .T. ) ;
#4609 = ORIENTED_EDGE ( 'NONE', *, *, #153, .F. ) ;
#4610 = VECTOR ( 'NONE', #4968, 1000.000000000000000 ) ;
#4611 = ORIENTED_EDGE ( 'NONE', *, *, #1444, .F. ) ;
#4612 = DIRECTION ( 'NONE',  ( 0.000000000000000000, 0.000000000000000000, 1.000000000000000000 ) ) ;
#4613 = CARTESIAN_POINT ( 'NONE',  ( 25.00000000000005329, -45.00000000000000000, 25.19999999999999218 ) ) ;
#4614 = ORIENTED_EDGE ( 'NONE', *, *, #3028, .T. ) ;
#4615 = EDGE_CURVE ( 'NONE', #4990, #412, #3573, .T. ) ;
#4616 = CARTESIAN_POINT ( 'NONE',  ( -9.999999999999980460, -40.00000000000000000, 137.7540842689818135 ) ) ;
#4617 = ORIENTED_EDGE ( 'NONE', *, *, #3075, .F. ) ;
#4618 = DIRECTION ( 'NONE',  ( 1.000000000000000000, 0.000000000000000000, 0.000000000000000000 ) ) ;
#4619 = ORIENTED_EDGE ( 'NONE', *, *, #465, .T. ) ;
#4620 = EDGE_CURVE ( 'NONE', #666, #1000, #4580, .T. ) ;
#4621 = FACE_OUTER_BOUND ( 'NONE', #1385, .T. ) ;
#4622 = CARTESIAN_POINT ( 'NONE',  ( -34.99999999999999289, 29.57396660327933802, 175.5000000000000000 ) ) ;
#4623 = LINE ( 'NONE', #501, #1646 ) ;
#4624 = DIRECTION ( 'NONE',  ( 0.000000000000000000, 0.000000000000000000, 1.000000000000000000 ) ) ;
#4625 = ORIENTED_EDGE ( 'NONE', *, *, #1003, .T. ) ;
#4626 = DIRECTION ( 'NONE',  ( -1.000000000000000000, 3.469446951953613696E-16, 0.000000000000000000 ) ) ;
#4627 = DIRECTION ( 'NONE',  ( -1.000000000000000000, -0.000000000000000000, -0.000000000000000000 ) ) ;
#4628 = DIRECTION ( 'NONE',  ( -0.8660254037844401509, 0.000000000000000000, 0.4999999999999972800 ) ) ;
#4629 = ADVANCED_FACE ( 'NONE', ( #3306 ), #110, .T. ) ;
#4630 = CARTESIAN_POINT ( 'NONE',  ( 35.00000000000000000, 29.57396660327933802, 170.5000000000000000 ) ) ;
#4631 = ORIENTED_EDGE ( 'NONE', *, *, #3475, .F. ) ;
#4632 = ORIENTED_EDGE ( 'NONE', *, *, #3534, .T. ) ;
#4633 = EDGE_CURVE ( 'NONE', #83, #5224, #2909, .T. ) ;
#4634 = CARTESIAN_POINT ( 'NONE',  ( 5.199999999999982414, 5.000000000000004441, 103.0022213997860945 ) ) ;
#4635 = DIRECTION ( 'NONE',  ( 0.000000000000000000, 0.000000000000000000, 1.000000000000000000 ) ) ;
#4636 = EDGE_LOOP ( 'NONE', ( #3606, #3726, #197, #3323 ) ) ;
#4637 = CARTESIAN_POINT ( 'NONE',  ( 15.33099690742693433, 32.09380564468921193, 171.1538051798496554 ) ) ;
#4638 = DIRECTION ( 'NONE',  ( -1.000000000000000000, -0.000000000000000000, -0.000000000000000000 ) ) ;
#4639 = ORIENTED_EDGE ( 'NONE', *, *, #2241, .T. ) ;
#4640 = ORIENTED_EDGE ( 'NONE', *, *, #4032, .T. ) ;
#4641 = DIRECTION ( 'NONE',  ( 0.000000000000000000, 0.000000000000000000, -1.000000000000000000 ) ) ;
#4642 = ORIENTED_EDGE ( 'NONE', *, *, #5159, .T. ) ;
#4643 = FACE_OUTER_BOUND ( 'NONE', #4288, .T. ) ;
#4644 = EDGE_CURVE ( 'NONE', #158, #1567, #2323, .T. ) ;
#4645 = FACE_OUTER_BOUND ( 'NONE', #1615, .T. ) ;
#4646 = LINE ( 'NONE', #3442, #1989 ) ;
#4647 = ORIENTED_EDGE ( 'NONE', *, *, #1953, .F. ) ;
#4648 = PRODUCT_DEFINITION_SHAPE ( 'NONE', 'NONE',  #3864 ) ;
#4649 = CARTESIAN_POINT ( 'NONE',  ( -22.49999999999998579, -40.00000000000000000, 150.2540842689817850 ) ) ;
#4650 = DIRECTION ( 'NONE',  ( 1.000000000000000000, -0.000000000000000000, 0.000000000000000000 ) ) ;
#4651 = CARTESIAN_POINT ( 'NONE',  ( -5.200000000000018829, 5.000000000000004441, 103.0022213997860518 ) ) ;
#4652 = ORIENTED_EDGE ( 'NONE', *, *, #5197, .T. ) ;
#4653 = EDGE_CURVE ( 'NONE', #1958, #4314, #3780, .T. ) ;
#4654 = EDGE_CURVE ( 'NONE', #2370, #3167, #1338, .T. ) ;
#4655 = VERTEX_POINT ( 'NONE', #554 ) ;
#4656 = DIRECTION ( 'NONE',  ( 0.000000000000000000, -1.000000000000000000, -0.000000000000000000 ) ) ;
#4657 = PLANE ( 'NONE',  #1888 ) ;
#4658 = AXIS2_PLACEMENT_3D ( 'NONE', #40, #3993, #4501 ) ;
#4659 = EDGE_LOOP ( 'NONE', ( #1721, #2599, #3561, #2121 ) ) ;
#4660 = CARTESIAN_POINT ( 'NONE',  ( 15.00000000000001954, 30.49999999999999289, 172.9294983326107058 ) ) ;
#4661 = LINE ( 'NONE', #4241, #4434 ) ;
#4662 = ORIENTED_EDGE ( 'NONE', *, *, #4541, .F. ) ;
#4663 = CIRCLE ( 'NONE', #784, 4.250000000000007105 ) ;
#4664 = VERTEX_POINT ( 'NONE', #2965 ) ;
#4665 = DIRECTION ( 'NONE',  ( -1.000000000000000000, -8.673617379884035472E-16, 0.000000000000000000 ) ) ;
#4666 = ORIENTED_EDGE ( 'NONE', *, *, #4757, .T. ) ;
#4667 = FACE_OUTER_BOUND ( 'NONE', #4083, .T. ) ;
#4668 = EDGE_CURVE ( 'NONE', #3328, #3349, #2507, .T. ) ;
#4669 = VECTOR ( 'NONE', #5030, 1000.000000000000000 ) ;
#4670 = CARTESIAN_POINT ( 'NONE',  ( 44.00000000000000711, 29.57396660327933802, 170.5000000000000000 ) ) ;
#4671 = CARTESIAN_POINT ( 'NONE',  ( -14.99999999999997868, 29.57396660327933802, 167.9000000000000057 ) ) ;
#4672 = DIRECTION ( 'NONE',  ( 9.912705577010326782E-17, 1.000000000000000000, -0.000000000000000000 ) ) ;
#4673 = AXIS2_PLACEMENT_3D ( 'NONE', #4022, #2399, #4755 ) ;
#4674 = EDGE_CURVE ( 'NONE', #2108, #3800, #140, .T. ) ;
#4675 = ORIENTED_EDGE ( 'NONE', *, *, #1065, .F. ) ;
#4676 = VECTOR ( 'NONE', #4400, 1000.000000000000000 ) ;
#4677 = VECTOR ( 'NONE', #4765, 1000.000000000000000 ) ;
#4678 = CARTESIAN_POINT ( 'NONE',  ( -30.00000000000004619, 29.57396660327935223, 29.50000000000000000 ) ) ;
#4679 = FACE_OUTER_BOUND ( 'NONE', #3750, .T. ) ;
#4680 = CARTESIAN_POINT ( 'NONE',  ( 44.00000000000000711, -30.76603339672065829, 32.10000000000002274 ) ) ;
#4681 = EDGE_CURVE ( 'NONE', #2257, #2364, #2184, .T. ) ;
#4682 = AXIS2_PLACEMENT_3D ( 'NONE', #1267, #3809, #4577 ) ;
#4683 = ORIENTED_EDGE ( 'NONE', *, *, #3758, .T. ) ;
#4684 = ORIENTED_EDGE ( 'NONE', *, *, #1785, .F. ) ;
#4685 = CIRCLE ( 'NONE', #2401, 2.599999999999998312 ) ;
#4686 = FACE_OUTER_BOUND ( 'NONE', #2329, .T. ) ;
#4688 = VECTOR ( 'NONE', #1605, 1000.000000000000000 ) ;
#4687 = DIRECTION ( 'NONE',  ( 0.000000000000000000, 0.000000000000000000, -1.000000000000000000 ) ) ;
#4689 = ORIENTED_EDGE ( 'NONE', *, *, #1356, .F. ) ;
#4690 = CARTESIAN_POINT ( 'NONE',  ( 15.14248711357390853, 31.56924173241404219, 168.8130595142654045 ) ) ;
#4691 = DIRECTION ( 'NONE',  ( -1.000000000000000000, 0.000000000000000000, 0.000000000000000000 ) ) ;
#4692 = ADVANCED_FACE ( 'NONE', ( #4568, #480 ), #1706, .F. ) ;
#4693 = CIRCLE ( 'NONE', #2830, 2.600000000000019185 ) ;
#4694 = ORIENTED_EDGE ( 'NONE', *, *, #425, .T. ) ;
#4695 = VECTOR ( 'NONE', #3091, 1000.000000000000000 ) ;
#4696 = EDGE_LOOP ( 'NONE', ( #2033, #863 ) ) ;
#4697 = DIRECTION ( 'NONE',  ( 9.912705577010326782E-17, 1.000000000000000000, -0.000000000000000000 ) ) ;
#4698 = VERTEX_POINT ( 'NONE', #2083 ) ;
#4699 = DIRECTION ( 'NONE',  ( -1.000000000000000000, -0.000000000000000000, -0.000000000000000000 ) ) ;
#4700 = EDGE_CURVE ( 'NONE', #2613, #3924, #1361, .T. ) ;
#4701 = CYLINDRICAL_SURFACE ( 'NONE', #4077, 5.000000000000004441 ) ;
#4702 = CARTESIAN_POINT ( 'NONE',  ( -34.99999999999999289, 29.57396660327935223, 29.50000000000000000 ) ) ;
#4703 = FACE_OUTER_BOUND ( 'NONE', #1221, .T. ) ;
#4704 = EDGE_LOOP ( 'NONE', ( #1750, #4292, #4962, #4317, #2898, #3132, #2774, #2411, #289, #4988, #2393, #152 ) ) ;
#4705 = DIRECTION ( 'NONE',  ( -1.000000000000000000, -0.000000000000000000, -0.000000000000000000 ) ) ;
#4706 = CARTESIAN_POINT ( 'NONE',  ( -30.00000000000006040, -45.00000000000000000, 33.79999999999999716 ) ) ;
#4707 = CARTESIAN_POINT ( 'NONE',  ( -30.00000000000006040, -45.00000000000000000, 25.19999999999999929 ) ) ;
#4708 = ORIENTED_EDGE ( 'NONE', *, *, #4118, .T. ) ;
#4709 = ORIENTED_EDGE ( 'NONE', *, *, #306, .T. ) ;
#4710 =( LENGTH_UNIT ( ) NAMED_UNIT ( * ) SI_UNIT ( .MILLI., .METRE. ) );
#4711 = EDGE_LOOP ( 'NONE', ( #296, #1261 ) ) ;
#4712 = DIRECTION ( 'NONE',  ( -1.000000000000000000, -0.000000000000000000, -0.000000000000000000 ) ) ;
#4713 = VERTEX_POINT ( 'NONE', #1282 ) ;
#4714 = EDGE_CURVE ( 'NONE', #1720, #3008, #360, .T. ) ;
#4715 = VERTEX_POINT ( 'NONE', #183 ) ;
#4716 = EDGE_CURVE ( 'NONE', #5122, #2012, #1682, .T. ) ;
#4717 = DIRECTION ( 'NONE',  ( 1.000000000000000000, -0.000000000000000000, 0.000000000000000000 ) ) ;
#4718 = UNCERTAINTY_MEASURE_WITH_UNIT (LENGTH_MEASURE( 1.000000000000000082E-05 ), #1420, 'distance_accuracy_value', 'NONE');
#4719 = ORIENTED_EDGE ( 'NONE', *, *, #2581, .F. ) ;
#4720 = FACE_OUTER_BOUND ( 'NONE', #2570, .T. ) ;
#4721 = FACE_OUTER_BOUND ( 'NONE', #1952, .T. ) ;
#4722 = DIRECTION ( 'NONE',  ( -1.000000000000000000, 9.912705577010326782E-17, 4.034240641806529869E-16 ) ) ;
#4723 = CARTESIAN_POINT ( 'NONE',  ( 35.00000000000000000, 34.49999999999998579, 0.000000000000000000 ) ) ;
#4724 = VERTEX_POINT ( 'NONE', #4522 ) ;
#4725 = EDGE_CURVE ( 'NONE', #2460, #2801, #579, .T. ) ;
#4726 = CARTESIAN_POINT ( 'NONE',  ( 25.00000000000004974, -45.00000000000000000, 166.2000000000000171 ) ) ;
#4727 = CARTESIAN_POINT ( 'NONE',  ( -35.00000000000000000, -30.76603339672067605, 170.4999999999999716 ) ) ;
#4728 = DIRECTION ( 'NONE',  ( 1.000000000000000000, 0.000000000000000000, 0.000000000000000000 ) ) ;
#4729 = EDGE_CURVE ( 'NONE', #4033, #1619, #1874, .T. ) ;
#4730 = ORIENTED_EDGE ( 'NONE', *, *, #4700, .T. ) ;
#4731 = VERTEX_POINT ( 'NONE', #5020 ) ;
#4732 = DIRECTION ( 'NONE',  ( -0.000000000000000000, -0.000000000000000000, -1.000000000000000000 ) ) ;
#4733 = LINE ( 'NONE', #1609, #3088 ) ;
#4734 = ORIENTED_EDGE ( 'NONE', *, *, #4363, .T. ) ;
#4735 = LINE ( 'NONE', #1880, #798 ) ;
#4736 = ADVANCED_FACE ( 'NONE', ( #4944 ), #1394, .F. ) ;
#4737 = ORIENTED_EDGE ( 'NONE', *, *, #1595, .F. ) ;
#4738 = AXIS2_PLACEMENT_3D ( 'NONE', #4062, #2845, #4403 ) ;
#4739 = ORIENTED_EDGE ( 'NONE', *, *, #3160, .F. ) ;
#4740 = CARTESIAN_POINT ( 'NONE',  ( -6.249999999999349853, -45.00000000000000000, 29.74591573101819364 ) ) ;
#4741 = EDGE_LOOP ( 'NONE', ( #1506, #2956 ) ) ;
#4742 = DIRECTION ( 'NONE',  ( -1.214306433183764966E-16, -6.018531076210112041E-33, -1.000000000000000000 ) ) ;
#4743 = AXIS2_PLACEMENT_3D ( 'NONE', #5133, #5155, #5053 ) ;
#4744 = ADVANCED_FACE ( 'NONE', ( #919 ), #997, .T. ) ;
#4745 = AXIS2_PLACEMENT_3D ( 'NONE', #1562, #3130, #3157 ) ;
#4746 = VECTOR ( 'NONE', #1516, 1000.000000000000000 ) ;
#4747 = PLANE ( 'NONE',  #1961 ) ;
#4748 = LINE ( 'NONE', #5179, #2236 ) ;
#4749 = DIRECTION ( 'NONE',  ( -1.000000000000000000, -0.000000000000000000, -0.000000000000000000 ) ) ;
#4750 = CARTESIAN_POINT ( 'NONE',  ( -6.249999999999332090, -45.00000000000000000, 170.2540842689818135 ) ) ;
#4751 = VECTOR ( 'NONE', #95, 1000.000000000000000 ) ;
#4752 = EDGE_LOOP ( 'NONE', ( #3114, #3811 ) ) ;
#4753 = PLANE ( 'NONE',  #3897 ) ;
#4754 = VECTOR ( 'NONE', #2527, 1000.000000000000000 ) ;
#4755 = DIRECTION ( 'NONE',  ( -4.034240641806529869E-16, 0.000000000000000000, -1.000000000000000000 ) ) ;
#4756 = FACE_OUTER_BOUND ( 'NONE', #3138, .T. ) ;
#4757 = EDGE_CURVE ( 'NONE', #3295, #1879, #3441, .T. ) ;
#4758 = EDGE_LOOP ( 'NONE', ( #4987, #4614, #4557, #575 ) ) ;
#4759 = ORIENTED_EDGE ( 'NONE', *, *, #619, .T. ) ;
#4760 = CARTESIAN_POINT ( 'NONE',  ( -30.00000000000004974, 24.56999999999999673, 25.19999999999999929 ) ) ;
#4761 = CARTESIAN_POINT ( 'NONE',  ( -22.50000000000000000, -45.00000000000000000, 49.74591573101820074 ) ) ;
#4762 = CARTESIAN_POINT ( 'NONE',  ( 44.00000000000000711, 29.57396660327935223, 32.09999999999999432 ) ) ;
#4763 = VECTOR ( 'NONE', #2864, 1000.000000000000000 ) ;
#4764 = CIRCLE ( 'NONE', #4180, 2.600000000000019185 ) ;
#4765 = DIRECTION ( 'NONE',  ( -0.000000000000000000, -0.000000000000000000, 1.000000000000000000 ) ) ;
#4766 = ORIENTED_EDGE ( 'NONE', *, *, #936, .T. ) ;
#4767 = CIRCLE ( 'NONE', #1054, 2.499999999999974243 ) ;
#4768 = VECTOR ( 'NONE', #2761, 1000.000000000000000 ) ;
#4769 = EDGE_LOOP ( 'NONE', ( #3471, #916, #122, #5132 ) ) ;
#4770 = DIRECTION ( 'NONE',  ( 1.000000000000000000, 0.000000000000000000, -1.166360781536057966E-16 ) ) ;
#4771 = EDGE_CURVE ( 'NONE', #4484, #1055, #1917, .T. ) ;
#4772 = ORIENTED_EDGE ( 'NONE', *, *, #3110, .F. ) ;
#4773 = DIRECTION ( 'NONE',  ( -1.000000000000000000, 0.000000000000000000, -0.000000000000000000 ) ) ;
#4774 = AXIS2_PLACEMENT_3D ( 'NONE', #4226, #4146, #4945 ) ;
#4775 = CIRCLE ( 'NONE', #1229, 2.600000000000019185 ) ;
#4776 = CARTESIAN_POINT ( 'NONE',  ( -44.00000000000000000, 29.57396660327935223, 29.50000000000000000 ) ) ;
#4777 = LINE ( 'NONE', #3620, #3988 ) ;
#4778 = PLANE ( 'NONE',  #3094 ) ;
#4779 = CARTESIAN_POINT ( 'NONE',  ( -30.00000000000006040, -30.76603339672065829, 32.10000000000002274 ) ) ;
#4780 = LINE ( 'NONE', #819, #4937 ) ;
#4781 = EDGE_LOOP ( 'NONE', ( #4739, #513, #3599, #4318, #3770, #1671 ) ) ;
#4782 = B_SPLINE_SURFACE_WITH_KNOTS ( 'NONE', 3, 1, ( 
 ( #698, #5123 ),
 ( #2304, #2696 ),
 ( #4319, #3923 ),
 ( #1913, #1115 ),
 ( #3538, #1511 ),
 ( #3137, #4740 ) ),
 .UNSPECIFIED., .F., .F., .F.,
 ( 4, 1, 1, 4 ),
 ( 2, 2 ),
 ( 0.000000000000000000, 0.5380594216257100770, 0.8364705418477524912, 1.000000000000000000 ),
 ( 0.000000000000000000, 1.000000000000000000 ),
 .UNSPECIFIED. ) ;
#4783 = FACE_OUTER_BOUND ( 'NONE', #3791, .T. ) ;
#4784 = ADVANCED_FACE ( 'NONE', ( #3857 ), #1418, .F. ) ;
#4785 = ADVANCED_FACE ( 'NONE', ( #600 ), #3542, .F. ) ;
#4786 = CARTESIAN_POINT ( 'NONE',  ( 15.34444494258538505, 32.12400539400316291, 171.0239446711335063 ) ) ;
#4787 = CARTESIAN_POINT ( 'NONE',  ( -25.00000000000005329, -25.57000000000000384, 166.2000000000000171 ) ) ;
#4788 = FACE_OUTER_BOUND ( 'NONE', #3768, .T. ) ;
#4789 = VERTEX_POINT ( 'NONE', #311 ) ;
#4790 = PLANE ( 'NONE',  #4238 ) ;
#4791 = ORIENTED_EDGE ( 'NONE', *, *, #5166, .T. ) ;
#4792 = ADVANCED_FACE ( 'NONE', ( #2679 ), #4284, .F. ) ;
#4793 = CARTESIAN_POINT ( 'NONE',  ( -35.00000000000000000, -45.00000000000000000, 200.0000000000000000 ) ) ;
#4794 = CARTESIAN_POINT ( 'NONE',  ( 44.00000000000000711, 29.57396660327933802, 173.1000000000000227 ) ) ;
#4795 = ORIENTED_EDGE ( 'NONE', *, *, #906, .T. ) ;
#4796 = DIRECTION ( 'NONE',  ( -1.000000000000000000, -0.000000000000000000, -0.000000000000000000 ) ) ;
#4797 = EDGE_LOOP ( 'NONE', ( #2244, #1743, #1635, #4642 ) ) ;
#4798 = ORIENTED_EDGE ( 'NONE', *, *, #4674, .F. ) ;
#4799 = DIRECTION ( 'NONE',  ( 0.8660254037844369313, 0.000000000000000000, 0.5000000000000029976 ) ) ;
#4800 = ORIENTED_EDGE ( 'NONE', *, *, #735, .F. ) ;
#4801 = DIRECTION ( 'NONE',  ( -1.000000000000000000, -0.000000000000000000, -0.000000000000000000 ) ) ;
#4802 = EDGE_CURVE ( 'NONE', #2204, #4590, #1838, .T. ) ;
#4803 = EDGE_CURVE ( 'NONE', #4880, #445, #32, .T. ) ;
#4804 = LINE ( 'NONE', #2049, #4521 ) ;
#4805 = PLANE ( 'NONE',  #3745 ) ;
#4806 = DIRECTION ( 'NONE',  ( 0.000000000000000000, 1.000000000000000000, 0.000000000000000000 ) ) ;
#4807 = CARTESIAN_POINT ( 'NONE',  ( -9.999999999999992895, -38.00000000000000000, 52.24591573101819364 ) ) ;
#4808 = CARTESIAN_POINT ( 'NONE',  ( -30.00000000000006040, -45.00000000000000000, 33.79999999999999716 ) ) ;
#4809 = ORIENTED_EDGE ( 'NONE', *, *, #1966, .F. ) ;
#4810 = DIRECTION ( 'NONE',  ( 1.000000000000000000, 0.000000000000000000, 0.000000000000000000 ) ) ;
#4811 = FACE_OUTER_BOUND ( 'NONE', #3029, .T. ) ;
#4812 = FACE_BOUND ( 'NONE', #3718, .T. ) ;
#4813 = FACE_OUTER_BOUND ( 'NONE', #3231, .T. ) ;
#4814 = ORIENTED_EDGE ( 'NONE', *, *, #3894, .T. ) ;
#4815 = DIRECTION ( 'NONE',  ( -1.000000000000000000, -0.000000000000000000, -0.000000000000000000 ) ) ;
#4816 = ORIENTED_EDGE ( 'NONE', *, *, #1266, .F. ) ;
#4817 = LINE ( 'NONE', #411, #3421 ) ;
#4818 = EDGE_LOOP ( 'NONE', ( #3955, #4398 ) ) ;
#4819 = CARTESIAN_POINT ( 'NONE',  ( 44.00000000000000711, -30.76603339672065829, 29.50000000000002487 ) ) ;
#4820 = EDGE_CURVE ( 'NONE', #1964, #3127, #1365, .T. ) ;
#4821 = EDGE_CURVE ( 'NONE', #4278, #48, #2048, .T. ) ;
#4822 = VERTEX_POINT ( 'NONE', #1021 ) ;
#4823 = ORIENTED_EDGE ( 'NONE', *, *, #2100, .F. ) ;
#4824 = LINE ( 'NONE', #1192, #881 ) ;
#4825 = EDGE_LOOP ( 'NONE', ( #928, #1638, #2601, #2865 ) ) ;
#4826 = DIRECTION ( 'NONE',  ( -1.000000000000000000, -0.000000000000000000, -0.000000000000000000 ) ) ;
#4827 = VECTOR ( 'NONE', #5068, 1000.000000000000000 ) ;
#4828 = DIRECTION ( 'NONE',  ( -1.000000000000000000, 0.000000000000000000, 0.000000000000000000 ) ) ;
#4829 = CARTESIAN_POINT ( 'NONE',  ( 30.00000000000005329, -45.00000000000000000, 166.2000000000000171 ) ) ;
#4830 = CARTESIAN_POINT ( 'NONE',  ( 44.00000000000000711, 29.57396660327933802, 170.5000000000000000 ) ) ;
#4831 = DIRECTION ( 'NONE',  ( 1.000000000000000000, 0.000000000000000000, -0.000000000000000000 ) ) ;
#4832 = LINE ( 'NONE', #3179, #1379 ) ;
#4833 = ADVANCED_FACE ( 'NONE', ( #3899 ), #4701, .T. ) ;
#4834 = ORIENTED_EDGE ( 'NONE', *, *, #5025, .F. ) ;
#4835 =( GEOMETRIC_REPRESENTATION_CONTEXT ( 3 ) GLOBAL_UNCERTAINTY_ASSIGNED_CONTEXT ( ( #3669 ) ) GLOBAL_UNIT_ASSIGNED_CONTEXT ( ( #4710, #5192, #2690 ) ) REPRESENTATION_CONTEXT ( 'NONE', 'WORKASPACE' ) );
#4836 = VECTOR ( 'NONE', #4594, 1000.000000000000000 ) ;
#4837 = CARTESIAN_POINT ( 'NONE',  ( -13.75000000000064304, -45.00000000000000000, 6.283902117984744795E-16 ) ) ;
#4838 = ADVANCED_FACE ( 'NONE', ( #4645 ), #4252, .F. ) ;
#4839 = DIRECTION ( 'NONE',  ( -1.000000000000000000, 0.000000000000000000, 0.000000000000000000 ) ) ;
#4840 = CARTESIAN_POINT ( 'NONE',  ( -1.090397613471135860E-15, 26.00000000000000000, 0.000000000000000000 ) ) ;
#4841 = VECTOR ( 'NONE', #2159, 1000.000000000000000 ) ;
#4842 = DIRECTION ( 'NONE',  ( 9.912705577010326782E-17, 1.000000000000000000, -0.000000000000000000 ) ) ;
#4843 = VERTEX_POINT ( 'NONE', #3876 ) ;
#4844 = VECTOR ( 'NONE', #2457, 1000.000000000000000 ) ;
#4845 = CYLINDRICAL_SURFACE ( 'NONE', #4658, 2.599999999999998312 ) ;
#4846 = ORIENTED_EDGE ( 'NONE', *, *, #781, .T. ) ;
#4847 = CARTESIAN_POINT ( 'NONE',  ( -30.00000000000004619, 29.57396660327935223, 26.89999999999999858 ) ) ;
#4848 = EDGE_LOOP ( 'NONE', ( #1801, #3829, #2424, #3805 ) ) ;
#4849 = FACE_OUTER_BOUND ( 'NONE', #1326, .T. ) ;
#4850 = CIRCLE ( 'NONE', #2722, 4.000000000000000000 ) ;
#4851 = ORIENTED_EDGE ( 'NONE', *, *, #3184, .T. ) ;
#4852 = ORIENTED_EDGE ( 'NONE', *, *, #3784, .T. ) ;
#4853 = AXIS2_PLACEMENT_3D ( 'NONE', #2374, #2036, #3661 ) ;
#4855 = CIRCLE ( 'NONE', #2056, 4.999999999999976907 ) ;
#4854 = CARTESIAN_POINT ( 'NONE',  ( 44.00000000000000711, -30.76603339672067605, 167.8999999999999773 ) ) ;
#4856 = ORIENTED_EDGE ( 'NONE', *, *, #4103, .T. ) ;
#4857 = DIRECTION ( 'NONE',  ( 0.000000000000000000, 0.000000000000000000, -1.000000000000000000 ) ) ;
#4858 = AXIS2_PLACEMENT_3D ( 'NONE', #4230, #607, #2214 ) ;
#4859 = CIRCLE ( 'NONE', #971, 2.499999999999974243 ) ;
#4860 = DIRECTION ( 'NONE',  ( 0.000000000000000000, 0.000000000000000000, -1.000000000000000000 ) ) ;
#4861 = DIRECTION ( 'NONE',  ( -1.000000000000000000, -0.000000000000000000, -0.000000000000000000 ) ) ;
#4863 = CARTESIAN_POINT ( 'NONE',  ( 2.292272046096004878, -45.00000000000000000, 45.21593817948308924 ) ) ;
#4862 = CIRCLE ( 'NONE', #813, 2.600000000000019185 ) ;
#4864 = VECTOR ( 'NONE', #1596, 1000.000000000000000 ) ;
#4865 = FACE_OUTER_BOUND ( 'NONE', #2848, .T. ) ;
#4866 = DIRECTION ( 'NONE',  ( -1.000000000000000000, 0.000000000000000000, 0.000000000000000000 ) ) ;
#4867 = AXIS2_PLACEMENT_3D ( 'NONE', #3801, #578, #896 ) ;
#4868 = CARTESIAN_POINT ( 'NONE',  ( -34.99999999999999289, 29.57396660327935223, 29.50000000000000000 ) ) ;
#4869 = DIRECTION ( 'NONE',  ( -1.000000000000000000, -0.000000000000000000, -0.000000000000000000 ) ) ;
#4870 = CARTESIAN_POINT ( 'NONE',  ( -44.00000000000000000, -30.76603339672067605, 165.4999999999999716 ) ) ;
#4871 = ORIENTED_EDGE ( 'NONE', *, *, #4368, .T. ) ;
#4872 = ADVANCED_FACE ( 'NONE', ( #1468 ), #236, .F. ) ;
#4873 = DIRECTION ( 'NONE',  ( -1.214306433183764966E-16, -6.018531076210112041E-33, -1.000000000000000000 ) ) ;
#4874 = EDGE_LOOP ( 'NONE', ( #4903, #4476, #367, #4683 ) ) ;
#4875 = DIRECTION ( 'NONE',  ( 0.000000000000000000, 0.000000000000000000, 1.000000000000000000 ) ) ;
#4876 = DIRECTION ( 'NONE',  ( -1.000000000000000000, 0.000000000000000000, 0.000000000000000000 ) ) ;
#4877 = ORIENTED_EDGE ( 'NONE', *, *, #854, .F. ) ;
#4878 = DIRECTION ( 'NONE',  ( 0.000000000000000000, 0.000000000000000000, 1.000000000000000000 ) ) ;
#4879 = VERTEX_POINT ( 'NONE', #1493 ) ;
#4880 = VERTEX_POINT ( 'NONE', #3118 ) ;
#4881 = CARTESIAN_POINT ( 'NONE',  ( -6.938893903907228378E-15, 19.49999999999999645, 100.0000000000000142 ) ) ;
#4882 = ORIENTED_EDGE ( 'NONE', *, *, #2705, .F. ) ;
#4883 = CARTESIAN_POINT ( 'NONE',  ( -6.249999999999329425, -45.00000000000000000, 200.0000000000000000 ) ) ;
#4884 = LINE ( 'NONE', #2415, #1185 ) ;
#4885 = ADVANCED_FACE ( 'NONE', ( #4721 ), #1095, .F. ) ;
#4886 = VERTEX_POINT ( 'NONE', #4622 ) ;
#4887 = CARTESIAN_POINT ( 'NONE',  ( 16.09526249034445300, 33.24999999999999289, 200.0000000000000000 ) ) ;
#4888 = CARTESIAN_POINT ( 'NONE',  ( 30.00000000000006395, 33.24999999999998579, 174.8000000000000114 ) ) ;
#4889 = CARTESIAN_POINT ( 'NONE',  ( -34.99999999999999289, -30.76603339672065829, 24.50000000000002487 ) ) ;
#4890 = EDGE_CURVE ( 'NONE', #1922, #4590, #4537, .T. ) ;
#4891 = EDGE_CURVE ( 'NONE', #782, #3615, #3068, .T. ) ;
#4892 = LINE ( 'NONE', #3626, #2207 ) ;
#4893 = DIRECTION ( 'NONE',  ( 0.000000000000000000, 0.000000000000000000, 1.000000000000000000 ) ) ;
#4894 = CARTESIAN_POINT ( 'NONE',  ( -30.00000000000006040, -45.00000000000000000, 25.19999999999999929 ) ) ;
#4895 = DIRECTION ( 'NONE',  ( -0.000000000000000000, -0.000000000000000000, -1.000000000000000000 ) ) ;
#4896 = ORIENTED_EDGE ( 'NONE', *, *, #1260, .T. ) ;
#4897 = DIRECTION ( 'NONE',  ( -1.000000000000000000, -0.000000000000000000, -0.000000000000000000 ) ) ;
#4898 = ORIENTED_EDGE ( 'NONE', *, *, #272, .F. ) ;
#4899 = CARTESIAN_POINT ( 'NONE',  ( 0.000000000000000000, 0.000000000000000000, 5.000000000000000000 ) ) ;
#4900 = CYLINDRICAL_SURFACE ( 'NONE', #1796, 5.000000000000001776 ) ;
#4901 = CARTESIAN_POINT ( 'NONE',  ( 32.00000000000000000, 34.49999999999998579, -2.407412430484044816E-32 ) ) ;
#4902 = ORIENTED_EDGE ( 'NONE', *, *, #2855, .T. ) ;
#4903 = ORIENTED_EDGE ( 'NONE', *, *, #3535, .T. ) ;
#4904 = CARTESIAN_POINT ( 'NONE',  ( -5.502973107383289708, -40.00000000000000000, 165.3593385081847202 ) ) ;
#4905 = ORIENTED_EDGE ( 'NONE', *, *, #4803, .F. ) ;
#4906 = CARTESIAN_POINT ( 'NONE',  ( 30.00000000000005329, -30.76603339672067605, 167.8999999999999773 ) ) ;
#4907 = EDGE_LOOP ( 'NONE', ( #5052, #179, #3783, #5093 ) ) ;
#4908 = CARTESIAN_POINT ( 'NONE',  ( -6.249999999999353406, -40.00000000000000000, -2.775557561562891351E-14 ) ) ;
#4909 = CARTESIAN_POINT ( 'NONE',  ( -9.999999999999980460, -40.00000000000000000, 150.2540842689818135 ) ) ;
#4910 = ADVANCED_FACE ( 'NONE', ( #816 ), #2418, .F. ) ;
#4911 = DIRECTION ( 'NONE',  ( 0.000000000000000000, 0.000000000000000000, 1.000000000000000000 ) ) ;
#4912 = AXIS2_PLACEMENT_3D ( 'NONE', #655, #701, #625 ) ;
#4913 = DIRECTION ( 'NONE',  ( 0.000000000000000000, 0.000000000000000000, -1.000000000000000000 ) ) ;
#4914 = ADVANCED_FACE ( 'NONE', ( #2388, #362 ), #909, .F. ) ;
#4915 = CARTESIAN_POINT ( 'NONE',  ( 25.00000000000004974, -45.00000000000000000, 33.79999999999999005 ) ) ;
#4916 = CARTESIAN_POINT ( 'NONE',  ( 30.00000000000005329, -45.00000000000000000, 174.8000000000000114 ) ) ;
#4917 = EDGE_CURVE ( 'NONE', #3353, #1651, #3202, .T. ) ;
#4918 = AXIS2_PLACEMENT_3D ( 'NONE', #5009, #2252, #3397 ) ;
#4919 = CARTESIAN_POINT ( 'NONE',  ( -25.00000000000004619, 37.00000000000000000, 33.79999999999999716 ) ) ;
#4920 = AXIS2_PLACEMENT_3D ( 'NONE', #2213, #3881, #4364 ) ;
#4921 = VERTEX_POINT ( 'NONE', #5178 ) ;
#4922 = DIRECTION ( 'NONE',  ( 1.000000000000000000, -9.912705577010326782E-17, -4.034240641806530362E-16 ) ) ;
#4923 = VERTEX_POINT ( 'NONE', #1544 ) ;
#4924 = DIRECTION ( 'NONE',  ( -1.000000000000000000, 0.000000000000000000, 0.000000000000000000 ) ) ;
#4925 = AXIS2_PLACEMENT_3D ( 'NONE', #2525, #2990, #2551 ) ;
#4926 = CARTESIAN_POINT ( 'NONE',  ( -35.00000000000000000, 29.57396660327935223, 32.09999999999999432 ) ) ;
#4927 = EDGE_CURVE ( 'NONE', #3127, #1964, #1281, .T. ) ;
#4928 = CARTESIAN_POINT ( 'NONE',  ( -18.99999999999997158, 37.00000000000000711, 200.0000000000000000 ) ) ;
#4929 = VERTEX_POINT ( 'NONE', #3742 ) ;
#4930 = VECTOR ( 'NONE', #4628, 1000.000000000000114 ) ;
#4931 = ORIENTED_EDGE ( 'NONE', *, *, #3481, .T. ) ;
#4932 = DIRECTION ( 'NONE',  ( 0.000000000000000000, 0.000000000000000000, -1.000000000000000000 ) ) ;
#4933 = ORIENTED_EDGE ( 'NONE', *, *, #3168, .T. ) ;
#4934 = CARTESIAN_POINT ( 'NONE',  ( -30.00000000000005684, -25.57000000000000384, 174.8000000000000114 ) ) ;
#4935 = EDGE_LOOP ( 'NONE', ( #969, #1825 ) ) ;
#4936 = AXIS2_PLACEMENT_3D ( 'NONE', #810, #1144, #3668 ) ;
#4937 = VECTOR ( 'NONE', #1151, 1000.000000000000000 ) ;
#4938 = DIRECTION ( 'NONE',  ( 0.000000000000000000, 0.000000000000000000, -1.000000000000000000 ) ) ;
#4939 = ORIENTED_EDGE ( 'NONE', *, *, #3086, .T. ) ;
#4940 = CYLINDRICAL_SURFACE ( 'NONE', #479, 2.599999999999998312 ) ;
#4941 = VECTOR ( 'NONE', #2456, 1000.000000000000000 ) ;
#4942 = VECTOR ( 'NONE', #3564, 1000.000000000000000 ) ;
#4943 = VECTOR ( 'NONE', #482, 1000.000000000000000 ) ;
#4944 = FACE_OUTER_BOUND ( 'NONE', #4158, .T. ) ;
#4945 = DIRECTION ( 'NONE',  ( 0.000000000000000000, 0.000000000000000000, -1.000000000000000000 ) ) ;
#4946 = DIRECTION ( 'NONE',  ( -0.000000000000000000, 0.000000000000000000, 1.000000000000000000 ) ) ;
#4947 = CARTESIAN_POINT ( 'NONE',  ( 2.500000000000000000, 3.061616997868383141E-16, 39.24000000000000199 ) ) ;
#4948 = VECTOR ( 'NONE', #3709, 1000.000000000000000 ) ;
#4949 = AXIS2_PLACEMENT_3D ( 'NONE', #5091, #308, #3893 ) ;
#4950 = ORIENTED_EDGE ( 'NONE', *, *, #2380, .T. ) ;
#4951 = ADVANCED_FACE ( 'NONE', ( #759 ), #4805, .T. ) ;
#4952 = DIRECTION ( 'NONE',  ( -9.912705577010326782E-17, -1.000000000000000000, 0.000000000000000000 ) ) ;
#4953 = VECTOR ( 'NONE', #3117, 1000.000000000000000 ) ;
#4954 = DIRECTION ( 'NONE',  ( 0.000000000000000000, 0.000000000000000000, 1.000000000000000000 ) ) ;
#4955 = CARTESIAN_POINT ( 'NONE',  ( -30.00000000000006040, -30.76603339672067605, 170.4999999999999716 ) ) ;
#4956 = CARTESIAN_POINT ( 'NONE',  ( 15.02365023738325078, 30.98102510600647008, 27.29829178759863240 ) ) ;
#4957 = ORIENTED_EDGE ( 'NONE', *, *, #4716, .F. ) ;
#4958 = EDGE_CURVE ( 'NONE', #1753, #3546, #4358, .T. ) ;
#4959 = ORIENTED_EDGE ( 'NONE', *, *, #4890, .T. ) ;
#4960 = FACE_OUTER_BOUND ( 'NONE', #1755, .T. ) ;
#4961 = CARTESIAN_POINT ( 'NONE',  ( 44.00000000000000711, 29.57396660327933802, 170.5000000000000000 ) ) ;
#4962 = ORIENTED_EDGE ( 'NONE', *, *, #2727, .T. ) ;
#4963 = CYLINDRICAL_SURFACE ( 'NONE', #210, 2.599999999999998312 ) ;
#4964 = DIRECTION ( 'NONE',  ( -4.034240641806529869E-16, 0.000000000000000000, 1.000000000000000000 ) ) ;
#4965 = ORIENTED_EDGE ( 'NONE', *, *, #1332, .T. ) ;
#4966 = CARTESIAN_POINT ( 'NONE',  ( -6.202379879535361362E-15, -25.57000000000000384, 0.000000000000000000 ) ) ;
#4967 = ORIENTED_EDGE ( 'NONE', *, *, #3405, .T. ) ;
#4968 = DIRECTION ( 'NONE',  ( -1.000000000000000000, -0.000000000000000000, -0.000000000000000000 ) ) ;
#4969 = EDGE_CURVE ( 'NONE', #466, #4843, #4777, .T. ) ;
#4970 = CARTESIAN_POINT ( 'NONE',  ( -22.29227204609599866, -45.00000000000000000, 45.21593817948310345 ) ) ;
#4971 = DIRECTION ( 'NONE',  ( 0.000000000000000000, 1.000000000000000000, 0.000000000000000000 ) ) ;
#4972 =( NAMED_UNIT ( * ) SI_UNIT ( $, .STERADIAN. ) SOLID_ANGLE_UNIT ( ) );
#4973 = DIRECTION ( 'NONE',  ( 0.000000000000000000, 0.000000000000000000, -1.000000000000000000 ) ) ;
#4974 = ADVANCED_FACE ( 'NONE', ( #1941 ), #4747, .T. ) ;
#4975 = EDGE_LOOP ( 'NONE', ( #3429, #4034 ) ) ;
#4976 = CARTESIAN_POINT ( 'NONE',  ( 5.200000000000003730, 5.000000000000004441, 96.99777860021396236 ) ) ;
#4977 = DIRECTION ( 'NONE',  ( 0.000000000000000000, -1.000000000000000000, -0.000000000000000000 ) ) ;
#4978 = CARTESIAN_POINT ( 'NONE',  ( 30.00000000000006395, 24.56999999999999673, 174.8000000000000114 ) ) ;
#4979 = DIRECTION ( 'NONE',  ( -1.000000000000000000, 0.000000000000000000, 0.000000000000000000 ) ) ;
#4980 = EDGE_CURVE ( 'NONE', #330, #4484, #3226, .T. ) ;
#4981 = ORIENTED_EDGE ( 'NONE', *, *, #2549, .T. ) ;
#4982 = VERTEX_POINT ( 'NONE', #1199 ) ;
#4983 = DIRECTION ( 'NONE',  ( -0.000000000000000000, -1.000000000000000000, -0.000000000000000000 ) ) ;
#4984 = DIRECTION ( 'NONE',  ( -4.034240641806529869E-16, -0.000000000000000000, -1.000000000000000000 ) ) ;
#4985 = VERTEX_POINT ( 'NONE', #2816 ) ;
#4986 = DIRECTION ( 'NONE',  ( -0.000000000000000000, -0.000000000000000000, -1.000000000000000000 ) ) ;
#4987 = ORIENTED_EDGE ( 'NONE', *, *, #2120, .F. ) ;
#4988 = ORIENTED_EDGE ( 'NONE', *, *, #3784, .F. ) ;
#4989 = CYLINDRICAL_SURFACE ( 'NONE', #4257, 2.599999999999998312 ) ;
#4990 = VERTEX_POINT ( 'NONE', #2762 ) ;
#4991 = DIRECTION ( 'NONE',  ( 1.000000000000000000, 0.000000000000000000, -1.166360781536058212E-16 ) ) ;
#4992 = ADVANCED_FACE ( 'NONE', ( #1969 ), #511, .T. ) ;
#4993 = DIRECTION ( 'NONE',  ( -1.000000000000000000, 9.912705577010326782E-17, -0.000000000000000000 ) ) ;
#4994 = EDGE_CURVE ( 'NONE', #699, #526, #4440, .T. ) ;
#4995 = CARTESIAN_POINT ( 'NONE',  ( 35.00000000000000000, -30.76603339672067605, 170.4999999999999716 ) ) ;
#4996 = CARTESIAN_POINT ( 'NONE',  ( 44.00000000000000711, 29.57396660327935223, 29.50000000000000000 ) ) ;
#4997 = ORIENTED_EDGE ( 'NONE', *, *, #3758, .F. ) ;
#4998 = AXIS2_PLACEMENT_3D ( 'NONE', #70, #876, #3189 ) ;
#4999 = FACE_OUTER_BOUND ( 'NONE', #3243, .T. ) ;
#5000 = CARTESIAN_POINT ( 'NONE',  ( 25.00000000000005329, -25.57000000000000384, 166.2000000000000171 ) ) ;
#5001 = CARTESIAN_POINT ( 'NONE',  ( -25.00000000000005684, 29.57396660327935223, 26.89999999999999858 ) ) ;
#5002 = AXIS2_PLACEMENT_3D ( 'NONE', #2397, #2007, #3233 ) ;
#5003 = CARTESIAN_POINT ( 'NONE',  ( 15.14162456149979263, 31.56630734294550678, 31.19066792276675670 ) ) ;
#5004 = EDGE_LOOP ( 'NONE', ( #3578, #681 ) ) ;
#5005 = AXIS2_PLACEMENT_3D ( 'NONE', #2750, #747, #3079 ) ;
#5006 = VECTOR ( 'NONE', #1048, 1000.000000000000000 ) ;
#5007 = EDGE_CURVE ( 'NONE', #2322, #2180, #420, .T. ) ;
#5008 = ORIENTED_EDGE ( 'NONE', *, *, #2686, .T. ) ;
#5009 = CARTESIAN_POINT ( 'NONE',  ( 25.00000000000005329, -45.00000000000000000, 174.8000000000000114 ) ) ;
#5010 = DIRECTION ( 'NONE',  ( 0.000000000000000000, 0.000000000000000000, 1.000000000000000000 ) ) ;
#5011 = ORIENTED_EDGE ( 'NONE', *, *, #4620, .T. ) ;
#5012 = DIRECTION ( 'NONE',  ( -1.000000000000000000, 9.912705577010326782E-17, -0.000000000000000000 ) ) ;
#5013 = AXIS2_PLACEMENT_3D ( 'NONE', #5226, #749, #853 ) ;
#5014 = ORIENTED_EDGE ( 'NONE', *, *, #434, .F. ) ;
#5015 = EDGE_CURVE ( 'NONE', #5165, #1811, #26, .T. ) ;
#5016 = DIRECTION ( 'NONE',  ( -1.000000000000000000, -0.000000000000000000, -0.000000000000000000 ) ) ;
#5017 = ORIENTED_EDGE ( 'NONE', *, *, #4469, .F. ) ;
#5018 = PLANE ( 'NONE',  #2935 ) ;
#5019 = AXIS2_PLACEMENT_3D ( 'NONE', #4996, #2661, #2992 ) ;
#5020 = CARTESIAN_POINT ( 'NONE',  ( 25.00000000000006040, 29.57396660327935223, 26.89999999999999858 ) ) ;
#5021 = AXIS2_PLACEMENT_3D ( 'NONE', #4899, #562, #4924 ) ;
#5022 = CIRCLE ( 'NONE', #1552, 2.600000000000019185 ) ;
#5023 = CARTESIAN_POINT ( 'NONE',  ( -34.99999999999999289, 29.57396660327933802, 170.5000000000000000 ) ) ;
#5024 = DIRECTION ( 'NONE',  ( 0.000000000000000000, 0.000000000000000000, -1.000000000000000000 ) ) ;
#5025 = EDGE_CURVE ( 'NONE', #5067, #1296, #2850, .T. ) ;
#5026 = ORIENTED_EDGE ( 'NONE', *, *, #3034, .T. ) ;
#5027 = AXIS2_PLACEMENT_3D ( 'NONE', #4366, #768, #373 ) ;
#5028 = FACE_OUTER_BOUND ( 'NONE', #2016, .T. ) ;
#5029 = PLANE ( 'NONE',  #1131 ) ;
#5030 = DIRECTION ( 'NONE',  ( 1.000000000000000000, 0.000000000000000000, 0.000000000000000000 ) ) ;
#5031 = VECTOR ( 'NONE', #285, 1000.000000000000000 ) ;
#5032 = CARTESIAN_POINT ( 'NONE',  ( -30.00000000000004974, 24.56999999999999673, 25.19999999999999929 ) ) ;
#5033 = EDGE_CURVE ( 'NONE', #4028, #2257, #2147, .T. ) ;
#5034 = VERTEX_POINT ( 'NONE', #4159 ) ;
#5035 = VECTOR ( 'NONE', #3363, 1000.000000000000000 ) ;
#5036 = EDGE_LOOP ( 'NONE', ( #1461, #43 ) ) ;
#5037 = DIRECTION ( 'NONE',  ( 0.000000000000000000, 0.000000000000000000, -1.000000000000000000 ) ) ;
#5038 = DIRECTION ( 'NONE',  ( 1.000000000000000000, 0.000000000000000000, -0.000000000000000000 ) ) ;
#5039 = ORIENTED_EDGE ( 'NONE', *, *, #1367, .T. ) ;
#5040 = CARTESIAN_POINT ( 'NONE',  ( 15.00000000000001776, 30.74885200633025306, 172.8346453065314563 ) ) ;
#5041 = DIRECTION ( 'NONE',  ( 0.000000000000000000, -1.000000000000000000, -0.000000000000000000 ) ) ;
#5042 = EDGE_CURVE ( 'NONE', #4375, #2939, #1620, .T. ) ;
#5043 = VERTEX_POINT ( 'NONE', #198 ) ;
#5044 = ORIENTED_EDGE ( 'NONE', *, *, #4402, .T. ) ;
#5045 = CARTESIAN_POINT ( 'NONE',  ( -9.999999999999980460, -38.00000000000000000, 152.7540842689817850 ) ) ;
#5046 = ORIENTED_EDGE ( 'NONE', *, *, #5126, .F. ) ;
#5047 = LINE ( 'NONE', #3513, #4953 ) ;
#5048 = DIRECTION ( 'NONE',  ( -0.8660254037844408170, 0.000000000000000000, 0.4999999999999961697 ) ) ;
#5049 = DIRECTION ( 'NONE',  ( -1.000000000000000000, 0.000000000000000000, -0.000000000000000000 ) ) ;
#5050 = DIRECTION ( 'NONE',  ( 1.000000000000000000, -9.912705577010326782E-17, -1.214306433183764966E-16 ) ) ;
#5051 = ADVANCED_FACE ( 'NONE', ( #3792, #3376 ), #2593, .F. ) ;
#5052 = ORIENTED_EDGE ( 'NONE', *, *, #4032, .F. ) ;
#5053 = DIRECTION ( 'NONE',  ( 1.000000000000000000, 0.000000000000000000, -1.214306433183764966E-16 ) ) ;
#5054 = LINE ( 'NONE', #3026, #2472 ) ;
#5055 = LINE ( 'NONE', #4651, #630 ) ;
#5056 = EDGE_CURVE ( 'NONE', #4353, #2564, #4073, .T. ) ;
#5057 = ORIENTED_EDGE ( 'NONE', *, *, #2705, .T. ) ;
#5058 = VERTEX_POINT ( 'NONE', #3351 ) ;
#5059 = CYLINDRICAL_SURFACE ( 'NONE', #3982, 2.499999999999974243 ) ;
#5060 = CARTESIAN_POINT ( 'NONE',  ( -35.00000000000000000, 29.57396660327935223, 29.50000000000000000 ) ) ;
#5061 = ORIENTED_EDGE ( 'NONE', *, *, #159, .T. ) ;
#5062 = PLANE ( 'NONE',  #3260 ) ;
#5063 = ORIENTED_EDGE ( 'NONE', *, *, #2744, .T. ) ;
#5064 = ORIENTED_EDGE ( 'NONE', *, *, #277, .T. ) ;
#5065 = LINE ( 'NONE', #4279, #4695 ) ;
#5066 = ADVANCED_FACE ( 'NONE', ( #4216, #645 ), #3426, .F. ) ;
#5067 = VERTEX_POINT ( 'NONE', #1034 ) ;
#5068 = DIRECTION ( 'NONE',  ( 9.912705577010326782E-17, 1.000000000000000000, -0.000000000000000000 ) ) ;
#5069 = CARTESIAN_POINT ( 'NONE',  ( -9.999999999999980460, -40.00000000000000000, 150.2540842689818135 ) ) ;
#5070 = ADVANCED_FACE ( 'NONE', ( #4960 ), #2954, .F. ) ;
#5071 = DIRECTION ( 'NONE',  ( 0.000000000000000000, -1.000000000000000000, 0.000000000000000000 ) ) ;
#5072 = DIRECTION ( 'NONE',  ( -1.000000000000000000, -0.000000000000000000, -0.000000000000000000 ) ) ;
#5073 = ORIENTED_EDGE ( 'NONE', *, *, #1535, .T. ) ;
#5074 = DIRECTION ( 'NONE',  ( 1.000000000000000000, 0.000000000000000000, 0.000000000000000000 ) ) ;
#5075 = ADVANCED_FACE ( 'NONE', ( #986 ), #2536, .F. ) ;
#5076 = CARTESIAN_POINT ( 'NONE',  ( -25.00000000000004974, 24.56999999999999673, 25.19999999999999929 ) ) ;
#5077 = CARTESIAN_POINT ( 'NONE',  ( -35.00000000000000000, 37.00000000000000711, 0.000000000000000000 ) ) ;
#5078 = ORIENTED_EDGE ( 'NONE', *, *, #1298, .T. ) ;
#5079 = VERTEX_POINT ( 'NONE', #174 ) ;
#5080 = CYLINDRICAL_SURFACE ( 'NONE', #2046, 4.000000000000000000 ) ;
#5081 = DIRECTION ( 'NONE',  ( 1.000000000000000000, -0.000000000000000000, 0.000000000000000000 ) ) ;
#5082 = AXIS2_PLACEMENT_3D ( 'NONE', #1965, #4379, #2442 ) ;
#5083 = ORIENTED_EDGE ( 'NONE', *, *, #2860, .F. ) ;
#5084 = DIRECTION ( 'NONE',  ( 0.000000000000000000, -1.000000000000000000, 0.000000000000000000 ) ) ;
#5085 = CARTESIAN_POINT ( 'NONE',  ( -8.673617379884035472E-15, 19.49999999999999645, 100.0000000000000142 ) ) ;
#5086 = VECTOR ( 'NONE', #4732, 1000.000000000000000 ) ;
#5087 = VERTEX_POINT ( 'NONE', #589 ) ;
#5088 = AXIS2_PLACEMENT_3D ( 'NONE', #3208, #424, #4415 ) ;
#5089 = EDGE_CURVE ( 'NONE', #1662, #1720, #4558, .T. ) ;
#5090 = ORIENTED_EDGE ( 'NONE', *, *, #3449, .F. ) ;
#5091 = CARTESIAN_POINT ( 'NONE',  ( -44.00000000000000000, -30.76603339672065829, 29.50000000000002487 ) ) ;
#5092 = UNCERTAINTY_MEASURE_WITH_UNIT (LENGTH_MEASURE( 1.000000000000000082E-05 ), #1456, 'distance_accuracy_value', 'NONE');
#5093 = ORIENTED_EDGE ( 'NONE', *, *, #2082, .T. ) ;
#5094 = VECTOR ( 'NONE', #4861, 1000.000000000000000 ) ;
#5095 = CARTESIAN_POINT ( 'NONE',  ( 44.00000000000000711, -30.76603339672067605, 167.8999999999999773 ) ) ;
#5096 = EDGE_CURVE ( 'NONE', #1662, #3911, #1364, .T. ) ;
#5097 = VECTOR ( 'NONE', #3447, 1000.000000000000000 ) ;
#5098 = DIRECTION ( 'NONE',  ( 0.8660254037844402619, 0.000000000000000000, -0.4999999999999972800 ) ) ;
#5099 = PLANE ( 'NONE',  #3096 ) ;
#5100 = CARTESIAN_POINT ( 'NONE',  ( 25.00000000000006395, 29.57396660327933802, 167.9000000000000057 ) ) ;
#5101 = CIRCLE ( 'NONE', #540, 2.600000000000001421 ) ;
#5102 = EDGE_CURVE ( 'NONE', #3004, #672, #929, .T. ) ;
#5103 = ORIENTED_EDGE ( 'NONE', *, *, #5033, .T. ) ;
#5104 = AXIS2_PLACEMENT_3D ( 'NONE', #1108, #2718, #830 ) ;
#5105 = AXIS2_PLACEMENT_3D ( 'NONE', #5143, #3870, #251 ) ;
#5106 = DIRECTION ( 'NONE',  ( 1.000000000000000000, 0.000000000000000000, 0.000000000000000000 ) ) ;
#5107 = DIRECTION ( 'NONE',  ( 0.000000000000000000, 0.000000000000000000, -1.000000000000000000 ) ) ;
#5108 = DIRECTION ( 'NONE',  ( 0.000000000000000000, 0.000000000000000000, 1.000000000000000000 ) ) ;
#5109 = AXIS2_PLACEMENT_3D ( 'NONE', #117, #4132, #507 ) ;
#5110 = CIRCLE ( 'NONE', #1050, 4.250000000000003553 ) ;
#5111 = EDGE_CURVE ( 'NONE', #4715, #565, #3031, .T. ) ;
#5112 = ORIENTED_EDGE ( 'NONE', *, *, #3790, .T. ) ;
#5113 = VERTEX_POINT ( 'NONE', #536 ) ;
#5114 = AXIS2_PLACEMENT_3D ( 'NONE', #584, #737, #3543 ) ;
#5115 = CARTESIAN_POINT ( 'NONE',  ( 32.00000000000000000, 34.49999999999998579, -2.407412430484044816E-32 ) ) ;
#5117 = AXIS2_PLACEMENT_3D ( 'NONE', #1252, #4405, #2387 ) ;
#5116 = CARTESIAN_POINT ( 'NONE',  ( 2.500000000000021760, -45.00000000000000000, 150.2540842689818135 ) ) ;
#5118 = ORIENTED_EDGE ( 'NONE', *, *, #3193, .F. ) ;
#5119 = CARTESIAN_POINT ( 'NONE',  ( 35.00000000000000000, -30.76603339672067605, 170.4999999999999716 ) ) ;
#5120 = AXIS2_PLACEMENT_3D ( 'NONE', #2882, #4495, #870 ) ;
#5121 = ORIENTED_EDGE ( 'NONE', *, *, #1613, .T. ) ;
#5122 = VERTEX_POINT ( 'NONE', #2614 ) ;
#5123 = CARTESIAN_POINT ( 'NONE',  ( 2.500000000000009770, -45.00000000000000000, 49.74591573101819364 ) ) ;
#5124 = ORIENTED_EDGE ( 'NONE', *, *, #541, .F. ) ;
#5125 = CARTESIAN_POINT ( 'NONE',  ( -14.99999999999999289, 29.57396660327935223, 26.89999999999999858 ) ) ;
#5126 = EDGE_CURVE ( 'NONE', #5224, #791, #4236, .T. ) ;
#5127 = CARTESIAN_POINT ( 'NONE',  ( -5.199999999999996625, 5.000000000000004441, 96.99777860021393394 ) ) ;
#5128 = DIRECTION ( 'NONE',  ( 0.000000000000000000, 5.337610695313256118E-15, -1.000000000000000000 ) ) ;
#5129 = CARTESIAN_POINT ( 'NONE',  ( -44.00000000000000000, -30.76603339672067605, 175.5000000000000000 ) ) ;
#5130 = DIRECTION ( 'NONE',  ( 0.000000000000000000, 0.000000000000000000, -1.000000000000000000 ) ) ;
#5131 = VERTEX_POINT ( 'NONE', #614 ) ;
#5132 = ORIENTED_EDGE ( 'NONE', *, *, #3168, .F. ) ;
#5133 = CARTESIAN_POINT ( 'NONE',  ( -18.99999999999999645, 33.00000000000000000, 4.857225732735059864E-16 ) ) ;
#5134 = ADVANCED_FACE ( 'NONE', ( #3452 ), #5059, .F. ) ;
#5135 = DIRECTION ( 'NONE',  ( -1.000000000000000000, -0.000000000000000000, 0.000000000000000000 ) ) ;
#5136 = CARTESIAN_POINT ( 'NONE',  ( -25.00000000000005684, -45.00000000000000000, 166.2000000000000171 ) ) ;
#5137 = ORIENTED_EDGE ( 'NONE', *, *, #751, .F. ) ;
#5138 = ORIENTED_EDGE ( 'NONE', *, *, #2918, .F. ) ;
#5139 = CARTESIAN_POINT ( 'NONE',  ( -34.99999999999999289, -30.76603339672067605, 167.8999999999999773 ) ) ;
#5140 = CARTESIAN_POINT ( 'NONE',  ( 2.292272046096018645, -45.00000000000000000, 154.7840618205169108 ) ) ;
#5141 = EDGE_CURVE ( 'NONE', #3568, #2249, #154, .T. ) ;
#5142 = ORIENTED_EDGE ( 'NONE', *, *, #3405, .F. ) ;
#5143 = CARTESIAN_POINT ( 'NONE',  ( 1.153591111524576560E-14, 33.25000000000000000, -1.600929266271889803E-30 ) ) ;
#5144 = ORIENTED_EDGE ( 'NONE', *, *, #2959, .F. ) ;
#5145 = ORIENTED_EDGE ( 'NONE', *, *, #272, .T. ) ;
#5146 = CARTESIAN_POINT ( 'NONE',  ( 44.00000000000000711, -30.76603339672067605, 175.5000000000000000 ) ) ;
#5147 = ADVANCED_FACE ( 'NONE', ( #3963, #2272, #4686, #324, #1906 ), #346, .F. ) ;
#5148 = VERTEX_POINT ( 'NONE', #1929 ) ;
#5149 = CARTESIAN_POINT ( 'NONE',  ( -30.00000000000004974, 24.56999999999999673, 174.8000000000000114 ) ) ;
#5150 = DIRECTION ( 'NONE',  ( 0.000000000000000000, 0.000000000000000000, 1.000000000000000000 ) ) ;
#5151 = LINE ( 'NONE', #2608, #5201 ) ;
#5152 = DIRECTION ( 'NONE',  ( 0.000000000000000000, 0.000000000000000000, -1.000000000000000000 ) ) ;
#5153 = CARTESIAN_POINT ( 'NONE',  ( 2.688821387764050996E-14, -45.00000000000000000, 93.99555720042791052 ) ) ;
#5154 = ORIENTED_EDGE ( 'NONE', *, *, #1003, .F. ) ;
#5155 = DIRECTION ( 'NONE',  ( 1.214306433183764966E-16, -1.203706215242022408E-32, 1.000000000000000000 ) ) ;
#5156 = DIRECTION ( 'NONE',  ( 1.214306433183764966E-16, 0.000000000000000000, 1.000000000000000000 ) ) ;
#5157 = DIRECTION ( 'NONE',  ( 9.912705577010328015E-17, 1.000000000000000000, -0.000000000000000000 ) ) ;
#5158 = ORIENTED_EDGE ( 'NONE', *, *, #1323, .T. ) ;
#5159 = EDGE_CURVE ( 'NONE', #938, #4664, #4156, .T. ) ;
#5160 = ORIENTED_EDGE ( 'NONE', *, *, #218, .T. ) ;
#5161 = DIRECTION ( 'NONE',  ( -1.000000000000000000, 0.000000000000000000, -0.000000000000000000 ) ) ;
#5162 = CARTESIAN_POINT ( 'NONE',  ( -30.00000000000004974, 24.56999999999999673, 174.8000000000000114 ) ) ;
#5163 = ORIENTED_EDGE ( 'NONE', *, *, #4380, .T. ) ;
#5164 = DIRECTION ( 'NONE',  ( -1.000000000000000000, 0.000000000000000000, 0.000000000000000000 ) ) ;
#5165 = VERTEX_POINT ( 'NONE', #5139 ) ;
#5166 = EDGE_CURVE ( 'NONE', #1897, #3611, #2461, .T. ) ;
#5167 = VECTOR ( 'NONE', #5223, 1000.000000000000000 ) ;
#5168 = ORIENTED_EDGE ( 'NONE', *, *, #977, .T. ) ;
#5169 = DIRECTION ( 'NONE',  ( -0.000000000000000000, -1.000000000000000000, -0.000000000000000000 ) ) ;
#5170 = ORIENTED_EDGE ( 'NONE', *, *, #2352, .T. ) ;
#5171 = VECTOR ( 'NONE', #1136, 1000.000000000000000 ) ;
#5172 = DIRECTION ( 'NONE',  ( 1.000000000000000000, 0.000000000000000000, 0.000000000000000000 ) ) ;
#5173 = AXIS2_PLACEMENT_3D ( 'NONE', #3047, #2291, #1868 ) ;
#5174 = EDGE_CURVE ( 'NONE', #4880, #412, #3472, .T. ) ;
#5175 = EDGE_CURVE ( 'NONE', #2893, #1922, #3939, .T. ) ;
#5177 = CARTESIAN_POINT ( 'NONE',  ( -9.999999999999980460, -40.00000000000000000, 150.2540842689818135 ) ) ;
#5176 = VECTOR ( 'NONE', #3976, 1000.000000000000000 ) ;
#5178 = CARTESIAN_POINT ( 'NONE',  ( 30.00000000000006395, 29.57396660327935223, 32.09999999999999432 ) ) ;
#5179 = CARTESIAN_POINT ( 'NONE',  ( -22.50000000000000000, -40.00000000000000000, 49.74591573101820074 ) ) ;
#5180 = CARTESIAN_POINT ( 'NONE',  ( 25.00000000000006395, 33.24999999999999289, 174.8000000000000114 ) ) ;
#5181 = DIRECTION ( 'NONE',  ( -1.000000000000000000, -0.000000000000000000, -0.000000000000000000 ) ) ;
#5182 = ORIENTED_EDGE ( 'NONE', *, *, #1057, .T. ) ;
#5183 = DIRECTION ( 'NONE',  ( -1.000000000000000000, 0.000000000000000000, 0.000000000000000000 ) ) ;
#5184 = VECTOR ( 'NONE', #4388, 1000.000000000000000 ) ;
#5185 = CYLINDRICAL_SURFACE ( 'NONE', #1288, 2.600000000000019185 ) ;
#5186 = CARTESIAN_POINT ( 'NONE',  ( -27.00000000000001066, 11.99999999999999645, 15.00000000000001421 ) ) ;
#5187 = VECTOR ( 'NONE', #4460, 1000.000000000000000 ) ;
#5188 = EDGE_LOOP ( 'NONE', ( #1804, #4312 ) ) ;
#5189 = VECTOR ( 'NONE', #542, 1000.000000000000000 ) ;
#5190 = CARTESIAN_POINT ( 'NONE',  ( -30.00000000000004974, 24.56999999999999673, 174.8000000000000114 ) ) ;
#5191 = ORIENTED_EDGE ( 'NONE', *, *, #4608, .F. ) ;
#5192 =( NAMED_UNIT ( * ) PLANE_ANGLE_UNIT ( ) SI_UNIT ( $, .RADIAN. ) );
#5193 = DIRECTION ( 'NONE',  ( 1.000000000000000000, 0.000000000000000000, 0.000000000000000000 ) ) ;
#5194 = ORIENTED_EDGE ( 'NONE', *, *, #45, .F. ) ;
#5195 = AXIS2_PLACEMENT_3D ( 'NONE', #4110, #3292, #4076 ) ;
#5196 = AXIS2_PLACEMENT_3D ( 'NONE', #2712, #3836, #3448 ) ;
#5197 = EDGE_CURVE ( 'NONE', #1529, #967, #4413, .T. ) ;
#5198 = DIRECTION ( 'NONE',  ( -1.000000000000000000, 9.912705577010326782E-17, 4.034240641806529869E-16 ) ) ;
#5199 = ADVANCED_FACE ( 'NONE', ( #246 ), #5080, .T. ) ;
#5200 = ORIENTED_EDGE ( 'NONE', *, *, #1277, .F. ) ;
#5201 = VECTOR ( 'NONE', #1004, 1000.000000000000000 ) ;
#5202 = AXIS2_PLACEMENT_3D ( 'NONE', #3975, #56, #1655 ) ;
#5203 = ORIENTED_EDGE ( 'NONE', *, *, #1686, .T. ) ;
#5204 = FACE_OUTER_BOUND ( 'NONE', #1090, .T. ) ;
#5205 = ORIENTED_EDGE ( 'NONE', *, *, #3644, .F. ) ;
#5206 = EDGE_CURVE ( 'NONE', #851, #4424, #1869, .T. ) ;
#5207 = LINE ( 'NONE', #812, #2798 ) ;
#5208 = AXIS2_PLACEMENT_3D ( 'NONE', #2552, #2582, #920 ) ;
#5209 = VECTOR ( 'NONE', #4799, 1000.000000000000114 ) ;
#5210 = CIRCLE ( 'NONE', #727, 2.600000000000019185 ) ;
#5211 = CARTESIAN_POINT ( 'NONE',  ( -35.00000000000000000, -30.76603339672065829, 26.90000000000002700 ) ) ;
#5212 = DIRECTION ( 'NONE',  ( -1.000000000000000000, 9.912705577010326782E-17, 0.000000000000000000 ) ) ;
#5213 = CYLINDRICAL_SURFACE ( 'NONE', #3841, 2.599999999999998312 ) ;
#5214 = LINE ( 'NONE', #2026, #1738 ) ;
#5215 = DIRECTION ( 'NONE',  ( -1.000000000000000000, -0.000000000000000000, -0.000000000000000000 ) ) ;
#5216 = VERTEX_POINT ( 'NONE', #4760 ) ;
#5217 = DIRECTION ( 'NONE',  ( 9.912705577010326782E-17, 1.000000000000000000, -0.000000000000000000 ) ) ;
#5218 = DIRECTION ( 'NONE',  ( -1.000000000000000000, -0.000000000000000000, -0.000000000000000000 ) ) ;
#5219 = CARTESIAN_POINT ( 'NONE',  ( 8.000000000000000000, 9.797174393178825657E-16, 5.000000000000000000 ) ) ;
#5220 = EDGE_CURVE ( 'NONE', #1821, #331, #1483, .T. ) ;
#5221 = CYLINDRICAL_SURFACE ( 'NONE', #2655, 2.600000000000019185 ) ;
#5222 = ORIENTED_EDGE ( 'NONE', *, *, #3177, .T. ) ;
#5223 = DIRECTION ( 'NONE',  ( 1.000000000000000000, 0.000000000000000000, 0.000000000000000000 ) ) ;
#5224 = VERTEX_POINT ( 'NONE', #4294 ) ;
#5225 = DIRECTION ( 'NONE',  ( 0.000000000000000000, 0.000000000000000000, -1.000000000000000000 ) ) ;
#5226 = CARTESIAN_POINT ( 'NONE',  ( 44.00000000000000711, -30.76603339672065829, 29.50000000000002487 ) ) ;
#5227 = EDGE_CURVE ( 'NONE', #3965, #3478, #4579, .T. ) ;
#5228 = CARTESIAN_POINT ( 'NONE',  ( 25.00000000000006395, 29.57396660327933802, 170.5000000000000000 ) ) ;
#5229 = VERTEX_POINT ( 'NONE', #5115 ) ;
#5230 = ORIENTED_EDGE ( 'NONE', *, *, #1051, .F. ) ;
#5231 = EDGE_CURVE ( 'NONE', #3880, #5131, #2347, .T. ) ;
#5232 = PLANE ( 'NONE',  #2070 ) ;
#5233 = ORIENTED_EDGE ( 'NONE', *, *, #5015, .T. ) ;
#5234 = PLANE ( 'NONE',  #351 ) ;
ENDSEC;
END-ISO-10303-21;
